depth_m,ground_m,lat,lon
0.0,2.87,35.68695833,139.7614375
0.0,3.02,35.68695833,139.7615625
0.0,2.71,35.68695833,139.7616875
0.0,2.85,35.68695833,139.7618125
0.0,2.85,35.68695833,139.7619375
0.0,0.85,35.68695833,139.7620625
0.0,2.58,35.68695833,139.7621875
0.0,3.21,35.68695833,139.7623125
0.0,3.21,35.68695833,139.7624375
0.0,3.23,35.68695833,139.7625625
0.0,3.24,35.68695833,139.7626875
0.0,3.21,35.68695833,139.7628125
0.0,3.09,35.68695833,139.7629375
0.0,3.07,35.68695833,139.7630625
0.0,3.11,35.68695833,139.7631875
0.0,3.13,35.68695833,139.7633125
0.0,3.2,35.68695833,139.7634375
0.0,3.4,35.68695833,139.7635625
0.0,3.53,35.68695833,139.7636875
0.0,3.42,35.68695833,139.7638125
0.0,3.39,35.68695833,139.7639375
0.0,3.41,35.68695833,139.7640625
0.0,3.5,35.68695833,139.7641875
0.0,3.56,35.68695833,139.7643125
0.0,3.54,35.68695833,139.7644375
0.0,3.59,35.68695833,139.7645625
0.0,3.53,35.68695833,139.7646875
0.0,3.48,35.68695833,139.7648125
0.0,3.54,35.68695833,139.7649375
0.0,3.45,35.68695833,139.7650625
0.0,3.42,35.68695833,139.7651875
0.0,3.35,35.68695833,139.7653125
0.0,3.18,35.68695833,139.7654375
0.0,3.14,35.68695833,139.7655625
0.0,3.24,35.68695833,139.7656875
0.0,3.41,35.68695833,139.7658125
0.0,3.52,35.68695833,139.7659375
0.0,3.47,35.68695833,139.7660625
0.0,3.05,35.68695833,139.7661875
0.0,3.1,35.68695833,139.7663125
0.0,3.22,35.68695833,139.7664375
0.0,3.33,35.68695833,139.7665625
0.0,3.4,35.68695833,139.7666875
0.0,3.38,35.68695833,139.7668125
0.0,3.41,35.68695833,139.7669375
0.0,3.39,35.68695833,139.7670625
0.0,3.34,35.68695833,139.7671875
0.0,3.32,35.68695833,139.7673125
0.0,3.22,35.68695833,139.7674375
0.0,3.21,35.68695833,139.7675625
0.0,3.2,35.68695833,139.7676875
0.0,3.18,35.68695833,139.7678125
0.0,3.18,35.68695833,139.7679375
0.0,3.22,35.68695833,139.7680625
0.0,3.24,35.68695833,139.7681875
0.0,3.28,35.68695833,139.7683125
0.0,3.3,35.68695833,139.7684375
0.0,3.08,35.68695833,139.7685625
0.0,3.04,35.68695833,139.7686875
0.0,3.2,35.68695833,139.7688125
0.0,3.43,35.68695833,139.7689375
0.0,3.78,35.68695833,139.7690625
0.0,4.3,35.68695833,139.7691875
0.0,4.88,35.68695833,139.7693125
0.0,5.29,35.68695833,139.7694375
0.0,4.7,35.68695833,139.7695625
0.243,3.81,35.68695833,139.7700625
0.019,4.47,35.68695833,139.7701875
0.025,4.21,35.68695833,139.7703125
0.014,4.21,35.68695833,139.7704375
0.013,4.29,35.68695833,139.7705625
0.0,5.68,35.68695833,139.7706875
0.0,5.48,35.68695833,139.7708125
0.0,5.35,35.68695833,139.7709375
0.0,5.47,35.68695833,139.7710625
0.0,5.5,35.68695833,139.7711875
0.0,5.52,35.68695833,139.7713125
0.0,5.59,35.68695833,139.7714375
0.0,5.6,35.68695833,139.7715625
0.0,5.65,35.68695833,139.7716875
0.0,5.58,35.68695833,139.7718125
0.0,5.11,35.68695833,139.7719375
0.0,4.84,35.68695833,139.7720625
0.0,4.84,35.68695833,139.7721875
0.0,5.06,35.68695833,139.7723125
0.0,5.1,35.68695833,139.7724375
0.0,5.06,35.68695833,139.7725625
0.0,5.03,35.68695833,139.7726875
0.0,4.94,35.68695833,139.7728125
0.0,4.81,35.68695833,139.7729375
0.0,4.76,35.68695833,139.7730625
0.0,4.7,35.68695833,139.7731875
0.0,4.7,35.68695833,139.7733125
0.0,4.61,35.68695833,139.7734375
0.099,4.61,35.68695833,139.7735625
0.101,4.54,35.68695833,139.7736875
0.115,4.54,35.68695833,139.7738125
0.0,4.65,35.68695833,139.7739375
0.0,4.41,35.68695833,139.7740625
0.0,4.43,35.68695833,139.7741875
0.0,4.43,35.68695833,139.7743125
0.0,4.4,35.68695833,139.7744375
0.0,4.4,35.68695833,139.7745625
0.0,4.47,35.68695833,139.7746875
0.0,4.56,35.68695833,139.7748125
0.0,4.45,35.68695833,139.7749375
0.0,4.34,35.68695833,139.7750625
0.0,4.26,35.68695833,139.7751875
0.0,4.26,35.68695833,139.7753125
0.0,4.26,35.68695833,139.7754375
0.0,4.41,35.68695833,139.7755625
0.0,4.5,35.68695833,139.7756875
0.0,4.6,35.68695833,139.7758125
0.0,4.5,35.68695833,139.7759375
0.0,2.85,35.686875,139.7614375
0.0,2.99,35.686875,139.7615625
0.0,2.69,35.686875,139.7616875
0.0,2.85,35.686875,139.7618125
0.0,2.85,35.686875,139.7619375
0.0,2.85,35.686875,139.7620625
0.0,2.85,35.686875,139.7621875
0.0,2.85,35.686875,139.7623125
0.0,2.85,35.686875,139.7624375
0.0,0.51,35.686875,139.7625625
0.0,2.89,35.686875,139.7626875
0.0,3.24,35.686875,139.7628125
0.0,3.24,35.686875,139.7629375
0.0,3.25,35.686875,139.7630625
0.0,3.23,35.686875,139.7631875
0.0,3.19,35.686875,139.7633125
0.0,3.24,35.686875,139.7634375
0.0,3.42,35.686875,139.7635625
0.0,3.51,35.686875,139.7636875
0.0,3.41,35.686875,139.7638125
0.0,3.33,35.686875,139.7639375
0.0,3.3,35.686875,139.7640625
0.0,3.31,35.686875,139.7641875
0.0,3.3,35.686875,139.7643125
0.0,3.37,35.686875,139.7644375
0.0,3.45,35.686875,139.7645625
0.0,3.48,35.686875,139.7646875
0.0,3.55,35.686875,139.7648125
0.0,3.45,35.686875,139.7649375
0.0,3.44,35.686875,139.7650625
0.0,3.5,35.686875,139.7651875
0.0,3.38,35.686875,139.7653125
0.0,3.37,35.686875,139.7654375
0.0,3.36,35.686875,139.7655625
0.0,3.39,35.686875,139.7656875
0.0,3.47,35.686875,139.7658125
0.0,3.54,35.686875,139.7659375
0.0,3.41,35.686875,139.7660625
0.0,3.01,35.686875,139.7661875
0.0,3.0,35.686875,139.7663125
0.0,3.3,35.686875,139.7664375
0.0,3.39,35.686875,139.7665625
0.0,3.37,35.686875,139.7666875
0.0,3.34,35.686875,139.7668125
0.0,3.42,35.686875,139.7669375
0.0,3.36,35.686875,139.7670625
0.0,3.29,35.686875,139.7671875
0.0,3.24,35.686875,139.7673125
0.0,3.22,35.686875,139.7674375
0.0,3.18,35.686875,139.7675625
0.0,3.14,35.686875,139.7676875
0.0,3.11,35.686875,139.7678125
0.0,3.11,35.686875,139.7679375
0.0,3.15,35.686875,139.7680625
0.0,3.21,35.686875,139.7681875
0.0,3.2,35.686875,139.7683125
0.0,3.2,35.686875,139.7684375
0.0,3.06,35.686875,139.7685625
0.0,3.05,35.686875,139.7686875
0.0,3.22,35.686875,139.7688125
0.0,3.45,35.686875,139.7689375
0.0,3.69,35.686875,139.7690625
0.0,3.99,35.686875,139.7691875
0.0,4.43,35.686875,139.7693125
0.0,4.95,35.686875,139.7694375
0.0,4.86,35.686875,139.7695625
0.0,1.68,35.686875,139.7700625
0.012,4.38,35.686875,139.7701875
0.014,4.27,35.686875,139.7703125
0.018,4.23,35.686875,139.7704375
0.03,4.16,35.686875,139.7705625
0.0,5.12,35.686875,139.7706875
0.0,5.56,35.686875,139.7708125
0.0,5.47,35.686875,139.7709375
0.0,5.5,35.686875,139.7710625
0.0,5.55,35.686875,139.7711875
0.0,5.59,35.686875,139.7713125
0.0,5.62,35.686875,139.7714375
0.0,5.65,35.686875,139.7715625
0.0,5.68,35.686875,139.7716875
0.0,5.54,35.686875,139.7718125
0.0,5.21,35.686875,139.7719375
0.0,5.18,35.686875,139.7720625
0.0,4.76,35.686875,139.7721875
0.0,4.97,35.686875,139.7723125
0.0,5.09,35.686875,139.7724375
0.0,5.09,35.686875,139.7725625
0.0,4.98,35.686875,139.7726875
0.0,4.88,35.686875,139.7728125
0.0,4.75,35.686875,139.7729375
0.0,4.7,35.686875,139.7730625
0.0,4.7,35.686875,139.7731875
0.0,4.65,35.686875,139.7733125
0.0,4.61,35.686875,139.7734375
0.0,4.66,35.686875,139.7735625
0.115,4.5,35.686875,139.7736875
0.115,4.49,35.686875,139.7738125
0.058,4.64,35.686875,139.7739375
0.0,4.75,35.686875,139.7740625
0.0,4.84,35.686875,139.7741875
0.0,4.84,35.686875,139.7743125
0.0,4.47,35.686875,139.7744375
0.0,4.5,35.686875,139.7745625
0.0,4.61,35.686875,139.7746875
0.0,4.62,35.686875,139.7748125
0.0,4.6,35.686875,139.7749375
0.0,4.49,35.686875,139.7750625
0.0,4.33,35.686875,139.7751875
0.0,4.35,35.686875,139.7753125
0.0,4.5,35.686875,139.7754375
0.0,4.56,35.686875,139.7755625
0.0,4.6,35.686875,139.7756875
0.0,4.59,35.686875,139.7758125
0.0,4.46,35.686875,139.7759375
0.0,2.9,35.68679167,139.7614375
0.0,2.89,35.68679167,139.7615625
0.0,2.83,35.68679167,139.7616875
0.0,2.85,35.68679167,139.7618125
0.0,0.43,35.68679167,139.7619375
0.0,2.85,35.68679167,139.7620625
0.0,2.85,35.68679167,139.7621875
0.0,2.85,35.68679167,139.7623125
0.0,2.85,35.68679167,139.7624375
0.0,2.85,35.68679167,139.7625625
0.0,2.85,35.68679167,139.7626875
0.0,2.85,35.68679167,139.7628125
0.0,2.85,35.68679167,139.7629375
0.0,0.78,35.68679167,139.7630625
0.0,3.04,35.68679167,139.7631875
0.0,3.32,35.68679167,139.7633125
0.0,3.37,35.68679167,139.7634375
0.0,3.42,35.68679167,139.7635625
0.0,3.44,35.68679167,139.7636875
0.0,3.5,35.68679167,139.7638125
0.0,3.45,35.68679167,139.7639375
0.0,3.41,35.68679167,139.7640625
0.0,3.34,35.68679167,139.7641875
0.0,3.34,35.68679167,139.7643125
0.0,3.31,35.68679167,139.7644375
0.0,3.33,35.68679167,139.7645625
0.0,3.31,35.68679167,139.7646875
0.0,3.32,35.68679167,139.7648125
0.0,3.28,35.68679167,139.7649375
0.0,3.31,35.68679167,139.7650625
0.0,3.37,35.68679167,139.7651875
0.0,3.28,35.68679167,139.7653125
0.0,3.39,35.68679167,139.7654375
0.0,3.45,35.68679167,139.7655625
0.0,3.47,35.68679167,139.7656875
0.0,3.4,35.68679167,139.7658125
0.0,3.46,35.68679167,139.7659375
0.0,3.33,35.68679167,139.7660625
0.0,3.0,35.68679167,139.7661875
0.185,2.95,35.68679167,139.7663125
0.0,3.29,35.68679167,139.7664375
0.0,3.36,35.68679167,139.7665625
0.0,3.32,35.68679167,139.7666875
0.0,3.31,35.68679167,139.7668125
0.0,3.42,35.68679167,139.7669375
0.0,3.33,35.68679167,139.7670625
0.0,3.26,35.68679167,139.7671875
0.0,3.2,35.68679167,139.7673125
0.0,3.19,35.68679167,139.7674375
0.0,3.15,35.68679167,139.7675625
0.0,3.11,35.68679167,139.7676875
0.0,3.06,35.68679167,139.7678125
0.0,3.09,35.68679167,139.7679375
0.0,3.12,35.68679167,139.7680625
0.0,3.11,35.68679167,139.7681875
0.0,3.14,35.68679167,139.7683125
0.0,3.14,35.68679167,139.7684375
0.0,2.99,35.68679167,139.7685625
0.0,3.05,35.68679167,139.7686875
0.0,3.21,35.68679167,139.7688125
0.0,3.35,35.68679167,139.7689375
0.0,3.56,35.68679167,139.7690625
0.0,3.8,35.68679167,139.7691875
0.0,4.09,35.68679167,139.7693125
0.0,4.54,35.68679167,139.7694375
0.0,5.16,35.68679167,139.7695625
0.0,4.29,35.68679167,139.7696875
0.0,3.95,35.68679167,139.7701875
0.057,4.41,35.68679167,139.7703125
0.057,4.12,35.68679167,139.7704375
0.043,4.12,35.68679167,139.7705625
0.043,4.73,35.68679167,139.7706875
0.0,5.58,35.68679167,139.7708125
0.0,5.53,35.68679167,139.7709375
0.0,5.58,35.68679167,139.7710625
0.0,5.6,35.68679167,139.7711875
0.0,5.63,35.68679167,139.7713125
0.0,5.7,35.68679167,139.7714375
0.0,5.68,35.68679167,139.7715625
0.0,5.62,35.68679167,139.7716875
0.0,5.5,35.68679167,139.7718125
0.0,5.24,35.68679167,139.7719375
0.0,5.27,35.68679167,139.7720625
0.0,4.76,35.68679167,139.7721875
0.0,4.9,35.68679167,139.7723125
0.0,5.08,35.68679167,139.7724375
0.0,5.03,35.68679167,139.7725625
0.0,4.98,35.68679167,139.7726875
0.0,4.86,35.68679167,139.7728125
0.0,4.71,35.68679167,139.7729375
0.0,4.7,35.68679167,139.7730625
0.0,4.68,35.68679167,139.7731875
0.0,4.61,35.68679167,139.7733125
0.0,4.64,35.68679167,139.7734375
0.0,4.67,35.68679167,139.7735625
0.098,4.58,35.68679167,139.7736875
0.115,4.55,35.68679167,139.7738125
0.059,4.88,35.68679167,139.7739375
0.0,4.9,35.68679167,139.7740625
0.0,4.86,35.68679167,139.7741875
0.0,4.78,35.68679167,139.7743125
0.0,4.62,35.68679167,139.7744375
0.0,4.67,35.68679167,139.7745625
0.0,4.7,35.68679167,139.7746875
0.0,4.7,35.68679167,139.7748125
0.0,4.73,35.68679167,139.7749375
0.0,4.61,35.68679167,139.7750625
0.0,4.49,35.68679167,139.7751875
0.0,4.52,35.68679167,139.7753125
0.0,4.62,35.68679167,139.7754375
0.0,4.6,35.68679167,139.7755625
0.0,4.6,35.68679167,139.7756875
0.0,4.67,35.68679167,139.7758125
0.0,4.67,35.68679167,139.7759375
0.0,2.94,35.68670833,139.7614375
0.0,2.87,35.68670833,139.7615625
0.0,3.05,35.68670833,139.7616875
0.0,1.92,35.68670833,139.7618125
0.0,3.06,35.68670833,139.7619375
0.0,2.85,35.68670833,139.7620625
0.0,2.85,35.68670833,139.7621875
0.0,2.85,35.68670833,139.7623125
0.0,2.85,35.68670833,139.7624375
0.0,2.85,35.68670833,139.7625625
0.0,2.85,35.68670833,139.7626875
0.0,2.85,35.68670833,139.7628125
0.0,2.85,35.68670833,139.7629375
0.0,2.85,35.68670833,139.7630625
0.0,3.0,35.68670833,139.7631875
0.0,3.25,35.68670833,139.7633125
0.0,3.36,35.68670833,139.7634375
0.0,3.43,35.68670833,139.7635625
0.0,3.36,35.68670833,139.7636875
0.0,3.55,35.68670833,139.7638125
0.0,3.43,35.68670833,139.7639375
0.0,3.42,35.68670833,139.7640625
0.0,3.58,35.68670833,139.7641875
0.0,3.52,35.68670833,139.7643125
0.0,3.43,35.68670833,139.7644375
0.0,3.34,35.68670833,139.7645625
0.0,3.28,35.68670833,139.7646875
0.0,3.28,35.68670833,139.7648125
0.0,3.26,35.68670833,139.7649375
0.0,3.26,35.68670833,139.7650625
0.0,3.16,35.68670833,139.7651875
0.0,3.14,35.68670833,139.7653125
0.0,3.11,35.68670833,139.7654375
0.0,3.17,35.68670833,139.7655625
0.0,3.16,35.68670833,139.7656875
0.0,3.18,35.68670833,139.7658125
0.0,3.29,35.68670833,139.7659375
0.0,3.15,35.68670833,139.7660625
0.0,2.98,35.68670833,139.7661875
0.297,2.84,35.68670833,139.7663125
0.0,3.2,35.68670833,139.7664375
0.0,3.29,35.68670833,139.7665625
0.0,3.27,35.68670833,139.7666875
0.0,3.3,35.68670833,139.7668125
0.0,3.41,35.68670833,139.7669375
0.0,3.28,35.68670833,139.7670625
0.0,3.24,35.68670833,139.7671875
0.0,3.23,35.68670833,139.7673125
0.0,3.17,35.68670833,139.7674375
0.0,3.1,35.68670833,139.7675625
0.0,3.11,35.68670833,139.7676875
0.0,3.07,35.68670833,139.7678125
0.0,3.03,35.68670833,139.7679375
0.0,3.01,35.68670833,139.7680625
0.0,3.02,35.68670833,139.7681875
0.0,3.08,35.68670833,139.7683125
0.0,3.07,35.68670833,139.7684375
0.0,2.99,35.68670833,139.7685625
0.0,3.2,35.68670833,139.7686875
0.0,3.48,35.68670833,139.7688125
0.0,3.31,35.68670833,139.7689375
0.0,3.37,35.68670833,139.7690625
0.0,3.5,35.68670833,139.7691875
0.0,3.75,35.68670833,139.7693125
0.0,4.2,35.68670833,139.7694375
0.0,4.94,35.68670833,139.7695625
0.0,5.39,35.68670833,139.7696875
0.0,2.32,35.68670833,139.7701875
0.0,4.36,35.68670833,139.7703125
0.057,4.13,35.68670833,139.7704375
0.043,4.11,35.68670833,139.7705625
0.043,4.21,35.68670833,139.7706875
0.0,5.14,35.68670833,139.7708125
0.0,5.6,35.68670833,139.7709375
0.0,5.64,35.68670833,139.7710625
0.0,5.67,35.68670833,139.7711875
0.0,5.65,35.68670833,139.7713125
0.0,5.61,35.68670833,139.7714375
0.0,5.6,35.68670833,139.7715625
0.0,5.55,35.68670833,139.7716875
0.0,5.43,35.68670833,139.7718125
0.0,5.29,35.68670833,139.7719375
0.0,5.3,35.68670833,139.7720625
0.0,4.87,35.68670833,139.7721875
0.0,4.83,35.68670833,139.7723125
0.0,5.09,35.68670833,139.7724375
0.0,5.01,35.68670833,139.7725625
0.0,5.01,35.68670833,139.7726875
0.0,5.04,35.68670833,139.7728125
0.0,4.92,35.68670833,139.7729375
0.0,4.79,35.68670833,139.7730625
0.0,4.67,35.68670833,139.7731875
0.0,4.61,35.68670833,139.7733125
0.0,4.61,35.68670833,139.7734375
0.0,4.65,35.68670833,139.7735625
0.063,4.62,35.68670833,139.7736875
0.063,4.59,35.68670833,139.7738125
0.0,4.84,35.68670833,139.7739375
0.0,4.9,35.68670833,139.7740625
0.0,4.9,35.68670833,139.7741875
0.0,4.86,35.68670833,139.7743125
0.0,4.75,35.68670833,139.7744375
0.0,4.75,35.68670833,139.7745625
0.0,4.79,35.68670833,139.7746875
0.0,4.76,35.68670833,139.7748125
0.0,4.82,35.68670833,139.7749375
0.0,4.73,35.68670833,139.7750625
0.0,4.59,35.68670833,139.7751875
0.0,4.58,35.68670833,139.7753125
0.0,4.55,35.68670833,139.7754375
0.0,4.58,35.68670833,139.7755625
0.0,4.71,35.68670833,139.7756875
0.0,4.73,35.68670833,139.7758125
0.0,4.67,35.68670833,139.7759375
0.0,2.79,35.686625,139.7613125
0.0,2.95,35.686625,139.7614375
0.0,2.81,35.686625,139.7615625
0.0,2.94,35.686625,139.7616875
0.0,3.17,35.686625,139.7618125
0.0,3.28,35.686625,139.7619375
0.0,3.23,35.686625,139.7620625
0.0,3.22,35.686625,139.7621875
0.0,3.24,35.686625,139.7623125
0.0,3.23,35.686625,139.7624375
0.0,3.2,35.686625,139.7625625
0.0,2.85,35.686625,139.7626875
0.0,2.85,35.686625,139.7628125
0.0,2.85,35.686625,139.7629375
0.0,2.85,35.686625,139.7630625
0.0,3.01,35.686625,139.7631875
0.0,3.26,35.686625,139.7633125
0.0,3.36,35.686625,139.7634375
0.0,3.46,35.686625,139.7635625
0.0,3.34,35.686625,139.7636875
0.0,3.45,35.686625,139.7638125
0.0,3.39,35.686625,139.7639375
0.0,3.38,35.686625,139.7640625
0.0,3.58,35.686625,139.7641875
0.0,3.54,35.686625,139.7643125
0.0,3.45,35.686625,139.7644375
0.0,3.41,35.686625,139.7645625
0.0,3.39,35.686625,139.7646875
0.0,3.35,35.686625,139.7648125
0.0,3.31,35.686625,139.7649375
0.0,3.25,35.686625,139.7650625
0.0,3.25,35.686625,139.7651875
0.0,3.17,35.686625,139.7653125
0.0,3.14,35.686625,139.7654375
0.0,3.08,35.686625,139.7655625
0.0,3.04,35.686625,139.7656875
0.0,3.03,35.686625,139.7658125
0.0,3.03,35.686625,139.7659375
0.0,3.0,35.686625,139.7660625
0.0,3.06,35.686625,139.7661875
0.304,2.83,35.686625,139.7663125
0.0,3.07,35.686625,139.7664375
0.0,3.16,35.686625,139.7665625
0.0,3.17,35.686625,139.7666875
0.0,3.19,35.686625,139.7668125
0.0,3.27,35.686625,139.7669375
0.0,3.23,35.686625,139.7670625
0.0,3.22,35.686625,139.7671875
0.0,3.25,35.686625,139.7673125
0.0,3.12,35.686625,139.7674375
0.0,3.09,35.686625,139.7675625
0.0,3.08,35.686625,139.7676875
0.743,2.4,35.686625,139.7678125
2.364,0.78,35.686625,139.7679375
1.865,1.27,35.686625,139.7680625
0.227,2.91,35.686625,139.7681875
0.0,3.09,35.686625,139.7683125
0.0,3.07,35.686625,139.7684375
0.0,2.99,35.686625,139.7685625
0.0,3.21,35.686625,139.7686875
0.0,3.46,35.686625,139.7688125
0.0,3.43,35.686625,139.7689375
0.0,3.37,35.686625,139.7690625
0.0,3.42,35.686625,139.7691875
0.0,3.38,35.686625,139.7693125
0.0,4.14,35.686625,139.7694375
0.0,4.45,35.686625,139.7695625
0.0,4.57,35.686625,139.7696875
0.0,3.98,35.686625,139.7698125
0.0,3.07,35.686625,139.7703125
0.016,4.37,35.686625,139.7704375
0.036,4.09,35.686625,139.7705625
0.043,4.07,35.686625,139.7706875
0.009,4.66,35.686625,139.7708125
0.0,5.69,35.686625,139.7709375
0.0,5.67,35.686625,139.7710625
0.0,5.61,35.686625,139.7711875
0.0,5.59,35.686625,139.7713125
0.0,5.57,35.686625,139.7714375
0.0,5.51,35.686625,139.7715625
0.0,5.49,35.686625,139.7716875
0.0,5.36,35.686625,139.7718125
0.0,5.3,35.686625,139.7719375
0.0,5.31,35.686625,139.7720625
0.0,5.08,35.686625,139.7721875
0.0,4.77,35.686625,139.7723125
0.0,5.07,35.686625,139.7724375
0.0,5.0,35.686625,139.7725625
0.0,5.11,35.686625,139.7726875
0.0,5.25,35.686625,139.7728125
0.0,4.96,35.686625,139.7729375
0.0,4.95,35.686625,139.7730625
0.0,4.92,35.686625,139.7731875
0.0,4.83,35.686625,139.7733125
0.0,4.72,35.686625,139.7734375
0.0,4.7,35.686625,139.7735625
0.0,4.69,35.686625,139.7736875
0.0,4.6,35.686625,139.7738125
0.0,4.78,35.686625,139.7739375
0.0,4.9,35.686625,139.7740625
0.0,4.9,35.686625,139.7741875
0.0,4.9,35.686625,139.7743125
0.0,4.9,35.686625,139.7744375
0.0,4.72,35.686625,139.7745625
0.0,4.78,35.686625,139.7746875
0.0,4.74,35.686625,139.7748125
0.0,4.7,35.686625,139.7749375
0.0,4.6,35.686625,139.7750625
0.0,4.6,35.686625,139.7751875
0.0,4.58,35.686625,139.7753125
0.0,4.5,35.686625,139.7754375
0.0,4.61,35.686625,139.7755625
0.0,4.7,35.686625,139.7756875
0.0,4.7,35.686625,139.7758125
0.0,4.7,35.686625,139.7759375
0.0,2.84,35.68654167,139.7613125
0.0,3.02,35.68654167,139.7614375
0.0,2.76,35.68654167,139.7615625
0.0,2.98,35.68654167,139.7616875
0.0,3.03,35.68654167,139.7618125
0.0,3.07,35.68654167,139.7619375
0.0,3.12,35.68654167,139.7620625
0.0,3.09,35.68654167,139.7621875
0.0,3.18,35.68654167,139.7623125
0.0,3.28,35.68654167,139.7624375
0.0,3.24,35.68654167,139.7625625
0.0,3.34,35.68654167,139.7626875
0.0,2.49,35.68654167,139.7628125
0.0,1.44,35.68654167,139.7629375
0.0,1.42,35.68654167,139.7630625
0.0,3.21,35.68654167,139.7631875
0.0,3.37,35.68654167,139.7633125
0.0,3.34,35.68654167,139.7634375
0.0,3.42,35.68654167,139.7635625
0.0,3.35,35.68654167,139.7636875
0.0,3.45,35.68654167,139.7638125
0.0,3.38,35.68654167,139.7639375
0.0,3.36,35.68654167,139.7640625
0.0,3.54,35.68654167,139.7641875
0.0,3.47,35.68654167,139.7643125
0.0,3.44,35.68654167,139.7644375
0.0,3.4,35.68654167,139.7645625
0.0,3.38,35.68654167,139.7646875
0.0,3.33,35.68654167,139.7648125
0.0,3.36,35.68654167,139.7649375
0.0,3.36,35.68654167,139.7650625
0.0,3.31,35.68654167,139.7651875
0.0,3.24,35.68654167,139.7653125
0.0,3.19,35.68654167,139.7654375
0.0,3.15,35.68654167,139.7655625
0.0,3.11,35.68654167,139.7656875
0.0,3.05,35.68654167,139.7658125
0.0,2.99,35.68654167,139.7659375
0.0,3.03,35.68654167,139.7660625
0.0,3.13,35.68654167,139.7661875
0.19,2.95,35.68654167,139.7663125
0.256,2.88,35.68654167,139.7664375
0.252,2.88,35.68654167,139.7665625
0.28,2.86,35.68654167,139.7666875
0.234,2.9,35.68654167,139.7668125
0.2,2.94,35.68654167,139.7669375
0.0,2.98,35.68654167,139.7670625
0.0,2.98,35.68654167,139.7671875
0.0,3.01,35.68654167,139.7673125
0.0,3.0,35.68654167,139.7674375
0.0,3.01,35.68654167,139.7675625
0.0,3.01,35.68654167,139.7676875
0.927,2.21,35.68654167,139.7678125
1.702,1.44,35.68654167,139.7679375
1.672,1.47,35.68654167,139.7680625
0.464,2.67,35.68654167,139.7681875
0.0,3.02,35.68654167,139.7683125
0.0,3.02,35.68654167,139.7684375
0.0,2.97,35.68654167,139.7685625
0.0,3.1,35.68654167,139.7686875
0.0,3.33,35.68654167,139.7688125
0.0,3.3,35.68654167,139.7689375
0.0,3.25,35.68654167,139.7690625
0.0,3.2,35.68654167,139.7691875
0.0,3.2,35.68654167,139.7693125
0.0,4.01,35.68654167,139.7694375
0.0,4.4,35.68654167,139.7695625
0.0,4.39,35.68654167,139.7696875
0.0,4.42,35.68654167,139.7698125
0.0,1.67,35.68654167,139.7703125
0.009,4.15,35.68654167,139.7704375
0.029,4.03,35.68654167,139.7705625
0.029,4.06,35.68654167,139.7706875
0.009,4.3,35.68654167,139.7708125
0.0,5.59,35.68654167,139.7709375
0.0,5.61,35.68654167,139.7710625
0.0,5.55,35.68654167,139.7711875
0.0,5.52,35.68654167,139.7713125
0.0,5.5,35.68654167,139.7714375
0.0,5.46,35.68654167,139.7715625
0.0,5.42,35.68654167,139.7716875
0.0,5.34,35.68654167,139.7718125
0.0,5.36,35.68654167,139.7719375
0.0,5.39,35.68654167,139.7720625
0.0,5.12,35.68654167,139.7721875
0.0,4.8,35.68654167,139.7723125
0.0,5.04,35.68654167,139.7724375
0.0,5.1,35.68654167,139.7725625
0.0,5.28,35.68654167,139.7726875
0.0,5.49,35.68654167,139.7728125
0.0,5.25,35.68654167,139.7729375
0.0,4.86,35.68654167,139.7730625
0.0,4.92,35.68654167,139.7731875
0.0,4.94,35.68654167,139.7733125
0.0,4.9,35.68654167,139.7734375
0.0,4.82,35.68654167,139.7735625
0.0,4.75,35.68654167,139.7736875
0.0,4.67,35.68654167,139.7738125
0.0,4.65,35.68654167,139.7739375
0.0,4.86,35.68654167,139.7740625
0.0,4.9,35.68654167,139.7741875
0.0,4.9,35.68654167,139.7743125
0.0,4.88,35.68654167,139.7744375
0.0,4.71,35.68654167,139.7745625
0.0,4.72,35.68654167,139.7746875
0.0,4.65,35.68654167,139.7748125
0.0,4.64,35.68654167,139.7749375
0.0,4.68,35.68654167,139.7750625
0.0,4.68,35.68654167,139.7751875
0.0,4.65,35.68654167,139.7753125
0.0,4.5,35.68654167,139.7754375
0.0,4.65,35.68654167,139.7755625
0.0,4.78,35.68654167,139.7756875
0.0,4.73,35.68654167,139.7758125
0.0,4.75,35.68654167,139.7759375
0.0,2.86,35.68645833,139.7613125
0.0,2.97,35.68645833,139.7614375
0.0,2.74,35.68645833,139.7615625
0.0,3.04,35.68645833,139.7616875
0.0,3.1,35.68645833,139.7618125
0.0,3.06,35.68645833,139.7619375
0.0,2.97,35.68645833,139.7620625
0.0,2.99,35.68645833,139.7621875
0.0,3.04,35.68645833,139.7623125
0.0,3.09,35.68645833,139.7624375
0.0,3.06,35.68645833,139.7625625
0.0,3.3,35.68645833,139.7626875
0.0,3.43,35.68645833,139.7628125
0.0,3.3,35.68645833,139.7629375
0.0,3.24,35.68645833,139.7630625
0.0,3.26,35.68645833,139.7631875
0.0,3.36,35.68645833,139.7633125
0.0,3.35,35.68645833,139.7634375
0.0,3.44,35.68645833,139.7635625
0.0,3.43,35.68645833,139.7636875
0.0,3.42,35.68645833,139.7638125
0.0,3.35,35.68645833,139.7639375
0.0,3.33,35.68645833,139.7640625
0.0,3.49,35.68645833,139.7641875
0.0,3.45,35.68645833,139.7643125
0.0,3.43,35.68645833,139.7644375
0.0,3.39,35.68645833,139.7645625
0.0,3.39,35.68645833,139.7646875
0.0,3.33,35.68645833,139.7648125
0.0,3.34,35.68645833,139.7649375
0.0,3.37,35.68645833,139.7650625
0.0,3.31,35.68645833,139.7651875
0.0,3.25,35.68645833,139.7653125
0.0,3.21,35.68645833,139.7654375
0.0,3.23,35.68645833,139.7655625
0.0,3.25,35.68645833,139.7656875
0.0,3.2,35.68645833,139.7658125
0.0,3.11,35.68645833,139.7659375
0.0,3.01,35.68645833,139.7660625
0.0,3.1,35.68645833,139.7661875
0.185,2.95,35.68645833,139.7663125
0.192,2.94,35.68645833,139.7664375
0.0,2.99,35.68645833,139.7665625
0.222,2.91,35.68645833,139.7666875
0.228,2.91,35.68645833,139.7668125
0.278,2.86,35.68645833,139.7669375
0.307,2.83,35.68645833,139.7670625
0.367,2.77,35.68645833,139.7671875
0.312,2.83,35.68645833,139.7673125
0.286,2.85,35.68645833,139.7674375
0.276,2.86,35.68645833,139.7675625
0.272,2.87,35.68645833,139.7676875
0.211,2.93,35.68645833,139.7678125
0.238,2.9,35.68645833,139.7679375
0.236,2.9,35.68645833,139.7680625
0.222,2.92,35.68645833,139.7681875
0.177,2.96,35.68645833,139.7683125
0.0,2.99,35.68645833,139.7684375
0.21,2.93,35.68645833,139.7685625
0.0,3.0,35.68645833,139.7686875
0.0,3.21,35.68645833,139.7688125
0.0,3.19,35.68645833,139.7689375
0.0,3.12,35.68645833,139.7690625
0.0,3.05,35.68645833,139.7691875
0.0,3.17,35.68645833,139.7693125
0.0,3.59,35.68645833,139.7694375
0.0,4.41,35.68645833,139.7695625
0.0,4.33,35.68645833,139.7696875
0.0,4.39,35.68645833,139.7698125
0.0,3.76,35.68645833,139.7699375
0.003,2.52,35.68645833,139.7704375
0.023,3.97,35.68645833,139.7705625
0.023,4.28,35.68645833,139.7706875
0.0,4.04,35.68645833,139.7708125
0.0,4.81,35.68645833,139.7709375
0.0,5.08,35.68645833,139.7710625
0.0,5.09,35.68645833,139.7711875
0.0,5.15,35.68645833,139.7713125
0.0,5.19,35.68645833,139.7714375
0.0,5.19,35.68645833,139.7715625
0.0,5.28,35.68645833,139.7716875
0.0,5.38,35.68645833,139.7718125
0.0,5.46,35.68645833,139.7719375
0.0,5.4,35.68645833,139.7720625
0.0,5.2,35.68645833,139.7721875
0.0,4.84,35.68645833,139.7723125
0.0,4.91,35.68645833,139.7724375
0.0,5.27,35.68645833,139.7725625
0.0,5.55,35.68645833,139.7726875
0.0,5.69,35.68645833,139.7728125
0.0,5.25,35.68645833,139.7729375
0.0,5.01,35.68645833,139.7730625
0.0,5.03,35.68645833,139.7731875
0.0,5.1,35.68645833,139.7733125
0.0,5.14,35.68645833,139.7734375
0.0,5.07,35.68645833,139.7735625
0.0,4.84,35.68645833,139.7736875
0.0,4.7,35.68645833,139.7738125
0.0,4.65,35.68645833,139.7739375
0.0,4.84,35.68645833,139.7740625
0.0,4.89,35.68645833,139.7741875
0.0,4.79,35.68645833,139.7743125
0.0,4.61,35.68645833,139.7744375
0.0,4.75,35.68645833,139.7745625
0.0,4.74,35.68645833,139.7746875
0.0,4.77,35.68645833,139.7748125
0.0,4.8,35.68645833,139.7749375
0.0,4.75,35.68645833,139.7750625
0.0,4.77,35.68645833,139.7751875
0.0,4.67,35.68645833,139.7753125
0.0,4.64,35.68645833,139.7754375
0.0,4.52,35.68645833,139.7755625
0.0,4.77,35.68645833,139.7756875
0.0,4.8,35.68645833,139.7758125
0.0,4.78,35.68645833,139.7759375
0.0,2.89,35.686375,139.7613125
0.0,2.92,35.686375,139.7614375
0.0,2.76,35.686375,139.7615625
0.0,3.07,35.686375,139.7616875
0.0,3.03,35.686375,139.7618125
0.0,2.99,35.686375,139.7619375
0.0,2.96,35.686375,139.7620625
0.0,2.94,35.686375,139.7621875
0.0,3.19,35.686375,139.7623125
0.0,3.09,35.686375,139.7624375
0.0,3.14,35.686375,139.7625625
0.0,3.5,35.686375,139.7626875
0.0,3.58,35.686375,139.7628125
0.0,3.47,35.686375,139.7629375
0.0,3.37,35.686375,139.7630625
0.0,3.4,35.686375,139.7631875
0.0,3.4,35.686375,139.7633125
0.0,3.36,35.686375,139.7634375
0.0,3.38,35.686375,139.7635625
0.0,3.37,35.686375,139.7636875
0.0,3.4,35.686375,139.7638125
0.0,3.33,35.686375,139.7639375
0.0,3.31,35.686375,139.7640625
0.0,3.42,35.686375,139.7641875
0.0,3.44,35.686375,139.7643125
0.0,3.43,35.686375,139.7644375
0.0,3.39,35.686375,139.7645625
0.0,3.39,35.686375,139.7646875
0.0,3.35,35.686375,139.7648125
0.0,3.34,35.686375,139.7649375
0.0,3.36,35.686375,139.7650625
0.0,3.27,35.686375,139.7651875
0.0,3.25,35.686375,139.7653125
0.0,3.22,35.686375,139.7654375
0.0,3.24,35.686375,139.7655625
0.0,3.22,35.686375,139.7656875
0.0,3.14,35.686375,139.7658125
0.0,3.15,35.686375,139.7659375
0.0,2.97,35.686375,139.7660625
0.0,2.97,35.686375,139.7661875
0.225,2.91,35.686375,139.7663125
0.186,2.95,35.686375,139.7664375
0.263,2.87,35.686375,139.7665625
0.29,2.85,35.686375,139.7666875
0.289,2.85,35.686375,139.7668125
0.279,2.86,35.686375,139.7669375
0.246,2.89,35.686375,139.7670625
0.233,2.9,35.686375,139.7671875
0.233,2.9,35.686375,139.7673125
0.27,2.87,35.686375,139.7674375
0.272,2.87,35.686375,139.7675625
0.287,2.85,35.686375,139.7676875
0.291,2.85,35.686375,139.7678125
0.308,2.83,35.686375,139.7679375
0.373,2.76,35.686375,139.7680625
0.366,2.77,35.686375,139.7681875
0.35,2.79,35.686375,139.7683125
0.239,2.9,35.686375,139.7684375
0.226,2.91,35.686375,139.7685625
0.218,2.92,35.686375,139.7686875
0.0,3.08,35.686375,139.7688125
0.0,3.08,35.686375,139.7689375
0.0,3.07,35.686375,139.7690625
0.208,2.93,35.686375,139.7691875
0.0,3.09,35.686375,139.7693125
0.0,3.33,35.686375,139.7694375
0.0,4.14,35.686375,139.7695625
0.0,4.4,35.686375,139.7696875
0.0,4.35,35.686375,139.7698125
0.0,4.2,35.686375,139.7699375
0.0,0.36,35.686375,139.7700625
0.0,3.98,35.686375,139.7705625
0.0,4.01,35.686375,139.7706875
0.0,3.93,35.686375,139.7708125
0.0,3.98,35.686375,139.7709375
0.0,3.87,35.686375,139.7710625
0.0,3.91,35.686375,139.7711875
0.0,3.96,35.686375,139.7713125
0.0,4.11,35.686375,139.7714375
0.0,4.35,35.686375,139.7715625
0.0,4.76,35.686375,139.7716875
0.0,5.12,35.686375,139.7718125
0.0,5.44,35.686375,139.7719375
0.0,5.35,35.686375,139.7720625
0.0,5.28,35.686375,139.7721875
0.0,4.97,35.686375,139.7723125
0.0,4.86,35.686375,139.7724375
0.0,5.28,35.686375,139.7725625
0.0,5.65,35.686375,139.7726875
0.0,5.64,35.686375,139.7728125
0.0,5.32,35.686375,139.7729375
0.0,5.11,35.686375,139.7730625
0.0,5.15,35.686375,139.7731875
0.0,5.29,35.686375,139.7733125
0.0,5.14,35.686375,139.7734375
0.0,5.38,35.686375,139.7735625
0.0,4.96,35.686375,139.7736875
0.0,4.8,35.686375,139.7738125
0.0,4.68,35.686375,139.7739375
0.0,4.7,35.686375,139.7740625
0.0,4.67,35.686375,139.7741875
0.0,4.68,35.686375,139.7743125
0.0,4.72,35.686375,139.7744375
0.0,4.82,35.686375,139.7745625
0.0,4.82,35.686375,139.7746875
0.0,4.83,35.686375,139.7748125
0.0,4.86,35.686375,139.7749375
0.0,4.78,35.686375,139.7750625
0.0,4.79,35.686375,139.7751875
0.0,4.78,35.686375,139.7753125
0.0,4.68,35.686375,139.7754375
0.0,4.56,35.686375,139.7755625
0.0,4.69,35.686375,139.7756875
0.0,4.68,35.686375,139.7758125
0.0,4.68,35.686375,139.7759375
0.0,2.92,35.68629167,139.7613125
0.0,2.91,35.68629167,139.7614375
0.0,2.85,35.68629167,139.7615625
0.0,3.09,35.68629167,139.7616875
0.0,3.07,35.68629167,139.7618125
0.0,3.05,35.68629167,139.7619375
0.0,3.03,35.68629167,139.7620625
0.0,3.01,35.68629167,139.7621875
0.0,3.15,35.68629167,139.7623125
0.0,3.05,35.68629167,139.7624375
0.0,3.21,35.68629167,139.7625625
0.0,3.64,35.68629167,139.7626875
0.0,3.67,35.68629167,139.7628125
0.0,3.6,35.68629167,139.7629375
0.0,3.56,35.68629167,139.7630625
0.0,3.45,35.68629167,139.7631875
0.0,3.31,35.68629167,139.7633125
0.0,3.42,35.68629167,139.7634375
0.0,3.29,35.68629167,139.7635625
0.0,3.24,35.68629167,139.7636875
0.0,3.33,35.68629167,139.7638125
0.0,3.29,35.68629167,139.7639375
0.0,3.28,35.68629167,139.7640625
0.0,3.38,35.68629167,139.7641875
0.0,3.43,35.68629167,139.7643125
0.0,3.41,35.68629167,139.7644375
0.0,3.38,35.68629167,139.7645625
0.0,3.36,35.68629167,139.7646875
0.0,3.37,35.68629167,139.7648125
0.0,3.33,35.68629167,139.7649375
0.0,3.35,35.68629167,139.7650625
0.0,3.26,35.68629167,139.7651875
0.0,3.25,35.68629167,139.7653125
0.0,3.21,35.68629167,139.7654375
0.0,3.23,35.68629167,139.7655625
0.0,3.2,35.68629167,139.7656875
0.0,3.12,35.68629167,139.7658125
0.0,3.1,35.68629167,139.7659375
0.0,2.97,35.68629167,139.7660625
0.22,2.92,35.68629167,139.7661875
0.0,3.03,35.68629167,139.7663125
0.0,3.11,35.68629167,139.7664375
0.272,2.86,35.68629167,139.7665625
0.0,2.98,35.68629167,139.7666875
0.0,3.0,35.68629167,139.7668125
0.0,3.0,35.68629167,139.7669375
0.0,3.04,35.68629167,139.7670625
0.0,3.1,35.68629167,139.7671875
0.0,3.08,35.68629167,139.7673125
0.0,3.11,35.68629167,139.7674375
0.0,3.08,35.68629167,139.7675625
0.296,2.84,35.68629167,139.7676875
0.298,2.84,35.68629167,139.7678125
0.297,2.84,35.68629167,139.7679375
0.32,2.82,35.68629167,139.7680625
0.345,2.79,35.68629167,139.7681875
0.302,2.83,35.68629167,139.7683125
0.272,2.87,35.68629167,139.7684375
0.263,2.87,35.68629167,139.7685625
0.28,2.86,35.68629167,139.7686875
0.194,2.94,35.68629167,139.7688125
0.0,3.0,35.68629167,139.7689375
0.0,2.99,35.68629167,139.7690625
0.252,2.88,35.68629167,139.7691875
0.0,3.01,35.68629167,139.7693125
0.0,3.18,35.68629167,139.7694375
0.0,3.63,35.68629167,139.7695625
0.0,4.5,35.68629167,139.7696875
0.0,4.17,35.68629167,139.7698125
0.0,3.94,35.68629167,139.7699375
0.0,0.98,35.68629167,139.7700625
0.0,3.8,35.68629167,139.7705625
0.0,3.92,35.68629167,139.7706875
0.0,3.98,35.68629167,139.7708125
0.0,3.89,35.68629167,139.7709375
0.0,3.23,35.68629167,139.7710625
0.0,2.9,35.68629167,139.7711875
0.0,3.18,35.68629167,139.7713125
0.0,3.67,35.68629167,139.7714375
0.0,4.07,35.68629167,139.7715625
0.0,4.59,35.68629167,139.7716875
0.0,4.88,35.68629167,139.7718125
0.0,5.29,35.68629167,139.7719375
0.0,5.44,35.68629167,139.7720625
0.0,5.4,35.68629167,139.7721875
0.0,5.06,35.68629167,139.7723125
0.0,4.7,35.68629167,139.7724375
0.0,5.21,35.68629167,139.7725625
0.0,5.59,35.68629167,139.7726875
0.0,5.55,35.68629167,139.7728125
0.0,5.33,35.68629167,139.7729375
0.0,5.15,35.68629167,139.7730625
0.0,5.25,35.68629167,139.7731875
0.0,5.43,35.68629167,139.7733125
0.0,5.16,35.68629167,139.7734375
0.0,5.61,35.68629167,139.7735625
0.0,4.92,35.68629167,139.7736875
0.0,4.83,35.68629167,139.7738125
0.0,4.76,35.68629167,139.7739375
0.0,4.67,35.68629167,139.7740625
0.0,4.65,35.68629167,139.7741875
0.0,4.77,35.68629167,139.7743125
0.0,4.83,35.68629167,139.7744375
0.0,4.88,35.68629167,139.7745625
0.0,4.84,35.68629167,139.7746875
0.0,4.86,35.68629167,139.7748125
0.0,4.9,35.68629167,139.7749375
0.0,4.8,35.68629167,139.7750625
0.0,4.79,35.68629167,139.7751875
0.0,4.83,35.68629167,139.7753125
0.0,4.78,35.68629167,139.7754375
0.0,4.55,35.68629167,139.7755625
0.0,4.63,35.68629167,139.7756875
0.0,4.77,35.68629167,139.7758125
0.0,4.91,35.68629167,139.7759375
0.0,2.81,35.68620833,139.7611875
0.0,3.01,35.68620833,139.7613125
0.0,2.89,35.68620833,139.7614375
0.0,2.92,35.68620833,139.7615625
0.0,3.09,35.68620833,139.7616875
0.0,3.09,35.68620833,139.7618125
0.0,3.11,35.68620833,139.7619375
0.0,3.09,35.68620833,139.7620625
0.0,3.08,35.68620833,139.7621875
0.0,3.1,35.68620833,139.7623125
0.0,3.02,35.68620833,139.7624375
0.0,3.24,35.68620833,139.7625625
0.0,3.52,35.68620833,139.7626875
0.0,3.6,35.68620833,139.7628125
0.0,3.6,35.68620833,139.7629375
0.0,3.57,35.68620833,139.7630625
0.0,3.53,35.68620833,139.7631875
0.0,3.29,35.68620833,139.7633125
0.0,3.4,35.68620833,139.7634375
0.0,3.17,35.68620833,139.7635625
0.0,3.21,35.68620833,139.7636875
0.0,3.25,35.68620833,139.7638125
0.0,3.19,35.68620833,139.7639375
0.0,3.19,35.68620833,139.7640625
0.0,3.3,35.68620833,139.7641875
0.0,3.35,35.68620833,139.7643125
0.0,3.39,35.68620833,139.7644375
0.0,3.37,35.68620833,139.7645625
0.0,3.28,35.68620833,139.7646875
0.0,3.37,35.68620833,139.7648125
0.0,3.32,35.68620833,139.7649375
0.0,3.35,35.68620833,139.7650625
0.0,3.27,35.68620833,139.7651875
0.0,3.25,35.68620833,139.7653125
0.0,3.2,35.68620833,139.7654375
0.0,3.21,35.68620833,139.7655625
0.0,3.18,35.68620833,139.7656875
0.0,3.12,35.68620833,139.7658125
0.0,3.06,35.68620833,139.7659375
0.0,2.97,35.68620833,139.7660625
0.258,2.88,35.68620833,139.7661875
0.0,3.08,35.68620833,139.7663125
0.0,3.04,35.68620833,139.7664375
0.247,2.89,35.68620833,139.7665625
0.0,3.1,35.68620833,139.7666875
0.0,3.14,35.68620833,139.7668125
0.0,3.51,35.68620833,139.7669375
0.0,3.8,35.68620833,139.7670625
0.0,3.87,35.68620833,139.7671875
0.0,3.89,35.68620833,139.7673125
0.0,3.93,35.68620833,139.7674375
0.0,3.73,35.68620833,139.7675625
0.0,3.44,35.68620833,139.7676875
0.0,3.14,35.68620833,139.7678125
0.0,3.0,35.68620833,139.7679375
0.0,2.98,35.68620833,139.7680625
0.265,2.87,35.68620833,139.7681875
0.274,2.86,35.68620833,139.7683125
0.261,2.88,35.68620833,139.7684375
0.231,2.91,35.68620833,139.7685625
0.209,2.93,35.68620833,139.7686875
0.222,2.92,35.68620833,139.7688125
0.217,2.92,35.68620833,139.7689375
0.216,2.92,35.68620833,139.7690625
0.287,2.85,35.68620833,139.7691875
0.21,2.93,35.68620833,139.7693125
0.0,2.97,35.68620833,139.7694375
0.0,3.25,35.68620833,139.7695625
0.0,4.1,35.68620833,139.7696875
0.0,3.81,35.68620833,139.7698125
0.0,3.76,35.68620833,139.7699375
0.0,3.2,35.68620833,139.7700625
0.0,3.02,35.68620833,139.7713125
0.0,4.96,35.68620833,139.7723125
0.0,5.45,35.68620833,139.7728125
0.0,5.28,35.68620833,139.7729375
0.0,5.5,35.68620833,139.7733125
0.0,4.7,35.68620833,139.7740625
0.0,4.8,35.68620833,139.7743125
0.0,4.87,35.68620833,139.7749375
0.0,4.63,35.68620833,139.7755625
0.0,4.72,35.68620833,139.7756875
0.0,3.6,35.68620833,139.7706875
0.0,3.98,35.68620833,139.7708125
0.0,3.93,35.68620833,139.7709375
0.0,3.51,35.68620833,139.7710625
0.0,2.69,35.68620833,139.7711875
0.0,3.55,35.68620833,139.7714375
0.0,3.95,35.68620833,139.7715625
0.0,4.26,35.68620833,139.7716875
0.0,4.46,35.68620833,139.7718125
0.0,5.04,35.68620833,139.7719375
0.0,5.19,35.68620833,139.7720625
0.0,5.05,35.68620833,139.7721875
0.0,4.78,35.68620833,139.7724375
0.0,5.13,35.68620833,139.7725625
0.0,5.51,35.68620833,139.7726875
0.0,5.09,35.68620833,139.7730625
0.0,5.25,35.68620833,139.7731875
0.0,5.17,35.68620833,139.7734375
0.0,5.15,35.68620833,139.7735625
0.0,4.86,35.68620833,139.7736875
0.0,4.86,35.68620833,139.7738125
0.0,4.79,35.68620833,139.7739375
0.0,4.83,35.68620833,139.7741875
0.0,4.8,35.68620833,139.7744375
0.0,4.8,35.68620833,139.7745625
0.0,4.83,35.68620833,139.7746875
0.0,4.85,35.68620833,139.7748125
0.0,4.83,35.68620833,139.7750625
0.0,4.78,35.68620833,139.7751875
0.0,4.77,35.68620833,139.7753125
0.0,4.79,35.68620833,139.7754375
0.0,4.87,35.68620833,139.7758125
0.0,4.79,35.68620833,139.7759375
0.0,2.8,35.686125,139.7611875
0.0,3.07,35.686125,139.7613125
0.0,2.83,35.686125,139.7614375
0.0,2.95,35.686125,139.7615625
0.0,3.06,35.686125,139.7616875
0.0,3.05,35.686125,139.7618125
0.0,3.05,35.686125,139.7619375
0.0,3.08,35.686125,139.7620625
0.0,3.1,35.686125,139.7621875
0.0,3.09,35.686125,139.7623125
0.0,3.04,35.686125,139.7624375
0.0,3.16,35.686125,139.7625625
0.0,3.39,35.686125,139.7626875
0.0,3.55,35.686125,139.7628125
0.0,3.63,35.686125,139.7629375
0.0,3.53,35.686125,139.7630625
0.0,3.45,35.686125,139.7631875
0.0,3.26,35.686125,139.7633125
0.0,3.35,35.686125,139.7634375
0.0,3.22,35.686125,139.7635625
0.0,3.33,35.686125,139.7636875
0.0,3.58,35.686125,139.7638125
0.0,3.55,35.686125,139.7639375
0.0,3.57,35.686125,139.7640625
0.0,3.51,35.686125,139.7641875
0.0,3.4,35.686125,139.7643125
0.0,3.41,35.686125,139.7644375
0.0,3.27,35.686125,139.7645625
0.0,3.15,35.686125,139.7646875
0.0,3.19,35.686125,139.7648125
0.0,3.26,35.686125,139.7649375
0.0,3.27,35.686125,139.7650625
0.0,3.27,35.686125,139.7651875
0.0,3.29,35.686125,139.7653125
0.0,3.19,35.686125,139.7654375
0.0,3.17,35.686125,139.7655625
0.0,3.15,35.686125,139.7656875
0.0,3.11,35.686125,139.7658125
0.0,3.07,35.686125,139.7659375
0.0,2.99,35.686125,139.7660625
0.203,2.88,35.686125,139.7661875
0.0,3.1,35.686125,139.7663125
0.0,3.11,35.686125,139.7664375
0.185,2.89,35.686125,139.7665625
0.0,3.24,35.686125,139.7666875
0.0,3.47,35.686125,139.7668125
0.0,3.77,35.686125,139.7669375
0.0,3.94,35.686125,139.7670625
0.0,3.96,35.686125,139.7671875
0.0,3.94,35.686125,139.7673125
0.0,3.91,35.686125,139.7674375
0.0,3.91,35.686125,139.7675625
0.0,3.87,35.686125,139.7676875
0.0,3.61,35.686125,139.7678125
0.0,3.49,35.686125,139.7679375
0.0,3.46,35.686125,139.7680625
0.0,3.04,35.686125,139.7681875
0.242,2.86,35.686125,139.7683125
0.263,2.88,35.686125,139.7684375
0.207,2.91,35.686125,139.7685625
0.0,3.0,35.686125,139.7686875
0.0,3.03,35.686125,139.7688125
0.0,2.97,35.686125,139.7689375
0.226,2.92,35.686125,139.7690625
0.298,2.85,35.686125,139.7691875
0.322,2.93,35.686125,139.7693125
0.212,2.97,35.686125,139.7694375
0.0,3.12,35.686125,139.7695625
0.0,3.51,35.686125,139.7696875
0.0,3.69,35.686125,139.7698125
0.0,3.81,35.686125,139.7699375
0.0,3.96,35.686125,139.7700625
0.0,2.3,35.686125,139.7701875
0.0,3.86,35.686125,139.7706875
0.0,3.97,35.686125,139.7708125
0.0,3.92,35.686125,139.7709375
0.0,3.74,35.686125,139.7710625
0.0,2.78,35.686125,139.7711875
0.0,2.89,35.686125,139.7713125
0.0,3.35,35.686125,139.7714375
0.0,3.58,35.686125,139.7715625
0.0,3.78,35.686125,139.7716875
0.0,4.08,35.686125,139.7718125
0.0,4.79,35.686125,139.7719375
0.0,4.93,35.686125,139.7720625
0.0,4.92,35.686125,139.7721875
0.0,4.9,35.686125,139.7723125
0.0,4.74,35.686125,139.7724375
0.0,4.88,35.686125,139.7725625
0.0,5.46,35.686125,139.7726875
0.0,5.37,35.686125,139.7728125
0.0,5.17,35.686125,139.7729375
0.0,5.06,35.686125,139.7730625
0.0,5.16,35.686125,139.7731875
0.0,5.11,35.686125,139.7733125
0.0,4.83,35.686125,139.7734375
0.0,4.79,35.686125,139.7735625
0.0,4.89,35.686125,139.7736875
0.0,4.87,35.686125,139.7738125
0.0,4.87,35.686125,139.7739375
0.0,4.75,35.686125,139.7740625
0.0,4.88,35.686125,139.7741875
0.0,4.85,35.686125,139.7743125
0.0,4.8,35.686125,139.7744375
0.0,4.8,35.686125,139.7745625
0.0,4.8,35.686125,139.7746875
0.0,4.8,35.686125,139.7748125
0.0,4.78,35.686125,139.7749375
0.0,4.79,35.686125,139.7750625
0.0,4.83,35.686125,139.7751875
0.0,4.85,35.686125,139.7753125
0.0,4.77,35.686125,139.7754375
0.0,4.68,35.686125,139.7755625
0.0,4.64,35.686125,139.7756875
0.0,4.89,35.686125,139.7758125
0.0,4.78,35.686125,139.7759375
0.0,2.77,35.68604167,139.7614375
0.0,2.98,35.68604167,139.7615625
0.0,3.04,35.68604167,139.7616875
0.0,3.18,35.68604167,139.7625625
0.0,3.24,35.68604167,139.7634375
0.0,3.5,35.68604167,139.7679375
0.0,3.34,35.68604167,139.7680625
0.0,2.82,35.68604167,139.7611875
0.0,3.0,35.68604167,139.7613125
0.0,3.02,35.68604167,139.7618125
0.0,3.02,35.68604167,139.7619375
0.0,3.02,35.68604167,139.7620625
0.0,3.03,35.68604167,139.7621875
0.0,3.04,35.68604167,139.7623125
0.0,3.04,35.68604167,139.7624375
0.0,3.35,35.68604167,139.7626875
0.0,3.51,35.68604167,139.7628125
0.0,3.61,35.68604167,139.7629375
0.0,3.49,35.68604167,139.7630625
0.0,3.29,35.68604167,139.7631875
0.0,3.3,35.68604167,139.7633125
0.0,3.28,35.68604167,139.7635625
0.0,3.43,35.68604167,139.7636875
0.0,3.56,35.68604167,139.7638125
0.0,3.78,35.68604167,139.7639375
0.0,3.71,35.68604167,139.7640625
0.0,3.64,35.68604167,139.7641875
0.0,3.52,35.68604167,139.7643125
0.0,3.63,35.68604167,139.7644375
0.0,3.45,35.68604167,139.7645625
0.0,3.29,35.68604167,139.7646875
0.0,3.21,35.68604167,139.7648125
0.0,3.24,35.68604167,139.7649375
0.0,3.3,35.68604167,139.7650625
0.0,3.28,35.68604167,139.7651875
0.0,3.28,35.68604167,139.7653125
0.0,3.23,35.68604167,139.7654375
0.0,3.11,35.68604167,139.7655625
0.0,3.11,35.68604167,139.7656875
0.0,3.04,35.68604167,139.7658125
0.183,2.95,35.68604167,139.7659375
0.0,3.03,35.68604167,139.7660625
0.0,2.97,35.68604167,139.7661875
0.0,3.07,35.68604167,139.7663125
0.0,3.1,35.68604167,139.7664375
0.0,3.01,35.68604167,139.7665625
0.0,3.35,35.68604167,139.7666875
0.0,3.59,35.68604167,139.7668125
0.0,3.78,35.68604167,139.7669375
0.0,3.93,35.68604167,139.7670625
0.0,3.94,35.68604167,139.7671875
0.0,3.94,35.68604167,139.7673125
0.0,3.87,35.68604167,139.7674375
0.0,3.87,35.68604167,139.7675625
0.0,3.85,35.68604167,139.7676875
0.0,3.68,35.68604167,139.7678125
0.0,3.13,35.68604167,139.7681875
0.199,2.94,35.68604167,139.7683125
0.272,2.87,35.68604167,139.7684375
0.227,2.91,35.68604167,139.7685625
0.0,2.96,35.68604167,139.7686875
0.0,3.01,35.68604167,139.7688125
0.175,2.96,35.68604167,139.7689375
0.308,2.83,35.68604167,139.7690625
0.291,2.85,35.68604167,139.7691875
0.292,2.85,35.68604167,139.7693125
0.342,2.79,35.68604167,139.7694375
0.213,2.92,35.68604167,139.7695625
0.0,3.24,35.68604167,139.7696875
0.0,3.93,35.68604167,139.7698125
0.0,3.9,35.68604167,139.7699375
0.0,4.08,35.68604167,139.7700625
0.0,3.78,35.68604167,139.7701875
0.0,2.28,35.68604167,139.7703125
0.0,3.46,35.68604167,139.7706875
0.0,3.79,35.68604167,139.7708125
0.0,3.92,35.68604167,139.7709375
0.0,3.79,35.68604167,139.7710625
0.0,2.99,35.68604167,139.7711875
0.0,2.7,35.68604167,139.7713125
0.0,2.93,35.68604167,139.7714375
0.0,3.11,35.68604167,139.7715625
0.0,3.32,35.68604167,139.7716875
0.0,3.7,35.68604167,139.7718125
0.0,4.55,35.68604167,139.7719375
0.0,4.8,35.68604167,139.7720625
0.0,4.87,35.68604167,139.7721875
0.0,4.92,35.68604167,139.7723125
0.0,4.82,35.68604167,139.7724375
0.0,4.77,35.68604167,139.7725625
0.0,5.28,35.68604167,139.7726875
0.0,5.48,35.68604167,139.7728125
0.0,5.07,35.68604167,139.7729375
0.0,4.89,35.68604167,139.7730625
0.0,4.86,35.68604167,139.7731875
0.0,4.8,35.68604167,139.7733125
0.0,5.01,35.68604167,139.7734375
0.0,5.03,35.68604167,139.7735625
0.0,4.98,35.68604167,139.7736875
0.0,4.88,35.68604167,139.7738125
0.0,4.86,35.68604167,139.7739375
0.024,4.8,35.68604167,139.7740625
0.037,4.79,35.68604167,139.7741875
0.0,4.78,35.68604167,139.7743125
0.0,4.8,35.68604167,139.7744375
0.0,4.8,35.68604167,139.7745625
0.027,4.8,35.68604167,139.7746875
0.027,4.8,35.68604167,139.7748125
0.0,4.84,35.68604167,139.7749375
0.0,4.81,35.68604167,139.7750625
0.0,4.87,35.68604167,139.7751875
0.0,4.9,35.68604167,139.7753125
0.0,4.91,35.68604167,139.7754375
0.0,4.79,35.68604167,139.7755625
0.0,4.63,35.68604167,139.7756875
0.0,4.74,35.68604167,139.7758125
0.0,4.78,35.68604167,139.7759375
0.0,2.71,35.68595833,139.7614375
0.0,3.01,35.68595833,139.7615625
0.0,2.98,35.68595833,139.7616875
0.0,3.2,35.68595833,139.7625625
0.0,3.16,35.68595833,139.7634375
0.0,3.5,35.68595833,139.7679375
0.0,3.31,35.68595833,139.7680625
0.0,2.84,35.68595833,139.7611875
0.0,2.94,35.68595833,139.7613125
0.0,2.99,35.68595833,139.7618125
0.0,2.99,35.68595833,139.7619375
0.0,3.0,35.68595833,139.7620625
0.0,3.05,35.68595833,139.7621875
0.0,3.03,35.68595833,139.7623125
0.0,3.04,35.68595833,139.7624375
0.0,3.38,35.68595833,139.7626875
0.0,3.54,35.68595833,139.7628125
0.0,3.58,35.68595833,139.7629375
0.0,3.47,35.68595833,139.7630625
0.0,3.23,35.68595833,139.7631875
0.0,3.32,35.68595833,139.7633125
0.0,3.33,35.68595833,139.7635625
0.0,3.46,35.68595833,139.7636875
0.0,3.63,35.68595833,139.7638125
0.0,3.61,35.68595833,139.7639375
0.0,3.63,35.68595833,139.7640625
0.0,3.63,35.68595833,139.7641875
0.0,3.52,35.68595833,139.7643125
0.0,3.52,35.68595833,139.7644375
0.0,3.49,35.68595833,139.7645625
0.0,3.35,35.68595833,139.7646875
0.0,3.19,35.68595833,139.7648125
0.0,3.13,35.68595833,139.7649375
0.0,3.99,35.68595833,139.7650625
0.0,3.52,35.68595833,139.7651875
0.0,3.32,35.68595833,139.7653125
0.0,3.24,35.68595833,139.7654375
0.0,3.27,35.68595833,139.7655625
0.0,3.2,35.68595833,139.7656875
0.0,3.08,35.68595833,139.7658125
0.0,2.97,35.68595833,139.7659375
0.0,3.02,35.68595833,139.7660625
0.0,2.98,35.68595833,139.7661875
0.0,3.01,35.68595833,139.7663125
0.0,3.0,35.68595833,139.7664375
0.0,3.14,35.68595833,139.7665625
0.0,3.36,35.68595833,139.7666875
0.0,3.59,35.68595833,139.7668125
0.0,3.79,35.68595833,139.7669375
0.0,3.93,35.68595833,139.7670625
0.0,3.94,35.68595833,139.7671875
0.0,3.95,35.68595833,139.7673125
0.0,3.92,35.68595833,139.7674375
0.0,3.88,35.68595833,139.7675625
0.0,3.83,35.68595833,139.7676875
0.0,3.67,35.68595833,139.7678125
0.0,3.06,35.68595833,139.7681875
0.0,3.0,35.68595833,139.7683125
0.259,2.88,35.68595833,139.7684375
0.243,2.89,35.68595833,139.7685625
0.211,2.93,35.68595833,139.7686875
0.0,2.98,35.68595833,139.7688125
0.18,2.96,35.68595833,139.7689375
0.301,2.84,35.68595833,139.7690625
0.0,2.98,35.68595833,139.7691875
0.231,2.91,35.68595833,139.7693125
0.265,2.87,35.68595833,139.7694375
0.252,2.88,35.68595833,139.7695625
0.0,3.11,35.68595833,139.7696875
0.0,3.98,35.68595833,139.7698125
0.0,3.88,35.68595833,139.7699375
0.0,4.34,35.68595833,139.7700625
0.0,4.63,35.68595833,139.7701875
0.0,3.45,35.68595833,139.7706875
0.0,3.81,35.68595833,139.7708125
0.0,3.87,35.68595833,139.7709375
0.0,3.85,35.68595833,139.7710625
0.0,3.22,35.68595833,139.7711875
0.0,2.49,35.68595833,139.7713125
0.0,2.5,35.68595833,139.7714375
0.0,2.65,35.68595833,139.7715625
0.0,2.87,35.68595833,139.7716875
0.0,3.43,35.68595833,139.7718125
0.0,4.71,35.68595833,139.7719375
0.0,4.83,35.68595833,139.7720625
0.0,4.92,35.68595833,139.7721875
0.0,4.99,35.68595833,139.7723125
0.0,4.95,35.68595833,139.7724375
0.0,4.72,35.68595833,139.7725625
0.0,4.93,35.68595833,139.7726875
0.0,4.93,35.68595833,139.7728125
0.0,4.91,35.68595833,139.7729375
0.0,4.9,35.68595833,139.7730625
0.0,4.92,35.68595833,139.7731875
0.0,4.93,35.68595833,139.7733125
0.0,5.0,35.68595833,139.7734375
0.0,5.0,35.68595833,139.7735625
0.0,5.0,35.68595833,139.7736875
0.0,4.94,35.68595833,139.7738125
0.0,4.8,35.68595833,139.7739375
0.037,4.8,35.68595833,139.7740625
0.06,4.76,35.68595833,139.7741875
0.0,4.8,35.68595833,139.7743125
0.0,4.8,35.68595833,139.7744375
0.0,4.89,35.68595833,139.7745625
0.067,4.83,35.68595833,139.7746875
0.067,4.76,35.68595833,139.7748125
0.067,4.79,35.68595833,139.7749375
0.0,4.62,35.68595833,139.7750625
0.0,4.89,35.68595833,139.7751875
0.0,4.87,35.68595833,139.7753125
0.0,4.93,35.68595833,139.7754375
0.0,4.79,35.68595833,139.7755625
0.0,4.64,35.68595833,139.7756875
0.0,4.68,35.68595833,139.7758125
0.0,4.79,35.68595833,139.7759375
0.0,2.74,35.685875,139.7610625
0.0,2.88,35.685875,139.7611875
0.0,2.9,35.685875,139.7613125
0.0,2.67,35.685875,139.7614375
0.0,2.97,35.685875,139.7615625
0.0,2.99,35.685875,139.7616875
0.0,2.94,35.685875,139.7618125
0.0,3.0,35.685875,139.7619375
0.0,3.07,35.685875,139.7620625
0.0,3.06,35.685875,139.7621875
0.0,3.01,35.685875,139.7623125
0.0,3.03,35.685875,139.7624375
0.0,3.18,35.685875,139.7625625
0.0,3.38,35.685875,139.7626875
0.0,3.56,35.685875,139.7628125
0.0,3.58,35.685875,139.7629375
0.0,3.43,35.685875,139.7630625
0.0,3.18,35.685875,139.7631875
0.0,3.27,35.685875,139.7633125
0.0,3.14,35.685875,139.7634375
0.0,3.39,35.685875,139.7635625
0.0,3.54,35.685875,139.7636875
0.0,3.65,35.685875,139.7638125
0.0,3.63,35.685875,139.7639375
0.0,3.62,35.685875,139.7640625
0.0,3.62,35.685875,139.7641875
0.0,3.54,35.685875,139.7643125
0.0,3.44,35.685875,139.7644375
0.0,3.46,35.685875,139.7645625
0.0,3.27,35.685875,139.7646875
0.0,3.22,35.685875,139.7648125
0.0,3.24,35.685875,139.7649375
0.0,3.64,35.685875,139.7650625
0.0,3.47,35.685875,139.7651875
0.0,3.13,35.685875,139.7653125
0.0,3.16,35.685875,139.7654375
0.0,3.2,35.685875,139.7655625
0.0,3.21,35.685875,139.7656875
0.0,3.19,35.685875,139.7658125
0.0,3.01,35.685875,139.7659375
0.0,3.01,35.685875,139.7660625
0.0,3.08,35.685875,139.7661875
0.0,3.07,35.685875,139.7663125
0.0,3.07,35.685875,139.7664375
0.0,3.21,35.685875,139.7665625
0.0,3.41,35.685875,139.7666875
0.0,3.59,35.685875,139.7668125
0.0,3.8,35.685875,139.7669375
0.0,3.92,35.685875,139.7670625
0.0,3.93,35.685875,139.7671875
0.0,3.94,35.685875,139.7673125
0.0,3.89,35.685875,139.7674375
0.0,3.8,35.685875,139.7675625
0.0,3.7,35.685875,139.7676875
0.0,3.6,35.685875,139.7678125
0.0,3.47,35.685875,139.7679375
0.0,3.3,35.685875,139.7680625
0.0,3.09,35.685875,139.7681875
0.0,3.01,35.685875,139.7683125
0.0,2.97,35.685875,139.7684375
0.0,2.98,35.685875,139.7685625
0.0,2.98,35.685875,139.7686875
0.0,2.97,35.685875,139.7688125
0.202,2.94,35.685875,139.7689375
0.215,2.92,35.685875,139.7690625
0.0,3.09,35.685875,139.7691875
0.0,3.09,35.685875,139.7693125
0.0,2.97,35.685875,139.7694375
0.0,2.98,35.685875,139.7695625
0.0,3.02,35.685875,139.7696875
0.0,3.58,35.685875,139.7698125
0.0,3.88,35.685875,139.7699375
0.0,4.6,35.685875,139.7700625
0.0,5.13,35.685875,139.7701875
0.0,3.38,35.685875,139.7708125
0.0,3.88,35.685875,139.7709375
0.0,3.79,35.685875,139.7710625
0.0,2.64,35.685875,139.7711875
1.627,2.24,35.685875,139.7713125
0.0,2.63,35.685875,139.7714375
0.0,2.45,35.685875,139.7715625
0.0,3.06,35.685875,139.7716875
0.0,3.98,35.685875,139.7718125
0.0,4.82,35.685875,139.7719375
0.0,4.84,35.685875,139.7720625
0.0,4.78,35.685875,139.7721875
0.0,4.82,35.685875,139.7723125
0.0,4.75,35.685875,139.7724375
0.0,4.75,35.685875,139.7725625
0.0,4.84,35.685875,139.7726875
0.0,4.91,35.685875,139.7728125
0.0,4.99,35.685875,139.7729375
0.0,5.0,35.685875,139.7730625
0.0,5.09,35.685875,139.7731875
0.0,4.96,35.685875,139.7733125
0.0,4.96,35.685875,139.7734375
0.0,5.0,35.685875,139.7735625
0.0,5.0,35.685875,139.7736875
0.0,4.97,35.685875,139.7738125
0.0,4.87,35.685875,139.7739375
0.06,4.82,35.685875,139.7740625
0.06,4.72,35.685875,139.7741875
0.06,4.83,35.685875,139.7743125
0.0,4.87,35.685875,139.7744375
0.0,4.82,35.685875,139.7745625
0.102,4.77,35.685875,139.7746875
0.102,4.69,35.685875,139.7748125
0.06,4.79,35.685875,139.7749375
0.0,4.82,35.685875,139.7750625
0.0,4.81,35.685875,139.7751875
0.0,4.82,35.685875,139.7753125
0.005,4.77,35.685875,139.7754375
0.005,4.75,35.685875,139.7755625
0.0,4.64,35.685875,139.7756875
0.0,4.65,35.685875,139.7758125
0.0,4.86,35.685875,139.7759375
0.0,2.78,35.68579167,139.7610625
0.0,2.93,35.68579167,139.7611875
0.0,2.92,35.68579167,139.7613125
0.0,2.73,35.68579167,139.7614375
0.0,2.84,35.68579167,139.7615625
0.0,2.98,35.68579167,139.7616875
0.0,2.95,35.68579167,139.7618125
0.0,3.05,35.68579167,139.7619375
0.0,3.09,35.68579167,139.7620625
0.0,3.08,35.68579167,139.7621875
0.0,3.01,35.68579167,139.7623125
0.0,3.06,35.68579167,139.7624375
0.0,3.19,35.68579167,139.7625625
0.0,3.35,35.68579167,139.7626875
0.0,3.62,35.68579167,139.7628125
0.0,3.55,35.68579167,139.7629375
0.0,3.38,35.68579167,139.7630625
0.0,3.19,35.68579167,139.7631875
0.0,3.22,35.68579167,139.7633125
0.0,3.16,35.68579167,139.7634375
0.0,3.42,35.68579167,139.7635625
0.0,3.51,35.68579167,139.7636875
0.0,3.6,35.68579167,139.7638125
0.0,3.63,35.68579167,139.7639375
0.0,3.62,35.68579167,139.7640625
0.0,3.61,35.68579167,139.7641875
0.0,3.55,35.68579167,139.7643125
0.0,3.48,35.68579167,139.7644375
0.0,3.39,35.68579167,139.7645625
0.0,3.07,35.68579167,139.7646875
0.0,3.17,35.68579167,139.7648125
0.0,3.45,35.68579167,139.7649375
0.0,3.48,35.68579167,139.7650625
0.0,3.27,35.68579167,139.7651875
0.0,3.05,35.68579167,139.7653125
0.0,3.12,35.68579167,139.7654375
0.0,3.08,35.68579167,139.7655625
0.0,3.04,35.68579167,139.7656875
0.0,3.13,35.68579167,139.7658125
0.0,3.0,35.68579167,139.7659375
0.0,3.03,35.68579167,139.7660625
0.0,3.12,35.68579167,139.7661875
0.0,3.08,35.68579167,139.7663125
0.0,3.08,35.68579167,139.7664375
0.0,3.25,35.68579167,139.7665625
0.0,3.49,35.68579167,139.7666875
0.0,3.59,35.68579167,139.7668125
0.0,3.8,35.68579167,139.7669375
0.0,3.92,35.68579167,139.7670625
0.0,3.91,35.68579167,139.7671875
0.0,3.88,35.68579167,139.7673125
0.0,3.91,35.68579167,139.7674375
0.0,3.76,35.68579167,139.7675625
0.0,3.57,35.68579167,139.7676875
0.0,3.45,35.68579167,139.7678125
0.0,3.37,35.68579167,139.7679375
0.0,3.27,35.68579167,139.7680625
0.0,3.06,35.68579167,139.7681875
0.0,3.02,35.68579167,139.7683125
0.0,3.01,35.68579167,139.7684375
0.0,3.04,35.68579167,139.7685625
0.0,3.08,35.68579167,139.7686875
0.0,3.1,35.68579167,139.7688125
0.0,2.97,35.68579167,139.7689375
0.0,3.05,35.68579167,139.7690625
0.0,3.18,35.68579167,139.7691875
0.0,3.2,35.68579167,139.7693125
0.0,3.18,35.68579167,139.7694375
0.0,3.03,35.68579167,139.7695625
0.0,3.06,35.68579167,139.7696875
0.0,3.06,35.68579167,139.7698125
0.0,3.6,35.68579167,139.7699375
0.0,4.08,35.68579167,139.7700625
0.0,4.94,35.68579167,139.7701875
0.0,4.09,35.68579167,139.7703125
0.0,4.67,35.68579167,139.7724375
0.0,3.35,35.68579167,139.7708125
0.0,3.85,35.68579167,139.7709375
0.0,3.86,35.68579167,139.7710625
0.0,3.05,35.68579167,139.7711875
0.0,2.67,35.68579167,139.7713125
0.0,2.8,35.68579167,139.7714375
0.0,3.98,35.68579167,139.7715625
0.0,4.63,35.68579167,139.7716875
0.0,4.77,35.68579167,139.7718125
0.0,4.76,35.68579167,139.7719375
0.0,4.71,35.68579167,139.7720625
0.0,4.65,35.68579167,139.7721875
0.0,4.59,35.68579167,139.7723125
0.0,4.74,35.68579167,139.7725625
0.0,4.94,35.68579167,139.7726875
0.0,5.03,35.68579167,139.7728125
0.0,5.0,35.68579167,139.7729375
0.0,5.08,35.68579167,139.7730625
0.0,5.1,35.68579167,139.7731875
0.0,5.01,35.68579167,139.7733125
0.0,4.91,35.68579167,139.7734375
0.0,5.0,35.68579167,139.7735625
0.0,4.97,35.68579167,139.7736875
0.0,4.91,35.68579167,139.7738125
0.0,4.9,35.68579167,139.7739375
0.06,4.84,35.68579167,139.7740625
0.06,4.73,35.68579167,139.7741875
0.036,4.75,35.68579167,139.7743125
0.0,4.76,35.68579167,139.7744375
0.0,4.8,35.68579167,139.7745625
0.102,4.68,35.68579167,139.7746875
0.102,4.64,35.68579167,139.7748125
0.102,4.8,35.68579167,139.7749375
0.0,4.86,35.68579167,139.7750625
0.0,4.77,35.68579167,139.7751875
0.0,4.7,35.68579167,139.7753125
0.005,4.61,35.68579167,139.7754375
0.005,4.7,35.68579167,139.7755625
0.0,4.67,35.68579167,139.7756875
0.0,4.6,35.68579167,139.7758125
0.0,4.82,35.68579167,139.7759375
0.0,2.8,35.68570833,139.7610625
0.0,3.04,35.68570833,139.7611875
0.0,3.04,35.68570833,139.7613125
0.0,2.91,35.68570833,139.7614375
0.0,2.83,35.68570833,139.7615625
0.0,2.86,35.68570833,139.7616875
0.0,2.93,35.68570833,139.7618125
0.0,2.98,35.68570833,139.7619375
0.0,3.05,35.68570833,139.7620625
0.0,3.08,35.68570833,139.7621875
0.0,2.99,35.68570833,139.7623125
0.0,3.13,35.68570833,139.7624375
0.0,3.37,35.68570833,139.7625625
0.0,3.52,35.68570833,139.7626875
0.0,3.65,35.68570833,139.7628125
0.0,3.48,35.68570833,139.7629375
0.0,3.28,35.68570833,139.7630625
0.0,3.21,35.68570833,139.7631875
0.0,3.17,35.68570833,139.7633125
0.0,3.27,35.68570833,139.7634375
0.0,3.41,35.68570833,139.7635625
0.0,3.45,35.68570833,139.7636875
0.0,3.52,35.68570833,139.7638125
0.0,3.63,35.68570833,139.7639375
0.0,3.62,35.68570833,139.7640625
0.0,3.6,35.68570833,139.7641875
0.0,3.58,35.68570833,139.7643125
0.0,3.51,35.68570833,139.7644375
0.0,3.16,35.68570833,139.7645625
0.0,2.91,35.68570833,139.7646875
0.0,3.25,35.68570833,139.7648125
0.0,3.53,35.68570833,139.7649375
0.0,3.39,35.68570833,139.7650625
0.0,3.16,35.68570833,139.7651875
0.0,3.02,35.68570833,139.7653125
0.0,3.11,35.68570833,139.7654375
0.0,3.07,35.68570833,139.7655625
0.0,3.05,35.68570833,139.7656875
0.0,3.16,35.68570833,139.7658125
0.0,2.97,35.68570833,139.7659375
0.0,2.97,35.68570833,139.7660625
0.0,3.21,35.68570833,139.7661875
0.0,3.18,35.68570833,139.7663125
0.0,3.08,35.68570833,139.7664375
0.0,3.32,35.68570833,139.7665625
0.0,3.65,35.68570833,139.7666875
0.0,3.71,35.68570833,139.7668125
0.0,3.81,35.68570833,139.7669375
0.0,3.88,35.68570833,139.7670625
0.0,3.79,35.68570833,139.7671875
0.0,3.86,35.68570833,139.7673125
0.0,3.82,35.68570833,139.7674375
0.0,3.83,35.68570833,139.7675625
0.0,3.63,35.68570833,139.7676875
0.0,3.4,35.68570833,139.7678125
0.0,3.23,35.68570833,139.7679375
0.0,3.2,35.68570833,139.7680625
0.0,3.06,35.68570833,139.7681875
0.0,3.03,35.68570833,139.7683125
0.0,3.02,35.68570833,139.7684375
0.0,3.04,35.68570833,139.7685625
0.0,3.04,35.68570833,139.7686875
0.0,3.08,35.68570833,139.7688125
0.177,2.96,35.68570833,139.7689375
0.0,3.15,35.68570833,139.7690625
0.0,3.25,35.68570833,139.7691875
0.0,3.26,35.68570833,139.7693125
0.0,3.27,35.68570833,139.7694375
0.0,3.25,35.68570833,139.7695625
0.0,3.11,35.68570833,139.7696875
0.0,3.11,35.68570833,139.7698125
0.0,3.2,35.68570833,139.7699375
0.0,3.58,35.68570833,139.7700625
0.0,4.45,35.68570833,139.7701875
0.0,4.5,35.68570833,139.7703125
0.0,2.95,35.68570833,139.7708125
0.0,3.86,35.68570833,139.7709375
0.0,3.97,35.68570833,139.7710625
0.0,3.67,35.68570833,139.7711875
0.0,3.23,35.68570833,139.7713125
0.0,4.25,35.68570833,139.7714375
0.0,4.68,35.68570833,139.7715625
0.0,4.57,35.68570833,139.7716875
0.0,4.57,35.68570833,139.7718125
0.0,4.53,35.68570833,139.7719375
0.0,4.57,35.68570833,139.7720625
0.0,4.59,35.68570833,139.7721875
0.0,4.68,35.68570833,139.7723125
0.0,4.8,35.68570833,139.7724375
0.0,4.86,35.68570833,139.7725625
0.0,4.91,35.68570833,139.7726875
0.0,5.07,35.68570833,139.7728125
0.0,5.06,35.68570833,139.7729375
0.0,5.1,35.68570833,139.7730625
0.0,5.07,35.68570833,139.7731875
0.0,4.98,35.68570833,139.7733125
0.0,4.83,35.68570833,139.7734375
0.0,4.92,35.68570833,139.7735625
0.0,4.9,35.68570833,139.7736875
0.0,4.9,35.68570833,139.7738125
0.0,4.9,35.68570833,139.7739375
0.0,4.93,35.68570833,139.7740625
0.036,4.73,35.68570833,139.7741875
0.048,4.72,35.68570833,139.7743125
0.024,4.82,35.68570833,139.7744375
0.0,4.8,35.68570833,139.7745625
0.055,4.79,35.68570833,139.7746875
0.102,4.72,35.68570833,139.7748125
0.046,4.77,35.68570833,139.7749375
0.003,4.76,35.68570833,139.7750625
0.0,4.71,35.68570833,139.7751875
0.0,4.73,35.68570833,139.7753125
0.0,4.68,35.68570833,139.7754375
0.0,4.79,35.68570833,139.7755625
0.0,4.77,35.68570833,139.7756875
0.0,4.58,35.68570833,139.7758125
0.0,4.75,35.68570833,139.7759375
0.0,2.83,35.685625,139.7610625
0.0,3.06,35.685625,139.7611875
0.0,3.03,35.685625,139.7613125
0.0,2.98,35.685625,139.7614375
0.0,2.93,35.685625,139.7615625
0.0,2.91,35.685625,139.7616875
0.0,2.89,35.685625,139.7618125
0.0,2.82,35.685625,139.7619375
0.0,2.8,35.685625,139.7620625
0.0,2.82,35.685625,139.7621875
0.0,2.85,35.685625,139.7623125
0.0,3.03,35.685625,139.7624375
0.0,3.27,35.685625,139.7625625
0.0,3.4,35.685625,139.7626875
0.0,3.54,35.685625,139.7628125
0.0,3.32,35.685625,139.7629375
0.0,3.16,35.685625,139.7630625
0.0,3.19,35.685625,139.7631875
0.0,3.12,35.685625,139.7633125
0.0,3.26,35.685625,139.7634375
0.0,3.36,35.685625,139.7635625
0.0,3.38,35.685625,139.7636875
0.0,3.45,35.685625,139.7638125
0.0,3.57,35.685625,139.7639375
0.0,3.61,35.685625,139.7640625
0.0,3.6,35.685625,139.7641875
0.0,3.56,35.685625,139.7643125
0.0,3.51,35.685625,139.7644375
0.0,2.98,35.685625,139.7645625
0.0,2.98,35.685625,139.7646875
0.0,3.16,35.685625,139.7648125
0.0,3.27,35.685625,139.7649375
0.0,3.31,35.685625,139.7650625
0.0,3.09,35.685625,139.7651875
0.0,3.02,35.685625,139.7653125
0.0,3.08,35.685625,139.7654375
0.0,3.07,35.685625,139.7655625
0.0,3.05,35.685625,139.7656875
0.0,3.12,35.685625,139.7658125
0.0,3.03,35.685625,139.7659375
0.0,2.98,35.685625,139.7660625
0.0,3.27,35.685625,139.7661875
0.0,3.33,35.685625,139.7663125
0.0,3.19,35.685625,139.7664375
0.0,3.44,35.685625,139.7665625
0.0,3.83,35.685625,139.7666875
0.0,3.88,35.685625,139.7668125
0.0,3.88,35.685625,139.7669375
0.0,3.87,35.685625,139.7670625
0.0,3.86,35.685625,139.7671875
0.0,3.83,35.685625,139.7673125
0.0,3.84,35.685625,139.7674375
0.0,3.87,35.685625,139.7675625
0.0,3.67,35.685625,139.7676875
0.0,3.47,35.685625,139.7678125
0.0,3.23,35.685625,139.7679375
0.0,3.11,35.685625,139.7680625
0.0,3.04,35.685625,139.7681875
0.137,3.0,35.685625,139.7683125
0.14,3.0,35.685625,139.7684375
0.14,3.0,35.685625,139.7685625
0.0,3.01,35.685625,139.7686875
0.0,3.02,35.685625,139.7688125
0.175,2.96,35.685625,139.7689375
0.0,3.31,35.685625,139.7690625
0.0,3.32,35.685625,139.7691875
0.0,3.31,35.685625,139.7693125
0.0,3.32,35.685625,139.7694375
0.0,3.35,35.685625,139.7695625
0.0,3.33,35.685625,139.7696875
0.0,3.17,35.685625,139.7698125
0.0,3.23,35.685625,139.7699375
0.0,3.36,35.685625,139.7700625
0.0,3.76,35.685625,139.7701875
0.0,4.01,35.685625,139.7703125
0.0,3.48,35.685625,139.7704375
0.0,3.77,35.685625,139.7709375
0.0,3.92,35.685625,139.7710625
0.0,3.85,35.685625,139.7711875
0.0,3.98,35.685625,139.7713125
0.0,4.46,35.685625,139.7714375
0.0,4.37,35.685625,139.7715625
0.0,4.34,35.685625,139.7716875
0.0,4.39,35.685625,139.7718125
0.0,4.53,35.685625,139.7719375
0.0,4.64,35.685625,139.7720625
0.0,4.51,35.685625,139.7721875
0.0,4.66,35.685625,139.7723125
0.0,4.88,35.685625,139.7724375
0.0,4.85,35.685625,139.7725625
0.0,4.86,35.685625,139.7726875
0.0,5.02,35.685625,139.7728125
0.0,5.13,35.685625,139.7729375
0.0,5.11,35.685625,139.7730625
0.0,5.06,35.685625,139.7731875
0.0,5.0,35.685625,139.7733125
0.0,4.86,35.685625,139.7734375
0.0,4.87,35.685625,139.7735625
0.0,4.9,35.685625,139.7736875
0.0,4.9,35.685625,139.7738125
0.0,4.9,35.685625,139.7739375
0.0,4.92,35.685625,139.7740625
0.036,4.8,35.685625,139.7741875
0.079,4.68,35.685625,139.7743125
0.058,4.84,35.685625,139.7744375
0.012,4.8,35.685625,139.7745625
0.0,4.81,35.685625,139.7746875
0.055,4.78,35.685625,139.7748125
0.026,4.75,35.685625,139.7749375
0.026,4.8,35.685625,139.7750625
0.036,4.79,35.685625,139.7751875
0.004,4.8,35.685625,139.7753125
0.004,4.75,35.685625,139.7754375
0.003,4.8,35.685625,139.7755625
0.0,4.81,35.685625,139.7756875
0.0,4.61,35.685625,139.7758125
0.0,4.62,35.685625,139.7759375
0.0,2.93,35.68554167,139.7610625
0.0,3.08,35.68554167,139.7611875
0.0,2.93,35.68554167,139.7613125
0.0,2.82,35.68554167,139.7621875
0.0,2.79,35.68554167,139.7623125
0.0,3.0,35.68554167,139.7626875
0.0,3.1,35.68554167,139.7628125
0.0,3.28,35.68554167,139.7635625
0.0,3.31,35.68554167,139.7636875
0.0,3.5,35.68554167,139.7639375
0.0,3.61,35.68554167,139.7640625
0.0,3.51,35.68554167,139.7643125
0.0,3.48,35.68554167,139.7644375
0.0,3.02,35.68554167,139.7646875
0.0,3.12,35.68554167,139.7648125
0.0,3.1,35.68554167,139.7650625
0.0,3.02,35.68554167,139.7651875
0.0,3.28,35.68554167,139.7661875
0.0,3.31,35.68554167,139.7663125
0.0,3.88,35.68554167,139.7668125
0.0,4.04,35.68554167,139.7669375
0.0,3.97,35.68554167,139.7670625
0.0,3.87,35.68554167,139.7671875
0.0,3.87,35.68554167,139.7673125
0.0,3.52,35.68554167,139.7678125
0.0,3.29,35.68554167,139.7679375
0.143,3.0,35.68554167,139.7680625
0.16,2.99,35.68554167,139.7681875
0.156,2.99,35.68554167,139.7683125
0.165,2.98,35.68554167,139.7684375
0.189,2.96,35.68554167,139.7688125
0.0,3.05,35.68554167,139.7689375
0.0,3.36,35.68554167,139.7690625
0.0,3.3,35.68554167,139.7699375
0.0,3.36,35.68554167,139.7700625
0.0,2.85,35.68554167,139.7614375
0.0,2.86,35.68554167,139.7615625
0.0,2.87,35.68554167,139.7616875
0.0,2.88,35.68554167,139.7618125
0.0,2.85,35.68554167,139.7619375
0.0,2.86,35.68554167,139.7620625
0.0,2.77,35.68554167,139.7624375
0.0,2.84,35.68554167,139.7625625
0.0,3.13,35.68554167,139.7629375
0.0,3.09,35.68554167,139.7630625
0.0,3.18,35.68554167,139.7631875
0.0,3.06,35.68554167,139.7633125
0.0,3.3,35.68554167,139.7634375
0.0,3.38,35.68554167,139.7638125
0.0,3.61,35.68554167,139.7641875
0.0,3.26,35.68554167,139.7645625
0.0,2.94,35.68554167,139.7649375
0.0,3.01,35.68554167,139.7653125
0.0,3.06,35.68554167,139.7654375
0.0,3.07,35.68554167,139.7655625
0.0,3.07,35.68554167,139.7656875
0.0,3.05,35.68554167,139.7658125
0.0,3.02,35.68554167,139.7659375
0.0,3.06,35.68554167,139.7660625
0.0,3.26,35.68554167,139.7664375
0.0,3.49,35.68554167,139.7665625
0.0,3.85,35.68554167,139.7666875
0.0,3.89,35.68554167,139.7674375
0.0,3.85,35.68554167,139.7675625
0.0,3.7,35.68554167,139.7676875
0.174,2.97,35.68554167,139.7685625
0.169,2.98,35.68554167,139.7686875
0.0,3.37,35.68554167,139.7691875
0.0,3.37,35.68554167,139.7693125
0.0,3.38,35.68554167,139.7694375
0.0,3.4,35.68554167,139.7695625
0.0,3.42,35.68554167,139.7696875
0.0,3.34,35.68554167,139.7698125
0.0,3.54,35.68554167,139.7701875
0.0,3.72,35.68554167,139.7703125
0.0,3.16,35.68554167,139.7704375
0.0,3.51,35.68554167,139.7709375
0.0,3.87,35.68554167,139.7710625
0.0,3.88,35.68554167,139.7711875
0.0,3.91,35.68554167,139.7713125
0.0,4.09,35.68554167,139.7714375
0.0,4.2,35.68554167,139.7715625
0.0,4.43,35.68554167,139.7716875
0.0,4.79,35.68554167,139.7718125
0.0,5.47,35.68554167,139.7719375
0.0,4.97,35.68554167,139.7720625
0.0,4.8,35.68554167,139.7721875
0.0,4.85,35.68554167,139.7723125
0.0,4.92,35.68554167,139.7724375
0.0,4.95,35.68554167,139.7725625
0.0,4.83,35.68554167,139.7726875
0.0,4.98,35.68554167,139.7728125
0.0,5.15,35.68554167,139.7729375
0.0,5.1,35.68554167,139.7730625
0.0,5.04,35.68554167,139.7731875
0.0,5.0,35.68554167,139.7733125
0.0,4.86,35.68554167,139.7734375
0.0,4.82,35.68554167,139.7735625
0.0,4.9,35.68554167,139.7736875
0.0,4.9,35.68554167,139.7738125
0.0,4.9,35.68554167,139.7739375
0.0,4.92,35.68554167,139.7740625
0.0,4.83,35.68554167,139.7741875
0.101,4.68,35.68554167,139.7743125
0.058,4.68,35.68554167,139.7744375
0.053,4.71,35.68554167,139.7745625
0.015,4.74,35.68554167,139.7746875
0.0,4.76,35.68554167,139.7748125
0.026,4.8,35.68554167,139.7749375
0.036,4.8,35.68554167,139.7750625
0.046,4.77,35.68554167,139.7751875
0.046,4.79,35.68554167,139.7753125
0.017,4.75,35.68554167,139.7754375
0.003,4.7,35.68554167,139.7755625
0.0,4.76,35.68554167,139.7756875
0.0,4.59,35.68554167,139.7758125
0.0,4.49,35.68554167,139.7759375
0.0,2.9,35.68545833,139.7609375
0.0,3.07,35.68545833,139.7610625
0.0,2.96,35.68545833,139.7611875
0.0,2.88,35.68545833,139.7613125
0.0,2.8,35.68545833,139.7621875
0.0,2.86,35.68545833,139.7623125
0.0,2.83,35.68545833,139.7626875
0.0,2.86,35.68545833,139.7628125
0.0,3.16,35.68545833,139.7635625
0.0,3.21,35.68545833,139.7636875
0.0,3.38,35.68545833,139.7639375
0.0,3.55,35.68545833,139.7640625
0.0,3.54,35.68545833,139.7643125
0.0,3.27,35.68545833,139.7644375
0.0,3.01,35.68545833,139.7646875
0.0,3.11,35.68545833,139.7648125
0.391,2.65,35.68545833,139.7650625
0.232,2.81,35.68545833,139.7651875
0.0,3.28,35.68545833,139.7661875
0.0,3.3,35.68545833,139.7663125
0.0,4.15,35.68545833,139.7668125
0.0,4.23,35.68545833,139.7669375
0.0,4.15,35.68545833,139.7670625
0.0,3.75,35.68545833,139.7671875
0.0,3.83,35.68545833,139.7673125
0.0,3.56,35.68545833,139.7678125
0.0,3.24,35.68545833,139.7679375
0.212,2.94,35.68545833,139.7680625
0.223,2.92,35.68545833,139.7681875
0.226,2.92,35.68545833,139.7683125
0.197,2.95,35.68545833,139.7684375
0.251,2.9,35.68545833,139.7688125
0.191,2.95,35.68545833,139.7689375
0.0,3.26,35.68545833,139.7690625
0.0,3.55,35.68545833,139.7699375
0.0,3.47,35.68545833,139.7700625
0.0,3.01,35.68545833,139.7614375
0.0,3.06,35.68545833,139.7615625
0.0,2.93,35.68545833,139.7616875
0.0,2.88,35.68545833,139.7618125
0.0,2.78,35.68545833,139.7619375
0.0,2.8,35.68545833,139.7620625
0.0,2.89,35.68545833,139.7624375
0.0,2.87,35.68545833,139.7625625
0.0,2.9,35.68545833,139.7629375
0.0,3.03,35.68545833,139.7630625
0.0,3.13,35.68545833,139.7631875
0.0,2.96,35.68545833,139.7633125
0.0,3.2,35.68545833,139.7634375
0.0,3.29,35.68545833,139.7638125
0.0,3.56,35.68545833,139.7641875
0.0,3.12,35.68545833,139.7645625
0.271,2.77,35.68545833,139.7649375
0.0,2.98,35.68545833,139.7653125
0.0,2.99,35.68545833,139.7654375
0.0,3.06,35.68545833,139.7655625
0.0,3.11,35.68545833,139.7656875
0.0,2.99,35.68545833,139.7658125
0.0,3.01,35.68545833,139.7659375
0.0,3.09,35.68545833,139.7660625
0.0,3.31,35.68545833,139.7664375
0.0,3.41,35.68545833,139.7665625
0.0,3.59,35.68545833,139.7666875
0.0,3.81,35.68545833,139.7674375
0.0,3.8,35.68545833,139.7675625
0.0,3.7,35.68545833,139.7676875
0.192,2.96,35.68545833,139.7685625
0.196,2.95,35.68545833,139.7686875
0.0,3.39,35.68545833,139.7691875
0.0,3.42,35.68545833,139.7693125
0.0,3.45,35.68545833,139.7694375
0.0,3.46,35.68545833,139.7695625
0.0,3.49,35.68545833,139.7696875
0.0,3.41,35.68545833,139.7698125
0.0,3.57,35.68545833,139.7701875
0.0,3.76,35.68545833,139.7703125
0.0,4.04,35.68545833,139.7704375
0.0,3.35,35.68545833,139.7709375
0.0,3.98,35.68545833,139.7710625
0.0,3.95,35.68545833,139.7711875
0.0,3.91,35.68545833,139.7713125
0.0,4.14,35.68545833,139.7714375
0.0,4.31,35.68545833,139.7715625
0.0,4.56,35.68545833,139.7716875
0.0,4.84,35.68545833,139.7718125
0.0,5.55,35.68545833,139.7719375
0.0,5.72,35.68545833,139.7720625
0.0,4.97,35.68545833,139.7721875
0.0,4.87,35.68545833,139.7723125
0.0,4.99,35.68545833,139.7724375
0.0,5.09,35.68545833,139.7725625
0.0,4.82,35.68545833,139.7726875
0.0,4.9,35.68545833,139.7728125
0.0,5.14,35.68545833,139.7729375
0.0,5.1,35.68545833,139.7730625
0.0,5.01,35.68545833,139.7731875
0.0,4.96,35.68545833,139.7733125
0.0,4.9,35.68545833,139.7734375
0.0,4.8,35.68545833,139.7735625
0.0,4.89,35.68545833,139.7736875
0.0,4.9,35.68545833,139.7738125
0.0,4.9,35.68545833,139.7739375
0.0,4.86,35.68545833,139.7740625
0.031,4.83,35.68545833,139.7741875
0.101,4.69,35.68545833,139.7743125
0.101,4.62,35.68545833,139.7744375
0.053,4.76,35.68545833,139.7745625
0.0,4.81,35.68545833,139.7746875
0.0,4.85,35.68545833,139.7748125
0.004,4.9,35.68545833,139.7749375
0.046,4.79,35.68545833,139.7750625
0.046,4.76,35.68545833,139.7751875
0.046,4.74,35.68545833,139.7753125
0.017,4.65,35.68545833,139.7754375
0.017,4.61,35.68545833,139.7755625
0.0,4.58,35.68545833,139.7756875
0.0,4.55,35.68545833,139.7758125
0.0,4.42,35.68545833,139.7759375
0.0,2.94,35.685375,139.7609375
0.0,3.04,35.685375,139.7610625
0.0,2.85,35.685375,139.7611875
0.0,2.98,35.685375,139.7613125
0.0,3.23,35.685375,139.7614375
0.0,3.33,35.685375,139.7615625
0.0,3.26,35.685375,139.7616875
0.0,3.17,35.685375,139.7618125
0.0,2.99,35.685375,139.7619375
0.0,2.88,35.685375,139.7620625
0.0,2.76,35.685375,139.7621875
0.0,2.78,35.685375,139.7623125
0.0,2.82,35.685375,139.7624375
0.0,2.89,35.685375,139.7625625
0.0,2.94,35.685375,139.7626875
0.0,2.97,35.685375,139.7628125
0.0,3.02,35.685375,139.7629375
0.0,3.09,35.685375,139.7630625
0.0,3.13,35.685375,139.7631875
0.0,2.92,35.685375,139.7633125
0.196,2.85,35.685375,139.7634375
0.217,2.82,35.685375,139.7635625
0.205,2.84,35.685375,139.7636875
0.0,2.95,35.685375,139.7638125
0.0,3.07,35.685375,139.7639375
0.0,3.02,35.685375,139.7640625
0.0,3.08,35.685375,139.7641875
0.0,3.25,35.685375,139.7643125
0.0,3.01,35.685375,139.7644375
0.0,3.06,35.685375,139.7645625
0.0,3.02,35.685375,139.7646875
0.0,3.2,35.685375,139.7648125
0.0,2.94,35.685375,139.7649375
0.428,2.61,35.685375,139.7650625
0.405,2.64,35.685375,139.7651875
0.293,2.75,35.685375,139.7653125
0.237,2.8,35.685375,139.7654375
0.0,3.05,35.685375,139.7655625
0.0,3.07,35.685375,139.7656875
0.0,2.97,35.685375,139.7658125
0.0,3.04,35.685375,139.7659375
0.0,3.07,35.685375,139.7660625
0.0,3.25,35.685375,139.7661875
0.0,3.3,35.685375,139.7663125
0.0,3.32,35.685375,139.7664375
0.0,3.42,35.685375,139.7665625
0.0,3.47,35.685375,139.7666875
0.0,3.64,35.685375,139.7668125
0.0,3.93,35.685375,139.7669375
0.0,3.93,35.685375,139.7670625
0.0,3.86,35.685375,139.7671875
0.0,3.9,35.685375,139.7673125
0.0,3.76,35.685375,139.7674375
0.0,3.6,35.685375,139.7675625
0.0,3.47,35.685375,139.7676875
0.0,3.39,35.685375,139.7678125
0.0,3.14,35.685375,139.7679375
0.231,2.92,35.685375,139.7680625
0.212,2.94,35.685375,139.7681875
0.211,2.94,35.685375,139.7683125
0.22,2.93,35.685375,139.7684375
0.213,2.94,35.685375,139.7685625
0.205,2.94,35.685375,139.7686875
0.297,2.85,35.685375,139.7688125
0.0,3.06,35.685375,139.7689375
0.0,3.16,35.685375,139.7690625
0.0,3.29,35.685375,139.7691875
0.0,3.39,35.685375,139.7693125
0.0,3.5,35.685375,139.7694375
0.0,3.52,35.685375,139.7695625
0.0,3.48,35.685375,139.7696875
0.0,3.54,35.685375,139.7698125
0.0,3.63,35.685375,139.7699375
0.0,3.68,35.685375,139.7700625
0.0,3.54,35.685375,139.7701875
0.0,3.79,35.685375,139.7703125
0.0,4.03,35.685375,139.7704375
0.0,3.6,35.685375,139.7709375
0.0,4.12,35.685375,139.7710625
0.0,4.05,35.685375,139.7711875
0.0,3.9,35.685375,139.7713125
0.0,4.07,35.685375,139.7714375
0.0,4.18,35.685375,139.7715625
0.0,4.42,35.685375,139.7716875
0.0,4.63,35.685375,139.7718125
0.0,5.2,35.685375,139.7719375
0.0,5.37,35.685375,139.7720625
0.0,5.04,35.685375,139.7721875
0.0,4.9,35.685375,139.7723125
0.0,4.99,35.685375,139.7724375
0.0,5.04,35.685375,139.7725625
0.0,4.8,35.685375,139.7726875
0.0,4.84,35.685375,139.7728125
0.0,5.04,35.685375,139.7729375
0.0,5.06,35.685375,139.7730625
0.0,5.0,35.685375,139.7731875
0.0,4.94,35.685375,139.7733125
0.0,4.9,35.685375,139.7734375
0.0,4.8,35.685375,139.7735625
0.0,4.83,35.685375,139.7736875
0.0,4.85,35.685375,139.7738125
0.0,4.76,35.685375,139.7739375
0.0,4.65,35.685375,139.7740625
0.047,4.64,35.685375,139.7741875
0.1,4.62,35.685375,139.7743125
0.101,4.64,35.685375,139.7744375
0.004,4.83,35.685375,139.7745625
0.0,4.87,35.685375,139.7746875
0.009,4.9,35.685375,139.7748125
0.009,4.95,35.685375,139.7749375
0.036,4.8,35.685375,139.7750625
0.046,4.81,35.685375,139.7751875
0.022,4.76,35.685375,139.7753125
0.017,4.68,35.685375,139.7754375
0.017,4.76,35.685375,139.7755625
0.0,4.74,35.685375,139.7756875
0.0,4.63,35.685375,139.7758125
0.0,4.44,35.685375,139.7759375
0.0,3.03,35.68529167,139.7609375
0.0,2.96,35.68529167,139.7610625
0.0,2.89,35.68529167,139.7611875
0.0,3.1,35.68529167,139.7613125
0.0,3.18,35.68529167,139.7614375
0.0,3.24,35.68529167,139.7615625
0.0,3.28,35.68529167,139.7616875
0.0,3.27,35.68529167,139.7618125
0.0,3.17,35.68529167,139.7619375
0.0,3.15,35.68529167,139.7620625
0.0,3.08,35.68529167,139.7621875
0.0,3.0,35.68529167,139.7623125
0.0,2.98,35.68529167,139.7624375
0.0,2.9,35.68529167,139.7625625
0.0,2.91,35.68529167,139.7626875
0.0,2.93,35.68529167,139.7628125
0.0,3.04,35.68529167,139.7629375
0.0,3.1,35.68529167,139.7630625
0.0,3.12,35.68529167,139.7631875
0.0,2.99,35.68529167,139.7633125
0.237,2.8,35.68529167,139.7634375
0.377,2.66,35.68529167,139.7635625
0.513,2.53,35.68529167,139.7636875
0.495,2.55,35.68529167,139.7638125
0.462,2.58,35.68529167,139.7639375
0.397,2.64,35.68529167,139.7640625
0.325,2.72,35.68529167,139.7641875
0.247,2.79,35.68529167,139.7643125
0.212,2.83,35.68529167,139.7644375
0.0,3.05,35.68529167,139.7645625
0.0,3.08,35.68529167,139.7646875
0.0,3.36,35.68529167,139.7648125
0.0,3.26,35.68529167,139.7649375
0.406,2.63,35.68529167,139.7650625
0.322,2.72,35.68529167,139.7651875
0.321,2.72,35.68529167,139.7653125
0.261,2.78,35.68529167,139.7654375
0.0,3.06,35.68529167,139.7655625
0.0,3.12,35.68529167,139.7656875
0.0,2.94,35.68529167,139.7658125
0.0,2.99,35.68529167,139.7659375
0.0,3.01,35.68529167,139.7660625
0.0,3.19,35.68529167,139.7661875
0.0,3.28,35.68529167,139.7663125
0.0,3.31,35.68529167,139.7664375
0.0,3.3,35.68529167,139.7665625
0.0,3.24,35.68529167,139.7666875
0.0,3.28,35.68529167,139.7668125
0.0,3.56,35.68529167,139.7669375
0.0,3.71,35.68529167,139.7670625
0.0,3.77,35.68529167,139.7671875
0.0,3.78,35.68529167,139.7673125
0.0,3.69,35.68529167,139.7674375
0.0,3.63,35.68529167,139.7675625
0.0,3.43,35.68529167,139.7676875
0.0,3.24,35.68529167,139.7678125
0.0,3.02,35.68529167,139.7679375
0.246,2.9,35.68529167,139.7680625
0.249,2.9,35.68529167,139.7681875
0.249,2.9,35.68529167,139.7683125
0.256,2.89,35.68529167,139.7684375
0.241,2.91,35.68529167,139.7685625
0.234,2.92,35.68529167,139.7686875
0.208,2.94,35.68529167,139.7688125
0.0,3.17,35.68529167,139.7689375
0.0,3.27,35.68529167,139.7690625
0.0,3.37,35.68529167,139.7691875
0.0,3.44,35.68529167,139.7693125
0.0,3.46,35.68529167,139.7694375
0.0,3.45,35.68529167,139.7695625
0.0,3.45,35.68529167,139.7696875
0.0,3.53,35.68529167,139.7698125
0.0,3.61,35.68529167,139.7699375
0.0,3.69,35.68529167,139.7700625
0.0,3.69,35.68529167,139.7701875
0.0,3.78,35.68529167,139.7703125
0.0,3.97,35.68529167,139.7704375
0.0,2.55,35.68529167,139.7705625
0.0,4.13,35.68529167,139.7710625
0.0,4.09,35.68529167,139.7711875
0.0,3.93,35.68529167,139.7713125
0.0,3.92,35.68529167,139.7714375
0.0,4.01,35.68529167,139.7715625
0.0,4.27,35.68529167,139.7716875
0.0,4.48,35.68529167,139.7718125
0.0,4.91,35.68529167,139.7719375
0.0,4.86,35.68529167,139.7720625
0.0,4.85,35.68529167,139.7721875
0.0,4.86,35.68529167,139.7723125
0.0,4.91,35.68529167,139.7724375
0.0,4.88,35.68529167,139.7725625
0.0,4.79,35.68529167,139.7726875
0.0,4.8,35.68529167,139.7728125
0.0,5.03,35.68529167,139.7729375
0.0,4.92,35.68529167,139.7730625
0.0,4.91,35.68529167,139.7731875
0.0,4.9,35.68529167,139.7733125
0.0,4.9,35.68529167,139.7734375
0.0,4.76,35.68529167,139.7735625
0.0,4.71,35.68529167,139.7736875
0.0,4.62,35.68529167,139.7738125
0.0,4.51,35.68529167,139.7739375
0.0,4.5,35.68529167,139.7740625
0.06,4.53,35.68529167,139.7741875
0.1,4.59,35.68529167,139.7743125
0.1,4.6,35.68529167,139.7744375
0.0,4.86,35.68529167,139.7745625
0.0,4.87,35.68529167,139.7746875
0.009,4.93,35.68529167,139.7748125
0.0,5.0,35.68529167,139.7749375
0.011,4.89,35.68529167,139.7750625
0.006,4.78,35.68529167,139.7751875
0.0,4.9,35.68529167,139.7753125
0.0,4.89,35.68529167,139.7754375
0.0,4.8,35.68529167,139.7755625
0.0,4.79,35.68529167,139.7756875
0.0,4.59,35.68529167,139.7758125
0.0,4.45,35.68529167,139.7759375
0.0,3.05,35.68520833,139.7605625
0.0,2.95,35.68520833,139.7606875
0.0,2.9,35.68520833,139.7608125
0.0,3.04,35.68520833,139.7609375
0.0,2.87,35.68520833,139.7610625
0.0,3.01,35.68520833,139.7611875
0.0,3.01,35.68520833,139.7613125
0.0,3.08,35.68520833,139.7614375
0.0,3.14,35.68520833,139.7615625
0.0,3.2,35.68520833,139.7616875
0.0,3.21,35.68520833,139.7618125
0.0,3.13,35.68520833,139.7619375
0.0,3.21,35.68520833,139.7620625
0.0,3.21,35.68520833,139.7621875
0.0,3.19,35.68520833,139.7623125
0.0,3.21,35.68520833,139.7624375
0.0,3.08,35.68520833,139.7625625
0.0,3.04,35.68520833,139.7626875
0.0,3.04,35.68520833,139.7628125
0.0,2.97,35.68520833,139.7629375
0.0,3.07,35.68520833,139.7630625
0.0,3.02,35.68520833,139.7631875
0.0,2.93,35.68520833,139.7633125
0.181,2.86,35.68520833,139.7634375
0.255,2.79,35.68520833,139.7635625
0.366,2.67,35.68520833,139.7636875
0.53,2.51,35.68520833,139.7638125
0.6,2.44,35.68520833,139.7639375
0.681,2.36,35.68520833,139.7640625
0.656,2.38,35.68520833,139.7641875
0.48,2.56,35.68520833,139.7643125
0.399,2.64,35.68520833,139.7644375
0.311,2.73,35.68520833,139.7645625
0.242,2.8,35.68520833,139.7646875
0.0,3.08,35.68520833,139.7648125
0.0,3.05,35.68520833,139.7649375
0.41,2.63,35.68520833,139.7650625
0.327,2.71,35.68520833,139.7651875
0.261,2.78,35.68520833,139.7653125
0.241,2.8,35.68520833,139.7654375
0.0,3.06,35.68520833,139.7655625
0.0,3.1,35.68520833,139.7656875
0.197,2.85,35.68520833,139.7658125
0.0,2.97,35.68520833,139.7659375
0.0,2.97,35.68520833,139.7660625
0.0,3.12,35.68520833,139.7661875
0.0,3.25,35.68520833,139.7663125
0.0,3.34,35.68520833,139.7664375
0.0,3.31,35.68520833,139.7665625
0.0,3.26,35.68520833,139.7666875
0.0,3.15,35.68520833,139.7668125
0.0,3.16,35.68520833,139.7669375
0.0,3.28,35.68520833,139.7670625
0.0,3.34,35.68520833,139.7671875
0.0,3.44,35.68520833,139.7673125
0.0,3.41,35.68520833,139.7674375
0.0,3.54,35.68520833,139.7675625
0.0,3.41,35.68520833,139.7676875
0.0,3.18,35.68520833,139.7678125
0.246,2.9,35.68520833,139.7679375
0.287,2.86,35.68520833,139.7680625
0.288,2.86,35.68520833,139.7681875
0.274,2.88,35.68520833,139.7683125
0.27,2.88,35.68520833,139.7684375
0.279,2.87,35.68520833,139.7685625
0.299,2.85,35.68520833,139.7686875
0.141,3.01,35.68520833,139.7688125
0.0,3.23,35.68520833,139.7689375
0.0,3.31,35.68520833,139.7690625
0.0,3.38,35.68520833,139.7691875
0.0,3.49,35.68520833,139.7693125
0.0,3.56,35.68520833,139.7694375
0.0,3.44,35.68520833,139.7695625
0.0,3.41,35.68520833,139.7696875
0.0,3.49,35.68520833,139.7698125
0.0,3.56,35.68520833,139.7699375
0.0,3.63,35.68520833,139.7700625
0.0,3.66,35.68520833,139.7701875
0.0,3.87,35.68520833,139.7703125
0.0,4.03,35.68520833,139.7704375
0.0,3.96,35.68520833,139.7705625
0.0,3.8,35.68520833,139.7710625
0.0,4.09,35.68520833,139.7711875
0.0,3.96,35.68520833,139.7713125
0.145,3.81,35.68520833,139.7714375
0.0,3.9,35.68520833,139.7715625
0.0,4.07,35.68520833,139.7716875
0.0,4.25,35.68520833,139.7718125
0.0,4.43,35.68520833,139.7719375
0.0,4.48,35.68520833,139.7720625
0.0,4.61,35.68520833,139.7721875
0.0,4.76,35.68520833,139.7723125
0.0,4.86,35.68520833,139.7724375
0.0,4.83,35.68520833,139.7725625
0.0,4.79,35.68520833,139.7726875
0.0,4.74,35.68520833,139.7728125
0.0,4.89,35.68520833,139.7729375
0.0,4.94,35.68520833,139.7730625
0.0,4.86,35.68520833,139.7731875
0.0,4.8,35.68520833,139.7733125
0.0,4.66,35.68520833,139.7734375
0.0,4.59,35.68520833,139.7735625
0.0,4.46,35.68520833,139.7736875
0.0,4.47,35.68520833,139.7738125
0.0,4.54,35.68520833,139.7739375
0.0,4.5,35.68520833,139.7740625
0.061,4.5,35.68520833,139.7741875
0.061,4.55,35.68520833,139.7743125
0.086,4.52,35.68520833,139.7744375
0.086,4.75,35.68520833,139.7745625
0.0,4.86,35.68520833,139.7746875
0.0,4.93,35.68520833,139.7748125
0.0,5.02,35.68520833,139.7749375
0.006,4.99,35.68520833,139.7750625
0.0,5.05,35.68520833,139.7751875
0.0,5.03,35.68520833,139.7753125
0.0,4.83,35.68520833,139.7754375
0.0,4.74,35.68520833,139.7755625
0.0,4.7,35.68520833,139.7756875
0.0,4.64,35.68520833,139.7758125
0.0,4.55,35.68520833,139.7759375
0.0,3.23,35.685125,139.7666875
0.0,3.1,35.685125,139.7668125
0.0,3.08,35.685125,139.7688125
0.0,3.23,35.685125,139.7689375
0.0,2.97,35.685125,139.7605625
0.0,2.83,35.685125,139.7606875
0.0,3.0,35.685125,139.7608125
0.0,2.94,35.685125,139.7609375
0.0,2.93,35.685125,139.7610625
0.0,3.03,35.685125,139.7611875
0.0,2.97,35.685125,139.7613125
0.0,3.03,35.685125,139.7614375
0.0,3.11,35.685125,139.7615625
0.0,3.17,35.685125,139.7616875
0.0,3.14,35.685125,139.7618125
0.0,3.09,35.685125,139.7619375
0.0,3.2,35.685125,139.7620625
0.0,3.18,35.685125,139.7621875
0.0,3.2,35.685125,139.7623125
0.0,3.19,35.685125,139.7624375
0.0,3.15,35.685125,139.7625625
0.0,3.11,35.685125,139.7626875
0.0,3.1,35.685125,139.7628125
0.0,2.96,35.685125,139.7629375
0.0,3.07,35.685125,139.7630625
0.0,2.97,35.685125,139.7631875
0.22,2.82,35.685125,139.7633125
0.278,2.76,35.685125,139.7634375
0.36,2.68,35.685125,139.7635625
0.429,2.61,35.685125,139.7636875
0.474,2.57,35.685125,139.7638125
0.541,2.5,35.685125,139.7639375
0.645,2.4,35.685125,139.7640625
0.768,2.27,35.685125,139.7641875
0.816,2.23,35.685125,139.7643125
0.709,2.33,35.685125,139.7644375
0.638,2.4,35.685125,139.7645625
0.517,2.52,35.685125,139.7646875
0.389,2.65,35.685125,139.7648125
0.271,2.77,35.685125,139.7649375
0.305,2.74,35.685125,139.7650625
0.286,2.75,35.685125,139.7651875
0.178,2.86,35.685125,139.7653125
0.211,2.83,35.685125,139.7654375
0.0,3.06,35.685125,139.7655625
0.0,3.03,35.685125,139.7656875
0.173,2.88,35.685125,139.7658125
0.0,2.93,35.685125,139.7659375
0.0,3.0,35.685125,139.7660625
0.0,3.12,35.685125,139.7661875
0.0,3.22,35.685125,139.7663125
0.0,3.32,35.685125,139.7664375
0.0,3.31,35.685125,139.7665625
0.0,3.07,35.685125,139.7669375
0.0,3.1,35.685125,139.7670625
0.0,3.14,35.685125,139.7671875
0.0,3.13,35.685125,139.7673125
0.0,3.16,35.685125,139.7674375
0.0,3.2,35.685125,139.7675625
0.0,3.19,35.685125,139.7676875
0.148,3.0,35.685125,139.7678125
0.346,2.81,35.685125,139.7679375
0.314,2.84,35.685125,139.7680625
0.327,2.82,35.685125,139.7681875
0.325,2.83,35.685125,139.7683125
0.314,2.84,35.685125,139.7684375
0.306,2.84,35.685125,139.7685625
0.319,2.83,35.685125,139.7686875
0.0,3.32,35.685125,139.7690625
0.0,3.43,35.685125,139.7691875
0.0,3.5,35.685125,139.7693125
0.0,3.54,35.685125,139.7694375
0.0,3.45,35.685125,139.7695625
0.0,3.37,35.685125,139.7696875
0.0,3.39,35.685125,139.7698125
0.0,3.46,35.685125,139.7699375
0.0,3.57,35.685125,139.7700625
0.0,3.61,35.685125,139.7701875
0.0,3.79,35.685125,139.7703125
0.0,3.88,35.685125,139.7704375
0.0,4.31,35.685125,139.7705625
0.0,3.5,35.685125,139.7710625
0.0,4.02,35.685125,139.7711875
0.0,3.99,35.685125,139.7713125
0.0,3.9,35.685125,139.7714375
0.0,3.9,35.685125,139.7715625
0.0,4.02,35.685125,139.7716875
0.0,4.16,35.685125,139.7718125
0.0,4.25,35.685125,139.7719375
0.0,4.26,35.685125,139.7720625
0.0,4.41,35.685125,139.7721875
0.0,4.5,35.685125,139.7723125
0.0,4.67,35.685125,139.7724375
0.0,4.71,35.685125,139.7725625
0.0,4.73,35.685125,139.7726875
0.0,4.66,35.685125,139.7728125
0.0,4.79,35.685125,139.7729375
0.0,4.83,35.685125,139.7730625
0.0,4.56,35.685125,139.7731875
0.0,4.5,35.685125,139.7733125
0.0,4.3,35.685125,139.7734375
0.0,4.33,35.685125,139.7735625
0.0,4.31,35.685125,139.7736875
0.0,4.32,35.685125,139.7738125
0.0,4.43,35.685125,139.7739375
0.0,4.5,35.685125,139.7740625
0.0,4.5,35.685125,139.7741875
0.061,4.55,35.685125,139.7743125
0.086,4.5,35.685125,139.7744375
0.086,4.62,35.685125,139.7745625
0.0,4.81,35.685125,139.7746875
0.0,4.95,35.685125,139.7748125
0.0,5.1,35.685125,139.7749375
0.0,5.12,35.685125,139.7750625
0.0,5.04,35.685125,139.7751875
0.0,4.95,35.685125,139.7753125
0.0,4.82,35.685125,139.7754375
0.0,4.78,35.685125,139.7755625
0.0,4.74,35.685125,139.7756875
0.0,4.8,35.685125,139.7758125
0.0,4.68,35.685125,139.7759375
0.0,3.12,35.68504167,139.7666875
0.0,3.02,35.68504167,139.7668125
0.0,3.17,35.68504167,139.7688125
0.0,3.26,35.68504167,139.7689375
0.0,2.9,35.68504167,139.7605625
0.0,2.91,35.68504167,139.7606875
0.0,2.99,35.68504167,139.7608125
0.0,2.86,35.68504167,139.7609375
0.0,3.01,35.68504167,139.7610625
0.0,3.04,35.68504167,139.7611875
0.0,3.04,35.68504167,139.7613125
0.0,3.06,35.68504167,139.7614375
0.0,3.13,35.68504167,139.7615625
0.0,3.19,35.68504167,139.7616875
0.0,3.15,35.68504167,139.7618125
0.0,3.16,35.68504167,139.7619375
0.0,3.16,35.68504167,139.7620625
0.0,3.16,35.68504167,139.7621875
0.0,3.14,35.68504167,139.7623125
0.0,3.11,35.68504167,139.7624375
0.0,3.08,35.68504167,139.7625625
0.0,3.11,35.68504167,139.7626875
0.0,3.1,35.68504167,139.7628125
0.0,2.87,35.68504167,139.7629375
0.0,3.02,35.68504167,139.7630625
0.0,2.91,35.68504167,139.7631875
0.0,2.98,35.68504167,139.7633125
0.174,2.76,35.68504167,139.7634375
0.0,2.98,35.68504167,139.7635625
0.435,2.61,35.68504167,139.7636875
0.538,2.57,35.68504167,139.7638125
0.68,2.5,35.68504167,139.7639375
0.756,2.4,35.68504167,139.7640625
0.775,2.27,35.68504167,139.7641875
0.779,2.23,35.68504167,139.7643125
0.676,2.33,35.68504167,139.7644375
0.607,2.4,35.68504167,139.7645625
0.61,2.52,35.68504167,139.7646875
0.564,2.65,35.68504167,139.7648125
0.56,2.77,35.68504167,139.7649375
0.413,2.74,35.68504167,139.7650625
0.269,2.75,35.68504167,139.7651875
0.0,2.9,35.68504167,139.7653125
0.0,3.09,35.68504167,139.7654375
0.0,3.14,35.68504167,139.7655625
0.0,2.95,35.68504167,139.7656875
0.0,2.88,35.68504167,139.7658125
0.0,2.9,35.68504167,139.7659375
0.0,3.0,35.68504167,139.7660625
0.0,3.06,35.68504167,139.7661875
0.0,3.19,35.68504167,139.7663125
0.0,3.33,35.68504167,139.7664375
0.0,3.26,35.68504167,139.7665625
0.0,3.02,35.68504167,139.7669375
0.0,3.04,35.68504167,139.7670625
0.0,3.18,35.68504167,139.7671875
0.0,3.06,35.68504167,139.7673125
0.0,3.09,35.68504167,139.7674375
0.0,3.03,35.68504167,139.7675625
0.225,2.85,35.68504167,139.7676875
0.221,2.84,35.68504167,139.7678125
0.392,2.76,35.68504167,139.7679375
0.347,2.75,35.68504167,139.7680625
0.32,2.77,35.68504167,139.7681875
0.327,2.8,35.68504167,139.7683125
0.341,2.81,35.68504167,139.7684375
0.352,2.8,35.68504167,139.7685625
0.296,2.85,35.68504167,139.7686875
0.0,3.34,35.68504167,139.7690625
0.0,3.4,35.68504167,139.7691875
0.0,3.46,35.68504167,139.7693125
0.0,3.51,35.68504167,139.7694375
0.0,3.45,35.68504167,139.7695625
0.0,3.4,35.68504167,139.7696875
0.0,3.35,35.68504167,139.7698125
0.0,3.38,35.68504167,139.7699375
0.0,3.52,35.68504167,139.7700625
0.0,3.57,35.68504167,139.7701875
0.0,3.76,35.68504167,139.7703125
0.0,3.74,35.68504167,139.7704375
0.0,4.32,35.68504167,139.7705625
0.0,3.86,35.68504167,139.7711875
0.0,4.03,35.68504167,139.7713125
0.0,3.87,35.68504167,139.7714375
0.0,3.97,35.68504167,139.7715625
0.0,4.13,35.68504167,139.7716875
0.0,4.14,35.68504167,139.7718125
0.0,4.23,35.68504167,139.7719375
0.0,4.32,35.68504167,139.7720625
0.0,4.42,35.68504167,139.7721875
0.0,4.47,35.68504167,139.7723125
0.0,4.5,35.68504167,139.7724375
0.0,4.53,35.68504167,139.7725625
0.0,4.57,35.68504167,139.7726875
0.0,4.55,35.68504167,139.7728125
0.0,4.6,35.68504167,139.7729375
0.0,4.42,35.68504167,139.7730625
0.0,4.23,35.68504167,139.7731875
0.0,4.26,35.68504167,139.7733125
0.0,4.19,35.68504167,139.7734375
0.0,4.22,35.68504167,139.7735625
0.0,4.19,35.68504167,139.7736875
0.0,4.2,35.68504167,139.7738125
0.0,4.29,35.68504167,139.7739375
0.0,4.39,35.68504167,139.7740625
0.0,4.53,35.68504167,139.7741875
0.014,4.62,35.68504167,139.7743125
0.076,4.52,35.68504167,139.7744375
0.074,4.57,35.68504167,139.7745625
0.007,4.81,35.68504167,139.7746875
0.013,4.92,35.68504167,139.7748125
0.0,5.0,35.68504167,139.7749375
0.0,5.01,35.68504167,139.7750625
0.0,5.02,35.68504167,139.7751875
0.0,4.93,35.68504167,139.7753125
0.0,4.92,35.68504167,139.7754375
0.0,4.99,35.68504167,139.7755625
0.0,4.85,35.68504167,139.7756875
0.0,4.79,35.68504167,139.7758125
0.0,4.67,35.68504167,139.7759375
0.0,2.84,35.68495833,139.7605625
0.0,3.06,35.68495833,139.7606875
0.0,2.89,35.68495833,139.7608125
0.0,2.93,35.68495833,139.7609375
0.0,3.08,35.68495833,139.7610625
0.0,3.11,35.68495833,139.7611875
0.0,3.11,35.68495833,139.7613125
0.0,3.13,35.68495833,139.7614375
0.0,3.15,35.68495833,139.7615625
0.0,3.21,35.68495833,139.7616875
0.0,3.21,35.68495833,139.7618125
0.0,3.15,35.68495833,139.7619375
0.0,3.13,35.68495833,139.7620625
0.0,3.11,35.68495833,139.7621875
0.0,3.08,35.68495833,139.7623125
0.0,3.05,35.68495833,139.7624375
0.0,3.03,35.68495833,139.7625625
0.0,3.05,35.68495833,139.7626875
0.0,3.09,35.68495833,139.7628125
0.117,2.84,35.68495833,139.7629375
0.0,3.01,35.68495833,139.7630625
0.0,2.97,35.68495833,139.7631875
0.0,3.08,35.68495833,139.7633125
0.0,3.03,35.68495833,139.7634375
0.0,3.16,35.68495833,139.7635625
0.0,3.15,35.68495833,139.7636875
0.262,2.78,35.68495833,139.7638125
0.511,2.53,35.68495833,139.7639375
0.71,2.33,35.68495833,139.7640625
0.761,2.28,35.68495833,139.7641875
0.776,2.27,35.68495833,139.7643125
0.716,2.33,35.68495833,139.7644375
0.609,2.43,35.68495833,139.7645625
0.545,2.5,35.68495833,139.7646875
0.466,2.58,35.68495833,139.7648125
0.452,2.59,35.68495833,139.7649375
0.442,2.6,35.68495833,139.7650625
0.429,2.61,35.68495833,139.7651875
0.325,2.72,35.68495833,139.7653125
0.217,2.82,35.68495833,139.7654375
0.0,2.92,35.68495833,139.7655625
0.224,2.82,35.68495833,139.7656875
0.0,2.89,35.68495833,139.7658125
0.0,2.93,35.68495833,139.7659375
0.0,2.99,35.68495833,139.7660625
0.0,3.04,35.68495833,139.7661875
0.0,3.2,35.68495833,139.7663125
0.0,3.29,35.68495833,139.7664375
0.0,3.19,35.68495833,139.7665625
0.0,3.05,35.68495833,139.7666875
0.163,2.98,35.68495833,139.7668125
0.149,3.0,35.68495833,139.7669375
0.0,3.02,35.68495833,139.7670625
0.0,3.15,35.68495833,139.7671875
0.151,3.0,35.68495833,139.7673125
0.146,3.0,35.68495833,139.7674375
0.2,2.95,35.68495833,139.7675625
0.306,2.85,35.68495833,139.7676875
0.307,2.84,35.68495833,139.7678125
0.388,2.76,35.68495833,139.7679375
0.398,2.75,35.68495833,139.7680625
0.382,2.77,35.68495833,139.7681875
0.35,2.8,35.68495833,139.7683125
0.338,2.81,35.68495833,139.7684375
0.347,2.8,35.68495833,139.7685625
0.303,2.85,35.68495833,139.7686875
0.0,3.18,35.68495833,139.7688125
0.0,3.26,35.68495833,139.7689375
0.0,3.31,35.68495833,139.7690625
0.0,3.38,35.68495833,139.7691875
0.0,3.44,35.68495833,139.7693125
0.0,3.49,35.68495833,139.7694375
0.0,3.44,35.68495833,139.7695625
0.0,3.41,35.68495833,139.7696875
0.0,3.35,35.68495833,139.7698125
0.0,3.35,35.68495833,139.7699375
0.0,3.51,35.68495833,139.7700625
0.0,3.58,35.68495833,139.7701875
0.0,3.74,35.68495833,139.7703125
0.0,3.6,35.68495833,139.7704375
0.0,4.12,35.68495833,139.7705625
0.0,3.63,35.68495833,139.7706875
0.0,3.25,35.68495833,139.7711875
0.0,4.15,35.68495833,139.7713125
0.0,3.88,35.68495833,139.7714375
0.0,3.9,35.68495833,139.7715625
0.0,4.0,35.68495833,139.7716875
0.0,3.99,35.68495833,139.7718125
0.0,4.05,35.68495833,139.7719375
0.0,4.25,35.68495833,139.7720625
0.0,4.47,35.68495833,139.7721875
0.0,4.54,35.68495833,139.7723125
0.0,4.46,35.68495833,139.7724375
0.0,4.46,35.68495833,139.7725625
0.0,4.52,35.68495833,139.7726875
0.0,4.49,35.68495833,139.7728125
0.0,4.45,35.68495833,139.7729375
0.0,4.3,35.68495833,139.7730625
0.0,4.06,35.68495833,139.7731875
0.0,4.05,35.68495833,139.7733125
0.0,4.07,35.68495833,139.7734375
0.0,4.08,35.68495833,139.7735625
0.0,4.07,35.68495833,139.7736875
0.0,4.08,35.68495833,139.7738125
0.0,4.17,35.68495833,139.7739375
0.0,4.26,35.68495833,139.7740625
0.0,4.45,35.68495833,139.7741875
0.009,4.52,35.68495833,139.7743125
0.074,4.43,35.68495833,139.7744375
0.081,4.45,35.68495833,139.7745625
0.081,4.69,35.68495833,139.7746875
0.013,4.84,35.68495833,139.7748125
0.0,4.9,35.68495833,139.7749375
0.0,4.96,35.68495833,139.7750625
0.0,4.87,35.68495833,139.7751875
0.0,4.91,35.68495833,139.7753125
0.0,4.97,35.68495833,139.7754375
0.0,4.96,35.68495833,139.7755625
0.0,4.74,35.68495833,139.7756875
0.0,4.65,35.68495833,139.7758125
0.0,4.61,35.68495833,139.7759375
0.0,2.94,35.684875,139.7604375
0.0,2.96,35.684875,139.7605625
0.0,2.97,35.684875,139.7606875
0.0,2.81,35.684875,139.7608125
0.0,3.02,35.684875,139.7609375
0.0,3.16,35.684875,139.7610625
0.0,3.19,35.684875,139.7611875
0.0,3.2,35.684875,139.7613125
0.0,3.21,35.684875,139.7614375
0.0,3.21,35.684875,139.7615625
0.0,3.24,35.684875,139.7616875
0.0,3.27,35.684875,139.7618125
0.0,3.16,35.684875,139.7619375
0.0,3.17,35.684875,139.7620625
0.0,3.16,35.684875,139.7621875
0.0,3.12,35.684875,139.7623125
0.0,3.08,35.684875,139.7624375
0.0,3.04,35.684875,139.7625625
0.0,3.06,35.684875,139.7626875
0.0,3.02,35.684875,139.7628125
0.11,2.84,35.684875,139.7629375
0.0,2.97,35.684875,139.7630625
0.0,2.99,35.684875,139.7631875
0.0,3.09,35.684875,139.7633125
0.0,3.13,35.684875,139.7634375
0.0,3.12,35.684875,139.7635625
0.0,3.13,35.684875,139.7636875
0.0,2.9,35.684875,139.7638125
0.191,2.85,35.684875,139.7639375
0.297,2.74,35.684875,139.7640625
0.663,2.38,35.684875,139.7641875
0.596,2.44,35.684875,139.7643125
0.728,2.31,35.684875,139.7644375
0.572,2.47,35.684875,139.7645625
0.507,2.53,35.684875,139.7646875
0.466,2.58,35.684875,139.7648125
0.435,2.61,35.684875,139.7649375
0.397,2.64,35.684875,139.7650625
0.346,2.69,35.684875,139.7651875
0.295,2.75,35.684875,139.7653125
0.26,2.78,35.684875,139.7654375
0.197,2.85,35.684875,139.7655625
0.225,2.82,35.684875,139.7656875
0.0,2.91,35.684875,139.7658125
0.184,2.86,35.684875,139.7659375
0.0,3.02,35.684875,139.7660625
0.0,3.08,35.684875,139.7661875
0.0,3.17,35.684875,139.7663125
0.0,3.21,35.684875,139.7664375
0.0,3.1,35.684875,139.7665625
0.17,2.98,35.684875,139.7666875
0.192,2.96,35.684875,139.7668125
0.164,2.98,35.684875,139.7669375
0.155,2.99,35.684875,139.7670625
0.0,3.07,35.684875,139.7671875
0.185,2.97,35.684875,139.7673125
0.206,2.94,35.684875,139.7674375
0.282,2.87,35.684875,139.7675625
0.316,2.84,35.684875,139.7676875
0.428,2.72,35.684875,139.7678125
0.437,2.71,35.684875,139.7679375
0.398,2.75,35.684875,139.7680625
0.381,2.77,35.684875,139.7681875
0.387,2.76,35.684875,139.7683125
0.369,2.78,35.684875,139.7684375
0.366,2.79,35.684875,139.7685625
0.233,2.92,35.684875,139.7686875
0.0,3.14,35.684875,139.7688125
0.0,3.21,35.684875,139.7689375
0.0,3.29,35.684875,139.7690625
0.0,3.35,35.684875,139.7691875
0.0,3.41,35.684875,139.7693125
0.0,3.47,35.684875,139.7694375
0.0,3.44,35.684875,139.7695625
0.0,3.41,35.684875,139.7696875
0.0,3.37,35.684875,139.7698125
0.0,3.36,35.684875,139.7699375
0.0,3.37,35.684875,139.7700625
0.0,3.58,35.684875,139.7701875
0.0,3.64,35.684875,139.7703125
0.0,3.5,35.684875,139.7704375
0.0,3.68,35.684875,139.7705625
0.0,4.48,35.684875,139.7706875
0.0,2.98,35.684875,139.7713125
0.0,4.08,35.684875,139.7714375
0.122,3.86,35.684875,139.7715625
0.254,3.73,35.684875,139.7716875
0.251,3.73,35.684875,139.7718125
0.29,3.69,35.684875,139.7719375
0.175,3.81,35.684875,139.7720625
0.0,4.03,35.684875,139.7721875
0.0,4.14,35.684875,139.7723125
0.0,4.28,35.684875,139.7724375
0.0,4.37,35.684875,139.7725625
0.0,4.44,35.684875,139.7726875
0.0,4.49,35.684875,139.7728125
0.0,4.35,35.684875,139.7729375
0.0,4.26,35.684875,139.7730625
0.0,4.09,35.684875,139.7731875
0.0,4.0,35.684875,139.7733125
0.0,3.94,35.684875,139.7734375
0.0,3.92,35.684875,139.7735625
0.127,3.87,35.684875,139.7736875
0.0,3.92,35.684875,139.7738125
0.01,4.04,35.684875,139.7739375
0.0,4.12,35.684875,139.7740625
0.0,4.34,35.684875,139.7741875
0.009,4.47,35.684875,139.7743125
0.081,4.48,35.684875,139.7744375
0.081,4.45,35.684875,139.7745625
0.081,4.6,35.684875,139.7746875
0.0,4.77,35.684875,139.7748125
0.0,4.78,35.684875,139.7749375
0.0,4.78,35.684875,139.7750625
0.0,4.73,35.684875,139.7751875
0.0,4.7,35.684875,139.7753125
0.0,4.67,35.684875,139.7754375
0.0,4.7,35.684875,139.7755625
0.0,4.53,35.684875,139.7756875
0.0,4.56,35.684875,139.7758125
0.004,4.46,35.684875,139.7759375
0.0,2.93,35.68479167,139.7604375
0.0,3.03,35.68479167,139.7605625
0.0,2.84,35.68479167,139.7606875
0.0,2.94,35.68479167,139.7608125
0.0,3.17,35.68479167,139.7609375
0.0,3.28,35.68479167,139.7610625
0.0,3.27,35.68479167,139.7611875
0.0,3.28,35.68479167,139.7613125
0.0,3.3,35.68479167,139.7614375
0.0,3.32,35.68479167,139.7615625
0.0,3.33,35.68479167,139.7616875
0.0,3.3,35.68479167,139.7618125
0.0,3.16,35.68479167,139.7619375
0.0,3.18,35.68479167,139.7620625
0.0,3.21,35.68479167,139.7621875
0.0,3.25,35.68479167,139.7623125
0.0,3.24,35.68479167,139.7624375
0.0,3.2,35.68479167,139.7625625
0.0,3.11,35.68479167,139.7626875
0.0,2.96,35.68479167,139.7628125
0.0,2.86,35.68479167,139.7629375
0.0,2.9,35.68479167,139.7630625
0.0,3.08,35.68479167,139.7631875
0.0,3.07,35.68479167,139.7633125
0.0,3.07,35.68479167,139.7634375
0.0,3.06,35.68479167,139.7635625
0.0,3.05,35.68479167,139.7636875
0.0,3.02,35.68479167,139.7638125
0.0,3.0,35.68479167,139.7639375
0.343,2.7,35.68479167,139.7640625
0.833,2.21,35.68479167,139.7641875
0.536,2.5,35.68479167,139.7643125
0.586,2.46,35.68479167,139.7644375
0.25,2.79,35.68479167,139.7645625
0.224,2.82,35.68479167,139.7646875
0.221,2.82,35.68479167,139.7648125
0.237,2.8,35.68479167,139.7649375
0.331,2.71,35.68479167,139.7650625
0.345,2.7,35.68479167,139.7651875
0.342,2.7,35.68479167,139.7653125
0.18,2.86,35.68479167,139.7654375
0.0,2.89,35.68479167,139.7655625
0.0,2.92,35.68479167,139.7656875
0.0,2.92,35.68479167,139.7658125
0.19,2.86,35.68479167,139.7659375
0.206,2.85,35.68479167,139.7660625
0.0,3.01,35.68479167,139.7661875
0.0,3.1,35.68479167,139.7663125
0.0,3.04,35.68479167,139.7664375
0.14,3.0,35.68479167,139.7665625
0.225,2.92,35.68479167,139.7666875
0.218,2.93,35.68479167,139.7668125
0.182,2.97,35.68479167,139.7669375
0.189,2.96,35.68479167,139.7670625
0.176,2.98,35.68479167,139.7671875
0.217,2.93,35.68479167,139.7673125
0.267,2.88,35.68479167,139.7674375
0.357,2.79,35.68479167,139.7675625
0.361,2.79,35.68479167,139.7676875
0.488,2.66,35.68479167,139.7678125
0.453,2.7,35.68479167,139.7679375
0.428,2.72,35.68479167,139.7680625
0.38,2.77,35.68479167,139.7681875
0.351,2.8,35.68479167,139.7683125
0.354,2.8,35.68479167,139.7684375
0.379,2.77,35.68479167,139.7685625
0.0,3.1,35.68479167,139.7686875
0.0,3.16,35.68479167,139.7688125
0.0,3.19,35.68479167,139.7689375
0.0,3.25,35.68479167,139.7690625
0.0,3.32,35.68479167,139.7691875
0.0,3.38,35.68479167,139.7693125
0.0,3.44,35.68479167,139.7694375
0.0,3.43,35.68479167,139.7695625
0.0,3.4,35.68479167,139.7696875
0.0,3.38,35.68479167,139.7698125
0.0,3.33,35.68479167,139.7699375
0.0,3.34,35.68479167,139.7700625
0.0,3.64,35.68479167,139.7701875
0.0,3.6,35.68479167,139.7703125
0.0,3.6,35.68479167,139.7704375
0.0,3.59,35.68479167,139.7705625
0.0,3.98,35.68479167,139.7706875
0.476,3.5,35.68479167,139.7714375
0.836,3.15,35.68479167,139.7715625
0.874,3.11,35.68479167,139.7716875
0.568,3.41,35.68479167,139.7718125
0.446,3.54,35.68479167,139.7719375
0.38,3.6,35.68479167,139.7720625
0.357,3.62,35.68479167,139.7721875
0.267,3.71,35.68479167,139.7723125
0.144,3.83,35.68479167,139.7724375
0.0,3.94,35.68479167,139.7725625
0.0,4.09,35.68479167,139.7726875
0.0,4.22,35.68479167,139.7728125
0.0,4.27,35.68479167,139.7729375
0.0,4.01,35.68479167,139.7730625
0.0,4.09,35.68479167,139.7731875
0.0,4.01,35.68479167,139.7733125
0.14,3.85,35.68479167,139.7734375
0.14,3.85,35.68479167,139.7735625
0.162,3.83,35.68479167,139.7736875
0.225,3.77,35.68479167,139.7738125
0.205,3.79,35.68479167,139.7739375
0.027,3.94,35.68479167,139.7740625
0.011,4.16,35.68479167,139.7741875
0.029,4.33,35.68479167,139.7743125
0.045,4.4,35.68479167,139.7744375
0.081,4.45,35.68479167,139.7745625
0.066,4.44,35.68479167,139.7746875
0.0,4.63,35.68479167,139.7748125
0.0,4.64,35.68479167,139.7749375
0.0,4.6,35.68479167,139.7750625
0.0,4.56,35.68479167,139.7751875
0.0,4.43,35.68479167,139.7753125
0.04,4.3,35.68479167,139.7754375
0.04,4.39,35.68479167,139.7755625
0.034,4.29,35.68479167,139.7756875
0.034,4.2,35.68479167,139.7758125
0.013,4.13,35.68479167,139.7759375
0.0,2.91,35.68470833,139.7604375
0.0,2.96,35.68470833,139.7605625
0.0,2.92,35.68470833,139.7606875
0.0,3.09,35.68470833,139.7608125
0.0,3.3,35.68470833,139.7609375
0.0,3.34,35.68470833,139.7610625
0.0,3.29,35.68470833,139.7611875
0.0,3.33,35.68470833,139.7613125
0.0,3.35,35.68470833,139.7614375
0.0,3.39,35.68470833,139.7615625
0.0,3.42,35.68470833,139.7616875
0.0,3.34,35.68470833,139.7618125
0.0,3.28,35.68470833,139.7619375
0.0,3.27,35.68470833,139.7620625
0.0,3.27,35.68470833,139.7621875
0.0,3.28,35.68470833,139.7623125
0.0,3.27,35.68470833,139.7624375
0.0,3.26,35.68470833,139.7625625
0.0,3.11,35.68470833,139.7626875
0.0,2.9,35.68470833,139.7628125
0.0,2.9,35.68470833,139.7629375
0.0,2.82,35.68470833,139.7630625
0.0,3.0,35.68470833,139.7631875
0.0,3.06,35.68470833,139.7633125
0.0,3.04,35.68470833,139.7634375
0.0,3.01,35.68470833,139.7635625
0.0,2.99,35.68470833,139.7636875
0.0,2.98,35.68470833,139.7638125
0.0,2.95,35.68470833,139.7639375
0.637,2.4,35.68470833,139.7640625
0.834,2.21,35.68470833,139.7641875
0.469,2.57,35.68470833,139.7643125
0.492,2.55,35.68470833,139.7644375
0.0,2.95,35.68470833,139.7645625
0.0,2.92,35.68470833,139.7646875
0.0,2.97,35.68470833,139.7648125
0.0,3.01,35.68470833,139.7649375
0.0,2.98,35.68470833,139.7650625
0.0,2.96,35.68470833,139.7651875
0.0,2.93,35.68470833,139.7653125
0.197,2.85,35.68470833,139.7654375
0.0,2.9,35.68470833,139.7655625
0.0,2.92,35.68470833,139.7656875
0.0,2.94,35.68470833,139.7658125
0.0,2.95,35.68470833,139.7659375
0.0,2.98,35.68470833,139.7660625
0.0,2.98,35.68470833,139.7661875
0.135,2.98,35.68470833,139.7663125
0.154,2.98,35.68470833,139.7664375
0.181,2.96,35.68470833,139.7665625
0.257,2.89,35.68470833,139.7666875
0.257,2.89,35.68470833,139.7668125
0.2,2.95,35.68470833,139.7669375
0.224,2.93,35.68470833,139.7670625
0.258,2.89,35.68470833,139.7671875
0.255,2.9,35.68470833,139.7673125
0.327,2.83,35.68470833,139.7674375
0.416,2.74,35.68470833,139.7675625
0.383,2.77,35.68470833,139.7676875
0.546,2.61,35.68470833,139.7678125
0.481,2.67,35.68470833,139.7679375
0.443,2.71,35.68470833,139.7680625
0.402,2.75,35.68470833,139.7681875
0.351,2.8,35.68470833,139.7683125
0.32,2.83,35.68470833,139.7684375
0.356,2.79,35.68470833,139.7685625
0.0,3.12,35.68470833,139.7686875
0.0,3.2,35.68470833,139.7688125
0.0,3.22,35.68470833,139.7689375
0.0,3.23,35.68470833,139.7690625
0.0,3.29,35.68470833,139.7691875
0.0,3.36,35.68470833,139.7693125
0.0,3.41,35.68470833,139.7694375
0.0,3.41,35.68470833,139.7695625
0.0,3.39,35.68470833,139.7696875
0.0,3.38,35.68470833,139.7698125
0.0,3.3,35.68470833,139.7699375
0.0,3.4,35.68470833,139.7700625
0.0,3.61,35.68470833,139.7701875
0.0,3.57,35.68470833,139.7703125
0.0,3.61,35.68470833,139.7704375
0.0,3.56,35.68470833,139.7705625
0.0,3.79,35.68470833,139.7706875
0.0,0.88,35.68470833,139.7708125
1.082,2.9,35.68470833,139.7716875
1.125,2.86,35.68470833,139.7718125
0.586,3.4,35.68470833,139.7719375
0.755,3.23,35.68470833,139.7720625
0.458,3.52,35.68470833,139.7721875
0.347,3.63,35.68470833,139.7723125
0.357,3.62,35.68470833,139.7724375
0.325,3.65,35.68470833,139.7725625
0.227,3.76,35.68470833,139.7726875
0.133,3.86,35.68470833,139.7728125
0.0,4.02,35.68470833,139.7729375
0.0,3.94,35.68470833,139.7730625
0.0,3.92,35.68470833,139.7731875
0.248,3.75,35.68470833,139.7733125
0.265,3.73,35.68470833,139.7734375
0.22,3.77,35.68470833,139.7735625
0.238,3.76,35.68470833,139.7736875
0.238,3.76,35.68470833,139.7738125
0.178,3.82,35.68470833,139.7739375
0.027,3.88,35.68470833,139.7740625
0.033,4.0,35.68470833,139.7741875
0.029,4.14,35.68470833,139.7743125
0.045,4.33,35.68470833,139.7744375
0.066,4.47,35.68470833,139.7745625
0.039,4.49,35.68470833,139.7746875
0.0,4.56,35.68470833,139.7748125
0.0,4.52,35.68470833,139.7749375
0.028,4.43,35.68470833,139.7750625
0.028,4.3,35.68470833,139.7751875
0.067,4.25,35.68470833,139.7753125
0.04,4.2,35.68470833,139.7754375
0.073,4.16,35.68470833,139.7755625
0.073,4.17,35.68470833,139.7756875
0.034,4.17,35.68470833,139.7758125
0.029,4.19,35.68470833,139.7759375
0.0,2.98,35.684625,139.7604375
0.0,2.95,35.684625,139.7605625
0.0,2.99,35.684625,139.7606875
0.0,3.18,35.684625,139.7608125
0.0,3.37,35.684625,139.7609375
0.0,3.38,35.684625,139.7610625
0.0,3.29,35.684625,139.7611875
0.0,3.33,35.684625,139.7613125
0.0,3.37,35.684625,139.7614375
0.0,3.4,35.684625,139.7615625
0.0,3.41,35.684625,139.7616875
0.0,3.35,35.684625,139.7618125
0.0,3.29,35.684625,139.7619375
0.0,3.28,35.684625,139.7620625
0.0,3.26,35.684625,139.7621875
0.0,3.24,35.684625,139.7623125
0.0,3.22,35.684625,139.7624375
0.0,3.23,35.684625,139.7625625
0.0,3.08,35.684625,139.7626875
0.0,2.84,35.684625,139.7628125
0.0,2.93,35.684625,139.7629375
0.126,2.78,35.684625,139.7630625
0.0,3.01,35.684625,139.7631875
0.0,3.06,35.684625,139.7633125
0.0,3.06,35.684625,139.7634375
0.0,3.02,35.684625,139.7635625
0.0,2.99,35.684625,139.7636875
0.0,2.97,35.684625,139.7638125
0.0,2.9,35.684625,139.7639375
0.564,2.48,35.684625,139.7640625
0.48,2.56,35.684625,139.7641875
0.499,2.54,35.684625,139.7643125
0.181,2.86,35.684625,139.7644375
0.0,2.99,35.684625,139.7645625
0.0,2.87,35.684625,139.7646875
0.0,2.86,35.684625,139.7648125
0.0,2.95,35.684625,139.7649375
0.0,3.0,35.684625,139.7650625
0.0,3.13,35.684625,139.7651875
0.0,3.09,35.684625,139.7653125
0.0,2.98,35.684625,139.7654375
0.0,2.95,35.684625,139.7655625
0.0,2.91,35.684625,139.7656875
0.178,2.87,35.684625,139.7658125
0.176,2.88,35.684625,139.7659375
0.0,2.94,35.684625,139.7660625
0.0,2.98,35.684625,139.7661875
0.0,3.01,35.684625,139.7663125
0.0,3.02,35.684625,139.7664375
0.18,2.96,35.684625,139.7665625
0.246,2.9,35.684625,139.7666875
0.332,2.82,35.684625,139.7668125
0.295,2.85,35.684625,139.7669375
0.29,2.86,35.684625,139.7670625
0.287,2.87,35.684625,139.7671875
0.297,2.85,35.684625,139.7673125
0.367,2.79,35.684625,139.7674375
0.485,2.67,35.684625,139.7675625
0.488,2.66,35.684625,139.7676875
0.56,2.59,35.684625,139.7678125
0.496,2.66,35.684625,139.7679375
0.445,2.71,35.684625,139.7680625
0.405,2.75,35.684625,139.7681875
0.353,2.8,35.684625,139.7683125
0.316,2.84,35.684625,139.7684375
0.32,2.83,35.684625,139.7685625
0.0,3.1,35.684625,139.7686875
0.0,3.14,35.684625,139.7688125
0.0,3.21,35.684625,139.7689375
0.0,3.25,35.684625,139.7690625
0.0,3.27,35.684625,139.7691875
0.0,3.33,35.684625,139.7693125
0.0,3.39,35.684625,139.7694375
0.0,3.4,35.684625,139.7695625
0.0,3.38,35.684625,139.7696875
0.0,3.35,35.684625,139.7698125
0.0,3.29,35.684625,139.7699375
0.0,3.43,35.684625,139.7700625
0.0,3.56,35.684625,139.7701875
0.0,3.55,35.684625,139.7703125
0.0,3.56,35.684625,139.7704375
0.0,3.52,35.684625,139.7705625
0.0,3.53,35.684625,139.7706875
0.0,1.68,35.684625,139.7708125
0.021,4.31,35.684625,139.7744375
1.242,2.74,35.684625,139.7723125
0.379,3.6,35.684625,139.7724375
0.388,3.59,35.684625,139.7725625
0.44,3.55,35.684625,139.7726875
0.399,3.59,35.684625,139.7728125
0.288,3.71,35.684625,139.7729375
0.224,3.77,35.684625,139.7730625
0.337,3.66,35.684625,139.7731875
0.695,3.3,35.684625,139.7733125
0.725,3.27,35.684625,139.7734375
0.635,3.36,35.684625,139.7735625
0.502,3.49,35.684625,139.7736875
0.388,3.61,35.684625,139.7738125
0.135,3.86,35.684625,139.7739375
0.027,3.94,35.684625,139.7740625
0.033,3.93,35.684625,139.7741875
0.033,4.01,35.684625,139.7743125
0.013,4.45,35.684625,139.7745625
0.013,4.47,35.684625,139.7746875
0.008,4.38,35.684625,139.7748125
0.007,4.33,35.684625,139.7749375
0.04,4.23,35.684625,139.7750625
0.04,4.18,35.684625,139.7751875
0.067,4.17,35.684625,139.7753125
0.066,4.23,35.684625,139.7754375
0.073,4.13,35.684625,139.7755625
0.073,4.11,35.684625,139.7756875
0.136,4.22,35.684625,139.7758125
0.12,4.14,35.684625,139.7759375
0.0,3.03,35.68454167,139.7604375
0.0,2.92,35.68454167,139.7605625
0.0,3.02,35.68454167,139.7606875
0.0,3.19,35.68454167,139.7608125
0.0,3.34,35.68454167,139.7609375
0.0,3.41,35.68454167,139.7610625
0.0,3.28,35.68454167,139.7611875
0.0,3.33,35.68454167,139.7613125
0.0,3.37,35.68454167,139.7614375
0.0,3.41,35.68454167,139.7615625
0.0,3.45,35.68454167,139.7616875
0.0,3.28,35.68454167,139.7618125
0.0,3.12,35.68454167,139.7619375
0.0,3.12,35.68454167,139.7620625
0.0,3.09,35.68454167,139.7621875
0.0,3.07,35.68454167,139.7623125
0.0,3.07,35.68454167,139.7624375
0.0,3.12,35.68454167,139.7625625
0.0,3.04,35.68454167,139.7626875
0.0,2.82,35.68454167,139.7628125
0.0,2.93,35.68454167,139.7629375
0.0,2.82,35.68454167,139.7630625
0.0,2.98,35.68454167,139.7631875
0.0,3.04,35.68454167,139.7633125
0.0,3.08,35.68454167,139.7634375
0.0,3.05,35.68454167,139.7635625
0.0,3.02,35.68454167,139.7636875
0.0,3.0,35.68454167,139.7638125
0.299,2.74,35.68454167,139.7639375
0.433,2.61,35.68454167,139.7640625
0.345,2.69,35.68454167,139.7641875
0.529,2.51,35.68454167,139.7643125
0.0,3.03,35.68454167,139.7644375
0.0,3.02,35.68454167,139.7645625
0.0,2.96,35.68454167,139.7646875
0.0,2.9,35.68454167,139.7648125
0.0,2.85,35.68454167,139.7649375
0.0,2.8,35.68454167,139.7650625
0.0,3.03,35.68454167,139.7651875
0.0,3.04,35.68454167,139.7653125
0.0,3.03,35.68454167,139.7654375
0.0,2.96,35.68454167,139.7655625
0.211,2.83,35.68454167,139.7656875
0.0,3.06,35.68454167,139.7658125
0.0,3.09,35.68454167,139.7659375
0.0,3.02,35.68454167,139.7660625
0.151,2.96,35.68454167,139.7661875
0.211,2.91,35.68454167,139.7663125
0.178,2.96,35.68454167,139.7664375
0.207,2.94,35.68454167,139.7665625
0.216,2.93,35.68454167,139.7666875
0.25,2.9,35.68454167,139.7668125
0.315,2.83,35.68454167,139.7669375
0.382,2.77,35.68454167,139.7670625
0.451,2.7,35.68454167,139.7671875
0.499,2.65,35.68454167,139.7673125
0.494,2.66,35.68454167,139.7674375
0.483,2.67,35.68454167,139.7675625
0.593,2.56,35.68454167,139.7676875
0.548,2.6,35.68454167,139.7678125
0.522,2.63,35.68454167,139.7679375
0.474,2.68,35.68454167,139.7680625
0.421,2.73,35.68454167,139.7681875
0.375,2.78,35.68454167,139.7683125
0.349,2.8,35.68454167,139.7684375
0.267,2.88,35.68454167,139.7685625
0.0,3.13,35.68454167,139.7686875
0.0,3.11,35.68454167,139.7688125
0.0,3.16,35.68454167,139.7689375
0.0,3.22,35.68454167,139.7690625
0.0,3.28,35.68454167,139.7691875
0.0,3.32,35.68454167,139.7693125
0.0,3.36,35.68454167,139.7694375
0.0,3.38,35.68454167,139.7695625
0.0,3.36,35.68454167,139.7696875
0.0,3.34,35.68454167,139.7698125
0.0,3.35,35.68454167,139.7699375
0.0,3.49,35.68454167,139.7700625
0.0,3.56,35.68454167,139.7701875
0.0,3.56,35.68454167,139.7703125
0.0,3.56,35.68454167,139.7704375
0.0,3.47,35.68454167,139.7705625
0.0,3.72,35.68454167,139.7706875
0.0,2.84,35.68454167,139.7708125
0.645,3.35,35.68454167,139.7729375
0.182,3.81,35.68454167,139.7730625
0.386,3.61,35.68454167,139.7731875
0.833,3.16,35.68454167,139.7733125
1.09,2.9,35.68454167,139.7734375
1.07,2.92,35.68454167,139.7735625
1.058,2.94,35.68454167,139.7736875
0.963,3.03,35.68454167,139.7738125
0.56,3.44,35.68454167,139.7739375
0.363,3.63,35.68454167,139.7740625
0.118,3.88,35.68454167,139.7741875
0.024,3.89,35.68454167,139.7743125
0.007,4.2,35.68454167,139.7744375
0.0,4.46,35.68454167,139.7745625
0.0,4.5,35.68454167,139.7746875
0.008,4.41,35.68454167,139.7748125
0.031,4.28,35.68454167,139.7749375
0.134,4.16,35.68454167,139.7750625
0.159,4.15,35.68454167,139.7751875
0.159,4.18,35.68454167,139.7753125
0.066,4.21,35.68454167,139.7754375
0.066,4.25,35.68454167,139.7755625
0.136,3.83,35.68454167,139.7756875
0.136,3.51,35.68454167,139.7758125
0.12,3.21,35.68454167,139.7759375
0.0,2.85,35.68445833,139.7606875
0.0,3.06,35.68445833,139.7608125
0.0,3.29,35.68445833,139.7609375
0.0,3.4,35.68445833,139.7610625
0.0,3.31,35.68445833,139.7611875
0.0,3.32,35.68445833,139.7613125
0.0,3.37,35.68445833,139.7614375
0.0,3.4,35.68445833,139.7615625
0.0,3.34,35.68445833,139.7616875
0.0,3.19,35.68445833,139.7618125
0.0,2.93,35.68445833,139.7619375
0.0,2.92,35.68445833,139.7620625
0.0,2.92,35.68445833,139.7621875
0.0,2.91,35.68445833,139.7623125
0.0,2.97,35.68445833,139.7624375
0.0,3.08,35.68445833,139.7625625
0.0,2.97,35.68445833,139.7626875
0.0,2.84,35.68445833,139.7628125
0.0,2.86,35.68445833,139.7629375
0.117,2.78,35.68445833,139.7630625
0.0,3.0,35.68445833,139.7631875
0.0,3.1,35.68445833,139.7633125
0.0,3.07,35.68445833,139.7634375
0.0,3.08,35.68445833,139.7635625
0.0,3.11,35.68445833,139.7636875
0.0,2.97,35.68445833,139.7638125
0.22,2.82,35.68445833,139.7639375
0.367,2.67,35.68445833,139.7640625
0.221,2.82,35.68445833,139.7641875
0.471,2.57,35.68445833,139.7643125
0.0,3.04,35.68445833,139.7644375
0.0,3.05,35.68445833,139.7645625
0.0,2.97,35.68445833,139.7646875
0.0,2.9,35.68445833,139.7648125
0.0,2.82,35.68445833,139.7649375
0.0,2.78,35.68445833,139.7650625
0.0,2.93,35.68445833,139.7651875
0.0,3.06,35.68445833,139.7653125
0.0,2.95,35.68445833,139.7654375
0.0,2.95,35.68445833,139.7655625
0.0,2.9,35.68445833,139.7656875
0.0,3.21,35.68445833,139.7658125
0.0,3.27,35.68445833,139.7659375
0.0,3.23,35.68445833,139.7660625
0.0,3.2,35.68445833,139.7661875
0.0,3.13,35.68445833,139.7663125
0.0,3.08,35.68445833,139.7664375
0.155,2.99,35.68445833,139.7665625
0.212,2.94,35.68445833,139.7666875
0.243,2.91,35.68445833,139.7668125
0.294,2.86,35.68445833,139.7669375
0.362,2.79,35.68445833,139.7670625
0.377,2.77,35.68445833,139.7671875
0.417,2.73,35.68445833,139.7673125
0.473,2.68,35.68445833,139.7674375
0.541,2.61,35.68445833,139.7675625
0.587,2.56,35.68445833,139.7676875
0.577,2.58,35.68445833,139.7678125
0.543,2.61,35.68445833,139.7679375
0.505,2.65,35.68445833,139.7680625
0.467,2.69,35.68445833,139.7681875
0.426,2.73,35.68445833,139.7683125
0.361,2.79,35.68445833,139.7684375
0.208,2.94,35.68445833,139.7685625
0.0,3.09,35.68445833,139.7686875
0.0,3.14,35.68445833,139.7688125
0.0,3.11,35.68445833,139.7689375
0.0,3.17,35.68445833,139.7690625
0.0,3.23,35.68445833,139.7691875
0.0,3.29,35.68445833,139.7693125
0.0,3.34,35.68445833,139.7694375
0.0,3.39,35.68445833,139.7695625
0.0,3.35,35.68445833,139.7696875
0.0,3.33,35.68445833,139.7698125
0.0,3.35,35.68445833,139.7699375
0.0,3.54,35.68445833,139.7700625
0.0,3.58,35.68445833,139.7701875
0.0,3.57,35.68445833,139.7703125
0.0,3.56,35.68445833,139.7704375
0.0,3.59,35.68445833,139.7705625
0.0,3.87,35.68445833,139.7706875
0.0,3.72,35.68445833,139.7708125
0.0,2.4,35.68445833,139.7709375
2.045,1.95,35.68445833,139.7733125
1.52,2.48,35.68445833,139.7734375
1.295,2.7,35.68445833,139.7735625
1.385,2.61,35.68445833,139.7736875
1.295,2.7,35.68445833,139.7738125
0.995,3.0,35.68445833,139.7739375
0.735,3.26,35.68445833,139.7740625
0.462,3.53,35.68445833,139.7741875
0.256,3.74,35.68445833,139.7743125
0.004,4.49,35.68445833,139.7744375
0.0,4.59,35.68445833,139.7745625
0.0,4.53,35.68445833,139.7746875
0.008,4.38,35.68445833,139.7748125
0.031,4.28,35.68445833,139.7749375
0.134,3.94,35.68445833,139.7750625
0.159,3.81,35.68445833,139.7751875
0.159,4.26,35.68445833,139.7753125
0.047,4.4,35.68445833,139.7754375
0.169,4.07,35.68445833,139.7755625
0.169,2.56,35.68445833,139.7756875
0.136,2.09,35.68445833,139.7758125
0.12,2.25,35.68445833,139.7759375
0.0,3.38,35.684375,139.7614375
0.0,3.37,35.684375,139.7615625
0.0,3.28,35.684375,139.7616875
0.0,3.06,35.684375,139.7618125
0.0,2.73,35.684375,139.7619375
0.0,2.67,35.684375,139.7620625
0.0,2.75,35.684375,139.7621875
0.0,2.79,35.684375,139.7623125
0.0,3.0,35.684375,139.7624375
0.0,3.09,35.684375,139.7625625
0.0,2.9,35.684375,139.7626875
0.0,2.84,35.684375,139.7628125
0.0,2.8,35.684375,139.7629375
0.0,2.85,35.684375,139.7630625
0.0,3.04,35.684375,139.7631875
0.0,3.05,35.684375,139.7633125
0.0,3.06,35.684375,139.7634375
0.0,3.1,35.684375,139.7635625
0.0,3.14,35.684375,139.7636875
0.0,3.04,35.684375,139.7638125
0.0,2.92,35.684375,139.7639375
0.26,2.78,35.684375,139.7640625
0.228,2.81,35.684375,139.7641875
0.425,2.61,35.684375,139.7643125
0.0,3.13,35.684375,139.7644375
0.0,3.05,35.684375,139.7645625
0.0,2.97,35.684375,139.7646875
0.0,2.91,35.684375,139.7648125
0.0,2.84,35.684375,139.7649375
0.0,2.85,35.684375,139.7650625
0.0,2.88,35.684375,139.7651875
0.0,3.05,35.684375,139.7653125
0.0,2.92,35.684375,139.7654375
0.0,2.97,35.684375,139.7655625
0.0,3.02,35.684375,139.7656875
0.0,3.27,35.684375,139.7658125
0.0,3.32,35.684375,139.7659375
0.0,3.34,35.684375,139.7660625
0.0,3.28,35.684375,139.7661875
0.0,3.2,35.684375,139.7663125
0.0,3.19,35.684375,139.7664375
0.0,3.19,35.684375,139.7665625
0.0,3.15,35.684375,139.7666875
0.154,3.0,35.684375,139.7668125
0.238,2.91,35.684375,139.7669375
0.432,2.72,35.684375,139.7670625
0.477,2.67,35.684375,139.7671875
0.447,2.71,35.684375,139.7673125
0.402,2.75,35.684375,139.7674375
0.462,2.69,35.684375,139.7675625
0.467,2.69,35.684375,139.7676875
0.464,2.69,35.684375,139.7678125
0.513,2.64,35.684375,139.7679375
0.539,2.61,35.684375,139.7680625
0.561,2.59,35.684375,139.7681875
0.419,2.73,35.684375,139.7683125
0.356,2.8,35.684375,139.7684375
0.141,3.01,35.684375,139.7685625
0.0,3.07,35.684375,139.7686875
0.0,3.13,35.684375,139.7688125
0.0,3.12,35.684375,139.7689375
0.0,3.13,35.684375,139.7690625
0.0,3.19,35.684375,139.7691875
0.0,3.26,35.684375,139.7693125
0.0,3.36,35.684375,139.7694375
0.0,3.41,35.684375,139.7695625
0.0,3.35,35.684375,139.7696875
0.0,3.4,35.684375,139.7698125
0.0,3.39,35.684375,139.7699375
0.0,3.66,35.684375,139.7700625
0.0,3.6,35.684375,139.7701875
0.0,3.58,35.684375,139.7703125
0.0,3.53,35.684375,139.7704375
0.0,3.66,35.684375,139.7705625
0.0,3.9,35.684375,139.7706875
0.0,3.81,35.684375,139.7708125
0.0,3.86,35.684375,139.7709375
0.0,3.98,35.684375,139.7710625
0.301,3.6,35.684375,139.7711875
0.647,3.26,35.684375,139.7713125
1.641,2.26,35.684375,139.7714375
2.552,1.35,35.684375,139.7715625
2.825,1.17,35.684375,139.7738125
2.25,1.75,35.684375,139.7739375
1.788,2.21,35.684375,139.7740625
1.372,2.62,35.684375,139.7741875
1.327,2.67,35.684375,139.7743125
0.046,4.12,35.684375,139.7744375
0.0,4.69,35.684375,139.7745625
0.0,4.63,35.684375,139.7746875
0.006,4.61,35.684375,139.7748125
0.013,3.35,35.684375,139.7749375
0.045,2.65,35.684375,139.7750625
0.045,2.31,35.684375,139.7751875
0.159,3.81,35.684375,139.7753125
0.0,3.21,35.684375,139.7754375
0.0,2.74,35.68429167,139.7620625
0.0,2.68,35.68429167,139.7621875
0.0,2.71,35.68429167,139.7623125
0.0,3.1,35.68429167,139.7624375
0.0,3.07,35.68429167,139.7625625
0.0,2.8,35.68429167,139.7626875
0.0,2.87,35.68429167,139.7628125
0.114,2.76,35.68429167,139.7629375
0.0,2.92,35.68429167,139.7630625
0.0,3.01,35.68429167,139.7631875
0.0,3.07,35.68429167,139.7633125
0.0,3.06,35.68429167,139.7634375
0.0,3.09,35.68429167,139.7635625
0.0,3.1,35.68429167,139.7636875
0.0,3.03,35.68429167,139.7638125
0.0,2.94,35.68429167,139.7639375
0.198,2.84,35.68429167,139.7640625
0.273,2.77,35.68429167,139.7641875
0.274,2.77,35.68429167,139.7643125
0.0,3.13,35.68429167,139.7644375
0.0,3.05,35.68429167,139.7645625
0.0,2.97,35.68429167,139.7646875
0.0,2.9,35.68429167,139.7648125
0.0,2.91,35.68429167,139.7649375
0.0,2.93,35.68429167,139.7650625
0.0,2.95,35.68429167,139.7651875
0.0,3.01,35.68429167,139.7653125
0.189,2.85,35.68429167,139.7654375
0.0,2.96,35.68429167,139.7655625
0.0,3.2,35.68429167,139.7656875
0.0,3.31,35.68429167,139.7658125
0.0,3.31,35.68429167,139.7659375
0.0,3.33,35.68429167,139.7660625
0.0,3.29,35.68429167,139.7661875
0.0,3.17,35.68429167,139.7663125
0.0,3.1,35.68429167,139.7664375
0.0,3.18,35.68429167,139.7665625
0.0,3.25,35.68429167,139.7666875
0.0,3.19,35.68429167,139.7668125
0.0,3.1,35.68429167,139.7669375
0.185,2.97,35.68429167,139.7670625
0.341,2.81,35.68429167,139.7671875
0.494,2.66,35.68429167,139.7673125
0.508,2.64,35.68429167,139.7674375
0.486,2.67,35.68429167,139.7675625
0.446,2.71,35.68429167,139.7676875
0.462,2.69,35.68429167,139.7678125
0.455,2.7,35.68429167,139.7679375
0.392,2.76,35.68429167,139.7680625
0.474,2.68,35.68429167,139.7681875
0.412,2.74,35.68429167,139.7683125
0.395,2.76,35.68429167,139.7684375
0.243,2.91,35.68429167,139.7685625
0.151,3.0,35.68429167,139.7686875
0.0,3.05,35.68429167,139.7688125
0.0,3.13,35.68429167,139.7689375
0.0,3.11,35.68429167,139.7690625
0.0,3.17,35.68429167,139.7691875
0.0,3.25,35.68429167,139.7693125
0.0,3.35,35.68429167,139.7694375
0.0,3.41,35.68429167,139.7695625
0.0,3.36,35.68429167,139.7696875
0.0,3.3,35.68429167,139.7698125
0.0,3.45,35.68429167,139.7699375
0.0,3.68,35.68429167,139.7700625
0.0,3.63,35.68429167,139.7701875
0.0,3.57,35.68429167,139.7703125
0.0,3.51,35.68429167,139.7704375
0.0,3.81,35.68429167,139.7705625
0.0,3.86,35.68429167,139.7706875
0.0,3.87,35.68429167,139.7708125
0.0,3.8,35.68429167,139.7709375
0.0,3.77,35.68429167,139.7710625
0.0,3.98,35.68429167,139.7711875
0.0,4.25,35.68429167,139.7713125
0.0,4.27,35.68429167,139.7714375
0.0,3.8,35.68429167,139.7715625
0.58,3.34,35.68429167,139.7716875
0.684,3.23,35.68429167,139.7718125
0.702,3.21,35.68429167,139.7719375
0.0,2.03,35.68429167,139.7746875
0.003,2.53,35.68429167,139.7748125
0.0,2.75,35.68420833,139.7626875
0.0,2.86,35.68420833,139.7628125
0.125,2.75,35.68420833,139.7629375
0.0,2.92,35.68420833,139.7630625
0.0,3.01,35.68420833,139.7631875
0.0,3.07,35.68420833,139.7633125
0.0,3.1,35.68420833,139.7634375
0.0,3.15,35.68420833,139.7635625
0.0,3.08,35.68420833,139.7636875
0.0,3.01,35.68420833,139.7638125
0.0,2.94,35.68420833,139.7639375
0.0,2.9,35.68420833,139.7640625
0.31,2.73,35.68420833,139.7641875
0.0,2.93,35.68420833,139.7643125
0.0,3.14,35.68420833,139.7644375
0.0,3.06,35.68420833,139.7645625
0.0,2.97,35.68420833,139.7646875
0.0,2.95,35.68420833,139.7648125
0.0,2.99,35.68420833,139.7649375
0.0,3.01,35.68420833,139.7650625
0.0,3.03,35.68420833,139.7651875
0.0,3.05,35.68420833,139.7653125
0.167,2.88,35.68420833,139.7654375
0.0,2.95,35.68420833,139.7655625
0.0,3.24,35.68420833,139.7656875
0.0,3.29,35.68420833,139.7658125
0.0,3.31,35.68420833,139.7659375
0.0,3.33,35.68420833,139.7660625
0.0,3.28,35.68420833,139.7661875
0.0,3.15,35.68420833,139.7663125
0.0,3.19,35.68420833,139.7664375
0.0,3.17,35.68420833,139.7665625
0.0,3.26,35.68420833,139.7666875
0.0,3.25,35.68420833,139.7668125
0.0,3.23,35.68420833,139.7669375
0.0,3.19,35.68420833,139.7670625
0.0,3.01,35.68420833,139.7671875
0.412,2.74,35.68420833,139.7673125
0.587,2.56,35.68420833,139.7674375
0.501,2.65,35.68420833,139.7675625
0.501,2.65,35.68420833,139.7676875
0.537,2.62,35.68420833,139.7678125
0.531,2.62,35.68420833,139.7679375
0.466,2.69,35.68420833,139.7680625
0.339,2.81,35.68420833,139.7681875
0.307,2.85,35.68420833,139.7683125
0.308,2.85,35.68420833,139.7684375
0.345,2.81,35.68420833,139.7685625
0.346,2.81,35.68420833,139.7686875
0.244,2.92,35.68420833,139.7688125
0.236,2.93,35.68420833,139.7689375
0.0,3.04,35.68420833,139.7690625
0.0,3.06,35.68420833,139.7691875
0.0,3.12,35.68420833,139.7693125
0.0,3.2,35.68420833,139.7694375
0.0,3.35,35.68420833,139.7695625
0.0,3.33,35.68420833,139.7696875
0.0,3.29,35.68420833,139.7698125
0.0,3.47,35.68420833,139.7699375
0.0,3.57,35.68420833,139.7700625
0.0,3.54,35.68420833,139.7701875
0.0,3.52,35.68420833,139.7703125
0.0,3.47,35.68420833,139.7704375
0.0,3.61,35.68420833,139.7705625
0.0,3.83,35.68420833,139.7706875
0.0,3.86,35.68420833,139.7708125
0.0,3.79,35.68420833,139.7709375
0.255,3.57,35.68420833,139.7710625
0.244,3.58,35.68420833,139.7711875
0.0,3.83,35.68420833,139.7713125
0.0,3.78,35.68420833,139.7714375
0.317,3.51,35.68420833,139.7715625
0.516,3.33,35.68420833,139.7716875
0.59,3.28,35.68420833,139.7718125
0.704,3.19,35.68420833,139.7719375
0.566,3.32,35.68420833,139.7720625
0.568,3.32,35.68420833,139.7721875
1.761,2.13,35.68420833,139.7723125
0.0,2.76,35.684125,139.7626875
0.0,2.85,35.684125,139.7628125
0.145,2.72,35.684125,139.7629375
0.0,2.94,35.684125,139.7630625
0.0,3.0,35.684125,139.7631875
0.0,3.05,35.684125,139.7633125
0.0,3.1,35.684125,139.7634375
0.0,3.18,35.684125,139.7635625
0.0,3.15,35.684125,139.7636875
0.0,3.06,35.684125,139.7638125
0.0,2.97,35.684125,139.7639375
0.0,2.95,35.684125,139.7640625
0.299,2.74,35.684125,139.7641875
0.0,2.99,35.684125,139.7643125
0.0,3.13,35.684125,139.7644375
0.0,3.11,35.684125,139.7645625
0.0,3.0,35.684125,139.7646875
0.0,3.04,35.684125,139.7648125
0.0,3.08,35.684125,139.7649375
0.0,3.09,35.684125,139.7650625
0.0,3.1,35.684125,139.7651875
0.0,3.02,35.684125,139.7653125
0.0,2.96,35.684125,139.7654375
0.0,2.99,35.684125,139.7655625
0.0,3.2,35.684125,139.7656875
0.0,3.27,35.684125,139.7658125
0.0,3.3,35.684125,139.7659375
0.0,3.33,35.684125,139.7660625
0.0,3.25,35.684125,139.7661875
0.0,3.2,35.684125,139.7663125
0.0,3.23,35.684125,139.7664375
0.0,3.24,35.684125,139.7665625
0.0,3.26,35.684125,139.7666875
0.0,3.24,35.684125,139.7668125
0.0,3.21,35.684125,139.7669375
0.0,3.2,35.684125,139.7670625
0.0,3.03,35.684125,139.7671875
0.417,2.73,35.684125,139.7673125
0.637,2.52,35.684125,139.7674375
0.511,2.64,35.684125,139.7675625
0.579,2.57,35.684125,139.7676875
0.532,2.62,35.684125,139.7678125
0.518,2.63,35.684125,139.7679375
0.531,2.62,35.684125,139.7680625
0.416,2.74,35.684125,139.7681875
0.362,2.79,35.684125,139.7683125
0.305,2.85,35.684125,139.7684375
0.259,2.9,35.684125,139.7685625
0.261,2.9,35.684125,139.7686875
0.248,2.91,35.684125,139.7688125
0.267,2.9,35.684125,139.7689375
0.245,2.93,35.684125,139.7690625
0.222,2.97,35.684125,139.7691875
0.2,3.0,35.684125,139.7693125
0.0,3.1,35.684125,139.7694375
0.0,3.25,35.684125,139.7695625
0.0,3.36,35.684125,139.7696875
0.0,3.33,35.684125,139.7698125
0.0,3.5,35.684125,139.7699375
0.0,3.56,35.684125,139.7700625
0.0,3.55,35.684125,139.7701875
0.0,3.55,35.684125,139.7703125
0.0,3.53,35.684125,139.7704375
0.0,3.62,35.684125,139.7705625
0.0,3.68,35.684125,139.7706875
0.0,3.85,35.684125,139.7708125
0.0,3.77,35.684125,139.7709375
0.48,3.34,35.684125,139.7710625
0.487,3.34,35.684125,139.7711875
0.577,3.25,35.684125,139.7713125
0.616,3.21,35.684125,139.7714375
0.678,3.16,35.684125,139.7715625
0.648,3.19,35.684125,139.7716875
0.558,3.28,35.684125,139.7718125
0.423,3.42,35.684125,139.7719375
0.42,3.44,35.684125,139.7720625
0.334,3.53,35.684125,139.7721875
0.481,3.41,35.684125,139.7723125
0.729,3.19,35.684125,139.7724375
2.925,1.0,35.684125,139.7725625
1.795,2.13,35.684125,139.7726875
0.0,2.76,35.68404167,139.7626875
0.0,2.83,35.68404167,139.7628125
0.0,2.79,35.68404167,139.7629375
0.0,2.96,35.68404167,139.7630625
0.0,2.97,35.68404167,139.7631875
0.0,3.01,35.68404167,139.7633125
0.0,3.07,35.68404167,139.7634375
0.0,3.12,35.68404167,139.7635625
0.0,3.11,35.68404167,139.7636875
0.0,3.06,35.68404167,139.7638125
0.0,2.98,35.68404167,139.7639375
0.0,3.0,35.68404167,139.7640625
0.324,2.71,35.68404167,139.7641875
0.0,2.93,35.68404167,139.7643125
0.0,2.99,35.68404167,139.7644375
0.0,3.04,35.68404167,139.7645625
0.0,3.08,35.68404167,139.7646875
0.0,3.13,35.68404167,139.7648125
0.0,3.15,35.68404167,139.7649375
0.0,3.15,35.68404167,139.7650625
0.0,3.16,35.68404167,139.7651875
0.0,2.98,35.68404167,139.7653125
0.0,3.01,35.68404167,139.7654375
0.0,3.03,35.68404167,139.7655625
0.0,3.21,35.68404167,139.7656875
0.0,3.24,35.68404167,139.7658125
0.0,3.26,35.68404167,139.7659375
0.0,3.29,35.68404167,139.7660625
0.0,3.23,35.68404167,139.7661875
0.0,3.24,35.68404167,139.7663125
0.0,3.25,35.68404167,139.7664375
0.0,3.28,35.68404167,139.7665625
0.0,3.29,35.68404167,139.7666875
0.0,3.24,35.68404167,139.7668125
0.0,3.2,35.68404167,139.7669375
0.0,3.17,35.68404167,139.7670625
0.158,2.99,35.68404167,139.7671875
0.471,2.68,35.68404167,139.7673125
0.592,2.56,35.68404167,139.7674375
0.577,2.58,35.68404167,139.7675625
0.624,2.53,35.68404167,139.7676875
0.491,2.66,35.68404167,139.7678125
0.406,2.75,35.68404167,139.7679375
0.331,2.82,35.68404167,139.7680625
0.357,2.8,35.68404167,139.7681875
0.328,2.83,35.68404167,139.7683125
0.399,2.75,35.68404167,139.7684375
0.366,2.79,35.68404167,139.7685625
0.253,2.9,35.68404167,139.7686875
0.198,2.96,35.68404167,139.7688125
0.189,2.98,35.68404167,139.7689375
0.0,3.03,35.68404167,139.7690625
0.214,2.98,35.68404167,139.7691875
0.247,2.96,35.68404167,139.7693125
0.26,2.96,35.68404167,139.7694375
0.211,3.02,35.68404167,139.7695625
0.0,3.16,35.68404167,139.7696875
0.0,3.29,35.68404167,139.7698125
0.0,3.53,35.68404167,139.7699375
0.0,3.58,35.68404167,139.7700625
0.0,3.59,35.68404167,139.7701875
0.0,3.59,35.68404167,139.7703125
0.0,3.6,35.68404167,139.7704375
0.0,3.71,35.68404167,139.7705625
0.0,3.74,35.68404167,139.7706875
0.0,3.82,35.68404167,139.7708125
0.126,3.69,35.68404167,139.7709375
0.645,3.18,35.68404167,139.7710625
0.63,3.19,35.68404167,139.7711875
0.725,3.1,35.68404167,139.7713125
0.655,3.17,35.68404167,139.7714375
0.719,3.11,35.68404167,139.7715625
0.574,3.26,35.68404167,139.7716875
0.729,3.11,35.68404167,139.7718125
0.749,3.1,35.68404167,139.7719375
0.532,3.33,35.68404167,139.7720625
0.379,3.48,35.68404167,139.7721875
0.325,3.53,35.68404167,139.7723125
0.334,3.53,35.68404167,139.7724375
0.467,3.44,35.68404167,139.7725625
0.66,3.26,35.68404167,139.7726875
0.757,3.16,35.68404167,139.7728125
0.814,3.1,35.68404167,139.7729375
1.667,2.25,35.68404167,139.7730625
2.997,0.92,35.68404167,139.7731875
0.0,2.77,35.68395833,139.7626875
0.0,2.77,35.68395833,139.7628125
0.0,2.84,35.68395833,139.7629375
0.0,3.0,35.68395833,139.7630625
0.0,2.99,35.68395833,139.7631875
0.0,2.96,35.68395833,139.7633125
0.0,3.0,35.68395833,139.7634375
0.0,3.09,35.68395833,139.7635625
0.0,3.07,35.68395833,139.7636875
0.0,3.03,35.68395833,139.7638125
0.0,3.0,35.68395833,139.7639375
0.0,2.97,35.68395833,139.7640625
0.32,2.81,35.68395833,139.7641875
0.0,3.01,35.68395833,139.7643125
0.0,2.96,35.68395833,139.7644375
0.0,3.01,35.68395833,139.7645625
0.0,3.07,35.68395833,139.7646875
0.0,3.1,35.68395833,139.7648125
0.0,3.13,35.68395833,139.7649375
0.0,3.16,35.68395833,139.7650625
0.0,3.14,35.68395833,139.7651875
0.0,2.89,35.68395833,139.7653125
0.0,2.98,35.68395833,139.7654375
0.0,3.16,35.68395833,139.7655625
0.0,3.23,35.68395833,139.7656875
0.0,3.27,35.68395833,139.7658125
0.0,3.27,35.68395833,139.7659375
0.0,3.21,35.68395833,139.7660625
0.0,3.22,35.68395833,139.7661875
0.0,3.19,35.68395833,139.7663125
0.0,3.22,35.68395833,139.7664375
0.0,3.34,35.68395833,139.7665625
0.0,3.33,35.68395833,139.7666875
0.0,3.29,35.68395833,139.7668125
0.0,3.24,35.68395833,139.7669375
0.0,3.19,35.68395833,139.7670625
0.23,2.81,35.68395833,139.7671875
0.625,2.48,35.68395833,139.7673125
0.521,2.65,35.68395833,139.7674375
0.615,2.58,35.68395833,139.7675625
0.527,2.71,35.68395833,139.7676875
0.431,2.82,35.68395833,139.7678125
0.326,2.93,35.68395833,139.7679375
0.227,3.04,35.68395833,139.7680625
0.338,2.96,35.68395833,139.7681875
0.34,2.76,35.68395833,139.7683125
0.242,2.79,35.68395833,139.7684375
0.149,3.0,35.68395833,139.7685625
0.187,3.1,35.68395833,139.7686875
0.18,3.23,35.68395833,139.7688125
0.223,3.28,35.68395833,139.7689375
0.209,3.14,35.68395833,139.7690625
0.191,3.07,35.68395833,139.7691875
0.201,2.99,35.68395833,139.7693125
0.17,3.02,35.68395833,139.7694375
0.146,3.1,35.68395833,139.7695625
0.182,3.21,35.68395833,139.7696875
0.199,3.39,35.68395833,139.7698125
0.159,3.35,35.68395833,139.7699375
0.0,3.41,35.68395833,139.7700625
0.0,3.47,35.68395833,139.7701875
0.0,3.62,35.68395833,139.7703125
0.0,3.69,35.68395833,139.7704375
0.0,3.8,35.68395833,139.7705625
0.0,3.81,35.68395833,139.7706875
0.0,3.85,35.68395833,139.7708125
0.28,3.53,35.68395833,139.7709375
0.638,3.18,35.68395833,139.7710625
0.689,3.12,35.68395833,139.7711875
0.63,3.18,35.68395833,139.7713125
0.565,3.26,35.68395833,139.7714375
0.598,3.22,35.68395833,139.7715625
0.129,3.69,35.68395833,139.7716875
0.486,3.36,35.68395833,139.7718125
0.664,3.19,35.68395833,139.7719375
0.694,3.16,35.68395833,139.7720625
0.631,3.23,35.68395833,139.7721875
0.633,3.23,35.68395833,139.7723125
0.517,3.35,35.68395833,139.7724375
0.453,3.42,35.68395833,139.7725625
0.397,3.49,35.68395833,139.7726875
0.222,3.68,35.68395833,139.7728125
0.0,3.82,35.68395833,139.7729375
0.287,3.63,35.68395833,139.7730625
1.19,2.73,35.68395833,139.7731875
1.822,2.1,35.68395833,139.7733125
2.069,1.85,35.68395833,139.7734375
1.884,2.04,35.68395833,139.7735625
0.0,2.79,35.683875,139.7626875
0.104,2.76,35.683875,139.7628125
0.0,2.92,35.683875,139.7629375
0.0,3.05,35.683875,139.7630625
0.0,3.04,35.683875,139.7631875
0.0,3.0,35.683875,139.7633125
0.0,2.99,35.683875,139.7634375
0.0,3.04,35.683875,139.7635625
0.0,3.0,35.683875,139.7636875
0.0,2.95,35.683875,139.7638125
0.0,2.96,35.683875,139.7639375
0.166,2.86,35.683875,139.7640625
0.218,2.81,35.683875,139.7641875
0.0,2.98,35.683875,139.7643125
0.0,3.01,35.683875,139.7644375
0.0,3.0,35.683875,139.7645625
0.0,2.98,35.683875,139.7646875
0.0,2.96,35.683875,139.7648125
0.0,2.99,35.683875,139.7649375
0.0,3.0,35.683875,139.7650625
0.0,3.05,35.683875,139.7651875
0.189,2.83,35.683875,139.7653125
0.0,2.93,35.683875,139.7654375
0.0,3.18,35.683875,139.7655625
0.0,3.23,35.683875,139.7656875
0.0,3.26,35.683875,139.7658125
0.0,3.27,35.683875,139.7659375
0.0,3.16,35.683875,139.7660625
0.0,3.21,35.683875,139.7661875
0.0,3.19,35.683875,139.7663125
0.0,3.2,35.683875,139.7664375
0.0,3.28,35.683875,139.7665625
0.0,3.28,35.683875,139.7666875
0.0,3.26,35.683875,139.7668125
0.0,3.24,35.683875,139.7669375
0.0,3.16,35.683875,139.7670625
0.343,2.81,35.683875,139.7671875
0.671,2.48,35.683875,139.7673125
0.498,2.65,35.683875,139.7674375
0.575,2.58,35.683875,139.7675625
0.443,2.71,35.683875,139.7676875
0.333,2.82,35.683875,139.7678125
0.221,2.93,35.683875,139.7679375
0.0,3.04,35.683875,139.7680625
0.193,2.96,35.683875,139.7681875
0.39,2.76,35.683875,139.7683125
0.358,2.79,35.683875,139.7684375
0.155,3.0,35.683875,139.7685625
0.0,3.1,35.683875,139.7686875
0.0,3.23,35.683875,139.7688125
0.0,3.28,35.683875,139.7689375
0.0,3.14,35.683875,139.7690625
0.0,3.07,35.683875,139.7691875
0.235,2.99,35.683875,139.7693125
0.215,3.02,35.683875,139.7694375
0.0,3.1,35.683875,139.7695625
0.0,3.21,35.683875,139.7696875
0.0,3.39,35.683875,139.7698125
0.0,3.35,35.683875,139.7699375
0.196,3.32,35.683875,139.7700625
0.233,3.32,35.683875,139.7701875
0.194,3.62,35.683875,139.7703125
0.0,3.55,35.683875,139.7704375
0.0,3.77,35.683875,139.7705625
0.0,3.87,35.683875,139.7706875
0.0,3.9,35.683875,139.7708125
0.441,3.53,35.683875,139.7709375
0.56,3.18,35.683875,139.7710625
0.724,3.12,35.683875,139.7711875
0.18,3.18,35.683875,139.7713125
0.14,3.26,35.683875,139.7714375
0.0,3.73,35.683875,139.7715625
0.0,3.81,35.683875,139.7716875
0.166,3.36,35.683875,139.7718125
0.373,3.19,35.683875,139.7719375
0.433,3.16,35.683875,139.7720625
0.386,3.23,35.683875,139.7721875
0.458,3.23,35.683875,139.7723125
0.512,3.36,35.683875,139.7724375
0.524,3.36,35.683875,139.7725625
0.438,3.46,35.683875,139.7726875
0.376,3.53,35.683875,139.7728125
0.25,3.65,35.683875,139.7729375
0.278,3.63,35.683875,139.7730625
0.486,3.43,35.683875,139.7731875
0.655,3.26,35.683875,139.7733125
0.876,3.04,35.683875,139.7734375
1.7,2.22,35.683875,139.7735625
1.459,2.46,35.683875,139.7736875
0.879,3.05,35.683875,139.7738125
1.728,2.2,35.683875,139.7739375
1.703,2.23,35.683875,139.7740625
3.725,0.2,35.683875,139.7743125
3.725,0.2,35.683875,139.7744375
0.0,4.72,35.683875,139.7755625
0.0,4.94,35.683875,139.7756875
0.0,5.28,35.683875,139.7758125
0.012,5.1,35.683875,139.7759375
0.0,2.82,35.68379167,139.7625625
0.0,2.83,35.68379167,139.7626875
0.125,2.75,35.68379167,139.7628125
0.0,2.98,35.68379167,139.7629375
0.0,3.05,35.68379167,139.7630625
0.0,3.1,35.68379167,139.7631875
0.0,3.1,35.68379167,139.7633125
0.0,3.07,35.68379167,139.7634375
0.0,3.03,35.68379167,139.7635625
0.0,3.03,35.68379167,139.7636875
0.0,3.03,35.68379167,139.7638125
0.0,3.07,35.68379167,139.7639375
0.231,2.79,35.68379167,139.7640625
0.153,2.87,35.68379167,139.7641875
0.0,2.99,35.68379167,139.7643125
0.0,2.99,35.68379167,139.7644375
0.0,2.97,35.68379167,139.7645625
0.0,2.9,35.68379167,139.7646875
0.0,2.94,35.68379167,139.7648125
0.0,2.99,35.68379167,139.7649375
0.0,2.99,35.68379167,139.7650625
0.0,2.93,35.68379167,139.7651875
0.0,2.92,35.68379167,139.7653125
0.0,2.95,35.68379167,139.7654375
0.0,3.26,35.68379167,139.7655625
0.0,3.28,35.68379167,139.7656875
0.0,3.28,35.68379167,139.7658125
0.0,3.25,35.68379167,139.7659375
0.0,3.2,35.68379167,139.7660625
0.0,3.24,35.68379167,139.7661875
0.0,3.2,35.68379167,139.7663125
0.0,3.24,35.68379167,139.7664375
0.0,3.25,35.68379167,139.7665625
0.0,3.23,35.68379167,139.7666875
0.0,3.22,35.68379167,139.7668125
0.0,3.2,35.68379167,139.7669375
0.0,3.09,35.68379167,139.7670625
0.443,2.71,35.68379167,139.7671875
0.582,2.57,35.68379167,139.7673125
0.531,2.62,35.68379167,139.7674375
0.522,2.63,35.68379167,139.7675625
0.388,2.76,35.68379167,139.7676875
0.246,2.91,35.68379167,139.7678125
0.0,3.03,35.68379167,139.7679375
0.0,3.14,35.68379167,139.7680625
0.0,3.13,35.68379167,139.7681875
0.238,2.92,35.68379167,139.7683125
0.331,2.82,35.68379167,139.7684375
0.217,2.94,35.68379167,139.7685625
0.0,3.02,35.68379167,139.7686875
0.0,3.2,35.68379167,139.7688125
0.0,3.37,35.68379167,139.7689375
0.0,3.31,35.68379167,139.7690625
0.0,3.26,35.68379167,139.7691875
0.17,3.07,35.68379167,139.7693125
0.237,3.0,35.68379167,139.7694375
0.152,3.1,35.68379167,139.7695625
0.0,3.21,35.68379167,139.7696875
0.172,3.26,35.68379167,139.7698125
0.153,3.33,35.68379167,139.7699375
0.165,3.36,35.68379167,139.7700625
0.0,3.42,35.68379167,139.7701875
0.155,3.44,35.68379167,139.7703125
0.175,3.47,35.68379167,139.7704375
0.206,3.47,35.68379167,139.7705625
0.16,3.54,35.68379167,139.7706875
0.178,3.57,35.68379167,139.7708125
0.464,3.32,35.68379167,139.7709375
0.497,3.3,35.68379167,139.7710625
0.65,3.14,35.68379167,139.7711875
0.0,3.78,35.68379167,139.7713125
0.0,3.76,35.68379167,139.7714375
0.0,3.79,35.68379167,139.7715625
0.0,3.78,35.68379167,139.7716875
0.0,3.82,35.68379167,139.7718125
0.0,3.74,35.68379167,139.7719375
0.124,3.73,35.68379167,139.7720625
0.242,3.62,35.68379167,139.7721875
0.222,3.64,35.68379167,139.7723125
0.337,3.54,35.68379167,139.7724375
0.242,3.64,35.68379167,139.7725625
0.398,3.5,35.68379167,139.7726875
0.494,3.41,35.68379167,139.7728125
0.417,3.49,35.68379167,139.7729375
0.343,3.57,35.68379167,139.7730625
0.474,3.44,35.68379167,139.7731875
0.428,3.49,35.68379167,139.7733125
0.392,3.52,35.68379167,139.7734375
0.623,3.29,35.68379167,139.7735625
0.657,3.26,35.68379167,139.7736875
0.418,3.51,35.68379167,139.7738125
0.477,3.45,35.68379167,139.7739375
1.675,2.25,35.68379167,139.7740625
1.962,1.96,35.68379167,139.7741875
2.845,1.08,35.68379167,139.7743125
3.175,0.75,35.68379167,139.7744375
3.339,0.58,35.68379167,139.7745625
2.901,1.02,35.68379167,139.7746875
2.011,1.91,35.68379167,139.7748125
1.798,2.12,35.68379167,139.7749375
1.485,2.43,35.68379167,139.7750625
1.398,2.51,35.68379167,139.7751875
1.481,2.42,35.68379167,139.7753125
1.615,2.28,35.68379167,139.7754375
0.0,4.72,35.68379167,139.7755625
0.0,4.83,35.68379167,139.7756875
0.0,4.83,35.68379167,139.7758125
0.0,4.73,35.68379167,139.7759375
0.0,2.77,35.68370833,139.7625625
0.0,2.83,35.68370833,139.7626875
0.156,2.73,35.68370833,139.7628125
0.0,3.01,35.68370833,139.7629375
0.0,3.11,35.68370833,139.7630625
0.0,3.12,35.68370833,139.7631875
0.0,3.12,35.68370833,139.7633125
0.0,3.11,35.68370833,139.7634375
0.0,3.06,35.68370833,139.7635625
0.0,3.04,35.68370833,139.7636875
0.0,3.02,35.68370833,139.7638125
0.0,3.1,35.68370833,139.7639375
0.289,2.73,35.68370833,139.7640625
0.0,2.95,35.68370833,139.7641875
0.0,2.98,35.68370833,139.7643125
0.0,2.96,35.68370833,139.7644375
0.0,2.93,35.68370833,139.7645625
0.16,2.86,35.68370833,139.7646875
0.0,2.92,35.68370833,139.7648125
0.0,2.99,35.68370833,139.7649375
0.0,3.01,35.68370833,139.7650625
0.15,2.87,35.68370833,139.7651875
0.0,2.93,35.68370833,139.7653125
0.0,2.98,35.68370833,139.7654375
0.0,3.19,35.68370833,139.7655625
0.0,3.26,35.68370833,139.7656875
0.0,3.28,35.68370833,139.7658125
0.0,3.19,35.68370833,139.7659375
0.0,3.26,35.68370833,139.7660625
0.0,3.24,35.68370833,139.7661875
0.0,3.23,35.68370833,139.7663125
0.0,3.29,35.68370833,139.7664375
0.0,3.29,35.68370833,139.7665625
0.0,3.26,35.68370833,139.7666875
0.0,3.24,35.68370833,139.7668125
0.0,3.21,35.68370833,139.7669375
0.0,3.03,35.68370833,139.7670625
0.571,2.58,35.68370833,139.7671875
0.462,2.69,35.68370833,139.7673125
0.553,2.6,35.68370833,139.7674375
0.459,2.69,35.68370833,139.7675625
0.33,2.82,35.68370833,139.7676875
0.194,2.96,35.68370833,139.7678125
0.0,3.1,35.68370833,139.7679375
0.0,3.23,35.68370833,139.7680625
0.0,3.31,35.68370833,139.7681875
0.0,3.03,35.68370833,139.7683125
0.228,2.93,35.68370833,139.7684375
0.205,2.95,35.68370833,139.7685625
0.0,3.02,35.68370833,139.7686875
0.0,3.15,35.68370833,139.7688125
0.0,3.38,35.68370833,139.7689375
0.0,3.34,35.68370833,139.7690625
0.0,3.33,35.68370833,139.7691875
0.0,3.25,35.68370833,139.7693125
0.0,3.14,35.68370833,139.7694375
0.0,3.29,35.68370833,139.7695625
0.0,3.44,35.68370833,139.7696875
0.0,3.42,35.68370833,139.7698125
0.0,3.39,35.68370833,139.7699375
0.175,3.35,35.68370833,139.7700625
0.0,3.45,35.68370833,139.7701875
0.0,3.51,35.68370833,139.7703125
0.148,3.52,35.68370833,139.7704375
0.151,3.54,35.68370833,139.7705625
0.179,3.53,35.68370833,139.7706875
0.25,3.49,35.68370833,139.7708125
0.336,3.44,35.68370833,139.7709375
0.392,3.39,35.68370833,139.7710625
0.513,3.27,35.68370833,139.7711875
0.192,3.59,35.68370833,139.7713125
0.0,3.91,35.68370833,139.7714375
0.0,3.78,35.68370833,139.7715625
0.0,3.78,35.68370833,139.7716875
0.0,3.79,35.68370833,139.7718125
0.0,3.79,35.68370833,139.7719375
0.145,3.7,35.68370833,139.7720625
0.0,3.77,35.68370833,139.7721875
0.0,3.78,35.68370833,139.7723125
0.172,3.71,35.68370833,139.7724375
0.243,3.65,35.68370833,139.7725625
0.277,3.63,35.68370833,139.7726875
0.513,3.4,35.68370833,139.7728125
0.37,3.54,35.68370833,139.7729375
0.398,3.52,35.68370833,139.7730625
0.505,3.41,35.68370833,139.7731875
0.502,3.41,35.68370833,139.7733125
0.499,3.42,35.68370833,139.7734375
0.398,3.52,35.68370833,139.7735625
0.385,3.53,35.68370833,139.7736875
0.322,3.6,35.68370833,139.7738125
0.272,3.65,35.68370833,139.7739375
0.731,3.19,35.68370833,139.7740625
0.166,4.01,35.68370833,139.7741875
0.0,4.17,35.68370833,139.7743125
0.108,3.9,35.68370833,139.7744375
0.322,3.6,35.68370833,139.7745625
0.941,2.98,35.68370833,139.7746875
1.286,2.64,35.68370833,139.7748125
0.852,3.07,35.68370833,139.7749375
0.839,3.06,35.68370833,139.7750625
0.772,3.11,35.68370833,139.7751875
0.822,3.05,35.68370833,139.7753125
0.775,3.09,35.68370833,139.7754375
0.0,4.38,35.68370833,139.7755625
0.0,4.23,35.68370833,139.7756875
0.0,4.24,35.68370833,139.7758125
0.0,4.17,35.68370833,139.7759375
0.0,2.75,35.683625,139.7625625
0.0,2.84,35.683625,139.7626875
0.194,2.7,35.683625,139.7628125
0.0,3.01,35.683625,139.7629375
0.0,3.13,35.683625,139.7630625
0.0,3.15,35.683625,139.7631875
0.0,3.06,35.683625,139.7633125
0.0,3.06,35.683625,139.7634375
0.0,3.1,35.683625,139.7635625
0.0,3.06,35.683625,139.7636875
0.0,3.01,35.683625,139.7638125
0.0,3.02,35.683625,139.7639375
0.311,2.71,35.683625,139.7640625
0.0,2.93,35.683625,139.7641875
0.0,2.95,35.683625,139.7643125
0.0,2.93,35.683625,139.7644375
0.176,2.84,35.683625,139.7645625
0.186,2.83,35.683625,139.7646875
0.0,2.9,35.683625,139.7648125
0.0,2.97,35.683625,139.7649375
0.0,3.02,35.683625,139.7650625
0.191,2.83,35.683625,139.7651875
0.0,2.97,35.683625,139.7653125
0.0,3.06,35.683625,139.7654375
0.0,3.08,35.683625,139.7655625
0.0,3.13,35.683625,139.7656875
0.0,3.23,35.683625,139.7658125
0.0,3.19,35.683625,139.7659375
0.0,3.29,35.683625,139.7660625
0.0,3.27,35.683625,139.7661875
0.0,3.27,35.683625,139.7663125
0.0,3.31,35.683625,139.7664375
0.0,3.28,35.683625,139.7665625
0.0,3.27,35.683625,139.7666875
0.0,3.26,35.683625,139.7668125
0.0,3.22,35.683625,139.7669375
0.141,3.01,35.683625,139.7670625
0.527,2.62,35.683625,139.7671875
0.411,2.74,35.683625,139.7673125
0.504,2.65,35.683625,139.7674375
0.39,2.76,35.683625,139.7675625
0.278,2.87,35.683625,139.7676875
0.147,3.01,35.683625,139.7678125
0.0,3.13,35.683625,139.7679375
0.0,3.28,35.683625,139.7680625
0.0,3.42,35.683625,139.7681875
0.0,3.21,35.683625,139.7683125
0.0,3.03,35.683625,139.7684375
0.0,3.11,35.683625,139.7685625
0.0,3.12,35.683625,139.7686875
0.0,3.32,35.683625,139.7688125
0.0,3.35,35.683625,139.7689375
0.0,3.46,35.683625,139.7690625
0.0,3.48,35.683625,139.7691875
0.0,3.33,35.683625,139.7693125
0.0,3.22,35.683625,139.7694375
0.0,3.5,35.683625,139.7695625
0.0,3.62,35.683625,139.7696875
0.0,3.62,35.683625,139.7698125
0.0,3.61,35.683625,139.7699375
0.0,3.56,35.683625,139.7700625
0.0,3.57,35.683625,139.7701875
0.0,3.58,35.683625,139.7703125
0.16,3.53,35.683625,139.7704375
0.227,3.47,35.683625,139.7705625
0.238,3.46,35.683625,139.7706875
0.194,3.52,35.683625,139.7708125
0.185,3.57,35.683625,139.7709375
0.281,3.49,35.683625,139.7710625
0.428,3.35,35.683625,139.7711875
0.243,3.53,35.683625,139.7713125
0.0,3.7,35.683625,139.7714375
0.0,3.72,35.683625,139.7715625
0.0,3.75,35.683625,139.7716875
0.0,3.75,35.683625,139.7718125
0.0,3.76,35.683625,139.7719375
0.126,3.72,35.683625,139.7720625
0.0,3.91,35.683625,139.7721875
0.0,3.85,35.683625,139.7723125
0.0,3.82,35.683625,139.7724375
0.0,3.84,35.683625,139.7725625
0.292,3.62,35.683625,139.7726875
0.418,3.49,35.683625,139.7728125
0.183,3.73,35.683625,139.7729375
0.147,3.77,35.683625,139.7730625
0.25,3.67,35.683625,139.7731875
0.0,3.82,35.683625,139.7733125
0.225,3.69,35.683625,139.7734375
0.353,3.56,35.683625,139.7735625
0.426,3.49,35.683625,139.7736875
0.443,3.48,35.683625,139.7738125
0.369,3.55,35.683625,139.7739375
0.259,3.66,35.683625,139.7740625
0.007,3.94,35.683625,139.7741875
0.007,4.1,35.683625,139.7743125
0.0,4.25,35.683625,139.7744375
0.0,4.21,35.683625,139.7745625
0.017,4.08,35.683625,139.7746875
0.139,3.78,35.683625,139.7748125
0.149,3.87,35.683625,139.7749375
0.185,3.67,35.683625,139.7750625
0.056,3.77,35.683625,139.7751875
0.108,3.7,35.683625,139.7753125
0.12,3.73,35.683625,139.7754375
0.121,3.73,35.683625,139.7755625
0.127,3.62,35.683625,139.7756875
0.138,3.59,35.683625,139.7758125
0.136,3.62,35.683625,139.7759375
0.0,2.8,35.68354167,139.7625625
0.0,2.83,35.68354167,139.7626875
0.171,2.74,35.68354167,139.7628125
0.174,2.75,35.68354167,139.7629375
0.0,2.88,35.68354167,139.7630625
0.0,3.05,35.68354167,139.7631875
0.0,2.98,35.68354167,139.7633125
0.0,3.04,35.68354167,139.7634375
0.0,3.05,35.68354167,139.7635625
0.0,3.01,35.68354167,139.7636875
0.0,2.98,35.68354167,139.7638125
0.0,2.92,35.68354167,139.7639375
0.28,2.74,35.68354167,139.7640625
0.0,2.94,35.68354167,139.7641875
0.0,2.92,35.68354167,139.7643125
0.0,2.89,35.68354167,139.7644375
0.24,2.78,35.68354167,139.7645625
0.201,2.82,35.68354167,139.7646875
0.0,2.89,35.68354167,139.7648125
0.0,2.96,35.68354167,139.7649375
0.0,2.95,35.68354167,139.7650625
0.219,2.8,35.68354167,139.7651875
0.0,2.94,35.68354167,139.7653125
0.0,3.11,35.68354167,139.7654375
0.0,3.14,35.68354167,139.7655625
0.0,3.15,35.68354167,139.7656875
0.0,3.23,35.68354167,139.7658125
0.0,3.2,35.68354167,139.7659375
0.0,3.3,35.68354167,139.7660625
0.0,3.31,35.68354167,139.7661875
0.0,3.3,35.68354167,139.7663125
0.0,3.3,35.68354167,139.7664375
0.0,3.28,35.68354167,139.7665625
0.0,3.26,35.68354167,139.7666875
0.0,3.23,35.68354167,139.7668125
0.0,3.2,35.68354167,139.7669375
0.287,2.87,35.68354167,139.7670625
0.467,2.69,35.68354167,139.7671875
0.492,2.66,35.68354167,139.7673125
0.476,2.68,35.68354167,139.7674375
0.352,2.8,35.68354167,139.7675625
0.226,2.93,35.68354167,139.7676875
0.0,3.08,35.68354167,139.7678125
0.0,3.19,35.68354167,139.7679375
0.0,3.3,35.68354167,139.7680625
0.0,3.39,35.68354167,139.7681875
0.0,3.37,35.68354167,139.7683125
0.0,3.33,35.68354167,139.7684375
0.0,3.33,35.68354167,139.7685625
0.0,3.32,35.68354167,139.7686875
0.0,3.33,35.68354167,139.7688125
0.0,3.38,35.68354167,139.7689375
0.0,3.45,35.68354167,139.7690625
0.0,3.49,35.68354167,139.7691875
0.0,3.38,35.68354167,139.7693125
0.0,3.29,35.68354167,139.7694375
0.0,3.56,35.68354167,139.7695625
0.137,3.45,35.68354167,139.7696875
0.0,3.52,35.68354167,139.7698125
0.0,3.66,35.68354167,139.7699375
0.0,3.69,35.68354167,139.7700625
0.0,3.56,35.68354167,139.7701875
0.0,3.58,35.68354167,139.7703125
0.145,3.55,35.68354167,139.7704375
0.161,3.54,35.68354167,139.7705625
0.39,3.31,35.68354167,139.7706875
0.246,3.46,35.68354167,139.7708125
0.15,3.56,35.68354167,139.7709375
0.201,3.54,35.68354167,139.7710625
0.269,3.5,35.68354167,139.7711875
0.302,3.47,35.68354167,139.7713125
0.261,3.51,35.68354167,139.7714375
0.157,3.61,35.68354167,139.7715625
0.0,3.69,35.68354167,139.7716875
0.0,3.72,35.68354167,139.7718125
0.0,3.74,35.68354167,139.7719375
0.0,3.8,35.68354167,139.7720625
0.0,3.93,35.68354167,139.7721875
0.0,3.9,35.68354167,139.7723125
0.0,3.92,35.68354167,139.7724375
0.0,3.9,35.68354167,139.7725625
0.284,3.62,35.68354167,139.7726875
0.201,3.71,35.68354167,139.7728125
0.187,3.72,35.68354167,139.7729375
0.149,3.76,35.68354167,139.7730625
0.0,3.91,35.68354167,139.7731875
0.0,4.04,35.68354167,139.7733125
0.0,3.91,35.68354167,139.7734375
0.0,3.83,35.68354167,139.7735625
0.178,3.74,35.68354167,139.7736875
0.259,3.66,35.68354167,139.7738125
0.401,3.52,35.68354167,139.7739375
0.435,3.49,35.68354167,139.7740625
0.225,3.7,35.68354167,139.7741875
0.017,3.95,35.68354167,139.7743125
0.0,4.04,35.68354167,139.7744375
0.0,4.08,35.68354167,139.7745625
0.032,3.93,35.68354167,139.7746875
0.032,3.83,35.68354167,139.7748125
0.101,3.76,35.68354167,139.7749375
0.131,3.71,35.68354167,139.7750625
0.178,3.64,35.68354167,139.7751875
0.196,3.6,35.68354167,139.7753125
0.22,3.56,35.68354167,139.7754375
0.265,3.5,35.68354167,139.7755625
0.283,3.47,35.68354167,139.7756875
0.26,3.47,35.68354167,139.7758125
0.25,3.46,35.68354167,139.7759375
0.0,2.81,35.68345833,139.7625625
0.0,2.82,35.68345833,139.7626875
0.17,2.75,35.68345833,139.7628125
0.223,2.71,35.68345833,139.7629375
0.281,2.66,35.68345833,139.7630625
0.259,2.7,35.68345833,139.7631875
0.213,2.75,35.68345833,139.7633125
0.0,2.92,35.68345833,139.7634375
0.0,2.98,35.68345833,139.7635625
0.0,3.01,35.68345833,139.7636875
0.0,2.99,35.68345833,139.7638125
0.166,2.85,35.68345833,139.7639375
0.259,2.76,35.68345833,139.7640625
0.0,2.91,35.68345833,139.7641875
0.0,2.89,35.68345833,139.7643125
0.21,2.81,35.68345833,139.7644375
0.295,2.72,35.68345833,139.7645625
0.219,2.8,35.68345833,139.7646875
0.0,2.9,35.68345833,139.7648125
0.0,2.93,35.68345833,139.7649375
0.0,2.88,35.68345833,139.7650625
0.204,2.82,35.68345833,139.7651875
0.0,2.89,35.68345833,139.7653125
0.0,3.15,35.68345833,139.7654375
0.0,3.22,35.68345833,139.7655625
0.0,3.25,35.68345833,139.7656875
0.0,3.3,35.68345833,139.7658125
0.0,3.27,35.68345833,139.7659375
0.0,3.3,35.68345833,139.7660625
0.0,3.33,35.68345833,139.7661875
0.0,3.31,35.68345833,139.7663125
0.0,3.29,35.68345833,139.7664375
0.0,3.27,35.68345833,139.7665625
0.0,3.25,35.68345833,139.7666875
0.0,3.22,35.68345833,139.7668125
0.0,3.14,35.68345833,139.7669375
0.403,2.75,35.68345833,139.7670625
0.363,2.79,35.68345833,139.7671875
0.446,2.71,35.68345833,139.7673125
0.354,2.8,35.68345833,139.7674375
0.231,2.92,35.68345833,139.7675625
0.0,3.04,35.68345833,139.7676875
0.0,3.14,35.68345833,139.7678125
0.0,3.24,35.68345833,139.7679375
0.0,3.3,35.68345833,139.7680625
0.0,3.37,35.68345833,139.7681875
0.0,3.39,35.68345833,139.7683125
0.0,3.43,35.68345833,139.7684375
0.0,3.47,35.68345833,139.7685625
0.0,3.49,35.68345833,139.7686875
0.0,3.4,35.68345833,139.7688125
0.122,3.28,35.68345833,139.7689375
0.0,3.32,35.68345833,139.7690625
0.0,3.37,35.68345833,139.7691875
0.0,3.33,35.68345833,139.7693125
0.0,3.38,35.68345833,139.7694375
0.0,3.6,35.68345833,139.7695625
0.137,3.49,35.68345833,139.7696875
0.187,3.46,35.68345833,139.7698125
0.169,3.5,35.68345833,139.7699375
0.0,3.57,35.68345833,139.7700625
0.23,3.46,35.68345833,139.7701875
0.0,3.58,35.68345833,139.7703125
0.0,3.58,35.68345833,139.7704375
0.158,3.54,35.68345833,139.7705625
0.454,3.25,35.68345833,139.7706875
0.293,3.41,35.68345833,139.7708125
0.237,3.47,35.68345833,139.7709375
0.285,3.44,35.68345833,139.7710625
0.241,3.51,35.68345833,139.7711875
0.229,3.54,35.68345833,139.7713125
0.28,3.49,35.68345833,139.7714375
0.326,3.44,35.68345833,139.7715625
0.258,3.51,35.68345833,139.7716875
0.0,3.66,35.68345833,139.7718125
0.0,3.73,35.68345833,139.7719375
0.0,3.9,35.68345833,139.7720625
0.0,3.91,35.68345833,139.7721875
0.0,3.89,35.68345833,139.7723125
0.0,3.95,35.68345833,139.7724375
0.0,3.83,35.68345833,139.7725625
0.208,3.7,35.68345833,139.7726875
0.114,3.79,35.68345833,139.7728125
0.114,3.79,35.68345833,139.7729375
0.0,3.92,35.68345833,139.7730625
0.0,4.04,35.68345833,139.7731875
0.0,4.1,35.68345833,139.7733125
0.0,3.93,35.68345833,139.7734375
0.0,3.93,35.68345833,139.7735625
0.0,3.85,35.68345833,139.7736875
0.247,3.68,35.68345833,139.7738125
0.338,3.59,35.68345833,139.7739375
0.403,3.53,35.68345833,139.7740625
0.407,3.52,35.68345833,139.7741875
0.017,3.84,35.68345833,139.7743125
0.012,3.94,35.68345833,139.7744375
0.002,3.89,35.68345833,139.7745625
0.032,3.87,35.68345833,139.7746875
0.032,3.85,35.68345833,139.7748125
0.051,3.86,35.68345833,139.7749375
0.036,3.78,35.68345833,139.7750625
0.116,3.7,35.68345833,139.7751875
0.192,3.61,35.68345833,139.7753125
0.155,3.63,35.68345833,139.7754375
0.21,3.56,35.68345833,139.7755625
0.159,3.6,35.68345833,139.7756875
0.136,3.66,35.68345833,139.7758125
0.176,3.53,35.68345833,139.7759375
0.0,2.78,35.683375,139.7624375
0.0,2.82,35.683375,139.7625625
0.0,2.79,35.683375,139.7626875
0.0,3.12,35.683375,139.7628125
0.0,3.39,35.683375,139.7629375
0.0,2.94,35.683375,139.7630625
0.172,2.79,35.683375,139.7631875
0.293,2.67,35.683375,139.7633125
0.258,2.71,35.683375,139.7634375
0.256,2.73,35.683375,139.7635625
0.21,2.79,35.683375,139.7636875
0.0,2.93,35.683375,139.7638125
0.252,2.76,35.683375,139.7639375
0.191,2.83,35.683375,139.7640625
0.0,2.88,35.683375,139.7641875
0.0,2.89,35.683375,139.7643125
0.319,2.7,35.683375,139.7644375
0.287,2.73,35.683375,139.7645625
0.0,2.9,35.683375,139.7646875
0.0,2.91,35.683375,139.7648125
0.0,2.89,35.683375,139.7649375
0.0,2.91,35.683375,139.7650625
0.0,2.88,35.683375,139.7651875
0.151,2.87,35.683375,139.7653125
0.0,3.22,35.683375,139.7654375
0.0,3.26,35.683375,139.7655625
0.0,3.28,35.683375,139.7656875
0.0,3.3,35.683375,139.7658125
0.0,3.34,35.683375,139.7659375
0.0,3.29,35.683375,139.7660625
0.0,3.28,35.683375,139.7661875
0.0,3.31,35.683375,139.7663125
0.0,3.29,35.683375,139.7664375
0.0,3.26,35.683375,139.7665625
0.0,3.23,35.683375,139.7666875
0.0,3.21,35.683375,139.7668125
0.0,3.04,35.683375,139.7669375
0.442,2.71,35.683375,139.7670625
0.341,2.81,35.683375,139.7671875
0.363,2.79,35.683375,139.7673125
0.267,2.88,35.683375,139.7674375
0.166,2.99,35.683375,139.7675625
0.0,3.09,35.683375,139.7676875
0.0,3.16,35.683375,139.7678125
0.0,3.22,35.683375,139.7679375
0.0,3.28,35.683375,139.7680625
0.0,3.35,35.683375,139.7681875
0.0,3.4,35.683375,139.7683125
0.0,3.41,35.683375,139.7684375
0.0,3.45,35.683375,139.7685625
0.0,3.48,35.683375,139.7686875
0.0,3.49,35.683375,139.7688125
0.0,3.37,35.683375,139.7689375
0.121,3.28,35.683375,139.7690625
0.124,3.28,35.683375,139.7691875
0.141,3.27,35.683375,139.7693125
0.0,3.47,35.683375,139.7694375
0.0,3.61,35.683375,139.7695625
0.0,3.58,35.683375,139.7696875
0.129,3.54,35.683375,139.7698125
0.169,3.52,35.683375,139.7699375
0.185,3.51,35.683375,139.7700625
0.215,3.48,35.683375,139.7701875
0.165,3.53,35.683375,139.7703125
0.169,3.53,35.683375,139.7704375
0.215,3.48,35.683375,139.7705625
0.57,3.13,35.683375,139.7706875
0.382,3.32,35.683375,139.7708125
0.359,3.34,35.683375,139.7709375
0.263,3.44,35.683375,139.7710625
0.131,3.61,35.683375,139.7711875
0.287,3.48,35.683375,139.7713125
0.294,3.47,35.683375,139.7714375
0.301,3.47,35.683375,139.7715625
0.326,3.44,35.683375,139.7716875
0.312,3.46,35.683375,139.7718125
0.157,3.61,35.683375,139.7719375
0.0,3.8,35.683375,139.7720625
0.0,3.88,35.683375,139.7721875
0.0,3.92,35.683375,139.7723125
0.0,3.98,35.683375,139.7724375
0.0,3.84,35.683375,139.7725625
0.0,3.95,35.683375,139.7726875
0.0,3.89,35.683375,139.7728125
0.0,3.87,35.683375,139.7729375
0.0,3.98,35.683375,139.7730625
0.0,4.1,35.683375,139.7731875
0.0,4.1,35.683375,139.7733125
0.0,3.99,35.683375,139.7734375
0.0,4.0,35.683375,139.7735625
0.0,3.96,35.683375,139.7736875
0.186,3.74,35.683375,139.7738125
0.375,3.55,35.683375,139.7739375
0.38,3.55,35.683375,139.7740625
0.374,3.55,35.683375,139.7741875
0.407,3.52,35.683375,139.7743125
0.106,3.82,35.683375,139.7744375
0.124,3.8,35.683375,139.7745625
0.035,3.91,35.683375,139.7746875
0.0,3.93,35.683375,139.7748125
0.0,3.92,35.683375,139.7749375
0.0,3.88,35.683375,139.7750625
0.0,3.85,35.683375,139.7751875
0.0,3.73,35.683375,139.7753125
0.194,3.59,35.683375,139.7754375
0.209,3.56,35.683375,139.7755625
0.131,3.62,35.683375,139.7756875
0.082,3.69,35.683375,139.7758125
0.204,3.5,35.683375,139.7759375
0.0,2.81,35.68329167,139.7624375
0.0,2.86,35.68329167,139.7625625
0.0,2.79,35.68329167,139.7626875
0.0,3.4,35.68329167,139.7628125
0.0,3.58,35.68329167,139.7629375
0.0,3.57,35.68329167,139.7630625
0.0,3.47,35.68329167,139.7631875
0.0,3.22,35.68329167,139.7633125
0.0,3.03,35.68329167,139.7634375
0.184,2.81,35.68329167,139.7635625
0.276,2.73,35.68329167,139.7636875
0.274,2.74,35.68329167,139.7638125
0.225,2.79,35.68329167,139.7639375
0.304,2.71,35.68329167,139.7640625
0.249,2.77,35.68329167,139.7641875
0.228,2.79,35.68329167,139.7643125
0.319,2.7,35.68329167,139.7644375
0.172,2.85,35.68329167,139.7645625
0.0,2.92,35.68329167,139.7646875
0.0,2.9,35.68329167,139.7648125
0.0,2.98,35.68329167,139.7649375
0.23,2.79,35.68329167,139.7650625
0.0,2.9,35.68329167,139.7651875
0.0,3.01,35.68329167,139.7653125
0.0,3.25,35.68329167,139.7654375
0.0,3.27,35.68329167,139.7655625
0.0,3.27,35.68329167,139.7656875
0.0,3.29,35.68329167,139.7658125
0.0,3.34,35.68329167,139.7659375
0.0,3.32,35.68329167,139.7660625
0.0,3.26,35.68329167,139.7661875
0.0,3.22,35.68329167,139.7663125
0.0,3.24,35.68329167,139.7664375
0.0,3.22,35.68329167,139.7665625
0.0,3.2,35.68329167,139.7666875
0.0,3.17,35.68329167,139.7668125
0.233,2.92,35.68329167,139.7669375
0.337,2.81,35.68329167,139.7670625
0.36,2.79,35.68329167,139.7671875
0.324,2.83,35.68329167,139.7673125
0.228,2.92,35.68329167,139.7674375
0.146,3.01,35.68329167,139.7675625
0.0,3.08,35.68329167,139.7676875
0.0,3.14,35.68329167,139.7678125
0.0,3.21,35.68329167,139.7679375
0.0,3.26,35.68329167,139.7680625
0.0,3.33,35.68329167,139.7681875
0.0,3.39,35.68329167,139.7683125
0.0,3.42,35.68329167,139.7684375
0.0,3.44,35.68329167,139.7685625
0.0,3.47,35.68329167,139.7686875
0.0,3.54,35.68329167,139.7688125
0.0,3.53,35.68329167,139.7689375
0.0,3.5,35.68329167,139.7690625
0.0,3.41,35.68329167,139.7691875
0.0,3.29,35.68329167,139.7693125
0.0,3.53,35.68329167,139.7694375
0.0,3.64,35.68329167,139.7695625
0.0,3.62,35.68329167,139.7696875
0.0,3.58,35.68329167,139.7698125
0.139,3.55,35.68329167,139.7699375
0.18,3.52,35.68329167,139.7700625
0.226,3.47,35.68329167,139.7701875
0.228,3.47,35.68329167,139.7703125
0.224,3.47,35.68329167,139.7704375
0.307,3.39,35.68329167,139.7705625
0.623,3.07,35.68329167,139.7706875
0.461,3.24,35.68329167,139.7708125
0.478,3.22,35.68329167,139.7709375
0.209,3.48,35.68329167,139.7710625
0.182,3.53,35.68329167,139.7711875
0.148,3.61,35.68329167,139.7713125
0.252,3.51,35.68329167,139.7714375
0.278,3.49,35.68329167,139.7715625
0.296,3.47,35.68329167,139.7716875
0.238,3.53,35.68329167,139.7718125
0.264,3.5,35.68329167,139.7719375
0.177,3.59,35.68329167,139.7720625
0.0,3.8,35.68329167,139.7721875
0.0,3.91,35.68329167,139.7723125
0.0,3.94,35.68329167,139.7724375
0.125,3.75,35.68329167,139.7725625
0.0,4.0,35.68329167,139.7726875
0.0,3.93,35.68329167,139.7728125
0.0,4.04,35.68329167,139.7729375
0.0,4.08,35.68329167,139.7730625
0.0,4.15,35.68329167,139.7731875
0.0,4.09,35.68329167,139.7733125
0.0,4.06,35.68329167,139.7734375
0.0,4.07,35.68329167,139.7735625
0.0,4.02,35.68329167,139.7736875
0.0,3.84,35.68329167,139.7738125
0.278,3.65,35.68329167,139.7739375
0.431,3.5,35.68329167,139.7740625
0.347,3.58,35.68329167,139.7741875
0.139,3.79,35.68329167,139.7743125
0.0,3.99,35.68329167,139.7744375
0.0,3.84,35.68329167,139.7745625
0.031,3.89,35.68329167,139.7746875
0.0,3.91,35.68329167,139.7748125
0.0,3.9,35.68329167,139.7749375
0.0,3.96,35.68329167,139.7750625
0.0,3.95,35.68329167,139.7751875
0.033,3.88,35.68329167,139.7753125
0.033,3.77,35.68329167,139.7754375
0.064,3.79,35.68329167,139.7755625
0.017,3.64,35.68329167,139.7756875
0.121,3.58,35.68329167,139.7758125
0.237,3.46,35.68329167,139.7759375
0.0,2.78,35.68320833,139.7624375
0.0,2.83,35.68320833,139.7625625
0.0,2.86,35.68320833,139.7626875
0.0,3.49,35.68320833,139.7628125
0.0,3.58,35.68320833,139.7629375
0.0,3.55,35.68320833,139.7630625
0.0,3.55,35.68320833,139.7631875
0.0,3.6,35.68320833,139.7633125
0.0,3.56,35.68320833,139.7634375
0.0,3.5,35.68320833,139.7635625
0.0,3.26,35.68320833,139.7636875
0.144,2.87,35.68320833,139.7638125
0.286,2.73,35.68320833,139.7639375
0.292,2.73,35.68320833,139.7640625
0.347,2.67,35.68320833,139.7641875
0.374,2.65,35.68320833,139.7643125
0.356,2.66,35.68320833,139.7644375
0.338,2.68,35.68320833,139.7645625
0.23,2.79,35.68320833,139.7646875
0.152,2.87,35.68320833,139.7648125
0.0,3.03,35.68320833,139.7649375
0.267,2.75,35.68320833,139.7650625
0.0,2.88,35.68320833,139.7651875
0.0,3.11,35.68320833,139.7653125
0.0,3.21,35.68320833,139.7654375
0.0,3.23,35.68320833,139.7655625
0.0,3.24,35.68320833,139.7656875
0.0,3.29,35.68320833,139.7658125
0.0,3.31,35.68320833,139.7659375
0.0,3.29,35.68320833,139.7660625
0.0,3.25,35.68320833,139.7661875
0.0,3.19,35.68320833,139.7663125
0.0,3.18,35.68320833,139.7664375
0.0,3.16,35.68320833,139.7665625
0.0,3.16,35.68320833,139.7666875
0.0,3.1,35.68320833,139.7668125
0.322,2.83,35.68320833,139.7669375
0.231,2.92,35.68320833,139.7670625
0.351,2.8,35.68320833,139.7671875
0.297,2.86,35.68320833,139.7673125
0.219,2.93,35.68320833,139.7674375
0.159,2.99,35.68320833,139.7675625
0.0,3.06,35.68320833,139.7676875
0.0,3.12,35.68320833,139.7678125
0.0,3.18,35.68320833,139.7679375
0.0,3.24,35.68320833,139.7680625
0.0,3.3,35.68320833,139.7681875
0.0,3.37,35.68320833,139.7683125
0.0,3.42,35.68320833,139.7684375
0.0,3.44,35.68320833,139.7685625
0.0,3.47,35.68320833,139.7686875
0.0,3.52,35.68320833,139.7688125
0.0,3.56,35.68320833,139.7689375
0.0,3.52,35.68320833,139.7690625
0.0,3.48,35.68320833,139.7691875
0.0,3.39,35.68320833,139.7693125
0.0,3.59,35.68320833,139.7694375
0.0,3.62,35.68320833,139.7695625
0.0,3.63,35.68320833,139.7696875
0.0,3.61,35.68320833,139.7698125
0.0,3.57,35.68320833,139.7699375
0.247,3.45,35.68320833,139.7700625
0.191,3.5,35.68320833,139.7701875
0.257,3.44,35.68320833,139.7703125
0.254,3.44,35.68320833,139.7704375
0.499,3.2,35.68320833,139.7705625
0.66,3.04,35.68320833,139.7706875
0.6,3.1,35.68320833,139.7708125
0.552,3.14,35.68320833,139.7709375
0.371,3.32,35.68320833,139.7710625
0.365,3.33,35.68320833,139.7711875
0.347,3.36,35.68320833,139.7713125
0.199,3.55,35.68320833,139.7714375
0.0,3.65,35.68320833,139.7715625
0.228,3.54,35.68320833,139.7716875
0.288,3.48,35.68320833,139.7718125
0.201,3.57,35.68320833,139.7719375
0.158,3.61,35.68320833,139.7720625
0.166,3.6,35.68320833,139.7721875
0.0,3.69,35.68320833,139.7723125
0.0,3.77,35.68320833,139.7724375
0.0,3.85,35.68320833,139.7725625
0.0,4.0,35.68320833,139.7726875
0.0,3.96,35.68320833,139.7728125
0.0,4.16,35.68320833,139.7729375
0.0,4.18,35.68320833,139.7730625
0.0,4.16,35.68320833,139.7731875
0.0,4.18,35.68320833,139.7733125
0.0,4.14,35.68320833,139.7734375
0.0,4.1,35.68320833,139.7735625
0.0,3.99,35.68320833,139.7736875
0.0,3.89,35.68320833,139.7738125
0.215,3.71,35.68320833,139.7739375
0.302,3.63,35.68320833,139.7740625
0.385,3.54,35.68320833,139.7741875
0.0,3.95,35.68320833,139.7743125
0.0,4.01,35.68320833,139.7744375
0.0,4.05,35.68320833,139.7745625
0.0,4.03,35.68320833,139.7746875
0.0,3.97,35.68320833,139.7748125
0.0,3.96,35.68320833,139.7749375
0.0,4.04,35.68320833,139.7750625
0.0,4.11,35.68320833,139.7751875
0.0,4.09,35.68320833,139.7753125
0.0,3.92,35.68320833,139.7754375
0.0,3.98,35.68320833,139.7755625
0.0,3.79,35.68320833,139.7756875
0.054,3.65,35.68320833,139.7758125
0.105,3.62,35.68320833,139.7759375
0.0,2.76,35.683125,139.7624375
0.0,2.81,35.683125,139.7625625
0.0,2.9,35.683125,139.7626875
0.0,3.57,35.683125,139.7628125
0.0,3.59,35.683125,139.7629375
0.0,3.53,35.683125,139.7630625
0.0,3.54,35.683125,139.7631875
0.0,3.56,35.683125,139.7633125
0.0,3.57,35.683125,139.7634375
0.0,3.56,35.683125,139.7635625
0.0,3.52,35.683125,139.7636875
0.0,2.91,35.683125,139.7638125
0.208,2.81,35.683125,139.7639375
0.0,2.93,35.683125,139.7640625
0.0,2.91,35.683125,139.7641875
0.268,2.75,35.683125,139.7643125
0.374,2.65,35.683125,139.7644375
0.415,2.6,35.683125,139.7645625
0.41,2.61,35.683125,139.7646875
0.355,2.67,35.683125,139.7648125
0.238,2.78,35.683125,139.7649375
0.246,2.77,35.683125,139.7650625
0.207,2.81,35.683125,139.7651875
0.0,3.12,35.683125,139.7653125
0.0,3.16,35.683125,139.7654375
0.0,3.21,35.683125,139.7655625
0.0,3.23,35.683125,139.7656875
0.0,3.26,35.683125,139.7658125
0.0,3.28,35.683125,139.7659375
0.0,3.24,35.683125,139.7660625
0.0,3.23,35.683125,139.7661875
0.0,3.18,35.683125,139.7663125
0.0,3.13,35.683125,139.7664375
0.0,3.09,35.683125,139.7665625
0.0,3.07,35.683125,139.7666875
0.215,2.93,35.683125,139.7668125
0.264,2.89,35.683125,139.7669375
0.261,2.89,35.683125,139.7670625
0.342,2.81,35.683125,139.7671875
0.299,2.85,35.683125,139.7673125
0.237,2.92,35.683125,139.7674375
0.179,2.98,35.683125,139.7675625
0.0,3.04,35.683125,139.7676875
0.0,3.1,35.683125,139.7678125
0.0,3.16,35.683125,139.7679375
0.0,3.23,35.683125,139.7680625
0.0,3.28,35.683125,139.7681875
0.0,3.35,35.683125,139.7683125
0.0,3.41,35.683125,139.7684375
0.0,3.44,35.683125,139.7685625
0.0,3.46,35.683125,139.7686875
0.0,3.51,35.683125,139.7688125
0.0,3.54,35.683125,139.7689375
0.0,3.51,35.683125,139.7690625
0.0,3.43,35.683125,139.7691875
0.0,3.46,35.683125,139.7693125
0.0,3.62,35.683125,139.7694375
0.0,3.67,35.683125,139.7695625
0.0,3.67,35.683125,139.7696875
0.0,3.62,35.683125,139.7698125
0.0,3.57,35.683125,139.7699375
0.204,3.49,35.683125,139.7700625
0.241,3.45,35.683125,139.7701875
0.252,3.44,35.683125,139.7703125
0.296,3.4,35.683125,139.7704375
0.656,3.04,35.683125,139.7705625
0.627,3.07,35.683125,139.7706875
0.702,2.99,35.683125,139.7708125
0.621,3.08,35.683125,139.7709375
0.511,3.19,35.683125,139.7710625
0.463,3.24,35.683125,139.7711875
0.513,3.19,35.683125,139.7713125
0.248,3.46,35.683125,139.7714375
0.0,3.76,35.683125,139.7715625
0.0,3.83,35.683125,139.7716875
0.0,3.7,35.683125,139.7718125
0.223,3.54,35.683125,139.7719375
0.182,3.59,35.683125,139.7720625
0.0,3.68,35.683125,139.7721875
0.0,3.7,35.683125,139.7723125
0.0,3.73,35.683125,139.7724375
0.0,3.78,35.683125,139.7725625
0.0,3.91,35.683125,139.7726875
0.0,4.0,35.683125,139.7728125
0.0,4.15,35.683125,139.7729375
0.0,4.16,35.683125,139.7730625
0.0,4.18,35.683125,139.7731875
0.0,4.22,35.683125,139.7733125
0.0,4.18,35.683125,139.7734375
0.0,4.03,35.683125,139.7735625
0.0,3.94,35.683125,139.7736875
0.0,3.85,35.683125,139.7738125
0.266,3.66,35.683125,139.7739375
0.296,3.63,35.683125,139.7740625
0.141,3.79,35.683125,139.7741875
0.0,4.04,35.683125,139.7743125
0.0,4.07,35.683125,139.7744375
0.0,4.08,35.683125,139.7745625
0.0,4.09,35.683125,139.7746875
0.0,4.07,35.683125,139.7748125
0.0,4.07,35.683125,139.7749375
0.0,4.15,35.683125,139.7750625
0.0,4.07,35.683125,139.7751875
0.0,4.16,35.683125,139.7753125
0.0,4.05,35.683125,139.7754375
0.0,4.04,35.683125,139.7755625
0.0,3.89,35.683125,139.7756875
0.0,3.73,35.683125,139.7758125
0.0,3.65,35.683125,139.7759375
0.0,2.79,35.68304167,139.7624375
0.0,2.75,35.68304167,139.7625625
0.0,2.94,35.68304167,139.7626875
0.0,3.46,35.68304167,139.7628125
0.0,3.58,35.68304167,139.7629375
0.0,3.53,35.68304167,139.7630625
0.0,3.52,35.68304167,139.7631875
0.0,3.54,35.68304167,139.7633125
0.0,3.54,35.68304167,139.7634375
0.0,3.54,35.68304167,139.7635625
0.0,3.42,35.68304167,139.7636875
0.192,2.83,35.68304167,139.7638125
0.0,2.89,35.68304167,139.7639375
0.0,3.11,35.68304167,139.7640625
0.0,3.12,35.68304167,139.7641875
0.0,3.08,35.68304167,139.7643125
0.0,2.89,35.68304167,139.7644375
0.324,2.7,35.68304167,139.7645625
0.319,2.7,35.68304167,139.7646875
0.316,2.7,35.68304167,139.7648125
0.302,2.72,35.68304167,139.7649375
0.0,2.9,35.68304167,139.7650625
0.217,2.8,35.68304167,139.7651875
0.0,3.02,35.68304167,139.7653125
0.0,3.15,35.68304167,139.7654375
0.0,3.19,35.68304167,139.7655625
0.0,3.26,35.68304167,139.7656875
0.0,3.22,35.68304167,139.7658125
0.0,3.24,35.68304167,139.7659375
0.0,3.2,35.68304167,139.7660625
0.0,3.19,35.68304167,139.7661875
0.0,3.16,35.68304167,139.7663125
0.0,3.09,35.68304167,139.7664375
0.0,3.02,35.68304167,139.7665625
0.253,2.89,35.68304167,139.7666875
0.227,2.92,35.68304167,139.7668125
0.168,2.98,35.68304167,139.7669375
0.222,2.93,35.68304167,139.7670625
0.191,2.96,35.68304167,139.7671875
0.235,2.92,35.68304167,139.7673125
0.234,2.92,35.68304167,139.7674375
0.2,2.96,35.68304167,139.7675625
0.148,3.01,35.68304167,139.7676875
0.0,3.08,35.68304167,139.7678125
0.0,3.14,35.68304167,139.7679375
0.0,3.2,35.68304167,139.7680625
0.0,3.27,35.68304167,139.7681875
0.0,3.32,35.68304167,139.7683125
0.0,3.39,35.68304167,139.7684375
0.0,3.45,35.68304167,139.7685625
0.0,3.46,35.68304167,139.7686875
0.0,3.49,35.68304167,139.7688125
0.0,3.52,35.68304167,139.7689375
0.0,3.5,35.68304167,139.7690625
0.0,3.4,35.68304167,139.7691875
0.0,3.49,35.68304167,139.7693125
0.0,3.64,35.68304167,139.7694375
0.0,3.66,35.68304167,139.7695625
0.0,3.65,35.68304167,139.7696875
0.0,3.62,35.68304167,139.7698125
0.162,3.53,35.68304167,139.7699375
0.241,3.45,35.68304167,139.7700625
0.301,3.39,35.68304167,139.7701875
0.353,3.34,35.68304167,139.7703125
0.467,3.23,35.68304167,139.7704375
0.766,2.93,35.68304167,139.7705625
0.656,3.04,35.68304167,139.7706875
0.804,2.89,35.68304167,139.7708125
0.703,2.99,35.68304167,139.7709375
0.597,3.1,35.68304167,139.7710625
0.456,3.24,35.68304167,139.7711875
0.379,3.32,35.68304167,139.7713125
0.226,3.48,35.68304167,139.7714375
0.0,3.7,35.68304167,139.7715625
0.0,3.95,35.68304167,139.7716875
0.0,3.95,35.68304167,139.7718125
0.0,3.88,35.68304167,139.7719375
0.0,3.74,35.68304167,139.7720625
0.0,3.66,35.68304167,139.7721875
0.0,3.74,35.68304167,139.7723125
0.0,3.85,35.68304167,139.7724375
0.0,3.8,35.68304167,139.7725625
0.0,3.88,35.68304167,139.7726875
0.0,3.99,35.68304167,139.7728125
0.0,4.1,35.68304167,139.7729375
0.0,4.13,35.68304167,139.7730625
0.0,4.15,35.68304167,139.7731875
0.0,4.2,35.68304167,139.7733125
0.0,4.17,35.68304167,139.7734375
0.0,4.04,35.68304167,139.7735625
0.0,3.87,35.68304167,139.7736875
0.15,3.78,35.68304167,139.7738125
0.339,3.59,35.68304167,139.7739375
0.221,3.71,35.68304167,139.7740625
0.0,3.85,35.68304167,139.7741875
0.0,4.12,35.68304167,139.7743125
0.0,4.11,35.68304167,139.7744375
0.0,4.12,35.68304167,139.7745625
0.0,4.13,35.68304167,139.7746875
0.0,4.13,35.68304167,139.7748125
0.0,4.17,35.68304167,139.7749375
0.0,4.27,35.68304167,139.7750625
0.0,4.24,35.68304167,139.7751875
0.0,4.19,35.68304167,139.7753125
0.0,4.12,35.68304167,139.7754375
0.0,4.05,35.68304167,139.7755625
0.0,3.9,35.68304167,139.7756875
0.0,3.85,35.68304167,139.7758125
0.0,3.84,35.68304167,139.7759375
0.0,2.59,35.68295833,139.7623125
0.0,2.81,35.68295833,139.7624375
0.0,2.76,35.68295833,139.7625625
0.0,3.08,35.68295833,139.7626875
0.0,3.4,35.68295833,139.7628125
0.0,3.49,35.68295833,139.7629375
0.0,3.51,35.68295833,139.7630625
0.0,3.51,35.68295833,139.7631875
0.0,3.52,35.68295833,139.7633125
0.0,3.52,35.68295833,139.7634375
0.0,3.52,35.68295833,139.7635625
0.0,3.14,35.68295833,139.7636875
0.211,2.81,35.68295833,139.7638125
0.0,3.03,35.68295833,139.7639375
0.0,3.13,35.68295833,139.7640625
0.0,3.15,35.68295833,139.7641875
0.0,3.06,35.68295833,139.7643125
0.0,3.0,35.68295833,139.7644375
0.0,2.99,35.68295833,139.7645625
0.0,2.92,35.68295833,139.7646875
0.0,2.88,35.68295833,139.7648125
0.268,2.75,35.68295833,139.7649375
0.0,2.92,35.68295833,139.7650625
0.0,2.91,35.68295833,139.7651875
0.0,2.94,35.68295833,139.7653125
0.0,3.06,35.68295833,139.7654375
0.0,3.17,35.68295833,139.7655625
0.0,3.24,35.68295833,139.7656875
0.0,3.21,35.68295833,139.7658125
0.0,3.2,35.68295833,139.7659375
0.0,3.17,35.68295833,139.7660625
0.0,3.18,35.68295833,139.7661875
0.0,3.1,35.68295833,139.7663125
0.0,3.0,35.68295833,139.7664375
0.239,2.9,35.68295833,139.7665625
0.148,3.0,35.68295833,139.7666875
0.185,2.96,35.68295833,139.7668125
0.267,2.88,35.68295833,139.7669375
0.0,3.1,35.68295833,139.7670625
0.0,3.1,35.68295833,139.7671875
0.0,3.08,35.68295833,139.7673125
0.0,3.05,35.68295833,139.7674375
0.141,3.02,35.68295833,139.7675625
0.148,3.02,35.68295833,139.7676875
0.13,3.05,35.68295833,139.7678125
0.0,3.12,35.68295833,139.7679375
0.0,3.18,35.68295833,139.7680625
0.0,3.24,35.68295833,139.7681875
0.0,3.3,35.68295833,139.7683125
0.0,3.37,35.68295833,139.7684375
0.0,3.43,35.68295833,139.7685625
0.0,3.46,35.68295833,139.7686875
0.0,3.49,35.68295833,139.7688125
0.0,3.52,35.68295833,139.7689375
0.0,3.49,35.68295833,139.7690625
0.0,3.42,35.68295833,139.7691875
0.0,3.56,35.68295833,139.7693125
0.0,3.62,35.68295833,139.7694375
0.0,3.63,35.68295833,139.7695625
0.0,3.7,35.68295833,139.7696875
0.0,3.68,35.68295833,139.7698125
0.0,3.58,35.68295833,139.7699375
0.177,3.52,35.68295833,139.7700625
0.191,3.5,35.68295833,139.7701875
0.249,3.45,35.68295833,139.7703125
0.669,3.03,35.68295833,139.7704375
0.781,2.91,35.68295833,139.7705625
0.681,3.01,35.68295833,139.7706875
0.891,2.8,35.68295833,139.7708125
0.77,2.92,35.68295833,139.7709375
0.605,3.09,35.68295833,139.7710625
0.368,3.33,35.68295833,139.7711875
0.21,3.49,35.68295833,139.7713125
0.0,3.67,35.68295833,139.7714375
0.0,3.89,35.68295833,139.7715625
0.0,3.96,35.68295833,139.7716875
0.0,3.96,35.68295833,139.7718125
0.0,3.99,35.68295833,139.7719375
0.0,3.94,35.68295833,139.7720625
0.0,3.82,35.68295833,139.7721875
0.0,3.7,35.68295833,139.7723125
0.0,3.75,35.68295833,139.7724375
0.0,3.84,35.68295833,139.7725625
0.0,3.89,35.68295833,139.7726875
0.0,3.9,35.68295833,139.7728125
0.0,3.97,35.68295833,139.7729375
0.0,4.11,35.68295833,139.7730625
0.0,4.15,35.68295833,139.7731875
0.0,4.17,35.68295833,139.7733125
0.0,4.14,35.68295833,139.7734375
0.0,4.03,35.68295833,139.7735625
0.0,3.84,35.68295833,139.7736875
0.253,3.68,35.68295833,139.7738125
0.181,3.75,35.68295833,139.7739375
0.0,3.89,35.68295833,139.7740625
0.0,4.09,35.68295833,139.7741875
0.0,3.96,35.68295833,139.7743125
0.0,4.09,35.68295833,139.7744375
0.0,4.16,35.68295833,139.7745625
0.0,4.17,35.68295833,139.7746875
0.0,4.17,35.68295833,139.7748125
0.0,4.33,35.68295833,139.7749375
0.0,4.46,35.68295833,139.7750625
0.0,4.57,35.68295833,139.7751875
0.0,4.44,35.68295833,139.7753125
0.0,4.1,35.68295833,139.7754375
0.0,4.01,35.68295833,139.7755625
0.0,3.93,35.68295833,139.7756875
0.0,3.9,35.68295833,139.7758125
0.0,3.9,35.68295833,139.7759375
0.0,2.7,35.682875,139.7623125
0.0,2.82,35.682875,139.7624375
0.0,2.77,35.682875,139.7625625
0.0,3.39,35.682875,139.7626875
0.0,3.6,35.682875,139.7628125
0.0,3.53,35.682875,139.7629375
0.0,3.48,35.682875,139.7630625
0.0,3.5,35.682875,139.7631875
0.0,3.51,35.682875,139.7633125
0.0,3.51,35.682875,139.7634375
0.0,3.43,35.682875,139.7635625
0.0,3.02,35.682875,139.7636875
0.181,2.84,35.682875,139.7638125
0.0,3.11,35.682875,139.7639375
0.0,3.11,35.682875,139.7640625
0.0,3.05,35.682875,139.7641875
0.0,2.98,35.682875,139.7643125
0.0,3.01,35.682875,139.7644375
0.0,3.08,35.682875,139.7645625
0.0,3.02,35.682875,139.7646875
0.0,3.0,35.682875,139.7648125
0.202,2.79,35.682875,139.7649375
0.0,2.97,35.682875,139.7650625
0.0,2.95,35.682875,139.7651875
0.183,2.82,35.682875,139.7653125
0.193,2.78,35.682875,139.7654375
0.0,2.93,35.682875,139.7655625
0.0,3.03,35.682875,139.7656875
0.0,3.1,35.682875,139.7658125
0.0,3.17,35.682875,139.7659375
0.0,3.12,35.682875,139.7660625
0.0,3.04,35.682875,139.7661875
0.208,3.01,35.682875,139.7663125
0.175,3.01,35.682875,139.7664375
0.054,3.08,35.682875,139.7665625
0.167,2.97,35.682875,139.7666875
0.295,3.08,35.682875,139.7668125
0.0,3.04,35.682875,139.7669375
0.0,3.16,35.682875,139.7670625
0.0,3.18,35.682875,139.7671875
0.0,3.17,35.682875,139.7673125
0.0,3.18,35.682875,139.7674375
0.0,3.17,35.682875,139.7675625
0.0,3.12,35.682875,139.7676875
0.0,3.13,35.682875,139.7678125
0.0,3.12,35.682875,139.7679375
0.0,3.16,35.682875,139.7680625
0.0,3.22,35.682875,139.7681875
0.0,3.29,35.682875,139.7683125
0.125,3.35,35.682875,139.7684375
0.0,3.41,35.682875,139.7685625
0.0,3.46,35.682875,139.7686875
0.0,3.48,35.682875,139.7688125
0.0,3.51,35.682875,139.7689375
0.0,3.49,35.682875,139.7690625
0.0,3.46,35.682875,139.7691875
0.0,3.67,35.682875,139.7693125
0.0,3.59,35.682875,139.7694375
0.0,3.57,35.682875,139.7695625
0.0,3.6,35.682875,139.7696875
0.0,3.62,35.682875,139.7698125
0.181,3.51,35.682875,139.7699375
0.233,3.46,35.682875,139.7700625
0.229,3.46,35.682875,139.7701875
0.23,3.46,35.682875,139.7703125
0.729,2.97,35.682875,139.7704375
0.729,2.97,35.682875,139.7705625
0.775,2.92,35.682875,139.7706875
0.869,2.83,35.682875,139.7708125
0.748,2.95,35.682875,139.7709375
0.625,3.07,35.682875,139.7710625
0.34,3.36,35.682875,139.7711875
0.144,3.55,35.682875,139.7713125
0.0,3.77,35.682875,139.7714375
0.0,3.94,35.682875,139.7715625
0.0,3.92,35.682875,139.7716875
0.0,3.93,35.682875,139.7718125
0.0,3.96,35.682875,139.7719375
0.0,3.95,35.682875,139.7720625
0.0,3.87,35.682875,139.7721875
0.0,3.8,35.682875,139.7723125
0.0,3.84,35.682875,139.7724375
0.0,3.84,35.682875,139.7725625
0.0,3.84,35.682875,139.7726875
0.0,3.96,35.682875,139.7728125
0.0,3.97,35.682875,139.7729375
0.0,3.97,35.682875,139.7730625
0.0,4.1,35.682875,139.7731875
0.0,4.16,35.682875,139.7733125
0.0,4.14,35.682875,139.7734375
0.0,4.1,35.682875,139.7735625
0.0,3.86,35.682875,139.7736875
0.185,3.74,35.682875,139.7738125
0.144,3.79,35.682875,139.7739375
0.0,4.14,35.682875,139.7740625
0.0,4.15,35.682875,139.7741875
0.0,4.02,35.682875,139.7743125
0.0,4.07,35.682875,139.7744375
0.0,4.14,35.682875,139.7745625
0.0,4.18,35.682875,139.7746875
0.0,4.18,35.682875,139.7748125
0.0,4.43,35.682875,139.7749375
0.0,4.45,35.682875,139.7750625
0.0,4.47,35.682875,139.7751875
0.0,4.52,35.682875,139.7753125
0.0,4.45,35.682875,139.7754375
0.0,4.0,35.682875,139.7755625
0.0,3.89,35.682875,139.7756875
0.0,3.84,35.682875,139.7758125
0.0,3.88,35.682875,139.7759375
0.0,2.68,35.68279167,139.7623125
0.0,2.75,35.68279167,139.7624375
0.0,2.84,35.68279167,139.7625625
0.0,3.53,35.68279167,139.7626875
0.0,3.6,35.68279167,139.7628125
0.0,3.62,35.68279167,139.7629375
0.0,3.55,35.68279167,139.7630625
0.0,3.54,35.68279167,139.7631875
0.0,3.51,35.68279167,139.7633125
0.0,3.49,35.68279167,139.7634375
0.0,3.28,35.68279167,139.7635625
0.0,2.88,35.68279167,139.7636875
0.175,2.84,35.68279167,139.7638125
0.0,3.11,35.68279167,139.7639375
0.0,3.05,35.68279167,139.7640625
0.0,2.98,35.68279167,139.7641875
0.0,2.98,35.68279167,139.7643125
0.0,3.03,35.68279167,139.7644375
0.0,3.09,35.68279167,139.7645625
0.0,3.05,35.68279167,139.7646875
0.0,2.95,35.68279167,139.7648125
0.238,2.79,35.68279167,139.7649375
0.0,2.95,35.68279167,139.7650625
0.173,2.85,35.68279167,139.7651875
0.212,2.82,35.68279167,139.7653125
0.249,2.78,35.68279167,139.7654375
0.269,2.76,35.68279167,139.7655625
0.251,2.78,35.68279167,139.7656875
0.175,2.86,35.68279167,139.7658125
0.0,2.95,35.68279167,139.7659375
0.144,2.91,35.68279167,139.7660625
0.209,2.87,35.68279167,139.7661875
0.089,3.01,35.68279167,139.7663125
0.0,3.01,35.68279167,139.7664375
0.206,2.92,35.68279167,139.7665625
0.17,2.97,35.68279167,139.7666875
0.0,3.08,35.68279167,139.7668125
0.0,3.31,35.68279167,139.7669375
0.0,3.29,35.68279167,139.7670625
0.0,3.23,35.68279167,139.7671875
0.0,3.22,35.68279167,139.7673125
0.0,3.22,35.68279167,139.7674375
0.0,3.23,35.68279167,139.7675625
0.0,3.25,35.68279167,139.7676875
0.0,3.23,35.68279167,139.7678125
0.0,3.23,35.68279167,139.7679375
0.0,3.21,35.68279167,139.7680625
0.0,3.22,35.68279167,139.7681875
0.135,3.29,35.68279167,139.7683125
0.169,3.35,35.68279167,139.7684375
0.139,3.41,35.68279167,139.7685625
0.0,3.45,35.68279167,139.7686875
0.0,3.49,35.68279167,139.7688125
0.0,3.51,35.68279167,139.7689375
0.0,3.47,35.68279167,139.7690625
0.0,3.56,35.68279167,139.7691875
0.0,3.68,35.68279167,139.7693125
0.0,3.61,35.68279167,139.7694375
0.0,3.62,35.68279167,139.7695625
0.0,3.63,35.68279167,139.7696875
0.0,3.62,35.68279167,139.7698125
0.248,3.51,35.68279167,139.7699375
0.294,3.46,35.68279167,139.7700625
0.325,3.46,35.68279167,139.7701875
0.367,3.46,35.68279167,139.7703125
0.721,2.97,35.68279167,139.7704375
0.676,2.97,35.68279167,139.7705625
0.844,2.92,35.68279167,139.7706875
0.616,2.83,35.68279167,139.7708125
0.592,2.95,35.68279167,139.7709375
0.484,3.07,35.68279167,139.7710625
0.422,3.36,35.68279167,139.7711875
0.203,3.55,35.68279167,139.7713125
0.0,3.69,35.68279167,139.7714375
0.0,3.86,35.68279167,139.7715625
0.0,3.87,35.68279167,139.7716875
0.0,3.9,35.68279167,139.7718125
0.0,3.93,35.68279167,139.7719375
0.0,3.94,35.68279167,139.7720625
0.0,3.86,35.68279167,139.7721875
0.0,3.87,35.68279167,139.7723125
0.0,3.81,35.68279167,139.7724375
0.0,3.74,35.68279167,139.7725625
0.0,3.85,35.68279167,139.7726875
0.0,3.91,35.68279167,139.7728125
0.0,3.98,35.68279167,139.7729375
0.0,4.05,35.68279167,139.7730625
0.0,4.02,35.68279167,139.7731875
0.0,4.04,35.68279167,139.7733125
0.0,4.08,35.68279167,139.7734375
0.0,3.99,35.68279167,139.7735625
0.0,3.95,35.68279167,139.7736875
0.0,3.9,35.68279167,139.7738125
0.0,3.87,35.68279167,139.7739375
0.0,4.24,35.68279167,139.7740625
0.0,4.21,35.68279167,139.7741875
0.0,4.14,35.68279167,139.7743125
0.0,4.11,35.68279167,139.7744375
0.0,4.2,35.68279167,139.7745625
0.0,4.22,35.68279167,139.7746875
0.0,4.15,35.68279167,139.7748125
0.0,4.33,35.68279167,139.7749375
0.0,4.3,35.68279167,139.7750625
0.0,4.36,35.68279167,139.7751875
0.0,4.46,35.68279167,139.7753125
0.0,4.38,35.68279167,139.7754375
0.0,3.85,35.68279167,139.7755625
0.0,4.02,35.68279167,139.7756875
0.0,3.94,35.68279167,139.7758125
0.0,3.67,35.68279167,139.7759375
0.0,3.55,35.68270833,139.7628125
0.0,3.58,35.68270833,139.7629375
0.0,3.61,35.68270833,139.7630625
0.0,3.52,35.68270833,139.7633125
0.0,3.48,35.68270833,139.7634375
0.0,2.97,35.68270833,139.7640625
0.0,2.96,35.68270833,139.7641875
0.0,3.06,35.68270833,139.7644375
0.0,3.1,35.68270833,139.7645625
0.204,2.83,35.68270833,139.7653125
0.271,2.76,35.68270833,139.7654375
0.367,2.66,35.68270833,139.7656875
0.285,2.75,35.68270833,139.7658125
0.063,3.0,35.68270833,139.7661875
0.095,3.0,35.68270833,139.7663125
0.231,2.88,35.68270833,139.7664375
0.0,3.13,35.68270833,139.7666875
0.0,3.3,35.68270833,139.7668125
0.0,3.37,35.68270833,139.7670625
0.0,3.38,35.68270833,139.7671875
0.0,3.34,35.68270833,139.7673125
0.0,3.43,35.68270833,139.7686875
0.0,3.48,35.68270833,139.7688125
0.0,3.51,35.68270833,139.7689375
0.0,3.45,35.68270833,139.7690625
0.0,3.56,35.68270833,139.7691875
0.0,3.65,35.68270833,139.7693125
0.0,3.61,35.68270833,139.7694375
0.0,3.62,35.68270833,139.7695625
0.564,3.13,35.68270833,139.7701875
0.667,3.03,35.68270833,139.7703125
0.768,2.93,35.68270833,139.7706875
0.453,3.24,35.68270833,139.7708125
0.342,3.35,35.68270833,139.7710625
0.243,3.45,35.68270833,139.7711875
0.0,3.65,35.68270833,139.7715625
0.0,3.81,35.68270833,139.7716875
0.0,3.46,35.68270833,139.7725625
0.0,3.49,35.68270833,139.7726875
0.0,3.96,35.68270833,139.7738125
0.0,4.05,35.68270833,139.7739375
0.0,4.18,35.68270833,139.7748125
0.0,4.07,35.68270833,139.7749375
0.0,2.72,35.68270833,139.7623125
0.0,2.75,35.68270833,139.7624375
0.0,3.01,35.68270833,139.7625625
0.0,3.52,35.68270833,139.7626875
0.0,3.6,35.68270833,139.7631875
0.0,3.38,35.68270833,139.7635625
0.0,2.9,35.68270833,139.7636875
0.0,2.94,35.68270833,139.7638125
0.0,3.06,35.68270833,139.7639375
0.0,3.0,35.68270833,139.7643125
0.0,3.06,35.68270833,139.7646875
0.0,2.96,35.68270833,139.7648125
0.219,2.81,35.68270833,139.7649375
0.161,2.86,35.68270833,139.7650625
0.091,2.94,35.68270833,139.7651875
0.385,2.65,35.68270833,139.7655625
0.248,2.78,35.68270833,139.7659375
0.145,2.89,35.68270833,139.7660625
0.0,3.0,35.68270833,139.7665625
0.0,3.37,35.68270833,139.7669375
0.0,3.28,35.68270833,139.7674375
0.0,3.26,35.68270833,139.7675625
0.0,3.27,35.68270833,139.7676875
0.0,3.28,35.68270833,139.7678125
0.0,3.29,35.68270833,139.7679375
0.0,3.31,35.68270833,139.7680625
0.0,3.32,35.68270833,139.7681875
0.161,3.29,35.68270833,139.7683125
0.181,3.33,35.68270833,139.7684375
0.166,3.37,35.68270833,139.7685625
0.0,3.6,35.68270833,139.7696875
0.0,3.57,35.68270833,139.7698125
0.334,3.36,35.68270833,139.7699375
0.454,3.24,35.68270833,139.7700625
0.763,2.93,35.68270833,139.7704375
0.691,3.0,35.68270833,139.7705625
0.356,3.34,35.68270833,139.7709375
0.345,3.35,35.68270833,139.7713125
0.224,3.47,35.68270833,139.7714375
0.0,3.88,35.68270833,139.7718125
0.0,3.91,35.68270833,139.7719375
0.0,3.94,35.68270833,139.7720625
0.0,3.86,35.68270833,139.7721875
0.0,3.87,35.68270833,139.7723125
0.0,3.51,35.68270833,139.7724375
0.0,3.57,35.68270833,139.7728125
0.0,4.1,35.68270833,139.7729375
0.0,3.96,35.68270833,139.7730625
0.0,4.07,35.68270833,139.7731875
0.0,4.08,35.68270833,139.7733125
0.0,3.98,35.68270833,139.7734375
0.0,4.06,35.68270833,139.7735625
0.0,4.07,35.68270833,139.7736875
0.0,4.23,35.68270833,139.7740625
0.0,4.18,35.68270833,139.7741875
0.0,4.1,35.68270833,139.7743125
0.0,4.16,35.68270833,139.7744375
0.0,4.19,35.68270833,139.7745625
0.0,4.27,35.68270833,139.7746875
0.0,4.1,35.68270833,139.7750625
0.0,4.19,35.68270833,139.7751875
0.0,4.43,35.68270833,139.7753125
0.0,4.17,35.68270833,139.7754375
0.0,3.81,35.68270833,139.7755625
0.0,3.95,35.68270833,139.7756875
0.0,3.88,35.68270833,139.7758125
0.0,3.71,35.68270833,139.7759375
0.0,3.51,35.682625,139.7628125
0.0,3.54,35.682625,139.7629375
0.0,3.6,35.682625,139.7630625
0.0,3.53,35.682625,139.7633125
0.0,3.57,35.682625,139.7634375
0.0,2.94,35.682625,139.7640625
0.0,2.98,35.682625,139.7641875
0.0,3.08,35.682625,139.7644375
0.0,3.11,35.682625,139.7645625
0.064,2.97,35.682625,139.7653125
0.076,2.95,35.682625,139.7654375
0.467,2.56,35.682625,139.7656875
0.355,2.68,35.682625,139.7658125
0.17,2.89,35.682625,139.7661875
0.182,2.9,35.682625,139.7663125
0.0,3.08,35.682625,139.7664375
0.113,3.24,35.682625,139.7666875
0.0,3.36,35.682625,139.7668125
0.0,3.38,35.682625,139.7670625
0.0,3.39,35.682625,139.7671875
0.0,3.4,35.682625,139.7673125
0.0,3.42,35.682625,139.7686875
0.0,3.47,35.682625,139.7688125
0.0,3.51,35.682625,139.7689375
0.0,3.47,35.682625,139.7690625
0.0,3.6,35.682625,139.7691875
0.0,3.63,35.682625,139.7693125
0.0,3.6,35.682625,139.7694375
0.0,3.64,35.682625,139.7695625
0.739,2.95,35.682625,139.7701875
0.86,2.83,35.682625,139.7703125
0.665,3.03,35.682625,139.7706875
0.329,3.37,35.682625,139.7708125
0.274,3.42,35.682625,139.7710625
0.0,3.64,35.682625,139.7711875
0.217,3.48,35.682625,139.7715625
0.0,3.6,35.682625,139.7716875
0.0,3.34,35.682625,139.7725625
0.0,3.27,35.682625,139.7726875
0.0,3.98,35.682625,139.7738125
0.0,3.99,35.682625,139.7739375
0.0,4.21,35.682625,139.7748125
0.0,4.18,35.682625,139.7749375
0.0,2.82,35.682625,139.7623125
0.0,2.74,35.682625,139.7624375
0.0,3.16,35.682625,139.7625625
0.0,3.5,35.682625,139.7626875
0.0,3.59,35.682625,139.7631875
0.0,3.46,35.682625,139.7635625
0.153,2.86,35.682625,139.7636875
0.0,3.02,35.682625,139.7638125
0.0,3.02,35.682625,139.7639375
0.0,3.03,35.682625,139.7643125
0.0,3.06,35.682625,139.7646875
0.0,2.91,35.682625,139.7648125
0.177,2.85,35.682625,139.7649375
0.214,2.81,35.682625,139.7650625
0.0,3.06,35.682625,139.7651875
0.211,2.82,35.682625,139.7655625
0.162,2.87,35.682625,139.7659375
0.051,2.99,35.682625,139.7660625
0.0,3.18,35.682625,139.7665625
0.0,3.37,35.682625,139.7669375
0.0,3.41,35.682625,139.7674375
0.0,3.34,35.682625,139.7675625
0.0,3.3,35.682625,139.7676875
0.0,3.31,35.682625,139.7678125
0.0,3.33,35.682625,139.7679375
0.0,3.33,35.682625,139.7680625
0.0,3.35,35.682625,139.7681875
0.0,3.39,35.682625,139.7683125
0.153,3.37,35.682625,139.7684375
0.14,3.39,35.682625,139.7685625
0.0,3.62,35.682625,139.7696875
0.214,3.48,35.682625,139.7698125
0.492,3.2,35.682625,139.7699375
0.568,3.12,35.682625,139.7700625
0.668,3.03,35.682625,139.7704375
0.73,2.96,35.682625,139.7705625
0.136,3.56,35.682625,139.7709375
0.0,3.58,35.682625,139.7713125
0.215,3.48,35.682625,139.7714375
0.0,3.75,35.682625,139.7718125
0.0,3.87,35.682625,139.7719375
0.0,3.9,35.682625,139.7720625
0.0,3.82,35.682625,139.7721875
0.0,3.88,35.682625,139.7723125
0.0,3.37,35.682625,139.7724375
0.0,3.39,35.682625,139.7728125
0.0,4.21,35.682625,139.7729375
0.0,4.18,35.682625,139.7730625
0.0,4.04,35.682625,139.7731875
0.0,4.05,35.682625,139.7733125
0.0,4.07,35.682625,139.7734375
0.0,4.03,35.682625,139.7735625
0.0,4.12,35.682625,139.7736875
0.0,4.16,35.682625,139.7740625
0.0,4.13,35.682625,139.7741875
0.0,4.09,35.682625,139.7743125
0.0,4.18,35.682625,139.7744375
0.0,4.19,35.682625,139.7745625
0.0,4.23,35.682625,139.7746875
0.0,4.01,35.682625,139.7750625
0.0,3.96,35.682625,139.7751875
0.0,4.22,35.682625,139.7753125
0.0,3.87,35.682625,139.7754375
0.0,3.76,35.682625,139.7755625
0.0,3.82,35.682625,139.7756875
0.0,3.74,35.682625,139.7758125
0.0,3.68,35.682625,139.7759375
0.0,2.59,35.68254167,139.7621875
0.0,2.84,35.68254167,139.7623125
0.0,2.76,35.68254167,139.7624375
0.0,3.12,35.68254167,139.7625625
0.0,3.49,35.68254167,139.7626875
0.0,3.5,35.68254167,139.7628125
0.0,3.51,35.68254167,139.7629375
0.0,3.53,35.68254167,139.7630625
0.0,3.55,35.68254167,139.7631875
0.0,3.52,35.68254167,139.7633125
0.0,3.55,35.68254167,139.7634375
0.0,3.32,35.68254167,139.7635625
0.171,2.85,35.68254167,139.7636875
0.0,3.07,35.68254167,139.7638125
0.0,2.97,35.68254167,139.7639375
0.0,2.92,35.68254167,139.7640625
0.0,3.0,35.68254167,139.7641875
0.0,3.06,35.68254167,139.7643125
0.0,3.11,35.68254167,139.7644375
0.0,3.11,35.68254167,139.7645625
0.0,3.02,35.68254167,139.7646875
0.0,2.9,35.68254167,139.7648125
0.0,2.88,35.68254167,139.7649375
0.205,2.82,35.68254167,139.7650625
0.046,2.98,35.68254167,139.7651875
0.0,3.05,35.68254167,139.7653125
0.0,3.03,35.68254167,139.7654375
0.221,2.81,35.68254167,139.7655625
0.325,2.71,35.68254167,139.7656875
0.212,2.82,35.68254167,139.7658125
0.196,2.84,35.68254167,139.7659375
0.181,2.86,35.68254167,139.7660625
0.149,2.9,35.68254167,139.7661875
0.0,3.09,35.68254167,139.7663125
0.0,3.23,35.68254167,139.7664375
0.0,3.28,35.68254167,139.7665625
0.0,3.32,35.68254167,139.7666875
0.0,3.35,35.68254167,139.7668125
0.0,3.36,35.68254167,139.7669375
0.0,3.37,35.68254167,139.7670625
0.0,3.38,35.68254167,139.7671875
0.0,3.39,35.68254167,139.7673125
0.0,3.4,35.68254167,139.7674375
0.0,3.41,35.68254167,139.7675625
0.0,3.4,35.68254167,139.7676875
0.0,3.38,35.68254167,139.7678125
0.0,3.35,35.68254167,139.7679375
0.0,3.36,35.68254167,139.7680625
0.0,3.38,35.68254167,139.7681875
0.121,3.38,35.68254167,139.7683125
0.137,3.4,35.68254167,139.7684375
0.122,3.42,35.68254167,139.7685625
0.0,3.45,35.68254167,139.7686875
0.0,3.48,35.68254167,139.7688125
0.0,3.49,35.68254167,139.7689375
0.0,3.49,35.68254167,139.7690625
0.0,3.59,35.68254167,139.7691875
0.0,3.65,35.68254167,139.7693125
0.0,3.63,35.68254167,139.7694375
0.0,3.7,35.68254167,139.7695625
0.0,3.59,35.68254167,139.7696875
0.473,3.22,35.68254167,139.7698125
0.622,3.07,35.68254167,139.7699375
0.624,3.07,35.68254167,139.7700625
0.717,2.98,35.68254167,139.7701875
0.788,2.9,35.68254167,139.7703125
0.61,3.08,35.68254167,139.7704375
0.761,2.93,35.68254167,139.7705625
0.454,3.24,35.68254167,139.7706875
0.185,3.51,35.68254167,139.7708125
0.0,3.7,35.68254167,139.7709375
0.0,3.71,35.68254167,139.7710625
0.0,3.9,35.68254167,139.7711875
0.0,3.77,35.68254167,139.7713125
0.0,3.69,35.68254167,139.7714375
0.0,3.68,35.68254167,139.7715625
0.212,3.48,35.68254167,139.7716875
0.0,3.59,35.68254167,139.7718125
0.0,3.71,35.68254167,139.7719375
0.0,3.77,35.68254167,139.7720625
0.0,3.84,35.68254167,139.7721875
0.0,3.79,35.68254167,139.7723125
0.0,3.4,35.68254167,139.7724375
0.0,3.29,35.68254167,139.7725625
0.0,3.25,35.68254167,139.7726875
0.0,3.53,35.68254167,139.7728125
0.0,4.32,35.68254167,139.7729375
0.0,4.2,35.68254167,139.7730625
0.0,4.17,35.68254167,139.7731875
0.0,4.15,35.68254167,139.7733125
0.0,4.07,35.68254167,139.7734375
0.0,4.06,35.68254167,139.7735625
0.0,4.17,35.68254167,139.7736875
0.0,4.06,35.68254167,139.7738125
0.0,3.94,35.68254167,139.7739375
0.0,3.97,35.68254167,139.7740625
0.0,4.07,35.68254167,139.7741875
0.0,4.1,35.68254167,139.7743125
0.0,4.14,35.68254167,139.7744375
0.0,4.16,35.68254167,139.7745625
0.0,4.2,35.68254167,139.7746875
0.0,4.16,35.68254167,139.7748125
0.0,4.21,35.68254167,139.7749375
0.0,4.24,35.68254167,139.7750625
0.0,4.04,35.68254167,139.7751875
0.0,3.83,35.68254167,139.7753125
0.0,3.68,35.68254167,139.7754375
0.0,3.7,35.68254167,139.7755625
0.0,3.65,35.68254167,139.7756875
0.0,3.52,35.68254167,139.7758125
0.0,3.46,35.68254167,139.7759375
0.0,2.68,35.68245833,139.7621875
0.0,2.85,35.68245833,139.7623125
0.0,2.82,35.68245833,139.7624375
0.0,2.88,35.68245833,139.7625625
0.0,3.08,35.68245833,139.7626875
0.0,3.3,35.68245833,139.7628125
0.0,3.46,35.68245833,139.7629375
0.0,3.49,35.68245833,139.7630625
0.0,3.51,35.68245833,139.7631875
0.0,3.52,35.68245833,139.7633125
0.0,3.53,35.68245833,139.7634375
0.0,3.19,35.68245833,139.7635625
0.0,2.89,35.68245833,139.7636875
0.0,3.09,35.68245833,139.7638125
0.0,2.87,35.68245833,139.7639375
0.0,2.9,35.68245833,139.7640625
0.0,2.98,35.68245833,139.7641875
0.0,3.06,35.68245833,139.7643125
0.0,3.12,35.68245833,139.7644375
0.0,3.06,35.68245833,139.7645625
0.0,2.96,35.68245833,139.7646875
0.275,2.75,35.68245833,139.7648125
0.0,2.91,35.68245833,139.7649375
0.226,2.8,35.68245833,139.7650625
0.265,2.76,35.68245833,139.7651875
0.206,2.82,35.68245833,139.7653125
0.275,2.75,35.68245833,139.7654375
0.288,2.74,35.68245833,139.7655625
0.159,2.87,35.68245833,139.7656875
0.226,2.81,35.68245833,139.7658125
0.225,2.81,35.68245833,139.7659375
0.0,3.07,35.68245833,139.7660625
0.0,3.2,35.68245833,139.7661875
0.0,3.27,35.68245833,139.7663125
0.149,3.23,35.68245833,139.7664375
0.182,3.25,35.68245833,139.7665625
0.133,3.31,35.68245833,139.7666875
0.0,3.35,35.68245833,139.7668125
0.0,3.36,35.68245833,139.7669375
0.0,3.36,35.68245833,139.7670625
0.0,3.38,35.68245833,139.7671875
0.0,3.38,35.68245833,139.7673125
0.0,3.39,35.68245833,139.7674375
0.0,3.41,35.68245833,139.7675625
0.0,3.42,35.68245833,139.7676875
0.0,3.43,35.68245833,139.7678125
0.0,3.43,35.68245833,139.7679375
0.0,3.4,35.68245833,139.7680625
0.0,3.39,35.68245833,139.7681875
0.123,3.4,35.68245833,139.7683125
0.0,3.43,35.68245833,139.7684375
0.0,3.43,35.68245833,139.7685625
0.0,3.44,35.68245833,139.7686875
0.0,3.48,35.68245833,139.7688125
0.0,3.48,35.68245833,139.7689375
0.0,3.51,35.68245833,139.7690625
0.0,3.6,35.68245833,139.7691875
0.0,3.67,35.68245833,139.7693125
0.0,3.65,35.68245833,139.7694375
0.0,3.71,35.68245833,139.7695625
0.172,3.52,35.68245833,139.7696875
0.526,3.17,35.68245833,139.7698125
0.629,3.06,35.68245833,139.7699375
0.682,3.01,35.68245833,139.7700625
0.707,2.99,35.68245833,139.7701875
0.677,3.02,35.68245833,139.7703125
0.619,3.08,35.68245833,139.7704375
0.683,3.01,35.68245833,139.7705625
0.348,3.34,35.68245833,139.7706875
0.0,3.63,35.68245833,139.7708125
0.0,3.77,35.68245833,139.7709375
0.0,3.79,35.68245833,139.7710625
0.0,3.98,35.68245833,139.7711875
0.0,4.01,35.68245833,139.7713125
0.0,3.95,35.68245833,139.7714375
0.0,3.91,35.68245833,139.7715625
0.0,3.63,35.68245833,139.7716875
0.147,3.55,35.68245833,139.7718125
0.0,3.65,35.68245833,139.7719375
0.0,3.74,35.68245833,139.7720625
0.0,3.78,35.68245833,139.7721875
0.0,3.84,35.68245833,139.7723125
0.0,3.52,35.68245833,139.7724375
0.0,3.38,35.68245833,139.7725625
0.0,3.33,35.68245833,139.7726875
0.0,4.12,35.68245833,139.7728125
0.0,4.28,35.68245833,139.7729375
0.0,4.17,35.68245833,139.7730625
0.0,4.15,35.68245833,139.7731875
0.0,4.19,35.68245833,139.7733125
0.0,4.17,35.68245833,139.7734375
0.0,4.02,35.68245833,139.7735625
0.0,4.05,35.68245833,139.7736875
0.0,4.02,35.68245833,139.7738125
0.0,4.0,35.68245833,139.7739375
0.0,3.92,35.68245833,139.7740625
0.0,3.9,35.68245833,139.7741875
0.0,4.03,35.68245833,139.7743125
0.0,4.1,35.68245833,139.7744375
0.0,4.11,35.68245833,139.7745625
0.0,4.15,35.68245833,139.7746875
0.0,4.16,35.68245833,139.7748125
0.0,4.21,35.68245833,139.7749375
0.0,4.2,35.68245833,139.7750625
0.0,4.13,35.68245833,139.7751875
0.0,3.82,35.68245833,139.7753125
0.0,3.7,35.68245833,139.7754375
0.0,3.73,35.68245833,139.7755625
0.0,3.48,35.68245833,139.7756875
0.0,3.38,35.68245833,139.7758125
0.0,3.36,35.68245833,139.7759375
0.0,2.79,35.682375,139.7621875
0.0,2.89,35.682375,139.7623125
0.0,2.85,35.682375,139.7624375
0.137,2.76,35.682375,139.7625625
0.166,2.74,35.682375,139.7626875
0.152,2.75,35.682375,139.7628125
0.0,2.97,35.682375,139.7629375
0.0,3.07,35.682375,139.7630625
0.0,3.36,35.682375,139.7631875
0.0,3.44,35.682375,139.7633125
0.0,3.48,35.682375,139.7634375
0.0,3.06,35.682375,139.7635625
0.0,2.9,35.682375,139.7636875
0.0,3.08,35.682375,139.7638125
0.0,2.9,35.682375,139.7639375
0.0,2.92,35.682375,139.7640625
0.0,2.99,35.682375,139.7641875
0.0,3.07,35.682375,139.7643125
0.0,3.11,35.682375,139.7644375
0.0,3.05,35.682375,139.7645625
0.0,2.98,35.682375,139.7646875
0.251,2.77,35.682375,139.7648125
0.165,2.86,35.682375,139.7649375
0.0,3.14,35.682375,139.7650625
0.205,2.82,35.682375,139.7651875
0.229,2.8,35.682375,139.7653125
0.221,2.81,35.682375,139.7654375
0.233,2.79,35.682375,139.7655625
0.173,2.86,35.682375,139.7656875
0.206,2.82,35.682375,139.7658125
0.0,2.93,35.682375,139.7659375
0.0,3.12,35.682375,139.7660625
0.0,3.25,35.682375,139.7661875
0.0,3.26,35.682375,139.7663125
0.172,3.24,35.682375,139.7664375
0.213,3.23,35.682375,139.7665625
0.181,3.27,35.682375,139.7666875
0.138,3.32,35.682375,139.7668125
0.0,3.36,35.682375,139.7669375
0.115,3.35,35.682375,139.7670625
0.0,3.35,35.682375,139.7671875
0.0,3.37,35.682375,139.7673125
0.0,3.39,35.682375,139.7674375
0.0,3.4,35.682375,139.7675625
0.0,3.41,35.682375,139.7676875
0.0,3.42,35.682375,139.7678125
0.0,3.43,35.682375,139.7679375
0.0,3.44,35.682375,139.7680625
0.0,3.46,35.682375,139.7681875
0.0,3.43,35.682375,139.7683125
0.0,3.44,35.682375,139.7684375
0.0,3.45,35.682375,139.7685625
0.0,3.47,35.682375,139.7686875
0.0,3.47,35.682375,139.7688125
0.0,3.48,35.682375,139.7689375
0.0,3.61,35.682375,139.7690625
0.0,3.6,35.682375,139.7691875
0.0,3.6,35.682375,139.7693125
0.0,3.64,35.682375,139.7694375
0.0,3.63,35.682375,139.7695625
0.256,3.44,35.682375,139.7696875
0.472,3.22,35.682375,139.7698125
0.594,3.1,35.682375,139.7699375
0.672,3.02,35.682375,139.7700625
0.762,2.93,35.682375,139.7701875
0.602,3.09,35.682375,139.7703125
0.623,3.07,35.682375,139.7704375
0.723,2.97,35.682375,139.7705625
0.391,3.3,35.682375,139.7706875
0.0,3.73,35.682375,139.7708125
0.0,3.8,35.682375,139.7709375
0.0,3.85,35.682375,139.7710625
0.0,3.92,35.682375,139.7711875
0.0,4.02,35.682375,139.7713125
0.0,4.03,35.682375,139.7714375
0.0,4.0,35.682375,139.7715625
0.0,3.81,35.682375,139.7716875
0.0,3.74,35.682375,139.7718125
0.0,3.71,35.682375,139.7719375
0.0,3.81,35.682375,139.7720625
0.0,3.9,35.682375,139.7721875
0.0,3.99,35.682375,139.7723125
0.0,3.87,35.682375,139.7724375
0.0,3.79,35.682375,139.7725625
0.0,3.54,35.682375,139.7726875
0.0,4.27,35.682375,139.7728125
0.0,4.22,35.682375,139.7729375
0.0,4.16,35.682375,139.7730625
0.0,4.15,35.682375,139.7731875
0.0,4.21,35.682375,139.7733125
0.0,4.16,35.682375,139.7734375
0.0,4.04,35.682375,139.7735625
0.0,3.88,35.682375,139.7736875
0.0,3.94,35.682375,139.7738125
0.0,3.95,35.682375,139.7739375
0.0,3.98,35.682375,139.7740625
0.0,3.96,35.682375,139.7741875
0.0,3.91,35.682375,139.7743125
0.0,3.93,35.682375,139.7744375
0.0,4.06,35.682375,139.7745625
0.0,4.07,35.682375,139.7746875
0.0,4.17,35.682375,139.7748125
0.0,4.18,35.682375,139.7749375
0.0,4.15,35.682375,139.7750625
0.0,4.07,35.682375,139.7751875
0.0,3.72,35.682375,139.7753125
0.0,3.92,35.682375,139.7754375
0.0,4.06,35.682375,139.7755625
0.0,3.91,35.682375,139.7756875
0.0,3.37,35.682375,139.7758125
0.0,3.14,35.682375,139.7759375
0.0,2.88,35.68229167,139.7621875
0.0,2.95,35.68229167,139.7623125
0.0,2.96,35.68229167,139.7624375
0.0,2.94,35.68229167,139.7625625
0.0,2.98,35.68229167,139.7626875
0.0,2.9,35.68229167,139.7628125
0.118,2.82,35.68229167,139.7629375
0.104,2.84,35.68229167,139.7630625
0.0,2.87,35.68229167,139.7631875
0.0,2.99,35.68229167,139.7633125
0.0,3.16,35.68229167,139.7634375
0.151,2.87,35.68229167,139.7635625
0.0,2.94,35.68229167,139.7636875
0.0,3.08,35.68229167,139.7638125
0.0,2.97,35.68229167,139.7639375
0.0,2.95,35.68229167,139.7640625
0.0,3.02,35.68229167,139.7641875
0.0,3.09,35.68229167,139.7643125
0.0,3.05,35.68229167,139.7644375
0.0,3.03,35.68229167,139.7645625
0.0,2.92,35.68229167,139.7646875
0.203,2.82,35.68229167,139.7648125
0.0,2.9,35.68229167,139.7649375
0.0,3.17,35.68229167,139.7650625
0.211,2.81,35.68229167,139.7651875
0.0,2.88,35.68229167,139.7653125
0.182,2.84,35.68229167,139.7654375
0.0,2.93,35.68229167,139.7655625
0.0,3.0,35.68229167,139.7656875
0.189,2.84,35.68229167,139.7658125
0.0,2.9,35.68229167,139.7659375
0.0,3.11,35.68229167,139.7660625
0.0,3.22,35.68229167,139.7661875
0.152,3.21,35.68229167,139.7663125
0.202,3.22,35.68229167,139.7664375
0.2,3.25,35.68229167,139.7665625
0.204,3.25,35.68229167,139.7666875
0.172,3.29,35.68229167,139.7668125
0.135,3.33,35.68229167,139.7669375
0.153,3.31,35.68229167,139.7670625
0.161,3.3,35.68229167,139.7671875
0.141,3.33,35.68229167,139.7673125
0.12,3.35,35.68229167,139.7674375
0.0,3.37,35.68229167,139.7675625
0.0,3.39,35.68229167,139.7676875
0.0,3.41,35.68229167,139.7678125
0.0,3.42,35.68229167,139.7679375
0.0,3.44,35.68229167,139.7680625
0.0,3.44,35.68229167,139.7681875
0.0,3.47,35.68229167,139.7683125
0.0,3.47,35.68229167,139.7684375
0.0,3.48,35.68229167,139.7685625
0.0,3.49,35.68229167,139.7686875
0.0,3.49,35.68229167,139.7688125
0.115,3.48,35.68229167,139.7689375
0.0,3.58,35.68229167,139.7690625
0.0,3.54,35.68229167,139.7691875
0.0,3.62,35.68229167,139.7693125
0.0,3.63,35.68229167,139.7694375
0.0,3.59,35.68229167,139.7695625
0.298,3.39,35.68229167,139.7696875
0.493,3.2,35.68229167,139.7698125
0.663,3.03,35.68229167,139.7699375
0.666,3.03,35.68229167,139.7700625
0.761,2.93,35.68229167,139.7701875
0.601,3.09,35.68229167,139.7703125
0.717,2.98,35.68229167,139.7704375
0.53,3.17,35.68229167,139.7705625
0.34,3.35,35.68229167,139.7706875
0.15,3.54,35.68229167,139.7708125
0.0,3.72,35.68229167,139.7709375
0.0,3.85,35.68229167,139.7710625
0.0,3.9,35.68229167,139.7711875
0.0,3.98,35.68229167,139.7713125
0.0,3.96,35.68229167,139.7714375
0.0,3.95,35.68229167,139.7715625
0.0,3.89,35.68229167,139.7716875
0.0,3.87,35.68229167,139.7718125
0.0,3.76,35.68229167,139.7719375
0.0,3.89,35.68229167,139.7720625
0.0,4.02,35.68229167,139.7721875
0.0,4.03,35.68229167,139.7723125
0.0,4.01,35.68229167,139.7724375
0.0,4.02,35.68229167,139.7725625
0.0,3.95,35.68229167,139.7726875
0.0,4.12,35.68229167,139.7728125
0.0,4.16,35.68229167,139.7729375
0.0,4.16,35.68229167,139.7730625
0.0,4.16,35.68229167,139.7731875
0.0,4.21,35.68229167,139.7733125
0.0,4.05,35.68229167,139.7734375
0.0,3.96,35.68229167,139.7735625
0.0,4.0,35.68229167,139.7736875
0.0,4.08,35.68229167,139.7738125
0.0,4.07,35.68229167,139.7739375
0.0,3.95,35.68229167,139.7740625
0.0,3.94,35.68229167,139.7741875
0.0,3.97,35.68229167,139.7743125
0.0,3.91,35.68229167,139.7744375
0.0,3.84,35.68229167,139.7745625
0.0,3.91,35.68229167,139.7746875
0.0,4.11,35.68229167,139.7748125
0.0,4.08,35.68229167,139.7749375
0.0,4.09,35.68229167,139.7750625
0.0,3.95,35.68229167,139.7751875
0.0,3.74,35.68229167,139.7753125
0.0,4.01,35.68229167,139.7754375
0.0,4.14,35.68229167,139.7755625
0.0,4.07,35.68229167,139.7756875
0.0,3.67,35.68229167,139.7758125
0.0,3.23,35.68229167,139.7759375
0.0,2.93,35.68220833,139.7621875
0.0,3.0,35.68220833,139.7623125
0.0,3.05,35.68220833,139.7624375
0.0,3.13,35.68220833,139.7625625
0.0,3.24,35.68220833,139.7626875
0.0,3.39,35.68220833,139.7628125
0.0,3.25,35.68220833,139.7629375
0.0,3.0,35.68220833,139.7630625
0.0,2.97,35.68220833,139.7631875
0.0,2.93,35.68220833,139.7633125
0.168,2.85,35.68220833,139.7634375
0.169,2.85,35.68220833,139.7635625
0.0,2.9,35.68220833,139.7636875
0.0,3.02,35.68220833,139.7638125
0.0,2.97,35.68220833,139.7639375
0.0,3.02,35.68220833,139.7640625
0.0,3.06,35.68220833,139.7641875
0.0,3.05,35.68220833,139.7643125
0.0,3.0,35.68220833,139.7644375
0.0,2.97,35.68220833,139.7645625
0.181,2.84,35.68220833,139.7646875
0.19,2.83,35.68220833,139.7648125
0.0,2.91,35.68220833,139.7649375
0.193,2.83,35.68220833,139.7650625
0.161,2.86,35.68220833,139.7651875
0.598,2.43,35.68220833,139.7653125
1.021,2.0,35.68220833,139.7654375
0.0,3.18,35.68220833,139.7655625
0.0,3.22,35.68220833,139.7656875
0.19,2.84,35.68220833,139.7658125
0.164,2.87,35.68220833,139.7659375
0.0,3.09,35.68220833,139.7660625
0.0,3.18,35.68220833,139.7661875
0.155,3.21,35.68220833,139.7663125
0.141,3.28,35.68220833,139.7664375
0.149,3.31,35.68220833,139.7665625
0.178,3.28,35.68220833,139.7666875
0.191,3.27,35.68220833,139.7668125
0.171,3.29,35.68220833,139.7669375
0.174,3.29,35.68220833,139.7670625
0.177,3.29,35.68220833,139.7671875
0.158,3.31,35.68220833,139.7673125
0.146,3.33,35.68220833,139.7674375
0.134,3.34,35.68220833,139.7675625
0.115,3.36,35.68220833,139.7676875
0.0,3.38,35.68220833,139.7678125
0.0,3.39,35.68220833,139.7679375
0.0,3.42,35.68220833,139.7680625
0.0,3.43,35.68220833,139.7681875
0.0,3.45,35.68220833,139.7683125
0.0,3.46,35.68220833,139.7684375
0.0,3.47,35.68220833,139.7685625
0.0,3.52,35.68220833,139.7686875
0.0,3.52,35.68220833,139.7688125
0.136,3.47,35.68220833,139.7689375
0.0,3.55,35.68220833,139.7690625
0.158,3.5,35.68220833,139.7691875
0.0,3.57,35.68220833,139.7693125
0.0,3.62,35.68220833,139.7694375
0.204,3.49,35.68220833,139.7695625
0.387,3.3,35.68220833,139.7696875
0.528,3.16,35.68220833,139.7698125
0.656,3.04,35.68220833,139.7699375
0.794,2.9,35.68220833,139.7700625
0.666,3.02,35.68220833,139.7701875
0.636,3.06,35.68220833,139.7703125
0.55,3.15,35.68220833,139.7704375
0.47,3.25,35.68220833,139.7705625
0.36,3.35,35.68220833,139.7706875
0.27,3.45,35.68220833,139.7708125
0.15,3.55,35.68220833,139.7709375
0.0,3.65,35.68220833,139.7710625
0.0,3.8,35.68220833,139.7711875
0.0,3.91,35.68220833,139.7713125
0.0,3.91,35.68220833,139.7714375
0.0,3.93,35.68220833,139.7715625
0.0,3.92,35.68220833,139.7716875
0.0,3.89,35.68220833,139.7718125
0.0,3.8,35.68220833,139.7719375
0.0,3.94,35.68220833,139.7720625
0.0,4.05,35.68220833,139.7721875
0.0,4.15,35.68220833,139.7723125
0.0,4.11,35.68220833,139.7724375
0.0,3.93,35.68220833,139.7725625
0.0,3.94,35.68220833,139.7726875
0.0,4.05,35.68220833,139.7728125
0.0,4.09,35.68220833,139.7729375
0.0,4.08,35.68220833,139.7730625
0.0,4.17,35.68220833,139.7731875
0.0,4.18,35.68220833,139.7733125
0.0,3.92,35.68220833,139.7734375
0.0,3.94,35.68220833,139.7735625
0.0,4.05,35.68220833,139.7736875
0.0,3.92,35.68220833,139.7738125
0.0,4.03,35.68220833,139.7739375
0.0,3.91,35.68220833,139.7740625
0.0,3.93,35.68220833,139.7741875
0.0,3.78,35.68220833,139.7743125
0.0,3.86,35.68220833,139.7744375
0.0,3.96,35.68220833,139.7745625
0.0,3.82,35.68220833,139.7746875
0.0,3.72,35.68220833,139.7748125
0.0,3.87,35.68220833,139.7749375
0.0,4.15,35.68220833,139.7750625
0.0,3.66,35.68220833,139.7751875
0.0,3.9,35.68220833,139.7753125
0.0,4.09,35.68220833,139.7754375
0.0,4.17,35.68220833,139.7755625
0.0,3.93,35.68220833,139.7756875
0.0,3.43,35.68220833,139.7758125
0.0,3.23,35.68220833,139.7759375
0.0,2.88,35.682125,139.7621875
0.0,2.96,35.682125,139.7623125
0.0,3.08,35.682125,139.7624375
0.0,3.2,35.682125,139.7625625
0.0,3.22,35.682125,139.7626875
0.0,3.28,35.682125,139.7628125
0.0,3.34,35.682125,139.7629375
0.0,3.54,35.682125,139.7630625
0.0,3.41,35.682125,139.7631875
0.0,3.24,35.682125,139.7633125
0.0,3.07,35.682125,139.7634375
0.0,3.05,35.682125,139.7635625
0.0,2.95,35.682125,139.7636875
0.174,2.85,35.682125,139.7638125
0.167,2.85,35.682125,139.7639375
0.0,2.91,35.682125,139.7640625
0.0,2.99,35.682125,139.7641875
0.0,2.99,35.682125,139.7643125
0.0,2.96,35.682125,139.7644375
0.0,2.99,35.682125,139.7645625
0.294,2.73,35.682125,139.7646875
0.171,2.85,35.682125,139.7648125
0.172,2.85,35.682125,139.7649375
0.199,2.83,35.682125,139.7650625
0.182,2.84,35.682125,139.7651875
0.222,2.8,35.682125,139.7653125
3.165,-0.14,35.682125,139.7654375
0.0,3.32,35.682125,139.7655625
0.0,3.19,35.682125,139.7656875
0.254,2.78,35.682125,139.7658125
0.157,2.87,35.682125,139.7659375
0.0,3.1,35.682125,139.7660625
0.0,3.2,35.682125,139.7661875
0.0,3.28,35.682125,139.7663125
0.0,3.36,35.682125,139.7664375
0.0,3.36,35.682125,139.7665625
0.12,3.34,35.682125,139.7666875
0.153,3.31,35.682125,139.7668125
0.18,3.28,35.682125,139.7669375
0.182,3.28,35.682125,139.7670625
0.177,3.29,35.682125,139.7671875
0.161,3.31,35.682125,139.7673125
0.15,3.32,35.682125,139.7674375
0.141,3.34,35.682125,139.7675625
0.132,3.35,35.682125,139.7676875
0.117,3.37,35.682125,139.7678125
0.114,3.38,35.682125,139.7679375
0.0,3.4,35.682125,139.7680625
0.0,3.41,35.682125,139.7681875
0.0,3.43,35.682125,139.7683125
0.0,3.45,35.682125,139.7684375
0.0,3.46,35.682125,139.7685625
0.124,3.46,35.682125,139.7686875
0.156,3.46,35.682125,139.7688125
0.212,3.41,35.682125,139.7689375
0.18,3.46,35.682125,139.7690625
0.203,3.46,35.682125,139.7691875
0.174,3.51,35.682125,139.7693125
0.0,3.56,35.682125,139.7694375
0.233,3.46,35.682125,139.7695625
0.427,3.26,35.682125,139.7696875
0.493,3.2,35.682125,139.7698125
0.61,3.08,35.682125,139.7699375
0.801,2.89,35.682125,139.7700625
0.653,3.04,35.682125,139.7701875
0.783,2.91,35.682125,139.7703125
0.68,3.02,35.682125,139.7704375
0.59,3.13,35.682125,139.7705625
0.48,3.24,35.682125,139.7706875
0.36,3.35,35.682125,139.7708125
0.24,3.46,35.682125,139.7709375
0.13,3.57,35.682125,139.7710625
0.0,3.68,35.682125,139.7711875
0.0,3.77,35.682125,139.7713125
0.0,3.91,35.682125,139.7714375
0.0,3.9,35.682125,139.7715625
0.0,3.9,35.682125,139.7716875
0.0,3.8,35.682125,139.7718125
0.0,3.9,35.682125,139.7719375
0.0,4.03,35.682125,139.7720625
0.0,4.06,35.682125,139.7721875
0.0,4.02,35.682125,139.7723125
0.0,4.0,35.682125,139.7724375
0.0,4.11,35.682125,139.7725625
0.0,3.98,35.682125,139.7726875
0.0,4.02,35.682125,139.7728125
0.0,4.01,35.682125,139.7729375
0.0,3.96,35.682125,139.7730625
0.0,4.08,35.682125,139.7731875
0.0,4.03,35.682125,139.7733125
0.0,3.89,35.682125,139.7734375
0.0,3.92,35.682125,139.7735625
0.0,3.97,35.682125,139.7736875
0.0,3.89,35.682125,139.7738125
0.0,3.91,35.682125,139.7739375
0.0,3.92,35.682125,139.7740625
0.0,3.87,35.682125,139.7741875
0.0,3.91,35.682125,139.7743125
0.0,3.8,35.682125,139.7744375
0.0,3.84,35.682125,139.7745625
0.0,3.88,35.682125,139.7746875
0.0,3.79,35.682125,139.7748125
0.0,3.65,35.682125,139.7749375
0.0,3.7,35.682125,139.7750625
0.0,3.59,35.682125,139.7751875
0.0,3.94,35.682125,139.7753125
0.0,4.16,35.682125,139.7754375
0.0,4.14,35.682125,139.7755625
0.0,3.85,35.682125,139.7756875
0.0,3.27,35.682125,139.7758125
0.0,3.53,35.682125,139.7759375
0.0,2.66,35.68204167,139.7620625
0.0,2.84,35.68204167,139.7621875
0.0,2.92,35.68204167,139.7623125
0.0,3.0,35.68204167,139.7624375
0.0,3.26,35.68204167,139.7625625
0.0,3.27,35.68204167,139.7626875
0.0,3.3,35.68204167,139.7628125
0.0,3.34,35.68204167,139.7629375
0.0,3.4,35.68204167,139.7630625
0.0,3.47,35.68204167,139.7631875
0.0,3.47,35.68204167,139.7633125
0.0,3.36,35.68204167,139.7634375
0.0,3.3,35.68204167,139.7635625
0.0,3.36,35.68204167,139.7636875
0.0,3.13,35.68204167,139.7638125
0.0,2.93,35.68204167,139.7639375
0.0,2.89,35.68204167,139.7640625
0.213,2.81,35.68204167,139.7641875
0.188,2.83,35.68204167,139.7643125
0.214,2.81,35.68204167,139.7644375
0.161,2.86,35.68204167,139.7645625
0.302,2.72,35.68204167,139.7646875
0.199,2.82,35.68204167,139.7648125
0.044,2.98,35.68204167,139.7649375
0.198,2.83,35.68204167,139.7650625
0.22,2.81,35.68204167,139.7651875
0.356,2.67,35.68204167,139.7653125
1.549,1.48,35.68204167,139.7654375
0.0,3.26,35.68204167,139.7655625
0.186,2.85,35.68204167,139.7656875
0.201,2.83,35.68204167,139.7658125
0.0,2.91,35.68204167,139.7659375
0.0,3.11,35.68204167,139.7660625
0.0,3.28,35.68204167,139.7661875
0.0,3.36,35.68204167,139.7663125
0.0,3.44,35.68204167,139.7664375
0.0,3.42,35.68204167,139.7665625
0.0,3.39,35.68204167,139.7666875
0.0,3.37,35.68204167,139.7668125
0.13,3.34,35.68204167,139.7669375
0.16,3.31,35.68204167,139.7670625
0.17,3.3,35.68204167,139.7671875
0.162,3.31,35.68204167,139.7673125
0.152,3.32,35.68204167,139.7674375
0.14,3.34,35.68204167,139.7675625
0.128,3.36,35.68204167,139.7676875
0.12,3.37,35.68204167,139.7678125
0.113,3.38,35.68204167,139.7679375
0.0,3.4,35.68204167,139.7680625
0.0,3.41,35.68204167,139.7681875
0.0,3.42,35.68204167,139.7683125
0.0,3.44,35.68204167,139.7684375
0.0,3.46,35.68204167,139.7685625
0.0,3.47,35.68204167,139.7686875
0.126,3.48,35.68204167,139.7688125
0.196,3.44,35.68204167,139.7689375
0.238,3.42,35.68204167,139.7690625
0.262,3.41,35.68204167,139.7691875
0.32,3.36,35.68204167,139.7693125
0.231,3.45,35.68204167,139.7694375
0.247,3.44,35.68204167,139.7695625
0.35,3.34,35.68204167,139.7696875
0.38,3.31,35.68204167,139.7698125
0.653,3.04,35.68204167,139.7699375
0.751,2.94,35.68204167,139.7700625
0.697,2.99,35.68204167,139.7701875
0.79,2.9,35.68204167,139.7703125
0.68,3.02,35.68204167,139.7704375
0.58,3.14,35.68204167,139.7705625
0.45,3.27,35.68204167,139.7706875
0.33,3.39,35.68204167,139.7708125
0.19,3.51,35.68204167,139.7709375
0.0,3.63,35.68204167,139.7710625
0.0,3.83,35.68204167,139.7711875
0.0,3.79,35.68204167,139.7713125
0.0,3.73,35.68204167,139.7714375
0.0,3.81,35.68204167,139.7715625
0.0,3.87,35.68204167,139.7716875
0.0,3.76,35.68204167,139.7718125
0.0,3.93,35.68204167,139.7719375
0.0,3.93,35.68204167,139.7720625
0.0,3.96,35.68204167,139.7721875
0.0,3.93,35.68204167,139.7723125
0.0,3.93,35.68204167,139.7724375
0.0,4.04,35.68204167,139.7725625
0.0,4.17,35.68204167,139.7726875
0.0,4.13,35.68204167,139.7728125
0.0,4.0,35.68204167,139.7729375
0.0,3.94,35.68204167,139.7730625
0.0,4.04,35.68204167,139.7731875
0.0,3.84,35.68204167,139.7733125
0.0,3.85,35.68204167,139.7734375
0.0,3.97,35.68204167,139.7735625
0.0,3.87,35.68204167,139.7736875
0.0,3.89,35.68204167,139.7738125
0.0,3.88,35.68204167,139.7739375
0.0,3.88,35.68204167,139.7740625
0.0,3.78,35.68204167,139.7741875
0.0,3.72,35.68204167,139.7743125
0.0,3.76,35.68204167,139.7744375
0.0,3.79,35.68204167,139.7745625
0.0,3.84,35.68204167,139.7746875
0.0,3.75,35.68204167,139.7748125
0.0,3.82,35.68204167,139.7749375
0.0,3.76,35.68204167,139.7750625
0.0,3.64,35.68204167,139.7751875
0.0,3.75,35.68204167,139.7753125
0.0,4.04,35.68204167,139.7754375
0.0,4.07,35.68204167,139.7755625
0.0,3.69,35.68204167,139.7756875
0.0,3.24,35.68204167,139.7758125
0.0,3.7,35.68204167,139.7759375
0.0,2.66,35.68195833,139.7620625
0.0,2.79,35.68195833,139.7621875
0.0,2.83,35.68195833,139.7623125
0.0,2.88,35.68195833,139.7624375
0.0,2.97,35.68195833,139.7625625
0.0,3.07,35.68195833,139.7626875
0.0,3.28,35.68195833,139.7628125
0.0,3.49,35.68195833,139.7629375
0.0,3.41,35.68195833,139.7630625
0.0,3.45,35.68195833,139.7631875
0.0,3.48,35.68195833,139.7633125
0.0,3.49,35.68195833,139.7634375
0.0,3.47,35.68195833,139.7635625
0.0,3.47,35.68195833,139.7636875
0.0,3.46,35.68195833,139.7638125
0.0,3.35,35.68195833,139.7639375
0.0,3.13,35.68195833,139.7640625
0.0,3.02,35.68195833,139.7641875
0.149,2.87,35.68195833,139.7643125
0.236,2.79,35.68195833,139.7644375
0.283,2.74,35.68195833,139.7645625
0.253,2.77,35.68195833,139.7646875
0.221,2.8,35.68195833,139.7648125
0.22,2.8,35.68195833,139.7649375
0.229,2.79,35.68195833,139.7650625
0.0,2.89,35.68195833,139.7651875
0.0,2.99,35.68195833,139.7653125
0.0,2.96,35.68195833,139.7654375
0.0,3.23,35.68195833,139.7655625
0.0,2.9,35.68195833,139.7656875
0.0,2.94,35.68195833,139.7658125
0.0,2.97,35.68195833,139.7659375
0.0,3.12,35.68195833,139.7660625
0.0,3.36,35.68195833,139.7661875
0.0,3.44,35.68195833,139.7663125
0.0,3.48,35.68195833,139.7664375
0.0,3.47,35.68195833,139.7665625
0.0,3.45,35.68195833,139.7666875
0.0,3.42,35.68195833,139.7668125
0.0,3.39,35.68195833,139.7669375
0.0,3.36,35.68195833,139.7670625
0.14,3.33,35.68195833,139.7671875
0.156,3.32,35.68195833,139.7673125
0.154,3.32,35.68195833,139.7674375
0.142,3.34,35.68195833,139.7675625
0.128,3.36,35.68195833,139.7676875
0.122,3.37,35.68195833,139.7678125
0.115,3.38,35.68195833,139.7679375
0.0,3.4,35.68195833,139.7680625
0.0,3.41,35.68195833,139.7681875
0.0,3.42,35.68195833,139.7683125
0.0,3.44,35.68195833,139.7684375
0.0,3.46,35.68195833,139.7685625
0.0,3.47,35.68195833,139.7686875
0.0,3.51,35.68195833,139.7688125
0.247,3.4,35.68195833,139.7689375
0.353,3.31,35.68195833,139.7690625
0.336,3.34,35.68195833,139.7691875
0.348,3.33,35.68195833,139.7693125
0.44,3.25,35.68195833,139.7694375
0.37,3.32,35.68195833,139.7695625
0.355,3.33,35.68195833,139.7696875
0.414,3.28,35.68195833,139.7698125
0.775,2.92,35.68195833,139.7699375
0.713,2.98,35.68195833,139.7700625
0.801,2.89,35.68195833,139.7701875
0.647,3.04,35.68195833,139.7703125
0.417,3.27,35.68195833,139.7704375
0.372,3.32,35.68195833,139.7705625
0.26,3.44,35.68195833,139.7706875
0.13,3.57,35.68195833,139.7708125
0.0,3.69,35.68195833,139.7709375
0.0,3.81,35.68195833,139.7710625
0.0,3.87,35.68195833,139.7711875
0.0,3.93,35.68195833,139.7713125
0.0,3.94,35.68195833,139.7714375
0.0,3.75,35.68195833,139.7715625
0.0,3.7,35.68195833,139.7716875
0.0,3.81,35.68195833,139.7718125
0.0,3.93,35.68195833,139.7719375
0.0,3.93,35.68195833,139.7720625
0.0,3.86,35.68195833,139.7721875
0.0,3.84,35.68195833,139.7723125
0.0,3.83,35.68195833,139.7724375
0.0,4.06,35.68195833,139.7725625
0.0,4.17,35.68195833,139.7726875
0.0,4.15,35.68195833,139.7728125
0.0,4.0,35.68195833,139.7729375
0.0,3.86,35.68195833,139.7730625
0.0,3.82,35.68195833,139.7731875
0.0,3.82,35.68195833,139.7733125
0.0,3.85,35.68195833,139.7734375
0.0,3.87,35.68195833,139.7735625
0.0,3.84,35.68195833,139.7736875
0.0,3.97,35.68195833,139.7738125
0.0,3.89,35.68195833,139.7739375
0.0,3.86,35.68195833,139.7740625
0.0,3.77,35.68195833,139.7741875
0.0,3.65,35.68195833,139.7743125
0.0,3.74,35.68195833,139.7744375
0.0,3.79,35.68195833,139.7745625
0.0,3.88,35.68195833,139.7746875
0.0,3.78,35.68195833,139.7748125
0.0,3.72,35.68195833,139.7749375
0.0,3.82,35.68195833,139.7750625
0.0,3.78,35.68195833,139.7751875
0.0,3.59,35.68195833,139.7753125
0.0,3.55,35.68195833,139.7754375
0.0,3.79,35.68195833,139.7755625
0.0,3.5,35.68195833,139.7756875
0.0,3.45,35.68195833,139.7758125
0.0,3.74,35.68195833,139.7759375
0.0,3.32,35.681875,139.7640625
0.0,3.23,35.681875,139.7641875
0.117,3.38,35.681875,139.7679375
0.0,3.4,35.681875,139.7680625
0.871,2.82,35.681875,139.7701875
0.581,3.11,35.681875,139.7703125
0.0,3.7,35.681875,139.7708125
0.0,3.76,35.681875,139.7709375
0.0,3.86,35.681875,139.7721875
0.0,3.81,35.681875,139.7723125
0.0,3.85,35.681875,139.7724375
0.0,4.11,35.681875,139.7725625
0.0,2.7,35.681875,139.7620625
0.0,2.76,35.681875,139.7621875
0.0,2.88,35.681875,139.7623125
0.0,2.97,35.681875,139.7624375
0.0,2.88,35.681875,139.7625625
0.0,2.91,35.681875,139.7626875
0.0,2.96,35.681875,139.7628125
0.0,3.11,35.681875,139.7629375
0.0,3.2,35.681875,139.7630625
0.0,3.41,35.681875,139.7631875
0.0,3.38,35.681875,139.7633125
0.0,3.47,35.681875,139.7634375
0.0,3.5,35.681875,139.7635625
0.0,3.44,35.681875,139.7636875
0.0,3.42,35.681875,139.7638125
0.0,3.36,35.681875,139.7639375
0.0,3.22,35.681875,139.7643125
0.0,2.91,35.681875,139.7644375
0.187,2.84,35.681875,139.7645625
0.179,2.84,35.681875,139.7646875
0.228,2.79,35.681875,139.7648125
0.165,2.86,35.681875,139.7649375
0.276,2.75,35.681875,139.7650625
0.0,2.94,35.681875,139.7651875
0.0,3.18,35.681875,139.7653125
0.0,3.17,35.681875,139.7654375
0.0,3.16,35.681875,139.7655625
0.0,2.92,35.681875,139.7656875
0.0,3.02,35.681875,139.7658125
0.0,3.04,35.681875,139.7659375
0.0,3.28,35.681875,139.7660625
0.0,3.45,35.681875,139.7661875
0.0,3.47,35.681875,139.7663125
0.0,3.47,35.681875,139.7664375
0.0,3.47,35.681875,139.7665625
0.0,3.47,35.681875,139.7666875
0.0,3.47,35.681875,139.7668125
0.0,3.45,35.681875,139.7669375
0.0,3.42,35.681875,139.7670625
0.0,3.39,35.681875,139.7671875
0.0,3.37,35.681875,139.7673125
0.14,3.34,35.681875,139.7674375
0.141,3.34,35.681875,139.7675625
0.131,3.36,35.681875,139.7676875
0.124,3.37,35.681875,139.7678125
0.0,3.42,35.681875,139.7681875
0.0,3.43,35.681875,139.7683125
0.0,3.44,35.681875,139.7684375
0.0,3.46,35.681875,139.7685625
0.0,3.48,35.681875,139.7686875
0.0,3.5,35.681875,139.7688125
0.257,3.39,35.681875,139.7689375
0.417,3.25,35.681875,139.7690625
0.456,3.22,35.681875,139.7691875
0.448,3.23,35.681875,139.7693125
0.379,3.31,35.681875,139.7694375
0.429,3.26,35.681875,139.7695625
0.484,3.21,35.681875,139.7696875
0.64,3.05,35.681875,139.7698125
0.75,2.94,35.681875,139.7699375
0.689,3.0,35.681875,139.7700625
0.366,3.33,35.681875,139.7704375
0.0,3.61,35.681875,139.7705625
0.0,3.61,35.681875,139.7706875
0.0,3.9,35.681875,139.7710625
0.0,3.92,35.681875,139.7711875
0.0,3.99,35.681875,139.7713125
0.0,4.03,35.681875,139.7714375
0.0,3.94,35.681875,139.7715625
0.0,3.69,35.681875,139.7716875
0.0,3.81,35.681875,139.7718125
0.0,3.79,35.681875,139.7719375
0.0,3.87,35.681875,139.7720625
0.0,4.11,35.681875,139.7726875
0.0,4.13,35.681875,139.7728125
0.0,4.01,35.681875,139.7729375
0.0,3.81,35.681875,139.7730625
0.0,3.68,35.681875,139.7731875
0.0,3.78,35.681875,139.7733125
0.0,3.93,35.681875,139.7734375
0.0,3.84,35.681875,139.7735625
0.0,3.84,35.681875,139.7736875
0.0,3.89,35.681875,139.7738125
0.0,3.87,35.681875,139.7739375
0.0,3.85,35.681875,139.7740625
0.0,3.73,35.681875,139.7741875
0.0,3.66,35.681875,139.7743125
0.0,3.72,35.681875,139.7744375
0.0,3.77,35.681875,139.7745625
0.0,3.87,35.681875,139.7746875
0.0,3.75,35.681875,139.7748125
0.0,3.62,35.681875,139.7749375
0.0,3.65,35.681875,139.7750625
0.0,3.62,35.681875,139.7751875
0.0,3.69,35.681875,139.7753125
0.0,3.59,35.681875,139.7754375
0.0,3.52,35.681875,139.7755625
0.0,3.5,35.681875,139.7756875
0.0,3.56,35.681875,139.7758125
0.0,3.51,35.681875,139.7759375
0.0,3.29,35.68179167,139.7640625
0.0,3.21,35.68179167,139.7641875
0.117,3.39,35.68179167,139.7679375
0.0,3.4,35.68179167,139.7680625
0.846,2.85,35.68179167,139.7701875
0.731,2.96,35.68179167,139.7703125
0.143,3.55,35.68179167,139.7708125
0.0,3.71,35.68179167,139.7709375
0.0,3.8,35.68179167,139.7721875
0.0,3.71,35.68179167,139.7723125
0.0,3.92,35.68179167,139.7724375
0.0,4.02,35.68179167,139.7725625
0.0,2.74,35.68179167,139.7620625
0.0,2.72,35.68179167,139.7621875
0.0,3.2,35.68179167,139.7623125
0.0,3.32,35.68179167,139.7624375
0.0,3.22,35.68179167,139.7625625
0.0,3.09,35.68179167,139.7626875
0.0,3.02,35.68179167,139.7628125
0.0,3.0,35.68179167,139.7629375
0.0,3.01,35.68179167,139.7630625
0.0,3.07,35.68179167,139.7631875
0.0,3.14,35.68179167,139.7633125
0.0,3.27,35.68179167,139.7634375
0.0,3.36,35.68179167,139.7635625
0.0,3.49,35.68179167,139.7636875
0.0,3.43,35.68179167,139.7638125
0.0,3.38,35.68179167,139.7639375
0.0,3.13,35.68179167,139.7643125
0.0,3.03,35.68179167,139.7644375
0.0,2.93,35.68179167,139.7645625
0.0,2.88,35.68179167,139.7646875
0.228,2.79,35.68179167,139.7648125
0.0,2.91,35.68179167,139.7649375
0.253,2.77,35.68179167,139.7650625
0.225,2.8,35.68179167,139.7651875
0.0,3.06,35.68179167,139.7653125
0.0,3.15,35.68179167,139.7654375
0.0,3.13,35.68179167,139.7655625
0.0,2.97,35.68179167,139.7656875
0.0,3.06,35.68179167,139.7658125
0.0,3.09,35.68179167,139.7659375
0.0,3.37,35.68179167,139.7660625
0.0,3.46,35.68179167,139.7661875
0.0,3.46,35.68179167,139.7663125
0.0,3.46,35.68179167,139.7664375
0.0,3.46,35.68179167,139.7665625
0.0,3.47,35.68179167,139.7666875
0.0,3.47,35.68179167,139.7668125
0.0,3.47,35.68179167,139.7669375
0.0,3.46,35.68179167,139.7670625
0.0,3.45,35.68179167,139.7671875
0.0,3.42,35.68179167,139.7673125
0.0,3.39,35.68179167,139.7674375
0.118,3.37,35.68179167,139.7675625
0.129,3.36,35.68179167,139.7676875
0.127,3.37,35.68179167,139.7678125
0.0,3.42,35.68179167,139.7681875
0.0,3.43,35.68179167,139.7683125
0.0,3.44,35.68179167,139.7684375
0.0,3.46,35.68179167,139.7685625
0.0,3.48,35.68179167,139.7686875
0.131,3.48,35.68179167,139.7688125
0.259,3.4,35.68179167,139.7689375
0.393,3.27,35.68179167,139.7690625
0.411,3.26,35.68179167,139.7691875
0.29,3.39,35.68179167,139.7693125
0.373,3.32,35.68179167,139.7694375
0.436,3.25,35.68179167,139.7695625
0.585,3.1,35.68179167,139.7696875
0.751,2.94,35.68179167,139.7698125
0.635,3.06,35.68179167,139.7699375
0.722,2.97,35.68179167,139.7700625
0.511,3.18,35.68179167,139.7704375
0.225,3.47,35.68179167,139.7705625
0.232,3.46,35.68179167,139.7706875
0.0,3.76,35.68179167,139.7710625
0.0,3.91,35.68179167,139.7711875
0.0,4.03,35.68179167,139.7713125
0.0,3.85,35.68179167,139.7714375
0.0,3.74,35.68179167,139.7715625
0.0,3.79,35.68179167,139.7716875
0.0,3.86,35.68179167,139.7718125
0.0,3.79,35.68179167,139.7719375
0.0,3.74,35.68179167,139.7720625
0.0,4.05,35.68179167,139.7726875
0.0,4.07,35.68179167,139.7728125
0.0,3.97,35.68179167,139.7729375
0.0,3.81,35.68179167,139.7730625
0.0,3.74,35.68179167,139.7731875
0.0,3.79,35.68179167,139.7733125
0.0,4.03,35.68179167,139.7734375
0.0,3.99,35.68179167,139.7735625
0.0,3.93,35.68179167,139.7736875
0.0,3.8,35.68179167,139.7738125
0.0,3.81,35.68179167,139.7739375
0.0,3.82,35.68179167,139.7740625
0.0,3.64,35.68179167,139.7741875
0.0,3.7,35.68179167,139.7743125
0.0,3.67,35.68179167,139.7744375
0.0,3.75,35.68179167,139.7745625
0.0,3.78,35.68179167,139.7746875
0.0,3.69,35.68179167,139.7748125
0.0,3.52,35.68179167,139.7749375
0.0,3.72,35.68179167,139.7750625
0.0,3.62,35.68179167,139.7751875
0.0,3.54,35.68179167,139.7753125
0.0,3.59,35.68179167,139.7754375
0.0,3.64,35.68179167,139.7755625
0.0,3.65,35.68179167,139.7756875
0.0,3.68,35.68179167,139.7758125
0.0,3.47,35.68179167,139.7759375
0.0,2.76,35.68170833,139.7620625
0.0,2.85,35.68170833,139.7621875
0.0,3.23,35.68170833,139.7623125
0.0,3.39,35.68170833,139.7624375
0.0,3.46,35.68170833,139.7625625
0.0,3.4,35.68170833,139.7626875
0.0,3.28,35.68170833,139.7628125
0.0,3.23,35.68170833,139.7629375
0.0,3.11,35.68170833,139.7630625
0.0,3.03,35.68170833,139.7631875
0.0,3.04,35.68170833,139.7633125
0.0,3.09,35.68170833,139.7634375
0.0,3.07,35.68170833,139.7635625
0.0,3.13,35.68170833,139.7636875
0.0,3.19,35.68170833,139.7638125
0.0,3.24,35.68170833,139.7639375
0.0,3.37,35.68170833,139.7640625
0.0,3.2,35.68170833,139.7641875
0.0,3.12,35.68170833,139.7643125
0.0,3.05,35.68170833,139.7644375
0.0,2.96,35.68170833,139.7645625
0.0,2.91,35.68170833,139.7646875
0.206,2.79,35.68170833,139.7648125
0.0,2.92,35.68170833,139.7649375
0.173,2.77,35.68170833,139.7650625
0.257,2.8,35.68170833,139.7651875
0.181,3.06,35.68170833,139.7653125
0.0,3.02,35.68170833,139.7654375
0.0,3.08,35.68170833,139.7655625
0.0,3.0,35.68170833,139.7656875
0.0,2.99,35.68170833,139.7658125
0.0,3.13,35.68170833,139.7659375
0.0,3.43,35.68170833,139.7660625
0.0,3.45,35.68170833,139.7661875
0.0,3.45,35.68170833,139.7663125
0.0,3.45,35.68170833,139.7664375
0.0,3.45,35.68170833,139.7665625
0.0,3.46,35.68170833,139.7666875
0.0,3.46,35.68170833,139.7668125
0.0,3.46,35.68170833,139.7669375
0.0,3.46,35.68170833,139.7670625
0.0,3.47,35.68170833,139.7671875
0.0,3.46,35.68170833,139.7673125
0.0,3.45,35.68170833,139.7674375
0.0,3.42,35.68170833,139.7675625
0.0,3.4,35.68170833,139.7676875
0.122,3.37,35.68170833,139.7678125
0.115,3.39,35.68170833,139.7679375
0.0,3.4,35.68170833,139.7680625
0.0,3.42,35.68170833,139.7681875
0.0,3.43,35.68170833,139.7683125
0.0,3.44,35.68170833,139.7684375
0.0,3.46,35.68170833,139.7685625
0.0,3.49,35.68170833,139.7686875
0.172,3.48,35.68170833,139.7688125
0.283,3.4,35.68170833,139.7689375
0.414,3.27,35.68170833,139.7690625
0.395,3.26,35.68170833,139.7691875
0.258,3.39,35.68170833,139.7693125
0.315,3.32,35.68170833,139.7694375
0.444,3.25,35.68170833,139.7695625
0.72,3.1,35.68170833,139.7696875
0.669,2.94,35.68170833,139.7698125
0.591,3.06,35.68170833,139.7699375
0.785,2.97,35.68170833,139.7700625
0.695,2.85,35.68170833,139.7701875
0.775,2.96,35.68170833,139.7703125
0.702,3.04,35.68170833,139.7704375
0.531,3.01,35.68170833,139.7705625
0.51,3.16,35.68170833,139.7706875
0.196,3.34,35.68170833,139.7708125
0.159,3.36,35.68170833,139.7709375
0.0,3.59,35.68170833,139.7710625
0.0,3.8,35.68170833,139.7711875
0.0,3.84,35.68170833,139.7713125
0.0,3.8,35.68170833,139.7714375
0.0,3.64,35.68170833,139.7715625
0.0,3.88,35.68170833,139.7716875
0.0,3.93,35.68170833,139.7718125
0.0,3.91,35.68170833,139.7719375
0.0,3.93,35.68170833,139.7720625
0.0,3.82,35.68170833,139.7721875
0.0,3.68,35.68170833,139.7723125
0.0,3.84,35.68170833,139.7724375
0.0,3.94,35.68170833,139.7725625
0.0,4.0,35.68170833,139.7726875
0.0,3.99,35.68170833,139.7728125
0.0,3.94,35.68170833,139.7729375
0.0,3.69,35.68170833,139.7730625
0.0,3.75,35.68170833,139.7731875
0.0,3.98,35.68170833,139.7733125
0.0,4.11,35.68170833,139.7734375
0.0,4.14,35.68170833,139.7735625
0.0,4.15,35.68170833,139.7736875
0.0,3.95,35.68170833,139.7738125
0.0,3.85,35.68170833,139.7739375
0.0,3.75,35.68170833,139.7740625
0.0,3.64,35.68170833,139.7741875
0.0,3.68,35.68170833,139.7743125
0.0,3.64,35.68170833,139.7744375
0.0,3.7,35.68170833,139.7745625
0.0,3.67,35.68170833,139.7746875
0.0,3.59,35.68170833,139.7748125
0.0,3.67,35.68170833,139.7749375
0.0,3.69,35.68170833,139.7750625
0.0,3.68,35.68170833,139.7751875
0.0,3.71,35.68170833,139.7753125
0.0,3.59,35.68170833,139.7754375
0.0,3.6,35.68170833,139.7755625
0.0,3.73,35.68170833,139.7756875
0.0,3.73,35.68170833,139.7758125
0.0,3.52,35.68170833,139.7759375
0.0,2.67,35.681625,139.7619375
0.0,2.77,35.681625,139.7620625
0.0,2.9,35.681625,139.7621875
0.0,3.28,35.681625,139.7623125
0.0,3.35,35.681625,139.7624375
0.0,3.37,35.681625,139.7625625
0.0,3.33,35.681625,139.7626875
0.0,3.28,35.681625,139.7628125
0.0,3.27,35.681625,139.7629375
0.0,3.27,35.681625,139.7630625
0.0,3.21,35.681625,139.7631875
0.0,3.04,35.681625,139.7633125
0.0,2.99,35.681625,139.7634375
0.0,2.95,35.681625,139.7635625
0.0,2.91,35.681625,139.7636875
0.0,2.91,35.681625,139.7638125
0.0,2.92,35.681625,139.7639375
0.0,2.92,35.681625,139.7640625
0.0,2.97,35.681625,139.7641875
0.0,3.14,35.681625,139.7643125
0.0,3.0,35.681625,139.7644375
0.0,2.94,35.681625,139.7645625
0.0,2.91,35.681625,139.7646875
0.168,2.85,35.681625,139.7648125
0.0,2.9,35.681625,139.7649375
0.0,2.93,35.681625,139.7650625
0.0,2.88,35.681625,139.7651875
0.251,2.77,35.681625,139.7653125
0.181,2.84,35.681625,139.7654375
0.0,2.94,35.681625,139.7655625
0.0,3.0,35.681625,139.7656875
0.0,3.01,35.681625,139.7658125
0.0,3.19,35.681625,139.7659375
0.0,3.46,35.681625,139.7660625
0.0,3.45,35.681625,139.7661875
0.0,3.44,35.681625,139.7663125
0.0,3.45,35.681625,139.7664375
0.0,3.45,35.681625,139.7665625
0.0,3.45,35.681625,139.7666875
0.0,3.45,35.681625,139.7668125
0.0,3.46,35.681625,139.7669375
0.0,3.46,35.681625,139.7670625
0.0,3.46,35.681625,139.7671875
0.0,3.46,35.681625,139.7673125
0.0,3.47,35.681625,139.7674375
0.0,3.47,35.681625,139.7675625
0.0,3.45,35.681625,139.7676875
0.0,3.42,35.681625,139.7678125
0.112,3.4,35.681625,139.7679375
0.0,3.41,35.681625,139.7680625
0.0,3.42,35.681625,139.7681875
0.0,3.43,35.681625,139.7683125
0.0,3.44,35.681625,139.7684375
0.0,3.47,35.681625,139.7685625
0.0,3.48,35.681625,139.7686875
0.201,3.43,35.681625,139.7688125
0.295,3.37,35.681625,139.7689375
0.439,3.23,35.681625,139.7690625
0.425,3.25,35.681625,139.7691875
0.239,3.44,35.681625,139.7693125
0.335,3.35,35.681625,139.7694375
0.513,3.18,35.681625,139.7695625
0.737,2.95,35.681625,139.7696875
0.569,3.12,35.681625,139.7698125
0.686,3.0,35.681625,139.7699375
0.716,2.97,35.681625,139.7700625
0.554,3.14,35.681625,139.7701875
0.576,3.12,35.681625,139.7703125
0.651,3.04,35.681625,139.7704375
0.679,3.01,35.681625,139.7705625
0.532,3.16,35.681625,139.7706875
0.349,3.34,35.681625,139.7708125
0.334,3.36,35.681625,139.7709375
0.207,3.48,35.681625,139.7710625
0.0,3.84,35.681625,139.7711875
0.0,3.91,35.681625,139.7713125
0.0,3.66,35.681625,139.7714375
0.0,3.65,35.681625,139.7715625
0.0,3.9,35.681625,139.7716875
0.0,3.96,35.681625,139.7718125
0.0,4.0,35.681625,139.7719375
0.0,4.05,35.681625,139.7720625
0.0,4.04,35.681625,139.7721875
0.0,3.91,35.681625,139.7723125
0.0,3.78,35.681625,139.7724375
0.0,3.8,35.681625,139.7725625
0.0,3.92,35.681625,139.7726875
0.0,3.91,35.681625,139.7728125
0.0,3.88,35.681625,139.7729375
0.0,3.68,35.681625,139.7730625
0.0,3.7,35.681625,139.7731875
0.0,4.06,35.681625,139.7733125
0.0,4.1,35.681625,139.7734375
0.0,4.12,35.681625,139.7735625
0.0,4.13,35.681625,139.7736875
0.0,4.16,35.681625,139.7738125
0.0,4.12,35.681625,139.7739375
0.0,3.92,35.681625,139.7740625
0.0,3.71,35.681625,139.7741875
0.0,3.64,35.681625,139.7743125
0.0,3.59,35.681625,139.7744375
0.0,3.68,35.681625,139.7745625
0.0,3.7,35.681625,139.7746875
0.0,3.46,35.681625,139.7748125
0.0,3.66,35.681625,139.7749375
0.0,3.48,35.681625,139.7750625
0.0,3.51,35.681625,139.7751875
0.0,3.55,35.681625,139.7753125
0.0,3.57,35.681625,139.7754375
0.0,3.45,35.681625,139.7755625
0.0,3.69,35.681625,139.7756875
0.0,3.68,35.681625,139.7758125
0.0,3.54,35.681625,139.7759375
0.0,2.7,35.68154167,139.7619375
0.0,2.72,35.68154167,139.7620625
0.0,3.0,35.68154167,139.7621875
0.0,3.21,35.68154167,139.7623125
0.0,3.22,35.68154167,139.7624375
0.0,3.28,35.68154167,139.7625625
0.0,3.29,35.68154167,139.7626875
0.0,3.2,35.68154167,139.7628125
0.0,3.19,35.68154167,139.7629375
0.0,3.23,35.68154167,139.7630625
0.0,3.19,35.68154167,139.7631875
0.0,2.95,35.68154167,139.7633125
0.0,3.01,35.68154167,139.7634375
0.0,3.08,35.68154167,139.7635625
0.0,3.05,35.68154167,139.7636875
0.0,2.94,35.68154167,139.7638125
0.151,2.87,35.68154167,139.7639375
0.181,2.84,35.68154167,139.7640625
0.281,2.74,35.68154167,139.7641875
0.225,2.79,35.68154167,139.7643125
0.146,2.87,35.68154167,139.7644375
0.0,2.91,35.68154167,139.7645625
0.173,2.85,35.68154167,139.7646875
0.0,2.88,35.68154167,139.7648125
0.0,2.92,35.68154167,139.7649375
0.0,3.02,35.68154167,139.7650625
0.0,2.93,35.68154167,139.7651875
0.0,2.91,35.68154167,139.7653125
0.0,2.93,35.68154167,139.7654375
0.0,2.91,35.68154167,139.7655625
0.0,2.94,35.68154167,139.7656875
0.0,3.07,35.68154167,139.7658125
0.0,3.41,35.68154167,139.7659375
0.0,3.42,35.68154167,139.7660625
0.0,3.43,35.68154167,139.7661875
0.0,3.43,35.68154167,139.7663125
0.0,3.43,35.68154167,139.7664375
0.0,3.44,35.68154167,139.7665625
0.0,3.44,35.68154167,139.7666875
0.0,3.44,35.68154167,139.7668125
0.0,3.44,35.68154167,139.7669375
0.0,3.45,35.68154167,139.7670625
0.0,3.45,35.68154167,139.7671875
0.0,3.45,35.68154167,139.7673125
0.0,3.46,35.68154167,139.7674375
0.0,3.46,35.68154167,139.7675625
0.0,3.46,35.68154167,139.7676875
0.0,3.46,35.68154167,139.7678125
0.0,3.44,35.68154167,139.7679375
0.0,3.43,35.68154167,139.7680625
0.0,3.42,35.68154167,139.7681875
0.0,3.43,35.68154167,139.7683125
0.0,3.45,35.68154167,139.7684375
0.0,3.47,35.68154167,139.7685625
0.121,3.45,35.68154167,139.7686875
0.229,3.41,35.68154167,139.7688125
0.318,3.34,35.68154167,139.7689375
0.475,3.2,35.68154167,139.7690625
0.42,3.26,35.68154167,139.7691875
0.225,3.46,35.68154167,139.7693125
0.332,3.36,35.68154167,139.7694375
0.634,3.06,35.68154167,139.7695625
0.624,3.07,35.68154167,139.7696875
0.561,3.13,35.68154167,139.7698125
0.729,2.96,35.68154167,139.7699375
0.57,3.12,35.68154167,139.7700625
0.498,3.19,35.68154167,139.7701875
0.44,3.25,35.68154167,139.7703125
0.417,3.27,35.68154167,139.7704375
0.506,3.19,35.68154167,139.7705625
0.557,3.13,35.68154167,139.7706875
0.514,3.18,35.68154167,139.7708125
0.48,3.21,35.68154167,139.7709375
0.296,3.4,35.68154167,139.7710625
0.0,3.74,35.68154167,139.7711875
0.0,3.8,35.68154167,139.7713125
0.16,3.53,35.68154167,139.7714375
0.0,3.71,35.68154167,139.7715625
0.0,3.88,35.68154167,139.7716875
0.0,3.94,35.68154167,139.7718125
0.0,4.06,35.68154167,139.7719375
0.0,4.13,35.68154167,139.7720625
0.0,4.16,35.68154167,139.7721875
0.0,4.09,35.68154167,139.7723125
0.0,3.98,35.68154167,139.7724375
0.0,3.8,35.68154167,139.7725625
0.0,3.78,35.68154167,139.7726875
0.0,3.84,35.68154167,139.7728125
0.0,3.79,35.68154167,139.7729375
0.0,3.75,35.68154167,139.7730625
0.0,3.84,35.68154167,139.7731875
0.0,4.02,35.68154167,139.7733125
0.0,4.04,35.68154167,139.7734375
0.0,4.05,35.68154167,139.7735625
0.0,4.07,35.68154167,139.7736875
0.0,4.08,35.68154167,139.7738125
0.0,4.16,35.68154167,139.7739375
0.0,4.09,35.68154167,139.7740625
0.0,3.92,35.68154167,139.7741875
0.0,3.72,35.68154167,139.7743125
0.0,3.63,35.68154167,139.7744375
0.0,3.75,35.68154167,139.7745625
0.0,3.59,35.68154167,139.7746875
0.0,3.44,35.68154167,139.7748125
0.0,3.48,35.68154167,139.7749375
0.0,3.26,35.68154167,139.7750625
0.0,3.26,35.68154167,139.7751875
0.0,3.34,35.68154167,139.7753125
0.0,3.34,35.68154167,139.7754375
0.0,0.82,35.68154167,139.7755625
0.0,0.71,35.68154167,139.7756875
0.0,3.5,35.68154167,139.7758125
0.0,3.32,35.68154167,139.7759375
0.0,2.7,35.68145833,139.7619375
0.0,2.71,35.68145833,139.7620625
0.0,3.04,35.68145833,139.7621875
0.0,3.13,35.68145833,139.7623125
0.0,3.11,35.68145833,139.7624375
0.0,3.19,35.68145833,139.7625625
0.0,3.22,35.68145833,139.7626875
0.0,3.11,35.68145833,139.7628125
0.0,3.12,35.68145833,139.7629375
0.0,3.17,35.68145833,139.7630625
0.0,3.17,35.68145833,139.7631875
0.0,2.93,35.68145833,139.7633125
0.0,3.04,35.68145833,139.7634375
0.0,3.17,35.68145833,139.7635625
0.0,3.17,35.68145833,139.7636875
0.0,3.15,35.68145833,139.7638125
0.0,3.08,35.68145833,139.7639375
0.0,3.01,35.68145833,139.7640625
0.0,2.88,35.68145833,139.7641875
0.193,2.82,35.68145833,139.7643125
0.208,2.81,35.68145833,139.7644375
0.0,2.88,35.68145833,139.7645625
0.207,2.81,35.68145833,139.7646875
0.154,2.86,35.68145833,139.7648125
0.0,2.88,35.68145833,139.7649375
0.0,2.89,35.68145833,139.7650625
0.234,2.79,35.68145833,139.7651875
0.177,2.84,35.68145833,139.7653125
0.0,2.91,35.68145833,139.7654375
0.0,2.93,35.68145833,139.7655625
0.0,2.93,35.68145833,139.7656875
0.0,3.3,35.68145833,139.7658125
0.0,3.43,35.68145833,139.7659375
0.0,3.45,35.68145833,139.7660625
0.0,3.43,35.68145833,139.7661875
0.0,3.43,35.68145833,139.7663125
0.0,3.43,35.68145833,139.7664375
0.0,3.43,35.68145833,139.7665625
0.0,3.44,35.68145833,139.7666875
0.0,3.44,35.68145833,139.7668125
0.0,3.44,35.68145833,139.7669375
0.0,3.44,35.68145833,139.7670625
0.0,3.44,35.68145833,139.7671875
0.0,3.45,35.68145833,139.7673125
0.0,3.45,35.68145833,139.7674375
0.0,3.45,35.68145833,139.7675625
0.0,3.46,35.68145833,139.7676875
0.0,3.46,35.68145833,139.7678125
0.0,3.46,35.68145833,139.7679375
0.0,3.46,35.68145833,139.7680625
0.0,3.45,35.68145833,139.7681875
0.0,3.44,35.68145833,139.7683125
0.0,3.45,35.68145833,139.7684375
0.0,3.46,35.68145833,139.7685625
0.178,3.42,35.68145833,139.7686875
0.264,3.38,35.68145833,139.7688125
0.351,3.31,35.68145833,139.7689375
0.475,3.2,35.68145833,139.7690625
0.441,3.24,35.68145833,139.7691875
0.313,3.38,35.68145833,139.7693125
0.475,3.21,35.68145833,139.7694375
0.66,3.03,35.68145833,139.7695625
0.519,3.17,35.68145833,139.7696875
0.66,3.03,35.68145833,139.7698125
0.669,3.02,35.68145833,139.7699375
0.48,3.21,35.68145833,139.7700625
0.346,3.34,35.68145833,139.7701875
0.37,3.32,35.68145833,139.7703125
0.3,3.39,35.68145833,139.7704375
0.257,3.43,35.68145833,139.7705625
0.367,3.32,35.68145833,139.7706875
0.433,3.26,35.68145833,139.7708125
0.51,3.18,35.68145833,139.7709375
0.417,3.27,35.68145833,139.7710625
0.218,3.47,35.68145833,139.7711875
0.169,3.52,35.68145833,139.7713125
0.195,3.5,35.68145833,139.7714375
0.0,3.7,35.68145833,139.7715625
0.0,3.81,35.68145833,139.7716875
0.0,3.93,35.68145833,139.7718125
0.0,4.08,35.68145833,139.7719375
0.0,4.12,35.68145833,139.7720625
0.0,4.13,35.68145833,139.7721875
0.0,4.13,35.68145833,139.7723125
0.0,4.05,35.68145833,139.7724375
0.0,3.91,35.68145833,139.7725625
0.0,3.81,35.68145833,139.7726875
0.0,3.74,35.68145833,139.7728125
0.0,3.69,35.68145833,139.7729375
0.0,3.74,35.68145833,139.7730625
0.0,3.88,35.68145833,139.7731875
0.0,3.95,35.68145833,139.7733125
0.0,3.97,35.68145833,139.7734375
0.0,3.97,35.68145833,139.7735625
0.0,4.0,35.68145833,139.7736875
0.0,4.06,35.68145833,139.7738125
0.0,4.03,35.68145833,139.7739375
0.0,3.98,35.68145833,139.7740625
0.0,4.0,35.68145833,139.7741875
0.0,3.8,35.68145833,139.7743125
0.0,3.65,35.68145833,139.7744375
0.0,3.71,35.68145833,139.7745625
0.0,3.41,35.68145833,139.7746875
0.0,3.46,35.68145833,139.7748125
0.0,3.29,35.68145833,139.7749375
0.0,3.13,35.68145833,139.7750625
0.0,3.15,35.68145833,139.7751875
0.0,3.22,35.68145833,139.7753125
0.0,3.16,35.68145833,139.7754375
0.0,2.83,35.68145833,139.7755625
0.0,2.83,35.68145833,139.7756875
0.0,3.28,35.68145833,139.7758125
0.0,3.18,35.68145833,139.7759375
0.0,2.77,35.681375,139.7619375
0.0,2.66,35.681375,139.7620625
0.0,2.86,35.681375,139.7621875
0.0,3.02,35.681375,139.7623125
0.0,3.0,35.681375,139.7624375
0.0,3.11,35.681375,139.7625625
0.0,3.14,35.681375,139.7626875
0.0,3.03,35.681375,139.7628125
0.0,3.06,35.681375,139.7629375
0.0,3.11,35.681375,139.7630625
0.0,3.12,35.681375,139.7631875
0.0,2.9,35.681375,139.7633125
0.0,3.06,35.681375,139.7634375
0.0,3.12,35.681375,139.7635625
0.0,3.11,35.681375,139.7636875
0.0,3.13,35.681375,139.7638125
0.0,3.16,35.681375,139.7639375
0.0,3.14,35.681375,139.7640625
0.0,3.04,35.681375,139.7641875
0.0,3.03,35.681375,139.7643125
0.253,2.76,35.681375,139.7644375
0.16,2.86,35.681375,139.7645625
0.27,2.75,35.681375,139.7646875
0.157,2.86,35.681375,139.7648125
0.214,2.8,35.681375,139.7649375
0.189,2.83,35.681375,139.7650625
0.0,2.93,35.681375,139.7651875
0.0,2.97,35.681375,139.7653125
0.0,2.92,35.681375,139.7654375
0.0,2.96,35.681375,139.7655625
0.0,2.99,35.681375,139.7656875
0.0,3.46,35.681375,139.7658125
0.0,3.42,35.681375,139.7659375
0.0,3.41,35.681375,139.7660625
0.0,3.42,35.681375,139.7661875
0.0,3.42,35.681375,139.7663125
0.0,3.42,35.681375,139.7664375
0.0,3.42,35.681375,139.7665625
0.0,3.43,35.681375,139.7666875
0.0,3.43,35.681375,139.7668125
0.0,3.43,35.681375,139.7669375
0.0,3.43,35.681375,139.7670625
0.0,3.44,35.681375,139.7671875
0.0,3.44,35.681375,139.7673125
0.0,3.44,35.681375,139.7674375
0.0,3.44,35.681375,139.7675625
0.0,3.45,35.681375,139.7676875
0.0,3.45,35.681375,139.7678125
0.0,3.45,35.681375,139.7679375
0.0,3.46,35.681375,139.7680625
0.0,3.46,35.681375,139.7681875
0.0,3.46,35.681375,139.7683125
0.0,3.46,35.681375,139.7684375
0.115,3.44,35.681375,139.7685625
0.21,3.4,35.681375,139.7686875
0.305,3.35,35.681375,139.7688125
0.383,3.28,35.681375,139.7689375
0.393,3.29,35.681375,139.7690625
0.374,3.31,35.681375,139.7691875
0.354,3.33,35.681375,139.7693125
0.579,3.11,35.681375,139.7694375
0.57,3.12,35.681375,139.7695625
0.534,3.16,35.681375,139.7696875
0.715,2.98,35.681375,139.7698125
0.675,3.02,35.681375,139.7699375
0.456,3.23,35.681375,139.7700625
0.266,3.42,35.681375,139.7701875
0.223,3.47,35.681375,139.7703125
0.172,3.52,35.681375,139.7704375
0.0,3.62,35.681375,139.7705625
0.0,3.62,35.681375,139.7706875
0.0,3.57,35.681375,139.7708125
0.252,3.44,35.681375,139.7709375
0.403,3.29,35.681375,139.7710625
0.415,3.28,35.681375,139.7711875
0.332,3.36,35.681375,139.7713125
0.211,3.48,35.681375,139.7714375
0.0,3.65,35.681375,139.7715625
0.0,3.73,35.681375,139.7716875
0.0,4.01,35.681375,139.7718125
0.0,4.06,35.681375,139.7719375
0.0,4.06,35.681375,139.7720625
0.0,4.09,35.681375,139.7721875
0.0,4.1,35.681375,139.7723125
0.0,4.03,35.681375,139.7724375
0.0,3.87,35.681375,139.7725625
0.0,3.72,35.681375,139.7726875
0.0,3.8,35.681375,139.7728125
0.0,3.73,35.681375,139.7729375
0.0,3.73,35.681375,139.7730625
0.0,3.76,35.681375,139.7731875
0.0,3.88,35.681375,139.7733125
0.0,3.89,35.681375,139.7734375
0.0,3.91,35.681375,139.7735625
0.0,3.98,35.681375,139.7736875
0.0,4.04,35.681375,139.7738125
0.0,4.1,35.681375,139.7739375
0.0,4.07,35.681375,139.7740625
0.0,4.01,35.681375,139.7741875
0.0,3.77,35.681375,139.7743125
0.0,3.74,35.681375,139.7744375
0.0,3.65,35.681375,139.7745625
0.0,3.35,35.681375,139.7746875
0.0,3.5,35.681375,139.7748125
0.0,3.26,35.681375,139.7749375
0.0,3.08,35.681375,139.7750625
0.0,3.1,35.681375,139.7751875
0.0,3.11,35.681375,139.7753125
0.0,2.77,35.681375,139.7754375
0.0,2.83,35.681375,139.7755625
0.0,3.02,35.681375,139.7756875
0.0,3.31,35.681375,139.7758125
0.0,3.29,35.681375,139.7759375
0.0,2.71,35.68129167,139.7619375
0.0,2.69,35.68129167,139.7620625
0.0,2.89,35.68129167,139.7621875
0.0,2.9,35.68129167,139.7623125
0.0,2.91,35.68129167,139.7624375
0.0,2.97,35.68129167,139.7625625
0.0,3.02,35.68129167,139.7626875
0.0,2.95,35.68129167,139.7628125
0.0,3.0,35.68129167,139.7629375
0.0,3.11,35.68129167,139.7630625
0.0,2.99,35.68129167,139.7631875
0.0,2.9,35.68129167,139.7633125
0.0,3.09,35.68129167,139.7634375
0.0,3.05,35.68129167,139.7635625
0.0,3.04,35.68129167,139.7636875
0.0,3.05,35.68129167,139.7638125
0.0,3.06,35.68129167,139.7639375
0.0,3.05,35.68129167,139.7640625
0.0,3.05,35.68129167,139.7641875
0.0,2.97,35.68129167,139.7643125
0.301,2.72,35.68129167,139.7644375
0.223,2.79,35.68129167,139.7645625
0.268,2.75,35.68129167,139.7646875
0.0,2.89,35.68129167,139.7648125
0.249,2.77,35.68129167,139.7649375
0.0,2.98,35.68129167,139.7650625
0.0,3.14,35.68129167,139.7651875
0.0,3.05,35.68129167,139.7653125
0.101,2.92,35.68129167,139.7654375
0.0,2.98,35.68129167,139.7655625
0.0,3.04,35.68129167,139.7656875
0.0,3.36,35.68129167,139.7658125
0.0,3.41,35.68129167,139.7659375
0.0,3.41,35.68129167,139.7660625
0.0,3.41,35.68129167,139.7661875
0.0,3.41,35.68129167,139.7663125
0.0,3.41,35.68129167,139.7664375
0.0,3.42,35.68129167,139.7665625
0.0,3.42,35.68129167,139.7666875
0.0,3.42,35.68129167,139.7668125
0.0,3.42,35.68129167,139.7669375
0.0,3.42,35.68129167,139.7670625
0.0,3.43,35.68129167,139.7671875
0.0,3.43,35.68129167,139.7673125
0.0,3.43,35.68129167,139.7674375
0.0,3.44,35.68129167,139.7675625
0.0,3.44,35.68129167,139.7676875
0.0,3.44,35.68129167,139.7678125
0.0,3.44,35.68129167,139.7679375
0.0,3.44,35.68129167,139.7680625
0.0,3.45,35.68129167,139.7681875
0.0,3.45,35.68129167,139.7683125
0.0,3.45,35.68129167,139.7684375
0.165,3.42,35.68129167,139.7685625
0.26,3.37,35.68129167,139.7686875
0.384,3.28,35.68129167,139.7688125
0.322,3.35,35.68129167,139.7689375
0.315,3.37,35.68129167,139.7690625
0.328,3.36,35.68129167,139.7691875
0.394,3.29,35.68129167,139.7693125
0.55,3.14,35.68129167,139.7694375
0.505,3.18,35.68129167,139.7695625
0.601,3.09,35.68129167,139.7696875
0.581,3.11,35.68129167,139.7698125
0.62,3.07,35.68129167,139.7699375
0.534,3.16,35.68129167,139.7700625
0.38,3.31,35.68129167,139.7701875
0.244,3.45,35.68129167,139.7703125
0.157,3.53,35.68129167,139.7704375
0.0,3.57,35.68129167,139.7705625
0.0,3.67,35.68129167,139.7706875
0.0,3.6,35.68129167,139.7708125
0.0,3.68,35.68129167,139.7709375
0.0,3.56,35.68129167,139.7710625
0.196,3.5,35.68129167,139.7711875
0.277,3.41,35.68129167,139.7713125
0.238,3.45,35.68129167,139.7714375
0.145,3.55,35.68129167,139.7715625
0.0,3.77,35.68129167,139.7716875
0.0,3.98,35.68129167,139.7718125
0.0,4.01,35.68129167,139.7719375
0.0,4.02,35.68129167,139.7720625
0.0,4.05,35.68129167,139.7721875
0.0,4.08,35.68129167,139.7723125
0.0,3.95,35.68129167,139.7724375
0.0,3.75,35.68129167,139.7725625
0.0,3.78,35.68129167,139.7726875
0.0,3.79,35.68129167,139.7728125
0.0,3.75,35.68129167,139.7729375
0.0,3.86,35.68129167,139.7730625
0.0,3.85,35.68129167,139.7731875
0.0,3.8,35.68129167,139.7733125
0.0,3.79,35.68129167,139.7734375
0.0,3.88,35.68129167,139.7735625
0.0,3.97,35.68129167,139.7736875
0.0,4.04,35.68129167,139.7738125
0.0,4.14,35.68129167,139.7739375
0.0,4.08,35.68129167,139.7740625
0.0,3.9,35.68129167,139.7741875
0.0,3.29,35.68129167,139.7743125
0.0,2.75,35.68129167,139.7744375
0.0,3.53,35.68129167,139.7745625
0.0,3.37,35.68129167,139.7746875
0.0,3.4,35.68129167,139.7748125
0.0,3.24,35.68129167,139.7749375
0.0,3.16,35.68129167,139.7750625
0.0,2.92,35.68129167,139.7751875
0.0,2.98,35.68129167,139.7753125
0.0,1.42,35.68129167,139.7754375
0.0,0.82,35.68129167,139.7755625
0.0,3.09,35.68129167,139.7756875
0.0,3.35,35.68129167,139.7758125
0.0,3.31,35.68129167,139.7759375
0.0,2.61,35.68120833,139.7618125
0.0,2.69,35.68120833,139.7619375
0.0,2.76,35.68120833,139.7620625
0.0,2.89,35.68120833,139.7621875
0.0,2.87,35.68120833,139.7623125
0.0,2.87,35.68120833,139.7624375
0.0,2.93,35.68120833,139.7625625
0.0,2.9,35.68120833,139.7626875
0.0,2.91,35.68120833,139.7628125
0.0,2.9,35.68120833,139.7629375
0.0,3.02,35.68120833,139.7630625
0.0,2.84,35.68120833,139.7631875
0.0,2.91,35.68120833,139.7633125
0.0,3.05,35.68120833,139.7634375
0.0,3.02,35.68120833,139.7635625
0.0,2.98,35.68120833,139.7636875
0.0,2.97,35.68120833,139.7638125
0.0,2.96,35.68120833,139.7639375
0.0,2.96,35.68120833,139.7640625
0.0,2.96,35.68120833,139.7641875
0.0,2.93,35.68120833,139.7643125
0.285,2.73,35.68120833,139.7644375
0.253,2.76,35.68120833,139.7645625
0.323,2.69,35.68120833,139.7646875
0.157,2.86,35.68120833,139.7648125
0.227,2.79,35.68120833,139.7649375
0.0,3.02,35.68120833,139.7650625
0.0,3.24,35.68120833,139.7651875
0.0,3.01,35.68120833,139.7653125
0.122,2.9,35.68120833,139.7654375
0.0,2.97,35.68120833,139.7655625
0.0,3.08,35.68120833,139.7656875
0.0,3.31,35.68120833,139.7658125
0.0,3.44,35.68120833,139.7659375
0.0,3.41,35.68120833,139.7660625
0.0,3.41,35.68120833,139.7661875
0.0,3.4,35.68120833,139.7663125
0.0,3.4,35.68120833,139.7664375
0.0,3.4,35.68120833,139.7665625
0.0,3.4,35.68120833,139.7666875
0.0,3.41,35.68120833,139.7668125
0.0,3.41,35.68120833,139.7669375
0.0,3.41,35.68120833,139.7670625
0.0,3.41,35.68120833,139.7671875
0.0,3.41,35.68120833,139.7673125
0.0,3.42,35.68120833,139.7674375
0.0,3.42,35.68120833,139.7675625
0.0,3.42,35.68120833,139.7676875
0.0,3.42,35.68120833,139.7678125
0.0,3.42,35.68120833,139.7679375
0.0,3.43,35.68120833,139.7680625
0.0,3.43,35.68120833,139.7681875
0.0,3.43,35.68120833,139.7683125
0.0,3.44,35.68120833,139.7684375
0.221,3.37,35.68120833,139.7685625
0.314,3.32,35.68120833,139.7686875
0.31,3.35,35.68120833,139.7688125
0.29,3.39,35.68120833,139.7689375
0.299,3.39,35.68120833,139.7690625
0.337,3.35,35.68120833,139.7691875
0.514,3.17,35.68120833,139.7693125
0.496,3.19,35.68120833,139.7694375
0.455,3.23,35.68120833,139.7695625
0.639,3.05,35.68120833,139.7696875
0.491,3.2,35.68120833,139.7698125
0.479,3.21,35.68120833,139.7699375
0.461,3.23,35.68120833,139.7700625
0.4,3.29,35.68120833,139.7701875
0.403,3.29,35.68120833,139.7703125
0.225,3.46,35.68120833,139.7704375
0.158,3.53,35.68120833,139.7705625
0.177,3.51,35.68120833,139.7706875
0.187,3.5,35.68120833,139.7708125
0.0,3.59,35.68120833,139.7709375
0.0,3.58,35.68120833,139.7710625
0.0,3.58,35.68120833,139.7711875
0.0,3.56,35.68120833,139.7713125
0.0,3.59,35.68120833,139.7714375
0.276,3.42,35.68120833,139.7715625
0.219,3.47,35.68120833,139.7716875
0.0,3.71,35.68120833,139.7718125
0.0,3.89,35.68120833,139.7719375
0.0,3.95,35.68120833,139.7720625
0.0,4.02,35.68120833,139.7721875
0.0,3.93,35.68120833,139.7723125
0.0,3.84,35.68120833,139.7724375
0.0,3.71,35.68120833,139.7725625
0.0,3.83,35.68120833,139.7726875
0.0,3.7,35.68120833,139.7728125
0.0,3.7,35.68120833,139.7729375
0.0,3.99,35.68120833,139.7730625
0.0,4.02,35.68120833,139.7731875
0.0,3.92,35.68120833,139.7733125
0.0,3.84,35.68120833,139.7734375
0.0,3.88,35.68120833,139.7735625
0.0,3.97,35.68120833,139.7736875
0.0,4.02,35.68120833,139.7738125
0.0,4.09,35.68120833,139.7739375
0.0,3.94,35.68120833,139.7740625
0.0,3.77,35.68120833,139.7741875
0.0,2.94,35.68120833,139.7743125
0.0,2.3,35.68120833,139.7744375
0.0,3.38,35.68120833,139.7745625
0.0,3.25,35.68120833,139.7746875
0.0,3.2,35.68120833,139.7748125
0.0,3.21,35.68120833,139.7749375
0.0,3.22,35.68120833,139.7750625
0.0,3.04,35.68120833,139.7751875
0.0,2.88,35.68120833,139.7753125
0.0,1.09,35.68120833,139.7754375
0.0,2.38,35.68120833,139.7755625
0.0,3.11,35.68120833,139.7756875
0.0,3.21,35.68120833,139.7758125
0.0,3.16,35.68120833,139.7759375
0.0,2.71,35.681125,139.7618125
0.119,2.63,35.681125,139.7619375
0.0,2.8,35.681125,139.7620625
0.0,2.87,35.681125,139.7621875
0.0,2.85,35.681125,139.7623125
0.0,2.85,35.681125,139.7624375
0.0,2.94,35.681125,139.7625625
0.0,2.92,35.681125,139.7626875
0.0,2.92,35.681125,139.7628125
0.0,2.91,35.681125,139.7629375
0.0,2.86,35.681125,139.7630625
0.109,2.79,35.681125,139.7631875
0.0,2.87,35.681125,139.7633125
0.0,2.94,35.681125,139.7634375
0.0,2.94,35.681125,139.7635625
0.0,2.95,35.681125,139.7636875
0.0,2.94,35.681125,139.7638125
0.0,2.93,35.681125,139.7639375
0.0,2.91,35.681125,139.7640625
0.0,2.89,35.681125,139.7641875
0.147,2.87,35.681125,139.7643125
0.262,2.75,35.681125,139.7644375
0.266,2.75,35.681125,139.7645625
0.265,2.75,35.681125,139.7646875
0.201,2.81,35.681125,139.7648125
0.23,2.79,35.681125,139.7649375
0.0,3.01,35.681125,139.7650625
0.0,3.13,35.681125,139.7651875
0.279,2.75,35.681125,139.7653125
0.0,2.93,35.681125,139.7654375
0.0,2.97,35.681125,139.7655625
0.0,3.17,35.681125,139.7656875
0.0,3.55,35.681125,139.7658125
0.0,3.5,35.681125,139.7659375
0.0,3.41,35.681125,139.7660625
0.0,3.39,35.681125,139.7661875
0.0,3.39,35.681125,139.7663125
0.0,3.39,35.681125,139.7664375
0.0,3.39,35.681125,139.7665625
0.0,3.4,35.681125,139.7666875
0.0,3.4,35.681125,139.7668125
0.0,3.39,35.681125,139.7669375
0.0,3.4,35.681125,139.7670625
0.0,3.4,35.681125,139.7671875
0.0,3.41,35.681125,139.7673125
0.0,3.41,35.681125,139.7674375
0.0,3.41,35.681125,139.7675625
0.0,3.41,35.681125,139.7676875
0.0,3.41,35.681125,139.7678125
0.0,3.42,35.681125,139.7679375
0.0,3.41,35.681125,139.7680625
0.0,3.41,35.681125,139.7681875
0.0,3.42,35.681125,139.7683125
0.0,3.42,35.681125,139.7684375
0.183,3.42,35.681125,139.7685625
0.29,3.36,35.681125,139.7686875
0.303,3.37,35.681125,139.7688125
0.32,3.37,35.681125,139.7689375
0.363,3.33,35.681125,139.7690625
0.394,3.29,35.681125,139.7691875
0.451,3.24,35.681125,139.7693125
0.422,3.27,35.681125,139.7694375
0.489,3.2,35.681125,139.7695625
0.628,3.06,35.681125,139.7696875
0.524,3.17,35.681125,139.7698125
0.488,3.2,35.681125,139.7699375
0.379,3.31,35.681125,139.7700625
0.242,3.45,35.681125,139.7701875
0.228,3.46,35.681125,139.7703125
0.312,3.38,35.681125,139.7704375
0.256,3.43,35.681125,139.7705625
0.219,3.47,35.681125,139.7706875
0.0,3.57,35.681125,139.7708125
0.0,3.57,35.681125,139.7709375
0.0,3.6,35.681125,139.7710625
0.0,3.6,35.681125,139.7711875
0.0,3.7,35.681125,139.7713125
0.0,3.82,35.681125,139.7714375
0.0,3.66,35.681125,139.7715625
0.165,3.53,35.681125,139.7716875
0.239,3.45,35.681125,139.7718125
0.0,3.62,35.681125,139.7719375
0.0,3.8,35.681125,139.7720625
0.0,3.96,35.681125,139.7721875
0.0,3.68,35.681125,139.7723125
0.0,3.66,35.681125,139.7724375
0.0,3.71,35.681125,139.7725625
0.0,3.76,35.681125,139.7726875
0.0,3.73,35.681125,139.7728125
0.0,3.82,35.681125,139.7729375
0.0,3.93,35.681125,139.7730625
0.0,3.92,35.681125,139.7731875
0.0,3.99,35.681125,139.7733125
0.0,3.96,35.681125,139.7734375
0.0,3.89,35.681125,139.7735625
0.0,3.78,35.681125,139.7736875
0.0,3.85,35.681125,139.7738125
0.0,3.91,35.681125,139.7739375
0.0,3.82,35.681125,139.7740625
0.0,3.46,35.681125,139.7741875
0.0,2.62,35.681125,139.7743125
0.0,2.7,35.681125,139.7744375
0.0,3.25,35.681125,139.7745625
0.0,3.23,35.681125,139.7746875
0.0,3.07,35.681125,139.7748125
0.0,3.05,35.681125,139.7749375
0.0,3.07,35.681125,139.7750625
0.0,3.05,35.681125,139.7751875
0.0,2.87,35.681125,139.7753125
0.0,1.68,35.681125,139.7754375
0.0,3.01,35.681125,139.7755625
0.0,2.99,35.681125,139.7756875
0.473,2.83,35.681125,139.7758125
0.463,2.83,35.681125,139.7759375
0.0,2.76,35.68104167,139.7618125
0.111,2.65,35.68104167,139.7619375
0.0,2.85,35.68104167,139.7620625
0.0,2.86,35.68104167,139.7621875
0.0,2.82,35.68104167,139.7623125
0.0,2.85,35.68104167,139.7624375
0.0,2.94,35.68104167,139.7625625
0.0,2.93,35.68104167,139.7626875
0.0,2.9,35.68104167,139.7628125
0.0,2.84,35.68104167,139.7629375
0.0,2.82,35.68104167,139.7630625
0.123,2.77,35.68104167,139.7631875
0.0,2.9,35.68104167,139.7633125
0.0,2.97,35.68104167,139.7634375
0.0,2.98,35.68104167,139.7635625
0.0,2.96,35.68104167,139.7636875
0.0,2.92,35.68104167,139.7638125
0.0,2.92,35.68104167,139.7639375
0.0,2.93,35.68104167,139.7640625
0.0,2.92,35.68104167,139.7641875
0.194,2.82,35.68104167,139.7643125
0.224,2.79,35.68104167,139.7644375
0.247,2.77,35.68104167,139.7645625
0.267,2.75,35.68104167,139.7646875
0.0,2.89,35.68104167,139.7648125
0.271,2.75,35.68104167,139.7649375
0.0,2.97,35.68104167,139.7650625
1.586,1.52,35.68104167,139.7651875
1.697,1.47,35.68104167,139.7653125
0.419,2.6,35.68104167,139.7654375
0.0,3.02,35.68104167,139.7655625
0.0,3.32,35.68104167,139.7656875
0.0,3.59,35.68104167,139.7658125
0.0,3.48,35.68104167,139.7659375
0.0,3.39,35.68104167,139.7660625
0.0,3.38,35.68104167,139.7661875
0.0,3.38,35.68104167,139.7663125
0.0,3.38,35.68104167,139.7664375
0.0,3.38,35.68104167,139.7665625
0.0,3.38,35.68104167,139.7666875
0.0,3.39,35.68104167,139.7668125
0.0,3.38,35.68104167,139.7669375
0.0,3.38,35.68104167,139.7670625
0.0,3.38,35.68104167,139.7671875
0.0,3.38,35.68104167,139.7673125
0.0,3.39,35.68104167,139.7674375
0.0,3.39,35.68104167,139.7675625
0.0,3.39,35.68104167,139.7676875
0.0,3.39,35.68104167,139.7678125
0.0,3.39,35.68104167,139.7679375
0.0,3.39,35.68104167,139.7680625
0.0,3.4,35.68104167,139.7681875
0.0,3.4,35.68104167,139.7683125
0.0,3.41,35.68104167,139.7684375
0.174,3.44,35.68104167,139.7685625
0.251,3.41,35.68104167,139.7686875
0.324,3.36,35.68104167,139.7688125
0.346,3.34,35.68104167,139.7689375
0.329,3.36,35.68104167,139.7690625
0.404,3.28,35.68104167,139.7691875
0.412,3.28,35.68104167,139.7693125
0.342,3.35,35.68104167,139.7694375
0.504,3.19,35.68104167,139.7695625
0.638,3.05,35.68104167,139.7696875
0.545,3.14,35.68104167,139.7698125
0.46,3.23,35.68104167,139.7699375
0.267,3.42,35.68104167,139.7700625
0.0,3.57,35.68104167,139.7701875
0.0,3.67,35.68104167,139.7703125
0.0,3.62,35.68104167,139.7704375
0.17,3.52,35.68104167,139.7705625
0.249,3.44,35.68104167,139.7706875
0.136,3.55,35.68104167,139.7708125
0.0,3.57,35.68104167,139.7709375
0.0,3.64,35.68104167,139.7710625
0.0,3.65,35.68104167,139.7711875
0.0,3.75,35.68104167,139.7713125
0.0,3.85,35.68104167,139.7714375
0.0,3.87,35.68104167,139.7715625
0.0,3.72,35.68104167,139.7716875
0.0,3.65,35.68104167,139.7718125
0.16,3.53,35.68104167,139.7719375
0.155,3.54,35.68104167,139.7720625
0.0,3.72,35.68104167,139.7721875
0.0,3.66,35.68104167,139.7723125
0.0,3.58,35.68104167,139.7724375
0.0,3.76,35.68104167,139.7725625
0.0,3.73,35.68104167,139.7726875
0.0,3.73,35.68104167,139.7728125
0.0,3.89,35.68104167,139.7729375
0.0,3.93,35.68104167,139.7730625
0.0,3.97,35.68104167,139.7731875
0.0,4.01,35.68104167,139.7733125
0.0,3.98,35.68104167,139.7734375
0.0,3.99,35.68104167,139.7735625
0.0,3.91,35.68104167,139.7736875
0.0,3.83,35.68104167,139.7738125
0.0,3.66,35.68104167,139.7739375
0.0,3.77,35.68104167,139.7740625
0.0,3.74,35.68104167,139.7741875
0.0,3.73,35.68104167,139.7743125
0.0,3.38,35.68104167,139.7744375
0.0,3.31,35.68104167,139.7745625
0.0,3.27,35.68104167,139.7746875
0.0,3.28,35.68104167,139.7748125
0.0,3.07,35.68104167,139.7749375
0.0,2.94,35.68104167,139.7750625
0.0,3.02,35.68104167,139.7751875
0.0,2.61,35.68104167,139.7753125
0.0,2.51,35.68104167,139.7754375
0.0,2.98,35.68104167,139.7755625
0.0,3.21,35.68104167,139.7756875
0.62,2.68,35.68104167,139.7758125
0.705,2.59,35.68104167,139.7759375
0.0,2.73,35.68095833,139.7618125
0.0,2.7,35.68095833,139.7619375
0.0,2.83,35.68095833,139.7620625
0.0,2.8,35.68095833,139.7621875
0.0,2.8,35.68095833,139.7623125
0.0,2.85,35.68095833,139.7624375
0.0,2.93,35.68095833,139.7625625
0.0,2.92,35.68095833,139.7626875
0.0,2.89,35.68095833,139.7628125
0.0,2.84,35.68095833,139.7629375
0.112,2.79,35.68095833,139.7630625
0.0,2.8,35.68095833,139.7631875
0.0,3.0,35.68095833,139.7633125
0.0,3.03,35.68095833,139.7634375
0.0,3.01,35.68095833,139.7635625
0.0,2.95,35.68095833,139.7636875
0.0,2.92,35.68095833,139.7638125
0.0,2.9,35.68095833,139.7639375
0.0,2.91,35.68095833,139.7640625
0.0,2.94,35.68095833,139.7641875
0.265,2.75,35.68095833,139.7643125
0.213,2.8,35.68095833,139.7644375
0.212,2.8,35.68095833,139.7645625
0.256,2.76,35.68095833,139.7646875
0.092,2.92,35.68095833,139.7648125
0.29,2.73,35.68095833,139.7649375
0.144,2.87,35.68095833,139.7650625
2.969,0.05,35.68095833,139.7651875
3.306,-0.26,35.68095833,139.7653125
1.884,1.15,35.68095833,139.7654375
0.0,2.96,35.68095833,139.7655625
0.0,3.32,35.68095833,139.7656875
0.0,3.56,35.68095833,139.7658125
0.0,3.46,35.68095833,139.7659375
0.0,3.39,35.68095833,139.7660625
0.0,3.38,35.68095833,139.7661875
0.0,3.38,35.68095833,139.7663125
0.0,3.38,35.68095833,139.7664375
0.0,3.38,35.68095833,139.7665625
0.0,3.38,35.68095833,139.7666875
0.0,3.38,35.68095833,139.7668125
0.0,3.39,35.68095833,139.7669375
0.0,3.38,35.68095833,139.7670625
0.0,3.37,35.68095833,139.7671875
0.0,3.37,35.68095833,139.7673125
0.0,3.37,35.68095833,139.7674375
0.0,3.38,35.68095833,139.7675625
0.0,3.38,35.68095833,139.7676875
0.0,3.38,35.68095833,139.7678125
0.113,3.38,35.68095833,139.7679375
0.116,3.38,35.68095833,139.7680625
0.0,3.39,35.68095833,139.7681875
0.0,3.39,35.68095833,139.7683125
0.15,3.39,35.68095833,139.7684375
0.183,3.44,35.68095833,139.7685625
0.278,3.39,35.68095833,139.7686875
0.333,3.35,35.68095833,139.7688125
0.208,3.48,35.68095833,139.7689375
0.308,3.38,35.68095833,139.7690625
0.317,3.37,35.68095833,139.7691875
0.287,3.4,35.68095833,139.7693125
0.322,3.37,35.68095833,139.7694375
0.519,3.17,35.68095833,139.7695625
0.556,3.13,35.68095833,139.7696875
0.529,3.16,35.68095833,139.7698125
0.399,3.29,35.68095833,139.7699375
0.248,3.44,35.68095833,139.7700625
0.0,3.62,35.68095833,139.7701875
0.0,3.84,35.68095833,139.7703125
0.0,3.84,35.68095833,139.7704375
0.0,3.74,35.68095833,139.7705625
0.0,3.6,35.68095833,139.7706875
0.132,3.56,35.68095833,139.7708125
0.0,3.57,35.68095833,139.7709375
0.0,3.69,35.68095833,139.7710625
0.0,3.72,35.68095833,139.7711875
0.0,3.81,35.68095833,139.7713125
0.0,3.91,35.68095833,139.7714375
0.0,3.97,35.68095833,139.7715625
0.0,3.88,35.68095833,139.7716875
0.0,3.86,35.68095833,139.7718125
0.0,3.76,35.68095833,139.7719375
0.0,3.65,35.68095833,139.7720625
0.0,3.56,35.68095833,139.7721875
0.0,3.59,35.68095833,139.7723125
0.0,3.71,35.68095833,139.7724375
0.0,3.76,35.68095833,139.7725625
0.0,3.75,35.68095833,139.7726875
0.0,3.76,35.68095833,139.7728125
0.0,3.93,35.68095833,139.7729375
0.0,3.95,35.68095833,139.7730625
0.0,4.0,35.68095833,139.7731875
0.0,4.03,35.68095833,139.7733125
0.0,4.01,35.68095833,139.7734375
0.0,4.01,35.68095833,139.7735625
0.0,3.94,35.68095833,139.7736875
0.0,3.87,35.68095833,139.7738125
0.0,3.77,35.68095833,139.7739375
0.0,3.55,35.68095833,139.7740625
0.0,3.66,35.68095833,139.7741875
0.0,3.71,35.68095833,139.7743125
0.0,3.32,35.68095833,139.7744375
0.0,3.37,35.68095833,139.7745625
0.0,3.27,35.68095833,139.7746875
0.0,3.44,35.68095833,139.7748125
0.0,3.16,35.68095833,139.7749375
0.0,3.0,35.68095833,139.7750625
0.0,3.17,35.68095833,139.7751875
0.0,2.94,35.68095833,139.7753125
0.0,3.1,35.68095833,139.7754375
0.0,2.99,35.68095833,139.7755625
0.0,3.11,35.68095833,139.7756875
0.608,2.69,35.68095833,139.7758125
0.529,2.77,35.68095833,139.7759375
0.0,2.62,35.680875,139.7616875
0.0,2.75,35.680875,139.7618125
0.191,2.62,35.680875,139.7619375
0.199,2.62,35.680875,139.7620625
0.174,2.65,35.680875,139.7621875
0.134,2.7,35.680875,139.7623125
0.0,2.78,35.680875,139.7624375
0.0,2.83,35.680875,139.7625625
0.0,2.89,35.680875,139.7626875
0.0,2.88,35.680875,139.7628125
0.0,2.87,35.680875,139.7629375
0.0,2.81,35.680875,139.7630625
0.0,2.83,35.680875,139.7631875
0.0,3.02,35.680875,139.7633125
0.0,3.04,35.680875,139.7634375
0.0,3.02,35.680875,139.7635625
0.0,2.96,35.680875,139.7636875
0.0,2.92,35.680875,139.7638125
0.0,2.9,35.680875,139.7639375
0.0,2.88,35.680875,139.7640625
0.0,2.9,35.680875,139.7641875
0.309,2.71,35.680875,139.7643125
0.242,2.77,35.680875,139.7644375
0.23,2.79,35.680875,139.7645625
0.243,2.77,35.680875,139.7646875
0.0,2.9,35.680875,139.7648125
0.211,2.81,35.680875,139.7649375
0.216,2.8,35.680875,139.7650625
0.813,2.21,35.680875,139.7651875
2.627,0.39,35.680875,139.7653125
2.094,0.96,35.680875,139.7654375
0.0,2.92,35.680875,139.7655625
0.0,3.36,35.680875,139.7656875
0.0,3.53,35.680875,139.7658125
0.0,3.4,35.680875,139.7659375
0.0,3.38,35.680875,139.7660625
0.0,3.38,35.680875,139.7661875
0.0,3.38,35.680875,139.7663125
0.0,3.38,35.680875,139.7664375
0.0,3.38,35.680875,139.7665625
0.0,3.38,35.680875,139.7666875
0.0,3.38,35.680875,139.7668125
0.0,3.37,35.680875,139.7669375
0.0,3.38,35.680875,139.7670625
0.0,3.38,35.680875,139.7671875
0.0,3.38,35.680875,139.7673125
0.0,3.37,35.680875,139.7674375
0.121,3.36,35.680875,139.7675625
0.123,3.36,35.680875,139.7676875
0.126,3.36,35.680875,139.7678125
0.12,3.37,35.680875,139.7679375
0.123,3.37,35.680875,139.7680625
0.126,3.37,35.680875,139.7681875
0.122,3.37,35.680875,139.7683125
0.181,3.38,35.680875,139.7684375
0.208,3.42,35.680875,139.7685625
0.281,3.39,35.680875,139.7686875
0.267,3.42,35.680875,139.7688125
0.0,3.56,35.680875,139.7689375
0.248,3.44,35.680875,139.7690625
0.255,3.43,35.680875,139.7691875
0.2,3.49,35.680875,139.7693125
0.325,3.36,35.680875,139.7694375
0.479,3.21,35.680875,139.7695625
0.373,3.32,35.680875,139.7696875
0.434,3.25,35.680875,139.7698125
0.394,3.29,35.680875,139.7699375
0.316,3.37,35.680875,139.7700625
0.0,3.62,35.680875,139.7701875
0.0,3.85,35.680875,139.7703125
0.0,3.81,35.680875,139.7704375
0.0,3.79,35.680875,139.7705625
0.0,3.81,35.680875,139.7706875
0.0,3.8,35.680875,139.7708125
0.0,3.7,35.680875,139.7709375
0.0,3.65,35.680875,139.7710625
0.0,3.73,35.680875,139.7711875
0.0,3.88,35.680875,139.7713125
0.0,3.98,35.680875,139.7714375
0.0,4.1,35.680875,139.7715625
0.0,4.08,35.680875,139.7716875
0.0,3.98,35.680875,139.7718125
0.0,3.96,35.680875,139.7719375
0.0,3.94,35.680875,139.7720625
0.0,3.75,35.680875,139.7721875
0.0,3.63,35.680875,139.7723125
0.0,3.6,35.680875,139.7724375
0.0,3.71,35.680875,139.7725625
0.0,3.75,35.680875,139.7726875
0.0,3.87,35.680875,139.7728125
0.0,3.94,35.680875,139.7729375
0.0,3.98,35.680875,139.7730625
0.0,4.02,35.680875,139.7731875
0.0,4.04,35.680875,139.7733125
0.0,4.05,35.680875,139.7734375
0.0,4.0,35.680875,139.7735625
0.0,3.89,35.680875,139.7736875
0.0,3.78,35.680875,139.7738125
0.0,3.81,35.680875,139.7739375
0.0,3.71,35.680875,139.7740625
0.0,3.59,35.680875,139.7741875
0.0,3.45,35.680875,139.7743125
0.0,3.35,35.680875,139.7744375
0.0,3.39,35.680875,139.7745625
0.0,3.43,35.680875,139.7746875
0.0,3.48,35.680875,139.7748125
0.0,3.18,35.680875,139.7749375
0.0,3.1,35.680875,139.7750625
0.0,3.25,35.680875,139.7751875
0.0,3.13,35.680875,139.7753125
0.0,3.01,35.680875,139.7754375
0.441,2.86,35.680875,139.7755625
0.0,2.87,35.680875,139.7756875
0.599,2.7,35.680875,139.7758125
0.653,2.64,35.680875,139.7759375
0.0,2.7,35.68079167,139.7616875
0.0,2.71,35.68079167,139.7618125
0.0,2.72,35.68079167,139.7619375
0.0,2.73,35.68079167,139.7620625
0.23,2.6,35.68079167,139.7621875
0.268,2.57,35.68079167,139.7623125
0.225,2.62,35.68079167,139.7624375
0.136,2.71,35.68079167,139.7625625
0.0,2.76,35.68079167,139.7626875
0.0,2.84,35.68079167,139.7628125
0.0,2.86,35.68079167,139.7629375
0.0,2.81,35.68079167,139.7630625
0.0,2.85,35.68079167,139.7631875
0.0,2.99,35.68079167,139.7633125
0.0,3.05,35.68079167,139.7634375
0.0,3.03,35.68079167,139.7635625
0.0,2.95,35.68079167,139.7636875
0.0,2.92,35.68079167,139.7638125
0.0,2.9,35.68079167,139.7639375
0.0,2.89,35.68079167,139.7640625
0.0,2.87,35.68079167,139.7641875
0.246,2.77,35.68079167,139.7643125
0.263,2.75,35.68079167,139.7644375
0.158,2.86,35.68079167,139.7645625
0.07,2.95,35.68079167,139.7646875
0.181,2.83,35.68079167,139.7648125
0.0,2.88,35.68079167,139.7649375
0.171,2.85,35.68079167,139.7650625
0.172,2.84,35.68079167,139.7651875
0.873,2.15,35.68079167,139.7653125
0.554,2.46,35.68079167,139.7654375
0.0,3.01,35.68079167,139.7655625
0.0,3.32,35.68079167,139.7656875
0.0,3.33,35.68079167,139.7658125
0.0,3.33,35.68079167,139.7659375
0.0,3.36,35.68079167,139.7660625
0.0,3.38,35.68079167,139.7661875
0.0,3.37,35.68079167,139.7663125
0.0,3.37,35.68079167,139.7664375
0.0,3.38,35.68079167,139.7665625
0.0,3.38,35.68079167,139.7666875
0.0,3.38,35.68079167,139.7668125
0.0,3.38,35.68079167,139.7669375
0.0,3.37,35.68079167,139.7670625
0.0,3.37,35.68079167,139.7671875
0.0,3.37,35.68079167,139.7673125
0.0,3.37,35.68079167,139.7674375
0.113,3.37,35.68079167,139.7675625
0.122,3.36,35.68079167,139.7676875
0.135,3.35,35.68079167,139.7678125
0.144,3.35,35.68079167,139.7679375
0.146,3.35,35.68079167,139.7680625
0.147,3.35,35.68079167,139.7681875
0.134,3.36,35.68079167,139.7683125
0.207,3.37,35.68079167,139.7684375
0.234,3.4,35.68079167,139.7685625
0.244,3.43,35.68079167,139.7686875
0.2,3.48,35.68079167,139.7688125
0.175,3.51,35.68079167,139.7689375
0.195,3.49,35.68079167,139.7690625
0.197,3.49,35.68079167,139.7691875
0.144,3.54,35.68079167,139.7693125
0.333,3.36,35.68079167,139.7694375
0.446,3.24,35.68079167,139.7695625
0.361,3.33,35.68079167,139.7696875
0.44,3.25,35.68079167,139.7698125
0.375,3.31,35.68079167,139.7699375
0.197,3.49,35.68079167,139.7700625
0.243,3.45,35.68079167,139.7701875
0.188,3.5,35.68079167,139.7703125
0.0,3.67,35.68079167,139.7704375
0.0,3.83,35.68079167,139.7705625
0.0,3.85,35.68079167,139.7706875
0.0,3.84,35.68079167,139.7708125
0.0,3.78,35.68079167,139.7709375
0.0,3.76,35.68079167,139.7710625
0.0,3.77,35.68079167,139.7711875
0.0,3.75,35.68079167,139.7713125
0.0,3.98,35.68079167,139.7714375
0.0,4.17,35.68079167,139.7715625
0.0,4.13,35.68079167,139.7716875
0.0,4.06,35.68079167,139.7718125
0.0,4.04,35.68079167,139.7719375
0.0,4.0,35.68079167,139.7720625
0.0,3.94,35.68079167,139.7721875
0.0,3.82,35.68079167,139.7723125
0.0,3.69,35.68079167,139.7724375
0.0,3.73,35.68079167,139.7725625
0.0,3.7,35.68079167,139.7726875
0.0,3.91,35.68079167,139.7728125
0.0,3.93,35.68079167,139.7729375
0.0,3.99,35.68079167,139.7730625
0.0,4.04,35.68079167,139.7731875
0.0,4.06,35.68079167,139.7733125
0.0,4.08,35.68079167,139.7734375
0.0,3.93,35.68079167,139.7735625
0.0,3.78,35.68079167,139.7736875
0.0,3.74,35.68079167,139.7738125
0.0,3.76,35.68079167,139.7739375
0.0,3.74,35.68079167,139.7740625
0.0,3.71,35.68079167,139.7741875
0.0,3.4,35.68079167,139.7743125
0.0,3.29,35.68079167,139.7744375
0.0,3.32,35.68079167,139.7745625
0.0,3.42,35.68079167,139.7746875
0.0,3.35,35.68079167,139.7748125
0.0,3.18,35.68079167,139.7749375
0.0,3.19,35.68079167,139.7750625
0.0,3.32,35.68079167,139.7751875
0.0,3.18,35.68079167,139.7753125
0.0,3.08,35.68079167,139.7754375
0.452,2.85,35.68079167,139.7755625
0.573,2.73,35.68079167,139.7756875
0.624,2.67,35.68079167,139.7758125
0.595,2.7,35.68079167,139.7759375
0.0,2.74,35.68070833,139.7616875
0.109,2.66,35.68070833,139.7618125
0.0,2.87,35.68070833,139.7619375
0.0,2.93,35.68070833,139.7620625
0.0,2.9,35.68070833,139.7621875
0.0,2.79,35.68070833,139.7623125
0.199,2.65,35.68070833,139.7624375
0.211,2.64,35.68070833,139.7625625
0.208,2.65,35.68070833,139.7626875
0.193,2.67,35.68070833,139.7628125
0.106,2.78,35.68070833,139.7629375
0.123,2.77,35.68070833,139.7630625
0.0,2.89,35.68070833,139.7631875
0.0,2.98,35.68070833,139.7633125
0.0,3.02,35.68070833,139.7634375
0.0,3.02,35.68070833,139.7635625
0.0,2.95,35.68070833,139.7636875
0.0,2.93,35.68070833,139.7638125
0.0,2.92,35.68070833,139.7639375
0.0,2.92,35.68070833,139.7640625
0.246,2.77,35.68070833,139.7641875
0.202,2.81,35.68070833,139.7643125
0.265,2.75,35.68070833,139.7644375
0.063,2.95,35.68070833,139.7645625
0.0,2.9,35.68070833,139.7646875
0.322,2.69,35.68070833,139.7648125
0.0,2.9,35.68070833,139.7649375
0.166,2.85,35.68070833,139.7650625
0.0,2.89,35.68070833,139.7651875
0.0,2.93,35.68070833,139.7653125
0.0,2.97,35.68070833,139.7654375
0.0,3.22,35.68070833,139.7655625
0.0,3.2,35.68070833,139.7656875
0.0,3.26,35.68070833,139.7658125
0.0,3.32,35.68070833,139.7659375
0.0,3.34,35.68070833,139.7660625
0.0,3.35,35.68070833,139.7661875
0.0,3.37,35.68070833,139.7663125
0.0,3.38,35.68070833,139.7664375
0.0,3.37,35.68070833,139.7665625
0.0,3.36,35.68070833,139.7666875
0.0,3.37,35.68070833,139.7668125
0.0,3.38,35.68070833,139.7669375
0.0,3.37,35.68070833,139.7670625
0.0,3.37,35.68070833,139.7671875
0.0,3.37,35.68070833,139.7673125
0.0,3.37,35.68070833,139.7674375
0.0,3.37,35.68070833,139.7675625
0.115,3.37,35.68070833,139.7676875
0.117,3.37,35.68070833,139.7678125
0.121,3.37,35.68070833,139.7679375
0.145,3.35,35.68070833,139.7680625
0.154,3.34,35.68070833,139.7681875
0.148,3.34,35.68070833,139.7683125
0.237,3.35,35.68070833,139.7684375
0.271,3.38,35.68070833,139.7685625
0.206,3.46,35.68070833,139.7686875
0.0,3.57,35.68070833,139.7688125
0.0,3.56,35.68070833,139.7689375
0.156,3.53,35.68070833,139.7690625
0.0,3.64,35.68070833,139.7691875
0.0,3.57,35.68070833,139.7693125
0.303,3.39,35.68070833,139.7694375
0.423,3.27,35.68070833,139.7695625
0.414,3.27,35.68070833,139.7696875
0.455,3.23,35.68070833,139.7698125
0.365,3.32,35.68070833,139.7699375
0.26,3.43,35.68070833,139.7700625
0.148,3.54,35.68070833,139.7701875
0.253,3.44,35.68070833,139.7703125
0.152,3.54,35.68070833,139.7704375
0.0,3.67,35.68070833,139.7705625
0.0,3.8,35.68070833,139.7706875
0.0,3.78,35.68070833,139.7708125
0.0,3.73,35.68070833,139.7709375
0.0,3.85,35.68070833,139.7710625
0.0,3.97,35.68070833,139.7711875
0.0,3.9,35.68070833,139.7713125
0.0,3.86,35.68070833,139.7714375
0.0,3.95,35.68070833,139.7715625
0.0,4.06,35.68070833,139.7716875
0.0,4.05,35.68070833,139.7718125
0.0,4.07,35.68070833,139.7719375
0.0,3.97,35.68070833,139.7720625
0.0,3.96,35.68070833,139.7721875
0.0,3.94,35.68070833,139.7723125
0.0,3.78,35.68070833,139.7724375
0.0,3.77,35.68070833,139.7725625
0.0,3.66,35.68070833,139.7726875
0.0,3.77,35.68070833,139.7728125
0.0,3.91,35.68070833,139.7729375
0.0,3.98,35.68070833,139.7730625
0.0,4.06,35.68070833,139.7731875
0.0,4.09,35.68070833,139.7733125
0.0,4.03,35.68070833,139.7734375
0.0,3.84,35.68070833,139.7735625
0.0,3.68,35.68070833,139.7736875
0.0,3.7,35.68070833,139.7738125
0.0,3.72,35.68070833,139.7739375
0.0,3.7,35.68070833,139.7740625
0.0,3.59,35.68070833,139.7741875
0.0,3.35,35.68070833,139.7743125
0.0,3.36,35.68070833,139.7744375
0.0,3.23,35.68070833,139.7745625
0.0,3.18,35.68070833,139.7746875
0.0,3.14,35.68070833,139.7748125
0.0,3.14,35.68070833,139.7749375
0.0,3.31,35.68070833,139.7750625
0.0,3.34,35.68070833,139.7751875
0.0,3.11,35.68070833,139.7753125
0.0,3.17,35.68070833,139.7754375
0.0,3.1,35.68070833,139.7755625
0.442,2.85,35.68070833,139.7756875
0.658,2.64,35.68070833,139.7758125
0.684,2.61,35.68070833,139.7759375
0.0,2.76,35.680625,139.7616875
0.131,2.66,35.680625,139.7618125
0.0,2.91,35.680625,139.7619375
0.0,2.94,35.680625,139.7620625
0.0,2.95,35.680625,139.7621875
0.0,2.95,35.680625,139.7623125
0.0,2.87,35.680625,139.7624375
0.0,2.83,35.680625,139.7625625
0.0,2.81,35.680625,139.7626875
0.112,2.67,35.680625,139.7628125
0.141,2.78,35.680625,139.7629375
0.126,2.77,35.680625,139.7630625
0.178,2.89,35.680625,139.7631875
0.145,2.98,35.680625,139.7633125
0.0,2.88,35.680625,139.7634375
0.0,2.95,35.680625,139.7635625
0.0,2.95,35.680625,139.7636875
0.0,2.95,35.680625,139.7638125
0.0,2.95,35.680625,139.7639375
0.0,2.92,35.680625,139.7640625
0.334,2.77,35.680625,139.7641875
0.154,2.81,35.680625,139.7643125
0.234,2.75,35.680625,139.7644375
0.034,2.98,35.680625,139.7645625
0.0,2.88,35.680625,139.7646875
0.276,2.69,35.680625,139.7648125
0.175,2.9,35.680625,139.7649375
0.0,2.88,35.680625,139.7650625
0.145,2.89,35.680625,139.7651875
0.0,3.01,35.680625,139.7653125
0.0,3.06,35.680625,139.7654375
0.0,3.22,35.680625,139.7655625
0.0,3.19,35.680625,139.7656875
0.0,3.26,35.680625,139.7658125
0.0,3.3,35.680625,139.7659375
0.0,3.32,35.680625,139.7660625
0.0,3.33,35.680625,139.7661875
0.0,3.35,35.680625,139.7663125
0.0,3.36,35.680625,139.7664375
0.0,3.38,35.680625,139.7665625
0.0,3.37,35.680625,139.7666875
0.0,3.36,35.680625,139.7668125
0.0,3.36,35.680625,139.7669375
0.0,3.37,35.680625,139.7670625
0.0,3.37,35.680625,139.7671875
0.0,3.37,35.680625,139.7673125
0.0,3.37,35.680625,139.7674375
0.0,3.37,35.680625,139.7675625
0.113,3.37,35.680625,139.7676875
0.116,3.37,35.680625,139.7678125
0.119,3.37,35.680625,139.7679375
0.122,3.37,35.680625,139.7680625
0.135,3.37,35.680625,139.7681875
0.179,3.37,35.680625,139.7683125
0.262,3.35,35.680625,139.7684375
0.294,3.43,35.680625,139.7685625
0.207,3.59,35.680625,139.7686875
0.0,3.56,35.680625,139.7688125
0.0,3.56,35.680625,139.7689375
0.0,3.59,35.680625,139.7690625
0.0,3.67,35.680625,139.7691875
0.0,3.57,35.680625,139.7693125
0.287,3.37,35.680625,139.7694375
0.341,3.46,35.680625,139.7695625
0.423,3.36,35.680625,139.7696875
0.477,3.2,35.680625,139.7698125
0.49,3.18,35.680625,139.7699375
0.3,3.41,35.680625,139.7700625
0.225,3.43,35.680625,139.7701875
0.208,3.5,35.680625,139.7703125
0.0,3.6,35.680625,139.7704375
0.0,3.61,35.680625,139.7705625
0.0,3.68,35.680625,139.7706875
0.0,3.72,35.680625,139.7708125
0.0,3.72,35.680625,139.7709375
0.0,3.89,35.680625,139.7710625
0.0,4.09,35.680625,139.7711875
0.0,4.05,35.680625,139.7713125
0.0,4.12,35.680625,139.7714375
0.0,3.96,35.680625,139.7715625
0.0,3.89,35.680625,139.7716875
0.0,3.91,35.680625,139.7718125
0.0,3.98,35.680625,139.7719375
0.0,3.94,35.680625,139.7720625
0.0,3.94,35.680625,139.7721875
0.0,3.93,35.680625,139.7723125
0.0,3.77,35.680625,139.7724375
0.0,3.74,35.680625,139.7725625
0.0,3.75,35.680625,139.7726875
0.0,3.61,35.680625,139.7728125
0.0,3.68,35.680625,139.7729375
0.0,3.86,35.680625,139.7730625
0.0,4.05,35.680625,139.7731875
0.0,4.11,35.680625,139.7733125
0.0,3.93,35.680625,139.7734375
0.0,3.69,35.680625,139.7735625
0.0,3.63,35.680625,139.7736875
0.0,3.66,35.680625,139.7738125
0.0,3.67,35.680625,139.7739375
0.0,3.66,35.680625,139.7740625
0.0,3.38,35.680625,139.7741875
0.0,3.41,35.680625,139.7743125
0.0,3.38,35.680625,139.7744375
0.0,3.36,35.680625,139.7745625
0.0,3.24,35.680625,139.7746875
0.0,3.08,35.680625,139.7748125
0.0,3.23,35.680625,139.7749375
0.0,3.37,35.680625,139.7750625
0.0,3.28,35.680625,139.7751875
0.0,3.14,35.680625,139.7753125
0.0,3.31,35.680625,139.7754375
0.0,3.2,35.680625,139.7755625
0.0,3.0,35.680625,139.7756875
0.464,2.83,35.680625,139.7758125
0.671,2.62,35.680625,139.7759375
0.0,2.7,35.68054167,139.7615625
0.0,2.74,35.68054167,139.7616875
0.0,2.7,35.68054167,139.7618125
0.0,2.93,35.68054167,139.7619375
0.0,2.95,35.68054167,139.7620625
0.0,2.96,35.68054167,139.7621875
0.0,2.95,35.68054167,139.7623125
0.0,2.85,35.68054167,139.7624375
0.0,2.91,35.68054167,139.7625625
0.0,2.96,35.68054167,139.7626875
0.0,2.94,35.68054167,139.7628125
0.0,2.82,35.68054167,139.7629375
0.0,2.82,35.68054167,139.7630625
0.0,2.86,35.68054167,139.7631875
0.18,2.77,35.68054167,139.7633125
0.218,2.74,35.68054167,139.7634375
0.211,2.76,35.68054167,139.7635625
0.204,2.77,35.68054167,139.7636875
0.0,2.88,35.68054167,139.7638125
0.0,2.95,35.68054167,139.7639375
0.0,2.91,35.68054167,139.7640625
0.298,2.71,35.68054167,139.7641875
0.0,2.88,35.68054167,139.7643125
0.183,2.83,35.68054167,139.7644375
0.207,2.81,35.68054167,139.7645625
0.0,2.91,35.68054167,139.7646875
0.147,2.87,35.68054167,139.7648125
0.311,2.71,35.68054167,139.7649375
0.0,2.93,35.68054167,139.7650625
0.252,2.77,35.68054167,139.7651875
0.0,2.97,35.68054167,139.7653125
0.0,3.07,35.68054167,139.7654375
0.0,3.16,35.68054167,139.7655625
0.0,3.19,35.68054167,139.7656875
0.0,3.23,35.68054167,139.7658125
0.0,3.28,35.68054167,139.7659375
0.0,3.29,35.68054167,139.7660625
0.0,3.3,35.68054167,139.7661875
0.0,3.32,35.68054167,139.7663125
0.0,3.34,35.68054167,139.7664375
0.0,3.35,35.68054167,139.7665625
0.0,3.36,35.68054167,139.7666875
0.0,3.37,35.68054167,139.7668125
0.0,3.37,35.68054167,139.7669375
0.0,3.35,35.68054167,139.7670625
0.0,3.37,35.68054167,139.7671875
0.113,3.36,35.68054167,139.7673125
0.118,3.36,35.68054167,139.7674375
0.0,3.37,35.68054167,139.7675625
0.0,3.37,35.68054167,139.7676875
0.115,3.37,35.68054167,139.7678125
0.117,3.37,35.68054167,139.7679375
0.119,3.37,35.68054167,139.7680625
0.117,3.37,35.68054167,139.7681875
0.171,3.37,35.68054167,139.7683125
0.256,3.35,35.68054167,139.7684375
0.217,3.43,35.68054167,139.7685625
0.0,3.59,35.68054167,139.7686875
0.0,3.63,35.68054167,139.7688125
0.0,3.55,35.68054167,139.7689375
0.0,3.67,35.68054167,139.7690625
0.0,3.68,35.68054167,139.7691875
0.136,3.55,35.68054167,139.7693125
0.317,3.37,35.68054167,139.7694375
0.226,3.46,35.68054167,139.7695625
0.328,3.36,35.68054167,139.7696875
0.486,3.2,35.68054167,139.7698125
0.507,3.18,35.68054167,139.7699375
0.283,3.41,35.68054167,139.7700625
0.258,3.43,35.68054167,139.7701875
0.185,3.5,35.68054167,139.7703125
0.0,3.65,35.68054167,139.7704375
0.0,3.69,35.68054167,139.7705625
0.0,3.67,35.68054167,139.7706875
0.0,3.71,35.68054167,139.7708125
0.0,3.79,35.68054167,139.7709375
0.0,3.91,35.68054167,139.7710625
0.0,4.12,35.68054167,139.7711875
0.0,4.2,35.68054167,139.7713125
0.0,4.15,35.68054167,139.7714375
0.0,3.99,35.68054167,139.7715625
0.0,3.94,35.68054167,139.7716875
0.0,3.86,35.68054167,139.7718125
0.0,3.81,35.68054167,139.7719375
0.0,3.91,35.68054167,139.7720625
0.0,3.96,35.68054167,139.7721875
0.0,3.9,35.68054167,139.7723125
0.0,3.78,35.68054167,139.7724375
0.0,3.84,35.68054167,139.7725625
0.0,3.9,35.68054167,139.7726875
0.0,3.83,35.68054167,139.7728125
0.0,3.64,35.68054167,139.7729375
0.0,3.61,35.68054167,139.7730625
0.0,3.64,35.68054167,139.7731875
0.0,3.99,35.68054167,139.7733125
0.0,3.8,35.68054167,139.7734375
0.0,3.6,35.68054167,139.7735625
0.0,3.6,35.68054167,139.7736875
0.0,3.61,35.68054167,139.7738125
0.0,3.62,35.68054167,139.7739375
0.0,3.61,35.68054167,139.7740625
0.0,3.39,35.68054167,139.7741875
0.0,3.44,35.68054167,139.7743125
0.0,3.42,35.68054167,139.7744375
0.0,3.45,35.68054167,139.7745625
0.0,3.41,35.68054167,139.7746875
0.0,3.25,35.68054167,139.7748125
0.0,3.29,35.68054167,139.7749375
0.0,3.38,35.68054167,139.7750625
0.0,3.2,35.68054167,139.7751875
0.0,3.19,35.68054167,139.7753125
0.0,3.2,35.68054167,139.7754375
0.0,3.21,35.68054167,139.7755625
0.0,3.11,35.68054167,139.7756875
0.0,2.89,35.68054167,139.7758125
0.557,2.62,35.68054167,139.7759375
0.0,2.73,35.68045833,139.7615625
0.0,2.72,35.68045833,139.7616875
0.0,2.82,35.68045833,139.7618125
0.0,2.95,35.68045833,139.7619375
0.0,2.95,35.68045833,139.7620625
0.0,2.96,35.68045833,139.7621875
0.0,2.96,35.68045833,139.7623125
0.0,2.88,35.68045833,139.7624375
0.0,3.0,35.68045833,139.7625625
0.0,3.04,35.68045833,139.7626875
0.0,3.05,35.68045833,139.7628125
0.0,2.89,35.68045833,139.7629375
0.0,2.98,35.68045833,139.7630625
0.0,3.11,35.68045833,139.7631875
0.0,3.09,35.68045833,139.7633125
0.0,2.91,35.68045833,139.7634375
0.0,2.85,35.68045833,139.7635625
0.196,2.78,35.68045833,139.7636875
0.242,2.74,35.68045833,139.7638125
0.208,2.78,35.68045833,139.7639375
0.189,2.81,35.68045833,139.7640625
0.214,2.79,35.68045833,139.7641875
0.0,2.9,35.68045833,139.7643125
0.0,2.87,35.68045833,139.7644375
0.206,2.81,35.68045833,139.7645625
0.267,2.75,35.68045833,139.7646875
0.21,2.81,35.68045833,139.7648125
0.326,2.69,35.68045833,139.7649375
0.0,2.93,35.68045833,139.7650625
0.163,2.85,35.68045833,139.7651875
0.0,2.93,35.68045833,139.7653125
0.0,3.08,35.68045833,139.7654375
0.0,3.13,35.68045833,139.7655625
0.0,3.16,35.68045833,139.7656875
0.0,3.21,35.68045833,139.7658125
0.0,3.25,35.68045833,139.7659375
0.0,3.26,35.68045833,139.7660625
0.0,3.28,35.68045833,139.7661875
0.0,3.3,35.68045833,139.7663125
0.0,3.31,35.68045833,139.7664375
0.0,3.32,35.68045833,139.7665625
0.0,3.34,35.68045833,139.7666875
0.0,3.36,35.68045833,139.7668125
0.0,3.37,35.68045833,139.7669375
0.0,3.37,35.68045833,139.7670625
0.113,3.35,35.68045833,139.7671875
0.0,3.37,35.68045833,139.7673125
0.122,3.35,35.68045833,139.7674375
0.13,3.35,35.68045833,139.7675625
0.116,3.37,35.68045833,139.7676875
0.118,3.37,35.68045833,139.7678125
0.124,3.36,35.68045833,139.7679375
0.119,3.37,35.68045833,139.7680625
0.117,3.37,35.68045833,139.7681875
0.169,3.37,35.68045833,139.7683125
0.249,3.36,35.68045833,139.7684375
0.0,3.51,35.68045833,139.7685625
0.0,3.64,35.68045833,139.7686875
0.0,3.74,35.68045833,139.7688125
0.0,3.63,35.68045833,139.7689375
0.0,3.75,35.68045833,139.7690625
0.0,3.69,35.68045833,139.7691875
0.0,3.57,35.68045833,139.7693125
0.278,3.41,35.68045833,139.7694375
0.165,3.52,35.68045833,139.7695625
0.188,3.5,35.68045833,139.7696875
0.355,3.33,35.68045833,139.7698125
0.488,3.2,35.68045833,139.7699375
0.479,3.21,35.68045833,139.7700625
0.351,3.34,35.68045833,139.7701875
0.0,3.56,35.68045833,139.7703125
0.0,3.74,35.68045833,139.7704375
0.0,3.67,35.68045833,139.7705625
0.0,3.73,35.68045833,139.7706875
0.0,3.65,35.68045833,139.7708125
0.0,3.83,35.68045833,139.7709375
0.0,3.91,35.68045833,139.7710625
0.0,4.09,35.68045833,139.7711875
0.0,4.2,35.68045833,139.7713125
0.0,4.15,35.68045833,139.7714375
0.0,4.02,35.68045833,139.7715625
0.0,3.96,35.68045833,139.7716875
0.0,3.94,35.68045833,139.7718125
0.0,3.9,35.68045833,139.7719375
0.0,3.78,35.68045833,139.7720625
0.0,3.86,35.68045833,139.7721875
0.0,3.72,35.68045833,139.7723125
0.0,3.76,35.68045833,139.7724375
0.0,3.86,35.68045833,139.7725625
0.0,3.92,35.68045833,139.7726875
0.0,3.83,35.68045833,139.7728125
0.0,3.67,35.68045833,139.7729375
0.0,3.6,35.68045833,139.7730625
0.0,3.52,35.68045833,139.7731875
0.0,3.53,35.68045833,139.7733125
0.0,3.6,35.68045833,139.7734375
0.0,3.53,35.68045833,139.7735625
0.0,3.54,35.68045833,139.7736875
0.0,3.54,35.68045833,139.7738125
0.0,3.56,35.68045833,139.7739375
0.0,3.48,35.68045833,139.7740625
0.0,3.45,35.68045833,139.7741875
0.0,3.4,35.68045833,139.7743125
0.0,3.41,35.68045833,139.7744375
0.0,3.41,35.68045833,139.7745625
0.0,3.45,35.68045833,139.7746875
0.0,3.16,35.68045833,139.7748125
0.0,3.35,35.68045833,139.7749375
0.0,3.33,35.68045833,139.7750625
0.0,3.18,35.68045833,139.7751875
0.0,3.16,35.68045833,139.7753125
0.0,3.16,35.68045833,139.7754375
0.0,3.22,35.68045833,139.7755625
0.0,3.18,35.68045833,139.7756875
0.481,2.78,35.68045833,139.7758125
0.452,2.82,35.68045833,139.7759375
0.0,2.72,35.680375,139.7615625
0.0,2.7,35.680375,139.7616875
0.0,2.9,35.680375,139.7618125
0.0,2.99,35.680375,139.7619375
0.0,3.02,35.680375,139.7620625
0.0,3.01,35.680375,139.7621875
0.0,2.98,35.680375,139.7623125
0.0,3.02,35.680375,139.7624375
0.0,3.14,35.680375,139.7625625
0.0,3.11,35.680375,139.7626875
0.0,3.09,35.680375,139.7628125
0.0,2.89,35.680375,139.7629375
0.0,3.06,35.680375,139.7630625
0.0,3.1,35.680375,139.7631875
0.0,3.09,35.680375,139.7633125
0.0,3.08,35.680375,139.7634375
0.0,3.08,35.680375,139.7635625
0.0,3.09,35.680375,139.7636875
0.0,3.01,35.680375,139.7638125
0.0,2.9,35.680375,139.7639375
0.236,2.77,35.680375,139.7640625
0.0,2.88,35.680375,139.7641875
0.227,2.78,35.680375,139.7643125
0.169,2.84,35.680375,139.7644375
0.083,2.93,35.680375,139.7645625
0.0,2.91,35.680375,139.7646875
0.158,2.86,35.680375,139.7648125
0.231,2.79,35.680375,139.7649375
0.0,2.89,35.680375,139.7650625
0.0,2.94,35.680375,139.7651875
0.165,2.86,35.680375,139.7653125
0.0,3.04,35.680375,139.7654375
0.0,3.1,35.680375,139.7655625
0.0,3.15,35.680375,139.7656875
0.0,3.19,35.680375,139.7658125
0.0,3.23,35.680375,139.7659375
0.0,3.23,35.680375,139.7660625
0.0,3.25,35.680375,139.7661875
0.0,3.27,35.680375,139.7663125
0.0,3.28,35.680375,139.7664375
0.0,3.29,35.680375,139.7665625
0.0,3.32,35.680375,139.7666875
0.0,3.33,35.680375,139.7668125
0.0,3.35,35.680375,139.7669375
0.0,3.36,35.680375,139.7670625
0.0,3.37,35.680375,139.7671875
0.0,3.37,35.680375,139.7673125
0.122,3.36,35.680375,139.7674375
0.138,3.34,35.680375,139.7675625
0.138,3.34,35.680375,139.7676875
0.123,3.36,35.680375,139.7678125
0.131,3.35,35.680375,139.7679375
0.133,3.35,35.680375,139.7680625
0.123,3.36,35.680375,139.7681875
0.16,3.36,35.680375,139.7683125
0.164,3.38,35.680375,139.7684375
0.0,3.65,35.680375,139.7685625
0.0,3.64,35.680375,139.7686875
0.0,3.59,35.680375,139.7688125
0.0,3.64,35.680375,139.7689375
0.0,3.77,35.680375,139.7690625
0.0,3.7,35.680375,139.7691875
0.0,3.61,35.680375,139.7693125
0.15,3.54,35.680375,139.7694375
0.0,3.56,35.680375,139.7695625
0.0,3.62,35.680375,139.7696875
0.24,3.45,35.680375,139.7698125
0.273,3.42,35.680375,139.7699375
0.34,3.35,35.680375,139.7700625
0.365,3.32,35.680375,139.7701875
0.239,3.45,35.680375,139.7703125
0.144,3.54,35.680375,139.7704375
0.0,3.66,35.680375,139.7705625
0.0,3.67,35.680375,139.7706875
0.0,3.72,35.680375,139.7708125
0.0,3.87,35.680375,139.7709375
0.0,3.97,35.680375,139.7710625
0.0,4.12,35.680375,139.7711875
0.0,4.15,35.680375,139.7713125
0.0,4.17,35.680375,139.7714375
0.0,4.07,35.680375,139.7715625
0.0,3.98,35.680375,139.7716875
0.0,3.94,35.680375,139.7718125
0.0,3.97,35.680375,139.7719375
0.0,3.94,35.680375,139.7720625
0.0,3.77,35.680375,139.7721875
0.0,3.75,35.680375,139.7723125
0.0,3.75,35.680375,139.7724375
0.0,3.91,35.680375,139.7725625
0.0,3.92,35.680375,139.7726875
0.0,3.8,35.680375,139.7728125
0.0,3.68,35.680375,139.7729375
0.0,3.66,35.680375,139.7730625
0.0,3.67,35.680375,139.7731875
0.0,3.55,35.680375,139.7733125
0.0,3.44,35.680375,139.7734375
0.0,3.43,35.680375,139.7735625
0.0,3.39,35.680375,139.7736875
0.0,3.43,35.680375,139.7738125
0.0,3.54,35.680375,139.7739375
0.0,3.43,35.680375,139.7740625
0.0,3.43,35.680375,139.7741875
0.0,3.39,35.680375,139.7743125
0.0,3.38,35.680375,139.7744375
0.0,3.37,35.680375,139.7745625
0.0,3.36,35.680375,139.7746875
0.0,3.22,35.680375,139.7748125
0.0,3.39,35.680375,139.7749375
0.0,3.26,35.680375,139.7750625
0.0,3.24,35.680375,139.7751875
0.0,3.17,35.680375,139.7753125
0.0,3.15,35.680375,139.7754375
0.0,3.06,35.680375,139.7755625
0.0,3.02,35.680375,139.7756875
0.421,2.82,35.680375,139.7758125
0.0,2.9,35.680375,139.7759375
0.0,2.76,35.68029167,139.7615625
0.0,2.68,35.68029167,139.7616875
0.0,2.97,35.68029167,139.7618125
0.0,3.0,35.68029167,139.7619375
0.0,3.05,35.68029167,139.7620625
0.0,3.09,35.68029167,139.7621875
0.0,3.02,35.68029167,139.7623125
0.0,3.1,35.68029167,139.7624375
0.0,3.13,35.68029167,139.7625625
0.0,3.12,35.68029167,139.7626875
0.0,3.05,35.68029167,139.7628125
0.0,2.93,35.68029167,139.7629375
0.0,3.08,35.68029167,139.7630625
0.0,3.08,35.68029167,139.7631875
0.0,3.08,35.68029167,139.7633125
0.0,3.08,35.68029167,139.7634375
0.0,3.08,35.68029167,139.7635625
0.0,3.15,35.68029167,139.7636875
0.0,3.16,35.68029167,139.7638125
0.0,3.11,35.68029167,139.7639375
0.163,2.84,35.68029167,139.7640625
0.0,2.87,35.68029167,139.7641875
0.211,2.79,35.68029167,139.7643125
0.177,2.83,35.68029167,139.7644375
0.197,2.81,35.68029167,139.7645625
0.152,2.86,35.68029167,139.7646875
0.0,2.89,35.68029167,139.7648125
0.0,2.9,35.68029167,139.7649375
0.0,2.95,35.68029167,139.7650625
0.0,2.96,35.68029167,139.7651875
0.0,2.91,35.68029167,139.7653125
0.0,2.99,35.68029167,139.7654375
0.0,3.09,35.68029167,139.7655625
0.16,3.13,35.68029167,139.7656875
0.137,3.17,35.68029167,139.7658125
0.0,3.21,35.68029167,139.7659375
0.0,3.21,35.68029167,139.7660625
0.0,3.23,35.68029167,139.7661875
0.0,3.25,35.68029167,139.7663125
0.0,3.26,35.68029167,139.7664375
0.0,3.27,35.68029167,139.7665625
0.0,3.29,35.68029167,139.7666875
0.0,3.31,35.68029167,139.7668125
0.0,3.32,35.68029167,139.7669375
0.0,3.41,35.68029167,139.7670625
0.0,3.37,35.68029167,139.7671875
0.119,3.36,35.68029167,139.7673125
0.0,3.37,35.68029167,139.7674375
0.116,3.36,35.68029167,139.7675625
0.14,3.34,35.68029167,139.7676875
0.148,3.33,35.68029167,139.7678125
0.132,3.35,35.68029167,139.7679375
0.123,3.36,35.68029167,139.7680625
0.141,3.35,35.68029167,139.7681875
0.15,3.36,35.68029167,139.7683125
0.0,3.49,35.68029167,139.7684375
0.0,3.7,35.68029167,139.7685625
0.0,3.59,35.68029167,139.7686875
0.0,3.62,35.68029167,139.7688125
0.0,3.69,35.68029167,139.7689375
0.0,3.75,35.68029167,139.7690625
0.0,3.71,35.68029167,139.7691875
0.0,3.68,35.68029167,139.7693125
0.0,3.63,35.68029167,139.7694375
0.137,3.55,35.68029167,139.7695625
0.0,3.58,35.68029167,139.7696875
0.0,3.6,35.68029167,139.7698125
0.0,3.58,35.68029167,139.7699375
0.189,3.5,35.68029167,139.7700625
0.238,3.45,35.68029167,139.7701875
0.204,3.48,35.68029167,139.7703125
0.0,3.56,35.68029167,139.7704375
0.0,3.59,35.68029167,139.7705625
0.0,3.59,35.68029167,139.7706875
0.0,3.8,35.68029167,139.7708125
0.0,3.92,35.68029167,139.7709375
0.0,4.04,35.68029167,139.7710625
0.0,4.18,35.68029167,139.7711875
0.0,4.24,35.68029167,139.7713125
0.0,4.11,35.68029167,139.7714375
0.0,4.0,35.68029167,139.7715625
0.0,3.97,35.68029167,139.7716875
0.0,3.92,35.68029167,139.7718125
0.0,3.94,35.68029167,139.7719375
0.0,3.93,35.68029167,139.7720625
0.0,3.74,35.68029167,139.7721875
0.0,3.76,35.68029167,139.7723125
0.0,3.78,35.68029167,139.7724375
0.0,3.89,35.68029167,139.7725625
0.0,3.9,35.68029167,139.7726875
0.0,3.82,35.68029167,139.7728125
0.0,3.71,35.68029167,139.7729375
0.0,3.72,35.68029167,139.7730625
0.0,3.81,35.68029167,139.7731875
0.0,3.77,35.68029167,139.7733125
0.0,3.66,35.68029167,139.7734375
0.0,3.42,35.68029167,139.7735625
0.0,3.31,35.68029167,139.7736875
0.0,3.36,35.68029167,139.7738125
0.0,3.44,35.68029167,139.7739375
0.0,3.41,35.68029167,139.7740625
0.0,3.4,35.68029167,139.7741875
0.0,3.37,35.68029167,139.7743125
0.0,3.33,35.68029167,139.7744375
0.0,3.31,35.68029167,139.7745625
0.0,3.19,35.68029167,139.7746875
0.0,3.32,35.68029167,139.7748125
0.0,3.36,35.68029167,139.7749375
0.0,3.19,35.68029167,139.7750625
0.0,3.25,35.68029167,139.7751875
0.0,3.15,35.68029167,139.7753125
0.0,3.07,35.68029167,139.7754375
0.0,3.01,35.68029167,139.7755625
0.0,2.92,35.68029167,139.7756875
0.0,2.89,35.68029167,139.7758125
0.0,2.96,35.68029167,139.7759375
0.0,2.76,35.68020833,139.7615625
0.0,2.76,35.68020833,139.7616875
0.0,3.02,35.68020833,139.7618125
0.0,3.02,35.68020833,139.7619375
0.0,3.07,35.68020833,139.7620625
0.0,3.12,35.68020833,139.7621875
0.0,3.02,35.68020833,139.7623125
0.0,3.12,35.68020833,139.7624375
0.0,3.16,35.68020833,139.7625625
0.0,3.15,35.68020833,139.7626875
0.0,3.05,35.68020833,139.7628125
0.0,2.94,35.68020833,139.7629375
0.0,3.08,35.68020833,139.7630625
0.0,3.09,35.68020833,139.7631875
0.0,3.09,35.68020833,139.7633125
0.0,3.08,35.68020833,139.7634375
0.0,3.08,35.68020833,139.7635625
0.0,3.1,35.68020833,139.7636875
0.0,3.16,35.68020833,139.7638125
0.0,3.12,35.68020833,139.7639375
0.142,2.85,35.68020833,139.7640625
0.0,2.86,35.68020833,139.7641875
0.0,2.92,35.68020833,139.7643125
0.0,3.0,35.68020833,139.7644375
0.0,3.01,35.68020833,139.7645625
0.0,3.03,35.68020833,139.7646875
0.0,2.95,35.68020833,139.7648125
0.0,2.9,35.68020833,139.7649375
0.178,2.85,35.68020833,139.7650625
0.142,2.89,35.68020833,139.7651875
0.0,3.0,35.68020833,139.7653125
0.143,2.93,35.68020833,139.7654375
0.0,3.07,35.68020833,139.7655625
0.148,3.12,35.68020833,139.7656875
0.15,3.15,35.68020833,139.7658125
0.125,3.19,35.68020833,139.7659375
0.123,3.19,35.68020833,139.7660625
0.0,3.2,35.68020833,139.7661875
0.0,3.22,35.68020833,139.7663125
0.0,3.23,35.68020833,139.7664375
0.0,3.25,35.68020833,139.7665625
0.0,3.26,35.68020833,139.7666875
0.0,3.28,35.68020833,139.7668125
0.0,3.29,35.68020833,139.7669375
0.0,3.48,35.68020833,139.7670625
0.0,3.47,35.68020833,139.7671875
0.0,3.39,35.68020833,139.7673125
0.127,3.35,35.68020833,139.7674375
0.119,3.36,35.68020833,139.7675625
0.0,3.38,35.68020833,139.7676875
0.121,3.36,35.68020833,139.7678125
0.141,3.34,35.68020833,139.7679375
0.162,3.32,35.68020833,139.7680625
0.13,3.35,35.68020833,139.7681875
0.133,3.35,35.68020833,139.7683125
0.0,3.55,35.68020833,139.7684375
0.0,3.64,35.68020833,139.7685625
0.0,3.56,35.68020833,139.7686875
0.0,3.62,35.68020833,139.7688125
0.0,3.71,35.68020833,139.7689375
0.0,3.7,35.68020833,139.7690625
0.0,3.64,35.68020833,139.7691875
0.0,3.64,35.68020833,139.7693125
0.0,3.64,35.68020833,139.7694375
0.0,3.7,35.68020833,139.7695625
0.0,3.62,35.68020833,139.7696875
0.0,3.56,35.68020833,139.7698125
0.0,3.6,35.68020833,139.7699375
0.0,3.64,35.68020833,139.7700625
0.0,3.61,35.68020833,139.7701875
0.0,3.63,35.68020833,139.7703125
0.0,3.74,35.68020833,139.7704375
0.0,3.68,35.68020833,139.7705625
0.0,3.62,35.68020833,139.7706875
0.0,3.84,35.68020833,139.7708125
0.0,3.94,35.68020833,139.7709375
0.0,4.03,35.68020833,139.7710625
0.0,4.12,35.68020833,139.7711875
0.0,4.12,35.68020833,139.7713125
0.0,4.12,35.68020833,139.7714375
0.0,3.98,35.68020833,139.7715625
0.0,3.96,35.68020833,139.7716875
0.0,3.89,35.68020833,139.7718125
0.0,3.92,35.68020833,139.7719375
0.0,3.89,35.68020833,139.7720625
0.0,3.76,35.68020833,139.7721875
0.0,3.71,35.68020833,139.7723125
0.0,3.81,35.68020833,139.7724375
0.0,3.84,35.68020833,139.7725625
0.0,3.84,35.68020833,139.7726875
0.0,3.82,35.68020833,139.7728125
0.0,3.73,35.68020833,139.7729375
0.0,3.7,35.68020833,139.7730625
0.0,3.91,35.68020833,139.7731875
0.0,3.88,35.68020833,139.7733125
0.0,3.76,35.68020833,139.7734375
0.0,3.49,35.68020833,139.7735625
0.0,3.36,35.68020833,139.7736875
0.0,3.26,35.68020833,139.7738125
0.0,3.35,35.68020833,139.7739375
0.0,3.37,35.68020833,139.7740625
0.0,3.34,35.68020833,139.7741875
0.0,3.31,35.68020833,139.7743125
0.0,3.29,35.68020833,139.7744375
0.0,3.28,35.68020833,139.7745625
0.0,3.17,35.68020833,139.7746875
0.0,3.35,35.68020833,139.7748125
0.0,3.28,35.68020833,139.7749375
0.0,3.23,35.68020833,139.7750625
0.0,3.2,35.68020833,139.7751875
0.0,3.1,35.68020833,139.7753125
0.0,3.01,35.68020833,139.7754375
0.0,3.1,35.68020833,139.7755625
0.0,2.9,35.68020833,139.7756875
0.0,2.91,35.68020833,139.7758125
0.0,2.86,35.68020833,139.7759375
0.0,2.66,35.680125,139.7614375
0.0,2.75,35.680125,139.7615625
0.0,2.88,35.680125,139.7616875
0.0,3.07,35.680125,139.7618125
0.0,3.06,35.680125,139.7619375
0.0,3.05,35.680125,139.7620625
0.0,3.07,35.680125,139.7621875
0.0,2.96,35.680125,139.7623125
0.0,3.1,35.680125,139.7624375
0.0,3.13,35.680125,139.7625625
0.0,3.15,35.680125,139.7626875
0.0,2.98,35.680125,139.7628125
0.0,2.99,35.680125,139.7629375
0.0,3.1,35.680125,139.7630625
0.0,3.1,35.680125,139.7631875
0.0,3.09,35.680125,139.7633125
0.0,3.09,35.680125,139.7634375
0.0,3.09,35.680125,139.7635625
0.0,3.09,35.680125,139.7636875
0.0,3.14,35.680125,139.7638125
0.0,3.08,35.680125,139.7639375
0.0,2.87,35.680125,139.7640625
0.0,2.85,35.680125,139.7641875
0.0,2.97,35.680125,139.7643125
0.0,2.83,35.680125,139.7644375
0.0,2.88,35.680125,139.7645625
0.0,2.99,35.680125,139.7646875
0.0,3.06,35.680125,139.7648125
0.0,3.1,35.680125,139.7649375
0.0,3.03,35.680125,139.7650625
0.149,2.89,35.680125,139.7651875
0.0,3.06,35.680125,139.7653125
0.144,2.95,35.680125,139.7654375
0.0,3.01,35.680125,139.7655625
0.118,3.09,35.680125,139.7656875
0.161,3.14,35.680125,139.7658125
0.148,3.16,35.680125,139.7659375
0.149,3.16,35.680125,139.7660625
0.14,3.17,35.680125,139.7661875
0.123,3.19,35.680125,139.7663125
0.0,3.21,35.680125,139.7664375
0.0,3.22,35.680125,139.7665625
0.0,3.24,35.680125,139.7666875
0.0,3.26,35.680125,139.7668125
0.0,3.27,35.680125,139.7669375
0.0,3.52,35.680125,139.7670625
0.0,3.59,35.680125,139.7671875
0.0,3.5,35.680125,139.7673125
0.0,3.42,35.680125,139.7674375
0.123,3.36,35.680125,139.7675625
0.125,3.36,35.680125,139.7676875
0.115,3.37,35.680125,139.7678125
0.113,3.37,35.680125,139.7679375
0.128,3.35,35.680125,139.7680625
0.152,3.33,35.680125,139.7681875
0.193,3.29,35.680125,139.7683125
0.0,3.5,35.680125,139.7684375
0.0,3.57,35.680125,139.7685625
0.0,3.51,35.680125,139.7686875
0.0,3.68,35.680125,139.7688125
0.0,3.69,35.680125,139.7689375
0.0,3.56,35.680125,139.7690625
0.0,3.48,35.680125,139.7691875
0.0,3.58,35.680125,139.7693125
0.0,3.58,35.680125,139.7694375
0.0,3.68,35.680125,139.7695625
0.0,3.68,35.680125,139.7696875
0.0,3.65,35.680125,139.7698125
0.0,3.59,35.680125,139.7699375
0.0,3.59,35.680125,139.7700625
0.0,3.68,35.680125,139.7701875
0.0,3.74,35.680125,139.7703125
0.0,3.84,35.680125,139.7704375
0.0,3.72,35.680125,139.7705625
0.0,3.73,35.680125,139.7706875
0.0,3.81,35.680125,139.7708125
0.0,3.86,35.680125,139.7709375
0.0,3.91,35.680125,139.7710625
0.0,3.99,35.680125,139.7711875
0.0,3.97,35.680125,139.7713125
0.0,3.92,35.680125,139.7714375
0.0,3.95,35.680125,139.7715625
0.0,3.99,35.680125,139.7716875
0.0,3.94,35.680125,139.7718125
0.0,3.9,35.680125,139.7719375
0.0,3.79,35.680125,139.7720625
0.0,3.77,35.680125,139.7721875
0.0,3.8,35.680125,139.7723125
0.0,3.88,35.680125,139.7724375
0.0,3.85,35.680125,139.7725625
0.0,3.84,35.680125,139.7726875
0.0,3.79,35.680125,139.7728125
0.0,3.71,35.680125,139.7729375
0.0,3.7,35.680125,139.7730625
0.0,3.91,35.680125,139.7731875
0.0,3.9,35.680125,139.7733125
0.0,3.79,35.680125,139.7734375
0.0,3.56,35.680125,139.7735625
0.0,3.45,35.680125,139.7736875
0.0,3.31,35.680125,139.7738125
0.0,3.3,35.680125,139.7739375
0.0,3.34,35.680125,139.7740625
0.0,3.26,35.680125,139.7741875
0.0,3.31,35.680125,139.7743125
0.0,3.31,35.680125,139.7744375
0.0,3.18,35.680125,139.7745625
0.0,3.25,35.680125,139.7746875
0.0,3.32,35.680125,139.7748125
0.0,3.17,35.680125,139.7749375
0.0,3.26,35.680125,139.7750625
0.0,3.17,35.680125,139.7751875
0.0,3.07,35.680125,139.7753125
0.0,2.98,35.680125,139.7754375
0.0,2.99,35.680125,139.7755625
0.0,2.88,35.680125,139.7756875
0.0,2.76,35.680125,139.7758125
0.0,2.47,35.680125,139.7759375
0.0,2.7,35.68004167,139.7614375
0.0,2.74,35.68004167,139.7615625
0.0,2.97,35.68004167,139.7616875
0.0,3.09,35.68004167,139.7618125
0.0,3.11,35.68004167,139.7619375
0.0,3.11,35.68004167,139.7620625
0.0,3.08,35.68004167,139.7621875
0.0,3.02,35.68004167,139.7623125
0.0,3.08,35.68004167,139.7624375
0.0,3.1,35.68004167,139.7625625
0.0,3.12,35.68004167,139.7626875
0.0,2.95,35.68004167,139.7628125
0.0,3.04,35.68004167,139.7629375
0.0,3.08,35.68004167,139.7630625
0.0,3.11,35.68004167,139.7631875
0.0,3.09,35.68004167,139.7633125
0.0,3.09,35.68004167,139.7634375
0.0,3.09,35.68004167,139.7635625
0.0,3.09,35.68004167,139.7636875
0.0,3.11,35.68004167,139.7638125
0.0,3.03,35.68004167,139.7639375
0.0,2.9,35.68004167,139.7640625
0.0,2.86,35.68004167,139.7641875
0.173,2.78,35.68004167,139.7643125
0.315,2.64,35.68004167,139.7644375
0.243,2.71,35.68004167,139.7645625
0.0,2.81,35.68004167,139.7646875
0.0,2.9,35.68004167,139.7648125
0.0,3.02,35.68004167,139.7649375
0.0,3.05,35.68004167,139.7650625
0.0,3.06,35.68004167,139.7651875
0.13,2.98,35.68004167,139.7653125
0.049,3.06,35.68004167,139.7654375
0.187,2.93,35.68004167,139.7655625
0.122,3.01,35.68004167,139.7656875
0.189,3.08,35.68004167,139.7658125
0.164,3.14,35.68004167,139.7659375
0.175,3.13,35.68004167,139.7660625
0.16,3.15,35.68004167,139.7661875
0.152,3.17,35.68004167,139.7663125
0.143,3.18,35.68004167,139.7664375
0.132,3.19,35.68004167,139.7665625
0.0,3.21,35.68004167,139.7666875
0.0,3.23,35.68004167,139.7668125
0.0,3.24,35.68004167,139.7669375
0.0,3.6,35.68004167,139.7670625
0.0,3.7,35.68004167,139.7671875
0.0,3.62,35.68004167,139.7673125
0.0,3.53,35.68004167,139.7674375
0.0,3.44,35.68004167,139.7675625
0.114,3.37,35.68004167,139.7676875
0.145,3.34,35.68004167,139.7678125
0.132,3.35,35.68004167,139.7679375
0.0,3.37,35.68004167,139.7680625
0.115,3.37,35.68004167,139.7681875
0.163,3.32,35.68004167,139.7683125
0.0,3.53,35.68004167,139.7684375
0.0,3.49,35.68004167,139.7685625
0.0,3.55,35.68004167,139.7686875
0.0,3.67,35.68004167,139.7688125
0.0,3.58,35.68004167,139.7689375
0.0,3.43,35.68004167,139.7690625
0.0,3.44,35.68004167,139.7691875
0.0,3.63,35.68004167,139.7693125
0.0,3.61,35.68004167,139.7694375
0.0,3.53,35.68004167,139.7695625
0.0,3.62,35.68004167,139.7696875
0.0,3.65,35.68004167,139.7698125
0.0,3.68,35.68004167,139.7699375
0.0,3.67,35.68004167,139.7700625
0.0,3.64,35.68004167,139.7701875
0.0,3.69,35.68004167,139.7703125
0.0,3.8,35.68004167,139.7704375
0.0,3.72,35.68004167,139.7705625
0.0,3.71,35.68004167,139.7706875
0.0,3.92,35.68004167,139.7708125
0.0,3.85,35.68004167,139.7709375
0.0,3.83,35.68004167,139.7710625
0.0,3.96,35.68004167,139.7711875
0.0,3.99,35.68004167,139.7713125
0.0,3.91,35.68004167,139.7714375
0.0,3.97,35.68004167,139.7715625
0.0,4.03,35.68004167,139.7716875
0.0,4.06,35.68004167,139.7718125
0.0,3.9,35.68004167,139.7719375
0.0,3.74,35.68004167,139.7720625
0.0,3.71,35.68004167,139.7721875
0.0,3.86,35.68004167,139.7723125
0.0,3.87,35.68004167,139.7724375
0.0,3.84,35.68004167,139.7725625
0.0,3.87,35.68004167,139.7726875
0.0,3.89,35.68004167,139.7728125
0.0,3.76,35.68004167,139.7729375
0.0,3.69,35.68004167,139.7730625
0.0,3.65,35.68004167,139.7731875
0.0,3.75,35.68004167,139.7733125
0.0,3.83,35.68004167,139.7734375
0.0,3.59,35.68004167,139.7735625
0.0,3.5,35.68004167,139.7736875
0.0,3.32,35.68004167,139.7738125
0.0,3.33,35.68004167,139.7739375
0.0,3.48,35.68004167,139.7740625
0.0,3.25,35.68004167,139.7741875
0.0,3.22,35.68004167,139.7743125
0.0,3.23,35.68004167,139.7744375
0.0,3.1,35.68004167,139.7745625
0.0,3.33,35.68004167,139.7746875
0.0,3.31,35.68004167,139.7748125
0.0,3.16,35.68004167,139.7749375
0.0,3.21,35.68004167,139.7750625
0.0,3.11,35.68004167,139.7751875
0.0,3.03,35.68004167,139.7753125
0.0,2.97,35.68004167,139.7754375
0.0,2.88,35.68004167,139.7755625
0.0,2.88,35.68004167,139.7756875
0.0,2.6,35.68004167,139.7758125
0.859,1.97,35.68004167,139.7759375
0.0,2.77,35.67995833,139.7614375
0.0,2.73,35.67995833,139.7615625
0.0,3.06,35.67995833,139.7616875
0.0,3.08,35.67995833,139.7618125
0.0,3.11,35.67995833,139.7619375
0.0,3.14,35.67995833,139.7620625
0.0,3.09,35.67995833,139.7621875
0.0,3.05,35.67995833,139.7623125
0.0,3.1,35.67995833,139.7624375
0.0,3.12,35.67995833,139.7625625
0.0,3.1,35.67995833,139.7626875
0.0,2.96,35.67995833,139.7628125
0.0,3.08,35.67995833,139.7629375
0.0,3.09,35.67995833,139.7630625
0.0,3.08,35.67995833,139.7631875
0.0,3.11,35.67995833,139.7633125
0.0,3.12,35.67995833,139.7634375
0.0,3.11,35.67995833,139.7635625
0.0,3.11,35.67995833,139.7636875
0.0,3.1,35.67995833,139.7638125
0.0,2.91,35.67995833,139.7639375
0.0,2.86,35.67995833,139.7640625
0.24,2.7,35.67995833,139.7641875
0.298,2.65,35.67995833,139.7643125
0.472,2.48,35.67995833,139.7644375
0.382,2.57,35.67995833,139.7645625
0.276,2.68,35.67995833,139.7646875
0.0,2.84,35.67995833,139.7648125
0.0,2.93,35.67995833,139.7649375
0.0,3.01,35.67995833,139.7650625
0.0,3.12,35.67995833,139.7651875
0.251,2.87,35.67995833,139.7653125
0.072,3.05,35.67995833,139.7654375
0.262,2.86,35.67995833,139.7655625
0.13,2.98,35.67995833,139.7656875
0.164,3.06,35.67995833,139.7658125
0.186,3.1,35.67995833,139.7659375
0.141,3.16,35.67995833,139.7660625
0.128,3.18,35.67995833,139.7661875
0.129,3.19,35.67995833,139.7663125
0.128,3.19,35.67995833,139.7664375
0.121,3.21,35.67995833,139.7665625
0.126,3.21,35.67995833,139.7666875
0.122,3.21,35.67995833,139.7668125
0.0,3.22,35.67995833,139.7669375
0.0,3.59,35.67995833,139.7670625
0.0,3.8,35.67995833,139.7671875
0.0,3.72,35.67995833,139.7673125
0.0,3.64,35.67995833,139.7674375
0.0,3.56,35.67995833,139.7675625
0.0,3.47,35.67995833,139.7676875
0.0,3.39,35.67995833,139.7678125
0.139,3.34,35.67995833,139.7679375
0.135,3.35,35.67995833,139.7680625
0.164,3.32,35.67995833,139.7681875
0.0,3.37,35.67995833,139.7683125
0.0,3.54,35.67995833,139.7684375
0.0,3.48,35.67995833,139.7685625
0.0,3.59,35.67995833,139.7686875
0.0,3.63,35.67995833,139.7688125
0.0,3.49,35.67995833,139.7689375
0.0,3.34,35.67995833,139.7690625
0.0,3.49,35.67995833,139.7691875
0.0,3.64,35.67995833,139.7693125
0.0,3.68,35.67995833,139.7694375
0.0,3.68,35.67995833,139.7695625
0.0,3.56,35.67995833,139.7696875
0.0,3.57,35.67995833,139.7698125
0.0,3.65,35.67995833,139.7699375
0.0,3.74,35.67995833,139.7700625
0.0,3.73,35.67995833,139.7701875
0.0,3.71,35.67995833,139.7703125
0.0,3.71,35.67995833,139.7704375
0.0,3.77,35.67995833,139.7705625
0.0,3.87,35.67995833,139.7706875
0.0,3.96,35.67995833,139.7708125
0.0,3.83,35.67995833,139.7709375
0.0,3.92,35.67995833,139.7710625
0.0,3.94,35.67995833,139.7711875
0.0,3.94,35.67995833,139.7713125
0.0,3.95,35.67995833,139.7714375
0.0,3.94,35.67995833,139.7715625
0.0,3.94,35.67995833,139.7716875
0.0,3.92,35.67995833,139.7718125
0.0,3.83,35.67995833,139.7719375
0.0,3.76,35.67995833,139.7720625
0.0,3.75,35.67995833,139.7721875
0.0,3.86,35.67995833,139.7723125
0.0,3.87,35.67995833,139.7724375
0.0,3.87,35.67995833,139.7725625
0.0,3.88,35.67995833,139.7726875
0.0,3.88,35.67995833,139.7728125
0.0,3.72,35.67995833,139.7729375
0.0,3.74,35.67995833,139.7730625
0.0,3.56,35.67995833,139.7731875
0.0,3.52,35.67995833,139.7733125
0.0,3.53,35.67995833,139.7734375
0.0,3.49,35.67995833,139.7735625
0.0,3.48,35.67995833,139.7736875
0.0,3.25,35.67995833,139.7738125
0.0,3.35,35.67995833,139.7739375
0.0,3.48,35.67995833,139.7740625
0.0,3.51,35.67995833,139.7741875
0.0,3.28,35.67995833,139.7743125
0.0,3.12,35.67995833,139.7744375
0.0,3.22,35.67995833,139.7745625
0.0,3.33,35.67995833,139.7746875
0.0,3.19,35.67995833,139.7748125
0.0,3.18,35.67995833,139.7749375
0.0,3.21,35.67995833,139.7750625
0.0,3.06,35.67995833,139.7751875
0.0,2.98,35.67995833,139.7753125
0.0,2.9,35.67995833,139.7754375
0.0,2.82,35.67995833,139.7755625
0.0,2.93,35.67995833,139.7756875
0.0,2.7,35.67995833,139.7758125
1.813,1.01,35.67995833,139.7759375
0.0,2.81,35.679875,139.7614375
0.0,2.75,35.679875,139.7615625
0.0,2.99,35.679875,139.7616875
0.0,3.07,35.679875,139.7618125
0.0,3.13,35.679875,139.7619375
0.0,3.15,35.679875,139.7620625
0.0,3.04,35.679875,139.7621875
0.0,3.08,35.679875,139.7623125
0.0,3.12,35.679875,139.7624375
0.0,3.14,35.679875,139.7625625
0.0,3.08,35.679875,139.7626875
0.0,2.97,35.679875,139.7628125
0.0,3.08,35.679875,139.7629375
0.0,3.07,35.679875,139.7630625
0.0,3.09,35.679875,139.7631875
0.0,3.11,35.679875,139.7633125
0.0,3.12,35.679875,139.7634375
0.0,3.12,35.679875,139.7635625
0.0,3.13,35.679875,139.7636875
0.0,3.14,35.679875,139.7638125
0.0,2.83,35.679875,139.7639375
0.165,2.77,35.679875,139.7640625
0.32,2.62,35.679875,139.7641875
0.164,2.78,35.679875,139.7643125
0.365,2.59,35.679875,139.7644375
0.324,2.63,35.679875,139.7645625
0.265,2.69,35.679875,139.7646875
0.0,2.83,35.679875,139.7648125
0.0,2.89,35.679875,139.7649375
0.0,2.97,35.679875,139.7650625
0.0,3.05,35.679875,139.7651875
0.0,3.02,35.679875,139.7653125
0.15,2.97,35.679875,139.7654375
0.162,2.96,35.679875,139.7655625
0.189,2.93,35.679875,139.7656875
0.119,3.04,35.679875,139.7658125
0.157,3.11,35.679875,139.7659375
0.0,3.18,35.679875,139.7660625
0.0,3.25,35.679875,139.7661875
0.0,3.3,35.679875,139.7663125
0.0,3.34,35.679875,139.7664375
0.0,3.34,35.679875,139.7665625
0.0,3.33,35.679875,139.7666875
0.0,3.33,35.679875,139.7668125
0.0,3.32,35.679875,139.7669375
0.0,3.58,35.679875,139.7670625
0.0,3.8,35.679875,139.7671875
0.0,3.84,35.679875,139.7673125
0.0,3.76,35.679875,139.7674375
0.0,3.67,35.679875,139.7675625
0.0,3.59,35.679875,139.7676875
0.0,3.5,35.679875,139.7678125
0.0,3.42,35.679875,139.7679375
0.129,3.35,35.679875,139.7680625
0.171,3.31,35.679875,139.7681875
0.0,3.48,35.679875,139.7683125
0.0,3.48,35.679875,139.7684375
0.0,3.48,35.679875,139.7685625
0.0,3.62,35.679875,139.7686875
0.0,3.55,35.679875,139.7688125
0.0,3.4,35.679875,139.7689375
0.0,3.24,35.679875,139.7690625
0.0,3.51,35.679875,139.7691875
0.0,3.59,35.679875,139.7693125
0.0,3.69,35.679875,139.7694375
0.0,3.74,35.679875,139.7695625
0.0,3.75,35.679875,139.7696875
0.0,3.6,35.679875,139.7698125
0.0,3.6,35.679875,139.7699375
0.0,3.65,35.679875,139.7700625
0.0,3.74,35.679875,139.7701875
0.0,3.79,35.679875,139.7703125
0.0,3.77,35.679875,139.7704375
0.0,3.74,35.679875,139.7705625
0.0,3.78,35.679875,139.7706875
0.0,3.89,35.679875,139.7708125
0.0,3.9,35.679875,139.7709375
0.0,4.06,35.679875,139.7710625
0.0,4.12,35.679875,139.7711875
0.0,4.04,35.679875,139.7713125
0.0,3.9,35.679875,139.7714375
0.0,3.89,35.679875,139.7715625
0.0,3.75,35.679875,139.7716875
0.0,3.84,35.679875,139.7718125
0.0,3.72,35.679875,139.7719375
0.0,3.71,35.679875,139.7720625
0.0,3.82,35.679875,139.7721875
0.0,3.85,35.679875,139.7723125
0.0,3.9,35.679875,139.7724375
0.0,3.93,35.679875,139.7725625
0.0,3.91,35.679875,139.7726875
0.0,3.86,35.679875,139.7728125
0.0,3.71,35.679875,139.7729375
0.0,3.75,35.679875,139.7730625
0.0,3.83,35.679875,139.7731875
0.0,3.6,35.679875,139.7733125
0.0,3.44,35.679875,139.7734375
0.0,3.34,35.679875,139.7735625
0.0,3.35,35.679875,139.7736875
0.0,3.29,35.679875,139.7738125
0.0,3.4,35.679875,139.7739375
0.0,3.46,35.679875,139.7740625
0.0,3.53,35.679875,139.7741875
0.0,3.4,35.679875,139.7743125
0.0,3.16,35.679875,139.7744375
0.0,3.16,35.679875,139.7745625
0.0,3.27,35.679875,139.7746875
0.0,3.1,35.679875,139.7748125
0.0,3.14,35.679875,139.7749375
0.0,3.19,35.679875,139.7750625
0.0,3.06,35.679875,139.7751875
0.0,2.91,35.679875,139.7753125
0.0,2.86,35.679875,139.7754375
0.0,2.83,35.679875,139.7755625
0.0,2.94,35.679875,139.7756875
0.796,2.02,35.679875,139.7758125
2.458,0.36,35.679875,139.7759375
0.0,2.65,35.67979167,139.7613125
0.0,2.77,35.67979167,139.7614375
0.0,2.75,35.67979167,139.7615625
0.0,2.75,35.67979167,139.7616875
0.0,2.8,35.67979167,139.7618125
0.0,2.93,35.67979167,139.7619375
0.0,2.97,35.67979167,139.7620625
0.0,2.92,35.67979167,139.7621875
0.0,3.02,35.67979167,139.7623125
0.0,3.13,35.67979167,139.7624375
0.0,3.11,35.67979167,139.7625625
0.0,3.01,35.67979167,139.7626875
0.0,3.01,35.67979167,139.7628125
0.0,3.05,35.67979167,139.7629375
0.0,3.02,35.67979167,139.7630625
0.0,3.03,35.67979167,139.7631875
0.0,3.07,35.67979167,139.7633125
0.0,3.1,35.67979167,139.7634375
0.0,3.12,35.67979167,139.7635625
0.0,3.12,35.67979167,139.7636875
0.0,3.11,35.67979167,139.7638125
0.171,2.76,35.67979167,139.7639375
0.168,2.77,35.67979167,139.7640625
0.192,2.75,35.67979167,139.7641875
0.0,2.9,35.67979167,139.7643125
0.206,2.75,35.67979167,139.7644375
0.198,2.75,35.67979167,139.7645625
0.0,2.87,35.67979167,139.7646875
0.0,2.91,35.67979167,139.7648125
0.139,2.88,35.67979167,139.7649375
0.135,2.92,35.67979167,139.7650625
0.14,2.95,35.67979167,139.7651875
0.119,3.0,35.67979167,139.7653125
0.248,2.87,35.67979167,139.7654375
0.137,2.99,35.67979167,139.7655625
0.366,2.76,35.67979167,139.7656875
0.0,3.08,35.67979167,139.7658125
0.0,3.12,35.67979167,139.7659375
0.0,3.17,35.67979167,139.7660625
0.0,3.24,35.67979167,139.7661875
0.0,3.31,35.67979167,139.7663125
0.0,3.39,35.67979167,139.7664375
0.0,3.45,35.67979167,139.7665625
0.0,3.48,35.67979167,139.7666875
0.0,3.5,35.67979167,139.7668125
0.0,3.49,35.67979167,139.7669375
0.0,3.65,35.67979167,139.7670625
0.0,3.77,35.67979167,139.7671875
0.0,3.87,35.67979167,139.7673125
0.0,3.87,35.67979167,139.7674375
0.0,3.79,35.67979167,139.7675625
0.0,3.7,35.67979167,139.7676875
0.0,3.62,35.67979167,139.7678125
0.0,3.53,35.67979167,139.7679375
0.0,3.4,35.67979167,139.7680625
0.0,3.37,35.67979167,139.7681875
0.0,3.59,35.67979167,139.7683125
0.0,3.49,35.67979167,139.7684375
0.0,3.48,35.67979167,139.7685625
0.0,3.6,35.67979167,139.7686875
0.0,3.43,35.67979167,139.7688125
0.0,3.32,35.67979167,139.7689375
0.0,3.28,35.67979167,139.7690625
0.0,3.47,35.67979167,139.7691875
0.0,3.59,35.67979167,139.7693125
0.0,3.73,35.67979167,139.7694375
0.0,3.85,35.67979167,139.7695625
0.0,3.81,35.67979167,139.7696875
0.0,3.68,35.67979167,139.7698125
0.0,3.7,35.67979167,139.7699375
0.0,3.65,35.67979167,139.7700625
0.0,3.65,35.67979167,139.7701875
0.0,3.76,35.67979167,139.7703125
0.0,3.84,35.67979167,139.7704375
0.0,3.85,35.67979167,139.7705625
0.0,3.8,35.67979167,139.7706875
0.0,3.78,35.67979167,139.7708125
0.0,3.85,35.67979167,139.7709375
0.0,4.12,35.67979167,139.7710625
0.0,3.98,35.67979167,139.7711875
0.0,3.95,35.67979167,139.7713125
0.0,3.9,35.67979167,139.7714375
0.0,3.89,35.67979167,139.7715625
0.0,3.7,35.67979167,139.7716875
0.0,3.76,35.67979167,139.7718125
0.0,3.68,35.67979167,139.7719375
0.0,3.73,35.67979167,139.7720625
0.0,3.84,35.67979167,139.7721875
0.0,3.86,35.67979167,139.7723125
0.0,3.88,35.67979167,139.7724375
0.0,3.93,35.67979167,139.7725625
0.0,3.95,35.67979167,139.7726875
0.0,3.84,35.67979167,139.7728125
0.0,3.69,35.67979167,139.7729375
0.0,3.75,35.67979167,139.7730625
0.0,3.8,35.67979167,139.7731875
0.0,3.64,35.67979167,139.7733125
0.0,3.51,35.67979167,139.7734375
0.0,3.33,35.67979167,139.7735625
0.0,3.24,35.67979167,139.7736875
0.0,3.31,35.67979167,139.7738125
0.0,3.47,35.67979167,139.7739375
0.0,3.53,35.67979167,139.7740625
0.0,3.53,35.67979167,139.7741875
0.0,3.38,35.67979167,139.7743125
0.0,3.17,35.67979167,139.7744375
0.0,2.92,35.67979167,139.7745625
0.0,3.18,35.67979167,139.7746875
0.0,3.04,35.67979167,139.7748125
0.0,2.91,35.67979167,139.7749375
0.0,3.07,35.67979167,139.7750625
0.0,3.04,35.67979167,139.7751875
0.0,2.94,35.67979167,139.7753125
0.0,2.82,35.67979167,139.7754375
0.0,2.86,35.67979167,139.7755625
0.0,3.03,35.67979167,139.7756875
3.346,-0.52,35.67979167,139.7758125
2.927,-0.1,35.67979167,139.7759375
0.0,2.68,35.67970833,139.7613125
0.0,2.75,35.67970833,139.7614375
0.0,2.87,35.67970833,139.7615625
0.0,2.98,35.67970833,139.7616875
0.0,2.87,35.67970833,139.7618125
0.0,2.84,35.67970833,139.7619375
0.0,2.84,35.67970833,139.7620625
0.0,2.89,35.67970833,139.7621875
0.0,2.91,35.67970833,139.7623125
0.0,3.05,35.67970833,139.7624375
0.0,3.14,35.67970833,139.7625625
0.0,2.99,35.67970833,139.7626875
0.0,3.06,35.67970833,139.7628125
0.0,2.99,35.67970833,139.7629375
0.0,2.98,35.67970833,139.7630625
0.0,2.97,35.67970833,139.7631875
0.0,3.0,35.67970833,139.7633125
0.0,3.04,35.67970833,139.7634375
0.0,3.07,35.67970833,139.7635625
0.0,3.11,35.67970833,139.7636875
0.0,3.03,35.67970833,139.7638125
0.214,2.71,35.67970833,139.7639375
0.165,2.76,35.67970833,139.7640625
0.0,2.94,35.67970833,139.7641875
0.0,2.99,35.67970833,139.7643125
0.0,2.9,35.67970833,139.7644375
0.0,2.9,35.67970833,139.7645625
0.0,2.98,35.67970833,139.7646875
0.0,2.98,35.67970833,139.7648125
0.0,2.93,35.67970833,139.7649375
0.0,2.96,35.67970833,139.7650625
0.0,2.99,35.67970833,139.7651875
0.0,3.11,35.67970833,139.7653125
0.212,2.91,35.67970833,139.7654375
0.204,2.92,35.67970833,139.7655625
0.247,2.88,35.67970833,139.7656875
0.0,3.01,35.67970833,139.7658125
0.0,3.1,35.67970833,139.7659375
0.0,3.14,35.67970833,139.7660625
0.0,3.21,35.67970833,139.7661875
0.0,3.28,35.67970833,139.7663125
0.0,3.35,35.67970833,139.7664375
0.0,3.44,35.67970833,139.7665625
0.0,3.51,35.67970833,139.7666875
0.0,3.59,35.67970833,139.7668125
0.0,3.64,35.67970833,139.7669375
0.0,3.69,35.67970833,139.7670625
0.0,3.75,35.67970833,139.7671875
0.0,3.82,35.67970833,139.7673125
0.0,3.93,35.67970833,139.7674375
0.0,3.9,35.67970833,139.7675625
0.0,3.82,35.67970833,139.7676875
0.0,3.73,35.67970833,139.7678125
0.0,3.63,35.67970833,139.7679375
0.0,3.37,35.67970833,139.7680625
0.0,3.47,35.67970833,139.7681875
0.0,3.49,35.67970833,139.7683125
0.0,3.38,35.67970833,139.7684375
0.0,3.5,35.67970833,139.7685625
0.0,3.49,35.67970833,139.7686875
0.0,3.32,35.67970833,139.7688125
0.0,3.38,35.67970833,139.7689375
0.0,3.43,35.67970833,139.7690625
0.0,3.49,35.67970833,139.7691875
0.0,3.61,35.67970833,139.7693125
0.0,3.79,35.67970833,139.7694375
0.0,3.9,35.67970833,139.7695625
0.0,3.84,35.67970833,139.7696875
0.0,3.75,35.67970833,139.7698125
0.0,3.79,35.67970833,139.7699375
0.0,3.77,35.67970833,139.7700625
0.0,3.72,35.67970833,139.7701875
0.0,3.72,35.67970833,139.7703125
0.0,3.76,35.67970833,139.7704375
0.0,3.84,35.67970833,139.7705625
0.0,3.86,35.67970833,139.7706875
0.0,3.87,35.67970833,139.7708125
0.0,3.8,35.67970833,139.7709375
0.0,3.79,35.67970833,139.7710625
0.0,3.84,35.67970833,139.7711875
0.0,3.83,35.67970833,139.7713125
0.0,3.83,35.67970833,139.7714375
0.0,3.92,35.67970833,139.7715625
0.0,3.79,35.67970833,139.7716875
0.0,3.65,35.67970833,139.7718125
0.0,3.7,35.67970833,139.7719375
0.0,3.73,35.67970833,139.7720625
0.0,3.78,35.67970833,139.7721875
0.0,3.79,35.67970833,139.7723125
0.0,3.84,35.67970833,139.7724375
0.0,3.87,35.67970833,139.7725625
0.0,3.94,35.67970833,139.7726875
0.0,3.85,35.67970833,139.7728125
0.0,3.7,35.67970833,139.7729375
0.0,3.62,35.67970833,139.7730625
0.0,3.69,35.67970833,139.7731875
0.0,3.64,35.67970833,139.7733125
0.0,3.5,35.67970833,139.7734375
0.0,3.36,35.67970833,139.7735625
0.0,3.18,35.67970833,139.7736875
0.0,3.17,35.67970833,139.7738125
0.0,3.47,35.67970833,139.7739375
0.0,3.59,35.67970833,139.7740625
0.0,3.47,35.67970833,139.7741875
0.0,3.14,35.67970833,139.7743125
0.0,2.69,35.67970833,139.7744375
0.0,2.65,35.67970833,139.7745625
0.0,3.11,35.67970833,139.7746875
0.0,3.12,35.67970833,139.7748125
0.0,3.03,35.67970833,139.7749375
0.0,2.9,35.67970833,139.7750625
0.0,2.94,35.67970833,139.7751875
0.0,2.9,35.67970833,139.7753125
0.0,2.88,35.67970833,139.7754375
0.0,3.1,35.67970833,139.7755625
0.0,2.77,35.67970833,139.7756875
3.789,-0.95,35.67970833,139.7758125
3.392,-0.55,35.67970833,139.7759375
0.0,2.74,35.679625,139.7613125
0.0,2.74,35.679625,139.7614375
0.0,3.0,35.679625,139.7615625
0.0,3.1,35.679625,139.7616875
0.0,3.09,35.679625,139.7618125
0.0,3.09,35.679625,139.7619375
0.0,2.99,35.679625,139.7620625
0.0,2.96,35.679625,139.7621875
0.0,2.9,35.679625,139.7623125
0.0,2.88,35.679625,139.7624375
0.0,2.98,35.679625,139.7625625
0.0,3.01,35.679625,139.7626875
0.0,3.04,35.679625,139.7628125
0.0,2.93,35.679625,139.7629375
0.0,2.9,35.679625,139.7630625
0.0,2.91,35.679625,139.7631875
0.0,2.93,35.679625,139.7633125
0.0,2.97,35.679625,139.7634375
0.0,3.01,35.679625,139.7635625
0.0,3.11,35.679625,139.7636875
0.0,2.95,35.679625,139.7638125
0.218,2.71,35.679625,139.7639375
0.157,2.77,35.679625,139.7640625
0.0,3.01,35.679625,139.7641875
0.0,3.12,35.679625,139.7643125
0.0,3.04,35.679625,139.7644375
0.0,3.04,35.679625,139.7645625
0.0,3.04,35.679625,139.7646875
0.0,3.05,35.679625,139.7648125
0.0,2.98,35.679625,139.7649375
0.0,3.0,35.679625,139.7650625
0.0,3.09,35.679625,139.7651875
0.0,3.06,35.679625,139.7653125
0.0,3.01,35.679625,139.7654375
0.312,2.81,35.679625,139.7655625
0.0,3.02,35.679625,139.7656875
0.289,2.84,35.679625,139.7658125
0.0,3.14,35.679625,139.7659375
0.0,3.18,35.679625,139.7660625
0.0,3.24,35.679625,139.7661875
0.0,3.29,35.679625,139.7663125
0.0,3.34,35.679625,139.7664375
0.0,3.4,35.679625,139.7665625
0.0,3.47,35.679625,139.7666875
0.0,3.55,35.679625,139.7668125
0.0,3.63,35.679625,139.7669375
0.0,3.68,35.679625,139.7670625
0.0,3.72,35.679625,139.7671875
0.0,3.79,35.679625,139.7673125
0.0,3.87,35.679625,139.7674375
0.0,3.98,35.679625,139.7675625
0.0,3.93,35.679625,139.7676875
0.0,3.84,35.679625,139.7678125
0.0,3.63,35.679625,139.7679375
0.136,3.33,35.679625,139.7680625
0.0,3.51,35.679625,139.7681875
0.0,3.4,35.679625,139.7683125
0.0,3.37,35.679625,139.7684375
0.0,3.52,35.679625,139.7685625
0.0,3.38,35.679625,139.7686875
0.0,3.41,35.679625,139.7688125
0.0,3.51,35.679625,139.7689375
0.0,3.56,35.679625,139.7690625
0.0,3.63,35.679625,139.7691875
0.0,3.69,35.679625,139.7693125
0.0,3.77,35.679625,139.7694375
0.0,3.84,35.679625,139.7695625
0.0,3.89,35.679625,139.7696875
0.0,3.84,35.679625,139.7698125
0.0,3.82,35.679625,139.7699375
0.0,3.81,35.679625,139.7700625
0.0,3.76,35.679625,139.7701875
0.0,3.72,35.679625,139.7703125
0.0,3.81,35.679625,139.7704375
0.0,3.78,35.679625,139.7705625
0.0,3.79,35.679625,139.7706875
0.0,3.84,35.679625,139.7708125
0.0,3.87,35.679625,139.7709375
0.0,3.83,35.679625,139.7710625
0.0,3.75,35.679625,139.7711875
0.0,3.76,35.679625,139.7713125
0.0,3.81,35.679625,139.7714375
0.0,3.88,35.679625,139.7715625
0.0,3.84,35.679625,139.7716875
0.0,3.67,35.679625,139.7718125
0.0,3.65,35.679625,139.7719375
0.0,3.7,35.679625,139.7720625
0.0,3.73,35.679625,139.7721875
0.0,3.73,35.679625,139.7723125
0.0,3.74,35.679625,139.7724375
0.0,3.76,35.679625,139.7725625
0.0,3.83,35.679625,139.7726875
0.0,3.88,35.679625,139.7728125
0.0,3.8,35.679625,139.7729375
0.0,3.69,35.679625,139.7730625
0.0,3.55,35.679625,139.7731875
0.0,3.48,35.679625,139.7733125
0.0,3.32,35.679625,139.7734375
0.0,3.22,35.679625,139.7735625
0.0,3.06,35.679625,139.7736875
0.0,3.16,35.679625,139.7738125
0.0,3.27,35.679625,139.7739375
0.0,3.38,35.679625,139.7740625
0.0,3.41,35.679625,139.7741875
0.0,2.92,35.679625,139.7743125
0.0,1.79,35.679625,139.7744375
0.0,2.71,35.679625,139.7745625
0.0,3.15,35.679625,139.7746875
0.0,3.14,35.679625,139.7748125
0.0,3.16,35.679625,139.7749375
0.0,3.04,35.679625,139.7750625
0.0,2.9,35.679625,139.7751875
0.0,2.99,35.679625,139.7753125
0.0,3.08,35.679625,139.7754375
0.0,3.53,35.679625,139.7755625
3.161,-0.34,35.679625,139.7756875
4.078,-1.23,35.679625,139.7758125
3.878,-1.03,35.679625,139.7759375
0.0,2.77,35.67954167,139.7613125
0.0,2.74,35.67954167,139.7614375
0.0,2.98,35.67954167,139.7615625
0.0,3.04,35.67954167,139.7616875
0.0,3.07,35.67954167,139.7618125
0.0,3.06,35.67954167,139.7619375
0.0,3.08,35.67954167,139.7620625
0.0,3.11,35.67954167,139.7621875
0.0,2.97,35.67954167,139.7623125
0.0,3.0,35.67954167,139.7624375
0.0,2.95,35.67954167,139.7625625
0.0,2.98,35.67954167,139.7626875
0.0,2.94,35.67954167,139.7628125
0.0,2.89,35.67954167,139.7629375
0.0,2.81,35.67954167,139.7630625
0.0,2.83,35.67954167,139.7631875
0.0,2.87,35.67954167,139.7633125
0.0,2.92,35.67954167,139.7634375
0.0,3.0,35.67954167,139.7635625
0.0,3.08,35.67954167,139.7636875
0.0,2.86,35.67954167,139.7638125
0.174,2.71,35.67954167,139.7639375
0.0,2.77,35.67954167,139.7640625
0.0,3.06,35.67954167,139.7641875
0.0,3.1,35.67954167,139.7643125
0.0,3.09,35.67954167,139.7644375
0.0,3.09,35.67954167,139.7645625
0.0,3.09,35.67954167,139.7646875
0.0,3.1,35.67954167,139.7648125
0.0,3.03,35.67954167,139.7649375
0.0,3.07,35.67954167,139.7650625
0.0,3.11,35.67954167,139.7651875
0.0,3.04,35.67954167,139.7653125
0.0,3.24,35.67954167,139.7654375
0.318,2.97,35.67954167,139.7655625
0.094,3.03,35.67954167,139.7656875
0.249,2.97,35.67954167,139.7658125
0.0,3.14,35.67954167,139.7659375
0.0,3.19,35.67954167,139.7660625
0.0,3.26,35.67954167,139.7661875
0.0,3.31,35.67954167,139.7663125
0.0,3.37,35.67954167,139.7664375
0.0,3.43,35.67954167,139.7665625
0.0,3.48,35.67954167,139.7666875
0.0,3.54,35.67954167,139.7668125
0.0,3.6,35.67954167,139.7669375
0.0,3.64,35.67954167,139.7670625
0.0,3.7,35.67954167,139.7671875
0.0,3.77,35.67954167,139.7673125
0.0,3.84,35.67954167,139.7674375
0.0,3.93,35.67954167,139.7675625
0.0,4.03,35.67954167,139.7676875
0.0,3.9,35.67954167,139.7678125
0.0,3.49,35.67954167,139.7679375
0.0,3.37,35.67954167,139.7680625
0.0,3.48,35.67954167,139.7681875
0.0,3.31,35.67954167,139.7683125
0.0,3.41,35.67954167,139.7684375
0.0,3.48,35.67954167,139.7685625
0.0,3.36,35.67954167,139.7686875
0.0,3.5,35.67954167,139.7688125
0.0,3.55,35.67954167,139.7689375
0.0,3.59,35.67954167,139.7690625
0.0,3.74,35.67954167,139.7691875
0.0,4.02,35.67954167,139.7693125
0.0,3.81,35.67954167,139.7694375
0.0,3.8,35.67954167,139.7695625
0.0,3.82,35.67954167,139.7696875
0.0,3.83,35.67954167,139.7698125
0.0,3.84,35.67954167,139.7699375
0.0,3.83,35.67954167,139.7700625
0.0,3.74,35.67954167,139.7701875
0.0,3.86,35.67954167,139.7703125
0.0,3.93,35.67954167,139.7704375
0.0,3.93,35.67954167,139.7705625
0.0,3.84,35.67954167,139.7706875
0.0,3.76,35.67954167,139.7708125
0.0,3.83,35.67954167,139.7709375
0.0,3.92,35.67954167,139.7710625
0.0,3.86,35.67954167,139.7711875
0.0,3.77,35.67954167,139.7713125
0.0,3.72,35.67954167,139.7714375
0.0,3.7,35.67954167,139.7715625
0.0,3.69,35.67954167,139.7716875
0.0,3.73,35.67954167,139.7718125
0.0,3.67,35.67954167,139.7719375
0.0,3.64,35.67954167,139.7720625
0.0,3.66,35.67954167,139.7721875
0.0,3.67,35.67954167,139.7723125
0.0,3.64,35.67954167,139.7724375
0.0,3.66,35.67954167,139.7725625
0.0,3.69,35.67954167,139.7726875
0.0,3.82,35.67954167,139.7728125
0.0,3.88,35.67954167,139.7729375
0.0,3.65,35.67954167,139.7730625
0.0,3.55,35.67954167,139.7731875
0.0,3.36,35.67954167,139.7733125
0.0,3.32,35.67954167,139.7734375
0.0,3.08,35.67954167,139.7735625
0.0,3.1,35.67954167,139.7736875
0.0,3.15,35.67954167,139.7738125
0.0,3.32,35.67954167,139.7739375
0.0,3.28,35.67954167,139.7740625
0.0,3.16,35.67954167,139.7741875
0.0,2.79,35.67954167,139.7743125
0.0,1.23,35.67954167,139.7744375
0.0,3.06,35.67954167,139.7745625
0.0,3.24,35.67954167,139.7746875
0.0,3.16,35.67954167,139.7748125
0.0,3.08,35.67954167,139.7749375
0.0,3.01,35.67954167,139.7750625
0.0,3.05,35.67954167,139.7751875
0.0,3.01,35.67954167,139.7753125
0.0,3.28,35.67954167,139.7754375
0.0,3.07,35.67954167,139.7755625
4.088,-1.26,35.67954167,139.7756875
4.252,-1.39,35.67954167,139.7758125
4.16,-1.31,35.67954167,139.7759375
0.0,2.65,35.67945833,139.7611875
0.0,2.77,35.67945833,139.7613125
0.0,2.75,35.67945833,139.7614375
0.0,3.08,35.67945833,139.7615625
0.0,3.08,35.67945833,139.7616875
0.0,3.08,35.67945833,139.7618125
0.0,3.01,35.67945833,139.7619375
0.0,2.99,35.67945833,139.7620625
0.0,3.04,35.67945833,139.7621875
0.0,2.89,35.67945833,139.7623125
0.0,3.08,35.67945833,139.7624375
0.0,3.0,35.67945833,139.7625625
0.0,2.96,35.67945833,139.7626875
0.0,2.98,35.67945833,139.7628125
0.0,2.87,35.67945833,139.7629375
0.0,2.86,35.67945833,139.7630625
0.0,2.83,35.67945833,139.7631875
0.0,2.8,35.67945833,139.7633125
0.0,2.83,35.67945833,139.7634375
0.0,2.86,35.67945833,139.7635625
0.0,3.0,35.67945833,139.7636875
0.188,2.73,35.67945833,139.7638125
0.21,2.7,35.67945833,139.7639375
0.0,3.03,35.67945833,139.7641875
0.0,3.08,35.67945833,139.7643125
0.0,3.08,35.67945833,139.7644375
0.0,3.13,35.67945833,139.7645625
0.0,3.11,35.67945833,139.7646875
0.0,3.12,35.67945833,139.7648125
0.0,3.1,35.67945833,139.7649375
0.0,3.11,35.67945833,139.7650625
0.0,3.05,35.67945833,139.7651875
0.0,3.15,35.67945833,139.7653125
0.0,3.18,35.67945833,139.7654375
0.157,2.97,35.67945833,139.7655625
0.118,3.0,35.67945833,139.7656875
0.157,2.97,35.67945833,139.7658125
0.0,3.13,35.67945833,139.7659375
0.0,3.16,35.67945833,139.7660625
0.0,3.23,35.67945833,139.7661875
0.0,3.3,35.67945833,139.7663125
0.0,3.35,35.67945833,139.7664375
0.0,3.4,35.67945833,139.7665625
0.0,3.46,35.67945833,139.7666875
0.0,3.52,35.67945833,139.7668125
0.0,3.58,35.67945833,139.7669375
0.0,3.68,35.67945833,139.7671875
0.0,3.75,35.67945833,139.7673125
0.0,3.82,35.67945833,139.7674375
0.0,3.89,35.67945833,139.7675625
0.0,3.99,35.67945833,139.7676875
0.0,3.79,35.67945833,139.7678125
0.0,3.4,35.67945833,139.7679375
0.0,3.4,35.67945833,139.7680625
0.0,3.38,35.67945833,139.7681875
0.0,3.3,35.67945833,139.7683125
0.0,3.43,35.67945833,139.7684375
0.0,3.37,35.67945833,139.7685625
0.0,3.41,35.67945833,139.7686875
0.0,3.63,35.67945833,139.7688125
0.0,3.73,35.67945833,139.7689375
0.0,3.72,35.67945833,139.7690625
0.0,3.81,35.67945833,139.7691875
0.0,4.02,35.67945833,139.7693125
0.0,3.99,35.67945833,139.7694375
0.0,4.06,35.67945833,139.7695625
0.0,3.87,35.67945833,139.7696875
0.0,3.87,35.67945833,139.7698125
0.0,3.86,35.67945833,139.7699375
0.0,3.82,35.67945833,139.7700625
0.0,3.75,35.67945833,139.7701875
0.0,3.88,35.67945833,139.7703125
0.0,3.91,35.67945833,139.7704375
0.0,3.93,35.67945833,139.7705625
0.0,3.93,35.67945833,139.7706875
0.0,3.87,35.67945833,139.7708125
0.0,3.8,35.67945833,139.7709375
0.0,3.79,35.67945833,139.7710625
0.0,3.86,35.67945833,139.7711875
0.0,3.86,35.67945833,139.7713125
0.0,3.85,35.67945833,139.7714375
0.0,3.7,35.67945833,139.7715625
0.0,3.73,35.67945833,139.7716875
0.0,3.72,35.67945833,139.7718125
0.0,3.59,35.67945833,139.7719375
0.0,3.49,35.67945833,139.7720625
0.0,3.52,35.67945833,139.7721875
0.0,3.59,35.67945833,139.7723125
0.0,3.57,35.67945833,139.7724375
0.0,3.55,35.67945833,139.7725625
0.0,3.59,35.67945833,139.7726875
0.0,3.77,35.67945833,139.7728125
0.0,3.84,35.67945833,139.7729375
0.0,3.69,35.67945833,139.7730625
0.0,3.51,35.67945833,139.7731875
0.0,3.3,35.67945833,139.7733125
0.0,3.13,35.67945833,139.7734375
0.0,3.18,35.67945833,139.7735625
0.0,3.21,35.67945833,139.7739375
0.0,3.13,35.67945833,139.7740625
0.0,3.04,35.67945833,139.7741875
0.0,0.5,35.67945833,139.7743125
0.0,1.56,35.67945833,139.7744375
0.0,3.13,35.67945833,139.7745625
0.0,3.24,35.67945833,139.7746875
0.0,3.19,35.67945833,139.7748125
0.0,3.07,35.67945833,139.7749375
0.0,2.96,35.67945833,139.7750625
0.0,3.0,35.67945833,139.7751875
0.0,2.96,35.67945833,139.7753125
0.0,3.3,35.67945833,139.7754375
2.065,3.06,35.67945833,139.7755625
4.414,-1.26,35.67945833,139.7756875
4.338,-1.39,35.67945833,139.7758125
3.857,-1.31,35.67945833,139.7759375
0.0,2.79,35.67945833,139.7640625
0.0,3.63,35.67945833,139.7670625
0.0,3.19,35.67945833,139.7736875
0.0,3.12,35.67945833,139.7738125
0.0,2.65,35.679375,139.7611875
0.0,2.76,35.679375,139.7613125
0.0,3.1,35.679375,139.7616875
0.0,3.08,35.679375,139.7618125
0.0,2.99,35.679375,139.7619375
0.0,2.92,35.679375,139.7620625
0.0,2.89,35.679375,139.7621875
0.0,2.91,35.679375,139.7623125
0.0,3.07,35.679375,139.7624375
0.0,2.96,35.679375,139.7625625
0.0,2.96,35.679375,139.7626875
0.0,3.01,35.679375,139.7628125
0.0,2.97,35.679375,139.7629375
0.0,2.98,35.679375,139.7630625
0.0,2.93,35.679375,139.7631875
0.0,2.84,35.679375,139.7633125
0.163,2.75,35.679375,139.7634375
0.224,2.69,35.679375,139.7635625
0.244,2.67,35.679375,139.7636875
0.2,2.71,35.679375,139.7638125
0.0,3.13,35.679375,139.7643125
0.0,3.11,35.679375,139.7644375
0.0,3.09,35.679375,139.7645625
0.0,3.09,35.679375,139.7646875
0.0,3.11,35.679375,139.7648125
0.0,3.06,35.679375,139.7651875
0.0,3.11,35.679375,139.7653125
0.0,3.19,35.679375,139.7654375
0.194,2.93,35.679375,139.7655625
0.0,3.09,35.679375,139.7656875
0.141,2.98,35.679375,139.7658125
0.0,3.16,35.679375,139.7659375
0.0,3.27,35.679375,139.7665625
0.0,3.33,35.679375,139.7666875
0.0,3.4,35.679375,139.7668125
0.0,3.74,35.679375,139.7673125
0.0,3.87,35.679375,139.7676875
0.0,3.65,35.679375,139.7678125
0.0,3.31,35.679375,139.7679375
0.0,3.35,35.679375,139.7680625
0.0,3.32,35.679375,139.7681875
0.0,3.35,35.679375,139.7685625
0.0,3.48,35.679375,139.7686875
0.0,4.0,35.679375,139.7690625
0.0,4.08,35.679375,139.7691875
0.0,4.06,35.679375,139.7693125
0.0,4.2,35.679375,139.7694375
0.0,4.24,35.679375,139.7695625
0.0,4.02,35.679375,139.7696875
0.0,3.78,35.679375,139.7700625
0.0,3.78,35.679375,139.7701875
0.0,3.88,35.679375,139.7703125
0.0,3.92,35.679375,139.7704375
0.0,3.9,35.679375,139.7705625
0.0,3.88,35.679375,139.7706875
0.0,3.9,35.679375,139.7708125
0.0,3.96,35.679375,139.7709375
0.0,3.85,35.679375,139.7715625
0.0,3.88,35.679375,139.7716875
0.0,3.7,35.679375,139.7718125
0.0,3.52,35.679375,139.7719375
0.0,3.5,35.679375,139.7720625
0.0,3.46,35.679375,139.7721875
0.0,3.44,35.679375,139.7723125
0.0,3.58,35.679375,139.7724375
0.0,3.6,35.679375,139.7725625
0.0,3.51,35.679375,139.7726875
0.0,3.63,35.679375,139.7728125
0.0,3.67,35.679375,139.7729375
0.0,3.6,35.679375,139.7730625
0.0,3.41,35.679375,139.7731875
0.0,3.2,35.679375,139.7733125
0.0,3.03,35.679375,139.7734375
0.0,3.11,35.679375,139.7740625
0.0,3.16,35.679375,139.7741875
0.0,1.06,35.679375,139.7743125
0.0,2.45,35.679375,139.7744375
0.0,3.22,35.679375,139.7748125
0.0,3.09,35.679375,139.7749375
0.0,2.98,35.679375,139.7750625
0.0,2.97,35.679375,139.7751875
0.0,3.07,35.679375,139.7753125
0.0,3.24,35.679375,139.7754375
4.461,-1.62,35.679375,139.7758125
1.808,1.01,35.679375,139.7759375
0.0,2.89,35.679375,139.7614375
0.0,3.11,35.679375,139.7615625
0.222,2.69,35.679375,139.7639375
0.0,2.85,35.679375,139.7640625
0.0,3.1,35.679375,139.7641875
0.0,3.09,35.679375,139.7649375
0.0,3.05,35.679375,139.7650625
0.0,3.17,35.679375,139.7660625
0.0,3.16,35.679375,139.7661875
0.0,3.18,35.679375,139.7663125
0.0,3.18,35.679375,139.7664375
0.0,3.46,35.679375,139.7669375
0.0,3.57,35.679375,139.7670625
0.0,3.67,35.679375,139.7671875
0.0,3.8,35.679375,139.7674375
0.0,3.87,35.679375,139.7675625
0.0,3.36,35.679375,139.7683125
0.0,3.44,35.679375,139.7684375
0.0,3.63,35.679375,139.7688125
0.0,3.86,35.679375,139.7689375
0.0,3.99,35.679375,139.7698125
0.0,3.91,35.679375,139.7699375
0.0,3.81,35.679375,139.7710625
0.0,3.77,35.679375,139.7711875
0.0,3.81,35.679375,139.7713125
0.0,3.93,35.679375,139.7714375
0.0,3.19,35.679375,139.7735625
0.0,3.27,35.679375,139.7736875
0.0,3.24,35.679375,139.7738125
0.0,3.22,35.679375,139.7739375
0.0,3.17,35.679375,139.7745625
0.0,3.17,35.679375,139.7746875
3.509,-0.68,35.679375,139.7755625
4.407,-1.55,35.679375,139.7756875
0.0,2.67,35.67929167,139.7611875
0.0,2.72,35.67929167,139.7613125
0.0,2.94,35.67929167,139.7614375
0.0,3.08,35.67929167,139.7615625
0.0,3.07,35.67929167,139.7616875
0.0,3.01,35.67929167,139.7618125
0.0,2.94,35.67929167,139.7619375
0.0,2.94,35.67929167,139.7620625
0.0,2.9,35.67929167,139.7621875
0.0,2.92,35.67929167,139.7623125
0.0,3.05,35.67929167,139.7624375
0.0,2.94,35.67929167,139.7625625
0.0,3.02,35.67929167,139.7626875
0.0,2.98,35.67929167,139.7628125
0.0,2.96,35.67929167,139.7629375
0.0,2.99,35.67929167,139.7630625
0.0,3.0,35.67929167,139.7631875
0.0,2.96,35.67929167,139.7633125
0.0,2.9,35.67929167,139.7634375
0.0,2.81,35.67929167,139.7635625
0.315,2.6,35.67929167,139.7636875
0.17,2.74,35.67929167,139.7638125
0.185,2.73,35.67929167,139.7639375
0.0,2.99,35.67929167,139.7640625
0.0,3.1,35.67929167,139.7641875
0.0,3.1,35.67929167,139.7643125
0.0,3.14,35.67929167,139.7644375
0.0,3.1,35.67929167,139.7645625
0.0,3.14,35.67929167,139.7646875
0.0,3.11,35.67929167,139.7648125
0.0,3.05,35.67929167,139.7649375
0.0,3.05,35.67929167,139.7650625
0.0,3.05,35.67929167,139.7651875
0.0,3.1,35.67929167,139.7653125
0.0,3.11,35.67929167,139.7654375
0.158,2.96,35.67929167,139.7655625
0.0,3.12,35.67929167,139.7656875
0.0,3.11,35.67929167,139.7658125
0.0,3.11,35.67929167,139.7659375
0.0,3.13,35.67929167,139.7660625
0.0,3.18,35.67929167,139.7661875
0.0,3.2,35.67929167,139.7663125
0.0,3.2,35.67929167,139.7664375
0.0,3.15,35.67929167,139.7665625
0.0,3.21,35.67929167,139.7666875
0.0,3.25,35.67929167,139.7668125
0.0,3.32,35.67929167,139.7669375
0.0,3.5,35.67929167,139.7670625
0.0,3.64,35.67929167,139.7671875
0.0,3.71,35.67929167,139.7673125
0.0,3.78,35.67929167,139.7674375
0.0,3.84,35.67929167,139.7675625
0.0,3.66,35.67929167,139.7676875
0.0,3.49,35.67929167,139.7678125
0.0,3.3,35.67929167,139.7679375
0.0,3.28,35.67929167,139.7680625
0.0,3.24,35.67929167,139.7681875
0.0,3.38,35.67929167,139.7683125
0.0,3.31,35.67929167,139.7684375
0.0,3.36,35.67929167,139.7685625
0.0,3.48,35.67929167,139.7686875
0.0,3.53,35.67929167,139.7688125
0.0,3.75,35.67929167,139.7689375
0.0,4.08,35.67929167,139.7690625
0.0,4.2,35.67929167,139.7691875
0.0,4.23,35.67929167,139.7693125
0.0,4.33,35.67929167,139.7694375
0.0,4.31,35.67929167,139.7695625
0.0,3.93,35.67929167,139.7696875
0.0,3.96,35.67929167,139.7698125
0.0,3.94,35.67929167,139.7699375
0.0,3.76,35.67929167,139.7700625
0.0,3.83,35.67929167,139.7701875
0.0,3.87,35.67929167,139.7703125
0.0,3.91,35.67929167,139.7704375
0.0,3.89,35.67929167,139.7705625
0.0,3.89,35.67929167,139.7706875
0.0,3.96,35.67929167,139.7708125
0.0,3.92,35.67929167,139.7709375
0.0,3.95,35.67929167,139.7710625
0.0,3.89,35.67929167,139.7711875
0.0,3.77,35.67929167,139.7713125
0.0,3.77,35.67929167,139.7714375
0.0,3.91,35.67929167,139.7715625
0.0,3.92,35.67929167,139.7716875
0.0,3.87,35.67929167,139.7718125
0.0,3.58,35.67929167,139.7719375
0.0,3.46,35.67929167,139.7720625
0.0,3.49,35.67929167,139.7721875
0.0,3.42,35.67929167,139.7723125
0.0,3.51,35.67929167,139.7724375
0.0,3.55,35.67929167,139.7725625
0.0,3.52,35.67929167,139.7726875
0.0,3.49,35.67929167,139.7728125
0.0,3.48,35.67929167,139.7729375
0.0,3.52,35.67929167,139.7730625
0.0,3.33,35.67929167,139.7731875
0.0,3.09,35.67929167,139.7733125
0.0,3.03,35.67929167,139.7734375
0.0,3.26,35.67929167,139.7735625
0.0,3.25,35.67929167,139.7736875
0.0,3.23,35.67929167,139.7738125
0.0,3.2,35.67929167,139.7739375
0.0,3.0,35.67929167,139.7740625
0.0,1.06,35.67929167,139.7741875
0.0,1.06,35.67929167,139.7743125
0.0,3.04,35.67929167,139.7744375
0.0,3.23,35.67929167,139.7745625
0.0,3.23,35.67929167,139.7746875
0.0,3.2,35.67929167,139.7748125
0.0,3.0,35.67929167,139.7749375
0.0,3.0,35.67929167,139.7750625
0.0,2.97,35.67929167,139.7751875
0.0,3.12,35.67929167,139.7753125
0.0,2.84,35.67929167,139.7754375
4.476,-1.65,35.67929167,139.7755625
4.39,-1.53,35.67929167,139.7756875
4.391,-1.55,35.67929167,139.7758125
0.0,3.65,35.67929167,139.7759375
0.0,2.73,35.67920833,139.7611875
0.0,2.69,35.67920833,139.7613125
0.0,3.03,35.67920833,139.7614375
0.0,3.04,35.67920833,139.7615625
0.0,3.01,35.67920833,139.7616875
0.0,2.95,35.67920833,139.7618125
0.0,2.89,35.67920833,139.7619375
0.0,2.9,35.67920833,139.7620625
0.0,2.89,35.67920833,139.7621875
0.0,2.95,35.67920833,139.7623125
0.0,3.04,35.67920833,139.7624375
0.0,2.92,35.67920833,139.7625625
0.0,2.99,35.67920833,139.7626875
0.0,2.92,35.67920833,139.7628125
0.0,2.86,35.67920833,139.7629375
0.0,2.86,35.67920833,139.7630625
0.0,3.03,35.67920833,139.7631875
0.0,2.97,35.67920833,139.7633125
0.0,2.87,35.67920833,139.7634375
0.0,2.88,35.67920833,139.7635625
0.0,2.8,35.67920833,139.7636875
0.0,2.78,35.67920833,139.7638125
0.195,2.71,35.67920833,139.7639375
0.0,2.91,35.67920833,139.7640625
0.0,2.97,35.67920833,139.7641875
0.0,3.01,35.67920833,139.7643125
0.0,3.05,35.67920833,139.7644375
0.0,3.09,35.67920833,139.7645625
0.0,3.13,35.67920833,139.7646875
0.0,3.21,35.67920833,139.7648125
0.0,3.1,35.67920833,139.7649375
0.0,3.08,35.67920833,139.7650625
0.0,3.0,35.67920833,139.7651875
0.0,3.05,35.67920833,139.7653125
0.0,3.28,35.67920833,139.7654375
0.0,3.01,35.67920833,139.7655625
0.0,3.11,35.67920833,139.7656875
0.0,3.16,35.67920833,139.7658125
0.0,3.14,35.67920833,139.7659375
0.0,3.13,35.67920833,139.7660625
0.0,3.14,35.67920833,139.7661875
0.0,3.16,35.67920833,139.7663125
0.0,3.19,35.67920833,139.7664375
0.0,3.22,35.67920833,139.7665625
0.0,3.21,35.67920833,139.7666875
0.0,3.2,35.67920833,139.7668125
0.0,3.21,35.67920833,139.7669375
0.0,3.47,35.67920833,139.7670625
0.0,3.63,35.67920833,139.7671875
0.0,3.7,35.67920833,139.7673125
0.0,3.76,35.67920833,139.7674375
0.0,3.7,35.67920833,139.7675625
0.0,3.44,35.67920833,139.7676875
0.0,3.37,35.67920833,139.7678125
0.0,3.27,35.67920833,139.7679375
0.0,3.22,35.67920833,139.7680625
0.0,3.28,35.67920833,139.7681875
0.0,3.36,35.67920833,139.7683125
0.0,3.26,35.67920833,139.7684375
0.0,3.35,35.67920833,139.7685625
0.0,3.47,35.67920833,139.7686875
0.0,3.69,35.67920833,139.7688125
0.0,3.71,35.67920833,139.7689375
0.0,3.94,35.67920833,139.7690625
0.0,4.09,35.67920833,139.7691875
0.0,4.26,35.67920833,139.7693125
0.0,4.3,35.67920833,139.7694375
0.0,4.13,35.67920833,139.7695625
0.0,3.99,35.67920833,139.7696875
0.0,3.93,35.67920833,139.7698125
0.0,3.89,35.67920833,139.7699375
0.0,3.81,35.67920833,139.7700625
0.0,3.93,35.67920833,139.7701875
0.0,3.94,35.67920833,139.7703125
0.0,3.89,35.67920833,139.7704375
0.0,3.88,35.67920833,139.7705625
0.0,3.93,35.67920833,139.7706875
0.0,3.98,35.67920833,139.7708125
0.0,3.99,35.67920833,139.7709375
0.0,3.98,35.67920833,139.7710625
0.0,3.99,35.67920833,139.7711875
0.0,3.82,35.67920833,139.7713125
0.0,3.66,35.67920833,139.7714375
0.0,3.8,35.67920833,139.7715625
0.0,3.84,35.67920833,139.7716875
0.0,3.9,35.67920833,139.7718125
0.0,3.86,35.67920833,139.7719375
0.0,3.66,35.67920833,139.7720625
0.0,3.46,35.67920833,139.7721875
0.0,3.4,35.67920833,139.7723125
0.0,3.45,35.67920833,139.7724375
0.0,3.52,35.67920833,139.7725625
0.0,3.42,35.67920833,139.7726875
0.0,3.5,35.67920833,139.7728125
0.0,3.43,35.67920833,139.7729375
0.0,3.34,35.67920833,139.7730625
0.0,3.18,35.67920833,139.7731875
0.0,2.94,35.67920833,139.7733125
0.0,3.1,35.67920833,139.7734375
0.0,3.17,35.67920833,139.7735625
0.0,3.18,35.67920833,139.7736875
0.0,3.09,35.67920833,139.7738125
0.0,3.1,35.67920833,139.7739375
0.0,3.06,35.67920833,139.7740625
0.0,1.06,35.67920833,139.7741875
0.0,1.92,35.67920833,139.7743125
0.0,3.1,35.67920833,139.7744375
0.0,3.22,35.67920833,139.7745625
0.0,3.25,35.67920833,139.7746875
0.0,3.21,35.67920833,139.7748125
0.0,2.97,35.67920833,139.7749375
0.0,2.93,35.67920833,139.7750625
0.0,3.09,35.67920833,139.7751875
0.0,3.13,35.67920833,139.7753125
2.525,0.3,35.67920833,139.7754375
4.424,-1.59,35.67920833,139.7755625
4.436,-1.6,35.67920833,139.7756875
3.151,-0.33,35.67920833,139.7758125
0.0,2.98,35.67920833,139.7759375
0.0,2.74,35.679125,139.7611875
0.0,2.7,35.679125,139.7613125
0.0,3.03,35.679125,139.7614375
0.0,2.99,35.679125,139.7615625
0.0,2.95,35.679125,139.7616875
0.0,2.9,35.679125,139.7618125
0.0,2.86,35.679125,139.7619375
0.0,2.88,35.679125,139.7620625
0.0,2.86,35.679125,139.7621875
0.0,2.99,35.679125,139.7623125
0.0,3.0,35.679125,139.7624375
0.0,2.95,35.679125,139.7625625
0.0,2.97,35.679125,139.7626875
0.0,2.91,35.679125,139.7628125
0.0,2.88,35.679125,139.7629375
0.0,2.87,35.679125,139.7630625
0.0,2.98,35.679125,139.7631875
0.0,3.09,35.679125,139.7633125
0.0,2.96,35.679125,139.7634375
0.0,2.88,35.679125,139.7635625
0.0,2.79,35.679125,139.7636875
0.0,2.79,35.679125,139.7638125
0.0,2.75,35.679125,139.7639375
0.0,2.83,35.679125,139.7640625
0.0,2.87,35.679125,139.7641875
0.0,2.93,35.679125,139.7643125
0.0,2.96,35.679125,139.7644375
0.0,3.0,35.679125,139.7645625
0.0,3.08,35.679125,139.7646875
0.0,3.17,35.679125,139.7648125
0.0,3.16,35.679125,139.7649375
0.0,3.16,35.679125,139.7650625
0.0,3.13,35.679125,139.7651875
0.0,3.05,35.679125,139.7653125
0.0,3.01,35.679125,139.7654375
0.0,3.03,35.679125,139.7655625
0.0,3.01,35.679125,139.7656875
0.0,3.18,35.679125,139.7658125
0.0,3.17,35.679125,139.7659375
0.0,3.17,35.679125,139.7660625
0.0,3.15,35.679125,139.7661875
0.0,3.16,35.679125,139.7663125
0.0,3.17,35.679125,139.7664375
0.0,3.19,35.679125,139.7665625
0.0,3.21,35.679125,139.7666875
0.0,3.23,35.679125,139.7668125
0.0,3.24,35.679125,139.7669375
0.0,3.45,35.679125,139.7670625
0.0,3.61,35.679125,139.7671875
0.0,3.68,35.679125,139.7673125
0.0,3.7,35.679125,139.7674375
0.0,3.48,35.679125,139.7675625
0.0,3.33,35.679125,139.7676875
0.0,3.33,35.679125,139.7678125
0.0,3.2,35.679125,139.7679375
0.171,3.13,35.679125,139.7680625
0.0,3.32,35.679125,139.7681875
0.0,3.3,35.679125,139.7683125
0.0,3.18,35.679125,139.7684375
0.0,3.31,35.679125,139.7685625
0.0,3.42,35.679125,139.7686875
0.0,3.62,35.679125,139.7688125
0.0,3.93,35.679125,139.7689375
0.0,4.13,35.679125,139.7690625
0.0,4.1,35.679125,139.7691875
0.0,4.2,35.679125,139.7693125
0.0,4.22,35.679125,139.7694375
0.0,3.93,35.679125,139.7695625
0.0,3.88,35.679125,139.7696875
0.0,3.9,35.679125,139.7698125
0.0,3.67,35.679125,139.7699375
0.0,3.88,35.679125,139.7700625
0.0,3.96,35.679125,139.7701875
0.0,4.01,35.679125,139.7703125
0.0,4.03,35.679125,139.7704375
0.0,3.92,35.679125,139.7705625
0.0,3.91,35.679125,139.7706875
0.0,3.92,35.679125,139.7708125
0.0,3.96,35.679125,139.7709375
0.0,3.93,35.679125,139.7710625
0.0,3.83,35.679125,139.7711875
0.0,3.7,35.679125,139.7713125
0.0,3.6,35.679125,139.7714375
0.0,3.7,35.679125,139.7715625
0.0,3.64,35.679125,139.7716875
0.0,3.64,35.679125,139.7718125
0.0,3.78,35.679125,139.7719375
0.0,3.8,35.679125,139.7720625
0.0,3.67,35.679125,139.7721875
0.0,3.52,35.679125,139.7723125
0.0,3.39,35.679125,139.7724375
0.0,3.39,35.679125,139.7725625
0.0,3.36,35.679125,139.7726875
0.0,3.42,35.679125,139.7728125
0.0,3.41,35.679125,139.7729375
0.0,3.34,35.679125,139.7730625
0.0,3.08,35.679125,139.7731875
0.0,2.93,35.679125,139.7733125
0.0,3.13,35.679125,139.7734375
0.0,3.15,35.679125,139.7735625
0.0,3.11,35.679125,139.7736875
0.0,3.07,35.679125,139.7738125
0.0,3.04,35.679125,139.7739375
0.0,3.16,35.679125,139.7740625
0.0,1.12,35.679125,139.7741875
0.0,2.9,35.679125,139.7743125
0.0,3.15,35.679125,139.7744375
0.0,3.16,35.679125,139.7745625
0.0,3.21,35.679125,139.7746875
0.0,3.14,35.679125,139.7748125
0.0,2.95,35.679125,139.7749375
0.0,2.91,35.679125,139.7750625
0.0,3.02,35.679125,139.7751875
0.0,2.82,35.679125,139.7753125
4.391,-1.56,35.679125,139.7754375
4.377,-1.52,35.679125,139.7755625
4.468,-1.63,35.679125,139.7756875
0.427,2.39,35.679125,139.7758125
0.0,2.67,35.679125,139.7759375
0.0,2.64,35.67904167,139.7610625
0.0,2.72,35.67904167,139.7611875
0.0,2.85,35.67904167,139.7613125
0.0,3.0,35.67904167,139.7614375
0.0,2.93,35.67904167,139.7615625
0.0,2.89,35.67904167,139.7616875
0.0,2.83,35.67904167,139.7618125
0.0,2.83,35.67904167,139.7619375
0.0,2.86,35.67904167,139.7620625
0.0,2.86,35.67904167,139.7621875
0.0,3.02,35.67904167,139.7623125
0.0,2.99,35.67904167,139.7624375
0.0,2.97,35.67904167,139.7625625
0.0,3.0,35.67904167,139.7626875
0.0,2.95,35.67904167,139.7628125
0.0,2.91,35.67904167,139.7629375
0.0,2.9,35.67904167,139.7630625
0.0,3.01,35.67904167,139.7631875
0.0,3.12,35.67904167,139.7633125
0.0,3.06,35.67904167,139.7634375
0.0,2.95,35.67904167,139.7635625
0.0,2.76,35.67904167,139.7636875
0.167,2.72,35.67904167,139.7638125
0.0,2.75,35.67904167,139.7639375
0.0,2.78,35.67904167,139.7640625
0.0,2.81,35.67904167,139.7641875
0.0,2.85,35.67904167,139.7643125
0.0,2.88,35.67904167,139.7644375
0.0,2.92,35.67904167,139.7645625
0.0,2.99,35.67904167,139.7646875
0.0,3.11,35.67904167,139.7648125
0.0,3.16,35.67904167,139.7649375
0.0,3.15,35.67904167,139.7650625
0.0,3.1,35.67904167,139.7651875
0.0,3.04,35.67904167,139.7653125
0.0,3.02,35.67904167,139.7654375
0.0,3.09,35.67904167,139.7655625
0.0,3.02,35.67904167,139.7656875
0.0,3.2,35.67904167,139.7658125
0.0,3.2,35.67904167,139.7659375
0.0,3.2,35.67904167,139.7660625
0.0,3.18,35.67904167,139.7661875
0.0,3.17,35.67904167,139.7663125
0.0,3.18,35.67904167,139.7664375
0.0,3.19,35.67904167,139.7665625
0.0,3.2,35.67904167,139.7666875
0.0,3.21,35.67904167,139.7668125
0.0,3.23,35.67904167,139.7669375
0.0,3.44,35.67904167,139.7670625
0.0,3.58,35.67904167,139.7671875
0.0,3.64,35.67904167,139.7673125
0.0,3.51,35.67904167,139.7674375
0.0,3.32,35.67904167,139.7675625
0.0,3.34,35.67904167,139.7676875
0.0,3.3,35.67904167,139.7678125
0.0,3.14,35.67904167,139.7679375
0.0,3.18,35.67904167,139.7680625
0.0,3.34,35.67904167,139.7681875
0.0,3.2,35.67904167,139.7683125
0.0,3.36,35.67904167,139.7684375
0.0,3.36,35.67904167,139.7685625
0.0,3.3,35.67904167,139.7686875
0.0,3.41,35.67904167,139.7688125
0.0,3.84,35.67904167,139.7689375
0.0,4.08,35.67904167,139.7690625
0.0,4.09,35.67904167,139.7691875
0.0,4.09,35.67904167,139.7693125
0.0,3.98,35.67904167,139.7694375
0.0,3.83,35.67904167,139.7695625
0.0,3.81,35.67904167,139.7696875
0.0,3.8,35.67904167,139.7698125
0.0,3.64,35.67904167,139.7699375
0.0,3.91,35.67904167,139.7700625
0.0,3.98,35.67904167,139.7701875
0.0,4.02,35.67904167,139.7703125
0.0,4.02,35.67904167,139.7704375
0.0,3.95,35.67904167,139.7705625
0.0,3.94,35.67904167,139.7706875
0.0,3.94,35.67904167,139.7708125
0.0,3.86,35.67904167,139.7709375
0.0,3.91,35.67904167,139.7710625
0.0,3.8,35.67904167,139.7711875
0.0,3.7,35.67904167,139.7713125
0.0,3.57,35.67904167,139.7714375
0.0,3.58,35.67904167,139.7715625
0.0,3.57,35.67904167,139.7716875
0.0,3.65,35.67904167,139.7718125
0.0,3.57,35.67904167,139.7719375
0.0,3.61,35.67904167,139.7720625
0.0,3.69,35.67904167,139.7721875
0.0,3.69,35.67904167,139.7723125
0.0,3.6,35.67904167,139.7724375
0.0,3.33,35.67904167,139.7725625
0.0,3.26,35.67904167,139.7726875
0.0,3.3,35.67904167,139.7728125
0.0,3.34,35.67904167,139.7729375
0.0,3.33,35.67904167,139.7730625
0.0,3.03,35.67904167,139.7731875
0.0,3.06,35.67904167,139.7733125
0.0,3.23,35.67904167,139.7734375
0.0,3.24,35.67904167,139.7735625
0.0,3.19,35.67904167,139.7736875
0.0,3.08,35.67904167,139.7738125
0.0,2.96,35.67904167,139.7739375
0.0,3.4,35.67904167,139.7740625
0.0,3.15,35.67904167,139.7741875
0.0,2.99,35.67904167,139.7743125
0.0,3.15,35.67904167,139.7744375
0.0,3.1,35.67904167,139.7745625
0.0,3.08,35.67904167,139.7746875
0.0,3.0,35.67904167,139.7748125
0.0,2.9,35.67904167,139.7749375
0.0,2.89,35.67904167,139.7750625
0.0,3.08,35.67904167,139.7751875
1.425,1.39,35.67904167,139.7753125
4.47,-1.64,35.67904167,139.7754375
4.427,-1.59,35.67904167,139.7755625
4.096,-1.26,35.67904167,139.7756875
0.0,2.51,35.67904167,139.7758125
0.279,2.53,35.67904167,139.7759375
0.0,2.64,35.67895833,139.7610625
0.0,2.69,35.67895833,139.7611875
0.0,2.88,35.67895833,139.7613125
0.0,2.96,35.67895833,139.7614375
0.0,2.89,35.67895833,139.7615625
0.0,2.83,35.67895833,139.7616875
0.0,2.78,35.67895833,139.7618125
0.0,2.8,35.67895833,139.7619375
0.0,2.83,35.67895833,139.7620625
0.0,2.87,35.67895833,139.7621875
0.0,3.06,35.67895833,139.7623125
0.0,2.92,35.67895833,139.7624375
0.0,2.99,35.67895833,139.7625625
0.0,3.03,35.67895833,139.7626875
0.0,2.98,35.67895833,139.7628125
0.0,2.94,35.67895833,139.7629375
0.0,2.94,35.67895833,139.7630625
0.0,3.03,35.67895833,139.7631875
0.0,3.11,35.67895833,139.7633125
0.0,3.04,35.67895833,139.7634375
0.0,2.92,35.67895833,139.7635625
0.0,2.74,35.67895833,139.7636875
0.229,2.65,35.67895833,139.7638125
0.0,2.78,35.67895833,139.7639375
0.0,2.82,35.67895833,139.7640625
0.0,2.86,35.67895833,139.7641875
0.0,2.89,35.67895833,139.7643125
0.0,2.93,35.67895833,139.7644375
0.0,2.95,35.67895833,139.7645625
0.0,3.0,35.67895833,139.7646875
0.0,3.08,35.67895833,139.7648125
0.0,3.12,35.67895833,139.7649375
0.0,3.13,35.67895833,139.7650625
0.0,3.11,35.67895833,139.7651875
0.0,3.07,35.67895833,139.7653125
0.0,2.99,35.67895833,139.7654375
0.0,3.07,35.67895833,139.7655625
0.0,3.06,35.67895833,139.7656875
0.0,3.25,35.67895833,139.7658125
0.0,3.25,35.67895833,139.7659375
0.0,3.22,35.67895833,139.7660625
0.0,3.22,35.67895833,139.7661875
0.0,3.21,35.67895833,139.7663125
0.0,3.19,35.67895833,139.7664375
0.0,3.21,35.67895833,139.7665625
0.0,3.21,35.67895833,139.7666875
0.0,3.22,35.67895833,139.7668125
0.0,3.23,35.67895833,139.7669375
0.0,3.42,35.67895833,139.7670625
0.0,3.56,35.67895833,139.7671875
0.0,3.54,35.67895833,139.7673125
0.0,3.34,35.67895833,139.7674375
0.0,3.41,35.67895833,139.7675625
0.0,3.41,35.67895833,139.7676875
0.0,3.26,35.67895833,139.7678125
0.188,3.11,35.67895833,139.7679375
0.0,3.24,35.67895833,139.7680625
0.0,3.26,35.67895833,139.7681875
0.0,3.19,35.67895833,139.7683125
0.0,3.4,35.67895833,139.7684375
0.0,3.41,35.67895833,139.7685625
0.0,3.41,35.67895833,139.7686875
0.0,3.48,35.67895833,139.7688125
0.0,3.43,35.67895833,139.7689375
0.0,3.69,35.67895833,139.7690625
0.0,4.06,35.67895833,139.7691875
0.0,3.96,35.67895833,139.7693125
0.0,3.74,35.67895833,139.7694375
0.0,3.81,35.67895833,139.7695625
0.0,3.77,35.67895833,139.7696875
0.0,3.69,35.67895833,139.7698125
0.0,3.6,35.67895833,139.7699375
0.0,3.76,35.67895833,139.7700625
0.0,3.99,35.67895833,139.7701875
0.0,3.99,35.67895833,139.7703125
0.0,4.0,35.67895833,139.7704375
0.0,3.97,35.67895833,139.7705625
0.0,3.99,35.67895833,139.7706875
0.0,3.94,35.67895833,139.7708125
0.0,3.91,35.67895833,139.7709375
0.0,3.89,35.67895833,139.7710625
0.0,3.81,35.67895833,139.7711875
0.0,3.66,35.67895833,139.7713125
0.0,3.56,35.67895833,139.7714375
0.0,3.57,35.67895833,139.7715625
0.0,3.65,35.67895833,139.7716875
0.0,3.65,35.67895833,139.7718125
0.0,3.63,35.67895833,139.7719375
0.0,3.48,35.67895833,139.7720625
0.0,3.47,35.67895833,139.7721875
0.0,3.59,35.67895833,139.7723125
0.0,3.67,35.67895833,139.7724375
0.0,3.58,35.67895833,139.7725625
0.0,3.38,35.67895833,139.7726875
0.0,3.2,35.67895833,139.7728125
0.0,3.19,35.67895833,139.7729375
0.0,3.25,35.67895833,139.7730625
0.0,2.94,35.67895833,139.7731875
0.0,3.16,35.67895833,139.7733125
0.0,3.32,35.67895833,139.7734375
0.0,3.29,35.67895833,139.7735625
0.0,3.28,35.67895833,139.7736875
0.0,3.1,35.67895833,139.7738125
0.0,3.16,35.67895833,139.7739375
0.0,3.51,35.67895833,139.7740625
0.0,3.0,35.67895833,139.7741875
0.0,3.21,35.67895833,139.7743125
0.0,3.12,35.67895833,139.7744375
0.0,3.03,35.67895833,139.7745625
0.0,2.96,35.67895833,139.7746875
0.0,2.88,35.67895833,139.7748125
0.0,2.8,35.67895833,139.7749375
0.0,2.77,35.67895833,139.7750625
0.0,2.92,35.67895833,139.7751875
3.641,-0.81,35.67895833,139.7753125
4.436,-1.59,35.67895833,139.7754375
4.455,-1.63,35.67895833,139.7755625
1.552,1.26,35.67895833,139.7756875
0.443,2.38,35.67895833,139.7758125
0.324,2.49,35.67895833,139.7759375
0.0,2.65,35.678875,139.7610625
0.0,2.65,35.678875,139.7611875
0.0,2.95,35.678875,139.7613125
0.0,2.89,35.678875,139.7614375
0.0,2.84,35.678875,139.7615625
0.0,2.78,35.678875,139.7616875
0.0,2.75,35.678875,139.7618125
0.0,2.78,35.678875,139.7619375
0.0,2.85,35.678875,139.7620625
0.0,2.9,35.678875,139.7621875
0.0,3.04,35.678875,139.7623125
0.0,2.92,35.678875,139.7624375
0.0,3.04,35.678875,139.7625625
0.0,3.08,35.678875,139.7626875
0.0,3.01,35.678875,139.7628125
0.0,2.98,35.678875,139.7629375
0.0,2.96,35.678875,139.7630625
0.0,3.05,35.678875,139.7631875
0.0,3.08,35.678875,139.7633125
0.0,2.99,35.678875,139.7634375
0.0,2.89,35.678875,139.7635625
0.0,2.74,35.678875,139.7636875
0.227,2.65,35.678875,139.7638125
0.0,2.83,35.678875,139.7639375
0.0,2.88,35.678875,139.7640625
0.0,2.93,35.678875,139.7641875
0.0,2.99,35.678875,139.7643125
0.0,3.03,35.678875,139.7644375
0.0,3.06,35.678875,139.7645625
0.0,3.06,35.678875,139.7646875
0.0,3.01,35.678875,139.7648125
0.0,3.02,35.678875,139.7649375
0.0,3.04,35.678875,139.7650625
0.0,3.05,35.678875,139.7651875
0.0,3.06,35.678875,139.7653125
0.132,2.96,35.678875,139.7654375
0.0,2.99,35.678875,139.7655625
0.0,3.12,35.678875,139.7656875
0.0,3.28,35.678875,139.7658125
0.0,3.32,35.678875,139.7659375
0.0,3.28,35.678875,139.7660625
0.0,3.25,35.678875,139.7661875
0.0,3.23,35.678875,139.7663125
0.0,3.23,35.678875,139.7664375
0.0,3.22,35.678875,139.7665625
0.0,3.23,35.678875,139.7666875
0.0,3.24,35.678875,139.7668125
0.0,3.25,35.678875,139.7669375
0.0,3.41,35.678875,139.7670625
0.0,3.54,35.678875,139.7671875
0.0,3.34,35.678875,139.7673125
0.0,3.27,35.678875,139.7674375
0.0,3.27,35.678875,139.7675625
0.0,3.26,35.678875,139.7676875
0.0,3.25,35.678875,139.7678125
0.179,3.12,35.678875,139.7679375
0.0,3.28,35.678875,139.7680625
0.0,3.21,35.678875,139.7681875
0.0,3.14,35.678875,139.7683125
0.0,3.37,35.678875,139.7684375
0.0,3.44,35.678875,139.7685625
0.0,3.56,35.678875,139.7686875
0.0,3.64,35.678875,139.7688125
0.0,3.6,35.678875,139.7689375
0.0,3.6,35.678875,139.7690625
0.0,3.65,35.678875,139.7691875
0.0,3.62,35.678875,139.7693125
0.0,3.64,35.678875,139.7694375
0.0,3.76,35.678875,139.7695625
0.0,3.74,35.678875,139.7696875
0.0,3.58,35.678875,139.7698125
0.0,3.74,35.678875,139.7699375
0.0,3.69,35.678875,139.7700625
0.0,3.85,35.678875,139.7701875
0.0,3.95,35.678875,139.7703125
0.0,3.98,35.678875,139.7704375
0.0,3.98,35.678875,139.7705625
0.0,3.96,35.678875,139.7706875
0.0,3.92,35.678875,139.7708125
0.0,3.87,35.678875,139.7709375
0.0,3.88,35.678875,139.7710625
0.0,3.68,35.678875,139.7711875
0.0,3.59,35.678875,139.7713125
0.0,3.55,35.678875,139.7714375
0.0,3.61,35.678875,139.7715625
0.0,3.62,35.678875,139.7716875
0.0,3.64,35.678875,139.7718125
0.0,3.61,35.678875,139.7719375
0.0,3.6,35.678875,139.7720625
0.0,3.49,35.678875,139.7721875
0.0,3.36,35.678875,139.7723125
0.0,3.38,35.678875,139.7724375
0.0,3.57,35.678875,139.7725625
0.0,3.52,35.678875,139.7726875
0.0,3.4,35.678875,139.7728125
0.0,3.23,35.678875,139.7729375
0.0,3.1,35.678875,139.7730625
0.0,2.98,35.678875,139.7731875
0.0,3.22,35.678875,139.7733125
0.0,3.35,35.678875,139.7734375
0.0,3.34,35.678875,139.7735625
0.0,3.24,35.678875,139.7736875
0.0,2.99,35.678875,139.7738125
0.0,3.36,35.678875,139.7739375
0.0,3.29,35.678875,139.7740625
0.0,2.94,35.678875,139.7741875
0.0,3.25,35.678875,139.7743125
0.0,3.17,35.678875,139.7744375
0.0,3.12,35.678875,139.7745625
0.0,2.9,35.678875,139.7746875
0.0,2.86,35.678875,139.7748125
0.0,2.79,35.678875,139.7749375
0.0,2.8,35.678875,139.7750625
0.0,2.5,35.678875,139.7751875
4.5,-1.66,35.678875,139.7753125
4.408,-1.55,35.678875,139.7754375
3.902,-1.07,35.678875,139.7755625
0.555,2.27,35.678875,139.7756875
0.513,2.31,35.678875,139.7758125
0.433,2.4,35.678875,139.7759375
0.0,2.73,35.67879167,139.7610625
0.0,2.64,35.67879167,139.7611875
0.0,3.02,35.67879167,139.7613125
0.0,2.92,35.67879167,139.7614375
0.0,2.79,35.67879167,139.7615625
0.0,2.72,35.67879167,139.7616875
0.0,2.75,35.67879167,139.7618125
0.0,2.84,35.67879167,139.7619375
0.0,2.88,35.67879167,139.7620625
0.0,2.93,35.67879167,139.7621875
0.0,3.0,35.67879167,139.7623125
0.0,2.92,35.67879167,139.7624375
0.0,3.09,35.67879167,139.7625625
0.0,3.14,35.67879167,139.7626875
0.0,3.07,35.67879167,139.7628125
0.0,3.01,35.67879167,139.7629375
0.0,3.0,35.67879167,139.7630625
0.0,3.05,35.67879167,139.7631875
0.0,3.04,35.67879167,139.7633125
0.0,2.93,35.67879167,139.7634375
0.0,2.83,35.67879167,139.7635625
0.0,2.74,35.67879167,139.7636875
0.2,2.67,35.67879167,139.7638125
0.0,2.83,35.67879167,139.7639375
0.0,2.89,35.67879167,139.7640625
0.0,2.95,35.67879167,139.7641875
0.0,3.02,35.67879167,139.7643125
0.0,3.09,35.67879167,139.7644375
0.0,3.14,35.67879167,139.7645625
0.0,3.02,35.67879167,139.7646875
0.0,2.99,35.67879167,139.7648125
0.0,2.97,35.67879167,139.7649375
0.0,3.04,35.67879167,139.7650625
0.0,3.08,35.67879167,139.7651875
0.0,3.06,35.67879167,139.7653125
0.115,2.97,35.67879167,139.7654375
0.156,2.93,35.67879167,139.7655625
0.0,3.16,35.67879167,139.7656875
0.0,3.33,35.67879167,139.7658125
0.0,3.37,35.67879167,139.7659375
0.0,3.35,35.67879167,139.7660625
0.0,3.31,35.67879167,139.7661875
0.0,3.28,35.67879167,139.7663125
0.0,3.26,35.67879167,139.7664375
0.0,3.24,35.67879167,139.7665625
0.0,3.24,35.67879167,139.7666875
0.0,3.25,35.67879167,139.7668125
0.0,3.26,35.67879167,139.7669375
0.0,3.4,35.67879167,139.7670625
0.0,3.38,35.67879167,139.7671875
0.0,3.26,35.67879167,139.7673125
0.0,3.18,35.67879167,139.7674375
0.0,3.25,35.67879167,139.7675625
0.0,3.24,35.67879167,139.7676875
0.0,3.22,35.67879167,139.7678125
0.0,3.16,35.67879167,139.7679375
0.0,3.22,35.67879167,139.7680625
0.196,3.1,35.67879167,139.7681875
0.24,3.06,35.67879167,139.7683125
0.0,3.26,35.67879167,139.7684375
0.0,3.47,35.67879167,139.7685625
0.0,3.63,35.67879167,139.7686875
0.0,3.64,35.67879167,139.7688125
0.0,3.66,35.67879167,139.7689375
0.0,3.73,35.67879167,139.7690625
0.0,3.66,35.67879167,139.7691875
0.0,3.66,35.67879167,139.7693125
0.0,3.66,35.67879167,139.7694375
0.0,3.7,35.67879167,139.7695625
0.0,3.68,35.67879167,139.7696875
0.0,3.67,35.67879167,139.7698125
0.0,3.93,35.67879167,139.7699375
0.0,3.84,35.67879167,139.7700625
0.0,3.76,35.67879167,139.7701875
0.0,3.85,35.67879167,139.7703125
0.0,3.9,35.67879167,139.7704375
0.0,3.92,35.67879167,139.7705625
0.0,3.88,35.67879167,139.7706875
0.0,3.87,35.67879167,139.7708125
0.0,3.86,35.67879167,139.7709375
0.0,3.83,35.67879167,139.7710625
0.0,3.74,35.67879167,139.7711875
0.0,3.56,35.67879167,139.7713125
0.0,3.53,35.67879167,139.7714375
0.0,3.63,35.67879167,139.7715625
0.0,3.6,35.67879167,139.7716875
0.0,3.66,35.67879167,139.7718125
0.0,3.58,35.67879167,139.7719375
0.0,3.64,35.67879167,139.7720625
0.0,3.56,35.67879167,139.7721875
0.0,3.47,35.67879167,139.7723125
0.0,3.31,35.67879167,139.7724375
0.0,3.31,35.67879167,139.7725625
0.0,3.41,35.67879167,139.7726875
0.0,3.46,35.67879167,139.7728125
0.0,3.45,35.67879167,139.7729375
0.0,3.29,35.67879167,139.7730625
0.0,3.12,35.67879167,139.7731875
0.0,3.12,35.67879167,139.7733125
0.0,3.28,35.67879167,139.7734375
0.0,3.33,35.67879167,139.7735625
0.0,3.18,35.67879167,139.7736875
0.0,3.09,35.67879167,139.7738125
0.0,3.53,35.67879167,139.7739375
0.0,3.16,35.67879167,139.7740625
0.0,3.18,35.67879167,139.7741875
0.0,3.23,35.67879167,139.7743125
0.0,3.18,35.67879167,139.7744375
0.0,3.12,35.67879167,139.7745625
0.0,2.94,35.67879167,139.7746875
0.0,2.82,35.67879167,139.7748125
0.0,2.85,35.67879167,139.7749375
0.0,2.88,35.67879167,139.7750625
1.757,1.06,35.67879167,139.7751875
4.574,-1.75,35.67879167,139.7753125
4.206,-1.37,35.67879167,139.7754375
1.657,1.16,35.67879167,139.7755625
0.642,2.19,35.67879167,139.7756875
0.549,2.28,35.67879167,139.7758125
0.423,2.45,35.67879167,139.7759375
0.0,2.63,35.67870833,139.7609375
0.0,2.66,35.67870833,139.7610625
0.0,2.71,35.67870833,139.7611875
0.0,3.05,35.67870833,139.7613125
0.0,3.0,35.67870833,139.7614375
0.0,2.87,35.67870833,139.7615625
0.0,2.69,35.67870833,139.7616875
0.0,2.72,35.67870833,139.7618125
0.0,2.7,35.67870833,139.7619375
0.0,2.8,35.67870833,139.7620625
0.0,2.96,35.67870833,139.7621875
0.0,3.0,35.67870833,139.7623125
0.0,2.93,35.67870833,139.7624375
0.0,3.04,35.67870833,139.7625625
0.0,3.15,35.67870833,139.7626875
0.0,3.13,35.67870833,139.7628125
0.0,3.06,35.67870833,139.7629375
0.0,3.03,35.67870833,139.7630625
0.0,3.03,35.67870833,139.7631875
0.0,2.97,35.67870833,139.7633125
0.0,2.88,35.67870833,139.7634375
0.0,2.72,35.67870833,139.7635625
0.2,2.66,35.67870833,139.7636875
0.0,2.78,35.67870833,139.7638125
0.0,2.85,35.67870833,139.7639375
0.0,2.91,35.67870833,139.7640625
0.0,2.96,35.67870833,139.7641875
0.0,3.01,35.67870833,139.7643125
0.0,3.08,35.67870833,139.7644375
0.0,3.13,35.67870833,139.7645625
0.0,3.02,35.67870833,139.7646875
0.0,3.0,35.67870833,139.7648125
0.0,2.99,35.67870833,139.7649375
0.0,3.04,35.67870833,139.7650625
0.0,3.07,35.67870833,139.7651875
0.0,3.06,35.67870833,139.7653125
0.0,3.03,35.67870833,139.7654375
0.13,2.96,35.67870833,139.7655625
0.0,3.25,35.67870833,139.7656875
0.0,3.3,35.67870833,139.7658125
0.0,3.41,35.67870833,139.7659375
0.0,3.42,35.67870833,139.7660625
0.0,3.39,35.67870833,139.7661875
0.0,3.35,35.67870833,139.7663125
0.0,3.31,35.67870833,139.7664375
0.0,3.28,35.67870833,139.7665625
0.0,3.27,35.67870833,139.7666875
0.0,3.27,35.67870833,139.7668125
0.0,3.28,35.67870833,139.7669375
0.0,3.35,35.67870833,139.7670625
0.0,3.27,35.67870833,139.7671875
0.0,3.2,35.67870833,139.7673125
0.191,3.11,35.67870833,139.7674375
0.199,3.1,35.67870833,139.7675625
0.0,3.23,35.67870833,139.7676875
0.0,3.13,35.67870833,139.7678125
0.0,3.18,35.67870833,139.7679375
0.0,3.12,35.67870833,139.7680625
0.0,3.19,35.67870833,139.7681875
0.0,3.3,35.67870833,139.7683125
0.0,3.22,35.67870833,139.7684375
0.0,3.37,35.67870833,139.7685625
0.0,3.55,35.67870833,139.7686875
0.0,3.65,35.67870833,139.7688125
0.0,3.64,35.67870833,139.7689375
0.0,3.82,35.67870833,139.7690625
0.0,3.72,35.67870833,139.7691875
0.0,3.73,35.67870833,139.7693125
0.0,3.88,35.67870833,139.7694375
0.0,3.71,35.67870833,139.7695625
0.0,3.61,35.67870833,139.7696875
0.0,3.73,35.67870833,139.7698125
0.0,3.88,35.67870833,139.7699375
0.0,3.99,35.67870833,139.7700625
0.0,3.89,35.67870833,139.7701875
0.0,3.95,35.67870833,139.7703125
0.0,3.9,35.67870833,139.7704375
0.0,3.9,35.67870833,139.7705625
0.0,3.86,35.67870833,139.7706875
0.0,3.84,35.67870833,139.7708125
0.0,3.8,35.67870833,139.7709375
0.0,3.74,35.67870833,139.7710625
0.0,3.64,35.67870833,139.7711875
0.0,3.57,35.67870833,139.7713125
0.0,3.66,35.67870833,139.7714375
0.0,3.66,35.67870833,139.7715625
0.0,3.57,35.67870833,139.7716875
0.0,3.58,35.67870833,139.7718125
0.0,3.51,35.67870833,139.7719375
0.0,3.52,35.67870833,139.7720625
0.0,3.44,35.67870833,139.7721875
0.0,3.51,35.67870833,139.7723125
0.0,3.57,35.67870833,139.7724375
0.0,3.43,35.67870833,139.7725625
0.0,3.27,35.67870833,139.7726875
0.0,3.23,35.67870833,139.7728125
0.0,3.39,35.67870833,139.7729375
0.0,3.45,35.67870833,139.7730625
0.0,3.43,35.67870833,139.7731875
0.0,3.22,35.67870833,139.7733125
0.0,3.13,35.67870833,139.7734375
0.0,3.1,35.67870833,139.7735625
0.0,3.07,35.67870833,139.7736875
0.0,3.28,35.67870833,139.7738125
0.0,3.43,35.67870833,139.7739375
0.0,3.09,35.67870833,139.7740625
0.0,3.27,35.67870833,139.7741875
0.0,3.2,35.67870833,139.7743125
0.0,3.14,35.67870833,139.7744375
0.0,3.09,35.67870833,139.7745625
0.0,2.98,35.67870833,139.7746875
0.0,2.83,35.67870833,139.7748125
0.0,2.99,35.67870833,139.7749375
0.0,2.96,35.67870833,139.7750625
3.721,-0.89,35.67870833,139.7751875
4.537,-1.69,35.67870833,139.7753125
3.996,-1.17,35.67870833,139.7754375
0.867,1.95,35.67870833,139.7755625
0.596,2.26,35.67870833,139.7756875
0.675,2.19,35.67870833,139.7758125
0.534,2.39,35.67870833,139.7759375
0.0,2.7,35.678625,139.7609375
0.0,2.68,35.678625,139.7610625
0.0,2.7,35.678625,139.7611875
0.0,2.97,35.678625,139.7613125
0.0,3.02,35.678625,139.7614375
0.0,2.98,35.678625,139.7615625
0.0,2.92,35.678625,139.7616875
0.0,2.95,35.678625,139.7618125
0.0,2.82,35.678625,139.7619375
0.0,2.75,35.678625,139.7620625
0.0,3.06,35.678625,139.7621875
0.0,2.94,35.678625,139.7623125
0.0,2.93,35.678625,139.7624375
0.0,3.0,35.678625,139.7625625
0.0,2.99,35.678625,139.7626875
0.0,3.05,35.678625,139.7628125
0.0,3.06,35.678625,139.7629375
0.0,3.11,35.678625,139.7630625
0.0,3.13,35.678625,139.7631875
0.0,2.98,35.678625,139.7633125
0.0,2.85,35.678625,139.7634375
0.163,2.69,35.678625,139.7635625
0.226,2.63,35.678625,139.7636875
0.0,2.83,35.678625,139.7638125
0.0,2.88,35.678625,139.7639375
0.0,2.93,35.678625,139.7640625
0.0,2.98,35.678625,139.7641875
0.0,3.04,35.678625,139.7643125
0.0,3.09,35.678625,139.7644375
0.0,3.06,35.678625,139.7645625
0.0,3.03,35.678625,139.7646875
0.0,3.02,35.678625,139.7648125
0.0,3.0,35.678625,139.7649375
0.0,3.06,35.678625,139.7650625
0.0,3.09,35.678625,139.7651875
0.0,3.01,35.678625,139.7653125
0.0,3.02,35.678625,139.7654375
0.0,3.03,35.678625,139.7655625
0.0,3.2,35.678625,139.7656875
0.0,3.33,35.678625,139.7658125
0.0,3.4,35.678625,139.7659375
0.0,3.47,35.678625,139.7660625
0.0,3.45,35.678625,139.7661875
0.0,3.42,35.678625,139.7663125
0.0,3.38,35.678625,139.7664375
0.0,3.34,35.678625,139.7665625
0.0,3.3,35.678625,139.7666875
0.0,3.28,35.678625,139.7668125
0.0,3.29,35.678625,139.7669375
0.0,3.27,35.678625,139.7670625
0.0,3.21,35.678625,139.7671875
0.0,3.34,35.678625,139.7673125
0.0,3.15,35.678625,139.7674375
0.0,3.17,35.678625,139.7675625
0.0,3.2,35.678625,139.7676875
0.186,3.11,35.678625,139.7678125
0.0,3.2,35.678625,139.7679375
0.239,3.06,35.678625,139.7680625
0.0,3.28,35.678625,139.7681875
0.0,3.43,35.678625,139.7683125
0.0,3.38,35.678625,139.7684375
0.0,3.49,35.678625,139.7685625
0.0,3.49,35.678625,139.7686875
0.0,3.57,35.678625,139.7688125
0.0,3.68,35.678625,139.7689375
0.0,3.79,35.678625,139.7690625
0.0,3.66,35.678625,139.7691875
0.0,3.69,35.678625,139.7693125
0.0,3.99,35.678625,139.7694375
0.0,3.83,35.678625,139.7695625
0.0,3.7,35.678625,139.7696875
0.0,3.69,35.678625,139.7698125
0.0,3.69,35.678625,139.7699375
0.0,3.84,35.678625,139.7700625
0.0,3.97,35.678625,139.7701875
0.0,3.89,35.678625,139.7703125
0.0,3.98,35.678625,139.7704375
0.0,3.94,35.678625,139.7705625
0.0,3.81,35.678625,139.7706875
0.0,3.85,35.678625,139.7708125
0.0,3.79,35.678625,139.7709375
0.0,3.74,35.678625,139.7710625
0.0,3.59,35.678625,139.7711875
0.0,3.58,35.678625,139.7713125
0.0,3.79,35.678625,139.7714375
0.0,3.69,35.678625,139.7715625
0.0,3.57,35.678625,139.7716875
0.0,3.52,35.678625,139.7718125
0.0,3.46,35.678625,139.7719375
0.0,3.43,35.678625,139.7720625
0.0,3.43,35.678625,139.7721875
0.0,3.57,35.678625,139.7723125
0.0,3.62,35.678625,139.7724375
0.0,3.47,35.678625,139.7725625
0.0,3.38,35.678625,139.7726875
0.0,3.19,35.678625,139.7728125
0.0,3.17,35.678625,139.7729375
0.0,3.29,35.678625,139.7730625
0.0,3.54,35.678625,139.7731875
0.0,3.54,35.678625,139.7733125
0.0,3.32,35.678625,139.7734375
0.0,3.18,35.678625,139.7735625
0.0,3.26,35.678625,139.7736875
0.0,3.44,35.678625,139.7738125
0.0,3.29,35.678625,139.7739375
0.0,3.17,35.678625,139.7740625
0.0,3.35,35.678625,139.7741875
0.0,3.21,35.678625,139.7743125
0.0,3.1,35.678625,139.7744375
0.0,3.05,35.678625,139.7745625
0.0,2.94,35.678625,139.7746875
0.0,2.89,35.678625,139.7748125
0.0,3.2,35.678625,139.7749375
0.0,3.21,35.678625,139.7750625
4.273,-1.43,35.678625,139.7751875
4.541,-1.68,35.678625,139.7753125
1.77,1.05,35.678625,139.7754375
0.533,2.31,35.678625,139.7755625
0.563,2.29,35.678625,139.7756875
0.625,2.28,35.678625,139.7758125
0.696,2.25,35.678625,139.7759375
0.0,2.68,35.67854167,139.7609375
0.0,2.69,35.67854167,139.7610625
0.0,2.72,35.67854167,139.7611875
0.0,2.67,35.67854167,139.7613125
0.0,2.68,35.67854167,139.7614375
0.0,2.82,35.67854167,139.7615625
0.0,2.96,35.67854167,139.7616875
0.0,3.01,35.67854167,139.7618125
0.0,2.96,35.67854167,139.7619375
0.0,3.0,35.67854167,139.7620625
0.0,3.08,35.67854167,139.7621875
0.0,2.86,35.67854167,139.7623125
0.0,2.95,35.67854167,139.7624375
0.0,3.14,35.67854167,139.7625625
0.0,2.98,35.67854167,139.7626875
0.0,2.99,35.67854167,139.7628125
0.0,3.16,35.67854167,139.7629375
0.0,3.43,35.67854167,139.7630625
0.0,3.46,35.67854167,139.7631875
0.0,3.14,35.67854167,139.7633125
0.0,2.87,35.67854167,139.7634375
0.186,2.66,35.67854167,139.7635625
0.2,2.65,35.67854167,139.7636875
0.0,2.91,35.67854167,139.7638125
0.0,2.93,35.67854167,139.7639375
0.0,2.96,35.67854167,139.7640625
0.0,3.01,35.67854167,139.7641875
0.0,3.05,35.67854167,139.7643125
0.0,3.04,35.67854167,139.7644375
0.0,2.98,35.67854167,139.7645625
0.0,3.01,35.67854167,139.7646875
0.0,3.04,35.67854167,139.7648125
0.0,3.02,35.67854167,139.7649375
0.0,3.07,35.67854167,139.7650625
0.0,3.08,35.67854167,139.7651875
0.129,2.92,35.67854167,139.7653125
0.0,3.02,35.67854167,139.7654375
0.0,3.06,35.67854167,139.7655625
0.0,3.27,35.67854167,139.7656875
0.0,3.34,35.67854167,139.7658125
0.0,3.4,35.67854167,139.7659375
0.0,3.5,35.67854167,139.7660625
0.0,3.53,35.67854167,139.7661875
0.0,3.5,35.67854167,139.7663125
0.0,3.45,35.67854167,139.7664375
0.0,3.42,35.67854167,139.7665625
0.0,3.38,35.67854167,139.7666875
0.0,3.34,35.67854167,139.7668125
0.0,3.37,35.67854167,139.7669375
0.0,3.16,35.67854167,139.7670625
0.0,3.42,35.67854167,139.7671875
0.0,3.37,35.67854167,139.7673125
0.0,3.14,35.67854167,139.7674375
0.0,3.22,35.67854167,139.7675625
0.0,3.15,35.67854167,139.7676875
0.0,3.16,35.67854167,139.7678125
0.0,3.14,35.67854167,139.7679375
0.265,3.04,35.67854167,139.7680625
0.0,3.3,35.67854167,139.7681875
0.0,3.37,35.67854167,139.7683125
0.0,3.47,35.67854167,139.7684375
0.0,3.58,35.67854167,139.7685625
0.0,3.6,35.67854167,139.7686875
0.0,3.59,35.67854167,139.7688125
0.0,3.66,35.67854167,139.7689375
0.0,3.7,35.67854167,139.7690625
0.0,3.69,35.67854167,139.7691875
0.0,3.81,35.67854167,139.7693125
0.0,3.87,35.67854167,139.7694375
0.0,3.76,35.67854167,139.7695625
0.0,3.83,35.67854167,139.7696875
0.0,3.81,35.67854167,139.7698125
0.0,3.75,35.67854167,139.7699375
0.0,3.66,35.67854167,139.7700625
0.0,3.82,35.67854167,139.7701875
0.0,3.89,35.67854167,139.7703125
0.0,3.98,35.67854167,139.7704375
0.0,3.97,35.67854167,139.7705625
0.0,3.91,35.67854167,139.7706875
0.0,3.87,35.67854167,139.7708125
0.0,3.78,35.67854167,139.7709375
0.0,3.66,35.67854167,139.7710625
0.0,3.61,35.67854167,139.7711875
0.0,3.66,35.67854167,139.7713125
0.0,3.84,35.67854167,139.7714375
0.0,3.76,35.67854167,139.7715625
0.0,3.63,35.67854167,139.7716875
0.0,3.55,35.67854167,139.7718125
0.0,3.52,35.67854167,139.7719375
0.0,3.37,35.67854167,139.7720625
0.0,3.38,35.67854167,139.7721875
0.0,3.49,35.67854167,139.7723125
0.0,3.44,35.67854167,139.7724375
0.0,3.36,35.67854167,139.7725625
0.0,3.49,35.67854167,139.7726875
0.0,3.25,35.67854167,139.7728125
0.0,3.09,35.67854167,139.7729375
0.0,3.11,35.67854167,139.7730625
0.0,3.17,35.67854167,139.7731875
0.0,3.38,35.67854167,139.7733125
0.0,3.42,35.67854167,139.7734375
0.0,3.39,35.67854167,139.7735625
0.0,3.43,35.67854167,139.7736875
0.0,3.5,35.67854167,139.7738125
0.0,3.24,35.67854167,139.7739375
0.0,3.26,35.67854167,139.7740625
0.0,3.49,35.67854167,139.7741875
0.0,3.36,35.67854167,139.7743125
0.0,3.21,35.67854167,139.7744375
0.0,3.04,35.67854167,139.7745625
0.0,2.95,35.67854167,139.7746875
0.0,3.14,35.67854167,139.7748125
0.0,3.5,35.67854167,139.7749375
0.0,3.67,35.67854167,139.7750625
4.774,-1.93,35.67854167,139.7751875
4.171,-1.33,35.67854167,139.7753125
0.557,2.27,35.67854167,139.7754375
0.525,2.33,35.67854167,139.7755625
0.509,2.36,35.67854167,139.7756875
0.576,2.34,35.67854167,139.7758125
0.601,2.36,35.67854167,139.7759375
0.0,2.66,35.67845833,139.7609375
0.0,2.68,35.67845833,139.7610625
0.0,2.71,35.67845833,139.7611875
0.0,2.75,35.67845833,139.7613125
0.0,2.72,35.67845833,139.7614375
0.0,2.66,35.67845833,139.7615625
0.0,2.66,35.67845833,139.7616875
0.0,2.74,35.67845833,139.7618125
0.0,2.73,35.67845833,139.7619375
0.0,2.9,35.67845833,139.7620625
0.0,2.99,35.67845833,139.7621875
0.0,2.76,35.67845833,139.7623125
0.0,2.96,35.67845833,139.7624375
0.0,3.11,35.67845833,139.7625625
0.0,2.95,35.67845833,139.7626875
0.0,2.97,35.67845833,139.7628125
0.0,2.95,35.67845833,139.7629375
0.0,3.13,35.67845833,139.7630625
0.0,3.11,35.67845833,139.7631875
0.0,3.05,35.67845833,139.7633125
0.0,2.81,35.67845833,139.7634375
0.182,2.61,35.67845833,139.7635625
0.148,2.75,35.67845833,139.7636875
0.0,3.01,35.67845833,139.7638125
0.0,3.01,35.67845833,139.7639375
0.0,2.98,35.67845833,139.7640625
0.0,3.01,35.67845833,139.7641875
0.0,3.0,35.67845833,139.7643125
0.0,3.01,35.67845833,139.7644375
0.0,2.98,35.67845833,139.7645625
0.0,2.99,35.67845833,139.7646875
0.0,3.01,35.67845833,139.7648125
0.0,3.03,35.67845833,139.7649375
0.0,3.06,35.67845833,139.7650625
0.0,3.03,35.67845833,139.7651875
0.108,3.02,35.67845833,139.7653125
0.0,2.94,35.67845833,139.7654375
0.0,3.12,35.67845833,139.7655625
0.0,3.23,35.67845833,139.7656875
0.0,3.35,35.67845833,139.7658125
0.0,3.45,35.67845833,139.7659375
0.0,3.52,35.67845833,139.7660625
0.0,3.58,35.67845833,139.7661875
0.0,3.55,35.67845833,139.7663125
0.0,3.52,35.67845833,139.7664375
0.0,3.48,35.67845833,139.7665625
0.0,3.45,35.67845833,139.7666875
0.0,3.42,35.67845833,139.7668125
0.0,3.27,35.67845833,139.7669375
0.0,3.2,35.67845833,139.7670625
0.0,3.23,35.67845833,139.7671875
0.0,3.28,35.67845833,139.7673125
0.214,3.09,35.67845833,139.7674375
0.0,3.22,35.67845833,139.7675625
0.19,3.11,35.67845833,139.7676875
0.0,3.23,35.67845833,139.7678125
0.191,3.11,35.67845833,139.7679375
0.0,3.19,35.67845833,139.7680625
0.0,3.34,35.67845833,139.7681875
0.0,3.43,35.67845833,139.7683125
0.0,3.52,35.67845833,139.7684375
0.0,3.52,35.67845833,139.7685625
0.0,3.64,35.67845833,139.7686875
0.0,3.72,35.67845833,139.7688125
0.0,3.77,35.67845833,139.7689375
0.0,3.73,35.67845833,139.7690625
0.0,3.73,35.67845833,139.7691875
0.0,3.83,35.67845833,139.7693125
0.0,3.84,35.67845833,139.7694375
0.0,3.71,35.67845833,139.7695625
0.0,3.86,35.67845833,139.7696875
0.0,3.87,35.67845833,139.7698125
0.0,3.99,35.67845833,139.7699375
0.0,3.85,35.67845833,139.7700625
0.0,3.59,35.67845833,139.7701875
0.0,3.74,35.67845833,139.7703125
0.0,3.84,35.67845833,139.7704375
0.0,3.91,35.67845833,139.7705625
0.0,3.92,35.67845833,139.7706875
0.0,3.9,35.67845833,139.7708125
0.0,3.84,35.67845833,139.7709375
0.0,3.64,35.67845833,139.7710625
0.0,3.57,35.67845833,139.7711875
0.0,3.81,35.67845833,139.7713125
0.0,3.83,35.67845833,139.7714375
0.0,3.77,35.67845833,139.7715625
0.0,3.69,35.67845833,139.7716875
0.0,3.55,35.67845833,139.7718125
0.0,3.58,35.67845833,139.7719375
0.0,3.52,35.67845833,139.7720625
0.0,3.3,35.67845833,139.7721875
0.0,3.3,35.67845833,139.7723125
0.0,3.29,35.67845833,139.7724375
0.0,3.35,35.67845833,139.7725625
0.0,3.55,35.67845833,139.7726875
0.0,3.06,35.67845833,139.7728125
0.0,3.09,35.67845833,139.7729375
0.0,3.22,35.67845833,139.7730625
0.0,3.19,35.67845833,139.7731875
0.0,3.14,35.67845833,139.7733125
0.0,3.25,35.67845833,139.7734375
0.0,3.38,35.67845833,139.7735625
0.0,3.51,35.67845833,139.7736875
0.0,3.5,35.67845833,139.7738125
0.0,3.28,35.67845833,139.7739375
0.0,3.27,35.67845833,139.7740625
0.0,3.56,35.67845833,139.7741875
0.0,3.49,35.67845833,139.7743125
0.0,3.33,35.67845833,139.7744375
0.0,3.09,35.67845833,139.7745625
0.0,2.99,35.67845833,139.7746875
0.0,3.35,35.67845833,139.7748125
0.0,3.79,35.67845833,139.7749375
1.986,0.84,35.67845833,139.7750625
4.693,-1.85,35.67845833,139.7751875
1.246,1.58,35.67845833,139.7753125
0.289,2.55,35.67845833,139.7754375
0.444,2.42,35.67845833,139.7755625
0.481,2.4,35.67845833,139.7756875
0.522,2.41,35.67845833,139.7758125
0.569,2.4,35.67845833,139.7759375
0.0,2.61,35.678375,139.7609375
0.0,2.61,35.678375,139.7610625
0.0,2.63,35.678375,139.7611875
0.0,2.63,35.678375,139.7613125
0.0,2.74,35.678375,139.7614375
0.0,2.83,35.678375,139.7615625
0.0,2.86,35.678375,139.7616875
0.0,2.82,35.678375,139.7618125
0.0,2.72,35.678375,139.7619375
0.0,2.67,35.678375,139.7620625
0.0,2.63,35.678375,139.7621875
0.0,2.65,35.678375,139.7623125
0.0,2.83,35.678375,139.7624375
0.0,2.96,35.678375,139.7625625
0.0,2.85,35.678375,139.7626875
0.0,2.88,35.678375,139.7628125
0.0,2.89,35.678375,139.7629375
0.0,2.9,35.678375,139.7630625
0.0,2.95,35.678375,139.7631875
0.0,2.9,35.678375,139.7633125
0.0,2.74,35.678375,139.7634375
0.223,2.61,35.678375,139.7635625
0.0,2.75,35.678375,139.7636875
0.0,3.05,35.678375,139.7638125
0.0,3.05,35.678375,139.7639375
0.0,2.99,35.678375,139.7640625
0.0,2.98,35.678375,139.7641875
0.0,3.02,35.678375,139.7643125
0.0,3.06,35.678375,139.7644375
0.0,3.02,35.678375,139.7645625
0.0,3.0,35.678375,139.7646875
0.0,3.02,35.678375,139.7648125
0.0,3.04,35.678375,139.7649375
0.0,3.1,35.678375,139.7650625
0.0,2.97,35.678375,139.7651875
0.0,3.02,35.678375,139.7653125
0.11,2.93,35.678375,139.7654375
0.0,3.17,35.678375,139.7655625
0.0,3.27,35.678375,139.7656875
0.0,3.36,35.678375,139.7658125
0.0,3.43,35.678375,139.7659375
0.0,3.52,35.678375,139.7660625
0.0,3.61,35.678375,139.7661875
0.0,3.55,35.678375,139.7663125
0.0,3.49,35.678375,139.7664375
0.0,3.47,35.678375,139.7665625
0.0,3.45,35.678375,139.7666875
0.0,3.19,35.678375,139.7668125
0.0,3.26,35.678375,139.7669375
0.0,3.22,35.678375,139.7670625
0.0,3.17,35.678375,139.7671875
0.0,3.15,35.678375,139.7673125
0.0,3.21,35.678375,139.7674375
0.0,3.15,35.678375,139.7675625
0.0,3.19,35.678375,139.7676875
0.0,3.18,35.678375,139.7678125
0.234,3.11,35.678375,139.7679375
0.188,3.19,35.678375,139.7680625
0.0,3.32,35.678375,139.7681875
0.0,3.5,35.678375,139.7683125
0.0,3.51,35.678375,139.7684375
0.0,3.59,35.678375,139.7685625
0.0,3.71,35.678375,139.7686875
0.0,3.77,35.678375,139.7688125
0.0,3.77,35.678375,139.7689375
0.0,3.89,35.678375,139.7690625
0.0,3.79,35.678375,139.7691875
0.0,3.75,35.678375,139.7693125
0.0,3.71,35.678375,139.7694375
0.0,3.75,35.678375,139.7695625
0.0,3.85,35.678375,139.7696875
0.0,3.88,35.678375,139.7698125
0.0,4.08,35.678375,139.7699375
0.0,4.05,35.678375,139.7700625
0.0,3.89,35.678375,139.7701875
0.0,3.72,35.678375,139.7703125
0.0,3.69,35.678375,139.7704375
0.0,3.84,35.678375,139.7705625
0.0,3.9,35.678375,139.7706875
0.0,3.87,35.678375,139.7708125
0.0,3.76,35.678375,139.7709375
0.0,3.58,35.678375,139.7710625
0.0,3.63,35.678375,139.7711875
0.0,3.88,35.678375,139.7713125
0.0,3.85,35.678375,139.7714375
0.0,3.79,35.678375,139.7715625
0.0,3.63,35.678375,139.7716875
0.0,3.58,35.678375,139.7718125
0.0,3.57,35.678375,139.7719375
0.0,3.58,35.678375,139.7720625
0.0,3.41,35.678375,139.7721875
0.0,3.35,35.678375,139.7723125
0.0,3.2,35.678375,139.7724375
0.0,3.19,35.678375,139.7725625
0.0,3.26,35.678375,139.7726875
0.0,3.08,35.678375,139.7728125
0.0,3.13,35.678375,139.7729375
0.0,3.16,35.678375,139.7730625
0.0,3.24,35.678375,139.7731875
0.0,3.17,35.678375,139.7733125
0.0,3.04,35.678375,139.7734375
0.0,3.3,35.678375,139.7735625
0.0,3.48,35.678375,139.7736875
0.0,3.46,35.678375,139.7738125
0.0,3.34,35.678375,139.7739375
0.0,3.27,35.678375,139.7740625
0.0,3.32,35.678375,139.7741875
0.0,3.48,35.678375,139.7743125
0.0,3.44,35.678375,139.7744375
0.0,3.21,35.678375,139.7745625
0.0,3.22,35.678375,139.7746875
0.0,3.68,35.678375,139.7748125
0.0,3.5,35.678375,139.7749375
4.819,-1.93,35.678375,139.7750625
4.782,0.51,35.678375,139.7751875
0.0,3.19,35.678375,139.7753125
0.243,2.86,35.678375,139.7754375
0.327,2.79,35.678375,139.7755625
0.413,2.64,35.678375,139.7756875
0.54,2.58,35.678375,139.7758125
0.514,2.48,35.678375,139.7759375
0.0,2.58,35.67829167,139.7608125
0.0,2.59,35.67829167,139.7609375
0.0,2.65,35.67829167,139.7610625
0.0,2.86,35.67829167,139.7611875
0.0,2.77,35.67829167,139.7613125
0.0,2.7,35.67829167,139.7614375
0.0,2.72,35.67829167,139.7615625
0.0,2.75,35.67829167,139.7616875
0.0,2.81,35.67829167,139.7618125
0.0,2.87,35.67829167,139.7619375
0.0,2.81,35.67829167,139.7620625
0.0,2.74,35.67829167,139.7621875
0.0,2.71,35.67829167,139.7623125
0.0,2.65,35.67829167,139.7624375
0.0,2.68,35.67829167,139.7625625
0.0,2.8,35.67829167,139.7626875
0.0,2.82,35.67829167,139.7628125
0.0,2.81,35.67829167,139.7629375
0.0,2.9,35.67829167,139.7630625
0.0,2.89,35.67829167,139.7631875
0.0,2.84,35.67829167,139.7633125
0.0,2.72,35.67829167,139.7634375
0.229,2.6,35.67829167,139.7635625
0.0,2.85,35.67829167,139.7636875
0.0,3.09,35.67829167,139.7638125
0.0,3.06,35.67829167,139.7639375
0.0,3.03,35.67829167,139.7640625
0.0,2.94,35.67829167,139.7641875
0.0,3.02,35.67829167,139.7643125
0.0,3.05,35.67829167,139.7644375
0.0,3.06,35.67829167,139.7645625
0.0,3.02,35.67829167,139.7646875
0.0,3.02,35.67829167,139.7648125
0.0,3.02,35.67829167,139.7649375
0.0,3.08,35.67829167,139.7650625
0.0,2.95,35.67829167,139.7651875
0.0,3.02,35.67829167,139.7653125
0.121,2.92,35.67829167,139.7654375
0.0,3.12,35.67829167,139.7655625
0.0,3.29,35.67829167,139.7656875
0.0,3.41,35.67829167,139.7658125
0.0,3.49,35.67829167,139.7659375
0.0,3.55,35.67829167,139.7660625
0.0,3.74,35.67829167,139.7661875
0.0,3.7,35.67829167,139.7663125
0.0,3.53,35.67829167,139.7664375
0.0,3.5,35.67829167,139.7665625
0.0,3.52,35.67829167,139.7666875
0.0,3.71,35.67829167,139.7668125
0.0,3.54,35.67829167,139.7669375
0.0,3.29,35.67829167,139.7670625
0.0,3.19,35.67829167,139.7671875
0.0,3.19,35.67829167,139.7673125
0.0,3.19,35.67829167,139.7674375
0.187,3.11,35.67829167,139.7675625
0.0,3.25,35.67829167,139.7676875
0.0,3.18,35.67829167,139.7678125
0.0,3.14,35.67829167,139.7679375
0.0,3.23,35.67829167,139.7680625
0.0,3.28,35.67829167,139.7681875
0.0,3.47,35.67829167,139.7683125
0.0,3.5,35.67829167,139.7684375
0.0,3.66,35.67829167,139.7685625
0.0,3.74,35.67829167,139.7686875
0.0,3.83,35.67829167,139.7688125
0.0,3.88,35.67829167,139.7689375
0.0,3.85,35.67829167,139.7690625
0.0,3.89,35.67829167,139.7691875
0.0,3.87,35.67829167,139.7693125
0.0,3.69,35.67829167,139.7694375
0.0,3.66,35.67829167,139.7695625
0.0,3.76,35.67829167,139.7696875
0.0,3.92,35.67829167,139.7698125
0.0,4.07,35.67829167,139.7699375
0.0,4.17,35.67829167,139.7700625
0.0,4.32,35.67829167,139.7701875
0.0,3.99,35.67829167,139.7703125
0.0,3.91,35.67829167,139.7704375
0.0,3.94,35.67829167,139.7705625
0.0,3.84,35.67829167,139.7706875
0.0,3.84,35.67829167,139.7708125
0.0,3.69,35.67829167,139.7709375
0.0,3.64,35.67829167,139.7710625
0.0,3.76,35.67829167,139.7711875
0.0,3.85,35.67829167,139.7713125
0.0,3.85,35.67829167,139.7714375
0.0,3.83,35.67829167,139.7715625
0.0,3.65,35.67829167,139.7716875
0.0,3.57,35.67829167,139.7718125
0.0,3.62,35.67829167,139.7719375
0.0,3.61,35.67829167,139.7720625
0.0,3.45,35.67829167,139.7721875
0.0,3.39,35.67829167,139.7723125
0.0,3.25,35.67829167,139.7724375
0.0,3.15,35.67829167,139.7725625
0.0,3.05,35.67829167,139.7726875
0.0,3.1,35.67829167,139.7728125
0.0,3.09,35.67829167,139.7729375
0.0,3.11,35.67829167,139.7730625
0.0,3.12,35.67829167,139.7731875
0.0,3.06,35.67829167,139.7733125
0.0,2.95,35.67829167,139.7734375
0.0,3.27,35.67829167,139.7735625
0.0,3.43,35.67829167,139.7736875
0.0,3.24,35.67829167,139.7738125
0.0,3.25,35.67829167,139.7739375
0.0,3.4,35.67829167,139.7740625
0.0,3.42,35.67829167,139.7741875
0.0,3.45,35.67829167,139.7743125
0.0,3.53,35.67829167,139.7744375
0.0,3.53,35.67829167,139.7745625
0.0,3.68,35.67829167,139.7746875
0.0,3.92,35.67829167,139.7748125
0.0,2.83,35.67829167,139.7749375
4.755,-1.93,35.67829167,139.7750625
2.314,0.51,35.67829167,139.7751875
0.0,3.36,35.67829167,139.7753125
0.005,2.86,35.67829167,139.7754375
0.0,2.79,35.67829167,139.7755625
0.313,2.64,35.67829167,139.7756875
0.384,2.58,35.67829167,139.7758125
0.507,2.48,35.67829167,139.7759375
0.0,2.62,35.67820833,139.7608125
0.0,2.57,35.67820833,139.7609375
0.0,2.73,35.67820833,139.7610625
0.0,2.87,35.67820833,139.7611875
0.0,2.92,35.67820833,139.7613125
0.0,2.93,35.67820833,139.7614375
0.0,2.86,35.67820833,139.7615625
0.0,2.75,35.67820833,139.7616875
0.0,2.77,35.67820833,139.7618125
0.0,2.72,35.67820833,139.7619375
0.0,2.69,35.67820833,139.7620625
0.0,2.71,35.67820833,139.7621875
0.0,2.73,35.67820833,139.7623125
0.0,2.81,35.67820833,139.7624375
0.0,2.78,35.67820833,139.7625625
0.0,2.81,35.67820833,139.7626875
0.0,2.78,35.67820833,139.7628125
0.0,2.73,35.67820833,139.7629375
0.0,2.71,35.67820833,139.7630625
0.0,2.78,35.67820833,139.7631875
0.0,2.77,35.67820833,139.7633125
0.181,2.65,35.67820833,139.7634375
0.243,2.59,35.67820833,139.7635625
0.0,2.89,35.67820833,139.7636875
0.0,3.26,35.67820833,139.7638125
0.0,3.26,35.67820833,139.7639375
0.0,3.13,35.67820833,139.7640625
0.0,2.84,35.67820833,139.7641875
0.0,2.97,35.67820833,139.7643125
0.0,3.01,35.67820833,139.7644375
0.0,3.02,35.67820833,139.7645625
0.0,3.03,35.67820833,139.7646875
0.0,3.03,35.67820833,139.7648125
0.0,3.04,35.67820833,139.7649375
0.0,3.07,35.67820833,139.7650625
0.152,2.86,35.67820833,139.7651875
0.0,2.96,35.67820833,139.7653125
0.0,2.97,35.67820833,139.7654375
0.0,3.1,35.67820833,139.7655625
0.0,3.23,35.67820833,139.7656875
0.0,3.37,35.67820833,139.7658125
0.0,3.52,35.67820833,139.7659375
0.0,3.6,35.67820833,139.7660625
0.0,4.18,35.67820833,139.7661875
0.0,3.65,35.67820833,139.7663125
0.0,3.61,35.67820833,139.7664375
0.0,3.53,35.67820833,139.7665625
0.0,3.6,35.67820833,139.7666875
0.0,3.69,35.67820833,139.7668125
0.0,3.65,35.67820833,139.7669375
0.0,3.36,35.67820833,139.7670625
0.0,3.13,35.67820833,139.7671875
0.192,3.11,35.67820833,139.7673125
0.189,3.11,35.67820833,139.7674375
0.0,3.14,35.67820833,139.7675625
0.0,3.27,35.67820833,139.7676875
0.179,3.12,35.67820833,139.7678125
0.0,3.26,35.67820833,139.7679375
0.0,3.26,35.67820833,139.7680625
0.0,3.45,35.67820833,139.7681875
0.0,3.55,35.67820833,139.7683125
0.0,3.54,35.67820833,139.7684375
0.0,3.68,35.67820833,139.7685625
0.0,3.78,35.67820833,139.7686875
0.0,3.8,35.67820833,139.7688125
0.0,3.88,35.67820833,139.7689375
0.0,3.87,35.67820833,139.7690625
0.0,3.8,35.67820833,139.7691875
0.0,3.75,35.67820833,139.7693125
0.0,3.77,35.67820833,139.7694375
0.0,3.87,35.67820833,139.7695625
0.0,3.75,35.67820833,139.7696875
0.0,3.79,35.67820833,139.7698125
0.0,3.87,35.67820833,139.7699375
0.0,4.07,35.67820833,139.7700625
0.0,4.14,35.67820833,139.7701875
0.0,4.05,35.67820833,139.7703125
0.0,3.9,35.67820833,139.7704375
0.0,3.93,35.67820833,139.7705625
0.0,3.89,35.67820833,139.7706875
0.0,3.76,35.67820833,139.7708125
0.0,3.64,35.67820833,139.7709375
0.0,3.65,35.67820833,139.7710625
0.0,3.82,35.67820833,139.7711875
0.0,3.8,35.67820833,139.7713125
0.0,3.77,35.67820833,139.7714375
0.0,3.76,35.67820833,139.7715625
0.0,3.59,35.67820833,139.7716875
0.0,3.47,35.67820833,139.7718125
0.0,3.65,35.67820833,139.7719375
0.0,3.72,35.67820833,139.7720625
0.0,3.67,35.67820833,139.7721875
0.0,3.54,35.67820833,139.7723125
0.0,3.4,35.67820833,139.7724375
0.0,3.21,35.67820833,139.7725625
0.0,3.15,35.67820833,139.7726875
0.0,3.15,35.67820833,139.7728125
0.0,3.05,35.67820833,139.7729375
0.0,3.05,35.67820833,139.7730625
0.0,2.98,35.67820833,139.7731875
0.0,2.91,35.67820833,139.7733125
0.0,2.65,35.67820833,139.7734375
0.0,2.64,35.67820833,139.7735625
0.0,3.26,35.67820833,139.7736875
0.0,3.06,35.67820833,139.7738125
0.0,3.21,35.67820833,139.7739375
0.0,3.29,35.67820833,139.7740625
0.0,3.48,35.67820833,139.7741875
0.0,3.66,35.67820833,139.7743125
0.0,3.85,35.67820833,139.7744375
0.0,4.05,35.67820833,139.7745625
0.0,4.36,35.67820833,139.7746875
1.324,1.54,35.67820833,139.7748125
3.919,-1.08,35.67820833,139.7749375
4.12,-1.27,35.67820833,139.7750625
0.0,3.7,35.67820833,139.7751875
0.0,3.31,35.67820833,139.7753125
0.0,3.08,35.67820833,139.7754375
0.067,2.91,35.67820833,139.7755625
0.0,2.84,35.67820833,139.7756875
0.418,2.58,35.67820833,139.7758125
0.46,2.54,35.67820833,139.7759375
0.0,2.6,35.678125,139.7608125
0.0,2.59,35.678125,139.7609375
0.0,2.81,35.678125,139.7610625
0.0,2.89,35.678125,139.7611875
0.0,2.91,35.678125,139.7613125
0.0,2.93,35.678125,139.7614375
0.0,2.88,35.678125,139.7615625
0.0,2.9,35.678125,139.7616875
0.0,3.07,35.678125,139.7618125
0.0,3.02,35.678125,139.7619375
0.0,2.85,35.678125,139.7620625
0.0,2.73,35.678125,139.7621875
0.0,2.65,35.678125,139.7623125
0.0,2.7,35.678125,139.7624375
0.0,2.74,35.678125,139.7625625
0.0,2.85,35.678125,139.7626875
0.0,2.9,35.678125,139.7628125
0.0,2.8,35.678125,139.7629375
0.0,2.73,35.678125,139.7630625
0.141,2.69,35.678125,139.7631875
0.207,2.62,35.678125,139.7633125
0.0,2.7,35.678125,139.7634375
0.231,2.6,35.678125,139.7635625
0.0,2.75,35.678125,139.7636875
0.0,3.02,35.678125,139.7638125
0.0,3.13,35.678125,139.7639375
0.0,3.13,35.678125,139.7640625
0.0,2.82,35.678125,139.7641875
0.0,2.86,35.678125,139.7643125
0.0,2.88,35.678125,139.7644375
0.0,3.01,35.678125,139.7645625
0.0,3.08,35.678125,139.7646875
0.0,3.05,35.678125,139.7648125
0.0,3.06,35.678125,139.7649375
0.0,3.06,35.678125,139.7650625
0.0,2.9,35.678125,139.7651875
0.0,2.99,35.678125,139.7653125
0.0,3.04,35.678125,139.7654375
0.0,3.15,35.678125,139.7655625
0.0,3.25,35.678125,139.7656875
0.0,3.35,35.678125,139.7658125
0.0,3.46,35.678125,139.7659375
0.0,3.93,35.678125,139.7660625
0.0,3.91,35.678125,139.7661875
0.0,3.57,35.678125,139.7663125
0.0,3.51,35.678125,139.7664375
0.0,3.64,35.678125,139.7665625
0.0,3.91,35.678125,139.7666875
0.0,3.26,35.678125,139.7668125
0.0,3.4,35.678125,139.7669375
0.0,3.41,35.678125,139.7670625
0.0,3.16,35.678125,139.7671875
0.0,3.37,35.678125,139.7673125
0.0,3.13,35.678125,139.7674375
0.0,3.32,35.678125,139.7675625
0.0,3.23,35.678125,139.7676875
0.0,3.15,35.678125,139.7678125
0.0,3.27,35.678125,139.7679375
0.0,3.37,35.678125,139.7680625
0.0,3.56,35.678125,139.7681875
0.0,3.64,35.678125,139.7683125
0.0,3.73,35.678125,139.7684375
0.0,3.69,35.678125,139.7685625
0.0,3.74,35.678125,139.7686875
0.0,3.78,35.678125,139.7688125
0.0,3.85,35.678125,139.7689375
0.0,3.9,35.678125,139.7690625
0.0,3.83,35.678125,139.7691875
0.0,3.67,35.678125,139.7693125
0.0,3.88,35.678125,139.7694375
0.0,4.1,35.678125,139.7695625
0.0,3.9,35.678125,139.7696875
0.0,3.82,35.678125,139.7698125
0.0,3.81,35.678125,139.7699375
0.0,3.86,35.678125,139.7700625
0.0,3.98,35.678125,139.7701875
0.0,4.05,35.678125,139.7703125
0.0,3.84,35.678125,139.7704375
0.0,3.85,35.678125,139.7705625
0.0,3.92,35.678125,139.7706875
0.0,3.8,35.678125,139.7708125
0.0,3.73,35.678125,139.7709375
0.0,3.68,35.678125,139.7710625
0.0,3.77,35.678125,139.7711875
0.0,3.8,35.678125,139.7713125
0.0,3.71,35.678125,139.7714375
0.0,3.6,35.678125,139.7715625
0.0,3.66,35.678125,139.7716875
0.0,3.52,35.678125,139.7718125
0.0,3.66,35.678125,139.7719375
0.0,3.68,35.678125,139.7720625
0.0,3.69,35.678125,139.7721875
0.0,3.66,35.678125,139.7723125
0.0,3.47,35.678125,139.7724375
0.0,3.25,35.678125,139.7725625
0.0,3.23,35.678125,139.7726875
0.0,3.23,35.678125,139.7728125
0.0,3.13,35.678125,139.7729375
0.0,2.99,35.678125,139.7730625
0.0,2.93,35.678125,139.7731875
0.0,2.91,35.678125,139.7733125
0.0,1.59,35.678125,139.7734375
0.0,1.08,35.678125,139.7735625
0.0,2.93,35.678125,139.7736875
0.0,3.09,35.678125,139.7738125
0.0,3.25,35.678125,139.7739375
0.0,3.41,35.678125,139.7740625
0.0,3.41,35.678125,139.7741875
0.0,3.66,35.678125,139.7743125
0.0,4.06,35.678125,139.7744375
0.0,4.4,35.678125,139.7745625
0.0,4.73,35.678125,139.7746875
1.933,1.2,35.678125,139.7748125
4.875,-2.06,35.678125,139.7749375
2.46,0.35,35.678125,139.7750625
0.0,3.95,35.678125,139.7751875
0.0,3.46,35.678125,139.7753125
0.0,3.31,35.678125,139.7754375
0.046,2.96,35.678125,139.7755625
0.0,2.89,35.678125,139.7756875
0.316,2.69,35.678125,139.7758125
0.464,2.54,35.678125,139.7759375
0.0,2.6,35.67804167,139.7608125
0.0,2.59,35.67804167,139.7609375
0.0,2.83,35.67804167,139.7610625
0.0,2.9,35.67804167,139.7611875
0.0,2.88,35.67804167,139.7613125
0.0,2.92,35.67804167,139.7614375
0.0,2.91,35.67804167,139.7615625
0.0,3.0,35.67804167,139.7616875
0.0,3.07,35.67804167,139.7618125
0.0,3.07,35.67804167,139.7619375
0.0,3.0,35.67804167,139.7620625
0.0,2.88,35.67804167,139.7621875
0.0,2.96,35.67804167,139.7623125
0.0,2.95,35.67804167,139.7624375
0.0,2.8,35.67804167,139.7625625
0.0,2.73,35.67804167,139.7626875
0.0,2.73,35.67804167,139.7628125
0.0,2.74,35.67804167,139.7629375
0.0,2.75,35.67804167,139.7630625
0.0,2.84,35.67804167,139.7631875
0.0,2.83,35.67804167,139.7633125
0.0,2.83,35.67804167,139.7634375
0.0,2.72,35.67804167,139.7635625
0.208,2.61,35.67804167,139.7636875
0.0,2.7,35.67804167,139.7638125
0.0,2.75,35.67804167,139.7639375
0.0,2.83,35.67804167,139.7640625
0.0,2.79,35.67804167,139.7641875
0.0,2.77,35.67804167,139.7643125
0.0,2.74,35.67804167,139.7644375
0.0,2.96,35.67804167,139.7645625
0.0,3.07,35.67804167,139.7646875
0.0,3.04,35.67804167,139.7648125
0.0,3.04,35.67804167,139.7649375
0.0,3.01,35.67804167,139.7650625
0.0,2.94,35.67804167,139.7651875
0.0,2.93,35.67804167,139.7653125
0.0,3.06,35.67804167,139.7654375
0.0,3.18,35.67804167,139.7655625
0.0,3.31,35.67804167,139.7656875
0.0,3.42,35.67804167,139.7658125
0.0,3.56,35.67804167,139.7659375
0.0,4.21,35.67804167,139.7660625
0.0,3.73,35.67804167,139.7661875
0.0,3.57,35.67804167,139.7663125
0.0,3.48,35.67804167,139.7664375
0.0,3.75,35.67804167,139.7665625
0.0,3.97,35.67804167,139.7666875
0.0,3.35,35.67804167,139.7668125
0.0,3.38,35.67804167,139.7669375
0.0,3.35,35.67804167,139.7670625
0.0,3.3,35.67804167,139.7671875
0.0,3.35,35.67804167,139.7673125
0.0,3.22,35.67804167,139.7674375
0.0,3.36,35.67804167,139.7675625
0.0,3.18,35.67804167,139.7676875
0.0,3.39,35.67804167,139.7678125
0.0,3.48,35.67804167,139.7679375
0.0,3.49,35.67804167,139.7680625
0.0,3.6,35.67804167,139.7681875
0.0,3.71,35.67804167,139.7683125
0.0,3.9,35.67804167,139.7684375
0.0,3.81,35.67804167,139.7685625
0.0,3.87,35.67804167,139.7686875
0.0,3.85,35.67804167,139.7688125
0.0,3.83,35.67804167,139.7689375
0.0,3.85,35.67804167,139.7690625
0.0,3.8,35.67804167,139.7691875
0.0,3.65,35.67804167,139.7693125
0.0,4.21,35.67804167,139.7694375
0.0,4.37,35.67804167,139.7695625
0.0,4.06,35.67804167,139.7696875
0.0,3.97,35.67804167,139.7698125
0.0,3.96,35.67804167,139.7699375
0.0,3.9,35.67804167,139.7700625
0.0,3.87,35.67804167,139.7701875
0.0,3.96,35.67804167,139.7703125
0.0,3.85,35.67804167,139.7704375
0.0,3.9,35.67804167,139.7705625
0.0,3.96,35.67804167,139.7706875
0.0,3.77,35.67804167,139.7708125
0.0,3.76,35.67804167,139.7709375
0.0,3.92,35.67804167,139.7710625
0.0,3.87,35.67804167,139.7711875
0.0,3.73,35.67804167,139.7713125
0.0,3.66,35.67804167,139.7714375
0.0,3.59,35.67804167,139.7715625
0.0,3.58,35.67804167,139.7716875
0.0,3.59,35.67804167,139.7718125
0.0,3.6,35.67804167,139.7719375
0.0,3.56,35.67804167,139.7720625
0.0,3.57,35.67804167,139.7721875
0.0,3.56,35.67804167,139.7723125
0.0,3.54,35.67804167,139.7724375
0.0,3.33,35.67804167,139.7725625
0.0,3.31,35.67804167,139.7726875
0.0,3.31,35.67804167,139.7728125
0.0,3.28,35.67804167,139.7729375
0.0,3.09,35.67804167,139.7730625
0.0,2.93,35.67804167,139.7731875
0.0,2.9,35.67804167,139.7733125
0.0,1.08,35.67804167,139.7734375
0.0,0.48,35.67804167,139.7735625
0.0,2.95,35.67804167,139.7736875
0.0,3.16,35.67804167,139.7738125
0.0,3.22,35.67804167,139.7739375
0.0,3.3,35.67804167,139.7740625
0.0,3.61,35.67804167,139.7741875
0.0,3.57,35.67804167,139.7743125
0.0,4.04,35.67804167,139.7744375
0.0,4.56,35.67804167,139.7745625
0.0,5.0,35.67804167,139.7746875
1.891,1.08,35.67804167,139.7748125
4.922,-2.08,35.67804167,139.7749375
0.394,2.43,35.67804167,139.7750625
0.0,4.17,35.67804167,139.7751875
0.0,3.68,35.67804167,139.7753125
0.0,3.48,35.67804167,139.7754375
0.0,3.14,35.67804167,139.7755625
0.0,2.87,35.67804167,139.7756875
0.294,2.72,35.67804167,139.7758125
0.379,2.63,35.67804167,139.7759375
0.0,2.51,35.67795833,139.7606875
0.0,2.59,35.67795833,139.7608125
0.0,2.6,35.67795833,139.7609375
0.0,2.86,35.67795833,139.7610625
0.0,2.9,35.67795833,139.7611875
0.0,2.83,35.67795833,139.7613125
0.0,2.89,35.67795833,139.7614375
0.0,2.92,35.67795833,139.7615625
0.0,2.99,35.67795833,139.7616875
0.0,3.01,35.67795833,139.7618125
0.0,3.03,35.67795833,139.7619375
0.0,2.95,35.67795833,139.7620625
0.0,2.89,35.67795833,139.7621875
0.0,3.04,35.67795833,139.7623125
0.0,3.09,35.67795833,139.7624375
0.0,3.12,35.67795833,139.7625625
0.0,3.04,35.67795833,139.7626875
0.0,2.93,35.67795833,139.7628125
0.0,2.78,35.67795833,139.7629375
0.124,2.69,35.67795833,139.7630625
0.176,2.63,35.67795833,139.7631875
0.0,2.77,35.67795833,139.7633125
0.0,2.87,35.67795833,139.7634375
0.0,2.85,35.67795833,139.7635625
0.0,2.78,35.67795833,139.7636875
0.0,2.68,35.67795833,139.7638125
0.141,2.66,35.67795833,139.7639375
0.0,2.69,35.67795833,139.7640625
0.0,2.72,35.67795833,139.7641875
0.0,2.74,35.67795833,139.7643125
0.0,2.8,35.67795833,139.7644375
0.0,2.9,35.67795833,139.7645625
0.0,2.95,35.67795833,139.7646875
0.0,2.98,35.67795833,139.7648125
0.0,3.0,35.67795833,139.7649375
0.0,2.88,35.67795833,139.7650625
0.0,2.9,35.67795833,139.7651875
0.0,2.87,35.67795833,139.7653125
0.0,3.02,35.67795833,139.7654375
0.0,3.22,35.67795833,139.7655625
0.0,3.43,35.67795833,139.7656875
0.0,3.64,35.67795833,139.7658125
0.0,3.74,35.67795833,139.7659375
0.0,3.78,35.67795833,139.7660625
0.0,3.72,35.67795833,139.7661875
0.0,3.53,35.67795833,139.7663125
0.0,3.5,35.67795833,139.7664375
0.0,3.8,35.67795833,139.7665625
0.0,3.88,35.67795833,139.7666875
0.0,3.44,35.67795833,139.7668125
0.0,3.57,35.67795833,139.7669375
0.0,3.53,35.67795833,139.7670625
0.0,3.42,35.67795833,139.7671875
0.0,3.3,35.67795833,139.7673125
0.0,3.39,35.67795833,139.7674375
0.0,3.36,35.67795833,139.7675625
0.0,3.27,35.67795833,139.7676875
0.0,3.54,35.67795833,139.7678125
0.0,3.68,35.67795833,139.7679375
0.0,3.75,35.67795833,139.7680625
0.0,3.7,35.67795833,139.7681875
0.0,3.73,35.67795833,139.7683125
0.0,3.87,35.67795833,139.7684375
0.0,3.91,35.67795833,139.7685625
0.0,4.04,35.67795833,139.7686875
0.0,3.98,35.67795833,139.7688125
0.0,3.86,35.67795833,139.7689375
0.0,3.68,35.67795833,139.7690625
0.0,3.67,35.67795833,139.7691875
0.0,3.71,35.67795833,139.7693125
0.0,4.04,35.67795833,139.7694375
0.0,4.06,35.67795833,139.7695625
0.0,4.03,35.67795833,139.7696875
0.0,3.86,35.67795833,139.7698125
0.0,3.89,35.67795833,139.7699375
0.0,4.0,35.67795833,139.7700625
0.0,4.02,35.67795833,139.7701875
0.0,3.92,35.67795833,139.7703125
0.0,3.85,35.67795833,139.7704375
0.0,3.93,35.67795833,139.7705625
0.0,3.87,35.67795833,139.7706875
0.0,3.86,35.67795833,139.7708125
0.0,3.85,35.67795833,139.7709375
0.0,4.06,35.67795833,139.7710625
0.0,4.08,35.67795833,139.7711875
0.0,4.01,35.67795833,139.7713125
0.0,3.68,35.67795833,139.7714375
0.0,3.56,35.67795833,139.7715625
0.0,3.59,35.67795833,139.7716875
0.0,3.73,35.67795833,139.7718125
0.0,3.67,35.67795833,139.7719375
0.0,3.63,35.67795833,139.7720625
0.0,3.6,35.67795833,139.7721875
0.0,3.46,35.67795833,139.7723125
0.0,3.41,35.67795833,139.7724375
0.0,3.38,35.67795833,139.7725625
0.0,3.33,35.67795833,139.7726875
0.0,3.31,35.67795833,139.7728125
0.0,3.25,35.67795833,139.7729375
0.0,3.12,35.67795833,139.7730625
0.0,3.05,35.67795833,139.7731875
0.0,2.67,35.67795833,139.7733125
0.0,1.08,35.67795833,139.7734375
0.0,2.14,35.67795833,139.7735625
0.0,3.03,35.67795833,139.7736875
0.0,3.19,35.67795833,139.7738125
0.0,3.28,35.67795833,139.7739375
0.0,3.43,35.67795833,139.7740625
0.0,3.38,35.67795833,139.7741875
0.0,3.53,35.67795833,139.7743125
0.0,4.27,35.67795833,139.7744375
0.0,4.7,35.67795833,139.7745625
0.0,5.07,35.67795833,139.7746875
4.634,-1.68,35.67795833,139.7748125
3.761,-0.94,35.67795833,139.7749375
0.0,4.9,35.67795833,139.7750625
0.0,4.27,35.67795833,139.7751875
0.0,3.79,35.67795833,139.7753125
0.0,3.58,35.67795833,139.7754375
0.0,3.24,35.67795833,139.7755625
0.0,3.08,35.67795833,139.7756875
0.307,2.71,35.67795833,139.7758125
0.305,2.71,35.67795833,139.7759375
0.0,2.51,35.677875,139.7606875
0.0,2.58,35.677875,139.7608125
0.0,2.69,35.677875,139.7609375
0.0,2.85,35.677875,139.7610625
0.0,2.84,35.677875,139.7611875
0.0,2.8,35.677875,139.7613125
0.0,2.85,35.677875,139.7614375
0.0,2.89,35.677875,139.7615625
0.0,2.99,35.677875,139.7616875
0.0,3.01,35.677875,139.7618125
0.0,3.03,35.677875,139.7619375
0.0,2.94,35.677875,139.7620625
0.0,2.92,35.677875,139.7621875
0.0,3.04,35.677875,139.7623125
0.0,3.1,35.677875,139.7624375
0.0,3.1,35.677875,139.7625625
0.0,3.09,35.677875,139.7626875
0.0,3.09,35.677875,139.7628125
0.0,3.08,35.677875,139.7629375
0.0,3.0,35.677875,139.7630625
0.0,2.92,35.677875,139.7631875
0.0,2.69,35.677875,139.7633125
0.0,2.75,35.677875,139.7634375
0.146,2.65,35.677875,139.7635625
0.0,2.67,35.677875,139.7636875
0.0,2.73,35.677875,139.7638125
0.0,2.75,35.677875,139.7639375
0.0,2.78,35.677875,139.7640625
0.0,2.77,35.677875,139.7641875
0.0,2.79,35.677875,139.7643125
0.0,2.78,35.677875,139.7644375
0.0,2.73,35.677875,139.7645625
0.0,2.84,35.677875,139.7646875
0.0,2.86,35.677875,139.7648125
0.0,2.85,35.677875,139.7649375
0.0,2.71,35.677875,139.7650625
0.0,2.89,35.677875,139.7651875
0.0,2.9,35.677875,139.7653125
0.0,2.94,35.677875,139.7654375
0.0,3.1,35.677875,139.7655625
0.0,3.37,35.677875,139.7656875
0.0,3.63,35.677875,139.7658125
0.0,3.77,35.677875,139.7659375
0.0,3.64,35.677875,139.7660625
0.0,3.65,35.677875,139.7661875
0.0,3.43,35.677875,139.7663125
0.0,3.26,35.677875,139.7664375
0.0,3.52,35.677875,139.7665625
0.0,3.8,35.677875,139.7666875
0.0,3.53,35.677875,139.7668125
0.0,3.67,35.677875,139.7669375
0.0,3.56,35.677875,139.7670625
0.0,3.39,35.677875,139.7671875
0.0,3.3,35.677875,139.7673125
0.0,3.52,35.677875,139.7674375
0.0,3.3,35.677875,139.7675625
0.0,3.48,35.677875,139.7676875
0.0,3.62,35.677875,139.7678125
0.0,3.77,35.677875,139.7679375
0.0,3.85,35.677875,139.7680625
0.0,3.88,35.677875,139.7681875
0.0,3.96,35.677875,139.7683125
0.0,3.9,35.677875,139.7684375
0.0,3.89,35.677875,139.7685625
0.0,3.95,35.677875,139.7686875
0.0,4.05,35.677875,139.7688125
0.0,3.97,35.677875,139.7689375
0.0,3.75,35.677875,139.7690625
0.0,3.54,35.677875,139.7691875
0.0,3.39,35.677875,139.7693125
0.0,3.79,35.677875,139.7694375
0.0,3.86,35.677875,139.7695625
0.0,3.85,35.677875,139.7696875
0.0,3.96,35.677875,139.7698125
0.0,3.91,35.677875,139.7699375
0.0,3.99,35.677875,139.7700625
0.0,4.08,35.677875,139.7701875
0.0,4.06,35.677875,139.7703125
0.0,3.98,35.677875,139.7704375
0.0,3.87,35.677875,139.7705625
0.0,3.85,35.677875,139.7706875
0.0,3.95,35.677875,139.7708125
0.0,3.96,35.677875,139.7709375
0.0,4.05,35.677875,139.7710625
0.0,3.89,35.677875,139.7711875
0.0,3.9,35.677875,139.7713125
0.0,3.99,35.677875,139.7714375
0.0,3.87,35.677875,139.7715625
0.0,3.49,35.677875,139.7716875
0.0,3.66,35.677875,139.7718125
0.0,3.63,35.677875,139.7719375
0.0,3.68,35.677875,139.7720625
0.0,3.61,35.677875,139.7721875
0.0,3.53,35.677875,139.7723125
0.0,3.38,35.677875,139.7724375
0.0,3.39,35.677875,139.7725625
0.0,3.31,35.677875,139.7726875
0.0,3.27,35.677875,139.7728125
0.0,3.21,35.677875,139.7729375
0.0,3.12,35.677875,139.7730625
0.0,3.01,35.677875,139.7731875
0.0,1.13,35.677875,139.7733125
0.0,0.87,35.677875,139.7734375
0.0,2.85,35.677875,139.7735625
0.0,3.01,35.677875,139.7736875
0.0,3.1,35.677875,139.7738125
0.0,3.21,35.677875,139.7739375
0.0,3.28,35.677875,139.7740625
0.0,3.08,35.677875,139.7741875
0.0,3.38,35.677875,139.7743125
0.0,4.39,35.677875,139.7744375
0.0,4.81,35.677875,139.7745625
0.0,4.89,35.677875,139.7746875
4.9,-2.08,35.677875,139.7748125
2.337,0.69,35.677875,139.7749375
0.0,4.77,35.677875,139.7750625
0.0,4.34,35.677875,139.7751875
0.0,3.75,35.677875,139.7753125
0.0,3.44,35.677875,139.7754375
0.0,3.25,35.677875,139.7755625
0.033,2.98,35.677875,139.7756875
0.0,2.82,35.677875,139.7758125
0.0,2.82,35.677875,139.7759375
0.0,2.53,35.67779167,139.7606875
0.0,2.56,35.67779167,139.7608125
0.0,2.71,35.67779167,139.7609375
0.0,2.79,35.67779167,139.7610625
0.0,2.8,35.67779167,139.7611875
0.0,2.81,35.67779167,139.7613125
0.0,2.82,35.67779167,139.7614375
0.0,2.93,35.67779167,139.7615625
0.0,2.99,35.67779167,139.7616875
0.0,2.99,35.67779167,139.7618125
0.0,3.01,35.67779167,139.7619375
0.0,2.92,35.67779167,139.7620625
0.0,2.96,35.67779167,139.7621875
0.0,3.06,35.67779167,139.7623125
0.0,3.06,35.67779167,139.7624375
0.0,3.06,35.67779167,139.7625625
0.0,3.07,35.67779167,139.7626875
0.0,3.08,35.67779167,139.7628125
0.0,3.12,35.67779167,139.7629375
0.0,3.05,35.67779167,139.7630625
0.0,3.01,35.67779167,139.7631875
0.0,2.63,35.67779167,139.7633125
0.0,2.65,35.67779167,139.7634375
0.0,2.72,35.67779167,139.7635625
0.0,2.69,35.67779167,139.7636875
0.188,2.61,35.67779167,139.7638125
0.189,2.61,35.67779167,139.7639375
0.0,2.68,35.67779167,139.7640625
0.0,2.77,35.67779167,139.7641875
0.0,2.84,35.67779167,139.7643125
0.0,2.9,35.67779167,139.7644375
0.0,2.85,35.67779167,139.7645625
0.0,2.82,35.67779167,139.7646875
0.0,2.79,35.67779167,139.7648125
0.119,2.68,35.67779167,139.7649375
0.0,2.7,35.67779167,139.7650625
0.0,2.76,35.67779167,139.7651875
0.0,2.9,35.67779167,139.7653125
0.0,2.89,35.67779167,139.7654375
0.0,2.99,35.67779167,139.7655625
0.0,3.21,35.67779167,139.7656875
0.0,3.52,35.67779167,139.7658125
0.0,3.68,35.67779167,139.7659375
0.0,3.66,35.67779167,139.7660625
0.0,3.49,35.67779167,139.7661875
0.0,3.53,35.67779167,139.7663125
0.0,3.32,35.67779167,139.7664375
0.0,3.41,35.67779167,139.7665625
0.0,3.56,35.67779167,139.7666875
0.0,3.56,35.67779167,139.7668125
0.0,3.59,35.67779167,139.7669375
0.0,3.5,35.67779167,139.7670625
0.0,3.38,35.67779167,139.7671875
0.0,3.47,35.67779167,139.7673125
0.0,3.54,35.67779167,139.7674375
0.0,3.41,35.67779167,139.7675625
0.0,3.47,35.67779167,139.7676875
0.0,3.67,35.67779167,139.7678125
0.0,3.91,35.67779167,139.7679375
0.0,4.0,35.67779167,139.7680625
0.0,4.01,35.67779167,139.7681875
0.0,4.1,35.67779167,139.7683125
0.0,4.12,35.67779167,139.7684375
0.0,4.06,35.67779167,139.7685625
0.0,3.9,35.67779167,139.7686875
0.0,3.85,35.67779167,139.7688125
0.0,3.94,35.67779167,139.7689375
0.0,3.78,35.67779167,139.7690625
0.0,0.05,35.67779167,139.7691875
0.0,3.19,35.67779167,139.7693125
0.0,0.68,35.67779167,139.7694375
0.0,3.67,35.67779167,139.7695625
0.0,3.93,35.67779167,139.7696875
0.0,4.02,35.67779167,139.7698125
0.0,4.07,35.67779167,139.7699375
0.0,4.06,35.67779167,139.7700625
0.0,3.95,35.67779167,139.7701875
0.0,4.02,35.67779167,139.7703125
0.0,4.26,35.67779167,139.7704375
0.0,4.04,35.67779167,139.7705625
0.0,4.01,35.67779167,139.7706875
0.0,4.0,35.67779167,139.7708125
0.0,3.91,35.67779167,139.7709375
0.0,3.91,35.67779167,139.7710625
0.0,3.91,35.67779167,139.7711875
0.0,3.79,35.67779167,139.7713125
0.0,3.91,35.67779167,139.7714375
0.0,4.16,35.67779167,139.7715625
0.0,3.9,35.67779167,139.7716875
0.0,3.53,35.67779167,139.7718125
0.0,3.54,35.67779167,139.7719375
0.0,3.61,35.67779167,139.7720625
0.0,3.61,35.67779167,139.7721875
0.0,3.5,35.67779167,139.7723125
0.0,3.41,35.67779167,139.7724375
0.0,3.4,35.67779167,139.7725625
0.0,3.29,35.67779167,139.7726875
0.0,3.22,35.67779167,139.7728125
0.0,3.19,35.67779167,139.7729375
0.0,3.1,35.67779167,139.7730625
0.0,3.03,35.67779167,139.7731875
0.0,1.13,35.67779167,139.7733125
0.0,2.05,35.67779167,139.7734375
0.0,3.1,35.67779167,139.7735625
0.0,3.09,35.67779167,139.7736875
0.0,3.03,35.67779167,139.7738125
0.0,3.0,35.67779167,139.7739375
0.0,3.01,35.67779167,139.7740625
0.0,2.89,35.67779167,139.7741875
0.0,3.22,35.67779167,139.7743125
0.0,3.7,35.67779167,139.7744375
0.0,4.8,35.67779167,139.7745625
2.311,0.5,35.67779167,139.7746875
4.64,-1.82,35.67779167,139.7748125
0.0,4.59,35.67779167,139.7749375
0.0,4.31,35.67779167,139.7750625
0.0,4.03,35.67779167,139.7751875
0.0,3.82,35.67779167,139.7753125
0.0,3.37,35.67779167,139.7754375
0.0,3.02,35.67779167,139.7755625
0.0,2.79,35.67779167,139.7756875
0.354,2.66,35.67779167,139.7758125
0.0,2.89,35.67779167,139.7759375
0.0,2.53,35.67770833,139.7606875
0.0,2.52,35.67770833,139.7608125
0.0,2.72,35.67770833,139.7609375
0.0,2.73,35.67770833,139.7610625
0.0,2.77,35.67770833,139.7611875
0.0,2.81,35.67770833,139.7613125
0.0,2.84,35.67770833,139.7614375
0.0,2.97,35.67770833,139.7615625
0.0,3.0,35.67770833,139.7616875
0.0,2.99,35.67770833,139.7618125
0.0,2.99,35.67770833,139.7619375
0.0,2.9,35.67770833,139.7620625
0.0,2.98,35.67770833,139.7621875
0.0,3.02,35.67770833,139.7623125
0.0,3.02,35.67770833,139.7624375
0.0,3.03,35.67770833,139.7625625
0.0,3.03,35.67770833,139.7626875
0.0,3.05,35.67770833,139.7628125
0.0,3.06,35.67770833,139.7629375
0.0,3.05,35.67770833,139.7630625
0.0,2.91,35.67770833,139.7631875
0.158,2.61,35.67770833,139.7633125
0.0,2.66,35.67770833,139.7634375
0.0,2.77,35.67770833,139.7635625
0.0,2.78,35.67770833,139.7636875
0.0,2.73,35.67770833,139.7638125
0.0,2.7,35.67770833,139.7639375
0.0,2.67,35.67770833,139.7640625
0.172,2.63,35.67770833,139.7641875
0.197,2.6,35.67770833,139.7643125
0.0,2.67,35.67770833,139.7644375
0.0,2.75,35.67770833,139.7645625
0.0,2.85,35.67770833,139.7646875
0.0,2.84,35.67770833,139.7648125
0.0,2.77,35.67770833,139.7649375
0.0,2.77,35.67770833,139.7650625
0.0,2.74,35.67770833,139.7651875
0.0,2.68,35.67770833,139.7653125
0.0,2.75,35.67770833,139.7654375
0.0,2.84,35.67770833,139.7655625
0.0,3.05,35.67770833,139.7656875
0.0,3.54,35.67770833,139.7658125
0.0,3.57,35.67770833,139.7659375
0.0,3.6,35.67770833,139.7660625
0.0,3.48,35.67770833,139.7661875
0.0,3.56,35.67770833,139.7663125
0.0,3.51,35.67770833,139.7664375
0.0,3.54,35.67770833,139.7665625
0.0,3.64,35.67770833,139.7666875
0.0,3.57,35.67770833,139.7668125
0.0,3.54,35.67770833,139.7669375
0.0,3.57,35.67770833,139.7670625
0.0,3.41,35.67770833,139.7671875
0.0,3.59,35.67770833,139.7673125
0.0,3.45,35.67770833,139.7674375
0.0,3.55,35.67770833,139.7675625
0.0,3.55,35.67770833,139.7676875
0.0,3.71,35.67770833,139.7678125
0.0,3.95,35.67770833,139.7679375
0.0,3.94,35.67770833,139.7680625
0.0,4.08,35.67770833,139.7681875
0.0,4.32,35.67770833,139.7683125
0.0,4.35,35.67770833,139.7684375
0.0,4.18,35.67770833,139.7685625
0.0,4.01,35.67770833,139.7686875
0.0,3.93,35.67770833,139.7688125
0.0,3.8,35.67770833,139.7689375
0.0,3.75,35.67770833,139.7690625
0.0,3.19,35.67770833,139.7691875
0.0,3.19,35.67770833,139.7693125
0.0,3.19,35.67770833,139.7694375
0.0,3.19,35.67770833,139.7695625
0.0,3.77,35.67770833,139.7696875
0.0,3.86,35.67770833,139.7698125
0.0,4.16,35.67770833,139.7699375
0.0,4.23,35.67770833,139.7700625
0.0,3.98,35.67770833,139.7701875
0.0,3.92,35.67770833,139.7703125
0.0,4.07,35.67770833,139.7704375
0.0,4.12,35.67770833,139.7705625
0.0,4.17,35.67770833,139.7706875
0.0,4.08,35.67770833,139.7708125
0.0,3.92,35.67770833,139.7709375
0.0,3.82,35.67770833,139.7710625
0.0,3.83,35.67770833,139.7711875
0.0,3.93,35.67770833,139.7713125
0.0,3.88,35.67770833,139.7714375
0.0,4.05,35.67770833,139.7715625
0.0,4.02,35.67770833,139.7716875
0.0,3.64,35.67770833,139.7718125
0.0,3.52,35.67770833,139.7719375
0.0,3.53,35.67770833,139.7720625
0.0,3.44,35.67770833,139.7721875
0.0,3.4,35.67770833,139.7723125
0.0,3.44,35.67770833,139.7724375
0.0,3.43,35.67770833,139.7725625
0.0,3.29,35.67770833,139.7726875
0.0,3.24,35.67770833,139.7728125
0.0,3.14,35.67770833,139.7729375
0.0,3.09,35.67770833,139.7730625
0.0,2.57,35.67770833,139.7731875
0.0,1.54,35.67770833,139.7733125
0.0,2.93,35.67770833,139.7734375
0.0,3.17,35.67770833,139.7735625
0.0,3.19,35.67770833,139.7736875
0.0,3.12,35.67770833,139.7738125
0.0,3.0,35.67770833,139.7739375
0.0,2.89,35.67770833,139.7740625
0.0,2.93,35.67770833,139.7741875
0.0,3.09,35.67770833,139.7743125
0.0,3.53,35.67770833,139.7744375
0.0,4.79,35.67770833,139.7745625
4.207,-1.4,35.67770833,139.7746875
4.23,-1.42,35.67770833,139.7748125
0.0,4.14,35.67770833,139.7749375
0.0,3.8,35.67770833,139.7750625
0.0,3.63,35.67770833,139.7751875
0.0,3.44,35.67770833,139.7753125
0.0,3.32,35.67770833,139.7754375
0.0,3.09,35.67770833,139.7755625
0.291,2.73,35.67770833,139.7756875
0.639,2.38,35.67770833,139.7758125
0.475,2.54,35.67770833,139.7759375
0.0,2.46,35.677625,139.7605625
0.0,2.56,35.677625,139.7606875
0.0,2.56,35.677625,139.7608125
0.0,2.76,35.677625,139.7609375
0.0,2.76,35.677625,139.7610625
0.0,2.77,35.677625,139.7611875
0.0,2.81,35.677625,139.7613125
0.0,2.82,35.677625,139.7614375
0.0,3.01,35.677625,139.7615625
0.0,3.02,35.677625,139.7616875
0.0,3.0,35.677625,139.7618125
0.0,2.95,35.677625,139.7619375
0.0,2.87,35.677625,139.7620625
0.0,3.01,35.677625,139.7621875
0.0,3.02,35.677625,139.7623125
0.0,3.0,35.677625,139.7624375
0.0,3.01,35.677625,139.7625625
0.0,3.02,35.677625,139.7626875
0.0,3.02,35.677625,139.7628125
0.0,3.02,35.677625,139.7629375
0.0,3.01,35.677625,139.7630625
0.0,2.86,35.677625,139.7631875
0.0,2.63,35.677625,139.7633125
0.0,2.69,35.677625,139.7634375
0.0,2.75,35.677625,139.7635625
0.0,2.73,35.677625,139.7636875
0.0,2.73,35.677625,139.7638125
0.0,2.73,35.677625,139.7639375
0.0,2.73,35.677625,139.7640625
0.0,2.78,35.677625,139.7641875
0.0,2.7,35.677625,139.7643125
0.152,2.65,35.677625,139.7644375
0.206,2.59,35.677625,139.7645625
0.158,2.64,35.677625,139.7646875
0.146,2.65,35.677625,139.7648125
0.132,2.67,35.677625,139.7649375
0.0,2.7,35.677625,139.7650625
0.0,2.69,35.677625,139.7651875
0.134,2.66,35.677625,139.7653125
0.0,2.67,35.677625,139.7654375
0.138,2.66,35.677625,139.7655625
0.172,2.63,35.677625,139.7656875
0.0,3.08,35.677625,139.7658125
0.0,3.27,35.677625,139.7659375
0.0,3.32,35.677625,139.7660625
0.0,3.66,35.677625,139.7661875
0.0,3.53,35.677625,139.7663125
0.0,3.58,35.677625,139.7664375
0.0,3.55,35.677625,139.7665625
0.0,3.58,35.677625,139.7666875
0.0,3.6,35.677625,139.7668125
0.0,3.61,35.677625,139.7669375
0.0,3.62,35.677625,139.7670625
0.0,3.52,35.677625,139.7671875
0.0,3.65,35.677625,139.7673125
0.0,3.4,35.677625,139.7674375
0.0,3.73,35.677625,139.7675625
0.0,3.68,35.677625,139.7676875
0.0,3.72,35.677625,139.7678125
0.0,3.84,35.677625,139.7679375
0.0,3.92,35.677625,139.7680625
0.0,4.14,35.677625,139.7681875
0.0,4.38,35.677625,139.7683125
0.0,4.26,35.677625,139.7684375
0.0,4.18,35.677625,139.7685625
0.0,4.07,35.677625,139.7686875
0.0,4.05,35.677625,139.7688125
0.0,3.89,35.677625,139.7689375
0.0,3.07,35.677625,139.7690625
0.0,3.19,35.677625,139.7691875
0.0,3.19,35.677625,139.7693125
0.0,3.19,35.677625,139.7694375
0.0,3.19,35.677625,139.7695625
0.0,3.19,35.677625,139.7696875
0.0,3.12,35.677625,139.7698125
0.0,3.91,35.677625,139.7699375
0.0,4.14,35.677625,139.7700625
0.0,4.2,35.677625,139.7701875
0.0,4.16,35.677625,139.7703125
0.0,4.25,35.677625,139.7704375
0.0,4.12,35.677625,139.7705625
0.0,4.15,35.677625,139.7706875
0.0,4.29,35.677625,139.7708125
0.0,4.21,35.677625,139.7709375
0.0,3.87,35.677625,139.7710625
0.0,3.7,35.677625,139.7711875
0.0,3.72,35.677625,139.7713125
0.0,3.9,35.677625,139.7714375
0.0,3.92,35.677625,139.7715625
0.0,3.92,35.677625,139.7716875
0.0,3.75,35.677625,139.7718125
0.0,3.63,35.677625,139.7719375
0.0,3.54,35.677625,139.7720625
0.0,3.39,35.677625,139.7721875
0.0,3.35,35.677625,139.7723125
0.0,3.4,35.677625,139.7724375
0.0,3.34,35.677625,139.7725625
0.0,3.27,35.677625,139.7726875
0.0,3.21,35.677625,139.7728125
0.0,3.16,35.677625,139.7729375
0.0,3.14,35.677625,139.7730625
0.0,2.52,35.677625,139.7731875
0.0,2.32,35.677625,139.7733125
0.0,3.08,35.677625,139.7734375
0.0,3.18,35.677625,139.7735625
0.0,3.17,35.677625,139.7736875
0.0,3.12,35.677625,139.7738125
0.0,3.06,35.677625,139.7739375
0.0,2.83,35.677625,139.7740625
0.0,3.07,35.677625,139.7741875
0.0,3.11,35.677625,139.7743125
0.0,4.03,35.677625,139.7744375
0.0,4.78,35.677625,139.7745625
4.486,-1.67,35.677625,139.7746875
2.328,0.48,35.677625,139.7748125
0.0,3.57,35.677625,139.7749375
0.0,3.46,35.677625,139.7750625
0.0,3.51,35.677625,139.7751875
0.0,3.38,35.677625,139.7753125
0.016,3.0,35.677625,139.7754375
0.0,2.89,35.677625,139.7755625
0.258,2.76,35.677625,139.7756875
0.484,2.53,35.677625,139.7758125
0.758,2.26,35.677625,139.7759375
0.0,2.43,35.67754167,139.7605625
0.0,2.55,35.67754167,139.7606875
0.0,2.6,35.67754167,139.7608125
0.0,2.74,35.67754167,139.7609375
0.0,2.78,35.67754167,139.7610625
0.0,2.81,35.67754167,139.7611875
0.0,2.83,35.67754167,139.7613125
0.0,2.83,35.67754167,139.7614375
0.0,3.0,35.67754167,139.7615625
0.0,3.03,35.67754167,139.7616875
0.0,3.03,35.67754167,139.7618125
0.0,2.96,35.67754167,139.7619375
0.0,2.98,35.67754167,139.7620625
0.0,3.04,35.67754167,139.7621875
0.0,3.03,35.67754167,139.7623125
0.0,3.02,35.67754167,139.7624375
0.0,3.0,35.67754167,139.7625625
0.0,3.0,35.67754167,139.7626875
0.0,2.99,35.67754167,139.7628125
0.0,3.0,35.67754167,139.7629375
0.0,3.01,35.67754167,139.7630625
0.0,2.74,35.67754167,139.7631875
0.18,2.57,35.67754167,139.7633125
0.0,2.69,35.67754167,139.7634375
0.0,2.72,35.67754167,139.7635625
0.0,2.72,35.67754167,139.7636875
0.0,2.71,35.67754167,139.7638125
0.0,2.71,35.67754167,139.7639375
0.0,2.71,35.67754167,139.7640625
0.0,2.73,35.67754167,139.7641875
0.0,2.74,35.67754167,139.7643125
0.0,2.72,35.67754167,139.7644375
0.0,2.69,35.67754167,139.7645625
0.0,2.67,35.67754167,139.7646875
0.144,2.65,35.67754167,139.7648125
0.177,2.62,35.67754167,139.7649375
0.22,2.58,35.67754167,139.7650625
0.195,2.6,35.67754167,139.7651875
0.21,2.59,35.67754167,139.7653125
0.138,2.66,35.67754167,139.7654375
0.0,2.68,35.67754167,139.7655625
0.0,2.69,35.67754167,139.7656875
0.0,2.8,35.67754167,139.7658125
0.0,2.99,35.67754167,139.7659375
0.0,3.1,35.67754167,139.7660625
0.0,3.28,35.67754167,139.7661875
0.0,3.37,35.67754167,139.7663125
0.0,3.52,35.67754167,139.7664375
0.0,3.58,35.67754167,139.7665625
0.0,3.7,35.67754167,139.7666875
0.0,3.7,35.67754167,139.7668125
0.0,3.69,35.67754167,139.7669375
0.0,3.67,35.67754167,139.7670625
0.0,3.73,35.67754167,139.7671875
0.0,3.63,35.67754167,139.7673125
0.0,3.58,35.67754167,139.7674375
0.0,3.79,35.67754167,139.7675625
0.0,3.71,35.67754167,139.7676875
0.0,3.76,35.67754167,139.7678125
0.0,3.98,35.67754167,139.7679375
0.0,4.03,35.67754167,139.7680625
0.0,4.12,35.67754167,139.7681875
0.0,4.27,35.67754167,139.7683125
0.0,4.38,35.67754167,139.7684375
0.0,4.26,35.67754167,139.7685625
0.0,4.21,35.67754167,139.7686875
0.0,4.17,35.67754167,139.7688125
0.0,3.92,35.67754167,139.7689375
0.0,3.19,35.67754167,139.7690625
0.0,3.19,35.67754167,139.7691875
0.0,0.66,35.67754167,139.7693125
0.0,3.19,35.67754167,139.7694375
0.0,3.19,35.67754167,139.7695625
0.0,3.19,35.67754167,139.7696875
0.0,0.45,35.67754167,139.7698125
0.0,3.06,35.67754167,139.7699375
0.0,3.94,35.67754167,139.7700625
0.0,4.16,35.67754167,139.7701875
0.0,4.32,35.67754167,139.7703125
0.0,4.29,35.67754167,139.7704375
0.0,4.22,35.67754167,139.7705625
0.0,4.2,35.67754167,139.7706875
0.0,4.28,35.67754167,139.7708125
0.0,4.06,35.67754167,139.7709375
0.0,3.81,35.67754167,139.7710625
0.0,3.85,35.67754167,139.7711875
0.0,3.73,35.67754167,139.7713125
0.0,3.64,35.67754167,139.7714375
0.0,3.67,35.67754167,139.7715625
0.0,3.75,35.67754167,139.7716875
0.0,3.66,35.67754167,139.7718125
0.0,3.51,35.67754167,139.7719375
0.0,3.35,35.67754167,139.7720625
0.0,3.4,35.67754167,139.7721875
0.0,3.41,35.67754167,139.7723125
0.0,3.34,35.67754167,139.7724375
0.0,3.28,35.67754167,139.7725625
0.0,3.24,35.67754167,139.7726875
0.0,3.25,35.67754167,139.7728125
0.0,3.25,35.67754167,139.7729375
0.0,3.17,35.67754167,139.7730625
0.0,2.8,35.67754167,139.7731875
0.0,3.08,35.67754167,139.7733125
0.0,3.1,35.67754167,139.7734375
0.0,3.09,35.67754167,139.7735625
0.0,3.09,35.67754167,139.7736875
0.0,3.01,35.67754167,139.7738125
0.0,2.94,35.67754167,139.7739375
0.0,2.89,35.67754167,139.7740625
0.0,3.05,35.67754167,139.7741875
0.0,3.12,35.67754167,139.7743125
0.0,4.66,35.67754167,139.7744375
1.636,1.16,35.67754167,139.7745625
4.603,-1.79,35.67754167,139.7746875
0.015,2.79,35.67754167,139.7748125
0.0,3.21,35.67754167,139.7749375
0.0,3.25,35.67754167,139.7750625
0.0,3.23,35.67754167,139.7751875
0.0,3.1,35.67754167,139.7753125
0.062,2.95,35.67754167,139.7754375
0.381,2.63,35.67754167,139.7755625
0.566,2.45,35.67754167,139.7756875
0.522,2.5,35.67754167,139.7758125
0.577,2.44,35.67754167,139.7759375
0.0,2.46,35.67745833,139.7605625
0.0,2.5,35.67745833,139.7606875
0.0,2.58,35.67745833,139.7608125
0.0,2.73,35.67745833,139.7609375
0.0,2.75,35.67745833,139.7610625
0.0,2.77,35.67745833,139.7611875
0.0,2.84,35.67745833,139.7613125
0.0,2.86,35.67745833,139.7614375
0.0,2.92,35.67745833,139.7615625
0.0,2.98,35.67745833,139.7616875
0.0,3.01,35.67745833,139.7618125
0.0,2.9,35.67745833,139.7619375
0.0,2.95,35.67745833,139.7620625
0.0,3.02,35.67745833,139.7621875
0.0,3.03,35.67745833,139.7623125
0.0,3.04,35.67745833,139.7624375
0.0,3.03,35.67745833,139.7625625
0.0,3.03,35.67745833,139.7626875
0.0,3.01,35.67745833,139.7628125
0.0,3.0,35.67745833,139.7629375
0.0,2.99,35.67745833,139.7630625
0.0,2.67,35.67745833,139.7631875
0.203,2.54,35.67745833,139.7633125
0.0,2.7,35.67745833,139.7634375
0.0,2.71,35.67745833,139.7635625
0.0,2.7,35.67745833,139.7636875
0.0,2.7,35.67745833,139.7638125
0.0,2.69,35.67745833,139.7639375
0.0,2.69,35.67745833,139.7640625
0.0,2.71,35.67745833,139.7641875
0.0,2.71,35.67745833,139.7643125
0.0,2.71,35.67745833,139.7644375
0.0,2.71,35.67745833,139.7645625
0.0,2.7,35.67745833,139.7646875
0.0,2.75,35.67745833,139.7648125
0.0,2.74,35.67745833,139.7649375
0.247,2.55,35.67745833,139.7650625
0.147,2.65,35.67745833,139.7651875
0.232,2.57,35.67745833,139.7653125
0.234,2.56,35.67745833,139.7654375
0.194,2.6,35.67745833,139.7655625
0.141,2.66,35.67745833,139.7656875
0.0,2.92,35.67745833,139.7658125
0.0,2.94,35.67745833,139.7659375
0.0,3.08,35.67745833,139.7660625
0.0,3.04,35.67745833,139.7661875
0.0,3.34,35.67745833,139.7663125
0.0,3.42,35.67745833,139.7664375
0.0,3.59,35.67745833,139.7665625
0.0,3.73,35.67745833,139.7666875
0.0,3.79,35.67745833,139.7668125
0.0,3.78,35.67745833,139.7669375
0.0,3.81,35.67745833,139.7670625
0.0,3.87,35.67745833,139.7671875
0.0,3.61,35.67745833,139.7673125
0.0,3.79,35.67745833,139.7674375
0.0,3.76,35.67745833,139.7675625
0.0,3.73,35.67745833,139.7676875
0.0,3.77,35.67745833,139.7678125
0.0,4.05,35.67745833,139.7679375
0.0,4.21,35.67745833,139.7680625
0.0,4.11,35.67745833,139.7681875
0.0,4.18,35.67745833,139.7683125
0.0,4.24,35.67745833,139.7684375
0.0,4.27,35.67745833,139.7685625
0.0,4.34,35.67745833,139.7686875
0.0,4.19,35.67745833,139.7688125
0.0,3.29,35.67745833,139.7689375
0.0,3.19,35.67745833,139.7690625
0.0,3.19,35.67745833,139.7691875
0.0,3.19,35.67745833,139.7693125
0.0,2.41,35.67745833,139.7694375
0.0,3.19,35.67745833,139.7695625
0.0,3.19,35.67745833,139.7696875
0.0,2.02,35.67745833,139.7698125
0.0,3.19,35.67745833,139.7699375
0.0,3.84,35.67745833,139.7700625
0.0,4.09,35.67745833,139.7701875
0.0,4.26,35.67745833,139.7703125
0.0,4.22,35.67745833,139.7704375
0.0,4.24,35.67745833,139.7705625
0.0,4.31,35.67745833,139.7706875
0.0,4.25,35.67745833,139.7708125
0.0,4.06,35.67745833,139.7709375
0.0,3.88,35.67745833,139.7710625
0.0,4.08,35.67745833,139.7711875
0.0,3.99,35.67745833,139.7713125
0.0,3.79,35.67745833,139.7714375
0.0,3.57,35.67745833,139.7715625
0.0,3.51,35.67745833,139.7716875
0.0,3.5,35.67745833,139.7718125
0.0,3.4,35.67745833,139.7719375
0.0,3.29,35.67745833,139.7720625
0.0,3.39,35.67745833,139.7721875
0.0,3.45,35.67745833,139.7723125
0.0,3.41,35.67745833,139.7724375
0.0,3.26,35.67745833,139.7725625
0.0,3.22,35.67745833,139.7726875
0.0,3.2,35.67745833,139.7728125
0.0,3.22,35.67745833,139.7729375
0.0,3.25,35.67745833,139.7730625
0.0,3.13,35.67745833,139.7731875
0.0,3.17,35.67745833,139.7733125
0.0,2.98,35.67745833,139.7734375
0.0,2.97,35.67745833,139.7735625
0.0,3.01,35.67745833,139.7736875
0.0,2.92,35.67745833,139.7738125
0.0,2.93,35.67745833,139.7739375
0.0,3.02,35.67745833,139.7740625
0.0,3.07,35.67745833,139.7741875
0.0,3.19,35.67745833,139.7743125
0.0,4.88,35.67745833,139.7744375
3.684,-0.89,35.67745833,139.7745625
3.694,-0.89,35.67745833,139.7746875
0.001,2.96,35.67745833,139.7748125
0.0,2.97,35.67745833,139.7749375
0.0,3.0,35.67745833,139.7750625
0.023,2.96,35.67745833,139.7751875
0.0,2.79,35.67745833,139.7753125
0.301,2.69,35.67745833,139.7754375
0.465,2.54,35.67745833,139.7755625
0.544,2.47,35.67745833,139.7756875
0.674,2.34,35.67745833,139.7758125
0.71,2.31,35.67745833,139.7759375
0.0,2.49,35.677375,139.7605625
0.0,2.46,35.677375,139.7606875
0.0,2.54,35.677375,139.7608125
0.0,2.61,35.677375,139.7609375
0.0,2.67,35.677375,139.7610625
0.0,2.76,35.677375,139.7611875
0.0,2.8,35.677375,139.7613125
0.0,2.88,35.677375,139.7614375
0.0,2.93,35.677375,139.7615625
0.0,2.96,35.677375,139.7616875
0.0,3.02,35.677375,139.7618125
0.0,2.89,35.677375,139.7619375
0.0,2.96,35.677375,139.7620625
0.0,3.01,35.677375,139.7621875
0.0,3.01,35.677375,139.7623125
0.0,3.01,35.677375,139.7624375
0.0,3.01,35.677375,139.7625625
0.0,3.01,35.677375,139.7626875
0.0,3.0,35.677375,139.7628125
0.0,3.01,35.677375,139.7629375
0.0,2.94,35.677375,139.7630625
0.0,2.65,35.677375,139.7631875
0.178,2.61,35.677375,139.7633125
0.0,2.71,35.677375,139.7634375
0.0,2.69,35.677375,139.7635625
0.0,2.68,35.677375,139.7636875
0.0,2.68,35.677375,139.7638125
0.0,2.67,35.677375,139.7639375
0.0,2.68,35.677375,139.7640625
0.0,2.71,35.677375,139.7641875
0.0,2.72,35.677375,139.7643125
0.0,2.76,35.677375,139.7644375
0.0,2.75,35.677375,139.7645625
0.0,2.71,35.677375,139.7646875
0.0,2.72,35.677375,139.7648125
0.0,2.69,35.677375,139.7649375
0.244,2.55,35.677375,139.7650625
0.0,2.85,35.677375,139.7651875
0.0,2.81,35.677375,139.7653125
0.0,2.74,35.677375,139.7654375
0.0,2.67,35.677375,139.7655625
0.0,2.7,35.677375,139.7656875
0.0,2.88,35.677375,139.7658125
0.0,3.01,35.677375,139.7659375
0.0,3.02,35.677375,139.7660625
0.0,2.6,35.677375,139.7661875
0.0,1.64,35.677375,139.7663125
0.0,2.57,35.677375,139.7664375
0.0,3.26,35.677375,139.7665625
0.0,3.63,35.677375,139.7666875
0.0,3.75,35.677375,139.7668125
0.0,3.82,35.677375,139.7669375
0.0,3.97,35.677375,139.7670625
0.0,3.95,35.677375,139.7671875
0.0,3.7,35.677375,139.7673125
0.0,3.8,35.677375,139.7674375
0.0,3.75,35.677375,139.7675625
0.0,3.72,35.677375,139.7676875
0.0,3.84,35.677375,139.7678125
0.0,4.11,35.677375,139.7679375
0.0,4.26,35.677375,139.7680625
0.0,4.27,35.677375,139.7681875
0.0,4.36,35.677375,139.7683125
0.0,4.21,35.677375,139.7684375
0.0,4.16,35.677375,139.7685625
0.0,4.26,35.677375,139.7686875
0.0,4.05,35.677375,139.7688125
0.0,0.71,35.677375,139.7689375
0.0,3.19,35.677375,139.7690625
0.0,3.19,35.677375,139.7691875
0.0,4.33,35.677375,139.7693125
0.0,3.19,35.677375,139.7694375
0.0,3.19,35.677375,139.7695625
0.0,2.78,35.677375,139.7696875
0.0,2.81,35.677375,139.7698125
0.0,3.19,35.677375,139.7699375
0.0,3.85,35.677375,139.7700625
0.0,4.13,35.677375,139.7701875
0.0,4.3,35.677375,139.7703125
0.0,4.24,35.677375,139.7704375
0.0,4.22,35.677375,139.7705625
0.0,4.3,35.677375,139.7706875
0.0,4.16,35.677375,139.7708125
0.0,4.03,35.677375,139.7709375
0.0,3.92,35.677375,139.7710625
0.0,4.07,35.677375,139.7711875
0.0,3.95,35.677375,139.7713125
0.0,4.0,35.677375,139.7714375
0.0,3.78,35.677375,139.7715625
0.0,3.55,35.677375,139.7716875
0.0,3.4,35.677375,139.7718125
0.0,3.37,35.677375,139.7719375
0.0,3.46,35.677375,139.7720625
0.0,3.38,35.677375,139.7721875
0.0,3.52,35.677375,139.7723125
0.0,3.48,35.677375,139.7724375
0.0,3.45,35.677375,139.7725625
0.0,3.37,35.677375,139.7726875
0.0,3.19,35.677375,139.7728125
0.0,3.25,35.677375,139.7729375
0.0,3.35,35.677375,139.7730625
0.0,3.29,35.677375,139.7731875
0.0,3.24,35.677375,139.7733125
0.0,3.1,35.677375,139.7734375
0.0,3.11,35.677375,139.7735625
0.0,2.96,35.677375,139.7736875
0.0,2.93,35.677375,139.7738125
0.0,2.89,35.677375,139.7739375
0.0,3.12,35.677375,139.7740625
0.0,3.15,35.677375,139.7741875
1.713,1.08,35.677375,139.7743125
2.66,0.13,35.677375,139.7744375
4.362,-1.56,35.677375,139.7745625
1.012,1.78,35.677375,139.7746875
0.068,2.72,35.677375,139.7748125
0.006,2.9,35.677375,139.7749375
0.0,2.84,35.677375,139.7750625
0.0,2.78,35.677375,139.7751875
0.363,2.62,35.677375,139.7753125
0.414,2.57,35.677375,139.7754375
0.506,2.48,35.677375,139.7755625
0.615,2.39,35.677375,139.7756875
0.638,2.38,35.677375,139.7758125
0.685,2.33,35.677375,139.7759375
0.0,2.42,35.67729167,139.7604375
0.0,2.49,35.67729167,139.7605625
0.0,2.45,35.67729167,139.7606875
0.0,2.71,35.67729167,139.7608125
0.0,2.78,35.67729167,139.7609375
0.0,2.7,35.67729167,139.7610625
0.0,2.68,35.67729167,139.7611875
0.0,2.71,35.67729167,139.7613125
0.0,2.85,35.67729167,139.7614375
0.0,2.94,35.67729167,139.7615625
0.0,2.99,35.67729167,139.7616875
0.0,3.01,35.67729167,139.7618125
0.0,2.9,35.67729167,139.7619375
0.0,3.01,35.67729167,139.7620625
0.0,3.01,35.67729167,139.7621875
0.0,2.99,35.67729167,139.7623125
0.0,2.99,35.67729167,139.7624375
0.0,2.99,35.67729167,139.7625625
0.0,2.99,35.67729167,139.7626875
0.0,2.99,35.67729167,139.7628125
0.0,2.97,35.67729167,139.7629375
0.0,2.84,35.67729167,139.7630625
0.0,2.6,35.67729167,139.7631875
0.0,2.61,35.67729167,139.7633125
0.0,2.69,35.67729167,139.7634375
0.0,2.68,35.67729167,139.7635625
0.0,2.67,35.67729167,139.7636875
0.0,2.66,35.67729167,139.7638125
0.0,2.66,35.67729167,139.7639375
0.0,2.66,35.67729167,139.7640625
0.0,2.71,35.67729167,139.7641875
0.0,2.78,35.67729167,139.7643125
0.0,2.77,35.67729167,139.7644375
0.0,2.73,35.67729167,139.7645625
0.0,2.76,35.67729167,139.7646875
0.0,2.75,35.67729167,139.7648125
0.147,2.69,35.67729167,139.7649375
0.209,2.55,35.67729167,139.7650625
0.0,3.02,35.67729167,139.7651875
0.0,3.02,35.67729167,139.7653125
0.0,2.96,35.67729167,139.7654375
0.0,2.83,35.67729167,139.7655625
0.0,2.97,35.67729167,139.7656875
0.0,3.02,35.67729167,139.7658125
0.0,3.19,35.67729167,139.7659375
0.0,3.25,35.67729167,139.7660625
0.0,3.32,35.67729167,139.7661875
0.0,3.48,35.67729167,139.7663125
0.0,1.74,35.67729167,139.7664375
0.0,1.2,35.67729167,139.7665625
0.0,3.44,35.67729167,139.7666875
0.0,3.96,35.67729167,139.7668125
0.0,3.95,35.67729167,139.7669375
0.0,4.01,35.67729167,139.7670625
0.0,3.99,35.67729167,139.7671875
0.0,3.75,35.67729167,139.7673125
0.0,3.6,35.67729167,139.7674375
0.0,3.67,35.67729167,139.7675625
0.0,3.7,35.67729167,139.7676875
0.0,3.83,35.67729167,139.7678125
0.0,3.97,35.67729167,139.7679375
0.0,4.14,35.67729167,139.7680625
0.0,4.22,35.67729167,139.7681875
0.0,4.24,35.67729167,139.7683125
0.0,4.22,35.67729167,139.7684375
0.0,4.22,35.67729167,139.7685625
0.0,4.04,35.67729167,139.7686875
0.0,3.87,35.67729167,139.7688125
0.0,0.19,35.67729167,139.7689375
0.0,3.19,35.67729167,139.7690625
0.0,3.19,35.67729167,139.7691875
0.0,3.19,35.67729167,139.7693125
0.0,3.19,35.67729167,139.7694375
0.0,3.19,35.67729167,139.7695625
0.0,2.79,35.67729167,139.7696875
0.0,1.08,35.67729167,139.7698125
0.0,4.3,35.67729167,139.7699375
0.0,4.17,35.67729167,139.7700625
0.0,4.28,35.67729167,139.7701875
0.0,4.28,35.67729167,139.7703125
0.0,4.23,35.67729167,139.7704375
0.0,4.25,35.67729167,139.7705625
0.0,4.2,35.67729167,139.7706875
0.0,4.07,35.67729167,139.7708125
0.0,3.97,35.67729167,139.7709375
0.0,3.92,35.67729167,139.7710625
0.0,4.08,35.67729167,139.7711875
0.0,4.02,35.67729167,139.7713125
0.0,3.98,35.67729167,139.7714375
0.0,3.93,35.67729167,139.7715625
0.0,3.88,35.67729167,139.7716875
0.0,3.64,35.67729167,139.7718125
0.0,3.33,35.67729167,139.7719375
0.0,3.27,35.67729167,139.7720625
0.0,3.38,35.67729167,139.7721875
0.0,3.47,35.67729167,139.7723125
0.0,3.52,35.67729167,139.7724375
0.0,3.54,35.67729167,139.7725625
0.0,3.44,35.67729167,139.7726875
0.0,3.33,35.67729167,139.7728125
0.0,3.36,35.67729167,139.7729375
0.0,3.42,35.67729167,139.7730625
0.0,3.22,35.67729167,139.7731875
0.0,3.22,35.67729167,139.7733125
0.0,3.24,35.67729167,139.7734375
0.0,3.15,35.67729167,139.7735625
0.0,3.13,35.67729167,139.7736875
0.0,2.98,35.67729167,139.7738125
0.0,2.96,35.67729167,139.7739375
0.0,3.11,35.67729167,139.7740625
0.0,2.87,35.67729167,139.7741875
4.14,-1.55,35.67729167,139.7743125
4.301,-1.5,35.67729167,139.7744375
3.793,0.33,35.67729167,139.7745625
0.0,2.48,35.67729167,139.7746875
0.193,2.55,35.67729167,139.7748125
0.083,2.73,35.67729167,139.7749375
0.0,2.84,35.67729167,139.7750625
0.283,2.63,35.67729167,139.7751875
0.413,2.44,35.67729167,139.7753125
0.479,2.44,35.67729167,139.7754375
0.564,2.41,35.67729167,139.7755625
0.63,2.33,35.67729167,139.7756875
0.653,2.38,35.67729167,139.7758125
0.724,2.23,35.67729167,139.7759375
0.0,2.34,35.67720833,139.7604375
0.0,2.47,35.67720833,139.7605625
0.0,2.56,35.67720833,139.7606875
0.0,2.72,35.67720833,139.7608125
0.0,2.75,35.67720833,139.7609375
0.0,2.79,35.67720833,139.7610625
0.0,2.82,35.67720833,139.7611875
0.0,2.83,35.67720833,139.7613125
0.0,2.75,35.67720833,139.7614375
0.0,2.83,35.67720833,139.7615625
0.0,2.87,35.67720833,139.7616875
0.0,2.9,35.67720833,139.7618125
0.0,2.87,35.67720833,139.7619375
0.0,3.01,35.67720833,139.7620625
0.0,3.02,35.67720833,139.7621875
0.0,2.96,35.67720833,139.7623125
0.0,2.96,35.67720833,139.7624375
0.0,2.97,35.67720833,139.7625625
0.0,2.96,35.67720833,139.7626875
0.0,2.96,35.67720833,139.7628125
0.0,2.96,35.67720833,139.7629375
0.0,2.74,35.67720833,139.7630625
0.0,2.55,35.67720833,139.7631875
0.0,2.63,35.67720833,139.7633125
0.0,2.66,35.67720833,139.7634375
0.0,2.67,35.67720833,139.7635625
0.0,2.65,35.67720833,139.7636875
0.0,2.64,35.67720833,139.7638125
0.0,2.63,35.67720833,139.7639375
0.0,2.66,35.67720833,139.7640625
0.0,2.69,35.67720833,139.7641875
0.0,2.74,35.67720833,139.7643125
0.0,2.71,35.67720833,139.7644375
0.0,2.77,35.67720833,139.7645625
0.0,2.81,35.67720833,139.7646875
0.0,2.8,35.67720833,139.7648125
0.173,2.62,35.67720833,139.7649375
0.0,2.92,35.67720833,139.7650625
0.0,3.23,35.67720833,139.7651875
0.0,3.27,35.67720833,139.7653125
0.0,3.24,35.67720833,139.7654375
0.0,3.09,35.67720833,139.7655625
0.0,3.06,35.67720833,139.7656875
0.0,3.21,35.67720833,139.7658125
0.0,3.59,35.67720833,139.7659375
0.0,3.77,35.67720833,139.7660625
0.0,3.72,35.67720833,139.7661875
0.0,3.64,35.67720833,139.7663125
0.0,3.66,35.67720833,139.7664375
0.0,3.7,35.67720833,139.7665625
0.0,3.63,35.67720833,139.7666875
0.0,3.86,35.67720833,139.7668125
0.0,3.94,35.67720833,139.7669375
0.0,4.0,35.67720833,139.7670625
0.0,3.91,35.67720833,139.7671875
0.0,3.73,35.67720833,139.7673125
0.0,3.57,35.67720833,139.7674375
0.0,3.5,35.67720833,139.7675625
0.0,3.53,35.67720833,139.7676875
0.0,3.7,35.67720833,139.7678125
0.0,3.87,35.67720833,139.7679375
0.0,4.17,35.67720833,139.7680625
0.0,4.13,35.67720833,139.7681875
0.0,4.15,35.67720833,139.7683125
0.0,4.16,35.67720833,139.7684375
0.0,4.15,35.67720833,139.7685625
0.0,4.06,35.67720833,139.7686875
0.0,3.86,35.67720833,139.7688125
0.0,3.96,35.67720833,139.7689375
0.0,0.84,35.67720833,139.7690625
0.0,2.12,35.67720833,139.7691875
0.0,3.19,35.67720833,139.7693125
0.0,3.19,35.67720833,139.7694375
0.0,3.19,35.67720833,139.7695625
0.0,3.19,35.67720833,139.7696875
0.0,3.19,35.67720833,139.7698125
0.0,3.19,35.67720833,139.7699375
0.0,4.33,35.67720833,139.7700625
0.0,4.34,35.67720833,139.7701875
0.0,4.22,35.67720833,139.7703125
0.0,4.21,35.67720833,139.7704375
0.0,4.35,35.67720833,139.7705625
0.0,4.21,35.67720833,139.7706875
0.0,4.04,35.67720833,139.7708125
0.0,3.92,35.67720833,139.7709375
0.0,3.93,35.67720833,139.7710625
0.0,4.0,35.67720833,139.7711875
0.0,4.04,35.67720833,139.7713125
0.0,3.97,35.67720833,139.7714375
0.0,4.0,35.67720833,139.7715625
0.0,3.93,35.67720833,139.7716875
0.0,3.81,35.67720833,139.7718125
0.0,3.62,35.67720833,139.7719375
0.0,3.32,35.67720833,139.7720625
0.0,3.27,35.67720833,139.7721875
0.0,3.3,35.67720833,139.7723125
0.0,3.45,35.67720833,139.7724375
0.0,3.56,35.67720833,139.7725625
0.0,3.45,35.67720833,139.7726875
0.0,3.32,35.67720833,139.7728125
0.0,3.45,35.67720833,139.7729375
0.0,3.37,35.67720833,139.7730625
0.0,3.28,35.67720833,139.7731875
0.0,3.13,35.67720833,139.7733125
0.0,3.13,35.67720833,139.7734375
0.0,3.13,35.67720833,139.7735625
0.0,3.21,35.67720833,139.7736875
0.0,2.98,35.67720833,139.7738125
0.0,3.12,35.67720833,139.7739375
0.0,3.12,35.67720833,139.7740625
0.894,1.9,35.67720833,139.7741875
4.342,-1.55,35.67720833,139.7743125
4.299,-1.5,35.67720833,139.7744375
2.464,0.33,35.67720833,139.7745625
0.0,2.52,35.67720833,139.7746875
0.263,2.55,35.67720833,139.7748125
0.293,2.56,35.67720833,139.7749375
0.308,2.61,35.67720833,139.7750625
0.332,2.63,35.67720833,139.7751875
0.534,2.44,35.67720833,139.7753125
0.534,2.44,35.67720833,139.7754375
0.578,2.41,35.67720833,139.7755625
0.662,2.33,35.67720833,139.7756875
0.614,2.38,35.67720833,139.7758125
0.777,2.23,35.67720833,139.7759375
0.0,2.36,35.677125,139.7604375
0.0,2.47,35.677125,139.7605625
0.0,2.62,35.677125,139.7606875
0.0,2.67,35.677125,139.7608125
0.0,2.7,35.677125,139.7609375
0.0,2.75,35.677125,139.7610625
0.0,2.83,35.677125,139.7611875
0.0,2.9,35.677125,139.7613125
0.0,2.95,35.677125,139.7614375
0.0,2.9,35.677125,139.7615625
0.0,2.82,35.677125,139.7616875
0.0,2.84,35.677125,139.7618125
0.0,2.87,35.677125,139.7619375
0.0,2.85,35.677125,139.7620625
0.0,2.95,35.677125,139.7621875
0.0,2.95,35.677125,139.7623125
0.0,2.92,35.677125,139.7624375
0.0,2.93,35.677125,139.7625625
0.0,2.96,35.677125,139.7626875
0.0,2.98,35.677125,139.7628125
0.0,2.97,35.677125,139.7629375
0.0,2.69,35.677125,139.7630625
0.25,2.48,35.677125,139.7631875
0.0,2.67,35.677125,139.7633125
0.0,2.65,35.677125,139.7634375
0.0,2.63,35.677125,139.7635625
0.0,2.64,35.677125,139.7636875
0.0,2.63,35.677125,139.7638125
0.0,2.62,35.677125,139.7639375
0.0,2.65,35.677125,139.7640625
0.0,2.73,35.677125,139.7641875
0.0,2.72,35.677125,139.7643125
0.0,2.78,35.677125,139.7644375
0.0,2.81,35.677125,139.7645625
0.0,2.79,35.677125,139.7646875
0.0,2.7,35.677125,139.7648125
0.188,2.61,35.677125,139.7649375
0.0,3.33,35.677125,139.7650625
0.0,3.46,35.677125,139.7651875
0.0,3.51,35.677125,139.7653125
0.0,3.39,35.677125,139.7654375
0.0,3.27,35.677125,139.7655625
0.0,3.12,35.677125,139.7656875
0.0,3.44,35.677125,139.7658125
0.0,3.8,35.677125,139.7659375
0.0,4.06,35.677125,139.7660625
0.0,4.09,35.677125,139.7661875
0.0,4.04,35.677125,139.7663125
0.0,3.89,35.677125,139.7664375
0.0,3.87,35.677125,139.7665625
0.0,3.73,35.677125,139.7666875
0.0,3.79,35.677125,139.7668125
0.0,3.9,35.677125,139.7669375
0.0,3.94,35.677125,139.7670625
0.0,3.77,35.677125,139.7671875
0.0,3.58,35.677125,139.7673125
0.0,3.53,35.677125,139.7674375
0.0,3.55,35.677125,139.7675625
0.0,3.46,35.677125,139.7676875
0.0,3.52,35.677125,139.7678125
0.0,3.79,35.677125,139.7679375
0.0,4.09,35.677125,139.7680625
0.0,4.14,35.677125,139.7681875
0.0,4.09,35.677125,139.7683125
0.0,4.09,35.677125,139.7684375
0.0,4.07,35.677125,139.7685625
0.0,3.91,35.677125,139.7686875
0.0,4.03,35.677125,139.7688125
0.0,4.04,35.677125,139.7689375
0.0,4.04,35.677125,139.7690625
0.0,4.06,35.677125,139.7691875
0.0,3.19,35.677125,139.7693125
0.0,3.19,35.677125,139.7694375
0.0,3.19,35.677125,139.7695625
0.0,3.19,35.677125,139.7696875
0.0,3.19,35.677125,139.7698125
0.0,3.19,35.677125,139.7699375
0.0,4.29,35.677125,139.7700625
0.0,4.23,35.677125,139.7701875
0.0,4.27,35.677125,139.7703125
0.0,4.2,35.677125,139.7704375
0.0,4.32,35.677125,139.7705625
0.0,4.23,35.677125,139.7706875
0.0,4.08,35.677125,139.7708125
0.0,3.97,35.677125,139.7709375
0.0,3.86,35.677125,139.7710625
0.0,3.95,35.677125,139.7711875
0.0,3.99,35.677125,139.7713125
0.0,3.86,35.677125,139.7714375
0.0,3.91,35.677125,139.7715625
0.0,3.84,35.677125,139.7716875
0.0,3.78,35.677125,139.7718125
0.0,3.62,35.677125,139.7719375
0.0,3.37,35.677125,139.7720625
0.0,3.39,35.677125,139.7721875
0.0,3.3,35.677125,139.7723125
0.0,3.26,35.677125,139.7724375
0.0,3.38,35.677125,139.7725625
0.0,3.39,35.677125,139.7726875
0.0,3.4,35.677125,139.7728125
0.0,3.5,35.677125,139.7729375
0.0,3.31,35.677125,139.7730625
0.0,3.46,35.677125,139.7731875
0.0,3.58,35.677125,139.7733125
0.0,3.19,35.677125,139.7734375
0.0,3.06,35.677125,139.7735625
0.0,3.07,35.677125,139.7736875
0.0,3.0,35.677125,139.7738125
0.0,3.11,35.677125,139.7739375
0.0,3.02,35.677125,139.7740625
3.659,-0.86,35.677125,139.7741875
4.262,-1.47,35.677125,139.7743125
4.389,-1.6,35.677125,139.7744375
0.784,2.0,35.677125,139.7745625
0.316,2.48,35.677125,139.7746875
0.171,2.65,35.677125,139.7748125
0.34,2.55,35.677125,139.7749375
0.329,2.58,35.677125,139.7750625
0.391,2.55,35.677125,139.7751875
0.566,2.4,35.677125,139.7753125
0.488,2.48,35.677125,139.7754375
0.457,2.53,35.677125,139.7755625
0.64,2.35,35.677125,139.7756875
0.76,2.24,35.677125,139.7758125
0.775,2.22,35.677125,139.7759375
0.0,2.42,35.67704167,139.7604375
0.0,2.43,35.67704167,139.7605625
0.0,2.64,35.67704167,139.7606875
0.0,2.68,35.67704167,139.7608125
0.0,2.73,35.67704167,139.7609375
0.0,2.8,35.67704167,139.7610625
0.0,2.86,35.67704167,139.7611875
0.0,2.87,35.67704167,139.7613125
0.0,2.84,35.67704167,139.7614375
0.0,2.86,35.67704167,139.7615625
0.0,2.86,35.67704167,139.7616875
0.0,2.83,35.67704167,139.7618125
0.0,2.84,35.67704167,139.7619375
0.0,2.87,35.67704167,139.7620625
0.0,2.83,35.67704167,139.7621875
0.0,2.69,35.67704167,139.7623125
0.0,2.69,35.67704167,139.7624375
0.0,2.79,35.67704167,139.7625625
0.0,2.85,35.67704167,139.7626875
0.0,2.96,35.67704167,139.7628125
0.0,2.95,35.67704167,139.7629375
0.0,2.61,35.67704167,139.7630625
0.278,2.45,35.67704167,139.7631875
0.0,2.7,35.67704167,139.7633125
0.0,2.68,35.67704167,139.7634375
0.0,2.66,35.67704167,139.7635625
0.0,2.63,35.67704167,139.7636875
0.0,2.62,35.67704167,139.7638125
0.0,2.63,35.67704167,139.7639375
0.0,2.67,35.67704167,139.7640625
0.0,2.7,35.67704167,139.7641875
0.0,2.76,35.67704167,139.7643125
0.0,2.76,35.67704167,139.7644375
0.0,2.77,35.67704167,139.7645625
0.0,2.81,35.67704167,139.7646875
0.0,2.76,35.67704167,139.7648125
0.176,2.62,35.67704167,139.7649375
0.0,3.51,35.67704167,139.7650625
0.0,3.51,35.67704167,139.7651875
0.0,3.63,35.67704167,139.7653125
0.0,3.55,35.67704167,139.7654375
0.0,3.35,35.67704167,139.7655625
0.0,3.32,35.67704167,139.7656875
0.0,3.68,35.67704167,139.7658125
0.0,3.93,35.67704167,139.7659375
0.0,4.19,35.67704167,139.7660625
0.0,4.26,35.67704167,139.7661875
0.0,4.09,35.67704167,139.7663125
0.0,3.89,35.67704167,139.7664375
0.0,3.77,35.67704167,139.7665625
0.0,3.77,35.67704167,139.7666875
0.0,3.77,35.67704167,139.7668125
0.0,3.9,35.67704167,139.7669375
0.0,3.84,35.67704167,139.7670625
0.0,3.81,35.67704167,139.7671875
0.0,3.79,35.67704167,139.7673125
0.0,3.55,35.67704167,139.7674375
0.0,3.38,35.67704167,139.7675625
0.0,3.48,35.67704167,139.7676875
0.0,3.56,35.67704167,139.7678125
0.0,3.56,35.67704167,139.7679375
0.0,3.72,35.67704167,139.7680625
0.0,3.85,35.67704167,139.7681875
0.0,3.99,35.67704167,139.7683125
0.0,4.02,35.67704167,139.7684375
0.0,4.01,35.67704167,139.7685625
0.0,3.85,35.67704167,139.7686875
0.0,4.05,35.67704167,139.7688125
0.0,4.1,35.67704167,139.7689375
0.0,4.2,35.67704167,139.7690625
0.0,4.15,35.67704167,139.7691875
0.0,4.05,35.67704167,139.7693125
0.0,0.43,35.67704167,139.7694375
0.0,3.19,35.67704167,139.7695625
0.0,3.19,35.67704167,139.7696875
0.0,3.19,35.67704167,139.7698125
0.0,3.19,35.67704167,139.7699375
0.0,4.23,35.67704167,139.7700625
0.0,4.17,35.67704167,139.7701875
0.0,4.25,35.67704167,139.7703125
0.0,4.24,35.67704167,139.7704375
0.0,4.27,35.67704167,139.7705625
0.0,4.3,35.67704167,139.7706875
0.0,4.13,35.67704167,139.7708125
0.0,4.0,35.67704167,139.7709375
0.0,3.95,35.67704167,139.7710625
0.0,3.91,35.67704167,139.7711875
0.0,3.78,35.67704167,139.7713125
0.0,3.77,35.67704167,139.7714375
0.0,3.76,35.67704167,139.7715625
0.0,3.76,35.67704167,139.7716875
0.0,3.72,35.67704167,139.7718125
0.0,3.58,35.67704167,139.7719375
0.0,3.5,35.67704167,139.7720625
0.0,3.66,35.67704167,139.7721875
0.0,3.72,35.67704167,139.7723125
0.0,3.45,35.67704167,139.7724375
0.0,3.34,35.67704167,139.7725625
0.0,3.4,35.67704167,139.7726875
0.0,3.54,35.67704167,139.7728125
0.0,3.47,35.67704167,139.7729375
0.0,3.37,35.67704167,139.7730625
0.0,3.53,35.67704167,139.7731875
0.0,3.48,35.67704167,139.7733125
0.0,3.3,35.67704167,139.7734375
0.0,3.16,35.67704167,139.7735625
0.0,2.97,35.67704167,139.7736875
0.0,3.09,35.67704167,139.7738125
0.0,3.09,35.67704167,139.7739375
0.496,2.29,35.67704167,139.7740625
4.089,-1.29,35.67704167,139.7741875
4.255,-1.46,35.67704167,139.7743125
3.769,-0.98,35.67704167,139.7744375
0.602,2.19,35.67704167,139.7745625
0.313,2.49,35.67704167,139.7746875
0.091,2.71,35.67704167,139.7748125
0.209,2.67,35.67704167,139.7749375
0.336,2.6,35.67704167,139.7750625
0.484,2.47,35.67704167,139.7751875
0.538,2.42,35.67704167,139.7753125
0.502,2.46,35.67704167,139.7754375
0.414,2.56,35.67704167,139.7755625
0.587,2.41,35.67704167,139.7756875
0.755,2.24,35.67704167,139.7758125
0.715,2.28,35.67704167,139.7759375
0.0,2.35,35.67695833,139.7603125
0.0,2.44,35.67695833,139.7604375
0.0,2.42,35.67695833,139.7605625
0.0,2.65,35.67695833,139.7606875
0.0,2.7,35.67695833,139.7608125
0.0,2.75,35.67695833,139.7609375
0.0,2.79,35.67695833,139.7610625
0.0,2.82,35.67695833,139.7611875
0.0,2.85,35.67695833,139.7613125
0.0,2.87,35.67695833,139.7614375
0.0,2.86,35.67695833,139.7615625
0.0,2.86,35.67695833,139.7616875
0.0,2.81,35.67695833,139.7618125
0.0,2.92,35.67695833,139.7619375
0.0,2.88,35.67695833,139.7620625
0.0,2.93,35.67695833,139.7621875
0.0,2.81,35.67695833,139.7623125
0.0,2.57,35.67695833,139.7624375
0.0,2.6,35.67695833,139.7625625
0.0,2.56,35.67695833,139.7626875
0.0,2.65,35.67695833,139.7628125
0.0,2.64,35.67695833,139.7629375
0.0,2.55,35.67695833,139.7630625
0.0,2.54,35.67695833,139.7631875
0.0,2.71,35.67695833,139.7633125
0.0,2.7,35.67695833,139.7634375
0.0,2.68,35.67695833,139.7635625
0.0,2.68,35.67695833,139.7636875
0.0,2.66,35.67695833,139.7638125
0.0,2.65,35.67695833,139.7639375
0.0,2.68,35.67695833,139.7640625
0.0,2.71,35.67695833,139.7641875
0.0,2.77,35.67695833,139.7643125
0.0,2.75,35.67695833,139.7644375
0.0,2.68,35.67695833,139.7645625
0.0,2.66,35.67695833,139.7646875
0.0,2.73,35.67695833,139.7648125
0.0,2.98,35.67695833,139.7649375
0.0,3.6,35.67695833,139.7650625
0.0,3.65,35.67695833,139.7651875
0.0,3.66,35.67695833,139.7653125
0.0,3.72,35.67695833,139.7654375
0.0,3.36,35.67695833,139.7655625
0.0,3.52,35.67695833,139.7656875
0.0,3.82,35.67695833,139.7658125
0.0,4.07,35.67695833,139.7659375
0.0,4.26,35.67695833,139.7660625
0.0,4.29,35.67695833,139.7661875
0.0,4.12,35.67695833,139.7663125
0.0,3.97,35.67695833,139.7664375
0.0,3.73,35.67695833,139.7665625
0.0,3.69,35.67695833,139.7666875
0.0,3.79,35.67695833,139.7668125
0.0,3.86,35.67695833,139.7669375
0.0,3.75,35.67695833,139.7670625
0.0,4.0,35.67695833,139.7671875
0.0,3.73,35.67695833,139.7673125
0.0,3.61,35.67695833,139.7674375
0.0,3.51,35.67695833,139.7675625
0.0,3.43,35.67695833,139.7676875
0.0,3.51,35.67695833,139.7678125
0.0,3.64,35.67695833,139.7679375
0.0,3.67,35.67695833,139.7680625
0.0,3.7,35.67695833,139.7681875
0.0,3.8,35.67695833,139.7683125
0.0,3.92,35.67695833,139.7684375
0.0,3.88,35.67695833,139.7685625
0.0,3.95,35.67695833,139.7686875
0.0,4.05,35.67695833,139.7688125
0.0,4.11,35.67695833,139.7689375
0.0,4.33,35.67695833,139.7690625
0.0,4.24,35.67695833,139.7691875
0.0,4.15,35.67695833,139.7693125
0.0,4.12,35.67695833,139.7694375
0.0,4.01,35.67695833,139.7695625
0.0,3.19,35.67695833,139.7696875
0.0,3.19,35.67695833,139.7698125
0.0,3.49,35.67695833,139.7699375
0.0,4.24,35.67695833,139.7700625
0.0,4.22,35.67695833,139.7701875
0.0,4.22,35.67695833,139.7703125
0.0,4.32,35.67695833,139.7704375
0.0,4.25,35.67695833,139.7705625
0.0,4.24,35.67695833,139.7706875
0.0,4.17,35.67695833,139.7708125
0.0,4.09,35.67695833,139.7709375
0.0,4.01,35.67695833,139.7710625
0.0,4.01,35.67695833,139.7711875
0.0,3.81,35.67695833,139.7713125
0.0,3.73,35.67695833,139.7714375
0.0,3.67,35.67695833,139.7715625
0.0,3.69,35.67695833,139.7716875
0.0,3.7,35.67695833,139.7718125
0.0,3.61,35.67695833,139.7719375
0.0,3.59,35.67695833,139.7720625
0.0,3.71,35.67695833,139.7721875
0.0,3.76,35.67695833,139.7723125
0.0,3.63,35.67695833,139.7724375
0.0,3.53,35.67695833,139.7725625
0.0,3.45,35.67695833,139.7726875
0.0,3.61,35.67695833,139.7728125
0.0,3.43,35.67695833,139.7729375
0.0,3.36,35.67695833,139.7730625
0.0,3.54,35.67695833,139.7731875
0.0,3.48,35.67695833,139.7733125
0.0,3.27,35.67695833,139.7734375
0.0,3.2,35.67695833,139.7735625
0.0,3.0,35.67695833,139.7736875
0.0,3.21,35.67695833,139.7738125
0.0,3.16,35.67695833,139.7739375
2.304,0.48,35.67695833,139.7740625
4.335,-1.54,35.67695833,139.7741875
4.371,-1.58,35.67695833,139.7743125
1.718,1.07,35.67695833,139.7744375
0.482,2.31,35.67695833,139.7745625
0.0,2.59,35.67695833,139.7746875
0.029,2.81,35.67695833,139.7748125
0.0,2.73,35.67695833,139.7749375
0.316,2.63,35.67695833,139.7750625
0.516,2.43,35.67695833,139.7751875
0.517,2.44,35.67695833,139.7753125
0.548,2.42,35.67695833,139.7754375
0.485,2.49,35.67695833,139.7755625
0.614,2.37,35.67695833,139.7756875
0.719,2.27,35.67695833,139.7758125
0.624,2.37,35.67695833,139.7759375
0.0,2.23,35.676875,139.7603125
0.0,2.44,35.676875,139.7604375
0.0,2.41,35.676875,139.7605625
0.0,2.67,35.676875,139.7606875
0.0,2.71,35.676875,139.7608125
0.0,2.73,35.676875,139.7609375
0.0,2.76,35.676875,139.7610625
0.0,2.79,35.676875,139.7611875
0.0,2.81,35.676875,139.7613125
0.0,2.85,35.676875,139.7614375
0.0,2.85,35.676875,139.7615625
0.0,2.86,35.676875,139.7616875
0.0,2.75,35.676875,139.7618125
0.0,2.93,35.676875,139.7619375
0.0,2.85,35.676875,139.7620625
0.0,2.8,35.676875,139.7621875
0.0,2.81,35.676875,139.7623125
0.0,2.62,35.676875,139.7624375
0.0,2.64,35.676875,139.7625625
0.0,2.67,35.676875,139.7626875
0.0,2.61,35.676875,139.7628125
0.265,2.46,35.676875,139.7629375
0.0,2.49,35.676875,139.7630625
0.0,2.62,35.676875,139.7631875
0.0,2.69,35.676875,139.7633125
0.0,2.68,35.676875,139.7634375
0.0,2.69,35.676875,139.7635625
0.0,2.69,35.676875,139.7636875
0.0,2.69,35.676875,139.7638125
0.0,2.69,35.676875,139.7639375
0.0,2.72,35.676875,139.7640625
0.0,2.81,35.676875,139.7641875
0.0,2.76,35.676875,139.7643125
0.0,2.74,35.676875,139.7644375
0.0,2.68,35.676875,139.7645625
0.0,2.58,35.676875,139.7646875
0.0,2.55,35.676875,139.7648125
0.0,3.49,35.676875,139.7649375
0.0,3.6,35.676875,139.7650625
0.0,3.56,35.676875,139.7651875
0.0,3.58,35.676875,139.7653125
0.0,3.45,35.676875,139.7654375
0.0,3.35,35.676875,139.7655625
0.0,3.74,35.676875,139.7656875
0.0,3.99,35.676875,139.7658125
0.0,4.17,35.676875,139.7659375
0.0,4.31,35.676875,139.7660625
0.0,4.21,35.676875,139.7661875
0.0,4.06,35.676875,139.7663125
0.0,3.91,35.676875,139.7664375
0.0,3.75,35.676875,139.7665625
0.0,3.64,35.676875,139.7666875
0.0,3.75,35.676875,139.7668125
0.0,3.75,35.676875,139.7669375
0.0,3.8,35.676875,139.7670625
0.0,3.8,35.676875,139.7671875
0.0,3.69,35.676875,139.7673125
0.0,3.69,35.676875,139.7674375
0.0,3.67,35.676875,139.7675625
0.0,3.62,35.676875,139.7676875
0.0,3.57,35.676875,139.7678125
0.0,3.56,35.676875,139.7679375
0.0,3.66,35.676875,139.7680625
0.0,3.77,35.676875,139.7681875
0.0,3.79,35.676875,139.7683125
0.0,3.8,35.676875,139.7684375
0.0,3.79,35.676875,139.7685625
0.0,4.01,35.676875,139.7686875
0.0,4.07,35.676875,139.7688125
0.0,4.13,35.676875,139.7689375
0.0,4.28,35.676875,139.7690625
0.0,4.08,35.676875,139.7691875
0.0,4.07,35.676875,139.7693125
0.0,4.17,35.676875,139.7694375
0.0,4.3,35.676875,139.7695625
0.0,4.22,35.676875,139.7696875
0.0,2.88,35.676875,139.7698125
0.0,4.16,35.676875,139.7699375
0.0,4.18,35.676875,139.7700625
0.0,4.21,35.676875,139.7701875
0.0,4.25,35.676875,139.7703125
0.0,4.31,35.676875,139.7704375
0.0,4.27,35.676875,139.7705625
0.0,4.24,35.676875,139.7706875
0.0,4.08,35.676875,139.7708125
0.0,4.07,35.676875,139.7709375
0.0,4.06,35.676875,139.7710625
0.0,4.06,35.676875,139.7711875
0.0,3.94,35.676875,139.7713125
0.0,3.78,35.676875,139.7714375
0.0,3.76,35.676875,139.7715625
0.0,3.67,35.676875,139.7716875
0.0,3.64,35.676875,139.7718125
0.0,3.62,35.676875,139.7719375
0.0,3.62,35.676875,139.7720625
0.0,3.71,35.676875,139.7721875
0.0,3.74,35.676875,139.7723125
0.0,3.71,35.676875,139.7724375
0.0,3.49,35.676875,139.7725625
0.0,3.56,35.676875,139.7726875
0.0,3.59,35.676875,139.7728125
0.0,3.42,35.676875,139.7729375
0.0,3.33,35.676875,139.7730625
0.0,3.37,35.676875,139.7731875
0.0,3.47,35.676875,139.7733125
0.0,3.3,35.676875,139.7734375
0.0,3.12,35.676875,139.7735625
0.0,3.11,35.676875,139.7736875
0.0,3.04,35.676875,139.7738125
0.0,2.76,35.676875,139.7739375
3.521,-0.73,35.676875,139.7740625
4.315,-1.52,35.676875,139.7741875
4.05,-1.25,35.676875,139.7743125
0.492,2.29,35.676875,139.7744375
0.321,2.48,35.676875,139.7745625
0.278,2.52,35.676875,139.7746875
0.08,2.71,35.676875,139.7748125
0.0,2.8,35.676875,139.7749375
0.313,2.62,35.676875,139.7750625
0.389,2.55,35.676875,139.7751875
0.0,2.75,35.676875,139.7753125
0.371,2.6,35.676875,139.7754375
0.56,2.42,35.676875,139.7755625
0.624,2.36,35.676875,139.7756875
0.655,2.33,35.676875,139.7758125
0.559,2.43,35.676875,139.7759375
0.0,2.22,35.67679167,139.7603125
0.0,2.38,35.67679167,139.7604375
0.0,2.47,35.67679167,139.7605625
0.0,2.66,35.67679167,139.7606875
0.0,2.68,35.67679167,139.7608125
0.0,2.7,35.67679167,139.7609375
0.0,2.73,35.67679167,139.7610625
0.0,2.75,35.67679167,139.7611875
0.0,2.77,35.67679167,139.7613125
0.0,2.8,35.67679167,139.7614375
0.0,2.86,35.67679167,139.7615625
0.0,2.86,35.67679167,139.7616875
0.0,2.82,35.67679167,139.7618125
0.0,2.91,35.67679167,139.7619375
0.0,2.87,35.67679167,139.7620625
0.0,2.8,35.67679167,139.7621875
0.0,2.76,35.67679167,139.7623125
0.0,2.68,35.67679167,139.7624375
0.0,2.6,35.67679167,139.7625625
0.0,2.7,35.67679167,139.7626875
0.0,2.73,35.67679167,139.7628125
0.0,2.54,35.67679167,139.7629375
0.269,2.45,35.67679167,139.7630625
0.0,2.66,35.67679167,139.7631875
0.0,2.68,35.67679167,139.7633125
0.0,2.69,35.67679167,139.7634375
0.0,2.69,35.67679167,139.7635625
0.0,2.68,35.67679167,139.7636875
0.0,2.67,35.67679167,139.7638125
0.0,2.74,35.67679167,139.7639375
0.0,2.75,35.67679167,139.7640625
0.0,2.78,35.67679167,139.7641875
0.0,2.79,35.67679167,139.7643125
0.0,2.74,35.67679167,139.7644375
0.0,2.74,35.67679167,139.7645625
0.0,2.66,35.67679167,139.7646875
0.0,2.73,35.67679167,139.7648125
0.0,3.55,35.67679167,139.7649375
0.0,3.6,35.67679167,139.7650625
0.0,3.59,35.67679167,139.7651875
0.0,3.53,35.67679167,139.7653125
0.0,3.24,35.67679167,139.7654375
0.0,3.55,35.67679167,139.7655625
0.0,3.88,35.67679167,139.7656875
0.0,4.08,35.67679167,139.7658125
0.0,4.27,35.67679167,139.7659375
0.0,4.29,35.67679167,139.7660625
0.0,4.16,35.67679167,139.7661875
0.0,4.05,35.67679167,139.7663125
0.0,3.82,35.67679167,139.7664375
0.0,3.67,35.67679167,139.7665625
0.0,3.69,35.67679167,139.7666875
0.0,3.73,35.67679167,139.7668125
0.0,3.69,35.67679167,139.7669375
0.0,3.79,35.67679167,139.7670625
0.0,3.79,35.67679167,139.7671875
0.0,3.74,35.67679167,139.7673125
0.0,3.79,35.67679167,139.7674375
0.0,3.79,35.67679167,139.7675625
0.0,3.74,35.67679167,139.7676875
0.0,3.71,35.67679167,139.7678125
0.0,3.74,35.67679167,139.7679375
0.0,3.64,35.67679167,139.7680625
0.0,3.7,35.67679167,139.7681875
0.0,3.82,35.67679167,139.7683125
0.0,3.88,35.67679167,139.7684375
0.0,3.82,35.67679167,139.7685625
0.0,3.85,35.67679167,139.7686875
0.0,4.01,35.67679167,139.7688125
0.0,4.12,35.67679167,139.7689375
0.0,4.13,35.67679167,139.7690625
0.0,4.01,35.67679167,139.7691875
0.0,4.02,35.67679167,139.7693125
0.0,4.22,35.67679167,139.7694375
0.0,4.42,35.67679167,139.7695625
0.0,4.42,35.67679167,139.7696875
0.0,4.27,35.67679167,139.7698125
0.0,4.19,35.67679167,139.7699375
0.0,4.15,35.67679167,139.7700625
0.0,4.16,35.67679167,139.7701875
0.0,4.27,35.67679167,139.7703125
0.0,4.24,35.67679167,139.7704375
0.0,4.26,35.67679167,139.7705625
0.0,4.19,35.67679167,139.7706875
0.0,4.23,35.67679167,139.7708125
0.0,4.21,35.67679167,139.7709375
0.0,4.12,35.67679167,139.7710625
0.0,4.03,35.67679167,139.7711875
0.0,3.98,35.67679167,139.7713125
0.0,3.9,35.67679167,139.7714375
0.0,3.91,35.67679167,139.7715625
0.0,3.78,35.67679167,139.7716875
0.0,3.65,35.67679167,139.7718125
0.0,3.61,35.67679167,139.7719375
0.0,3.6,35.67679167,139.7720625
0.0,3.7,35.67679167,139.7721875
0.0,3.7,35.67679167,139.7723125
0.0,3.66,35.67679167,139.7724375
0.0,3.48,35.67679167,139.7725625
0.0,3.65,35.67679167,139.7726875
0.0,3.55,35.67679167,139.7728125
0.0,3.49,35.67679167,139.7729375
0.0,3.43,35.67679167,139.7730625
0.0,3.28,35.67679167,139.7731875
0.0,3.18,35.67679167,139.7733125
0.0,3.21,35.67679167,139.7734375
0.0,3.02,35.67679167,139.7735625
0.0,3.22,35.67679167,139.7736875
0.0,3.03,35.67679167,139.7738125
1.509,1.27,35.67679167,139.7739375
4.313,-1.52,35.67679167,139.7740625
4.321,-1.53,35.67679167,139.7741875
2.515,0.27,35.67679167,139.7743125
0.055,2.74,35.67679167,139.7744375
0.0,2.58,35.67679167,139.7745625
0.219,2.6,35.67679167,139.7746875
0.25,2.57,35.67679167,139.7748125
0.244,2.67,35.67679167,139.7749375
0.375,2.56,35.67679167,139.7750625
0.285,2.66,35.67679167,139.7751875
0.0,2.76,35.67679167,139.7753125
0.35,2.62,35.67679167,139.7754375
0.471,2.51,35.67679167,139.7755625
0.596,2.39,35.67679167,139.7756875
0.592,2.4,35.67679167,139.7758125
0.489,2.5,35.67679167,139.7759375
0.0,2.34,35.67670833,139.7603125
0.0,2.33,35.67670833,139.7604375
0.0,2.54,35.67670833,139.7605625
0.0,2.67,35.67670833,139.7606875
0.0,2.69,35.67670833,139.7608125
0.0,2.69,35.67670833,139.7609375
0.0,2.71,35.67670833,139.7610625
0.0,2.72,35.67670833,139.7611875
0.0,2.74,35.67670833,139.7613125
0.0,2.77,35.67670833,139.7614375
0.0,2.81,35.67670833,139.7615625
0.0,2.82,35.67670833,139.7616875
0.0,2.83,35.67670833,139.7618125
0.0,2.91,35.67670833,139.7619375
0.0,2.91,35.67670833,139.7620625
0.0,2.88,35.67670833,139.7621875
0.0,2.78,35.67670833,139.7623125
0.0,2.74,35.67670833,139.7624375
0.0,2.68,35.67670833,139.7625625
0.0,2.63,35.67670833,139.7626875
0.0,2.72,35.67670833,139.7628125
0.0,2.49,35.67670833,139.7629375
0.264,2.46,35.67670833,139.7630625
0.0,2.72,35.67670833,139.7631875
0.0,2.72,35.67670833,139.7633125
0.0,2.69,35.67670833,139.7634375
0.0,2.68,35.67670833,139.7635625
0.0,2.68,35.67670833,139.7636875
0.0,2.69,35.67670833,139.7638125
0.0,2.7,35.67670833,139.7639375
0.0,2.76,35.67670833,139.7640625
0.0,2.78,35.67670833,139.7641875
0.0,2.71,35.67670833,139.7643125
0.0,2.67,35.67670833,139.7644375
0.0,2.67,35.67670833,139.7645625
0.0,2.58,35.67670833,139.7646875
0.0,3.3,35.67670833,139.7648125
0.0,3.64,35.67670833,139.7649375
0.0,3.6,35.67670833,139.7650625
0.0,3.62,35.67670833,139.7651875
0.0,3.43,35.67670833,139.7653125
0.0,3.37,35.67670833,139.7654375
0.0,3.72,35.67670833,139.7655625
0.0,3.94,35.67670833,139.7656875
0.0,4.12,35.67670833,139.7658125
0.0,4.31,35.67670833,139.7659375
0.0,4.27,35.67670833,139.7660625
0.0,4.1,35.67670833,139.7661875
0.0,3.99,35.67670833,139.7663125
0.0,3.67,35.67670833,139.7664375
0.0,3.66,35.67670833,139.7665625
0.0,3.73,35.67670833,139.7666875
0.0,3.66,35.67670833,139.7668125
0.0,3.72,35.67670833,139.7669375
0.0,3.8,35.67670833,139.7670625
0.0,3.82,35.67670833,139.7671875
0.0,3.81,35.67670833,139.7673125
0.0,3.86,35.67670833,139.7674375
0.0,3.93,35.67670833,139.7675625
0.0,3.97,35.67670833,139.7676875
0.0,3.87,35.67670833,139.7678125
0.0,3.75,35.67670833,139.7679375
0.0,3.74,35.67670833,139.7680625
0.0,3.8,35.67670833,139.7681875
0.0,3.78,35.67670833,139.7683125
0.0,3.84,35.67670833,139.7684375
0.0,3.83,35.67670833,139.7685625
0.0,3.78,35.67670833,139.7686875
0.0,3.83,35.67670833,139.7688125
0.0,3.99,35.67670833,139.7689375
0.0,4.07,35.67670833,139.7690625
0.0,4.04,35.67670833,139.7691875
0.0,4.04,35.67670833,139.7693125
0.0,4.26,35.67670833,139.7694375
0.0,4.38,35.67670833,139.7695625
0.0,4.38,35.67670833,139.7696875
0.0,4.34,35.67670833,139.7698125
0.0,4.2,35.67670833,139.7699375
0.0,4.2,35.67670833,139.7700625
0.0,4.13,35.67670833,139.7701875
0.0,4.25,35.67670833,139.7703125
0.0,4.25,35.67670833,139.7704375
0.0,4.29,35.67670833,139.7705625
0.0,4.23,35.67670833,139.7706875
0.0,4.4,35.67670833,139.7708125
0.0,4.37,35.67670833,139.7709375
0.0,4.27,35.67670833,139.7710625
0.0,4.15,35.67670833,139.7711875
0.0,3.96,35.67670833,139.7713125
0.0,3.89,35.67670833,139.7714375
0.0,3.89,35.67670833,139.7715625
0.0,3.84,35.67670833,139.7716875
0.0,3.64,35.67670833,139.7718125
0.0,3.66,35.67670833,139.7719375
0.0,3.57,35.67670833,139.7720625
0.0,3.55,35.67670833,139.7721875
0.0,3.62,35.67670833,139.7723125
0.0,3.58,35.67670833,139.7724375
0.0,3.54,35.67670833,139.7725625
0.0,3.66,35.67670833,139.7726875
0.0,3.5,35.67670833,139.7728125
0.0,3.62,35.67670833,139.7729375
0.0,3.62,35.67670833,139.7730625
0.0,3.53,35.67670833,139.7731875
0.0,3.21,35.67670833,139.7733125
0.0,3.09,35.67670833,139.7734375
0.0,3.08,35.67670833,139.7735625
0.0,3.31,35.67670833,139.7736875
0.0,3.38,35.67670833,139.7738125
3.501,-0.71,35.67670833,139.7739375
4.292,-1.5,35.67670833,139.7740625
4.396,-1.6,35.67670833,139.7741875
0.658,2.12,35.67670833,139.7743125
0.0,2.65,35.67670833,139.7744375
0.083,2.72,35.67670833,139.7745625
0.0,2.71,35.67670833,139.7746875
0.202,2.63,35.67670833,139.7748125
0.344,2.58,35.67670833,139.7749375
0.456,2.48,35.67670833,139.7750625
0.314,2.63,35.67670833,139.7751875
0.277,2.67,35.67670833,139.7753125
0.379,2.58,35.67670833,139.7754375
0.504,2.47,35.67670833,139.7755625
0.551,2.43,35.67670833,139.7756875
0.4,2.58,35.67670833,139.7758125
0.403,2.59,35.67670833,139.7759375
0.0,2.2,35.676625,139.7601875
0.0,2.33,35.676625,139.7603125
0.0,2.33,35.676625,139.7604375
0.0,2.67,35.676625,139.7605625
0.0,2.66,35.676625,139.7606875
0.0,2.7,35.676625,139.7608125
0.0,2.71,35.676625,139.7609375
0.0,2.71,35.676625,139.7610625
0.0,2.73,35.676625,139.7611875
0.0,2.73,35.676625,139.7613125
0.0,2.75,35.676625,139.7614375
0.0,2.82,35.676625,139.7615625
0.0,2.82,35.676625,139.7616875
0.0,2.87,35.676625,139.7618125
0.0,2.92,35.676625,139.7619375
0.0,2.91,35.676625,139.7620625
0.0,2.9,35.676625,139.7621875
0.0,2.77,35.676625,139.7623125
0.0,2.71,35.676625,139.7624375
0.0,2.69,35.676625,139.7625625
0.0,2.67,35.676625,139.7626875
0.0,2.66,35.676625,139.7628125
0.308,2.41,35.676625,139.7629375
0.0,2.48,35.676625,139.7630625
0.0,2.73,35.676625,139.7631875
0.0,2.76,35.676625,139.7633125
0.0,2.76,35.676625,139.7634375
0.0,2.72,35.676625,139.7635625
0.0,2.69,35.676625,139.7636875
0.0,2.68,35.676625,139.7638125
0.0,2.74,35.676625,139.7639375
0.0,2.83,35.676625,139.7640625
0.0,2.79,35.676625,139.7641875
0.0,2.71,35.676625,139.7643125
0.0,2.62,35.676625,139.7644375
0.0,2.56,35.676625,139.7645625
0.0,2.63,35.676625,139.7646875
0.0,3.59,35.676625,139.7648125
0.0,3.61,35.676625,139.7649375
0.0,3.62,35.676625,139.7650625
0.0,3.56,35.676625,139.7651875
0.0,3.35,35.676625,139.7653125
0.0,3.59,35.676625,139.7654375
0.0,3.75,35.676625,139.7655625
0.0,3.9,35.676625,139.7656875
0.0,4.05,35.676625,139.7658125
0.0,4.19,35.676625,139.7659375
0.0,4.13,35.676625,139.7660625
0.0,4.06,35.676625,139.7661875
0.0,3.54,35.676625,139.7663125
0.0,3.55,35.676625,139.7664375
0.0,3.7,35.676625,139.7665625
0.0,3.78,35.676625,139.7666875
0.0,3.63,35.676625,139.7668125
0.0,3.82,35.676625,139.7669375
0.0,3.9,35.676625,139.7670625
0.0,3.86,35.676625,139.7671875
0.0,3.89,35.676625,139.7673125
0.0,3.81,35.676625,139.7674375
0.0,3.94,35.676625,139.7675625
0.0,4.0,35.676625,139.7676875
0.0,4.04,35.676625,139.7678125
0.0,3.85,35.676625,139.7679375
0.0,3.77,35.676625,139.7680625
0.0,3.94,35.676625,139.7681875
0.0,3.97,35.676625,139.7683125
0.0,3.82,35.676625,139.7684375
0.0,3.78,35.676625,139.7685625
0.0,3.85,35.676625,139.7686875
0.0,3.86,35.676625,139.7688125
0.0,3.82,35.676625,139.7689375
0.0,3.92,35.676625,139.7690625
0.0,4.04,35.676625,139.7691875
0.0,4.07,35.676625,139.7693125
0.0,4.28,35.676625,139.7694375
0.0,4.3,35.676625,139.7695625
0.0,4.31,35.676625,139.7696875
0.0,4.28,35.676625,139.7698125
0.0,4.14,35.676625,139.7699375
0.0,4.19,35.676625,139.7700625
0.0,4.2,35.676625,139.7701875
0.0,4.22,35.676625,139.7703125
0.0,4.22,35.676625,139.7704375
0.0,4.17,35.676625,139.7705625
0.0,4.37,35.676625,139.7706875
0.0,4.46,35.676625,139.7708125
0.0,4.41,35.676625,139.7709375
0.0,4.43,35.676625,139.7710625
0.0,4.27,35.676625,139.7711875
0.0,4.13,35.676625,139.7713125
0.0,4.01,35.676625,139.7714375
0.0,3.85,35.676625,139.7715625
0.0,3.79,35.676625,139.7716875
0.0,3.69,35.676625,139.7718125
0.0,3.58,35.676625,139.7719375
0.0,3.64,35.676625,139.7720625
0.0,3.54,35.676625,139.7721875
0.0,3.45,35.676625,139.7723125
0.0,3.47,35.676625,139.7724375
0.0,3.65,35.676625,139.7725625
0.0,3.61,35.676625,139.7726875
0.0,3.52,35.676625,139.7728125
0.0,3.66,35.676625,139.7729375
0.0,3.61,35.676625,139.7730625
0.0,3.56,35.676625,139.7731875
0.0,3.3,35.676625,139.7733125
0.0,3.05,35.676625,139.7734375
0.0,3.18,35.676625,139.7735625
0.0,3.41,35.676625,139.7736875
0.509,2.28,35.676625,139.7738125
4.247,-1.45,35.676625,139.7739375
4.293,-1.5,35.676625,139.7740625
3.404,-0.61,35.676625,139.7741875
0.0,2.56,35.676625,139.7743125
0.065,2.75,35.676625,139.7744375
0.084,2.8,35.676625,139.7745625
0.0,2.72,35.676625,139.7746875
0.365,2.56,35.676625,139.7748125
0.427,2.51,35.676625,139.7749375
0.363,2.58,35.676625,139.7750625
0.411,2.53,35.676625,139.7751875
0.4,2.55,35.676625,139.7753125
0.43,2.53,35.676625,139.7754375
0.518,2.45,35.676625,139.7755625
0.516,2.46,35.676625,139.7756875
0.285,2.69,35.676625,139.7758125
0.0,2.78,35.676625,139.7759375
0.0,2.14,35.67654167,139.7601875
0.0,2.37,35.67654167,139.7603125
0.0,2.32,35.67654167,139.7604375
0.0,2.72,35.67654167,139.7605625
0.0,2.68,35.67654167,139.7606875
0.0,2.71,35.67654167,139.7608125
0.0,2.72,35.67654167,139.7609375
0.0,2.73,35.67654167,139.7610625
0.0,2.74,35.67654167,139.7611875
0.0,2.74,35.67654167,139.7613125
0.0,2.77,35.67654167,139.7614375
0.0,2.79,35.67654167,139.7615625
0.0,2.77,35.67654167,139.7616875
0.0,2.91,35.67654167,139.7618125
0.0,2.92,35.67654167,139.7619375
0.0,2.91,35.67654167,139.7620625
0.0,2.88,35.67654167,139.7621875
0.0,2.75,35.67654167,139.7623125
0.0,2.68,35.67654167,139.7624375
0.0,2.64,35.67654167,139.7625625
0.0,2.63,35.67654167,139.7626875
0.0,2.6,35.67654167,139.7628125
0.32,2.4,35.67654167,139.7629375
0.0,2.56,35.67654167,139.7630625
0.0,2.71,35.67654167,139.7631875
0.0,2.75,35.67654167,139.7633125
0.0,2.77,35.67654167,139.7634375
0.0,2.79,35.67654167,139.7635625
0.0,2.76,35.67654167,139.7636875
0.0,2.74,35.67654167,139.7638125
0.0,2.79,35.67654167,139.7639375
0.0,2.8,35.67654167,139.7640625
0.0,2.79,35.67654167,139.7641875
0.0,2.7,35.67654167,139.7643125
0.0,2.63,35.67654167,139.7644375
0.0,2.56,35.67654167,139.7645625
0.0,3.22,35.67654167,139.7646875
0.0,3.59,35.67654167,139.7648125
0.0,3.61,35.67654167,139.7649375
0.0,3.58,35.67654167,139.7650625
0.0,3.5,35.67654167,139.7651875
0.0,3.51,35.67654167,139.7653125
0.0,3.79,35.67654167,139.7654375
0.0,3.88,35.67654167,139.7655625
0.0,3.81,35.67654167,139.7656875
0.0,3.88,35.67654167,139.7658125
0.0,4.02,35.67654167,139.7659375
0.0,4.03,35.67654167,139.7660625
0.0,3.99,35.67654167,139.7661875
0.0,1.04,35.67654167,139.7663125
0.0,2.96,35.67654167,139.7664375
0.0,3.73,35.67654167,139.7665625
0.0,3.71,35.67654167,139.7666875
0.0,3.67,35.67654167,139.7668125
0.0,3.87,35.67654167,139.7669375
0.0,3.86,35.67654167,139.7670625
0.0,3.85,35.67654167,139.7671875
0.0,4.02,35.67654167,139.7673125
0.0,4.01,35.67654167,139.7674375
0.0,4.0,35.67654167,139.7675625
0.0,4.05,35.67654167,139.7676875
0.0,4.06,35.67654167,139.7678125
0.0,3.94,35.67654167,139.7679375
0.0,3.91,35.67654167,139.7680625
0.0,3.87,35.67654167,139.7681875
0.0,3.96,35.67654167,139.7683125
0.0,4.01,35.67654167,139.7684375
0.0,3.99,35.67654167,139.7685625
0.0,3.82,35.67654167,139.7686875
0.0,3.82,35.67654167,139.7688125
0.0,3.89,35.67654167,139.7689375
0.0,3.91,35.67654167,139.7690625
0.0,3.87,35.67654167,139.7691875
0.0,4.01,35.67654167,139.7693125
0.0,4.2,35.67654167,139.7694375
0.0,4.22,35.67654167,139.7695625
0.0,4.26,35.67654167,139.7696875
0.0,4.21,35.67654167,139.7698125
0.0,4.18,35.67654167,139.7699375
0.0,4.2,35.67654167,139.7700625
0.0,4.32,35.67654167,139.7701875
0.0,4.32,35.67654167,139.7703125
0.0,4.24,35.67654167,139.7704375
0.0,4.15,35.67654167,139.7705625
0.0,4.27,35.67654167,139.7706875
0.0,4.39,35.67654167,139.7708125
0.0,4.38,35.67654167,139.7709375
0.0,4.45,35.67654167,139.7710625
0.0,4.28,35.67654167,139.7711875
0.0,4.12,35.67654167,139.7713125
0.0,4.06,35.67654167,139.7714375
0.0,3.9,35.67654167,139.7715625
0.0,3.84,35.67654167,139.7716875
0.0,3.72,35.67654167,139.7718125
0.0,3.62,35.67654167,139.7719375
0.0,3.61,35.67654167,139.7720625
0.0,3.71,35.67654167,139.7721875
0.0,3.58,35.67654167,139.7723125
0.0,3.53,35.67654167,139.7724375
0.0,3.65,35.67654167,139.7725625
0.0,3.51,35.67654167,139.7726875
0.0,3.6,35.67654167,139.7728125
0.0,3.61,35.67654167,139.7729375
0.0,3.47,35.67654167,139.7730625
0.0,3.39,35.67654167,139.7731875
0.0,3.21,35.67654167,139.7733125
0.0,3.05,35.67654167,139.7734375
0.0,3.36,35.67654167,139.7735625
0.0,3.51,35.67654167,139.7736875
2.989,-0.2,35.67654167,139.7738125
4.369,-1.58,35.67654167,139.7739375
4.375,-1.58,35.67654167,139.7740625
1.36,1.43,35.67654167,139.7741875
0.0,3.0,35.67654167,139.7743125
0.255,2.66,35.67654167,139.7744375
0.237,2.69,35.67654167,139.7745625
0.268,2.67,35.67654167,139.7746875
0.403,2.53,35.67654167,139.7748125
0.485,2.45,35.67654167,139.7749375
0.38,2.56,35.67654167,139.7750625
0.224,2.72,35.67654167,139.7751875
0.339,2.62,35.67654167,139.7753125
0.481,2.48,35.67654167,139.7754375
0.518,2.44,35.67654167,139.7755625
0.351,2.61,35.67654167,139.7756875
0.293,2.67,35.67654167,139.7758125
0.0,2.87,35.67654167,139.7759375
0.0,2.13,35.67645833,139.7601875
0.0,2.32,35.67645833,139.7603125
0.0,2.34,35.67645833,139.7604375
0.0,2.68,35.67645833,139.7605625
0.0,2.71,35.67645833,139.7606875
0.0,2.71,35.67645833,139.7608125
0.0,2.73,35.67645833,139.7609375
0.0,2.74,35.67645833,139.7610625
0.0,2.74,35.67645833,139.7611875
0.0,2.75,35.67645833,139.7613125
0.0,2.8,35.67645833,139.7614375
0.0,2.78,35.67645833,139.7615625
0.0,2.73,35.67645833,139.7616875
0.0,2.91,35.67645833,139.7618125
0.0,2.91,35.67645833,139.7619375
0.0,2.92,35.67645833,139.7620625
0.0,2.89,35.67645833,139.7621875
0.0,2.79,35.67645833,139.7623125
0.0,2.67,35.67645833,139.7624375
0.0,2.62,35.67645833,139.7625625
0.0,2.63,35.67645833,139.7626875
0.0,2.57,35.67645833,139.7628125
0.331,2.39,35.67645833,139.7629375
0.0,2.62,35.67645833,139.7630625
0.0,2.73,35.67645833,139.7631875
0.0,2.73,35.67645833,139.7633125
0.0,2.75,35.67645833,139.7634375
0.0,2.78,35.67645833,139.7635625
0.0,2.82,35.67645833,139.7636875
0.0,2.74,35.67645833,139.7638125
0.0,2.77,35.67645833,139.7639375
0.0,2.78,35.67645833,139.7640625
0.0,2.76,35.67645833,139.7641875
0.0,2.69,35.67645833,139.7643125
0.0,2.62,35.67645833,139.7644375
0.0,2.64,35.67645833,139.7645625
0.0,3.53,35.67645833,139.7646875
0.0,3.59,35.67645833,139.7648125
0.0,3.68,35.67645833,139.7649375
0.0,3.58,35.67645833,139.7650625
0.0,3.36,35.67645833,139.7651875
0.0,3.61,35.67645833,139.7653125
0.0,3.89,35.67645833,139.7654375
0.0,3.86,35.67645833,139.7655625
0.0,3.85,35.67645833,139.7656875
0.0,3.77,35.67645833,139.7658125
0.0,3.88,35.67645833,139.7659375
0.0,3.93,35.67645833,139.7660625
0.0,3.5,35.67645833,139.7661875
0.0,1.6,35.67645833,139.7663125
0.0,3.86,35.67645833,139.7664375
0.0,3.77,35.67645833,139.7665625
0.0,3.63,35.67645833,139.7666875
0.0,3.72,35.67645833,139.7668125
0.0,3.9,35.67645833,139.7669375
0.0,3.92,35.67645833,139.7670625
0.0,3.92,35.67645833,139.7671875
0.0,4.13,35.67645833,139.7673125
0.0,4.21,35.67645833,139.7674375
0.0,4.14,35.67645833,139.7675625
0.0,3.67,35.67645833,139.7676875
0.0,4.07,35.67645833,139.7678125
0.0,4.03,35.67645833,139.7679375
0.0,4.0,35.67645833,139.7680625
0.0,4.03,35.67645833,139.7681875
0.0,4.09,35.67645833,139.7683125
0.0,4.15,35.67645833,139.7684375
0.0,4.31,35.67645833,139.7685625
0.0,4.17,35.67645833,139.7686875
0.0,3.94,35.67645833,139.7688125
0.0,3.86,35.67645833,139.7689375
0.0,3.92,35.67645833,139.7690625
0.0,3.9,35.67645833,139.7691875
0.0,3.89,35.67645833,139.7693125
0.0,4.04,35.67645833,139.7694375
0.0,4.14,35.67645833,139.7695625
0.0,4.21,35.67645833,139.7696875
0.0,4.13,35.67645833,139.7698125
0.0,4.2,35.67645833,139.7699375
0.0,4.24,35.67645833,139.7700625
0.0,4.32,35.67645833,139.7701875
0.0,4.38,35.67645833,139.7703125
0.0,4.39,35.67645833,139.7704375
0.0,4.17,35.67645833,139.7705625
0.0,4.23,35.67645833,139.7706875
0.0,4.29,35.67645833,139.7708125
0.0,4.23,35.67645833,139.7709375
0.0,4.3,35.67645833,139.7710625
0.0,4.22,35.67645833,139.7711875
0.0,4.17,35.67645833,139.7713125
0.0,4.11,35.67645833,139.7714375
0.0,3.93,35.67645833,139.7715625
0.0,3.9,35.67645833,139.7716875
0.0,3.73,35.67645833,139.7718125
0.0,3.62,35.67645833,139.7719375
0.0,3.55,35.67645833,139.7720625
0.0,3.62,35.67645833,139.7721875
0.0,3.51,35.67645833,139.7723125
0.0,3.5,35.67645833,139.7724375
0.0,3.54,35.67645833,139.7725625
0.0,3.45,35.67645833,139.7726875
0.0,3.65,35.67645833,139.7728125
0.0,3.56,35.67645833,139.7729375
0.0,3.42,35.67645833,139.7730625
0.0,3.25,35.67645833,139.7731875
0.0,3.08,35.67645833,139.7733125
0.0,3.09,35.67645833,139.7734375
0.0,3.02,35.67645833,139.7735625
0.366,2.42,35.67645833,139.7736875
4.184,-1.39,35.67645833,139.7738125
4.355,-1.56,35.67645833,139.7739375
3.976,-1.19,35.67645833,139.7740625
0.0,2.94,35.67645833,139.7741875
0.048,2.88,35.67645833,139.7743125
0.46,2.47,35.67645833,139.7744375
0.429,2.5,35.67645833,139.7745625
0.526,2.41,35.67645833,139.7746875
0.543,2.4,35.67645833,139.7748125
0.529,2.41,35.67645833,139.7749375
0.443,2.5,35.67645833,139.7750625
0.345,2.6,35.67645833,139.7751875
0.343,2.61,35.67645833,139.7753125
0.506,2.45,35.67645833,139.7754375
0.464,2.49,35.67645833,139.7755625
0.328,2.63,35.67645833,139.7756875
0.0,2.76,35.67645833,139.7758125
0.0,2.78,35.67645833,139.7759375
0.0,2.18,35.676375,139.7601875
0.0,2.28,35.676375,139.7603125
0.0,2.24,35.676375,139.7604375
0.0,2.4,35.676375,139.7605625
0.0,2.57,35.676375,139.7606875
0.0,2.65,35.676375,139.7608125
0.0,2.73,35.676375,139.7609375
0.0,2.71,35.676375,139.7610625
0.0,2.71,35.676375,139.7611875
0.0,2.74,35.676375,139.7613125
0.0,2.77,35.676375,139.7614375
0.0,2.7,35.676375,139.7615625
0.0,2.74,35.676375,139.7616875
0.0,2.92,35.676375,139.7618125
0.0,2.91,35.676375,139.7619375
0.0,2.89,35.676375,139.7620625
0.0,2.84,35.676375,139.7621875
0.0,2.78,35.676375,139.7623125
0.0,2.66,35.676375,139.7624375
0.0,2.62,35.676375,139.7625625
0.0,2.58,35.676375,139.7626875
0.334,2.39,35.676375,139.7628125
0.359,2.36,35.676375,139.7629375
0.0,2.67,35.676375,139.7630625
0.0,2.68,35.676375,139.7631875
0.0,2.7,35.676375,139.7633125
0.0,2.71,35.676375,139.7634375
0.0,2.71,35.676375,139.7635625
0.0,2.77,35.676375,139.7636875
0.0,2.76,35.676375,139.7638125
0.0,2.77,35.676375,139.7639375
0.0,2.76,35.676375,139.7640625
0.0,2.74,35.676375,139.7641875
0.0,2.68,35.676375,139.7643125
0.0,2.68,35.676375,139.7644375
0.0,3.2,35.676375,139.7645625
0.0,3.52,35.676375,139.7646875
0.0,3.53,35.676375,139.7648125
0.0,3.66,35.676375,139.7649375
0.0,3.53,35.676375,139.7650625
0.0,3.47,35.676375,139.7651875
0.0,3.77,35.676375,139.7653125
0.0,3.95,35.676375,139.7654375
0.0,4.02,35.676375,139.7655625
0.0,3.92,35.676375,139.7656875
0.0,3.86,35.676375,139.7658125
0.0,3.86,35.676375,139.7659375
0.0,3.83,35.676375,139.7660625
0.0,2.34,35.676375,139.7661875
0.0,3.91,35.676375,139.7663125
0.0,3.72,35.676375,139.7664375
0.0,3.76,35.676375,139.7665625
0.0,3.58,35.676375,139.7666875
0.0,3.83,35.676375,139.7668125
0.0,3.91,35.676375,139.7669375
0.0,3.97,35.676375,139.7670625
0.0,4.05,35.676375,139.7671875
0.0,4.12,35.676375,139.7673125
0.0,4.31,35.676375,139.7674375
0.0,2.7,35.676375,139.7675625
0.0,0.24,35.676375,139.7676875
0.0,2.43,35.676375,139.7678125
0.0,3.78,35.676375,139.7679375
0.0,4.12,35.676375,139.7680625
0.0,4.18,35.676375,139.7681875
0.0,4.14,35.676375,139.7683125
0.0,4.25,35.676375,139.7684375
0.0,4.32,35.676375,139.7685625
0.0,4.31,35.676375,139.7686875
0.0,4.29,35.676375,139.7688125
0.0,4.07,35.676375,139.7689375
0.0,3.95,35.676375,139.7690625
0.0,3.91,35.676375,139.7691875
0.0,3.99,35.676375,139.7693125
0.0,4.0,35.676375,139.7694375
0.0,4.04,35.676375,139.7695625
0.0,4.05,35.676375,139.7696875
0.0,4.14,35.676375,139.7698125
0.0,4.15,35.676375,139.7699375
0.0,4.28,35.676375,139.7700625
0.0,4.24,35.676375,139.7701875
0.0,4.36,35.676375,139.7703125
0.0,4.46,35.676375,139.7704375
0.0,4.31,35.676375,139.7705625
0.0,4.31,35.676375,139.7706875
0.0,4.3,35.676375,139.7708125
0.0,4.18,35.676375,139.7709375
0.0,4.16,35.676375,139.7710625
0.0,4.19,35.676375,139.7711875
0.0,4.24,35.676375,139.7713125
0.0,4.07,35.676375,139.7714375
0.0,3.94,35.676375,139.7715625
0.0,3.95,35.676375,139.7716875
0.0,3.8,35.676375,139.7718125
0.0,3.67,35.676375,139.7719375
0.0,3.59,35.676375,139.7720625
0.0,3.56,35.676375,139.7721875
0.0,3.54,35.676375,139.7723125
0.0,3.21,35.676375,139.7724375
0.0,3.47,35.676375,139.7725625
0.0,3.55,35.676375,139.7726875
0.0,3.65,35.676375,139.7728125
0.0,3.55,35.676375,139.7729375
0.0,3.4,35.676375,139.7730625
0.0,3.2,35.676375,139.7731875
0.0,3.05,35.676375,139.7733125
0.0,3.16,35.676375,139.7734375
0.0,2.86,35.676375,139.7735625
2.09,0.69,35.676375,139.7736875
4.366,-1.57,35.676375,139.7738125
4.325,-1.53,35.676375,139.7739375
2.049,0.74,35.676375,139.7740625
0.0,3.48,35.676375,139.7741875
0.0,2.82,35.676375,139.7743125
0.328,2.6,35.676375,139.7744375
0.594,2.34,35.676375,139.7745625
0.673,2.26,35.676375,139.7746875
0.675,2.26,35.676375,139.7748125
0.513,2.42,35.676375,139.7749375
0.451,2.49,35.676375,139.7750625
0.423,2.52,35.676375,139.7751875
0.388,2.56,35.676375,139.7753125
0.495,2.46,35.676375,139.7754375
0.353,2.6,35.676375,139.7755625
0.245,2.71,35.676375,139.7756875
0.0,2.8,35.676375,139.7758125
0.0,2.83,35.676375,139.7759375
0.0,3.49,35.67629167,139.7570625
0.0,3.47,35.67629167,139.7571875
0.0,2.04,35.67629167,139.7600625
0.0,2.22,35.67629167,139.7601875
0.0,2.22,35.67629167,139.7603125
0.0,2.32,35.67629167,139.7604375
0.0,2.34,35.67629167,139.7605625
0.0,2.31,35.67629167,139.7606875
0.0,2.39,35.67629167,139.7608125
0.0,2.45,35.67629167,139.7609375
0.0,2.55,35.67629167,139.7610625
0.0,2.59,35.67629167,139.7611875
0.0,2.68,35.67629167,139.7613125
0.0,2.74,35.67629167,139.7614375
0.0,2.68,35.67629167,139.7615625
0.0,2.78,35.67629167,139.7616875
0.0,2.89,35.67629167,139.7618125
0.0,2.87,35.67629167,139.7619375
0.0,2.85,35.67629167,139.7620625
0.0,2.8,35.67629167,139.7621875
0.0,2.75,35.67629167,139.7623125
0.0,2.67,35.67629167,139.7624375
0.0,2.61,35.67629167,139.7625625
0.0,2.54,35.67629167,139.7626875
0.289,2.43,35.67629167,139.7628125
0.318,2.4,35.67629167,139.7629375
0.0,2.68,35.67629167,139.7630625
0.0,2.68,35.67629167,139.7631875
0.0,2.68,35.67629167,139.7633125
0.0,2.68,35.67629167,139.7634375
0.0,2.67,35.67629167,139.7635625
0.0,2.68,35.67629167,139.7636875
0.0,2.79,35.67629167,139.7638125
0.0,2.77,35.67629167,139.7639375
0.0,2.72,35.67629167,139.7640625
0.0,2.72,35.67629167,139.7641875
0.0,2.68,35.67629167,139.7643125
0.0,2.92,35.67629167,139.7644375
0.0,3.51,35.67629167,139.7645625
0.0,3.55,35.67629167,139.7646875
0.0,3.51,35.67629167,139.7648125
0.0,3.63,35.67629167,139.7649375
0.0,3.51,35.67629167,139.7650625
0.0,3.59,35.67629167,139.7651875
0.0,3.75,35.67629167,139.7653125
0.0,3.86,35.67629167,139.7654375
0.0,3.97,35.67629167,139.7655625
0.0,3.94,35.67629167,139.7656875
0.0,3.84,35.67629167,139.7658125
0.0,3.8,35.67629167,139.7659375
0.0,3.61,35.67629167,139.7660625
0.0,0.56,35.67629167,139.7661875
0.0,3.93,35.67629167,139.7663125
0.0,3.77,35.67629167,139.7664375
0.0,3.64,35.67629167,139.7665625
0.0,3.73,35.67629167,139.7666875
0.0,3.91,35.67629167,139.7668125
0.0,4.02,35.67629167,139.7669375
0.0,4.04,35.67629167,139.7670625
0.0,4.15,35.67629167,139.7671875
0.0,4.16,35.67629167,139.7673125
0.0,4.09,35.67629167,139.7674375
0.0,1.16,35.67629167,139.7675625
0.0,0.37,35.67629167,139.7676875
0.0,3.12,35.67629167,139.7678125
0.0,2.99,35.67629167,139.7679375
0.0,4.2,35.67629167,139.7680625
0.0,4.19,35.67629167,139.7681875
0.0,4.24,35.67629167,139.7683125
0.0,4.29,35.67629167,139.7684375
0.0,4.31,35.67629167,139.7685625
0.0,4.33,35.67629167,139.7686875
0.0,4.34,35.67629167,139.7688125
0.0,4.34,35.67629167,139.7689375
0.0,4.23,35.67629167,139.7690625
0.0,4.01,35.67629167,139.7691875
0.0,3.97,35.67629167,139.7693125
0.0,4.04,35.67629167,139.7694375
0.0,4.12,35.67629167,139.7695625
0.0,4.17,35.67629167,139.7696875
0.0,4.23,35.67629167,139.7698125
0.0,4.08,35.67629167,139.7699375
0.0,4.18,35.67629167,139.7700625
0.0,4.16,35.67629167,139.7701875
0.0,4.29,35.67629167,139.7703125
0.0,4.3,35.67629167,139.7704375
0.0,4.36,35.67629167,139.7705625
0.0,4.43,35.67629167,139.7706875
0.0,4.33,35.67629167,139.7708125
0.0,4.25,35.67629167,139.7709375
0.0,4.18,35.67629167,139.7710625
0.0,4.11,35.67629167,139.7711875
0.0,4.11,35.67629167,139.7713125
0.0,4.0,35.67629167,139.7714375
0.0,3.97,35.67629167,139.7715625
0.0,3.97,35.67629167,139.7716875
0.0,3.93,35.67629167,139.7718125
0.0,3.84,35.67629167,139.7719375
0.0,3.7,35.67629167,139.7720625
0.0,3.56,35.67629167,139.7721875
0.0,3.22,35.67629167,139.7723125
0.0,2.8,35.67629167,139.7724375
0.0,3.48,35.67629167,139.7725625
0.0,3.59,35.67629167,139.7726875
0.0,3.59,35.67629167,139.7728125
0.0,3.51,35.67629167,139.7729375
0.0,3.46,35.67629167,139.7730625
0.0,3.15,35.67629167,139.7731875
0.0,3.07,35.67629167,139.7733125
0.0,2.96,35.67629167,139.7734375
0.0,2.66,35.67629167,139.7735625
3.565,-0.78,35.67629167,139.7736875
4.422,-1.63,35.67629167,139.7738125
4.037,-1.24,35.67629167,139.7739375
0.0,2.61,35.67629167,139.7740625
0.0,3.02,35.67629167,139.7741875
0.0,2.7,35.67629167,139.7743125
0.0,2.76,35.67629167,139.7744375
0.412,2.52,35.67629167,139.7745625
0.673,2.27,35.67629167,139.7746875
0.799,2.14,35.67629167,139.7748125
0.703,2.23,35.67629167,139.7749375
0.524,2.42,35.67629167,139.7750625
0.375,2.57,35.67629167,139.7751875
0.446,2.5,35.67629167,139.7753125
0.498,2.45,35.67629167,139.7754375
0.231,2.72,35.67629167,139.7755625
0.0,2.96,35.67629167,139.7756875
0.0,3.11,35.67629167,139.7758125
0.0,3.02,35.67629167,139.7759375
0.0,3.61,35.67620833,139.7570625
0.0,3.45,35.67620833,139.7571875
0.0,3.26,35.67620833,139.7573125
0.0,3.17,35.67620833,139.7574375
0.0,2.07,35.67620833,139.7600625
0.0,2.24,35.67620833,139.7601875
0.0,2.25,35.67620833,139.7603125
0.0,2.55,35.67620833,139.7604375
0.0,2.53,35.67620833,139.7605625
0.0,2.46,35.67620833,139.7606875
0.0,2.4,35.67620833,139.7608125
0.0,2.32,35.67620833,139.7609375
0.0,2.34,35.67620833,139.7610625
0.0,2.35,35.67620833,139.7611875
0.0,2.41,35.67620833,139.7613125
0.0,2.56,35.67620833,139.7614375
0.0,2.61,35.67620833,139.7615625
0.0,2.81,35.67620833,139.7616875
0.0,2.86,35.67620833,139.7618125
0.0,2.83,35.67620833,139.7619375
0.0,2.79,35.67620833,139.7620625
0.0,2.76,35.67620833,139.7621875
0.0,2.61,35.67620833,139.7625625
0.253,2.4,35.67620833,139.7629375
0.0,2.64,35.67620833,139.7630625
0.0,2.64,35.67620833,139.7631875
0.0,2.64,35.67620833,139.7633125
0.0,2.65,35.67620833,139.7634375
0.0,2.8,35.67620833,139.7638125
0.0,2.75,35.67620833,139.7639375
0.0,2.73,35.67620833,139.7640625
0.0,3.4,35.67620833,139.7644375
0.0,3.73,35.67620833,139.7648125
0.0,3.61,35.67620833,139.7649375
0.0,3.68,35.67620833,139.7650625
0.0,3.68,35.67620833,139.7651875
0.0,3.56,35.67620833,139.7653125
0.0,3.7,35.67620833,139.7654375
0.0,3.83,35.67620833,139.7655625
0.0,3.83,35.67620833,139.7656875
0.0,3.7,35.67620833,139.7658125
0.0,3.91,35.67620833,139.7659375
0.0,2.96,35.67620833,139.7660625
0.0,0.11,35.67620833,139.7661875
0.0,3.65,35.67620833,139.7663125
0.0,3.72,35.67620833,139.7664375
0.0,3.92,35.67620833,139.7668125
0.0,4.02,35.67620833,139.7669375
0.0,4.08,35.67620833,139.7670625
0.0,4.25,35.67620833,139.7671875
0.0,4.13,35.67620833,139.7673125
0.0,3.34,35.67620833,139.7674375
0.0,0.96,35.67620833,139.7675625
0.0,3.05,35.67620833,139.7676875
0.0,3.12,35.67620833,139.7678125
0.0,4.44,35.67620833,139.7679375
0.0,4.45,35.67620833,139.7680625
0.0,4.24,35.67620833,139.7681875
0.0,4.28,35.67620833,139.7683125
0.0,4.29,35.67620833,139.7684375
0.0,4.29,35.67620833,139.7685625
0.0,4.3,35.67620833,139.7686875
0.0,4.3,35.67620833,139.7688125
0.0,4.31,35.67620833,139.7689375
0.0,4.32,35.67620833,139.7690625
0.0,4.3,35.67620833,139.7691875
0.0,4.09,35.67620833,139.7693125
0.0,4.22,35.67620833,139.7696875
0.0,4.26,35.67620833,139.7698125
0.0,4.15,35.67620833,139.7699375
0.0,4.02,35.67620833,139.7700625
0.0,4.09,35.67620833,139.7701875
0.0,4.1,35.67620833,139.7703125
0.0,4.26,35.67620833,139.7709375
0.0,4.15,35.67620833,139.7710625
0.0,4.08,35.67620833,139.7711875
0.0,4.05,35.67620833,139.7715625
0.0,4.03,35.67620833,139.7716875
0.0,3.97,35.67620833,139.7718125
0.0,3.81,35.67620833,139.7719375
0.0,3.7,35.67620833,139.7720625
0.0,3.54,35.67620833,139.7721875
0.0,2.13,35.67620833,139.7723125
0.0,2.71,35.67620833,139.7724375
0.0,3.42,35.67620833,139.7725625
0.0,3.26,35.67620833,139.7726875
0.0,3.46,35.67620833,139.7728125
0.0,3.44,35.67620833,139.7729375
0.0,3.4,35.67620833,139.7730625
0.0,3.03,35.67620833,139.7731875
0.0,3.06,35.67620833,139.7733125
0.0,2.56,35.67620833,139.7734375
1.119,-0.24,35.67620833,139.7735625
4.358,-1.76,35.67620833,139.7736875
4.4,-1.6,35.67620833,139.7738125
0.0,2.61,35.67620833,139.7741875
0.0,2.65,35.67620833,139.7743125
0.094,2.74,35.67620833,139.7744375
0.262,2.66,35.67620833,139.7745625
0.557,2.38,35.67620833,139.7746875
0.628,2.31,35.67620833,139.7748125
0.755,2.18,35.67620833,139.7749375
0.707,2.23,35.67620833,139.7750625
0.45,2.49,35.67620833,139.7751875
0.535,2.41,35.67620833,139.7753125
0.0,3.06,35.67620833,139.7756875
0.0,3.23,35.67620833,139.7758125
0.0,3.13,35.67620833,139.7759375
0.0,2.74,35.67620833,139.7623125
0.0,2.66,35.67620833,139.7624375
0.0,2.64,35.67620833,139.7626875
0.259,2.43,35.67620833,139.7628125
0.0,2.66,35.67620833,139.7635625
0.0,2.7,35.67620833,139.7636875
0.0,2.69,35.67620833,139.7641875
0.0,2.72,35.67620833,139.7643125
0.0,3.62,35.67620833,139.7645625
0.0,3.7,35.67620833,139.7646875
0.0,3.55,35.67620833,139.7665625
0.0,3.83,35.67620833,139.7666875
0.0,3.97,35.67620833,139.7694375
0.0,4.02,35.67620833,139.7695625
0.0,4.16,35.67620833,139.7704375
0.0,4.32,35.67620833,139.7705625
0.0,4.45,35.67620833,139.7706875
0.0,4.31,35.67620833,139.7708125
0.0,4.04,35.67620833,139.7713125
0.0,4.03,35.67620833,139.7714375
3.499,-0.71,35.67620833,139.7739375
0.0,2.64,35.67620833,139.7740625
0.433,2.51,35.67620833,139.7754375
0.0,2.76,35.67620833,139.7755625
0.0,3.46,35.676125,139.7570625
0.0,3.44,35.676125,139.7571875
0.0,3.36,35.676125,139.7573125
0.0,3.16,35.676125,139.7574375
0.0,2.93,35.676125,139.7575625
0.0,2.07,35.676125,139.7600625
0.0,2.25,35.676125,139.7601875
0.0,2.29,35.676125,139.7603125
0.0,2.56,35.676125,139.7604375
0.0,2.55,35.676125,139.7605625
0.0,2.53,35.676125,139.7606875
0.0,2.5,35.676125,139.7608125
0.0,2.51,35.676125,139.7609375
0.0,2.43,35.676125,139.7610625
0.0,2.31,35.676125,139.7611875
0.0,2.36,35.676125,139.7613125
0.0,2.41,35.676125,139.7614375
0.0,2.6,35.676125,139.7615625
0.0,2.7,35.676125,139.7616875
0.0,2.78,35.676125,139.7618125
0.0,2.79,35.676125,139.7619375
0.0,2.72,35.676125,139.7620625
0.0,2.72,35.676125,139.7621875
0.0,2.61,35.676125,139.7625625
0.0,2.54,35.676125,139.7629375
0.0,2.64,35.676125,139.7630625
0.0,2.61,35.676125,139.7631875
0.0,2.61,35.676125,139.7633125
0.0,2.7,35.676125,139.7634375
0.0,2.69,35.676125,139.7638125
0.0,2.75,35.676125,139.7639375
0.0,2.73,35.676125,139.7640625
0.0,3.46,35.676125,139.7644375
0.0,3.79,35.676125,139.7648125
0.0,3.6,35.676125,139.7649375
0.0,3.65,35.676125,139.7650625
0.0,3.56,35.676125,139.7651875
0.0,3.49,35.676125,139.7653125
0.0,3.39,35.676125,139.7654375
0.0,3.52,35.676125,139.7655625
0.0,3.66,35.676125,139.7656875
0.0,3.62,35.676125,139.7658125
0.0,3.78,35.676125,139.7659375
0.0,0.89,35.676125,139.7660625
0.0,3.63,35.676125,139.7661875
0.0,3.67,35.676125,139.7663125
0.0,3.66,35.676125,139.7664375
0.0,3.88,35.676125,139.7668125
0.0,3.97,35.676125,139.7669375
0.0,4.06,35.676125,139.7670625
0.0,4.19,35.676125,139.7671875
0.0,4.28,35.676125,139.7673125
0.0,3.91,35.676125,139.7674375
0.0,2.22,35.676125,139.7675625
0.0,3.92,35.676125,139.7676875
0.0,1.23,35.676125,139.7678125
0.0,4.4,35.676125,139.7679375
0.0,4.32,35.676125,139.7680625
0.0,4.29,35.676125,139.7681875
0.0,4.34,35.676125,139.7683125
0.0,4.24,35.676125,139.7684375
0.0,4.26,35.676125,139.7685625
0.0,4.26,35.676125,139.7686875
0.0,4.27,35.676125,139.7688125
0.0,4.28,35.676125,139.7689375
0.0,4.27,35.676125,139.7690625
0.0,4.29,35.676125,139.7691875
0.0,4.18,35.676125,139.7693125
0.0,4.13,35.676125,139.7696875
0.0,4.15,35.676125,139.7698125
0.0,4.17,35.676125,139.7699375
0.0,4.07,35.676125,139.7700625
0.0,3.94,35.676125,139.7701875
0.0,3.95,35.676125,139.7703125
0.0,4.26,35.676125,139.7709375
0.0,4.21,35.676125,139.7710625
0.0,4.15,35.676125,139.7711875
0.0,4.03,35.676125,139.7715625
0.0,4.04,35.676125,139.7716875
0.0,3.93,35.676125,139.7718125
0.0,3.82,35.676125,139.7719375
0.0,3.67,35.676125,139.7720625
0.0,3.04,35.676125,139.7721875
0.0,1.45,35.676125,139.7723125
0.0,3.24,35.676125,139.7724375
0.0,3.56,35.676125,139.7725625
0.0,3.3,35.676125,139.7726875
0.0,3.14,35.676125,139.7728125
0.0,3.34,35.676125,139.7729375
0.0,3.18,35.676125,139.7730625
0.0,2.99,35.676125,139.7731875
0.0,2.95,35.676125,139.7733125
0.45,2.33,35.676125,139.7734375
3.031,-0.24,35.676125,139.7735625
4.554,-1.76,35.676125,139.7736875
4.394,-1.6,35.676125,139.7738125
0.322,2.61,35.676125,139.7741875
0.0,2.58,35.676125,139.7743125
0.086,2.75,35.676125,139.7744375
0.0,2.76,35.676125,139.7745625
0.547,2.38,35.676125,139.7746875
0.507,2.31,35.676125,139.7748125
0.5,2.18,35.676125,139.7749375
0.509,2.23,35.676125,139.7750625
0.607,2.49,35.676125,139.7751875
0.482,2.41,35.676125,139.7753125
0.0,2.99,35.676125,139.7756875
0.0,3.22,35.676125,139.7758125
0.0,3.21,35.676125,139.7759375
0.0,2.71,35.676125,139.7623125
0.0,2.67,35.676125,139.7624375
0.0,2.57,35.676125,139.7626875
0.257,2.46,35.676125,139.7628125
0.0,2.67,35.676125,139.7635625
0.0,2.75,35.676125,139.7636875
0.0,2.68,35.676125,139.7641875
0.0,3.14,35.676125,139.7643125
0.0,3.62,35.676125,139.7645625
0.0,3.73,35.676125,139.7646875
0.0,3.64,35.676125,139.7665625
0.0,3.82,35.676125,139.7666875
0.0,4.04,35.676125,139.7694375
0.0,3.93,35.676125,139.7695625
0.0,4.1,35.676125,139.7704375
0.0,4.22,35.676125,139.7705625
0.0,4.3,35.676125,139.7706875
0.0,4.32,35.676125,139.7708125
0.0,4.01,35.676125,139.7713125
0.0,4.08,35.676125,139.7714375
1.536,-0.71,35.676125,139.7739375
0.0,2.59,35.676125,139.7740625
0.378,2.51,35.676125,139.7754375
0.228,2.75,35.676125,139.7755625
0.0,3.43,35.67604167,139.7570625
0.0,3.3,35.67604167,139.7571875
0.0,3.28,35.67604167,139.7573125
0.0,3.24,35.67604167,139.7574375
0.0,3.09,35.67604167,139.7575625
0.0,2.88,35.67604167,139.7576875
0.0,2.63,35.67604167,139.7578125
0.0,2.12,35.67604167,139.7600625
0.0,2.21,35.67604167,139.7601875
0.0,2.4,35.67604167,139.7603125
0.0,2.56,35.67604167,139.7604375
0.0,2.56,35.67604167,139.7605625
0.0,2.54,35.67604167,139.7606875
0.0,2.51,35.67604167,139.7608125
0.0,2.57,35.67604167,139.7609375
0.0,2.59,35.67604167,139.7610625
0.0,2.42,35.67604167,139.7611875
0.0,2.46,35.67604167,139.7613125
0.0,2.4,35.67604167,139.7614375
0.0,2.52,35.67604167,139.7615625
0.0,2.69,35.67604167,139.7616875
0.0,2.7,35.67604167,139.7618125
0.0,2.71,35.67604167,139.7619375
0.0,2.68,35.67604167,139.7620625
0.0,2.68,35.67604167,139.7621875
0.0,2.72,35.67604167,139.7623125
0.0,2.7,35.67604167,139.7624375
0.0,2.62,35.67604167,139.7625625
0.0,2.54,35.67604167,139.7626875
0.251,2.47,35.67604167,139.7628125
0.0,2.63,35.67604167,139.7629375
0.0,2.64,35.67604167,139.7630625
0.0,2.61,35.67604167,139.7631875
0.0,2.59,35.67604167,139.7633125
0.0,2.68,35.67604167,139.7634375
0.0,2.66,35.67604167,139.7635625
0.0,2.73,35.67604167,139.7636875
0.0,2.63,35.67604167,139.7638125
0.0,2.7,35.67604167,139.7639375
0.0,2.73,35.67604167,139.7640625
0.0,2.93,35.67604167,139.7641875
0.0,3.31,35.67604167,139.7643125
0.0,3.5,35.67604167,139.7644375
0.0,3.57,35.67604167,139.7645625
0.0,3.74,35.67604167,139.7646875
0.0,3.73,35.67604167,139.7648125
0.0,3.63,35.67604167,139.7649375
0.0,3.66,35.67604167,139.7650625
0.0,3.55,35.67604167,139.7651875
0.0,3.46,35.67604167,139.7653125
0.0,3.32,35.67604167,139.7654375
0.0,2.82,35.67604167,139.7655625
0.0,3.04,35.67604167,139.7656875
0.0,3.57,35.67604167,139.7658125
0.0,3.19,35.67604167,139.7659375
0.0,2.58,35.67604167,139.7660625
0.0,3.67,35.67604167,139.7661875
0.0,3.76,35.67604167,139.7663125
0.0,3.6,35.67604167,139.7664375
0.0,3.69,35.67604167,139.7665625
0.0,3.8,35.67604167,139.7666875
0.0,3.82,35.67604167,139.7668125
0.0,3.93,35.67604167,139.7669375
0.0,3.99,35.67604167,139.7670625
0.0,4.02,35.67604167,139.7671875
0.0,4.25,35.67604167,139.7673125
0.0,4.34,35.67604167,139.7674375
0.0,4.22,35.67604167,139.7675625
0.0,4.22,35.67604167,139.7676875
0.0,3.72,35.67604167,139.7678125
0.0,4.26,35.67604167,139.7679375
0.0,4.25,35.67604167,139.7680625
0.0,4.35,35.67604167,139.7681875
0.0,4.47,35.67604167,139.7683125
0.0,4.2,35.67604167,139.7684375
0.0,4.23,35.67604167,139.7685625
0.0,4.24,35.67604167,139.7686875
0.0,4.24,35.67604167,139.7688125
0.0,4.25,35.67604167,139.7689375
0.0,4.24,35.67604167,139.7690625
0.0,4.24,35.67604167,139.7691875
0.0,4.12,35.67604167,139.7693125
0.0,4.04,35.67604167,139.7694375
0.0,3.93,35.67604167,139.7695625
0.0,3.99,35.67604167,139.7696875
0.0,3.96,35.67604167,139.7698125
0.0,4.01,35.67604167,139.7699375
0.0,4.04,35.67604167,139.7700625
0.0,4.0,35.67604167,139.7701875
0.0,3.92,35.67604167,139.7703125
0.0,3.89,35.67604167,139.7704375
0.0,4.01,35.67604167,139.7705625
0.0,4.12,35.67604167,139.7706875
0.0,4.24,35.67604167,139.7708125
0.0,4.3,35.67604167,139.7709375
0.0,4.22,35.67604167,139.7710625
0.0,4.13,35.67604167,139.7711875
0.0,4.04,35.67604167,139.7713125
0.0,4.1,35.67604167,139.7714375
0.0,4.04,35.67604167,139.7715625
0.0,4.0,35.67604167,139.7716875
0.0,3.93,35.67604167,139.7718125
0.0,3.8,35.67604167,139.7719375
0.0,3.6,35.67604167,139.7720625
0.0,1.21,35.67604167,139.7721875
0.0,1.32,35.67604167,139.7723125
0.0,3.54,35.67604167,139.7724375
0.0,3.68,35.67604167,139.7725625
0.0,3.39,35.67604167,139.7726875
0.0,3.12,35.67604167,139.7728125
0.0,3.08,35.67604167,139.7729375
0.0,3.0,35.67604167,139.7730625
0.0,3.04,35.67604167,139.7731875
0.0,3.0,35.67604167,139.7733125
1.095,1.69,35.67604167,139.7734375
4.217,-1.43,35.67604167,139.7735625
4.545,-1.75,35.67604167,139.7736875
4.02,-1.23,35.67604167,139.7738125
0.533,2.25,35.67604167,139.7739375
0.33,2.46,35.67604167,139.7740625
0.353,2.44,35.67604167,139.7741875
0.374,2.44,35.67604167,139.7743125
0.247,2.59,35.67604167,139.7744375
0.302,2.6,35.67604167,139.7745625
0.458,2.46,35.67604167,139.7746875
0.322,2.62,35.67604167,139.7748125
0.305,2.64,35.67604167,139.7749375
0.338,2.6,35.67604167,139.7750625
0.549,2.4,35.67604167,139.7751875
0.526,2.42,35.67604167,139.7753125
0.498,2.45,35.67604167,139.7754375
0.344,2.6,35.67604167,139.7755625
0.0,2.88,35.67604167,139.7756875
0.0,3.1,35.67604167,139.7758125
0.0,3.12,35.67604167,139.7759375
0.0,3.8,35.67595833,139.7570625
0.0,3.37,35.67595833,139.7571875
0.0,3.15,35.67595833,139.7573125
0.0,3.06,35.67595833,139.7574375
0.0,3.05,35.67595833,139.7575625
0.0,2.97,35.67595833,139.7576875
0.0,2.81,35.67595833,139.7578125
0.0,2.59,35.67595833,139.7579375
0.0,2.12,35.67595833,139.7600625
0.0,2.16,35.67595833,139.7601875
0.0,2.47,35.67595833,139.7603125
0.0,2.58,35.67595833,139.7604375
0.0,2.57,35.67595833,139.7605625
0.0,2.56,35.67595833,139.7606875
0.0,2.52,35.67595833,139.7608125
0.0,2.63,35.67595833,139.7609375
0.0,2.59,35.67595833,139.7610625
0.0,2.49,35.67595833,139.7611875
0.0,2.47,35.67595833,139.7613125
0.0,2.49,35.67595833,139.7614375
0.0,2.7,35.67595833,139.7615625
0.0,2.85,35.67595833,139.7616875
0.0,2.87,35.67595833,139.7618125
0.0,2.83,35.67595833,139.7619375
0.0,2.73,35.67595833,139.7620625
0.0,2.7,35.67595833,139.7621875
0.0,2.66,35.67595833,139.7623125
0.0,2.67,35.67595833,139.7624375
0.0,2.64,35.67595833,139.7625625
0.0,2.51,35.67595833,139.7626875
0.0,2.53,35.67595833,139.7628125
0.0,2.74,35.67595833,139.7629375
0.0,2.62,35.67595833,139.7630625
0.0,2.59,35.67595833,139.7631875
0.0,2.58,35.67595833,139.7633125
0.0,2.62,35.67595833,139.7634375
0.0,2.7,35.67595833,139.7635625
0.0,2.72,35.67595833,139.7636875
0.0,2.62,35.67595833,139.7638125
0.0,2.75,35.67595833,139.7639375
0.0,2.77,35.67595833,139.7640625
0.0,3.24,35.67595833,139.7641875
0.0,3.33,35.67595833,139.7643125
0.0,3.48,35.67595833,139.7644375
0.0,3.58,35.67595833,139.7645625
0.0,3.68,35.67595833,139.7646875
0.0,3.58,35.67595833,139.7648125
0.0,3.63,35.67595833,139.7649375
0.0,3.65,35.67595833,139.7650625
0.0,3.56,35.67595833,139.7651875
0.0,3.44,35.67595833,139.7653125
0.0,3.29,35.67595833,139.7654375
0.0,2.45,35.67595833,139.7655625
0.0,2.73,35.67595833,139.7656875
0.0,3.08,35.67595833,139.7658125
0.0,2.6,35.67595833,139.7659375
0.0,4.19,35.67595833,139.7660625
0.0,3.71,35.67595833,139.7661875
0.0,3.71,35.67595833,139.7663125
0.0,3.59,35.67595833,139.7664375
0.0,3.75,35.67595833,139.7665625
0.0,3.74,35.67595833,139.7666875
0.0,3.78,35.67595833,139.7668125
0.0,3.89,35.67595833,139.7669375
0.0,3.89,35.67595833,139.7670625
0.0,3.8,35.67595833,139.7671875
0.0,4.2,35.67595833,139.7673125
0.0,4.27,35.67595833,139.7674375
0.0,4.36,35.67595833,139.7675625
0.0,4.43,35.67595833,139.7676875
0.0,4.12,35.67595833,139.7678125
0.0,4.09,35.67595833,139.7679375
0.0,4.14,35.67595833,139.7680625
0.0,4.38,35.67595833,139.7681875
0.0,4.31,35.67595833,139.7683125
0.0,4.16,35.67595833,139.7684375
0.0,4.19,35.67595833,139.7685625
0.0,4.21,35.67595833,139.7686875
0.0,4.22,35.67595833,139.7688125
0.0,4.22,35.67595833,139.7689375
0.0,4.19,35.67595833,139.7690625
0.0,4.2,35.67595833,139.7691875
0.0,4.08,35.67595833,139.7693125
0.0,3.93,35.67595833,139.7694375
0.0,3.88,35.67595833,139.7695625
0.0,3.92,35.67595833,139.7696875
0.0,4.19,35.67595833,139.7698125
0.0,4.13,35.67595833,139.7699375
0.0,3.93,35.67595833,139.7700625
0.0,3.87,35.67595833,139.7701875
0.0,3.92,35.67595833,139.7703125
0.0,3.86,35.67595833,139.7704375
0.0,3.78,35.67595833,139.7705625
0.0,3.87,35.67595833,139.7706875
0.0,4.04,35.67595833,139.7708125
0.0,4.19,35.67595833,139.7709375
0.0,4.17,35.67595833,139.7710625
0.0,4.04,35.67595833,139.7711875
0.0,4.01,35.67595833,139.7713125
0.0,4.03,35.67595833,139.7714375
0.0,4.05,35.67595833,139.7715625
0.0,4.04,35.67595833,139.7716875
0.0,3.94,35.67595833,139.7718125
0.0,3.76,35.67595833,139.7719375
0.0,3.64,35.67595833,139.7720625
0.0,0.02,35.67595833,139.7721875
0.0,2.53,35.67595833,139.7723125
0.0,3.58,35.67595833,139.7724375
0.0,3.63,35.67595833,139.7725625
0.0,3.36,35.67595833,139.7726875
0.0,3.13,35.67595833,139.7728125
0.0,3.06,35.67595833,139.7729375
0.0,3.03,35.67595833,139.7730625
0.0,3.02,35.67595833,139.7731875
0.0,2.68,35.67595833,139.7733125
2.731,0.06,35.67595833,139.7734375
4.656,-1.86,35.67595833,139.7735625
4.699,-1.91,35.67595833,139.7736875
1.579,1.21,35.67595833,139.7738125
0.363,2.42,35.67595833,139.7739375
0.365,2.42,35.67595833,139.7740625
0.378,2.4,35.67595833,139.7741875
0.251,2.58,35.67595833,139.7743125
0.269,2.61,35.67595833,139.7744375
0.355,2.54,35.67595833,139.7745625
0.257,2.65,35.67595833,139.7746875
0.208,2.71,35.67595833,139.7748125
0.224,2.72,35.67595833,139.7749375
0.387,2.56,35.67595833,139.7750625
0.469,2.48,35.67595833,139.7751875
0.255,2.69,35.67595833,139.7753125
0.3,2.64,35.67595833,139.7754375
0.284,2.66,35.67595833,139.7755625
0.0,2.75,35.67595833,139.7756875
0.0,2.94,35.67595833,139.7758125
0.0,3.03,35.67595833,139.7759375
0.0,4.0,35.675875,139.7570625
0.0,3.66,35.675875,139.7571875
0.0,3.24,35.675875,139.7573125
0.0,3.03,35.675875,139.7574375
0.0,2.93,35.675875,139.7575625
0.0,2.81,35.675875,139.7576875
0.0,2.84,35.675875,139.7578125
0.0,2.78,35.675875,139.7579375
0.0,2.57,35.675875,139.7580625
0.0,2.39,35.675875,139.7581875
0.0,1.91,35.675875,139.7599375
0.0,2.16,35.675875,139.7600625
0.0,2.15,35.675875,139.7601875
0.0,2.56,35.675875,139.7603125
0.0,2.6,35.675875,139.7604375
0.0,2.58,35.675875,139.7605625
0.0,2.57,35.675875,139.7606875
0.0,2.56,35.675875,139.7608125
0.0,2.68,35.675875,139.7609375
0.0,2.6,35.675875,139.7610625
0.0,2.55,35.675875,139.7611875
0.0,2.54,35.675875,139.7613125
0.0,2.48,35.675875,139.7614375
0.0,2.85,35.675875,139.7615625
0.0,3.05,35.675875,139.7616875
0.0,3.09,35.675875,139.7618125
0.0,3.12,35.675875,139.7619375
0.0,3.06,35.675875,139.7620625
0.0,2.77,35.675875,139.7621875
0.0,2.7,35.675875,139.7623125
0.0,2.67,35.675875,139.7624375
0.0,2.57,35.675875,139.7625625
0.0,2.63,35.675875,139.7626875
0.0,2.58,35.675875,139.7628125
0.0,2.66,35.675875,139.7629375
0.0,2.61,35.675875,139.7630625
0.0,2.62,35.675875,139.7631875
0.0,2.62,35.675875,139.7633125
0.0,2.6,35.675875,139.7634375
0.0,2.6,35.675875,139.7635625
0.0,2.63,35.675875,139.7636875
0.0,2.61,35.675875,139.7638125
0.0,2.72,35.675875,139.7639375
0.0,3.06,35.675875,139.7640625
0.0,3.3,35.675875,139.7641875
0.0,3.31,35.675875,139.7643125
0.0,3.44,35.675875,139.7644375
0.0,3.59,35.675875,139.7645625
0.0,3.55,35.675875,139.7646875
0.0,3.74,35.675875,139.7648125
0.0,3.63,35.675875,139.7649375
0.0,3.56,35.675875,139.7650625
0.0,3.58,35.675875,139.7651875
0.0,3.5,35.675875,139.7653125
0.0,3.27,35.675875,139.7654375
0.0,2.71,35.675875,139.7655625
0.0,2.83,35.675875,139.7656875
0.0,3.0,35.675875,139.7658125
0.0,3.13,35.675875,139.7659375
0.0,3.83,35.675875,139.7660625
0.0,3.8,35.675875,139.7661875
0.0,3.69,35.675875,139.7663125
0.0,3.71,35.675875,139.7664375
0.0,3.8,35.675875,139.7665625
0.0,3.85,35.675875,139.7666875
0.0,3.78,35.675875,139.7668125
0.0,3.83,35.675875,139.7669375
0.0,3.67,35.675875,139.7670625
0.0,3.63,35.675875,139.7671875
0.0,3.86,35.675875,139.7673125
0.0,4.06,35.675875,139.7674375
0.0,4.22,35.675875,139.7675625
0.0,4.16,35.675875,139.7676875
0.0,4.14,35.675875,139.7678125
0.0,4.04,35.675875,139.7679375
0.0,4.04,35.675875,139.7680625
0.0,4.22,35.675875,139.7681875
0.0,4.22,35.675875,139.7683125
0.0,4.22,35.675875,139.7684375
0.0,4.09,35.675875,139.7685625
0.0,4.18,35.675875,139.7686875
0.0,4.19,35.675875,139.7688125
0.0,4.18,35.675875,139.7689375
0.0,4.19,35.675875,139.7690625
0.0,4.14,35.675875,139.7691875
0.0,4.0,35.675875,139.7693125
0.0,3.85,35.675875,139.7694375
0.0,3.89,35.675875,139.7695625
0.0,4.06,35.675875,139.7696875
0.0,4.16,35.675875,139.7698125
0.0,4.08,35.675875,139.7699375
0.0,4.05,35.675875,139.7700625
0.0,3.96,35.675875,139.7701875
0.0,3.78,35.675875,139.7703125
0.0,3.79,35.675875,139.7704375
0.0,3.91,35.675875,139.7705625
0.0,3.81,35.675875,139.7706875
0.0,3.8,35.675875,139.7708125
0.0,3.97,35.675875,139.7709375
0.0,4.06,35.675875,139.7710625
0.0,3.94,35.675875,139.7711875
0.0,4.0,35.675875,139.7713125
0.0,4.06,35.675875,139.7714375
0.0,4.05,35.675875,139.7715625
0.0,4.07,35.675875,139.7716875
0.0,3.91,35.675875,139.7718125
0.0,3.66,35.675875,139.7719375
0.0,1.02,35.675875,139.7720625
0.0,1.62,35.675875,139.7721875
0.0,3.28,35.675875,139.7723125
0.0,3.61,35.675875,139.7724375
0.0,3.56,35.675875,139.7725625
0.0,3.32,35.675875,139.7726875
0.0,3.14,35.675875,139.7728125
0.0,3.05,35.675875,139.7729375
0.0,3.11,35.675875,139.7730625
0.0,2.88,35.675875,139.7731875
0.879,1.9,35.675875,139.7733125
4.634,-1.84,35.675875,139.7734375
4.768,-1.98,35.675875,139.7735625
4.629,-1.84,35.675875,139.7736875
0.578,2.21,35.675875,139.7738125
0.342,2.44,35.675875,139.7739375
0.359,2.42,35.675875,139.7740625
0.0,2.66,35.675875,139.7741875
0.0,2.74,35.675875,139.7743125
0.209,2.68,35.675875,139.7744375
0.0,2.71,35.675875,139.7745625
0.265,2.64,35.675875,139.7746875
0.227,2.69,35.675875,139.7748125
0.22,2.72,35.675875,139.7749375
0.432,2.51,35.675875,139.7750625
0.439,2.5,35.675875,139.7751875
0.0,2.87,35.675875,139.7753125
0.0,2.97,35.675875,139.7754375
0.0,2.83,35.675875,139.7755625
0.0,3.2,35.675875,139.7756875
0.0,3.02,35.675875,139.7758125
0.0,2.95,35.675875,139.7759375
0.0,4.25,35.67579167,139.7570625
0.0,3.55,35.67579167,139.7571875
0.0,3.29,35.67579167,139.7573125
0.0,3.17,35.67579167,139.7574375
0.0,3.08,35.67579167,139.7575625
0.0,2.73,35.67579167,139.7576875
0.0,2.42,35.67579167,139.7578125
0.0,2.67,35.67579167,139.7579375
0.0,2.67,35.67579167,139.7580625
0.0,2.54,35.67579167,139.7581875
0.0,2.31,35.67579167,139.7583125
0.0,2.21,35.67579167,139.7584375
0.0,1.94,35.67579167,139.7599375
0.0,2.19,35.67579167,139.7600625
0.0,2.18,35.67579167,139.7601875
0.0,2.6,35.67579167,139.7603125
0.0,2.61,35.67579167,139.7604375
0.0,2.6,35.67579167,139.7605625
0.0,2.58,35.67579167,139.7606875
0.0,2.59,35.67579167,139.7608125
0.0,2.72,35.67579167,139.7609375
0.0,2.63,35.67579167,139.7610625
0.0,2.62,35.67579167,139.7611875
0.0,2.62,35.67579167,139.7613125
0.0,2.59,35.67579167,139.7614375
0.0,2.95,35.67579167,139.7615625
0.0,3.07,35.67579167,139.7616875
0.0,3.09,35.67579167,139.7618125
0.0,3.09,35.67579167,139.7619375
0.0,3.03,35.67579167,139.7620625
0.0,2.91,35.67579167,139.7621875
0.0,2.84,35.67579167,139.7623125
0.0,2.78,35.67579167,139.7624375
0.0,2.61,35.67579167,139.7625625
0.0,2.67,35.67579167,139.7626875
0.0,2.63,35.67579167,139.7628125
0.0,2.61,35.67579167,139.7629375
0.0,2.56,35.67579167,139.7630625
0.0,2.54,35.67579167,139.7631875
0.0,2.6,35.67579167,139.7633125
0.0,2.61,35.67579167,139.7634375
0.0,2.65,35.67579167,139.7635625
0.0,2.64,35.67579167,139.7636875
0.0,2.63,35.67579167,139.7638125
0.0,2.93,35.67579167,139.7639375
0.0,3.16,35.67579167,139.7640625
0.0,3.25,35.67579167,139.7641875
0.0,3.34,35.67579167,139.7643125
0.0,3.39,35.67579167,139.7644375
0.0,3.51,35.67579167,139.7645625
0.0,3.61,35.67579167,139.7646875
0.0,3.83,35.67579167,139.7648125
0.0,3.72,35.67579167,139.7649375
0.0,3.59,35.67579167,139.7650625
0.0,3.5,35.67579167,139.7651875
0.0,3.52,35.67579167,139.7653125
0.0,3.17,35.67579167,139.7654375
0.0,3.08,35.67579167,139.7655625
0.0,3.23,35.67579167,139.7656875
0.0,3.46,35.67579167,139.7658125
0.0,3.55,35.67579167,139.7659375
0.0,3.73,35.67579167,139.7660625
0.0,3.8,35.67579167,139.7661875
0.0,3.83,35.67579167,139.7663125
0.0,3.89,35.67579167,139.7664375
0.0,3.87,35.67579167,139.7665625
0.0,3.81,35.67579167,139.7666875
0.0,3.85,35.67579167,139.7668125
0.0,3.85,35.67579167,139.7669375
0.0,3.86,35.67579167,139.7670625
0.0,3.68,35.67579167,139.7671875
0.0,3.67,35.67579167,139.7673125
0.0,3.81,35.67579167,139.7674375
0.0,3.92,35.67579167,139.7675625
0.0,3.92,35.67579167,139.7676875
0.0,4.03,35.67579167,139.7678125
0.0,3.97,35.67579167,139.7679375
0.0,4.1,35.67579167,139.7680625
0.0,4.13,35.67579167,139.7681875
0.0,4.02,35.67579167,139.7683125
0.0,4.05,35.67579167,139.7684375
0.0,4.02,35.67579167,139.7685625
0.0,4.14,35.67579167,139.7686875
0.0,4.17,35.67579167,139.7688125
0.0,4.23,35.67579167,139.7689375
0.0,4.23,35.67579167,139.7690625
0.0,4.15,35.67579167,139.7691875
0.0,3.85,35.67579167,139.7693125
0.0,3.79,35.67579167,139.7694375
0.0,3.87,35.67579167,139.7695625
0.0,4.06,35.67579167,139.7696875
0.0,4.18,35.67579167,139.7698125
0.0,4.13,35.67579167,139.7699375
0.0,4.01,35.67579167,139.7700625
0.0,4.06,35.67579167,139.7701875
0.0,4.01,35.67579167,139.7703125
0.0,3.84,35.67579167,139.7704375
0.0,3.8,35.67579167,139.7705625
0.0,3.84,35.67579167,139.7706875
0.0,3.86,35.67579167,139.7708125
0.0,3.83,35.67579167,139.7709375
0.0,3.88,35.67579167,139.7710625
0.0,3.96,35.67579167,139.7711875
0.0,4.03,35.67579167,139.7713125
0.0,4.07,35.67579167,139.7714375
0.0,4.01,35.67579167,139.7715625
0.0,3.9,35.67579167,139.7716875
0.0,3.78,35.67579167,139.7718125
0.0,3.66,35.67579167,139.7719375
0.0,0.21,35.67579167,139.7720625
0.0,1.35,35.67579167,139.7721875
0.0,3.44,35.67579167,139.7723125
0.0,3.42,35.67579167,139.7724375
0.0,3.37,35.67579167,139.7725625
0.0,3.25,35.67579167,139.7726875
0.0,3.12,35.67579167,139.7728125
0.0,3.03,35.67579167,139.7729375
0.0,3.04,35.67579167,139.7730625
0.0,3.02,35.67579167,139.7731875
2.565,0.22,35.67579167,139.7733125
5.042,-2.25,35.67579167,139.7734375
4.989,-2.2,35.67579167,139.7735625
2.568,0.22,35.67579167,139.7736875
0.0,2.51,35.67579167,139.7738125
0.394,2.39,35.67579167,139.7739375
0.0,2.52,35.67579167,139.7740625
0.0,2.75,35.67579167,139.7741875
0.0,2.88,35.67579167,139.7743125
0.0,2.8,35.67579167,139.7744375
0.0,2.89,35.67579167,139.7745625
0.0,2.89,35.67579167,139.7746875
0.221,2.71,35.67579167,139.7748125
0.296,2.65,35.67579167,139.7749375
0.423,2.52,35.67579167,139.7750625
0.349,2.6,35.67579167,139.7751875
0.0,3.01,35.67579167,139.7753125
0.0,3.06,35.67579167,139.7754375
0.0,3.02,35.67579167,139.7755625
0.0,3.16,35.67579167,139.7756875
0.0,3.23,35.67579167,139.7758125
0.0,3.22,35.67579167,139.7759375
0.0,3.71,35.67570833,139.7570625
0.0,3.47,35.67570833,139.7571875
0.0,3.19,35.67570833,139.7573125
0.0,3.09,35.67570833,139.7574375
0.0,3.21,35.67570833,139.7575625
0.0,3.22,35.67570833,139.7576875
0.0,2.61,35.67570833,139.7578125
0.0,1.55,35.67570833,139.7579375
0.0,2.35,35.67570833,139.7580625
0.0,2.52,35.67570833,139.7581875
0.0,2.51,35.67570833,139.7583125
0.0,2.31,35.67570833,139.7584375
0.0,2.12,35.67570833,139.7585625
0.0,2.06,35.67570833,139.7586875
0.0,2.0,35.67570833,139.7599375
0.0,2.15,35.67570833,139.7600625
0.0,2.31,35.67570833,139.7601875
0.0,2.59,35.67570833,139.7603125
0.0,2.62,35.67570833,139.7604375
0.0,2.62,35.67570833,139.7605625
0.0,2.6,35.67570833,139.7606875
0.0,2.62,35.67570833,139.7608125
0.0,2.76,35.67570833,139.7609375
0.0,2.7,35.67570833,139.7610625
0.0,2.68,35.67570833,139.7611875
0.0,2.67,35.67570833,139.7613125
0.0,2.68,35.67570833,139.7614375
0.0,3.01,35.67570833,139.7615625
0.0,3.04,35.67570833,139.7616875
0.0,3.02,35.67570833,139.7618125
0.0,2.97,35.67570833,139.7619375
0.0,2.92,35.67570833,139.7620625
0.0,2.82,35.67570833,139.7621875
0.0,2.92,35.67570833,139.7623125
0.0,2.83,35.67570833,139.7624375
0.0,2.61,35.67570833,139.7625625
0.0,2.61,35.67570833,139.7626875
0.0,2.67,35.67570833,139.7628125
0.0,2.74,35.67570833,139.7629375
0.0,2.63,35.67570833,139.7630625
0.0,2.54,35.67570833,139.7631875
0.0,2.57,35.67570833,139.7633125
0.0,2.53,35.67570833,139.7634375
0.0,2.53,35.67570833,139.7635625
0.0,2.58,35.67570833,139.7636875
0.0,2.79,35.67570833,139.7638125
0.0,3.02,35.67570833,139.7639375
0.0,3.04,35.67570833,139.7640625
0.0,3.14,35.67570833,139.7641875
0.0,3.27,35.67570833,139.7643125
0.0,3.41,35.67570833,139.7644375
0.0,3.41,35.67570833,139.7645625
0.0,3.6,35.67570833,139.7646875
0.0,3.76,35.67570833,139.7648125
0.0,3.72,35.67570833,139.7649375
0.0,3.65,35.67570833,139.7650625
0.0,3.55,35.67570833,139.7651875
0.0,3.44,35.67570833,139.7653125
0.0,3.47,35.67570833,139.7654375
0.0,3.38,35.67570833,139.7655625
0.0,3.44,35.67570833,139.7656875
0.0,3.68,35.67570833,139.7658125
0.0,3.54,35.67570833,139.7659375
0.0,3.72,35.67570833,139.7660625
0.0,3.64,35.67570833,139.7661875
0.0,3.9,35.67570833,139.7663125
0.0,3.99,35.67570833,139.7664375
0.0,3.98,35.67570833,139.7665625
0.0,3.84,35.67570833,139.7666875
0.0,3.82,35.67570833,139.7668125
0.0,3.79,35.67570833,139.7669375
0.0,3.87,35.67570833,139.7670625
0.0,3.79,35.67570833,139.7671875
0.0,3.85,35.67570833,139.7673125
0.0,3.67,35.67570833,139.7674375
0.0,3.68,35.67570833,139.7675625
0.0,3.73,35.67570833,139.7676875
0.0,3.86,35.67570833,139.7678125
0.0,3.98,35.67570833,139.7679375
0.0,4.3,35.67570833,139.7680625
0.0,4.11,35.67570833,139.7681875
0.0,3.9,35.67570833,139.7683125
0.0,3.86,35.67570833,139.7684375
0.0,3.86,35.67570833,139.7685625
0.0,3.93,35.67570833,139.7686875
0.0,4.24,35.67570833,139.7688125
0.0,4.29,35.67570833,139.7689375
0.0,4.24,35.67570833,139.7690625
0.0,4.05,35.67570833,139.7691875
0.0,3.74,35.67570833,139.7693125
0.0,3.77,35.67570833,139.7694375
0.0,3.87,35.67570833,139.7695625
0.0,4.0,35.67570833,139.7696875
0.0,4.13,35.67570833,139.7698125
0.0,4.12,35.67570833,139.7699375
0.0,4.08,35.67570833,139.7700625
0.0,4.02,35.67570833,139.7701875
0.0,3.95,35.67570833,139.7703125
0.0,3.93,35.67570833,139.7704375
0.0,3.92,35.67570833,139.7705625
0.0,3.81,35.67570833,139.7706875
0.0,3.82,35.67570833,139.7708125
0.0,3.88,35.67570833,139.7709375
0.0,3.9,35.67570833,139.7710625
0.0,3.91,35.67570833,139.7711875
0.0,3.9,35.67570833,139.7713125
0.0,3.95,35.67570833,139.7714375
0.0,3.89,35.67570833,139.7715625
0.0,3.65,35.67570833,139.7716875
0.0,3.65,35.67570833,139.7718125
0.0,3.75,35.67570833,139.7719375
0.0,4.08,35.67570833,139.7720625
0.0,3.3,35.67570833,139.7721875
0.0,3.59,35.67570833,139.7723125
0.0,3.37,35.67570833,139.7724375
0.0,3.28,35.67570833,139.7725625
0.0,3.19,35.67570833,139.7726875
0.0,3.09,35.67570833,139.7728125
0.0,3.04,35.67570833,139.7729375
0.0,3.07,35.67570833,139.7730625
0.0,2.78,35.67570833,139.7731875
4.664,-1.88,35.67570833,139.7733125
5.141,-2.35,35.67570833,139.7734375
4.954,-2.16,35.67570833,139.7735625
0.732,2.05,35.67570833,139.7736875
0.0,2.56,35.67570833,139.7738125
0.322,2.46,35.67570833,139.7739375
0.0,2.58,35.67570833,139.7740625
0.0,2.72,35.67570833,139.7741875
0.0,2.85,35.67570833,139.7743125
0.0,2.86,35.67570833,139.7744375
0.0,2.98,35.67570833,139.7745625
0.0,3.07,35.67570833,139.7746875
0.0,2.94,35.67570833,139.7748125
0.314,2.63,35.67570833,139.7749375
0.419,2.52,35.67570833,139.7750625
0.251,2.69,35.67570833,139.7751875
0.0,3.07,35.67570833,139.7753125
0.0,3.13,35.67570833,139.7754375
0.0,3.27,35.67570833,139.7755625
0.0,3.24,35.67570833,139.7756875
0.0,3.34,35.67570833,139.7758125
0.0,3.24,35.67570833,139.7759375
0.0,3.48,35.675625,139.7570625
0.0,3.22,35.675625,139.7571875
0.0,3.27,35.675625,139.7573125
0.0,3.16,35.675625,139.7574375
0.0,3.08,35.675625,139.7575625
0.0,3.69,35.675625,139.7576875
0.0,3.57,35.675625,139.7578125
0.0,2.69,35.675625,139.7579375
0.0,1.36,35.675625,139.7580625
0.0,0.77,35.675625,139.7581875
0.0,1.78,35.675625,139.7583125
0.0,2.42,35.675625,139.7584375
0.0,2.3,35.675625,139.7585625
0.0,2.14,35.675625,139.7586875
0.0,1.93,35.675625,139.7588125
0.0,2.09,35.675625,139.7589375
0.0,2.06,35.675625,139.7599375
0.0,2.11,35.675625,139.7600625
0.0,2.27,35.675625,139.7601875
0.0,2.48,35.675625,139.7603125
0.0,2.59,35.675625,139.7604375
0.0,2.63,35.675625,139.7605625
0.0,2.62,35.675625,139.7606875
0.0,2.67,35.675625,139.7608125
0.0,2.79,35.675625,139.7609375
0.0,2.76,35.675625,139.7610625
0.0,2.75,35.675625,139.7611875
0.0,2.7,35.675625,139.7613125
0.0,2.76,35.675625,139.7614375
0.0,2.99,35.675625,139.7615625
0.0,2.94,35.675625,139.7616875
0.0,2.9,35.675625,139.7618125
0.0,2.85,35.675625,139.7619375
0.0,2.8,35.675625,139.7620625
0.0,2.73,35.675625,139.7621875
0.0,2.9,35.675625,139.7623125
0.0,2.87,35.675625,139.7624375
0.0,2.49,35.675625,139.7625625
0.0,2.53,35.675625,139.7626875
0.0,2.75,35.675625,139.7628125
0.0,2.82,35.675625,139.7629375
0.0,2.93,35.675625,139.7630625
0.0,2.76,35.675625,139.7631875
0.0,2.73,35.675625,139.7633125
0.0,2.59,35.675625,139.7634375
0.0,2.55,35.675625,139.7635625
0.0,2.59,35.675625,139.7636875
0.0,2.77,35.675625,139.7638125
0.0,2.88,35.675625,139.7639375
0.0,2.91,35.675625,139.7640625
0.0,2.98,35.675625,139.7641875
0.0,3.11,35.675625,139.7643125
0.0,3.16,35.675625,139.7644375
0.0,3.43,35.675625,139.7645625
0.0,3.51,35.675625,139.7646875
0.0,3.6,35.675625,139.7648125
0.0,3.63,35.675625,139.7649375
0.0,3.57,35.675625,139.7650625
0.0,3.53,35.675625,139.7651875
0.0,3.57,35.675625,139.7653125
0.0,3.67,35.675625,139.7654375
0.0,3.56,35.675625,139.7655625
0.0,3.55,35.675625,139.7656875
0.0,3.63,35.675625,139.7658125
0.0,3.58,35.675625,139.7659375
0.0,3.68,35.675625,139.7660625
0.0,3.62,35.675625,139.7661875
0.0,3.92,35.675625,139.7663125
0.0,3.93,35.675625,139.7664375
0.0,4.01,35.675625,139.7665625
0.0,3.95,35.675625,139.7666875
0.0,3.86,35.675625,139.7668125
0.0,3.83,35.675625,139.7669375
0.0,3.76,35.675625,139.7670625
0.0,3.76,35.675625,139.7671875
0.0,3.86,35.675625,139.7673125
0.0,3.89,35.675625,139.7674375
0.0,3.8,35.675625,139.7675625
0.0,3.78,35.675625,139.7676875
0.0,3.8,35.675625,139.7678125
0.0,3.88,35.675625,139.7679375
0.0,4.1,35.675625,139.7680625
0.0,3.96,35.675625,139.7681875
0.0,3.86,35.675625,139.7683125
0.0,3.97,35.675625,139.7684375
0.0,3.83,35.675625,139.7685625
0.0,3.75,35.675625,139.7686875
0.0,3.87,35.675625,139.7688125
0.0,4.08,35.675625,139.7689375
0.0,4.22,35.675625,139.7690625
0.0,3.81,35.675625,139.7691875
0.0,3.67,35.675625,139.7693125
0.0,3.75,35.675625,139.7694375
0.0,3.87,35.675625,139.7695625
0.0,3.86,35.675625,139.7696875
0.0,3.92,35.675625,139.7698125
0.0,4.0,35.675625,139.7699375
0.0,4.01,35.675625,139.7700625
0.0,3.98,35.675625,139.7701875
0.0,4.02,35.675625,139.7703125
0.0,3.95,35.675625,139.7704375
0.0,3.9,35.675625,139.7705625
0.0,3.86,35.675625,139.7706875
0.0,3.87,35.675625,139.7708125
0.0,3.83,35.675625,139.7709375
0.0,3.95,35.675625,139.7710625
0.0,3.93,35.675625,139.7711875
0.0,3.79,35.675625,139.7713125
0.0,3.75,35.675625,139.7714375
0.0,3.76,35.675625,139.7715625
0.0,3.7,35.675625,139.7716875
0.0,3.51,35.675625,139.7718125
0.0,4.0,35.675625,139.7719375
0.0,3.82,35.675625,139.7720625
0.0,3.54,35.675625,139.7721875
0.0,3.61,35.675625,139.7723125
0.0,3.35,35.675625,139.7724375
0.0,3.26,35.675625,139.7725625
0.0,3.17,35.675625,139.7726875
0.0,3.07,35.675625,139.7728125
0.0,2.91,35.675625,139.7729375
0.0,2.95,35.675625,139.7730625
1.325,1.45,35.675625,139.7731875
5.278,-2.49,35.675625,139.7733125
5.273,-2.48,35.675625,139.7734375
3.427,-0.64,35.675625,139.7735625
0.0,2.5,35.675625,139.7736875
0.0,2.57,35.675625,139.7738125
0.0,2.65,35.675625,139.7739375
0.0,2.78,35.675625,139.7740625
0.0,2.92,35.675625,139.7741875
0.0,2.85,35.675625,139.7743125
0.0,2.9,35.675625,139.7744375
0.0,3.03,35.675625,139.7745625
0.0,3.1,35.675625,139.7746875
0.0,2.87,35.675625,139.7748125
0.305,2.64,35.675625,139.7749375
0.299,2.65,35.675625,139.7750625
0.0,2.94,35.675625,139.7751875
0.0,3.03,35.675625,139.7753125
0.0,3.17,35.675625,139.7754375
0.0,3.34,35.675625,139.7755625
0.0,3.41,35.675625,139.7756875
0.0,3.38,35.675625,139.7758125
0.0,3.37,35.675625,139.7759375
0.0,3.43,35.67554167,139.7570625
0.0,3.26,35.67554167,139.7571875
0.0,3.3,35.67554167,139.7573125
0.0,3.19,35.67554167,139.7574375
0.0,3.24,35.67554167,139.7575625
0.0,3.5,35.67554167,139.7576875
0.0,3.29,35.67554167,139.7578125
0.0,3.2,35.67554167,139.7579375
0.0,2.88,35.67554167,139.7580625
0.0,2.03,35.67554167,139.7581875
0.0,0.41,35.67554167,139.7583125
0.0,0.45,35.67554167,139.7584375
0.0,2.33,35.67554167,139.7585625
0.0,2.28,35.67554167,139.7586875
0.0,2.16,35.67554167,139.7588125
0.0,1.99,35.67554167,139.7589375
0.0,1.92,35.67554167,139.7590625
0.0,1.85,35.67554167,139.7591875
0.0,1.8,35.67554167,139.7598125
0.0,2.04,35.67554167,139.7599375
0.0,1.98,35.67554167,139.7600625
0.0,1.96,35.67554167,139.7601875
0.0,2.14,35.67554167,139.7603125
0.0,2.34,35.67554167,139.7604375
0.0,2.54,35.67554167,139.7605625
0.0,2.63,35.67554167,139.7606875
0.0,2.71,35.67554167,139.7608125
0.0,2.82,35.67554167,139.7609375
0.0,2.83,35.67554167,139.7610625
0.0,2.83,35.67554167,139.7611875
0.0,2.73,35.67554167,139.7613125
0.0,2.84,35.67554167,139.7614375
0.0,3.01,35.67554167,139.7615625
0.0,2.87,35.67554167,139.7616875
0.0,2.78,35.67554167,139.7618125
0.0,2.74,35.67554167,139.7619375
0.0,2.69,35.67554167,139.7620625
0.0,2.65,35.67554167,139.7621875
0.0,2.83,35.67554167,139.7623125
0.0,2.85,35.67554167,139.7624375
0.0,2.45,35.67554167,139.7625625
0.0,2.46,35.67554167,139.7626875
0.0,2.72,35.67554167,139.7628125
0.0,2.82,35.67554167,139.7629375
0.0,2.92,35.67554167,139.7630625
0.0,2.84,35.67554167,139.7631875
0.0,2.78,35.67554167,139.7633125
0.0,2.65,35.67554167,139.7634375
0.0,2.75,35.67554167,139.7635625
0.0,2.8,35.67554167,139.7636875
0.0,2.75,35.67554167,139.7638125
0.0,2.81,35.67554167,139.7639375
0.0,2.81,35.67554167,139.7640625
0.0,2.8,35.67554167,139.7641875
0.0,2.76,35.67554167,139.7643125
0.0,2.81,35.67554167,139.7644375
0.0,3.01,35.67554167,139.7645625
0.0,3.25,35.67554167,139.7646875
0.0,3.37,35.67554167,139.7648125
0.0,3.52,35.67554167,139.7649375
0.0,3.51,35.67554167,139.7650625
0.0,3.44,35.67554167,139.7651875
0.0,3.68,35.67554167,139.7653125
0.0,3.7,35.67554167,139.7654375
0.0,3.63,35.67554167,139.7655625
0.0,3.58,35.67554167,139.7656875
0.0,3.41,35.67554167,139.7658125
0.0,3.58,35.67554167,139.7659375
0.0,3.56,35.67554167,139.7660625
0.0,3.74,35.67554167,139.7661875
0.0,3.89,35.67554167,139.7663125
0.0,3.61,35.67554167,139.7664375
0.0,3.63,35.67554167,139.7665625
0.0,3.97,35.67554167,139.7666875
0.0,3.56,35.67554167,139.7668125
0.0,3.59,35.67554167,139.7669375
0.0,3.53,35.67554167,139.7670625
0.0,3.84,35.67554167,139.7671875
0.0,3.87,35.67554167,139.7673125
0.0,3.82,35.67554167,139.7674375
0.0,3.91,35.67554167,139.7675625
0.0,3.94,35.67554167,139.7676875
0.0,3.85,35.67554167,139.7678125
0.0,3.69,35.67554167,139.7679375
0.0,3.63,35.67554167,139.7680625
0.0,3.6,35.67554167,139.7681875
0.0,3.64,35.67554167,139.7683125
0.0,3.91,35.67554167,139.7684375
0.0,3.89,35.67554167,139.7685625
0.0,3.66,35.67554167,139.7686875
0.0,3.67,35.67554167,139.7688125
0.0,3.68,35.67554167,139.7689375
0.0,3.81,35.67554167,139.7690625
0.0,3.71,35.67554167,139.7691875
0.0,3.65,35.67554167,139.7693125
0.0,3.71,35.67554167,139.7694375
0.0,4.0,35.67554167,139.7695625
0.0,4.01,35.67554167,139.7696875
0.0,3.86,35.67554167,139.7698125
0.0,3.82,35.67554167,139.7699375
0.0,3.88,35.67554167,139.7700625
0.0,3.96,35.67554167,139.7701875
0.0,4.0,35.67554167,139.7703125
0.0,3.94,35.67554167,139.7704375
0.0,3.93,35.67554167,139.7705625
0.0,3.86,35.67554167,139.7706875
0.0,4.01,35.67554167,139.7708125
0.0,3.93,35.67554167,139.7709375
0.0,3.91,35.67554167,139.7710625
0.0,3.82,35.67554167,139.7711875
0.0,3.82,35.67554167,139.7713125
0.0,3.77,35.67554167,139.7714375
0.0,3.62,35.67554167,139.7715625
0.0,3.52,35.67554167,139.7716875
0.0,3.57,35.67554167,139.7718125
0.0,3.79,35.67554167,139.7719375
0.0,3.63,35.67554167,139.7720625
0.0,3.6,35.67554167,139.7721875
0.0,3.49,35.67554167,139.7723125
0.0,3.37,35.67554167,139.7724375
0.0,3.29,35.67554167,139.7725625
0.0,3.19,35.67554167,139.7726875
0.0,3.11,35.67554167,139.7728125
0.0,2.94,35.67554167,139.7729375
0.0,2.77,35.67554167,139.7730625
3.619,-0.83,35.67554167,139.7731875
5.384,-2.6,35.67554167,139.7733125
5.383,-2.6,35.67554167,139.7734375
1.66,1.12,35.67554167,139.7735625
0.0,2.49,35.67554167,139.7736875
0.0,2.57,35.67554167,139.7738125
0.0,2.78,35.67554167,139.7739375
0.0,2.94,35.67554167,139.7740625
0.0,3.08,35.67554167,139.7741875
0.0,2.94,35.67554167,139.7743125
0.0,3.0,35.67554167,139.7744375
0.0,2.95,35.67554167,139.7745625
0.0,3.0,35.67554167,139.7746875
0.0,2.81,35.67554167,139.7748125
0.283,2.66,35.67554167,139.7749375
0.0,2.8,35.67554167,139.7750625
0.0,3.16,35.67554167,139.7751875
0.0,3.13,35.67554167,139.7753125
0.0,3.28,35.67554167,139.7754375
0.0,3.29,35.67554167,139.7755625
0.0,3.25,35.67554167,139.7756875
0.0,3.41,35.67554167,139.7758125
0.0,3.41,35.67554167,139.7759375
0.0,3.32,35.67545833,139.7570625
0.0,3.28,35.67545833,139.7571875
0.0,3.11,35.67545833,139.7573125
0.0,2.99,35.67545833,139.7574375
0.0,3.29,35.67545833,139.7575625
0.0,3.48,35.67545833,139.7576875
0.0,2.99,35.67545833,139.7578125
0.0,2.92,35.67545833,139.7579375
0.0,2.9,35.67545833,139.7580625
0.0,2.82,35.67545833,139.7581875
0.0,2.48,35.67545833,139.7583125
0.0,1.24,35.67545833,139.7584375
0.0,2.56,35.67545833,139.7585625
0.0,2.24,35.67545833,139.7586875
0.0,2.22,35.67545833,139.7588125
0.0,2.22,35.67545833,139.7589375
0.0,2.04,35.67545833,139.7590625
0.0,1.89,35.67545833,139.7591875
0.0,1.75,35.67545833,139.7593125
0.0,1.91,35.67545833,139.7594375
0.0,1.86,35.67545833,139.7598125
0.0,2.02,35.67545833,139.7599375
0.0,1.91,35.67545833,139.7600625
0.0,2.19,35.67545833,139.7601875
0.0,2.18,35.67545833,139.7603125
0.0,2.23,35.67545833,139.7604375
0.0,2.31,35.67545833,139.7605625
0.0,2.44,35.67545833,139.7606875
0.0,2.6,35.67545833,139.7608125
0.0,2.68,35.67545833,139.7609375
0.0,2.87,35.67545833,139.7610625
0.0,2.95,35.67545833,139.7611875
0.0,2.75,35.67545833,139.7613125
0.0,2.88,35.67545833,139.7614375
0.0,3.01,35.67545833,139.7615625
0.0,2.94,35.67545833,139.7616875
0.0,2.72,35.67545833,139.7618125
0.0,2.62,35.67545833,139.7619375
0.0,2.58,35.67545833,139.7620625
0.0,2.57,35.67545833,139.7621875
0.0,2.77,35.67545833,139.7623125
0.0,2.81,35.67545833,139.7624375
0.0,2.43,35.67545833,139.7625625
0.0,2.48,35.67545833,139.7626875
0.0,2.65,35.67545833,139.7628125
0.0,2.74,35.67545833,139.7629375
0.0,2.87,35.67545833,139.7630625
0.0,2.87,35.67545833,139.7631875
0.0,2.71,35.67545833,139.7633125
0.0,2.71,35.67545833,139.7634375
0.0,2.9,35.67545833,139.7635625
0.0,2.92,35.67545833,139.7636875
0.0,2.8,35.67545833,139.7638125
0.0,2.78,35.67545833,139.7639375
0.0,2.82,35.67545833,139.7640625
0.0,2.69,35.67545833,139.7641875
0.0,2.74,35.67545833,139.7643125
0.0,2.73,35.67545833,139.7644375
0.0,2.78,35.67545833,139.7645625
0.0,2.91,35.67545833,139.7646875
0.0,3.12,35.67545833,139.7648125
0.0,3.35,35.67545833,139.7649375
0.0,3.41,35.67545833,139.7650625
0.0,3.45,35.67545833,139.7651875
0.0,3.52,35.67545833,139.7653125
0.0,3.56,35.67545833,139.7654375
0.0,3.58,35.67545833,139.7655625
0.0,3.49,35.67545833,139.7656875
0.0,3.34,35.67545833,139.7658125
0.0,3.47,35.67545833,139.7659375
0.0,3.58,35.67545833,139.7660625
0.0,3.9,35.67545833,139.7661875
0.0,3.75,35.67545833,139.7663125
0.0,3.43,35.67545833,139.7664375
0.0,3.19,35.67545833,139.7665625
0.0,3.11,35.67545833,139.7666875
0.0,3.25,35.67545833,139.7668125
0.0,3.27,35.67545833,139.7669375
0.0,3.13,35.67545833,139.7670625
0.0,3.73,35.67545833,139.7671875
0.0,4.14,35.67545833,139.7673125
0.0,3.86,35.67545833,139.7674375
0.0,3.88,35.67545833,139.7675625
0.0,3.9,35.67545833,139.7676875
0.0,3.93,35.67545833,139.7678125
0.0,3.73,35.67545833,139.7679375
0.0,3.73,35.67545833,139.7680625
0.0,3.52,35.67545833,139.7681875
0.0,3.43,35.67545833,139.7683125
0.0,3.6,35.67545833,139.7684375
0.0,3.78,35.67545833,139.7685625
0.0,3.7,35.67545833,139.7686875
0.0,3.71,35.67545833,139.7688125
0.0,3.56,35.67545833,139.7689375
0.0,3.64,35.67545833,139.7690625
0.0,3.57,35.67545833,139.7691875
0.0,3.67,35.67545833,139.7693125
0.0,3.77,35.67545833,139.7694375
0.0,4.01,35.67545833,139.7695625
0.0,3.99,35.67545833,139.7696875
0.0,3.89,35.67545833,139.7698125
0.0,3.79,35.67545833,139.7699375
0.0,3.85,35.67545833,139.7700625
0.0,3.87,35.67545833,139.7701875
0.0,3.92,35.67545833,139.7703125
0.0,3.92,35.67545833,139.7704375
0.0,3.9,35.67545833,139.7705625
0.0,3.9,35.67545833,139.7706875
0.0,4.18,35.67545833,139.7708125
0.0,3.99,35.67545833,139.7709375
0.0,3.94,35.67545833,139.7710625
0.0,3.85,35.67545833,139.7711875
0.0,3.71,35.67545833,139.7713125
0.0,3.71,35.67545833,139.7714375
0.0,3.69,35.67545833,139.7715625
0.0,3.6,35.67545833,139.7716875
0.0,3.64,35.67545833,139.7718125
0.0,3.66,35.67545833,139.7719375
0.0,3.45,35.67545833,139.7720625
0.0,3.55,35.67545833,139.7721875
0.0,3.55,35.67545833,139.7723125
0.0,3.38,35.67545833,139.7724375
0.0,3.31,35.67545833,139.7725625
0.0,3.25,35.67545833,139.7726875
0.0,3.15,35.67545833,139.7728125
0.0,2.9,35.67545833,139.7729375
0.69,2.09,35.67545833,139.7730625
5.453,-2.67,35.67545833,139.7731875
5.512,-2.73,35.67545833,139.7733125
4.44,-1.65,35.67545833,139.7734375
0.0,2.57,35.67545833,139.7735625
0.0,2.66,35.67545833,139.7736875
0.0,2.62,35.67545833,139.7738125
0.0,2.8,35.67545833,139.7739375
0.0,2.99,35.67545833,139.7740625
0.0,3.1,35.67545833,139.7741875
0.0,2.99,35.67545833,139.7743125
0.0,3.11,35.67545833,139.7744375
0.0,3.03,35.67545833,139.7745625
0.0,2.9,35.67545833,139.7746875
0.249,2.7,35.67545833,139.7748125
0.0,2.77,35.67545833,139.7749375
0.0,3.0,35.67545833,139.7750625
0.0,3.14,35.67545833,139.7751875
0.0,3.1,35.67545833,139.7753125
0.0,3.34,35.67545833,139.7754375
0.0,3.3,35.67545833,139.7755625
0.0,3.24,35.67545833,139.7756875
0.0,3.32,35.67545833,139.7758125
0.0,3.28,35.67545833,139.7759375
0.0,3.39,35.675375,139.7570625
0.0,3.72,35.675375,139.7571875
0.0,3.3,35.675375,139.7573125
0.0,3.13,35.675375,139.7574375
0.0,3.02,35.675375,139.7575625
0.0,3.18,35.675375,139.7576875
0.0,2.88,35.675375,139.7578125
0.0,2.9,35.675375,139.7579375
0.0,2.78,35.675375,139.7580625
0.0,2.76,35.675375,139.7581875
0.0,2.57,35.675375,139.7583125
0.0,2.47,35.675375,139.7584375
0.0,2.24,35.675375,139.7585625
0.0,2.21,35.675375,139.7586875
0.0,2.12,35.675375,139.7588125
0.0,2.16,35.675375,139.7589375
0.0,2.16,35.675375,139.7590625
0.0,2.04,35.675375,139.7591875
0.0,1.91,35.675375,139.7593125
0.0,1.89,35.675375,139.7594375
0.0,1.71,35.675375,139.7595625
0.0,1.79,35.675375,139.7596875
0.0,1.97,35.675375,139.7598125
0.0,1.98,35.675375,139.7599375
0.0,1.94,35.675375,139.7600625
0.0,2.26,35.675375,139.7601875
0.0,2.44,35.675375,139.7603125
0.0,2.43,35.675375,139.7604375
0.0,2.5,35.675375,139.7605625
0.0,2.5,35.675375,139.7606875
0.0,2.52,35.675375,139.7608125
0.0,2.52,35.675375,139.7609375
0.0,2.63,35.675375,139.7610625
0.0,2.82,35.675375,139.7611875
0.0,2.78,35.675375,139.7613125
0.0,2.88,35.675375,139.7614375
0.0,2.95,35.675375,139.7615625
0.0,2.96,35.675375,139.7616875
0.0,2.83,35.675375,139.7618125
0.0,2.61,35.675375,139.7619375
0.0,2.47,35.675375,139.7620625
0.0,2.5,35.675375,139.7621875
0.0,2.76,35.675375,139.7623125
0.0,2.65,35.675375,139.7624375
0.0,2.44,35.675375,139.7625625
0.0,2.47,35.675375,139.7626875
0.0,2.57,35.675375,139.7628125
0.0,2.68,35.675375,139.7629375
0.0,2.74,35.675375,139.7630625
0.0,2.76,35.675375,139.7631875
0.0,2.72,35.675375,139.7633125
0.0,2.77,35.675375,139.7634375
0.0,2.8,35.675375,139.7635625
0.0,2.88,35.675375,139.7636875
0.0,2.83,35.675375,139.7638125
0.0,2.79,35.675375,139.7639375
0.0,2.81,35.675375,139.7640625
0.0,2.78,35.675375,139.7641875
0.0,2.71,35.675375,139.7643125
0.0,2.72,35.675375,139.7644375
0.0,2.82,35.675375,139.7645625
0.0,2.92,35.675375,139.7646875
0.0,2.99,35.675375,139.7648125
0.0,3.19,35.675375,139.7649375
0.0,3.34,35.675375,139.7650625
0.0,3.41,35.675375,139.7651875
0.0,3.43,35.675375,139.7653125
0.0,3.46,35.675375,139.7654375
0.0,3.44,35.675375,139.7655625
0.0,3.24,35.675375,139.7656875
0.0,3.3,35.675375,139.7658125
0.0,3.24,35.675375,139.7659375
0.0,3.47,35.675375,139.7660625
0.0,3.56,35.675375,139.7661875
0.0,3.57,35.675375,139.7663125
0.0,3.4,35.675375,139.7664375
0.0,3.23,35.675375,139.7665625
0.0,2.99,35.675375,139.7666875
0.0,3.04,35.675375,139.7668125
0.0,3.03,35.675375,139.7669375
0.0,2.9,35.675375,139.7670625
0.0,3.55,35.675375,139.7671875
0.0,4.24,35.675375,139.7673125
0.0,3.91,35.675375,139.7674375
0.0,3.97,35.675375,139.7675625
0.0,3.84,35.675375,139.7676875
0.0,3.87,35.675375,139.7678125
0.0,3.81,35.675375,139.7679375
0.0,3.91,35.675375,139.7680625
0.0,3.81,35.675375,139.7681875
0.0,3.61,35.675375,139.7683125
0.0,3.56,35.675375,139.7684375
0.0,3.59,35.675375,139.7685625
0.0,3.61,35.675375,139.7686875
0.0,3.57,35.675375,139.7688125
0.0,3.63,35.675375,139.7689375
0.0,3.73,35.675375,139.7690625
0.0,3.75,35.675375,139.7691875
0.0,3.7,35.675375,139.7693125
0.0,3.73,35.675375,139.7694375
0.0,3.78,35.675375,139.7695625
0.0,3.83,35.675375,139.7696875
0.0,3.89,35.675375,139.7698125
0.0,3.77,35.675375,139.7699375
0.0,3.96,35.675375,139.7700625
0.0,3.91,35.675375,139.7701875
0.0,3.95,35.675375,139.7703125
0.0,3.94,35.675375,139.7704375
0.0,3.91,35.675375,139.7705625
0.0,3.94,35.675375,139.7706875
0.0,4.07,35.675375,139.7708125
0.0,3.98,35.675375,139.7709375
0.0,3.85,35.675375,139.7710625
0.0,3.73,35.675375,139.7711875
0.0,3.68,35.675375,139.7713125
0.0,3.65,35.675375,139.7714375
0.0,3.54,35.675375,139.7715625
0.0,3.63,35.675375,139.7716875
0.0,3.64,35.675375,139.7718125
0.0,3.57,35.675375,139.7719375
0.0,3.38,35.675375,139.7720625
0.0,3.48,35.675375,139.7721875
0.0,3.49,35.675375,139.7723125
0.0,3.38,35.675375,139.7724375
0.0,3.29,35.675375,139.7725625
0.0,3.28,35.675375,139.7726875
0.0,3.08,35.675375,139.7728125
0.0,2.76,35.675375,139.7729375
3.632,-0.85,35.675375,139.7730625
5.657,-2.87,35.675375,139.7731875
5.614,-2.83,35.675375,139.7733125
1.917,0.87,35.675375,139.7734375
0.0,2.73,35.675375,139.7735625
0.0,2.67,35.675375,139.7736875
0.0,2.68,35.675375,139.7738125
0.0,2.91,35.675375,139.7739375
0.0,2.99,35.675375,139.7740625
0.0,3.03,35.675375,139.7741875
0.0,3.07,35.675375,139.7743125
0.0,3.12,35.675375,139.7744375
0.0,3.08,35.675375,139.7745625
0.0,2.95,35.675375,139.7746875
0.0,2.77,35.675375,139.7748125
0.0,2.83,35.675375,139.7749375
0.0,3.01,35.675375,139.7750625
0.0,3.15,35.675375,139.7751875
0.0,3.2,35.675375,139.7753125
0.0,3.26,35.675375,139.7754375
0.0,3.18,35.675375,139.7755625
0.0,3.32,35.675375,139.7756875
0.0,3.36,35.675375,139.7758125
0.0,3.42,35.675375,139.7759375
0.0,3.49,35.67529167,139.7570625
0.0,3.84,35.67529167,139.7571875
0.0,3.12,35.67529167,139.7573125
0.0,2.95,35.67529167,139.7574375
0.0,2.99,35.67529167,139.7575625
0.0,2.88,35.67529167,139.7576875
0.0,2.8,35.67529167,139.7578125
0.0,2.72,35.67529167,139.7579375
0.0,2.54,35.67529167,139.7580625
0.0,2.25,35.67529167,139.7581875
0.0,2.08,35.67529167,139.7583125
0.0,1.96,35.67529167,139.7584375
0.0,2.0,35.67529167,139.7585625
0.0,2.13,35.67529167,139.7586875
0.0,2.1,35.67529167,139.7588125
0.0,2.0,35.67529167,139.7589375
0.0,2.04,35.67529167,139.7590625
0.0,2.17,35.67529167,139.7591875
0.0,1.97,35.67529167,139.7593125
0.0,1.84,35.67529167,139.7594375
0.0,1.79,35.67529167,139.7595625
0.0,1.89,35.67529167,139.7596875
0.0,2.07,35.67529167,139.7598125
0.0,1.97,35.67529167,139.7599375
0.0,2.05,35.67529167,139.7600625
0.0,2.27,35.67529167,139.7601875
0.0,2.41,35.67529167,139.7603125
0.0,2.41,35.67529167,139.7604375
0.0,2.68,35.67529167,139.7605625
0.0,2.73,35.67529167,139.7606875
0.0,2.81,35.67529167,139.7608125
0.0,2.78,35.67529167,139.7609375
0.0,2.75,35.67529167,139.7610625
0.0,2.75,35.67529167,139.7611875
0.0,2.83,35.67529167,139.7613125
0.0,2.73,35.67529167,139.7614375
0.0,2.78,35.67529167,139.7615625
0.0,2.87,35.67529167,139.7616875
0.0,2.89,35.67529167,139.7618125
0.0,2.7,35.67529167,139.7619375
0.0,2.45,35.67529167,139.7620625
0.0,2.49,35.67529167,139.7621875
0.0,2.8,35.67529167,139.7623125
0.0,2.6,35.67529167,139.7624375
0.0,2.43,35.67529167,139.7625625
0.0,2.49,35.67529167,139.7626875
0.0,2.55,35.67529167,139.7628125
0.0,2.64,35.67529167,139.7629375
0.0,2.67,35.67529167,139.7630625
0.0,2.7,35.67529167,139.7631875
0.0,2.76,35.67529167,139.7633125
0.0,2.75,35.67529167,139.7634375
0.0,2.76,35.67529167,139.7635625
0.0,2.77,35.67529167,139.7636875
0.0,2.8,35.67529167,139.7638125
0.0,2.78,35.67529167,139.7639375
0.0,2.77,35.67529167,139.7640625
0.0,2.76,35.67529167,139.7641875
0.0,2.76,35.67529167,139.7643125
0.0,2.82,35.67529167,139.7644375
0.0,2.87,35.67529167,139.7645625
0.0,3.02,35.67529167,139.7646875
0.0,3.1,35.67529167,139.7648125
0.0,3.19,35.67529167,139.7649375
0.0,3.37,35.67529167,139.7650625
0.0,3.36,35.67529167,139.7651875
0.0,3.33,35.67529167,139.7653125
0.0,3.33,35.67529167,139.7654375
0.0,3.25,35.67529167,139.7655625
0.0,3.12,35.67529167,139.7656875
0.0,3.16,35.67529167,139.7658125
0.0,3.1,35.67529167,139.7659375
0.0,3.21,35.67529167,139.7660625
0.0,3.27,35.67529167,139.7661875
0.0,3.34,35.67529167,139.7663125
0.0,3.27,35.67529167,139.7664375
0.0,3.08,35.67529167,139.7665625
0.0,2.92,35.67529167,139.7666875
0.0,3.11,35.67529167,139.7668125
0.0,3.02,35.67529167,139.7669375
0.0,2.99,35.67529167,139.7670625
0.0,3.11,35.67529167,139.7671875
0.0,3.66,35.67529167,139.7673125
0.0,3.84,35.67529167,139.7674375
0.0,3.82,35.67529167,139.7675625
0.0,3.78,35.67529167,139.7676875
0.0,3.95,35.67529167,139.7678125
0.0,3.91,35.67529167,139.7679375
0.0,3.88,35.67529167,139.7680625
0.0,3.91,35.67529167,139.7681875
0.0,3.82,35.67529167,139.7683125
0.0,3.81,35.67529167,139.7684375
0.0,3.75,35.67529167,139.7685625
0.0,3.74,35.67529167,139.7686875
0.0,3.74,35.67529167,139.7688125
0.0,3.81,35.67529167,139.7689375
0.0,3.85,35.67529167,139.7690625
0.0,3.86,35.67529167,139.7691875
0.0,3.81,35.67529167,139.7693125
0.0,3.68,35.67529167,139.7694375
0.0,3.56,35.67529167,139.7695625
0.0,3.57,35.67529167,139.7696875
0.0,3.63,35.67529167,139.7698125
0.0,3.9,35.67529167,139.7699375
0.0,3.98,35.67529167,139.7700625
0.0,3.97,35.67529167,139.7701875
0.0,4.02,35.67529167,139.7703125
0.0,4.0,35.67529167,139.7704375
0.0,3.9,35.67529167,139.7705625
0.0,3.93,35.67529167,139.7706875
0.0,3.9,35.67529167,139.7708125
0.0,3.93,35.67529167,139.7709375
0.0,3.84,35.67529167,139.7710625
0.0,3.74,35.67529167,139.7711875
0.0,3.7,35.67529167,139.7713125
0.0,3.7,35.67529167,139.7714375
0.0,3.5,35.67529167,139.7715625
0.0,3.61,35.67529167,139.7716875
0.0,3.63,35.67529167,139.7718125
0.0,3.52,35.67529167,139.7719375
0.0,3.32,35.67529167,139.7720625
0.0,3.32,35.67529167,139.7721875
0.0,3.42,35.67529167,139.7723125
0.0,3.38,35.67529167,139.7724375
0.0,3.36,35.67529167,139.7725625
0.0,3.38,35.67529167,139.7726875
0.0,3.27,35.67529167,139.7728125
1.162,1.62,35.67529167,139.7729375
5.321,-2.54,35.67529167,139.7730625
5.768,-2.98,35.67529167,139.7731875
5.13,-2.34,35.67529167,139.7733125
0.673,2.1,35.67529167,139.7734375
0.0,2.63,35.67529167,139.7735625
0.0,2.65,35.67529167,139.7736875
0.0,2.72,35.67529167,139.7738125
0.0,3.03,35.67529167,139.7739375
0.0,2.99,35.67529167,139.7740625
0.0,2.99,35.67529167,139.7741875
0.0,3.14,35.67529167,139.7743125
0.0,3.1,35.67529167,139.7744375
0.0,3.04,35.67529167,139.7745625
0.0,2.84,35.67529167,139.7746875
0.0,2.8,35.67529167,139.7748125
0.0,2.97,35.67529167,139.7749375
0.0,3.1,35.67529167,139.7750625
0.0,3.17,35.67529167,139.7751875
0.0,3.32,35.67529167,139.7753125
0.0,3.34,35.67529167,139.7754375
0.0,3.23,35.67529167,139.7755625
0.0,3.18,35.67529167,139.7756875
0.0,3.25,35.67529167,139.7758125
0.0,3.45,35.67529167,139.7759375
0.0,3.44,35.67520833,139.7570625
0.0,3.52,35.67520833,139.7571875
0.0,3.11,35.67520833,139.7573125
0.0,3.2,35.67520833,139.7574375
0.0,2.93,35.67520833,139.7575625
0.0,2.82,35.67520833,139.7576875
0.0,2.93,35.67520833,139.7578125
0.0,3.06,35.67520833,139.7579375
0.0,2.89,35.67520833,139.7580625
0.0,2.66,35.67520833,139.7581875
0.0,2.36,35.67520833,139.7583125
0.0,1.72,35.67520833,139.7584375
0.0,1.81,35.67520833,139.7585625
0.0,1.99,35.67520833,139.7586875
0.0,2.13,35.67520833,139.7588125
0.0,2.08,35.67520833,139.7589375
0.0,1.96,35.67520833,139.7590625
0.0,1.95,35.67520833,139.7591875
0.0,2.0,35.67520833,139.7593125
0.0,1.89,35.67520833,139.7594375
0.0,1.9,35.67520833,139.7595625
0.0,2.04,35.67520833,139.7596875
0.0,2.03,35.67520833,139.7598125
0.0,1.98,35.67520833,139.7599375
0.0,2.07,35.67520833,139.7600625
0.0,2.29,35.67520833,139.7601875
0.0,2.45,35.67520833,139.7603125
0.0,2.49,35.67520833,139.7604375
0.0,2.74,35.67520833,139.7605625
0.0,2.82,35.67520833,139.7606875
0.0,2.86,35.67520833,139.7608125
0.0,2.88,35.67520833,139.7609375
0.0,2.91,35.67520833,139.7610625
0.0,2.86,35.67520833,139.7611875
0.0,2.86,35.67520833,139.7613125
0.0,2.89,35.67520833,139.7614375
0.0,2.69,35.67520833,139.7615625
0.0,2.62,35.67520833,139.7616875
0.0,2.57,35.67520833,139.7618125
0.0,2.6,35.67520833,139.7619375
0.0,2.58,35.67520833,139.7620625
0.0,2.6,35.67520833,139.7621875
0.0,2.88,35.67520833,139.7623125
0.0,2.45,35.67520833,139.7624375
0.0,2.42,35.67520833,139.7625625
0.0,2.46,35.67520833,139.7626875
0.0,2.56,35.67520833,139.7628125
0.0,2.6,35.67520833,139.7629375
0.0,2.65,35.67520833,139.7630625
0.0,2.69,35.67520833,139.7631875
0.0,2.74,35.67520833,139.7633125
0.0,2.76,35.67520833,139.7634375
0.0,2.75,35.67520833,139.7635625
0.0,2.74,35.67520833,139.7636875
0.0,2.75,35.67520833,139.7638125
0.0,2.72,35.67520833,139.7639375
0.0,2.72,35.67520833,139.7640625
0.0,2.77,35.67520833,139.7641875
0.0,2.83,35.67520833,139.7643125
0.0,2.9,35.67520833,139.7644375
0.0,2.98,35.67520833,139.7645625
0.0,3.07,35.67520833,139.7646875
0.0,3.26,35.67520833,139.7648125
0.0,3.3,35.67520833,139.7649375
0.0,3.48,35.67520833,139.7650625
0.0,3.48,35.67520833,139.7651875
0.0,3.32,35.67520833,139.7653125
0.0,3.24,35.67520833,139.7654375
0.0,3.17,35.67520833,139.7655625
0.0,3.13,35.67520833,139.7656875
0.0,2.97,35.67520833,139.7658125
0.0,2.96,35.67520833,139.7659375
0.0,3.09,35.67520833,139.7660625
0.0,3.08,35.67520833,139.7661875
0.0,3.12,35.67520833,139.7663125
0.0,3.06,35.67520833,139.7664375
0.0,3.0,35.67520833,139.7665625
0.0,3.21,35.67520833,139.7666875
0.0,3.26,35.67520833,139.7668125
0.0,3.15,35.67520833,139.7669375
0.0,3.04,35.67520833,139.7670625
0.0,3.06,35.67520833,139.7671875
0.0,3.3,35.67520833,139.7673125
0.0,3.51,35.67520833,139.7674375
0.0,3.6,35.67520833,139.7675625
0.0,3.76,35.67520833,139.7676875
0.0,3.97,35.67520833,139.7678125
0.0,3.86,35.67520833,139.7679375
0.0,3.79,35.67520833,139.7680625
0.0,3.81,35.67520833,139.7681875
0.0,3.74,35.67520833,139.7683125
0.0,3.78,35.67520833,139.7684375
0.0,3.72,35.67520833,139.7685625
0.0,3.75,35.67520833,139.7686875
0.0,3.76,35.67520833,139.7688125
0.0,3.94,35.67520833,139.7689375
0.0,3.95,35.67520833,139.7690625
0.0,3.87,35.67520833,139.7691875
0.0,3.94,35.67520833,139.7693125
0.0,3.74,35.67520833,139.7694375
0.0,3.53,35.67520833,139.7695625
0.0,3.36,35.67520833,139.7696875
0.0,3.4,35.67520833,139.7698125
0.0,3.7,35.67520833,139.7699375
0.0,3.88,35.67520833,139.7700625
0.0,3.94,35.67520833,139.7701875
0.0,3.98,35.67520833,139.7703125
0.0,3.96,35.67520833,139.7704375
0.0,3.94,35.67520833,139.7705625
0.0,3.94,35.67520833,139.7706875
0.0,3.91,35.67520833,139.7708125
0.0,3.95,35.67520833,139.7709375
0.0,3.83,35.67520833,139.7710625
0.0,3.81,35.67520833,139.7711875
0.0,3.79,35.67520833,139.7713125
0.0,3.74,35.67520833,139.7714375
0.0,3.53,35.67520833,139.7715625
0.0,3.68,35.67520833,139.7716875
0.0,3.63,35.67520833,139.7718125
0.0,3.42,35.67520833,139.7719375
0.0,3.33,35.67520833,139.7720625
0.0,3.33,35.67520833,139.7721875
0.0,3.34,35.67520833,139.7723125
0.0,3.45,35.67520833,139.7724375
0.0,3.44,35.67520833,139.7725625
0.0,3.59,35.67520833,139.7726875
0.0,3.65,35.67520833,139.7728125
2.581,0.2,35.67520833,139.7729375
5.792,-3.01,35.67520833,139.7730625
5.839,-3.06,35.67520833,139.7731875
2.931,-0.15,35.67520833,139.7733125
0.724,2.06,35.67520833,139.7734375
0.0,2.66,35.67520833,139.7735625
0.0,2.68,35.67520833,139.7736875
0.0,2.68,35.67520833,139.7738125
0.0,2.9,35.67520833,139.7739375
0.0,2.98,35.67520833,139.7740625
0.0,2.96,35.67520833,139.7741875
0.0,3.11,35.67520833,139.7743125
0.0,3.15,35.67520833,139.7744375
0.0,3.02,35.67520833,139.7745625
0.0,2.81,35.67520833,139.7746875
0.0,2.86,35.67520833,139.7748125
0.0,3.13,35.67520833,139.7749375
0.0,3.17,35.67520833,139.7750625
0.0,3.18,35.67520833,139.7751875
0.0,3.18,35.67520833,139.7753125
0.0,3.37,35.67520833,139.7754375
0.0,3.23,35.67520833,139.7755625
0.0,3.22,35.67520833,139.7756875
0.0,3.16,35.67520833,139.7758125
0.0,3.13,35.67520833,139.7759375
0.0,3.65,35.675125,139.7570625
0.0,3.26,35.675125,139.7571875
0.0,2.98,35.675125,139.7573125
0.0,3.0,35.675125,139.7574375
0.0,2.88,35.675125,139.7575625
0.0,2.87,35.675125,139.7576875
0.0,3.01,35.675125,139.7578125
0.0,3.0,35.675125,139.7579375
0.0,3.0,35.675125,139.7580625
0.0,2.63,35.675125,139.7581875
0.0,1.96,35.675125,139.7583125
0.0,1.23,35.675125,139.7584375
0.0,0.91,35.675125,139.7585625
0.0,1.83,35.675125,139.7586875
0.0,3.27,35.675125,139.7588125
0.0,2.03,35.675125,139.7589375
0.0,1.98,35.675125,139.7590625
0.0,1.9,35.675125,139.7591875
0.0,1.85,35.675125,139.7593125
0.0,1.9,35.675125,139.7594375
0.0,1.92,35.675125,139.7595625
0.0,2.06,35.675125,139.7596875
0.0,1.96,35.675125,139.7598125
0.0,1.97,35.675125,139.7599375
0.0,1.95,35.675125,139.7600625
0.0,2.19,35.675125,139.7601875
0.0,2.5,35.675125,139.7603125
0.0,2.5,35.675125,139.7604375
0.0,2.69,35.675125,139.7605625
0.0,2.79,35.675125,139.7606875
0.0,2.87,35.675125,139.7608125
0.0,2.95,35.675125,139.7609375
0.0,2.96,35.675125,139.7610625
0.0,2.79,35.675125,139.7611875
0.0,2.93,35.675125,139.7613125
0.0,2.97,35.675125,139.7614375
0.0,2.93,35.675125,139.7615625
0.0,2.78,35.675125,139.7616875
0.0,2.63,35.675125,139.7618125
0.0,2.46,35.675125,139.7619375
0.0,2.44,35.675125,139.7620625
0.0,2.54,35.675125,139.7621875
0.0,2.6,35.675125,139.7623125
0.0,2.42,35.675125,139.7624375
0.0,2.42,35.675125,139.7625625
0.0,2.46,35.675125,139.7626875
0.0,2.54,35.675125,139.7628125
0.0,2.58,35.675125,139.7629375
0.0,2.67,35.675125,139.7630625
0.0,2.7,35.675125,139.7631875
0.0,2.69,35.675125,139.7633125
0.0,2.75,35.675125,139.7634375
0.0,2.76,35.675125,139.7635625
0.0,2.75,35.675125,139.7636875
0.0,2.7,35.675125,139.7638125
0.0,2.68,35.675125,139.7639375
0.0,2.7,35.675125,139.7640625
0.0,2.77,35.675125,139.7641875
0.0,2.86,35.675125,139.7643125
0.0,2.98,35.675125,139.7644375
0.0,3.06,35.675125,139.7645625
0.0,3.14,35.675125,139.7646875
0.0,3.34,35.675125,139.7648125
0.0,3.39,35.675125,139.7649375
0.0,3.45,35.675125,139.7650625
0.0,3.51,35.675125,139.7651875
0.0,3.5,35.675125,139.7653125
0.0,3.27,35.675125,139.7654375
0.0,3.12,35.675125,139.7655625
0.0,3.06,35.675125,139.7656875
0.0,2.92,35.675125,139.7658125
0.0,2.9,35.675125,139.7659375
0.0,3.02,35.675125,139.7660625
0.0,3.12,35.675125,139.7661875
0.0,3.05,35.675125,139.7663125
0.0,2.98,35.675125,139.7664375
0.0,3.13,35.675125,139.7665625
0.0,3.38,35.675125,139.7666875
0.0,3.28,35.675125,139.7668125
0.0,3.14,35.675125,139.7669375
0.0,3.07,35.675125,139.7670625
0.0,3.02,35.675125,139.7671875
0.0,3.28,35.675125,139.7673125
0.0,3.5,35.675125,139.7674375
0.0,3.55,35.675125,139.7675625
0.0,3.52,35.675125,139.7676875
0.0,3.57,35.675125,139.7678125
0.0,3.62,35.675125,139.7679375
0.0,3.62,35.675125,139.7680625
0.0,3.65,35.675125,139.7681875
0.0,3.64,35.675125,139.7683125
0.0,3.68,35.675125,139.7684375
0.0,3.66,35.675125,139.7685625
0.0,3.71,35.675125,139.7686875
0.0,3.79,35.675125,139.7688125
0.0,3.95,35.675125,139.7689375
0.0,3.9,35.675125,139.7690625
0.0,3.9,35.675125,139.7691875
0.0,3.93,35.675125,139.7693125
0.0,3.76,35.675125,139.7694375
0.0,3.69,35.675125,139.7695625
0.0,3.51,35.675125,139.7696875
0.0,3.34,35.675125,139.7698125
0.0,3.4,35.675125,139.7699375
0.0,3.71,35.675125,139.7700625
0.0,3.72,35.675125,139.7701875
0.0,3.86,35.675125,139.7703125
0.0,3.97,35.675125,139.7704375
0.0,4.07,35.675125,139.7705625
0.0,4.0,35.675125,139.7706875
0.0,3.89,35.675125,139.7708125
0.0,3.95,35.675125,139.7709375
0.0,3.86,35.675125,139.7710625
0.0,3.85,35.675125,139.7711875
0.0,3.84,35.675125,139.7713125
0.0,3.76,35.675125,139.7714375
0.0,3.65,35.675125,139.7715625
0.0,3.97,35.675125,139.7716875
0.0,3.57,35.675125,139.7718125
0.0,3.58,35.675125,139.7719375
0.0,3.5,35.675125,139.7720625
0.0,3.41,35.675125,139.7721875
0.0,3.43,35.675125,139.7723125
0.0,3.49,35.675125,139.7724375
0.0,3.56,35.675125,139.7725625
0.0,3.82,35.675125,139.7726875
0.0,3.41,35.675125,139.7728125
4.46,-1.68,35.675125,139.7729375
5.634,-2.85,35.675125,139.7730625
5.624,-2.84,35.675125,139.7731875
0.0,2.44,35.675125,139.7733125
0.0,2.84,35.675125,139.7734375
0.0,2.84,35.675125,139.7735625
0.0,2.84,35.675125,139.7736875
0.0,2.94,35.675125,139.7738125
0.0,2.87,35.675125,139.7739375
0.0,2.89,35.675125,139.7740625
0.0,2.88,35.675125,139.7741875
0.0,2.98,35.675125,139.7743125
0.0,3.05,35.675125,139.7744375
0.0,2.93,35.675125,139.7745625
0.0,2.82,35.675125,139.7746875
0.0,2.98,35.675125,139.7748125
0.0,3.14,35.675125,139.7749375
0.0,3.24,35.675125,139.7750625
0.0,3.36,35.675125,139.7751875
0.0,3.12,35.675125,139.7753125
0.0,3.16,35.675125,139.7754375
0.0,3.16,35.675125,139.7755625
0.0,3.22,35.675125,139.7756875
0.0,3.27,35.675125,139.7758125
0.0,3.09,35.675125,139.7759375
0.0,3.63,35.67504167,139.7570625
0.0,2.96,35.67504167,139.7571875
0.0,3.14,35.67504167,139.7573125
0.0,3.09,35.67504167,139.7574375
0.0,3.02,35.67504167,139.7575625
0.0,2.67,35.67504167,139.7576875
0.0,3.28,35.67504167,139.7578125
0.0,2.88,35.67504167,139.7579375
0.0,2.94,35.67504167,139.7580625
0.0,2.22,35.67504167,139.7581875
0.0,1.91,35.67504167,139.7583125
0.0,0.93,35.67504167,139.7584375
0.0,0.95,35.67504167,139.7585625
0.0,1.97,35.67504167,139.7586875
0.0,4.42,35.67504167,139.7588125
0.0,2.42,35.67504167,139.7589375
0.0,1.86,35.67504167,139.7590625
0.0,1.86,35.67504167,139.7591875
0.0,1.77,35.67504167,139.7593125
0.0,1.93,35.67504167,139.7594375
0.0,2.01,35.67504167,139.7595625
0.0,2.02,35.67504167,139.7596875
0.0,1.96,35.67504167,139.7598125
0.0,1.96,35.67504167,139.7599375
0.0,2.11,35.67504167,139.7600625
0.0,2.17,35.67504167,139.7601875
0.0,2.26,35.67504167,139.7603125
0.0,2.34,35.67504167,139.7604375
0.0,2.47,35.67504167,139.7605625
0.0,2.59,35.67504167,139.7606875
0.0,2.71,35.67504167,139.7608125
0.0,2.84,35.67504167,139.7609375
0.0,2.94,35.67504167,139.7610625
0.0,2.75,35.67504167,139.7611875
0.0,2.92,35.67504167,139.7613125
0.0,2.84,35.67504167,139.7614375
0.0,2.82,35.67504167,139.7615625
0.0,2.82,35.67504167,139.7616875
0.0,2.76,35.67504167,139.7618125
0.0,2.75,35.67504167,139.7619375
0.0,2.67,35.67504167,139.7620625
0.0,2.56,35.67504167,139.7621875
0.0,2.39,35.67504167,139.7623125
0.0,2.44,35.67504167,139.7624375
0.0,2.4,35.67504167,139.7625625
0.0,2.44,35.67504167,139.7626875
0.0,2.52,35.67504167,139.7628125
0.0,2.61,35.67504167,139.7629375
0.0,2.63,35.67504167,139.7630625
0.0,2.69,35.67504167,139.7631875
0.0,2.69,35.67504167,139.7633125
0.0,2.7,35.67504167,139.7634375
0.0,2.75,35.67504167,139.7635625
0.0,2.75,35.67504167,139.7636875
0.0,2.66,35.67504167,139.7638125
0.0,2.66,35.67504167,139.7639375
0.0,2.75,35.67504167,139.7640625
0.0,2.75,35.67504167,139.7641875
0.0,2.82,35.67504167,139.7643125
0.0,2.99,35.67504167,139.7644375
0.0,3.14,35.67504167,139.7645625
0.0,3.23,35.67504167,139.7646875
0.0,3.34,35.67504167,139.7648125
0.0,3.47,35.67504167,139.7649375
0.0,3.46,35.67504167,139.7650625
0.0,3.51,35.67504167,139.7651875
0.0,3.52,35.67504167,139.7653125
0.0,3.13,35.67504167,139.7654375
0.0,3.06,35.67504167,139.7655625
0.0,2.91,35.67504167,139.7656875
0.0,2.99,35.67504167,139.7658125
0.0,3.02,35.67504167,139.7659375
0.0,2.91,35.67504167,139.7660625
0.0,2.95,35.67504167,139.7661875
0.0,3.04,35.67504167,139.7663125
0.0,3.03,35.67504167,139.7664375
0.0,3.44,35.67504167,139.7665625
0.0,3.39,35.67504167,139.7666875
0.0,3.35,35.67504167,139.7668125
0.0,3.08,35.67504167,139.7669375
0.0,3.01,35.67504167,139.7670625
0.0,3.14,35.67504167,139.7671875
0.0,3.26,35.67504167,139.7673125
0.0,3.49,35.67504167,139.7674375
0.0,3.54,35.67504167,139.7675625
0.0,3.31,35.67504167,139.7676875
0.0,3.31,35.67504167,139.7678125
0.0,3.24,35.67504167,139.7679375
0.0,3.22,35.67504167,139.7680625
0.0,3.34,35.67504167,139.7681875
0.0,3.35,35.67504167,139.7683125
0.0,3.46,35.67504167,139.7684375
0.0,3.45,35.67504167,139.7685625
0.0,3.62,35.67504167,139.7686875
0.0,3.77,35.67504167,139.7688125
0.0,3.82,35.67504167,139.7689375
0.0,3.85,35.67504167,139.7690625
0.0,3.93,35.67504167,139.7691875
0.0,3.8,35.67504167,139.7693125
0.0,3.76,35.67504167,139.7694375
0.0,3.82,35.67504167,139.7695625
0.0,3.76,35.67504167,139.7696875
0.0,3.5,35.67504167,139.7698125
0.0,3.41,35.67504167,139.7699375
0.0,3.38,35.67504167,139.7700625
0.0,3.45,35.67504167,139.7701875
0.0,3.66,35.67504167,139.7703125
0.0,3.81,35.67504167,139.7704375
0.0,3.9,35.67504167,139.7705625
0.0,3.9,35.67504167,139.7706875
0.0,3.86,35.67504167,139.7708125
0.0,3.99,35.67504167,139.7709375
0.0,3.93,35.67504167,139.7710625
0.0,3.89,35.67504167,139.7711875
0.0,3.79,35.67504167,139.7713125
0.0,3.69,35.67504167,139.7714375
0.0,3.91,35.67504167,139.7715625
0.0,4.07,35.67504167,139.7716875
0.0,3.63,35.67504167,139.7718125
0.0,3.8,35.67504167,139.7719375
0.0,3.83,35.67504167,139.7720625
0.0,3.71,35.67504167,139.7721875
0.0,3.52,35.67504167,139.7723125
0.0,3.57,35.67504167,139.7724375
0.0,3.89,35.67504167,139.7725625
0.0,4.13,35.67504167,139.7726875
0.589,3.41,35.67504167,139.7728125
5.082,-1.68,35.67504167,139.7729375
5.333,-2.85,35.67504167,139.7730625
4.136,-2.84,35.67504167,139.7731875
0.0,3.4,35.67504167,139.7733125
0.0,3.21,35.67504167,139.7734375
0.0,2.87,35.67504167,139.7735625
0.0,3.03,35.67504167,139.7736875
0.0,3.04,35.67504167,139.7738125
0.0,2.99,35.67504167,139.7739375
0.0,2.96,35.67504167,139.7740625
0.0,2.93,35.67504167,139.7741875
0.0,2.93,35.67504167,139.7743125
0.0,2.96,35.67504167,139.7744375
0.0,2.8,35.67504167,139.7745625
0.0,2.82,35.67504167,139.7746875
0.0,3.05,35.67504167,139.7748125
0.0,3.18,35.67504167,139.7749375
0.0,3.24,35.67504167,139.7750625
0.0,3.29,35.67504167,139.7751875
0.0,3.12,35.67504167,139.7753125
0.0,3.1,35.67504167,139.7754375
0.0,3.09,35.67504167,139.7755625
0.0,3.17,35.67504167,139.7756875
0.0,3.21,35.67504167,139.7758125
0.0,3.03,35.67504167,139.7759375
0.0,3.51,35.67495833,139.7570625
0.0,2.91,35.67495833,139.7571875
0.0,3.2,35.67495833,139.7573125
0.0,3.29,35.67495833,139.7574375
0.0,3.19,35.67495833,139.7575625
0.0,2.86,35.67495833,139.7576875
0.0,2.94,35.67495833,139.7578125
0.0,2.91,35.67495833,139.7579375
0.0,2.68,35.67495833,139.7580625
0.0,2.24,35.67495833,139.7581875
0.0,1.98,35.67495833,139.7583125
0.0,1.01,35.67495833,139.7584375
0.0,1.37,35.67495833,139.7585625
0.0,4.44,35.67495833,139.7586875
0.0,3.89,35.67495833,139.7588125
0.0,2.43,35.67495833,139.7589375
0.0,1.81,35.67495833,139.7590625
0.0,1.79,35.67495833,139.7591875
0.0,1.79,35.67495833,139.7593125
0.0,1.93,35.67495833,139.7594375
0.0,2.0,35.67495833,139.7595625
0.0,2.02,35.67495833,139.7596875
0.0,1.95,35.67495833,139.7598125
0.0,2.07,35.67495833,139.7599375
0.0,2.31,35.67495833,139.7600625
0.0,2.63,35.67495833,139.7601875
0.0,2.51,35.67495833,139.7603125
0.0,2.42,35.67495833,139.7604375
0.0,2.38,35.67495833,139.7605625
0.0,2.5,35.67495833,139.7606875
0.0,2.57,35.67495833,139.7608125
0.0,2.71,35.67495833,139.7609375
0.0,2.82,35.67495833,139.7610625
0.0,2.71,35.67495833,139.7611875
0.0,2.92,35.67495833,139.7613125
0.0,2.81,35.67495833,139.7614375
0.0,2.72,35.67495833,139.7615625
0.0,2.72,35.67495833,139.7616875
0.0,2.69,35.67495833,139.7618125
0.0,2.72,35.67495833,139.7619375
0.0,2.66,35.67495833,139.7620625
0.0,2.67,35.67495833,139.7621875
0.0,2.53,35.67495833,139.7623125
0.0,2.42,35.67495833,139.7624375
0.0,2.41,35.67495833,139.7625625
0.0,2.39,35.67495833,139.7626875
0.0,2.56,35.67495833,139.7628125
0.0,2.63,35.67495833,139.7629375
0.0,2.66,35.67495833,139.7630625
0.0,2.65,35.67495833,139.7631875
0.0,2.69,35.67495833,139.7633125
0.0,2.68,35.67495833,139.7634375
0.0,2.7,35.67495833,139.7635625
0.0,2.66,35.67495833,139.7636875
0.0,2.69,35.67495833,139.7638125
0.0,2.72,35.67495833,139.7639375
0.0,2.77,35.67495833,139.7640625
0.0,2.77,35.67495833,139.7641875
0.0,2.79,35.67495833,139.7643125
0.0,2.94,35.67495833,139.7644375
0.0,3.12,35.67495833,139.7645625
0.0,3.28,35.67495833,139.7646875
0.0,3.42,35.67495833,139.7648125
0.0,3.51,35.67495833,139.7649375
0.0,3.51,35.67495833,139.7650625
0.0,3.47,35.67495833,139.7651875
0.0,3.47,35.67495833,139.7653125
0.0,3.03,35.67495833,139.7654375
0.0,3.0,35.67495833,139.7655625
0.0,2.95,35.67495833,139.7656875
0.0,3.04,35.67495833,139.7658125
0.0,3.15,35.67495833,139.7659375
0.0,2.99,35.67495833,139.7660625
0.0,2.85,35.67495833,139.7661875
0.0,2.93,35.67495833,139.7663125
0.0,3.16,35.67495833,139.7664375
0.0,3.42,35.67495833,139.7665625
0.0,3.32,35.67495833,139.7666875
0.0,3.2,35.67495833,139.7668125
0.0,3.04,35.67495833,139.7669375
0.0,3.16,35.67495833,139.7670625
0.0,3.17,35.67495833,139.7671875
0.0,3.22,35.67495833,139.7673125
0.0,3.36,35.67495833,139.7674375
0.0,3.38,35.67495833,139.7675625
0.0,3.27,35.67495833,139.7676875
0.0,3.42,35.67495833,139.7678125
0.0,3.29,35.67495833,139.7679375
0.0,3.18,35.67495833,139.7680625
0.0,3.11,35.67495833,139.7681875
0.0,3.17,35.67495833,139.7683125
0.0,3.27,35.67495833,139.7684375
0.0,3.24,35.67495833,139.7685625
0.0,3.48,35.67495833,139.7686875
0.0,3.58,35.67495833,139.7688125
0.0,3.64,35.67495833,139.7689375
0.0,3.73,35.67495833,139.7690625
0.0,3.84,35.67495833,139.7691875
0.0,3.73,35.67495833,139.7693125
0.0,3.65,35.67495833,139.7694375
0.0,3.74,35.67495833,139.7695625
0.0,3.85,35.67495833,139.7696875
0.0,3.81,35.67495833,139.7698125
0.0,3.74,35.67495833,139.7699375
0.0,3.64,35.67495833,139.7700625
0.0,3.45,35.67495833,139.7701875
0.0,3.54,35.67495833,139.7703125
0.0,3.72,35.67495833,139.7704375
0.0,3.81,35.67495833,139.7705625
0.0,3.83,35.67495833,139.7706875
0.0,3.96,35.67495833,139.7708125
0.0,4.1,35.67495833,139.7709375
0.0,4.11,35.67495833,139.7710625
0.0,4.07,35.67495833,139.7711875
0.0,3.94,35.67495833,139.7713125
0.0,3.89,35.67495833,139.7714375
0.0,4.2,35.67495833,139.7715625
0.0,3.97,35.67495833,139.7716875
0.0,3.81,35.67495833,139.7718125
0.0,3.95,35.67495833,139.7719375
0.0,4.03,35.67495833,139.7720625
0.0,3.86,35.67495833,139.7721875
0.0,3.66,35.67495833,139.7723125
0.0,3.67,35.67495833,139.7724375
0.0,3.94,35.67495833,139.7725625
0.0,4.21,35.67495833,139.7726875
3.428,-0.65,35.67495833,139.7728125
4.917,-2.14,35.67495833,139.7729375
5.049,-2.26,35.67495833,139.7730625
1.346,1.43,35.67495833,139.7731875
0.0,3.61,35.67495833,139.7733125
0.0,3.17,35.67495833,139.7734375
0.0,2.85,35.67495833,139.7735625
0.0,3.04,35.67495833,139.7736875
0.0,2.99,35.67495833,139.7738125
0.0,2.94,35.67495833,139.7739375
0.0,2.91,35.67495833,139.7740625
0.0,2.93,35.67495833,139.7741875
0.0,2.83,35.67495833,139.7743125
0.0,2.76,35.67495833,139.7744375
0.0,2.73,35.67495833,139.7745625
0.0,2.85,35.67495833,139.7746875
0.0,3.08,35.67495833,139.7748125
0.0,3.13,35.67495833,139.7749375
0.0,3.22,35.67495833,139.7750625
0.0,3.1,35.67495833,139.7751875
0.0,3.13,35.67495833,139.7753125
0.0,3.1,35.67495833,139.7754375
0.0,3.15,35.67495833,139.7755625
0.0,3.14,35.67495833,139.7756875
0.0,3.12,35.67495833,139.7758125
0.0,2.98,35.67495833,139.7759375
0.0,3.2,35.674875,139.7570625
0.0,3.11,35.674875,139.7571875
0.0,3.25,35.674875,139.7573125
0.0,3.51,35.674875,139.7574375
0.0,3.27,35.674875,139.7575625
0.0,2.95,35.674875,139.7576875
0.0,2.94,35.674875,139.7578125
0.0,2.77,35.674875,139.7579375
0.0,2.43,35.674875,139.7580625
0.0,2.0,35.674875,139.7581875
0.0,1.52,35.674875,139.7583125
0.0,1.13,35.674875,139.7584375
0.0,1.84,35.674875,139.7585625
0.0,5.16,35.674875,139.7586875
0.0,3.26,35.674875,139.7588125
0.0,2.05,35.674875,139.7589375
0.0,1.96,35.674875,139.7590625
0.0,1.78,35.674875,139.7591875
0.0,1.84,35.674875,139.7593125
0.0,1.97,35.674875,139.7594375
0.0,1.94,35.674875,139.7595625
0.0,2.04,35.674875,139.7596875
0.0,2.03,35.674875,139.7598125
0.0,2.02,35.674875,139.7599375
0.0,2.5,35.674875,139.7600625
0.0,2.9,35.674875,139.7601875
0.0,2.77,35.674875,139.7603125
0.0,2.4,35.674875,139.7604375
0.0,2.43,35.674875,139.7605625
0.0,2.53,35.674875,139.7606875
0.0,2.62,35.674875,139.7608125
0.0,2.66,35.674875,139.7609375
0.0,2.67,35.674875,139.7610625
0.0,2.74,35.674875,139.7611875
0.0,2.86,35.674875,139.7613125
0.0,2.84,35.674875,139.7614375
0.0,2.76,35.674875,139.7615625
0.0,2.74,35.674875,139.7616875
0.0,2.68,35.674875,139.7618125
0.0,2.63,35.674875,139.7619375
0.0,2.55,35.674875,139.7620625
0.0,2.68,35.674875,139.7621875
0.0,2.47,35.674875,139.7623125
0.0,2.35,35.674875,139.7624375
0.0,2.35,35.674875,139.7625625
0.0,2.41,35.674875,139.7626875
0.0,2.52,35.674875,139.7628125
0.0,2.63,35.674875,139.7629375
0.0,2.68,35.674875,139.7630625
0.0,2.7,35.674875,139.7631875
0.0,2.66,35.674875,139.7633125
0.0,2.67,35.674875,139.7634375
0.0,2.64,35.674875,139.7635625
0.0,2.64,35.674875,139.7636875
0.0,2.73,35.674875,139.7638125
0.0,2.78,35.674875,139.7639375
0.0,2.76,35.674875,139.7640625
0.0,2.77,35.674875,139.7641875
0.0,2.78,35.674875,139.7643125
0.0,2.9,35.674875,139.7644375
0.0,3.08,35.674875,139.7645625
0.0,3.29,35.674875,139.7646875
0.0,3.52,35.674875,139.7648125
0.0,3.48,35.674875,139.7649375
0.0,3.49,35.674875,139.7650625
0.0,3.51,35.674875,139.7651875
0.0,3.14,35.674875,139.7653125
0.0,3.05,35.674875,139.7654375
0.0,2.91,35.674875,139.7655625
0.0,3.02,35.674875,139.7656875
0.0,3.11,35.674875,139.7658125
0.0,3.2,35.674875,139.7659375
0.0,3.16,35.674875,139.7660625
0.0,2.97,35.674875,139.7661875
0.0,2.95,35.674875,139.7663125
0.0,3.19,35.674875,139.7664375
0.0,3.33,35.674875,139.7665625
0.0,3.27,35.674875,139.7666875
0.0,3.0,35.674875,139.7668125
0.0,3.09,35.674875,139.7669375
0.0,3.34,35.674875,139.7670625
0.0,3.28,35.674875,139.7671875
0.0,3.24,35.674875,139.7673125
0.0,3.29,35.674875,139.7674375
0.0,3.33,35.674875,139.7675625
0.0,3.3,35.674875,139.7676875
0.0,3.31,35.674875,139.7678125
0.0,3.3,35.674875,139.7679375
0.0,3.18,35.674875,139.7680625
0.0,3.09,35.674875,139.7681875
0.0,3.16,35.674875,139.7683125
0.0,3.17,35.674875,139.7684375
0.0,3.17,35.674875,139.7685625
0.0,3.23,35.674875,139.7686875
0.0,3.39,35.674875,139.7688125
0.0,3.5,35.674875,139.7689375
0.0,3.59,35.674875,139.7690625
0.0,3.56,35.674875,139.7691875
0.0,3.61,35.674875,139.7693125
0.0,3.5,35.674875,139.7694375
0.0,3.55,35.674875,139.7695625
0.0,3.65,35.674875,139.7696875
0.0,3.69,35.674875,139.7698125
0.0,3.81,35.674875,139.7699375
0.0,3.8,35.674875,139.7700625
0.0,3.7,35.674875,139.7701875
0.0,3.62,35.674875,139.7703125
0.0,3.74,35.674875,139.7704375
0.0,3.8,35.674875,139.7705625
0.0,3.82,35.674875,139.7706875
0.0,4.02,35.674875,139.7708125
0.0,4.22,35.674875,139.7709375
0.0,4.32,35.674875,139.7710625
0.0,4.22,35.674875,139.7711875
0.0,4.08,35.674875,139.7713125
0.0,4.11,35.674875,139.7714375
0.0,4.4,35.674875,139.7715625
0.0,3.94,35.674875,139.7716875
0.0,3.92,35.674875,139.7718125
0.0,4.02,35.674875,139.7719375
0.0,3.96,35.674875,139.7720625
0.0,3.84,35.674875,139.7721875
0.0,3.69,35.674875,139.7723125
0.0,3.74,35.674875,139.7724375
0.0,4.03,35.674875,139.7725625
0.0,3.31,35.674875,139.7726875
4.283,-1.5,35.674875,139.7728125
4.576,-1.79,35.674875,139.7729375
3.76,-0.98,35.674875,139.7730625
0.0,3.65,35.674875,139.7731875
0.0,3.42,35.674875,139.7733125
0.0,3.07,35.674875,139.7734375
0.0,2.91,35.674875,139.7735625
0.0,2.92,35.674875,139.7736875
0.0,2.88,35.674875,139.7738125
0.0,2.83,35.674875,139.7739375
0.0,2.74,35.674875,139.7740625
0.0,2.88,35.674875,139.7741875
0.0,2.89,35.674875,139.7743125
0.0,2.72,35.674875,139.7744375
0.3,2.71,35.674875,139.7745625
0.0,2.86,35.674875,139.7746875
0.0,3.04,35.674875,139.7748125
0.0,3.02,35.674875,139.7749375
0.0,3.16,35.674875,139.7750625
0.0,3.05,35.674875,139.7751875
0.0,3.05,35.674875,139.7753125
0.0,3.05,35.674875,139.7754375
0.0,3.09,35.674875,139.7755625
0.0,3.12,35.674875,139.7756875
0.0,3.07,35.674875,139.7758125
0.0,2.9,35.674875,139.7759375
0.0,3.11,35.67479167,139.7570625
0.0,3.1,35.67479167,139.7571875
0.0,3.21,35.67479167,139.7573125
0.0,3.36,35.67479167,139.7574375
0.0,3.21,35.67479167,139.7575625
0.0,2.9,35.67479167,139.7576875
0.0,2.92,35.67479167,139.7578125
0.0,2.66,35.67479167,139.7579375
0.0,2.37,35.67479167,139.7580625
0.0,1.36,35.67479167,139.7581875
0.0,1.18,35.67479167,139.7583125
0.0,1.14,35.67479167,139.7584375
0.0,2.18,35.67479167,139.7585625
0.0,5.19,35.67479167,139.7586875
0.0,3.04,35.67479167,139.7588125
0.0,2.29,35.67479167,139.7589375
0.0,1.85,35.67479167,139.7590625
0.0,1.81,35.67479167,139.7591875
0.0,1.96,35.67479167,139.7593125
0.0,1.95,35.67479167,139.7594375
0.0,1.88,35.67479167,139.7595625
0.0,1.95,35.67479167,139.7596875
0.0,2.14,35.67479167,139.7598125
0.0,2.08,35.67479167,139.7599375
0.0,2.22,35.67479167,139.7600625
0.0,2.42,35.67479167,139.7601875
0.0,2.6,35.67479167,139.7603125
0.0,2.31,35.67479167,139.7604375
0.0,2.41,35.67479167,139.7605625
0.0,2.5,35.67479167,139.7606875
0.0,2.67,35.67479167,139.7608125
0.0,2.8,35.67479167,139.7609375
0.0,2.73,35.67479167,139.7610625
0.0,2.77,35.67479167,139.7611875
0.0,2.85,35.67479167,139.7613125
0.0,2.82,35.67479167,139.7614375
0.0,2.81,35.67479167,139.7615625
0.0,2.8,35.67479167,139.7616875
0.0,2.75,35.67479167,139.7618125
0.0,2.64,35.67479167,139.7619375
0.0,2.58,35.67479167,139.7620625
0.0,2.66,35.67479167,139.7621875
0.0,2.4,35.67479167,139.7623125
0.0,2.32,35.67479167,139.7624375
0.0,2.39,35.67479167,139.7625625
0.0,2.47,35.67479167,139.7626875
0.0,2.52,35.67479167,139.7628125
0.0,2.61,35.67479167,139.7629375
0.0,2.7,35.67479167,139.7630625
0.0,2.73,35.67479167,139.7631875
0.0,2.72,35.67479167,139.7633125
0.0,2.66,35.67479167,139.7634375
0.0,2.61,35.67479167,139.7635625
0.0,2.64,35.67479167,139.7636875
0.0,2.77,35.67479167,139.7638125
0.0,2.76,35.67479167,139.7639375
0.0,2.74,35.67479167,139.7640625
0.0,2.76,35.67479167,139.7641875
0.0,2.77,35.67479167,139.7643125
0.0,2.85,35.67479167,139.7644375
0.0,3.1,35.67479167,139.7645625
0.0,3.4,35.67479167,139.7646875
0.0,3.58,35.67479167,139.7648125
0.0,3.51,35.67479167,139.7649375
0.0,3.41,35.67479167,139.7650625
0.0,3.4,35.67479167,139.7651875
0.0,2.99,35.67479167,139.7653125
0.0,3.0,35.67479167,139.7654375
0.0,2.9,35.67479167,139.7655625
0.0,3.1,35.67479167,139.7656875
0.0,3.19,35.67479167,139.7658125
0.0,3.23,35.67479167,139.7659375
0.0,3.16,35.67479167,139.7660625
0.0,3.07,35.67479167,139.7661875
0.0,2.98,35.67479167,139.7663125
0.0,2.98,35.67479167,139.7664375
0.0,3.2,35.67479167,139.7665625
0.0,3.12,35.67479167,139.7666875
0.0,3.0,35.67479167,139.7668125
0.0,3.22,35.67479167,139.7669375
0.0,3.41,35.67479167,139.7670625
0.0,3.36,35.67479167,139.7671875
0.0,3.26,35.67479167,139.7673125
0.0,3.31,35.67479167,139.7674375
0.0,3.42,35.67479167,139.7675625
0.0,3.36,35.67479167,139.7676875
0.0,3.34,35.67479167,139.7678125
0.0,3.19,35.67479167,139.7679375
0.0,3.13,35.67479167,139.7680625
0.0,3.14,35.67479167,139.7681875
0.0,3.25,35.67479167,139.7683125
0.0,3.22,35.67479167,139.7684375
0.0,3.2,35.67479167,139.7685625
0.0,3.22,35.67479167,139.7686875
0.0,3.34,35.67479167,139.7688125
0.0,3.33,35.67479167,139.7689375
0.0,3.39,35.67479167,139.7690625
0.0,3.28,35.67479167,139.7691875
0.0,3.48,35.67479167,139.7693125
0.0,3.39,35.67479167,139.7694375
0.0,3.36,35.67479167,139.7695625
0.0,3.4,35.67479167,139.7696875
0.0,3.51,35.67479167,139.7698125
0.0,3.6,35.67479167,139.7699375
0.0,3.73,35.67479167,139.7700625
0.0,3.87,35.67479167,139.7701875
0.0,3.79,35.67479167,139.7703125
0.0,3.83,35.67479167,139.7704375
0.0,3.85,35.67479167,139.7705625
0.0,3.93,35.67479167,139.7706875
0.0,3.99,35.67479167,139.7708125
0.0,4.21,35.67479167,139.7709375
0.0,4.39,35.67479167,139.7710625
0.0,4.34,35.67479167,139.7711875
0.0,3.78,35.67479167,139.7713125
0.0,3.69,35.67479167,139.7714375
0.0,4.24,35.67479167,139.7715625
0.0,4.05,35.67479167,139.7716875
0.0,3.98,35.67479167,139.7718125
0.0,3.91,35.67479167,139.7719375
0.0,3.85,35.67479167,139.7720625
0.0,3.77,35.67479167,139.7721875
0.0,3.66,35.67479167,139.7723125
0.0,3.75,35.67479167,139.7724375
0.0,3.83,35.67479167,139.7725625
0.0,4.43,35.67479167,139.7726875
4.203,-1.43,35.67479167,139.7728125
4.221,-1.44,35.67479167,139.7729375
1.673,1.1,35.67479167,139.7730625
0.0,3.97,35.67479167,139.7731875
0.0,3.45,35.67479167,139.7733125
0.0,3.01,35.67479167,139.7734375
0.0,2.85,35.67479167,139.7735625
0.0,2.8,35.67479167,139.7736875
0.0,2.76,35.67479167,139.7738125
0.0,2.74,35.67479167,139.7739375
0.3,2.72,35.67479167,139.7740625
0.0,2.76,35.67479167,139.7741875
0.0,2.78,35.67479167,139.7743125
0.41,2.61,35.67479167,139.7744375
0.364,2.65,35.67479167,139.7745625
0.0,2.79,35.67479167,139.7746875
0.0,2.89,35.67479167,139.7748125
0.0,2.77,35.67479167,139.7749375
0.0,3.04,35.67479167,139.7750625
0.0,2.8,35.67479167,139.7751875
0.0,2.9,35.67479167,139.7753125
0.0,2.94,35.67479167,139.7754375
0.0,2.99,35.67479167,139.7755625
0.0,3.02,35.67479167,139.7756875
0.0,3.05,35.67479167,139.7758125
0.0,2.77,35.67479167,139.7759375
0.0,3.44,35.67470833,139.7570625
0.0,3.3,35.67470833,139.7571875
0.0,3.23,35.67470833,139.7573125
0.0,3.22,35.67470833,139.7574375
0.0,3.08,35.67470833,139.7575625
0.0,2.76,35.67470833,139.7576875
0.0,3.01,35.67470833,139.7578125
0.0,2.55,35.67470833,139.7579375
0.0,2.01,35.67470833,139.7580625
0.0,1.28,35.67470833,139.7581875
0.0,1.15,35.67470833,139.7583125
0.0,1.15,35.67470833,139.7584375
0.0,4.29,35.67470833,139.7585625
0.0,3.62,35.67470833,139.7586875
0.0,2.39,35.67470833,139.7588125
0.0,2.08,35.67470833,139.7589375
0.0,1.77,35.67470833,139.7590625
0.0,1.96,35.67470833,139.7591875
0.0,1.96,35.67470833,139.7593125
0.0,1.9,35.67470833,139.7594375
0.0,1.96,35.67470833,139.7595625
0.0,2.01,35.67470833,139.7596875
0.0,2.11,35.67470833,139.7598125
0.0,2.22,35.67470833,139.7599375
0.0,2.12,35.67470833,139.7600625
0.0,2.09,35.67470833,139.7601875
0.0,2.43,35.67470833,139.7603125
0.0,2.33,35.67470833,139.7604375
0.0,2.38,35.67470833,139.7605625
0.0,2.51,35.67470833,139.7606875
0.0,2.67,35.67470833,139.7608125
0.0,2.8,35.67470833,139.7609375
0.0,2.72,35.67470833,139.7610625
0.0,2.82,35.67470833,139.7611875
0.0,2.92,35.67470833,139.7613125
0.0,2.93,35.67470833,139.7614375
0.0,2.86,35.67470833,139.7615625
0.0,2.81,35.67470833,139.7616875
0.0,2.76,35.67470833,139.7618125
0.0,2.58,35.67470833,139.7619375
0.0,2.66,35.67470833,139.7620625
0.0,2.63,35.67470833,139.7621875
0.0,2.34,35.67470833,139.7623125
0.0,2.27,35.67470833,139.7624375
0.0,2.45,35.67470833,139.7625625
0.0,2.51,35.67470833,139.7626875
0.0,2.56,35.67470833,139.7628125
0.0,2.62,35.67470833,139.7629375
0.0,2.71,35.67470833,139.7630625
0.0,2.77,35.67470833,139.7631875
0.0,2.79,35.67470833,139.7633125
0.0,2.74,35.67470833,139.7634375
0.0,2.57,35.67470833,139.7635625
0.0,2.7,35.67470833,139.7636875
0.0,2.74,35.67470833,139.7638125
0.0,2.77,35.67470833,139.7639375
0.0,2.74,35.67470833,139.7640625
0.0,2.73,35.67470833,139.7641875
0.0,2.77,35.67470833,139.7643125
0.0,2.93,35.67470833,139.7644375
0.0,3.21,35.67470833,139.7645625
0.0,3.47,35.67470833,139.7646875
0.0,3.54,35.67470833,139.7648125
0.0,3.54,35.67470833,139.7649375
0.0,3.47,35.67470833,139.7650625
0.0,3.16,35.67470833,139.7651875
0.0,3.01,35.67470833,139.7653125
0.0,2.94,35.67470833,139.7654375
0.0,3.03,35.67470833,139.7655625
0.0,3.15,35.67470833,139.7656875
0.0,3.23,35.67470833,139.7658125
0.0,3.21,35.67470833,139.7659375
0.0,3.21,35.67470833,139.7660625
0.0,3.16,35.67470833,139.7661875
0.0,3.13,35.67470833,139.7663125
0.0,3.06,35.67470833,139.7664375
0.0,3.0,35.67470833,139.7665625
0.0,3.05,35.67470833,139.7666875
0.0,3.14,35.67470833,139.7668125
0.0,3.25,35.67470833,139.7669375
0.0,3.43,35.67470833,139.7670625
0.0,3.41,35.67470833,139.7671875
0.0,3.29,35.67470833,139.7673125
0.0,3.3,35.67470833,139.7674375
0.0,3.37,35.67470833,139.7675625
0.0,3.48,35.67470833,139.7676875
0.0,3.33,35.67470833,139.7678125
0.0,3.17,35.67470833,139.7679375
0.0,3.16,35.67470833,139.7680625
0.0,3.23,35.67470833,139.7681875
0.0,3.35,35.67470833,139.7683125
0.0,3.28,35.67470833,139.7684375
0.0,3.16,35.67470833,139.7685625
0.0,3.25,35.67470833,139.7686875
0.0,3.23,35.67470833,139.7688125
0.0,3.2,35.67470833,139.7689375
0.0,3.21,35.67470833,139.7690625
0.0,3.34,35.67470833,139.7691875
0.0,3.43,35.67470833,139.7693125
0.0,3.36,35.67470833,139.7694375
0.0,3.33,35.67470833,139.7695625
0.0,3.29,35.67470833,139.7696875
0.0,3.32,35.67470833,139.7698125
0.0,3.41,35.67470833,139.7699375
0.0,3.73,35.67470833,139.7700625
0.0,3.92,35.67470833,139.7701875
0.0,3.93,35.67470833,139.7703125
0.0,3.84,35.67470833,139.7704375
0.0,3.84,35.67470833,139.7705625
0.0,3.95,35.67470833,139.7706875
0.0,4.06,35.67470833,139.7708125
0.0,4.24,35.67470833,139.7709375
0.0,4.41,35.67470833,139.7710625
0.0,4.36,35.67470833,139.7711875
0.0,3.33,35.67470833,139.7713125
0.0,0.59,35.67470833,139.7714375
0.0,3.92,35.67470833,139.7715625
0.0,4.19,35.67470833,139.7716875
0.0,4.08,35.67470833,139.7718125
0.0,3.92,35.67470833,139.7719375
0.0,3.79,35.67470833,139.7720625
0.0,3.73,35.67470833,139.7721875
0.0,3.67,35.67470833,139.7723125
0.0,3.75,35.67470833,139.7724375
0.0,4.36,35.67470833,139.7725625
1.642,1.13,35.67470833,139.7726875
3.989,-1.21,35.67470833,139.7728125
4.019,-1.24,35.67470833,139.7729375
0.0,3.22,35.67470833,139.7730625
0.0,3.8,35.67470833,139.7731875
0.0,3.38,35.67470833,139.7733125
0.0,3.05,35.67470833,139.7734375
0.0,2.86,35.67470833,139.7735625
0.0,2.76,35.67470833,139.7736875
0.334,2.68,35.67470833,139.7738125
0.364,2.65,35.67470833,139.7739375
0.379,2.64,35.67470833,139.7740625
0.365,2.65,35.67470833,139.7741875
0.415,2.6,35.67470833,139.7743125
0.394,2.62,35.67470833,139.7744375
0.41,2.61,35.67470833,139.7745625
0.453,2.56,35.67470833,139.7746875
0.476,2.54,35.67470833,139.7748125
0.495,2.52,35.67470833,139.7749375
0.518,2.5,35.67470833,139.7750625
0.491,2.53,35.67470833,139.7751875
0.438,2.58,35.67470833,139.7753125
0.427,2.59,35.67470833,139.7754375
0.399,2.62,35.67470833,139.7755625
0.364,2.65,35.67470833,139.7756875
0.339,2.68,35.67470833,139.7758125
0.398,2.62,35.67470833,139.7759375
0.0,3.26,35.674625,139.7570625
0.0,3.29,35.674625,139.7571875
0.0,3.21,35.674625,139.7573125
0.0,2.96,35.674625,139.7574375
0.0,2.91,35.674625,139.7575625
0.0,2.95,35.674625,139.7576875
0.0,2.98,35.674625,139.7578125
0.0,2.58,35.674625,139.7579375
0.0,1.66,35.674625,139.7580625
0.0,1.07,35.674625,139.7581875
0.0,1.09,35.674625,139.7583125
0.0,1.74,35.674625,139.7584375
0.0,5.16,35.674625,139.7585625
0.0,2.62,35.674625,139.7586875
0.0,2.01,35.674625,139.7588125
0.0,1.89,35.674625,139.7589375
0.0,1.92,35.674625,139.7590625
0.0,2.01,35.674625,139.7591875
0.0,1.89,35.674625,139.7593125
0.0,1.83,35.674625,139.7594375
0.0,1.98,35.674625,139.7595625
0.0,2.15,35.674625,139.7596875
0.0,2.13,35.674625,139.7598125
0.0,2.17,35.674625,139.7599375
0.0,2.27,35.674625,139.7600625
0.0,2.15,35.674625,139.7601875
0.0,2.23,35.674625,139.7603125
0.0,2.31,35.674625,139.7604375
0.0,2.36,35.674625,139.7605625
0.0,2.53,35.674625,139.7606875
0.0,2.71,35.674625,139.7608125
0.0,2.81,35.674625,139.7609375
0.0,2.74,35.674625,139.7610625
0.0,2.83,35.674625,139.7611875
0.0,2.85,35.674625,139.7613125
0.0,2.87,35.674625,139.7614375
0.0,2.86,35.674625,139.7615625
0.0,2.86,35.674625,139.7616875
0.0,2.87,35.674625,139.7618125
0.0,2.68,35.674625,139.7619375
0.0,2.49,35.674625,139.7620625
0.0,2.4,35.674625,139.7621875
0.0,2.33,35.674625,139.7623125
0.0,2.29,35.674625,139.7624375
0.0,2.46,35.674625,139.7625625
0.0,2.56,35.674625,139.7626875
0.0,2.6,35.674625,139.7628125
0.0,2.65,35.674625,139.7629375
0.0,2.72,35.674625,139.7630625
0.0,2.78,35.674625,139.7631875
0.0,2.77,35.674625,139.7633125
0.0,2.76,35.674625,139.7634375
0.0,2.63,35.674625,139.7635625
0.0,2.73,35.674625,139.7636875
0.0,2.72,35.674625,139.7638125
0.0,2.75,35.674625,139.7639375
0.0,2.75,35.674625,139.7640625
0.0,2.74,35.674625,139.7641875
0.0,2.92,35.674625,139.7643125
0.0,3.1,35.674625,139.7644375
0.0,3.3,35.674625,139.7645625
0.0,3.44,35.674625,139.7646875
0.0,3.49,35.674625,139.7648125
0.0,3.04,35.674625,139.7651875
0.0,2.99,35.674625,139.7653125
0.0,2.95,35.674625,139.7654375
0.0,3.17,35.674625,139.7655625
0.0,3.29,35.674625,139.7656875
0.0,3.35,35.674625,139.7658125
0.0,3.27,35.674625,139.7659375
0.0,3.32,35.674625,139.7660625
0.0,3.3,35.674625,139.7661875
0.0,3.24,35.674625,139.7663125
0.0,3.14,35.674625,139.7664375
0.0,3.08,35.674625,139.7665625
0.0,3.11,35.674625,139.7666875
0.0,3.2,35.674625,139.7668125
0.0,3.22,35.674625,139.7669375
0.0,3.24,35.674625,139.7670625
0.0,3.32,35.674625,139.7671875
0.0,3.26,35.674625,139.7673125
0.0,3.33,35.674625,139.7674375
0.0,3.4,35.674625,139.7675625
0.0,3.42,35.674625,139.7676875
0.0,3.24,35.674625,139.7678125
0.0,3.17,35.674625,139.7679375
0.0,3.24,35.674625,139.7680625
0.0,3.34,35.674625,139.7681875
0.0,3.42,35.674625,139.7683125
0.0,3.3,35.674625,139.7684375
0.0,3.12,35.674625,139.7685625
0.0,3.17,35.674625,139.7686875
0.0,3.32,35.674625,139.7688125
0.0,3.3,35.674625,139.7689375
0.0,3.26,35.674625,139.7690625
0.0,3.31,35.674625,139.7691875
0.0,3.37,35.674625,139.7693125
0.0,3.36,35.674625,139.7694375
0.0,3.39,35.674625,139.7695625
0.0,3.36,35.674625,139.7696875
0.0,3.36,35.674625,139.7698125
0.0,3.36,35.674625,139.7699375
0.0,3.77,35.674625,139.7700625
0.0,3.96,35.674625,139.7701875
0.0,3.95,35.674625,139.7703125
0.0,3.79,35.674625,139.7704375
0.0,3.84,35.674625,139.7705625
0.0,3.87,35.674625,139.7706875
0.0,3.97,35.674625,139.7708125
0.0,4.18,35.674625,139.7709375
0.0,4.4,35.674625,139.7710625
0.0,4.28,35.674625,139.7711875
0.0,1.29,35.674625,139.7713125
0.0,1.0,35.674625,139.7714375
0.0,4.21,35.674625,139.7715625
0.0,4.26,35.674625,139.7716875
0.0,4.13,35.674625,139.7718125
0.0,3.99,35.674625,139.7719375
0.0,3.81,35.674625,139.7720625
0.0,3.66,35.674625,139.7721875
0.0,3.68,35.674625,139.7723125
0.0,3.69,35.674625,139.7724375
0.0,4.83,35.674625,139.7725625
2.851,-0.08,35.674625,139.7726875
3.615,-0.84,35.674625,139.7728125
2.759,0.01,35.674625,139.7729375
0.0,3.27,35.674625,139.7730625
0.0,3.64,35.674625,139.7731875
0.0,3.37,35.674625,139.7733125
0.0,3.07,35.674625,139.7734375
0.0,2.87,35.674625,139.7735625
0.0,2.73,35.674625,139.7736875
0.3,2.72,35.674625,139.7738125
0.352,2.66,35.674625,139.7739375
0.365,2.65,35.674625,139.7740625
0.37,2.65,35.674625,139.7741875
0.425,2.59,35.674625,139.7743125
0.399,2.62,35.674625,139.7744375
0.437,2.58,35.674625,139.7745625
0.444,2.57,35.674625,139.7746875
0.494,2.52,35.674625,139.7748125
0.514,2.5,35.674625,139.7749375
0.531,2.49,35.674625,139.7750625
0.458,2.56,35.674625,139.7754375
0.476,2.54,35.674625,139.7755625
0.427,2.59,35.674625,139.7756875
0.44,2.58,35.674625,139.7758125
0.391,2.63,35.674625,139.7759375
0.0,3.53,35.674625,139.7649375
0.0,3.5,35.674625,139.7650625
0.491,2.53,35.674625,139.7751875
0.498,2.52,35.674625,139.7753125
0.0,3.64,35.67454167,139.7570625
0.0,3.37,35.67454167,139.7571875
0.0,3.21,35.67454167,139.7573125
0.0,3.08,35.67454167,139.7574375
0.0,3.24,35.67454167,139.7575625
0.0,3.07,35.67454167,139.7576875
0.0,2.68,35.67454167,139.7578125
0.0,2.62,35.67454167,139.7579375
0.0,1.6,35.67454167,139.7580625
0.0,0.97,35.67454167,139.7581875
0.0,1.28,35.67454167,139.7583125
0.0,2.48,35.67454167,139.7584375
0.0,4.18,35.67454167,139.7585625
0.0,2.23,35.67454167,139.7586875
0.0,1.89,35.67454167,139.7588125
0.0,1.88,35.67454167,139.7589375
0.0,2.0,35.67454167,139.7590625
0.0,1.95,35.67454167,139.7591875
0.0,1.79,35.67454167,139.7593125
0.0,1.76,35.67454167,139.7594375
0.0,1.88,35.67454167,139.7595625
0.0,2.04,35.67454167,139.7596875
0.0,2.18,35.67454167,139.7598125
0.0,2.14,35.67454167,139.7599375
0.0,2.18,35.67454167,139.7600625
0.0,2.28,35.67454167,139.7601875
0.0,2.17,35.67454167,139.7603125
0.0,2.26,35.67454167,139.7604375
0.0,2.37,35.67454167,139.7605625
0.0,2.46,35.67454167,139.7606875
0.0,2.66,35.67454167,139.7608125
0.0,2.78,35.67454167,139.7609375
0.0,2.74,35.67454167,139.7610625
0.0,2.83,35.67454167,139.7611875
0.0,2.84,35.67454167,139.7613125
0.0,2.83,35.67454167,139.7614375
0.0,2.82,35.67454167,139.7615625
0.0,2.84,35.67454167,139.7616875
0.0,2.85,35.67454167,139.7618125
0.0,2.74,35.67454167,139.7619375
0.0,2.41,35.67454167,139.7620625
0.0,2.27,35.67454167,139.7621875
0.0,2.35,35.67454167,139.7623125
0.0,2.39,35.67454167,139.7624375
0.0,2.47,35.67454167,139.7625625
0.0,2.61,35.67454167,139.7626875
0.0,2.65,35.67454167,139.7628125
0.0,2.7,35.67454167,139.7629375
0.0,2.69,35.67454167,139.7630625
0.0,2.71,35.67454167,139.7631875
0.0,2.74,35.67454167,139.7633125
0.0,2.69,35.67454167,139.7634375
0.0,2.69,35.67454167,139.7635625
0.0,2.69,35.67454167,139.7636875
0.0,2.72,35.67454167,139.7638125
0.0,2.76,35.67454167,139.7639375
0.0,2.75,35.67454167,139.7640625
0.0,2.75,35.67454167,139.7641875
0.0,2.92,35.67454167,139.7643125
0.0,3.13,35.67454167,139.7644375
0.0,3.34,35.67454167,139.7645625
0.0,3.44,35.67454167,139.7646875
0.0,3.47,35.67454167,139.7648125
0.0,3.51,35.67454167,139.7649375
0.0,3.26,35.67454167,139.7650625
0.0,3.06,35.67454167,139.7651875
0.0,2.99,35.67454167,139.7653125
0.0,3.07,35.67454167,139.7654375
0.0,3.25,35.67454167,139.7655625
0.0,3.37,35.67454167,139.7656875
0.0,3.37,35.67454167,139.7658125
0.0,3.36,35.67454167,139.7659375
0.0,3.4,35.67454167,139.7660625
0.0,3.43,35.67454167,139.7661875
0.0,3.35,35.67454167,139.7663125
0.0,3.25,35.67454167,139.7664375
0.0,3.15,35.67454167,139.7665625
0.0,3.2,35.67454167,139.7666875
0.0,3.17,35.67454167,139.7668125
0.0,3.24,35.67454167,139.7669375
0.0,3.22,35.67454167,139.7670625
0.0,3.25,35.67454167,139.7671875
0.0,3.32,35.67454167,139.7673125
0.0,3.33,35.67454167,139.7674375
0.0,3.35,35.67454167,139.7675625
0.0,3.31,35.67454167,139.7676875
0.0,3.22,35.67454167,139.7678125
0.0,3.18,35.67454167,139.7679375
0.0,3.29,35.67454167,139.7680625
0.0,3.3,35.67454167,139.7681875
0.0,3.35,35.67454167,139.7683125
0.0,3.16,35.67454167,139.7684375
0.0,3.11,35.67454167,139.7685625
0.0,3.29,35.67454167,139.7686875
0.0,3.46,35.67454167,139.7688125
0.0,3.48,35.67454167,139.7689375
0.0,3.38,35.67454167,139.7690625
0.0,3.3,35.67454167,139.7691875
0.0,3.34,35.67454167,139.7693125
0.0,3.42,35.67454167,139.7694375
0.0,3.44,35.67454167,139.7695625
0.0,3.45,35.67454167,139.7696875
0.0,3.48,35.67454167,139.7698125
0.0,3.48,35.67454167,139.7699375
0.0,3.82,35.67454167,139.7700625
0.0,3.99,35.67454167,139.7701875
0.0,3.92,35.67454167,139.7703125
0.0,3.71,35.67454167,139.7704375
0.0,3.85,35.67454167,139.7705625
0.0,3.99,35.67454167,139.7706875
0.0,4.05,35.67454167,139.7708125
0.0,4.16,35.67454167,139.7709375
0.0,4.26,35.67454167,139.7710625
0.0,4.08,35.67454167,139.7711875
0.0,0.72,35.67454167,139.7713125
0.0,2.97,35.67454167,139.7714375
0.0,4.26,35.67454167,139.7715625
0.0,4.35,35.67454167,139.7716875
0.0,4.1,35.67454167,139.7718125
0.0,4.07,35.67454167,139.7719375
0.0,3.83,35.67454167,139.7720625
0.0,3.66,35.67454167,139.7721875
0.0,3.75,35.67454167,139.7723125
0.0,4.17,35.67454167,139.7724375
0.0,5.2,35.67454167,139.7725625
2.399,0.36,35.67454167,139.7726875
3.158,-0.39,35.67454167,139.7728125
1.744,1.01,35.67454167,139.7729375
1.056,1.68,35.67454167,139.7730625
0.0,3.44,35.67454167,139.7731875
0.0,3.43,35.67454167,139.7733125
0.0,3.17,35.67454167,139.7734375
0.0,2.93,35.67454167,139.7735625
0.0,2.72,35.67454167,139.7736875
0.0,2.79,35.67454167,139.7738125
0.0,2.76,35.67454167,139.7739375
0.0,2.73,35.67454167,139.7740625
0.307,2.71,35.67454167,139.7741875
0.493,2.52,35.67454167,139.7743125
0.45,2.57,35.67454167,139.7744375
0.0,2.78,35.67454167,139.7745625
0.0,2.78,35.67454167,139.7746875
0.0,2.75,35.67454167,139.7748125
0.347,2.67,35.67454167,139.7749375
0.407,2.61,35.67454167,139.7750625
0.464,2.55,35.67454167,139.7751875
0.452,2.56,35.67454167,139.7753125
0.398,2.62,35.67454167,139.7754375
0.364,2.65,35.67454167,139.7755625
0.388,2.63,35.67454167,139.7756875
0.411,2.61,35.67454167,139.7758125
0.364,2.65,35.67454167,139.7759375
0.0,3.41,35.67445833,139.7570625
0.0,3.22,35.67445833,139.7571875
0.0,3.26,35.67445833,139.7573125
0.0,3.21,35.67445833,139.7574375
0.0,3.09,35.67445833,139.7575625
0.0,3.1,35.67445833,139.7576875
0.0,2.74,35.67445833,139.7578125
0.0,2.6,35.67445833,139.7579375
0.0,1.93,35.67445833,139.7580625
0.0,1.11,35.67445833,139.7581875
0.0,1.36,35.67445833,139.7583125
0.0,3.36,35.67445833,139.7584375
0.0,3.08,35.67445833,139.7585625
0.0,2.12,35.67445833,139.7586875
0.0,1.82,35.67445833,139.7588125
0.0,1.97,35.67445833,139.7589375
0.0,2.01,35.67445833,139.7590625
0.0,1.89,35.67445833,139.7591875
0.0,1.92,35.67445833,139.7593125
0.0,1.79,35.67445833,139.7594375
0.0,1.84,35.67445833,139.7595625
0.0,1.98,35.67445833,139.7596875
0.0,2.11,35.67445833,139.7598125
0.0,2.3,35.67445833,139.7599375
0.0,2.14,35.67445833,139.7600625
0.0,2.24,35.67445833,139.7601875
0.0,2.36,35.67445833,139.7603125
0.0,2.16,35.67445833,139.7604375
0.0,2.32,35.67445833,139.7605625
0.0,2.43,35.67445833,139.7606875
0.0,2.59,35.67445833,139.7608125
0.0,2.68,35.67445833,139.7609375
0.0,2.7,35.67445833,139.7610625
0.0,2.9,35.67445833,139.7611875
0.0,2.91,35.67445833,139.7613125
0.0,2.85,35.67445833,139.7614375
0.0,2.82,35.67445833,139.7615625
0.0,2.84,35.67445833,139.7616875
0.0,2.77,35.67445833,139.7618125
0.0,2.48,35.67445833,139.7619375
0.0,2.16,35.67445833,139.7620625
0.0,2.24,35.67445833,139.7621875
0.0,2.35,35.67445833,139.7623125
0.0,2.4,35.67445833,139.7624375
0.0,2.52,35.67445833,139.7625625
0.0,2.66,35.67445833,139.7626875
0.0,2.72,35.67445833,139.7628125
0.0,2.75,35.67445833,139.7629375
0.0,2.72,35.67445833,139.7630625
0.0,2.7,35.67445833,139.7631875
0.0,2.72,35.67445833,139.7633125
0.0,2.68,35.67445833,139.7634375
0.0,2.74,35.67445833,139.7635625
0.0,2.83,35.67445833,139.7636875
0.0,2.82,35.67445833,139.7638125
0.0,2.82,35.67445833,139.7639375
0.0,2.81,35.67445833,139.7640625
0.0,2.82,35.67445833,139.7641875
0.0,3.05,35.67445833,139.7643125
0.0,3.23,35.67445833,139.7644375
0.0,3.38,35.67445833,139.7645625
0.0,3.36,35.67445833,139.7646875
0.0,3.43,35.67445833,139.7648125
0.0,3.49,35.67445833,139.7649375
0.0,3.12,35.67445833,139.7650625
0.0,3.05,35.67445833,139.7651875
0.0,3.0,35.67445833,139.7653125
0.0,3.13,35.67445833,139.7654375
0.0,3.25,35.67445833,139.7655625
0.0,3.39,35.67445833,139.7656875
0.0,3.25,35.67445833,139.7658125
0.0,3.3,35.67445833,139.7659375
0.0,3.42,35.67445833,139.7660625
0.0,3.42,35.67445833,139.7661875
0.0,3.32,35.67445833,139.7663125
0.0,3.15,35.67445833,139.7664375
0.0,3.28,35.67445833,139.7665625
0.0,3.33,35.67445833,139.7666875
0.0,3.2,35.67445833,139.7668125
0.0,3.13,35.67445833,139.7669375
0.0,3.14,35.67445833,139.7670625
0.0,3.22,35.67445833,139.7671875
0.0,3.32,35.67445833,139.7673125
0.0,3.35,35.67445833,139.7674375
0.0,3.4,35.67445833,139.7675625
0.0,3.25,35.67445833,139.7676875
0.0,3.29,35.67445833,139.7678125
0.0,3.28,35.67445833,139.7679375
0.0,3.23,35.67445833,139.7680625
0.0,3.28,35.67445833,139.7681875
0.0,3.21,35.67445833,139.7683125
0.0,3.12,35.67445833,139.7684375
0.0,3.15,35.67445833,139.7685625
0.0,3.36,35.67445833,139.7686875
0.0,3.44,35.67445833,139.7688125
0.0,3.52,35.67445833,139.7689375
0.0,3.33,35.67445833,139.7690625
0.0,3.31,35.67445833,139.7691875
0.0,3.38,35.67445833,139.7693125
0.0,3.37,35.67445833,139.7694375
0.0,3.51,35.67445833,139.7695625
0.0,3.6,35.67445833,139.7696875
0.0,3.81,35.67445833,139.7698125
0.0,3.74,35.67445833,139.7699375
0.0,3.61,35.67445833,139.7700625
0.0,3.98,35.67445833,139.7701875
0.0,3.8,35.67445833,139.7703125
0.0,3.65,35.67445833,139.7704375
0.0,3.89,35.67445833,139.7705625
0.0,4.0,35.67445833,139.7706875
0.0,4.12,35.67445833,139.7708125
0.0,4.23,35.67445833,139.7709375
0.0,4.3,35.67445833,139.7710625
0.0,2.98,35.67445833,139.7711875
0.0,1.59,35.67445833,139.7713125
0.0,4.09,35.67445833,139.7714375
0.0,4.26,35.67445833,139.7715625
0.0,4.15,35.67445833,139.7716875
0.0,4.05,35.67445833,139.7718125
0.0,4.06,35.67445833,139.7719375
0.0,3.84,35.67445833,139.7720625
0.0,3.76,35.67445833,139.7721875
0.0,3.84,35.67445833,139.7723125
0.0,4.34,35.67445833,139.7724375
0.0,4.79,35.67445833,139.7725625
0.91,1.82,35.67445833,139.7726875
2.631,0.11,35.67445833,139.7728125
1.362,1.37,35.67445833,139.7729375
1.113,1.61,35.67445833,139.7730625
0.0,3.33,35.67445833,139.7731875
0.0,3.44,35.67445833,139.7733125
0.0,3.28,35.67445833,139.7734375
0.0,3.08,35.67445833,139.7735625
0.0,2.72,35.67445833,139.7736875
0.0,2.79,35.67445833,139.7738125
0.0,2.77,35.67445833,139.7739375
0.0,2.74,35.67445833,139.7740625
0.316,2.7,35.67445833,139.7741875
0.464,2.55,35.67445833,139.7743125
0.299,2.72,35.67445833,139.7744375
0.0,2.96,35.67445833,139.7745625
0.0,3.01,35.67445833,139.7746875
0.0,2.96,35.67445833,139.7748125
0.0,3.01,35.67445833,139.7749375
0.0,2.95,35.67445833,139.7750625
0.332,2.69,35.67445833,139.7751875
0.433,2.58,35.67445833,139.7753125
0.406,2.61,35.67445833,139.7754375
0.353,2.66,35.67445833,139.7755625
0.394,2.62,35.67445833,139.7756875
0.437,2.58,35.67445833,139.7758125
0.0,2.76,35.67445833,139.7759375
0.0,3.24,35.674375,139.7570625
0.0,3.13,35.674375,139.7571875
0.0,3.15,35.674375,139.7573125
0.0,3.59,35.674375,139.7574375
0.0,3.18,35.674375,139.7575625
0.0,2.99,35.674375,139.7576875
0.0,2.55,35.674375,139.7578125
0.0,2.23,35.674375,139.7579375
0.0,1.29,35.674375,139.7580625
0.0,1.05,35.674375,139.7581875
0.0,1.33,35.674375,139.7583125
0.0,5.18,35.674375,139.7584375
0.0,2.21,35.674375,139.7585625
0.0,1.85,35.674375,139.7586875
0.0,1.87,35.674375,139.7588125
0.0,2.03,35.674375,139.7589375
0.0,1.89,35.674375,139.7590625
0.0,1.94,35.674375,139.7591875
0.0,2.1,35.674375,139.7593125
0.0,1.95,35.674375,139.7594375
0.0,1.91,35.674375,139.7595625
0.0,2.0,35.674375,139.7596875
0.0,2.26,35.674375,139.7598125
0.0,2.28,35.674375,139.7599375
0.0,2.27,35.674375,139.7600625
0.0,2.16,35.674375,139.7601875
0.0,2.29,35.674375,139.7603125
0.0,2.36,35.674375,139.7604375
0.0,2.23,35.674375,139.7605625
0.0,2.31,35.674375,139.7606875
0.0,2.57,35.674375,139.7608125
0.0,2.54,35.674375,139.7609375
0.0,2.72,35.674375,139.7610625
0.0,2.9,35.674375,139.7611875
0.0,2.95,35.674375,139.7613125
0.0,2.9,35.674375,139.7614375
0.0,2.86,35.674375,139.7615625
0.0,2.86,35.674375,139.7616875
0.0,2.65,35.674375,139.7618125
0.0,2.21,35.674375,139.7619375
0.0,2.13,35.674375,139.7620625
0.0,2.21,35.674375,139.7621875
0.0,2.27,35.674375,139.7623125
0.0,2.46,35.674375,139.7624375
0.0,2.54,35.674375,139.7625625
0.0,2.68,35.674375,139.7626875
0.0,2.77,35.674375,139.7628125
0.0,2.81,35.674375,139.7629375
0.0,2.77,35.674375,139.7630625
0.0,2.8,35.674375,139.7631875
0.0,2.77,35.674375,139.7633125
0.0,2.73,35.674375,139.7634375
0.0,2.77,35.674375,139.7635625
0.0,2.82,35.674375,139.7636875
0.0,2.84,35.674375,139.7638125
0.0,2.86,35.674375,139.7639375
0.0,2.85,35.674375,139.7640625
0.0,2.84,35.674375,139.7641875
0.0,3.35,35.674375,139.7643125
0.0,3.35,35.674375,139.7644375
0.0,3.39,35.674375,139.7645625
0.0,3.31,35.674375,139.7646875
0.0,3.27,35.674375,139.7648125
0.0,3.2,35.674375,139.7649375
0.0,3.11,35.674375,139.7650625
0.0,3.03,35.674375,139.7651875
0.0,3.1,35.674375,139.7653125
0.0,3.14,35.674375,139.7654375
0.0,3.22,35.674375,139.7655625
0.0,3.26,35.674375,139.7656875
0.0,3.28,35.674375,139.7658125
0.0,3.32,35.674375,139.7659375
0.0,3.39,35.674375,139.7660625
0.0,3.31,35.674375,139.7661875
0.0,3.22,35.674375,139.7663125
0.0,3.31,35.674375,139.7664375
0.0,3.38,35.674375,139.7665625
0.0,3.39,35.674375,139.7666875
0.0,3.39,35.674375,139.7668125
0.0,3.18,35.674375,139.7669375
0.0,3.15,35.674375,139.7670625
0.0,3.36,35.674375,139.7671875
0.0,3.25,35.674375,139.7673125
0.0,3.3,35.674375,139.7674375
0.0,3.3,35.674375,139.7675625
0.0,3.28,35.674375,139.7676875
0.0,3.36,35.674375,139.7678125
0.0,3.35,35.674375,139.7679375
0.0,3.21,35.674375,139.7680625
0.0,3.24,35.674375,139.7681875
0.0,3.13,35.674375,139.7683125
0.0,3.12,35.674375,139.7684375
0.0,3.32,35.674375,139.7685625
0.0,3.34,35.674375,139.7686875
0.0,3.35,35.674375,139.7688125
0.0,3.35,35.674375,139.7689375
0.0,3.31,35.674375,139.7690625
0.0,3.46,35.674375,139.7691875
0.0,3.51,35.674375,139.7693125
0.0,3.45,35.674375,139.7694375
0.0,3.52,35.674375,139.7695625
0.0,3.66,35.674375,139.7696875
0.0,3.77,35.674375,139.7698125
0.0,3.65,35.674375,139.7699375
0.0,3.63,35.674375,139.7700625
0.0,3.72,35.674375,139.7701875
0.0,3.57,35.674375,139.7703125
0.0,3.62,35.674375,139.7704375
0.0,3.77,35.674375,139.7705625
0.0,4.0,35.674375,139.7706875
0.0,4.14,35.674375,139.7708125
0.0,4.28,35.674375,139.7709375
0.0,4.19,35.674375,139.7710625
0.0,2.43,35.674375,139.7711875
0.0,3.09,35.674375,139.7713125
0.0,4.3,35.674375,139.7714375
0.0,4.29,35.674375,139.7715625
0.0,4.17,35.674375,139.7716875
0.0,4.11,35.674375,139.7718125
0.0,3.95,35.674375,139.7719375
0.0,3.83,35.674375,139.7720625
0.0,3.86,35.674375,139.7721875
0.0,3.89,35.674375,139.7723125
0.0,2.53,35.674375,139.7724375
0.0,3.44,35.674375,139.7725625
1.358,1.32,35.674375,139.7726875
1.865,0.83,35.674375,139.7728125
1.33,1.37,35.674375,139.7729375
0.946,1.75,35.674375,139.7730625
0.0,3.26,35.674375,139.7731875
0.0,3.32,35.674375,139.7733125
0.0,3.24,35.674375,139.7734375
0.0,3.01,35.674375,139.7735625
0.0,2.75,35.674375,139.7736875
0.0,2.83,35.674375,139.7738125
0.0,2.79,35.674375,139.7739375
0.0,2.75,35.674375,139.7740625
0.301,2.71,35.674375,139.7741875
0.36,2.66,35.674375,139.7743125
0.0,2.84,35.674375,139.7744375
0.0,2.97,35.674375,139.7745625
0.0,3.03,35.674375,139.7746875
0.0,2.89,35.674375,139.7748125
0.0,2.95,35.674375,139.7749375
0.0,2.83,35.674375,139.7750625
0.0,2.79,35.674375,139.7751875
0.386,2.63,35.674375,139.7753125
0.373,2.64,35.674375,139.7754375
0.338,2.68,35.674375,139.7755625
0.395,2.62,35.674375,139.7756875
0.458,2.56,35.674375,139.7758125
0.0,2.73,35.674375,139.7759375
0.0,3.83,35.67429167,139.7570625
0.0,3.23,35.67429167,139.7571875
0.0,2.99,35.67429167,139.7573125
0.0,3.19,35.67429167,139.7574375
0.0,3.31,35.67429167,139.7575625
0.0,3.2,35.67429167,139.7576875
0.0,2.5,35.67429167,139.7578125
0.0,1.57,35.67429167,139.7579375
0.0,0.98,35.67429167,139.7580625
0.0,1.05,35.67429167,139.7581875
0.0,1.69,35.67429167,139.7583125
0.0,3.38,35.67429167,139.7584375
0.0,1.87,35.67429167,139.7585625
0.0,1.8,35.67429167,139.7586875
0.0,1.98,35.67429167,139.7588125
0.0,1.95,35.67429167,139.7589375
0.0,1.76,35.67429167,139.7590625
0.0,1.93,35.67429167,139.7591875
0.0,2.02,35.67429167,139.7593125
0.0,2.02,35.67429167,139.7594375
0.0,2.02,35.67429167,139.7595625
0.0,2.05,35.67429167,139.7596875
0.0,2.32,35.67429167,139.7598125
0.0,2.29,35.67429167,139.7599375
0.0,2.34,35.67429167,139.7600625
0.0,2.3,35.67429167,139.7601875
0.0,2.14,35.67429167,139.7603125
0.0,2.31,35.67429167,139.7604375
0.0,2.33,35.67429167,139.7605625
0.0,2.21,35.67429167,139.7606875
0.0,2.43,35.67429167,139.7608125
0.0,2.46,35.67429167,139.7609375
0.0,2.68,35.67429167,139.7610625
0.0,2.87,35.67429167,139.7611875
0.0,2.92,35.67429167,139.7613125
0.0,2.93,35.67429167,139.7614375
0.0,2.84,35.67429167,139.7615625
0.0,2.74,35.67429167,139.7616875
0.0,2.33,35.67429167,139.7618125
0.0,2.08,35.67429167,139.7619375
0.0,2.24,35.67429167,139.7620625
0.0,2.32,35.67429167,139.7621875
0.0,2.32,35.67429167,139.7623125
0.0,2.58,35.67429167,139.7624375
0.0,2.76,35.67429167,139.7625625
0.0,2.73,35.67429167,139.7626875
0.0,2.74,35.67429167,139.7628125
0.0,2.8,35.67429167,139.7629375
0.0,2.74,35.67429167,139.7630625
0.0,2.79,35.67429167,139.7631875
0.0,2.82,35.67429167,139.7633125
0.0,2.81,35.67429167,139.7634375
0.0,2.82,35.67429167,139.7635625
0.0,2.86,35.67429167,139.7636875
0.0,2.99,35.67429167,139.7638125
0.0,3.03,35.67429167,139.7639375
0.0,2.96,35.67429167,139.7640625
0.0,2.86,35.67429167,139.7641875
0.0,3.39,35.67429167,139.7643125
0.0,3.45,35.67429167,139.7644375
0.0,3.41,35.67429167,139.7645625
0.0,3.31,35.67429167,139.7646875
0.0,3.22,35.67429167,139.7648125
0.0,3.11,35.67429167,139.7649375
0.0,3.1,35.67429167,139.7650625
0.0,3.01,35.67429167,139.7651875
0.0,3.03,35.67429167,139.7653125
0.0,3.14,35.67429167,139.7654375
0.0,3.2,35.67429167,139.7655625
0.0,3.23,35.67429167,139.7656875
0.0,3.26,35.67429167,139.7658125
0.0,3.32,35.67429167,139.7659375
0.0,3.36,35.67429167,139.7660625
0.0,3.26,35.67429167,139.7661875
0.0,3.21,35.67429167,139.7663125
0.0,3.46,35.67429167,139.7664375
0.0,3.6,35.67429167,139.7665625
0.0,3.42,35.67429167,139.7666875
0.0,3.59,35.67429167,139.7668125
0.0,3.24,35.67429167,139.7669375
0.0,3.13,35.67429167,139.7670625
0.0,3.15,35.67429167,139.7671875
0.0,3.12,35.67429167,139.7673125
0.0,3.23,35.67429167,139.7674375
0.0,3.28,35.67429167,139.7675625
0.0,3.35,35.67429167,139.7676875
0.0,3.38,35.67429167,139.7678125
0.0,3.38,35.67429167,139.7679375
0.0,3.26,35.67429167,139.7680625
0.0,3.11,35.67429167,139.7681875
0.0,3.16,35.67429167,139.7683125
0.0,3.28,35.67429167,139.7684375
0.0,3.38,35.67429167,139.7685625
0.0,3.35,35.67429167,139.7686875
0.0,3.37,35.67429167,139.7688125
0.0,3.31,35.67429167,139.7689375
0.0,3.32,35.67429167,139.7690625
0.0,3.45,35.67429167,139.7691875
0.0,3.56,35.67429167,139.7693125
0.0,3.5,35.67429167,139.7694375
0.0,3.51,35.67429167,139.7695625
0.0,3.52,35.67429167,139.7696875
0.0,3.5,35.67429167,139.7698125
0.0,3.63,35.67429167,139.7699375
0.0,3.71,35.67429167,139.7700625
0.0,3.55,35.67429167,139.7701875
0.0,3.55,35.67429167,139.7703125
0.0,3.67,35.67429167,139.7704375
0.0,3.76,35.67429167,139.7705625
0.0,3.94,35.67429167,139.7706875
0.0,4.14,35.67429167,139.7708125
0.0,4.23,35.67429167,139.7709375
0.0,3.74,35.67429167,139.7710625
0.0,2.64,35.67429167,139.7711875
0.0,4.03,35.67429167,139.7713125
0.0,4.37,35.67429167,139.7714375
0.0,4.24,35.67429167,139.7715625
0.0,4.14,35.67429167,139.7716875
0.0,4.13,35.67429167,139.7718125
0.0,3.95,35.67429167,139.7719375
0.0,3.88,35.67429167,139.7720625
0.0,3.91,35.67429167,139.7721875
0.0,3.43,35.67429167,139.7723125
1.365,1.29,35.67429167,139.7724375
1.449,1.21,35.67429167,139.7725625
1.487,1.18,35.67429167,139.7726875
1.561,1.12,35.67429167,139.7728125
1.324,1.37,35.67429167,139.7729375
0.801,1.9,35.67429167,139.7730625
0.0,3.28,35.67429167,139.7731875
0.0,3.31,35.67429167,139.7733125
0.0,2.98,35.67429167,139.7734375
0.0,2.84,35.67429167,139.7735625
0.0,2.77,35.67429167,139.7736875
0.0,2.8,35.67429167,139.7738125
0.0,2.74,35.67429167,139.7739375
0.301,2.71,35.67429167,139.7740625
0.347,2.67,35.67429167,139.7741875
0.0,2.72,35.67429167,139.7743125
0.0,2.86,35.67429167,139.7744375
0.0,2.99,35.67429167,139.7745625
0.0,3.01,35.67429167,139.7746875
0.0,2.78,35.67429167,139.7748125
0.0,2.91,35.67429167,139.7749375
0.0,2.72,35.67429167,139.7750625
0.36,2.66,35.67429167,139.7751875
0.382,2.63,35.67429167,139.7753125
0.331,2.69,35.67429167,139.7754375
0.327,2.69,35.67429167,139.7755625
0.367,2.65,35.67429167,139.7756875
0.504,2.51,35.67429167,139.7758125
0.299,2.72,35.67429167,139.7759375
0.0,4.78,35.67420833,139.7570625
0.0,4.6,35.67420833,139.7571875
0.0,3.03,35.67420833,139.7573125
0.0,2.96,35.67420833,139.7574375
0.0,3.27,35.67420833,139.7575625
0.0,3.22,35.67420833,139.7576875
0.0,2.47,35.67420833,139.7578125
0.0,1.6,35.67420833,139.7579375
0.0,1.02,35.67420833,139.7580625
0.0,1.19,35.67420833,139.7581875
0.0,1.95,35.67420833,139.7583125
0.0,1.87,35.67420833,139.7584375
0.0,1.72,35.67420833,139.7585625
0.0,1.87,35.67420833,139.7586875
0.0,1.94,35.67420833,139.7588125
0.0,1.82,35.67420833,139.7589375
0.0,1.73,35.67420833,139.7590625
0.0,1.75,35.67420833,139.7591875
0.0,1.9,35.67420833,139.7593125
0.0,2.04,35.67420833,139.7594375
0.0,2.14,35.67420833,139.7595625
0.0,2.13,35.67420833,139.7596875
0.0,2.16,35.67420833,139.7598125
0.0,2.29,35.67420833,139.7599375
0.0,2.37,35.67420833,139.7600625
0.0,2.32,35.67420833,139.7601875
0.0,2.24,35.67420833,139.7603125
0.0,2.23,35.67420833,139.7604375
0.0,2.33,35.67420833,139.7605625
0.0,2.31,35.67420833,139.7606875
0.0,2.25,35.67420833,139.7608125
0.0,2.31,35.67420833,139.7609375
0.0,2.64,35.67420833,139.7610625
0.0,2.87,35.67420833,139.7611875
0.0,2.88,35.67420833,139.7613125
0.0,2.9,35.67420833,139.7614375
0.0,2.7,35.67420833,139.7615625
0.0,2.38,35.67420833,139.7616875
0.0,2.1,35.67420833,139.7618125
0.0,2.18,35.67420833,139.7619375
0.0,2.27,35.67420833,139.7620625
0.0,2.4,35.67420833,139.7621875
0.0,2.45,35.67420833,139.7623125
0.0,2.63,35.67420833,139.7624375
0.0,2.88,35.67420833,139.7625625
0.0,2.6,35.67420833,139.7626875
0.0,2.58,35.67420833,139.7628125
0.0,2.74,35.67420833,139.7629375
0.0,2.73,35.67420833,139.7630625
0.0,2.73,35.67420833,139.7631875
0.0,2.77,35.67420833,139.7633125
0.0,2.82,35.67420833,139.7634375
0.0,2.85,35.67420833,139.7635625
0.0,2.9,35.67420833,139.7636875
0.0,3.05,35.67420833,139.7638125
0.0,3.18,35.67420833,139.7639375
0.0,3.18,35.67420833,139.7640625
0.0,3.32,35.67420833,139.7641875
0.0,3.47,35.67420833,139.7643125
0.0,3.55,35.67420833,139.7644375
0.0,3.49,35.67420833,139.7645625
0.0,3.42,35.67420833,139.7646875
0.0,3.23,35.67420833,139.7648125
0.0,3.14,35.67420833,139.7649375
0.0,3.08,35.67420833,139.7650625
0.0,3.06,35.67420833,139.7651875
0.0,2.99,35.67420833,139.7653125
0.0,3.09,35.67420833,139.7654375
0.0,3.14,35.67420833,139.7655625
0.0,3.28,35.67420833,139.7656875
0.0,3.29,35.67420833,139.7658125
0.0,3.3,35.67420833,139.7659375
0.0,3.27,35.67420833,139.7660625
0.0,3.2,35.67420833,139.7661875
0.0,3.41,35.67420833,139.7663125
0.0,3.49,35.67420833,139.7664375
0.0,3.61,35.67420833,139.7665625
0.0,3.48,35.67420833,139.7666875
0.0,3.42,35.67420833,139.7668125
0.0,3.35,35.67420833,139.7669375
0.0,3.3,35.67420833,139.7670625
0.0,3.14,35.67420833,139.7671875
0.0,3.17,35.67420833,139.7673125
0.0,3.13,35.67420833,139.7674375
0.0,3.24,35.67420833,139.7675625
0.0,3.37,35.67420833,139.7676875
0.0,3.37,35.67420833,139.7678125
0.0,3.36,35.67420833,139.7679375
0.0,3.2,35.67420833,139.7680625
0.0,3.14,35.67420833,139.7681875
0.0,3.21,35.67420833,139.7683125
0.0,3.43,35.67420833,139.7684375
0.0,3.47,35.67420833,139.7685625
0.0,3.41,35.67420833,139.7686875
0.0,3.36,35.67420833,139.7688125
0.0,3.3,35.67420833,139.7689375
0.0,3.24,35.67420833,139.7690625
0.0,3.33,35.67420833,139.7691875
0.0,3.4,35.67420833,139.7693125
0.0,3.34,35.67420833,139.7694375
0.0,3.47,35.67420833,139.7695625
0.0,3.38,35.67420833,139.7696875
0.0,3.35,35.67420833,139.7698125
0.0,3.53,35.67420833,139.7699375
0.0,3.68,35.67420833,139.7700625
0.0,3.46,35.67420833,139.7701875
0.0,3.57,35.67420833,139.7703125
0.0,3.8,35.67420833,139.7704375
0.0,3.93,35.67420833,139.7705625
0.0,4.18,35.67420833,139.7706875
0.0,4.18,35.67420833,139.7708125
0.0,4.11,35.67420833,139.7709375
0.0,3.52,35.67420833,139.7710625
0.0,3.47,35.67420833,139.7711875
0.0,4.27,35.67420833,139.7713125
0.0,4.32,35.67420833,139.7714375
0.0,4.17,35.67420833,139.7715625
0.0,4.09,35.67420833,139.7716875
0.0,4.09,35.67420833,139.7718125
0.0,3.93,35.67420833,139.7719375
0.0,3.55,35.67420833,139.7720625
0.0,3.73,35.67420833,139.7721875
0.0,2.25,35.67420833,139.7723125
0.421,2.2,35.67420833,139.7724375
0.76,1.91,35.67420833,139.7725625
1.177,1.49,35.67420833,139.7726875
1.311,1.33,35.67420833,139.7728125
1.273,1.39,35.67420833,139.7729375
0.596,2.09,35.67420833,139.7730625
0.0,3.44,35.67420833,139.7731875
0.0,3.12,35.67420833,139.7733125
0.0,2.91,35.67420833,139.7734375
0.0,2.83,35.67420833,139.7735625
0.0,2.77,35.67420833,139.7736875
0.0,2.75,35.67420833,139.7738125
0.332,2.68,35.67420833,139.7739375
0.316,2.7,35.67420833,139.7740625
0.0,2.77,35.67420833,139.7741875
0.0,2.78,35.67420833,139.7743125
0.366,2.65,35.67420833,139.7744375
0.363,2.65,35.67420833,139.7745625
0.378,2.64,35.67420833,139.7746875
0.491,2.53,35.67420833,139.7748125
0.433,2.58,35.67420833,139.7749375
0.459,2.56,35.67420833,139.7750625
0.463,2.55,35.67420833,139.7751875
0.427,2.59,35.67420833,139.7753125
0.446,2.57,35.67420833,139.7754375
0.454,2.56,35.67420833,139.7755625
0.457,2.56,35.67420833,139.7756875
0.507,2.51,35.67420833,139.7758125
0.369,2.65,35.67420833,139.7759375
0.0,4.56,35.674125,139.7570625
0.0,4.76,35.674125,139.7571875
0.0,4.2,35.674125,139.7573125
0.0,2.87,35.674125,139.7574375
0.0,3.08,35.674125,139.7575625
0.0,2.88,35.674125,139.7576875
0.0,2.64,35.674125,139.7578125
0.0,1.92,35.674125,139.7579375
0.0,1.43,35.674125,139.7580625
0.0,1.66,35.674125,139.7581875
0.0,1.72,35.674125,139.7583125
0.0,1.78,35.674125,139.7584375
0.0,1.79,35.674125,139.7585625
0.0,1.91,35.674125,139.7586875
0.0,1.78,35.674125,139.7588125
0.0,1.75,35.674125,139.7589375
0.0,1.8,35.674125,139.7590625
0.0,1.77,35.674125,139.7591875
0.0,1.78,35.674125,139.7593125
0.0,1.93,35.674125,139.7594375
0.0,2.12,35.674125,139.7595625
0.0,2.26,35.674125,139.7596875
0.0,2.12,35.674125,139.7598125
0.0,2.12,35.674125,139.7599375
0.0,2.36,35.674125,139.7600625
0.0,2.35,35.674125,139.7601875
0.0,2.29,35.674125,139.7603125
0.0,2.11,35.674125,139.7604375
0.0,2.22,35.674125,139.7605625
0.0,2.28,35.674125,139.7606875
0.0,2.33,35.674125,139.7608125
0.0,2.24,35.674125,139.7609375
0.0,2.39,35.674125,139.7610625
0.0,2.69,35.674125,139.7611875
0.0,2.79,35.674125,139.7613125
0.0,2.77,35.674125,139.7614375
0.0,2.47,35.674125,139.7615625
0.0,2.13,35.674125,139.7616875
0.0,2.17,35.674125,139.7618125
0.0,2.28,35.674125,139.7619375
0.0,2.36,35.674125,139.7620625
0.0,2.44,35.674125,139.7621875
0.0,2.48,35.674125,139.7623125
0.0,2.54,35.674125,139.7624375
0.0,2.69,35.674125,139.7625625
0.0,2.58,35.674125,139.7626875
0.0,2.54,35.674125,139.7628125
0.0,2.66,35.674125,139.7629375
0.0,2.66,35.674125,139.7630625
0.0,2.66,35.674125,139.7631875
0.0,2.73,35.674125,139.7633125
0.0,2.83,35.674125,139.7634375
0.0,2.89,35.674125,139.7635625
0.0,2.93,35.674125,139.7636875
0.0,3.1,35.674125,139.7638125
0.0,3.28,35.674125,139.7639375
0.0,3.38,35.674125,139.7640625
0.0,3.56,35.674125,139.7641875
0.0,3.6,35.674125,139.7643125
0.0,3.57,35.674125,139.7644375
0.0,3.51,35.674125,139.7645625
0.0,3.48,35.674125,139.7646875
0.0,3.13,35.674125,139.7648125
0.0,3.11,35.674125,139.7649375
0.0,3.01,35.674125,139.7650625
0.0,3.0,35.674125,139.7651875
0.0,3.12,35.674125,139.7653125
0.0,3.06,35.674125,139.7654375
0.0,3.17,35.674125,139.7655625
0.0,3.27,35.674125,139.7656875
0.0,3.31,35.674125,139.7658125
0.0,3.32,35.674125,139.7659375
0.0,3.17,35.674125,139.7660625
0.0,3.35,35.674125,139.7661875
0.0,3.48,35.674125,139.7663125
0.0,3.49,35.674125,139.7664375
0.0,3.57,35.674125,139.7665625
0.0,3.54,35.674125,139.7666875
0.0,3.5,35.674125,139.7668125
0.0,3.34,35.674125,139.7669375
0.0,3.44,35.674125,139.7670625
0.0,3.29,35.674125,139.7671875
0.0,3.12,35.674125,139.7673125
0.0,3.14,35.674125,139.7674375
0.0,3.18,35.674125,139.7675625
0.0,3.3,35.674125,139.7676875
0.0,3.39,35.674125,139.7678125
0.0,3.3,35.674125,139.7679375
0.0,3.15,35.674125,139.7680625
0.0,3.13,35.674125,139.7681875
0.0,3.31,35.674125,139.7683125
0.0,3.47,35.674125,139.7684375
0.0,3.57,35.674125,139.7685625
0.0,3.42,35.674125,139.7686875
0.0,3.35,35.674125,139.7688125
0.0,3.31,35.674125,139.7689375
0.0,3.19,35.674125,139.7690625
0.0,3.18,35.674125,139.7691875
0.0,3.08,35.674125,139.7693125
0.0,3.13,35.674125,139.7694375
0.0,3.22,35.674125,139.7695625
0.0,3.15,35.674125,139.7696875
0.0,3.36,35.674125,139.7698125
0.0,3.42,35.674125,139.7699375
0.0,3.48,35.674125,139.7700625
0.0,3.44,35.674125,139.7701875
0.0,3.56,35.674125,139.7703125
0.0,3.77,35.674125,139.7704375
0.0,4.04,35.674125,139.7705625
0.0,4.21,35.674125,139.7706875
0.0,4.17,35.674125,139.7708125
0.0,4.03,35.674125,139.7709375
0.0,3.76,35.674125,139.7710625
0.0,4.08,35.674125,139.7711875
0.0,4.24,35.674125,139.7713125
0.0,4.23,35.674125,139.7714375
0.0,4.1,35.674125,139.7715625
0.0,4.05,35.674125,139.7716875
0.0,4.07,35.674125,139.7718125
0.0,3.75,35.674125,139.7719375
0.0,2.29,35.674125,139.7720625
0.0,2.14,35.674125,139.7721875
0.797,1.76,35.674125,139.7723125
0.0,2.25,35.674125,139.7724375
0.0,2.4,35.674125,139.7725625
1.014,1.62,35.674125,139.7726875
1.211,1.44,35.674125,139.7728125
1.103,1.54,35.674125,139.7729375
0.0,2.72,35.674125,139.7730625
0.0,3.81,35.674125,139.7731875
0.0,3.45,35.674125,139.7733125
0.0,3.17,35.674125,139.7734375
0.0,3.02,35.674125,139.7735625
0.0,2.84,35.674125,139.7736875
0.0,2.81,35.674125,139.7738125
0.0,2.78,35.674125,139.7739375
0.0,2.95,35.674125,139.7740625
0.0,2.91,35.674125,139.7741875
0.0,2.87,35.674125,139.7743125
0.411,2.6,35.674125,139.7744375
0.466,2.55,35.674125,139.7745625
0.512,2.5,35.674125,139.7746875
0.501,2.52,35.674125,139.7748125
0.482,2.54,35.674125,139.7749375
0.398,2.62,35.674125,139.7750625
0.436,2.58,35.674125,139.7751875
0.353,2.66,35.674125,139.7753125
0.394,2.62,35.674125,139.7754375
0.444,2.57,35.674125,139.7755625
0.455,2.56,35.674125,139.7756875
0.441,2.58,35.674125,139.7758125
0.431,2.59,35.674125,139.7759375
0.0,4.17,35.67404167,139.7570625
0.0,4.36,35.67404167,139.7571875
0.0,4.63,35.67404167,139.7573125
0.0,2.88,35.67404167,139.7574375
0.0,2.78,35.67404167,139.7575625
0.0,2.69,35.67404167,139.7576875
0.0,2.85,35.67404167,139.7578125
0.0,2.47,35.67404167,139.7579375
0.0,1.87,35.67404167,139.7580625
0.0,1.8,35.67404167,139.7581875
0.0,1.73,35.67404167,139.7583125
0.0,1.74,35.67404167,139.7584375
0.0,1.87,35.67404167,139.7585625
0.0,1.79,35.67404167,139.7586875
0.0,1.74,35.67404167,139.7588125
0.0,2.0,35.67404167,139.7589375
0.0,2.06,35.67404167,139.7590625
0.0,1.76,35.67404167,139.7591875
0.0,1.75,35.67404167,139.7593125
0.0,1.86,35.67404167,139.7594375
0.0,2.07,35.67404167,139.7595625
0.0,2.25,35.67404167,139.7596875
0.0,2.23,35.67404167,139.7598125
0.0,2.09,35.67404167,139.7599375
0.0,2.1,35.67404167,139.7600625
0.0,2.35,35.67404167,139.7601875
0.0,2.22,35.67404167,139.7603125
0.0,1.93,35.67404167,139.7604375
0.0,2.09,35.67404167,139.7605625
0.0,2.14,35.67404167,139.7606875
0.0,2.28,35.67404167,139.7608125
0.0,2.31,35.67404167,139.7609375
0.0,2.23,35.67404167,139.7610625
0.0,2.41,35.67404167,139.7611875
0.0,2.65,35.67404167,139.7613125
0.0,2.54,35.67404167,139.7614375
0.0,2.22,35.67404167,139.7615625
0.0,2.16,35.67404167,139.7616875
0.0,2.25,35.67404167,139.7618125
0.0,2.36,35.67404167,139.7619375
0.0,2.47,35.67404167,139.7620625
0.0,2.45,35.67404167,139.7621875
0.0,2.29,35.67404167,139.7623125
0.0,2.39,35.67404167,139.7624375
0.0,2.46,35.67404167,139.7625625
0.0,2.51,35.67404167,139.7626875
0.0,2.48,35.67404167,139.7628125
0.0,2.61,35.67404167,139.7629375
0.0,2.61,35.67404167,139.7630625
0.0,2.57,35.67404167,139.7631875
0.0,2.69,35.67404167,139.7633125
0.0,2.83,35.67404167,139.7634375
0.0,2.91,35.67404167,139.7635625
0.0,2.97,35.67404167,139.7636875
0.0,3.13,35.67404167,139.7638125
0.0,3.31,35.67404167,139.7639375
0.0,3.48,35.67404167,139.7640625
0.0,3.57,35.67404167,139.7641875
0.0,3.58,35.67404167,139.7643125
0.0,3.59,35.67404167,139.7644375
0.0,3.58,35.67404167,139.7645625
0.0,3.44,35.67404167,139.7646875
0.0,3.15,35.67404167,139.7648125
0.0,3.06,35.67404167,139.7649375
0.0,3.17,35.67404167,139.7650625
0.0,3.15,35.67404167,139.7651875
0.0,3.01,35.67404167,139.7653125
0.0,3.0,35.67404167,139.7654375
0.0,3.21,35.67404167,139.7655625
0.0,3.27,35.67404167,139.7656875
0.0,3.31,35.67404167,139.7658125
0.0,3.24,35.67404167,139.7659375
0.0,3.29,35.67404167,139.7660625
0.0,3.44,35.67404167,139.7661875
0.0,3.48,35.67404167,139.7663125
0.0,3.55,35.67404167,139.7664375
0.0,3.56,35.67404167,139.7665625
0.0,3.51,35.67404167,139.7666875
0.0,3.64,35.67404167,139.7668125
0.0,3.54,35.67404167,139.7669375
0.0,3.46,35.67404167,139.7670625
0.0,3.32,35.67404167,139.7671875
0.0,3.21,35.67404167,139.7673125
0.0,3.16,35.67404167,139.7674375
0.0,3.21,35.67404167,139.7675625
0.0,3.36,35.67404167,139.7676875
0.0,3.35,35.67404167,139.7678125
0.0,3.17,35.67404167,139.7679375
0.0,3.12,35.67404167,139.7680625
0.0,3.31,35.67404167,139.7681875
0.0,3.36,35.67404167,139.7683125
0.0,3.46,35.67404167,139.7684375
0.0,3.56,35.67404167,139.7685625
0.0,3.37,35.67404167,139.7686875
0.0,3.32,35.67404167,139.7688125
0.0,3.26,35.67404167,139.7689375
0.0,3.16,35.67404167,139.7690625
0.0,3.06,35.67404167,139.7691875
0.0,2.88,35.67404167,139.7693125
0.0,2.94,35.67404167,139.7694375
0.0,2.96,35.67404167,139.7695625
0.0,3.04,35.67404167,139.7696875
0.0,3.31,35.67404167,139.7698125
0.0,3.42,35.67404167,139.7699375
0.0,3.44,35.67404167,139.7700625
0.0,3.48,35.67404167,139.7701875
0.0,3.44,35.67404167,139.7703125
0.0,3.61,35.67404167,139.7704375
0.0,3.82,35.67404167,139.7705625
0.0,4.04,35.67404167,139.7706875
0.0,3.88,35.67404167,139.7708125
0.0,3.99,35.67404167,139.7709375
0.0,4.04,35.67404167,139.7710625
0.0,4.08,35.67404167,139.7711875
0.0,4.36,35.67404167,139.7713125
0.0,4.23,35.67404167,139.7714375
0.0,4.02,35.67404167,139.7715625
0.0,4.03,35.67404167,139.7716875
0.0,4.02,35.67404167,139.7718125
0.0,2.86,35.67404167,139.7719375
1.05,1.51,35.67404167,139.7720625
1.0,1.56,35.67404167,139.7721875
0.79,1.77,35.67404167,139.7723125
0.0,1.95,35.67404167,139.7724375
0.0,2.3,35.67404167,139.7725625
0.826,1.75,35.67404167,139.7726875
1.103,1.51,35.67404167,139.7728125
0.578,2.04,35.67404167,139.7729375
0.0,3.25,35.67404167,139.7730625
0.0,4.13,35.67404167,139.7731875
0.0,3.7,35.67404167,139.7733125
0.0,3.16,35.67404167,139.7734375
0.0,3.06,35.67404167,139.7735625
0.0,2.93,35.67404167,139.7736875
0.0,2.89,35.67404167,139.7738125
0.0,2.89,35.67404167,139.7739375
0.0,3.08,35.67404167,139.7740625
0.0,2.98,35.67404167,139.7741875
0.0,2.96,35.67404167,139.7743125
0.424,2.59,35.67404167,139.7744375
0.496,2.52,35.67404167,139.7745625
0.538,2.48,35.67404167,139.7746875
0.472,2.54,35.67404167,139.7748125
0.356,2.66,35.67404167,139.7749375
0.0,2.76,35.67404167,139.7750625
0.0,2.72,35.67404167,139.7751875
0.0,2.78,35.67404167,139.7753125
0.3,2.72,35.67404167,139.7754375
0.0,2.82,35.67404167,139.7755625
0.0,2.75,35.67404167,139.7756875
0.0,2.74,35.67404167,139.7758125
0.0,2.76,35.67404167,139.7759375
0.0,4.12,35.67395833,139.7570625
0.0,4.19,35.67395833,139.7571875
0.0,4.6,35.67395833,139.7573125
0.0,2.88,35.67395833,139.7574375
0.0,2.79,35.67395833,139.7575625
0.0,2.98,35.67395833,139.7576875
0.0,2.94,35.67395833,139.7578125
0.0,2.67,35.67395833,139.7579375
0.0,2.05,35.67395833,139.7580625
0.0,1.8,35.67395833,139.7581875
0.0,1.64,35.67395833,139.7583125
0.0,1.85,35.67395833,139.7584375
0.0,1.87,35.67395833,139.7585625
0.0,1.7,35.67395833,139.7586875
0.0,2.47,35.67395833,139.7588125
0.0,2.47,35.67395833,139.7589375
0.0,2.09,35.67395833,139.7590625
0.0,2.0,35.67395833,139.7591875
0.0,1.77,35.67395833,139.7593125
0.0,1.83,35.67395833,139.7594375
0.0,2.06,35.67395833,139.7595625
0.0,2.13,35.67395833,139.7596875
0.0,2.22,35.67395833,139.7598125
0.0,2.29,35.67395833,139.7599375
0.0,2.01,35.67395833,139.7600625
0.0,2.17,35.67395833,139.7601875
0.0,1.99,35.67395833,139.7603125
0.0,1.96,35.67395833,139.7604375
0.0,2.13,35.67395833,139.7605625
0.0,2.19,35.67395833,139.7606875
0.0,2.13,35.67395833,139.7608125
0.0,2.27,35.67395833,139.7609375
0.0,2.33,35.67395833,139.7610625
0.0,2.28,35.67395833,139.7611875
0.0,2.31,35.67395833,139.7613125
0.0,2.27,35.67395833,139.7614375
0.0,2.16,35.67395833,139.7615625
0.0,2.21,35.67395833,139.7616875
0.0,2.26,35.67395833,139.7618125
0.0,2.36,35.67395833,139.7619375
0.0,2.47,35.67395833,139.7620625
0.0,2.38,35.67395833,139.7621875
0.0,2.46,35.67395833,139.7623125
0.0,2.52,35.67395833,139.7624375
0.0,2.51,35.67395833,139.7625625
0.0,2.51,35.67395833,139.7626875
0.0,2.57,35.67395833,139.7628125
0.0,2.58,35.67395833,139.7629375
0.0,2.56,35.67395833,139.7630625
0.0,2.59,35.67395833,139.7631875
0.0,2.76,35.67395833,139.7633125
0.0,2.82,35.67395833,139.7634375
0.0,2.95,35.67395833,139.7635625
0.0,3.0,35.67395833,139.7636875
0.0,3.17,35.67395833,139.7638125
0.0,3.37,35.67395833,139.7639375
0.0,3.53,35.67395833,139.7640625
0.0,3.55,35.67395833,139.7641875
0.0,3.61,35.67395833,139.7643125
0.0,3.56,35.67395833,139.7644375
0.0,3.53,35.67395833,139.7645625
0.0,3.21,35.67395833,139.7646875
0.0,3.17,35.67395833,139.7648125
0.0,3.08,35.67395833,139.7649375
0.0,3.26,35.67395833,139.7650625
0.0,3.23,35.67395833,139.7651875
0.0,3.07,35.67395833,139.7653125
0.0,3.02,35.67395833,139.7654375
0.0,3.22,35.67395833,139.7655625
0.0,3.27,35.67395833,139.7656875
0.0,3.25,35.67395833,139.7658125
0.0,3.2,35.67395833,139.7659375
0.0,3.43,35.67395833,139.7660625
0.0,3.55,35.67395833,139.7661875
0.0,3.53,35.67395833,139.7663125
0.0,3.56,35.67395833,139.7664375
0.0,3.56,35.67395833,139.7665625
0.0,3.6,35.67395833,139.7666875
0.0,3.69,35.67395833,139.7668125
0.0,3.62,35.67395833,139.7669375
0.0,3.48,35.67395833,139.7670625
0.0,3.38,35.67395833,139.7671875
0.0,3.26,35.67395833,139.7673125
0.0,3.32,35.67395833,139.7674375
0.0,3.2,35.67395833,139.7675625
0.0,3.29,35.67395833,139.7676875
0.0,3.24,35.67395833,139.7678125
0.0,3.19,35.67395833,139.7679375
0.0,3.27,35.67395833,139.7680625
0.0,3.34,35.67395833,139.7681875
0.0,3.4,35.67395833,139.7683125
0.0,3.44,35.67395833,139.7684375
0.0,3.35,35.67395833,139.7685625
0.0,3.34,35.67395833,139.7686875
0.0,3.29,35.67395833,139.7688125
0.0,3.22,35.67395833,139.7689375
0.0,3.12,35.67395833,139.7690625
0.0,2.84,35.67395833,139.7691875
0.0,2.91,35.67395833,139.7693125
0.0,2.86,35.67395833,139.7694375
0.0,2.78,35.67395833,139.7695625
0.0,3.0,35.67395833,139.7696875
0.0,3.24,35.67395833,139.7698125
0.0,3.18,35.67395833,139.7699375
0.0,3.31,35.67395833,139.7700625
0.0,3.39,35.67395833,139.7701875
0.0,3.35,35.67395833,139.7703125
0.0,3.36,35.67395833,139.7704375
0.0,3.52,35.67395833,139.7705625
0.0,3.65,35.67395833,139.7706875
0.0,3.72,35.67395833,139.7708125
0.0,4.01,35.67395833,139.7709375
0.0,4.0,35.67395833,139.7710625
0.0,4.09,35.67395833,139.7711875
0.0,4.36,35.67395833,139.7713125
0.0,4.18,35.67395833,139.7714375
0.0,3.99,35.67395833,139.7715625
0.0,3.8,35.67395833,139.7716875
0.0,3.77,35.67395833,139.7718125
0.988,2.86,35.67395833,139.7719375
1.61,1.51,35.67395833,139.7720625
1.355,1.56,35.67395833,139.7721875
0.84,1.77,35.67395833,139.7723125
0.79,1.95,35.67395833,139.7724375
0.563,2.3,35.67395833,139.7725625
0.804,1.75,35.67395833,139.7726875
1.126,1.51,35.67395833,139.7728125
1.254,2.04,35.67395833,139.7729375
0.0,2.54,35.67395833,139.7730625
0.0,4.25,35.67395833,139.7731875
0.0,3.76,35.67395833,139.7733125
0.0,3.12,35.67395833,139.7734375
0.0,3.1,35.67395833,139.7735625
0.0,3.05,35.67395833,139.7736875
0.0,2.96,35.67395833,139.7738125
0.0,2.95,35.67395833,139.7739375
0.0,2.98,35.67395833,139.7740625
0.0,3.06,35.67395833,139.7741875
0.0,3.08,35.67395833,139.7743125
0.384,3.04,35.67395833,139.7744375
0.53,2.96,35.67395833,139.7745625
0.492,3.13,35.67395833,139.7746875
0.423,3.24,35.67395833,139.7748125
0.321,3.31,35.67395833,139.7749375
0.0,2.73,35.67395833,139.7750625
0.0,2.73,35.67395833,139.7751875
0.307,3.27,35.67395833,139.7753125
0.328,3.22,35.67395833,139.7754375
0.311,3.23,35.67395833,139.7755625
0.404,3.17,35.67395833,139.7756875
0.0,2.83,35.67395833,139.7758125
0.0,2.83,35.67395833,139.7759375
0.0,3.78,35.673875,139.7570625
0.0,3.87,35.673875,139.7571875
0.0,4.37,35.673875,139.7573125
0.0,2.89,35.673875,139.7574375
0.0,2.8,35.673875,139.7575625
0.0,3.11,35.673875,139.7576875
0.0,2.79,35.673875,139.7578125
0.0,2.38,35.673875,139.7579375
0.0,1.91,35.673875,139.7580625
0.0,1.75,35.673875,139.7581875
0.0,1.78,35.673875,139.7583125
0.0,1.87,35.673875,139.7584375
0.0,1.72,35.673875,139.7585625
0.0,1.84,35.673875,139.7586875
0.0,2.47,35.673875,139.7588125
0.0,2.47,35.673875,139.7589375
0.0,2.47,35.673875,139.7590625
0.0,2.2,35.673875,139.7591875
0.0,2.04,35.673875,139.7593125
0.0,1.85,35.673875,139.7594375
0.0,1.99,35.673875,139.7595625
0.0,2.16,35.673875,139.7596875
0.0,2.21,35.673875,139.7598125
0.0,2.25,35.673875,139.7599375
0.0,2.22,35.673875,139.7600625
0.0,2.05,35.673875,139.7601875
0.0,1.96,35.673875,139.7603125
0.0,2.1,35.673875,139.7604375
0.0,2.21,35.673875,139.7605625
0.0,2.14,35.673875,139.7606875
0.0,2.14,35.673875,139.7608125
0.0,2.1,35.673875,139.7609375
0.0,2.24,35.673875,139.7610625
0.0,2.31,35.673875,139.7611875
0.0,2.22,35.673875,139.7613125
0.0,2.18,35.673875,139.7614375
0.0,2.23,35.673875,139.7615625
0.0,2.31,35.673875,139.7616875
0.0,2.31,35.673875,139.7618125
0.0,2.35,35.673875,139.7619375
0.0,2.44,35.673875,139.7620625
0.0,2.47,35.673875,139.7621875
0.0,2.61,35.673875,139.7623125
0.0,2.52,35.673875,139.7624375
0.0,2.58,35.673875,139.7625625
0.0,2.66,35.673875,139.7626875
0.0,2.62,35.673875,139.7628125
0.0,2.59,35.673875,139.7629375
0.0,2.59,35.673875,139.7630625
0.0,2.6,35.673875,139.7631875
0.0,2.64,35.673875,139.7633125
0.0,2.7,35.673875,139.7634375
0.0,2.79,35.673875,139.7635625
0.0,2.94,35.673875,139.7636875
0.0,3.15,35.673875,139.7638125
0.0,3.37,35.673875,139.7639375
0.0,3.45,35.673875,139.7640625
0.0,3.49,35.673875,139.7641875
0.0,3.54,35.673875,139.7643125
0.0,3.56,35.673875,139.7644375
0.0,3.47,35.673875,139.7645625
0.0,3.23,35.673875,139.7646875
0.0,3.09,35.673875,139.7648125
0.0,3.25,35.673875,139.7649375
0.0,3.29,35.673875,139.7650625
0.0,3.3,35.673875,139.7651875
0.0,3.29,35.673875,139.7653125
0.0,3.18,35.673875,139.7654375
0.0,3.13,35.673875,139.7655625
0.0,3.26,35.673875,139.7656875
0.0,3.18,35.673875,139.7658125
0.0,3.39,35.673875,139.7659375
0.0,3.52,35.673875,139.7660625
0.0,3.64,35.673875,139.7661875
0.0,3.6,35.673875,139.7663125
0.0,3.53,35.673875,139.7664375
0.0,3.6,35.673875,139.7665625
0.0,3.72,35.673875,139.7666875
0.0,3.74,35.673875,139.7668125
0.0,3.64,35.673875,139.7669375
0.0,3.5,35.673875,139.7670625
0.0,3.44,35.673875,139.7671875
0.0,3.34,35.673875,139.7673125
0.0,3.35,35.673875,139.7674375
0.0,3.37,35.673875,139.7675625
0.0,3.23,35.673875,139.7676875
0.0,3.27,35.673875,139.7678125
0.0,3.13,35.673875,139.7679375
0.0,3.29,35.673875,139.7680625
0.0,3.31,35.673875,139.7681875
0.0,3.36,35.673875,139.7683125
0.0,3.33,35.673875,139.7684375
0.0,3.33,35.673875,139.7685625
0.0,3.31,35.673875,139.7686875
0.0,3.22,35.673875,139.7688125
0.0,3.14,35.673875,139.7689375
0.0,2.96,35.673875,139.7690625
0.0,2.85,35.673875,139.7691875
0.0,2.85,35.673875,139.7693125
0.0,2.62,35.673875,139.7694375
0.0,2.52,35.673875,139.7695625
0.0,2.97,35.673875,139.7696875
0.0,3.02,35.673875,139.7698125
0.0,2.97,35.673875,139.7699375
0.0,3.3,35.673875,139.7700625
0.0,3.38,35.673875,139.7701875
0.0,3.24,35.673875,139.7703125
0.0,3.19,35.673875,139.7704375
0.0,3.17,35.673875,139.7705625
0.0,3.34,35.673875,139.7706875
0.0,3.66,35.673875,139.7708125
0.0,3.85,35.673875,139.7709375
0.0,3.8,35.673875,139.7710625
0.0,3.94,35.673875,139.7711875
0.0,3.85,35.673875,139.7713125
0.0,3.87,35.673875,139.7714375
0.0,3.73,35.673875,139.7715625
0.0,3.52,35.673875,139.7716875
0.0,3.72,35.673875,139.7718125
0.0,2.27,35.673875,139.7719375
2.131,0.43,35.673875,139.7720625
1.726,0.83,35.673875,139.7721875
1.204,1.35,35.673875,139.7723125
1.076,1.47,35.673875,139.7724375
0.943,1.59,35.673875,139.7725625
0.984,1.54,35.673875,139.7726875
1.107,1.43,35.673875,139.7728125
1.201,1.35,35.673875,139.7729375
0.0,2.57,35.673875,139.7730625
0.0,4.26,35.673875,139.7731875
0.0,3.74,35.673875,139.7733125
0.0,3.24,35.673875,139.7734375
0.0,3.17,35.673875,139.7735625
0.0,3.11,35.673875,139.7736875
0.0,3.13,35.673875,139.7738125
0.0,3.08,35.673875,139.7739375
0.0,3.07,35.673875,139.7740625
0.0,3.17,35.673875,139.7741875
0.0,3.17,35.673875,139.7743125
0.0,3.04,35.673875,139.7744375
0.0,2.96,35.673875,139.7745625
0.0,3.13,35.673875,139.7746875
0.0,3.24,35.673875,139.7748125
0.0,3.31,35.673875,139.7749375
0.0,3.3,35.673875,139.7750625
0.0,3.32,35.673875,139.7751875
0.0,3.27,35.673875,139.7753125
0.0,3.22,35.673875,139.7754375
0.0,3.23,35.673875,139.7755625
0.0,3.17,35.673875,139.7756875
0.0,3.26,35.673875,139.7758125
0.0,3.22,35.673875,139.7759375
0.0,3.35,35.67379167,139.7570625
0.0,3.2,35.67379167,139.7571875
0.0,3.5,35.67379167,139.7573125
0.0,2.78,35.67379167,139.7574375
0.0,2.79,35.67379167,139.7575625
0.0,3.16,35.67379167,139.7576875
0.0,2.63,35.67379167,139.7578125
0.0,1.96,35.67379167,139.7579375
0.0,1.8,35.67379167,139.7580625
0.0,1.75,35.67379167,139.7581875
0.0,1.95,35.67379167,139.7583125
0.0,1.77,35.67379167,139.7584375
0.0,1.79,35.67379167,139.7585625
0.0,2.05,35.67379167,139.7586875
0.0,2.47,35.67379167,139.7588125
0.0,2.47,35.67379167,139.7589375
0.0,2.47,35.67379167,139.7590625
0.0,2.47,35.67379167,139.7591875
0.0,1.54,35.67379167,139.7593125
0.0,2.02,35.67379167,139.7594375
0.0,1.98,35.67379167,139.7595625
0.0,2.23,35.67379167,139.7596875
0.0,2.15,35.67379167,139.7598125
0.0,2.2,35.67379167,139.7599375
0.0,2.2,35.67379167,139.7600625
0.0,2.09,35.67379167,139.7601875
0.0,1.98,35.67379167,139.7603125
0.0,2.07,35.67379167,139.7604375
0.0,2.22,35.67379167,139.7605625
0.0,2.14,35.67379167,139.7606875
0.0,2.14,35.67379167,139.7608125
0.0,2.16,35.67379167,139.7609375
0.0,2.17,35.67379167,139.7610625
0.0,2.24,35.67379167,139.7611875
0.0,2.3,35.67379167,139.7613125
0.0,2.29,35.67379167,139.7614375
0.0,2.3,35.67379167,139.7615625
0.0,2.38,35.67379167,139.7616875
0.0,2.43,35.67379167,139.7618125
0.0,2.4,35.67379167,139.7619375
0.0,2.45,35.67379167,139.7620625
0.0,2.58,35.67379167,139.7621875
0.0,2.63,35.67379167,139.7623125
0.0,2.51,35.67379167,139.7624375
0.0,2.5,35.67379167,139.7625625
0.0,2.54,35.67379167,139.7626875
0.0,2.62,35.67379167,139.7628125
0.0,2.62,35.67379167,139.7629375
0.0,2.66,35.67379167,139.7630625
0.0,2.65,35.67379167,139.7631875
0.0,2.67,35.67379167,139.7633125
0.0,2.7,35.67379167,139.7634375
0.0,2.78,35.67379167,139.7635625
0.0,2.89,35.67379167,139.7636875
0.0,3.14,35.67379167,139.7638125
0.0,3.33,35.67379167,139.7639375
0.0,3.41,35.67379167,139.7640625
0.0,3.48,35.67379167,139.7641875
0.0,3.48,35.67379167,139.7643125
0.0,3.49,35.67379167,139.7644375
0.0,3.3,35.67379167,139.7645625
0.0,3.26,35.67379167,139.7646875
0.0,3.02,35.67379167,139.7648125
0.0,3.36,35.67379167,139.7649375
0.0,3.37,35.67379167,139.7650625
0.0,3.36,35.67379167,139.7651875
0.0,3.36,35.67379167,139.7653125
0.0,3.34,35.67379167,139.7654375
0.0,3.19,35.67379167,139.7655625
0.0,3.17,35.67379167,139.7656875
0.0,3.29,35.67379167,139.7658125
0.0,3.33,35.67379167,139.7659375
0.0,3.47,35.67379167,139.7660625
0.0,3.53,35.67379167,139.7661875
0.0,3.48,35.67379167,139.7663125
0.0,3.54,35.67379167,139.7664375
0.0,3.61,35.67379167,139.7665625
0.0,3.73,35.67379167,139.7666875
0.0,3.7,35.67379167,139.7668125
0.0,3.61,35.67379167,139.7669375
0.0,3.53,35.67379167,139.7670625
0.0,3.5,35.67379167,139.7671875
0.0,3.43,35.67379167,139.7673125
0.0,3.4,35.67379167,139.7674375
0.0,3.36,35.67379167,139.7675625
0.0,3.19,35.67379167,139.7676875
0.0,3.24,35.67379167,139.7678125
0.0,3.22,35.67379167,139.7679375
0.0,3.18,35.67379167,139.7680625
0.0,3.24,35.67379167,139.7681875
0.0,3.33,35.67379167,139.7683125
0.0,3.3,35.67379167,139.7684375
0.0,3.31,35.67379167,139.7685625
0.0,3.28,35.67379167,139.7686875
0.0,3.13,35.67379167,139.7688125
0.0,3.05,35.67379167,139.7689375
0.0,2.77,35.67379167,139.7690625
0.0,2.86,35.67379167,139.7691875
0.0,2.69,35.67379167,139.7693125
0.0,1.47,35.67379167,139.7694375
0.0,2.86,35.67379167,139.7695625
0.0,2.72,35.67379167,139.7696875
0.0,2.74,35.67379167,139.7698125
0.0,2.85,35.67379167,139.7699375
0.0,3.11,35.67379167,139.7700625
0.0,3.15,35.67379167,139.7701875
0.0,3.08,35.67379167,139.7703125
0.0,3.09,35.67379167,139.7704375
0.0,2.9,35.67379167,139.7705625
0.0,3.11,35.67379167,139.7706875
0.0,3.43,35.67379167,139.7708125
0.0,3.54,35.67379167,139.7709375
0.0,3.53,35.67379167,139.7710625
0.0,3.6,35.67379167,139.7711875
0.0,3.47,35.67379167,139.7713125
0.0,3.41,35.67379167,139.7714375
0.0,3.31,35.67379167,139.7715625
0.0,3.39,35.67379167,139.7716875
0.0,3.48,35.67379167,139.7718125
0.0,3.46,35.67379167,139.7719375
0.0,2.04,35.67379167,139.7720625
2.714,-0.15,35.67379167,139.7721875
1.667,0.9,35.67379167,139.7723125
1.442,1.12,35.67379167,139.7724375
1.337,1.22,35.67379167,139.7725625
1.285,1.27,35.67379167,139.7726875
1.207,1.35,35.67379167,139.7728125
1.112,1.45,35.67379167,139.7729375
0.0,2.68,35.67379167,139.7730625
0.0,4.18,35.67379167,139.7731875
0.0,3.85,35.67379167,139.7733125
0.0,3.34,35.67379167,139.7734375
0.0,3.21,35.67379167,139.7735625
0.0,3.16,35.67379167,139.7736875
0.0,3.17,35.67379167,139.7738125
0.0,3.12,35.67379167,139.7739375
0.0,3.24,35.67379167,139.7740625
0.0,3.12,35.67379167,139.7741875
0.0,3.19,35.67379167,139.7743125
0.0,3.18,35.67379167,139.7744375
0.0,3.19,35.67379167,139.7745625
0.0,3.42,35.67379167,139.7746875
0.0,3.57,35.67379167,139.7748125
0.0,3.57,35.67379167,139.7749375
0.0,3.57,35.67379167,139.7750625
0.0,3.58,35.67379167,139.7751875
0.0,3.62,35.67379167,139.7753125
0.0,3.73,35.67379167,139.7754375
0.0,3.7,35.67379167,139.7755625
0.0,3.71,35.67379167,139.7756875
0.0,3.65,35.67379167,139.7758125
0.0,3.37,35.67379167,139.7759375
0.0,3.34,35.67370833,139.7570625
0.0,3.24,35.67370833,139.7571875
0.0,3.09,35.67370833,139.7573125
0.0,2.8,35.67370833,139.7574375
0.0,2.8,35.67370833,139.7575625
0.0,2.79,35.67370833,139.7576875
0.0,2.15,35.67370833,139.7578125
0.0,1.9,35.67370833,139.7579375
0.0,1.76,35.67370833,139.7580625
0.0,1.91,35.67370833,139.7581875
0.0,1.89,35.67370833,139.7583125
0.0,1.71,35.67370833,139.7584375
0.0,2.04,35.67370833,139.7585625
0.0,2.47,35.67370833,139.7586875
0.0,2.47,35.67370833,139.7588125
0.0,2.47,35.67370833,139.7589375
0.0,2.47,35.67370833,139.7590625
0.0,2.47,35.67370833,139.7591875
0.0,2.47,35.67370833,139.7593125
0.0,2.11,35.67370833,139.7594375
0.0,2.07,35.67370833,139.7595625
0.0,2.09,35.67370833,139.7596875
0.0,2.11,35.67370833,139.7598125
0.0,2.17,35.67370833,139.7599375
0.0,2.22,35.67370833,139.7600625
0.0,2.13,35.67370833,139.7601875
0.0,2.14,35.67370833,139.7603125
0.0,2.19,35.67370833,139.7604375
0.0,2.15,35.67370833,139.7605625
0.0,2.24,35.67370833,139.7606875
0.0,2.16,35.67370833,139.7608125
0.0,2.3,35.67370833,139.7609375
0.0,2.28,35.67370833,139.7610625
0.0,2.16,35.67370833,139.7611875
0.0,2.3,35.67370833,139.7613125
0.0,2.4,35.67370833,139.7614375
0.0,2.37,35.67370833,139.7615625
0.0,2.44,35.67370833,139.7616875
0.0,2.52,35.67370833,139.7618125
0.0,2.51,35.67370833,139.7619375
0.0,2.49,35.67370833,139.7620625
0.0,2.66,35.67370833,139.7621875
0.0,2.67,35.67370833,139.7623125
0.0,2.65,35.67370833,139.7624375
0.0,2.68,35.67370833,139.7625625
0.0,2.68,35.67370833,139.7626875
0.0,2.7,35.67370833,139.7628125
0.0,2.64,35.67370833,139.7629375
0.0,2.57,35.67370833,139.7630625
0.0,2.67,35.67370833,139.7631875
0.0,2.9,35.67370833,139.7633125
0.0,2.76,35.67370833,139.7634375
0.0,2.84,35.67370833,139.7635625
0.0,3.02,35.67370833,139.7636875
0.0,3.2,35.67370833,139.7638125
0.0,3.32,35.67370833,139.7639375
0.0,3.48,35.67370833,139.7640625
0.0,3.45,35.67370833,139.7641875
0.0,3.46,35.67370833,139.7643125
0.0,3.48,35.67370833,139.7644375
0.0,3.27,35.67370833,139.7645625
0.0,3.19,35.67370833,139.7646875
0.0,3.32,35.67370833,139.7648125
0.0,3.38,35.67370833,139.7649375
0.0,3.39,35.67370833,139.7650625
0.0,3.38,35.67370833,139.7651875
0.0,3.38,35.67370833,139.7653125
0.0,3.38,35.67370833,139.7654375
0.0,3.26,35.67370833,139.7655625
0.0,3.32,35.67370833,139.7656875
0.0,3.28,35.67370833,139.7658125
0.0,3.35,35.67370833,139.7659375
0.0,3.41,35.67370833,139.7660625
0.0,3.46,35.67370833,139.7661875
0.0,3.51,35.67370833,139.7663125
0.0,3.55,35.67370833,139.7664375
0.0,3.59,35.67370833,139.7665625
0.0,3.69,35.67370833,139.7666875
0.0,3.64,35.67370833,139.7668125
0.0,3.59,35.67370833,139.7669375
0.0,3.59,35.67370833,139.7670625
0.0,3.52,35.67370833,139.7671875
0.0,3.47,35.67370833,139.7673125
0.0,3.43,35.67370833,139.7674375
0.0,3.28,35.67370833,139.7675625
0.0,3.23,35.67370833,139.7676875
0.0,3.3,35.67370833,139.7678125
0.0,3.22,35.67370833,139.7679375
0.0,3.24,35.67370833,139.7680625
0.0,3.18,35.67370833,139.7681875
0.0,3.28,35.67370833,139.7683125
0.0,3.36,35.67370833,139.7684375
0.0,3.38,35.67370833,139.7685625
0.0,3.36,35.67370833,139.7686875
0.0,3.1,35.67370833,139.7688125
0.0,2.88,35.67370833,139.7689375
0.0,2.8,35.67370833,139.7690625
0.0,2.73,35.67370833,139.7691875
0.0,2.63,35.67370833,139.7693125
0.0,2.86,35.67370833,139.7694375
0.0,0.42,35.67370833,139.7695625
0.0,2.49,35.67370833,139.7696875
0.0,2.5,35.67370833,139.7698125
0.0,2.65,35.67370833,139.7699375
0.0,2.82,35.67370833,139.7700625
0.0,2.9,35.67370833,139.7701875
0.0,2.77,35.67370833,139.7703125
0.0,2.57,35.67370833,139.7704375
0.0,2.61,35.67370833,139.7705625
0.0,2.95,35.67370833,139.7706875
0.0,3.15,35.67370833,139.7708125
0.0,3.16,35.67370833,139.7709375
0.0,3.33,35.67370833,139.7710625
0.0,3.33,35.67370833,139.7711875
0.0,3.16,35.67370833,139.7713125
0.0,3.12,35.67370833,139.7714375
0.0,3.14,35.67370833,139.7715625
0.0,3.18,35.67370833,139.7716875
0.0,3.3,35.67370833,139.7718125
0.0,3.37,35.67370833,139.7719375
0.885,1.67,35.67370833,139.7720625
2.942,-0.39,35.67370833,139.7721875
4.735,-2.18,35.67370833,139.7723125
1.598,0.96,35.67370833,139.7724375
1.821,0.79,35.67370833,139.7725625
1.686,0.92,35.67370833,139.7726875
1.274,1.28,35.67370833,139.7728125
0.0,3.07,35.67370833,139.7729375
0.0,3.75,35.67370833,139.7730625
0.0,4.09,35.67370833,139.7731875
0.0,3.86,35.67370833,139.7733125
0.0,3.38,35.67370833,139.7734375
0.0,3.25,35.67370833,139.7735625
0.0,3.2,35.67370833,139.7736875
0.0,3.2,35.67370833,139.7738125
0.0,3.14,35.67370833,139.7739375
0.0,3.23,35.67370833,139.7740625
0.0,3.12,35.67370833,139.7741875
0.0,3.16,35.67370833,139.7743125
0.0,3.2,35.67370833,139.7744375
0.0,3.22,35.67370833,139.7745625
0.0,3.33,35.67370833,139.7746875
0.0,3.3,35.67370833,139.7748125
0.0,3.33,35.67370833,139.7749375
0.0,3.33,35.67370833,139.7750625
0.0,3.24,35.67370833,139.7751875
0.0,3.36,35.67370833,139.7753125
0.0,3.7,35.67370833,139.7754375
0.0,3.71,35.67370833,139.7755625
0.0,3.69,35.67370833,139.7756875
0.0,3.62,35.67370833,139.7758125
0.0,3.39,35.67370833,139.7759375
0.0,3.39,35.673625,139.7570625
0.0,3.27,35.673625,139.7571875
0.0,3.15,35.673625,139.7573125
0.0,2.95,35.673625,139.7574375
0.0,2.96,35.673625,139.7575625
0.0,2.55,35.673625,139.7576875
0.0,2.1,35.673625,139.7578125
0.0,1.78,35.673625,139.7579375
0.0,1.86,35.673625,139.7580625
0.0,1.98,35.673625,139.7581875
0.0,1.76,35.673625,139.7583125
0.0,1.86,35.673625,139.7584375
0.0,1.36,35.673625,139.7585625
0.0,2.47,35.673625,139.7586875
0.0,2.47,35.673625,139.7588125
0.0,2.47,35.673625,139.7589375
0.0,2.47,35.673625,139.7590625
0.0,2.47,35.673625,139.7591875
0.0,2.47,35.673625,139.7593125
0.0,2.47,35.673625,139.7594375
0.0,0.86,35.673625,139.7595625
0.0,2.1,35.673625,139.7596875
0.0,2.16,35.673625,139.7598125
0.0,2.21,35.673625,139.7599375
0.0,2.29,35.673625,139.7600625
0.0,2.27,35.673625,139.7601875
0.0,2.28,35.673625,139.7603125
0.0,2.33,35.673625,139.7604375
0.0,2.19,35.673625,139.7605625
0.0,2.2,35.673625,139.7606875
0.0,2.27,35.673625,139.7608125
0.0,2.35,35.673625,139.7609375
0.0,2.34,35.673625,139.7610625
0.0,2.29,35.673625,139.7611875
0.0,2.34,35.673625,139.7613125
0.0,2.41,35.673625,139.7614375
0.0,2.48,35.673625,139.7615625
0.0,2.48,35.673625,139.7616875
0.0,2.52,35.673625,139.7618125
0.0,2.55,35.673625,139.7619375
0.0,2.52,35.673625,139.7620625
0.0,2.75,35.673625,139.7621875
0.0,2.74,35.673625,139.7623125
0.0,2.88,35.673625,139.7624375
0.0,2.9,35.673625,139.7625625
0.0,2.88,35.673625,139.7626875
0.0,2.92,35.673625,139.7628125
0.0,2.87,35.673625,139.7629375
0.0,2.74,35.673625,139.7630625
0.0,2.76,35.673625,139.7631875
0.0,3.02,35.673625,139.7633125
0.0,2.88,35.673625,139.7634375
0.0,3.0,35.673625,139.7635625
0.0,3.12,35.673625,139.7636875
0.0,3.37,35.673625,139.7638125
0.0,3.45,35.673625,139.7639375
0.0,3.49,35.673625,139.7640625
0.0,3.43,35.673625,139.7641875
0.0,3.4,35.673625,139.7643125
0.0,3.37,35.673625,139.7644375
0.0,3.29,35.673625,139.7645625
0.0,3.21,35.673625,139.7646875
0.0,3.41,35.673625,139.7648125
0.0,3.4,35.673625,139.7649375
0.0,3.41,35.673625,139.7650625
0.0,3.4,35.673625,139.7651875
0.0,3.4,35.673625,139.7653125
0.0,3.35,35.673625,139.7654375
0.0,3.26,35.673625,139.7655625
0.0,3.53,35.673625,139.7656875
0.0,3.42,35.673625,139.7658125
0.0,3.31,35.673625,139.7659375
0.0,3.38,35.673625,139.7660625
0.0,3.43,35.673625,139.7661875
0.0,3.56,35.673625,139.7663125
0.0,3.55,35.673625,139.7664375
0.0,3.6,35.673625,139.7665625
0.0,3.61,35.673625,139.7666875
0.0,3.64,35.673625,139.7668125
0.0,3.6,35.673625,139.7669375
0.0,3.58,35.673625,139.7670625
0.0,3.5,35.673625,139.7671875
0.0,3.45,35.673625,139.7673125
0.0,3.34,35.673625,139.7674375
0.0,3.26,35.673625,139.7675625
0.0,3.31,35.673625,139.7676875
0.0,3.44,35.673625,139.7678125
0.0,3.31,35.673625,139.7679375
0.0,3.14,35.673625,139.7680625
0.0,3.26,35.673625,139.7681875
0.0,3.31,35.673625,139.7683125
0.0,3.22,35.673625,139.7684375
0.0,3.26,35.673625,139.7685625
0.0,3.28,35.673625,139.7686875
0.0,3.03,35.673625,139.7688125
0.0,2.85,35.673625,139.7689375
0.0,2.83,35.673625,139.7690625
0.0,2.69,35.673625,139.7691875
0.0,2.62,35.673625,139.7693125
0.0,2.6,35.673625,139.7694375
0.0,2.49,35.673625,139.7695625
0.0,2.4,35.673625,139.7696875
0.0,2.39,35.673625,139.7698125
0.0,2.42,35.673625,139.7699375
0.0,2.61,35.673625,139.7700625
0.0,2.69,35.673625,139.7701875
0.0,2.55,35.673625,139.7703125
0.0,2.41,35.673625,139.7704375
0.0,2.56,35.673625,139.7705625
0.0,2.82,35.673625,139.7706875
0.0,2.8,35.673625,139.7708125
0.0,3.01,35.673625,139.7709375
0.0,3.33,35.673625,139.7710625
0.0,3.35,35.673625,139.7711875
0.0,3.24,35.673625,139.7713125
0.0,3.12,35.673625,139.7714375
0.0,3.06,35.673625,139.7715625
0.0,3.05,35.673625,139.7716875
0.0,3.02,35.673625,139.7718125
0.0,3.16,35.673625,139.7719375
0.0,3.33,35.673625,139.7720625
0.0,4.31,35.673625,139.7721875
3.296,-0.76,35.673625,139.7723125
0.902,1.66,35.673625,139.7724375
2.324,0.32,35.673625,139.7725625
2.208,0.43,35.673625,139.7726875
0.0,2.44,35.673625,139.7728125
0.0,3.6,35.673625,139.7729375
0.0,3.7,35.673625,139.7730625
0.0,3.73,35.673625,139.7731875
0.0,3.58,35.673625,139.7733125
0.0,3.33,35.673625,139.7734375
0.0,3.3,35.673625,139.7735625
0.0,3.23,35.673625,139.7736875
0.0,3.21,35.673625,139.7738125
0.0,3.15,35.673625,139.7739375
0.0,3.25,35.673625,139.7740625
0.0,3.16,35.673625,139.7741875
0.0,3.17,35.673625,139.7743125
0.0,3.17,35.673625,139.7744375
0.0,3.19,35.673625,139.7745625
0.0,3.2,35.673625,139.7746875
0.0,3.13,35.673625,139.7748125
0.0,3.11,35.673625,139.7749375
0.0,3.08,35.673625,139.7750625
0.0,3.1,35.673625,139.7751875
0.0,2.99,35.673625,139.7753125
0.0,3.09,35.673625,139.7754375
0.0,3.18,35.673625,139.7755625
0.0,3.2,35.673625,139.7756875
0.0,3.16,35.673625,139.7758125
0.0,3.19,35.673625,139.7759375
0.0,3.35,35.67354167,139.7570625
0.0,3.28,35.67354167,139.7571875
0.0,3.02,35.67354167,139.7573125
0.0,2.86,35.67354167,139.7574375
0.0,2.71,35.67354167,139.7575625
0.0,2.62,35.67354167,139.7576875
0.0,1.87,35.67354167,139.7578125
0.0,1.82,35.67354167,139.7579375
0.0,1.94,35.67354167,139.7580625
0.0,1.85,35.67354167,139.7581875
0.0,1.77,35.67354167,139.7583125
0.0,2.04,35.67354167,139.7584375
0.0,0.42,35.67354167,139.7585625
0.0,2.47,35.67354167,139.7586875
0.0,2.47,35.67354167,139.7588125
0.0,2.47,35.67354167,139.7589375
0.0,2.47,35.67354167,139.7590625
0.0,2.47,35.67354167,139.7591875
0.0,2.47,35.67354167,139.7593125
0.0,2.47,35.67354167,139.7594375
0.0,2.47,35.67354167,139.7595625
0.0,1.57,35.67354167,139.7596875
0.0,2.13,35.67354167,139.7598125
0.0,2.23,35.67354167,139.7599375
0.0,2.33,35.67354167,139.7600625
0.0,2.36,35.67354167,139.7601875
0.0,2.41,35.67354167,139.7603125
0.0,2.33,35.67354167,139.7604375
0.0,2.31,35.67354167,139.7605625
0.0,2.3,35.67354167,139.7606875
0.0,2.3,35.67354167,139.7608125
0.0,2.4,35.67354167,139.7609375
0.0,2.4,35.67354167,139.7610625
0.0,2.42,35.67354167,139.7611875
0.0,2.44,35.67354167,139.7613125
0.0,2.45,35.67354167,139.7614375
0.0,2.51,35.67354167,139.7615625
0.0,2.6,35.67354167,139.7616875
0.0,2.64,35.67354167,139.7618125
0.0,2.65,35.67354167,139.7619375
0.0,2.64,35.67354167,139.7620625
0.0,2.85,35.67354167,139.7621875
0.0,2.93,35.67354167,139.7623125
0.0,3.1,35.67354167,139.7624375
0.0,3.1,35.67354167,139.7625625
0.0,3.1,35.67354167,139.7626875
0.0,3.14,35.67354167,139.7628125
0.0,3.1,35.67354167,139.7629375
0.0,2.97,35.67354167,139.7630625
0.0,2.9,35.67354167,139.7631875
0.0,3.09,35.67354167,139.7633125
0.0,3.08,35.67354167,139.7634375
0.0,3.23,35.67354167,139.7635625
0.0,3.36,35.67354167,139.7636875
0.0,3.42,35.67354167,139.7638125
0.0,3.51,35.67354167,139.7639375
0.0,3.49,35.67354167,139.7640625
0.0,3.47,35.67354167,139.7641875
0.0,3.37,35.67354167,139.7643125
0.0,3.32,35.67354167,139.7644375
0.0,3.26,35.67354167,139.7645625
0.0,3.37,35.67354167,139.7646875
0.0,3.42,35.67354167,139.7648125
0.0,3.43,35.67354167,139.7649375
0.0,3.43,35.67354167,139.7650625
0.0,3.42,35.67354167,139.7651875
0.0,3.4,35.67354167,139.7653125
0.0,3.21,35.67354167,139.7654375
0.0,3.46,35.67354167,139.7655625
0.0,3.53,35.67354167,139.7656875
0.0,3.53,35.67354167,139.7658125
0.0,3.37,35.67354167,139.7659375
0.0,3.31,35.67354167,139.7660625
0.0,3.4,35.67354167,139.7661875
0.0,3.47,35.67354167,139.7663125
0.0,3.53,35.67354167,139.7664375
0.0,3.57,35.67354167,139.7665625
0.0,3.55,35.67354167,139.7666875
0.0,3.57,35.67354167,139.7668125
0.0,3.59,35.67354167,139.7669375
0.0,3.55,35.67354167,139.7670625
0.0,3.47,35.67354167,139.7671875
0.0,3.44,35.67354167,139.7673125
0.0,3.29,35.67354167,139.7674375
0.0,3.24,35.67354167,139.7675625
0.0,3.46,35.67354167,139.7676875
0.0,3.45,35.67354167,139.7678125
0.0,3.37,35.67354167,139.7679375
0.0,3.28,35.67354167,139.7680625
0.0,3.18,35.67354167,139.7681875
0.0,3.29,35.67354167,139.7683125
0.0,3.22,35.67354167,139.7684375
0.0,3.18,35.67354167,139.7685625
0.0,3.18,35.67354167,139.7686875
0.0,2.9,35.67354167,139.7688125
0.0,2.86,35.67354167,139.7689375
0.0,2.83,35.67354167,139.7690625
0.0,2.05,35.67354167,139.7691875
0.0,1.62,35.67354167,139.7693125
0.0,1.39,35.67354167,139.7694375
0.0,2.41,35.67354167,139.7695625
0.0,2.37,35.67354167,139.7696875
0.0,2.36,35.67354167,139.7698125
0.0,2.31,35.67354167,139.7699375
0.0,2.46,35.67354167,139.7700625
0.0,2.45,35.67354167,139.7701875
0.0,2.4,35.67354167,139.7703125
0.0,2.35,35.67354167,139.7704375
0.0,2.56,35.67354167,139.7705625
0.0,2.58,35.67354167,139.7706875
0.0,2.53,35.67354167,139.7708125
0.0,2.95,35.67354167,139.7709375
0.0,3.18,35.67354167,139.7710625
0.0,3.19,35.67354167,139.7711875
0.0,3.2,35.67354167,139.7713125
0.0,3.03,35.67354167,139.7714375
0.0,3.03,35.67354167,139.7715625
0.0,3.09,35.67354167,139.7716875
0.0,2.97,35.67354167,139.7718125
0.0,2.99,35.67354167,139.7719375
0.0,3.14,35.67354167,139.7720625
0.758,1.77,35.67354167,139.7721875
2.985,-0.45,35.67354167,139.7723125
0.0,1.87,35.67354167,139.7724375
2.782,-0.23,35.67354167,139.7725625
2.682,-0.1,35.67354167,139.7726875
0.0,2.61,35.67354167,139.7728125
0.0,3.61,35.67354167,139.7729375
0.0,3.56,35.67354167,139.7730625
0.0,3.44,35.67354167,139.7731875
0.0,3.33,35.67354167,139.7733125
0.0,3.26,35.67354167,139.7734375
0.0,3.2,35.67354167,139.7735625
0.0,3.08,35.67354167,139.7736875
0.0,3.05,35.67354167,139.7738125
0.0,3.01,35.67354167,139.7739375
0.0,3.18,35.67354167,139.7740625
0.0,3.16,35.67354167,139.7741875
0.0,3.1,35.67354167,139.7743125
0.0,3.09,35.67354167,139.7744375
0.0,3.07,35.67354167,139.7745625
0.0,3.01,35.67354167,139.7746875
0.0,2.95,35.67354167,139.7748125
0.0,2.77,35.67354167,139.7749375
0.0,2.58,35.67354167,139.7750625
0.0,2.65,35.67354167,139.7751875
0.0,2.43,35.67354167,139.7753125
0.0,2.32,35.67354167,139.7754375
0.0,2.56,35.67354167,139.7755625
0.0,2.48,35.67354167,139.7756875
0.0,2.39,35.67354167,139.7758125
0.0,2.49,35.67354167,139.7759375
0.0,3.35,35.67345833,139.7570625
0.0,3.12,35.67345833,139.7571875
0.0,3.09,35.67345833,139.7573125
0.0,2.73,35.67345833,139.7574375
0.0,2.72,35.67345833,139.7575625
0.0,2.25,35.67345833,139.7576875
0.0,1.79,35.67345833,139.7578125
0.0,1.95,35.67345833,139.7579375
0.0,1.93,35.67345833,139.7580625
0.0,1.78,35.67345833,139.7581875
0.0,2.09,35.67345833,139.7583125
0.0,2.18,35.67345833,139.7584375
0.0,2.47,35.67345833,139.7585625
0.0,2.47,35.67345833,139.7586875
0.0,2.47,35.67345833,139.7588125
0.0,2.47,35.67345833,139.7589375
0.0,2.47,35.67345833,139.7590625
0.0,2.47,35.67345833,139.7591875
0.0,2.47,35.67345833,139.7593125
0.0,2.47,35.67345833,139.7594375
0.0,2.47,35.67345833,139.7595625
0.0,2.47,35.67345833,139.7596875
0.0,2.17,35.67345833,139.7598125
0.0,2.3,35.67345833,139.7599375
0.0,2.48,35.67345833,139.7600625
0.0,2.43,35.67345833,139.7601875
0.0,2.38,35.67345833,139.7603125
0.0,2.41,35.67345833,139.7604375
0.0,2.38,35.67345833,139.7605625
0.0,2.42,35.67345833,139.7606875
0.0,2.45,35.67345833,139.7608125
0.0,2.43,35.67345833,139.7609375
0.0,2.57,35.67345833,139.7610625
0.0,2.6,35.67345833,139.7611875
0.0,2.58,35.67345833,139.7613125
0.0,2.56,35.67345833,139.7614375
0.0,2.55,35.67345833,139.7615625
0.0,2.56,35.67345833,139.7616875
0.0,2.73,35.67345833,139.7618125
0.0,2.78,35.67345833,139.7619375
0.0,2.77,35.67345833,139.7620625
0.0,3.09,35.67345833,139.7621875
0.0,3.2,35.67345833,139.7623125
0.0,3.23,35.67345833,139.7624375
0.0,3.29,35.67345833,139.7625625
0.0,3.31,35.67345833,139.7626875
0.0,3.35,35.67345833,139.7628125
0.0,3.36,35.67345833,139.7629375
0.0,3.2,35.67345833,139.7630625
0.0,3.09,35.67345833,139.7631875
0.0,3.13,35.67345833,139.7633125
0.0,3.26,35.67345833,139.7634375
0.0,3.4,35.67345833,139.7635625
0.0,3.44,35.67345833,139.7636875
0.0,3.44,35.67345833,139.7638125
0.0,3.52,35.67345833,139.7639375
0.0,3.54,35.67345833,139.7640625
0.0,3.51,35.67345833,139.7641875
0.0,3.41,35.67345833,139.7643125
0.0,3.37,35.67345833,139.7644375
0.0,3.28,35.67345833,139.7645625
0.0,3.42,35.67345833,139.7646875
0.0,3.43,35.67345833,139.7648125
0.0,3.44,35.67345833,139.7649375
0.0,3.46,35.67345833,139.7650625
0.0,3.46,35.67345833,139.7651875
0.0,3.31,35.67345833,139.7653125
0.0,3.39,35.67345833,139.7654375
0.0,3.55,35.67345833,139.7655625
0.0,3.54,35.67345833,139.7656875
0.0,3.56,35.67345833,139.7658125
0.0,3.4,35.67345833,139.7659375
0.0,3.38,35.67345833,139.7660625
0.0,3.38,35.67345833,139.7661875
0.0,3.51,35.67345833,139.7663125
0.0,3.5,35.67345833,139.7664375
0.0,3.51,35.67345833,139.7665625
0.0,3.51,35.67345833,139.7666875
0.0,3.54,35.67345833,139.7668125
0.0,3.55,35.67345833,139.7669375
0.0,3.54,35.67345833,139.7670625
0.0,3.45,35.67345833,139.7671875
0.0,3.32,35.67345833,139.7673125
0.0,3.27,35.67345833,139.7674375
0.0,3.39,35.67345833,139.7675625
0.0,3.5,35.67345833,139.7676875
0.0,3.44,35.67345833,139.7678125
0.0,3.39,35.67345833,139.7679375
0.0,3.3,35.67345833,139.7680625
0.0,3.24,35.67345833,139.7681875
0.0,3.18,35.67345833,139.7683125
0.0,3.25,35.67345833,139.7684375
0.0,3.27,35.67345833,139.7685625
0.0,3.07,35.67345833,139.7686875
0.0,2.88,35.67345833,139.7688125
0.0,2.86,35.67345833,139.7689375
0.0,2.7,35.67345833,139.7690625
0.0,2.86,35.67345833,139.7691875
0.0,2.86,35.67345833,139.7693125
0.0,2.6,35.67345833,139.7694375
0.0,2.38,35.67345833,139.7695625
0.0,2.47,35.67345833,139.7696875
0.0,2.42,35.67345833,139.7698125
0.0,2.39,35.67345833,139.7699375
0.0,2.38,35.67345833,139.7700625
0.0,2.39,35.67345833,139.7701875
0.0,2.28,35.67345833,139.7703125
0.0,2.37,35.67345833,139.7704375
0.0,2.52,35.67345833,139.7705625
0.0,2.34,35.67345833,139.7706875
0.0,2.49,35.67345833,139.7708125
0.0,2.69,35.67345833,139.7709375
0.0,2.96,35.67345833,139.7710625
0.0,3.05,35.67345833,139.7711875
0.0,2.96,35.67345833,139.7713125
0.0,2.91,35.67345833,139.7714375
0.0,3.08,35.67345833,139.7715625
0.0,3.11,35.67345833,139.7716875
0.0,3.11,35.67345833,139.7718125
0.0,3.07,35.67345833,139.7719375
0.0,3.07,35.67345833,139.7720625
0.0,3.33,35.67345833,139.7721875
0.0,3.91,35.67345833,139.7723125
2.312,0.25,35.67345833,139.7724375
3.353,-0.68,35.67345833,139.7725625
3.118,-0.56,35.67345833,139.7726875
0.0,3.3,35.67345833,139.7728125
0.0,3.58,35.67345833,139.7729375
0.0,3.47,35.67345833,139.7730625
0.0,3.39,35.67345833,139.7731875
0.0,3.4,35.67345833,139.7733125
0.0,3.31,35.67345833,139.7734375
0.0,3.3,35.67345833,139.7735625
0.0,3.19,35.67345833,139.7736875
0.0,3.11,35.67345833,139.7738125
0.0,3.01,35.67345833,139.7739375
0.0,3.07,35.67345833,139.7740625
0.0,3.11,35.67345833,139.7741875
0.0,3.1,35.67345833,139.7743125
0.0,3.07,35.67345833,139.7744375
0.0,3.04,35.67345833,139.7745625
0.0,2.95,35.67345833,139.7746875
0.0,2.81,35.67345833,139.7748125
0.0,2.67,35.67345833,139.7749375
0.0,2.5,35.67345833,139.7750625
0.0,2.52,35.67345833,139.7751875
0.0,2.45,35.67345833,139.7753125
0.0,2.33,35.67345833,139.7754375
0.0,2.31,35.67345833,139.7755625
0.0,2.25,35.67345833,139.7756875
0.0,2.18,35.67345833,139.7758125
0.0,2.26,35.67345833,139.7759375
0.0,3.29,35.673375,139.7570625
0.0,2.95,35.673375,139.7571875
0.0,2.92,35.673375,139.7573125
0.0,2.53,35.673375,139.7574375
0.0,2.43,35.673375,139.7575625
0.0,1.93,35.673375,139.7576875
0.0,1.95,35.673375,139.7578125
0.0,1.98,35.673375,139.7579375
0.0,1.79,35.673375,139.7580625
0.0,2.05,35.673375,139.7581875
0.0,2.39,35.673375,139.7583125
0.0,2.47,35.673375,139.7584375
0.0,1.05,35.673375,139.7585625
0.0,2.47,35.673375,139.7586875
0.0,2.47,35.673375,139.7588125
0.0,2.47,35.673375,139.7589375
0.0,2.47,35.673375,139.7590625
0.0,2.47,35.673375,139.7591875
0.0,2.47,35.673375,139.7593125
0.0,2.47,35.673375,139.7594375
0.0,2.47,35.673375,139.7595625
0.0,2.47,35.673375,139.7596875
0.0,2.14,35.673375,139.7598125
0.0,2.35,35.673375,139.7599375
0.0,2.45,35.673375,139.7600625
0.0,2.51,35.673375,139.7601875
0.0,2.34,35.673375,139.7603125
0.0,2.41,35.673375,139.7604375
0.0,2.51,35.673375,139.7605625
0.0,2.55,35.673375,139.7606875
0.0,2.49,35.673375,139.7608125
0.0,2.58,35.673375,139.7609375
0.0,2.68,35.673375,139.7610625
0.0,2.74,35.673375,139.7611875
0.0,2.75,35.673375,139.7613125
0.0,2.73,35.673375,139.7614375
0.0,2.74,35.673375,139.7615625
0.0,2.72,35.673375,139.7616875
0.0,2.74,35.673375,139.7618125
0.0,2.93,35.673375,139.7619375
0.0,2.95,35.673375,139.7620625
0.0,3.05,35.673375,139.7621875
0.0,3.32,35.673375,139.7623125
0.0,3.44,35.673375,139.7624375
0.0,3.48,35.673375,139.7625625
0.0,3.47,35.673375,139.7626875
0.0,3.42,35.673375,139.7628125
0.0,3.46,35.673375,139.7629375
0.0,3.39,35.673375,139.7630625
0.0,3.31,35.673375,139.7631875
0.0,3.4,35.673375,139.7633125
0.0,3.4,35.673375,139.7634375
0.0,3.44,35.673375,139.7635625
0.0,3.47,35.673375,139.7636875
0.0,3.48,35.673375,139.7638125
0.0,3.49,35.673375,139.7639375
0.0,3.55,35.673375,139.7640625
0.0,3.51,35.673375,139.7641875
0.0,3.38,35.673375,139.7643125
0.0,3.4,35.673375,139.7644375
0.0,3.43,35.673375,139.7645625
0.0,3.47,35.673375,139.7646875
0.0,3.46,35.673375,139.7648125
0.0,3.48,35.673375,139.7649375
0.0,3.49,35.673375,139.7650625
0.0,3.46,35.673375,139.7651875
0.0,3.33,35.673375,139.7653125
0.0,3.58,35.673375,139.7654375
0.0,3.59,35.673375,139.7655625
0.0,3.57,35.673375,139.7656875
0.0,3.58,35.673375,139.7658125
0.0,3.47,35.673375,139.7659375
0.0,3.49,35.673375,139.7660625
0.0,3.45,35.673375,139.7661875
0.0,3.39,35.673375,139.7663125
0.0,3.54,35.673375,139.7664375
0.0,3.54,35.673375,139.7665625
0.0,3.56,35.673375,139.7666875
0.0,3.56,35.673375,139.7668125
0.0,3.55,35.673375,139.7669375
0.0,3.55,35.673375,139.7670625
0.0,3.34,35.673375,139.7671875
0.0,3.31,35.673375,139.7673125
0.0,3.35,35.673375,139.7674375
0.0,3.49,35.673375,139.7675625
0.0,3.48,35.673375,139.7676875
0.0,3.49,35.673375,139.7678125
0.0,3.42,35.673375,139.7679375
0.0,3.37,35.673375,139.7680625
0.0,3.39,35.673375,139.7681875
0.0,3.29,35.673375,139.7683125
0.0,3.09,35.673375,139.7684375
0.0,3.12,35.673375,139.7685625
0.0,2.98,35.673375,139.7686875
0.0,2.95,35.673375,139.7688125
0.0,2.84,35.673375,139.7689375
0.0,1.34,35.673375,139.7690625
0.0,2.86,35.673375,139.7691875
0.0,1.75,35.673375,139.7693125
0.0,2.47,35.673375,139.7694375
0.0,2.44,35.673375,139.7695625
0.0,2.59,35.673375,139.7696875
0.0,2.43,35.673375,139.7698125
0.0,2.45,35.673375,139.7699375
0.0,2.35,35.673375,139.7700625
0.0,2.29,35.673375,139.7701875
0.0,2.26,35.673375,139.7703125
0.0,2.47,35.673375,139.7704375
0.0,2.34,35.673375,139.7705625
0.0,2.23,35.673375,139.7706875
0.0,2.46,35.673375,139.7708125
0.0,2.59,35.673375,139.7709375
0.0,2.73,35.673375,139.7710625
0.0,2.8,35.673375,139.7711875
0.0,2.73,35.673375,139.7713125
0.0,2.93,35.673375,139.7714375
0.0,3.12,35.673375,139.7715625
0.0,3.14,35.673375,139.7716875
0.0,3.17,35.673375,139.7718125
0.0,3.19,35.673375,139.7719375
0.0,3.28,35.673375,139.7720625
0.0,3.49,35.673375,139.7721875
0.0,4.05,35.673375,139.7723125
3.387,-0.76,35.673375,139.7724375
3.842,-1.24,35.673375,139.7725625
3.443,-0.82,35.673375,139.7726875
0.0,4.14,35.673375,139.7728125
0.0,3.67,35.673375,139.7729375
0.0,3.45,35.673375,139.7730625
0.0,3.39,35.673375,139.7731875
0.0,3.37,35.673375,139.7733125
0.0,3.36,35.673375,139.7734375
0.0,3.41,35.673375,139.7735625
0.0,3.38,35.673375,139.7736875
0.0,3.26,35.673375,139.7738125
0.0,3.03,35.673375,139.7739375
0.0,3.09,35.673375,139.7740625
0.0,2.99,35.673375,139.7741875
0.0,3.07,35.673375,139.7743125
0.0,3.2,35.673375,139.7744375
0.0,3.17,35.673375,139.7745625
0.0,3.03,35.673375,139.7746875
0.0,2.85,35.673375,139.7748125
0.0,2.72,35.673375,139.7749375
0.0,2.62,35.673375,139.7750625
0.0,2.51,35.673375,139.7751875
0.0,2.43,35.673375,139.7753125
0.0,2.31,35.673375,139.7754375
0.0,2.21,35.673375,139.7755625
0.0,2.1,35.673375,139.7756875
0.0,2.19,35.673375,139.7758125
0.0,2.32,35.673375,139.7759375
0.0,3.17,35.67329167,139.7570625
0.0,2.86,35.67329167,139.7571875
0.0,2.79,35.67329167,139.7573125
0.0,2.31,35.67329167,139.7574375
0.0,2.01,35.67329167,139.7575625
0.0,1.91,35.67329167,139.7576875
0.0,2.0,35.67329167,139.7578125
0.0,1.88,35.67329167,139.7579375
0.0,1.88,35.67329167,139.7580625
0.0,2.22,35.67329167,139.7581875
0.0,2.36,35.67329167,139.7583125
0.0,2.43,35.67329167,139.7584375
0.0,1.37,35.67329167,139.7585625
0.0,1.09,35.67329167,139.7586875
0.0,2.47,35.67329167,139.7588125
0.0,2.47,35.67329167,139.7589375
0.0,2.47,35.67329167,139.7590625
0.0,2.47,35.67329167,139.7591875
0.0,2.47,35.67329167,139.7593125
0.0,2.47,35.67329167,139.7594375
0.0,2.47,35.67329167,139.7595625
0.0,2.47,35.67329167,139.7596875
0.0,2.19,35.67329167,139.7598125
0.0,2.3,35.67329167,139.7599375
0.0,2.38,35.67329167,139.7600625
0.0,2.47,35.67329167,139.7601875
0.0,2.47,35.67329167,139.7603125
0.0,2.32,35.67329167,139.7604375
0.0,2.3,35.67329167,139.7605625
0.0,2.47,35.67329167,139.7606875
0.0,2.47,35.67329167,139.7608125
0.0,2.67,35.67329167,139.7609375
0.0,2.79,35.67329167,139.7610625
0.0,2.83,35.67329167,139.7611875
0.0,2.9,35.67329167,139.7613125
0.0,2.86,35.67329167,139.7614375
0.0,2.73,35.67329167,139.7615625
0.0,2.95,35.67329167,139.7616875
0.0,2.94,35.67329167,139.7618125
0.0,2.59,35.67329167,139.7619375
0.0,2.37,35.67329167,139.7620625
0.0,3.19,35.67329167,139.7621875
0.0,3.28,35.67329167,139.7623125
0.0,3.44,35.67329167,139.7624375
0.0,3.53,35.67329167,139.7625625
0.0,3.61,35.67329167,139.7626875
0.0,3.57,35.67329167,139.7628125
0.0,3.4,35.67329167,139.7629375
0.0,3.41,35.67329167,139.7630625
0.0,3.42,35.67329167,139.7631875
0.0,3.42,35.67329167,139.7633125
0.0,3.52,35.67329167,139.7634375
0.0,3.51,35.67329167,139.7635625
0.0,3.5,35.67329167,139.7636875
0.0,3.55,35.67329167,139.7638125
0.0,3.53,35.67329167,139.7639375
0.0,3.51,35.67329167,139.7640625
0.0,3.41,35.67329167,139.7641875
0.0,3.44,35.67329167,139.7643125
0.0,3.38,35.67329167,139.7644375
0.0,3.45,35.67329167,139.7645625
0.0,3.52,35.67329167,139.7646875
0.0,3.5,35.67329167,139.7648125
0.0,3.51,35.67329167,139.7649375
0.0,3.51,35.67329167,139.7650625
0.0,3.33,35.67329167,139.7651875
0.0,3.54,35.67329167,139.7653125
0.0,3.65,35.67329167,139.7654375
0.0,3.64,35.67329167,139.7655625
0.0,3.65,35.67329167,139.7656875
0.0,3.62,35.67329167,139.7658125
0.0,3.58,35.67329167,139.7659375
0.0,3.55,35.67329167,139.7660625
0.0,3.61,35.67329167,139.7661875
0.0,3.46,35.67329167,139.7663125
0.0,3.44,35.67329167,139.7664375
0.0,3.67,35.67329167,139.7665625
0.0,3.6,35.67329167,139.7666875
0.0,3.59,35.67329167,139.7668125
0.0,3.56,35.67329167,139.7669375
0.0,3.44,35.67329167,139.7670625
0.0,3.35,35.67329167,139.7671875
0.0,3.32,35.67329167,139.7673125
0.0,3.49,35.67329167,139.7674375
0.0,3.5,35.67329167,139.7675625
0.0,3.46,35.67329167,139.7676875
0.0,3.48,35.67329167,139.7678125
0.0,3.46,35.67329167,139.7679375
0.0,3.45,35.67329167,139.7680625
0.0,3.47,35.67329167,139.7681875
0.0,3.41,35.67329167,139.7683125
0.0,3.26,35.67329167,139.7684375
0.0,3.11,35.67329167,139.7685625
0.0,3.03,35.67329167,139.7686875
0.0,3.01,35.67329167,139.7688125
0.0,2.66,35.67329167,139.7689375
0.0,2.86,35.67329167,139.7690625
0.0,0.42,35.67329167,139.7691875
0.0,2.47,35.67329167,139.7693125
0.0,2.45,35.67329167,139.7694375
0.0,2.52,35.67329167,139.7695625
0.0,2.62,35.67329167,139.7696875
0.0,2.41,35.67329167,139.7698125
0.0,2.42,35.67329167,139.7699375
0.0,2.33,35.67329167,139.7700625
0.0,2.25,35.67329167,139.7701875
0.0,2.39,35.67329167,139.7703125
0.0,2.41,35.67329167,139.7704375
0.0,2.23,35.67329167,139.7705625
0.0,2.31,35.67329167,139.7706875
0.0,2.4,35.67329167,139.7708125
0.0,2.49,35.67329167,139.7709375
0.0,2.6,35.67329167,139.7710625
0.0,2.59,35.67329167,139.7711875
0.0,2.61,35.67329167,139.7713125
0.0,3.0,35.67329167,139.7714375
0.0,3.11,35.67329167,139.7715625
0.0,3.14,35.67329167,139.7716875
0.0,3.18,35.67329167,139.7718125
0.0,3.2,35.67329167,139.7719375
0.0,3.2,35.67329167,139.7720625
0.0,3.43,35.67329167,139.7721875
0.0,2.93,35.67329167,139.7723125
4.338,-1.78,35.67329167,139.7724375
4.452,-1.84,35.67329167,139.7725625
2.428,0.12,35.67329167,139.7726875
0.0,3.97,35.67329167,139.7728125
0.0,3.53,35.67329167,139.7729375
0.0,3.44,35.67329167,139.7730625
0.0,3.46,35.67329167,139.7731875
0.0,3.57,35.67329167,139.7733125
0.0,3.48,35.67329167,139.7734375
0.0,3.44,35.67329167,139.7735625
0.0,3.33,35.67329167,139.7736875
0.0,3.25,35.67329167,139.7738125
0.0,3.05,35.67329167,139.7739375
0.0,2.95,35.67329167,139.7740625
0.0,2.88,35.67329167,139.7741875
0.0,2.95,35.67329167,139.7743125
0.0,3.18,35.67329167,139.7744375
0.0,3.25,35.67329167,139.7745625
0.0,3.12,35.67329167,139.7746875
0.0,3.02,35.67329167,139.7748125
0.0,2.91,35.67329167,139.7749375
0.0,2.79,35.67329167,139.7750625
0.0,2.77,35.67329167,139.7751875
0.0,2.62,35.67329167,139.7753125
0.0,2.66,35.67329167,139.7754375
0.0,2.53,35.67329167,139.7755625
0.0,2.22,35.67329167,139.7756875
0.0,2.21,35.67329167,139.7758125
0.0,2.34,35.67329167,139.7759375
0.0,3.21,35.67320833,139.7570625
0.0,2.8,35.67320833,139.7571875
0.0,2.51,35.67320833,139.7573125
0.0,2.06,35.67320833,139.7574375
0.0,1.95,35.67320833,139.7575625
0.0,1.98,35.67320833,139.7576875
0.0,2.0,35.67320833,139.7578125
0.0,1.85,35.67320833,139.7579375
0.0,2.06,35.67320833,139.7580625
0.0,2.19,35.67320833,139.7581875
0.0,2.34,35.67320833,139.7583125
0.0,2.26,35.67320833,139.7584375
0.0,1.42,35.67320833,139.7585625
0.0,1.55,35.67320833,139.7586875
0.0,2.0,35.67320833,139.7588125
0.0,2.47,35.67320833,139.7589375
0.0,1.48,35.67320833,139.7590625
0.0,2.47,35.67320833,139.7591875
0.0,2.47,35.67320833,139.7593125
0.0,2.47,35.67320833,139.7594375
0.0,2.47,35.67320833,139.7595625
0.0,1.5,35.67320833,139.7596875
0.0,2.3,35.67320833,139.7598125
0.0,2.32,35.67320833,139.7599375
0.0,2.33,35.67320833,139.7600625
0.0,2.38,35.67320833,139.7601875
0.0,2.44,35.67320833,139.7603125
0.0,2.26,35.67320833,139.7604375
0.0,2.46,35.67320833,139.7605625
0.0,2.49,35.67320833,139.7606875
0.0,2.6,35.67320833,139.7608125
0.0,2.74,35.67320833,139.7609375
0.0,2.83,35.67320833,139.7610625
0.0,2.95,35.67320833,139.7611875
0.0,2.99,35.67320833,139.7613125
0.0,3.0,35.67320833,139.7614375
0.0,2.93,35.67320833,139.7615625
0.0,3.22,35.67320833,139.7616875
0.0,3.2,35.67320833,139.7618125
0.0,2.7,35.67320833,139.7619375
0.0,0.15,35.67320833,139.7620625
0.0,2.49,35.67320833,139.7621875
0.0,3.36,35.67320833,139.7623125
0.0,3.42,35.67320833,139.7624375
0.0,3.52,35.67320833,139.7625625
0.0,3.48,35.67320833,139.7626875
0.0,3.47,35.67320833,139.7628125
0.0,3.43,35.67320833,139.7629375
0.0,3.45,35.67320833,139.7630625
0.0,3.52,35.67320833,139.7631875
0.0,3.56,35.67320833,139.7633125
0.0,3.62,35.67320833,139.7634375
0.0,3.57,35.67320833,139.7635625
0.0,3.55,35.67320833,139.7636875
0.0,3.59,35.67320833,139.7638125
0.0,3.53,35.67320833,139.7639375
0.0,3.36,35.67320833,139.7640625
0.0,3.45,35.67320833,139.7641875
0.0,3.38,35.67320833,139.7643125
0.0,3.42,35.67320833,139.7644375
0.0,3.4,35.67320833,139.7645625
0.0,3.48,35.67320833,139.7646875
0.0,3.56,35.67320833,139.7648125
0.0,3.55,35.67320833,139.7649375
0.0,3.45,35.67320833,139.7650625
0.0,3.4,35.67320833,139.7651875
0.0,3.67,35.67320833,139.7653125
0.0,3.71,35.67320833,139.7654375
0.0,3.71,35.67320833,139.7655625
0.0,3.74,35.67320833,139.7656875
0.0,3.65,35.67320833,139.7658125
0.0,3.68,35.67320833,139.7659375
0.0,3.66,35.67320833,139.7660625
0.0,3.6,35.67320833,139.7661875
0.0,3.54,35.67320833,139.7663125
0.0,3.44,35.67320833,139.7664375
0.0,3.49,35.67320833,139.7665625
0.0,3.63,35.67320833,139.7666875
0.0,3.63,35.67320833,139.7668125
0.0,3.52,35.67320833,139.7669375
0.0,3.41,35.67320833,139.7670625
0.0,3.3,35.67320833,139.7671875
0.0,3.5,35.67320833,139.7673125
0.0,3.47,35.67320833,139.7674375
0.0,3.5,35.67320833,139.7675625
0.0,3.49,35.67320833,139.7676875
0.0,3.48,35.67320833,139.7678125
0.0,3.5,35.67320833,139.7679375
0.0,3.54,35.67320833,139.7680625
0.0,3.55,35.67320833,139.7681875
0.0,3.46,35.67320833,139.7683125
0.0,3.3,35.67320833,139.7684375
0.0,3.08,35.67320833,139.7685625
0.0,3.0,35.67320833,139.7686875
0.0,2.92,35.67320833,139.7688125
0.0,0.56,35.67320833,139.7689375
0.0,2.86,35.67320833,139.7690625
0.0,2.48,35.67320833,139.7691875
0.0,2.59,35.67320833,139.7693125
0.0,2.46,35.67320833,139.7694375
0.0,2.6,35.67320833,139.7695625
0.0,2.63,35.67320833,139.7696875
0.0,2.46,35.67320833,139.7698125
0.0,2.36,35.67320833,139.7699375
0.0,2.23,35.67320833,139.7700625
0.0,2.32,35.67320833,139.7701875
0.0,2.47,35.67320833,139.7703125
0.0,2.27,35.67320833,139.7704375
0.0,2.23,35.67320833,139.7705625
0.0,2.37,35.67320833,139.7706875
0.0,2.41,35.67320833,139.7708125
0.0,2.45,35.67320833,139.7709375
0.0,2.49,35.67320833,139.7710625
0.0,2.44,35.67320833,139.7711875
0.0,2.66,35.67320833,139.7713125
0.0,3.01,35.67320833,139.7714375
0.0,3.08,35.67320833,139.7715625
0.0,3.12,35.67320833,139.7716875
0.0,3.17,35.67320833,139.7718125
0.0,3.2,35.67320833,139.7719375
0.0,3.08,35.67320833,139.7720625
0.0,3.18,35.67320833,139.7721875
0.799,1.74,35.67320833,139.7723125
4.512,-1.97,35.67320833,139.7724375
4.425,-1.89,35.67320833,139.7725625
0.878,1.66,35.67320833,139.7726875
0.0,3.7,35.67320833,139.7728125
0.0,3.35,35.67320833,139.7729375
0.0,3.38,35.67320833,139.7730625
0.0,3.36,35.67320833,139.7731875
0.0,3.44,35.67320833,139.7733125
0.0,3.45,35.67320833,139.7734375
0.0,3.37,35.67320833,139.7735625
0.0,3.23,35.67320833,139.7736875
0.0,3.14,35.67320833,139.7738125
0.0,3.03,35.67320833,139.7739375
0.0,2.86,35.67320833,139.7740625
0.0,2.79,35.67320833,139.7741875
0.0,2.92,35.67320833,139.7743125
0.0,2.86,35.67320833,139.7744375
0.0,3.18,35.67320833,139.7745625
0.0,3.19,35.67320833,139.7746875
0.0,3.1,35.67320833,139.7748125
0.0,2.96,35.67320833,139.7749375
0.0,2.91,35.67320833,139.7750625
0.0,2.81,35.67320833,139.7751875
0.0,2.85,35.67320833,139.7753125
0.0,2.78,35.67320833,139.7754375
0.0,2.57,35.67320833,139.7755625
0.0,2.28,35.67320833,139.7756875
0.0,2.15,35.67320833,139.7758125
0.0,2.18,35.67320833,139.7759375
0.0,3.09,35.673125,139.7570625
0.0,2.87,35.673125,139.7571875
0.0,2.41,35.673125,139.7573125
0.0,2.02,35.673125,139.7574375
0.0,2.03,35.673125,139.7575625
0.0,2.02,35.673125,139.7576875
0.0,1.9,35.673125,139.7578125
0.0,2.0,35.673125,139.7579375
0.0,2.2,35.673125,139.7580625
0.0,2.21,35.673125,139.7581875
0.0,2.32,35.673125,139.7583125
0.0,2.02,35.673125,139.7584375
0.0,1.69,35.673125,139.7585625
0.0,1.9,35.673125,139.7586875
0.0,2.44,35.673125,139.7588125
0.0,2.48,35.673125,139.7589375
0.0,2.48,35.673125,139.7590625
0.0,2.1,35.673125,139.7591875
0.0,2.47,35.673125,139.7593125
0.0,2.47,35.673125,139.7594375
0.0,0.33,35.673125,139.7595625
0.0,2.11,35.673125,139.7596875
0.0,2.32,35.673125,139.7598125
0.0,2.39,35.673125,139.7599375
0.0,2.38,35.673125,139.7600625
0.0,2.36,35.673125,139.7601875
0.0,2.32,35.673125,139.7603125
0.0,2.34,35.673125,139.7604375
0.0,2.56,35.673125,139.7605625
0.0,2.61,35.673125,139.7606875
0.0,2.68,35.673125,139.7608125
0.0,2.76,35.673125,139.7609375
0.0,2.91,35.673125,139.7610625
0.0,2.98,35.673125,139.7611875
0.0,3.1,35.673125,139.7613125
0.0,3.15,35.673125,139.7614375
0.0,3.19,35.673125,139.7615625
0.0,3.23,35.673125,139.7616875
0.0,3.26,35.673125,139.7618125
0.0,3.33,35.673125,139.7619375
0.0,2.81,35.673125,139.7620625
0.0,1.13,35.673125,139.7621875
0.0,3.04,35.673125,139.7623125
0.0,3.45,35.673125,139.7624375
0.0,3.55,35.673125,139.7625625
0.0,3.5,35.673125,139.7626875
0.0,3.52,35.673125,139.7628125
0.0,3.64,35.673125,139.7629375
0.0,3.65,35.673125,139.7630625
0.0,3.71,35.673125,139.7631875
0.0,3.66,35.673125,139.7633125
0.0,3.69,35.673125,139.7634375
0.0,3.67,35.673125,139.7635625
0.0,3.6,35.673125,139.7636875
0.0,3.51,35.673125,139.7638125
0.0,3.29,35.673125,139.7639375
0.0,3.39,35.673125,139.7640625
0.0,3.39,35.673125,139.7641875
0.0,3.33,35.673125,139.7643125
0.0,3.31,35.673125,139.7644375
0.0,3.37,35.673125,139.7645625
0.0,3.43,35.673125,139.7646875
0.0,3.52,35.673125,139.7648125
0.0,3.49,35.673125,139.7649375
0.0,3.42,35.673125,139.7650625
0.0,3.55,35.673125,139.7651875
0.0,3.6,35.673125,139.7653125
0.0,3.73,35.673125,139.7654375
0.0,3.72,35.673125,139.7655625
0.0,3.75,35.673125,139.7656875
0.0,3.72,35.673125,139.7658125
0.0,3.76,35.673125,139.7659375
0.0,3.75,35.673125,139.7660625
0.0,3.69,35.673125,139.7661875
0.0,3.57,35.673125,139.7663125
0.0,3.5,35.673125,139.7664375
0.0,3.43,35.673125,139.7665625
0.0,3.51,35.673125,139.7666875
0.0,3.64,35.673125,139.7668125
0.0,3.43,35.673125,139.7669375
0.0,3.38,35.673125,139.7670625
0.0,3.41,35.673125,139.7671875
0.0,3.3,35.673125,139.7673125
0.0,3.45,35.673125,139.7674375
0.0,3.52,35.673125,139.7675625
0.0,3.52,35.673125,139.7676875
0.0,3.52,35.673125,139.7678125
0.0,3.58,35.673125,139.7679375
0.0,3.69,35.673125,139.7680625
0.0,3.59,35.673125,139.7681875
0.0,3.4,35.673125,139.7683125
0.0,3.17,35.673125,139.7684375
0.0,3.1,35.673125,139.7685625
0.0,2.99,35.673125,139.7686875
0.0,2.91,35.673125,139.7688125
0.0,1.0,35.673125,139.7689375
0.0,1.49,35.673125,139.7690625
0.0,2.77,35.673125,139.7691875
0.0,2.64,35.673125,139.7693125
0.0,2.59,35.673125,139.7694375
0.0,2.64,35.673125,139.7695625
0.0,2.66,35.673125,139.7696875
0.0,2.47,35.673125,139.7698125
0.0,2.29,35.673125,139.7699375
0.0,2.2,35.673125,139.7700625
0.0,2.41,35.673125,139.7701875
0.0,2.35,35.673125,139.7703125
0.0,2.18,35.673125,139.7704375
0.0,2.23,35.673125,139.7705625
0.0,2.31,35.673125,139.7706875
0.0,2.35,35.673125,139.7708125
0.0,2.44,35.673125,139.7709375
0.0,2.28,35.673125,139.7710625
0.0,2.42,35.673125,139.7711875
0.0,2.69,35.673125,139.7713125
0.0,2.87,35.673125,139.7714375
0.0,3.02,35.673125,139.7715625
0.0,3.09,35.673125,139.7716875
0.0,3.12,35.673125,139.7718125
0.0,3.12,35.673125,139.7719375
0.0,2.92,35.673125,139.7720625
0.0,2.91,35.673125,139.7721875
2.735,-0.17,35.673125,139.7723125
4.596,-2.05,35.673125,139.7724375
4.541,-1.93,35.673125,139.7725625
0.0,2.09,35.673125,139.7726875
0.0,3.55,35.673125,139.7728125
0.0,3.41,35.673125,139.7729375
0.0,3.34,35.673125,139.7730625
0.0,3.41,35.673125,139.7731875
0.0,3.39,35.673125,139.7733125
0.0,3.37,35.673125,139.7734375
0.0,3.32,35.673125,139.7735625
0.0,3.18,35.673125,139.7736875
0.0,3.03,35.673125,139.7738125
0.0,2.84,35.673125,139.7739375
0.0,2.73,35.673125,139.7740625
0.0,2.79,35.673125,139.7741875
0.0,2.68,35.673125,139.7743125
0.0,2.68,35.673125,139.7744375
0.0,2.85,35.673125,139.7745625
0.0,2.92,35.673125,139.7746875
0.0,2.73,35.673125,139.7748125
0.0,2.8,35.673125,139.7749375
0.0,2.83,35.673125,139.7750625
0.0,2.66,35.673125,139.7751875
0.0,2.79,35.673125,139.7753125
0.0,2.7,35.673125,139.7754375
0.0,2.66,35.673125,139.7755625
0.0,2.34,35.673125,139.7756875
0.0,2.24,35.673125,139.7758125
0.0,2.22,35.673125,139.7759375
0.0,2.8,35.67304167,139.7570625
0.0,2.6,35.67304167,139.7571875
0.0,2.28,35.67304167,139.7573125
0.0,2.02,35.67304167,139.7574375
0.0,2.12,35.67304167,139.7575625
0.0,2.01,35.67304167,139.7576875
0.0,1.86,35.67304167,139.7578125
0.0,1.85,35.67304167,139.7579375
0.0,2.12,35.67304167,139.7580625
0.0,2.27,35.67304167,139.7581875
0.0,2.3,35.67304167,139.7583125
0.0,2.04,35.67304167,139.7584375
0.0,2.1,35.67304167,139.7585625
0.0,2.28,35.67304167,139.7586875
0.0,2.43,35.67304167,139.7588125
0.0,2.4,35.67304167,139.7589375
0.0,2.42,35.67304167,139.7590625
0.0,2.49,35.67304167,139.7591875
0.0,2.47,35.67304167,139.7593125
0.0,2.39,35.67304167,139.7594375
0.0,2.19,35.67304167,139.7595625
0.0,2.24,35.67304167,139.7596875
0.0,2.31,35.67304167,139.7598125
0.0,2.41,35.67304167,139.7599375
0.0,2.49,35.67304167,139.7600625
0.0,2.46,35.67304167,139.7601875
0.0,2.25,35.67304167,139.7603125
0.0,2.38,35.67304167,139.7604375
0.0,2.51,35.67304167,139.7605625
0.0,2.77,35.67304167,139.7606875
0.0,2.88,35.67304167,139.7608125
0.0,2.82,35.67304167,139.7609375
0.0,2.91,35.67304167,139.7610625
0.0,3.06,35.67304167,139.7611875
0.0,3.19,35.67304167,139.7613125
0.0,3.29,35.67304167,139.7614375
0.0,3.29,35.67304167,139.7615625
0.0,3.36,35.67304167,139.7616875
0.0,3.44,35.67304167,139.7618125
0.0,3.6,35.67304167,139.7619375
0.0,3.5,35.67304167,139.7620625
0.0,3.15,35.67304167,139.7621875
0.0,2.11,35.67304167,139.7623125
0.0,3.26,35.67304167,139.7624375
0.0,3.57,35.67304167,139.7625625
0.0,3.61,35.67304167,139.7626875
0.0,3.77,35.67304167,139.7628125
0.0,3.86,35.67304167,139.7629375
0.0,3.82,35.67304167,139.7630625
0.0,3.88,35.67304167,139.7631875
0.0,3.79,35.67304167,139.7633125
0.0,3.75,35.67304167,139.7634375
0.0,3.68,35.67304167,139.7635625
0.0,3.5,35.67304167,139.7636875
0.0,3.34,35.67304167,139.7638125
0.0,3.37,35.67304167,139.7639375
0.0,3.41,35.67304167,139.7640625
0.0,3.38,35.67304167,139.7641875
0.0,3.54,35.67304167,139.7643125
0.0,3.33,35.67304167,139.7644375
0.0,3.38,35.67304167,139.7645625
0.0,3.5,35.67304167,139.7646875
0.0,3.48,35.67304167,139.7648125
0.0,3.39,35.67304167,139.7649375
0.0,3.53,35.67304167,139.7650625
0.0,3.65,35.67304167,139.7651875
0.0,3.67,35.67304167,139.7653125
0.0,3.73,35.67304167,139.7654375
0.0,3.77,35.67304167,139.7655625
0.0,3.75,35.67304167,139.7656875
0.0,3.75,35.67304167,139.7658125
0.0,3.75,35.67304167,139.7659375
0.0,3.75,35.67304167,139.7660625
0.0,3.7,35.67304167,139.7661875
0.0,3.69,35.67304167,139.7663125
0.0,3.52,35.67304167,139.7664375
0.0,3.6,35.67304167,139.7665625
0.0,3.5,35.67304167,139.7666875
0.0,3.47,35.67304167,139.7668125
0.0,3.43,35.67304167,139.7669375
0.0,3.41,35.67304167,139.7670625
0.0,3.42,35.67304167,139.7671875
0.0,3.28,35.67304167,139.7673125
0.0,3.37,35.67304167,139.7674375
0.0,3.52,35.67304167,139.7675625
0.0,3.55,35.67304167,139.7676875
0.0,3.53,35.67304167,139.7678125
0.0,3.6,35.67304167,139.7679375
0.0,3.68,35.67304167,139.7680625
0.0,3.52,35.67304167,139.7681875
0.0,3.26,35.67304167,139.7683125
0.0,3.03,35.67304167,139.7684375
0.0,3.15,35.67304167,139.7685625
0.0,3.05,35.67304167,139.7686875
0.0,2.95,35.67304167,139.7688125
0.0,2.91,35.67304167,139.7689375
0.0,2.85,35.67304167,139.7690625
0.0,2.82,35.67304167,139.7691875
0.0,2.67,35.67304167,139.7693125
0.0,2.66,35.67304167,139.7694375
0.0,2.64,35.67304167,139.7695625
0.0,2.66,35.67304167,139.7696875
0.0,2.42,35.67304167,139.7698125
0.0,2.2,35.67304167,139.7699375
0.0,2.28,35.67304167,139.7700625
0.0,2.42,35.67304167,139.7701875
0.0,2.19,35.67304167,139.7703125
0.0,2.26,35.67304167,139.7704375
0.0,2.36,35.67304167,139.7705625
0.0,2.28,35.67304167,139.7706875
0.0,2.28,35.67304167,139.7708125
0.0,2.3,35.67304167,139.7709375
0.0,2.24,35.67304167,139.7710625
0.0,2.57,35.67304167,139.7711875
0.0,2.65,35.67304167,139.7713125
0.0,2.66,35.67304167,139.7714375
0.0,2.82,35.67304167,139.7715625
0.0,2.94,35.67304167,139.7716875
0.0,3.01,35.67304167,139.7718125
0.0,3.04,35.67304167,139.7719375
0.0,2.85,35.67304167,139.7720625
0.0,2.77,35.67304167,139.7721875
3.683,-1.11,35.67304167,139.7723125
4.647,-2.11,35.67304167,139.7724375
4.122,-1.58,35.67304167,139.7725625
0.96,1.57,35.67304167,139.7726875
0.0,3.01,35.67304167,139.7728125
0.0,2.99,35.67304167,139.7729375
0.0,3.11,35.67304167,139.7730625
0.0,3.19,35.67304167,139.7731875
0.0,3.16,35.67304167,139.7733125
0.0,3.33,35.67304167,139.7734375
0.0,3.56,35.67304167,139.7735625
0.0,3.2,35.67304167,139.7736875
0.0,2.89,35.67304167,139.7738125
0.0,2.8,35.67304167,139.7739375
0.0,2.64,35.67304167,139.7740625
0.0,2.67,35.67304167,139.7741875
0.0,2.7,35.67304167,139.7743125
0.0,2.7,35.67304167,139.7744375
0.0,2.74,35.67304167,139.7745625
0.0,2.72,35.67304167,139.7746875
0.0,2.66,35.67304167,139.7748125
0.0,2.65,35.67304167,139.7749375
0.0,2.64,35.67304167,139.7750625
0.0,2.66,35.67304167,139.7751875
0.0,2.64,35.67304167,139.7753125
0.0,2.58,35.67304167,139.7754375
0.0,2.53,35.67304167,139.7755625
0.0,2.33,35.67304167,139.7756875
0.0,2.21,35.67304167,139.7758125
0.0,2.18,35.67304167,139.7759375
0.0,2.6,35.67295833,139.7570625
0.0,2.47,35.67295833,139.7571875
0.0,2.1,35.67295833,139.7573125
0.0,2.08,35.67295833,139.7574375
0.0,2.08,35.67295833,139.7575625
0.0,1.91,35.67295833,139.7576875
0.0,1.91,35.67295833,139.7578125
0.0,1.88,35.67295833,139.7579375
0.0,1.81,35.67295833,139.7580625
0.0,1.96,35.67295833,139.7581875
0.0,2.14,35.67295833,139.7583125
0.0,2.21,35.67295833,139.7584375
0.0,2.37,35.67295833,139.7585625
0.0,2.41,35.67295833,139.7586875
0.0,2.35,35.67295833,139.7588125
0.0,2.3,35.67295833,139.7589375
0.0,2.39,35.67295833,139.7590625
0.0,2.45,35.67295833,139.7591875
0.0,2.45,35.67295833,139.7593125
0.0,2.35,35.67295833,139.7594375
0.0,2.12,35.67295833,139.7595625
0.0,2.27,35.67295833,139.7596875
0.0,2.32,35.67295833,139.7598125
0.0,2.39,35.67295833,139.7599375
0.0,2.47,35.67295833,139.7600625
0.0,2.44,35.67295833,139.7601875
0.0,2.35,35.67295833,139.7603125
0.0,2.42,35.67295833,139.7604375
0.0,2.56,35.67295833,139.7605625
0.0,2.83,35.67295833,139.7606875
0.0,3.04,35.67295833,139.7608125
0.0,3.11,35.67295833,139.7609375
0.0,3.06,35.67295833,139.7610625
0.0,3.19,35.67295833,139.7611875
0.0,3.32,35.67295833,139.7613125
0.0,3.44,35.67295833,139.7614375
0.0,3.37,35.67295833,139.7615625
0.0,3.38,35.67295833,139.7616875
0.0,3.44,35.67295833,139.7618125
0.0,3.54,35.67295833,139.7619375
0.0,3.54,35.67295833,139.7620625
0.0,3.46,35.67295833,139.7621875
0.0,3.5,35.67295833,139.7623125
0.0,2.98,35.67295833,139.7624375
0.0,3.65,35.67295833,139.7625625
0.0,3.74,35.67295833,139.7626875
0.0,3.78,35.67295833,139.7628125
0.0,3.78,35.67295833,139.7629375
0.0,3.84,35.67295833,139.7630625
0.0,3.92,35.67295833,139.7631875
0.0,3.8,35.67295833,139.7633125
0.0,3.65,35.67295833,139.7634375
0.0,3.46,35.67295833,139.7635625
0.0,3.36,35.67295833,139.7636875
0.0,3.42,35.67295833,139.7638125
0.0,3.44,35.67295833,139.7639375
0.0,3.42,35.67295833,139.7640625
0.0,3.56,35.67295833,139.7641875
0.0,3.58,35.67295833,139.7643125
0.0,3.55,35.67295833,139.7644375
0.0,3.39,35.67295833,139.7645625
0.0,3.42,35.67295833,139.7646875
0.0,3.4,35.67295833,139.7648125
0.0,3.48,35.67295833,139.7649375
0.0,3.62,35.67295833,139.7650625
0.0,3.68,35.67295833,139.7651875
0.0,3.75,35.67295833,139.7653125
0.0,3.77,35.67295833,139.7654375
0.0,3.84,35.67295833,139.7655625
0.0,3.78,35.67295833,139.7656875
0.0,3.76,35.67295833,139.7658125
0.0,3.77,35.67295833,139.7659375
0.0,3.76,35.67295833,139.7660625
0.0,3.69,35.67295833,139.7661875
0.0,3.71,35.67295833,139.7663125
0.0,3.61,35.67295833,139.7664375
0.0,3.5,35.67295833,139.7665625
0.0,3.57,35.67295833,139.7666875
0.0,3.53,35.67295833,139.7668125
0.0,3.42,35.67295833,139.7669375
0.0,3.55,35.67295833,139.7670625
0.0,3.39,35.67295833,139.7671875
0.0,3.33,35.67295833,139.7673125
0.0,3.42,35.67295833,139.7674375
0.0,3.48,35.67295833,139.7675625
0.0,3.56,35.67295833,139.7676875
0.0,3.61,35.67295833,139.7678125
0.0,3.6,35.67295833,139.7679375
0.0,3.53,35.67295833,139.7680625
0.0,3.44,35.67295833,139.7681875
0.0,3.08,35.67295833,139.7683125
0.0,3.05,35.67295833,139.7684375
0.0,3.13,35.67295833,139.7685625
0.0,2.98,35.67295833,139.7686875
0.0,3.06,35.67295833,139.7688125
0.0,3.02,35.67295833,139.7689375
0.0,2.87,35.67295833,139.7690625
0.0,2.85,35.67295833,139.7691875
0.0,2.69,35.67295833,139.7693125
0.0,2.63,35.67295833,139.7694375
0.0,2.59,35.67295833,139.7695625
0.0,2.52,35.67295833,139.7696875
0.0,2.26,35.67295833,139.7698125
0.0,2.18,35.67295833,139.7699375
0.0,2.4,35.67295833,139.7700625
0.0,2.27,35.67295833,139.7701875
0.0,2.19,35.67295833,139.7703125
0.0,2.36,35.67295833,139.7704375
0.0,2.46,35.67295833,139.7705625
0.0,2.4,35.67295833,139.7706875
0.0,2.37,35.67295833,139.7708125
0.0,2.24,35.67295833,139.7709375
0.0,2.24,35.67295833,139.7710625
0.0,2.49,35.67295833,139.7711875
0.0,2.64,35.67295833,139.7713125
0.0,2.55,35.67295833,139.7714375
0.0,2.67,35.67295833,139.7715625
0.0,2.72,35.67295833,139.7716875
0.0,2.88,35.67295833,139.7718125
0.0,2.9,35.67295833,139.7719375
0.0,2.76,35.67295833,139.7720625
0.0,2.78,35.67295833,139.7721875
4.347,-1.8,35.67295833,139.7723125
4.691,-2.12,35.67295833,139.7724375
3.551,-0.95,35.67295833,139.7725625
0.0,2.37,35.67295833,139.7726875
0.0,2.77,35.67295833,139.7728125
0.0,2.81,35.67295833,139.7729375
0.0,2.93,35.67295833,139.7730625
0.0,2.91,35.67295833,139.7731875
0.0,2.87,35.67295833,139.7733125
0.0,3.0,35.67295833,139.7734375
0.0,3.15,35.67295833,139.7735625
0.0,2.86,35.67295833,139.7736875
0.0,2.73,35.67295833,139.7738125
0.0,2.71,35.67295833,139.7739375
0.0,2.58,35.67295833,139.7740625
0.0,2.58,35.67295833,139.7741875
0.0,2.74,35.67295833,139.7743125
0.0,2.8,35.67295833,139.7744375
0.0,2.81,35.67295833,139.7745625
0.0,2.68,35.67295833,139.7746875
0.0,2.79,35.67295833,139.7748125
0.0,2.82,35.67295833,139.7749375
0.0,2.76,35.67295833,139.7750625
0.0,2.66,35.67295833,139.7751875
0.0,2.71,35.67295833,139.7753125
0.0,2.65,35.67295833,139.7754375
0.0,2.51,35.67295833,139.7755625
0.0,2.35,35.67295833,139.7756875
0.0,2.29,35.67295833,139.7758125
0.0,2.06,35.67295833,139.7759375
0.0,2.69,35.672875,139.7570625
0.0,2.36,35.672875,139.7571875
0.0,2.04,35.672875,139.7573125
0.0,2.16,35.672875,139.7574375
0.0,2.03,35.672875,139.7575625
0.0,2.08,35.672875,139.7576875
0.0,2.11,35.672875,139.7578125
0.0,2.23,35.672875,139.7579375
0.0,1.83,35.672875,139.7580625
0.0,1.79,35.672875,139.7581875
0.0,1.85,35.672875,139.7583125
0.0,1.94,35.672875,139.7584375
0.0,2.16,35.672875,139.7585625
0.0,2.18,35.672875,139.7586875
0.0,2.26,35.672875,139.7588125
0.0,2.23,35.672875,139.7589375
0.0,2.36,35.672875,139.7590625
0.0,2.42,35.672875,139.7591875
0.0,2.42,35.672875,139.7593125
0.0,2.26,35.672875,139.7594375
0.0,2.12,35.672875,139.7595625
0.0,2.23,35.672875,139.7596875
0.0,2.31,35.672875,139.7598125
0.0,2.37,35.672875,139.7599375
0.0,2.43,35.672875,139.7600625
0.0,2.35,35.672875,139.7601875
0.0,2.46,35.672875,139.7603125
0.0,2.52,35.672875,139.7604375
0.0,2.65,35.672875,139.7605625
0.0,2.92,35.672875,139.7606875
0.0,3.13,35.672875,139.7608125
0.0,3.31,35.672875,139.7609375
0.0,3.23,35.672875,139.7610625
0.0,3.31,35.672875,139.7611875
0.0,3.47,35.672875,139.7613125
0.0,3.5,35.672875,139.7614375
0.0,3.41,35.672875,139.7615625
0.0,3.38,35.672875,139.7616875
0.0,3.46,35.672875,139.7618125
0.0,3.5,35.672875,139.7619375
0.0,3.53,35.672875,139.7620625
0.0,3.74,35.672875,139.7621875
0.0,3.82,35.672875,139.7623125
0.0,3.59,35.672875,139.7624375
0.0,3.67,35.672875,139.7625625
0.0,3.81,35.672875,139.7626875
0.0,3.78,35.672875,139.7628125
0.0,3.73,35.672875,139.7629375
0.0,3.79,35.672875,139.7630625
0.0,3.74,35.672875,139.7631875
0.0,3.74,35.672875,139.7633125
0.0,3.52,35.672875,139.7634375
0.0,3.4,35.672875,139.7635625
0.0,3.47,35.672875,139.7636875
0.0,3.42,35.672875,139.7638125
0.0,3.44,35.672875,139.7639375
0.0,3.44,35.672875,139.7640625
0.0,3.57,35.672875,139.7641875
0.0,3.64,35.672875,139.7643125
0.0,3.63,35.672875,139.7644375
0.0,3.64,35.672875,139.7645625
0.0,3.43,35.672875,139.7646875
0.0,3.43,35.672875,139.7648125
0.0,3.56,35.672875,139.7649375
0.0,3.64,35.672875,139.7650625
0.0,3.73,35.672875,139.7651875
0.0,3.77,35.672875,139.7653125
0.0,3.76,35.672875,139.7654375
0.0,3.86,35.672875,139.7655625
0.0,3.83,35.672875,139.7656875
0.0,3.83,35.672875,139.7658125
0.0,3.8,35.672875,139.7659375
0.0,3.83,35.672875,139.7660625
0.0,3.73,35.672875,139.7661875
0.0,3.71,35.672875,139.7663125
0.0,3.7,35.672875,139.7664375
0.0,3.68,35.672875,139.7665625
0.0,3.53,35.672875,139.7666875
0.0,3.54,35.672875,139.7668125
0.0,3.56,35.672875,139.7669375
0.0,3.52,35.672875,139.7670625
0.0,3.49,35.672875,139.7671875
0.0,3.42,35.672875,139.7673125
0.0,3.48,35.672875,139.7674375
0.0,3.56,35.672875,139.7675625
0.0,3.61,35.672875,139.7676875
0.0,3.69,35.672875,139.7678125
0.0,3.62,35.672875,139.7679375
0.0,3.45,35.672875,139.7680625
0.0,3.19,35.672875,139.7681875
0.0,3.0,35.672875,139.7683125
0.0,3.03,35.672875,139.7684375
0.0,3.06,35.672875,139.7685625
0.0,2.99,35.672875,139.7686875
0.0,3.07,35.672875,139.7688125
0.0,3.02,35.672875,139.7689375
0.0,2.92,35.672875,139.7690625
0.0,2.76,35.672875,139.7691875
0.0,2.59,35.672875,139.7693125
0.0,2.66,35.672875,139.7694375
0.0,2.55,35.672875,139.7695625
0.0,2.38,35.672875,139.7696875
0.0,2.13,35.672875,139.7698125
0.0,2.3,35.672875,139.7699375
0.0,2.32,35.672875,139.7700625
0.0,2.17,35.672875,139.7701875
0.0,2.29,35.672875,139.7703125
0.0,2.54,35.672875,139.7704375
0.0,2.64,35.672875,139.7705625
0.0,2.48,35.672875,139.7706875
0.0,2.31,35.672875,139.7708125
0.0,2.29,35.672875,139.7709375
0.0,2.34,35.672875,139.7710625
0.0,2.16,35.672875,139.7711875
0.0,2.21,35.672875,139.7713125
0.0,2.34,35.672875,139.7714375
0.0,2.52,35.672875,139.7715625
0.0,2.64,35.672875,139.7716875
0.0,2.72,35.672875,139.7718125
0.0,2.86,35.672875,139.7719375
0.0,2.72,35.672875,139.7720625
0.0,2.19,35.672875,139.7721875
4.699,-2.15,35.672875,139.7723125
4.651,-2.09,35.672875,139.7724375
2.285,1.16,35.672875,139.7725625
0.0,2.7,35.672875,139.7726875
0.0,2.73,35.672875,139.7728125
0.0,2.75,35.672875,139.7729375
0.0,2.93,35.672875,139.7730625
0.0,2.84,35.672875,139.7731875
0.0,2.69,35.672875,139.7733125
0.0,2.7,35.672875,139.7734375
0.0,2.63,35.672875,139.7735625
0.0,2.58,35.672875,139.7736875
0.0,2.67,35.672875,139.7738125
0.0,2.71,35.672875,139.7739375
0.0,2.5,35.672875,139.7740625
0.0,2.51,35.672875,139.7741875
0.0,2.74,35.672875,139.7743125
0.0,2.82,35.672875,139.7744375
0.0,2.69,35.672875,139.7745625
0.0,2.6,35.672875,139.7746875
0.0,2.85,35.672875,139.7748125
0.0,2.92,35.672875,139.7749375
0.0,2.8,35.672875,139.7750625
0.0,2.71,35.672875,139.7751875
0.0,2.79,35.672875,139.7753125
0.0,2.62,35.672875,139.7754375
0.0,2.36,35.672875,139.7755625
0.0,2.31,35.672875,139.7756875
0.0,2.27,35.672875,139.7758125
0.0,2.25,35.672875,139.7759375
0.0,2.57,35.67279167,139.7570625
0.0,2.18,35.67279167,139.7571875
0.0,2.16,35.67279167,139.7573125
0.0,2.21,35.67279167,139.7574375
0.0,2.01,35.67279167,139.7575625
0.0,2.2,35.67279167,139.7576875
0.0,2.39,35.67279167,139.7578125
0.0,2.49,35.67279167,139.7579375
0.0,2.39,35.67279167,139.7580625
0.0,2.02,35.67279167,139.7581875
0.0,1.8,35.67279167,139.7583125
0.0,1.83,35.67279167,139.7584375
0.0,1.86,35.67279167,139.7585625
0.0,1.88,35.67279167,139.7586875
0.0,1.85,35.67279167,139.7588125
0.0,2.14,35.67279167,139.7589375
0.0,2.33,35.67279167,139.7590625
0.0,2.39,35.67279167,139.7591875
0.0,2.39,35.67279167,139.7593125
0.0,2.11,35.67279167,139.7594375
0.0,2.25,35.67279167,139.7595625
0.0,2.27,35.67279167,139.7596875
0.0,2.29,35.67279167,139.7598125
0.0,2.38,35.67279167,139.7599375
0.0,2.41,35.67279167,139.7600625
0.0,2.37,35.67279167,139.7601875
0.0,2.39,35.67279167,139.7603125
0.0,2.53,35.67279167,139.7604375
0.0,2.83,35.67279167,139.7605625
0.0,3.06,35.67279167,139.7606875
0.0,3.26,35.67279167,139.7608125
0.0,3.42,35.67279167,139.7609375
0.0,3.37,35.67279167,139.7610625
0.0,3.38,35.67279167,139.7611875
0.0,3.47,35.67279167,139.7613125
0.0,3.46,35.67279167,139.7614375
0.0,3.44,35.67279167,139.7615625
0.0,3.5,35.67279167,139.7616875
0.0,3.5,35.67279167,139.7618125
0.0,3.58,35.67279167,139.7619375
0.0,3.72,35.67279167,139.7620625
0.0,3.86,35.67279167,139.7621875
0.0,3.91,35.67279167,139.7623125
0.0,3.79,35.67279167,139.7624375
0.0,3.7,35.67279167,139.7625625
0.0,3.8,35.67279167,139.7626875
0.0,3.83,35.67279167,139.7628125
0.0,3.84,35.67279167,139.7629375
0.0,3.77,35.67279167,139.7630625
0.0,3.76,35.67279167,139.7631875
0.0,3.67,35.67279167,139.7633125
0.0,3.48,35.67279167,139.7634375
0.0,3.48,35.67279167,139.7635625
0.0,3.42,35.67279167,139.7636875
0.0,3.51,35.67279167,139.7638125
0.0,3.56,35.67279167,139.7639375
0.0,3.49,35.67279167,139.7640625
0.0,3.59,35.67279167,139.7641875
0.0,3.64,35.67279167,139.7643125
0.0,3.63,35.67279167,139.7644375
0.0,3.61,35.67279167,139.7645625
0.0,3.49,35.67279167,139.7646875
0.0,3.52,35.67279167,139.7648125
0.0,3.54,35.67279167,139.7649375
0.0,3.66,35.67279167,139.7650625
0.0,3.72,35.67279167,139.7651875
0.0,3.73,35.67279167,139.7653125
0.0,3.7,35.67279167,139.7654375
0.0,3.84,35.67279167,139.7655625
0.0,3.78,35.67279167,139.7656875
0.0,3.78,35.67279167,139.7658125
0.0,3.85,35.67279167,139.7659375
0.0,3.87,35.67279167,139.7660625
0.0,3.83,35.67279167,139.7661875
0.0,3.74,35.67279167,139.7663125
0.0,3.71,35.67279167,139.7664375
0.0,3.64,35.67279167,139.7665625
0.0,3.58,35.67279167,139.7666875
0.0,3.6,35.67279167,139.7668125
0.0,3.8,35.67279167,139.7669375
0.0,3.46,35.67279167,139.7670625
0.0,3.53,35.67279167,139.7671875
0.0,3.46,35.67279167,139.7673125
0.0,3.49,35.67279167,139.7674375
0.0,3.52,35.67279167,139.7675625
0.0,3.65,35.67279167,139.7676875
0.0,3.75,35.67279167,139.7678125
0.0,3.57,35.67279167,139.7679375
0.0,3.38,35.67279167,139.7680625
0.0,3.09,35.67279167,139.7681875
0.0,3.17,35.67279167,139.7683125
0.0,3.11,35.67279167,139.7684375
0.0,3.08,35.67279167,139.7685625
0.0,3.04,35.67279167,139.7686875
0.0,3.03,35.67279167,139.7688125
0.0,2.92,35.67279167,139.7689375
0.0,2.82,35.67279167,139.7690625
0.0,2.69,35.67279167,139.7691875
0.0,2.47,35.67279167,139.7693125
0.0,2.53,35.67279167,139.7694375
0.0,2.45,35.67279167,139.7695625
0.0,2.28,35.67279167,139.7696875
0.0,2.27,35.67279167,139.7698125
0.0,2.35,35.67279167,139.7699375
0.0,2.26,35.67279167,139.7700625
0.0,2.19,35.67279167,139.7701875
0.0,2.48,35.67279167,139.7703125
0.0,2.68,35.67279167,139.7704375
0.0,2.7,35.67279167,139.7705625
0.0,2.5,35.67279167,139.7706875
0.0,2.36,35.67279167,139.7708125
0.0,2.44,35.67279167,139.7709375
0.0,2.58,35.67279167,139.7710625
0.0,2.26,35.67279167,139.7711875
0.0,2.22,35.67279167,139.7713125
0.0,2.15,35.67279167,139.7714375
0.0,2.28,35.67279167,139.7715625
0.0,2.61,35.67279167,139.7716875
0.0,2.81,35.67279167,139.7718125
0.0,2.86,35.67279167,139.7719375
0.0,2.84,35.67279167,139.7720625
1.76,0.77,35.67279167,139.7721875
4.685,-2.15,35.67279167,139.7723125
4.627,-2.09,35.67279167,139.7724375
1.369,1.16,35.67279167,139.7725625
0.0,2.65,35.67279167,139.7726875
0.0,2.66,35.67279167,139.7728125
0.0,2.74,35.67279167,139.7729375
0.0,2.9,35.67279167,139.7730625
0.0,2.77,35.67279167,139.7731875
0.0,2.61,35.67279167,139.7733125
0.0,2.51,35.67279167,139.7734375
0.0,2.45,35.67279167,139.7735625
0.0,2.43,35.67279167,139.7736875
0.0,2.58,35.67279167,139.7738125
0.0,2.7,35.67279167,139.7739375
0.0,2.45,35.67279167,139.7740625
0.0,2.49,35.67279167,139.7741875
0.0,2.6,35.67279167,139.7743125
0.0,2.67,35.67279167,139.7744375
0.0,2.6,35.67279167,139.7745625
0.0,2.51,35.67279167,139.7746875
0.0,2.67,35.67279167,139.7748125
0.0,2.79,35.67279167,139.7749375
0.0,2.68,35.67279167,139.7750625
0.0,2.66,35.67279167,139.7751875
0.0,2.77,35.67279167,139.7753125
0.0,2.61,35.67279167,139.7754375
0.0,2.18,35.67279167,139.7755625
0.0,2.22,35.67279167,139.7756875
0.0,2.26,35.67279167,139.7758125
0.0,2.14,35.67279167,139.7759375
0.0,2.57,35.67270833,139.7570625
0.0,2.15,35.67270833,139.7571875
0.0,2.26,35.67270833,139.7573125
0.0,2.18,35.67270833,139.7574375
0.0,2.03,35.67270833,139.7575625
0.0,2.38,35.67270833,139.7576875
0.0,2.55,35.67270833,139.7578125
0.0,2.53,35.67270833,139.7579375
0.0,2.49,35.67270833,139.7580625
0.0,2.45,35.67270833,139.7581875
0.0,2.3,35.67270833,139.7583125
0.0,2.08,35.67270833,139.7584375
0.0,1.86,35.67270833,139.7585625
0.0,1.85,35.67270833,139.7586875
0.0,1.79,35.67270833,139.7588125
0.0,1.83,35.67270833,139.7589375
0.0,2.21,35.67270833,139.7590625
0.0,2.39,35.67270833,139.7591875
0.0,2.34,35.67270833,139.7593125
0.0,2.03,35.67270833,139.7594375
0.0,2.27,35.67270833,139.7595625
0.0,2.32,35.67270833,139.7596875
0.0,2.39,35.67270833,139.7598125
0.0,2.35,35.67270833,139.7599375
0.0,2.43,35.67270833,139.7600625
0.0,2.33,35.67270833,139.7601875
0.0,2.29,35.67270833,139.7603125
0.0,2.57,35.67270833,139.7604375
0.0,2.96,35.67270833,139.7605625
0.0,3.24,35.67270833,139.7606875
0.0,3.42,35.67270833,139.7608125
0.0,3.5,35.67270833,139.7609375
0.0,3.51,35.67270833,139.7610625
0.0,3.41,35.67270833,139.7611875
0.0,3.37,35.67270833,139.7613125
0.0,3.44,35.67270833,139.7614375
0.0,3.53,35.67270833,139.7615625
0.0,3.63,35.67270833,139.7616875
0.0,3.65,35.67270833,139.7618125
0.0,3.72,35.67270833,139.7619375
0.0,3.8,35.67270833,139.7620625
0.0,3.88,35.67270833,139.7621875
0.0,3.86,35.67270833,139.7623125
0.0,3.86,35.67270833,139.7624375
0.0,3.78,35.67270833,139.7625625
0.0,3.75,35.67270833,139.7626875
0.0,3.72,35.67270833,139.7628125
0.0,3.86,35.67270833,139.7629375
0.0,3.9,35.67270833,139.7630625
0.0,3.81,35.67270833,139.7631875
0.0,3.72,35.67270833,139.7633125
0.0,3.62,35.67270833,139.7634375
0.0,3.49,35.67270833,139.7635625
0.0,3.59,35.67270833,139.7636875
0.0,3.69,35.67270833,139.7638125
0.0,3.64,35.67270833,139.7639375
0.0,3.56,35.67270833,139.7640625
0.0,3.56,35.67270833,139.7641875
0.0,3.61,35.67270833,139.7643125
0.0,3.62,35.67270833,139.7644375
0.0,3.51,35.67270833,139.7645625
0.0,3.7,35.67270833,139.7646875
0.0,3.71,35.67270833,139.7648125
0.0,3.59,35.67270833,139.7649375
0.0,3.52,35.67270833,139.7650625
0.0,3.63,35.67270833,139.7651875
0.0,3.57,35.67270833,139.7653125
0.0,3.66,35.67270833,139.7654375
0.0,3.82,35.67270833,139.7655625
0.0,3.78,35.67270833,139.7656875
0.0,3.73,35.67270833,139.7658125
0.0,3.86,35.67270833,139.7659375
0.0,3.87,35.67270833,139.7660625
0.0,3.86,35.67270833,139.7661875
0.0,3.76,35.67270833,139.7663125
0.0,3.68,35.67270833,139.7664375
0.0,3.61,35.67270833,139.7665625
0.0,3.67,35.67270833,139.7666875
0.0,3.88,35.67270833,139.7668125
0.0,3.87,35.67270833,139.7669375
0.0,3.73,35.67270833,139.7670625
0.0,3.39,35.67270833,139.7671875
0.0,3.39,35.67270833,139.7673125
0.0,3.48,35.67270833,139.7674375
0.0,3.52,35.67270833,139.7675625
0.0,3.56,35.67270833,139.7676875
0.0,3.63,35.67270833,139.7678125
0.0,3.45,35.67270833,139.7679375
0.0,3.19,35.67270833,139.7680625
0.0,3.02,35.67270833,139.7681875
0.0,3.17,35.67270833,139.7683125
0.0,3.05,35.67270833,139.7684375
0.0,3.14,35.67270833,139.7685625
0.0,3.11,35.67270833,139.7686875
0.0,3.04,35.67270833,139.7688125
0.0,2.83,35.67270833,139.7689375
0.0,2.73,35.67270833,139.7690625
0.0,2.78,35.67270833,139.7691875
0.0,2.54,35.67270833,139.7693125
0.0,2.34,35.67270833,139.7694375
0.0,2.31,35.67270833,139.7695625
0.0,2.23,35.67270833,139.7696875
0.0,2.35,35.67270833,139.7698125
0.0,2.31,35.67270833,139.7699375
0.0,2.18,35.67270833,139.7700625
0.0,2.41,35.67270833,139.7701875
0.0,2.66,35.67270833,139.7703125
0.0,2.79,35.67270833,139.7704375
0.0,2.7,35.67270833,139.7705625
0.0,2.49,35.67270833,139.7706875
0.0,2.41,35.67270833,139.7708125
0.0,2.45,35.67270833,139.7709375
0.0,2.46,35.67270833,139.7710625
0.0,2.36,35.67270833,139.7711875
0.0,2.35,35.67270833,139.7713125
0.0,2.23,35.67270833,139.7714375
0.0,2.2,35.67270833,139.7715625
0.0,2.36,35.67270833,139.7716875
0.0,2.7,35.67270833,139.7718125
0.0,2.9,35.67270833,139.7719375
0.0,2.9,35.67270833,139.7720625
2.928,-0.39,35.67270833,139.7721875
4.669,-2.14,35.67270833,139.7723125
4.33,-1.8,35.67270833,139.7724375
0.0,1.89,35.67270833,139.7725625
0.0,2.62,35.67270833,139.7726875
0.0,2.63,35.67270833,139.7728125
0.0,2.7,35.67270833,139.7729375
0.0,2.78,35.67270833,139.7730625
0.0,2.65,35.67270833,139.7731875
0.0,2.66,35.67270833,139.7733125
0.0,2.57,35.67270833,139.7734375
0.0,2.42,35.67270833,139.7735625
0.0,2.43,35.67270833,139.7736875
0.0,2.49,35.67270833,139.7738125
0.0,2.49,35.67270833,139.7739375
0.0,2.46,35.67270833,139.7740625
0.0,2.56,35.67270833,139.7741875
0.0,2.56,35.67270833,139.7743125
0.0,2.6,35.67270833,139.7744375
0.0,2.47,35.67270833,139.7745625
0.0,2.44,35.67270833,139.7746875
0.0,2.46,35.67270833,139.7748125
0.0,2.5,35.67270833,139.7749375
0.0,2.58,35.67270833,139.7750625
0.0,2.52,35.67270833,139.7751875
0.0,2.48,35.67270833,139.7753125
0.0,2.28,35.67270833,139.7754375
0.0,2.1,35.67270833,139.7755625
0.0,2.24,35.67270833,139.7756875
0.0,2.28,35.67270833,139.7758125
0.0,2.07,35.67270833,139.7759375
0.0,2.28,35.672625,139.7570625
0.0,2.2,35.672625,139.7571875
0.0,2.35,35.672625,139.7573125
0.0,2.14,35.672625,139.7574375
0.0,2.28,35.672625,139.7575625
0.0,2.51,35.672625,139.7576875
0.0,2.57,35.672625,139.7578125
0.0,2.54,35.672625,139.7579375
0.0,2.5,35.672625,139.7580625
0.0,2.48,35.672625,139.7581875
0.0,2.43,35.672625,139.7583125
0.0,2.42,35.672625,139.7584375
0.0,2.27,35.672625,139.7585625
0.0,2.04,35.672625,139.7586875
0.0,1.94,35.672625,139.7588125
0.0,1.86,35.672625,139.7589375
0.0,1.96,35.672625,139.7590625
0.0,2.13,35.672625,139.7591875
0.0,2.17,35.672625,139.7593125
0.0,2.12,35.672625,139.7594375
0.0,2.26,35.672625,139.7595625
0.0,2.24,35.672625,139.7596875
0.0,2.29,35.672625,139.7598125
0.0,2.34,35.672625,139.7599375
0.0,2.32,35.672625,139.7600625
0.0,2.26,35.672625,139.7601875
0.0,2.33,35.672625,139.7603125
0.0,2.73,35.672625,139.7604375
0.0,3.07,35.672625,139.7605625
0.0,3.41,35.672625,139.7606875
0.0,3.62,35.672625,139.7608125
0.0,3.59,35.672625,139.7609375
0.0,3.59,35.672625,139.7610625
0.0,3.55,35.672625,139.7611875
0.0,3.61,35.672625,139.7613125
0.0,3.6,35.672625,139.7614375
0.0,3.6,35.672625,139.7615625
0.0,3.58,35.672625,139.7616875
0.0,3.67,35.672625,139.7618125
0.0,3.83,35.672625,139.7619375
0.0,4.04,35.672625,139.7620625
0.0,3.94,35.672625,139.7621875
0.0,4.13,35.672625,139.7623125
0.0,3.89,35.672625,139.7624375
0.0,3.75,35.672625,139.7625625
0.0,3.76,35.672625,139.7626875
0.0,3.75,35.672625,139.7628125
0.0,3.76,35.672625,139.7629375
0.0,3.88,35.672625,139.7630625
0.0,3.9,35.672625,139.7631875
0.0,3.87,35.672625,139.7633125
0.0,3.67,35.672625,139.7634375
0.0,3.59,35.672625,139.7635625
0.0,3.75,35.672625,139.7636875
0.0,3.69,35.672625,139.7638125
0.0,3.67,35.672625,139.7639375
0.0,3.65,35.672625,139.7640625
0.0,3.59,35.672625,139.7641875
0.0,3.56,35.672625,139.7643125
0.0,3.56,35.672625,139.7644375
0.0,3.63,35.672625,139.7645625
0.0,3.83,35.672625,139.7646875
0.0,3.78,35.672625,139.7648125
0.0,3.69,35.672625,139.7649375
0.0,3.54,35.672625,139.7650625
0.0,3.52,35.672625,139.7651875
0.0,3.61,35.672625,139.7653125
0.0,3.62,35.672625,139.7654375
0.0,3.7,35.672625,139.7655625
0.0,3.77,35.672625,139.7656875
0.0,3.74,35.672625,139.7658125
0.0,3.83,35.672625,139.7659375
0.0,3.89,35.672625,139.7660625
0.0,3.84,35.672625,139.7661875
0.0,3.8,35.672625,139.7663125
0.0,3.58,35.672625,139.7664375
0.0,3.63,35.672625,139.7665625
0.0,3.82,35.672625,139.7666875
0.0,3.91,35.672625,139.7668125
0.0,3.92,35.672625,139.7669375
0.0,3.91,35.672625,139.7670625
0.0,3.65,35.672625,139.7671875
0.0,3.37,35.672625,139.7673125
0.0,3.39,35.672625,139.7674375
0.0,3.46,35.672625,139.7675625
0.0,3.46,35.672625,139.7676875
0.0,3.5,35.672625,139.7678125
0.0,3.34,35.672625,139.7679375
0.0,3.05,35.672625,139.7680625
0.0,3.07,35.672625,139.7681875
0.0,3.09,35.672625,139.7683125
0.0,3.03,35.672625,139.7684375
0.0,3.12,35.672625,139.7685625
0.0,3.08,35.672625,139.7686875
0.0,2.93,35.672625,139.7688125
0.0,2.79,35.672625,139.7689375
0.0,2.74,35.672625,139.7690625
0.0,2.73,35.672625,139.7691875
0.0,2.46,35.672625,139.7693125
0.0,2.39,35.672625,139.7694375
0.0,2.26,35.672625,139.7695625
0.0,2.21,35.672625,139.7696875
0.0,2.25,35.672625,139.7698125
0.0,2.26,35.672625,139.7699375
0.0,2.31,35.672625,139.7700625
0.0,2.57,35.672625,139.7701875
0.0,2.79,35.672625,139.7703125
0.0,2.86,35.672625,139.7704375
0.0,2.61,35.672625,139.7705625
0.0,2.47,35.672625,139.7706875
0.0,2.64,35.672625,139.7708125
0.0,2.62,35.672625,139.7709375
0.0,2.53,35.672625,139.7710625
0.0,2.52,35.672625,139.7711875
0.0,2.6,35.672625,139.7713125
0.0,2.43,35.672625,139.7714375
0.0,2.33,35.672625,139.7715625
0.0,2.48,35.672625,139.7716875
0.0,2.62,35.672625,139.7718125
0.0,3.06,35.672625,139.7719375
0.0,2.9,35.672625,139.7720625
3.586,-1.06,35.672625,139.7721875
4.644,-2.1,35.672625,139.7723125
3.989,-1.46,35.672625,139.7724375
0.0,2.36,35.672625,139.7725625
0.0,2.62,35.672625,139.7726875
0.0,2.65,35.672625,139.7728125
0.0,2.82,35.672625,139.7729375
0.0,2.74,35.672625,139.7730625
0.0,2.61,35.672625,139.7731875
0.0,2.65,35.672625,139.7733125
0.0,2.61,35.672625,139.7734375
0.0,2.42,35.672625,139.7735625
0.0,2.45,35.672625,139.7736875
0.0,2.61,35.672625,139.7738125
0.0,2.42,35.672625,139.7739375
0.0,2.41,35.672625,139.7740625
0.0,2.49,35.672625,139.7741875
0.0,2.49,35.672625,139.7743125
0.0,2.5,35.672625,139.7744375
0.0,2.36,35.672625,139.7745625
0.0,2.4,35.672625,139.7746875
0.0,2.5,35.672625,139.7748125
0.0,2.54,35.672625,139.7749375
0.0,2.46,35.672625,139.7750625
0.0,2.4,35.672625,139.7751875
0.0,2.42,35.672625,139.7753125
0.0,2.19,35.672625,139.7754375
0.0,2.06,35.672625,139.7755625
0.0,2.13,35.672625,139.7756875
0.0,2.28,35.672625,139.7758125
0.0,1.96,35.672625,139.7759375
0.0,2.25,35.67254167,139.7570625
0.0,2.29,35.67254167,139.7571875
0.0,2.3,35.67254167,139.7573125
0.0,2.19,35.67254167,139.7574375
0.0,2.4,35.67254167,139.7575625
0.0,2.53,35.67254167,139.7576875
0.0,2.55,35.67254167,139.7578125
0.0,2.53,35.67254167,139.7579375
0.0,2.51,35.67254167,139.7580625
0.0,2.49,35.67254167,139.7581875
0.0,2.45,35.67254167,139.7583125
0.0,2.44,35.67254167,139.7584375
0.0,2.44,35.67254167,139.7585625
0.0,2.42,35.67254167,139.7586875
0.0,2.26,35.67254167,139.7588125
0.0,2.03,35.67254167,139.7589375
0.0,1.97,35.67254167,139.7590625
0.0,1.92,35.67254167,139.7591875
0.0,1.92,35.67254167,139.7593125
0.0,2.14,35.67254167,139.7594375
0.0,2.28,35.67254167,139.7595625
0.0,2.25,35.67254167,139.7596875
0.0,2.23,35.67254167,139.7598125
0.0,2.15,35.67254167,139.7599375
0.0,2.1,35.67254167,139.7600625
0.0,2.09,35.67254167,139.7601875
0.0,2.44,35.67254167,139.7603125
0.0,2.82,35.67254167,139.7604375
0.0,3.2,35.67254167,139.7605625
0.0,3.57,35.67254167,139.7606875
0.0,3.72,35.67254167,139.7608125
0.0,3.73,35.67254167,139.7609375
0.0,3.72,35.67254167,139.7610625
0.0,3.7,35.67254167,139.7611875
0.0,3.62,35.67254167,139.7613125
0.0,3.68,35.67254167,139.7614375
0.0,3.79,35.67254167,139.7615625
0.0,3.92,35.67254167,139.7616875
0.0,4.04,35.67254167,139.7618125
0.0,3.88,35.67254167,139.7619375
0.0,4.03,35.67254167,139.7620625
0.0,3.88,35.67254167,139.7621875
0.0,4.06,35.67254167,139.7623125
0.0,3.84,35.67254167,139.7624375
0.0,3.77,35.67254167,139.7625625
0.0,3.91,35.67254167,139.7626875
0.0,3.88,35.67254167,139.7628125
0.0,3.82,35.67254167,139.7629375
0.0,3.83,35.67254167,139.7630625
0.0,3.95,35.67254167,139.7631875
0.0,3.89,35.67254167,139.7633125
0.0,3.74,35.67254167,139.7634375
0.0,3.71,35.67254167,139.7635625
0.0,3.73,35.67254167,139.7636875
0.0,3.71,35.67254167,139.7638125
0.0,3.69,35.67254167,139.7639375
0.0,3.69,35.67254167,139.7640625
0.0,3.64,35.67254167,139.7641875
0.0,3.53,35.67254167,139.7643125
0.0,3.58,35.67254167,139.7644375
0.0,3.82,35.67254167,139.7645625
0.0,3.93,35.67254167,139.7646875
0.0,3.85,35.67254167,139.7648125
0.0,3.77,35.67254167,139.7649375
0.0,3.69,35.67254167,139.7650625
0.0,3.56,35.67254167,139.7651875
0.0,3.62,35.67254167,139.7653125
0.0,3.67,35.67254167,139.7654375
0.0,3.59,35.67254167,139.7655625
0.0,3.7,35.67254167,139.7656875
0.0,3.78,35.67254167,139.7658125
0.0,3.81,35.67254167,139.7659375
0.0,3.78,35.67254167,139.7660625
0.0,3.85,35.67254167,139.7661875
0.0,3.62,35.67254167,139.7663125
0.0,3.64,35.67254167,139.7664375
0.0,3.75,35.67254167,139.7665625
0.0,3.88,35.67254167,139.7666875
0.0,3.91,35.67254167,139.7668125
0.0,3.91,35.67254167,139.7669375
0.0,3.93,35.67254167,139.7670625
0.0,3.61,35.67254167,139.7671875
0.0,3.48,35.67254167,139.7673125
0.0,3.38,35.67254167,139.7674375
0.0,3.41,35.67254167,139.7675625
0.0,3.32,35.67254167,139.7676875
0.0,3.39,35.67254167,139.7678125
0.0,3.16,35.67254167,139.7679375
0.0,3.04,35.67254167,139.7680625
0.0,3.09,35.67254167,139.7681875
0.0,3.07,35.67254167,139.7683125
0.0,3.01,35.67254167,139.7684375
0.0,2.92,35.67254167,139.7685625
0.0,2.96,35.67254167,139.7686875
0.0,2.84,35.67254167,139.7688125
0.0,2.76,35.67254167,139.7689375
0.0,2.75,35.67254167,139.7690625
0.0,2.6,35.67254167,139.7691875
0.0,2.52,35.67254167,139.7693125
0.0,2.35,35.67254167,139.7694375
0.0,2.18,35.67254167,139.7695625
0.0,1.79,35.67254167,139.7696875
0.0,2.16,35.67254167,139.7698125
0.0,2.25,35.67254167,139.7699375
0.0,2.48,35.67254167,139.7700625
0.0,2.69,35.67254167,139.7701875
0.0,2.88,35.67254167,139.7703125
0.0,2.79,35.67254167,139.7704375
0.0,2.54,35.67254167,139.7705625
0.0,2.58,35.67254167,139.7706875
0.0,2.68,35.67254167,139.7708125
0.0,2.64,35.67254167,139.7709375
0.0,2.58,35.67254167,139.7710625
0.0,2.68,35.67254167,139.7711875
0.0,2.69,35.67254167,139.7713125
0.0,2.67,35.67254167,139.7714375
0.0,2.73,35.67254167,139.7715625
0.0,2.66,35.67254167,139.7716875
0.0,2.7,35.67254167,139.7718125
0.0,3.11,35.67254167,139.7719375
0.0,2.8,35.67254167,139.7720625
4.495,-1.97,35.67254167,139.7721875
4.653,-2.13,35.67254167,139.7723125
3.122,-0.58,35.67254167,139.7724375
0.0,2.68,35.67254167,139.7725625
0.0,2.77,35.67254167,139.7726875
0.0,2.7,35.67254167,139.7728125
0.0,2.83,35.67254167,139.7729375
0.0,2.72,35.67254167,139.7730625
0.0,2.61,35.67254167,139.7731875
0.0,2.73,35.67254167,139.7733125
0.0,2.54,35.67254167,139.7734375
0.0,2.37,35.67254167,139.7735625
0.0,2.49,35.67254167,139.7736875
0.0,2.57,35.67254167,139.7738125
0.0,2.39,35.67254167,139.7739375
0.0,2.42,35.67254167,139.7740625
0.0,2.45,35.67254167,139.7741875
0.0,2.48,35.67254167,139.7743125
0.0,2.42,35.67254167,139.7744375
0.0,2.3,35.67254167,139.7745625
0.0,2.45,35.67254167,139.7746875
0.0,2.51,35.67254167,139.7748125
0.0,2.45,35.67254167,139.7749375
0.0,2.45,35.67254167,139.7750625
0.0,2.45,35.67254167,139.7751875
0.0,2.33,35.67254167,139.7753125
0.0,2.11,35.67254167,139.7754375
0.0,2.09,35.67254167,139.7755625
0.0,2.14,35.67254167,139.7756875
0.0,2.09,35.67254167,139.7758125
0.0,1.99,35.67254167,139.7759375
0.0,2.23,35.67245833,139.7570625
0.0,2.44,35.67245833,139.7571875
0.0,2.3,35.67245833,139.7573125
0.0,2.28,35.67245833,139.7574375
0.0,2.45,35.67245833,139.7575625
0.0,2.51,35.67245833,139.7576875
0.0,2.54,35.67245833,139.7578125
0.0,2.54,35.67245833,139.7579375
0.0,2.52,35.67245833,139.7580625
0.0,2.51,35.67245833,139.7581875
0.0,2.49,35.67245833,139.7583125
0.0,2.46,35.67245833,139.7584375
0.0,2.47,35.67245833,139.7585625
0.0,2.46,35.67245833,139.7586875
0.0,2.45,35.67245833,139.7588125
0.0,2.38,35.67245833,139.7589375
0.0,2.22,35.67245833,139.7590625
0.0,2.0,35.67245833,139.7591875
0.0,2.0,35.67245833,139.7593125
0.0,1.92,35.67245833,139.7594375
0.0,2.1,35.67245833,139.7595625
0.0,2.15,35.67245833,139.7596875
0.0,2.18,35.67245833,139.7598125
0.0,2.11,35.67245833,139.7599375
0.0,2.1,35.67245833,139.7600625
0.0,2.15,35.67245833,139.7601875
0.0,2.56,35.67245833,139.7603125
0.0,2.92,35.67245833,139.7604375
0.0,3.3,35.67245833,139.7605625
0.0,3.6,35.67245833,139.7606875
0.0,3.69,35.67245833,139.7608125
0.0,3.8,35.67245833,139.7609375
0.0,3.72,35.67245833,139.7610625
0.0,3.98,35.67245833,139.7611875
0.0,4.02,35.67245833,139.7613125
0.0,4.16,35.67245833,139.7614375
0.0,4.15,35.67245833,139.7615625
0.0,3.97,35.67245833,139.7616875
0.0,3.98,35.67245833,139.7618125
0.0,3.79,35.67245833,139.7619375
0.0,3.8,35.67245833,139.7620625
0.0,3.91,35.67245833,139.7621875
0.0,3.88,35.67245833,139.7623125
0.0,3.79,35.67245833,139.7624375
0.0,3.9,35.67245833,139.7625625
0.0,3.91,35.67245833,139.7626875
0.0,3.83,35.67245833,139.7628125
0.0,3.76,35.67245833,139.7629375
0.0,3.8,35.67245833,139.7630625
0.0,3.9,35.67245833,139.7631875
0.0,3.89,35.67245833,139.7633125
0.0,3.86,35.67245833,139.7634375
0.0,3.76,35.67245833,139.7635625
0.0,3.8,35.67245833,139.7636875
0.0,3.75,35.67245833,139.7638125
0.0,3.72,35.67245833,139.7639375
0.0,3.71,35.67245833,139.7640625
0.0,3.69,35.67245833,139.7641875
0.0,3.54,35.67245833,139.7643125
0.0,3.74,35.67245833,139.7644375
0.0,3.93,35.67245833,139.7645625
0.0,3.97,35.67245833,139.7646875
0.0,3.95,35.67245833,139.7648125
0.0,3.85,35.67245833,139.7649375
0.0,3.83,35.67245833,139.7650625
0.0,3.78,35.67245833,139.7651875
0.0,3.61,35.67245833,139.7653125
0.0,3.64,35.67245833,139.7654375
0.0,3.64,35.67245833,139.7655625
0.0,3.69,35.67245833,139.7656875
0.0,3.76,35.67245833,139.7658125
0.0,3.79,35.67245833,139.7659375
0.0,3.76,35.67245833,139.7660625
0.0,3.65,35.67245833,139.7661875
0.0,3.6,35.67245833,139.7663125
0.0,3.67,35.67245833,139.7664375
0.0,3.88,35.67245833,139.7665625
0.0,3.88,35.67245833,139.7666875
0.0,3.9,35.67245833,139.7668125
0.0,3.89,35.67245833,139.7669375
0.0,3.9,35.67245833,139.7670625
0.0,3.59,35.67245833,139.7671875
0.0,3.7,35.67245833,139.7673125
0.0,3.61,35.67245833,139.7674375
0.0,3.3,35.67245833,139.7675625
0.0,3.35,35.67245833,139.7676875
0.0,3.29,35.67245833,139.7678125
0.0,3.14,35.67245833,139.7679375
0.0,3.17,35.67245833,139.7680625
0.0,3.09,35.67245833,139.7681875
0.0,3.08,35.67245833,139.7683125
0.0,2.96,35.67245833,139.7684375
0.0,2.9,35.67245833,139.7685625
0.0,2.88,35.67245833,139.7686875
0.0,2.82,35.67245833,139.7688125
0.0,2.81,35.67245833,139.7689375
0.0,2.82,35.67245833,139.7690625
0.0,2.65,35.67245833,139.7691875
0.0,2.39,35.67245833,139.7693125
0.0,2.14,35.67245833,139.7694375
0.0,1.27,35.67245833,139.7695625
0.0,1.46,35.67245833,139.7696875
0.0,2.26,35.67245833,139.7698125
0.0,2.36,35.67245833,139.7699375
0.0,2.62,35.67245833,139.7700625
0.0,2.77,35.67245833,139.7701875
0.0,2.86,35.67245833,139.7703125
0.0,2.68,35.67245833,139.7704375
0.0,2.61,35.67245833,139.7705625
0.0,2.75,35.67245833,139.7706875
0.0,2.79,35.67245833,139.7708125
0.0,2.67,35.67245833,139.7709375
0.0,2.7,35.67245833,139.7710625
0.0,2.8,35.67245833,139.7711875
0.0,2.8,35.67245833,139.7713125
0.0,2.71,35.67245833,139.7714375
0.0,2.72,35.67245833,139.7715625
0.0,2.81,35.67245833,139.7716875
0.0,2.76,35.67245833,139.7718125
0.0,3.19,35.67245833,139.7719375
0.907,1.62,35.67245833,139.7720625
4.655,-2.13,35.67245833,139.7721875
4.602,-2.08,35.67245833,139.7723125
1.876,0.65,35.67245833,139.7724375
0.0,3.05,35.67245833,139.7725625
0.0,2.77,35.67245833,139.7726875
0.0,2.72,35.67245833,139.7728125
0.0,2.84,35.67245833,139.7729375
0.0,2.59,35.67245833,139.7730625
0.0,2.6,35.67245833,139.7731875
0.0,2.71,35.67245833,139.7733125
0.0,2.52,35.67245833,139.7734375
0.0,2.38,35.67245833,139.7735625
0.0,2.42,35.67245833,139.7736875
0.0,2.44,35.67245833,139.7738125
0.0,2.36,35.67245833,139.7739375
0.0,2.47,35.67245833,139.7740625
0.0,2.4,35.67245833,139.7741875
0.0,2.32,35.67245833,139.7743125
0.0,2.29,35.67245833,139.7744375
0.0,2.25,35.67245833,139.7745625
0.0,2.45,35.67245833,139.7746875
0.0,2.39,35.67245833,139.7748125
0.0,2.3,35.67245833,139.7749375
0.0,2.4,35.67245833,139.7750625
0.0,2.46,35.67245833,139.7751875
0.0,2.32,35.67245833,139.7753125
0.0,2.11,35.67245833,139.7754375
0.0,2.14,35.67245833,139.7755625
0.0,2.12,35.67245833,139.7756875
0.0,1.94,35.67245833,139.7758125
0.0,1.97,35.67245833,139.7759375
0.0,2.35,35.672375,139.7570625
0.0,2.44,35.672375,139.7571875
0.0,2.29,35.672375,139.7573125
0.0,2.35,35.672375,139.7574375
0.0,2.46,35.672375,139.7575625
0.0,2.51,35.672375,139.7576875
0.0,2.54,35.672375,139.7578125
0.0,2.55,35.672375,139.7579375
0.0,2.53,35.672375,139.7580625
0.0,2.53,35.672375,139.7581875
0.0,2.5,35.672375,139.7583125
0.0,2.49,35.672375,139.7584375
0.0,2.48,35.672375,139.7585625
0.0,2.47,35.672375,139.7586875
0.0,2.48,35.672375,139.7588125
0.0,2.45,35.672375,139.7589375
0.0,2.34,35.672375,139.7590625
0.0,2.12,35.672375,139.7591875
0.0,2.03,35.672375,139.7593125
0.0,2.01,35.672375,139.7594375
0.0,1.97,35.672375,139.7595625
0.0,1.97,35.672375,139.7596875
0.0,2.07,35.672375,139.7598125
0.0,2.13,35.672375,139.7599375
0.0,2.13,35.672375,139.7600625
0.0,2.28,35.672375,139.7601875
0.0,2.62,35.672375,139.7603125
0.0,2.97,35.672375,139.7604375
0.0,3.35,35.672375,139.7605625
0.0,3.58,35.672375,139.7606875
0.0,3.7,35.672375,139.7608125
0.0,3.79,35.672375,139.7609375
0.0,3.94,35.672375,139.7610625
0.0,4.23,35.672375,139.7611875
0.0,4.22,35.672375,139.7613125
0.0,4.04,35.672375,139.7614375
0.0,3.82,35.672375,139.7615625
0.0,3.74,35.672375,139.7616875
0.0,3.84,35.672375,139.7618125
0.0,3.79,35.672375,139.7619375
0.0,4.01,35.672375,139.7620625
0.0,4.2,35.672375,139.7621875
0.0,3.81,35.672375,139.7623125
0.0,3.75,35.672375,139.7624375
0.0,3.93,35.672375,139.7625625
0.0,3.95,35.672375,139.7626875
0.0,3.84,35.672375,139.7628125
0.0,3.74,35.672375,139.7629375
0.0,3.79,35.672375,139.7630625
0.0,3.79,35.672375,139.7631875
0.0,3.78,35.672375,139.7633125
0.0,3.88,35.672375,139.7634375
0.0,3.82,35.672375,139.7635625
0.0,3.67,35.672375,139.7636875
0.0,3.83,35.672375,139.7638125
0.0,3.74,35.672375,139.7639375
0.0,3.76,35.672375,139.7640625
0.0,3.6,35.672375,139.7641875
0.0,3.71,35.672375,139.7643125
0.0,3.95,35.672375,139.7644375
0.0,4.03,35.672375,139.7645625
0.0,4.05,35.672375,139.7646875
0.0,4.02,35.672375,139.7648125
0.0,3.92,35.672375,139.7649375
0.0,3.99,35.672375,139.7650625
0.0,4.04,35.672375,139.7651875
0.0,3.9,35.672375,139.7653125
0.0,3.6,35.672375,139.7654375
0.0,3.6,35.672375,139.7655625
0.0,3.63,35.672375,139.7656875
0.0,3.73,35.672375,139.7658125
0.0,3.76,35.672375,139.7659375
0.0,3.72,35.672375,139.7660625
0.0,3.6,35.672375,139.7661875
0.0,3.65,35.672375,139.7663125
0.0,3.84,35.672375,139.7664375
0.0,3.92,35.672375,139.7665625
0.0,3.88,35.672375,139.7666875
0.0,3.86,35.672375,139.7668125
0.0,3.89,35.672375,139.7669375
0.0,3.75,35.672375,139.7670625
0.0,3.72,35.672375,139.7671875
0.0,3.9,35.672375,139.7673125
0.0,3.84,35.672375,139.7674375
0.0,3.45,35.672375,139.7675625
0.0,3.25,35.672375,139.7676875
0.0,3.23,35.672375,139.7678125
0.0,3.26,35.672375,139.7679375
0.0,3.19,35.672375,139.7680625
0.0,3.07,35.672375,139.7681875
0.0,3.04,35.672375,139.7683125
0.0,2.97,35.672375,139.7684375
0.0,2.91,35.672375,139.7685625
0.0,2.88,35.672375,139.7686875
0.0,2.85,35.672375,139.7688125
0.0,2.79,35.672375,139.7689375
0.0,2.77,35.672375,139.7690625
0.0,2.52,35.672375,139.7691875
0.0,2.24,35.672375,139.7693125
0.0,1.91,35.672375,139.7694375
0.0,0.37,35.672375,139.7695625
0.0,1.92,35.672375,139.7696875
0.0,2.27,35.672375,139.7698125
0.0,2.37,35.672375,139.7699375
0.0,2.56,35.672375,139.7700625
0.0,2.74,35.672375,139.7701875
0.0,2.74,35.672375,139.7703125
0.0,2.63,35.672375,139.7704375
0.0,2.72,35.672375,139.7705625
0.0,2.88,35.672375,139.7706875
0.0,2.8,35.672375,139.7708125
0.0,2.71,35.672375,139.7709375
0.0,2.74,35.672375,139.7710625
0.0,2.73,35.672375,139.7711875
0.0,2.85,35.672375,139.7713125
0.0,2.78,35.672375,139.7714375
0.0,2.68,35.672375,139.7715625
0.0,2.77,35.672375,139.7716875
0.0,2.79,35.672375,139.7718125
0.0,3.05,35.672375,139.7719375
2.344,0.18,35.672375,139.7720625
4.595,-2.07,35.672375,139.7721875
4.576,-2.05,35.672375,139.7723125
0.0,1.87,35.672375,139.7724375
0.0,3.25,35.672375,139.7725625
0.0,2.7,35.672375,139.7726875
0.0,2.71,35.672375,139.7728125
0.0,2.83,35.672375,139.7729375
0.0,2.56,35.672375,139.7730625
0.0,2.64,35.672375,139.7731875
0.0,2.58,35.672375,139.7733125
0.0,2.39,35.672375,139.7734375
0.0,2.4,35.672375,139.7735625
0.0,2.45,35.672375,139.7736875
0.0,2.35,35.672375,139.7738125
0.0,2.29,35.672375,139.7739375
0.0,2.51,35.672375,139.7740625
0.0,2.54,35.672375,139.7741875
0.0,2.34,35.672375,139.7743125
0.0,2.19,35.672375,139.7744375
0.0,2.12,35.672375,139.7745625
0.0,2.17,35.672375,139.7746875
0.0,2.18,35.672375,139.7748125
0.0,2.2,35.672375,139.7749375
0.0,2.39,35.672375,139.7750625
0.0,2.43,35.672375,139.7751875
0.0,2.21,35.672375,139.7753125
0.0,2.1,35.672375,139.7754375
0.0,2.29,35.672375,139.7755625
0.0,2.12,35.672375,139.7756875
0.0,1.8,35.672375,139.7758125
0.0,1.96,35.672375,139.7759375
0.0,2.55,35.67229167,139.7570625
0.0,2.4,35.67229167,139.7571875
0.0,2.26,35.67229167,139.7573125
0.0,2.37,35.67229167,139.7574375
0.0,2.5,35.67229167,139.7575625
0.0,2.53,35.67229167,139.7576875
0.0,2.54,35.67229167,139.7578125
0.0,2.56,35.67229167,139.7579375
0.0,2.54,35.67229167,139.7580625
0.0,2.56,35.67229167,139.7581875
0.0,2.52,35.67229167,139.7583125
0.0,2.49,35.67229167,139.7584375
0.0,2.49,35.67229167,139.7585625
0.0,2.49,35.67229167,139.7586875
0.0,2.51,35.67229167,139.7588125
0.0,2.49,35.67229167,139.7589375
0.0,2.32,35.67229167,139.7590625
0.0,2.11,35.67229167,139.7591875
0.0,2.29,35.67229167,139.7593125
0.0,2.46,35.67229167,139.7594375
0.0,2.15,35.67229167,139.7595625
0.0,2.04,35.67229167,139.7596875
0.0,2.01,35.67229167,139.7598125
0.0,2.07,35.67229167,139.7599375
0.0,2.22,35.67229167,139.7600625
0.0,2.52,35.67229167,139.7601875
0.0,2.79,35.67229167,139.7603125
0.0,3.08,35.67229167,139.7604375
0.0,3.39,35.67229167,139.7605625
0.0,3.58,35.67229167,139.7606875
0.0,3.74,35.67229167,139.7608125
0.0,3.8,35.67229167,139.7609375
0.0,3.79,35.67229167,139.7610625
0.0,3.93,35.67229167,139.7611875
0.0,3.82,35.67229167,139.7613125
0.0,3.64,35.67229167,139.7614375
0.0,3.6,35.67229167,139.7615625
0.0,3.58,35.67229167,139.7616875
0.0,3.75,35.67229167,139.7618125
0.0,3.84,35.67229167,139.7619375
0.0,4.0,35.67229167,139.7620625
0.0,3.87,35.67229167,139.7621875
0.0,3.81,35.67229167,139.7623125
0.0,3.9,35.67229167,139.7624375
0.0,3.89,35.67229167,139.7625625
0.0,3.89,35.67229167,139.7626875
0.0,3.83,35.67229167,139.7628125
0.0,3.77,35.67229167,139.7629375
0.0,3.78,35.67229167,139.7630625
0.0,3.8,35.67229167,139.7631875
0.0,3.81,35.67229167,139.7633125
0.0,3.78,35.67229167,139.7634375
0.0,3.84,35.67229167,139.7635625
0.0,3.73,35.67229167,139.7636875
0.0,3.7,35.67229167,139.7638125
0.0,3.78,35.67229167,139.7639375
0.0,3.72,35.67229167,139.7640625
0.0,3.69,35.67229167,139.7641875
0.0,3.9,35.67229167,139.7643125
0.0,3.97,35.67229167,139.7644375
0.0,4.03,35.67229167,139.7645625
0.0,4.08,35.67229167,139.7646875
0.0,3.99,35.67229167,139.7648125
0.0,4.0,35.67229167,139.7649375
0.0,4.15,35.67229167,139.7650625
0.0,4.17,35.67229167,139.7651875
0.0,3.98,35.67229167,139.7653125
0.0,3.84,35.67229167,139.7654375
0.0,3.59,35.67229167,139.7655625
0.0,3.6,35.67229167,139.7656875
0.0,3.71,35.67229167,139.7658125
0.0,3.74,35.67229167,139.7659375
0.0,3.58,35.67229167,139.7660625
0.0,3.64,35.67229167,139.7661875
0.0,3.78,35.67229167,139.7663125
0.0,3.93,35.67229167,139.7664375
0.0,3.88,35.67229167,139.7665625
0.0,3.88,35.67229167,139.7666875
0.0,3.86,35.67229167,139.7668125
0.0,3.85,35.67229167,139.7669375
0.0,3.76,35.67229167,139.7670625
0.0,3.88,35.67229167,139.7671875
0.0,3.93,35.67229167,139.7673125
0.0,3.79,35.67229167,139.7674375
0.0,3.54,35.67229167,139.7675625
0.0,3.3,35.67229167,139.7676875
0.0,3.24,35.67229167,139.7678125
0.0,3.26,35.67229167,139.7679375
0.0,3.1,35.67229167,139.7680625
0.0,3.13,35.67229167,139.7681875
0.0,3.09,35.67229167,139.7683125
0.0,3.02,35.67229167,139.7684375
0.0,2.98,35.67229167,139.7685625
0.0,2.89,35.67229167,139.7686875
0.0,2.97,35.67229167,139.7688125
0.0,2.84,35.67229167,139.7689375
0.0,2.65,35.67229167,139.7690625
0.0,2.32,35.67229167,139.7691875
0.0,2.03,35.67229167,139.7693125
0.0,1.39,35.67229167,139.7694375
0.0,0.41,35.67229167,139.7695625
0.0,2.17,35.67229167,139.7696875
0.0,2.4,35.67229167,139.7698125
0.0,2.49,35.67229167,139.7699375
0.0,2.48,35.67229167,139.7700625
0.0,2.65,35.67229167,139.7701875
0.0,2.67,35.67229167,139.7703125
0.0,2.69,35.67229167,139.7704375
0.0,2.81,35.67229167,139.7705625
0.0,2.91,35.67229167,139.7706875
0.0,2.81,35.67229167,139.7708125
0.0,2.78,35.67229167,139.7709375
0.0,2.73,35.67229167,139.7710625
0.0,2.81,35.67229167,139.7711875
0.0,2.82,35.67229167,139.7713125
0.0,2.79,35.67229167,139.7714375
0.0,2.75,35.67229167,139.7715625
0.0,2.76,35.67229167,139.7716875
0.0,2.79,35.67229167,139.7718125
0.0,2.73,35.67229167,139.7719375
3.786,-1.26,35.67229167,139.7720625
4.608,-2.08,35.67229167,139.7721875
4.405,-1.88,35.67229167,139.7723125
0.0,2.59,35.67229167,139.7724375
0.0,3.1,35.67229167,139.7725625
0.0,2.57,35.67229167,139.7726875
0.0,2.58,35.67229167,139.7728125
0.0,2.7,35.67229167,139.7729375
0.0,2.55,35.67229167,139.7730625
0.0,2.67,35.67229167,139.7731875
0.0,2.49,35.67229167,139.7733125
0.0,2.35,35.67229167,139.7734375
0.0,2.33,35.67229167,139.7735625
0.0,2.38,35.67229167,139.7736875
0.0,2.29,35.67229167,139.7738125
0.0,2.29,35.67229167,139.7739375
0.0,2.38,35.67229167,139.7740625
0.0,2.55,35.67229167,139.7741875
0.0,2.34,35.67229167,139.7743125
0.0,2.11,35.67229167,139.7744375
0.0,2.14,35.67229167,139.7745625
0.0,2.15,35.67229167,139.7746875
0.0,2.1,35.67229167,139.7748125
0.0,2.11,35.67229167,139.7749375
0.0,2.26,35.67229167,139.7750625
0.0,2.23,35.67229167,139.7751875
0.0,2.08,35.67229167,139.7753125
0.0,2.1,35.67229167,139.7754375
0.0,2.31,35.67229167,139.7755625
0.0,2.07,35.67229167,139.7756875
0.0,1.77,35.67229167,139.7758125
0.0,1.82,35.67229167,139.7759375
0.0,2.52,35.67220833,139.7570625
0.0,2.32,35.67220833,139.7571875
0.0,2.46,35.67220833,139.7573125
0.0,2.42,35.67220833,139.7574375
0.0,2.46,35.67220833,139.7575625
0.0,2.54,35.67220833,139.7576875
0.0,2.54,35.67220833,139.7578125
0.0,2.56,35.67220833,139.7579375
0.0,2.57,35.67220833,139.7580625
0.0,2.55,35.67220833,139.7581875
0.0,2.54,35.67220833,139.7583125
0.0,2.51,35.67220833,139.7584375
0.0,2.51,35.67220833,139.7585625
0.0,2.52,35.67220833,139.7586875
0.0,2.54,35.67220833,139.7588125
0.0,2.54,35.67220833,139.7589375
0.0,2.39,35.67220833,139.7590625
0.0,2.26,35.67220833,139.7591875
0.0,2.2,35.67220833,139.7593125
0.0,2.22,35.67220833,139.7594375
0.0,2.53,35.67220833,139.7595625
0.0,2.44,35.67220833,139.7596875
0.0,2.25,35.67220833,139.7598125
0.0,2.15,35.67220833,139.7599375
0.0,2.47,35.67220833,139.7600625
0.0,2.72,35.67220833,139.7601875
0.0,2.96,35.67220833,139.7603125
0.0,3.16,35.67220833,139.7604375
0.0,3.41,35.67220833,139.7605625
0.0,3.6,35.67220833,139.7606875
0.0,3.7,35.67220833,139.7608125
0.0,3.65,35.67220833,139.7609375
0.0,3.72,35.67220833,139.7610625
0.0,3.62,35.67220833,139.7611875
0.0,3.63,35.67220833,139.7613125
0.0,3.69,35.67220833,139.7614375
0.0,3.68,35.67220833,139.7615625
0.0,3.65,35.67220833,139.7616875
0.0,3.7,35.67220833,139.7618125
0.0,3.84,35.67220833,139.7619375
0.0,3.78,35.67220833,139.7620625
0.0,3.72,35.67220833,139.7621875
0.0,3.85,35.67220833,139.7623125
0.0,3.87,35.67220833,139.7624375
0.0,3.87,35.67220833,139.7625625
0.0,3.85,35.67220833,139.7626875
0.0,3.71,35.67220833,139.7628125
0.0,3.78,35.67220833,139.7629375
0.0,3.79,35.67220833,139.7630625
0.0,3.92,35.67220833,139.7631875
0.0,3.9,35.67220833,139.7633125
0.0,3.79,35.67220833,139.7634375
0.0,3.77,35.67220833,139.7635625
0.0,3.8,35.67220833,139.7636875
0.0,3.72,35.67220833,139.7638125
0.0,3.65,35.67220833,139.7639375
0.0,3.7,35.67220833,139.7640625
0.0,3.84,35.67220833,139.7641875
0.0,3.95,35.67220833,139.7643125
0.0,4.01,35.67220833,139.7644375
0.0,4.07,35.67220833,139.7645625
0.0,4.1,35.67220833,139.7646875
0.0,4.02,35.67220833,139.7648125
0.0,4.13,35.67220833,139.7649375
0.0,4.24,35.67220833,139.7650625
0.0,4.17,35.67220833,139.7651875
0.0,4.07,35.67220833,139.7653125
0.0,4.07,35.67220833,139.7654375
0.0,3.91,35.67220833,139.7655625
0.0,3.57,35.67220833,139.7656875
0.0,3.66,35.67220833,139.7658125
0.0,3.6,35.67220833,139.7659375
0.0,3.6,35.67220833,139.7660625
0.0,3.72,35.67220833,139.7661875
0.0,3.94,35.67220833,139.7663125
0.0,3.95,35.67220833,139.7664375
0.0,3.9,35.67220833,139.7665625
0.0,3.86,35.67220833,139.7666875
0.0,3.85,35.67220833,139.7668125
0.0,3.84,35.67220833,139.7669375
0.0,3.82,35.67220833,139.7670625
0.0,3.89,35.67220833,139.7671875
0.0,3.86,35.67220833,139.7673125
0.0,3.6,35.67220833,139.7674375
0.0,3.45,35.67220833,139.7675625
0.0,3.26,35.67220833,139.7676875
0.0,3.24,35.67220833,139.7678125
0.0,3.18,35.67220833,139.7679375
0.0,3.07,35.67220833,139.7680625
0.0,3.19,35.67220833,139.7681875
0.0,3.11,35.67220833,139.7683125
0.0,3.01,35.67220833,139.7684375
0.0,2.93,35.67220833,139.7685625
0.0,2.93,35.67220833,139.7686875
0.0,2.98,35.67220833,139.7688125
0.0,3.05,35.67220833,139.7689375
0.0,2.53,35.67220833,139.7690625
0.0,2.17,35.67220833,139.7691875
0.0,0.99,35.67220833,139.7693125
0.0,1.39,35.67220833,139.7694375
0.0,1.57,35.67220833,139.7695625
0.0,2.29,35.67220833,139.7696875
0.0,2.5,35.67220833,139.7698125
0.0,2.54,35.67220833,139.7699375
0.0,2.6,35.67220833,139.7700625
0.0,2.63,35.67220833,139.7701875
0.0,2.69,35.67220833,139.7703125
0.0,2.76,35.67220833,139.7704375
0.0,2.88,35.67220833,139.7705625
0.0,2.93,35.67220833,139.7706875
0.0,2.87,35.67220833,139.7708125
0.0,2.76,35.67220833,139.7709375
0.0,2.77,35.67220833,139.7710625
0.0,2.87,35.67220833,139.7711875
0.0,2.79,35.67220833,139.7713125
0.0,2.79,35.67220833,139.7714375
0.0,2.75,35.67220833,139.7715625
0.0,2.76,35.67220833,139.7716875
0.0,2.76,35.67220833,139.7718125
0.0,2.12,35.67220833,139.7719375
4.069,-1.54,35.67220833,139.7720625
4.645,-2.12,35.67220833,139.7721875
4.115,-1.59,35.67220833,139.7723125
0.0,2.76,35.67220833,139.7724375
0.0,2.8,35.67220833,139.7725625
0.0,2.55,35.67220833,139.7726875
0.0,2.43,35.67220833,139.7728125
0.0,2.46,35.67220833,139.7729375
0.0,2.48,35.67220833,139.7730625
0.0,2.55,35.67220833,139.7731875
0.0,2.6,35.67220833,139.7733125
0.0,2.31,35.67220833,139.7734375
0.0,2.38,35.67220833,139.7735625
0.0,2.33,35.67220833,139.7736875
0.0,2.23,35.67220833,139.7738125
0.0,2.33,35.67220833,139.7739375
0.0,2.43,35.67220833,139.7740625
0.0,2.43,35.67220833,139.7741875
0.0,2.26,35.67220833,139.7743125
0.0,2.04,35.67220833,139.7744375
0.0,2.16,35.67220833,139.7745625
0.0,2.28,35.67220833,139.7746875
0.0,2.1,35.67220833,139.7748125
0.0,2.11,35.67220833,139.7749375
0.0,2.02,35.67220833,139.7750625
0.0,2.05,35.67220833,139.7751875
0.0,2.11,35.67220833,139.7753125
0.0,2.09,35.67220833,139.7754375
0.0,1.96,35.67220833,139.7755625
0.0,1.86,35.67220833,139.7756875
0.0,1.78,35.67220833,139.7758125
0.821,1.7,35.67220833,139.7759375
0.0,2.5,35.672125,139.7570625
0.0,2.31,35.672125,139.7571875
0.0,2.64,35.672125,139.7573125
0.0,2.47,35.672125,139.7574375
0.0,2.61,35.672125,139.7575625
0.0,2.52,35.672125,139.7576875
0.0,2.52,35.672125,139.7578125
0.0,2.54,35.672125,139.7579375
0.0,2.59,35.672125,139.7580625
0.0,2.56,35.672125,139.7581875
0.0,2.53,35.672125,139.7583125
0.0,2.52,35.672125,139.7584375
0.0,2.52,35.672125,139.7585625
0.0,2.53,35.672125,139.7586875
0.0,2.56,35.672125,139.7588125
0.0,2.58,35.672125,139.7589375
0.0,2.46,35.672125,139.7590625
0.0,2.34,35.672125,139.7591875
0.0,1.98,35.672125,139.7593125
0.0,1.73,35.672125,139.7594375
0.0,2.14,35.672125,139.7595625
0.0,2.6,35.672125,139.7596875
0.0,2.63,35.672125,139.7598125
0.0,2.26,35.672125,139.7599375
0.0,2.56,35.672125,139.7600625
0.0,2.83,35.672125,139.7601875
0.0,3.06,35.672125,139.7603125
0.0,3.15,35.672125,139.7604375
0.0,3.43,35.672125,139.7605625
0.0,3.52,35.672125,139.7606875
0.0,3.43,35.672125,139.7608125
0.0,3.58,35.672125,139.7609375
0.0,3.69,35.672125,139.7610625
0.0,3.57,35.672125,139.7611875
0.0,3.68,35.672125,139.7613125
0.0,3.7,35.672125,139.7614375
0.0,3.73,35.672125,139.7615625
0.0,3.71,35.672125,139.7616875
0.0,3.76,35.672125,139.7618125
0.0,3.78,35.672125,139.7619375
0.0,3.66,35.672125,139.7620625
0.0,3.68,35.672125,139.7621875
0.0,3.88,35.672125,139.7623125
0.0,3.88,35.672125,139.7624375
0.0,3.85,35.672125,139.7625625
0.0,3.7,35.672125,139.7626875
0.0,3.75,35.672125,139.7628125
0.0,3.76,35.672125,139.7629375
0.0,3.83,35.672125,139.7630625
0.0,3.84,35.672125,139.7631875
0.0,3.86,35.672125,139.7633125
0.0,3.9,35.672125,139.7634375
0.0,3.9,35.672125,139.7635625
0.0,3.81,35.672125,139.7636875
0.0,3.82,35.672125,139.7638125
0.0,3.76,35.672125,139.7639375
0.0,3.74,35.672125,139.7640625
0.0,3.87,35.672125,139.7641875
0.0,4.01,35.672125,139.7643125
0.0,4.03,35.672125,139.7644375
0.0,4.1,35.672125,139.7645625
0.0,4.04,35.672125,139.7646875
0.0,4.21,35.672125,139.7648125
0.0,4.36,35.672125,139.7649375
0.0,4.29,35.672125,139.7650625
0.0,4.18,35.672125,139.7651875
0.0,4.17,35.672125,139.7653125
0.0,4.2,35.672125,139.7654375
0.0,4.08,35.672125,139.7655625
0.0,3.8,35.672125,139.7656875
0.0,3.64,35.672125,139.7658125
0.0,3.58,35.672125,139.7659375
0.0,3.61,35.672125,139.7660625
0.0,3.93,35.672125,139.7661875
0.0,3.94,35.672125,139.7663125
0.0,3.93,35.672125,139.7664375
0.0,3.91,35.672125,139.7665625
0.0,3.88,35.672125,139.7666875
0.0,3.84,35.672125,139.7668125
0.0,3.87,35.672125,139.7669375
0.0,3.88,35.672125,139.7670625
0.0,3.78,35.672125,139.7671875
0.0,3.68,35.672125,139.7673125
0.0,3.59,35.672125,139.7674375
0.0,3.42,35.672125,139.7675625
0.0,3.27,35.672125,139.7676875
0.0,3.29,35.672125,139.7678125
0.0,3.11,35.672125,139.7679375
0.0,3.08,35.672125,139.7680625
0.0,3.26,35.672125,139.7681875
0.0,3.12,35.672125,139.7683125
0.0,3.0,35.672125,139.7684375
0.0,2.92,35.672125,139.7685625
0.0,2.96,35.672125,139.7686875
0.0,2.91,35.672125,139.7688125
0.0,2.7,35.672125,139.7689375
0.0,2.33,35.672125,139.7690625
0.0,1.63,35.672125,139.7691875
0.0,1.39,35.672125,139.7693125
0.0,1.39,35.672125,139.7694375
0.0,2.18,35.672125,139.7695625
0.0,2.41,35.672125,139.7696875
0.0,2.59,35.672125,139.7698125
0.0,2.6,35.672125,139.7699375
0.0,2.54,35.672125,139.7700625
0.0,2.65,35.672125,139.7701875
0.0,2.69,35.672125,139.7703125
0.0,2.76,35.672125,139.7704375
0.0,2.93,35.672125,139.7705625
0.0,2.95,35.672125,139.7706875
0.0,2.96,35.672125,139.7708125
0.0,2.86,35.672125,139.7709375
0.0,2.82,35.672125,139.7710625
0.0,2.85,35.672125,139.7711875
0.0,2.77,35.672125,139.7713125
0.0,2.76,35.672125,139.7714375
0.0,2.79,35.672125,139.7715625
0.0,2.85,35.672125,139.7716875
0.0,2.55,35.672125,139.7718125
0.945,1.58,35.672125,139.7719375
4.483,-1.96,35.672125,139.7720625
4.611,-2.09,35.672125,139.7721875
3.635,-1.11,35.672125,139.7723125
0.0,2.74,35.672125,139.7724375
0.0,2.56,35.672125,139.7725625
0.0,2.66,35.672125,139.7726875
0.0,2.69,35.672125,139.7728125
0.0,2.48,35.672125,139.7729375
0.0,2.44,35.672125,139.7730625
0.0,2.37,35.672125,139.7731875
0.0,2.34,35.672125,139.7733125
0.0,2.3,35.672125,139.7734375
0.0,2.33,35.672125,139.7735625
0.0,2.17,35.672125,139.7736875
0.0,2.14,35.672125,139.7738125
0.0,2.38,35.672125,139.7739375
0.0,2.5,35.672125,139.7740625
0.0,2.38,35.672125,139.7741875
0.0,2.15,35.672125,139.7743125
0.0,2.12,35.672125,139.7744375
0.0,2.14,35.672125,139.7745625
0.0,2.25,35.672125,139.7746875
0.0,2.02,35.672125,139.7748125
0.0,2.1,35.672125,139.7749375
0.0,2.16,35.672125,139.7750625
0.0,2.02,35.672125,139.7751875
0.0,2.05,35.672125,139.7753125
0.0,1.97,35.672125,139.7754375
0.0,1.89,35.672125,139.7755625
0.0,1.71,35.672125,139.7756875
0.0,1.79,35.672125,139.7758125
0.916,1.6,35.672125,139.7759375
0.0,2.45,35.67204167,139.7570625
0.0,2.48,35.67204167,139.7571875
0.0,2.83,35.67204167,139.7573125
0.0,2.97,35.67204167,139.7574375
0.0,3.01,35.67204167,139.7575625
0.0,2.79,35.67204167,139.7576875
0.0,2.59,35.67204167,139.7578125
0.0,2.55,35.67204167,139.7579375
0.0,2.53,35.67204167,139.7580625
0.0,2.58,35.67204167,139.7581875
0.0,2.54,35.67204167,139.7583125
0.0,2.54,35.67204167,139.7584375
0.0,2.54,35.67204167,139.7585625
0.0,2.56,35.67204167,139.7586875
0.0,2.58,35.67204167,139.7588125
0.0,2.58,35.67204167,139.7589375
0.0,2.54,35.67204167,139.7590625
0.0,2.32,35.67204167,139.7591875
0.0,1.93,35.67204167,139.7593125
0.0,1.66,35.67204167,139.7594375
0.0,1.81,35.67204167,139.7595625
0.0,2.26,35.67204167,139.7596875
0.0,2.6,35.67204167,139.7598125
0.0,2.34,35.67204167,139.7599375
0.0,2.62,35.67204167,139.7600625
0.0,2.94,35.67204167,139.7601875
0.0,3.12,35.67204167,139.7603125
0.0,3.34,35.67204167,139.7604375
0.0,3.47,35.67204167,139.7605625
0.0,3.42,35.67204167,139.7606875
0.0,3.4,35.67204167,139.7608125
0.0,3.44,35.67204167,139.7609375
0.0,3.45,35.67204167,139.7610625
0.0,3.47,35.67204167,139.7611875
0.0,3.52,35.67204167,139.7613125
0.0,3.57,35.67204167,139.7614375
0.0,3.52,35.67204167,139.7615625
0.0,3.39,35.67204167,139.7616875
0.0,3.63,35.67204167,139.7618125
0.0,3.51,35.67204167,139.7619375
0.0,3.51,35.67204167,139.7620625
0.0,3.65,35.67204167,139.7621875
0.0,3.88,35.67204167,139.7623125
0.0,3.89,35.67204167,139.7624375
0.0,3.76,35.67204167,139.7625625
0.0,3.74,35.67204167,139.7626875
0.0,3.73,35.67204167,139.7628125
0.0,3.83,35.67204167,139.7629375
0.0,3.91,35.67204167,139.7630625
0.0,3.84,35.67204167,139.7631875
0.0,3.87,35.67204167,139.7633125
0.0,3.97,35.67204167,139.7634375
0.0,3.98,35.67204167,139.7635625
0.0,3.83,35.67204167,139.7636875
0.0,3.72,35.67204167,139.7638125
0.0,3.84,35.67204167,139.7639375
0.0,3.74,35.67204167,139.7640625
0.0,3.79,35.67204167,139.7641875
0.0,3.93,35.67204167,139.7643125
0.0,4.02,35.67204167,139.7644375
0.0,4.04,35.67204167,139.7645625
0.0,4.16,35.67204167,139.7646875
0.0,4.35,35.67204167,139.7648125
0.0,4.36,35.67204167,139.7649375
0.0,4.29,35.67204167,139.7650625
0.0,4.2,35.67204167,139.7651875
0.0,4.18,35.67204167,139.7653125
0.0,4.19,35.67204167,139.7654375
0.0,4.08,35.67204167,139.7655625
0.0,3.94,35.67204167,139.7656875
0.0,3.69,35.67204167,139.7658125
0.0,3.73,35.67204167,139.7659375
0.0,3.78,35.67204167,139.7660625
0.0,3.88,35.67204167,139.7661875
0.0,3.9,35.67204167,139.7663125
0.0,3.9,35.67204167,139.7664375
0.0,3.89,35.67204167,139.7665625
0.0,3.89,35.67204167,139.7666875
0.0,3.81,35.67204167,139.7668125
0.0,3.89,35.67204167,139.7669375
0.0,3.95,35.67204167,139.7670625
0.0,3.91,35.67204167,139.7671875
0.0,3.69,35.67204167,139.7673125
0.0,3.63,35.67204167,139.7674375
0.0,3.41,35.67204167,139.7675625
0.0,3.31,35.67204167,139.7676875
0.0,3.12,35.67204167,139.7678125
0.0,3.01,35.67204167,139.7679375
0.0,3.24,35.67204167,139.7680625
0.0,3.1,35.67204167,139.7681875
0.0,3.15,35.67204167,139.7683125
0.0,2.95,35.67204167,139.7684375
0.0,2.92,35.67204167,139.7685625
0.0,3.07,35.67204167,139.7686875
0.0,2.87,35.67204167,139.7688125
0.0,2.39,35.67204167,139.7689375
0.0,2.13,35.67204167,139.7690625
0.0,1.39,35.67204167,139.7691875
0.0,1.39,35.67204167,139.7693125
0.0,1.58,35.67204167,139.7694375
0.0,2.24,35.67204167,139.7695625
0.0,2.37,35.67204167,139.7696875
0.0,2.57,35.67204167,139.7698125
0.0,2.53,35.67204167,139.7699375
0.0,2.46,35.67204167,139.7700625
0.0,2.62,35.67204167,139.7701875
0.0,2.81,35.67204167,139.7703125
0.0,2.77,35.67204167,139.7704375
0.0,2.84,35.67204167,139.7705625
0.0,2.95,35.67204167,139.7706875
0.0,3.09,35.67204167,139.7708125
0.0,3.1,35.67204167,139.7709375
0.0,2.85,35.67204167,139.7710625
0.0,2.83,35.67204167,139.7711875
0.0,2.81,35.67204167,139.7713125
0.0,2.9,35.67204167,139.7714375
0.0,2.97,35.67204167,139.7715625
0.0,2.88,35.67204167,139.7716875
0.0,2.49,35.67204167,139.7718125
1.763,0.76,35.67204167,139.7719375
4.644,-2.12,35.67204167,139.7720625
4.549,-2.02,35.67204167,139.7721875
2.035,0.49,35.67204167,139.7723125
0.0,2.59,35.67204167,139.7724375
0.0,2.5,35.67204167,139.7725625
0.0,2.8,35.67204167,139.7726875
0.0,2.74,35.67204167,139.7728125
0.0,2.51,35.67204167,139.7729375
0.0,2.56,35.67204167,139.7730625
0.0,2.52,35.67204167,139.7731875
0.0,2.34,35.67204167,139.7733125
0.0,2.26,35.67204167,139.7734375
0.0,2.2,35.67204167,139.7735625
0.0,2.15,35.67204167,139.7736875
0.0,2.1,35.67204167,139.7738125
0.0,2.34,35.67204167,139.7739375
0.0,2.47,35.67204167,139.7740625
0.0,2.36,35.67204167,139.7741875
0.0,2.15,35.67204167,139.7743125
0.0,2.12,35.67204167,139.7744375
0.0,2.11,35.67204167,139.7745625
0.0,2.07,35.67204167,139.7746875
0.0,1.98,35.67204167,139.7748125
0.0,2.02,35.67204167,139.7749375
0.0,2.06,35.67204167,139.7750625
0.0,1.96,35.67204167,139.7751875
0.0,1.98,35.67204167,139.7753125
0.0,2.09,35.67204167,139.7754375
0.0,1.82,35.67204167,139.7755625
0.856,1.66,35.67204167,139.7756875
0.0,1.73,35.67204167,139.7758125
0.969,1.55,35.67204167,139.7759375
0.0,2.45,35.67195833,139.7570625
0.0,2.58,35.67195833,139.7571875
0.0,2.9,35.67195833,139.7573125
0.0,2.98,35.67195833,139.7574375
0.0,3.06,35.67195833,139.7575625
0.0,3.0,35.67195833,139.7576875
0.0,2.89,35.67195833,139.7578125
0.0,2.65,35.67195833,139.7579375
0.0,2.52,35.67195833,139.7580625
0.0,2.51,35.67195833,139.7581875
0.0,2.59,35.67195833,139.7583125
0.0,2.55,35.67195833,139.7584375
0.0,2.56,35.67195833,139.7585625
0.0,2.56,35.67195833,139.7586875
0.0,2.56,35.67195833,139.7588125
0.0,2.54,35.67195833,139.7589375
0.0,2.5,35.67195833,139.7590625
0.0,2.26,35.67195833,139.7591875
0.0,1.92,35.67195833,139.7593125
0.0,1.86,35.67195833,139.7594375
0.0,1.89,35.67195833,139.7595625
0.0,2.15,35.67195833,139.7596875
0.0,2.43,35.67195833,139.7598125
0.0,2.43,35.67195833,139.7599375
0.0,2.67,35.67195833,139.7600625
0.0,2.99,35.67195833,139.7601875
0.0,3.25,35.67195833,139.7603125
0.0,3.49,35.67195833,139.7604375
0.0,3.5,35.67195833,139.7605625
0.0,3.5,35.67195833,139.7606875
0.0,3.52,35.67195833,139.7608125
0.0,3.49,35.67195833,139.7609375
0.0,3.44,35.67195833,139.7610625
0.0,3.38,35.67195833,139.7611875
0.0,3.35,35.67195833,139.7613125
0.0,3.31,35.67195833,139.7614375
0.0,3.26,35.67195833,139.7615625
0.0,3.27,35.67195833,139.7616875
0.0,3.33,35.67195833,139.7618125
0.0,3.42,35.67195833,139.7619375
0.0,3.5,35.67195833,139.7620625
0.0,3.67,35.67195833,139.7621875
0.0,3.84,35.67195833,139.7623125
0.0,3.82,35.67195833,139.7624375
0.0,3.7,35.67195833,139.7625625
0.0,3.74,35.67195833,139.7626875
0.0,3.77,35.67195833,139.7628125
0.0,3.87,35.67195833,139.7629375
0.0,3.84,35.67195833,139.7630625
0.0,3.91,35.67195833,139.7631875
0.0,3.97,35.67195833,139.7633125
0.0,3.92,35.67195833,139.7634375
0.0,3.95,35.67195833,139.7635625
0.0,3.79,35.67195833,139.7636875
0.0,3.65,35.67195833,139.7638125
0.0,3.76,35.67195833,139.7639375
0.0,3.84,35.67195833,139.7640625
0.0,3.78,35.67195833,139.7641875
0.0,3.84,35.67195833,139.7643125
0.0,3.94,35.67195833,139.7644375
0.0,4.07,35.67195833,139.7645625
0.0,4.21,35.67195833,139.7646875
0.0,4.27,35.67195833,139.7648125
0.0,4.32,35.67195833,139.7649375
0.0,4.29,35.67195833,139.7650625
0.0,4.28,35.67195833,139.7651875
0.0,4.13,35.67195833,139.7653125
0.0,4.08,35.67195833,139.7654375
0.0,4.0,35.67195833,139.7655625
0.0,3.81,35.67195833,139.7656875
0.0,3.75,35.67195833,139.7658125
0.0,3.73,35.67195833,139.7659375
0.0,3.74,35.67195833,139.7660625
0.0,3.79,35.67195833,139.7661875
0.0,3.84,35.67195833,139.7663125
0.0,3.85,35.67195833,139.7664375
0.0,3.85,35.67195833,139.7665625
0.0,3.82,35.67195833,139.7666875
0.0,3.8,35.67195833,139.7668125
0.0,3.92,35.67195833,139.7669375
0.0,4.0,35.67195833,139.7670625
0.0,3.96,35.67195833,139.7671875
0.0,3.75,35.67195833,139.7673125
0.0,3.6,35.67195833,139.7674375
0.0,3.37,35.67195833,139.7675625
0.0,3.2,35.67195833,139.7676875
0.0,3.06,35.67195833,139.7678125
0.0,3.09,35.67195833,139.7679375
0.0,3.26,35.67195833,139.7680625
0.0,3.14,35.67195833,139.7681875
0.0,3.02,35.67195833,139.7683125
0.0,2.89,35.67195833,139.7684375
0.0,2.9,35.67195833,139.7685625
0.0,3.0,35.67195833,139.7686875
0.0,2.65,35.67195833,139.7688125
0.0,2.23,35.67195833,139.7689375
0.0,1.65,35.67195833,139.7690625
0.0,1.39,35.67195833,139.7691875
0.0,0.52,35.67195833,139.7693125
0.0,2.15,35.67195833,139.7694375
0.0,2.22,35.67195833,139.7695625
0.0,2.27,35.67195833,139.7696875
0.0,2.33,35.67195833,139.7698125
0.0,2.35,35.67195833,139.7699375
0.0,2.37,35.67195833,139.7700625
0.0,2.62,35.67195833,139.7701875
0.0,2.81,35.67195833,139.7703125
0.0,2.82,35.67195833,139.7704375
0.0,2.82,35.67195833,139.7705625
0.0,2.89,35.67195833,139.7706875
0.0,3.18,35.67195833,139.7708125
0.0,3.16,35.67195833,139.7709375
0.0,2.99,35.67195833,139.7710625
0.0,2.87,35.67195833,139.7711875
0.0,2.85,35.67195833,139.7713125
0.0,2.98,35.67195833,139.7714375
0.0,2.93,35.67195833,139.7715625
0.0,2.84,35.67195833,139.7716875
0.0,2.41,35.67195833,139.7718125
2.302,0.22,35.67195833,139.7719375
4.694,-2.17,35.67195833,139.7720625
4.509,-1.98,35.67195833,139.7721875
1.388,1.14,35.67195833,139.7723125
0.0,2.48,35.67195833,139.7724375
0.0,2.47,35.67195833,139.7725625
0.0,2.77,35.67195833,139.7726875
0.0,2.73,35.67195833,139.7728125
0.0,2.51,35.67195833,139.7729375
0.0,2.46,35.67195833,139.7730625
0.0,2.4,35.67195833,139.7731875
0.0,2.32,35.67195833,139.7733125
0.0,2.41,35.67195833,139.7734375
0.0,2.23,35.67195833,139.7735625
0.0,2.13,35.67195833,139.7736875
0.0,2.01,35.67195833,139.7738125
0.0,2.16,35.67195833,139.7739375
0.0,2.28,35.67195833,139.7740625
0.0,2.2,35.67195833,139.7741875
0.0,2.04,35.67195833,139.7743125
0.0,2.22,35.67195833,139.7744375
0.0,2.21,35.67195833,139.7745625
0.0,2.04,35.67195833,139.7746875
0.0,1.94,35.67195833,139.7748125
0.0,1.84,35.67195833,139.7749375
0.0,1.88,35.67195833,139.7750625
0.0,1.81,35.67195833,139.7751875
0.0,1.85,35.67195833,139.7753125
0.0,2.01,35.67195833,139.7754375
0.0,1.75,35.67195833,139.7755625
0.949,1.57,35.67195833,139.7756875
0.924,1.6,35.67195833,139.7758125
0.941,1.58,35.67195833,139.7759375
0.0,2.5,35.671875,139.7570625
0.0,2.57,35.671875,139.7571875
0.0,2.86,35.671875,139.7573125
0.0,3.04,35.671875,139.7574375
0.0,3.06,35.671875,139.7575625
0.0,3.04,35.671875,139.7576875
0.0,3.03,35.671875,139.7578125
0.0,3.0,35.671875,139.7579375
0.0,2.81,35.671875,139.7580625
0.0,2.43,35.671875,139.7581875
0.0,2.65,35.671875,139.7583125
0.0,2.52,35.671875,139.7584375
0.0,2.53,35.671875,139.7585625
0.0,2.54,35.671875,139.7586875
0.0,2.52,35.671875,139.7588125
0.0,2.51,35.671875,139.7589375
0.0,2.42,35.671875,139.7590625
0.0,2.19,35.671875,139.7591875
0.0,2.11,35.671875,139.7593125
0.0,2.09,35.671875,139.7594375
0.0,2.08,35.671875,139.7595625
0.0,2.23,35.671875,139.7596875
0.0,2.38,35.671875,139.7598125
0.0,2.5,35.671875,139.7599375
0.0,2.75,35.671875,139.7600625
0.0,3.02,35.671875,139.7601875
0.0,3.32,35.671875,139.7603125
0.0,3.54,35.671875,139.7604375
0.0,3.52,35.671875,139.7605625
0.0,3.6,35.671875,139.7606875
0.0,3.68,35.671875,139.7608125
0.0,3.63,35.671875,139.7609375
0.0,3.66,35.671875,139.7610625
0.0,3.59,35.671875,139.7611875
0.0,3.47,35.671875,139.7613125
0.0,3.48,35.671875,139.7614375
0.0,3.42,35.671875,139.7615625
0.0,3.38,35.671875,139.7616875
0.0,3.3,35.671875,139.7618125
0.0,3.46,35.671875,139.7619375
0.0,3.62,35.671875,139.7620625
0.0,3.73,35.671875,139.7621875
0.0,3.73,35.671875,139.7623125
0.0,3.67,35.671875,139.7624375
0.0,3.7,35.671875,139.7625625
0.0,3.67,35.671875,139.7626875
0.0,3.84,35.671875,139.7628125
0.0,3.81,35.671875,139.7629375
0.0,3.84,35.671875,139.7630625
0.0,4.0,35.671875,139.7631875
0.0,3.96,35.671875,139.7633125
0.0,3.85,35.671875,139.7634375
0.0,3.86,35.671875,139.7635625
0.0,3.65,35.671875,139.7636875
0.0,3.78,35.671875,139.7638125
0.0,3.9,35.671875,139.7639375
0.0,3.84,35.671875,139.7640625
0.0,3.92,35.671875,139.7641875
0.0,3.86,35.671875,139.7643125
0.0,3.93,35.671875,139.7644375
0.0,4.04,35.671875,139.7645625
0.0,4.16,35.671875,139.7646875
0.0,4.18,35.671875,139.7648125
0.0,4.23,35.671875,139.7649375
0.0,4.34,35.671875,139.7650625
0.0,4.31,35.671875,139.7651875
0.0,4.17,35.671875,139.7653125
0.0,4.03,35.671875,139.7654375
0.0,3.91,35.671875,139.7655625
0.0,3.81,35.671875,139.7656875
0.0,3.74,35.671875,139.7658125
0.0,3.93,35.671875,139.7659375
0.0,3.86,35.671875,139.7660625
0.0,3.65,35.671875,139.7661875
0.0,3.81,35.671875,139.7663125
0.0,3.83,35.671875,139.7664375
0.0,3.81,35.671875,139.7665625
0.0,3.83,35.671875,139.7666875
0.0,3.82,35.671875,139.7668125
0.0,3.95,35.671875,139.7669375
0.0,4.08,35.671875,139.7670625
0.0,4.01,35.671875,139.7671875
0.0,3.76,35.671875,139.7673125
0.0,3.4,35.671875,139.7674375
0.0,3.33,35.671875,139.7675625
0.0,3.16,35.671875,139.7676875
0.0,3.08,35.671875,139.7678125
0.0,3.25,35.671875,139.7679375
0.0,3.21,35.671875,139.7680625
0.0,3.09,35.671875,139.7681875
0.0,3.0,35.671875,139.7683125
0.0,2.78,35.671875,139.7684375
0.0,2.79,35.671875,139.7685625
0.0,2.82,35.671875,139.7686875
0.0,2.37,35.671875,139.7688125
0.0,2.14,35.671875,139.7689375
0.0,2.41,35.671875,139.7690625
0.0,1.13,35.671875,139.7691875
0.0,2.11,35.671875,139.7693125
0.0,2.29,35.671875,139.7694375
0.0,2.24,35.671875,139.7695625
0.0,2.2,35.671875,139.7696875
0.0,2.26,35.671875,139.7698125
0.0,2.24,35.671875,139.7699375
0.0,2.28,35.671875,139.7700625
0.0,2.32,35.671875,139.7701875
0.0,2.4,35.671875,139.7703125
0.0,2.53,35.671875,139.7704375
0.0,2.79,35.671875,139.7705625
0.0,2.83,35.671875,139.7706875
0.0,3.02,35.671875,139.7708125
0.0,3.15,35.671875,139.7709375
0.0,3.08,35.671875,139.7710625
0.0,2.91,35.671875,139.7711875
0.0,2.91,35.671875,139.7713125
0.0,3.04,35.671875,139.7714375
0.0,3.14,35.671875,139.7715625
0.0,2.9,35.671875,139.7716875
0.0,2.03,35.671875,139.7718125
3.667,-1.14,35.671875,139.7719375
4.69,-2.17,35.671875,139.7720625
4.448,-1.92,35.671875,139.7721875
0.0,2.1,35.671875,139.7723125
0.0,2.48,35.671875,139.7724375
0.0,2.56,35.671875,139.7725625
0.0,2.72,35.671875,139.7726875
0.0,2.58,35.671875,139.7728125
0.0,2.52,35.671875,139.7729375
0.0,2.43,35.671875,139.7730625
0.0,2.31,35.671875,139.7731875
0.0,2.35,35.671875,139.7733125
0.0,2.37,35.671875,139.7734375
0.0,2.19,35.671875,139.7735625
0.0,2.03,35.671875,139.7736875
0.0,2.12,35.671875,139.7738125
0.0,2.09,35.671875,139.7739375
0.0,2.17,35.671875,139.7740625
0.0,2.12,35.671875,139.7741875
0.0,1.96,35.671875,139.7743125
0.0,2.11,35.671875,139.7744375
0.0,2.17,35.671875,139.7745625
0.0,1.91,35.671875,139.7746875
0.0,1.89,35.671875,139.7748125
0.0,1.96,35.671875,139.7749375
0.0,1.82,35.671875,139.7750625
0.0,1.71,35.671875,139.7751875
0.0,1.78,35.671875,139.7753125
0.0,1.84,35.671875,139.7754375
0.916,1.6,35.671875,139.7755625
0.938,1.58,35.671875,139.7756875
1.051,1.47,35.671875,139.7758125
0.889,1.63,35.671875,139.7759375
0.0,2.66,35.67179167,139.7570625
0.0,2.69,35.67179167,139.7571875
0.0,2.93,35.67179167,139.7573125
0.0,3.0,35.67179167,139.7574375
0.0,3.05,35.67179167,139.7575625
0.0,3.02,35.67179167,139.7576875
0.0,2.96,35.67179167,139.7578125
0.0,3.04,35.67179167,139.7579375
0.0,3.05,35.67179167,139.7580625
0.0,2.95,35.67179167,139.7581875
0.0,3.0,35.67179167,139.7583125
0.0,2.78,35.67179167,139.7584375
0.0,2.63,35.67179167,139.7585625
0.0,2.51,35.67179167,139.7586875
0.0,2.53,35.67179167,139.7588125
0.0,2.48,35.67179167,139.7589375
0.0,2.35,35.67179167,139.7590625
0.0,2.36,35.67179167,139.7591875
0.0,2.34,35.67179167,139.7593125
0.0,2.31,35.67179167,139.7594375
0.0,2.29,35.67179167,139.7595625
0.0,2.33,35.67179167,139.7596875
0.0,2.42,35.67179167,139.7598125
0.0,2.62,35.67179167,139.7599375
0.0,2.86,35.67179167,139.7600625
0.0,3.11,35.67179167,139.7601875
0.0,3.38,35.67179167,139.7603125
0.0,3.59,35.67179167,139.7604375
0.0,3.47,35.67179167,139.7605625
0.0,3.6,35.67179167,139.7606875
0.0,3.69,35.67179167,139.7608125
0.0,3.67,35.67179167,139.7609375
0.0,3.69,35.67179167,139.7610625
0.0,3.6,35.67179167,139.7611875
0.0,3.61,35.67179167,139.7613125
0.0,3.55,35.67179167,139.7614375
0.0,3.45,35.67179167,139.7615625
0.0,3.4,35.67179167,139.7616875
0.0,3.45,35.67179167,139.7618125
0.0,3.43,35.67179167,139.7619375
0.0,3.58,35.67179167,139.7620625
0.0,3.68,35.67179167,139.7621875
0.0,3.66,35.67179167,139.7623125
0.0,3.7,35.67179167,139.7624375
0.0,3.66,35.67179167,139.7625625
0.0,3.77,35.67179167,139.7626875
0.0,3.83,35.67179167,139.7628125
0.0,3.84,35.67179167,139.7629375
0.0,3.9,35.67179167,139.7630625
0.0,4.06,35.67179167,139.7631875
0.0,3.94,35.67179167,139.7633125
0.0,3.81,35.67179167,139.7634375
0.0,3.74,35.67179167,139.7635625
0.0,3.71,35.67179167,139.7636875
0.0,3.83,35.67179167,139.7638125
0.0,4.0,35.67179167,139.7639375
0.0,3.9,35.67179167,139.7640625
0.0,3.89,35.67179167,139.7641875
0.0,3.98,35.67179167,139.7643125
0.0,3.88,35.67179167,139.7644375
0.0,3.98,35.67179167,139.7645625
0.0,4.1,35.67179167,139.7646875
0.0,4.14,35.67179167,139.7648125
0.0,4.23,35.67179167,139.7649375
0.0,4.31,35.67179167,139.7650625
0.0,4.24,35.67179167,139.7651875
0.0,4.17,35.67179167,139.7653125
0.0,4.0,35.67179167,139.7654375
0.0,3.8,35.67179167,139.7655625
0.0,3.8,35.67179167,139.7656875
0.0,3.92,35.67179167,139.7658125
0.0,4.0,35.67179167,139.7659375
0.0,3.99,35.67179167,139.7660625
0.0,3.8,35.67179167,139.7661875
0.0,3.68,35.67179167,139.7663125
0.0,3.86,35.67179167,139.7664375
0.0,3.75,35.67179167,139.7665625
0.0,3.86,35.67179167,139.7666875
0.0,3.9,35.67179167,139.7668125
0.0,3.95,35.67179167,139.7669375
0.0,4.07,35.67179167,139.7670625
0.0,4.02,35.67179167,139.7671875
0.0,3.54,35.67179167,139.7673125
0.0,3.3,35.67179167,139.7674375
0.0,3.18,35.67179167,139.7675625
0.0,3.11,35.67179167,139.7676875
0.0,3.2,35.67179167,139.7678125
0.0,3.3,35.67179167,139.7679375
0.0,3.18,35.67179167,139.7680625
0.0,3.0,35.67179167,139.7681875
0.0,2.87,35.67179167,139.7683125
0.0,2.75,35.67179167,139.7684375
0.0,2.57,35.67179167,139.7685625
0.0,2.48,35.67179167,139.7686875
0.0,2.23,35.67179167,139.7688125
0.0,2.4,35.67179167,139.7689375
0.0,2.63,35.67179167,139.7690625
0.0,2.22,35.67179167,139.7691875
0.0,2.23,35.67179167,139.7693125
0.0,2.39,35.67179167,139.7694375
0.0,2.31,35.67179167,139.7695625
0.0,2.22,35.67179167,139.7696875
0.0,2.18,35.67179167,139.7698125
0.0,2.16,35.67179167,139.7699375
0.0,2.2,35.67179167,139.7700625
0.0,2.24,35.67179167,139.7701875
0.0,2.18,35.67179167,139.7703125
0.0,2.35,35.67179167,139.7704375
0.0,2.78,35.67179167,139.7705625
0.0,2.83,35.67179167,139.7706875
0.0,2.84,35.67179167,139.7708125
0.0,2.96,35.67179167,139.7709375
0.0,3.06,35.67179167,139.7710625
0.0,2.83,35.67179167,139.7711875
0.0,2.87,35.67179167,139.7713125
0.0,3.03,35.67179167,139.7714375
0.0,3.21,35.67179167,139.7715625
0.0,2.98,35.67179167,139.7716875
0.784,1.63,35.67179167,139.7718125
3.834,-2.15,35.67179167,139.7719375
4.61,-2.02,35.67179167,139.7720625
4.152,0.2,35.67179167,139.7721875
0.0,2.81,35.67179167,139.7723125
0.0,2.6,35.67179167,139.7724375
0.0,2.69,35.67179167,139.7725625
0.0,2.72,35.67179167,139.7726875
0.0,2.58,35.67179167,139.7728125
0.0,2.6,35.67179167,139.7729375
0.0,2.39,35.67179167,139.7730625
0.0,2.33,35.67179167,139.7731875
0.0,2.42,35.67179167,139.7733125
0.0,2.36,35.67179167,139.7734375
0.0,2.15,35.67179167,139.7735625
0.0,2.1,35.67179167,139.7736875
0.0,2.29,35.67179167,139.7738125
0.0,2.41,35.67179167,139.7739375
0.0,2.34,35.67179167,139.7740625
0.0,2.14,35.67179167,139.7741875
0.0,1.94,35.67179167,139.7743125
0.0,1.89,35.67179167,139.7744375
0.0,1.92,35.67179167,139.7745625
0.0,1.83,35.67179167,139.7746875
0.0,1.94,35.67179167,139.7748125
0.0,1.97,35.67179167,139.7749375
0.0,1.86,35.67179167,139.7750625
0.0,1.7,35.67179167,139.7751875
0.0,1.75,35.67179167,139.7753125
0.861,1.66,35.67179167,139.7754375
1.088,1.43,35.67179167,139.7755625
0.896,1.62,35.67179167,139.7756875
1.117,1.4,35.67179167,139.7758125
0.883,1.64,35.67179167,139.7759375
0.0,2.74,35.67170833,139.7570625
0.0,2.87,35.67170833,139.7571875
0.0,2.86,35.67170833,139.7573125
0.0,2.96,35.67170833,139.7574375
0.0,3.03,35.67170833,139.7575625
0.0,2.96,35.67170833,139.7576875
0.0,2.89,35.67170833,139.7578125
0.0,3.07,35.67170833,139.7579375
0.0,3.01,35.67170833,139.7580625
0.0,3.3,35.67170833,139.7581875
0.0,3.63,35.67170833,139.7583125
0.0,3.56,35.67170833,139.7584375
0.0,3.32,35.67170833,139.7585625
0.0,2.56,35.67170833,139.7586875
0.0,2.54,35.67170833,139.7588125
0.0,2.53,35.67170833,139.7589375
0.0,2.34,35.67170833,139.7590625
0.0,2.39,35.67170833,139.7591875
0.0,2.42,35.67170833,139.7593125
0.0,2.4,35.67170833,139.7594375
0.0,2.36,35.67170833,139.7595625
0.0,2.34,35.67170833,139.7596875
0.0,2.46,35.67170833,139.7598125
0.0,2.74,35.67170833,139.7599375
0.0,2.99,35.67170833,139.7600625
0.0,3.22,35.67170833,139.7601875
0.0,3.46,35.67170833,139.7603125
0.0,3.54,35.67170833,139.7604375
0.0,3.51,35.67170833,139.7605625
0.0,3.62,35.67170833,139.7606875
0.0,3.66,35.67170833,139.7608125
0.0,3.69,35.67170833,139.7609375
0.0,3.72,35.67170833,139.7610625
0.0,3.78,35.67170833,139.7611875
0.0,3.76,35.67170833,139.7613125
0.0,3.59,35.67170833,139.7614375
0.0,3.46,35.67170833,139.7615625
0.0,3.48,35.67170833,139.7616875
0.0,3.65,35.67170833,139.7618125
0.0,3.62,35.67170833,139.7619375
0.0,3.47,35.67170833,139.7620625
0.0,3.54,35.67170833,139.7621875
0.0,3.64,35.67170833,139.7623125
0.0,3.68,35.67170833,139.7624375
0.0,3.73,35.67170833,139.7625625
0.0,3.79,35.67170833,139.7626875
0.0,3.83,35.67170833,139.7628125
0.0,3.85,35.67170833,139.7629375
0.0,3.96,35.67170833,139.7630625
0.0,4.1,35.67170833,139.7631875
0.0,3.94,35.67170833,139.7633125
0.0,3.78,35.67170833,139.7634375
0.0,3.73,35.67170833,139.7635625
0.0,3.94,35.67170833,139.7636875
0.0,3.99,35.67170833,139.7638125
0.0,4.06,35.67170833,139.7639375
0.0,4.07,35.67170833,139.7640625
0.0,3.91,35.67170833,139.7641875
0.0,3.95,35.67170833,139.7643125
0.0,3.95,35.67170833,139.7644375
0.0,3.87,35.67170833,139.7645625
0.0,3.9,35.67170833,139.7646875
0.0,4.09,35.67170833,139.7648125
0.0,4.22,35.67170833,139.7649375
0.0,4.22,35.67170833,139.7650625
0.0,4.16,35.67170833,139.7651875
0.0,4.08,35.67170833,139.7653125
0.0,3.86,35.67170833,139.7654375
0.0,3.85,35.67170833,139.7655625
0.0,3.92,35.67170833,139.7656875
0.0,4.09,35.67170833,139.7658125
0.0,4.05,35.67170833,139.7659375
0.0,4.04,35.67170833,139.7660625
0.0,3.99,35.67170833,139.7661875
0.0,3.76,35.67170833,139.7663125
0.0,3.74,35.67170833,139.7664375
0.0,3.74,35.67170833,139.7665625
0.0,3.79,35.67170833,139.7666875
0.0,3.89,35.67170833,139.7668125
0.0,4.0,35.67170833,139.7669375
0.0,3.92,35.67170833,139.7670625
0.0,3.76,35.67170833,139.7671875
0.0,3.32,35.67170833,139.7673125
0.0,3.23,35.67170833,139.7674375
0.0,3.05,35.67170833,139.7675625
0.0,3.04,35.67170833,139.7676875
0.0,3.06,35.67170833,139.7678125
0.0,3.14,35.67170833,139.7679375
0.0,3.04,35.67170833,139.7680625
0.0,2.92,35.67170833,139.7681875
0.0,2.82,35.67170833,139.7683125
0.0,2.65,35.67170833,139.7684375
0.0,2.54,35.67170833,139.7685625
0.0,2.27,35.67170833,139.7686875
0.0,2.27,35.67170833,139.7688125
0.0,2.51,35.67170833,139.7689375
0.0,2.31,35.67170833,139.7690625
0.0,2.17,35.67170833,139.7691875
0.0,2.35,35.67170833,139.7693125
0.0,2.42,35.67170833,139.7694375
0.0,2.32,35.67170833,139.7695625
0.0,2.2,35.67170833,139.7696875
0.0,2.18,35.67170833,139.7698125
0.0,2.1,35.67170833,139.7699375
0.0,2.13,35.67170833,139.7700625
0.0,2.23,35.67170833,139.7701875
0.0,2.07,35.67170833,139.7703125
0.0,2.25,35.67170833,139.7704375
0.0,2.55,35.67170833,139.7705625
0.0,2.74,35.67170833,139.7706875
0.0,2.72,35.67170833,139.7708125
0.0,2.74,35.67170833,139.7709375
0.0,2.73,35.67170833,139.7710625
0.0,2.87,35.67170833,139.7711875
0.0,2.92,35.67170833,139.7713125
0.0,3.12,35.67170833,139.7714375
0.0,3.27,35.67170833,139.7715625
0.0,3.19,35.67170833,139.7716875
0.89,1.63,35.67170833,139.7718125
4.678,-2.15,35.67170833,139.7719375
4.541,-2.02,35.67170833,139.7720625
2.321,0.2,35.67170833,139.7721875
0.0,3.05,35.67170833,139.7723125
0.0,2.91,35.67170833,139.7724375
0.0,2.79,35.67170833,139.7725625
0.0,2.74,35.67170833,139.7726875
0.0,2.58,35.67170833,139.7728125
0.0,2.73,35.67170833,139.7729375
0.0,2.44,35.67170833,139.7730625
0.0,2.32,35.67170833,139.7731875
0.0,2.61,35.67170833,139.7733125
0.0,2.35,35.67170833,139.7734375
0.0,2.15,35.67170833,139.7735625
0.0,2.2,35.67170833,139.7736875
0.0,2.35,35.67170833,139.7738125
0.0,2.46,35.67170833,139.7739375
0.0,2.5,35.67170833,139.7740625
0.0,2.12,35.67170833,139.7741875
0.0,2.02,35.67170833,139.7743125
0.0,1.89,35.67170833,139.7744375
0.0,1.77,35.67170833,139.7745625
0.0,1.75,35.67170833,139.7746875
0.0,1.83,35.67170833,139.7748125
0.0,1.87,35.67170833,139.7749375
0.0,1.77,35.67170833,139.7750625
0.0,1.73,35.67170833,139.7751875
0.843,1.75,35.67170833,139.7753125
0.914,1.66,35.67170833,139.7754375
1.136,1.43,35.67170833,139.7755625
0.994,1.62,35.67170833,139.7756875
1.064,1.4,35.67170833,139.7758125
0.0,1.73,35.67170833,139.7759375
0.0,2.84,35.671625,139.7570625
0.0,2.93,35.671625,139.7571875
0.0,2.92,35.671625,139.7573125
0.0,2.85,35.671625,139.7574375
0.0,2.87,35.671625,139.7575625
0.0,2.96,35.671625,139.7576875
0.0,2.87,35.671625,139.7578125
0.0,3.08,35.671625,139.7579375
0.0,3.06,35.671625,139.7580625
0.0,3.51,35.671625,139.7581875
0.0,3.63,35.671625,139.7583125
0.0,3.68,35.671625,139.7584375
0.0,3.74,35.671625,139.7585625
0.0,3.5,35.671625,139.7586875
0.0,2.53,35.671625,139.7588125
0.0,2.48,35.671625,139.7589375
0.0,2.33,35.671625,139.7590625
0.0,2.3,35.671625,139.7591875
0.0,2.33,35.671625,139.7593125
0.0,2.36,35.671625,139.7594375
0.0,2.35,35.671625,139.7595625
0.0,2.3,35.671625,139.7596875
0.0,2.55,35.671625,139.7598125
0.0,2.79,35.671625,139.7599375
0.0,3.05,35.671625,139.7600625
0.0,3.32,35.671625,139.7601875
0.0,3.55,35.671625,139.7603125
0.0,3.42,35.671625,139.7604375
0.0,3.52,35.671625,139.7605625
0.0,3.6,35.671625,139.7606875
0.0,3.66,35.671625,139.7608125
0.0,3.73,35.671625,139.7609375
0.0,3.77,35.671625,139.7610625
0.0,3.85,35.671625,139.7611875
0.0,3.84,35.671625,139.7613125
0.0,3.63,35.671625,139.7614375
0.0,3.56,35.671625,139.7615625
0.0,3.59,35.671625,139.7616875
0.0,3.66,35.671625,139.7618125
0.0,3.65,35.671625,139.7619375
0.0,3.58,35.671625,139.7620625
0.0,3.6,35.671625,139.7621875
0.0,3.71,35.671625,139.7623125
0.0,3.7,35.671625,139.7624375
0.0,3.8,35.671625,139.7625625
0.0,3.77,35.671625,139.7626875
0.0,3.85,35.671625,139.7628125
0.0,3.91,35.671625,139.7629375
0.0,3.94,35.671625,139.7630625
0.0,3.98,35.671625,139.7631875
0.0,3.88,35.671625,139.7633125
0.0,3.74,35.671625,139.7634375
0.0,3.94,35.671625,139.7635625
0.0,4.15,35.671625,139.7636875
0.0,4.22,35.671625,139.7638125
0.0,4.0,35.671625,139.7639375
0.0,3.97,35.671625,139.7640625
0.0,4.09,35.671625,139.7641875
0.0,3.92,35.671625,139.7643125
0.0,3.95,35.671625,139.7644375
0.0,3.96,35.671625,139.7645625
0.0,3.9,35.671625,139.7646875
0.0,4.04,35.671625,139.7648125
0.0,4.18,35.671625,139.7649375
0.0,4.16,35.671625,139.7650625
0.0,4.1,35.671625,139.7651875
0.0,3.96,35.671625,139.7653125
0.0,3.9,35.671625,139.7654375
0.0,3.87,35.671625,139.7655625
0.0,4.09,35.671625,139.7656875
0.0,4.08,35.671625,139.7658125
0.0,4.03,35.671625,139.7659375
0.0,4.02,35.671625,139.7660625
0.0,3.97,35.671625,139.7661875
0.0,3.92,35.671625,139.7663125
0.0,3.74,35.671625,139.7664375
0.0,3.63,35.671625,139.7665625
0.0,3.72,35.671625,139.7666875
0.0,3.87,35.671625,139.7668125
0.0,3.95,35.671625,139.7669375
0.0,3.75,35.671625,139.7670625
0.0,3.51,35.671625,139.7671875
0.0,3.19,35.671625,139.7673125
0.0,3.12,35.671625,139.7674375
0.0,2.98,35.671625,139.7675625
0.0,3.19,35.671625,139.7676875
0.0,3.02,35.671625,139.7678125
0.0,2.92,35.671625,139.7679375
0.0,2.92,35.671625,139.7680625
0.0,2.86,35.671625,139.7681875
0.0,2.74,35.671625,139.7683125
0.0,2.5,35.671625,139.7684375
0.0,2.43,35.671625,139.7685625
0.0,2.29,35.671625,139.7686875
0.0,2.41,35.671625,139.7688125
0.0,2.49,35.671625,139.7689375
0.0,2.17,35.671625,139.7690625
0.0,2.29,35.671625,139.7691875
0.0,2.33,35.671625,139.7693125
0.0,2.45,35.671625,139.7694375
0.0,2.32,35.671625,139.7695625
0.0,2.17,35.671625,139.7696875
0.0,2.24,35.671625,139.7698125
0.0,2.17,35.671625,139.7699375
0.0,2.05,35.671625,139.7700625
0.0,2.01,35.671625,139.7701875
0.0,2.05,35.671625,139.7703125
0.0,1.96,35.671625,139.7704375
0.0,2.13,35.671625,139.7705625
0.0,2.43,35.671625,139.7706875
0.0,2.35,35.671625,139.7708125
0.0,2.62,35.671625,139.7709375
0.0,2.68,35.671625,139.7710625
0.0,2.89,35.671625,139.7711875
0.0,3.13,35.671625,139.7713125
0.0,3.46,35.671625,139.7714375
0.0,3.48,35.671625,139.7715625
0.0,3.32,35.671625,139.7716875
1.603,0.92,35.671625,139.7718125
4.758,-2.23,35.671625,139.7719375
4.518,-1.99,35.671625,139.7720625
1.47,1.05,35.671625,139.7721875
0.0,3.5,35.671625,139.7723125
0.0,3.33,35.671625,139.7724375
0.0,3.02,35.671625,139.7725625
0.0,2.72,35.671625,139.7726875
0.0,2.64,35.671625,139.7728125
0.0,2.71,35.671625,139.7729375
0.0,2.36,35.671625,139.7730625
0.0,2.33,35.671625,139.7731875
0.0,2.56,35.671625,139.7733125
0.0,2.31,35.671625,139.7734375
0.0,2.13,35.671625,139.7735625
0.0,2.26,35.671625,139.7736875
0.0,2.27,35.671625,139.7738125
0.0,2.4,35.671625,139.7739375
0.0,2.4,35.671625,139.7740625
0.0,2.04,35.671625,139.7741875
0.0,1.98,35.671625,139.7743125
0.0,1.89,35.671625,139.7744375
0.0,1.81,35.671625,139.7745625
0.0,1.74,35.671625,139.7746875
0.0,1.67,35.671625,139.7748125
0.0,1.66,35.671625,139.7749375
0.0,1.76,35.671625,139.7750625
0.0,1.76,35.671625,139.7751875
0.905,1.61,35.671625,139.7753125
1.025,1.5,35.671625,139.7754375
1.092,1.43,35.671625,139.7755625
1.079,1.44,35.671625,139.7756875
0.983,1.54,35.671625,139.7758125
0.0,1.77,35.671625,139.7759375
0.0,2.85,35.67154167,139.7570625
0.0,2.89,35.67154167,139.7571875
0.0,2.92,35.67154167,139.7573125
0.0,2.87,35.67154167,139.7574375
0.0,2.83,35.67154167,139.7575625
0.0,2.83,35.67154167,139.7576875
0.0,2.89,35.67154167,139.7578125
0.0,3.0,35.67154167,139.7579375
0.0,3.19,35.67154167,139.7580625
0.0,3.62,35.67154167,139.7581875
0.0,3.69,35.67154167,139.7583125
0.0,3.73,35.67154167,139.7584375
0.0,3.76,35.67154167,139.7585625
0.0,3.59,35.67154167,139.7586875
0.0,2.72,35.67154167,139.7588125
0.0,2.63,35.67154167,139.7589375
0.0,2.29,35.67154167,139.7590625
0.0,2.27,35.67154167,139.7591875
0.0,2.28,35.67154167,139.7593125
0.0,2.3,35.67154167,139.7594375
0.0,2.32,35.67154167,139.7595625
0.0,2.28,35.67154167,139.7596875
0.0,2.54,35.67154167,139.7598125
0.0,2.86,35.67154167,139.7599375
0.0,3.16,35.67154167,139.7600625
0.0,3.39,35.67154167,139.7601875
0.0,3.52,35.67154167,139.7603125
0.0,3.42,35.67154167,139.7604375
0.0,3.49,35.67154167,139.7605625
0.0,3.55,35.67154167,139.7606875
0.0,3.65,35.67154167,139.7608125
0.0,3.75,35.67154167,139.7609375
0.0,3.85,35.67154167,139.7610625
0.0,3.94,35.67154167,139.7611875
0.0,3.82,35.67154167,139.7613125
0.0,3.6,35.67154167,139.7614375
0.0,3.62,35.67154167,139.7615625
0.0,3.74,35.67154167,139.7616875
0.0,3.65,35.67154167,139.7618125
0.0,3.61,35.67154167,139.7619375
0.0,3.62,35.67154167,139.7620625
0.0,3.69,35.67154167,139.7621875
0.0,3.63,35.67154167,139.7623125
0.0,3.64,35.67154167,139.7624375
0.0,3.8,35.67154167,139.7625625
0.0,3.78,35.67154167,139.7626875
0.0,3.85,35.67154167,139.7628125
0.0,3.93,35.67154167,139.7629375
0.0,3.9,35.67154167,139.7630625
0.0,3.89,35.67154167,139.7631875
0.0,3.75,35.67154167,139.7633125
0.0,3.89,35.67154167,139.7634375
0.0,4.2,35.67154167,139.7635625
0.0,4.43,35.67154167,139.7636875
0.0,4.39,35.67154167,139.7638125
0.0,4.14,35.67154167,139.7639375
0.0,4.09,35.67154167,139.7640625
0.0,4.22,35.67154167,139.7641875
0.0,4.15,35.67154167,139.7643125
0.0,3.93,35.67154167,139.7644375
0.0,4.03,35.67154167,139.7645625
0.0,4.01,35.67154167,139.7646875
0.0,3.94,35.67154167,139.7648125
0.0,4.12,35.67154167,139.7649375
0.0,4.13,35.67154167,139.7650625
0.0,4.02,35.67154167,139.7651875
0.0,3.92,35.67154167,139.7653125
0.0,3.9,35.67154167,139.7654375
0.0,4.03,35.67154167,139.7655625
0.0,4.07,35.67154167,139.7656875
0.0,4.06,35.67154167,139.7658125
0.0,4.03,35.67154167,139.7659375
0.0,3.99,35.67154167,139.7660625
0.0,3.96,35.67154167,139.7661875
0.0,3.83,35.67154167,139.7663125
0.0,3.77,35.67154167,139.7664375
0.0,3.62,35.67154167,139.7665625
0.0,3.56,35.67154167,139.7666875
0.0,3.8,35.67154167,139.7668125
0.0,3.74,35.67154167,139.7669375
0.0,3.62,35.67154167,139.7670625
0.0,3.34,35.67154167,139.7671875
0.0,3.22,35.67154167,139.7673125
0.0,3.06,35.67154167,139.7674375
0.0,3.07,35.67154167,139.7675625
0.0,3.14,35.67154167,139.7676875
0.0,3.06,35.67154167,139.7678125
0.0,2.91,35.67154167,139.7679375
0.0,2.86,35.67154167,139.7680625
0.0,2.88,35.67154167,139.7681875
0.0,2.68,35.67154167,139.7683125
0.0,2.47,35.67154167,139.7684375
0.0,2.33,35.67154167,139.7685625
0.0,2.37,35.67154167,139.7686875
0.0,2.53,35.67154167,139.7688125
0.0,2.32,35.67154167,139.7689375
0.0,2.23,35.67154167,139.7690625
0.0,2.38,35.67154167,139.7691875
0.0,2.36,35.67154167,139.7693125
0.0,2.28,35.67154167,139.7694375
0.0,2.19,35.67154167,139.7695625
0.0,2.18,35.67154167,139.7696875
0.0,2.24,35.67154167,139.7698125
0.0,2.24,35.67154167,139.7699375
0.0,2.1,35.67154167,139.7700625
0.0,1.95,35.67154167,139.7701875
0.0,1.94,35.67154167,139.7703125
0.0,1.82,35.67154167,139.7704375
0.0,1.88,35.67154167,139.7705625
0.0,1.96,35.67154167,139.7706875
0.0,2.29,35.67154167,139.7708125
0.0,2.66,35.67154167,139.7709375
0.0,2.81,35.67154167,139.7710625
0.0,2.92,35.67154167,139.7711875
0.0,3.22,35.67154167,139.7713125
0.0,3.55,35.67154167,139.7714375
0.0,3.68,35.67154167,139.7715625
0.0,3.62,35.67154167,139.7716875
2.951,-0.43,35.67154167,139.7718125
4.666,-2.14,35.67154167,139.7719375
4.388,-1.86,35.67154167,139.7720625
0.0,2.3,35.67154167,139.7721875
0.0,3.94,35.67154167,139.7723125
0.0,3.79,35.67154167,139.7724375
0.0,3.19,35.67154167,139.7725625
0.0,2.7,35.67154167,139.7726875
0.0,2.6,35.67154167,139.7728125
0.0,2.56,35.67154167,139.7729375
0.0,2.33,35.67154167,139.7730625
0.0,2.46,35.67154167,139.7731875
0.0,2.48,35.67154167,139.7733125
0.0,2.22,35.67154167,139.7734375
0.0,2.13,35.67154167,139.7735625
0.0,2.16,35.67154167,139.7736875
0.0,2.17,35.67154167,139.7738125
0.0,2.25,35.67154167,139.7739375
0.0,2.13,35.67154167,139.7740625
0.0,2.06,35.67154167,139.7741875
0.0,2.0,35.67154167,139.7743125
0.0,1.7,35.67154167,139.7744375
0.0,1.68,35.67154167,139.7745625
0.0,1.86,35.67154167,139.7746875
0.0,1.86,35.67154167,139.7748125
0.0,1.83,35.67154167,139.7749375
0.0,1.77,35.67154167,139.7750625
0.0,1.81,35.67154167,139.7751875
0.958,1.56,35.67154167,139.7753125
1.074,1.45,35.67154167,139.7754375
0.995,1.52,35.67154167,139.7755625
1.146,1.37,35.67154167,139.7756875
0.953,1.57,35.67154167,139.7758125
0.0,1.8,35.67154167,139.7759375
0.0,2.84,35.67145833,139.7570625
0.0,2.88,35.67145833,139.7571875
0.0,2.91,35.67145833,139.7573125
0.0,2.85,35.67145833,139.7574375
0.0,2.82,35.67145833,139.7575625
0.0,2.85,35.67145833,139.7576875
0.0,2.9,35.67145833,139.7578125
0.0,2.87,35.67145833,139.7579375
0.0,3.26,35.67145833,139.7580625
0.0,3.58,35.67145833,139.7581875
0.0,3.71,35.67145833,139.7583125
0.0,3.77,35.67145833,139.7584375
0.0,3.8,35.67145833,139.7585625
0.0,3.34,35.67145833,139.7586875
0.0,2.78,35.67145833,139.7588125
0.0,2.74,35.67145833,139.7589375
0.0,2.4,35.67145833,139.7590625
0.0,2.34,35.67145833,139.7591875
0.0,2.28,35.67145833,139.7593125
0.0,2.26,35.67145833,139.7594375
0.0,2.23,35.67145833,139.7595625
0.0,2.37,35.67145833,139.7596875
0.0,2.61,35.67145833,139.7598125
0.0,2.89,35.67145833,139.7599375
0.0,3.2,35.67145833,139.7600625
0.0,3.51,35.67145833,139.7601875
0.0,3.4,35.67145833,139.7603125
0.0,3.42,35.67145833,139.7604375
0.0,3.47,35.67145833,139.7605625
0.0,3.48,35.67145833,139.7606875
0.0,3.57,35.67145833,139.7608125
0.0,3.73,35.67145833,139.7609375
0.0,3.85,35.67145833,139.7610625
0.0,3.95,35.67145833,139.7611875
0.0,3.75,35.67145833,139.7613125
0.0,3.73,35.67145833,139.7614375
0.0,3.7,35.67145833,139.7615625
0.0,3.77,35.67145833,139.7616875
0.0,3.68,35.67145833,139.7618125
0.0,3.62,35.67145833,139.7619375
0.0,3.66,35.67145833,139.7620625
0.0,3.69,35.67145833,139.7621875
0.0,3.63,35.67145833,139.7623125
0.0,3.56,35.67145833,139.7624375
0.0,3.69,35.67145833,139.7625625
0.0,3.73,35.67145833,139.7626875
0.0,3.81,35.67145833,139.7628125
0.0,3.88,35.67145833,139.7629375
0.0,3.89,35.67145833,139.7630625
0.0,3.83,35.67145833,139.7631875
0.0,3.8,35.67145833,139.7633125
0.0,4.09,35.67145833,139.7634375
0.0,4.35,35.67145833,139.7635625
0.0,4.6,35.67145833,139.7636875
0.0,4.35,35.67145833,139.7638125
0.0,4.17,35.67145833,139.7639375
0.0,4.26,35.67145833,139.7640625
0.0,4.27,35.67145833,139.7641875
0.0,4.19,35.67145833,139.7643125
0.0,4.08,35.67145833,139.7644375
0.0,4.01,35.67145833,139.7645625
0.0,4.09,35.67145833,139.7646875
0.0,3.99,35.67145833,139.7648125
0.0,4.01,35.67145833,139.7649375
0.0,3.97,35.67145833,139.7650625
0.0,3.95,35.67145833,139.7651875
0.0,3.98,35.67145833,139.7653125
0.0,4.0,35.67145833,139.7654375
0.0,4.08,35.67145833,139.7655625
0.0,4.09,35.67145833,139.7656875
0.0,4.06,35.67145833,139.7658125
0.0,4.03,35.67145833,139.7659375
0.0,3.98,35.67145833,139.7660625
0.0,3.94,35.67145833,139.7661875
0.0,3.85,35.67145833,139.7663125
0.0,3.91,35.67145833,139.7664375
0.0,3.77,35.67145833,139.7665625
0.0,3.54,35.67145833,139.7666875
0.0,3.55,35.67145833,139.7668125
0.0,3.59,35.67145833,139.7669375
0.0,3.51,35.67145833,139.7670625
0.0,3.31,35.67145833,139.7671875
0.0,3.17,35.67145833,139.7673125
0.0,3.02,35.67145833,139.7674375
0.0,3.1,35.67145833,139.7675625
0.0,3.08,35.67145833,139.7676875
0.0,3.0,35.67145833,139.7678125
0.0,2.91,35.67145833,139.7679375
0.0,2.91,35.67145833,139.7680625
0.0,3.0,35.67145833,139.7681875
0.0,2.69,35.67145833,139.7683125
0.0,2.4,35.67145833,139.7684375
0.0,2.28,35.67145833,139.7685625
0.0,2.73,35.67145833,139.7686875
0.0,2.52,35.67145833,139.7688125
0.0,2.24,35.67145833,139.7689375
0.0,2.16,35.67145833,139.7690625
0.0,2.29,35.67145833,139.7691875
0.0,2.41,35.67145833,139.7693125
0.0,2.24,35.67145833,139.7694375
0.0,2.15,35.67145833,139.7695625
0.0,2.2,35.67145833,139.7696875
0.0,2.21,35.67145833,139.7698125
0.0,2.13,35.67145833,139.7699375
0.0,2.0,35.67145833,139.7700625
0.0,2.0,35.67145833,139.7701875
0.0,1.83,35.67145833,139.7703125
0.0,1.72,35.67145833,139.7704375
0.0,1.7,35.67145833,139.7705625
0.0,1.85,35.67145833,139.7706875
0.0,2.21,35.67145833,139.7708125
0.0,2.55,35.67145833,139.7709375
0.0,2.74,35.67145833,139.7710625
0.0,3.12,35.67145833,139.7711875
0.0,3.43,35.67145833,139.7713125
0.0,3.66,35.67145833,139.7714375
0.0,3.96,35.67145833,139.7715625
0.0,3.72,35.67145833,139.7716875
3.795,-1.27,35.67145833,139.7718125
4.47,-1.95,35.67145833,139.7719375
4.19,-1.67,35.67145833,139.7720625
0.0,2.79,35.67145833,139.7721875
0.0,4.26,35.67145833,139.7723125
0.0,4.02,35.67145833,139.7724375
0.0,3.32,35.67145833,139.7725625
0.0,2.78,35.67145833,139.7726875
0.0,2.8,35.67145833,139.7728125
0.0,2.5,35.67145833,139.7729375
0.0,2.38,35.67145833,139.7730625
0.0,2.54,35.67145833,139.7731875
0.0,2.45,35.67145833,139.7733125
0.0,2.21,35.67145833,139.7734375
0.0,2.16,35.67145833,139.7735625
0.0,2.19,35.67145833,139.7736875
0.0,2.15,35.67145833,139.7738125
0.0,2.09,35.67145833,139.7739375
0.0,2.03,35.67145833,139.7740625
0.0,2.06,35.67145833,139.7741875
0.0,2.06,35.67145833,139.7743125
0.0,1.93,35.67145833,139.7744375
0.0,1.65,35.67145833,139.7745625
0.0,1.87,35.67145833,139.7746875
0.0,1.79,35.67145833,139.7748125
0.0,1.77,35.67145833,139.7749375
0.0,1.74,35.67145833,139.7750625
0.0,1.97,35.67145833,139.7751875
0.0,1.77,35.67145833,139.7753125
1.058,1.46,35.67145833,139.7754375
0.981,1.54,35.67145833,139.7755625
1.115,1.41,35.67145833,139.7756875
1.019,1.5,35.67145833,139.7758125
0.894,1.63,35.67145833,139.7759375
0.0,2.84,35.671375,139.7570625
0.0,2.88,35.671375,139.7571875
0.0,2.88,35.671375,139.7573125
0.0,2.85,35.671375,139.7574375
0.0,2.84,35.671375,139.7575625
0.0,2.91,35.671375,139.7576875
0.0,2.98,35.671375,139.7578125
0.0,2.9,35.671375,139.7579375
0.0,3.15,35.671375,139.7580625
0.0,3.53,35.671375,139.7581875
0.0,3.67,35.671375,139.7583125
0.0,3.77,35.671375,139.7584375
0.0,3.86,35.671375,139.7585625
0.0,3.33,35.671375,139.7586875
0.0,2.87,35.671375,139.7588125
0.0,2.86,35.671375,139.7589375
0.0,2.62,35.671375,139.7590625
0.0,2.45,35.671375,139.7591875
0.0,2.38,35.671375,139.7593125
0.0,2.3,35.671375,139.7594375
0.0,2.28,35.671375,139.7595625
0.0,2.53,35.671375,139.7596875
0.0,2.77,35.671375,139.7598125
0.0,3.02,35.671375,139.7599375
0.0,3.25,35.671375,139.7600625
0.0,3.51,35.671375,139.7601875
0.0,3.28,35.671375,139.7603125
0.0,3.25,35.671375,139.7604375
0.0,3.39,35.671375,139.7605625
0.0,3.43,35.671375,139.7606875
0.0,3.59,35.671375,139.7608125
0.0,3.78,35.671375,139.7609375
0.0,3.82,35.671375,139.7610625
0.0,3.7,35.671375,139.7611875
0.0,3.7,35.671375,139.7613125
0.0,3.76,35.671375,139.7614375
0.0,3.77,35.671375,139.7615625
0.0,3.74,35.671375,139.7616875
0.0,3.63,35.671375,139.7618125
0.0,3.63,35.671375,139.7619375
0.0,3.63,35.671375,139.7620625
0.0,3.65,35.671375,139.7621875
0.0,3.81,35.671375,139.7623125
0.0,3.73,35.671375,139.7624375
0.0,3.64,35.671375,139.7625625
0.0,3.73,35.671375,139.7626875
0.0,3.64,35.671375,139.7628125
0.0,3.77,35.671375,139.7629375
0.0,3.81,35.671375,139.7630625
0.0,3.75,35.671375,139.7631875
0.0,4.0,35.671375,139.7633125
0.0,4.31,35.671375,139.7634375
0.0,4.36,35.671375,139.7635625
0.0,4.43,35.671375,139.7636875
0.0,4.23,35.671375,139.7638125
0.0,4.25,35.671375,139.7639375
0.0,4.37,35.671375,139.7640625
0.0,4.38,35.671375,139.7641875
0.0,4.22,35.671375,139.7643125
0.0,4.13,35.671375,139.7644375
0.0,4.15,35.671375,139.7645625
0.0,4.0,35.671375,139.7646875
0.0,4.12,35.671375,139.7648125
0.0,4.08,35.671375,139.7649375
0.0,3.97,35.671375,139.7650625
0.0,4.01,35.671375,139.7651875
0.0,4.0,35.671375,139.7653125
0.0,4.09,35.671375,139.7654375
0.0,4.04,35.671375,139.7655625
0.0,4.05,35.671375,139.7656875
0.0,4.09,35.671375,139.7658125
0.0,4.07,35.671375,139.7659375
0.0,3.99,35.671375,139.7660625
0.0,3.94,35.671375,139.7661875
0.0,3.95,35.671375,139.7663125
0.0,3.91,35.671375,139.7664375
0.0,3.87,35.671375,139.7665625
0.0,3.75,35.671375,139.7666875
0.0,3.48,35.671375,139.7668125
0.0,3.42,35.671375,139.7669375
0.0,3.41,35.671375,139.7670625
0.0,3.34,35.671375,139.7671875
0.0,3.1,35.671375,139.7673125
0.0,3.12,35.671375,139.7674375
0.0,3.17,35.671375,139.7675625
0.0,3.11,35.671375,139.7676875
0.0,3.0,35.671375,139.7678125
0.0,2.92,35.671375,139.7679375
0.0,2.97,35.671375,139.7680625
0.0,2.82,35.671375,139.7681875
0.0,2.61,35.671375,139.7683125
0.0,2.34,35.671375,139.7684375
0.0,1.39,35.671375,139.7685625
0.0,1.66,35.671375,139.7686875
0.0,2.4,35.671375,139.7688125
0.0,2.29,35.671375,139.7689375
0.0,2.26,35.671375,139.7690625
0.0,2.13,35.671375,139.7691875
0.0,2.29,35.671375,139.7693125
0.0,2.18,35.671375,139.7694375
0.0,2.18,35.671375,139.7695625
0.0,2.14,35.671375,139.7696875
0.0,2.09,35.671375,139.7698125
0.0,1.97,35.671375,139.7699375
0.0,1.99,35.671375,139.7700625
0.0,2.03,35.671375,139.7701875
0.0,1.83,35.671375,139.7703125
0.0,1.62,35.671375,139.7704375
0.0,1.65,35.671375,139.7705625
0.0,1.86,35.671375,139.7706875
0.0,2.17,35.671375,139.7708125
0.0,2.36,35.671375,139.7709375
0.0,2.65,35.671375,139.7710625
0.0,3.04,35.671375,139.7711875
0.0,3.52,35.671375,139.7713125
0.0,3.95,35.671375,139.7714375
0.0,4.23,35.671375,139.7715625
0.0,2.26,35.671375,139.7716875
4.635,-2.11,35.671375,139.7718125
4.131,-1.6,35.671375,139.7719375
4.03,-1.5,35.671375,139.7720625
2.385,0.14,35.671375,139.7721875
0.0,4.28,35.671375,139.7723125
0.0,3.94,35.671375,139.7724375
0.0,3.44,35.671375,139.7725625
0.0,3.0,35.671375,139.7726875
0.0,2.95,35.671375,139.7728125
0.0,2.74,35.671375,139.7729375
0.0,2.54,35.671375,139.7730625
0.0,2.55,35.671375,139.7731875
0.0,2.46,35.671375,139.7733125
0.0,2.21,35.671375,139.7734375
0.0,2.25,35.671375,139.7735625
0.0,2.28,35.671375,139.7736875
0.0,2.28,35.671375,139.7738125
0.0,2.25,35.671375,139.7739375
0.0,1.98,35.671375,139.7740625
0.0,1.95,35.671375,139.7741875
0.0,2.02,35.671375,139.7743125
0.0,1.82,35.671375,139.7744375
0.0,1.69,35.671375,139.7745625
0.0,1.79,35.671375,139.7746875
0.0,1.77,35.671375,139.7748125
0.86,1.66,35.671375,139.7749375
0.0,1.78,35.671375,139.7750625
0.0,1.94,35.671375,139.7751875
0.944,1.58,35.671375,139.7753125
1.155,1.36,35.671375,139.7754375
1.09,1.43,35.671375,139.7755625
1.14,1.38,35.671375,139.7756875
1.045,1.48,35.671375,139.7758125
1.02,1.5,35.671375,139.7759375
0.0,2.83,35.67129167,139.7574375
0.0,2.88,35.67129167,139.7575625
0.0,2.94,35.67129167,139.7576875
0.0,2.98,35.67129167,139.7578125
0.0,3.53,35.67129167,139.7581875
0.0,3.68,35.67129167,139.7583125
0.0,3.29,35.67129167,139.7586875
0.0,2.89,35.67129167,139.7588125
0.0,2.96,35.67129167,139.7589375
0.0,2.84,35.67129167,139.7590625
0.0,2.63,35.67129167,139.7591875
0.0,2.52,35.67129167,139.7593125
0.0,2.35,35.67129167,139.7594375
0.0,3.41,35.67129167,139.7601875
0.0,3.3,35.67129167,139.7603125
0.0,3.17,35.67129167,139.7604375
0.0,3.34,35.67129167,139.7605625
0.0,3.48,35.67129167,139.7606875
0.0,3.79,35.67129167,139.7621875
0.0,3.8,35.67129167,139.7623125
0.0,3.7,35.67129167,139.7624375
0.0,3.77,35.67129167,139.7625625
0.0,3.75,35.67129167,139.7629375
0.0,4.24,35.67129167,139.7644375
0.0,4.22,35.67129167,139.7645625
0.0,4.14,35.67129167,139.7646875
0.0,4.05,35.67129167,139.7648125
0.0,4.04,35.67129167,139.7658125
0.0,4.08,35.67129167,139.7659375
0.0,3.96,35.67129167,139.7663125
0.0,3.9,35.67129167,139.7664375
0.0,3.86,35.67129167,139.7665625
0.0,3.83,35.67129167,139.7666875
0.0,3.61,35.67129167,139.7668125
0.0,3.45,35.67129167,139.7669375
0.0,3.45,35.67129167,139.7670625
0.0,3.34,35.67129167,139.7671875
0.0,3.13,35.67129167,139.7673125
0.0,3.29,35.67129167,139.7674375
0.0,3.22,35.67129167,139.7675625
0.0,3.09,35.67129167,139.7676875
0.0,3.0,35.67129167,139.7678125
0.0,3.01,35.67129167,139.7679375
0.0,2.45,35.67129167,139.7683125
0.0,2.01,35.67129167,139.7684375
0.0,1.39,35.67129167,139.7685625
0.0,1.39,35.67129167,139.7686875
0.0,2.1,35.67129167,139.7693125
0.0,2.11,35.67129167,139.7694375
0.0,2.14,35.67129167,139.7695625
0.0,2.12,35.67129167,139.7696875
0.0,2.04,35.67129167,139.7698125
0.0,1.99,35.67129167,139.7699375
0.0,1.84,35.67129167,139.7703125
0.0,3.07,35.67129167,139.7711875
0.0,4.36,35.67129167,139.7715625
3.62,-1.09,35.67129167,139.7716875
4.191,-1.66,35.67129167,139.7718125
0.0,2.07,35.67129167,139.7723125
0.0,3.76,35.67129167,139.7724375
0.0,3.43,35.67129167,139.7725625
0.0,3.28,35.67129167,139.7726875
0.0,2.35,35.67129167,139.7735625
0.0,2.34,35.67129167,139.7736875
0.0,2.35,35.67129167,139.7738125
0.0,1.8,35.67129167,139.7741875
0.0,1.88,35.67129167,139.7743125
0.0,1.78,35.67129167,139.7744375
0.0,1.76,35.67129167,139.7745625
0.0,1.92,35.67129167,139.7746875
0.0,1.79,35.67129167,139.7748125
0.995,1.52,35.67129167,139.7749375
0.818,1.7,35.67129167,139.7750625
0.0,1.84,35.67129167,139.7751875
0.932,1.59,35.67129167,139.7753125
1.069,1.45,35.67129167,139.7756875
0.871,1.65,35.67129167,139.7758125
0.0,1.76,35.67129167,139.7759375
0.0,2.84,35.67129167,139.7570625
0.0,2.87,35.67129167,139.7571875
0.0,2.87,35.67129167,139.7573125
0.0,2.92,35.67129167,139.7579375
0.0,3.23,35.67129167,139.7580625
0.0,3.78,35.67129167,139.7584375
0.0,3.78,35.67129167,139.7585625
0.0,2.31,35.67129167,139.7595625
0.0,2.54,35.67129167,139.7596875
0.0,2.86,35.67129167,139.7598125
0.0,3.15,35.67129167,139.7599375
0.0,3.41,35.67129167,139.7600625
0.0,3.74,35.67129167,139.7608125
0.0,3.77,35.67129167,139.7609375
0.0,3.65,35.67129167,139.7610625
0.0,3.61,35.67129167,139.7611875
0.0,3.72,35.67129167,139.7613125
0.0,3.72,35.67129167,139.7614375
0.0,3.78,35.67129167,139.7615625
0.0,3.66,35.67129167,139.7616875
0.0,3.56,35.67129167,139.7618125
0.0,3.63,35.67129167,139.7619375
0.0,3.62,35.67129167,139.7620625
0.0,3.7,35.67129167,139.7626875
0.0,3.65,35.67129167,139.7628125
0.0,3.75,35.67129167,139.7630625
0.0,3.9,35.67129167,139.7631875
0.0,4.13,35.67129167,139.7633125
0.0,4.28,35.67129167,139.7634375
0.0,4.32,35.67129167,139.7635625
0.0,4.31,35.67129167,139.7636875
0.0,4.28,35.67129167,139.7638125
0.0,4.46,35.67129167,139.7639375
0.0,4.48,35.67129167,139.7640625
0.0,4.39,35.67129167,139.7641875
0.0,4.21,35.67129167,139.7643125
0.0,4.18,35.67129167,139.7649375
0.0,4.15,35.67129167,139.7650625
0.0,4.01,35.67129167,139.7651875
0.0,3.97,35.67129167,139.7653125
0.0,4.05,35.67129167,139.7654375
0.0,4.01,35.67129167,139.7655625
0.0,4.0,35.67129167,139.7656875
0.0,4.05,35.67129167,139.7660625
0.0,3.97,35.67129167,139.7661875
0.0,2.93,35.67129167,139.7680625
0.0,2.66,35.67129167,139.7681875
0.0,2.27,35.67129167,139.7688125
0.0,2.41,35.67129167,139.7689375
0.0,2.31,35.67129167,139.7690625
0.0,2.14,35.67129167,139.7691875
0.0,2.11,35.67129167,139.7700625
0.0,2.05,35.67129167,139.7701875
0.0,1.66,35.67129167,139.7704375
0.0,1.56,35.67129167,139.7705625
0.0,1.74,35.67129167,139.7706875
0.0,1.97,35.67129167,139.7708125
0.0,2.21,35.67129167,139.7709375
0.0,2.74,35.67129167,139.7710625
0.0,3.48,35.67129167,139.7713125
0.0,4.02,35.67129167,139.7714375
3.818,-1.29,35.67129167,139.7719375
3.957,-1.43,35.67129167,139.7720625
4.199,-1.66,35.67129167,139.7721875
0.0,3.21,35.67129167,139.7728125
0.0,2.89,35.67129167,139.7729375
0.0,2.69,35.67129167,139.7730625
0.0,2.66,35.67129167,139.7731875
0.0,2.53,35.67129167,139.7733125
0.0,2.32,35.67129167,139.7734375
0.0,2.28,35.67129167,139.7739375
0.0,1.96,35.67129167,139.7740625
1.183,1.34,35.67129167,139.7754375
1.225,1.29,35.67129167,139.7755625
0.0,2.86,35.67120833,139.7574375
0.0,2.9,35.67120833,139.7575625
0.0,3.69,35.67120833,139.7583125
0.0,3.2,35.67120833,139.7586875
0.0,2.96,35.67120833,139.7588125
0.0,3.12,35.67120833,139.7589375
0.0,2.92,35.67120833,139.7590625
0.0,2.3,35.67120833,139.7594375
0.0,3.32,35.67120833,139.7601875
0.0,3.37,35.67120833,139.7603125
0.0,3.36,35.67120833,139.7604375
0.0,3.22,35.67120833,139.7605625
0.0,3.94,35.67120833,139.7621875
0.0,4.02,35.67120833,139.7648125
0.0,3.99,35.67120833,139.7658125
0.0,4.03,35.67120833,139.7659375
0.0,3.99,35.67120833,139.7663125
0.0,3.89,35.67120833,139.7664375
0.0,3.58,35.67120833,139.7668125
0.0,3.5,35.67120833,139.7669375
0.0,3.42,35.67120833,139.7670625
0.0,3.27,35.67120833,139.7671875
0.0,3.18,35.67120833,139.7675625
0.0,3.03,35.67120833,139.7676875
0.0,3.0,35.67120833,139.7678125
0.0,3.05,35.67120833,139.7679375
0.0,2.29,35.67120833,139.7683125
0.0,1.39,35.67120833,139.7684375
0.0,1.39,35.67120833,139.7685625
0.0,2.06,35.67120833,139.7686875
0.0,2.1,35.67120833,139.7693125
0.0,2.04,35.67120833,139.7694375
0.0,2.1,35.67120833,139.7695625
0.0,2.12,35.67120833,139.7696875
0.0,2.03,35.67120833,139.7698125
0.0,2.1,35.67120833,139.7699375
0.907,1.62,35.67120833,139.7715625
4.386,-1.86,35.67120833,139.7716875
3.709,-1.18,35.67120833,139.7718125
0.0,3.33,35.67120833,139.7725625
0.0,3.12,35.67120833,139.7726875
0.0,2.41,35.67120833,139.7736875
0.0,2.41,35.67120833,139.7738125
0.0,1.9,35.67120833,139.7741875
0.845,1.68,35.67120833,139.7743125
0.866,1.65,35.67120833,139.7744375
0.0,1.75,35.67120833,139.7745625
0.0,1.83,35.67120833,139.7746875
0.875,1.65,35.67120833,139.7748125
1.035,1.49,35.67120833,139.7749375
1.001,1.52,35.67120833,139.7750625
0.0,1.7,35.67120833,139.7751875
0.834,1.69,35.67120833,139.7758125
0.0,1.79,35.67120833,139.7759375
0.0,2.83,35.67120833,139.7570625
0.0,2.85,35.67120833,139.7571875
0.0,2.86,35.67120833,139.7573125
0.0,2.92,35.67120833,139.7576875
0.0,2.95,35.67120833,139.7578125
0.0,2.95,35.67120833,139.7579375
0.0,3.57,35.67120833,139.7581875
0.0,3.74,35.67120833,139.7584375
0.0,3.48,35.67120833,139.7585625
0.0,2.74,35.67120833,139.7591875
0.0,2.59,35.67120833,139.7593125
0.0,2.33,35.67120833,139.7595625
0.0,2.65,35.67120833,139.7596875
0.0,2.91,35.67120833,139.7598125
0.0,3.2,35.67120833,139.7599375
0.0,3.47,35.67120833,139.7600625
0.0,3.34,35.67120833,139.7606875
0.0,3.68,35.67120833,139.7608125
0.0,3.52,35.67120833,139.7610625
0.0,3.64,35.67120833,139.7611875
0.0,3.81,35.67120833,139.7613125
0.0,3.8,35.67120833,139.7614375
0.0,3.54,35.67120833,139.7616875
0.0,3.62,35.67120833,139.7618125
0.0,3.61,35.67120833,139.7619375
0.0,3.74,35.67120833,139.7620625
0.0,3.74,35.67120833,139.7623125
0.0,3.8,35.67120833,139.7624375
0.0,3.93,35.67120833,139.7625625
0.0,3.92,35.67120833,139.7626875
0.0,3.71,35.67120833,139.7628125
0.0,3.72,35.67120833,139.7629375
0.0,3.91,35.67120833,139.7630625
0.0,4.07,35.67120833,139.7631875
0.0,4.08,35.67120833,139.7633125
0.0,4.18,35.67120833,139.7634375
0.0,4.18,35.67120833,139.7635625
0.0,4.24,35.67120833,139.7636875
0.0,4.38,35.67120833,139.7638125
0.0,4.46,35.67120833,139.7639375
0.0,4.51,35.67120833,139.7640625
0.0,4.33,35.67120833,139.7641875
0.0,4.25,35.67120833,139.7643125
0.0,4.29,35.67120833,139.7644375
0.0,4.25,35.67120833,139.7645625
0.0,4.23,35.67120833,139.7646875
0.0,4.15,35.67120833,139.7649375
0.0,4.2,35.67120833,139.7650625
0.0,4.07,35.67120833,139.7651875
0.0,3.97,35.67120833,139.7653125
0.0,4.02,35.67120833,139.7654375
0.0,3.99,35.67120833,139.7655625
0.0,3.96,35.67120833,139.7656875
0.0,4.06,35.67120833,139.7660625
0.0,4.03,35.67120833,139.7661875
0.0,3.84,35.67120833,139.7665625
0.0,3.77,35.67120833,139.7666875
0.0,3.11,35.67120833,139.7673125
0.0,3.31,35.67120833,139.7674375
0.0,2.81,35.67120833,139.7680625
0.0,2.54,35.67120833,139.7681875
0.0,2.38,35.67120833,139.7688125
0.0,2.52,35.67120833,139.7689375
0.0,2.54,35.67120833,139.7690625
0.0,2.21,35.67120833,139.7691875
0.0,2.3,35.67120833,139.7700625
0.0,2.16,35.67120833,139.7701875
0.0,1.76,35.67120833,139.7703125
0.0,1.6,35.67120833,139.7705625
0.0,1.64,35.67120833,139.7706875
0.0,1.78,35.67120833,139.7708125
0.0,1.93,35.67120833,139.7709375
0.0,2.67,35.67120833,139.7710625
0.0,3.11,35.67120833,139.7711875
0.0,3.85,35.67120833,139.7714375
3.929,-1.4,35.67120833,139.7719375
4.04,-1.49,35.67120833,139.7720625
4.412,-1.83,35.67120833,139.7721875
3.867,-1.3,35.67120833,139.7723125
2.083,0.45,35.67120833,139.7724375
0.0,3.19,35.67120833,139.7728125
0.0,3.04,35.67120833,139.7729375
0.0,2.9,35.67120833,139.7730625
0.0,2.85,35.67120833,139.7731875
0.0,2.46,35.67120833,139.7734375
0.0,2.49,35.67120833,139.7735625
0.0,2.22,35.67120833,139.7739375
0.0,2.02,35.67120833,139.7740625
1.127,1.39,35.67120833,139.7753125
1.18,1.34,35.67120833,139.7754375
1.331,1.19,35.67120833,139.7755625
1.053,1.47,35.67120833,139.7756875
0.0,3.25,35.67120833,139.7580625
0.0,3.56,35.67120833,139.7609375
0.0,3.76,35.67120833,139.7615625
0.0,1.7,35.67120833,139.7704375
0.0,3.47,35.67120833,139.7713125
0.0,2.65,35.67120833,139.7733125
0.0,2.83,35.671125,139.7570625
0.0,2.83,35.671125,139.7571875
0.0,2.82,35.671125,139.7573125
0.0,2.88,35.671125,139.7574375
0.0,2.89,35.671125,139.7575625
0.0,3.55,35.671125,139.7583125
0.0,3.56,35.671125,139.7584375
0.0,3.35,35.671125,139.7585625
0.0,3.36,35.671125,139.7586875
0.0,3.24,35.671125,139.7588125
0.0,3.27,35.671125,139.7589375
0.0,3.04,35.671125,139.7590625
0.0,2.16,35.671125,139.7594375
0.0,2.43,35.671125,139.7595625
0.0,2.71,35.671125,139.7596875
0.0,3.02,35.671125,139.7598125
0.0,3.27,35.671125,139.7599375
0.0,3.49,35.671125,139.7600625
0.0,3.32,35.671125,139.7601875
0.0,3.34,35.671125,139.7603125
0.0,3.4,35.671125,139.7604375
0.0,3.34,35.671125,139.7605625
0.0,3.53,35.671125,139.7616875
0.0,3.61,35.671125,139.7618125
0.0,3.65,35.671125,139.7619375
0.0,3.89,35.671125,139.7620625
0.0,3.92,35.671125,139.7621875
0.0,3.97,35.671125,139.7630625
0.0,4.16,35.671125,139.7631875
0.0,4.07,35.671125,139.7633125
0.0,4.12,35.671125,139.7634375
0.0,4.11,35.671125,139.7635625
0.0,4.46,35.671125,139.7639375
0.0,4.39,35.671125,139.7640625
0.0,4.32,35.671125,139.7641875
0.0,4.35,35.671125,139.7643125
0.0,4.02,35.671125,139.7648125
0.0,4.11,35.671125,139.7649375
0.0,4.13,35.671125,139.7650625
0.0,4.16,35.671125,139.7651875
0.0,3.92,35.671125,139.7653125
0.0,3.97,35.671125,139.7654375
0.0,3.96,35.671125,139.7655625
0.0,3.93,35.671125,139.7656875
0.0,3.96,35.671125,139.7658125
0.0,4.0,35.671125,139.7659375
0.0,4.03,35.671125,139.7660625
0.0,4.06,35.671125,139.7661875
0.0,3.99,35.671125,139.7663125
0.0,3.91,35.671125,139.7664375
0.0,3.6,35.671125,139.7668125
0.0,3.65,35.671125,139.7669375
0.0,3.44,35.671125,139.7670625
0.0,3.18,35.671125,139.7671875
0.0,3.22,35.671125,139.7675625
0.0,3.03,35.671125,139.7676875
0.0,3.05,35.671125,139.7678125
0.0,2.88,35.671125,139.7679375
0.0,2.68,35.671125,139.7680625
0.0,2.45,35.671125,139.7681875
0.0,1.37,35.671125,139.7683125
0.0,1.39,35.671125,139.7684375
0.0,1.39,35.671125,139.7685625
0.0,2.35,35.671125,139.7686875
0.0,2.37,35.671125,139.7688125
0.0,2.33,35.671125,139.7689375
0.0,2.44,35.671125,139.7690625
0.0,2.23,35.671125,139.7691875
0.0,2.17,35.671125,139.7693125
0.0,2.04,35.671125,139.7694375
0.0,1.99,35.671125,139.7695625
0.0,2.04,35.671125,139.7696875
0.0,2.04,35.671125,139.7698125
0.0,2.15,35.671125,139.7699375
0.0,2.25,35.671125,139.7700625
0.0,2.04,35.671125,139.7701875
0.0,1.96,35.671125,139.7709375
4.479,-1.95,35.671125,139.7715625
3.937,-1.41,35.671125,139.7716875
3.548,-1.02,35.671125,139.7718125
3.941,-1.41,35.671125,139.7719375
4.26,-1.68,35.671125,139.7720625
6.764,-4.09,35.671125,139.7721875
3.59,-1.05,35.671125,139.7725625
0.919,1.6,35.671125,139.7726875
0.0,2.94,35.671125,139.7728125
0.0,3.14,35.671125,139.7729375
0.0,3.21,35.671125,139.7730625
0.0,2.39,35.671125,139.7736875
0.0,2.32,35.671125,139.7738125
0.0,2.08,35.671125,139.7739375
0.0,2.22,35.671125,139.7740625
0.0,2.03,35.671125,139.7741875
0.0,1.79,35.671125,139.7743125
0.843,1.68,35.671125,139.7744375
0.919,1.6,35.671125,139.7745625
0.929,1.59,35.671125,139.7746875
1.119,1.4,35.671125,139.7748125
1.113,1.41,35.671125,139.7749375
1.079,1.44,35.671125,139.7750625
0.969,1.55,35.671125,139.7751875
0.926,1.59,35.671125,139.7758125
0.0,1.76,35.671125,139.7759375
0.0,2.91,35.671125,139.7576875
0.0,2.94,35.671125,139.7578125
0.0,2.92,35.671125,139.7579375
0.0,3.09,35.671125,139.7580625
0.0,3.31,35.671125,139.7581875
0.0,2.77,35.671125,139.7591875
0.0,2.53,35.671125,139.7593125
0.0,3.17,35.671125,139.7606875
0.0,3.35,35.671125,139.7608125
0.0,3.38,35.671125,139.7609375
0.0,3.53,35.671125,139.7610625
0.0,3.71,35.671125,139.7611875
0.0,3.78,35.671125,139.7613125
0.0,3.7,35.671125,139.7614375
0.0,3.59,35.671125,139.7615625
0.0,3.81,35.671125,139.7623125
0.0,3.88,35.671125,139.7624375
0.0,3.92,35.671125,139.7625625
0.0,4.12,35.671125,139.7626875
0.0,3.82,35.671125,139.7628125
0.0,3.81,35.671125,139.7629375
0.0,4.28,35.671125,139.7636875
0.0,4.42,35.671125,139.7638125
0.0,4.28,35.671125,139.7644375
0.0,4.23,35.671125,139.7645625
0.0,4.19,35.671125,139.7646875
0.0,3.85,35.671125,139.7665625
0.0,3.72,35.671125,139.7666875
0.0,3.17,35.671125,139.7673125
0.0,3.37,35.671125,139.7674375
0.0,1.76,35.671125,139.7703125
0.0,1.87,35.671125,139.7704375
0.0,1.73,35.671125,139.7705625
0.0,1.8,35.671125,139.7706875
0.0,1.78,35.671125,139.7708125
0.0,2.61,35.671125,139.7710625
0.0,3.02,35.671125,139.7711875
0.0,3.43,35.671125,139.7713125
0.0,3.51,35.671125,139.7714375
5.523,-2.85,35.671125,139.7723125
4.657,-2.06,35.671125,139.7724375
0.0,3.13,35.671125,139.7731875
0.0,2.88,35.671125,139.7733125
0.0,1.05,35.671125,139.7734375
0.0,1.99,35.671125,139.7735625
1.294,1.23,35.671125,139.7753125
1.187,1.33,35.671125,139.7754375
1.313,1.21,35.671125,139.7755625
1.068,1.45,35.671125,139.7756875
0.0,2.84,35.67104167,139.7570625
0.0,2.84,35.67104167,139.7571875
0.0,2.85,35.67104167,139.7573125
0.0,2.86,35.67104167,139.7574375
0.0,2.86,35.67104167,139.7575625
0.0,2.88,35.67104167,139.7576875
0.0,2.9,35.67104167,139.7578125
0.0,2.92,35.67104167,139.7579375
0.0,3.14,35.67104167,139.7580625
0.0,3.36,35.67104167,139.7581875
0.0,3.59,35.67104167,139.7583125
0.0,3.59,35.67104167,139.7584375
0.0,3.43,35.67104167,139.7585625
0.0,3.57,35.67104167,139.7586875
0.0,3.54,35.67104167,139.7588125
0.0,3.42,35.67104167,139.7589375
0.0,3.16,35.67104167,139.7590625
0.0,2.86,35.67104167,139.7591875
0.0,2.33,35.67104167,139.7593125
0.0,2.27,35.67104167,139.7594375
0.0,2.5,35.67104167,139.7595625
0.0,2.81,35.67104167,139.7596875
0.0,3.14,35.67104167,139.7598125
0.0,3.41,35.67104167,139.7599375
0.0,3.41,35.67104167,139.7600625
0.0,3.39,35.67104167,139.7601875
0.0,3.35,35.67104167,139.7603125
0.0,3.39,35.67104167,139.7604375
0.0,3.32,35.67104167,139.7605625
0.0,3.28,35.67104167,139.7606875
0.0,3.21,35.67104167,139.7608125
0.0,3.34,35.67104167,139.7609375
0.0,3.54,35.67104167,139.7610625
0.0,3.67,35.67104167,139.7611875
0.0,3.77,35.67104167,139.7613125
0.0,3.6,35.67104167,139.7614375
0.0,3.5,35.67104167,139.7615625
0.0,3.58,35.67104167,139.7616875
0.0,3.56,35.67104167,139.7618125
0.0,3.75,35.67104167,139.7619375
0.0,3.83,35.67104167,139.7620625
0.0,3.86,35.67104167,139.7621875
0.0,3.91,35.67104167,139.7623125
0.0,3.9,35.67104167,139.7624375
0.0,3.89,35.67104167,139.7625625
0.0,3.9,35.67104167,139.7626875
0.0,3.76,35.67104167,139.7628125
0.0,3.92,35.67104167,139.7629375
0.0,3.89,35.67104167,139.7630625
0.0,4.01,35.67104167,139.7631875
0.0,4.03,35.67104167,139.7633125
0.0,4.04,35.67104167,139.7634375
0.0,4.17,35.67104167,139.7635625
0.0,4.37,35.67104167,139.7636875
0.0,4.43,35.67104167,139.7638125
0.0,4.38,35.67104167,139.7639375
0.0,4.38,35.67104167,139.7640625
0.0,4.38,35.67104167,139.7641875
0.0,4.34,35.67104167,139.7643125
0.0,4.25,35.67104167,139.7644375
0.0,4.21,35.67104167,139.7645625
0.0,4.1,35.67104167,139.7646875
0.0,4.01,35.67104167,139.7648125
0.0,4.01,35.67104167,139.7649375
0.0,3.95,35.67104167,139.7650625
0.0,4.02,35.67104167,139.7651875
0.0,4.02,35.67104167,139.7653125
0.0,3.86,35.67104167,139.7654375
0.0,3.92,35.67104167,139.7655625
0.0,3.93,35.67104167,139.7656875
0.0,3.96,35.67104167,139.7658125
0.0,4.02,35.67104167,139.7659375
0.0,4.04,35.67104167,139.7660625
0.0,4.05,35.67104167,139.7661875
0.0,4.05,35.67104167,139.7663125
0.0,3.97,35.67104167,139.7664375
0.0,3.84,35.67104167,139.7665625
0.0,3.71,35.67104167,139.7666875
0.0,3.6,35.67104167,139.7668125
0.0,3.51,35.67104167,139.7669375
0.0,3.29,35.67104167,139.7670625
0.0,3.22,35.67104167,139.7671875
0.0,3.19,35.67104167,139.7673125
0.0,3.26,35.67104167,139.7674375
0.0,3.23,35.67104167,139.7675625
0.0,3.01,35.67104167,139.7676875
0.0,3.0,35.67104167,139.7678125
0.0,2.82,35.67104167,139.7679375
0.0,2.56,35.67104167,139.7680625
0.0,2.31,35.67104167,139.7681875
0.0,1.39,35.67104167,139.7683125
0.0,1.39,35.67104167,139.7684375
0.0,1.7,35.67104167,139.7685625
0.0,2.49,35.67104167,139.7686875
0.0,2.43,35.67104167,139.7688125
0.0,2.28,35.67104167,139.7689375
0.0,2.19,35.67104167,139.7690625
0.0,2.27,35.67104167,139.7691875
0.0,2.22,35.67104167,139.7693125
0.0,2.08,35.67104167,139.7694375
0.0,1.99,35.67104167,139.7695625
0.0,1.96,35.67104167,139.7696875
0.0,1.96,35.67104167,139.7698125
0.0,2.03,35.67104167,139.7699375
0.0,2.02,35.67104167,139.7700625
0.0,1.84,35.67104167,139.7701875
0.0,2.03,35.67104167,139.7703125
0.0,2.1,35.67104167,139.7704375
0.0,1.99,35.67104167,139.7705625
0.0,2.07,35.67104167,139.7706875
0.0,2.18,35.67104167,139.7708125
0.0,1.89,35.67104167,139.7709375
0.0,2.51,35.67104167,139.7710625
0.0,2.86,35.67104167,139.7711875
0.0,3.41,35.67104167,139.7713125
3.447,-0.92,35.67104167,139.7714375
6.48,-3.94,35.67104167,139.7715625
3.595,-1.07,35.67104167,139.7716875
3.366,-0.84,35.67104167,139.7718125
3.725,-1.2,35.67104167,139.7719375
3.927,-1.38,35.67104167,139.7720625
4.939,-2.34,35.67104167,139.7721875
5.95,-3.29,35.67104167,139.7723125
5.833,-3.2,35.67104167,139.7724375
4.883,-2.31,35.67104167,139.7725625
4.356,-1.82,35.67104167,139.7726875
2.072,0.45,35.67104167,139.7728125
1.192,1.33,35.67104167,139.7729375
0.0,3.13,35.67104167,139.7730625
0.0,3.22,35.67104167,139.7731875
0.0,3.09,35.67104167,139.7733125
0.0,1.38,35.67104167,139.7734375
0.0,-0.38,35.67104167,139.7735625
0.0,0.75,35.67104167,139.7736875
0.0,2.18,35.67104167,139.7738125
0.0,2.02,35.67104167,139.7739375
0.0,2.12,35.67104167,139.7740625
0.0,2.08,35.67104167,139.7741875
0.0,1.87,35.67104167,139.7743125
0.85,1.67,35.67104167,139.7744375
0.836,1.68,35.67104167,139.7745625
0.0,1.72,35.67104167,139.7746875
1.051,1.47,35.67104167,139.7748125
1.094,1.43,35.67104167,139.7749375
1.17,1.35,35.67104167,139.7750625
1.066,1.45,35.67104167,139.7751875
1.318,1.2,35.67104167,139.7753125
1.235,1.28,35.67104167,139.7754375
1.235,1.28,35.67104167,139.7755625
1.04,1.48,35.67104167,139.7756875
0.904,1.62,35.67104167,139.7758125
0.0,1.73,35.67104167,139.7759375
0.0,3.07,35.67095833,139.7570625
0.0,2.89,35.67095833,139.7571875
0.0,2.84,35.67095833,139.7573125
0.0,2.85,35.67095833,139.7574375
0.0,2.84,35.67095833,139.7575625
0.0,2.87,35.67095833,139.7576875
0.0,2.87,35.67095833,139.7578125
0.0,3.0,35.67095833,139.7579375
0.0,3.22,35.67095833,139.7580625
0.0,3.43,35.67095833,139.7581875
0.0,3.58,35.67095833,139.7583125
0.0,3.56,35.67095833,139.7584375
0.0,3.58,35.67095833,139.7585625
0.0,3.67,35.67095833,139.7586875
0.0,3.62,35.67095833,139.7588125
0.0,3.57,35.67095833,139.7589375
0.0,3.35,35.67095833,139.7590625
0.0,2.62,35.67095833,139.7591875
0.0,2.26,35.67095833,139.7593125
0.0,2.48,35.67095833,139.7594375
0.0,2.7,35.67095833,139.7595625
0.0,2.9,35.67095833,139.7596875
0.0,3.18,35.67095833,139.7598125
0.0,3.51,35.67095833,139.7599375
0.0,3.33,35.67095833,139.7600625
0.0,3.41,35.67095833,139.7601875
0.0,3.41,35.67095833,139.7603125
0.0,3.37,35.67095833,139.7604375
0.0,3.28,35.67095833,139.7605625
0.0,3.28,35.67095833,139.7606875
0.0,3.26,35.67095833,139.7608125
0.0,3.29,35.67095833,139.7609375
0.0,3.43,35.67095833,139.7610625
0.0,3.63,35.67095833,139.7611875
0.0,3.62,35.67095833,139.7613125
0.0,3.48,35.67095833,139.7614375
0.0,3.53,35.67095833,139.7615625
0.0,3.49,35.67095833,139.7616875
0.0,3.72,35.67095833,139.7618125
0.0,3.74,35.67095833,139.7619375
0.0,3.84,35.67095833,139.7620625
0.0,3.94,35.67095833,139.7621875
0.0,3.95,35.67095833,139.7623125
0.0,3.88,35.67095833,139.7624375
0.0,3.88,35.67095833,139.7625625
0.0,3.78,35.67095833,139.7626875
0.0,3.83,35.67095833,139.7628125
0.0,4.1,35.67095833,139.7629375
0.0,3.97,35.67095833,139.7630625
0.0,3.93,35.67095833,139.7631875
0.0,3.99,35.67095833,139.7633125
0.0,4.07,35.67095833,139.7634375
0.0,4.31,35.67095833,139.7635625
0.0,4.55,35.67095833,139.7636875
0.0,4.51,35.67095833,139.7638125
0.0,4.33,35.67095833,139.7639375
0.0,4.41,35.67095833,139.7640625
0.0,4.4,35.67095833,139.7641875
0.0,4.32,35.67095833,139.7643125
0.0,4.25,35.67095833,139.7644375
0.0,4.19,35.67095833,139.7645625
0.0,3.97,35.67095833,139.7646875
0.0,3.96,35.67095833,139.7648125
0.0,4.14,35.67095833,139.7649375
0.0,4.24,35.67095833,139.7650625
0.0,3.9,35.67095833,139.7651875
0.0,3.94,35.67095833,139.7653125
0.0,3.99,35.67095833,139.7654375
0.0,3.83,35.67095833,139.7655625
0.0,3.88,35.67095833,139.7656875
0.0,3.97,35.67095833,139.7658125
0.0,4.0,35.67095833,139.7659375
0.0,4.04,35.67095833,139.7660625
0.0,4.06,35.67095833,139.7661875
0.0,4.05,35.67095833,139.7663125
0.0,4.01,35.67095833,139.7664375
0.0,3.8,35.67095833,139.7665625
0.0,3.72,35.67095833,139.7666875
0.0,3.58,35.67095833,139.7668125
0.0,3.43,35.67095833,139.7669375
0.0,3.29,35.67095833,139.7670625
0.0,3.38,35.67095833,139.7671875
0.0,3.37,35.67095833,139.7673125
0.0,3.06,35.67095833,139.7674375
0.0,3.09,35.67095833,139.7675625
0.0,2.82,35.67095833,139.7676875
0.0,2.84,35.67095833,139.7678125
0.0,2.68,35.67095833,139.7679375
0.0,2.5,35.67095833,139.7680625
0.0,0.51,35.67095833,139.7681875
0.0,1.39,35.67095833,139.7683125
0.0,1.29,35.67095833,139.7684375
0.0,2.41,35.67095833,139.7685625
0.0,2.55,35.67095833,139.7686875
0.0,2.45,35.67095833,139.7688125
0.0,2.3,35.67095833,139.7689375
0.0,2.26,35.67095833,139.7690625
0.0,2.36,35.67095833,139.7691875
0.0,2.26,35.67095833,139.7693125
0.0,2.02,35.67095833,139.7694375
0.0,1.98,35.67095833,139.7695625
0.0,1.91,35.67095833,139.7696875
0.0,1.77,35.67095833,139.7698125
0.0,1.78,35.67095833,139.7699375
0.0,1.76,35.67095833,139.7700625
0.0,1.9,35.67095833,139.7701875
0.0,2.25,35.67095833,139.7703125
0.0,2.21,35.67095833,139.7704375
0.0,2.14,35.67095833,139.7705625
0.0,2.32,35.67095833,139.7706875
0.0,2.46,35.67095833,139.7708125
0.0,2.33,35.67095833,139.7709375
0.0,2.17,35.67095833,139.7710625
0.0,2.4,35.67095833,139.7711875
2.519,0.01,35.67095833,139.7713125
4.961,-2.43,35.67095833,139.7714375
5.214,-2.68,35.67095833,139.7715625
2.9,-0.37,35.67095833,139.7716875
0.0,4.09,35.67095833,139.7718125
0.0,4.32,35.67095833,139.7719375
0.0,4.02,35.67095833,139.7720625
0.0,3.97,35.67095833,139.7721875
3.035,-0.49,35.67095833,139.7723125
4.446,-1.89,35.67095833,139.7724375
5.384,-2.83,35.67095833,139.7725625
5.086,-2.55,35.67095833,139.7726875
4.402,-1.88,35.67095833,139.7728125
4.009,-1.49,35.67095833,139.7729375
2.563,-0.04,35.67095833,139.7730625
0.0,2.62,35.67095833,139.7731875
0.0,3.18,35.67095833,139.7733125
0.0,0.61,35.67095833,139.7734375
0.0,-0.38,35.67095833,139.7735625
0.0,1.61,35.67095833,139.7736875
0.0,2.16,35.67095833,139.7738125
0.0,1.93,35.67095833,139.7739375
0.0,1.86,35.67095833,139.7740625
0.0,1.84,35.67095833,139.7741875
0.824,1.7,35.67095833,139.7743125
0.729,1.79,35.67095833,139.7744375
0.0,1.96,35.67095833,139.7745625
0.0,1.81,35.67095833,139.7746875
0.991,1.53,35.67095833,139.7748125
0.98,1.54,35.67095833,139.7749375
1.056,1.46,35.67095833,139.7750625
1.256,1.26,35.67095833,139.7751875
1.234,1.29,35.67095833,139.7753125
1.3,1.22,35.67095833,139.7754375
1.239,1.28,35.67095833,139.7755625
1.005,1.51,35.67095833,139.7756875
0.959,1.56,35.67095833,139.7758125
0.986,1.53,35.67095833,139.7759375
0.0,3.08,35.670875,139.7570625
0.0,3.01,35.670875,139.7571875
0.0,2.97,35.670875,139.7573125
0.0,2.84,35.670875,139.7574375
0.0,2.85,35.670875,139.7575625
0.0,2.86,35.670875,139.7576875
0.0,2.82,35.670875,139.7578125
0.0,2.76,35.670875,139.7579375
0.0,3.2,35.670875,139.7580625
0.0,3.38,35.670875,139.7581875
0.0,3.45,35.670875,139.7583125
0.0,3.52,35.670875,139.7584375
0.0,3.54,35.670875,139.7585625
0.0,3.58,35.670875,139.7586875
0.0,3.51,35.670875,139.7588125
0.0,3.58,35.670875,139.7589375
0.0,3.05,35.670875,139.7590625
0.0,2.47,35.670875,139.7591875
0.0,2.42,35.670875,139.7593125
0.0,2.61,35.670875,139.7594375
0.0,2.87,35.670875,139.7595625
0.0,3.14,35.670875,139.7596875
0.0,3.36,35.670875,139.7598125
0.0,3.49,35.670875,139.7599375
0.0,3.46,35.670875,139.7600625
0.0,3.5,35.670875,139.7601875
0.0,3.56,35.670875,139.7603125
0.0,3.37,35.670875,139.7604375
0.0,3.3,35.670875,139.7605625
0.0,3.35,35.670875,139.7606875
0.0,3.45,35.670875,139.7608125
0.0,3.44,35.670875,139.7609375
0.0,3.28,35.670875,139.7610625
0.0,3.44,35.670875,139.7611875
0.0,3.46,35.670875,139.7613125
0.0,3.49,35.670875,139.7614375
0.0,3.55,35.670875,139.7615625
0.0,3.55,35.670875,139.7616875
0.0,3.75,35.670875,139.7618125
0.0,3.81,35.670875,139.7619375
0.0,3.92,35.670875,139.7620625
0.0,3.98,35.670875,139.7621875
0.0,3.95,35.670875,139.7623125
0.0,3.89,35.670875,139.7624375
0.0,3.79,35.670875,139.7625625
0.0,3.74,35.670875,139.7626875
0.0,4.04,35.670875,139.7628125
0.0,4.09,35.670875,139.7629375
0.0,4.13,35.670875,139.7630625
0.0,4.02,35.670875,139.7631875
0.0,3.93,35.670875,139.7633125
0.0,4.09,35.670875,139.7634375
0.0,4.35,35.670875,139.7635625
0.0,4.45,35.670875,139.7636875
0.0,4.42,35.670875,139.7638125
0.0,4.32,35.670875,139.7639375
0.0,4.4,35.670875,139.7640625
0.0,4.38,35.670875,139.7641875
0.0,4.31,35.670875,139.7643125
0.0,4.22,35.670875,139.7644375
0.0,4.1,35.670875,139.7645625
0.0,4.0,35.670875,139.7646875
0.0,4.07,35.670875,139.7648125
0.0,4.51,35.670875,139.7649375
0.0,4.73,35.670875,139.7650625
0.0,4.12,35.670875,139.7651875
0.0,3.87,35.670875,139.7653125
0.0,3.96,35.670875,139.7654375
0.0,3.97,35.670875,139.7655625
0.0,3.85,35.670875,139.7656875
0.0,3.89,35.670875,139.7658125
0.0,3.91,35.670875,139.7659375
0.0,3.97,35.670875,139.7660625
0.0,4.03,35.670875,139.7661875
0.0,4.06,35.670875,139.7663125
0.0,3.92,35.670875,139.7664375
0.0,3.79,35.670875,139.7665625
0.0,3.77,35.670875,139.7666875
0.0,3.54,35.670875,139.7668125
0.0,3.47,35.670875,139.7669375
0.0,3.47,35.670875,139.7670625
0.0,3.45,35.670875,139.7671875
0.0,3.18,35.670875,139.7673125
0.0,3.09,35.670875,139.7674375
0.0,2.94,35.670875,139.7675625
0.0,2.77,35.670875,139.7676875
0.0,2.65,35.670875,139.7678125
0.0,2.56,35.670875,139.7679375
0.0,2.2,35.670875,139.7680625
0.0,1.39,35.670875,139.7681875
0.0,1.39,35.670875,139.7683125
0.0,2.4,35.670875,139.7684375
0.0,2.52,35.670875,139.7685625
0.0,2.5,35.670875,139.7686875
0.0,2.45,35.670875,139.7688125
0.0,2.35,35.670875,139.7689375
0.0,2.34,35.670875,139.7690625
0.0,2.22,35.670875,139.7691875
0.0,2.15,35.670875,139.7693125
0.0,2.04,35.670875,139.7694375
0.0,2.05,35.670875,139.7695625
0.0,1.99,35.670875,139.7696875
0.0,1.8,35.670875,139.7698125
0.0,1.69,35.670875,139.7699375
0.0,1.74,35.670875,139.7700625
0.0,2.03,35.670875,139.7701875
0.0,2.35,35.670875,139.7703125
0.0,2.35,35.670875,139.7704375
0.0,2.17,35.670875,139.7705625
0.0,2.32,35.670875,139.7706875
0.0,2.37,35.670875,139.7708125
0.0,2.23,35.670875,139.7709375
0.0,2.05,35.670875,139.7710625
1.484,1.04,35.670875,139.7711875
4.626,-2.1,35.670875,139.7713125
5.169,-2.64,35.670875,139.7714375
3.283,-0.76,35.670875,139.7715625
1.787,0.74,35.670875,139.7716875
0.0,3.93,35.670875,139.7718125
0.0,4.29,35.670875,139.7719375
0.0,4.18,35.670875,139.7720625
0.0,3.96,35.670875,139.7721875
0.0,3.37,35.670875,139.7723125
0.0,2.46,35.670875,139.7724375
2.303,0.22,35.670875,139.7725625
4.089,-1.56,35.670875,139.7726875
4.979,-2.45,35.670875,139.7728125
4.89,-2.37,35.670875,139.7729375
4.753,-2.23,35.670875,139.7730625
3.844,-1.32,35.670875,139.7731875
1.146,1.38,35.670875,139.7733125
0.0,2.76,35.670875,139.7734375
0.0,1.15,35.670875,139.7735625
0.0,1.9,35.670875,139.7736875
0.0,1.99,35.670875,139.7738125
0.0,1.86,35.670875,139.7739375
0.0,1.86,35.670875,139.7740625
0.794,1.73,35.670875,139.7741875
0.806,1.71,35.670875,139.7743125
0.0,1.83,35.670875,139.7744375
0.0,1.85,35.670875,139.7745625
0.0,1.83,35.670875,139.7746875
0.947,1.57,35.670875,139.7748125
0.919,1.6,35.670875,139.7749375
0.887,1.63,35.670875,139.7750625
1.311,1.21,35.670875,139.7751875
1.17,1.35,35.670875,139.7753125
1.364,1.16,35.670875,139.7754375
1.456,1.06,35.670875,139.7755625
1.287,1.23,35.670875,139.7756875
1.099,1.42,35.670875,139.7758125
1.143,1.38,35.670875,139.7759375
0.0,3.07,35.67079167,139.7570625
0.0,2.97,35.67079167,139.7571875
0.0,2.94,35.67079167,139.7573125
0.0,2.91,35.67079167,139.7574375
0.0,2.92,35.67079167,139.7575625
0.0,2.87,35.67079167,139.7576875
0.0,2.88,35.67079167,139.7578125
0.0,2.68,35.67079167,139.7579375
0.0,2.73,35.67079167,139.7580625
0.0,3.09,35.67079167,139.7581875
0.0,3.33,35.67079167,139.7583125
0.0,3.46,35.67079167,139.7584375
0.0,3.43,35.67079167,139.7585625
0.0,3.45,35.67079167,139.7586875
0.0,3.44,35.67079167,139.7588125
0.0,3.55,35.67079167,139.7589375
0.0,3.12,35.67079167,139.7590625
0.0,2.45,35.67079167,139.7591875
0.0,2.59,35.67079167,139.7593125
0.0,2.78,35.67079167,139.7594375
0.0,2.98,35.67079167,139.7595625
0.0,3.25,35.67079167,139.7596875
0.0,3.53,35.67079167,139.7598125
0.0,3.36,35.67079167,139.7599375
0.0,2.91,35.67079167,139.7600625
0.0,3.42,35.67079167,139.7601875
0.0,3.68,35.67079167,139.7603125
0.0,3.52,35.67079167,139.7604375
0.0,3.4,35.67079167,139.7605625
0.0,3.5,35.67079167,139.7606875
0.0,3.62,35.67079167,139.7608125
0.0,3.63,35.67079167,139.7609375
0.0,3.49,35.67079167,139.7610625
0.0,3.31,35.67079167,139.7611875
0.0,3.39,35.67079167,139.7613125
0.0,3.53,35.67079167,139.7614375
0.0,3.56,35.67079167,139.7615625
0.0,3.67,35.67079167,139.7616875
0.0,3.69,35.67079167,139.7618125
0.0,3.82,35.67079167,139.7619375
0.0,3.96,35.67079167,139.7620625
0.0,3.94,35.67079167,139.7621875
0.0,3.91,35.67079167,139.7623125
0.0,3.86,35.67079167,139.7624375
0.0,3.7,35.67079167,139.7625625
0.0,3.92,35.67079167,139.7626875
0.0,4.09,35.67079167,139.7628125
0.0,4.13,35.67079167,139.7629375
0.0,4.07,35.67079167,139.7630625
0.0,4.0,35.67079167,139.7631875
0.0,3.99,35.67079167,139.7633125
0.0,3.99,35.67079167,139.7634375
0.0,4.18,35.67079167,139.7635625
0.0,4.22,35.67079167,139.7636875
0.0,4.25,35.67079167,139.7638125
0.0,4.37,35.67079167,139.7639375
0.0,4.31,35.67079167,139.7640625
0.0,4.31,35.67079167,139.7641875
0.0,4.26,35.67079167,139.7643125
0.0,4.13,35.67079167,139.7644375
0.0,4.04,35.67079167,139.7645625
0.0,4.05,35.67079167,139.7646875
0.0,4.25,35.67079167,139.7648125
0.0,4.54,35.67079167,139.7649375
0.0,4.71,35.67079167,139.7650625
0.0,4.11,35.67079167,139.7651875
0.0,4.09,35.67079167,139.7653125
0.0,3.93,35.67079167,139.7654375
0.0,4.01,35.67079167,139.7655625
0.0,3.95,35.67079167,139.7656875
0.0,3.75,35.67079167,139.7658125
0.0,3.89,35.67079167,139.7659375
0.0,3.87,35.67079167,139.7660625
0.0,3.99,35.67079167,139.7661875
0.0,3.98,35.67079167,139.7663125
0.0,3.84,35.67079167,139.7664375
0.0,3.87,35.67079167,139.7665625
0.0,3.69,35.67079167,139.7666875
0.0,3.48,35.67079167,139.7668125
0.0,3.48,35.67079167,139.7669375
0.0,3.57,35.67079167,139.7670625
0.0,3.41,35.67079167,139.7671875
0.0,3.09,35.67079167,139.7673125
0.0,2.96,35.67079167,139.7674375
0.0,2.95,35.67079167,139.7675625
0.0,2.73,35.67079167,139.7676875
0.0,2.62,35.67079167,139.7678125
0.0,2.5,35.67079167,139.7679375
0.0,2.67,35.67079167,139.7680625
0.0,0.72,35.67079167,139.7681875
0.0,2.23,35.67079167,139.7683125
0.0,2.61,35.67079167,139.7684375
0.0,2.59,35.67079167,139.7685625
0.0,2.55,35.67079167,139.7686875
0.0,2.43,35.67079167,139.7688125
0.0,2.37,35.67079167,139.7689375
0.0,2.25,35.67079167,139.7690625
0.0,2.13,35.67079167,139.7691875
0.0,2.01,35.67079167,139.7693125
0.0,2.03,35.67079167,139.7694375
0.0,2.06,35.67079167,139.7695625
0.0,1.93,35.67079167,139.7696875
0.0,1.75,35.67079167,139.7698125
0.0,1.68,35.67079167,139.7699375
0.0,1.81,35.67079167,139.7700625
0.0,1.99,35.67079167,139.7701875
0.0,2.33,35.67079167,139.7703125
0.0,2.52,35.67079167,139.7704375
0.0,2.22,35.67079167,139.7705625
0.0,2.25,35.67079167,139.7706875
0.0,2.22,35.67079167,139.7708125
0.0,2.04,35.67079167,139.7709375
1.134,1.39,35.67079167,139.7710625
3.77,-1.25,35.67079167,139.7711875
4.437,-1.91,35.67079167,139.7713125
4.067,-1.54,35.67079167,139.7714375
2.299,0.23,35.67079167,139.7715625
0.0,3.09,35.67079167,139.7716875
0.0,3.86,35.67079167,139.7718125
0.0,3.91,35.67079167,139.7719375
0.0,3.62,35.67079167,139.7720625
0.0,3.42,35.67079167,139.7721875
0.0,3.74,35.67079167,139.7723125
0.0,3.41,35.67079167,139.7724375
0.0,3.32,35.67079167,139.7725625
0.0,2.4,35.67079167,139.7726875
3.517,-0.99,35.67079167,139.7728125
4.971,-2.45,35.67079167,139.7729375
4.982,-2.46,35.67079167,139.7730625
4.932,-2.41,35.67079167,139.7731875
4.588,-2.06,35.67079167,139.7733125
2.902,-0.38,35.67079167,139.7734375
0.0,1.93,35.67079167,139.7735625
0.0,1.94,35.67079167,139.7736875
0.731,1.79,35.67079167,139.7738125
0.764,1.76,35.67079167,139.7739375
0.724,1.8,35.67079167,139.7740625
0.766,1.75,35.67079167,139.7741875
0.849,1.67,35.67079167,139.7743125
0.0,1.86,35.67079167,139.7744375
0.0,1.72,35.67079167,139.7745625
0.822,1.7,35.67079167,139.7746875
0.0,1.72,35.67079167,139.7748125
0.868,1.65,35.67079167,139.7749375
0.88,1.64,35.67079167,139.7750625
1.289,1.23,35.67079167,139.7751875
1.174,1.35,35.67079167,139.7753125
1.351,1.17,35.67079167,139.7754375
1.286,1.23,35.67079167,139.7755625
1.358,1.16,35.67079167,139.7756875
1.31,1.21,35.67079167,139.7758125
1.226,1.29,35.67079167,139.7759375
0.0,3.05,35.67070833,139.7570625
0.0,2.95,35.67070833,139.7571875
0.0,2.94,35.67070833,139.7573125
0.0,2.94,35.67070833,139.7574375
0.0,2.98,35.67070833,139.7575625
0.0,3.06,35.67070833,139.7576875
0.0,2.91,35.67070833,139.7578125
0.0,2.75,35.67070833,139.7579375
0.0,2.63,35.67070833,139.7580625
0.0,2.68,35.67070833,139.7581875
0.0,2.95,35.67070833,139.7583125
0.0,3.26,35.67070833,139.7584375
0.0,3.48,35.67070833,139.7585625
0.0,3.4,35.67070833,139.7586875
0.0,3.34,35.67070833,139.7588125
0.0,3.4,35.67070833,139.7589375
0.0,2.87,35.67070833,139.7590625
0.0,2.47,35.67070833,139.7591875
0.0,2.67,35.67070833,139.7593125
0.0,2.88,35.67070833,139.7594375
0.0,3.15,35.67070833,139.7595625
0.0,3.32,35.67070833,139.7596875
0.0,3.54,35.67070833,139.7598125
0.0,3.19,35.67070833,139.7599375
0.0,1.97,35.67070833,139.7600625
0.0,2.3,35.67070833,139.7601875
0.0,3.63,35.67070833,139.7603125
0.0,3.62,35.67070833,139.7604375
0.0,3.49,35.67070833,139.7605625
0.0,3.62,35.67070833,139.7606875
0.0,3.6,35.67070833,139.7608125
0.0,3.58,35.67070833,139.7609375
0.0,3.53,35.67070833,139.7610625
0.0,3.43,35.67070833,139.7611875
0.0,3.53,35.67070833,139.7613125
0.0,3.46,35.67070833,139.7614375
0.0,3.6,35.67070833,139.7615625
0.0,3.7,35.67070833,139.7616875
0.0,3.75,35.67070833,139.7618125
0.0,3.91,35.67070833,139.7619375
0.0,3.97,35.67070833,139.7620625
0.0,3.91,35.67070833,139.7621875
0.0,3.86,35.67070833,139.7623125
0.0,3.81,35.67070833,139.7624375
0.0,3.89,35.67070833,139.7625625
0.0,4.05,35.67070833,139.7626875
0.0,4.17,35.67070833,139.7628125
0.0,4.14,35.67070833,139.7629375
0.0,4.03,35.67070833,139.7630625
0.0,3.99,35.67070833,139.7631875
0.0,4.19,35.67070833,139.7633125
0.0,4.08,35.67070833,139.7634375
0.0,4.03,35.67070833,139.7635625
0.0,4.12,35.67070833,139.7636875
0.0,4.34,35.67070833,139.7638125
0.0,4.3,35.67070833,139.7639375
0.0,4.3,35.67070833,139.7640625
0.0,4.24,35.67070833,139.7641875
0.0,4.23,35.67070833,139.7643125
0.0,4.06,35.67070833,139.7644375
0.0,4.04,35.67070833,139.7645625
0.0,4.22,35.67070833,139.7646875
0.0,4.34,35.67070833,139.7648125
0.0,4.39,35.67070833,139.7649375
0.0,4.34,35.67070833,139.7650625
0.0,4.11,35.67070833,139.7651875
0.0,4.18,35.67070833,139.7653125
0.0,3.97,35.67070833,139.7654375
0.0,3.9,35.67070833,139.7655625
0.0,3.96,35.67070833,139.7656875
0.0,3.89,35.67070833,139.7658125
0.0,3.83,35.67070833,139.7659375
0.0,3.9,35.67070833,139.7660625
0.0,4.01,35.67070833,139.7661875
0.0,3.88,35.67070833,139.7663125
0.0,3.9,35.67070833,139.7664375
0.0,3.79,35.67070833,139.7665625
0.0,3.5,35.67070833,139.7666875
0.0,3.41,35.67070833,139.7668125
0.0,3.47,35.67070833,139.7669375
0.0,3.32,35.67070833,139.7670625
0.0,3.24,35.67070833,139.7671875
0.0,2.94,35.67070833,139.7673125
0.0,2.95,35.67070833,139.7674375
0.0,2.93,35.67070833,139.7675625
0.0,2.73,35.67070833,139.7676875
0.0,2.57,35.67070833,139.7678125
0.0,2.68,35.67070833,139.7679375
0.0,2.79,35.67070833,139.7680625
0.0,2.62,35.67070833,139.7681875
0.0,2.58,35.67070833,139.7683125
0.0,2.68,35.67070833,139.7684375
0.0,2.67,35.67070833,139.7685625
0.0,2.43,35.67070833,139.7686875
0.0,2.4,35.67070833,139.7688125
0.0,2.41,35.67070833,139.7689375
0.0,2.26,35.67070833,139.7690625
0.0,2.06,35.67070833,139.7691875
0.0,1.98,35.67070833,139.7693125
0.0,2.07,35.67070833,139.7694375
0.0,1.93,35.67070833,139.7695625
0.0,1.75,35.67070833,139.7696875
0.0,1.53,35.67070833,139.7698125
0.0,1.8,35.67070833,139.7699375
0.0,1.84,35.67070833,139.7700625
0.0,1.94,35.67070833,139.7701875
0.0,2.42,35.67070833,139.7703125
0.0,2.41,35.67070833,139.7704375
0.0,2.28,35.67070833,139.7705625
0.0,2.19,35.67070833,139.7706875
0.0,2.13,35.67070833,139.7708125
0.0,1.98,35.67070833,139.7709375
0.0,2.06,35.67070833,139.7710625
4.502,-1.98,35.67070833,139.7711875
3.915,-1.39,35.67070833,139.7713125
3.04,-0.52,35.67070833,139.7714375
0.0,2.87,35.67070833,139.7715625
0.0,3.31,35.67070833,139.7716875
0.0,2.0,35.67070833,139.7718125
0.0,1.43,35.67070833,139.7719375
0.0,1.34,35.67070833,139.7720625
0.0,1.34,35.67070833,139.7721875
0.0,1.96,35.67070833,139.7723125
0.0,3.08,35.67070833,139.7724375
0.0,3.19,35.67070833,139.7725625
0.0,3.33,35.67070833,139.7726875
0.0,2.92,35.67070833,139.7728125
2.063,0.46,35.67070833,139.7729375
4.754,-2.23,35.67070833,139.7730625
4.969,-2.45,35.67070833,139.7731875
4.963,-2.44,35.67070833,139.7733125
4.881,-2.36,35.67070833,139.7734375
4.006,-1.48,35.67070833,139.7735625
2.027,0.49,35.67070833,139.7736875
0.871,1.65,35.67070833,139.7738125
0.879,1.64,35.67070833,139.7739375
0.874,1.65,35.67070833,139.7740625
0.871,1.65,35.67070833,139.7741875
0.794,1.73,35.67070833,139.7743125
0.0,1.92,35.67070833,139.7744375
0.0,1.85,35.67070833,139.7745625
0.0,1.77,35.67070833,139.7746875
0.0,1.85,35.67070833,139.7748125
0.0,1.87,35.67070833,139.7749375
0.0,1.73,35.67070833,139.7750625
1.131,1.39,35.67070833,139.7751875
1.15,1.37,35.67070833,139.7753125
1.253,1.27,35.67070833,139.7754375
1.04,1.48,35.67070833,139.7755625
0.844,1.68,35.67070833,139.7756875
0.915,1.6,35.67070833,139.7758125
1.049,1.47,35.67070833,139.7759375
0.0,3.06,35.670625,139.7570625
0.0,3.14,35.670625,139.7571875
0.0,3.0,35.670625,139.7573125
0.0,2.93,35.670625,139.7574375
0.0,2.95,35.670625,139.7575625
0.0,2.96,35.670625,139.7576875
0.0,2.99,35.670625,139.7578125
0.0,2.86,35.670625,139.7579375
0.0,2.84,35.670625,139.7580625
0.0,2.77,35.670625,139.7581875
0.0,2.73,35.670625,139.7583125
0.0,3.18,35.670625,139.7584375
0.0,3.55,35.670625,139.7585625
0.0,3.52,35.670625,139.7586875
0.0,3.45,35.670625,139.7588125
0.0,3.08,35.670625,139.7589375
0.0,2.61,35.670625,139.7590625
0.0,2.62,35.670625,139.7591875
0.0,2.79,35.670625,139.7593125
0.0,2.99,35.670625,139.7594375
0.0,3.19,35.670625,139.7595625
0.0,3.45,35.670625,139.7596875
0.0,3.53,35.670625,139.7598125
0.0,3.18,35.670625,139.7599375
0.0,2.31,35.670625,139.7600625
0.0,2.11,35.670625,139.7601875
0.0,3.51,35.670625,139.7603125
0.0,3.5,35.670625,139.7604375
0.0,3.53,35.670625,139.7605625
0.0,3.65,35.670625,139.7606875
0.0,3.61,35.670625,139.7608125
0.0,3.53,35.670625,139.7609375
0.0,3.49,35.670625,139.7610625
0.0,3.51,35.670625,139.7611875
0.0,3.51,35.670625,139.7613125
0.0,3.31,35.670625,139.7614375
0.0,3.5,35.670625,139.7615625
0.0,3.63,35.670625,139.7616875
0.0,3.78,35.670625,139.7618125
0.0,3.97,35.670625,139.7619375
0.0,3.97,35.670625,139.7620625
0.0,3.89,35.670625,139.7621875
0.0,3.81,35.670625,139.7623125
0.0,3.78,35.670625,139.7624375
0.0,3.98,35.670625,139.7625625
0.0,4.15,35.670625,139.7626875
0.0,4.22,35.670625,139.7628125
0.0,4.12,35.670625,139.7629375
0.0,4.04,35.670625,139.7630625
0.0,4.13,35.670625,139.7631875
0.0,4.21,35.670625,139.7633125
0.0,4.27,35.670625,139.7634375
0.0,4.06,35.670625,139.7635625
0.0,4.09,35.670625,139.7636875
0.0,4.31,35.670625,139.7638125
0.0,4.25,35.670625,139.7639375
0.0,4.24,35.670625,139.7640625
0.0,4.21,35.670625,139.7641875
0.0,4.09,35.670625,139.7643125
0.0,4.03,35.670625,139.7644375
0.0,4.14,35.670625,139.7645625
0.0,4.24,35.670625,139.7646875
0.0,4.27,35.670625,139.7648125
0.0,4.32,35.670625,139.7649375
0.0,4.25,35.670625,139.7650625
0.0,4.14,35.670625,139.7651875
0.0,4.0,35.670625,139.7653125
0.0,4.06,35.670625,139.7654375
0.0,4.01,35.670625,139.7655625
0.0,3.85,35.670625,139.7656875
0.0,3.95,35.670625,139.7658125
0.0,3.83,35.670625,139.7659375
0.0,3.85,35.670625,139.7660625
0.0,3.91,35.670625,139.7661875
0.0,3.92,35.670625,139.7663125
0.0,3.98,35.670625,139.7664375
0.0,3.7,35.670625,139.7665625
0.0,3.41,35.670625,139.7666875
0.0,3.4,35.670625,139.7668125
0.0,3.31,35.670625,139.7669375
0.0,3.16,35.670625,139.7670625
0.0,3.01,35.670625,139.7671875
0.0,2.93,35.670625,139.7673125
0.0,3.01,35.670625,139.7674375
0.0,2.89,35.670625,139.7675625
0.0,2.65,35.670625,139.7676875
0.0,2.53,35.670625,139.7678125
0.0,2.78,35.670625,139.7679375
0.0,2.77,35.670625,139.7680625
0.0,2.48,35.670625,139.7681875
0.0,2.66,35.670625,139.7683125
0.0,2.71,35.670625,139.7684375
0.0,2.54,35.670625,139.7685625
0.0,2.25,35.670625,139.7686875
0.0,2.34,35.670625,139.7688125
0.0,2.44,35.670625,139.7689375
0.0,2.3,35.670625,139.7690625
0.0,2.09,35.670625,139.7691875
0.0,2.07,35.670625,139.7693125
0.0,1.99,35.670625,139.7694375
0.0,1.86,35.670625,139.7695625
0.0,1.61,35.670625,139.7696875
0.0,1.68,35.670625,139.7698125
0.0,1.85,35.670625,139.7699375
0.0,2.03,35.670625,139.7700625
0.0,1.96,35.670625,139.7701875
0.0,2.18,35.670625,139.7703125
0.0,2.46,35.670625,139.7704375
0.0,2.51,35.670625,139.7705625
0.0,2.28,35.670625,139.7706875
0.0,2.15,35.670625,139.7708125
0.0,3.16,35.670625,139.7709375
0.0,4.85,35.670625,139.7710625
1.869,-1.98,35.670625,139.7711875
3.004,-1.39,35.670625,139.7713125
1.314,-0.52,35.670625,139.7714375
0.0,3.07,35.670625,139.7715625
0.0,2.18,35.670625,139.7716875
0.0,1.25,35.670625,139.7718125
0.0,1.25,35.670625,139.7719375
0.0,1.24,35.670625,139.7720625
0.0,1.25,35.670625,139.7721875
0.0,1.3,35.670625,139.7723125
0.0,2.49,35.670625,139.7724375
0.0,3.1,35.670625,139.7725625
0.0,3.34,35.670625,139.7726875
0.0,3.39,35.670625,139.7728125
0.0,3.52,35.670625,139.7729375
1.969,-2.23,35.670625,139.7730625
4.188,-2.45,35.670625,139.7731875
4.929,-2.44,35.670625,139.7733125
4.942,-2.36,35.670625,139.7734375
4.981,-1.48,35.670625,139.7735625
4.933,0.49,35.670625,139.7736875
3.049,1.65,35.670625,139.7738125
1.301,1.64,35.670625,139.7739375
0.971,1.65,35.670625,139.7740625
1.031,1.65,35.670625,139.7741875
0.849,1.73,35.670625,139.7743125
0.0,2.02,35.670625,139.7744375
0.0,1.9,35.670625,139.7745625
0.0,1.9,35.670625,139.7746875
0.0,2.04,35.670625,139.7748125
0.0,1.98,35.670625,139.7749375
0.842,1.73,35.670625,139.7750625
0.985,1.39,35.670625,139.7751875
1.095,1.37,35.670625,139.7753125
1.061,1.27,35.670625,139.7754375
0.93,1.48,35.670625,139.7755625
0.0,1.8,35.670625,139.7756875
0.0,1.75,35.670625,139.7758125
0.831,1.47,35.670625,139.7759375
0.0,3.19,35.67054167,139.7570625
0.0,3.25,35.67054167,139.7571875
0.0,2.97,35.67054167,139.7573125
0.0,2.91,35.67054167,139.7574375
0.0,2.93,35.67054167,139.7575625
0.0,2.94,35.67054167,139.7576875
0.0,3.02,35.67054167,139.7578125
0.0,3.06,35.67054167,139.7579375
0.0,3.0,35.67054167,139.7580625
0.0,2.9,35.67054167,139.7581875
0.0,2.85,35.67054167,139.7583125
0.0,3.45,35.67054167,139.7584375
0.0,3.59,35.67054167,139.7585625
0.0,3.62,35.67054167,139.7586875
0.0,3.26,35.67054167,139.7588125
0.0,2.92,35.67054167,139.7589375
0.0,2.6,35.67054167,139.7590625
0.0,2.74,35.67054167,139.7591875
0.0,2.89,35.67054167,139.7593125
0.0,3.07,35.67054167,139.7594375
0.0,3.28,35.67054167,139.7595625
0.0,3.49,35.67054167,139.7596875
0.0,3.46,35.67054167,139.7598125
0.0,3.47,35.67054167,139.7599375
0.0,2.96,35.67054167,139.7600625
0.0,2.38,35.67054167,139.7601875
0.0,3.41,35.67054167,139.7603125
0.0,3.5,35.67054167,139.7604375
0.0,3.69,35.67054167,139.7605625
0.0,3.67,35.67054167,139.7606875
0.0,3.59,35.67054167,139.7608125
0.0,3.53,35.67054167,139.7609375
0.0,3.47,35.67054167,139.7610625
0.0,3.55,35.67054167,139.7611875
0.0,3.54,35.67054167,139.7613125
0.0,3.54,35.67054167,139.7614375
0.0,3.49,35.67054167,139.7615625
0.0,3.65,35.67054167,139.7616875
0.0,3.84,35.67054167,139.7618125
0.0,3.95,35.67054167,139.7619375
0.0,3.92,35.67054167,139.7620625
0.0,3.8,35.67054167,139.7621875
0.0,3.71,35.67054167,139.7623125
0.0,3.92,35.67054167,139.7624375
0.0,4.09,35.67054167,139.7625625
0.0,4.25,35.67054167,139.7626875
0.0,4.17,35.67054167,139.7628125
0.0,4.09,35.67054167,139.7629375
0.0,4.12,35.67054167,139.7630625
0.0,4.15,35.67054167,139.7631875
0.0,4.18,35.67054167,139.7633125
0.0,4.19,35.67054167,139.7634375
0.0,4.1,35.67054167,139.7635625
0.0,4.08,35.67054167,139.7636875
0.0,4.13,35.67054167,139.7638125
0.0,4.27,35.67054167,139.7639375
0.0,4.21,35.67054167,139.7640625
0.0,4.15,35.67054167,139.7641875
0.0,4.07,35.67054167,139.7643125
0.0,4.09,35.67054167,139.7644375
0.0,4.23,35.67054167,139.7645625
0.0,4.19,35.67054167,139.7646875
0.0,4.21,35.67054167,139.7648125
0.0,4.25,35.67054167,139.7649375
0.0,4.2,35.67054167,139.7650625
0.0,4.1,35.67054167,139.7651875
0.0,4.12,35.67054167,139.7653125
0.0,4.12,35.67054167,139.7654375
0.0,4.01,35.67054167,139.7655625
0.0,3.97,35.67054167,139.7656875
0.0,3.86,35.67054167,139.7658125
0.0,3.96,35.67054167,139.7659375
0.0,3.88,35.67054167,139.7660625
0.0,3.97,35.67054167,139.7661875
0.0,3.94,35.67054167,139.7663125
0.0,3.81,35.67054167,139.7664375
0.0,3.6,35.67054167,139.7665625
0.0,3.44,35.67054167,139.7666875
0.0,3.35,35.67054167,139.7668125
0.0,3.18,35.67054167,139.7669375
0.0,3.04,35.67054167,139.7670625
0.0,2.95,35.67054167,139.7671875
0.0,3.09,35.67054167,139.7673125
0.0,3.08,35.67054167,139.7674375
0.0,2.81,35.67054167,139.7675625
0.0,2.58,35.67054167,139.7676875
0.0,2.7,35.67054167,139.7678125
0.0,2.83,35.67054167,139.7679375
0.0,2.68,35.67054167,139.7680625
0.0,2.55,35.67054167,139.7681875
0.0,2.67,35.67054167,139.7683125
0.0,2.61,35.67054167,139.7684375
0.0,2.38,35.67054167,139.7685625
0.0,2.26,35.67054167,139.7686875
0.0,2.4,35.67054167,139.7688125
0.0,2.38,35.67054167,139.7689375
0.0,2.22,35.67054167,139.7690625
0.0,2.12,35.67054167,139.7691875
0.0,2.01,35.67054167,139.7693125
0.0,1.86,35.67054167,139.7694375
0.0,1.72,35.67054167,139.7695625
0.0,1.71,35.67054167,139.7696875
0.0,1.98,35.67054167,139.7698125
0.0,1.98,35.67054167,139.7699375
0.0,2.04,35.67054167,139.7700625
0.0,2.08,35.67054167,139.7701875
0.0,2.28,35.67054167,139.7703125
0.0,2.59,35.67054167,139.7704375
0.0,2.86,35.67054167,139.7705625
0.0,2.58,35.67054167,139.7706875
0.0,3.28,35.67054167,139.7708125
0.0,4.62,35.67054167,139.7709375
0.0,4.92,35.67054167,139.7710625
0.0,4.55,35.67054167,139.7711875
0.0,2.39,35.67054167,139.7713125
0.0,2.57,35.67054167,139.7714375
0.0,2.36,35.67054167,139.7715625
0.0,1.44,35.67054167,139.7716875
0.0,1.25,35.67054167,139.7718125
0.0,1.24,35.67054167,139.7719375
0.0,1.23,35.67054167,139.7720625
0.0,1.25,35.67054167,139.7721875
0.0,1.79,35.67054167,139.7723125
0.0,2.59,35.67054167,139.7724375
0.0,2.92,35.67054167,139.7725625
0.0,3.26,35.67054167,139.7726875
0.0,3.39,35.67054167,139.7728125
0.0,3.36,35.67054167,139.7729375
0.0,3.2,35.67054167,139.7730625
0.762,1.76,35.67054167,139.7731875
3.479,-0.95,35.67054167,139.7733125
4.916,-2.39,35.67054167,139.7734375
4.888,-2.36,35.67054167,139.7735625
4.898,-2.38,35.67054167,139.7736875
5.05,-2.52,35.67054167,139.7738125
4.643,-2.11,35.67054167,139.7739375
1.894,0.63,35.67054167,139.7740625
0.849,1.67,35.67054167,139.7741875
1.001,1.52,35.67054167,139.7743125
0.697,1.82,35.67054167,139.7744375
0.0,2.02,35.67054167,139.7745625
0.0,2.17,35.67054167,139.7746875
0.0,2.23,35.67054167,139.7748125
0.0,2.04,35.67054167,139.7749375
0.824,1.7,35.67054167,139.7750625
0.835,1.69,35.67054167,139.7751875
1.059,1.46,35.67054167,139.7753125
0.918,1.6,35.67054167,139.7754375
0.859,1.66,35.67054167,139.7755625
0.0,1.83,35.67054167,139.7756875
0.0,1.81,35.67054167,139.7758125
0.821,1.7,35.67054167,139.7759375
0.0,2.47,35.67045833,139.7570625
0.0,2.37,35.67045833,139.7571875
0.0,2.92,35.67045833,139.7573125
0.0,3.11,35.67045833,139.7574375
0.0,2.98,35.67045833,139.7575625
0.0,2.97,35.67045833,139.7576875
0.0,3.04,35.67045833,139.7578125
0.0,3.01,35.67045833,139.7579375
0.0,2.95,35.67045833,139.7580625
0.0,2.91,35.67045833,139.7581875
0.0,3.03,35.67045833,139.7583125
0.0,3.31,35.67045833,139.7584375
0.0,3.44,35.67045833,139.7585625
0.0,3.54,35.67045833,139.7586875
0.0,3.01,35.67045833,139.7588125
0.0,2.89,35.67045833,139.7589375
0.0,2.68,35.67045833,139.7590625
0.0,2.86,35.67045833,139.7591875
0.0,3.01,35.67045833,139.7593125
0.0,3.16,35.67045833,139.7594375
0.0,3.32,35.67045833,139.7595625
0.0,3.51,35.67045833,139.7596875
0.0,3.35,35.67045833,139.7598125
0.0,3.49,35.67045833,139.7599375
0.0,3.44,35.67045833,139.7600625
0.0,3.32,35.67045833,139.7601875
0.0,3.42,35.67045833,139.7603125
0.0,3.55,35.67045833,139.7604375
0.0,3.68,35.67045833,139.7605625
0.0,3.69,35.67045833,139.7606875
0.0,3.57,35.67045833,139.7608125
0.0,3.43,35.67045833,139.7609375
0.0,3.52,35.67045833,139.7610625
0.0,3.55,35.67045833,139.7611875
0.0,3.75,35.67045833,139.7613125
0.0,3.72,35.67045833,139.7614375
0.0,3.5,35.67045833,139.7615625
0.0,3.53,35.67045833,139.7616875
0.0,3.82,35.67045833,139.7618125
0.0,3.83,35.67045833,139.7619375
0.0,3.8,35.67045833,139.7620625
0.0,3.7,35.67045833,139.7621875
0.0,3.87,35.67045833,139.7623125
0.0,4.07,35.67045833,139.7624375
0.0,4.19,35.67045833,139.7625625
0.0,4.3,35.67045833,139.7626875
0.0,4.1,35.67045833,139.7628125
0.0,4.15,35.67045833,139.7629375
0.0,4.21,35.67045833,139.7630625
0.0,4.19,35.67045833,139.7631875
0.0,4.19,35.67045833,139.7633125
0.0,4.16,35.67045833,139.7634375
0.0,4.22,35.67045833,139.7635625
0.0,4.34,35.67045833,139.7636875
0.0,4.11,35.67045833,139.7638125
0.0,4.2,35.67045833,139.7639375
0.0,4.19,35.67045833,139.7640625
0.0,4.09,35.67045833,139.7641875
0.0,4.05,35.67045833,139.7643125
0.0,4.24,35.67045833,139.7644375
0.0,4.28,35.67045833,139.7645625
0.0,4.2,35.67045833,139.7646875
0.0,4.17,35.67045833,139.7648125
0.0,4.19,35.67045833,139.7649375
0.0,4.15,35.67045833,139.7650625
0.0,4.17,35.67045833,139.7651875
0.0,4.37,35.67045833,139.7653125
0.0,4.39,35.67045833,139.7654375
0.0,4.18,35.67045833,139.7655625
0.0,4.11,35.67045833,139.7656875
0.0,3.87,35.67045833,139.7658125
0.0,3.87,35.67045833,139.7659375
0.0,4.15,35.67045833,139.7660625
0.0,4.05,35.67045833,139.7661875
0.0,4.3,35.67045833,139.7663125
0.0,4.08,35.67045833,139.7664375
0.0,3.67,35.67045833,139.7665625
0.0,3.49,35.67045833,139.7666875
0.0,3.24,35.67045833,139.7668125
0.0,3.09,35.67045833,139.7669375
0.0,2.97,35.67045833,139.7670625
0.0,3.05,35.67045833,139.7671875
0.0,2.97,35.67045833,139.7673125
0.0,2.84,35.67045833,139.7674375
0.0,2.66,35.67045833,139.7675625
0.0,2.17,35.67045833,139.7676875
0.0,2.18,35.67045833,139.7678125
0.0,2.71,35.67045833,139.7679375
0.0,2.55,35.67045833,139.7680625
0.0,2.58,35.67045833,139.7681875
0.0,2.57,35.67045833,139.7683125
0.0,2.42,35.67045833,139.7684375
0.0,2.28,35.67045833,139.7685625
0.0,2.42,35.67045833,139.7686875
0.0,2.42,35.67045833,139.7688125
0.0,2.33,35.67045833,139.7689375
0.0,2.19,35.67045833,139.7690625
0.0,2.17,35.67045833,139.7691875
0.0,1.9,35.67045833,139.7693125
0.0,1.72,35.67045833,139.7694375
0.0,1.68,35.67045833,139.7695625
0.0,1.89,35.67045833,139.7696875
0.0,2.09,35.67045833,139.7698125
0.0,2.17,35.67045833,139.7699375
0.0,2.03,35.67045833,139.7700625
0.0,2.27,35.67045833,139.7701875
0.0,2.66,35.67045833,139.7703125
0.0,2.77,35.67045833,139.7704375
0.0,3.05,35.67045833,139.7705625
0.0,3.18,35.67045833,139.7706875
0.0,4.96,35.67045833,139.7708125
0.0,4.68,35.67045833,139.7709375
0.0,4.78,35.67045833,139.7710625
0.0,4.77,35.67045833,139.7711875
0.0,3.56,35.67045833,139.7713125
0.0,2.45,35.67045833,139.7714375
0.0,2.14,35.67045833,139.7715625
0.0,1.41,35.67045833,139.7716875
0.0,1.25,35.67045833,139.7718125
0.0,1.24,35.67045833,139.7719375
0.0,1.23,35.67045833,139.7720625
0.0,1.32,35.67045833,139.7721875
0.0,2.43,35.67045833,139.7723125
0.0,2.53,35.67045833,139.7724375
0.0,2.78,35.67045833,139.7725625
0.0,3.07,35.67045833,139.7726875
0.0,3.13,35.67045833,139.7728125
0.0,3.16,35.67045833,139.7729375
0.0,3.35,35.67045833,139.7730625
0.0,2.95,35.67045833,139.7731875
0.0,2.52,35.67045833,139.7733125
2.657,-0.14,35.67045833,139.7734375
4.55,-2.03,35.67045833,139.7735625
4.801,-2.28,35.67045833,139.7736875
4.944,-2.42,35.67045833,139.7738125
5.213,-2.69,35.67045833,139.7739375
5.898,-3.37,35.67045833,139.7740625
4.3,-1.77,35.67045833,139.7741875
1.263,1.26,35.67045833,139.7743125
0.738,1.78,35.67045833,139.7744375
0.0,2.04,35.67045833,139.7745625
0.0,2.24,35.67045833,139.7746875
0.0,2.16,35.67045833,139.7748125
0.0,2.13,35.67045833,139.7749375
0.0,1.88,35.67045833,139.7750625
0.0,1.86,35.67045833,139.7751875
0.0,1.72,35.67045833,139.7753125
0.0,1.74,35.67045833,139.7754375
0.0,1.79,35.67045833,139.7755625
0.0,1.88,35.67045833,139.7756875
0.0,1.87,35.67045833,139.7758125
0.939,1.58,35.67045833,139.7759375
0.0,0.68,35.670375,139.7570625
0.0,2.96,35.670375,139.7575625
0.0,2.97,35.670375,139.7576875
0.0,3.01,35.670375,139.7578125
0.0,2.97,35.670375,139.7579375
0.0,3.0,35.670375,139.7581875
0.0,3.13,35.670375,139.7583125
0.0,3.39,35.670375,139.7586875
0.0,3.24,35.670375,139.7588125
0.0,3.15,35.670375,139.7593125
0.0,3.32,35.670375,139.7594375
0.0,3.45,35.670375,139.7595625
0.0,3.37,35.670375,139.7598125
0.0,3.39,35.670375,139.7599375
0.0,3.41,35.670375,139.7600625
0.0,3.36,35.670375,139.7601875
0.0,3.55,35.670375,139.7606875
0.0,3.46,35.670375,139.7608125
0.0,3.47,35.670375,139.7609375
0.0,3.64,35.670375,139.7614375
0.0,3.63,35.670375,139.7615625
0.0,3.65,35.670375,139.7620625
0.0,3.75,35.670375,139.7621875
0.0,4.13,35.670375,139.7628125
0.0,4.21,35.670375,139.7629375
0.0,4.31,35.670375,139.7635625
0.0,4.37,35.670375,139.7636875
0.0,4.33,35.670375,139.7638125
0.0,4.16,35.670375,139.7639375
0.0,4.13,35.670375,139.7640625
0.0,4.07,35.670375,139.7641875
0.0,4.33,35.670375,139.7645625
0.0,4.18,35.670375,139.7646875
0.0,4.15,35.670375,139.7648125
0.0,4.29,35.670375,139.7651875
0.0,4.5,35.670375,139.7653125
0.0,4.46,35.670375,139.7654375
0.0,4.33,35.670375,139.7655625
0.0,4.08,35.670375,139.7656875
0.0,3.93,35.670375,139.7658125
0.0,3.87,35.670375,139.7659375
0.0,4.16,35.670375,139.7660625
0.0,3.07,35.670375,139.7669375
0.0,3.03,35.670375,139.7670625
0.0,2.93,35.670375,139.7671875
0.0,2.78,35.670375,139.7673125
0.0,2.79,35.670375,139.7674375
0.0,1.39,35.670375,139.7676875
0.0,1.39,35.670375,139.7678125
0.0,2.52,35.670375,139.7679375
0.0,2.62,35.670375,139.7680625
0.0,2.59,35.670375,139.7681875
0.0,2.36,35.670375,139.7683125
0.0,2.33,35.670375,139.7684375
0.0,2.29,35.670375,139.7685625
0.0,2.33,35.670375,139.7686875
0.0,2.08,35.670375,139.7691875
0.0,1.93,35.670375,139.7693125
0.0,1.74,35.670375,139.7694375
0.0,1.79,35.670375,139.7695625
0.0,2.16,35.670375,139.7698125
0.0,2.12,35.670375,139.7699375
0.0,2.16,35.670375,139.7700625
0.0,3.33,35.670375,139.7705625
0.0,3.8,35.670375,139.7706875
0.0,4.69,35.670375,139.7710625
0.0,4.08,35.670375,139.7711875
0.0,1.22,35.670375,139.7719375
0.0,1.21,35.670375,139.7720625
0.0,2.09,35.670375,139.7721875
0.0,2.54,35.670375,139.7724375
0.0,2.64,35.670375,139.7725625
0.0,2.99,35.670375,139.7729375
0.0,3.08,35.670375,139.7730625
0.0,2.89,35.670375,139.7731875
4.794,-2.27,35.670375,139.7738125
4.944,-2.42,35.670375,139.7739375
5.257,-2.73,35.670375,139.7740625
2.678,-0.15,35.670375,139.7744375
0.0,2.31,35.670375,139.7745625
0.0,2.41,35.670375,139.7746875
0.0,1.83,35.670375,139.7754375
0.0,1.88,35.670375,139.7755625
0.0,2.47,35.670375,139.7571875
0.0,0.33,35.670375,139.7573125
0.0,2.92,35.670375,139.7574375
0.0,2.96,35.670375,139.7580625
0.0,3.21,35.670375,139.7584375
0.0,3.3,35.670375,139.7585625
0.0,2.82,35.670375,139.7589375
0.0,2.76,35.670375,139.7590625
0.0,2.95,35.670375,139.7591875
0.0,3.35,35.670375,139.7596875
0.0,3.37,35.670375,139.7603125
0.0,3.56,35.670375,139.7604375
0.0,3.62,35.670375,139.7605625
0.0,3.52,35.670375,139.7610625
0.0,3.74,35.670375,139.7611875
0.0,3.77,35.670375,139.7613125
0.0,3.63,35.670375,139.7616875
0.0,3.6,35.670375,139.7618125
0.0,3.69,35.670375,139.7619375
0.0,4.01,35.670375,139.7623125
0.0,4.13,35.670375,139.7624375
0.0,4.16,35.670375,139.7625625
0.0,4.21,35.670375,139.7626875
0.0,4.25,35.670375,139.7630625
0.0,4.21,35.670375,139.7631875
0.0,4.23,35.670375,139.7633125
0.0,4.24,35.670375,139.7634375
0.0,4.19,35.670375,139.7643125
0.0,4.34,35.670375,139.7644375
0.0,4.15,35.670375,139.7649375
0.0,4.19,35.670375,139.7650625
0.0,4.36,35.670375,139.7661875
0.0,4.56,35.670375,139.7663125
0.0,4.72,35.670375,139.7664375
0.0,3.87,35.670375,139.7665625
0.0,3.56,35.670375,139.7666875
0.0,3.19,35.670375,139.7668125
0.0,2.53,35.670375,139.7675625
0.0,2.34,35.670375,139.7688125
0.0,2.2,35.670375,139.7689375
0.0,2.23,35.670375,139.7690625
0.0,1.98,35.670375,139.7696875
0.0,2.36,35.670375,139.7701875
0.0,2.76,35.670375,139.7703125
0.0,3.0,35.670375,139.7704375
0.0,4.83,35.670375,139.7708125
0.0,4.75,35.670375,139.7709375
0.0,2.67,35.670375,139.7713125
0.0,2.73,35.670375,139.7714375
0.0,2.34,35.670375,139.7715625
0.0,1.93,35.670375,139.7716875
0.0,1.58,35.670375,139.7718125
0.0,2.52,35.670375,139.7723125
0.0,2.72,35.670375,139.7726875
0.0,2.76,35.670375,139.7728125
0.0,2.51,35.670375,139.7733125
0.0,2.17,35.670375,139.7734375
1.567,0.95,35.670375,139.7735625
3.338,-0.81,35.670375,139.7736875
6.018,-3.49,35.670375,139.7741875
5.453,-2.92,35.670375,139.7743125
0.0,2.38,35.670375,139.7748125
0.0,2.28,35.670375,139.7749375
0.0,2.2,35.670375,139.7750625
0.0,1.99,35.670375,139.7751875
0.0,1.93,35.670375,139.7753125
0.0,1.95,35.670375,139.7756875
0.0,1.86,35.670375,139.7758125
1.081,1.44,35.670375,139.7759375
0.0,2.16,35.67029167,139.7570625
0.0,1.73,35.67029167,139.7571875
0.0,0.06,35.67029167,139.7573125
0.0,2.47,35.67029167,139.7574375
0.0,1.78,35.67029167,139.7575625
0.0,2.9,35.67029167,139.7576875
0.0,3.0,35.67029167,139.7578125
0.0,3.05,35.67029167,139.7579375
0.0,3.04,35.67029167,139.7580625
0.0,3.11,35.67029167,139.7581875
0.0,3.13,35.67029167,139.7583125
0.0,3.13,35.67029167,139.7584375
0.0,3.17,35.67029167,139.7585625
0.0,3.24,35.67029167,139.7586875
0.0,3.16,35.67029167,139.7588125
0.0,2.82,35.67029167,139.7589375
0.0,2.88,35.67029167,139.7590625
0.0,3.05,35.67029167,139.7591875
0.0,3.26,35.67029167,139.7593125
0.0,3.45,35.67029167,139.7594375
0.0,3.57,35.67029167,139.7595625
0.0,3.21,35.67029167,139.7596875
0.0,3.21,35.67029167,139.7598125
0.0,3.32,35.67029167,139.7599375
0.0,3.37,35.67029167,139.7600625
0.0,3.36,35.67029167,139.7601875
0.0,3.47,35.67029167,139.7603125
0.0,3.61,35.67029167,139.7604375
0.0,3.59,35.67029167,139.7605625
0.0,3.49,35.67029167,139.7606875
0.0,3.4,35.67029167,139.7608125
0.0,3.5,35.67029167,139.7609375
0.0,3.6,35.67029167,139.7610625
0.0,3.85,35.67029167,139.7611875
0.0,3.68,35.67029167,139.7613125
0.0,3.63,35.67029167,139.7614375
0.0,3.79,35.67029167,139.7615625
0.0,3.84,35.67029167,139.7616875
0.0,3.67,35.67029167,139.7618125
0.0,3.55,35.67029167,139.7619375
0.0,3.59,35.67029167,139.7620625
0.0,3.9,35.67029167,139.7621875
0.0,4.07,35.67029167,139.7623125
0.0,4.15,35.67029167,139.7624375
0.0,4.1,35.67029167,139.7625625
0.0,4.07,35.67029167,139.7626875
0.0,4.17,35.67029167,139.7628125
0.0,4.28,35.67029167,139.7629375
0.0,4.33,35.67029167,139.7630625
0.0,4.29,35.67029167,139.7631875
0.0,4.26,35.67029167,139.7633125
0.0,4.28,35.67029167,139.7634375
0.0,4.29,35.67029167,139.7635625
0.0,4.3,35.67029167,139.7636875
0.0,4.31,35.67029167,139.7638125
0.0,4.12,35.67029167,139.7639375
0.0,4.14,35.67029167,139.7640625
0.0,4.1,35.67029167,139.7641875
0.0,4.26,35.67029167,139.7643125
0.0,4.21,35.67029167,139.7644375
0.0,4.26,35.67029167,139.7645625
0.0,4.21,35.67029167,139.7646875
0.0,4.11,35.67029167,139.7648125
0.0,4.14,35.67029167,139.7649375
0.0,4.24,35.67029167,139.7650625
0.0,4.26,35.67029167,139.7651875
0.0,4.33,35.67029167,139.7653125
0.0,4.44,35.67029167,139.7654375
0.0,4.36,35.67029167,139.7655625
0.0,4.16,35.67029167,139.7656875
0.0,3.88,35.67029167,139.7658125
0.0,3.99,35.67029167,139.7659375
0.0,4.28,35.67029167,139.7660625
0.0,4.51,35.67029167,139.7661875
0.0,4.64,35.67029167,139.7663125
0.0,4.71,35.67029167,139.7664375
0.0,4.39,35.67029167,139.7665625
0.0,3.78,35.67029167,139.7666875
0.0,3.24,35.67029167,139.7668125
0.0,3.09,35.67029167,139.7669375
0.0,3.06,35.67029167,139.7670625
0.0,2.94,35.67029167,139.7671875
0.0,2.77,35.67029167,139.7673125
0.0,2.67,35.67029167,139.7674375
0.0,1.01,35.67029167,139.7675625
0.0,1.39,35.67029167,139.7676875
0.0,1.39,35.67029167,139.7678125
0.0,2.56,35.67029167,139.7679375
0.0,2.66,35.67029167,139.7680625
0.0,2.62,35.67029167,139.7681875
0.0,2.4,35.67029167,139.7683125
0.0,2.25,35.67029167,139.7684375
0.0,2.26,35.67029167,139.7685625
0.0,2.18,35.67029167,139.7686875
0.0,2.24,35.67029167,139.7688125
0.0,2.18,35.67029167,139.7689375
0.0,2.2,35.67029167,139.7690625
0.0,2.0,35.67029167,139.7691875
0.0,1.79,35.67029167,139.7693125
0.0,1.78,35.67029167,139.7694375
0.0,1.86,35.67029167,139.7695625
0.0,2.11,35.67029167,139.7696875
0.0,2.25,35.67029167,139.7698125
0.0,2.13,35.67029167,139.7699375
0.0,2.35,35.67029167,139.7700625
0.0,2.31,35.67029167,139.7701875
0.0,2.57,35.67029167,139.7703125
0.0,2.91,35.67029167,139.7704375
0.0,2.75,35.67029167,139.7705625
0.0,3.31,35.67029167,139.7706875
0.0,4.2,35.67029167,139.7708125
0.0,4.79,35.67029167,139.7709375
0.0,4.4,35.67029167,139.7710625
0.0,3.17,35.67029167,139.7711875
0.0,2.86,35.67029167,139.7713125
0.0,2.6,35.67029167,139.7714375
0.0,2.25,35.67029167,139.7715625
0.0,2.05,35.67029167,139.7716875
0.0,2.18,35.67029167,139.7718125
0.0,1.84,35.67029167,139.7719375
0.0,1.59,35.67029167,139.7720625
0.0,2.5,35.67029167,139.7721875
0.0,2.56,35.67029167,139.7723125
0.0,2.52,35.67029167,139.7724375
0.0,2.5,35.67029167,139.7725625
0.0,2.5,35.67029167,139.7726875
0.0,2.59,35.67029167,139.7728125
0.0,2.84,35.67029167,139.7729375
0.0,2.96,35.67029167,139.7730625
0.0,2.68,35.67029167,139.7731875
0.0,2.55,35.67029167,139.7733125
0.0,2.33,35.67029167,139.7734375
0.0,1.98,35.67029167,139.7735625
0.938,1.58,35.67029167,139.7736875
2.191,0.33,35.67029167,139.7738125
3.881,-1.36,35.67029167,139.7739375
4.87,-2.35,35.67029167,139.7740625
5.087,-2.56,35.67029167,139.7741875
5.579,-3.05,35.67029167,139.7743125
5.203,-2.67,35.67029167,139.7744375
0.0,2.34,35.67029167,139.7745625
0.019,2.74,35.67029167,139.7746875
0.001,2.67,35.67029167,139.7748125
0.0,2.58,35.67029167,139.7749375
0.03,2.49,35.67029167,139.7750625
0.0,2.14,35.67029167,139.7751875
0.0,2.12,35.67029167,139.7753125
0.696,1.82,35.67029167,139.7754375
0.0,1.9,35.67029167,139.7755625
0.0,1.88,35.67029167,139.7756875
0.821,1.7,35.67029167,139.7758125
1.214,1.31,35.67029167,139.7759375
0.0,2.12,35.67020833,139.7570625
0.0,2.15,35.67020833,139.7571875
0.0,2.11,35.67020833,139.7573125
0.0,1.39,35.67020833,139.7574375
0.0,2.47,35.67020833,139.7575625
0.0,2.47,35.67020833,139.7576875
0.0,2.95,35.67020833,139.7578125
0.0,3.08,35.67020833,139.7579375
0.0,3.09,35.67020833,139.7580625
0.0,3.22,35.67020833,139.7581875
0.0,3.19,35.67020833,139.7583125
0.0,3.12,35.67020833,139.7584375
0.0,3.07,35.67020833,139.7585625
0.0,3.09,35.67020833,139.7586875
0.0,3.06,35.67020833,139.7588125
0.0,2.83,35.67020833,139.7589375
0.0,3.02,35.67020833,139.7590625
0.0,3.16,35.67020833,139.7591875
0.0,3.29,35.67020833,139.7593125
0.0,3.55,35.67020833,139.7594375
0.0,3.46,35.67020833,139.7595625
0.0,3.21,35.67020833,139.7596875
0.0,3.01,35.67020833,139.7598125
0.0,3.21,35.67020833,139.7599375
0.0,3.28,35.67020833,139.7600625
0.0,3.44,35.67020833,139.7601875
0.0,3.53,35.67020833,139.7603125
0.0,3.56,35.67020833,139.7604375
0.0,3.52,35.67020833,139.7605625
0.0,3.37,35.67020833,139.7606875
0.0,3.48,35.67020833,139.7608125
0.0,3.49,35.67020833,139.7609375
0.0,3.8,35.67020833,139.7610625
0.0,3.79,35.67020833,139.7611875
0.0,3.62,35.67020833,139.7613125
0.0,3.7,35.67020833,139.7614375
0.0,3.84,35.67020833,139.7615625
0.0,3.9,35.67020833,139.7616875
0.0,3.8,35.67020833,139.7618125
0.0,3.58,35.67020833,139.7619375
0.0,3.59,35.67020833,139.7620625
0.0,3.91,35.67020833,139.7621875
0.0,4.12,35.67020833,139.7623125
0.0,4.13,35.67020833,139.7624375
0.0,4.08,35.67020833,139.7625625
0.0,4.07,35.67020833,139.7626875
0.0,4.15,35.67020833,139.7628125
0.0,4.28,35.67020833,139.7629375
0.0,4.4,35.67020833,139.7630625
0.0,4.34,35.67020833,139.7631875
0.0,4.35,35.67020833,139.7633125
0.0,4.27,35.67020833,139.7634375
0.0,4.21,35.67020833,139.7635625
0.0,4.27,35.67020833,139.7636875
0.0,4.3,35.67020833,139.7638125
0.0,4.16,35.67020833,139.7639375
0.0,4.1,35.67020833,139.7640625
0.0,4.09,35.67020833,139.7641875
0.0,4.18,35.67020833,139.7643125
0.0,4.18,35.67020833,139.7644375
0.0,4.16,35.67020833,139.7645625
0.0,4.21,35.67020833,139.7646875
0.0,4.14,35.67020833,139.7648125
0.0,4.15,35.67020833,139.7649375
0.0,4.28,35.67020833,139.7650625
0.0,4.22,35.67020833,139.7651875
0.0,4.31,35.67020833,139.7653125
0.0,4.4,35.67020833,139.7654375
0.0,4.31,35.67020833,139.7655625
0.0,4.04,35.67020833,139.7656875
0.0,3.77,35.67020833,139.7658125
0.0,3.9,35.67020833,139.7659375
0.0,4.47,35.67020833,139.7660625
0.0,4.67,35.67020833,139.7661875
0.0,4.68,35.67020833,139.7663125
0.0,4.52,35.67020833,139.7664375
0.0,4.2,35.67020833,139.7665625
0.0,3.9,35.67020833,139.7666875
0.0,3.42,35.67020833,139.7668125
0.0,3.23,35.67020833,139.7669375
0.0,3.09,35.67020833,139.7670625
0.0,2.93,35.67020833,139.7671875
0.0,2.69,35.67020833,139.7673125
0.0,2.51,35.67020833,139.7674375
0.0,1.39,35.67020833,139.7675625
0.0,1.39,35.67020833,139.7676875
0.0,2.49,35.67020833,139.7678125
0.0,2.7,35.67020833,139.7679375
0.0,2.66,35.67020833,139.7680625
0.0,2.6,35.67020833,139.7681875
0.0,2.51,35.67020833,139.7683125
0.0,2.27,35.67020833,139.7684375
0.0,2.15,35.67020833,139.7685625
0.0,2.15,35.67020833,139.7686875
0.0,2.17,35.67020833,139.7688125
0.0,2.13,35.67020833,139.7689375
0.0,2.15,35.67020833,139.7690625
0.0,2.03,35.67020833,139.7691875
0.0,1.85,35.67020833,139.7693125
0.0,1.95,35.67020833,139.7694375
0.0,1.98,35.67020833,139.7695625
0.0,1.97,35.67020833,139.7696875
0.0,2.02,35.67020833,139.7698125
0.0,2.21,35.67020833,139.7699375
0.0,2.32,35.67020833,139.7700625
0.0,2.31,35.67020833,139.7701875
0.0,2.39,35.67020833,139.7703125
0.0,2.61,35.67020833,139.7704375
0.0,-1.98,35.67020833,139.7705625
0.0,-1.98,35.67020833,139.7706875
0.0,3.3,35.67020833,139.7708125
0.0,3.87,35.67020833,139.7709375
0.0,3.73,35.67020833,139.7710625
0.0,3.15,35.67020833,139.7711875
0.0,2.83,35.67020833,139.7713125
0.0,2.43,35.67020833,139.7714375
0.0,2.12,35.67020833,139.7715625
0.0,2.19,35.67020833,139.7716875
0.0,2.35,35.67020833,139.7718125
0.0,2.48,35.67020833,139.7719375
0.0,2.51,35.67020833,139.7720625
0.0,2.54,35.67020833,139.7721875
0.0,2.5,35.67020833,139.7723125
0.0,2.47,35.67020833,139.7724375
0.0,2.42,35.67020833,139.7725625
0.0,2.4,35.67020833,139.7726875
0.0,2.43,35.67020833,139.7728125
0.0,2.57,35.67020833,139.7729375
0.0,2.6,35.67020833,139.7730625
0.0,2.66,35.67020833,139.7731875
0.0,2.68,35.67020833,139.7733125
0.0,2.23,35.67020833,139.7734375
0.0,2.16,35.67020833,139.7735625
0.699,1.82,35.67020833,139.7736875
0.914,1.61,35.67020833,139.7738125
1.04,1.48,35.67020833,139.7739375
2.793,-0.25,35.67020833,139.7740625
4.574,-2.05,35.67020833,139.7741875
4.975,-2.45,35.67020833,139.7743125
4.894,-2.36,35.67020833,139.7744375
4.425,-1.86,35.67020833,139.7745625
0.0,1.91,35.67020833,139.7746875
0.095,2.48,35.67020833,139.7748125
0.001,2.88,35.67020833,139.7749375
0.0,2.67,35.67020833,139.7750625
0.0,2.36,35.67020833,139.7751875
0.0,2.13,35.67020833,139.7753125
0.774,1.75,35.67020833,139.7754375
0.911,1.61,35.67020833,139.7755625
1.065,1.46,35.67020833,139.7756875
0.964,1.56,35.67020833,139.7758125
1.116,1.4,35.67020833,139.7759375
0.0,2.46,35.670125,139.7570625
0.0,2.16,35.670125,139.7571875
0.0,2.06,35.670125,139.7573125
0.0,2.14,35.670125,139.7574375
0.0,2.19,35.670125,139.7575625
0.0,2.47,35.670125,139.7576875
0.0,2.47,35.670125,139.7578125
0.0,2.95,35.670125,139.7579375
0.0,3.14,35.670125,139.7580625
0.0,3.2,35.670125,139.7581875
0.0,3.2,35.670125,139.7583125
0.0,3.16,35.670125,139.7584375
0.0,3.09,35.670125,139.7585625
0.0,3.03,35.670125,139.7586875
0.0,2.93,35.670125,139.7588125
0.0,2.85,35.670125,139.7589375
0.0,3.04,35.670125,139.7590625
0.0,3.23,35.670125,139.7591875
0.0,3.41,35.670125,139.7593125
0.0,3.54,35.670125,139.7594375
0.0,3.37,35.670125,139.7595625
0.0,3.34,35.670125,139.7596875
0.0,3.24,35.670125,139.7598125
0.0,3.16,35.670125,139.7599375
0.0,3.27,35.670125,139.7600625
0.0,3.43,35.670125,139.7601875
0.0,3.49,35.670125,139.7603125
0.0,3.52,35.670125,139.7604375
0.0,3.42,35.670125,139.7605625
0.0,3.42,35.670125,139.7606875
0.0,3.4,35.670125,139.7608125
0.0,3.53,35.670125,139.7609375
0.0,3.72,35.670125,139.7610625
0.0,3.68,35.670125,139.7611875
0.0,3.7,35.670125,139.7613125
0.0,3.85,35.670125,139.7614375
0.0,3.79,35.670125,139.7615625
0.0,3.9,35.670125,139.7616875
0.0,3.63,35.670125,139.7618125
0.0,3.66,35.670125,139.7619375
0.0,3.66,35.670125,139.7620625
0.0,3.77,35.670125,139.7621875
0.0,3.99,35.670125,139.7623125
0.0,4.05,35.670125,139.7624375
0.0,4.0,35.670125,139.7625625
0.0,4.07,35.670125,139.7626875
0.0,4.23,35.670125,139.7628125
0.0,4.36,35.670125,139.7629375
0.0,4.41,35.670125,139.7630625
0.0,4.34,35.670125,139.7631875
0.0,4.4,35.670125,139.7633125
0.0,4.33,35.670125,139.7634375
0.0,4.28,35.670125,139.7635625
0.0,4.33,35.670125,139.7636875
0.0,4.16,35.670125,139.7638125
0.0,4.13,35.670125,139.7639375
0.0,2.42,35.670125,139.7640625
0.0,0.38,35.670125,139.7641875
0.0,3.87,35.670125,139.7643125
0.0,4.13,35.670125,139.7644375
0.0,4.11,35.670125,139.7645625
0.0,4.1,35.670125,139.7646875
0.0,4.11,35.670125,139.7648125
0.0,4.27,35.670125,139.7649375
0.0,4.29,35.670125,139.7650625
0.0,4.18,35.670125,139.7651875
0.0,4.23,35.670125,139.7653125
0.0,4.39,35.670125,139.7654375
0.0,4.03,35.670125,139.7655625
0.0,3.74,35.670125,139.7656875
0.0,3.68,35.670125,139.7658125
0.0,3.68,35.670125,139.7659375
0.0,4.15,35.670125,139.7660625
0.0,4.83,35.670125,139.7661875
0.0,4.57,35.670125,139.7663125
0.0,4.36,35.670125,139.7664375
0.0,4.02,35.670125,139.7665625
0.0,3.76,35.670125,139.7666875
0.0,3.45,35.670125,139.7668125
0.0,3.24,35.670125,139.7669375
0.0,3.08,35.670125,139.7670625
0.0,2.85,35.670125,139.7671875
0.0,2.6,35.670125,139.7673125
0.0,1.39,35.670125,139.7674375
0.0,1.39,35.670125,139.7675625
0.0,1.93,35.670125,139.7676875
0.0,2.61,35.670125,139.7678125
0.0,2.77,35.670125,139.7679375
0.0,2.56,35.670125,139.7680625
0.0,2.53,35.670125,139.7681875
0.0,2.44,35.670125,139.7683125
0.0,2.4,35.670125,139.7684375
0.0,2.23,35.670125,139.7685625
0.0,2.09,35.670125,139.7686875
0.0,2.13,35.670125,139.7688125
0.0,2.12,35.670125,139.7689375
0.0,2.06,35.670125,139.7690625
0.0,1.9,35.670125,139.7691875
0.0,1.97,35.670125,139.7693125
0.0,1.96,35.670125,139.7694375
0.0,2.02,35.670125,139.7695625
0.0,1.91,35.670125,139.7696875
0.0,2.02,35.670125,139.7698125
0.0,2.17,35.670125,139.7699375
0.0,2.16,35.670125,139.7700625
0.0,2.18,35.670125,139.7701875
0.0,2.08,35.670125,139.7703125
0.0,-1.98,35.670125,139.7704375
0.0,-1.98,35.670125,139.7705625
0.0,-1.98,35.670125,139.7706875
0.0,-1.98,35.670125,139.7708125
0.0,2.73,35.670125,139.7709375
0.0,3.19,35.670125,139.7710625
0.0,2.98,35.670125,139.7711875
0.0,2.52,35.670125,139.7713125
0.0,2.22,35.670125,139.7714375
0.0,2.15,35.670125,139.7715625
0.0,2.28,35.670125,139.7716875
0.0,2.46,35.670125,139.7718125
0.0,2.53,35.670125,139.7719375
0.0,2.48,35.670125,139.7720625
0.0,2.46,35.670125,139.7721875
0.0,2.38,35.670125,139.7723125
0.0,2.38,35.670125,139.7724375
0.0,2.33,35.670125,139.7725625
0.0,2.29,35.670125,139.7726875
0.0,2.4,35.670125,139.7728125
0.0,2.54,35.670125,139.7729375
0.0,2.55,35.670125,139.7730625
0.0,2.64,35.670125,139.7731875
0.0,2.74,35.670125,139.7733125
0.0,2.39,35.670125,139.7734375
0.0,2.06,35.670125,139.7735625
0.743,1.77,35.670125,139.7736875
0.695,1.82,35.670125,139.7738125
0.0,1.86,35.670125,139.7739375
0.852,1.67,35.670125,139.7740625
1.811,0.72,35.670125,139.7741875
3.124,-0.58,35.670125,139.7743125
4.874,-2.33,35.670125,139.7744375
5.301,-2.77,35.670125,139.7745625
5.556,-3.03,35.670125,139.7746875
4.377,-1.81,35.670125,139.7748125
2.739,-0.17,35.670125,139.7749375
0.776,1.78,35.670125,139.7750625
0.0,2.13,35.670125,139.7751875
0.0,2.16,35.670125,139.7753125
0.772,1.75,35.670125,139.7754375
1.046,1.47,35.670125,139.7755625
1.15,1.37,35.670125,139.7756875
1.062,1.46,35.670125,139.7758125
1.033,1.49,35.670125,139.7759375
0.0,2.9,35.67004167,139.7570625
0.0,2.51,35.67004167,139.7571875
0.0,2.21,35.67004167,139.7573125
0.0,2.09,35.67004167,139.7574375
0.0,2.17,35.67004167,139.7575625
0.0,1.82,35.67004167,139.7576875
0.0,1.88,35.67004167,139.7578125
0.0,2.81,35.67004167,139.7579375
0.0,2.95,35.67004167,139.7580625
0.0,3.07,35.67004167,139.7581875
0.0,3.07,35.67004167,139.7583125
0.0,3.12,35.67004167,139.7584375
0.0,3.12,35.67004167,139.7585625
0.0,3.07,35.67004167,139.7586875
0.0,2.91,35.67004167,139.7588125
0.0,3.02,35.67004167,139.7589375
0.0,3.17,35.67004167,139.7590625
0.0,3.32,35.67004167,139.7591875
0.0,3.46,35.67004167,139.7593125
0.0,3.6,35.67004167,139.7594375
0.0,3.33,35.67004167,139.7595625
0.0,3.28,35.67004167,139.7596875
0.0,3.34,35.67004167,139.7598125
0.0,3.26,35.67004167,139.7599375
0.0,3.23,35.67004167,139.7600625
0.0,3.34,35.67004167,139.7601875
0.0,3.47,35.67004167,139.7603125
0.0,3.47,35.67004167,139.7604375
0.0,3.38,35.67004167,139.7605625
0.0,3.4,35.67004167,139.7606875
0.0,3.46,35.67004167,139.7608125
0.0,3.55,35.67004167,139.7609375
0.0,3.68,35.67004167,139.7610625
0.0,3.69,35.67004167,139.7611875
0.0,3.76,35.67004167,139.7613125
0.0,3.85,35.67004167,139.7614375
0.0,3.81,35.67004167,139.7615625
0.0,3.67,35.67004167,139.7616875
0.0,3.62,35.67004167,139.7618125
0.0,3.93,35.67004167,139.7619375
0.0,3.97,35.67004167,139.7620625
0.0,3.75,35.67004167,139.7621875
0.0,3.75,35.67004167,139.7623125
0.0,3.89,35.67004167,139.7624375
0.0,3.91,35.67004167,139.7625625
0.0,4.04,35.67004167,139.7626875
0.0,4.25,35.67004167,139.7628125
0.0,4.42,35.67004167,139.7629375
0.0,4.44,35.67004167,139.7630625
0.0,4.44,35.67004167,139.7631875
0.0,4.32,35.67004167,139.7633125
0.0,4.34,35.67004167,139.7634375
0.0,4.33,35.67004167,139.7635625
0.0,4.2,35.67004167,139.7636875
0.0,4.17,35.67004167,139.7638125
0.0,2.98,35.67004167,139.7639375
0.0,1.33,35.67004167,139.7640625
0.0,1.93,35.67004167,139.7641875
0.0,1.61,35.67004167,139.7643125
0.0,4.06,35.67004167,139.7644375
0.0,4.03,35.67004167,139.7645625
0.0,4.03,35.67004167,139.7646875
0.0,4.09,35.67004167,139.7648125
0.0,4.35,35.67004167,139.7649375
0.0,4.4,35.67004167,139.7650625
0.0,4.26,35.67004167,139.7651875
0.0,4.22,35.67004167,139.7653125
0.0,4.04,35.67004167,139.7654375
0.0,3.67,35.67004167,139.7655625
0.0,3.64,35.67004167,139.7656875
0.0,3.59,35.67004167,139.7658125
0.0,3.43,35.67004167,139.7659375
0.0,3.57,35.67004167,139.7660625
0.0,4.46,35.67004167,139.7661875
0.0,4.46,35.67004167,139.7663125
0.0,4.07,35.67004167,139.7664375
0.0,3.87,35.67004167,139.7665625
0.0,3.54,35.67004167,139.7666875
0.0,3.29,35.67004167,139.7668125
0.0,3.13,35.67004167,139.7669375
0.0,2.99,35.67004167,139.7670625
0.0,2.71,35.67004167,139.7671875
0.0,1.85,35.67004167,139.7673125
0.0,1.39,35.67004167,139.7674375
0.0,1.51,35.67004167,139.7675625
0.0,2.47,35.67004167,139.7676875
0.0,2.73,35.67004167,139.7678125
0.0,2.51,35.67004167,139.7679375
0.0,2.55,35.67004167,139.7680625
0.0,2.63,35.67004167,139.7681875
0.0,2.39,35.67004167,139.7683125
0.0,2.36,35.67004167,139.7684375
0.0,2.39,35.67004167,139.7685625
0.0,2.08,35.67004167,139.7686875
0.0,2.01,35.67004167,139.7688125
0.0,2.02,35.67004167,139.7689375
0.0,1.88,35.67004167,139.7690625
0.0,2.05,35.67004167,139.7691875
0.0,1.98,35.67004167,139.7693125
0.0,1.92,35.67004167,139.7694375
0.0,1.93,35.67004167,139.7695625
0.0,2.0,35.67004167,139.7696875
0.0,1.95,35.67004167,139.7698125
0.0,2.08,35.67004167,139.7699375
0.0,2.04,35.67004167,139.7700625
0.0,1.8,35.67004167,139.7701875
0.0,0.55,35.67004167,139.7703125
0.0,-1.98,35.67004167,139.7704375
0.0,-1.98,35.67004167,139.7705625
0.0,-1.98,35.67004167,139.7706875
0.0,-1.98,35.67004167,139.7708125
0.0,2.87,35.67004167,139.7709375
0.0,2.9,35.67004167,139.7710625
0.0,2.62,35.67004167,139.7711875
0.0,2.34,35.67004167,139.7713125
0.0,2.12,35.67004167,139.7714375
0.0,2.2,35.67004167,139.7715625
0.0,2.43,35.67004167,139.7716875
0.0,2.44,35.67004167,139.7718125
0.0,2.43,35.67004167,139.7719375
0.0,2.46,35.67004167,139.7720625
0.0,2.38,35.67004167,139.7721875
0.0,2.36,35.67004167,139.7723125
0.0,2.29,35.67004167,139.7724375
0.0,2.24,35.67004167,139.7725625
0.0,2.26,35.67004167,139.7726875
0.0,2.36,35.67004167,139.7728125
0.0,2.48,35.67004167,139.7729375
0.0,2.55,35.67004167,139.7730625
0.0,2.67,35.67004167,139.7731875
0.0,2.69,35.67004167,139.7733125
0.0,2.34,35.67004167,139.7734375
0.0,1.96,35.67004167,139.7735625
0.0,1.88,35.67004167,139.7736875
0.0,2.0,35.67004167,139.7738125
0.0,2.1,35.67004167,139.7739375
0.764,1.75,35.67004167,139.7740625
0.0,1.94,35.67004167,139.7741875
0.734,1.79,35.67004167,139.7743125
1.741,0.78,35.67004167,139.7744375
4.911,-2.37,35.67004167,139.7745625
5.631,-3.09,35.67004167,139.7746875
5.664,-3.12,35.67004167,139.7748125
5.375,-2.84,35.67004167,139.7749375
5.047,-2.51,35.67004167,139.7750625
4.334,-1.81,35.67004167,139.7751875
0.0,1.87,35.67004167,139.7753125
0.0,1.93,35.67004167,139.7754375
0.875,1.65,35.67004167,139.7755625
1.005,1.51,35.67004167,139.7756875
0.949,1.57,35.67004167,139.7758125
0.9,1.62,35.67004167,139.7759375
