3.72,3.74,3.78,3.81,3.82,3.79,3.77,3.82,3.88,3.86,3.81,3.80,3.81,3.81,3.75,3.81,3.84,3.86,3.94,3.97,4.00,4.00,3.97,4.02,4.00,4.01,4.06,4.12,4.06,3.98,3.90,3.86,3.81,3.76,3.75,3.77,3.73,3.63,3.53,3.48,3.49,3.43,3.40,3.41,3.47,3.63,3.75,3.82,3.85,3.90,3.87,3.89,3.95,3.97,4.00,4.02,4.05,4.10,4.19,4.20,4.14,4.03,3.98,4.02,4.02,4.00,4.00,4.02,4.02,3.97,3.86,3.80,3.76,3.41,2.82,2.13,1.49,1.49,2.36,3.81,3.75,3.79,3.89,4.02,4.14,4.06,3.86,3.66,3.58,3.61,3.67,3.67,3.61,3.54,3.43,3.43,3.48,3.48,3.57,3.59,3.59,3.62,3.65,3.67,3.65,3.65,3.78,3.85,3.74,3.74,4.10,4.15,1.59,-1.04,-2.58,-2.67,-2.76,-2.85,-2.92,-2.92,-0.62,1.06,2.06,2.42,2.47,2.66,2.85,2.97,2.94,2.90,2.91,2.93,2.92,2.90,2.87,2.83,2.80,2.90,2.96,3.01,3.03,3.03,3.06,3.09,3.10,3.09,3.20,3.16,3.05,2.96,3.06,3.01,2.92,2.88,2.94,2.89,2.98,3.10,3.19,3.28,3.32,3.34,3.35,3.32,3.34,3.28,3.20,3.14,3.16,3.15,3.17,3.23,3.25,3.23,3.24,3.26,3.28,3.27,3.32,3.34,3.29,3.28,3.24,3.20,3.16,3.07,3.04,3.02,3.01,2.99,3.03,3.09,3.15,3.21,3.25,3.23,3.21,3.21,3.20,3.20,3.25,3.27,3.26,3.24,3.11,2.96,2.83,2.75,2.67,2.66,2.71,2.79,2.76,2.69,2.64,2.65,2.79,2.85,2.88,2.89,2.90,2.93,2.91,2.95,3.06,3.13,3.14,3.11,3.03,2.93,2.95,2.91,2.89,2.92,2.77,2.74,2.66,2.55,2.59,2.48,2.41,2.39,2.42,2.45,2.44,2.45,2.47,2.46,2.45,2.44,2.45,2.45,2.43,2.42,2.43,2.45
3.65,3.70,3.73,3.76,3.79,3.76,3.77,3.83,3.88,3.84,3.79,3.77,3.76,3.74,3.68,3.77,3.83,3.86,3.92,3.93,3.94,3.94,3.96,3.99,3.96,3.99,4.07,4.10,4.02,3.98,3.95,3.90,3.85,3.82,3.82,3.86,3.85,3.71,3.64,3.62,3.51,3.49,3.45,3.43,3.46,3.50,3.58,3.63,3.68,3.78,3.76,3.80,3.87,3.93,3.93,3.99,4.05,4.09,4.11,4.11,4.08,4.03,3.97,3.99,3.99,3.98,3.99,4.01,4.00,3.97,3.91,3.91,3.89,3.73,3.25,2.24,1.61,2.49,3.46,3.75,3.80,3.88,4.02,4.17,4.24,3.98,3.78,3.66,3.60,3.73,3.73,3.68,3.62,3.61,3.57,3.58,3.57,3.45,3.50,3.55,3.60,3.66,3.74,3.77,3.78,3.79,3.87,4.00,4.11,4.21,4.25,3.72,0.38,-2.04,-2.49,-2.57,-2.65,-2.73,-2.81,-2.82,1.45,3.10,3.27,2.86,2.73,2.91,3.04,3.05,2.95,2.94,2.94,2.95,2.94,2.93,2.90,2.86,2.84,2.89,2.98,3.04,3.06,3.05,3.01,3.02,3.05,3.10,3.18,3.11,3.01,2.96,3.02,2.91,2.87,2.89,2.92,2.97,3.06,3.17,3.27,3.31,3.31,3.31,3.32,3.34,3.31,3.24,3.17,3.13,3.22,3.21,3.19,3.18,3.18,3.19,3.22,3.27,3.31,3.26,3.30,3.33,3.32,3.30,3.28,3.24,3.18,3.03,3.02,3.01,2.97,2.92,3.02,3.08,3.15,3.23,3.25,3.30,3.26,3.22,3.27,3.24,3.19,3.16,3.14,3.17,3.03,2.88,2.74,2.67,2.63,2.66,2.72,2.76,2.72,2.62,2.63,2.75,2.87,2.92,2.93,2.93,2.91,2.88,2.88,2.94,3.08,3.15,3.14,3.11,3.07,3.03,3.01,2.94,2.88,2.88,2.78,2.75,2.75,2.72,2.63,2.48,2.41,2.39,2.39,2.39,2.38,2.40,2.47,2.50,2.51,2.51,2.51,2.52,2.50,2.46,2.42,2.40
3.44,3.55,3.59,3.62,3.65,3.64,3.65,3.69,3.73,3.73,3.69,3.69,3.68,3.64,3.63,3.72,3.81,3.88,3.92,3.87,3.88,3.91,3.94,3.94,3.93,3.97,4.05,4.07,3.99,3.97,3.95,3.88,3.87,3.88,3.91,3.94,3.92,3.81,3.77,3.73,3.52,3.54,3.52,3.49,3.49,3.45,3.49,3.54,3.57,3.63,3.67,3.71,3.78,3.90,3.91,3.96,4.00,4.01,4.03,4.02,4.01,3.99,3.99,3.97,3.97,3.99,4.01,4.03,4.05,4.03,3.99,3.99,3.94,3.87,3.62,2.95,2.55,3.24,3.84,3.79,3.88,3.98,4.12,4.27,4.28,3.94,3.75,3.68,3.68,3.78,3.76,3.71,3.68,3.69,3.68,3.69,3.68,3.59,3.57,3.57,3.59,3.66,3.77,3.85,3.90,3.95,4.01,4.15,4.30,4.43,4.35,2.36,-0.60,-2.31,-2.39,-2.47,-2.55,-2.63,-2.27,-0.88,2.83,3.91,3.71,3.23,2.95,3.07,3.12,3.03,2.96,2.96,2.96,2.95,2.94,2.94,2.92,2.89,2.87,2.91,2.98,3.04,3.07,3.07,3.00,3.00,3.02,3.05,3.07,3.03,2.99,2.97,2.98,2.87,2.86,2.89,2.90,3.04,3.14,3.23,3.31,3.31,3.31,3.31,3.34,3.39,3.31,3.22,3.16,3.14,3.22,3.22,3.20,3.18,3.17,3.18,3.21,3.24,3.26,3.23,3.27,3.30,3.30,3.30,3.28,3.25,3.17,3.01,3.01,2.99,2.97,3.00,3.07,3.11,3.16,3.22,3.24,3.30,3.27,3.23,3.29,3.23,3.15,3.09,3.05,3.04,2.94,2.81,2.69,2.61,2.62,2.69,2.74,2.75,2.68,2.64,2.69,2.81,2.88,2.94,2.95,2.94,2.90,2.87,2.89,2.96,3.08,3.15,3.13,3.09,3.05,3.05,3.02,2.96,2.90,2.87,2.78,2.77,2.78,2.78,2.66,2.52,2.46,2.43,2.39,2.36,2.34,2.37,2.46,2.49,2.53,2.56,2.57,2.58,2.55,2.50,2.47,2.44
3.19,3.36,3.42,3.44,3.46,3.48,3.49,3.49,3.51,3.58,3.56,3.59,3.58,3.52,3.59,3.64,3.76,3.89,3.90,3.79,3.82,3.89,3.92,3.89,3.92,3.97,4.01,4.04,3.96,3.95,3.94,3.84,3.87,3.94,4.00,4.02,3.97,3.92,3.91,3.84,3.52,3.61,3.60,3.56,3.53,3.45,3.46,3.49,3.51,3.48,3.59,3.63,3.69,3.87,3.91,3.93,3.92,3.91,3.95,3.94,3.92,3.93,4.00,3.96,3.97,4.01,4.05,4.07,4.12,4.13,4.07,4.06,3.96,3.93,3.94,3.91,3.82,3.82,3.86,3.90,3.98,4.07,4.21,4.33,4.28,3.93,3.76,3.73,3.80,3.81,3.77,3.74,3.76,3.77,3.76,3.77,3.79,3.80,3.70,3.62,3.59,3.63,3.78,3.90,4.00,4.10,4.18,4.29,4.39,4.49,4.33,0.56,-1.42,-2.22,-2.30,-2.38,-2.45,-2.49,-1.48,1.89,3.79,4.06,3.76,3.55,3.15,3.18,3.12,2.98,2.97,2.97,2.97,2.95,2.93,2.95,2.93,2.91,2.90,2.94,2.97,3.02,3.07,3.09,3.01,3.00,3.01,2.98,2.93,2.94,2.97,2.98,2.93,2.86,2.86,2.88,2.88,3.10,3.21,3.28,3.33,3.31,3.31,3.33,3.37,3.44,3.32,3.22,3.15,3.16,3.19,3.19,3.20,3.21,3.20,3.20,3.20,3.19,3.18,3.20,3.23,3.26,3.27,3.28,3.26,3.23,3.15,2.99,3.00,2.97,3.00,3.13,3.14,3.16,3.19,3.21,3.22,3.27,3.25,3.22,3.26,3.18,3.11,3.04,2.97,2.89,2.84,2.76,2.66,2.56,2.65,2.72,2.77,2.75,2.64,2.70,2.79,2.86,2.84,2.94,2.95,2.92,2.90,2.88,2.92,2.99,3.07,3.14,3.10,3.05,3.02,3.04,3.01,2.98,2.94,2.87,2.79,2.78,2.80,2.79,2.68,2.58,2.54,2.50,2.41,2.34,2.31,2.35,2.46,2.46,2.53,2.59,2.62,2.63,2.59,2.56,2.55,2.54
3.25,3.30,3.28,3.28,3.32,3.35,3.38,3.38,3.40,3.49,3.51,3.54,3.50,3.42,3.58,3.60,3.69,3.80,3.83,3.75,3.81,3.89,3.89,3.85,3.93,3.97,3.96,4.00,3.94,3.93,3.93,3.86,3.83,3.87,3.92,3.97,4.01,3.96,3.93,3.91,3.76,3.76,3.73,3.71,3.71,3.66,3.62,3.57,3.52,3.49,3.57,3.63,3.69,3.80,3.87,3.90,3.90,3.89,3.92,3.91,3.92,3.94,3.94,3.97,4.01,4.06,4.10,4.11,4.12,4.15,4.17,4.16,4.09,4.06,4.04,3.97,3.92,3.90,3.94,4.02,4.07,4.25,4.36,4.33,4.09,3.87,3.79,3.82,3.90,3.85,3.82,3.82,3.85,3.86,3.84,3.84,3.85,3.84,3.77,3.71,3.67,3.68,3.77,3.87,4.00,4.14,4.26,4.39,4.51,4.32,3.39,-0.50,-1.80,-2.13,-2.21,-2.29,-2.36,-1.81,-0.10,3.32,3.84,3.87,3.70,3.54,3.32,3.22,3.10,2.98,2.98,2.98,2.97,2.95,2.92,2.94,2.94,2.93,2.91,2.96,2.97,3.02,3.09,3.10,3.01,3.00,3.00,2.96,2.89,2.89,2.90,2.90,2.87,2.87,2.86,2.87,2.92,3.10,3.23,3.31,3.33,3.29,3.28,3.28,3.32,3.40,3.32,3.24,3.20,3.21,3.23,3.21,3.18,3.19,3.23,3.24,3.25,3.24,3.21,3.21,3.21,3.24,3.27,3.24,3.20,3.16,3.10,3.01,2.96,2.95,2.98,3.04,3.08,3.11,3.17,3.25,3.24,3.23,3.23,3.21,3.13,3.10,3.10,3.07,3.01,2.92,2.76,2.65,2.60,2.61,2.70,2.74,2.74,2.69,2.60,2.71,2.82,2.88,2.89,2.91,2.86,2.81,2.86,2.91,2.98,3.04,3.09,3.08,3.05,3.03,3.03,3.03,3.01,2.97,2.92,2.87,2.79,2.80,2.82,2.81,2.71,2.64,2.60,2.57,2.51,2.39,2.35,2.39,2.47,2.53,2.60,2.65,2.67,2.64,2.67,2.68,2.67,2.62
3.26,3.26,3.22,3.21,3.24,3.27,3.29,3.29,3.31,3.39,3.45,3.48,3.45,3.40,3.57,3.59,3.62,3.69,3.73,3.72,3.79,3.84,3.81,3.84,3.90,3.93,3.92,3.97,3.92,3.91,3.90,3.83,3.80,3.80,3.84,3.91,3.98,3.93,3.92,3.92,3.88,3.86,3.88,3.89,3.86,3.81,3.77,3.69,3.59,3.57,3.61,3.64,3.68,3.73,3.82,3.86,3.88,3.89,3.91,3.92,3.94,3.95,3.92,3.98,4.04,4.10,4.15,4.17,4.18,4.22,4.26,4.25,4.20,4.17,4.13,4.04,3.96,3.96,4.02,4.10,4.20,4.38,4.43,4.31,3.99,3.85,3.84,3.90,3.97,3.89,3.87,3.89,3.92,3.92,3.90,3.90,3.89,3.88,3.83,3.76,3.72,3.72,3.81,3.90,4.03,4.17,4.29,4.43,4.57,3.91,1.78,-1.22,-1.96,-2.04,-2.12,-2.20,-2.27,-0.74,1.80,4.12,3.86,3.74,3.64,3.49,3.38,3.23,3.09,2.99,2.99,2.98,2.97,2.95,2.92,2.93,2.94,2.94,2.93,2.96,2.98,3.03,3.09,3.12,3.03,3.01,3.00,2.96,2.90,2.88,2.85,2.83,2.84,2.87,2.86,2.87,2.96,3.09,3.22,3.30,3.32,3.28,3.26,3.25,3.28,3.36,3.30,3.23,3.20,3.22,3.23,3.20,3.17,3.17,3.23,3.24,3.25,3.26,3.23,3.23,3.22,3.23,3.25,3.20,3.15,3.09,3.04,2.98,2.91,2.92,2.96,2.99,3.07,3.09,3.15,3.23,3.23,3.19,3.19,3.16,3.04,2.99,3.02,3.02,2.98,2.91,2.72,2.60,2.58,2.65,2.73,2.75,2.72,2.65,2.63,2.74,2.84,2.88,2.90,2.89,2.84,2.80,2.85,2.96,3.03,3.07,3.08,3.03,3.01,3.01,3.03,3.03,2.99,2.95,2.90,2.86,2.80,2.82,2.84,2.83,2.75,2.70,2.66,2.63,2.59,2.46,2.41,2.43,2.51,2.59,2.64,2.68,2.69,2.66,2.70,2.73,2.72,2.67
3.22,3.26,3.27,3.26,3.25,3.27,3.25,3.23,3.24,3.29,3.36,3.40,3.42,3.47,3.56,3.60,3.57,3.55,3.61,3.69,3.74,3.74,3.70,3.85,3.85,3.85,3.89,3.95,3.93,3.90,3.85,3.76,3.76,3.75,3.77,3.84,3.87,3.84,3.85,3.88,3.86,3.93,4.07,4.12,3.98,3.89,3.91,3.86,3.74,3.72,3.70,3.69,3.68,3.67,3.77,3.81,3.85,3.91,3.93,3.96,3.97,3.95,3.94,4.01,4.07,4.13,4.19,4.26,4.31,4.34,4.35,4.32,4.29,4.26,4.22,4.13,3.93,3.99,4.10,4.16,4.37,4.46,4.43,4.29,3.99,3.87,3.91,3.99,4.00,3.92,3.91,3.94,3.99,3.98,3.95,3.94,3.93,3.92,3.88,3.78,3.72,3.77,3.92,4.00,4.09,4.19,4.27,4.41,4.58,3.24,-0.57,-1.58,-1.87,-1.95,-2.03,-2.11,-2.19,0.77,4.26,4.24,3.81,3.66,3.56,3.39,3.33,3.21,3.09,3.01,3.00,2.99,2.97,2.94,2.90,2.92,2.93,2.94,2.95,2.96,2.99,3.04,3.09,3.13,3.07,3.03,3.01,3.01,2.96,2.89,2.81,2.76,2.86,2.85,2.85,2.89,3.00,3.08,3.19,3.27,3.31,3.28,3.25,3.24,3.27,3.31,3.27,3.19,3.15,3.17,3.17,3.16,3.15,3.16,3.18,3.18,3.20,3.23,3.27,3.27,3.25,3.24,3.22,3.15,3.09,3.04,2.99,2.88,2.85,2.88,2.93,2.98,3.09,3.10,3.11,3.15,3.19,3.15,3.12,3.08,3.00,2.83,2.85,2.88,2.87,2.87,2.73,2.63,2.60,2.69,2.74,2.75,2.71,2.63,2.72,2.80,2.84,2.86,2.88,2.91,2.90,2.88,2.89,3.03,3.08,3.08,3.05,2.99,3.00,3.01,3.02,3.03,2.97,2.91,2.87,2.84,2.81,2.84,2.86,2.85,2.79,2.75,2.72,2.70,2.67,2.54,2.46,2.49,2.60,2.64,2.67,2.69,2.70,2.69,2.68,2.70,2.71,2.68
3.19,3.22,3.24,3.23,3.20,3.19,3.21,3.24,3.26,3.29,3.30,3.29,3.28,3.30,3.42,3.46,3.48,3.50,3.57,3.64,3.65,3.64,3.65,3.78,3.75,3.71,3.73,3.80,3.80,3.81,3.79,3.70,3.66,3.66,3.69,3.76,3.75,3.74,3.78,3.81,3.79,3.88,4.01,4.07,3.99,3.93,3.95,3.93,3.86,3.82,3.81,3.77,3.73,3.74,3.81,3.85,3.88,3.90,3.94,3.97,3.94,3.88,3.90,4.02,4.10,4.16,4.24,4.31,4.38,4.41,4.41,4.39,4.38,4.34,4.27,4.19,4.02,4.07,4.17,4.27,4.50,4.53,4.40,4.19,3.99,3.94,3.98,4.04,4.04,3.95,3.95,3.99,4.03,3.98,3.95,3.93,3.92,3.89,3.87,3.80,3.76,3.80,3.91,3.96,4.09,4.29,4.46,4.62,3.90,1.93,-1.24,-1.63,-1.78,-1.86,-1.94,-2.02,-0.01,2.58,4.46,4.20,3.91,3.68,3.50,3.36,3.29,3.19,3.09,3.02,3.01,3.00,2.97,2.94,2.90,2.91,2.92,2.93,2.94,2.95,2.99,3.05,3.12,3.16,3.10,3.06,3.05,3.04,2.99,2.90,2.81,2.76,2.85,2.81,2.83,2.90,3.00,3.06,3.09,3.13,3.18,3.21,3.17,3.18,3.21,3.25,3.22,3.15,3.12,3.16,3.15,3.13,3.12,3.13,3.15,3.15,3.15,3.18,3.22,3.22,3.22,3.20,3.18,3.12,3.06,3.00,2.94,2.86,2.87,2.90,2.94,2.96,3.07,3.04,3.01,3.03,3.09,3.06,3.03,2.99,2.94,2.83,2.82,2.83,2.81,2.79,2.67,2.62,2.66,2.75,2.75,2.72,2.67,2.63,2.78,2.84,2.87,2.88,2.94,2.93,2.91,2.91,2.95,3.03,3.09,3.11,3.05,2.95,2.97,2.99,3.01,3.02,2.97,2.94,2.93,2.94,2.90,2.89,2.88,2.86,2.84,2.79,2.76,2.73,2.71,2.63,2.54,2.54,2.64,2.67,2.69,2.70,2.70,2.72,2.69,2.69,2.70,2.70
3.18,3.19,3.22,3.21,3.17,3.14,3.21,3.26,3.28,3.30,3.27,3.23,3.19,3.18,3.32,3.36,3.41,3.48,3.54,3.59,3.56,3.54,3.60,3.70,3.64,3.59,3.58,3.67,3.70,3.74,3.74,3.64,3.57,3.56,3.61,3.67,3.64,3.65,3.70,3.74,3.72,3.82,3.92,3.97,3.95,3.93,3.95,3.97,3.96,3.91,3.91,3.85,3.80,3.83,3.86,3.89,3.91,3.91,3.95,3.98,3.93,3.85,3.88,4.03,4.13,4.20,4.28,4.37,4.43,4.45,4.45,4.44,4.44,4.39,4.30,4.19,4.12,4.15,4.25,4.38,4.60,4.54,4.34,4.11,4.01,4.01,4.04,4.07,4.06,3.97,3.97,4.02,4.04,3.97,3.93,3.92,3.90,3.86,3.84,3.80,3.79,3.83,3.88,3.91,4.05,4.31,4.67,4.83,3.10,0.57,-1.52,-1.61,-1.69,-1.77,-1.80,-1.63,2.01,4.01,4.36,4.14,3.98,3.71,3.48,3.35,3.25,3.15,3.08,3.03,3.02,3.01,2.97,2.93,2.89,2.89,2.91,2.91,2.92,2.94,2.98,3.05,3.13,3.16,3.08,3.06,3.06,3.04,2.98,2.87,2.79,2.76,2.83,2.78,2.82,2.91,2.99,3.03,3.00,3.00,3.05,3.11,3.08,3.10,3.14,3.18,3.15,3.10,3.09,3.14,3.13,3.09,3.08,3.10,3.12,3.11,3.10,3.11,3.15,3.15,3.17,3.16,3.13,3.09,3.03,2.96,2.90,2.85,2.89,2.93,2.95,2.97,3.05,2.98,2.93,2.93,2.99,2.98,2.95,2.91,2.88,2.84,2.84,2.83,2.77,2.70,2.61,2.62,2.70,2.78,2.75,2.68,2.63,2.64,2.80,2.85,2.87,2.90,2.98,2.93,2.90,2.92,2.99,3.03,3.10,3.12,3.04,2.92,2.94,2.97,3.00,3.02,2.98,2.98,3.00,3.04,2.99,2.94,2.91,2.88,2.89,2.84,2.79,2.76,2.75,2.71,2.60,2.58,2.69,2.71,2.72,2.73,2.73,2.77,2.74,2.72,2.70,2.70
3.21,3.25,3.24,3.22,3.19,3.19,3.28,3.31,3.30,3.31,3.28,3.27,3.27,3.29,3.36,3.40,3.44,3.48,3.49,3.53,3.49,3.47,3.53,3.60,3.56,3.51,3.51,3.62,3.69,3.70,3.66,3.58,3.49,3.49,3.52,3.56,3.56,3.58,3.61,3.65,3.65,3.76,3.82,3.84,3.82,3.86,3.87,3.92,4.00,3.99,3.97,3.92,3.88,3.88,3.89,3.92,3.95,3.99,3.98,3.97,3.95,3.94,3.96,4.01,4.12,4.24,4.35,4.41,4.46,4.47,4.46,4.46,4.45,4.38,4.26,4.12,4.16,4.22,4.33,4.50,4.61,4.42,4.23,4.13,4.10,4.08,4.08,4.06,4.02,3.94,3.96,3.99,4.00,3.95,3.92,3.89,3.85,3.81,3.77,3.74,3.77,3.84,3.85,3.87,3.91,4.14,4.88,4.99,2.24,-0.72,-1.42,-1.51,-1.60,-1.68,-1.55,-0.51,2.91,4.38,4.30,4.10,3.93,3.73,3.53,3.36,3.21,3.10,3.04,3.03,3.04,3.01,2.97,2.93,2.88,2.88,2.89,2.89,2.89,2.92,2.94,2.99,3.04,3.04,2.97,2.99,3.02,3.01,2.89,2.75,2.72,2.78,2.79,2.79,2.83,2.90,2.99,3.01,2.96,2.92,2.94,2.98,2.97,2.99,3.04,3.09,3.05,3.01,3.02,3.09,3.10,3.06,3.05,3.08,3.07,3.05,3.02,3.01,3.04,3.06,3.09,3.11,3.10,3.06,3.00,2.92,2.85,2.84,2.91,2.95,2.98,3.02,3.04,2.96,2.89,2.86,2.92,2.96,2.94,2.89,2.86,2.82,2.91,2.92,2.77,2.62,2.61,2.66,2.72,2.77,2.73,2.63,2.59,2.66,2.75,2.79,2.82,2.86,2.91,2.89,2.89,2.91,2.96,3.04,3.10,3.08,2.97,2.94,2.93,2.95,2.98,3.05,2.99,3.00,3.04,3.08,3.05,3.01,2.96,2.93,2.92,2.90,2.84,2.79,2.80,2.76,2.65,2.63,2.73,2.77,2.79,2.80,2.81,2.89,2.86,2.82,2.75,2.68
3.20,3.22,3.22,3.21,3.21,3.21,3.30,3.33,3.33,3.36,3.32,3.28,3.29,3.33,3.38,3.42,3.44,3.45,3.45,3.47,3.42,3.38,3.40,3.48,3.47,3.47,3.52,3.63,3.71,3.73,3.70,3.64,3.55,3.53,3.52,3.50,3.48,3.51,3.53,3.55,3.59,3.67,3.72,3.73,3.73,3.77,3.84,3.92,4.01,4.01,4.01,4.02,4.02,3.99,3.94,3.93,3.95,3.98,3.98,3.97,3.96,3.96,3.97,4.01,4.12,4.24,4.33,4.39,4.45,4.48,4.46,4.49,4.46,4.37,4.25,4.15,4.24,3.99,4.00,4.46,4.56,4.36,4.19,4.12,4.16,4.17,4.14,4.08,4.02,3.98,3.97,3.97,3.96,3.93,3.90,3.87,3.84,3.79,3.75,3.75,3.79,3.84,3.83,3.83,3.84,4.08,5.07,4.58,1.61,-1.13,-1.33,-1.41,-1.50,-1.59,-1.22,1.15,3.55,4.40,4.22,4.05,3.89,3.71,3.53,3.36,3.20,3.09,3.03,3.00,2.99,2.96,2.93,2.89,2.85,2.83,2.84,2.84,2.83,2.84,2.82,2.85,2.89,2.89,2.86,2.88,2.89,2.87,2.79,2.71,2.71,2.77,2.74,2.75,2.79,2.84,2.92,2.89,2.83,2.78,2.76,2.85,2.90,2.91,2.90,2.93,2.91,2.89,2.90,2.97,2.96,2.96,2.97,3.00,2.99,2.93,2.90,2.90,2.93,2.94,2.96,2.98,2.99,2.99,2.91,2.85,2.82,2.85,2.89,2.91,2.92,2.92,2.96,2.93,2.87,2.84,2.87,2.93,2.91,2.85,2.83,2.81,2.87,2.86,2.72,2.59,2.63,2.69,2.74,2.77,2.72,2.62,2.59,2.70,2.77,2.79,2.82,2.84,2.88,2.84,2.85,2.88,2.91,2.98,3.01,2.98,2.91,2.89,2.89,2.92,2.96,2.99,2.94,2.96,3.00,3.02,3.03,3.00,2.96,2.93,2.91,2.91,2.86,2.81,2.83,2.80,2.69,2.66,2.75,2.79,2.82,2.81,2.80,2.91,2.95,2.91,2.84,2.78
3.17,3.17,3.18,3.20,3.22,3.23,3.31,3.34,3.37,3.43,3.37,3.28,3.27,3.34,3.39,3.43,3.42,3.40,3.40,3.40,3.35,3.29,3.26,3.36,3.39,3.45,3.55,3.67,3.74,3.78,3.78,3.75,3.67,3.62,3.56,3.47,3.41,3.45,3.47,3.46,3.52,3.57,3.61,3.64,3.67,3.69,3.82,3.94,4.00,4.01,4.04,4.13,4.18,4.10,3.98,3.93,3.92,3.93,3.96,3.97,3.97,3.96,3.96,4.02,4.13,4.23,4.29,4.34,4.45,4.49,4.47,4.50,4.46,4.35,4.25,4.23,4.10,3.40,3.27,4.09,4.44,4.33,4.18,4.11,4.21,4.27,4.22,4.13,4.06,4.04,4.00,3.96,3.93,3.92,3.88,3.86,3.83,3.78,3.75,3.79,3.83,3.83,3.81,3.81,3.85,4.17,5.24,3.79,1.03,-1.15,-1.23,-1.32,-1.41,-1.47,-0.82,2.86,4.03,4.27,4.12,4.00,3.85,3.67,3.51,3.36,3.21,3.11,3.03,2.97,2.93,2.91,2.88,2.85,2.81,2.78,2.80,2.80,2.75,2.75,2.69,2.69,2.73,2.75,2.76,2.77,2.75,2.71,2.70,2.72,2.74,2.74,2.69,2.70,2.73,2.77,2.82,2.74,2.69,2.62,2.58,2.72,2.83,2.81,2.74,2.76,2.76,2.75,2.76,2.81,2.79,2.83,2.87,2.88,2.88,2.79,2.77,2.78,2.80,2.81,2.81,2.82,2.84,2.90,2.81,2.77,2.80,2.86,2.84,2.84,2.81,2.76,2.86,2.87,2.85,2.83,2.83,2.89,2.86,2.81,2.80,2.79,2.77,2.73,2.66,2.59,2.66,2.73,2.77,2.77,2.72,2.63,2.61,2.74,2.80,2.81,2.81,2.82,2.84,2.79,2.79,2.82,2.85,2.90,2.89,2.87,2.86,2.83,2.85,2.89,2.93,2.90,2.87,2.90,2.93,2.94,2.97,2.95,2.93,2.92,2.88,2.89,2.86,2.82,2.85,2.82,2.72,2.68,2.74,2.79,2.82,2.79,2.77,2.89,3.00,2.98,2.93,2.91
3.21,3.18,3.21,3.24,3.25,3.26,3.30,3.34,3.37,3.38,3.36,3.25,3.22,3.30,3.37,3.37,3.35,3.33,3.35,3.31,3.29,3.30,3.30,3.31,3.39,3.47,3.54,3.64,3.71,3.76,3.78,3.78,3.81,3.76,3.69,3.62,3.54,3.49,3.45,3.43,3.44,3.46,3.50,3.56,3.59,3.70,3.85,3.95,3.99,4.01,4.07,4.17,4.20,4.09,3.98,3.93,3.92,3.95,3.95,3.91,3.91,3.96,4.02,4.09,4.16,4.23,4.30,4.39,4.50,4.54,4.51,4.46,4.42,4.34,4.28,4.25,1.77,0.81,0.67,1.23,3.96,4.26,4.20,4.22,4.28,4.32,4.31,4.26,4.18,4.10,4.03,3.96,3.90,3.91,3.89,3.86,3.82,3.79,3.71,3.76,3.82,3.82,3.82,3.83,4.32,5.09,5.44,1.93,-0.19,-1.04,-1.13,-1.21,-1.31,-1.12,-0.14,2.95,3.97,4.16,3.99,3.91,3.76,3.61,3.46,3.31,3.20,3.11,3.04,2.99,2.96,2.93,2.91,2.89,2.87,2.86,2.84,2.82,2.80,2.80,2.76,2.75,2.77,2.76,2.75,2.74,2.74,2.73,2.74,2.75,2.77,2.78,2.74,2.70,2.69,2.68,2.67,2.65,2.63,2.60,2.57,2.61,2.64,2.64,2.62,2.63,2.63,2.62,2.61,2.60,2.62,2.64,2.66,2.67,2.67,2.64,2.63,2.63,2.64,2.63,2.64,2.67,2.70,2.74,2.74,2.75,2.75,2.73,2.72,2.70,2.70,2.71,2.71,2.71,2.70,2.69,2.71,2.75,2.75,2.72,2.68,2.65,2.68,2.69,2.64,2.66,2.73,2.79,2.82,2.82,2.79,2.74,2.68,2.65,2.76,2.74,2.72,2.74,2.75,2.77,2.79,2.79,2.78,2.79,2.80,2.81,2.80,2.80,2.81,2.83,2.84,2.83,2.82,2.83,2.85,2.86,2.89,2.87,2.87,2.86,2.84,2.87,2.87,2.85,2.86,2.82,2.75,2.70,2.71,2.81,2.84,2.84,2.84,2.88,2.90,2.89,2.91,2.96
3.24,3.20,3.22,3.25,3.28,3.29,3.32,3.36,3.38,3.36,3.32,3.24,3.23,3.30,3.33,3.31,3.31,3.34,3.37,3.31,3.32,3.33,3.30,3.31,3.37,3.44,3.51,3.60,3.68,3.74,3.77,3.78,3.85,3.82,3.76,3.71,3.66,3.55,3.48,3.46,3.44,3.42,3.45,3.50,3.57,3.72,3.88,3.97,3.99,4.02,4.10,4.19,4.21,4.07,3.96,3.92,3.92,3.94,3.94,3.90,3.91,3.97,4.02,4.06,4.12,4.20,4.28,4.41,4.52,4.56,4.53,4.45,4.40,4.35,4.05,3.20,0.49,-0.34,-0.47,-0.05,3.73,4.21,4.22,4.31,4.35,4.36,4.37,4.34,4.28,4.18,4.06,3.96,3.92,3.91,3.89,3.85,3.80,3.78,3.72,3.76,3.80,3.80,3.81,3.83,4.57,5.47,5.08,1.07,-0.61,-0.89,-1.00,-1.10,-1.22,-0.74,0.65,3.17,3.92,4.04,3.89,3.82,3.68,3.55,3.42,3.27,3.17,3.09,3.01,2.96,2.93,2.91,2.90,2.88,2.85,2.85,2.83,2.81,2.80,2.79,2.77,2.76,2.76,2.76,2.74,2.72,2.73,2.75,2.77,2.78,2.79,2.79,2.75,2.71,2.69,2.67,2.64,2.64,2.63,2.61,2.61,2.59,2.58,2.58,2.59,2.59,2.59,2.58,2.57,2.56,2.59,2.59,2.60,2.61,2.60,2.61,2.61,2.61,2.62,2.59,2.60,2.63,2.67,2.69,2.71,2.74,2.74,2.70,2.69,2.68,2.69,2.71,2.67,2.67,2.66,2.66,2.69,2.70,2.70,2.69,2.65,2.61,2.66,2.69,2.67,2.74,2.79,2.83,2.84,2.85,2.84,2.81,2.75,2.67,2.76,2.74,2.71,2.71,2.73,2.77,2.79,2.77,2.75,2.75,2.77,2.79,2.79,2.80,2.79,2.79,2.78,2.78,2.78,2.79,2.80,2.81,2.82,2.80,2.80,2.81,2.80,2.83,2.84,2.84,2.84,2.81,2.79,2.75,2.73,2.79,2.82,2.83,2.83,2.83,2.82,2.82,2.85,2.89
3.26,3.24,3.22,3.25,3.31,3.33,3.36,3.38,3.38,3.35,3.27,3.25,3.28,3.33,3.27,3.25,3.31,3.41,3.46,3.41,3.41,3.38,3.28,3.36,3.34,3.36,3.45,3.56,3.64,3.71,3.76,3.76,3.78,3.79,3.78,3.77,3.78,3.62,3.55,3.56,3.53,3.46,3.43,3.47,3.59,3.75,3.90,3.99,4.01,4.04,4.14,4.21,4.19,4.05,3.92,3.91,3.92,3.91,3.93,3.93,3.95,3.97,3.95,3.91,4.01,4.14,4.24,4.40,4.50,4.54,4.54,4.46,4.41,4.38,3.57,1.09,0.22,-0.09,-0.20,0.21,3.74,4.19,4.23,4.37,4.43,4.39,4.38,4.37,4.36,4.27,4.08,3.98,3.98,3.93,3.87,3.83,3.80,3.75,3.79,3.80,3.78,3.77,3.78,3.81,4.58,5.34,4.17,1.20,-0.25,-0.70,-0.83,-0.96,-1.12,-0.32,1.56,3.52,3.87,3.90,3.83,3.73,3.60,3.48,3.37,3.26,3.14,3.04,2.96,2.88,2.83,2.84,2.84,2.81,2.76,2.77,2.75,2.75,2.75,2.73,2.72,2.71,2.71,2.73,2.74,2.71,2.72,2.79,2.80,2.79,2.79,2.78,2.71,2.73,2.74,2.73,2.71,2.71,2.69,2.68,2.68,2.65,2.65,2.65,2.65,2.66,2.65,2.63,2.64,2.66,2.67,2.68,2.68,2.68,2.68,2.69,2.69,2.70,2.73,2.71,2.68,2.69,2.73,2.74,2.74,2.75,2.77,2.76,2.75,2.77,2.78,2.75,2.74,2.73,2.73,2.74,2.75,2.74,2.73,2.72,2.70,2.67,2.70,2.73,2.75,2.81,2.84,2.85,2.85,2.87,2.87,2.86,2.82,2.78,2.82,2.81,2.78,2.76,2.76,2.79,2.78,2.76,2.76,2.77,2.78,2.81,2.83,2.82,2.79,2.76,2.75,2.75,2.75,2.77,2.78,2.77,2.76,2.74,2.73,2.75,2.77,2.76,2.76,2.77,2.78,2.79,2.83,2.84,2.80,2.75,2.77,2.77,2.75,2.75,2.75,2.75,2.74,2.72
3.29,3.26,3.23,3.24,3.29,3.34,3.35,3.36,3.34,3.27,3.25,3.26,3.28,3.29,3.30,3.34,3.39,3.44,3.46,3.44,3.43,3.42,3.36,3.31,3.33,3.37,3.42,3.45,3.55,3.66,3.74,3.74,3.78,3.79,3.79,3.80,3.78,3.71,3.68,3.68,3.63,3.57,3.47,3.44,3.56,3.77,3.93,4.01,4.03,4.08,4.19,4.22,4.17,4.01,3.87,3.87,3.90,3.89,3.93,3.94,3.96,3.98,3.99,4.00,4.06,4.14,4.21,4.34,4.43,4.48,4.49,4.49,4.41,4.40,3.51,0.69,0.33,0.14,0.85,2.60,4.04,4.30,4.36,4.43,4.43,4.40,4.37,4.35,4.32,4.21,4.08,4.00,3.99,3.95,3.88,3.82,3.77,3.74,3.79,3.81,3.79,3.77,3.77,4.51,4.97,4.45,2.06,0.85,0.12,-0.34,-0.68,-0.82,-0.60,0.27,1.70,3.00,3.59,3.78,3.74,3.70,3.59,3.53,3.48,3.41,3.33,3.22,3.10,2.97,2.90,2.85,2.84,2.85,2.84,2.85,2.83,2.80,2.78,2.76,2.76,2.74,2.72,2.69,2.70,2.66,2.67,2.75,2.77,2.76,2.73,2.69,2.65,2.66,2.66,2.65,2.63,2.62,2.62,2.61,2.61,2.58,2.58,2.58,2.58,2.58,2.56,2.56,2.58,2.59,2.61,2.61,2.61,2.62,2.63,2.64,2.65,2.66,2.69,2.69,2.66,2.66,2.71,2.72,2.71,2.70,2.70,2.73,2.73,2.74,2.73,2.71,2.71,2.71,2.72,2.72,2.71,2.71,2.71,2.70,2.69,2.73,2.76,2.78,2.81,2.84,2.85,2.85,2.85,2.85,2.84,2.83,2.80,2.76,2.79,2.78,2.77,2.75,2.74,2.76,2.76,2.76,2.77,2.79,2.79,2.81,2.83,2.84,2.82,2.80,2.79,2.81,2.82,2.80,2.79,2.81,2.80,2.79,2.79,2.80,2.81,2.83,2.83,2.83,2.83,2.83,2.87,2.89,2.87,2.85,2.83,2.83,2.83,2.80,2.81,2.82,2.82,2.80
3.32,3.29,3.25,3.23,3.26,3.33,3.34,3.33,3.29,3.22,3.24,3.26,3.27,3.27,3.35,3.42,3.45,3.45,3.45,3.45,3.45,3.44,3.43,3.30,3.34,3.39,3.40,3.38,3.48,3.59,3.68,3.71,3.77,3.79,3.80,3.81,3.78,3.78,3.77,3.76,3.72,3.67,3.54,3.47,3.57,3.79,3.94,4.03,4.06,4.12,4.24,4.24,4.13,3.96,3.83,3.84,3.87,3.88,3.93,3.96,3.98,3.99,4.02,4.08,4.11,4.15,4.19,4.29,4.38,4.42,4.43,4.47,4.41,4.09,3.00,0.60,0.50,0.80,2.17,4.36,4.28,4.36,4.44,4.46,4.42,4.40,4.36,4.33,4.28,4.18,4.09,4.03,3.99,3.96,3.88,3.80,3.75,3.78,3.82,3.82,3.80,3.77,3.77,5.03,5.24,3.78,0.54,0.52,0.34,-0.06,-0.53,-0.68,-0.12,0.75,1.70,2.47,3.26,3.61,3.66,3.67,3.58,3.57,3.56,3.53,3.48,3.37,3.22,3.07,2.97,2.87,2.85,2.87,2.90,2.94,2.91,2.85,2.81,2.81,2.82,2.81,2.77,2.71,2.72,2.66,2.63,2.70,2.73,2.71,2.69,2.69,2.69,2.67,2.65,2.64,2.63,2.64,2.63,2.63,2.62,2.59,2.59,2.59,2.57,2.56,2.53,2.54,2.55,2.55,2.57,2.58,2.58,2.59,2.62,2.63,2.64,2.65,2.67,2.68,2.66,2.66,2.69,2.70,2.70,2.68,2.67,2.71,2.72,2.71,2.70,2.69,2.70,2.70,2.71,2.71,2.68,2.70,2.70,2.68,2.66,2.75,2.78,2.81,2.84,2.85,2.85,2.84,2.82,2.79,2.80,2.79,2.77,2.74,2.76,2.75,2.74,2.73,2.74,2.74,2.74,2.76,2.77,2.79,2.78,2.79,2.81,2.83,2.81,2.80,2.80,2.83,2.83,2.80,2.78,2.81,2.80,2.80,2.80,2.80,2.81,2.83,2.84,2.83,2.83,2.83,2.88,2.91,2.91,2.88,2.85,2.85,2.85,2.83,2.84,2.85,2.85,2.85
3.36,3.33,3.29,3.25,3.22,3.30,3.33,3.29,3.23,3.21,3.24,3.23,3.24,3.29,3.41,3.44,3.46,3.46,3.46,3.46,3.46,3.45,3.44,3.40,3.38,3.39,3.43,3.45,3.42,3.46,3.56,3.64,3.71,3.79,3.80,3.76,3.82,3.82,3.78,3.74,3.76,3.76,3.69,3.63,3.66,3.80,3.92,4.01,4.09,4.15,4.28,4.24,4.07,3.87,3.81,3.82,3.85,3.87,3.92,4.01,4.03,4.01,4.04,4.09,4.12,4.15,4.20,4.29,4.37,4.39,4.36,4.36,4.40,3.09,1.43,0.82,0.72,2.40,3.94,4.36,4.31,4.31,4.38,4.44,4.39,4.38,4.36,4.33,4.29,4.24,4.15,4.06,3.98,3.94,3.83,3.74,3.75,3.94,3.89,3.84,3.80,3.77,3.81,5.04,5.21,3.73,0.55,0.31,0.22,0.02,-0.36,-0.55,0.16,0.97,1.57,2.14,2.85,3.36,3.62,3.63,3.58,3.57,3.57,3.54,3.49,3.42,3.28,3.12,3.02,2.89,2.84,2.84,2.87,2.99,2.95,2.88,2.86,2.89,2.92,2.93,2.91,2.88,2.85,2.74,2.65,2.65,2.69,2.64,2.73,2.92,2.92,2.87,2.82,2.82,2.87,2.88,2.87,2.86,2.85,2.79,2.80,2.78,2.72,2.67,2.64,2.63,2.63,2.62,2.62,2.65,2.67,2.68,2.71,2.72,2.73,2.73,2.74,2.73,2.73,2.72,2.69,2.71,2.74,2.74,2.73,2.74,2.74,2.74,2.73,2.72,2.74,2.73,2.73,2.74,2.71,2.72,2.72,2.67,2.60,2.67,2.75,2.80,2.82,2.83,2.83,2.80,2.75,2.68,2.75,2.74,2.72,2.73,2.74,2.73,2.71,2.70,2.79,2.74,2.72,2.73,2.72,2.74,2.72,2.73,2.77,2.78,2.73,2.71,2.74,2.77,2.73,2.70,2.69,2.69,2.70,2.69,2.70,2.71,2.70,2.69,2.68,2.68,2.70,2.73,2.80,2.85,2.84,2.74,2.75,2.75,2.74,2.77,2.77,2.77,2.77,2.77
3.38,3.36,3.35,3.33,3.31,3.31,3.27,3.24,3.23,3.24,3.22,3.23,3.28,3.35,3.43,3.45,3.45,3.46,3.47,3.47,3.47,3.47,3.47,3.41,3.39,3.39,3.41,3.43,3.42,3.45,3.49,3.50,3.61,3.73,3.77,3.73,3.79,3.78,3.76,3.76,3.78,3.85,3.82,3.76,3.72,3.75,3.79,3.88,3.99,4.10,4.18,4.14,3.99,3.78,3.78,3.80,3.83,3.87,3.93,3.99,4.02,4.02,4.05,4.11,4.14,4.17,4.22,4.31,4.36,4.37,4.36,4.38,4.04,2.63,1.17,1.05,0.93,2.88,4.38,4.30,4.32,4.31,4.34,4.36,4.31,4.30,4.28,4.26,4.24,4.25,4.19,4.09,3.99,3.92,3.81,3.78,3.82,3.95,3.90,3.88,3.84,3.85,4.25,5.18,5.22,4.09,1.91,0.71,0.25,0.07,-0.21,-0.15,0.49,1.17,1.69,2.20,2.82,3.30,3.57,3.55,3.54,3.56,3.56,3.51,3.43,3.36,3.25,3.12,3.01,2.88,2.82,2.82,2.85,2.95,2.95,2.92,2.89,2.91,2.94,2.94,2.92,2.89,2.90,2.75,2.63,2.66,2.68,2.65,2.77,2.97,2.99,2.96,2.94,2.93,2.96,2.99,2.96,2.92,2.90,2.87,2.90,2.88,2.83,2.73,2.66,2.63,2.63,2.63,2.65,2.69,2.71,2.70,2.72,2.74,2.74,2.74,2.76,2.75,2.75,2.73,2.69,2.72,2.76,2.78,2.79,2.78,2.82,2.82,2.80,2.78,2.79,2.77,2.79,2.81,2.78,2.78,2.76,2.71,2.65,2.69,2.73,2.78,2.82,2.82,2.80,2.75,2.69,2.68,2.76,2.78,2.79,2.81,2.82,2.89,2.92,2.88,2.92,2.83,2.81,2.82,2.80,2.77,2.74,2.76,2.82,2.79,2.77,2.78,2.82,2.84,2.79,2.76,2.76,2.78,2.76,2.76,2.77,2.77,2.76,2.75,2.74,2.73,2.75,2.76,2.79,2.82,2.82,2.78,2.82,2.82,2.80,2.80,2.82,2.82,2.81,2.79
3.40,3.39,3.39,3.41,3.41,3.32,3.20,3.20,3.24,3.26,3.20,3.25,3.34,3.42,3.44,3.44,3.45,3.46,3.49,3.48,3.48,3.48,3.48,3.39,3.39,3.39,3.38,3.40,3.46,3.48,3.45,3.37,3.51,3.65,3.72,3.71,3.74,3.72,3.74,3.80,3.83,3.94,3.94,3.86,3.75,3.68,3.66,3.72,3.86,4.01,4.03,4.00,3.89,3.70,3.74,3.77,3.80,3.87,3.96,3.97,3.99,4.03,4.06,4.13,4.17,4.20,4.25,4.34,4.35,4.36,4.38,4.44,3.54,2.35,1.42,1.29,1.34,3.05,4.33,4.25,4.34,4.34,4.31,4.27,4.23,4.21,4.18,4.17,4.18,4.23,4.20,4.11,4.01,3.89,3.80,3.84,3.91,3.90,3.90,3.92,3.90,3.94,4.80,5.33,5.20,4.49,3.48,1.29,0.37,0.14,-0.06,0.31,0.81,1.36,1.89,2.41,2.93,3.33,3.53,3.45,3.50,3.54,3.53,3.47,3.34,3.26,3.18,3.08,2.97,2.86,2.81,2.80,2.83,2.88,2.93,2.94,2.91,2.91,2.92,2.91,2.89,2.85,2.91,2.73,2.60,2.70,2.68,2.69,2.80,2.97,2.99,3.01,3.01,3.00,3.00,3.04,2.98,2.91,2.87,2.90,2.93,2.94,2.90,2.76,2.65,2.61,2.61,2.63,2.67,2.72,2.73,2.70,2.70,2.72,2.72,2.73,2.77,2.75,2.75,2.72,2.68,2.71,2.77,2.81,2.84,2.82,2.90,2.91,2.88,2.85,2.84,2.82,2.85,2.90,2.87,2.85,2.82,2.77,2.74,2.74,2.72,2.75,2.83,2.81,2.77,2.70,2.65,2.73,2.80,2.86,2.90,2.92,2.92,3.10,3.18,3.11,3.05,2.94,2.93,2.95,2.92,2.82,2.77,2.81,2.89,2.83,2.85,2.91,2.95,2.95,2.90,2.87,2.88,2.93,2.89,2.89,2.90,2.88,2.88,2.88,2.87,2.86,2.86,2.84,2.82,2.80,2.83,2.90,2.94,2.93,2.91,2.87,2.91,2.91,2.89,2.86
3.39,3.38,3.37,3.36,3.32,3.22,3.22,3.23,3.21,3.18,3.24,3.31,3.38,3.43,3.46,3.46,3.45,3.45,3.46,3.49,3.49,3.47,3.42,3.41,3.39,3.41,3.47,3.53,3.54,3.51,3.48,3.48,3.48,3.54,3.63,3.70,3.74,3.70,3.69,3.78,4.04,4.05,3.93,3.80,3.75,3.70,3.68,3.68,3.73,3.87,3.91,3.87,3.78,3.69,3.66,3.70,3.78,3.90,4.04,4.02,4.02,4.05,4.09,4.16,4.20,4.24,4.28,4.35,4.34,4.36,4.41,4.44,2.98,2.04,1.66,1.58,3.07,3.94,4.34,4.39,4.42,4.38,4.33,4.29,4.26,4.21,4.16,4.12,4.08,4.18,4.15,4.07,3.99,3.89,3.80,3.86,3.95,3.94,3.94,3.99,3.97,4.01,5.04,5.21,4.84,4.08,3.03,1.62,0.76,0.31,0.10,0.52,0.99,1.50,2.04,2.59,3.11,3.40,3.48,3.41,3.46,3.51,3.51,3.43,3.25,3.17,3.08,2.99,2.90,2.85,2.79,2.77,2.80,2.84,2.89,2.90,2.87,2.83,2.83,2.84,2.85,2.83,2.83,2.72,2.66,2.74,2.70,2.72,2.83,2.97,3.01,2.98,2.95,2.94,2.94,2.97,2.93,2.87,2.83,2.87,2.88,2.88,2.84,2.72,2.67,2.66,2.66,2.67,2.72,2.73,2.71,2.70,2.71,2.71,2.71,2.71,2.73,2.73,2.73,2.70,2.64,2.69,2.76,2.82,2.88,2.91,2.93,2.93,2.91,2.89,2.88,2.88,2.90,2.93,2.92,2.91,2.90,2.87,2.80,2.75,2.71,2.73,2.81,2.80,2.74,2.68,2.67,2.77,2.86,2.93,2.97,2.98,2.95,3.11,3.18,3.12,3.05,2.98,2.95,2.95,2.96,2.84,2.78,2.80,2.86,2.87,2.88,2.95,3.02,3.00,2.97,2.95,2.95,2.99,2.97,2.97,2.99,3.01,3.00,2.96,2.94,2.92,2.90,2.89,2.88,2.89,2.94,3.04,3.03,2.99,2.93,2.87,2.95,2.94,2.93,2.99
3.38,3.37,3.36,3.32,3.25,3.20,3.24,3.23,3.21,3.21,3.31,3.37,3.41,3.44,3.46,3.47,3.46,3.45,3.45,3.48,3.47,3.44,3.40,3.42,3.40,3.43,3.51,3.61,3.59,3.57,3.55,3.53,3.50,3.53,3.59,3.66,3.72,3.68,3.68,3.77,4.00,3.99,3.87,3.76,3.76,3.72,3.69,3.68,3.68,3.77,3.82,3.77,3.69,3.65,3.63,3.69,3.76,3.83,3.99,4.01,4.03,4.07,4.12,4.18,4.23,4.27,4.31,4.35,4.34,4.36,4.39,4.35,2.84,2.06,2.09,2.65,4.04,4.36,4.36,4.46,4.44,4.37,4.33,4.31,4.25,4.22,4.17,4.12,4.07,4.13,4.09,4.03,3.96,3.90,3.85,3.90,3.98,3.96,3.97,4.00,3.66,3.15,4.82,4.91,4.42,3.63,2.66,1.65,0.94,0.50,0.31,0.77,1.24,1.73,2.24,2.76,3.25,3.45,3.44,3.39,3.42,3.47,3.46,3.35,3.15,3.08,3.03,2.96,2.87,2.85,2.81,2.79,2.80,2.83,2.86,2.87,2.84,2.81,2.79,2.79,2.80,2.81,2.79,2.73,2.72,2.77,2.72,2.76,2.86,2.97,2.98,2.93,2.90,2.88,2.89,2.90,2.87,2.82,2.78,2.83,2.83,2.82,2.80,2.74,2.71,2.70,2.70,2.70,2.73,2.72,2.70,2.69,2.71,2.71,2.71,2.70,2.71,2.71,2.72,2.69,2.62,2.69,2.76,2.82,2.88,2.95,2.93,2.93,2.92,2.91,2.90,2.89,2.91,2.96,2.97,2.97,2.97,2.94,2.84,2.71,2.70,2.74,2.81,2.82,2.74,2.70,2.72,2.80,2.87,2.92,2.99,3.06,3.03,3.14,3.19,3.15,3.08,3.04,3.00,2.99,3.00,2.87,2.82,2.83,2.86,2.89,2.90,2.96,3.05,3.05,3.04,3.03,3.04,3.06,3.05,3.06,3.08,3.10,3.07,3.03,3.00,2.98,2.95,2.94,2.94,2.95,3.00,3.10,3.08,3.03,2.96,2.90,2.97,2.97,2.98,3.07
3.37,3.38,3.36,3.28,3.21,3.26,3.25,3.22,3.23,3.33,3.41,3.43,3.43,3.45,3.44,3.47,3.46,3.44,3.46,3.46,3.42,3.39,3.41,3.43,3.43,3.45,3.51,3.63,3.64,3.67,3.66,3.52,3.56,3.59,3.59,3.58,3.69,3.65,3.70,3.78,3.75,3.78,3.76,3.75,3.77,3.71,3.71,3.70,3.70,3.71,3.74,3.69,3.61,3.59,3.67,3.73,3.74,3.70,3.83,3.95,4.04,4.09,4.14,4.19,4.25,4.30,4.34,4.34,4.35,4.35,4.33,4.18,3.06,2.37,2.68,4.39,4.37,4.37,4.40,4.47,4.41,4.34,4.33,4.33,4.22,4.22,4.20,4.17,4.14,4.06,4.03,3.98,3.93,3.91,3.93,3.96,3.98,3.99,4.00,3.97,3.01,1.49,4.19,4.46,3.94,3.16,2.35,1.41,0.94,0.72,0.56,1.04,1.55,2.03,2.46,2.93,3.36,3.49,3.43,3.38,3.40,3.42,3.39,3.24,3.04,3.00,3.00,2.97,2.87,2.86,2.86,2.86,2.84,2.83,2.85,2.84,2.81,2.83,2.80,2.76,2.74,2.79,2.78,2.77,2.78,2.79,2.73,2.81,2.91,2.98,2.92,2.87,2.83,2.82,2.82,2.83,2.82,2.78,2.74,2.79,2.78,2.76,2.77,2.81,2.75,2.73,2.73,2.71,2.70,2.70,2.69,2.68,2.71,2.71,2.71,2.70,2.69,2.69,2.71,2.69,2.63,2.71,2.77,2.81,2.86,2.95,2.91,2.92,2.93,2.92,2.91,2.88,2.91,2.99,3.02,3.03,3.04,2.99,2.86,2.65,2.69,2.78,2.82,2.86,2.76,2.75,2.80,2.80,2.83,2.87,2.97,3.14,3.16,3.20,3.22,3.19,3.14,3.11,3.09,3.06,3.05,2.91,2.88,2.89,2.90,2.91,2.90,2.96,3.05,3.11,3.10,3.11,3.13,3.15,3.13,3.14,3.16,3.17,3.11,3.09,3.06,3.04,3.02,3.00,2.99,2.99,3.01,3.10,3.08,3.04,2.98,2.96,2.96,2.99,3.04,3.11
3.39,3.37,3.30,3.26,3.25,3.28,3.23,3.24,3.30,3.37,3.42,3.44,3.44,3.43,3.44,3.45,3.46,3.46,3.42,3.42,3.41,3.40,3.39,3.42,3.45,3.47,3.52,3.65,3.63,3.64,3.65,3.61,3.56,3.58,3.59,3.58,3.64,3.65,3.65,3.66,3.66,3.68,3.68,3.68,3.73,3.73,3.73,3.72,3.70,3.72,3.69,3.64,3.62,3.67,3.70,3.72,3.72,3.71,3.82,3.96,4.02,4.05,4.14,4.22,4.27,4.31,4.35,4.32,4.35,4.22,3.90,3.44,2.92,2.66,3.06,4.48,4.34,4.36,4.43,4.46,4.39,4.31,4.28,4.29,4.24,4.28,4.25,4.20,4.16,4.10,4.02,3.97,3.95,3.92,3.96,3.98,3.98,3.99,4.02,3.17,2.05,1.29,2.38,2.64,2.78,2.71,1.89,1.38,1.08,0.85,0.65,1.08,1.59,2.09,2.57,3.09,3.46,3.53,3.43,3.36,3.37,3.38,3.34,3.22,3.02,2.97,2.97,2.95,2.88,2.88,2.88,2.87,2.84,2.82,2.82,2.81,2.77,2.76,2.79,2.79,2.79,2.83,2.75,2.77,2.83,2.85,2.78,2.85,2.93,2.94,2.86,2.81,2.77,2.75,2.76,2.76,2.76,2.73,2.69,2.73,2.72,2.72,2.75,2.80,2.75,2.72,2.72,2.74,2.70,2.69,2.68,2.67,2.71,2.71,2.71,2.70,2.69,2.72,2.72,2.69,2.65,2.73,2.82,2.88,2.90,2.92,2.90,2.94,2.98,2.98,2.97,2.91,2.94,3.03,3.05,3.03,3.00,2.94,2.86,2.72,2.74,2.82,2.86,2.85,2.77,2.76,2.80,2.77,2.76,2.76,2.88,3.12,3.15,3.19,3.20,3.19,3.16,3.14,3.12,3.10,3.06,2.93,2.91,2.94,2.98,2.96,2.91,2.95,3.03,3.10,3.15,3.17,3.18,3.19,3.16,3.19,3.21,3.21,3.17,3.15,3.13,3.11,3.08,3.06,3.04,3.05,3.09,3.17,3.17,3.14,3.12,3.09,3.04,3.05,3.09,3.13
3.39,3.33,3.26,3.24,3.28,3.27,3.23,3.28,3.37,3.41,3.43,3.44,3.44,3.43,3.44,3.44,3.45,3.46,3.41,3.40,3.40,3.40,3.38,3.41,3.45,3.48,3.52,3.62,3.62,3.62,3.63,3.63,3.56,3.58,3.60,3.58,3.61,3.61,3.59,3.56,3.56,3.59,3.62,3.65,3.72,3.77,3.77,3.73,3.69,3.69,3.64,3.61,3.64,3.73,3.72,3.72,3.72,3.73,3.83,3.97,4.04,4.07,4.16,4.23,4.27,4.30,4.34,4.30,4.35,4.11,3.56,3.00,2.87,3.03,3.54,4.45,4.32,4.37,4.44,4.45,4.37,4.29,4.25,4.26,4.25,4.30,4.28,4.23,4.20,4.14,4.03,3.97,3.95,3.95,4.00,4.01,4.00,4.00,3.86,2.55,1.46,1.29,1.25,1.43,1.89,2.22,1.57,1.39,1.22,1.02,0.81,1.13,1.58,2.06,2.54,3.04,3.40,3.51,3.44,3.36,3.34,3.31,3.26,3.17,3.00,2.95,2.94,2.94,2.87,2.88,2.89,2.88,2.85,2.81,2.79,2.77,2.74,2.71,2.78,2.81,2.81,2.83,2.73,2.78,2.86,2.89,2.81,2.87,2.91,2.89,2.80,2.74,2.71,2.69,2.70,2.70,2.70,2.67,2.64,2.68,2.68,2.69,2.73,2.79,2.75,2.71,2.70,2.74,2.70,2.69,2.68,2.66,2.70,2.71,2.71,2.70,2.70,2.73,2.72,2.68,2.65,2.73,2.85,2.92,2.92,2.89,2.89,2.94,3.00,3.01,3.01,2.95,2.96,3.05,3.07,3.03,2.97,2.91,2.82,2.78,2.81,2.86,2.90,2.84,2.79,2.80,2.82,2.77,2.74,2.72,2.83,3.09,3.12,3.16,3.19,3.19,3.17,3.14,3.13,3.11,3.06,2.98,2.96,3.00,3.06,3.00,2.93,2.95,3.02,3.07,3.15,3.18,3.19,3.19,3.14,3.18,3.21,3.21,3.20,3.19,3.17,3.16,3.14,3.12,3.09,3.10,3.16,3.23,3.23,3.23,3.22,3.18,3.14,3.13,3.15,3.16
3.36,3.25,3.24,3.25,3.26,3.22,3.29,3.35,3.40,3.44,3.45,3.44,3.45,3.46,3.44,3.44,3.44,3.44,3.42,3.42,3.39,3.37,3.38,3.41,3.44,3.47,3.50,3.52,3.58,3.62,3.59,3.51,3.57,3.61,3.63,3.61,3.60,3.52,3.50,3.50,3.43,3.50,3.59,3.69,3.77,3.85,3.81,3.74,3.66,3.59,3.58,3.61,3.66,3.73,3.75,3.75,3.74,3.76,3.86,3.98,4.13,4.24,4.22,4.19,4.19,4.24,4.30,4.31,4.36,4.06,3.46,3.16,3.01,3.53,4.23,4.39,4.35,4.39,4.44,4.43,4.35,4.28,4.25,4.26,4.24,4.27,4.27,4.26,4.28,4.16,4.08,3.99,3.92,4.04,4.06,4.05,4.04,4.01,3.35,2.31,1.59,1.52,1.52,1.49,1.56,1.66,1.53,1.47,1.35,1.22,1.13,1.25,1.53,1.87,2.23,2.62,3.05,3.36,3.48,3.40,3.30,3.21,3.13,3.04,2.97,2.92,2.91,2.92,2.83,2.86,2.89,2.90,2.85,2.80,2.77,2.73,2.70,2.72,2.78,2.81,2.79,2.76,2.75,2.81,2.88,2.90,2.81,2.81,2.84,2.83,2.75,2.68,2.64,2.63,2.63,2.63,2.63,2.62,2.60,2.62,2.65,2.68,2.71,2.78,2.74,2.69,2.68,2.72,2.69,2.71,2.69,2.65,2.67,2.70,2.71,2.71,2.71,2.70,2.69,2.65,2.63,2.71,2.83,2.89,2.90,2.87,2.87,2.92,2.97,3.00,3.01,2.98,2.99,3.04,3.05,3.02,3.00,2.92,2.73,2.81,2.89,2.93,2.91,2.83,2.85,2.88,2.89,2.85,2.81,2.80,2.87,3.04,3.05,3.13,3.18,3.18,3.16,3.11,3.09,3.08,3.04,3.07,3.06,3.07,3.11,3.03,2.96,2.97,3.02,3.02,3.08,3.12,3.14,3.12,3.05,3.08,3.13,3.18,3.18,3.18,3.17,3.17,3.16,3.14,3.13,3.13,3.17,3.26,3.26,3.25,3.23,3.21,3.27,3.26,3.23,3.22
3.27,3.26,3.26,3.24,3.23,3.26,3.36,3.41,3.43,3.45,3.46,3.46,3.46,3.47,3.46,3.45,3.44,3.44,3.43,3.40,3.39,3.38,3.40,3.42,3.44,3.47,3.50,3.51,3.57,3.54,3.47,3.43,3.52,3.59,3.61,3.58,3.57,3.50,3.45,3.43,3.41,3.46,3.52,3.62,3.74,3.81,3.78,3.69,3.57,3.54,3.58,3.62,3.66,3.72,3.76,3.77,3.77,3.79,3.92,4.04,4.18,4.30,4.29,4.23,4.20,4.21,4.24,4.29,4.13,3.82,3.48,3.29,3.39,3.88,4.36,4.32,4.34,4.39,4.42,4.40,4.34,4.28,4.26,4.25,4.22,4.25,4.24,4.23,4.24,4.13,4.08,3.98,3.88,4.07,4.08,4.09,4.12,4.17,2.81,2.04,1.70,1.64,1.72,1.73,1.69,1.61,1.56,1.55,1.47,1.39,1.34,1.43,1.66,1.92,2.20,2.58,3.05,3.42,3.59,3.51,3.34,3.23,3.13,3.03,2.99,2.94,2.93,2.93,2.85,2.87,2.90,2.90,2.86,2.82,2.79,2.76,2.75,2.76,2.80,2.82,2.81,2.76,2.81,2.87,2.91,2.90,2.80,2.74,2.73,2.74,2.69,2.64,2.61,2.61,2.61,2.60,2.60,2.58,2.56,2.57,2.59,2.61,2.63,2.68,2.67,2.64,2.63,2.67,2.66,2.67,2.66,2.62,2.61,2.61,2.61,2.63,2.66,2.61,2.63,2.64,2.62,2.65,2.75,2.81,2.82,2.81,2.85,2.90,2.94,2.98,2.99,3.00,3.02,3.05,3.05,3.01,2.98,2.92,2.80,2.90,2.96,2.96,2.92,2.86,2.87,2.89,2.91,2.89,2.88,2.88,2.89,2.91,2.94,3.05,3.12,3.14,3.12,3.08,3.06,3.06,3.04,3.07,3.07,3.07,3.08,3.00,2.97,2.99,3.02,3.00,3.02,3.04,3.06,3.09,3.04,3.09,3.14,3.15,3.15,3.15,3.15,3.14,3.14,3.14,3.15,3.17,3.19,3.25,3.25,3.24,3.23,3.23,3.28,3.26,3.23,3.22
3.19,3.29,3.28,3.23,3.22,3.34,3.42,3.45,3.44,3.44,3.47,3.48,3.48,3.48,3.49,3.46,3.44,3.44,3.44,3.39,3.39,3.41,3.42,3.43,3.45,3.47,3.49,3.52,3.52,3.43,3.33,3.35,3.43,3.53,3.57,3.52,3.52,3.48,3.41,3.36,3.42,3.43,3.45,3.53,3.67,3.73,3.71,3.61,3.49,3.52,3.58,3.62,3.65,3.71,3.77,3.79,3.80,3.83,3.99,4.12,4.23,4.32,4.35,4.29,4.24,4.19,4.18,4.28,3.88,3.60,3.55,3.41,3.81,4.15,4.31,4.26,4.32,4.38,4.41,4.38,4.32,4.29,4.26,4.23,4.21,4.22,4.21,4.19,4.16,4.09,4.06,3.94,3.78,3.94,3.89,3.89,3.98,4.10,2.30,1.81,1.79,1.74,1.87,1.99,1.92,1.73,1.61,1.63,1.58,1.52,1.50,1.60,1.80,2.02,2.29,2.70,3.20,3.56,3.72,3.64,3.42,3.28,3.18,3.09,3.04,3.00,2.98,2.96,2.91,2.90,2.90,2.89,2.87,2.85,2.81,2.81,2.83,2.82,2.83,2.85,2.84,2.81,2.89,2.93,2.94,2.92,2.80,2.68,2.63,2.65,2.63,2.60,2.59,2.60,2.60,2.58,2.58,2.56,2.52,2.52,2.54,2.54,2.54,2.56,2.58,2.58,2.59,2.62,2.61,2.62,2.61,2.59,2.55,2.52,2.51,2.53,2.58,2.53,2.59,2.63,2.61,2.59,2.67,2.72,2.74,2.75,2.84,2.88,2.91,2.97,2.98,3.02,3.06,3.08,3.08,3.01,2.96,2.93,2.92,2.99,3.02,3.00,2.93,2.89,2.88,2.89,2.91,2.92,2.94,2.95,2.91,2.80,2.84,2.97,3.06,3.08,3.08,3.04,3.03,3.05,3.04,3.04,3.05,3.05,3.03,2.96,2.97,3.00,3.02,2.99,2.97,2.97,2.99,3.06,3.04,3.11,3.14,3.11,3.10,3.10,3.10,3.09,3.10,3.11,3.16,3.19,3.21,3.23,3.24,3.23,3.21,3.22,3.23,3.22,3.21,3.20
3.26,3.27,3.23,3.25,3.31,3.37,3.42,3.45,3.46,3.46,3.49,3.49,3.49,3.49,3.49,3.47,3.44,3.43,3.42,3.40,3.39,3.40,3.45,3.45,3.45,3.43,3.41,3.40,3.34,3.27,3.24,3.26,3.35,3.41,3.44,3.43,3.35,3.33,3.30,3.30,3.38,3.38,3.43,3.52,3.61,3.62,3.57,3.53,3.52,3.55,3.53,3.56,3.62,3.69,3.76,3.80,3.84,3.90,4.07,4.20,4.30,4.36,4.36,4.33,4.28,4.21,4.16,4.27,3.99,3.77,3.69,3.58,4.05,4.29,4.32,4.26,4.33,4.38,4.39,4.35,4.30,4.27,4.23,4.21,4.21,4.20,4.18,4.14,4.09,4.12,4.09,3.82,3.37,3.01,2.67,2.53,2.54,2.62,1.97,1.80,1.81,1.84,1.94,2.05,1.98,1.78,1.68,1.69,1.64,1.57,1.54,1.55,1.71,2.04,2.50,3.01,3.50,3.79,3.89,3.81,3.56,3.36,3.25,3.24,3.22,3.14,3.09,3.07,3.08,2.98,2.91,2.86,2.84,2.83,2.83,2.83,2.84,2.87,2.90,2.92,2.93,2.93,2.96,2.99,3.00,2.96,2.83,2.70,2.62,2.59,2.59,2.56,2.56,2.56,2.58,2.59,2.57,2.55,2.52,2.51,2.53,2.54,2.55,2.57,2.55,2.55,2.57,2.58,2.57,2.55,2.55,2.57,2.58,2.55,2.53,2.53,2.55,2.55,2.59,2.61,2.61,2.59,2.63,2.66,2.69,2.73,2.82,2.88,2.93,2.99,3.03,3.09,3.11,3.12,3.17,3.13,3.05,2.98,3.01,3.04,3.07,3.05,2.97,2.94,2.92,2.92,2.93,2.95,2.96,2.96,2.95,2.91,2.95,2.99,3.01,3.02,3.02,3.00,3.00,3.02,3.01,3.02,3.02,3.02,3.01,2.99,3.00,3.00,2.98,2.98,2.97,2.97,2.99,3.02,2.99,3.00,3.01,3.00,3.02,3.03,3.01,3.00,3.01,3.05,3.12,3.17,3.20,3.21,3.23,3.21,3.16,3.10,3.10,3.12,3.14,3.12
3.27,3.24,3.25,3.30,3.38,3.39,3.43,3.45,3.47,3.49,3.50,3.51,3.51,3.50,3.49,3.47,3.44,3.42,3.40,3.41,3.42,3.43,3.45,3.42,3.41,3.39,3.34,3.26,3.19,3.15,3.15,3.19,3.26,3.29,3.31,3.30,3.21,3.21,3.23,3.25,3.34,3.37,3.47,3.55,3.57,3.56,3.56,3.56,3.55,3.53,3.51,3.55,3.61,3.67,3.74,3.80,3.86,3.94,4.10,4.26,4.34,4.35,4.32,4.28,4.21,4.15,4.15,4.20,4.05,3.91,3.85,3.87,4.18,4.31,4.30,4.28,4.35,4.36,4.35,4.35,4.30,4.25,4.22,4.19,4.20,4.17,4.15,4.11,4.06,4.12,3.94,3.52,2.95,2.38,2.00,1.87,1.89,1.95,1.87,1.81,1.81,1.88,1.99,2.07,2.00,1.83,1.73,1.75,1.68,1.60,1.56,1.56,1.75,2.16,2.75,3.34,3.74,3.97,4.03,3.95,3.72,3.49,3.35,3.34,3.33,3.26,3.21,3.19,3.19,3.03,2.92,2.86,2.83,2.82,2.83,2.85,2.88,2.93,2.98,3.01,3.01,2.99,3.01,3.04,3.05,3.00,2.90,2.73,2.63,2.60,2.60,2.56,2.56,2.57,2.59,2.60,2.59,2.58,2.58,2.55,2.56,2.56,2.58,2.62,2.62,2.63,2.64,2.66,2.64,2.62,2.63,2.65,2.67,2.65,2.64,2.64,2.65,2.65,2.66,2.67,2.67,2.63,2.66,2.68,2.70,2.76,2.84,2.91,2.97,3.03,3.11,3.18,3.22,3.24,3.30,3.23,3.13,3.07,3.11,3.14,3.14,3.09,3.01,3.00,3.00,2.99,2.97,2.96,2.98,2.96,2.95,2.96,3.00,3.01,3.01,3.00,2.97,2.97,2.99,3.01,3.00,3.00,2.99,2.98,2.97,2.96,2.98,2.98,2.98,2.99,2.97,2.99,3.01,3.01,2.98,2.96,2.95,2.95,2.98,3.00,2.99,2.97,2.99,3.03,3.11,3.17,3.18,3.17,3.18,3.16,3.11,3.07,3.06,3.08,3.10,3.08
3.25,3.22,3.30,3.38,3.42,3.40,3.44,3.47,3.49,3.52,3.52,3.52,3.52,3.51,3.48,3.46,3.44,3.41,3.39,3.43,3.48,3.49,3.42,3.36,3.34,3.32,3.28,3.11,3.07,3.05,3.07,3.14,3.18,3.18,3.17,3.16,3.09,3.12,3.16,3.22,3.29,3.41,3.55,3.61,3.55,3.54,3.65,3.67,3.58,3.48,3.53,3.57,3.60,3.65,3.72,3.79,3.87,3.96,4.08,4.30,4.37,4.30,4.24,4.18,4.05,4.02,4.14,4.09,4.08,4.03,4.01,4.26,4.24,4.23,4.26,4.30,4.37,4.33,4.31,4.35,4.30,4.24,4.20,4.18,4.17,4.15,4.13,4.10,4.06,4.11,3.66,3.09,2.53,1.98,1.74,1.73,1.83,1.88,1.93,1.85,1.80,1.87,2.03,2.08,2.01,1.86,1.76,1.79,1.71,1.61,1.57,1.60,1.87,2.36,3.02,3.67,3.94,4.11,4.17,4.09,3.90,3.66,3.47,3.39,3.39,3.37,3.35,3.30,3.25,3.06,2.94,2.88,2.84,2.82,2.83,2.87,2.94,3.00,3.07,3.11,3.10,3.00,3.04,3.08,3.08,3.03,3.01,2.77,2.65,2.66,2.64,2.58,2.58,2.61,2.61,2.62,2.63,2.64,2.66,2.64,2.60,2.60,2.63,2.71,2.77,2.78,2.79,2.82,2.80,2.80,2.79,2.79,2.81,2.80,2.82,2.84,2.85,2.80,2.79,2.79,2.79,2.70,2.73,2.74,2.75,2.82,2.90,2.97,3.02,3.09,3.20,3.29,3.36,3.41,3.47,3.31,3.22,3.19,3.21,3.26,3.21,3.12,3.06,3.09,3.11,3.09,3.04,2.95,2.99,2.95,2.92,2.98,3.01,3.03,3.04,3.02,2.94,2.95,3.00,3.03,2.99,2.98,2.97,2.94,2.90,2.90,2.91,2.95,3.00,3.00,2.99,3.02,3.04,3.04,2.99,2.96,2.94,2.94,2.97,3.00,3.01,3.01,3.01,3.04,3.13,3.19,3.17,3.13,3.11,3.09,3.08,3.09,3.09,3.08,3.08,3.07
3.18,3.28,3.36,3.41,3.42,3.40,3.43,3.46,3.49,3.52,3.52,3.51,3.48,3.46,3.46,3.45,3.44,3.41,3.39,3.40,3.43,3.44,3.41,3.36,3.33,3.28,3.19,3.04,3.00,2.99,3.01,3.07,3.10,3.09,3.06,3.04,3.05,3.07,3.11,3.17,3.25,3.34,3.47,3.56,3.53,3.49,3.55,3.58,3.55,3.53,3.54,3.52,3.51,3.58,3.67,3.74,3.81,3.92,4.07,4.21,4.25,4.20,4.13,3.99,3.96,4.02,4.12,4.13,4.13,4.11,4.12,4.20,4.14,4.21,4.34,4.42,4.45,4.38,4.31,4.28,4.24,4.15,4.13,4.16,4.14,4.11,4.10,4.09,4.05,3.71,3.20,2.66,2.13,1.57,1.48,1.57,1.74,1.86,1.88,1.83,1.79,1.80,1.94,2.07,2.03,1.89,1.84,1.83,1.75,1.65,1.60,1.78,2.09,2.48,2.98,3.65,4.07,4.27,4.29,4.24,4.07,3.82,3.59,3.44,3.37,3.34,3.32,3.28,3.24,3.04,2.93,2.89,2.86,2.84,2.84,2.87,2.95,3.04,3.12,3.16,3.14,3.00,3.05,3.11,3.11,3.06,3.20,2.86,2.65,2.64,2.62,2.56,2.56,2.59,2.60,2.61,2.62,2.65,2.67,2.64,2.61,2.61,2.64,2.72,2.78,2.76,2.76,2.82,2.79,2.77,2.79,2.82,2.82,2.82,2.83,2.84,2.87,2.85,2.82,2.80,2.81,2.78,2.80,2.80,2.79,2.82,2.93,3.03,3.12,3.22,3.32,3.39,3.43,3.45,3.46,3.32,3.24,3.24,3.27,3.28,3.23,3.18,3.17,3.20,3.21,3.17,3.09,3.02,3.03,3.00,2.98,3.02,3.07,3.03,3.00,2.99,2.90,2.99,3.06,3.09,3.07,3.09,3.06,3.03,3.04,3.06,3.08,3.11,3.14,3.16,3.09,3.07,3.06,3.01,2.95,2.96,2.98,3.01,3.05,3.05,3.07,3.11,3.15,3.16,3.19,3.21,3.22,3.19,3.18,3.17,3.14,3.11,3.12,3.10,3.06,3.03
3.20,3.34,3.40,3.42,3.42,3.41,3.42,3.45,3.48,3.51,3.51,3.48,3.45,3.43,3.44,3.44,3.42,3.39,3.38,3.36,3.38,3.39,3.37,3.35,3.30,3.21,3.09,2.96,2.97,2.97,2.98,3.00,3.02,3.01,2.98,2.94,2.98,3.02,3.06,3.12,3.19,3.26,3.39,3.48,3.46,3.44,3.48,3.52,3.54,3.55,3.50,3.46,3.46,3.52,3.61,3.66,3.72,3.83,3.99,4.08,4.10,4.06,3.99,3.85,3.91,4.03,4.11,4.16,4.16,4.16,4.16,4.11,4.09,4.23,4.41,4.48,4.49,4.42,4.32,4.22,4.19,4.07,4.04,4.09,4.08,4.08,4.08,4.06,3.94,3.27,2.70,2.20,1.75,1.27,1.26,1.42,1.64,1.83,1.84,1.81,1.77,1.75,1.90,2.05,2.03,1.90,1.88,1.85,1.79,1.72,1.67,1.94,2.22,2.54,2.96,3.68,4.19,4.39,4.38,4.34,4.20,3.96,3.69,3.46,3.32,3.28,3.26,3.24,3.21,3.05,2.96,2.92,2.87,2.88,2.88,2.90,2.96,3.05,3.13,3.18,3.15,3.02,3.08,3.14,3.15,3.11,3.31,2.91,2.64,2.62,2.59,2.53,2.54,2.57,2.60,2.60,2.62,2.65,2.68,2.65,2.63,2.63,2.66,2.72,2.77,2.74,2.74,2.81,2.77,2.75,2.78,2.84,2.81,2.83,2.84,2.87,2.92,2.92,2.87,2.81,2.80,2.81,2.83,2.84,2.84,2.85,2.95,3.08,3.21,3.33,3.42,3.46,3.48,3.49,3.44,3.32,3.26,3.28,3.33,3.30,3.24,3.21,3.25,3.26,3.26,3.22,3.15,3.10,3.04,3.03,3.04,3.06,3.12,3.02,2.96,2.96,2.87,3.01,3.10,3.14,3.13,3.16,3.13,3.11,3.13,3.16,3.20,3.21,3.21,3.25,3.16,3.11,3.06,2.99,2.91,2.93,2.98,3.03,3.09,3.09,3.13,3.18,3.24,3.25,3.24,3.24,3.26,3.26,3.26,3.23,3.18,3.11,3.14,3.12,3.06,3.01
3.35,3.40,3.40,3.41,3.43,3.43,3.42,3.43,3.46,3.49,3.50,3.44,3.41,3.43,3.40,3.40,3.38,3.34,3.34,3.34,3.33,3.32,3.31,3.33,3.22,3.09,2.97,2.87,2.99,3.02,2.97,2.92,2.94,2.94,2.92,2.89,2.88,2.95,3.02,3.08,3.13,3.20,3.31,3.36,3.30,3.38,3.43,3.50,3.56,3.50,3.40,3.41,3.46,3.49,3.52,3.54,3.58,3.66,3.80,3.89,3.90,3.86,3.82,3.81,3.92,4.05,4.14,4.17,4.18,4.16,4.12,4.00,4.13,4.31,4.44,4.44,4.47,4.43,4.32,4.19,4.17,4.03,3.95,3.94,3.99,4.04,4.06,3.98,3.67,2.78,2.15,1.70,1.39,1.14,1.13,1.29,1.54,1.79,1.80,1.79,1.76,1.74,1.95,2.03,1.98,1.87,1.86,1.84,1.84,1.82,1.79,2.06,2.21,2.48,2.98,3.78,4.26,4.44,4.43,4.36,4.26,4.04,3.75,3.43,3.25,3.17,3.15,3.15,3.15,3.10,3.06,2.98,2.87,2.94,2.98,2.98,2.96,3.03,3.10,3.13,3.10,3.07,3.12,3.17,3.19,3.17,3.29,2.88,2.61,2.59,2.57,2.52,2.51,2.55,2.59,2.59,2.61,2.65,2.68,2.66,2.65,2.65,2.67,2.71,2.73,2.74,2.76,2.81,2.76,2.75,2.77,2.81,2.80,2.82,2.87,2.94,3.02,3.03,2.95,2.84,2.76,2.77,2.78,2.83,2.90,2.92,2.98,3.11,3.26,3.40,3.47,3.51,3.53,3.52,3.42,3.31,3.28,3.32,3.38,3.32,3.23,3.21,3.27,3.27,3.25,3.24,3.22,3.17,3.00,3.03,3.10,3.10,3.15,2.99,2.92,2.95,2.87,3.01,3.12,3.16,3.16,3.20,3.17,3.15,3.15,3.19,3.21,3.19,3.17,3.22,3.16,3.10,3.04,2.97,2.88,2.87,2.92,3.00,3.08,3.12,3.16,3.22,3.28,3.28,3.28,3.27,3.25,3.34,3.32,3.27,3.18,3.09,3.14,3.13,3.08,3.03
3.43,3.43,3.41,3.41,3.43,3.43,3.43,3.43,3.44,3.45,3.48,3.44,3.41,3.40,3.40,3.38,3.34,3.30,3.31,3.32,3.30,3.29,3.28,3.24,3.12,2.98,2.89,2.91,3.01,3.01,2.95,2.88,2.88,2.87,2.83,2.80,2.85,2.91,2.98,3.05,3.11,3.15,3.22,3.25,3.24,3.34,3.38,3.45,3.51,3.49,3.42,3.42,3.43,3.38,3.39,3.42,3.46,3.54,3.62,3.69,3.72,3.73,3.73,3.80,3.92,4.04,4.11,4.14,4.13,4.09,4.03,3.99,4.14,4.26,4.32,4.29,4.30,4.28,4.26,4.23,4.14,3.98,3.87,3.83,3.85,3.89,3.85,3.52,2.81,2.13,1.58,1.21,1.02,0.97,0.99,1.16,1.43,1.69,1.78,1.77,1.71,1.66,1.88,1.96,1.91,1.80,1.80,1.80,1.81,1.83,1.85,2.03,2.13,2.42,2.98,3.81,4.29,4.47,4.44,4.40,4.25,4.02,3.72,3.38,3.19,3.12,3.13,3.17,3.16,3.13,3.10,3.06,3.00,3.06,3.09,3.07,3.03,3.07,3.07,3.06,3.08,3.17,3.20,3.23,3.23,3.20,3.25,2.83,2.58,2.56,2.55,2.51,2.50,2.53,2.59,2.59,2.61,2.65,2.68,2.68,2.67,2.67,2.68,2.70,2.71,2.73,2.75,2.77,2.74,2.74,2.76,2.79,2.79,2.82,2.89,3.00,3.12,3.15,3.05,2.91,2.78,2.75,2.75,2.79,2.86,2.89,2.94,3.04,3.21,3.41,3.46,3.50,3.53,3.52,3.40,3.32,3.32,3.36,3.39,3.33,3.24,3.23,3.32,3.31,3.28,3.25,3.21,3.09,2.90,2.89,2.96,3.05,3.10,2.93,2.87,2.94,2.86,3.00,3.13,3.20,3.20,3.23,3.22,3.19,3.18,3.21,3.22,3.18,3.13,3.18,3.14,3.08,3.01,2.94,2.85,2.85,2.89,2.96,3.00,3.05,3.12,3.22,3.33,3.40,3.35,3.28,3.29,3.38,3.36,3.29,3.19,3.06,3.13,3.12,3.08,3.05
3.48,3.45,3.42,3.41,3.42,3.43,3.44,3.43,3.41,3.42,3.46,3.44,3.40,3.39,3.41,3.36,3.30,3.26,3.29,3.30,3.28,3.27,3.25,3.13,3.01,2.90,2.87,2.99,3.02,2.99,2.92,2.85,2.83,2.79,2.75,2.73,2.84,2.88,2.94,3.02,3.09,3.10,3.12,3.15,3.20,3.29,3.33,3.38,3.44,3.48,3.44,3.42,3.38,3.28,3.29,3.31,3.35,3.41,3.45,3.49,3.55,3.62,3.66,3.78,3.91,4.02,4.07,4.09,4.06,3.99,3.93,3.99,4.13,4.18,4.15,4.10,4.09,4.10,4.15,4.23,4.08,3.91,3.79,3.72,3.71,3.75,3.57,2.97,1.87,1.47,1.05,0.76,0.67,0.79,0.86,1.04,1.29,1.55,1.71,1.71,1.63,1.58,1.78,1.88,1.83,1.72,1.72,1.74,1.76,1.80,1.86,1.95,2.04,2.37,2.98,3.81,4.31,4.47,4.44,4.42,4.24,3.98,3.68,3.36,3.15,3.09,3.13,3.20,3.17,3.15,3.13,3.13,3.14,3.17,3.17,3.15,3.11,3.11,3.04,3.01,3.07,3.27,3.28,3.29,3.27,3.22,3.22,2.84,2.62,2.61,2.61,2.58,2.58,2.61,2.69,2.69,2.73,2.77,2.80,2.80,2.80,2.80,2.80,2.80,2.81,2.83,2.84,2.84,2.84,2.84,2.84,2.86,2.87,2.91,2.99,3.11,3.24,3.28,3.19,3.04,2.89,2.83,2.81,2.83,2.86,2.89,2.91,2.98,3.14,3.38,3.43,3.48,3.53,3.52,3.37,3.35,3.38,3.42,3.40,3.33,3.26,3.27,3.37,3.35,3.31,3.24,3.13,2.97,2.79,2.72,2.77,2.94,2.98,2.83,2.79,2.88,2.84,2.96,3.07,3.14,3.15,3.23,3.25,3.22,3.18,3.20,3.18,3.11,3.05,3.10,3.07,3.02,2.96,2.90,2.83,2.83,2.87,2.93,2.93,2.97,3.07,3.21,3.37,3.51,3.41,3.30,3.32,3.40,3.39,3.32,3.20,3.05,3.11,3.11,3.07,3.05
3.48,3.46,3.44,3.42,3.41,3.42,3.44,3.43,3.42,3.42,3.44,3.41,3.41,3.45,3.41,3.37,3.31,3.26,3.26,3.27,3.27,3.24,3.17,3.04,2.92,2.90,2.97,3.03,3.00,2.94,2.86,2.80,2.75,2.71,2.70,2.75,2.85,2.87,2.90,2.96,3.05,3.03,3.05,3.08,3.11,3.23,3.25,3.27,3.34,3.40,3.36,3.34,3.34,3.29,3.29,3.28,3.25,3.22,3.27,3.34,3.41,3.50,3.59,3.71,3.84,3.95,4.03,4.01,3.96,3.88,3.80,3.93,4.03,4.04,3.99,3.91,3.91,3.90,3.91,3.94,3.89,3.78,3.67,3.61,3.68,3.74,3.30,2.41,1.27,0.97,0.70,0.48,0.40,0.57,0.71,0.88,1.07,1.26,1.43,1.48,1.50,1.57,1.72,1.79,1.75,1.65,1.65,1.65,1.67,1.71,1.76,1.85,1.95,2.31,2.98,3.81,4.27,4.43,4.42,4.41,4.25,4.00,3.70,3.41,3.20,3.09,3.11,3.19,3.16,3.14,3.13,3.12,3.11,3.14,3.18,3.20,3.17,3.12,3.10,3.08,3.10,3.26,3.32,3.33,3.29,3.25,3.28,3.09,2.99,3.00,3.01,3.00,3.04,3.12,3.24,3.28,3.32,3.35,3.35,3.37,3.37,3.40,3.42,3.40,3.41,3.40,3.39,3.42,3.41,3.38,3.37,3.37,3.36,3.37,3.39,3.43,3.48,3.48,3.45,3.40,3.33,3.31,3.27,3.20,3.13,3.13,3.05,3.03,3.11,3.27,3.35,3.45,3.52,3.52,3.33,3.36,3.43,3.47,3.43,3.33,3.30,3.32,3.35,3.35,3.29,3.09,2.86,2.83,2.65,2.58,2.59,2.63,2.61,2.58,2.58,2.63,2.74,2.74,2.73,2.71,2.71,3.10,3.20,3.16,3.08,3.09,2.95,2.83,2.79,2.86,2.83,2.85,2.87,2.84,2.82,2.82,2.86,2.91,2.90,2.93,3.03,3.19,3.37,3.51,3.43,3.33,3.33,3.39,3.40,3.35,3.24,3.05,3.11,3.07,3.02,3.02
3.48,3.47,3.46,3.44,3.42,3.40,3.43,3.44,3.44,3.42,3.40,3.38,3.40,3.46,3.43,3.36,3.31,3.28,3.25,3.26,3.24,3.18,3.07,2.93,2.88,2.90,2.97,3.00,2.95,2.88,2.81,2.76,2.69,2.66,2.68,2.78,2.87,2.87,2.88,2.91,2.99,2.96,2.96,2.99,3.04,3.14,3.15,3.17,3.24,3.31,3.27,3.29,3.32,3.27,3.25,3.23,3.19,3.13,3.15,3.20,3.28,3.39,3.51,3.64,3.75,3.84,3.91,3.88,3.85,3.78,3.71,3.84,3.88,3.87,3.82,3.73,3.72,3.72,3.72,3.72,3.70,3.63,3.55,3.52,3.56,3.66,3.11,2.18,1.25,1.00,0.79,0.62,0.52,0.62,0.62,0.70,0.89,1.20,1.30,1.34,1.38,1.46,1.56,1.62,1.60,1.54,1.57,1.55,1.58,1.63,1.69,1.76,1.86,2.25,2.97,3.79,4.23,4.40,4.39,4.36,4.26,4.03,3.75,3.47,3.25,3.09,3.09,3.17,3.15,3.13,3.13,3.12,3.08,3.12,3.17,3.18,3.15,3.12,3.13,3.14,3.15,3.21,3.30,3.33,3.31,3.28,3.32,3.23,3.18,3.20,3.21,3.22,3.25,3.34,3.53,3.60,3.65,3.67,3.66,3.68,3.68,3.70,3.72,3.70,3.70,3.69,3.69,3.72,3.72,3.68,3.66,3.66,3.67,3.67,3.66,3.67,3.68,3.67,3.66,3.66,3.64,3.59,3.52,3.40,3.28,3.26,3.16,3.11,3.12,3.17,3.21,3.28,3.41,3.52,3.35,3.41,3.48,3.51,3.45,3.33,3.35,3.38,3.37,3.35,3.26,3.06,2.85,2.85,2.57,2.46,2.45,2.45,2.41,2.43,2.43,2.44,2.54,2.53,2.50,2.46,2.46,2.89,3.03,2.98,2.84,2.84,2.71,2.63,2.62,2.71,2.76,2.82,2.85,2.84,2.88,2.87,2.87,2.90,2.91,2.93,3.00,3.12,3.30,3.43,3.40,3.35,3.35,3.39,3.38,3.35,3.27,3.15,3.17,3.09,3.00,3.00
3.47,3.48,3.48,3.47,3.44,3.37,3.41,3.46,3.47,3.42,3.36,3.35,3.39,3.45,3.44,3.33,3.29,3.30,3.27,3.25,3.19,3.09,2.94,2.81,2.86,2.90,2.90,2.92,2.88,2.82,2.76,2.72,2.64,2.63,2.69,2.80,2.88,2.88,2.87,2.87,2.90,2.88,2.87,2.90,2.98,3.01,3.03,3.07,3.14,3.21,3.18,3.26,3.32,3.24,3.18,3.16,3.14,3.11,3.07,3.07,3.16,3.30,3.43,3.55,3.64,3.70,3.73,3.73,3.72,3.68,3.65,3.73,3.71,3.68,3.64,3.57,3.53,3.54,3.56,3.55,3.51,3.45,3.44,3.43,3.37,3.53,2.97,2.17,1.61,1.38,1.18,1.02,0.89,0.85,0.57,0.51,0.74,1.28,1.26,1.25,1.26,1.29,1.34,1.39,1.41,1.40,1.47,1.43,1.48,1.56,1.63,1.67,1.78,2.21,2.97,3.75,4.20,4.37,4.36,4.30,4.27,4.07,3.80,3.53,3.30,3.10,3.07,3.15,3.14,3.13,3.13,3.11,3.05,3.12,3.14,3.12,3.10,3.13,3.16,3.20,3.21,3.15,3.24,3.31,3.33,3.30,3.33,3.28,3.25,3.27,3.27,3.30,3.29,3.37,3.65,3.75,3.79,3.80,3.81,3.81,3.81,3.82,3.82,3.81,3.79,3.80,3.82,3.83,3.85,3.81,3.80,3.83,3.86,3.86,3.85,3.84,3.85,3.87,3.84,3.83,3.85,3.74,3.63,3.49,3.36,3.31,3.26,3.21,3.15,3.08,3.03,3.02,3.23,3.52,3.42,3.47,3.53,3.55,3.47,3.33,3.40,3.46,3.41,3.34,3.24,3.11,3.00,2.98,2.53,2.36,2.34,2.34,2.33,2.34,2.32,2.28,2.27,2.33,2.34,2.33,2.33,2.63,2.79,2.74,2.52,2.50,2.48,2.48,2.51,2.62,2.81,2.88,2.88,2.87,2.99,2.96,2.91,2.90,2.94,2.97,2.98,3.03,3.18,3.30,3.34,3.35,3.36,3.38,3.34,3.31,3.30,3.30,3.29,3.14,3.00,3.00
3.50,3.49,3.48,3.48,3.46,3.38,3.41,3.44,3.44,3.38,3.38,3.38,3.41,3.46,3.45,3.36,3.29,3.25,3.22,3.20,3.10,2.97,2.86,2.83,2.86,2.90,2.91,2.86,2.84,2.76,2.68,2.66,2.68,2.71,2.77,2.83,2.83,2.79,2.76,2.76,2.77,2.76,2.80,2.85,2.89,2.92,2.95,3.00,3.07,3.14,3.16,3.21,3.21,3.11,3.02,2.98,2.95,2.92,2.90,2.96,3.07,3.21,3.32,3.44,3.51,3.54,3.55,3.58,3.58,3.58,3.59,3.63,3.58,3.52,3.44,3.37,3.33,3.35,3.37,3.35,3.33,3.28,3.30,3.37,3.39,3.50,3.06,2.44,1.97,1.76,1.56,1.41,1.29,1.16,0.97,1.00,1.16,1.30,1.22,1.16,1.16,1.19,1.14,1.16,1.20,1.25,1.33,1.29,1.37,1.48,1.56,1.68,1.89,2.34,3.12,4.19,4.30,4.32,4.33,4.29,4.22,4.05,3.83,3.59,3.37,3.13,3.06,3.12,3.13,3.13,3.13,3.10,3.02,3.11,3.11,3.06,3.04,3.13,3.16,3.22,3.25,3.14,3.22,3.29,3.32,3.31,3.34,3.26,3.23,3.26,3.29,3.31,3.31,3.37,3.54,3.55,3.56,3.57,3.59,3.58,3.58,3.61,3.63,3.56,3.61,3.56,3.50,3.48,3.47,3.70,3.85,3.87,3.88,3.88,3.86,3.85,3.86,3.85,3.84,3.82,3.81,3.77,3.66,3.50,3.33,3.27,3.22,3.18,3.12,3.06,3.02,3.26,3.44,3.49,3.46,3.52,3.56,3.55,3.48,3.43,3.49,3.52,3.46,3.36,3.24,3.16,3.08,2.88,2.49,2.37,2.37,2.35,2.34,2.35,2.34,2.31,2.31,2.34,2.35,2.35,2.37,2.48,2.59,2.58,2.44,2.49,2.58,2.57,2.54,2.70,2.82,2.87,2.88,2.88,2.95,2.94,2.92,2.92,2.96,2.97,2.98,3.00,3.03,3.23,3.33,3.35,3.34,3.36,3.35,3.33,3.32,3.31,3.23,3.09,2.97,2.94
3.50,3.50,3.49,3.48,3.46,3.40,3.41,3.42,3.42,3.37,3.40,3.42,3.45,3.47,3.46,3.37,3.28,3.21,3.19,3.13,3.01,2.90,2.84,2.86,2.88,2.90,2.91,2.84,2.79,2.71,2.65,2.65,2.70,2.76,2.80,2.81,2.77,2.70,2.66,2.65,2.65,2.65,2.73,2.80,2.81,2.84,2.88,2.94,3.01,3.07,3.11,3.13,3.09,2.98,2.87,2.82,2.78,2.75,2.78,2.89,3.01,3.14,3.25,3.34,3.37,3.38,3.38,3.41,3.45,3.49,3.51,3.53,3.45,3.37,3.30,3.24,3.21,3.23,3.25,3.23,3.22,3.21,3.24,3.31,3.36,3.45,3.16,2.72,2.34,2.16,1.97,1.82,1.71,1.51,1.39,1.45,1.55,1.45,1.42,1.32,1.25,1.20,0.95,0.93,1.00,1.10,1.18,1.15,1.23,1.34,1.47,2.13,2.44,2.77,3.31,4.28,4.29,4.27,4.28,4.25,4.21,4.03,3.81,3.61,3.43,3.16,3.05,3.09,3.12,3.13,3.13,3.09,3.00,3.10,3.07,3.02,3.00,3.12,3.15,3.23,3.28,3.15,3.22,3.28,3.31,3.32,3.35,3.25,3.21,3.25,3.30,3.31,3.32,3.36,3.46,3.44,3.43,3.44,3.46,3.46,3.46,3.49,3.51,3.42,3.47,3.40,3.31,3.27,3.26,3.63,3.86,3.86,3.87,3.87,3.85,3.84,3.85,3.83,3.83,3.80,3.77,3.79,3.68,3.49,3.32,3.26,3.21,3.15,3.09,3.04,2.99,3.38,3.55,3.47,3.50,3.56,3.58,3.54,3.47,3.50,3.55,3.54,3.46,3.36,3.24,3.17,3.07,2.76,2.45,2.38,2.39,2.36,2.35,2.36,2.35,2.33,2.35,2.37,2.38,2.39,2.40,2.42,2.47,2.48,2.43,2.53,2.64,2.60,2.52,2.66,2.81,2.88,2.89,2.87,2.91,2.93,2.93,2.94,2.97,2.97,2.98,2.97,2.95,3.19,3.31,3.34,3.31,3.36,3.35,3.33,3.31,3.28,3.16,3.04,2.94,2.88
3.45,3.52,3.49,3.45,3.42,3.40,3.42,3.43,3.41,3.39,3.45,3.47,3.49,3.49,3.45,3.36,3.27,3.19,3.17,3.03,2.93,2.89,2.90,2.92,2.92,2.90,2.88,2.87,2.74,2.68,2.68,2.69,2.71,2.75,2.77,2.74,2.69,2.62,2.56,2.53,2.56,2.57,2.65,2.73,2.74,2.78,2.84,2.90,2.94,3.00,3.01,2.99,2.95,2.85,2.74,2.67,2.62,2.62,2.72,2.85,2.98,3.10,3.20,3.23,3.23,3.23,3.20,3.21,3.33,3.42,3.44,3.44,3.31,3.25,3.24,3.21,3.21,3.21,3.22,3.21,3.20,3.27,3.28,3.26,3.26,3.37,3.26,3.02,2.72,2.58,2.40,2.27,2.16,1.91,1.83,1.85,1.87,1.79,1.94,1.82,1.61,1.36,0.75,0.70,0.81,0.94,1.03,1.01,1.05,1.14,1.36,3.18,3.62,3.60,3.57,3.85,4.11,4.21,4.21,4.19,4.25,4.01,3.74,3.59,3.46,3.19,3.05,3.06,3.11,3.13,3.13,3.08,2.97,3.08,3.03,2.98,3.00,3.11,3.14,3.24,3.30,3.18,3.23,3.27,3.30,3.35,3.36,3.26,3.22,3.25,3.30,3.31,3.32,3.35,3.44,3.45,3.44,3.45,3.48,3.48,3.47,3.48,3.49,3.42,3.40,3.36,3.30,3.24,3.31,3.62,3.80,3.80,3.79,3.81,3.81,3.81,3.82,3.81,3.80,3.77,3.74,3.77,3.66,3.48,3.31,3.28,3.23,3.14,3.05,2.99,2.95,3.33,3.52,3.46,3.54,3.61,3.58,3.49,3.43,3.52,3.54,3.50,3.39,3.31,3.23,3.12,2.94,2.64,2.42,2.39,2.41,2.38,2.37,2.35,2.34,2.35,2.37,2.43,2.45,2.44,2.41,2.45,2.46,2.47,2.50,2.63,2.67,2.57,2.44,2.44,2.77,2.92,2.92,2.85,2.89,2.93,2.95,2.96,2.98,2.97,2.95,2.95,2.96,3.20,3.31,3.31,3.25,3.36,3.34,3.31,3.27,3.20,3.09,2.98,2.89,2.83
3.35,3.42,3.47,3.46,3.41,3.41,3.41,3.42,3.42,3.42,3.42,3.44,3.46,3.46,3.42,3.35,3.26,3.16,3.08,2.97,2.92,2.91,2.93,2.95,2.93,2.91,2.88,2.78,2.70,2.68,2.69,2.73,2.74,2.74,2.73,2.68,2.62,2.55,2.51,2.51,2.52,2.54,2.60,2.66,2.69,2.74,2.81,2.86,2.90,2.90,2.90,2.87,2.80,2.71,2.63,2.60,2.59,2.59,2.70,2.82,2.95,3.05,3.09,3.09,3.08,3.07,3.06,3.16,3.28,3.37,3.42,3.46,3.40,3.35,3.30,3.25,3.26,3.22,3.17,3.14,3.19,3.24,3.25,3.23,3.22,3.21,3.17,3.07,2.95,2.89,2.79,2.67,2.53,2.30,2.21,2.21,2.22,2.15,2.37,2.34,2.16,1.77,0.60,0.49,0.62,0.74,0.78,0.81,0.81,0.83,1.05,3.32,3.77,3.71,3.69,3.84,4.04,4.12,4.10,4.04,4.10,3.94,3.73,3.57,3.49,3.36,3.27,3.22,3.21,3.21,3.18,3.13,3.06,3.11,3.06,3.02,3.06,3.17,3.18,3.26,3.31,3.20,3.26,3.28,3.29,3.32,3.31,3.23,3.21,3.24,3.27,3.27,3.27,3.29,3.34,3.36,3.35,3.35,3.38,3.37,3.38,3.39,3.39,3.34,3.33,3.33,3.31,3.26,3.30,3.45,3.53,3.53,3.52,3.53,3.53,3.53,3.54,3.54,3.54,3.53,3.52,3.52,3.47,3.38,3.29,3.25,3.19,3.11,3.03,2.97,3.09,3.34,3.45,3.44,3.53,3.58,3.54,3.47,3.42,3.51,3.51,3.45,3.35,3.23,3.16,2.94,2.66,2.57,2.46,2.42,2.42,2.40,2.40,2.38,2.37,2.38,2.41,2.45,2.46,2.46,2.47,2.52,2.56,2.60,2.64,2.70,2.65,2.54,2.48,2.66,2.85,2.94,2.94,2.89,2.91,2.93,2.94,2.95,2.95,2.94,2.92,2.92,2.93,3.16,3.28,3.31,3.27,3.33,3.30,3.26,3.20,3.11,3.01,2.92,2.83,2.77
3.25,3.32,3.41,3.44,3.40,3.41,3.40,3.41,3.42,3.43,3.39,3.41,3.43,3.42,3.38,3.33,3.24,3.12,3.00,2.93,2.92,2.94,2.96,2.96,2.95,2.91,2.85,2.70,2.68,2.68,2.70,2.76,2.78,2.74,2.69,2.63,2.56,2.50,2.48,2.49,2.50,2.53,2.56,2.61,2.65,2.72,2.76,2.81,2.84,2.81,2.79,2.75,2.67,2.58,2.54,2.56,2.58,2.59,2.70,2.80,2.91,2.98,2.96,2.95,2.93,2.92,2.96,3.14,3.25,3.32,3.40,3.47,3.50,3.46,3.37,3.29,3.30,3.23,3.14,3.08,3.18,3.19,3.19,3.19,3.17,3.08,3.06,3.08,3.09,3.11,3.09,3.00,2.86,2.68,2.58,2.56,2.56,2.52,2.78,2.84,2.71,2.22,0.45,0.27,0.42,0.54,0.52,0.60,0.58,0.58,0.83,3.22,3.68,3.66,3.75,3.89,3.96,3.99,3.97,3.86,3.90,3.83,3.69,3.54,3.49,3.49,3.45,3.37,3.31,3.29,3.23,3.16,3.14,3.13,3.09,3.07,3.10,3.23,3.23,3.28,3.32,3.21,3.27,3.28,3.27,3.27,3.23,3.19,3.19,3.22,3.24,3.22,3.21,3.21,3.24,3.26,3.25,3.25,3.25,3.21,3.22,3.24,3.25,3.22,3.22,3.24,3.26,3.24,3.20,3.19,3.18,3.17,3.18,3.16,3.19,3.21,3.20,3.22,3.27,3.28,3.23,3.24,3.28,3.29,3.27,3.23,3.15,3.08,3.01,2.96,3.26,3.34,3.37,3.42,3.52,3.54,3.50,3.44,3.43,3.49,3.47,3.41,3.32,3.15,3.05,2.75,2.45,2.54,2.51,2.47,2.43,2.41,2.42,2.40,2.40,2.41,2.45,2.46,2.45,2.45,2.52,2.57,2.64,2.71,2.74,2.72,2.61,2.50,2.54,2.89,2.93,2.94,2.94,2.94,2.92,2.93,2.94,2.95,2.94,2.92,2.91,2.91,2.90,3.12,3.26,3.31,3.30,3.31,3.26,3.19,3.11,3.02,2.94,2.85,2.78,2.72
3.22,3.27,3.30,3.33,3.37,3.35,3.37,3.38,3.37,3.37,3.39,3.39,3.39,3.38,3.34,3.32,3.19,3.03,2.96,2.93,2.94,2.98,3.03,2.96,2.95,2.87,2.74,2.71,2.71,2.72,2.74,2.77,2.81,2.74,2.65,2.58,2.53,2.49,2.46,2.45,2.50,2.52,2.55,2.59,2.64,2.73,2.70,2.69,2.74,2.73,2.71,2.67,2.60,2.51,2.50,2.49,2.52,2.60,2.72,2.82,2.86,2.86,2.83,2.81,2.79,2.83,2.95,3.07,3.17,3.25,3.31,3.38,3.41,3.39,3.36,3.36,3.29,3.27,3.21,3.12,3.14,3.13,3.11,3.09,3.03,3.06,3.08,3.08,3.07,3.04,3.10,3.14,3.11,3.06,2.97,2.91,2.88,2.92,3.17,3.24,3.14,2.64,0.29,0.03,0.20,0.32,0.28,0.35,0.40,0.57,1.09,2.98,3.50,3.63,3.75,3.85,3.81,3.80,3.78,3.66,3.66,3.61,3.52,3.42,3.42,3.38,3.34,3.32,3.30,3.29,3.22,3.14,3.12,3.10,3.08,3.05,3.06,3.20,3.26,3.31,3.30,3.21,3.25,3.25,3.23,3.22,3.17,3.15,3.16,3.18,3.20,3.14,3.11,3.12,3.17,3.20,3.20,3.18,3.13,2.97,2.90,2.94,3.00,3.02,2.99,2.97,2.99,3.04,2.82,2.75,2.71,2.69,2.69,2.65,2.80,2.92,2.79,2.95,3.17,3.13,2.86,3.01,3.23,3.31,3.28,3.25,3.14,3.04,2.98,2.99,3.34,3.32,3.32,3.43,3.49,3.49,3.43,3.39,3.45,3.49,3.44,3.38,3.32,3.04,2.86,2.69,2.56,2.58,2.54,2.50,2.44,2.37,2.40,2.37,2.39,2.45,2.40,2.44,2.43,2.42,2.46,2.50,2.56,2.60,2.61,2.59,2.53,2.48,2.54,2.83,2.87,2.90,2.92,2.92,2.84,2.91,2.96,2.98,2.97,2.97,2.97,2.93,2.85,3.10,3.23,3.28,3.29,3.29,3.21,3.12,3.02,2.94,2.87,2.80,2.73,2.67
3.31,3.25,3.26,3.29,3.32,3.34,3.37,3.37,3.36,3.35,3.38,3.37,3.37,3.35,3.31,3.24,3.12,2.98,2.95,2.94,2.95,2.98,3.01,2.96,2.89,2.81,2.74,2.74,2.76,2.78,2.79,2.79,2.79,2.71,2.61,2.53,2.49,2.46,2.45,2.46,2.51,2.56,2.57,2.58,2.60,2.65,2.64,2.64,2.67,2.66,2.63,2.59,2.54,2.47,2.45,2.46,2.52,2.62,2.74,2.79,2.78,2.75,2.71,2.68,2.70,2.77,2.88,3.00,3.11,3.20,3.25,3.30,3.33,3.33,3.32,3.34,3.25,3.23,3.19,3.12,3.11,3.12,3.12,3.11,3.10,3.09,3.08,3.06,3.03,3.03,3.10,3.15,3.15,3.13,3.13,3.15,3.18,3.23,3.38,3.52,3.56,3.09,0.13,-0.20,-0.01,0.11,0.01,0.11,0.19,0.61,1.69,3.10,3.55,3.68,3.75,3.79,3.71,3.68,3.66,3.56,3.53,3.50,3.45,3.39,3.39,3.34,3.31,3.29,3.28,3.26,3.20,3.14,3.11,3.08,3.05,3.02,3.03,3.15,3.21,3.25,3.25,3.21,3.25,3.24,3.22,3.19,3.17,3.15,3.14,3.15,3.17,3.10,3.06,3.07,3.12,3.14,3.13,3.10,3.02,2.84,2.76,2.79,2.85,2.87,2.84,2.79,2.78,2.82,2.65,2.57,2.53,2.51,2.52,2.48,2.62,2.71,2.54,2.66,2.82,2.79,2.60,2.78,2.90,2.91,2.88,2.97,3.12,3.13,3.10,3.14,3.34,3.30,3.31,3.42,3.46,3.44,3.38,3.37,3.46,3.47,3.42,3.37,3.30,3.00,2.83,2.74,2.70,2.62,2.62,2.60,2.54,2.46,2.44,2.39,2.40,2.44,2.40,2.45,2.48,2.49,2.51,2.50,2.55,2.57,2.54,2.53,2.48,2.46,2.51,2.68,2.71,2.72,2.74,2.77,2.73,2.79,2.87,2.94,2.97,2.98,2.97,2.90,2.77,3.10,3.22,3.25,3.25,3.27,3.20,3.08,2.94,2.85,2.79,2.74,2.67,2.62
3.47,3.26,3.28,3.29,3.27,3.34,3.37,3.37,3.37,3.36,3.35,3.35,3.35,3.34,3.28,3.14,3.03,2.96,2.94,2.96,2.96,2.96,2.96,2.95,2.81,2.75,2.79,2.77,2.84,2.86,2.85,2.82,2.75,2.66,2.56,2.48,2.46,2.42,2.44,2.51,2.53,2.60,2.60,2.56,2.53,2.54,2.59,2.62,2.62,2.60,2.56,2.52,2.48,2.43,2.39,2.45,2.55,2.65,2.77,2.74,2.69,2.63,2.59,2.55,2.64,2.75,2.78,2.92,3.06,3.15,3.20,3.21,3.26,3.28,3.28,3.28,3.19,3.15,3.12,3.08,3.08,3.13,3.16,3.18,3.26,3.14,3.07,3.03,2.99,3.05,3.08,3.09,3.07,3.04,3.16,3.32,3.46,3.49,3.48,3.75,3.97,3.51,-0.04,-0.44,-0.22,-0.11,-0.28,-0.12,-0.02,0.69,2.49,3.42,3.73,3.78,3.74,3.72,3.64,3.60,3.59,3.53,3.48,3.45,3.43,3.40,3.37,3.35,3.32,3.29,3.26,3.23,3.19,3.15,3.11,3.05,3.01,2.98,3.00,3.10,3.12,3.16,3.19,3.20,3.25,3.24,3.21,3.18,3.20,3.16,3.13,3.14,3.17,3.07,3.03,3.04,3.08,3.07,3.06,3.01,2.92,2.78,2.71,2.72,2.76,2.76,2.73,2.66,2.62,2.61,2.60,2.55,2.52,2.51,2.54,2.51,2.56,2.55,2.38,2.37,2.35,2.36,2.41,2.56,2.44,2.31,2.29,2.54,3.10,3.27,3.29,3.34,3.30,3.28,3.32,3.41,3.44,3.39,3.34,3.35,3.46,3.43,3.40,3.36,3.27,3.00,2.88,2.87,2.85,2.66,2.74,2.75,2.70,2.62,2.52,2.45,2.41,2.40,2.42,2.48,2.56,2.61,2.62,2.52,2.57,2.59,2.51,2.52,2.46,2.44,2.46,2.49,2.49,2.48,2.49,2.55,2.61,2.64,2.72,2.86,2.95,2.97,2.94,2.85,2.68,3.12,3.23,3.22,3.19,3.23,3.22,3.07,2.86,2.76,2.72,2.68,2.62,2.57
3.43,3.31,3.29,3.27,3.25,3.30,3.28,3.33,3.39,3.39,3.37,3.36,3.35,3.32,3.20,3.09,3.01,2.98,2.95,2.96,2.97,2.96,2.95,2.87,2.81,2.77,2.76,2.79,2.86,2.90,2.87,2.74,2.68,2.59,2.51,2.45,2.48,2.49,2.50,2.52,2.48,2.59,2.59,2.54,2.53,2.56,2.58,2.59,2.58,2.57,2.54,2.49,2.42,2.32,2.40,2.48,2.58,2.68,2.70,2.64,2.59,2.54,2.47,2.53,2.61,2.68,2.73,2.86,2.98,3.09,3.17,3.16,3.18,3.19,3.18,3.18,3.13,3.07,3.02,3.00,3.07,3.13,3.15,3.16,3.19,3.17,3.16,3.13,3.09,3.10,3.09,3.08,3.07,3.09,3.19,3.32,3.45,3.55,3.72,4.06,3.85,2.56,-0.37,-0.65,-0.42,-0.31,-0.49,-0.31,-0.08,0.99,3.33,3.63,3.72,3.71,3.69,3.69,3.61,3.56,3.54,3.52,3.50,3.50,3.46,3.37,3.34,3.37,3.36,3.32,3.29,3.26,3.22,3.18,3.14,3.11,3.08,3.06,3.07,3.11,3.12,3.14,3.17,3.23,3.26,3.24,3.19,3.15,3.18,3.15,3.12,3.10,3.10,3.05,3.02,3.01,3.01,2.99,2.98,2.94,2.87,2.75,2.67,2.65,2.65,2.64,2.64,2.64,2.61,2.56,2.55,2.52,2.48,2.46,2.46,2.46,2.50,2.52,2.40,2.36,2.31,2.29,2.31,2.45,2.40,2.37,2.42,2.57,3.14,3.31,3.29,3.26,3.16,3.20,3.29,3.38,3.39,3.34,3.31,3.33,3.42,3.36,3.31,3.27,3.21,3.07,2.98,2.93,2.89,2.81,2.85,2.85,2.81,2.74,2.54,2.43,2.39,2.39,2.42,2.49,2.52,2.55,2.58,2.49,2.53,2.57,2.54,2.51,2.52,2.51,2.48,2.43,2.42,2.50,2.60,2.64,2.65,2.67,2.73,2.81,2.89,2.92,2.95,2.96,2.93,3.16,3.20,3.18,3.17,3.24,3.31,3.15,2.86,2.67,2.61,2.59,2.57,2.53
3.40,3.34,3.32,3.30,3.27,3.28,3.25,3.29,3.37,3.40,3.39,3.37,3.33,3.26,3.14,3.05,3.01,2.99,2.97,2.97,2.96,2.95,2.92,2.84,2.81,2.78,2.77,2.82,2.89,2.91,2.84,2.69,2.61,2.54,2.48,2.45,2.51,2.53,2.53,2.52,2.47,2.57,2.57,2.53,2.52,2.55,2.55,2.55,2.54,2.54,2.49,2.42,2.36,2.31,2.43,2.52,2.60,2.68,2.62,2.55,2.50,2.46,2.43,2.53,2.60,2.65,2.70,2.80,2.91,3.01,3.08,3.09,3.09,3.09,3.08,3.07,3.02,2.97,2.95,2.99,3.10,3.13,3.15,3.15,3.16,3.19,3.19,3.17,3.15,3.14,3.12,3.10,3.10,3.16,3.22,3.34,3.50,3.64,3.90,4.25,3.45,1.12,-0.71,-0.81,-0.60,-0.50,-0.70,-0.56,0.02,1.45,3.82,3.78,3.74,3.70,3.67,3.67,3.59,3.52,3.50,3.52,3.53,3.52,3.48,3.39,3.35,3.38,3.39,3.36,3.33,3.31,3.27,3.23,3.19,3.16,3.13,3.11,3.10,3.11,3.12,3.13,3.16,3.20,3.24,3.20,3.15,3.13,3.15,3.13,3.11,3.09,3.06,3.03,3.01,2.99,2.96,2.94,2.92,2.88,2.83,2.74,2.68,2.64,2.61,2.59,2.60,2.61,2.59,2.51,2.50,2.47,2.44,2.41,2.40,2.40,2.42,2.42,2.33,2.31,2.28,2.25,2.25,2.34,2.36,2.40,2.48,2.64,3.09,3.21,3.17,3.12,3.05,3.13,3.25,3.34,3.33,3.28,3.27,3.30,3.35,3.28,3.23,3.19,3.16,3.09,3.04,2.97,2.91,2.89,2.90,2.89,2.86,2.79,2.53,2.39,2.36,2.41,2.43,2.50,2.51,2.50,2.50,2.47,2.51,2.55,2.55,2.51,2.54,2.54,2.50,2.44,2.43,2.54,2.65,2.69,2.67,2.70,2.74,2.76,2.85,2.88,2.96,3.05,3.10,3.17,3.17,3.16,3.17,3.24,3.33,3.17,2.84,2.61,2.55,2.54,2.56,2.55
3.38,3.36,3.37,3.37,3.35,3.29,3.27,3.25,3.28,3.39,3.40,3.36,3.27,3.15,3.10,3.04,3.02,3.02,3.00,2.99,2.96,2.93,2.88,2.87,2.80,2.78,2.83,2.86,2.93,2.86,2.75,2.68,2.55,2.50,2.48,2.48,2.55,2.54,2.52,2.51,2.50,2.52,2.54,2.53,2.50,2.49,2.48,2.49,2.51,2.51,2.41,2.33,2.31,2.40,2.49,2.57,2.62,2.62,2.54,2.46,2.41,2.41,2.45,2.53,2.61,2.65,2.67,2.73,2.84,2.91,2.93,2.99,2.97,2.98,2.99,2.97,2.87,2.85,2.92,3.06,3.15,3.14,3.14,3.15,3.17,3.19,3.17,3.15,3.17,3.19,3.18,3.17,3.18,3.23,3.24,3.39,3.61,3.76,4.00,4.29,2.70,-0.92,-1.06,-0.91,-0.75,-0.69,-0.90,-0.87,0.30,2.11,3.88,3.84,3.82,3.77,3.69,3.69,3.57,3.49,3.49,3.56,3.54,3.53,3.52,3.48,3.41,3.37,3.38,3.41,3.38,3.36,3.34,3.32,3.26,3.21,3.15,3.12,3.11,3.10,3.10,3.12,3.14,3.10,3.17,3.13,3.09,3.12,3.10,3.10,3.10,3.09,3.04,3.03,3.02,3.00,2.95,2.90,2.88,2.85,2.80,2.76,2.73,2.70,2.67,2.63,2.61,2.58,2.54,2.48,2.44,2.43,2.40,2.36,2.36,2.34,2.31,2.25,2.15,2.22,2.25,2.24,2.22,2.24,2.32,2.37,2.48,2.76,2.90,2.94,2.93,2.91,3.01,3.10,3.20,3.28,3.27,3.24,3.24,3.25,3.23,3.19,3.14,3.11,3.11,3.08,3.04,2.97,2.91,2.90,2.90,2.88,2.84,2.78,2.48,2.30,2.33,2.47,2.44,2.51,2.53,2.48,2.35,2.46,2.51,2.52,2.52,2.53,2.53,2.52,2.52,2.54,2.55,2.59,2.64,2.68,2.67,2.75,2.76,2.71,2.82,2.87,2.98,3.11,3.17,3.17,3.15,3.15,3.19,3.25,3.29,3.10,2.79,2.58,2.55,2.54,2.58,2.65
3.41,3.42,3.43,3.43,3.41,3.37,3.33,3.28,3.24,3.27,3.25,3.24,3.20,3.12,3.09,3.07,3.06,3.04,3.00,2.98,2.95,2.91,2.88,2.88,2.85,2.84,2.86,2.90,2.88,2.78,2.67,2.65,2.52,2.49,2.49,2.50,2.60,2.65,2.62,2.58,2.68,2.64,2.56,2.51,2.51,2.49,2.47,2.46,2.46,2.42,2.36,2.33,2.35,2.43,2.54,2.59,2.59,2.54,2.45,2.38,2.36,2.39,2.45,2.53,2.62,2.67,2.67,2.70,2.78,2.83,2.87,2.91,2.89,2.88,2.88,2.89,2.82,2.85,2.95,3.11,3.16,3.14,3.13,3.15,3.16,3.19,3.16,3.14,3.17,3.20,3.20,3.22,3.28,3.33,3.31,3.44,3.65,3.85,4.05,3.73,1.85,-1.34,-1.20,-1.03,-0.90,-0.85,-0.97,-1.13,1.09,3.52,4.12,3.88,3.82,3.77,3.70,3.64,3.56,3.48,3.46,3.53,3.53,3.54,3.56,3.54,3.45,3.42,3.43,3.45,3.40,3.38,3.37,3.36,3.35,3.26,3.18,3.12,3.10,3.10,3.08,3.10,3.11,3.04,3.13,3.10,3.07,3.14,3.19,3.19,3.17,3.15,3.12,3.11,3.09,3.07,3.01,2.99,2.98,2.96,2.92,2.88,2.78,2.74,2.72,2.67,2.64,2.59,2.56,2.54,2.43,2.47,2.46,2.39,2.33,2.31,2.29,2.24,2.16,2.22,2.24,2.24,2.25,2.30,2.36,2.41,2.50,2.68,2.73,2.76,2.79,2.85,2.98,3.08,3.16,3.21,3.18,3.17,3.21,3.24,3.22,3.19,3.15,3.12,3.10,3.05,3.01,2.95,2.89,2.88,2.87,2.83,2.79,2.75,2.59,2.50,2.50,2.55,2.50,2.51,2.51,2.46,2.38,2.45,2.49,2.51,2.51,2.49,2.48,2.47,2.48,2.50,2.51,2.57,2.63,2.67,2.68,2.74,2.73,2.66,2.75,2.80,2.92,3.06,3.13,3.14,3.13,3.13,3.15,3.19,3.19,3.03,2.78,2.61,2.58,2.57,2.61,2.70
3.45,3.49,3.50,3.48,3.46,3.44,3.40,3.33,3.24,3.16,3.14,3.15,3.15,3.12,3.10,3.10,3.09,3.05,3.00,2.97,2.93,2.90,2.88,2.89,2.91,2.91,2.90,2.91,2.83,2.72,2.62,2.61,2.51,2.50,2.51,2.53,2.65,2.75,2.72,2.67,2.86,2.76,2.61,2.50,2.51,2.50,2.46,2.44,2.42,2.34,2.33,2.35,2.40,2.47,2.57,2.59,2.54,2.46,2.37,2.32,2.33,2.38,2.44,2.53,2.63,2.68,2.67,2.68,2.71,2.77,2.82,2.85,2.82,2.78,2.77,2.81,2.79,2.87,3.01,3.15,3.17,3.14,3.13,3.14,3.16,3.18,3.16,3.14,3.16,3.20,3.21,3.25,3.34,3.39,3.37,3.48,3.69,3.95,4.10,3.16,1.10,-1.48,-1.31,-1.16,-1.06,-1.02,-1.06,-1.24,1.76,4.61,4.29,3.91,3.81,3.77,3.70,3.60,3.55,3.48,3.44,3.51,3.52,3.56,3.59,3.59,3.50,3.47,3.47,3.47,3.41,3.39,3.38,3.38,3.40,3.30,3.19,3.12,3.09,3.09,3.06,3.07,3.07,2.99,3.09,3.06,3.05,3.15,3.26,3.28,3.26,3.23,3.21,3.19,3.17,3.15,3.10,3.10,3.10,3.09,3.07,3.00,2.84,2.78,2.78,2.71,2.69,2.63,2.59,2.60,2.46,2.52,2.54,2.48,2.40,2.37,2.34,2.29,2.21,2.25,2.24,2.25,2.29,2.37,2.40,2.45,2.51,2.60,2.60,2.63,2.69,2.81,2.95,3.06,3.13,3.14,3.10,3.12,3.19,3.24,3.22,3.20,3.17,3.14,3.11,3.04,2.99,2.93,2.88,2.86,2.84,2.79,2.75,2.73,2.70,2.67,2.64,2.59,2.55,2.52,2.49,2.46,2.44,2.45,2.48,2.50,2.50,2.47,2.45,2.45,2.46,2.47,2.47,2.54,2.61,2.64,2.67,2.71,2.69,2.63,2.69,2.74,2.84,2.97,3.07,3.09,3.10,3.10,3.09,3.10,3.07,2.95,2.78,2.64,2.61,2.60,2.62,2.70
3.49,3.56,3.56,3.54,3.52,3.49,3.47,3.42,3.31,3.16,3.20,3.20,3.17,3.12,3.15,3.09,3.08,3.08,2.99,2.97,2.93,2.89,2.86,2.91,2.93,2.95,2.95,2.83,2.82,2.73,2.62,2.57,2.54,2.52,2.53,2.58,2.68,2.72,2.75,2.79,2.93,2.84,2.66,2.52,2.49,2.48,2.44,2.41,2.39,2.33,2.37,2.41,2.45,2.54,2.59,2.55,2.47,2.38,2.30,2.33,2.37,2.41,2.45,2.53,2.62,2.67,2.65,2.63,2.67,2.71,2.76,2.81,2.78,2.69,2.64,2.71,2.74,2.90,3.08,3.21,3.18,3.14,3.13,3.14,3.15,3.17,3.15,3.14,3.16,3.20,3.21,3.25,3.32,3.32,3.36,3.50,3.73,4.06,4.17,2.90,0.71,-1.61,-1.44,-1.32,-1.24,-1.21,-1.24,-1.00,1.88,4.47,4.17,3.90,3.78,3.74,3.72,3.60,3.54,3.47,3.45,3.52,3.54,3.57,3.59,3.59,3.55,3.52,3.48,3.44,3.44,3.41,3.39,3.37,3.33,3.27,3.19,3.11,3.07,3.07,3.05,3.03,3.01,2.97,3.04,3.00,2.99,3.09,3.24,3.31,3.32,3.30,3.30,3.24,3.25,3.26,3.20,3.20,3.20,3.21,3.20,3.09,2.93,2.86,2.84,2.79,2.77,2.70,2.66,2.65,2.57,2.60,2.66,2.71,2.71,2.65,2.54,2.42,2.29,2.27,2.26,2.28,2.33,2.39,2.43,2.46,2.50,2.58,2.59,2.62,2.69,2.77,2.92,3.04,3.10,3.09,3.07,3.13,3.20,3.23,3.20,3.17,3.16,3.17,3.18,3.10,3.01,2.93,2.88,2.88,2.86,2.80,2.75,2.74,2.72,2.65,2.60,2.58,2.56,2.54,2.52,2.49,2.47,2.49,2.50,2.50,2.48,2.47,2.48,2.49,2.49,2.50,2.49,2.52,2.56,2.59,2.61,2.63,2.64,2.64,2.69,2.74,2.78,2.85,2.98,3.02,3.06,3.05,2.99,2.96,2.94,2.88,2.78,2.64,2.61,2.60,2.60,2.58
3.56,3.60,3.61,3.60,3.56,3.51,3.50,3.47,3.38,3.20,3.22,3.20,3.16,3.12,3.12,3.12,3.12,3.10,2.99,2.96,2.93,2.90,2.88,2.89,2.90,2.91,2.88,2.74,2.76,2.71,2.62,2.57,2.53,2.53,2.56,2.62,2.68,2.72,2.78,2.85,2.92,2.83,2.66,2.51,2.47,2.45,2.41,2.37,2.34,2.35,2.41,2.46,2.52,2.59,2.57,2.50,2.41,2.33,2.26,2.33,2.39,2.42,2.45,2.50,2.57,2.61,2.58,2.62,2.65,2.66,2.67,2.70,2.67,2.62,2.60,2.65,2.77,2.95,3.10,3.19,3.18,3.14,3.12,3.13,3.15,3.15,3.14,3.14,3.17,3.21,3.23,3.26,3.29,3.28,3.31,3.46,3.75,4.12,3.64,1.85,-0.21,-1.72,-1.58,-1.50,-1.43,-1.39,-1.42,-0.22,2.36,4.34,4.07,3.85,3.71,3.62,3.57,3.52,3.50,3.48,3.47,3.52,3.53,3.57,3.60,3.59,3.60,3.57,3.51,3.45,3.45,3.44,3.41,3.37,3.32,3.29,3.23,3.16,3.12,3.08,3.06,3.02,2.98,2.94,2.99,2.98,2.98,3.05,3.16,3.22,3.25,3.29,3.32,3.28,3.32,3.35,3.27,3.25,3.21,3.19,3.18,3.08,3.00,2.96,2.93,2.88,2.86,2.80,2.72,2.67,2.67,2.69,2.74,2.81,2.83,2.77,2.65,2.50,2.36,2.31,2.30,2.30,2.33,2.40,2.42,2.42,2.46,2.59,2.60,2.62,2.66,2.73,2.88,2.98,3.03,3.02,2.99,3.10,3.17,3.19,3.18,3.14,3.12,3.17,3.24,3.21,3.13,3.03,2.93,2.86,2.86,2.83,2.80,2.79,2.74,2.67,2.62,2.60,2.59,2.60,2.59,2.56,2.52,2.53,2.53,2.54,2.54,2.55,2.53,2.51,2.51,2.59,2.56,2.57,2.60,2.62,2.63,2.63,2.62,2.62,2.69,2.76,2.79,2.81,2.90,2.94,3.00,3.01,2.93,2.89,2.86,2.81,2.74,2.64,2.60,2.59,2.57,2.53
3.62,3.64,3.66,3.65,3.60,3.53,3.51,3.50,3.43,3.25,3.21,3.18,3.15,3.11,3.06,3.16,3.18,3.11,2.99,2.96,2.94,2.92,2.91,2.86,2.85,2.82,2.76,2.65,2.69,2.67,2.62,2.59,2.50,2.54,2.60,2.64,2.67,2.73,2.81,2.87,2.88,2.78,2.62,2.49,2.46,2.42,2.37,2.32,2.30,2.38,2.45,2.52,2.58,2.62,2.53,2.43,2.35,2.28,2.24,2.32,2.39,2.43,2.45,2.46,2.51,2.54,2.50,2.62,2.64,2.62,2.57,2.55,2.54,2.57,2.61,2.61,2.85,3.00,3.10,3.15,3.17,3.14,3.13,3.13,3.15,3.13,3.13,3.14,3.17,3.21,3.25,3.27,3.27,3.25,3.24,3.40,3.71,4.06,2.79,0.46,-1.35,-1.82,-1.73,-1.67,-1.62,-1.57,-1.59,0.81,3.00,4.21,3.98,3.78,3.60,3.45,3.35,3.40,3.46,3.48,3.49,3.52,3.50,3.55,3.59,3.59,3.62,3.61,3.54,3.47,3.44,3.46,3.43,3.37,3.34,3.33,3.28,3.23,3.18,3.10,3.06,3.02,2.96,2.91,2.95,2.98,2.99,3.02,3.07,3.07,3.13,3.23,3.29,3.32,3.39,3.42,3.33,3.27,3.18,3.11,3.08,3.04,3.06,3.05,3.01,2.97,2.95,2.89,2.79,2.70,2.79,2.78,2.80,2.84,2.84,2.82,2.70,2.55,2.42,2.35,2.33,2.31,2.30,2.39,2.38,2.36,2.40,2.61,2.62,2.61,2.62,2.69,2.84,2.91,2.94,2.94,2.90,3.05,3.11,3.12,3.15,3.10,3.08,3.15,3.28,3.32,3.27,3.15,3.00,2.84,2.86,2.87,2.88,2.87,2.77,2.72,2.68,2.64,2.62,2.67,2.67,2.63,2.58,2.58,2.58,2.59,2.63,2.67,2.60,2.53,2.53,2.70,2.64,2.64,2.68,2.71,2.70,2.66,2.62,2.61,2.69,2.80,2.83,2.82,2.85,2.87,2.94,2.96,2.90,2.87,2.82,2.76,2.70,2.65,2.60,2.58,2.56,2.53
3.63,3.63,3.63,3.62,3.59,3.52,3.52,3.50,3.43,3.27,3.17,3.16,3.14,3.10,3.09,3.09,3.08,3.03,2.96,2.95,2.96,2.96,2.90,2.86,2.82,2.79,2.75,2.72,2.66,2.61,2.59,2.57,2.54,2.58,2.63,2.66,2.68,2.74,2.82,2.86,2.81,2.71,2.59,2.50,2.45,2.39,2.30,2.27,2.32,2.40,2.49,2.56,2.59,2.55,2.46,2.37,2.30,2.27,2.28,2.35,2.40,2.43,2.46,2.48,2.49,2.49,2.49,2.61,2.64,2.61,2.55,2.51,2.53,2.56,2.60,2.68,2.86,3.00,3.10,3.16,3.16,3.13,3.12,3.12,3.14,3.12,3.12,3.14,3.18,3.22,3.25,3.25,3.20,3.12,3.13,3.29,3.30,2.80,1.79,-0.24,-1.71,-1.89,-1.80,-1.76,-1.74,-1.70,-1.60,1.44,3.31,4.00,3.82,3.65,3.50,3.40,3.38,3.43,3.49,3.50,3.47,3.47,3.46,3.46,3.47,3.48,3.50,3.49,3.46,3.40,3.33,3.36,3.36,3.32,3.24,3.28,3.25,3.21,3.17,3.10,3.05,2.97,2.90,2.87,2.90,2.90,2.93,3.00,3.01,3.03,3.08,3.16,3.23,3.31,3.35,3.35,3.31,3.26,3.15,3.08,3.07,3.06,3.04,3.02,2.99,2.96,2.95,2.94,2.90,2.86,2.94,2.91,2.88,2.87,2.84,2.79,2.68,2.56,2.48,2.35,2.29,2.25,2.24,2.26,2.28,2.27,2.30,2.48,2.54,2.55,2.58,2.69,2.81,2.84,2.86,2.87,2.87,2.98,3.00,2.99,3.02,3.02,3.03,3.06,3.10,3.15,3.13,3.07,2.97,2.86,2.87,2.89,2.91,2.90,2.83,2.76,2.71,2.69,2.68,2.71,2.71,2.69,2.67,2.67,2.68,2.68,2.66,2.72,2.67,2.63,2.63,2.72,2.68,2.77,2.85,2.81,2.77,2.73,2.71,2.72,2.75,2.83,2.88,2.90,2.91,2.90,2.91,2.91,2.89,2.91,2.87,2.78,2.69,2.73,2.66,2.61,2.56,2.51
3.64,3.63,3.61,3.58,3.56,3.52,3.50,3.46,3.38,3.25,3.15,3.15,3.14,3.10,3.12,3.05,3.02,3.00,2.94,2.97,3.01,3.01,2.94,2.89,2.83,2.79,2.76,2.76,2.67,2.62,2.60,2.58,2.60,2.62,2.66,2.68,2.70,2.75,2.82,2.84,2.75,2.66,2.56,2.48,2.42,2.34,2.27,2.27,2.36,2.44,2.54,2.58,2.56,2.48,2.38,2.32,2.27,2.26,2.30,2.37,2.41,2.44,2.45,2.47,2.49,2.49,2.49,2.59,2.59,2.55,2.50,2.47,2.52,2.56,2.62,2.73,2.85,2.96,3.07,3.14,3.14,3.13,3.12,3.11,3.13,3.11,3.12,3.15,3.19,3.21,3.24,3.22,3.14,3.05,3.09,3.16,2.92,1.98,1.23,-0.61,-1.92,-1.93,-1.86,-1.84,-1.83,-1.77,-1.60,1.94,3.55,3.83,3.67,3.57,3.47,3.41,3.40,3.42,3.47,3.47,3.44,3.44,3.44,3.43,3.43,3.45,3.46,3.45,3.42,3.38,3.30,3.31,3.31,3.28,3.21,3.23,3.20,3.15,3.11,3.04,2.97,2.91,2.86,2.87,2.89,2.87,2.87,2.91,2.92,2.95,3.00,3.05,3.14,3.23,3.26,3.26,3.26,3.18,3.07,3.00,3.00,3.03,3.01,2.97,2.94,2.94,2.94,2.94,2.94,2.93,3.00,2.95,2.90,2.87,2.84,2.79,2.68,2.57,2.51,2.37,2.29,2.25,2.23,2.20,2.25,2.24,2.25,2.41,2.51,2.52,2.56,2.68,2.76,2.78,2.78,2.80,2.88,2.93,2.94,2.93,2.94,2.94,2.98,3.00,2.99,3.02,3.01,2.98,2.93,2.87,2.86,2.87,2.87,2.87,2.84,2.79,2.76,2.74,2.72,2.73,2.73,2.73,2.72,2.73,2.74,2.73,2.71,2.75,2.73,2.71,2.72,2.77,2.80,2.89,2.94,2.88,2.82,2.79,2.78,2.80,2.81,2.87,2.92,2.95,2.92,2.89,2.87,2.87,2.88,2.93,2.91,2.81,2.72,2.80,2.73,2.68,2.62,2.55
3.67,3.65,3.61,3.56,3.51,3.51,3.46,3.39,3.31,3.19,3.13,3.14,3.15,3.13,3.14,3.05,3.01,3.00,2.94,3.05,3.08,3.08,3.06,2.95,2.88,2.82,2.77,2.75,2.72,2.69,2.66,2.64,2.67,2.67,2.68,2.71,2.72,2.77,2.80,2.79,2.70,2.60,2.50,2.42,2.37,2.26,2.26,2.32,2.42,2.51,2.57,2.56,2.50,2.40,2.32,2.27,2.26,2.26,2.29,2.36,2.42,2.45,2.43,2.43,2.49,2.54,2.50,2.54,2.50,2.44,2.41,2.43,2.51,2.58,2.66,2.75,2.82,2.91,3.01,3.11,3.11,3.12,3.12,3.11,3.13,3.10,3.12,3.15,3.19,3.19,3.21,3.17,3.08,3.06,3.13,3.03,2.58,1.62,1.14,-0.64,-1.95,-1.94,-1.92,-1.91,-1.88,-1.80,-1.57,2.29,3.72,3.70,3.54,3.56,3.54,3.49,3.43,3.37,3.38,3.40,3.42,3.42,3.44,3.45,3.46,3.48,3.51,3.48,3.44,3.40,3.35,3.31,3.27,3.26,3.25,3.18,3.12,3.06,3.00,2.91,2.83,2.81,2.85,2.92,2.93,2.89,2.82,2.75,2.79,2.84,2.87,2.91,2.99,3.08,3.13,3.15,3.17,3.04,2.93,2.88,2.88,2.93,2.95,2.92,2.88,2.91,2.91,2.90,2.90,2.90,2.94,2.88,2.83,2.82,2.85,2.80,2.70,2.58,2.52,2.43,2.35,2.30,2.27,2.23,2.29,2.28,2.26,2.38,2.51,2.53,2.55,2.66,2.70,2.73,2.72,2.72,2.91,2.92,2.93,2.93,2.92,2.88,2.91,2.95,2.96,2.96,2.91,2.88,2.87,2.88,2.85,2.80,2.77,2.78,2.82,2.82,2.81,2.80,2.76,2.73,2.74,2.75,2.72,2.74,2.75,2.77,2.80,2.77,2.78,2.79,2.80,2.85,2.99,3.00,2.96,2.92,2.87,2.83,2.83,2.85,2.85,2.89,2.94,2.95,2.87,2.84,2.84,2.85,2.88,2.93,2.93,2.86,2.79,2.87,2.80,2.78,2.75,2.65
3.66,3.68,3.64,3.57,3.50,3.47,3.38,3.32,3.25,3.13,3.14,3.17,3.18,3.16,3.14,3.03,2.99,3.01,3.00,3.05,3.08,3.09,3.09,3.00,2.93,2.87,2.82,2.78,2.75,2.72,2.69,2.72,2.71,2.72,2.73,2.72,2.72,2.76,2.78,2.75,2.65,2.56,2.47,2.39,2.30,2.25,2.29,2.38,2.48,2.57,2.55,2.49,2.41,2.32,2.22,2.25,2.30,2.32,2.32,2.35,2.39,2.40,2.36,2.43,2.50,2.53,2.49,2.49,2.44,2.39,2.36,2.39,2.47,2.58,2.69,2.73,2.75,2.80,2.88,2.96,3.02,3.08,3.11,3.11,3.11,3.10,3.11,3.13,3.15,3.17,3.17,3.12,3.04,3.02,2.95,2.68,2.17,1.42,0.42,-1.06,-1.99,-1.96,-1.95,-1.94,-1.92,-1.56,-0.29,2.48,3.54,3.56,3.41,3.42,3.41,3.36,3.31,3.35,3.37,3.40,3.44,3.46,3.44,3.45,3.46,3.44,3.46,3.48,3.49,3.48,3.43,3.38,3.34,3.29,3.22,3.14,3.03,2.94,2.88,2.81,2.75,2.75,2.81,2.90,2.90,2.86,2.80,2.74,2.77,2.80,2.83,2.86,2.89,2.96,2.99,3.01,3.02,2.94,2.87,2.82,2.79,2.81,2.81,2.79,2.76,2.79,2.79,2.82,2.83,2.81,2.82,2.81,2.80,2.80,2.80,2.79,2.70,2.59,2.53,2.45,2.40,2.34,2.29,2.27,2.27,2.27,2.31,2.43,2.43,2.47,2.54,2.62,2.67,2.69,2.70,2.75,2.92,2.91,2.90,2.89,2.88,2.84,2.88,2.92,2.92,2.93,2.88,2.86,2.87,2.87,2.82,2.84,2.86,2.86,2.86,2.83,2.82,2.82,2.80,2.76,2.75,2.76,2.74,2.77,2.77,2.78,2.82,2.80,2.82,2.81,2.80,2.90,2.96,2.96,2.93,2.90,2.86,2.85,2.86,2.88,2.86,2.87,2.88,2.88,2.86,2.83,2.82,2.83,2.85,2.91,2.93,2.90,2.87,2.95,2.86,2.86,2.84,2.72
3.64,3.69,3.66,3.59,3.49,3.42,3.31,3.25,3.19,3.11,3.16,3.20,3.21,3.18,3.13,3.02,2.99,3.02,3.05,3.04,3.06,3.08,3.08,3.03,2.97,2.92,2.87,2.81,2.79,2.75,2.74,2.79,2.75,2.77,2.77,2.74,2.74,2.75,2.74,2.70,2.59,2.51,2.43,2.34,2.26,2.27,2.34,2.43,2.53,2.60,2.52,2.42,2.33,2.25,2.18,2.27,2.36,2.38,2.38,2.37,2.37,2.36,2.31,2.42,2.48,2.49,2.46,2.43,2.38,2.34,2.32,2.38,2.47,2.60,2.71,2.71,2.70,2.72,2.77,2.82,2.93,3.01,3.05,3.07,3.07,3.08,3.09,3.11,3.14,3.17,3.13,3.06,2.99,2.97,2.77,2.37,1.84,1.26,-0.36,-1.50,-2.03,-1.98,-1.98,-1.97,-1.94,-1.30,1.12,2.67,3.32,3.40,3.29,3.27,3.25,3.21,3.18,3.29,3.32,3.37,3.43,3.46,3.42,3.42,3.41,3.37,3.38,3.44,3.49,3.50,3.47,3.41,3.36,3.29,3.18,3.09,2.95,2.85,2.80,2.75,2.70,2.71,2.76,2.85,2.85,2.82,2.79,2.77,2.79,2.80,2.81,2.81,2.82,2.85,2.87,2.88,2.88,2.84,2.80,2.76,2.72,2.71,2.71,2.70,2.69,2.71,2.71,2.76,2.78,2.75,2.74,2.75,2.77,2.77,2.76,2.77,2.70,2.60,2.53,2.46,2.42,2.36,2.30,2.28,2.24,2.24,2.31,2.43,2.36,2.43,2.53,2.60,2.66,2.65,2.68,2.76,2.89,2.87,2.86,2.86,2.85,2.82,2.85,2.88,2.88,2.90,2.86,2.86,2.88,2.88,2.81,2.87,2.94,2.93,2.90,2.85,2.83,2.85,2.83,2.79,2.78,2.77,2.76,2.81,2.80,2.80,2.83,2.82,2.85,2.83,2.81,2.94,2.93,2.93,2.92,2.90,2.88,2.89,2.91,2.92,2.88,2.86,2.85,2.85,2.85,2.82,2.82,2.82,2.84,2.89,2.91,2.92,2.94,3.00,2.91,2.93,2.93,2.81
3.61,3.64,3.64,3.59,3.49,3.32,3.28,3.19,3.13,3.19,3.22,3.22,3.22,3.20,3.06,3.03,3.03,3.04,3.08,3.02,3.02,3.03,3.02,3.04,3.00,2.95,2.90,2.86,2.82,2.79,2.79,2.83,2.81,2.82,2.82,2.79,2.78,2.72,2.66,2.61,2.53,2.45,2.35,2.27,2.26,2.31,2.40,2.50,2.57,2.56,2.45,2.35,2.26,2.20,2.30,2.38,2.43,2.47,2.46,2.46,2.43,2.37,2.33,2.39,2.39,2.38,2.37,2.36,2.28,2.26,2.31,2.42,2.56,2.66,2.71,2.73,2.72,2.72,2.73,2.75,2.85,2.87,2.90,2.95,3.01,3.01,3.05,3.11,3.18,3.18,3.11,2.99,2.88,2.88,2.67,2.25,1.72,1.16,-1.07,-1.89,-2.03,-1.99,-1.99,-1.98,-1.96,-1.06,2.44,2.93,3.10,3.16,3.16,3.14,3.09,3.06,3.07,3.15,3.20,3.24,3.28,3.31,3.35,3.32,3.27,3.24,3.28,3.32,3.34,3.35,3.41,3.33,3.26,3.20,3.14,3.01,2.94,2.88,2.83,2.78,2.74,2.69,2.67,2.77,2.79,2.79,2.80,2.85,2.85,2.83,2.80,2.77,2.78,2.79,2.81,2.81,2.77,2.73,2.70,2.69,2.69,2.70,2.72,2.73,2.74,2.75,2.76,2.77,2.77,2.75,2.76,2.75,2.74,2.74,2.74,2.73,2.68,2.60,2.53,2.45,2.38,2.32,2.26,2.23,2.19,2.17,2.18,2.25,2.33,2.44,2.54,2.60,2.65,2.64,2.62,2.64,2.75,2.79,2.81,2.82,2.83,2.80,2.84,2.85,2.83,2.86,2.85,2.86,2.90,2.90,2.85,2.88,2.92,2.92,2.91,2.87,2.87,2.89,2.84,2.83,2.81,2.79,2.79,2.86,2.85,2.83,2.84,2.83,2.88,2.87,2.86,2.96,2.98,3.02,3.03,3.00,2.95,2.98,3.02,3.02,2.95,2.91,2.92,2.93,2.87,2.82,2.83,2.86,2.88,2.85,2.84,2.89,2.95,2.95,2.92,2.95,2.97,2.94
3.57,3.57,3.58,3.54,3.44,3.29,3.20,3.14,3.14,3.22,3.21,3.20,3.18,3.15,3.06,3.06,3.06,3.07,3.10,3.06,3.03,3.00,2.98,2.99,2.99,2.97,2.92,2.85,2.84,2.82,2.82,2.85,2.85,2.84,2.82,2.78,2.74,2.67,2.60,2.54,2.46,2.36,2.28,2.25,2.29,2.37,2.46,2.52,2.54,2.48,2.38,2.28,2.23,2.26,2.37,2.44,2.49,2.54,2.54,2.52,2.47,2.40,2.34,2.39,2.40,2.37,2.34,2.35,2.30,2.28,2.30,2.40,2.55,2.65,2.70,2.71,2.67,2.67,2.69,2.73,2.79,2.82,2.83,2.86,2.88,2.92,2.99,3.05,3.09,3.10,3.05,2.96,2.85,2.81,2.71,2.29,1.68,1.07,-1.33,-2.02,-2.03,-2.03,-2.00,-1.98,-1.64,-0.41,2.74,2.89,2.94,3.00,3.03,3.03,2.99,2.98,3.03,3.07,3.11,3.14,3.15,3.17,3.21,3.22,3.19,3.15,3.20,3.21,3.19,3.19,3.31,3.24,3.16,3.09,3.04,2.92,2.88,2.86,2.81,2.77,2.75,2.67,2.62,2.72,2.72,2.75,2.81,2.85,2.84,2.86,2.85,2.82,2.84,2.82,2.80,2.79,2.78,2.73,2.71,2.72,2.74,2.76,2.77,2.79,2.80,2.79,2.81,2.81,2.79,2.76,2.78,2.73,2.71,2.71,2.70,2.67,2.61,2.54,2.47,2.41,2.35,2.30,2.25,2.20,2.16,2.13,2.14,2.21,2.34,2.45,2.54,2.58,2.61,2.59,2.57,2.57,2.63,2.68,2.71,2.72,2.73,2.73,2.75,2.76,2.74,2.76,2.75,2.77,2.82,2.87,2.83,2.83,2.86,2.89,2.89,2.87,2.86,2.87,2.84,2.84,2.83,2.81,2.80,2.85,2.85,2.84,2.85,2.86,2.90,2.90,2.89,2.99,3.04,3.09,3.09,3.02,2.95,2.98,3.02,3.03,3.00,2.97,2.98,2.98,2.91,2.84,2.85,2.90,2.93,2.88,2.86,2.90,2.95,2.95,2.95,2.97,2.99,2.99
3.53,3.50,3.50,3.46,3.37,3.27,3.11,3.10,3.16,3.23,3.19,3.16,3.12,3.08,3.09,3.09,3.10,3.11,3.12,3.13,3.05,2.98,2.96,2.93,2.96,2.98,2.93,2.82,2.85,2.84,2.83,2.86,2.89,2.85,2.79,2.73,2.67,2.62,2.55,2.47,2.39,2.28,2.23,2.25,2.33,2.43,2.51,2.52,2.47,2.38,2.31,2.23,2.22,2.36,2.41,2.48,2.55,2.60,2.61,2.57,2.50,2.42,2.33,2.41,2.44,2.41,2.33,2.35,2.36,2.33,2.29,2.37,2.48,2.58,2.66,2.67,2.60,2.59,2.64,2.71,2.75,2.79,2.80,2.78,2.74,2.82,2.92,2.97,2.96,2.98,2.99,2.94,2.85,2.77,2.81,2.42,1.73,0.98,-1.38,-2.03,-2.04,-2.06,-2.01,-1.98,-1.21,0.39,2.62,2.75,2.81,2.87,2.90,2.93,2.90,2.93,3.00,3.02,3.04,3.05,3.05,3.03,3.06,3.11,3.11,3.05,3.12,3.09,3.04,3.03,3.18,3.14,3.06,2.97,2.91,2.83,2.81,2.80,2.77,2.75,2.75,2.66,2.59,2.68,2.64,2.73,2.82,2.82,2.80,2.87,2.91,2.91,2.94,2.88,2.82,2.79,2.82,2.77,2.75,2.77,2.81,2.83,2.83,2.85,2.87,2.83,2.86,2.84,2.81,2.78,2.79,2.73,2.69,2.69,2.66,2.61,2.53,2.45,2.40,2.37,2.34,2.30,2.25,2.18,2.14,2.13,2.15,2.23,2.36,2.46,2.53,2.55,2.54,2.53,2.52,2.52,2.53,2.56,2.59,2.61,2.61,2.65,2.65,2.64,2.63,2.64,2.64,2.66,2.72,2.82,2.78,2.76,2.79,2.85,2.83,2.84,2.84,2.83,2.82,2.83,2.83,2.82,2.79,2.80,2.82,2.84,2.84,2.87,2.89,2.89,2.90,3.01,3.08,3.12,3.11,3.00,2.92,2.93,2.97,3.00,3.03,3.02,3.02,3.00,2.95,2.86,2.87,2.93,2.99,2.94,2.92,2.93,2.95,2.96,2.98,2.99,3.00,3.00
3.50,3.48,3.43,3.37,3.29,3.16,3.11,3.13,3.18,3.20,3.17,3.14,3.12,3.10,3.09,3.11,3.12,3.12,3.12,3.12,3.08,3.04,3.02,2.95,2.97,2.97,2.92,2.85,2.87,2.85,2.85,2.88,2.86,2.83,2.76,2.68,2.60,2.54,2.48,2.41,2.33,2.26,2.26,2.31,2.39,2.47,2.50,2.48,2.41,2.33,2.29,2.28,2.32,2.38,2.45,2.56,2.63,2.64,2.66,2.62,2.50,2.35,2.26,2.40,2.44,2.41,2.34,2.34,2.29,2.26,2.26,2.31,2.34,2.38,2.46,2.57,2.52,2.52,2.56,2.62,2.70,2.74,2.75,2.74,2.71,2.76,2.83,2.88,2.90,2.92,2.95,2.91,2.82,2.75,2.81,2.73,2.19,0.86,-1.45,-2.06,-2.03,-2.03,-2.02,-1.98,-0.98,0.83,2.72,2.78,2.77,2.79,2.82,2.84,2.83,2.86,2.93,2.93,2.94,2.96,2.97,2.98,2.98,2.97,2.94,2.92,2.99,2.96,2.91,2.88,2.92,2.96,2.89,2.80,2.76,2.77,2.79,2.77,2.72,2.75,2.73,2.65,2.59,2.63,2.60,2.71,2.80,2.81,2.88,2.89,2.91,2.93,2.93,2.85,2.78,2.75,2.80,2.73,2.72,2.75,2.79,2.81,2.83,2.85,2.87,2.86,2.88,2.83,2.80,2.83,2.82,2.78,2.72,2.65,2.59,2.59,2.55,2.48,2.43,2.42,2.40,2.31,2.19,2.18,2.20,2.19,2.18,2.21,2.32,2.42,2.47,2.47,2.42,2.37,2.36,2.40,2.48,2.48,2.51,2.56,2.58,2.63,2.65,2.65,2.65,2.67,2.65,2.68,2.73,2.78,2.76,2.75,2.74,2.75,2.74,2.74,2.74,2.74,2.75,2.72,2.72,2.71,2.69,2.68,2.70,2.71,2.72,2.77,2.77,2.76,2.77,2.81,2.87,2.92,2.93,2.90,2.89,2.87,2.90,2.97,3.00,2.99,2.98,2.97,2.94,2.87,2.88,2.94,3.02,3.00,2.98,2.96,2.96,2.97,2.99,3.00,2.99,2.96
3.47,3.43,3.36,3.29,3.22,3.10,3.08,3.12,3.16,3.19,3.16,3.14,3.12,3.10,3.07,3.10,3.11,3.11,3.10,3.09,3.07,3.05,3.03,2.95,2.97,2.95,2.89,2.82,2.84,2.82,2.81,2.86,2.81,2.78,2.73,2.64,2.56,2.49,2.43,2.37,2.29,2.27,2.30,2.36,2.43,2.49,2.49,2.43,2.35,2.26,2.28,2.33,2.38,2.41,2.50,2.61,2.68,2.70,2.71,2.68,2.57,2.41,2.28,2.38,2.42,2.40,2.36,2.35,2.32,2.31,2.31,2.30,2.26,2.27,2.33,2.42,2.39,2.41,2.46,2.53,2.61,2.66,2.68,2.68,2.67,2.72,2.77,2.82,2.87,2.90,2.91,2.87,2.78,2.72,2.76,2.84,2.24,0.12,-1.61,-2.06,-2.03,-2.03,-2.03,-1.96,-0.63,1.49,2.78,2.78,2.74,2.74,2.78,2.82,2.81,2.83,2.88,2.89,2.89,2.90,2.90,2.90,2.89,2.86,2.82,2.78,2.86,2.85,2.81,2.77,2.76,2.81,2.77,2.71,2.68,2.73,2.76,2.75,2.72,2.75,2.68,2.62,2.59,2.58,2.59,2.69,2.78,2.82,2.90,2.88,2.89,2.91,2.88,2.81,2.74,2.71,2.75,2.71,2.70,2.73,2.78,2.81,2.83,2.85,2.86,2.86,2.88,2.83,2.82,2.89,2.89,2.84,2.74,2.61,2.53,2.55,2.52,2.47,2.41,2.41,2.39,2.32,2.21,2.20,2.26,2.26,2.22,2.22,2.31,2.38,2.41,2.39,2.33,2.32,2.35,2.42,2.52,2.51,2.54,2.58,2.58,2.62,2.67,2.69,2.70,2.73,2.70,2.69,2.71,2.73,2.76,2.77,2.75,2.72,2.73,2.73,2.73,2.71,2.72,2.66,2.65,2.65,2.64,2.63,2.64,2.66,2.67,2.73,2.72,2.70,2.69,2.70,2.75,2.79,2.81,2.82,2.84,2.81,2.83,2.89,2.91,2.91,2.90,2.91,2.92,2.90,2.90,2.94,2.97,2.96,2.94,2.93,2.93,2.94,2.96,2.96,2.95,2.93
3.43,3.37,3.28,3.21,3.16,3.07,3.03,3.06,3.12,3.18,3.17,3.16,3.13,3.07,3.05,3.07,3.07,3.06,3.05,3.05,3.03,3.02,3.01,2.95,2.95,2.93,2.85,2.75,2.77,2.74,2.72,2.79,2.74,2.70,2.67,2.63,2.53,2.47,2.40,2.34,2.27,2.30,2.34,2.40,2.47,2.49,2.45,2.38,2.28,2.18,2.29,2.37,2.41,2.46,2.55,2.64,2.73,2.80,2.75,2.75,2.71,2.59,2.39,2.35,2.37,2.39,2.40,2.38,2.43,2.46,2.45,2.33,2.25,2.26,2.29,2.22,2.22,2.28,2.35,2.42,2.48,2.57,2.61,2.61,2.62,2.68,2.73,2.79,2.87,2.91,2.87,2.81,2.75,2.66,2.66,2.76,1.90,-1.21,-1.88,-2.04,-2.03,-2.04,-2.03,-1.92,-0.14,2.35,2.81,2.75,2.73,2.74,2.77,2.84,2.85,2.85,2.87,2.90,2.89,2.86,2.84,2.81,2.80,2.79,2.73,2.64,2.73,2.74,2.72,2.69,2.70,2.69,2.69,2.69,2.67,2.71,2.73,2.75,2.77,2.77,2.61,2.56,2.57,2.52,2.62,2.69,2.76,2.84,2.87,2.85,2.85,2.85,2.80,2.77,2.70,2.66,2.69,2.70,2.69,2.71,2.76,2.82,2.84,2.84,2.85,2.83,2.86,2.84,2.86,2.96,2.97,2.89,2.74,2.56,2.48,2.49,2.47,2.42,2.36,2.35,2.34,2.34,2.31,2.24,2.31,2.32,2.28,2.25,2.31,2.34,2.34,2.31,2.26,2.36,2.48,2.57,2.64,2.65,2.66,2.64,2.59,2.64,2.72,2.77,2.79,2.81,2.77,2.71,2.65,2.68,2.78,2.82,2.80,2.77,2.78,2.80,2.78,2.74,2.74,2.64,2.62,2.64,2.65,2.63,2.65,2.67,2.69,2.73,2.72,2.69,2.68,2.69,2.72,2.74,2.75,2.76,2.76,2.76,2.76,2.78,2.77,2.79,2.79,2.81,2.89,2.93,2.95,2.92,2.86,2.83,2.83,2.84,2.87,2.87,2.90,2.89,2.89,2.93
3.38,3.28,3.24,3.19,3.13,3.05,3.01,3.02,3.07,3.13,3.15,3.16,3.15,3.12,3.11,3.09,3.06,3.03,3.02,3.01,3.00,2.99,2.97,2.94,2.91,2.86,2.79,2.65,2.66,2.65,2.66,2.69,2.67,2.65,2.62,2.58,2.52,2.44,2.35,2.28,2.30,2.34,2.40,2.45,2.47,2.44,2.39,2.32,2.25,2.23,2.33,2.43,2.50,2.57,2.64,2.72,2.79,2.81,2.79,2.74,2.69,2.61,2.48,2.42,2.41,2.41,2.40,2.47,2.54,2.57,2.55,2.45,2.30,2.27,2.28,2.21,2.22,2.22,2.24,2.27,2.37,2.46,2.52,2.58,2.64,2.71,2.74,2.78,2.88,2.95,2.92,2.86,2.79,2.69,2.66,2.27,0.99,-1.68,-1.98,-2.06,-2.06,-2.04,-2.00,-1.40,0.46,2.62,2.76,2.74,2.73,2.73,2.74,2.79,2.82,2.85,2.89,2.88,2.87,2.86,2.84,2.79,2.77,2.76,2.73,2.66,2.67,2.65,2.62,2.60,2.60,2.60,2.61,2.64,2.68,2.70,2.72,2.73,2.74,2.69,2.60,2.57,2.56,2.47,2.58,2.64,2.70,2.77,2.80,2.79,2.78,2.78,2.72,2.69,2.66,2.65,2.65,2.63,2.63,2.66,2.71,2.77,2.81,2.83,2.84,2.80,2.80,2.83,2.91,3.03,3.03,2.92,2.73,2.52,2.42,2.40,2.37,2.35,2.34,2.33,2.33,2.33,2.32,2.27,2.31,2.29,2.21,2.19,2.31,2.34,2.32,2.26,2.28,2.38,2.51,2.61,2.66,2.67,2.69,2.70,2.68,2.71,2.76,2.77,2.76,2.80,2.78,2.71,2.66,2.75,2.81,2.82,2.81,2.81,2.86,2.86,2.84,2.81,2.84,2.80,2.79,2.79,2.81,2.81,2.78,2.75,2.76,2.74,2.72,2.73,2.74,2.73,2.76,2.77,2.77,2.76,2.77,2.79,2.81,2.81,2.78,2.78,2.78,2.81,2.90,2.93,2.92,2.89,2.86,2.85,2.86,2.87,2.88,2.87,2.88,2.87,2.87,2.89
3.35,3.23,3.19,3.17,3.12,3.06,3.01,3.01,3.05,3.11,3.15,3.16,3.16,3.16,3.16,3.11,3.06,3.01,2.98,2.97,2.97,2.96,2.93,2.92,2.87,2.82,2.75,2.60,2.58,2.58,2.59,2.59,2.59,2.59,2.56,2.52,2.49,2.40,2.31,2.27,2.34,2.39,2.45,2.48,2.46,2.39,2.32,2.27,2.25,2.30,2.39,2.49,2.59,2.67,2.73,2.81,2.84,2.82,2.81,2.73,2.66,2.60,2.53,2.48,2.46,2.43,2.39,2.53,2.63,2.66,2.62,2.52,2.35,2.30,2.30,2.25,2.26,2.22,2.19,2.17,2.28,2.36,2.44,2.53,2.64,2.71,2.75,2.80,2.90,2.98,2.97,2.91,2.83,2.76,2.62,1.87,0.34,-1.97,-2.04,-2.07,-2.07,-2.03,-1.98,-0.88,0.99,2.76,2.72,2.73,2.74,2.73,2.72,2.76,2.80,2.86,2.90,2.87,2.86,2.85,2.83,2.78,2.76,2.76,2.73,2.67,2.62,2.59,2.56,2.53,2.53,2.54,2.55,2.59,2.67,2.69,2.71,2.72,2.71,2.62,2.59,2.57,2.55,2.48,2.57,2.61,2.65,2.69,2.72,2.71,2.70,2.70,2.65,2.62,2.62,2.62,2.60,2.55,2.57,2.61,2.65,2.71,2.77,2.80,2.81,2.78,2.75,2.82,2.94,3.04,3.03,2.89,2.68,2.46,2.36,2.32,2.30,2.30,2.31,2.32,2.32,2.32,2.31,2.30,2.30,2.24,2.16,2.17,2.30,2.33,2.29,2.20,2.28,2.39,2.50,2.60,2.63,2.66,2.70,2.73,2.74,2.77,2.77,2.75,2.74,2.77,2.74,2.68,2.66,2.79,2.82,2.81,2.81,2.85,2.92,2.91,2.88,2.88,2.94,2.94,2.93,2.92,2.93,2.93,2.87,2.81,2.79,2.74,2.74,2.77,2.81,2.80,2.83,2.84,2.83,2.82,2.83,2.89,2.93,2.93,2.91,2.89,2.86,2.86,2.91,2.92,2.91,2.90,2.91,2.90,2.92,2.92,2.90,2.89,2.89,2.89,2.89,2.88
3.32,3.23,3.16,3.14,3.15,3.12,3.05,3.04,3.08,3.13,3.19,3.16,3.14,3.17,3.18,3.12,3.06,3.01,2.97,2.94,2.93,2.92,2.92,2.88,2.87,2.85,2.78,2.67,2.59,2.55,2.53,2.50,2.52,2.51,2.49,2.46,2.42,2.31,2.29,2.35,2.40,2.44,2.49,2.49,2.41,2.33,2.24,2.22,2.30,2.42,2.48,2.57,2.67,2.75,2.83,2.89,2.89,2.83,2.79,2.72,2.64,2.57,2.49,2.50,2.47,2.43,2.40,2.51,2.65,2.69,2.61,2.49,2.41,2.36,2.35,2.36,2.35,2.33,2.26,2.17,2.26,2.30,2.36,2.46,2.60,2.65,2.75,2.87,2.98,2.98,2.98,2.94,2.87,2.88,2.48,1.73,0.33,-2.04,-2.08,-2.06,-2.03,-2.00,-1.97,-0.46,1.33,2.70,2.73,2.73,2.74,2.74,2.73,2.80,2.81,2.84,2.89,2.86,2.86,2.83,2.79,2.77,2.77,2.79,2.75,2.62,2.61,2.59,2.55,2.51,2.50,2.55,2.54,2.56,2.65,2.68,2.71,2.72,2.69,2.57,2.57,2.55,2.55,2.61,2.62,2.62,2.63,2.63,2.61,2.61,2.61,2.61,2.59,2.57,2.57,2.56,2.53,2.49,2.51,2.56,2.61,2.67,2.71,2.71,2.72,2.78,2.73,2.81,2.91,2.96,2.90,2.74,2.56,2.39,2.29,2.28,2.29,2.29,2.30,2.31,2.31,2.30,2.30,2.31,2.25,2.18,2.15,2.22,2.28,2.29,2.23,2.13,2.27,2.39,2.45,2.48,2.54,2.60,2.66,2.71,2.75,2.79,2.74,2.72,2.76,2.74,2.63,2.59,2.64,2.78,2.79,2.78,2.79,2.87,2.94,2.92,2.90,2.91,3.00,3.01,2.97,2.94,2.94,2.93,2.85,2.79,2.76,2.74,2.78,2.84,2.90,2.92,2.94,2.95,2.96,2.99,2.97,3.12,3.22,3.24,3.24,3.25,3.14,2.99,2.93,2.92,2.95,2.99,3.02,3.01,3.00,2.98,2.96,2.95,2.96,2.95,2.94,2.94
3.27,3.15,3.10,3.10,3.13,3.11,3.08,3.09,3.12,3.15,3.21,3.19,3.16,3.16,3.20,3.14,3.07,3.02,2.96,2.94,2.90,2.87,2.88,2.86,2.85,2.84,2.80,2.71,2.63,2.58,2.54,2.45,2.45,2.42,2.41,2.41,2.34,2.31,2.33,2.39,2.44,2.46,2.48,2.46,2.38,2.29,2.23,2.26,2.37,2.50,2.57,2.65,2.73,2.82,2.91,2.93,2.90,2.83,2.77,2.70,2.64,2.58,2.51,2.51,2.50,2.48,2.45,2.47,2.60,2.65,2.58,2.51,2.44,2.42,2.43,2.45,2.46,2.46,2.39,2.28,2.26,2.28,2.33,2.40,2.50,2.55,2.66,2.81,2.97,2.97,2.98,2.99,3.01,3.05,2.30,0.90,-0.74,-2.07,-2.08,-2.05,-2.02,-2.00,-1.97,-0.12,1.64,2.68,2.70,2.73,2.74,2.74,2.72,2.79,2.79,2.82,2.88,2.85,2.86,2.83,2.78,2.73,2.71,2.74,2.72,2.61,2.60,2.58,2.56,2.52,2.50,2.53,2.53,2.56,2.65,2.67,2.70,2.70,2.65,2.51,2.54,2.53,2.51,2.62,2.61,2.60,2.60,2.61,2.60,2.60,2.60,2.60,2.59,2.55,2.52,2.50,2.50,2.48,2.51,2.55,2.56,2.60,2.65,2.66,2.67,2.73,2.73,2.82,2.89,2.87,2.77,2.62,2.48,2.36,2.25,2.25,2.25,2.25,2.25,2.29,2.29,2.29,2.30,2.32,2.22,2.16,2.18,2.24,2.28,2.26,2.21,2.16,2.29,2.36,2.40,2.43,2.47,2.56,2.63,2.68,2.71,2.76,2.72,2.68,2.67,2.67,2.59,2.58,2.64,2.74,2.76,2.77,2.80,2.90,2.93,2.93,2.93,2.95,3.03,3.02,3.00,2.97,2.95,2.91,2.85,2.78,2.73,2.74,2.80,2.87,2.93,2.96,2.99,3.00,3.03,3.10,3.20,3.28,3.32,3.31,3.31,3.33,3.18,2.98,2.93,2.91,2.95,2.98,3.01,3.01,3.00,3.00,3.00,3.00,3.00,3.00,3.00,3.01
3.21,3.06,3.05,3.07,3.09,3.09,3.10,3.12,3.15,3.17,3.21,3.21,3.18,3.14,3.21,3.16,3.09,3.02,2.96,2.93,2.88,2.84,2.83,2.84,2.83,2.82,2.80,2.74,2.67,2.62,2.56,2.44,2.40,2.34,2.33,2.37,2.29,2.33,2.38,2.41,2.45,2.45,2.45,2.42,2.35,2.26,2.25,2.32,2.44,2.56,2.64,2.71,2.78,2.88,2.97,2.95,2.90,2.82,2.75,2.68,2.63,2.60,2.54,2.52,2.54,2.55,2.52,2.45,2.54,2.59,2.56,2.56,2.48,2.48,2.52,2.54,2.58,2.59,2.54,2.42,2.27,2.28,2.33,2.38,2.41,2.44,2.55,2.72,2.93,2.96,2.99,3.06,3.16,3.24,2.12,-0.05,-1.99,-2.09,-2.06,-2.04,-2.02,-2.00,-1.90,0.25,1.95,2.69,2.68,2.72,2.74,2.73,2.70,2.76,2.76,2.79,2.86,2.84,2.85,2.82,2.76,2.69,2.65,2.68,2.68,2.62,2.59,2.58,2.57,2.55,2.51,2.50,2.52,2.58,2.66,2.66,2.68,2.67,2.61,2.47,2.51,2.50,2.48,2.59,2.58,2.57,2.57,2.60,2.63,2.62,2.61,2.61,2.61,2.54,2.47,2.45,2.49,2.49,2.54,2.55,2.52,2.54,2.60,2.63,2.64,2.67,2.73,2.82,2.86,2.79,2.65,2.51,2.41,2.33,2.23,2.22,2.21,2.19,2.20,2.26,2.27,2.28,2.29,2.32,2.19,2.15,2.20,2.25,2.28,2.24,2.19,2.21,2.31,2.33,2.36,2.39,2.41,2.52,2.61,2.66,2.66,2.72,2.71,2.64,2.56,2.58,2.58,2.60,2.64,2.70,2.74,2.76,2.82,2.92,2.91,2.92,2.95,2.98,3.03,3.01,3.01,3.01,2.96,2.90,2.84,2.77,2.70,2.74,2.80,2.88,2.95,2.98,3.00,3.02,3.08,3.19,3.41,3.41,3.36,3.31,3.29,3.30,3.12,2.92,2.92,2.91,2.93,2.94,2.95,2.97,2.98,3.00,3.02,3.05,3.03,3.03,3.04,3.07
3.13,3.08,3.08,3.08,3.09,3.08,3.06,3.10,3.16,3.18,3.18,3.18,3.17,3.16,3.24,3.18,3.11,3.04,2.97,2.91,2.86,2.83,2.82,2.81,2.81,2.79,2.76,2.69,2.65,2.61,2.56,2.48,2.35,2.33,2.35,2.36,2.34,2.38,2.38,2.36,2.39,2.41,2.41,2.38,2.31,2.27,2.31,2.39,2.48,2.61,2.70,2.78,2.86,2.95,2.98,2.94,2.87,2.80,2.73,2.65,2.61,2.59,2.54,2.61,2.67,2.68,2.63,2.56,2.57,2.59,2.61,2.62,2.58,2.59,2.64,2.71,2.76,2.73,2.63,2.49,2.32,2.37,2.45,2.50,2.49,2.48,2.56,2.70,2.86,3.02,3.06,3.12,3.24,3.46,2.01,-0.21,-2.03,-2.08,-2.04,-2.03,-2.02,-1.93,-1.38,1.02,2.47,2.72,2.71,2.71,2.72,2.73,2.73,2.74,2.74,2.78,2.85,2.81,2.77,2.75,2.73,2.70,2.70,2.69,2.66,2.62,2.60,2.58,2.56,2.55,2.52,2.49,2.53,2.61,2.69,2.68,2.67,2.63,2.56,2.53,2.51,2.48,2.49,2.60,2.58,2.58,2.58,2.58,2.61,2.59,2.56,2.56,2.57,2.53,2.48,2.46,2.52,2.53,2.57,2.56,2.51,2.54,2.60,2.63,2.63,2.62,2.65,2.67,2.67,2.65,2.58,2.47,2.37,2.29,2.21,2.18,2.18,2.19,2.20,2.22,2.24,2.25,2.27,2.27,2.13,2.12,2.20,2.25,2.26,2.22,2.18,2.16,2.27,2.30,2.33,2.36,2.36,2.50,2.61,2.67,2.70,2.66,2.65,2.61,2.55,2.52,2.55,2.61,2.70,2.80,2.81,2.79,2.80,2.85,2.86,2.89,2.92,2.93,2.94,2.97,3.01,3.04,2.99,2.91,2.83,2.76,2.70,2.73,2.80,2.89,2.97,3.01,2.97,3.02,3.11,3.22,3.37,3.39,3.37,3.33,3.28,3.17,3.00,2.87,2.87,2.91,2.94,2.95,2.93,2.91,2.97,3.00,3.00,3.05,3.03,3.00,3.01,3.07
3.08,3.09,3.09,3.10,3.10,3.09,3.09,3.12,3.14,3.14,3.12,3.13,3.15,3.17,3.23,3.19,3.12,3.04,2.95,2.90,2.86,2.83,2.80,2.79,2.79,2.78,2.75,2.68,2.63,2.58,2.53,2.48,2.36,2.35,2.36,2.37,2.39,2.32,2.28,2.28,2.31,2.38,2.39,2.34,2.27,2.30,2.36,2.44,2.53,2.65,2.75,2.84,2.92,2.99,2.97,2.91,2.83,2.75,2.70,2.64,2.61,2.60,2.59,2.67,2.75,2.78,2.73,2.66,2.61,2.61,2.65,2.65,2.65,2.67,2.71,2.77,2.80,2.77,2.69,2.58,2.45,2.52,2.62,2.66,2.57,2.55,2.62,2.71,2.80,3.06,3.16,3.24,3.39,3.66,1.83,-0.40,-2.03,-2.07,-2.01,-2.01,-2.01,-1.84,-0.76,1.46,2.66,2.76,2.75,2.74,2.73,2.74,2.77,2.74,2.75,2.81,2.86,2.82,2.77,2.74,2.72,2.70,2.68,2.66,2.64,2.61,2.59,2.56,2.54,2.53,2.51,2.51,2.56,2.64,2.72,2.70,2.67,2.60,2.52,2.54,2.50,2.50,2.54,2.60,2.58,2.60,2.60,2.59,2.61,2.55,2.50,2.49,2.50,2.48,2.45,2.45,2.52,2.55,2.58,2.57,2.52,2.53,2.59,2.62,2.61,2.58,2.59,2.58,2.55,2.50,2.48,2.39,2.30,2.23,2.20,2.16,2.16,2.19,2.20,2.21,2.22,2.24,2.25,2.21,2.09,2.10,2.19,2.23,2.21,2.19,2.15,2.12,2.21,2.24,2.26,2.28,2.32,2.45,2.54,2.61,2.65,2.61,2.61,2.61,2.55,2.47,2.50,2.59,2.71,2.81,2.84,2.82,2.81,2.84,2.89,2.89,2.89,2.88,2.84,2.90,2.97,2.99,2.95,2.87,2.80,2.74,2.69,2.73,2.81,2.89,2.97,3.01,2.95,3.00,3.07,3.12,3.27,3.38,3.38,3.32,3.31,3.10,2.93,2.84,2.84,2.89,2.93,2.94,2.92,2.90,2.94,2.98,3.02,3.05,3.04,3.00,3.00,3.06
3.06,3.09,3.10,3.12,3.14,3.14,3.19,3.16,3.09,3.05,3.06,3.09,3.13,3.18,3.18,3.17,3.11,3.02,2.92,2.90,2.86,2.81,2.76,2.79,2.78,2.77,2.75,2.71,2.60,2.53,2.49,2.44,2.41,2.37,2.37,2.40,2.42,2.18,2.11,2.18,2.21,2.38,2.37,2.29,2.24,2.36,2.41,2.47,2.58,2.67,2.80,2.89,2.96,3.01,2.94,2.87,2.78,2.69,2.64,2.64,2.63,2.63,2.69,2.71,2.79,2.84,2.80,2.75,2.68,2.66,2.69,2.66,2.70,2.73,2.74,2.74,2.72,2.72,2.72,2.68,2.65,2.72,2.81,2.85,2.66,2.65,2.71,2.76,2.76,3.09,3.28,3.42,3.57,3.85,1.58,-0.62,-2.00,-2.04,-1.98,-1.99,-1.99,-1.73,-0.05,1.64,2.58,2.80,2.81,2.80,2.75,2.74,2.81,2.77,2.79,2.85,2.90,2.84,2.83,2.80,2.74,2.69,2.61,2.60,2.61,2.59,2.56,2.53,2.51,2.50,2.50,2.55,2.59,2.66,2.75,2.74,2.69,2.59,2.49,2.51,2.50,2.55,2.62,2.60,2.58,2.61,2.64,2.63,2.64,2.51,2.43,2.41,2.40,2.39,2.38,2.41,2.50,2.56,2.58,2.58,2.56,2.49,2.56,2.59,2.57,2.55,2.55,2.54,2.47,2.35,2.35,2.30,2.23,2.17,2.19,2.15,2.16,2.19,2.21,2.22,2.23,2.24,2.23,2.13,2.06,2.11,2.19,2.19,2.16,2.14,2.11,2.09,2.14,2.14,2.14,2.18,2.29,2.38,2.43,2.48,2.54,2.56,2.60,2.62,2.57,2.42,2.44,2.55,2.70,2.77,2.83,2.86,2.87,2.86,2.97,2.92,2.86,2.82,2.73,2.81,2.88,2.90,2.84,2.78,2.75,2.71,2.67,2.75,2.81,2.88,2.95,2.98,2.93,2.96,2.97,2.92,3.12,3.36,3.39,3.26,3.36,3.08,2.90,2.84,2.81,2.87,2.90,2.92,2.92,2.93,2.90,2.96,3.06,3.04,3.05,3.02,3.00,3.04
3.08,3.12,3.11,3.12,3.15,3.18,3.19,3.18,3.14,3.09,3.07,3.07,3.11,3.18,3.15,3.13,3.06,2.97,2.93,2.87,2.86,2.84,2.80,2.73,2.75,2.74,2.71,2.66,2.58,2.50,2.45,2.41,2.36,2.34,2.36,2.36,2.01,1.93,1.96,2.10,2.35,2.38,2.34,2.31,2.36,2.42,2.46,2.53,2.63,2.73,2.85,2.94,2.97,2.96,2.91,2.84,2.76,2.68,2.66,2.64,2.65,2.68,2.75,2.82,2.88,2.89,2.84,2.78,2.73,2.70,2.69,2.68,2.71,2.74,2.75,2.75,2.76,2.76,2.75,2.76,2.80,2.84,2.85,2.83,2.78,2.74,2.76,2.79,2.78,3.04,3.32,3.54,3.73,4.01,0.60,-1.43,-2.02,-2.03,-2.01,-2.00,-1.92,-1.52,0.38,1.96,2.72,2.82,2.82,2.82,2.80,2.78,2.77,2.81,2.84,2.86,2.85,2.81,2.79,2.74,2.70,2.71,2.71,2.67,2.61,2.55,2.51,2.50,2.49,2.49,2.45,2.51,2.58,2.64,2.69,2.67,2.64,2.58,2.51,2.51,2.48,2.50,2.55,2.59,2.61,2.63,2.62,2.59,2.56,2.48,2.43,2.42,2.40,2.34,2.37,2.45,2.51,2.56,2.58,2.57,2.53,2.47,2.49,2.50,2.52,2.58,2.58,2.58,2.56,2.48,2.41,2.28,2.19,2.17,2.18,2.16,2.17,2.19,2.22,2.21,2.22,2.22,2.19,2.06,2.06,2.11,2.18,2.17,2.10,2.10,2.12,2.12,2.11,2.13,2.13,2.14,2.23,2.29,2.31,2.35,2.43,2.48,2.53,2.54,2.50,2.43,2.49,2.57,2.66,2.73,2.78,2.81,2.83,2.86,2.95,2.93,2.90,2.88,2.83,2.83,2.79,2.74,2.71,2.67,2.65,2.66,2.70,2.76,2.78,2.83,2.90,2.91,2.90,2.93,2.96,2.95,3.00,3.09,3.13,3.10,3.10,2.91,2.81,2.81,2.83,2.86,2.88,2.90,2.92,2.93,2.91,2.96,3.05,3.06,3.06,3.03,3.02,3.05
3.10,3.12,3.12,3.13,3.16,3.20,3.20,3.20,3.19,3.14,3.09,3.07,3.10,3.16,3.12,3.08,3.00,2.93,2.92,2.87,2.87,2.85,2.78,2.67,2.70,2.71,2.67,2.62,2.54,2.47,2.41,2.39,2.31,2.32,2.27,2.08,1.65,1.70,1.85,2.07,2.43,2.36,2.32,2.35,2.46,2.49,2.51,2.58,2.68,2.78,2.89,2.96,2.97,2.91,2.88,2.81,2.74,2.68,2.67,2.66,2.69,2.75,2.81,2.89,2.92,2.91,2.85,2.79,2.75,2.72,2.69,2.71,2.73,2.75,2.77,2.77,2.79,2.78,2.78,2.81,2.86,2.91,2.88,2.83,2.84,2.82,2.82,2.83,2.83,3.03,3.37,3.66,3.84,3.88,-0.14,-1.97,-2.03,-2.03,-2.03,-2.01,-1.82,-1.19,0.87,2.30,2.89,2.87,2.86,2.84,2.83,2.81,2.75,2.84,2.88,2.87,2.82,2.78,2.74,2.70,2.68,2.71,2.76,2.71,2.63,2.54,2.50,2.47,2.48,2.48,2.43,2.47,2.52,2.57,2.63,2.61,2.58,2.55,2.52,2.50,2.47,2.47,2.49,2.56,2.59,2.59,2.57,2.54,2.50,2.45,2.42,2.39,2.39,2.32,2.38,2.48,2.52,2.57,2.59,2.57,2.51,2.46,2.44,2.44,2.47,2.58,2.59,2.61,2.61,2.56,2.44,2.27,2.17,2.17,2.17,2.17,2.18,2.20,2.23,2.22,2.20,2.17,2.13,2.01,2.06,2.12,2.16,2.14,2.03,2.07,2.16,2.22,2.18,2.21,2.21,2.19,2.22,2.25,2.25,2.27,2.34,2.42,2.46,2.47,2.46,2.45,2.51,2.58,2.64,2.68,2.72,2.75,2.79,2.83,2.89,2.91,2.91,2.90,2.90,2.86,2.74,2.63,2.63,2.61,2.59,2.61,2.70,2.77,2.77,2.80,2.85,2.86,2.88,2.90,2.92,2.95,2.90,2.91,2.94,2.96,2.90,2.79,2.75,2.77,2.81,2.82,2.84,2.87,2.90,2.93,2.92,2.96,3.03,3.05,3.04,3.02,3.01,3.03
3.16,3.10,3.12,3.16,3.19,3.20,3.23,3.24,3.23,3.18,3.13,3.10,3.09,3.09,3.08,3.02,2.97,2.93,2.88,2.91,2.91,2.83,2.66,2.60,2.64,2.66,2.64,2.61,2.50,2.43,2.39,2.39,2.27,2.32,2.02,1.36,1.42,1.54,1.80,2.14,2.38,2.31,2.35,2.44,2.53,2.55,2.57,2.63,2.73,2.84,2.91,2.94,2.94,2.90,2.85,2.77,2.71,2.70,2.67,2.71,2.78,2.85,2.89,2.89,2.88,2.85,2.81,2.79,2.72,2.70,2.73,2.78,2.76,2.77,2.81,2.83,2.80,2.78,2.78,2.79,2.80,2.87,2.90,2.87,2.80,2.87,2.88,2.89,2.91,3.07,3.43,3.77,3.85,3.22,-0.38,-1.97,-2.00,-2.02,-2.00,-2.00,-1.67,-0.69,1.52,2.69,3.08,2.99,2.93,2.83,2.82,2.82,2.78,2.84,2.87,2.87,2.83,2.75,2.71,2.68,2.68,2.69,2.73,2.70,2.65,2.60,2.55,2.48,2.46,2.49,2.47,2.43,2.40,2.45,2.57,2.57,2.51,2.48,2.49,2.45,2.45,2.47,2.49,2.51,2.51,2.48,2.46,2.48,2.50,2.45,2.37,2.30,2.35,2.35,2.41,2.48,2.52,2.60,2.61,2.56,2.48,2.45,2.44,2.41,2.42,2.53,2.60,2.62,2.59,2.49,2.39,2.26,2.18,2.18,2.19,2.19,2.21,2.24,2.26,2.23,2.17,2.10,2.03,2.02,2.08,2.13,2.14,2.08,1.97,2.04,2.22,2.44,2.44,2.43,2.43,2.41,2.29,2.30,2.30,2.28,2.29,2.37,2.39,2.42,2.48,2.47,2.50,2.56,2.63,2.64,2.65,2.68,2.72,2.77,2.80,2.84,2.86,2.87,2.91,2.90,2.74,2.60,2.66,2.62,2.56,2.57,2.67,2.77,2.80,2.81,2.83,2.85,2.90,2.87,2.83,2.85,2.84,2.88,2.91,2.90,2.86,2.76,2.73,2.74,2.71,2.73,2.78,2.84,2.88,2.93,2.94,2.96,2.99,2.99,2.97,2.95,2.96,2.96
3.16,3.10,3.11,3.15,3.21,3.23,3.25,3.26,3.25,3.21,3.17,3.12,3.08,3.04,3.04,2.97,2.93,2.91,2.85,2.95,2.93,2.81,2.63,2.53,2.57,2.58,2.55,2.53,2.44,2.37,2.32,2.31,2.30,1.85,1.34,1.03,1.20,1.38,1.80,2.27,2.34,2.33,2.34,2.40,2.49,2.59,2.63,2.68,2.76,2.82,2.89,2.92,2.90,2.87,2.80,2.76,2.73,2.71,2.70,2.77,2.84,2.90,2.92,2.90,2.87,2.84,2.81,2.79,2.74,2.73,2.76,2.81,2.81,2.82,2.83,2.83,2.82,2.80,2.78,2.77,2.78,2.83,2.87,2.88,2.84,2.90,2.89,2.88,2.95,3.08,3.34,3.62,3.52,1.81,-0.85,-1.98,-2.02,-2.02,-1.98,-1.96,-1.31,0.30,2.62,3.21,3.22,3.04,2.94,2.84,2.79,2.78,2.79,2.82,2.85,2.86,2.84,2.73,2.68,2.65,2.64,2.71,2.68,2.66,2.63,2.59,2.54,2.48,2.45,2.45,2.44,2.42,2.41,2.43,2.50,2.52,2.48,2.46,2.47,2.43,2.46,2.50,2.52,2.51,2.50,2.44,2.41,2.42,2.41,2.38,2.33,2.29,2.30,2.35,2.40,2.45,2.50,2.57,2.61,2.57,2.46,2.40,2.39,2.40,2.41,2.49,2.55,2.56,2.53,2.46,2.36,2.24,2.17,2.18,2.15,2.17,2.22,2.28,2.32,2.29,2.19,2.08,2.00,2.01,2.06,2.10,2.10,2.01,1.98,2.03,2.21,2.52,2.51,2.50,2.50,2.49,2.40,2.40,2.40,2.38,2.34,2.38,2.38,2.40,2.46,2.46,2.47,2.50,2.55,2.58,2.59,2.62,2.65,2.68,2.71,2.74,2.76,2.78,2.85,2.86,2.75,2.64,2.65,2.58,2.53,2.56,2.68,2.78,2.80,2.81,2.84,2.89,2.96,2.93,2.88,2.87,2.84,2.84,2.83,2.80,2.77,2.72,2.71,2.73,2.76,2.78,2.78,2.80,2.85,2.90,2.91,2.92,2.92,2.93,2.89,2.89,2.90,2.90
3.15,3.12,3.10,3.15,3.23,3.26,3.26,3.27,3.27,3.24,3.20,3.13,3.06,3.00,3.00,2.94,2.91,2.91,2.85,2.99,2.93,2.79,2.63,2.48,2.49,2.50,2.45,2.43,2.38,2.31,2.24,2.24,2.14,1.22,0.63,0.82,0.98,1.32,1.87,2.37,2.33,2.35,2.34,2.35,2.45,2.62,2.67,2.71,2.76,2.78,2.86,2.89,2.87,2.83,2.77,2.76,2.75,2.73,2.76,2.83,2.89,2.94,2.94,2.92,2.87,2.83,2.82,2.78,2.77,2.77,2.78,2.84,2.87,2.87,2.85,2.83,2.83,2.82,2.79,2.76,2.79,2.80,2.83,2.88,2.88,2.92,2.87,2.86,2.97,3.08,3.21,3.40,3.05,0.26,-1.36,-2.00,-2.04,-2.02,-1.98,-1.92,-0.89,1.42,3.65,3.68,3.33,3.07,2.92,2.86,2.77,2.72,2.78,2.80,2.82,2.84,2.84,2.72,2.67,2.63,2.63,2.72,2.64,2.61,2.60,2.56,2.51,2.47,2.44,2.41,2.41,2.44,2.45,2.45,2.45,2.47,2.46,2.45,2.44,2.43,2.48,2.53,2.56,2.54,2.53,2.45,2.39,2.39,2.33,2.29,2.29,2.30,2.26,2.33,2.37,2.39,2.46,2.50,2.57,2.56,2.44,2.33,2.33,2.37,2.42,2.44,2.49,2.48,2.46,2.44,2.34,2.22,2.17,2.17,2.11,2.14,2.22,2.32,2.39,2.35,2.22,2.08,1.98,1.99,2.04,2.07,2.05,1.94,2.00,2.04,2.22,2.55,2.52,2.51,2.52,2.52,2.50,2.50,2.50,2.48,2.42,2.41,2.38,2.38,2.43,2.45,2.45,2.45,2.46,2.51,2.54,2.55,2.57,2.58,2.61,2.62,2.64,2.68,2.76,2.79,2.76,2.68,2.62,2.54,2.51,2.57,2.72,2.79,2.80,2.81,2.85,2.93,3.00,3.01,2.97,2.92,2.88,2.81,2.76,2.71,2.67,2.66,2.69,2.75,2.82,2.84,2.79,2.78,2.85,2.88,2.89,2.88,2.88,2.88,2.83,2.83,2.84,2.84
3.14,3.11,3.15,3.18,3.19,3.22,3.26,3.28,3.28,3.25,3.20,3.12,3.04,2.99,2.99,2.96,2.95,2.95,2.96,3.02,2.90,2.72,2.59,2.50,2.45,2.42,2.38,2.35,2.35,2.27,2.22,2.27,0.96,0.47,0.43,0.60,0.74,1.65,2.19,2.31,2.35,2.34,2.35,2.41,2.51,2.59,2.65,2.68,2.69,2.74,2.83,2.87,2.85,2.77,2.78,2.76,2.75,2.78,2.82,2.89,2.94,2.97,2.97,2.92,2.87,2.83,2.82,2.79,2.81,2.81,2.81,2.84,2.87,2.88,2.87,2.84,2.83,2.84,2.85,2.84,2.82,2.82,2.80,2.79,2.82,2.88,2.86,2.87,2.98,3.08,3.18,3.17,2.44,-0.80,-1.73,-2.04,-2.06,-2.02,-1.97,-1.89,-0.47,2.47,3.73,3.66,3.37,3.13,2.91,2.83,2.77,2.74,2.75,2.79,2.78,2.78,2.80,2.78,2.72,2.72,2.74,2.69,2.60,2.58,2.58,2.54,2.48,2.48,2.49,2.49,2.47,2.47,2.48,2.51,2.52,2.44,2.42,2.40,2.38,2.44,2.49,2.55,2.60,2.58,2.55,2.51,2.47,2.43,2.37,2.27,2.26,2.31,2.27,2.26,2.25,2.26,2.31,2.36,2.43,2.42,2.35,2.33,2.28,2.31,2.38,2.41,2.41,2.42,2.42,2.37,2.31,2.23,2.19,2.16,2.11,2.13,2.26,2.40,2.43,2.34,2.21,2.04,1.90,1.97,2.03,2.04,1.99,1.87,1.97,2.14,2.36,2.54,2.52,2.52,2.52,2.52,2.51,2.50,2.50,2.50,2.48,2.48,2.40,2.36,2.40,2.43,2.48,2.48,2.46,2.48,2.52,2.51,2.49,2.48,2.53,2.55,2.57,2.60,2.68,2.71,2.70,2.65,2.60,2.55,2.57,2.65,2.75,2.77,2.79,2.81,2.85,2.91,2.99,3.02,3.02,3.01,2.92,2.87,2.80,2.71,2.58,2.60,2.70,2.79,2.78,2.77,2.76,2.83,2.96,2.93,2.94,2.96,2.96,2.93,2.83,2.80,2.79,2.78
3.14,3.14,3.20,3.22,3.20,3.21,3.25,3.28,3.28,3.25,3.19,3.11,3.03,2.98,2.99,2.98,2.97,2.98,3.02,3.04,2.86,2.65,2.54,2.47,2.42,2.38,2.35,2.29,2.30,2.27,1.99,1.26,0.17,0.03,0.21,0.45,1.17,1.96,2.31,2.32,2.39,2.39,2.42,2.46,2.51,2.57,2.62,2.64,2.67,2.74,2.80,2.83,2.82,2.77,2.77,2.76,2.77,2.82,2.86,2.92,2.96,2.98,2.98,2.89,2.86,2.85,2.83,2.80,2.82,2.83,2.82,2.85,2.87,2.88,2.87,2.85,2.84,2.86,2.82,2.70,2.78,2.80,2.79,2.78,2.81,2.86,2.86,2.88,2.98,3.10,3.19,2.95,1.85,-1.40,-1.95,-2.07,-2.07,-2.02,-1.97,-1.57,0.21,3.27,3.76,3.61,3.35,3.10,2.89,2.77,2.72,2.71,2.73,2.76,2.75,2.74,2.75,2.76,2.70,2.74,2.79,2.68,2.58,2.56,2.55,2.52,2.46,2.45,2.47,2.50,2.50,2.50,2.51,2.53,2.52,2.42,2.39,2.36,2.32,2.43,2.50,2.58,2.63,2.60,2.58,2.56,2.52,2.46,2.38,2.26,2.23,2.28,2.26,2.24,2.19,2.17,2.22,2.25,2.30,2.31,2.27,2.31,2.27,2.30,2.34,2.27,2.24,2.28,2.31,2.28,2.25,2.22,2.20,2.17,2.18,2.22,2.33,2.41,2.38,2.27,2.15,2.00,1.88,1.99,2.02,2.00,1.94,1.83,1.95,2.21,2.44,2.53,2.52,2.53,2.53,2.52,2.51,2.51,2.50,2.50,2.51,2.50,2.41,2.35,2.39,2.46,2.52,2.52,2.50,2.52,2.51,2.50,2.47,2.43,2.48,2.50,2.51,2.53,2.56,2.61,2.62,2.60,2.58,2.54,2.57,2.66,2.75,2.74,2.76,2.79,2.83,2.86,2.92,2.96,2.99,3.00,2.90,2.86,2.80,2.68,2.57,2.58,2.68,2.76,2.73,2.74,2.75,2.84,2.98,2.94,2.96,2.98,2.97,2.93,2.85,2.81,2.80,2.79
3.14,3.17,3.24,3.25,3.23,3.22,3.23,3.26,3.28,3.27,3.19,3.09,3.02,2.99,3.02,3.00,2.99,3.00,3.05,3.04,2.81,2.58,2.49,2.42,2.40,2.38,2.34,2.26,2.25,2.29,1.60,-0.51,-0.33,-0.17,-0.02,0.36,2.09,2.25,2.28,2.38,2.45,2.49,2.52,2.52,2.47,2.56,2.59,2.61,2.67,2.76,2.78,2.79,2.79,2.81,2.76,2.78,2.81,2.84,2.89,2.92,2.95,2.97,2.95,2.84,2.85,2.88,2.84,2.80,2.81,2.83,2.82,2.85,2.86,2.87,2.88,2.86,2.85,2.88,2.72,2.40,2.69,2.75,2.78,2.82,2.84,2.85,2.86,2.88,2.95,3.13,3.22,2.72,1.27,-1.66,-2.06,-2.09,-2.07,-2.02,-1.97,-1.03,1.08,3.86,3.75,3.54,3.27,3.01,2.87,2.68,2.63,2.67,2.72,2.70,2.72,2.72,2.69,2.68,2.63,2.71,2.80,2.69,2.58,2.54,2.53,2.49,2.45,2.40,2.41,2.47,2.50,2.52,2.54,2.53,2.48,2.41,2.37,2.31,2.26,2.39,2.50,2.60,2.65,2.60,2.61,2.60,2.56,2.48,2.37,2.25,2.20,2.21,2.23,2.27,2.18,2.10,2.16,2.15,2.18,2.20,2.20,2.27,2.29,2.33,2.30,2.07,2.00,2.08,2.17,2.17,2.16,2.20,2.20,2.20,2.30,2.38,2.42,2.39,2.27,2.17,2.06,1.96,1.91,2.02,2.02,1.97,1.89,1.81,1.94,2.24,2.48,2.52,2.54,2.53,2.53,2.52,2.52,2.51,2.51,2.51,2.52,2.50,2.41,2.35,2.38,2.53,2.56,2.57,2.58,2.60,2.52,2.51,2.48,2.41,2.45,2.47,2.47,2.45,2.42,2.49,2.53,2.54,2.56,2.51,2.52,2.61,2.74,2.68,2.71,2.76,2.80,2.79,2.82,2.87,2.92,2.94,2.83,2.81,2.75,2.64,2.60,2.59,2.64,2.69,2.68,2.74,2.76,2.82,2.95,2.92,2.94,2.95,2.95,2.89,2.88,2.86,2.84,2.85
3.14,3.17,3.26,3.29,3.28,3.27,3.27,3.28,3.28,3.25,3.18,3.08,3.02,2.99,2.98,3.00,3.01,3.02,3.04,3.04,2.85,2.61,2.45,2.41,2.42,2.41,2.34,2.22,2.26,1.55,0.39,-0.72,-0.53,-0.39,0.30,1.58,2.18,2.24,2.29,2.39,2.45,2.49,2.51,2.54,2.56,2.59,2.61,2.64,2.68,2.71,2.74,2.78,2.81,2.79,2.79,2.80,2.83,2.86,2.92,2.93,2.96,2.98,2.97,2.93,2.90,2.88,2.86,2.83,2.82,2.82,2.82,2.85,2.86,2.87,2.88,2.87,2.86,2.25,1.91,2.22,2.69,2.79,2.82,2.84,2.84,2.85,2.88,2.91,2.96,3.01,2.77,2.15,0.88,-1.75,-2.07,-2.08,-2.04,-1.98,-1.94,-0.70,1.38,3.60,3.54,3.40,3.17,2.92,2.83,2.63,2.55,2.56,2.64,2.61,2.65,2.68,2.68,2.64,2.63,2.68,2.75,2.74,2.60,2.55,2.53,2.50,2.47,2.39,2.38,2.43,2.45,2.52,2.54,2.48,2.36,2.38,2.35,2.32,2.33,2.42,2.49,2.55,2.59,2.59,2.62,2.59,2.54,2.46,2.36,2.25,2.18,2.16,2.21,2.24,2.24,2.25,2.27,2.23,2.20,2.20,2.23,2.26,2.23,2.22,2.21,2.15,2.12,2.15,2.19,2.19,2.15,2.19,2.19,2.17,2.26,2.33,2.37,2.32,2.18,2.08,1.98,1.92,1.91,2.01,2.00,1.93,1.86,1.87,2.03,2.24,2.41,2.49,2.52,2.52,2.52,2.53,2.52,2.51,2.51,2.51,2.52,2.45,2.39,2.37,2.43,2.54,2.59,2.61,2.63,2.65,2.61,2.56,2.52,2.50,2.51,2.50,2.49,2.48,2.44,2.49,2.51,2.52,2.55,2.49,2.52,2.57,2.61,2.55,2.57,2.64,2.71,2.72,2.78,2.83,2.85,2.85,2.72,2.67,2.62,2.57,2.56,2.60,2.63,2.66,2.69,2.74,2.77,2.82,2.91,2.90,2.92,2.93,2.92,2.87,2.86,2.84,2.83,2.84
3.14,3.18,3.28,3.33,3.32,3.31,3.30,3.28,3.26,3.23,3.16,3.07,3.01,2.99,2.98,3.01,3.03,3.03,3.04,3.04,2.89,2.66,2.45,2.44,2.43,2.39,2.30,2.21,2.02,0.77,-0.59,-0.90,-0.74,-0.17,0.94,2.30,2.23,2.26,2.34,2.42,2.48,2.50,2.51,2.55,2.62,2.62,2.64,2.65,2.67,2.70,2.73,2.78,2.81,2.80,2.82,2.84,2.86,2.89,2.95,2.96,2.97,2.98,2.99,2.98,2.93,2.89,2.89,2.84,2.82,2.82,2.83,2.85,2.86,2.87,2.88,2.87,2.27,1.46,1.38,2.31,2.73,2.83,2.86,2.86,2.85,2.84,2.88,2.91,2.91,2.78,2.35,1.50,0.14,-1.84,-2.06,-2.06,-2.02,-1.95,-1.91,-0.37,1.65,3.27,3.27,3.18,3.02,2.85,2.78,2.62,2.52,2.50,2.55,2.54,2.58,2.62,2.63,2.61,2.62,2.67,2.71,2.73,2.60,2.56,2.54,2.50,2.46,2.39,2.38,2.43,2.43,2.52,2.52,2.44,2.30,2.36,2.32,2.32,2.38,2.43,2.48,2.51,2.53,2.57,2.60,2.56,2.50,2.42,2.31,2.23,2.17,2.15,2.19,2.22,2.29,2.35,2.36,2.30,2.22,2.20,2.25,2.25,2.21,2.17,2.14,2.18,2.17,2.17,2.18,2.19,2.16,2.18,2.18,2.15,2.22,2.28,2.30,2.26,2.11,2.01,1.91,1.87,1.92,2.00,1.97,1.88,1.81,1.89,2.04,2.17,2.31,2.46,2.51,2.51,2.51,2.52,2.52,2.51,2.51,2.50,2.50,2.42,2.37,2.39,2.46,2.54,2.61,2.65,2.67,2.69,2.65,2.60,2.56,2.58,2.57,2.55,2.53,2.52,2.49,2.52,2.52,2.52,2.56,2.49,2.52,2.54,2.51,2.46,2.48,2.54,2.61,2.64,2.71,2.76,2.77,2.76,2.64,2.58,2.54,2.52,2.52,2.61,2.64,2.64,2.69,2.75,2.78,2.81,2.86,2.87,2.90,2.91,2.89,2.85,2.83,2.83,2.83,2.82
3.15,3.21,3.31,3.35,3.34,3.34,3.32,3.28,3.24,3.20,3.13,3.06,3.00,2.98,3.01,3.02,3.03,3.02,3.03,3.02,2.93,2.74,2.52,2.51,2.44,2.32,2.20,2.25,1.39,-0.05,-1.20,-1.10,-0.97,0.74,2.06,2.21,2.23,2.33,2.42,2.49,2.54,2.51,2.51,2.55,2.65,2.65,2.67,2.66,2.65,2.74,2.80,2.79,2.78,2.83,2.86,2.88,2.91,2.94,2.99,2.99,2.99,3.00,3.02,2.99,2.96,2.94,2.91,2.80,2.81,2.83,2.83,2.84,2.85,2.87,2.87,2.83,0.74,0.41,1.33,2.79,2.86,2.87,2.89,2.90,2.88,2.82,2.84,2.86,2.79,2.38,1.98,0.73,-1.17,-1.95,-2.04,-2.04,-2.01,-1.94,-1.90,-0.04,1.90,2.85,2.90,2.86,2.82,2.78,2.71,2.65,2.59,2.52,2.46,2.49,2.52,2.53,2.53,2.59,2.62,2.67,2.70,2.63,2.60,2.58,2.55,2.49,2.41,2.41,2.46,2.51,2.47,2.52,2.49,2.41,2.32,2.34,2.27,2.28,2.39,2.44,2.46,2.47,2.47,2.51,2.54,2.51,2.44,2.35,2.21,2.19,2.20,2.20,2.18,2.23,2.31,2.39,2.42,2.36,2.27,2.22,2.23,2.25,2.24,2.19,2.13,2.11,2.11,2.12,2.12,2.14,2.20,2.20,2.17,2.15,2.19,2.20,2.22,2.19,2.06,1.95,1.85,1.84,1.92,1.96,1.92,1.81,1.73,1.88,1.91,1.96,2.14,2.47,2.52,2.51,2.51,2.51,2.51,2.52,2.51,2.50,2.47,2.41,2.38,2.39,2.44,2.52,2.61,2.68,2.71,2.69,2.64,2.61,2.61,2.62,2.61,2.61,2.60,2.58,2.58,2.62,2.57,2.53,2.57,2.53,2.52,2.51,2.48,2.43,2.46,2.50,2.52,2.53,2.58,2.65,2.69,2.67,2.61,2.59,2.55,2.48,2.47,2.61,2.65,2.65,2.70,2.75,2.77,2.79,2.82,2.84,2.87,2.88,2.86,2.83,2.81,2.81,2.81,2.81
3.14,3.24,3.33,3.38,3.37,3.36,3.33,3.27,3.20,3.16,3.07,3.03,3.00,2.99,3.02,3.03,3.03,3.02,3.02,2.96,2.85,2.70,2.51,2.44,2.34,2.25,2.22,2.30,0.31,-1.01,-1.49,-1.27,0.28,1.60,2.26,2.23,2.29,2.39,2.46,2.52,2.57,2.57,2.56,2.59,2.66,2.65,2.65,2.66,2.67,2.74,2.80,2.81,2.79,2.79,2.84,2.89,2.93,2.98,3.03,3.02,3.02,3.04,3.06,3.04,3.01,2.98,2.94,2.85,2.83,2.83,2.85,2.85,2.86,2.87,2.87,2.81,0.08,0.67,2.10,2.87,2.87,2.88,2.89,2.90,2.90,2.84,2.84,2.80,2.64,2.24,1.87,0.44,-1.69,-2.03,-2.06,-2.03,-1.99,-1.92,-1.83,0.25,2.16,2.71,2.81,2.74,2.72,2.74,2.66,2.66,2.65,2.61,2.56,2.58,2.57,2.56,2.55,2.55,2.55,2.56,2.57,2.56,2.55,2.54,2.51,2.47,2.38,2.39,2.43,2.47,2.47,2.48,2.42,2.35,2.32,2.30,2.27,2.31,2.42,2.48,2.50,2.50,2.49,2.50,2.47,2.41,2.35,2.28,2.22,2.19,2.18,2.19,2.17,2.24,2.32,2.39,2.41,2.32,2.22,2.18,2.20,2.24,2.23,2.23,2.23,2.21,2.16,2.14,2.13,2.14,2.20,2.17,2.13,2.10,2.13,2.14,2.13,2.10,2.00,1.89,1.81,1.82,1.93,1.93,1.89,1.77,1.70,1.83,1.86,2.04,2.28,2.48,2.51,2.51,2.50,2.51,2.51,2.51,2.51,2.49,2.42,2.38,2.34,2.36,2.45,2.52,2.60,2.66,2.69,2.67,2.61,2.62,2.65,2.66,2.66,2.66,2.65,2.63,2.63,2.64,2.60,2.55,2.56,2.57,2.54,2.52,2.50,2.44,2.45,2.47,2.48,2.47,2.47,2.53,2.58,2.59,2.56,2.55,2.53,2.49,2.48,2.59,2.65,2.67,2.71,2.76,2.77,2.77,2.80,2.83,2.85,2.85,2.83,2.83,2.79,2.79,2.80,2.80
3.13,3.24,3.33,3.38,3.39,3.38,3.32,3.25,3.17,3.11,3.02,3.00,3.00,3.01,3.03,3.04,3.03,3.00,2.98,2.87,2.75,2.61,2.47,2.33,2.23,2.21,2.17,1.79,-0.85,-1.83,-1.55,-0.93,1.66,2.27,2.24,2.28,2.36,2.44,2.50,2.55,2.60,2.63,2.62,2.63,2.68,2.64,2.62,2.64,2.69,2.73,2.79,2.81,2.80,2.75,2.83,2.87,2.93,3.00,3.07,3.04,3.04,3.08,3.09,3.09,3.07,3.04,2.98,2.94,2.86,2.84,2.87,2.85,2.88,2.88,2.86,2.79,0.07,1.34,2.89,2.86,2.86,2.88,2.89,2.91,2.92,2.88,2.86,2.76,2.51,2.14,1.78,0.27,-1.96,-2.09,-2.07,-2.02,-1.96,-1.90,-1.70,0.56,2.43,2.68,2.80,2.68,2.64,2.69,2.63,2.67,2.70,2.70,2.68,2.67,2.64,2.61,2.59,2.53,2.50,2.46,2.45,2.50,2.49,2.48,2.47,2.44,2.36,2.36,2.38,2.41,2.47,2.44,2.35,2.28,2.30,2.25,2.28,2.35,2.44,2.52,2.54,2.54,2.52,2.49,2.40,2.33,2.28,2.23,2.27,2.20,2.16,2.16,2.16,2.23,2.31,2.37,2.38,2.26,2.17,2.13,2.15,2.24,2.23,2.28,2.34,2.31,2.23,2.18,2.15,2.15,2.17,2.14,2.08,2.03,2.07,2.07,2.05,2.00,1.93,1.84,1.79,1.82,1.93,1.90,1.85,1.75,1.68,1.77,1.82,2.13,2.41,2.45,2.49,2.50,2.50,2.50,2.50,2.49,2.50,2.47,2.37,2.33,2.31,2.35,2.46,2.53,2.59,2.64,2.66,2.65,2.60,2.63,2.68,2.69,2.70,2.69,2.68,2.67,2.66,2.64,2.63,2.60,2.55,2.60,2.58,2.56,2.55,2.49,2.47,2.47,2.47,2.43,2.40,2.43,2.48,2.51,2.50,2.50,2.50,2.49,2.50,2.58,2.65,2.70,2.71,2.76,2.76,2.76,2.78,2.81,2.84,2.82,2.79,2.81,2.77,2.78,2.79,2.78
3.16,3.18,3.23,3.32,3.41,3.37,3.30,3.22,3.14,3.07,3.03,3.02,3.02,3.03,3.06,3.06,3.03,2.96,2.90,2.77,2.64,2.50,2.36,2.24,2.22,2.27,1.75,-0.97,-1.81,-1.99,-1.07,1.42,2.09,2.26,2.29,2.35,2.44,2.48,2.53,2.58,2.60,2.66,2.67,2.66,2.67,2.64,2.61,2.63,2.68,2.73,2.80,2.79,2.77,2.82,2.84,2.85,2.89,2.97,3.04,3.03,3.05,3.09,3.07,3.11,3.13,3.13,3.10,3.05,2.92,2.85,2.86,2.85,2.90,2.90,2.84,2.75,1.70,2.25,2.90,2.91,2.91,2.91,2.92,2.93,2.93,2.90,2.92,2.81,2.42,1.94,1.56,0.11,-2.00,-2.08,-2.05,-2.00,-1.93,-1.87,-1.43,0.94,2.75,2.80,2.79,2.65,2.59,2.62,2.64,2.69,2.72,2.72,2.71,2.64,2.63,2.61,2.58,2.62,2.59,2.55,2.50,2.41,2.39,2.42,2.44,2.42,2.36,2.37,2.38,2.38,2.47,2.39,2.31,2.26,2.27,2.18,2.25,2.35,2.42,2.47,2.57,2.57,2.50,2.45,2.38,2.32,2.28,2.26,2.28,2.21,2.16,2.14,2.11,2.15,2.22,2.27,2.26,2.22,2.17,2.13,2.11,2.25,2.30,2.36,2.39,2.33,2.23,2.16,2.13,2.13,2.12,2.13,2.05,1.94,2.00,1.99,1.98,1.94,1.86,1.82,1.82,1.86,1.91,1.87,1.82,1.74,1.67,1.65,1.75,1.94,2.13,2.25,2.45,2.49,2.50,2.49,2.49,2.44,2.45,2.46,2.36,2.31,2.35,2.42,2.51,2.59,2.61,2.65,2.69,2.69,2.66,2.66,2.67,2.68,2.71,2.71,2.70,2.70,2.70,2.68,2.67,2.66,2.64,2.62,2.67,2.72,2.72,2.66,2.59,2.53,2.49,2.43,2.41,2.41,2.42,2.42,2.42,2.45,2.46,2.47,2.56,2.62,2.69,2.73,2.71,2.71,2.72,2.73,2.76,2.80,2.81,2.79,2.76,2.78,2.75,2.76,2.78,2.76
3.21,3.17,3.18,3.23,3.30,3.33,3.26,3.18,3.10,3.05,3.01,3.01,3.04,3.06,3.09,3.05,2.99,2.92,2.82,2.68,2.54,2.41,2.31,2.21,2.25,1.56,-0.03,-2.23,-2.29,-1.31,0.35,2.30,2.22,2.23,2.30,2.39,2.47,2.50,2.55,2.60,2.63,2.66,2.67,2.66,2.64,2.60,2.58,2.60,2.66,2.72,2.78,2.79,2.78,2.86,2.86,2.87,2.89,2.93,2.98,3.01,3.05,3.07,3.07,3.15,3.19,3.19,3.16,3.12,2.98,2.89,2.88,2.85,2.89,2.88,2.84,2.80,2.55,2.72,2.92,2.94,2.94,2.94,2.94,2.94,2.92,2.92,2.89,2.70,2.27,1.80,1.16,-0.27,-2.06,-2.06,-2.04,-1.98,-1.91,-1.85,-1.25,1.11,2.85,2.84,2.74,2.63,2.59,2.62,2.69,2.76,2.78,2.77,2.75,2.68,2.64,2.61,2.57,2.64,2.63,2.61,2.56,2.44,2.41,2.43,2.43,2.39,2.32,2.33,2.31,2.29,2.36,2.32,2.27,2.24,2.21,2.15,2.23,2.33,2.39,2.43,2.55,2.55,2.47,2.42,2.38,2.34,2.30,2.26,2.25,2.20,2.16,2.12,2.11,2.13,2.16,2.17,2.18,2.14,2.14,2.12,2.09,2.21,2.29,2.35,2.38,2.35,2.22,2.12,2.08,2.10,2.08,2.12,2.09,2.00,2.01,1.96,1.92,1.88,1.80,1.81,1.83,1.86,1.87,1.82,1.75,1.67,1.61,1.62,1.70,1.82,1.93,2.05,2.24,2.29,2.33,2.38,2.43,2.40,2.41,2.42,2.35,2.30,2.38,2.48,2.54,2.60,2.59,2.64,2.71,2.69,2.69,2.69,2.70,2.71,2.73,2.73,2.71,2.70,2.72,2.71,2.70,2.70,2.70,2.69,2.75,2.81,2.81,2.75,2.66,2.59,2.55,2.54,2.51,2.47,2.43,2.40,2.37,2.43,2.45,2.46,2.55,2.57,2.63,2.68,2.69,2.70,2.71,2.72,2.73,2.78,2.80,2.77,2.74,2.75,2.73,2.75,2.77,2.74
3.27,3.20,3.17,3.13,3.11,3.27,3.21,3.13,3.07,3.04,2.96,3.00,3.06,3.09,3.12,3.00,2.92,2.86,2.74,2.59,2.44,2.33,2.29,2.23,2.27,0.34,-2.66,-2.53,-2.43,-0.09,2.34,2.25,2.18,2.20,2.29,2.40,2.47,2.51,2.56,2.62,2.67,2.62,2.62,2.63,2.60,2.53,2.54,2.57,2.61,2.68,2.75,2.80,2.83,2.88,2.88,2.90,2.91,2.88,2.89,3.00,3.05,3.04,3.09,3.21,3.25,3.22,3.18,3.16,3.04,2.96,2.94,2.86,2.84,2.84,2.86,2.90,2.89,2.92,2.95,2.96,2.96,2.97,2.97,2.94,2.88,2.92,2.80,2.51,2.10,1.70,0.64,-0.80,-2.12,-2.05,-2.03,-1.96,-1.89,-1.85,-1.13,1.14,2.81,2.82,2.67,2.62,2.62,2.67,2.77,2.85,2.87,2.84,2.80,2.77,2.68,2.60,2.57,2.62,2.63,2.64,2.62,2.54,2.51,2.48,2.44,2.36,2.27,2.26,2.22,2.16,2.20,2.23,2.25,2.23,2.14,2.14,2.22,2.30,2.36,2.39,2.50,2.50,2.44,2.41,2.39,2.37,2.32,2.24,2.18,2.17,2.15,2.11,2.13,2.14,2.10,2.07,2.13,2.04,2.07,2.10,2.10,2.15,2.24,2.30,2.33,2.36,2.19,2.06,2.02,2.07,2.04,2.12,2.17,2.15,2.08,1.96,1.88,1.81,1.74,1.80,1.83,1.84,1.83,1.76,1.66,1.56,1.52,1.63,1.68,1.74,1.80,1.85,1.93,1.97,2.07,2.21,2.35,2.37,2.36,2.35,2.33,2.28,2.40,2.51,2.56,2.58,2.54,2.61,2.72,2.68,2.72,2.73,2.75,2.78,2.77,2.75,2.72,2.70,2.73,2.73,2.72,2.71,2.75,2.79,2.83,2.87,2.87,2.78,2.70,2.64,2.64,2.71,2.67,2.58,2.47,2.40,2.34,2.43,2.47,2.45,2.48,2.47,2.51,2.58,2.65,2.72,2.72,2.70,2.71,2.77,2.78,2.75,2.72,2.73,2.72,2.74,2.75,2.73
3.28,3.29,3.25,3.19,3.14,3.14,3.12,3.09,3.04,2.96,2.93,2.99,3.04,3.06,3.01,2.90,2.80,2.73,2.65,2.49,2.34,2.25,2.24,2.29,0.22,-1.73,-2.77,-2.69,-0.59,1.25,2.28,2.21,2.23,2.27,2.32,2.38,2.43,2.48,2.53,2.58,2.62,2.58,2.56,2.54,2.51,2.50,2.50,2.53,2.58,2.66,2.73,2.76,2.78,2.84,2.89,2.88,2.89,2.93,2.96,2.97,2.99,3.02,3.08,3.21,3.28,3.29,3.27,3.18,3.12,3.07,3.00,2.93,2.88,2.86,2.88,2.91,2.93,2.94,2.96,2.98,2.98,2.98,2.97,2.96,2.91,2.93,2.75,2.45,2.11,1.64,-0.18,-1.61,-2.11,-2.04,-2.01,-1.95,-1.88,-1.81,-0.30,1.59,2.76,2.75,2.57,2.53,2.59,2.69,2.78,2.88,2.92,2.89,2.81,2.73,2.67,2.62,2.59,2.62,2.64,2.64,2.61,2.54,2.48,2.46,2.44,2.40,2.37,2.34,2.30,2.25,2.22,2.28,2.29,2.25,2.17,2.14,2.20,2.27,2.32,2.34,2.44,2.45,2.41,2.40,2.38,2.35,2.29,2.22,2.16,2.15,2.14,2.13,2.14,2.15,2.13,2.10,2.08,2.06,2.05,2.03,2.01,2.00,2.04,2.09,2.12,2.12,2.04,1.97,1.95,1.97,2.02,2.10,2.15,2.16,2.04,1.93,1.83,1.72,1.62,1.72,1.81,1.83,1.78,1.69,1.62,1.55,1.49,1.50,1.70,1.82,1.87,1.89,1.92,1.97,2.05,2.16,2.24,2.25,2.27,2.30,2.33,2.27,2.38,2.49,2.54,2.55,2.59,2.65,2.71,2.70,2.71,2.75,2.79,2.81,2.85,2.82,2.79,2.78,2.78,2.74,2.71,2.70,2.71,2.77,2.81,2.83,2.82,2.77,2.68,2.65,2.67,2.77,2.73,2.63,2.51,2.42,2.39,2.43,2.46,2.46,2.49,2.46,2.48,2.53,2.55,2.56,2.58,2.61,2.64,2.72,2.76,2.75,2.72,2.70,2.71,2.73,2.73,2.70
3.25,3.31,3.28,3.23,3.16,3.08,3.08,3.05,2.99,2.91,2.92,2.96,3.00,3.00,2.90,2.80,2.70,2.61,2.54,2.41,2.28,2.21,2.25,2.42,-0.71,-2.74,-2.79,-2.29,0.72,2.07,2.23,2.21,2.28,2.32,2.34,2.34,2.39,2.44,2.49,2.53,2.54,2.53,2.50,2.46,2.44,2.46,2.46,2.48,2.53,2.62,2.67,2.69,2.71,2.77,2.84,2.84,2.87,2.95,2.99,2.96,2.95,2.99,3.06,3.19,3.29,3.34,3.32,3.22,3.19,3.14,3.06,3.00,2.91,2.88,2.89,2.93,2.95,2.96,2.98,2.99,3.00,2.99,2.99,2.98,2.94,2.94,2.70,2.37,2.05,1.56,-0.67,-2.09,-2.11,-2.04,-1.99,-1.93,-1.84,-1.64,0.08,1.72,2.67,2.68,2.52,2.50,2.57,2.69,2.79,2.90,2.93,2.90,2.81,2.70,2.66,2.63,2.62,2.63,2.66,2.65,2.60,2.53,2.46,2.44,2.43,2.43,2.45,2.41,2.37,2.31,2.23,2.28,2.29,2.24,2.17,2.11,2.15,2.21,2.26,2.29,2.37,2.39,2.38,2.38,2.37,2.31,2.24,2.17,2.15,2.14,2.14,2.14,2.14,2.14,2.14,2.10,2.05,2.06,2.04,2.02,1.98,1.94,1.93,1.94,1.95,1.94,1.91,1.91,1.91,1.92,2.01,2.06,2.11,2.13,1.99,1.89,1.78,1.65,1.54,1.68,1.78,1.80,1.73,1.62,1.62,1.58,1.53,1.48,1.74,1.87,1.94,1.97,1.99,2.04,2.09,2.16,2.23,2.21,2.24,2.29,2.35,2.27,2.33,2.42,2.48,2.50,2.59,2.65,2.68,2.68,2.68,2.72,2.77,2.80,2.86,2.84,2.82,2.80,2.78,2.73,2.71,2.69,2.68,2.76,2.78,2.78,2.78,2.74,2.67,2.65,2.70,2.80,2.75,2.65,2.53,2.43,2.40,2.41,2.44,2.47,2.48,2.47,2.48,2.49,2.49,2.45,2.48,2.52,2.55,2.62,2.65,2.66,2.66,2.65,2.69,2.72,2.72,2.68
3.20,3.25,3.26,3.23,3.18,3.11,3.10,3.02,2.93,2.89,2.91,2.92,2.92,2.91,2.80,2.70,2.60,2.50,2.41,2.35,2.25,2.23,2.37,2.66,-0.11,-2.29,-2.67,-1.15,1.28,2.18,2.18,2.28,2.32,2.33,2.31,2.29,2.35,2.40,2.44,2.46,2.42,2.47,2.43,2.38,2.41,2.42,2.42,2.43,2.45,2.54,2.57,2.59,2.61,2.64,2.72,2.77,2.83,2.92,2.98,2.99,2.95,2.94,3.03,3.14,3.27,3.35,3.33,3.27,3.23,3.18,3.11,3.07,2.95,2.89,2.88,2.95,2.94,2.97,2.99,3.00,3.01,3.02,3.02,3.01,2.98,2.95,2.66,2.26,1.90,1.45,-0.72,-2.10,-2.13,-2.05,-1.96,-1.91,-1.74,-1.29,-0.18,1.42,2.50,2.62,2.55,2.54,2.59,2.69,2.79,2.89,2.90,2.85,2.80,2.70,2.63,2.62,2.66,2.65,2.67,2.64,2.58,2.49,2.45,2.40,2.40,2.46,2.50,2.48,2.42,2.33,2.21,2.24,2.24,2.20,2.12,2.05,2.06,2.11,2.17,2.24,2.29,2.32,2.35,2.37,2.34,2.25,2.16,2.10,2.16,2.14,2.13,2.14,2.13,2.14,2.13,2.09,2.03,2.04,2.06,2.06,2.04,2.01,1.94,1.88,1.85,1.83,1.80,1.86,1.92,1.93,2.01,2.00,2.02,2.04,1.93,1.83,1.73,1.62,1.51,1.67,1.75,1.74,1.67,1.57,1.66,1.70,1.67,1.60,1.79,1.90,1.99,2.10,2.17,2.19,2.22,2.26,2.32,2.28,2.30,2.36,2.39,2.29,2.26,2.30,2.39,2.41,2.54,2.60,2.60,2.61,2.63,2.63,2.66,2.73,2.77,2.80,2.78,2.74,2.71,2.69,2.69,2.69,2.68,2.77,2.72,2.70,2.74,2.70,2.65,2.66,2.71,2.77,2.72,2.64,2.53,2.43,2.38,2.37,2.41,2.47,2.45,2.50,2.52,2.49,2.45,2.42,2.43,2.44,2.44,2.45,2.43,2.46,2.53,2.59,2.67,2.70,2.70,2.68
3.15,3.20,3.21,3.20,3.17,3.12,3.05,2.97,2.89,2.84,2.84,2.83,2.84,2.83,2.72,2.61,2.52,2.43,2.33,2.27,2.27,2.36,2.59,2.80,1.47,0.35,0.05,0.77,1.83,2.24,2.26,2.34,2.35,2.34,2.32,2.30,2.31,2.31,2.33,2.35,2.36,2.40,2.38,2.36,2.35,2.40,2.39,2.38,2.38,2.41,2.49,2.52,2.52,2.52,2.61,2.68,2.76,2.86,2.96,2.96,2.95,2.95,3.00,3.08,3.20,3.28,3.28,3.25,3.23,3.20,3.14,3.04,2.98,2.91,2.88,2.94,2.93,2.95,2.98,3.01,3.03,3.03,3.02,3.01,3.01,2.88,2.55,2.12,1.71,1.34,-0.80,-2.13,-2.10,-2.02,-1.94,-1.89,-1.70,-1.16,-0.06,1.26,2.24,2.59,2.55,2.55,2.59,2.69,2.83,2.88,2.85,2.78,2.74,2.68,2.66,2.68,2.70,2.66,2.67,2.64,2.56,2.48,2.45,2.43,2.44,2.50,2.53,2.49,2.42,2.32,2.19,2.21,2.18,2.15,2.17,2.14,2.14,2.16,2.18,2.20,2.23,2.26,2.28,2.26,2.24,2.21,2.14,2.07,2.17,2.14,2.11,2.11,2.11,2.13,2.10,2.05,1.99,2.00,2.01,2.02,2.02,2.01,1.97,1.93,1.89,1.83,1.78,1.83,1.89,1.93,2.01,2.00,1.97,1.94,1.86,1.78,1.68,1.60,1.54,1.68,1.73,1.71,1.63,1.58,1.67,1.74,1.75,1.73,1.85,1.98,2.10,2.21,2.26,2.24,2.26,2.32,2.36,2.33,2.30,2.28,2.26,2.26,2.25,2.28,2.34,2.37,2.46,2.47,2.46,2.52,2.53,2.53,2.54,2.59,2.65,2.68,2.67,2.65,2.61,2.61,2.63,2.66,2.68,2.71,2.69,2.69,2.71,2.68,2.66,2.65,2.63,2.62,2.60,2.54,2.45,2.37,2.36,2.36,2.38,2.42,2.46,2.53,2.56,2.56,2.54,2.52,2.49,2.46,2.44,2.41,2.37,2.39,2.45,2.47,2.52,2.53,2.55,2.60
3.10,3.15,3.16,3.15,3.14,3.11,3.00,2.93,2.87,2.79,2.76,2.75,2.74,2.74,2.64,2.53,2.44,2.36,2.26,2.22,2.31,2.52,2.79,2.87,2.79,2.66,2.51,2.33,2.25,2.28,2.35,2.38,2.37,2.36,2.34,2.32,2.28,2.24,2.24,2.26,2.32,2.34,2.34,2.33,2.30,2.38,2.37,2.34,2.32,2.30,2.41,2.44,2.43,2.42,2.50,2.57,2.68,2.82,2.93,2.92,2.93,2.96,2.96,3.02,3.11,3.18,3.22,3.20,3.21,3.20,3.15,3.00,2.99,2.93,2.88,2.93,2.92,2.93,2.97,3.02,3.05,3.05,3.03,3.00,3.04,2.83,2.45,2.00,1.53,1.11,-0.93,-2.15,-2.06,-1.98,-1.91,-1.86,-1.65,-1.02,0.18,1.26,2.09,2.58,2.57,2.58,2.62,2.70,2.87,2.87,2.80,2.72,2.67,2.66,2.71,2.75,2.75,2.68,2.67,2.62,2.54,2.46,2.44,2.46,2.50,2.53,2.55,2.49,2.40,2.31,2.19,2.19,2.13,2.11,2.23,2.26,2.26,2.24,2.22,2.18,2.21,2.23,2.23,2.18,2.17,2.18,2.13,2.04,2.16,2.12,2.08,2.09,2.09,2.10,2.07,2.00,1.95,1.96,1.97,1.99,2.01,2.01,1.99,1.98,1.94,1.85,1.78,1.80,1.86,1.92,1.98,1.98,1.92,1.82,1.80,1.72,1.64,1.58,1.57,1.68,1.72,1.68,1.60,1.59,1.68,1.75,1.80,1.84,1.90,2.04,2.19,2.29,2.30,2.27,2.29,2.37,2.38,2.35,2.27,2.19,2.16,2.24,2.26,2.29,2.32,2.35,2.39,2.37,2.33,2.43,2.45,2.44,2.43,2.45,2.53,2.55,2.56,2.57,2.51,2.52,2.56,2.61,2.67,2.65,2.67,2.69,2.69,2.68,2.67,2.62,2.54,2.48,2.47,2.42,2.35,2.29,2.33,2.34,2.34,2.36,2.47,2.55,2.59,2.61,2.64,2.61,2.54,2.48,2.45,2.41,2.36,2.36,2.38,2.36,2.36,2.37,2.41,2.51
3.05,3.11,3.11,3.10,3.08,3.04,2.94,2.90,2.87,2.77,2.71,2.66,2.64,2.64,2.56,2.47,2.39,2.31,2.21,2.28,2.44,2.65,2.83,2.78,2.61,2.46,2.34,2.21,2.25,2.32,2.36,2.38,2.37,2.37,2.37,2.34,2.29,2.25,2.23,2.24,2.30,2.32,2.30,2.27,2.27,2.31,2.33,2.33,2.32,2.36,2.34,2.32,2.31,2.31,2.39,2.47,2.61,2.81,2.91,2.89,2.88,2.90,2.90,2.96,3.02,3.08,3.12,3.12,3.17,3.17,3.11,2.99,2.90,2.88,2.89,2.91,2.91,2.92,2.95,3.03,3.09,3.12,3.09,3.05,3.07,2.89,2.48,1.96,1.40,0.49,-1.21,-2.15,-2.05,-1.95,-1.88,-1.83,-1.54,-0.70,0.56,1.67,2.40,2.65,2.68,2.71,2.73,2.76,2.86,2.82,2.77,2.71,2.64,2.66,2.74,2.79,2.78,2.68,2.65,2.59,2.51,2.43,2.39,2.47,2.54,2.53,2.53,2.48,2.40,2.30,2.22,2.21,2.15,2.15,2.28,2.33,2.33,2.31,2.27,2.25,2.28,2.32,2.33,2.30,2.25,2.20,2.12,2.03,2.06,2.06,2.06,2.06,2.05,2.05,2.00,1.96,1.96,1.95,2.00,2.04,2.06,2.09,2.01,1.95,1.91,1.83,1.80,1.79,1.82,1.89,1.88,1.87,1.78,1.67,1.73,1.68,1.60,1.56,1.59,1.67,1.68,1.64,1.57,1.60,1.67,1.76,1.83,1.86,1.90,2.04,2.21,2.31,2.26,2.27,2.33,2.39,2.36,2.32,2.24,2.18,2.21,2.27,2.30,2.32,2.35,2.38,2.41,2.39,2.35,2.41,2.41,2.40,2.37,2.36,2.42,2.45,2.46,2.48,2.50,2.47,2.50,2.55,2.61,2.63,2.66,2.67,2.68,2.71,2.67,2.56,2.45,2.48,2.41,2.29,2.20,2.21,2.29,2.30,2.30,2.32,2.42,2.53,2.57,2.59,2.67,2.61,2.51,2.44,2.43,2.44,2.40,2.37,2.35,2.34,2.32,2.33,2.36,2.42
3.02,3.06,3.08,3.07,3.04,2.97,2.91,2.88,2.84,2.77,2.70,2.61,2.55,2.53,2.46,2.41,2.34,2.27,2.25,2.44,2.63,2.76,2.76,2.64,2.48,2.34,2.24,2.18,2.30,2.35,2.36,2.37,2.36,2.37,2.38,2.36,2.30,2.26,2.24,2.25,2.29,2.28,2.25,2.22,2.23,2.26,2.29,2.31,2.32,2.36,2.33,2.28,2.25,2.26,2.33,2.42,2.56,2.72,2.77,2.77,2.79,2.83,2.88,2.87,2.93,2.99,3.02,3.02,3.08,3.09,3.02,2.92,2.88,2.89,2.91,2.91,2.92,2.94,2.99,3.09,3.14,3.17,3.16,3.13,3.11,3.04,2.62,1.99,1.22,-0.55,-1.69,-2.13,-2.03,-1.94,-1.87,-1.76,-1.34,-0.28,1.07,2.11,2.67,2.72,2.76,2.79,2.82,2.86,2.89,2.82,2.75,2.70,2.66,2.68,2.77,2.82,2.80,2.68,2.58,2.51,2.46,2.42,2.41,2.49,2.56,2.56,2.53,2.47,2.37,2.27,2.25,2.21,2.19,2.22,2.33,2.37,2.36,2.33,2.29,2.26,2.32,2.35,2.34,2.30,2.25,2.19,2.12,2.04,2.01,1.99,1.98,1.98,1.95,1.98,1.95,1.91,1.93,1.93,1.99,2.05,2.09,2.11,2.00,1.92,1.87,1.83,1.84,1.78,1.77,1.84,1.80,1.76,1.68,1.59,1.66,1.60,1.55,1.54,1.63,1.67,1.65,1.58,1.51,1.61,1.66,1.73,1.81,1.91,1.97,2.09,2.20,2.26,2.21,2.24,2.29,2.34,2.31,2.23,2.16,2.14,2.24,2.31,2.29,2.31,2.40,2.41,2.45,2.45,2.43,2.47,2.45,2.43,2.39,2.32,2.37,2.39,2.41,2.43,2.46,2.45,2.46,2.50,2.57,2.57,2.60,2.64,2.65,2.68,2.63,2.52,2.43,2.46,2.38,2.28,2.20,2.20,2.25,2.27,2.28,2.29,2.37,2.45,2.50,2.55,2.62,2.57,2.48,2.42,2.42,2.45,2.42,2.38,2.35,2.38,2.37,2.37,2.39,2.40
3.00,3.02,3.05,3.05,3.00,2.91,2.89,2.85,2.80,2.79,2.70,2.58,2.48,2.42,2.35,2.37,2.30,2.23,2.34,2.63,2.84,2.85,2.61,2.46,2.37,2.27,2.18,2.22,2.36,2.38,2.34,2.35,2.37,2.38,2.38,2.37,2.32,2.27,2.26,2.27,2.29,2.24,2.20,2.18,2.18,2.22,2.25,2.29,2.32,2.35,2.34,2.28,2.23,2.24,2.28,2.40,2.52,2.60,2.58,2.61,2.67,2.75,2.87,2.78,2.84,2.92,2.91,2.89,2.95,2.97,2.91,2.82,2.90,2.92,2.92,2.92,2.94,2.98,3.07,3.19,3.20,3.23,3.24,3.21,3.17,3.23,2.80,2.04,1.01,-1.77,-2.25,-2.11,-2.00,-1.93,-1.86,-1.67,-1.07,0.20,1.66,2.56,2.90,2.80,2.83,2.84,2.90,2.97,2.95,2.85,2.74,2.68,2.69,2.73,2.80,2.84,2.81,2.67,2.49,2.39,2.38,2.43,2.46,2.51,2.56,2.59,2.54,2.46,2.34,2.23,2.27,2.21,2.24,2.31,2.37,2.39,2.37,2.33,2.29,2.25,2.32,2.35,2.31,2.23,2.22,2.17,2.12,2.08,1.98,1.90,1.88,1.88,1.82,1.89,1.89,1.87,1.88,1.89,1.95,2.03,2.11,2.10,1.99,1.90,1.85,1.84,1.89,1.78,1.71,1.78,1.72,1.66,1.60,1.57,1.60,1.52,1.49,1.54,1.66,1.68,1.61,1.52,1.45,1.63,1.66,1.69,1.78,1.97,2.07,2.15,2.19,2.18,2.16,2.18,2.22,2.25,2.24,2.11,2.05,2.10,2.25,2.35,2.25,2.26,2.46,2.44,2.49,2.52,2.53,2.57,2.53,2.50,2.44,2.33,2.34,2.36,2.38,2.40,2.41,2.44,2.45,2.46,2.53,2.48,2.53,2.59,2.62,2.62,2.56,2.49,2.44,2.43,2.37,2.33,2.28,2.23,2.21,2.25,2.27,2.27,2.32,2.32,2.40,2.49,2.51,2.52,2.46,2.41,2.43,2.45,2.43,2.39,2.37,2.43,2.47,2.46,2.44,2.42
2.99,2.98,3.01,3.00,2.95,2.93,2.90,2.85,2.80,2.76,2.70,2.61,2.48,2.36,2.35,2.35,2.33,2.33,2.45,2.56,2.74,2.76,2.49,2.38,2.28,2.24,2.26,2.29,2.36,2.37,2.36,2.36,2.37,2.37,2.38,2.39,2.33,2.29,2.27,2.27,2.26,2.26,2.22,2.18,2.15,2.18,2.23,2.28,2.30,2.30,2.28,2.22,2.18,2.18,2.28,2.35,2.42,2.48,2.43,2.43,2.50,2.62,2.71,2.73,2.77,2.81,2.83,2.85,2.85,2.86,2.84,2.78,2.93,2.99,2.98,2.99,2.99,3.08,3.18,3.25,3.32,3.32,3.32,3.32,3.29,3.35,2.74,1.89,1.03,-1.65,-2.17,-2.07,-1.98,-1.88,-1.85,-1.42,-0.52,0.84,2.24,2.89,3.04,2.94,2.94,2.95,3.01,3.06,2.98,2.84,2.74,2.68,2.67,2.80,2.84,2.85,2.83,2.67,2.51,2.42,2.39,2.41,2.41,2.45,2.50,2.54,2.51,2.43,2.33,2.25,2.26,2.21,2.26,2.33,2.36,2.37,2.36,2.34,2.30,2.26,2.29,2.31,2.30,2.27,2.23,2.19,2.15,2.11,2.00,1.93,1.92,1.92,1.87,1.84,1.86,1.88,1.84,1.83,1.90,1.98,2.03,2.06,2.00,1.94,1.89,1.85,1.86,1.77,1.70,1.71,1.66,1.64,1.61,1.58,1.56,1.49,1.49,1.56,1.68,1.66,1.59,1.53,1.53,1.66,1.69,1.73,1.84,2.02,2.11,2.18,2.22,2.20,2.19,2.20,2.19,2.16,2.14,2.09,2.04,2.04,2.16,2.25,2.23,2.27,2.40,2.41,2.51,2.56,2.56,2.59,2.61,2.61,2.56,2.48,2.47,2.45,2.41,2.39,2.41,2.41,2.40,2.41,2.41,2.35,2.39,2.46,2.52,2.52,2.46,2.41,2.37,2.35,2.30,2.27,2.25,2.24,2.25,2.27,2.31,2.36,2.39,2.40,2.40,2.41,2.44,2.46,2.46,2.46,2.49,2.50,2.47,2.45,2.44,2.47,2.47,2.43,2.41,2.45
2.96,2.98,2.99,2.97,2.93,2.93,2.88,2.83,2.78,2.73,2.68,2.61,2.49,2.37,2.36,2.35,2.36,2.41,2.51,2.56,2.65,2.62,2.39,2.31,2.24,2.25,2.32,2.35,2.37,2.38,2.38,2.38,2.37,2.36,2.36,2.37,2.31,2.29,2.27,2.26,2.26,2.27,2.24,2.18,2.13,2.15,2.20,2.24,2.25,2.23,2.21,2.16,2.13,2.16,2.24,2.28,2.30,2.31,2.31,2.28,2.35,2.48,2.56,2.62,2.67,2.71,2.77,2.79,2.78,2.79,2.81,2.78,2.96,3.05,3.05,3.06,3.11,3.23,3.32,3.35,3.43,3.41,3.40,3.41,3.41,3.36,2.62,1.46,0.10,-1.77,-2.13,-2.05,-1.96,-1.85,-1.83,-1.19,-0.01,1.44,2.74,3.19,3.21,3.10,3.05,3.04,3.07,3.07,2.97,2.83,2.74,2.70,2.70,2.87,2.90,2.87,2.81,2.66,2.50,2.42,2.40,2.40,2.39,2.41,2.46,2.49,2.47,2.38,2.30,2.27,2.25,2.23,2.28,2.34,2.35,2.36,2.36,2.34,2.30,2.26,2.26,2.27,2.26,2.26,2.21,2.19,2.17,2.12,2.00,1.96,1.95,1.95,1.91,1.81,1.84,1.88,1.84,1.81,1.83,1.87,1.92,1.96,1.94,1.91,1.89,1.88,1.84,1.77,1.71,1.69,1.63,1.62,1.61,1.57,1.54,1.47,1.50,1.59,1.67,1.63,1.55,1.52,1.58,1.70,1.73,1.77,1.86,2.03,2.09,2.17,2.23,2.23,2.21,2.21,2.17,2.11,2.08,2.05,2.02,2.02,2.11,2.18,2.22,2.27,2.35,2.40,2.50,2.56,2.58,2.60,2.63,2.65,2.63,2.59,2.55,2.50,2.45,2.41,2.44,2.41,2.40,2.38,2.33,2.28,2.29,2.35,2.40,2.38,2.33,2.30,2.30,2.30,2.26,2.23,2.22,2.24,2.26,2.27,2.32,2.41,2.44,2.48,2.44,2.38,2.40,2.43,2.46,2.49,2.51,2.53,2.50,2.49,2.49,2.51,2.48,2.43,2.42,2.48
2.93,3.00,2.98,2.95,2.93,2.91,2.84,2.79,2.74,2.68,2.65,2.58,2.51,2.44,2.38,2.36,2.41,2.48,2.53,2.63,2.57,2.43,2.32,2.26,2.23,2.27,2.35,2.38,2.39,2.39,2.39,2.40,2.38,2.33,2.30,2.30,2.26,2.27,2.26,2.25,2.27,2.27,2.23,2.18,2.13,2.14,2.14,2.16,2.17,2.14,2.13,2.10,2.10,2.16,2.17,2.17,2.14,2.08,2.21,2.19,2.23,2.34,2.40,2.46,2.52,2.61,2.71,2.72,2.75,2.78,2.81,2.84,2.98,3.08,3.12,3.14,3.31,3.43,3.50,3.52,3.53,3.50,3.48,3.49,3.54,3.26,2.43,0.69,-1.96,-2.16,-2.13,-2.04,-1.95,-1.83,-1.79,-0.96,0.46,2.02,3.14,3.47,3.42,3.30,3.17,3.10,3.05,3.01,2.92,2.83,2.75,2.73,2.80,2.93,2.97,2.90,2.75,2.62,2.46,2.40,2.41,2.40,2.39,2.40,2.42,2.43,2.42,2.32,2.27,2.28,2.25,2.28,2.30,2.32,2.33,2.35,2.35,2.34,2.31,2.27,2.25,2.22,2.19,2.20,2.17,2.18,2.17,2.10,1.97,1.97,1.97,1.94,1.92,1.82,1.83,1.88,1.88,1.84,1.75,1.71,1.76,1.80,1.81,1.80,1.82,1.91,1.80,1.76,1.75,1.72,1.64,1.61,1.59,1.56,1.56,1.46,1.52,1.62,1.64,1.59,1.51,1.51,1.62,1.75,1.78,1.79,1.83,1.98,2.02,2.10,2.19,2.25,2.23,2.19,2.15,2.10,2.08,2.00,2.00,2.05,2.10,2.17,2.22,2.26,2.29,2.42,2.46,2.52,2.59,2.61,2.59,2.61,2.64,2.64,2.56,2.51,2.48,2.47,2.50,2.47,2.44,2.39,2.32,2.27,2.26,2.27,2.26,2.20,2.15,2.15,2.20,2.29,2.26,2.22,2.20,2.23,2.26,2.25,2.29,2.40,2.48,2.56,2.52,2.43,2.39,2.44,2.48,2.50,2.50,2.54,2.52,2.51,2.52,2.53,2.49,2.47,2.47,2.51
2.94,2.97,2.97,2.96,2.95,2.93,2.84,2.76,2.70,2.65,2.61,2.54,2.44,2.35,2.37,2.42,2.48,2.54,2.57,2.57,2.49,2.37,2.26,2.23,2.27,2.33,2.37,2.38,2.38,2.38,2.38,2.39,2.36,2.31,2.29,2.30,2.27,2.24,2.23,2.25,2.26,2.24,2.22,2.18,2.15,2.17,2.12,2.09,2.10,2.10,2.08,2.09,2.11,2.14,2.14,2.14,2.11,2.08,2.15,2.11,2.15,2.25,2.29,2.39,2.47,2.56,2.65,2.71,2.75,2.78,2.82,2.87,2.97,3.06,3.15,3.23,3.38,3.50,3.59,3.63,3.65,3.62,3.58,3.57,3.65,3.06,2.16,0.42,-2.27,-2.21,-2.09,-1.98,-1.88,-1.81,-1.42,-0.46,0.98,2.68,3.46,3.67,3.63,3.55,3.45,3.22,3.05,2.97,2.88,2.78,2.72,2.74,2.84,2.93,2.97,2.92,2.77,2.61,2.45,2.39,2.40,2.42,2.41,2.40,2.40,2.40,2.39,2.30,2.27,2.28,2.23,2.30,2.31,2.30,2.32,2.34,2.34,2.34,2.32,2.28,2.25,2.22,2.19,2.20,2.17,2.17,2.14,2.05,1.97,1.97,1.96,1.93,1.89,1.80,1.81,1.86,1.89,1.88,1.80,1.75,1.77,1.80,1.81,1.79,1.80,1.89,1.80,1.75,1.74,1.74,1.68,1.65,1.62,1.57,1.50,1.47,1.56,1.65,1.64,1.56,1.53,1.56,1.64,1.75,1.80,1.81,1.85,1.98,1.99,2.03,2.10,2.17,2.17,2.14,2.10,2.06,1.98,1.88,1.90,2.00,2.06,2.16,2.21,2.25,2.30,2.37,2.41,2.46,2.50,2.50,2.49,2.56,2.65,2.70,2.62,2.54,2.49,2.49,2.49,2.49,2.44,2.38,2.34,2.33,2.33,2.31,2.27,2.23,2.14,2.11,2.15,2.21,2.20,2.20,2.18,2.14,2.20,2.22,2.27,2.37,2.44,2.51,2.50,2.44,2.34,2.37,2.41,2.46,2.49,2.50,2.47,2.50,2.55,2.49,2.46,2.45,2.45,2.46
2.96,2.95,2.97,2.98,2.97,2.95,2.84,2.74,2.66,2.61,2.56,2.48,2.37,2.27,2.38,2.48,2.56,2.60,2.59,2.51,2.42,2.33,2.23,2.23,2.31,2.37,2.38,2.38,2.38,2.37,2.37,2.38,2.34,2.30,2.29,2.31,2.29,2.23,2.23,2.25,2.25,2.22,2.20,2.18,2.16,2.19,2.11,2.06,2.05,2.08,2.05,2.07,2.10,2.10,2.10,2.10,2.10,2.11,2.09,2.05,2.08,2.17,2.21,2.34,2.44,2.53,2.61,2.71,2.75,2.79,2.84,2.89,2.97,3.06,3.17,3.30,3.41,3.54,3.65,3.72,3.76,3.75,3.71,3.70,3.79,2.94,1.95,0.27,-2.28,-2.18,-2.04,-1.91,-1.82,-1.79,-1.11,0.11,1.68,3.32,3.75,3.86,3.83,3.79,3.70,3.37,3.10,2.94,2.85,2.75,2.70,2.74,2.86,2.93,2.97,2.92,2.77,2.60,2.45,2.39,2.39,2.43,2.41,2.39,2.38,2.37,2.35,2.29,2.28,2.28,2.20,2.30,2.31,2.29,2.30,2.32,2.33,2.33,2.32,2.29,2.26,2.21,2.18,2.20,2.17,2.16,2.12,2.03,1.99,1.96,1.95,1.92,1.84,1.80,1.81,1.86,1.91,1.91,1.86,1.81,1.81,1.83,1.82,1.80,1.80,1.87,1.82,1.77,1.75,1.76,1.71,1.68,1.63,1.56,1.46,1.50,1.59,1.66,1.62,1.53,1.55,1.59,1.65,1.74,1.80,1.83,1.85,1.97,1.95,1.96,2.00,2.08,2.08,2.06,2.04,2.01,1.88,1.78,1.83,1.94,2.00,2.14,2.18,2.23,2.31,2.33,2.36,2.39,2.40,2.37,2.41,2.53,2.65,2.71,2.65,2.56,2.51,2.51,2.50,2.50,2.44,2.38,2.36,2.39,2.39,2.35,2.29,2.27,2.18,2.15,2.16,2.17,2.16,2.18,2.16,2.07,2.13,2.16,2.21,2.27,2.33,2.39,2.42,2.39,2.27,2.29,2.34,2.40,2.46,2.43,2.41,2.47,2.55,2.47,2.44,2.43,2.42,2.40
2.98,2.97,3.00,3.00,2.99,2.97,2.86,2.74,2.64,2.56,2.50,2.40,2.32,2.32,2.45,2.56,2.65,2.68,2.54,2.48,2.40,2.30,2.25,2.32,2.37,2.38,2.37,2.37,2.37,2.36,2.36,2.36,2.34,2.29,2.28,2.30,2.26,2.27,2.27,2.25,2.23,2.20,2.18,2.16,2.17,2.18,2.14,2.10,2.08,2.07,2.04,2.01,2.00,2.05,2.05,2.04,2.06,2.09,2.04,2.02,2.03,2.08,2.17,2.31,2.42,2.52,2.62,2.71,2.74,2.78,2.86,2.90,3.01,3.12,3.22,3.32,3.39,3.53,3.68,3.78,3.84,3.86,3.91,3.97,3.98,3.05,1.96,0.23,-2.25,-2.13,-1.99,-1.87,-1.79,-1.76,-1.09,0.75,2.85,3.87,4.01,4.03,4.00,3.95,3.85,3.58,3.25,2.95,2.85,2.75,2.72,2.75,2.84,2.97,2.95,2.85,2.70,2.60,2.49,2.41,2.37,2.41,2.40,2.38,2.37,2.36,2.33,2.31,2.29,2.25,2.17,2.28,2.29,2.26,2.27,2.29,2.30,2.29,2.28,2.30,2.27,2.20,2.14,2.17,2.15,2.16,2.15,2.10,2.02,1.97,1.94,1.90,1.81,1.82,1.84,1.88,1.96,1.97,1.90,1.85,1.84,1.83,1.82,1.83,1.85,1.87,1.87,1.87,1.84,1.76,1.70,1.65,1.58,1.52,1.53,1.56,1.62,1.64,1.58,1.50,1.51,1.56,1.63,1.70,1.76,1.80,1.84,1.89,1.87,1.89,1.93,1.97,1.96,1.97,1.98,1.95,1.81,1.78,1.83,1.89,1.91,2.05,2.13,2.20,2.28,2.31,2.32,2.31,2.28,2.23,2.40,2.53,2.59,2.60,2.59,2.59,2.57,2.54,2.56,2.50,2.43,2.39,2.41,2.39,2.40,2.36,2.28,2.28,2.31,2.31,2.28,2.25,2.18,2.18,2.15,2.03,2.03,2.03,2.01,2.02,2.10,2.17,2.21,2.22,2.19,2.20,2.25,2.31,2.34,2.33,2.32,2.38,2.46,2.48,2.47,2.43,2.39,2.37
2.99,3.01,3.04,3.03,2.99,2.95,2.83,2.72,2.61,2.51,2.43,2.36,2.34,2.41,2.62,2.65,2.66,2.64,2.51,2.45,2.37,2.30,2.26,2.30,2.35,2.38,2.37,2.37,2.36,2.35,2.34,2.33,2.32,2.29,2.27,2.26,2.25,2.29,2.30,2.28,2.22,2.20,2.17,2.15,2.16,2.15,2.13,2.10,2.07,2.07,2.01,1.96,1.93,1.95,1.94,1.96,1.99,2.03,2.00,1.97,1.97,2.03,2.15,2.30,2.41,2.51,2.60,2.67,2.69,2.75,2.85,2.89,3.06,3.19,3.29,3.36,3.44,3.58,3.71,3.82,3.89,3.94,4.06,4.21,4.20,2.77,1.45,-0.15,-2.21,-2.04,-1.90,-1.79,-1.73,-1.71,-1.10,1.01,3.36,4.20,4.19,4.16,4.13,4.06,3.92,3.65,3.32,3.03,2.89,2.79,2.76,2.78,2.83,2.93,2.85,2.73,2.62,2.57,2.51,2.46,2.43,2.40,2.40,2.41,2.41,2.40,2.32,2.31,2.28,2.23,2.20,2.27,2.27,2.24,2.24,2.26,2.26,2.23,2.20,2.24,2.22,2.17,2.12,2.13,2.13,2.15,2.15,2.11,2.07,2.00,1.94,1.89,1.79,1.81,1.85,1.91,1.99,2.01,1.93,1.87,1.86,1.84,1.82,1.83,1.86,1.88,1.91,1.93,1.92,1.86,1.78,1.71,1.61,1.53,1.58,1.61,1.64,1.65,1.59,1.51,1.49,1.53,1.61,1.65,1.70,1.75,1.79,1.80,1.79,1.81,1.84,1.88,1.89,1.90,1.88,1.85,1.78,1.78,1.82,1.87,1.88,2.02,2.09,2.15,2.21,2.23,2.24,2.24,2.23,2.20,2.35,2.46,2.52,2.52,2.54,2.59,2.59,2.55,2.56,2.52,2.47,2.44,2.44,2.42,2.42,2.38,2.28,2.24,2.33,2.34,2.28,2.23,2.17,2.16,2.13,2.05,2.03,2.00,1.96,1.93,1.98,2.03,2.06,2.08,2.11,2.15,2.18,2.21,2.23,2.23,2.24,2.30,2.38,2.45,2.45,2.41,2.37,2.34
3.00,3.05,3.07,3.05,2.98,2.89,2.78,2.67,2.56,2.45,2.37,2.34,2.39,2.53,2.81,2.74,2.64,2.56,2.48,2.40,2.34,2.31,2.27,2.22,2.30,2.36,2.37,2.36,2.35,2.34,2.32,2.31,2.30,2.29,2.26,2.22,2.24,2.29,2.33,2.31,2.23,2.21,2.18,2.15,2.14,2.10,2.10,2.08,2.05,2.07,1.98,1.91,1.88,1.85,1.81,1.86,1.91,1.93,1.96,1.90,1.91,2.01,2.15,2.29,2.40,2.49,2.58,2.62,2.64,2.71,2.83,2.88,3.10,3.28,3.38,3.41,3.54,3.65,3.75,3.85,3.95,4.01,4.19,4.39,4.37,2.19,0.61,-0.74,-2.15,-1.94,-1.79,-1.68,-1.64,-1.67,-1.14,1.08,3.61,4.41,4.31,4.26,4.22,4.14,3.95,3.64,3.35,3.12,2.95,2.86,2.83,2.83,2.84,2.85,2.72,2.60,2.55,2.55,2.51,2.53,2.53,2.40,2.42,2.45,2.46,2.45,2.32,2.30,2.26,2.20,2.26,2.26,2.24,2.22,2.20,2.24,2.22,2.16,2.10,2.17,2.15,2.14,2.12,2.08,2.12,2.14,2.13,2.10,2.10,2.03,1.95,1.87,1.78,1.78,1.85,1.94,2.01,2.04,1.97,1.89,1.86,1.84,1.82,1.82,1.85,1.90,1.95,1.97,1.99,2.00,1.88,1.79,1.67,1.56,1.63,1.65,1.67,1.66,1.62,1.53,1.47,1.49,1.58,1.60,1.64,1.69,1.73,1.71,1.71,1.72,1.75,1.81,1.85,1.84,1.79,1.74,1.79,1.77,1.82,1.88,1.88,2.02,2.07,2.09,2.12,2.14,2.14,2.18,2.23,2.22,2.28,2.37,2.44,2.45,2.51,2.59,2.60,2.55,2.53,2.55,2.53,2.49,2.48,2.46,2.45,2.40,2.28,2.18,2.30,2.31,2.23,2.16,2.14,2.13,2.11,2.10,2.07,2.03,1.98,1.93,1.92,1.93,1.94,1.96,2.04,2.10,2.11,2.12,2.12,2.14,2.16,2.22,2.30,2.40,2.41,2.38,2.34,2.31
3.03,3.04,3.02,2.99,2.92,2.82,2.71,2.60,2.50,2.40,2.36,2.40,2.54,2.75,2.86,2.86,2.71,2.50,2.40,2.31,2.29,2.28,2.22,2.23,2.26,2.29,2.33,2.35,2.34,2.33,2.31,2.30,2.29,2.26,2.25,2.26,2.25,2.27,2.29,2.30,2.28,2.24,2.20,2.16,2.12,2.10,2.06,2.06,2.08,2.06,1.99,1.90,1.84,1.82,1.77,1.80,1.81,1.78,1.84,1.87,1.91,2.02,2.22,2.30,2.38,2.46,2.52,2.56,2.59,2.66,2.78,2.93,3.15,3.34,3.48,3.59,3.65,3.70,3.78,3.89,4.07,4.16,4.29,4.25,3.63,0.30,-1.21,-1.69,-2.03,-1.80,-1.68,-1.56,-1.49,-1.68,-1.50,1.28,4.40,4.48,4.33,4.28,4.25,4.17,3.98,3.64,3.33,3.11,2.98,2.92,2.91,2.92,2.91,2.81,2.70,2.62,2.60,2.61,2.55,2.58,2.60,2.46,2.47,2.49,2.48,2.42,2.33,2.31,2.27,2.22,2.26,2.26,2.25,2.24,2.23,2.20,2.19,2.16,2.11,2.15,2.13,2.12,2.11,2.07,2.08,2.08,2.07,2.05,2.01,1.98,1.92,1.85,1.78,1.75,1.83,1.94,2.01,2.05,2.02,1.94,1.84,1.82,1.78,1.77,1.80,1.87,1.93,1.99,2.01,1.96,1.85,1.77,1.62,1.47,1.57,1.62,1.63,1.61,1.57,1.50,1.48,1.49,1.51,1.52,1.54,1.58,1.62,1.61,1.67,1.70,1.73,1.76,1.78,1.80,1.77,1.72,1.79,1.76,1.79,1.83,1.84,1.93,1.98,2.02,2.06,2.11,2.16,2.22,2.27,2.28,2.31,2.35,2.40,2.45,2.47,2.52,2.52,2.47,2.48,2.54,2.56,2.53,2.47,2.46,2.43,2.41,2.38,2.25,2.27,2.25,2.18,2.14,2.11,2.09,2.07,2.08,2.12,2.15,2.15,2.12,2.08,2.03,1.98,1.95,1.95,2.02,2.05,2.07,2.07,2.03,2.11,2.16,2.19,2.25,2.30,2.31,2.29,2.24
3.02,3.00,2.96,2.92,2.86,2.75,2.63,2.54,2.45,2.36,2.39,1.39,0.90,1.54,2.75,2.87,2.69,2.45,2.33,2.30,2.31,2.30,2.24,2.26,2.24,2.25,2.28,2.31,2.32,2.31,2.30,2.29,2.27,2.26,2.26,2.28,2.26,2.26,2.27,2.29,2.29,2.25,2.21,2.16,2.09,2.07,2.05,2.06,2.09,2.05,2.01,1.92,1.84,1.82,1.74,1.74,1.74,1.72,1.79,1.86,1.90,1.99,2.23,2.29,2.36,2.43,2.47,2.50,2.54,2.63,2.77,2.96,3.17,3.35,3.52,3.68,3.73,3.79,3.87,3.99,4.15,4.28,4.36,3.90,2.01,-1.04,-2.15,-2.14,-1.90,-1.67,-1.55,-1.45,-1.42,-1.67,-1.68,0.46,3.30,4.57,4.38,4.27,4.21,4.14,4.00,3.68,3.39,3.19,3.07,3.01,3.01,3.03,3.03,2.85,2.75,2.68,2.65,2.67,2.59,2.60,2.62,2.52,2.51,2.51,2.47,2.40,2.36,2.32,2.28,2.25,2.27,2.26,2.26,2.25,2.24,2.18,2.17,2.14,2.11,2.13,2.12,2.11,2.08,2.03,2.03,2.03,2.04,2.04,1.99,1.96,1.90,1.82,1.78,1.75,1.82,1.92,2.01,2.03,2.01,1.94,1.83,1.79,1.76,1.74,1.77,1.88,1.93,1.99,1.99,1.92,1.83,1.74,1.58,1.43,1.53,1.58,1.58,1.54,1.48,1.48,1.51,1.52,1.51,1.50,1.49,1.52,1.55,1.57,1.62,1.64,1.67,1.72,1.71,1.73,1.73,1.72,1.75,1.76,1.78,1.81,1.83,1.89,1.93,1.98,2.02,2.06,2.13,2.20,2.25,2.28,2.31,2.32,2.36,2.42,2.44,2.46,2.45,2.41,2.42,2.52,2.57,2.55,2.48,2.47,2.45,2.44,2.42,2.29,2.24,2.19,2.14,2.10,2.08,2.07,2.06,2.08,2.16,2.22,2.24,2.21,2.17,2.14,2.08,2.01,1.98,2.01,2.03,2.05,2.05,1.99,2.06,2.10,2.09,2.12,2.16,2.20,2.22,2.20
2.97,2.92,2.88,2.85,2.79,2.68,2.56,2.48,2.41,2.33,2.46,-0.75,-2.64,-1.20,2.48,2.76,2.56,2.40,2.28,2.35,2.40,2.39,2.35,2.31,2.25,2.22,2.24,2.25,2.30,2.30,2.28,2.28,2.26,2.27,2.28,2.29,2.26,2.25,2.25,2.27,2.26,2.24,2.22,2.17,2.04,2.03,2.07,2.09,2.08,2.03,2.04,1.97,1.88,1.85,1.70,1.66,1.69,1.76,1.82,1.87,1.88,1.93,2.19,2.25,2.32,2.38,2.41,2.44,2.50,2.63,2.81,2.97,3.14,3.32,3.50,3.66,3.77,3.92,4.05,4.13,4.20,4.37,4.40,3.35,-0.54,-1.80,-2.16,-2.04,-1.78,-1.54,-1.39,-1.35,-1.44,-1.63,-1.66,-1.44,0.22,4.68,4.46,4.23,4.09,4.06,3.99,3.74,3.52,3.36,3.23,3.14,3.12,3.15,3.20,2.97,2.86,2.78,2.71,2.74,2.60,2.57,2.60,2.57,2.53,2.51,2.46,2.37,2.38,2.31,2.28,2.29,2.29,2.28,2.27,2.27,2.25,2.19,2.15,2.12,2.11,2.12,2.13,2.10,2.04,1.98,1.98,1.99,2.01,2.05,2.06,1.97,1.87,1.79,1.79,1.81,1.83,1.89,2.02,1.98,1.94,1.90,1.82,1.74,1.74,1.73,1.75,1.91,1.94,1.97,1.96,1.89,1.82,1.71,1.57,1.45,1.49,1.53,1.53,1.46,1.35,1.47,1.55,1.58,1.58,1.54,1.51,1.51,1.53,1.58,1.56,1.55,1.58,1.67,1.64,1.65,1.69,1.74,1.67,1.76,1.79,1.81,1.85,1.91,1.95,1.98,2.01,1.99,2.03,2.10,2.18,2.23,2.27,2.29,2.31,2.34,2.39,2.42,2.39,2.35,2.36,2.50,2.56,2.55,2.52,2.50,2.51,2.48,2.40,2.28,2.20,2.14,2.09,2.05,2.05,2.07,2.09,2.10,2.18,2.23,2.24,2.23,2.21,2.27,2.24,2.16,2.13,2.09,2.06,2.06,2.05,2.00,2.02,2.03,2.01,1.99,1.97,2.06,2.15,2.17
2.93,2.86,2.81,2.77,2.72,2.63,2.52,2.42,2.37,2.30,-0.25,-2.39,-3.27,-2.59,-0.90,1.49,2.47,2.36,2.37,2.42,2.44,2.43,2.38,2.34,2.28,2.23,2.20,2.22,2.21,2.21,2.22,2.25,2.27,2.27,2.26,2.24,2.24,2.24,2.24,2.23,2.22,2.21,2.18,2.11,2.02,2.03,2.05,2.06,2.04,2.02,2.04,1.99,1.91,1.85,1.74,1.68,1.67,1.70,1.77,1.84,1.87,1.93,2.19,2.19,2.26,2.33,2.35,2.36,2.52,2.69,2.83,2.96,3.12,3.29,3.46,3.63,3.75,3.93,4.09,4.17,4.22,4.38,3.65,1.71,-1.56,-2.02,-2.05,-1.87,-1.62,-1.41,-1.35,-1.36,-1.42,-1.57,-1.65,-1.66,-0.96,1.22,3.73,4.25,4.05,3.94,3.86,3.74,3.58,3.43,3.31,3.26,3.24,3.27,3.33,3.12,2.95,2.84,2.80,2.81,2.67,2.65,2.68,2.64,2.60,2.58,2.52,2.43,2.42,2.35,2.32,2.32,2.31,2.30,2.29,2.28,2.25,2.20,2.16,2.14,2.13,2.15,2.17,2.12,2.03,1.95,1.94,1.94,1.96,1.99,2.03,1.97,1.87,1.78,1.78,1.82,1.87,1.94,2.02,1.93,1.86,1.80,1.74,1.68,1.70,1.70,1.71,1.84,1.89,1.91,1.88,1.82,1.75,1.64,1.52,1.45,1.50,1.52,1.48,1.40,1.32,1.49,1.57,1.61,1.62,1.62,1.61,1.60,1.61,1.67,1.60,1.55,1.56,1.64,1.64,1.69,1.71,1.69,1.69,1.83,1.89,1.90,1.92,1.94,2.00,2.03,2.03,2.02,2.03,2.08,2.14,2.18,2.20,2.23,2.25,2.26,2.33,2.35,2.33,2.31,2.36,2.44,2.47,2.41,2.27,2.32,2.38,2.43,2.44,2.38,2.25,2.13,2.05,2.06,2.05,2.06,2.08,2.11,2.19,2.21,2.21,2.20,2.20,2.27,2.23,2.16,2.13,2.10,2.09,2.10,2.12,2.10,2.09,2.07,2.04,1.99,1.95,2.01,2.09,2.10
2.90,2.82,2.75,2.70,2.65,2.57,2.47,2.38,2.18,1.59,-2.51,-3.49,-3.46,-3.33,-2.52,0.85,2.40,2.35,2.45,2.47,2.47,2.45,2.41,2.37,2.33,2.27,2.20,2.17,2.15,2.15,2.17,2.21,2.26,2.26,2.23,2.20,2.22,2.24,2.23,2.20,2.19,2.18,2.14,2.07,2.01,2.03,2.03,2.02,2.01,2.00,2.03,2.00,1.93,1.85,1.76,1.70,1.66,1.66,1.71,1.78,1.84,1.92,2.14,2.11,2.18,2.26,2.28,2.31,2.54,2.73,2.83,2.95,3.10,3.26,3.43,3.60,3.72,3.92,4.09,4.17,4.23,4.02,2.44,-0.07,-2.15,-2.08,-1.89,-1.67,-1.44,-1.32,-1.34,-1.39,-1.42,-1.54,-1.64,-1.67,-1.65,-1.56,2.26,3.40,3.54,3.69,3.71,3.69,3.60,3.45,3.35,3.35,3.35,3.37,3.42,3.26,3.04,2.91,2.89,2.87,2.75,2.74,2.77,2.71,2.68,2.64,2.57,2.50,2.45,2.39,2.36,2.34,2.32,2.32,2.31,2.29,2.25,2.21,2.17,2.15,2.15,2.17,2.19,2.12,2.01,1.94,1.91,1.90,1.90,1.92,1.98,1.93,1.85,1.78,1.78,1.84,1.91,1.98,2.01,1.90,1.81,1.73,1.68,1.64,1.65,1.66,1.69,1.78,1.85,1.85,1.81,1.74,1.67,1.56,1.47,1.45,1.50,1.50,1.44,1.36,1.33,1.52,1.59,1.63,1.65,1.68,1.70,1.68,1.68,1.73,1.66,1.60,1.58,1.64,1.66,1.73,1.73,1.67,1.76,1.91,1.98,1.99,2.00,1.98,2.05,2.10,2.08,2.09,2.09,2.10,2.13,2.16,2.15,2.18,2.21,2.21,2.27,2.28,2.26,2.25,2.33,2.35,2.35,2.28,2.10,2.16,2.25,2.36,2.46,2.45,2.29,2.13,2.03,2.07,2.06,2.05,2.07,2.14,2.20,2.20,2.18,2.18,2.20,2.24,2.20,2.14,2.12,2.10,2.12,2.14,2.17,2.18,2.15,2.11,2.08,2.04,1.99,2.03,2.07,2.06
2.86,2.79,2.71,2.64,2.58,2.53,2.40,2.39,1.63,-0.72,-2.96,-3.48,-3.47,-2.91,0.88,2.05,2.38,2.40,2.48,2.48,2.49,2.48,2.42,2.43,2.38,2.33,2.27,2.10,2.16,2.19,2.18,2.14,2.21,2.22,2.20,2.20,2.24,2.24,2.22,2.21,2.20,2.17,2.13,2.07,2.03,2.02,2.00,1.99,1.99,1.98,2.01,1.99,1.93,1.85,1.74,1.70,1.70,1.70,1.63,1.67,1.75,1.85,1.95,2.02,2.08,2.14,2.20,2.32,2.53,2.70,2.82,2.95,3.08,3.23,3.40,3.57,3.69,3.90,4.05,4.11,4.21,2.80,0.41,-1.86,-2.18,-1.95,-1.68,-1.44,-1.27,-1.32,-1.39,-1.45,-1.49,-1.57,-1.63,-1.66,-1.69,-1.74,-0.73,0.51,1.87,3.15,3.56,3.59,3.50,3.40,3.34,3.39,3.38,3.39,3.45,3.35,3.15,3.03,3.00,2.92,2.87,2.87,2.86,2.79,2.77,2.67,2.59,2.58,2.46,2.42,2.40,2.37,2.34,2.33,2.33,2.31,2.27,2.23,2.19,2.15,2.12,2.16,2.16,2.09,1.99,1.95,1.91,1.85,1.82,1.84,1.92,1.85,1.79,1.78,1.79,1.88,1.94,1.97,1.98,1.89,1.81,1.74,1.67,1.65,1.61,1.63,1.70,1.77,1.81,1.79,1.74,1.68,1.58,1.47,1.42,1.45,1.47,1.45,1.38,1.34,1.41,1.58,1.62,1.64,1.67,1.71,1.74,1.73,1.70,1.70,1.71,1.69,1.67,1.69,1.70,1.73,1.72,1.73,1.92,1.96,2.00,2.04,2.08,2.07,2.10,2.15,2.19,2.21,2.23,2.21,2.18,2.18,2.15,2.17,2.21,2.24,2.24,2.21,2.18,2.17,2.23,2.18,2.19,2.21,2.14,2.15,2.20,2.30,2.42,2.40,2.29,2.14,2.03,2.03,2.05,2.07,2.10,2.16,2.20,2.17,2.16,2.18,2.20,2.21,2.18,2.12,2.11,2.13,2.14,2.14,2.14,2.17,2.15,2.12,2.11,2.15,2.13,2.14,2.13,2.07
2.80,2.74,2.67,2.59,2.53,2.47,2.42,1.41,-0.32,-2.34,-3.26,-3.49,-2.56,-0.44,2.10,2.41,2.41,2.46,2.53,2.53,2.55,2.53,2.47,2.45,2.40,2.34,2.26,2.13,2.18,2.18,2.15,2.13,2.13,2.16,2.18,2.19,2.23,2.23,2.21,2.20,2.20,2.15,2.09,2.05,2.02,2.00,1.99,1.98,1.97,1.96,2.00,1.97,1.90,1.81,1.78,1.76,1.74,1.72,1.67,1.66,1.71,1.78,1.83,1.92,1.98,2.04,2.13,2.28,2.50,2.68,2.81,2.94,3.07,3.21,3.37,3.54,3.67,3.86,3.99,3.95,3.53,1.06,-1.12,-2.27,-2.09,-1.63,-1.34,-1.21,-1.22,-1.34,-1.43,-1.50,-1.56,-1.62,-1.68,-1.72,-1.78,-1.89,-1.71,-0.95,0.05,1.00,1.39,2.09,2.83,3.36,3.31,3.33,3.30,3.30,3.38,3.35,3.21,3.11,3.09,3.00,2.99,2.97,2.94,2.86,2.86,2.75,2.66,2.65,2.50,2.47,2.45,2.41,2.37,2.35,2.35,2.33,2.29,2.24,2.20,2.16,2.13,2.18,2.13,2.08,2.04,2.00,1.94,1.88,1.83,1.82,1.85,1.79,1.76,1.77,1.77,1.85,1.91,1.94,1.94,1.84,1.76,1.69,1.62,1.63,1.59,1.62,1.69,1.73,1.76,1.74,1.70,1.66,1.54,1.43,1.41,1.45,1.45,1.42,1.34,1.32,1.46,1.59,1.63,1.66,1.69,1.73,1.76,1.75,1.73,1.71,1.75,1.74,1.72,1.72,1.70,1.68,1.69,1.76,1.95,1.98,2.03,2.09,2.14,2.14,2.17,2.21,2.24,2.26,2.28,2.26,2.22,2.23,2.21,2.20,2.21,2.22,2.19,2.17,2.15,2.13,2.18,2.15,2.14,2.15,2.12,2.17,2.19,2.28,2.41,2.33,2.23,2.11,2.00,1.98,2.05,2.10,2.15,2.20,2.24,2.21,2.19,2.20,2.20,2.21,2.17,2.12,2.11,2.13,2.12,2.12,2.13,2.16,2.14,2.13,2.14,2.20,2.23,2.23,2.20,2.12
2.73,2.69,2.62,2.55,2.49,2.43,2.47,0.14,-2.64,-3.53,-3.48,-3.26,-1.13,2.51,2.40,2.42,2.47,2.52,2.58,2.59,2.61,2.59,2.53,2.46,2.39,2.31,2.23,2.20,2.19,2.14,2.11,2.14,2.04,2.10,2.16,2.17,2.22,2.22,2.20,2.19,2.19,2.12,2.05,2.01,2.00,1.98,1.97,1.96,1.95,1.95,1.99,1.95,1.86,1.77,1.84,1.83,1.79,1.75,1.73,1.70,1.70,1.72,1.75,1.81,1.88,1.97,2.08,2.23,2.46,2.66,2.79,2.93,3.06,3.20,3.34,3.51,3.64,3.81,3.89,3.66,2.36,-0.79,-2.27,-2.10,-1.87,-1.24,-0.98,-1.01,-1.22,-1.38,-1.47,-1.55,-1.63,-1.68,-1.95,-2.08,-2.09,-2.04,-1.87,-1.74,-1.63,-1.53,-1.32,0.11,1.76,2.99,2.99,3.12,3.16,3.18,3.27,3.30,3.23,3.18,3.17,3.11,3.11,3.07,3.01,2.94,2.95,2.86,2.76,2.72,2.56,2.54,2.51,2.46,2.42,2.38,2.36,2.34,2.30,2.25,2.21,2.17,2.15,2.21,2.12,2.09,2.10,2.07,2.00,1.93,1.87,1.82,1.78,1.76,1.75,1.75,1.75,1.77,1.83,1.89,1.88,1.77,1.69,1.62,1.56,1.60,1.58,1.61,1.65,1.68,1.69,1.68,1.66,1.65,1.51,1.41,1.40,1.45,1.43,1.40,1.31,1.30,1.49,1.57,1.63,1.67,1.70,1.76,1.79,1.78,1.76,1.75,1.78,1.77,1.75,1.74,1.69,1.63,1.66,1.78,1.93,1.98,2.05,2.13,2.18,2.20,2.24,2.27,2.27,2.27,2.29,2.28,2.26,2.28,2.31,2.26,2.21,2.19,2.16,2.17,2.15,2.11,2.15,2.17,2.14,2.10,2.10,2.19,2.20,2.27,2.39,2.24,2.15,2.05,1.97,1.94,2.05,2.13,2.19,2.25,2.29,2.25,2.22,2.21,2.21,2.21,2.18,2.13,2.11,2.11,2.08,2.08,2.13,2.14,2.13,2.14,2.16,2.23,2.31,2.30,2.25,2.20
2.69,2.64,2.59,2.52,2.45,2.49,2.51,-0.25,-3.25,-3.51,-3.53,-1.07,1.31,2.41,2.40,2.47,2.51,2.53,2.55,2.57,2.56,2.53,2.47,2.42,2.37,2.30,2.24,2.23,2.20,2.17,2.14,2.09,2.07,2.09,2.11,2.12,2.17,2.18,2.18,2.18,2.17,2.14,2.06,1.99,1.97,1.96,1.95,1.94,1.94,1.95,1.96,1.91,1.85,1.87,1.88,1.86,1.82,1.76,1.76,1.76,1.76,1.78,1.78,1.79,1.84,1.91,2.03,2.28,2.48,2.64,2.77,2.91,3.05,3.19,3.32,3.48,3.62,3.72,3.50,2.56,-0.41,-1.74,-2.13,-1.83,-1.11,-0.96,-0.85,-0.94,-1.33,-1.42,-1.51,-1.59,-1.67,-1.75,-3.74,-4.49,-3.90,-2.42,-2.07,-1.91,-1.82,-1.73,-1.59,-1.07,-0.48,0.08,0.56,2.09,2.91,3.17,3.18,3.20,3.20,3.19,3.20,3.29,3.27,3.21,3.14,3.09,3.03,2.95,2.89,2.84,2.70,2.66,2.60,2.52,2.46,2.40,2.37,2.35,2.31,2.27,2.21,2.16,2.13,2.18,2.16,2.13,2.11,2.06,2.02,1.96,1.91,1.86,1.77,1.79,1.77,1.71,1.71,1.72,1.70,1.70,1.76,1.68,1.65,1.59,1.52,1.56,1.59,1.60,1.61,1.63,1.63,1.61,1.59,1.56,1.42,1.37,1.40,1.47,1.45,1.37,1.32,1.34,1.46,1.48,1.57,1.64,1.67,1.77,1.83,1.84,1.81,1.80,1.80,1.79,1.77,1.73,1.65,1.61,1.68,1.85,1.98,2.01,2.05,2.11,2.20,2.25,2.28,2.28,2.28,2.28,2.31,2.31,2.29,2.32,2.35,2.29,2.22,2.18,2.19,2.20,2.19,2.16,2.12,2.16,2.16,2.14,2.16,2.20,2.19,2.20,2.23,2.17,2.10,2.04,2.00,1.98,2.06,2.15,2.22,2.27,2.24,2.19,2.15,2.14,2.24,2.23,2.18,2.13,2.10,2.11,2.10,2.09,2.07,2.09,2.10,2.11,2.13,2.20,2.24,2.26,2.27,2.26
2.67,2.60,2.53,2.48,2.48,2.55,1.12,-1.45,-3.54,-3.46,-1.95,0.79,2.48,2.41,2.44,2.50,2.54,2.54,2.53,2.53,2.52,2.48,2.43,2.37,2.32,2.28,2.25,2.25,2.21,2.19,2.17,2.11,2.10,2.07,2.06,2.07,2.09,2.13,2.15,2.15,2.14,2.12,2.05,1.98,1.93,1.93,1.93,1.93,1.93,1.95,1.94,1.91,1.89,1.94,1.94,1.92,1.87,1.80,1.79,1.80,1.82,1.83,1.84,1.81,1.81,1.86,1.95,2.26,2.47,2.61,2.73,2.87,3.01,3.15,3.29,3.42,3.53,3.43,2.55,0.66,-1.85,-2.14,-1.82,-1.32,-0.73,-0.76,-0.73,-0.87,-1.35,-1.48,-1.54,-1.58,-1.62,-1.68,-3.64,-4.96,-5.02,-3.48,-3.12,-2.68,-2.26,-1.93,-1.85,-1.77,-1.68,-1.49,-0.97,0.55,1.58,2.23,2.71,3.07,3.17,3.18,3.19,3.30,3.33,3.31,3.27,3.21,3.10,3.03,2.99,2.93,2.84,2.77,2.67,2.55,2.48,2.44,2.40,2.36,2.31,2.26,2.20,2.15,2.13,2.13,2.17,2.16,2.11,2.06,2.03,2.00,1.95,1.87,1.77,1.80,1.77,1.69,1.71,1.69,1.63,1.61,1.66,1.62,1.60,1.56,1.52,1.52,1.56,1.57,1.56,1.59,1.57,1.55,1.53,1.49,1.35,1.34,1.40,1.47,1.44,1.34,1.33,1.38,1.45,1.47,1.57,1.65,1.69,1.79,1.83,1.84,1.83,1.81,1.82,1.82,1.80,1.73,1.64,1.63,1.72,1.87,1.98,2.02,2.03,2.07,2.20,2.28,2.30,2.30,2.30,2.30,2.33,2.33,2.32,2.36,2.38,2.32,2.24,2.20,2.21,2.22,2.22,2.19,2.14,2.22,2.23,2.20,2.18,2.19,2.18,2.16,2.13,2.10,2.06,2.04,2.02,1.97,2.04,2.11,2.19,2.23,2.17,2.11,2.07,2.06,2.21,2.22,2.19,2.12,2.04,2.07,2.07,2.04,1.99,2.01,2.05,2.07,2.09,2.15,2.17,2.20,2.24,2.27
2.65,2.58,2.45,2.44,2.55,2.63,-1.60,-3.40,-3.54,-3.37,1.14,2.37,2.46,2.51,2.52,2.53,2.54,2.54,2.50,2.49,2.46,2.43,2.40,2.31,2.25,2.25,2.28,2.26,2.22,2.21,2.21,2.19,2.14,2.06,2.01,2.02,1.97,2.07,2.11,2.10,2.09,2.08,2.03,1.96,1.90,1.90,1.91,1.92,1.93,1.94,1.91,1.94,1.99,2.00,2.01,2.00,1.94,1.86,1.82,1.84,1.85,1.86,1.92,1.85,1.80,1.80,1.85,2.16,2.43,2.59,2.67,2.80,2.93,3.08,3.23,3.35,3.38,2.95,1.07,-2.00,-2.06,-2.01,-1.37,-0.58,-0.71,-0.63,-0.61,-0.81,-1.31,-1.55,-1.56,-1.51,-1.47,-1.48,-1.79,-3.63,-5.49,-5.18,-4.96,-4.02,-2.92,-2.12,-2.09,-2.01,-1.91,-1.80,-1.65,-1.47,-0.73,0.45,1.90,2.91,3.16,3.16,3.13,3.14,3.29,3.38,3.39,3.32,3.15,3.09,3.05,2.97,2.98,2.86,2.70,2.56,2.50,2.50,2.44,2.36,2.29,2.23,2.19,2.16,2.15,2.07,2.16,2.17,2.12,2.07,2.05,2.03,1.97,1.87,1.79,1.81,1.78,1.71,1.74,1.69,1.63,1.59,1.58,1.58,1.54,1.53,1.55,1.48,1.51,1.51,1.50,1.54,1.53,1.51,1.49,1.44,1.30,1.33,1.40,1.46,1.41,1.32,1.33,1.40,1.47,1.54,1.62,1.70,1.76,1.80,1.78,1.80,1.83,1.78,1.83,1.85,1.82,1.76,1.64,1.68,1.77,1.86,1.93,2.01,2.00,2.03,2.20,2.28,2.31,2.31,2.31,2.32,2.34,2.35,2.36,2.39,2.41,2.36,2.29,2.24,2.23,2.23,2.23,2.22,2.21,2.32,2.35,2.29,2.16,2.16,2.18,2.16,2.10,2.04,2.04,2.04,2.01,1.94,1.98,2.04,2.09,2.12,2.07,2.01,1.97,1.98,2.12,2.18,2.19,2.12,1.96,1.97,1.97,1.94,1.90,1.90,1.98,2.03,2.04,2.07,2.09,2.12,2.17,2.24
2.63,2.55,2.50,2.52,1.98,-0.78,-2.85,-3.57,-2.63,0.10,2.03,2.45,2.45,2.53,2.55,2.55,2.56,2.57,2.56,2.51,2.44,2.38,2.35,2.26,2.24,2.25,2.28,2.26,2.24,2.23,2.22,2.19,2.14,2.10,2.04,1.99,2.03,2.06,2.06,2.05,2.04,2.04,1.99,1.93,1.89,1.87,1.90,1.93,1.94,1.93,1.96,2.03,2.09,2.09,2.10,2.07,2.02,1.99,2.02,1.97,1.99,2.09,2.21,2.17,2.07,1.96,1.89,2.01,2.23,2.42,2.55,2.71,2.85,2.97,3.08,3.16,2.49,0.91,-0.82,-2.10,-2.02,-3.21,-2.87,-1.36,-0.64,-0.51,-0.40,-0.59,-1.25,-1.34,-1.32,-1.27,-1.24,-1.26,-1.37,-2.26,-3.26,-3.36,-3.63,-3.79,-3.71,-3.41,-3.27,-2.52,-2.11,-2.08,-1.98,-1.84,-1.32,-0.42,0.74,1.11,1.36,2.05,3.06,3.18,3.25,3.30,3.32,3.32,3.27,3.21,3.15,3.09,3.09,2.92,2.74,2.61,2.55,2.45,2.40,2.34,2.24,2.22,2.18,2.16,2.15,2.04,2.09,2.11,2.10,2.06,2.05,2.05,1.99,1.87,1.83,1.79,1.78,1.79,1.80,1.76,1.77,1.77,1.68,1.64,1.56,1.55,1.60,1.54,1.53,1.49,1.47,1.53,1.53,1.52,1.49,1.41,1.32,1.38,1.44,1.45,1.37,1.30,1.34,1.43,1.47,1.55,1.64,1.71,1.76,1.79,1.77,1.78,1.80,1.80,1.77,1.78,1.75,1.64,1.58,1.69,1.80,1.88,1.97,2.03,2.07,2.12,2.21,2.22,2.27,2.32,2.33,2.33,2.35,2.37,2.39,2.42,2.40,2.35,2.29,2.26,2.24,2.22,2.24,2.27,2.25,2.28,2.27,2.22,2.13,2.13,2.13,2.11,2.06,2.00,1.96,1.94,1.93,1.93,1.96,2.01,2.03,2.03,1.98,1.94,1.92,1.92,2.02,2.10,2.09,2.01,1.91,1.94,1.92,1.90,1.88,1.88,1.97,2.04,2.08,2.10,2.15,2.18,2.19,2.21
2.61,2.54,2.56,2.09,0.49,-3.32,-3.60,-2.96,-1.02,2.58,2.49,2.44,2.46,2.55,2.57,2.58,2.58,2.59,2.60,2.52,2.43,2.35,2.30,2.24,2.25,2.27,2.27,2.25,2.25,2.24,2.22,2.18,2.14,2.13,2.07,1.98,2.06,2.04,2.02,2.00,1.98,1.99,1.96,1.91,1.88,1.84,1.89,1.92,1.93,1.93,2.03,2.14,2.20,2.18,2.18,2.13,2.09,2.09,2.17,2.10,2.14,2.29,2.42,2.42,2.32,2.16,2.02,1.98,2.09,2.25,2.43,2.61,2.74,2.84,2.81,2.51,1.16,-0.85,-2.09,-2.08,-2.45,-4.00,-3.57,-1.63,-0.54,-0.39,-0.22,-0.09,-0.07,0.05,0.09,0.11,0.12,0.08,0.01,-0.15,-0.48,-1.07,-2.17,-3.14,-3.74,-3.88,-3.84,-2.99,-2.52,-2.46,-2.22,-2.09,-1.77,-1.14,-0.21,-0.37,-0.20,0.76,2.16,2.33,2.76,3.11,3.31,3.36,3.39,3.32,3.23,3.17,3.17,2.95,2.77,2.65,2.56,2.43,2.38,2.33,2.21,2.21,2.17,2.14,2.12,2.03,2.02,2.03,2.03,2.03,2.04,2.04,1.98,1.87,1.86,1.80,1.80,1.86,1.86,1.84,1.89,1.91,1.77,1.69,1.60,1.58,1.62,1.59,1.54,1.48,1.45,1.51,1.51,1.50,1.45,1.38,1.35,1.43,1.47,1.43,1.33,1.29,1.35,1.44,1.48,1.56,1.65,1.70,1.72,1.77,1.76,1.75,1.75,1.78,1.72,1.73,1.69,1.56,1.55,1.69,1.80,1.87,1.98,2.03,2.10,2.17,2.20,2.16,2.24,2.33,2.34,2.34,2.37,2.39,2.41,2.43,2.38,2.33,2.29,2.28,2.26,2.23,2.24,2.29,2.27,2.24,2.22,2.19,2.11,2.11,2.09,2.07,2.03,1.98,1.91,1.88,1.91,1.95,1.98,2.01,2.02,1.99,1.93,1.90,1.88,1.89,1.93,1.99,1.97,1.90,1.86,1.89,1.86,1.84,1.86,1.86,1.95,2.03,2.08,2.13,2.20,2.22,2.21,2.19
2.59,2.57,2.64,0.58,-2.77,-3.54,-3.60,-1.05,1.86,2.51,2.43,2.46,2.52,2.56,2.59,2.60,2.61,2.61,2.58,2.52,2.44,2.34,2.25,2.29,2.33,2.31,2.26,2.23,2.25,2.24,2.20,2.16,2.14,2.11,2.08,2.04,2.00,1.98,1.98,1.96,1.89,1.93,1.94,1.91,1.88,1.84,1.86,1.86,1.87,1.95,2.12,2.26,2.32,2.27,2.23,2.18,2.14,2.13,2.21,2.21,2.28,2.39,2.44,2.46,2.45,2.40,2.29,2.20,2.11,2.14,2.29,2.49,2.59,2.68,2.32,0.94,-0.97,-1.79,-2.01,-2.21,-3.89,-3.74,-2.34,-0.67,-0.37,-0.25,-0.09,0.97,3.37,3.77,3.80,3.76,3.73,3.67,3.55,3.46,2.98,1.60,-0.95,-1.93,-2.25,-2.53,-3.04,-3.34,-3.37,-3.06,-2.37,-2.33,-2.20,-1.68,-0.67,-0.93,-0.94,-0.72,-0.38,-0.30,1.38,2.73,3.44,3.50,3.50,3.41,3.28,3.18,3.16,2.96,2.80,2.68,2.50,2.46,2.41,2.33,2.23,2.22,2.15,2.09,2.06,2.01,1.98,1.92,1.89,1.98,1.99,1.97,1.92,1.86,1.86,1.83,1.85,1.91,1.92,1.93,1.95,1.93,1.83,1.73,1.66,1.60,1.56,1.61,1.51,1.45,1.44,1.45,1.45,1.40,1.35,1.34,1.39,1.44,1.45,1.41,1.30,1.30,1.36,1.43,1.50,1.58,1.65,1.66,1.63,1.73,1.72,1.69,1.67,1.69,1.71,1.70,1.67,1.60,1.57,1.67,1.76,1.82,1.92,2.01,2.07,2.11,2.14,2.11,2.22,2.32,2.35,2.36,2.39,2.41,2.42,2.41,2.37,2.32,2.29,2.27,2.26,2.26,2.26,2.26,2.25,2.24,2.24,2.22,2.13,2.10,2.10,2.08,2.04,1.98,1.93,1.94,2.00,2.02,2.07,2.09,2.08,2.05,1.96,1.89,1.86,1.88,1.88,1.84,1.81,1.78,1.79,1.79,1.77,1.77,1.78,1.80,1.90,1.96,2.00,2.12,2.18,2.21,2.22,2.20
2.58,2.62,0.84,-1.58,-3.61,-3.60,-1.52,0.92,2.57,2.46,2.48,2.52,2.56,2.58,2.61,2.63,2.63,2.62,2.57,2.52,2.44,2.35,2.30,2.34,2.37,2.36,2.31,2.24,2.26,2.23,2.18,2.15,2.13,2.11,2.09,2.07,2.02,2.00,1.95,1.89,1.88,1.88,1.89,1.89,1.87,1.82,1.83,1.86,1.91,2.04,2.21,2.35,2.42,2.36,2.28,2.23,2.18,2.12,2.22,2.25,2.32,2.40,2.43,2.46,2.46,2.43,2.35,2.24,2.17,2.17,2.25,2.37,2.48,1.97,0.86,-0.68,-1.74,-1.99,-2.27,-3.03,-4.16,-2.74,-1.24,-0.34,-0.23,-0.12,1.04,2.74,4.34,4.60,4.61,4.56,4.51,4.44,4.35,4.27,3.95,3.04,1.44,0.90,0.24,-1.11,-2.18,-2.74,-2.94,-2.88,-2.71,-2.65,-2.47,-2.09,-1.53,-1.68,-1.54,-1.43,-1.43,-1.36,-0.22,0.71,1.38,2.01,3.18,3.44,3.30,3.13,3.03,2.88,2.76,2.64,2.49,2.45,2.39,2.31,2.21,2.18,2.12,2.06,2.02,1.98,1.95,1.89,1.84,1.86,1.86,1.84,1.82,1.82,1.83,1.85,1.89,1.94,1.94,1.91,1.92,1.93,1.87,1.72,1.68,1.65,1.61,1.61,1.54,1.49,1.47,1.45,1.44,1.35,1.30,1.32,1.40,1.45,1.45,1.39,1.28,1.27,1.32,1.41,1.48,1.53,1.61,1.63,1.60,1.65,1.63,1.62,1.62,1.65,1.67,1.65,1.61,1.59,1.62,1.70,1.79,1.86,1.93,1.98,2.02,2.05,2.07,2.06,2.16,2.24,2.28,2.30,2.37,2.42,2.43,2.42,2.36,2.31,2.29,2.27,2.26,2.28,2.28,2.26,2.26,2.26,2.27,2.25,2.18,2.13,2.13,2.11,2.04,1.95,1.91,1.96,2.04,2.04,2.10,2.15,2.16,2.11,2.02,1.96,1.93,1.90,1.87,1.83,1.79,1.78,1.81,1.76,1.73,1.73,1.75,1.76,1.83,1.87,1.91,2.03,2.08,2.13,2.15,2.14
2.57,2.55,-1.33,-3.62,-3.56,-3.37,0.95,2.60,2.51,2.44,2.57,2.59,2.59,2.61,2.63,2.65,2.64,2.61,2.56,2.53,2.44,2.38,2.38,2.38,2.40,2.40,2.35,2.26,2.27,2.23,2.17,2.14,2.12,2.12,2.11,2.10,2.07,2.04,1.94,1.84,1.89,1.84,1.84,1.86,1.86,1.80,1.81,1.88,1.99,2.15,2.30,2.44,2.51,2.46,2.35,2.29,2.21,2.12,2.23,2.27,2.32,2.39,2.42,2.44,2.42,2.38,2.33,2.21,2.22,2.23,2.23,2.26,2.24,0.99,-0.80,-2.06,-1.98,-2.01,-2.66,-3.86,-3.73,-1.54,-0.33,-0.23,-0.12,0.26,2.48,4.45,4.41,4.41,4.42,4.39,4.32,4.24,4.19,4.11,4.01,3.91,3.82,3.79,2.74,0.44,-0.97,-1.42,-1.82,-2.33,-2.87,-2.74,-2.54,-2.40,-2.40,-2.38,-2.04,-1.85,-1.89,-1.83,-1.70,-1.57,-1.12,0.07,2.38,3.03,2.99,2.92,2.85,2.78,2.68,2.56,2.48,2.42,2.36,2.28,2.19,2.11,2.08,2.04,1.99,1.95,1.94,1.90,1.84,1.74,1.73,1.72,1.74,1.80,1.80,1.85,1.91,1.94,1.94,1.85,1.88,1.93,1.90,1.70,1.69,1.71,1.68,1.62,1.59,1.55,1.51,1.49,1.45,1.34,1.27,1.32,1.41,1.46,1.44,1.36,1.28,1.23,1.27,1.37,1.43,1.45,1.55,1.60,1.58,1.56,1.53,1.53,1.57,1.62,1.63,1.59,1.56,1.57,1.68,1.74,1.83,1.94,1.98,1.96,1.98,2.01,2.02,2.03,2.10,2.16,2.19,2.22,2.33,2.41,2.44,2.41,2.34,2.29,2.27,2.27,2.25,2.29,2.30,2.28,2.27,2.27,2.28,2.28,2.23,2.17,2.18,2.15,2.03,1.91,1.89,1.97,2.06,2.06,2.11,2.19,2.22,2.16,2.08,2.06,2.02,1.95,1.88,1.86,1.83,1.82,1.85,1.76,1.72,1.71,1.74,1.74,1.77,1.78,1.81,1.92,1.96,2.01,2.05,2.04
2.56,1.67,-1.71,-3.62,-3.27,-1.75,1.40,2.52,2.47,2.55,2.63,2.63,2.62,2.62,2.62,2.61,2.60,2.58,2.55,2.52,2.47,2.43,2.42,2.44,2.46,2.42,2.33,2.25,2.28,2.24,2.17,2.11,2.15,2.16,2.16,2.18,2.14,2.05,1.96,1.89,1.83,1.81,1.81,1.81,1.82,1.80,1.86,1.93,2.03,2.22,2.42,2.55,2.60,2.59,2.53,2.39,2.27,2.24,2.26,2.29,2.33,2.37,2.40,2.41,2.37,2.32,2.28,2.20,2.18,2.14,2.10,2.23,1.17,-0.35,-1.65,-2.00,-1.94,-2.50,-3.17,-3.38,-1.65,-0.67,-0.23,-0.14,-0.05,2.21,3.64,4.26,4.26,4.36,4.40,4.38,4.31,4.24,4.17,4.08,3.98,3.88,3.77,3.71,3.34,2.59,2.19,2.09,0.72,-1.22,-1.50,-1.26,-1.82,-2.47,-2.51,-2.45,-2.31,-2.18,-2.10,-2.21,-2.08,-1.92,-1.67,-1.19,-0.43,0.08,0.83,1.98,2.67,2.68,2.53,2.39,2.34,2.32,2.30,2.27,2.20,2.05,2.00,1.98,1.95,1.94,1.93,1.91,1.88,1.82,1.75,1.74,1.79,1.86,1.81,1.82,1.86,1.90,1.85,1.84,1.87,1.90,1.89,1.71,1.67,1.69,1.71,1.68,1.65,1.61,1.56,1.52,1.53,1.40,1.29,1.32,1.45,1.47,1.41,1.31,1.27,1.21,1.21,1.22,1.23,1.35,1.44,1.49,1.50,1.44,1.42,1.47,1.54,1.59,1.60,1.56,1.51,1.52,1.71,1.77,1.85,1.97,2.06,2.06,2.08,2.10,2.08,2.08,2.10,2.14,2.17,2.16,2.25,2.33,2.36,2.31,2.29,2.19,2.14,2.22,2.25,2.31,2.33,2.31,2.30,2.28,2.28,2.28,2.24,2.23,2.26,2.20,2.02,1.93,1.93,1.95,2.00,2.10,2.10,2.15,2.18,2.16,2.14,2.12,2.12,2.09,1.89,1.85,1.85,1.86,1.83,1.76,1.75,1.74,1.74,1.76,1.76,1.76,1.77,1.82,1.86,1.89,1.90,1.90
2.76,1.77,-1.30,-3.09,-2.60,0.13,1.90,2.49,2.52,2.65,2.67,2.66,2.65,2.64,2.63,2.60,2.57,2.56,2.54,2.52,2.49,2.48,2.47,2.50,2.49,2.42,2.31,2.25,2.27,2.21,2.14,2.10,2.13,2.16,2.20,2.23,2.17,2.07,1.98,1.91,1.83,1.82,1.81,1.81,1.82,1.81,1.89,1.97,2.06,2.25,2.44,2.55,2.60,2.61,2.61,2.50,2.42,2.41,2.30,2.30,2.32,2.36,2.38,2.37,2.32,2.26,2.22,2.17,2.12,2.06,1.91,1.30,-0.11,-1.32,-2.01,-1.96,-2.10,-2.74,-2.95,-2.20,-0.57,-0.24,-0.15,0.19,1.29,3.36,4.10,4.16,4.24,4.40,4.43,4.39,4.32,4.24,4.17,4.09,4.01,3.91,3.81,3.71,3.62,3.52,3.56,3.57,2.42,0.78,0.68,0.91,-0.49,-2.02,-2.23,-2.29,-2.38,-2.36,-2.26,-2.39,-2.30,-2.18,-2.06,-1.93,-1.89,-1.54,-0.76,0.40,1.11,1.57,1.99,2.29,2.24,2.20,2.18,2.17,2.15,1.99,1.93,1.91,1.93,1.93,1.93,1.91,1.87,1.85,1.77,1.75,1.79,1.86,1.83,1.83,1.85,1.87,1.83,1.84,1.84,1.83,1.84,1.75,1.72,1.73,1.75,1.75,1.72,1.67,1.62,1.57,1.56,1.40,1.30,1.35,1.46,1.45,1.36,1.25,1.25,1.22,1.19,1.17,1.14,1.26,1.33,1.37,1.39,1.34,1.38,1.45,1.52,1.57,1.57,1.54,1.51,1.55,1.73,1.80,1.87,1.96,2.04,2.11,2.16,2.19,2.17,2.15,2.14,2.15,2.17,2.15,2.22,2.27,2.28,2.27,2.26,2.16,2.10,2.16,2.25,2.31,2.33,2.32,2.31,2.29,2.28,2.28,2.25,2.26,2.27,2.17,1.98,1.94,1.96,1.98,2.02,2.15,2.12,2.15,2.19,2.20,2.20,2.19,2.20,2.17,1.90,1.87,1.89,1.91,1.87,1.81,1.81,1.80,1.77,1.78,1.77,1.76,1.75,1.75,1.78,1.80,1.80,1.78
3.12,2.68,-0.24,-2.14,-1.62,2.23,2.44,2.51,2.64,2.73,2.68,2.67,2.67,2.66,2.68,2.61,2.56,2.54,2.53,2.51,2.51,2.52,2.54,2.55,2.51,2.41,2.29,2.27,2.24,2.15,2.09,2.10,2.05,2.14,2.24,2.27,2.18,2.09,2.00,1.92,1.89,1.84,1.82,1.83,1.85,1.84,1.92,2.00,2.08,2.25,2.39,2.47,2.51,2.54,2.60,2.62,2.63,2.62,2.36,2.30,2.31,2.34,2.36,2.33,2.27,2.20,2.15,2.13,2.03,2.01,1.65,-0.36,-1.56,-1.98,-1.96,-1.91,-2.45,-2.80,-2.12,-0.44,-0.30,-0.18,-0.09,0.71,3.68,3.86,3.98,4.14,4.32,4.51,4.50,4.43,4.35,4.26,4.19,4.16,4.11,4.00,3.90,3.78,3.62,3.45,3.47,3.41,3.43,3.52,3.54,3.64,1.33,-1.13,-1.64,-1.94,-2.28,-2.43,-2.38,-2.40,-2.38,-2.36,-2.32,-2.23,-2.25,-2.09,-1.87,-1.69,-1.59,-0.37,1.11,2.24,2.16,2.07,2.01,2.00,2.04,1.95,1.86,1.85,1.90,1.92,1.92,1.88,1.83,1.84,1.79,1.76,1.76,1.81,1.88,1.88,1.87,1.86,1.87,1.83,1.77,1.74,1.77,1.81,1.81,1.81,1.82,1.82,1.78,1.74,1.68,1.63,1.54,1.36,1.28,1.40,1.44,1.41,1.30,1.18,1.22,1.24,1.23,1.19,1.14,1.18,1.22,1.24,1.24,1.27,1.38,1.46,1.49,1.54,1.55,1.53,1.55,1.64,1.73,1.82,1.90,1.94,1.92,2.10,2.23,2.29,2.28,2.25,2.21,2.19,2.19,2.20,2.21,2.20,2.21,2.29,2.25,2.19,2.13,2.10,2.25,2.31,2.32,2.31,2.32,2.30,2.29,2.27,2.26,2.28,2.21,2.07,1.91,1.94,1.98,2.03,2.10,2.20,2.16,2.18,2.23,2.28,2.27,2.27,2.26,2.20,1.91,1.92,1.95,1.97,1.95,1.90,1.90,1.88,1.83,1.81,1.79,1.76,1.73,1.69,1.72,1.74,1.73,1.69
3.16,3.04,1.74,0.83,0.93,2.43,2.55,2.58,2.65,2.78,2.70,2.68,2.68,2.67,2.66,2.58,2.53,2.52,2.55,2.50,2.50,2.53,2.54,2.52,2.43,2.33,2.24,2.18,2.15,2.11,2.09,2.09,2.08,2.14,2.18,2.18,2.09,2.03,1.95,1.87,1.81,1.80,1.80,1.80,1.81,1.85,1.92,1.97,2.02,2.18,2.30,2.37,2.42,2.49,2.56,2.61,2.65,2.68,2.58,2.45,2.37,2.34,2.34,2.28,2.22,2.15,2.08,2.01,1.74,1.01,-0.14,-1.34,-1.82,-1.95,-1.96,-2.07,-2.40,-1.92,-1.12,-0.36,-0.25,-0.15,0.85,2.47,3.67,3.79,3.94,4.16,4.45,4.64,4.66,4.57,4.43,4.33,4.25,4.17,4.10,4.05,3.93,3.78,3.63,3.49,3.44,3.40,3.43,3.49,3.48,3.56,2.68,1.76,1.52,-0.11,-1.47,-2.22,-2.37,-2.38,-2.38,-2.37,-2.34,-2.30,-2.33,-2.29,-2.22,-2.14,-2.00,-1.45,-0.78,-0.11,0.46,1.56,1.95,1.96,1.96,1.91,1.85,1.84,1.88,1.92,1.90,1.84,1.79,1.79,1.78,1.77,1.76,1.74,1.87,1.89,1.90,1.92,1.94,1.86,1.79,1.75,1.78,1.84,1.85,1.86,1.87,1.88,1.82,1.76,1.70,1.65,1.54,1.41,1.37,1.47,1.47,1.41,1.30,1.20,1.29,1.35,1.39,1.42,1.43,1.40,1.37,1.34,1.31,1.29,1.36,1.43,1.48,1.52,1.56,1.55,1.56,1.63,1.71,1.81,1.89,1.94,1.95,2.06,2.17,2.23,2.21,2.23,2.21,2.19,2.19,2.20,2.21,2.22,2.24,2.28,2.18,2.13,2.13,2.18,2.26,2.27,2.28,2.28,2.27,2.25,2.25,2.26,2.25,2.25,2.17,2.04,1.92,1.93,2.05,2.14,2.18,2.21,2.31,2.32,2.33,2.37,2.32,2.31,2.30,2.25,2.06,2.08,2.07,2.04,2.01,2.01,2.00,1.98,1.94,1.90,1.90,1.90,1.87,1.76,1.76,1.76,1.73,1.68
3.12,3.15,2.95,2.74,2.59,2.55,2.63,2.63,2.64,2.75,2.70,2.68,2.67,2.66,2.62,2.54,2.50,2.51,2.56,2.49,2.49,2.52,2.53,2.47,2.37,2.27,2.20,2.11,2.10,2.10,2.10,2.10,2.11,2.13,2.13,2.09,2.00,1.95,1.88,1.81,1.76,1.77,1.78,1.78,1.80,1.88,1.92,1.95,1.99,2.11,2.21,2.29,2.36,2.46,2.54,2.60,2.67,2.73,2.74,2.61,2.47,2.37,2.33,2.26,2.19,2.11,2.02,1.93,1.56,0.53,-0.95,-1.87,-1.93,-1.91,-1.95,-2.13,-2.01,-1.15,-0.46,-0.34,-0.21,0.38,1.90,3.55,3.58,3.71,3.88,4.12,4.46,4.64,4.68,4.58,4.41,4.33,4.22,4.11,4.03,4.01,3.89,3.73,3.58,3.46,3.36,3.36,3.37,3.36,3.34,3.41,3.50,3.59,3.55,1.66,0.15,-0.84,-1.40,-2.14,-2.33,-2.36,-2.35,-2.34,-2.36,-2.38,-2.39,-2.37,-2.24,-2.17,-2.10,-1.84,-1.04,0.46,1.07,1.28,1.66,1.81,1.82,1.80,1.80,1.88,1.84,1.78,1.74,1.75,1.74,1.76,1.75,1.72,1.86,1.90,1.94,1.99,1.99,1.89,1.81,1.79,1.82,1.86,1.88,1.89,1.90,1.92,1.85,1.79,1.72,1.66,1.52,1.44,1.45,1.52,1.50,1.41,1.30,1.25,1.38,1.48,1.59,1.68,1.74,1.67,1.58,1.50,1.42,1.34,1.37,1.44,1.50,1.51,1.59,1.59,1.59,1.62,1.68,1.75,1.83,1.92,1.95,2.00,2.08,2.14,2.15,2.19,2.19,2.19,2.19,2.20,2.22,2.23,2.25,2.25,2.14,2.10,2.13,2.22,2.25,2.24,2.24,2.25,2.22,2.22,2.22,2.22,2.20,2.19,2.11,2.01,1.92,1.93,2.10,2.20,2.22,2.23,2.42,2.44,2.42,2.43,2.35,2.34,2.32,2.28,2.17,2.19,2.14,2.08,2.05,2.09,2.09,2.07,2.04,1.97,1.98,2.00,1.99,1.86,1.84,1.82,1.77,1.70
2.96,2.90,2.77,2.64,2.57,2.66,2.69,2.66,2.60,2.56,2.66,2.65,2.62,2.61,2.53,2.45,2.45,2.51,2.53,2.48,2.47,2.48,2.50,2.41,2.32,2.25,2.18,2.06,2.10,2.13,2.13,2.14,2.14,2.11,2.07,2.02,1.92,1.84,1.77,1.74,1.75,1.76,1.77,1.80,1.88,1.94,1.95,1.97,2.02,2.05,2.16,2.25,2.35,2.45,2.53,2.60,2.68,2.76,2.80,2.77,2.61,2.42,2.35,2.27,2.20,2.12,1.99,1.94,1.60,1.02,0.08,-1.69,-1.87,-1.88,-1.92,-2.00,-1.08,-0.63,-0.43,-0.30,-0.14,1.81,3.05,3.38,3.53,3.64,3.76,3.96,4.26,4.41,4.45,4.37,4.23,4.18,4.07,3.95,3.86,3.81,3.74,3.60,3.44,3.31,3.21,3.26,3.27,3.25,3.29,3.35,3.40,3.44,3.41,3.20,3.10,2.58,1.24,-1.51,-2.20,-2.36,-2.35,-2.33,-2.32,-2.31,-2.32,-2.33,-2.34,-2.35,-2.36,-2.30,-2.06,-1.63,-1.27,-0.51,0.95,1.61,1.74,1.69,1.65,1.75,1.73,1.70,1.70,1.73,1.68,1.72,1.75,1.76,1.86,1.88,1.95,2.05,2.01,1.92,1.85,1.83,1.88,1.87,1.89,1.91,1.91,1.91,1.87,1.82,1.75,1.67,1.46,1.45,1.52,1.55,1.54,1.43,1.33,1.32,1.48,1.67,1.82,1.95,2.05,1.99,1.87,1.74,1.59,1.45,1.44,1.51,1.58,1.53,1.64,1.65,1.64,1.64,1.65,1.62,1.70,1.86,1.91,1.91,1.97,2.04,2.10,2.12,2.16,2.18,2.19,2.21,2.22,2.23,2.23,2.19,2.14,2.12,2.14,2.18,2.21,2.22,2.21,2.20,2.17,2.19,2.17,2.12,2.07,2.07,2.05,1.98,1.91,1.98,2.10,2.17,2.19,2.24,2.46,2.51,2.48,2.44,2.38,2.35,2.33,2.28,2.21,2.17,2.12,2.08,2.07,2.11,2.12,2.12,2.10,2.01,2.01,2.03,2.04,2.01,1.97,1.94,1.88,1.76
2.85,2.77,2.66,2.60,2.60,2.70,2.73,2.70,2.65,2.60,2.64,2.61,2.57,2.54,2.44,2.41,2.43,2.46,2.48,2.47,2.47,2.48,2.47,2.36,2.28,2.22,2.17,2.11,2.12,2.13,2.14,2.15,2.15,2.10,2.05,2.00,1.92,1.82,1.75,1.73,1.74,1.77,1.80,1.84,1.93,1.98,2.00,2.02,2.04,2.03,2.12,2.22,2.32,2.44,2.53,2.63,2.73,2.79,2.82,2.81,2.68,2.49,2.34,2.25,2.16,2.09,2.08,2.31,2.66,2.58,1.75,-0.20,-1.02,-1.55,-1.72,-1.37,-0.74,-0.51,-0.12,0.67,1.33,2.58,3.21,3.27,3.44,3.50,3.59,3.77,4.06,4.19,4.19,4.12,4.03,4.03,3.91,3.79,3.69,3.60,3.55,3.41,3.25,3.13,3.11,3.15,3.20,3.25,3.33,3.38,3.42,3.42,3.39,3.51,3.66,3.50,2.77,1.13,0.60,-0.70,-2.11,-2.37,-2.36,-2.31,-2.28,-2.30,-2.33,-2.34,-2.36,-2.36,-2.32,-2.25,-2.10,-1.63,-0.65,-0.17,0.35,0.98,1.61,1.66,1.64,1.63,1.64,1.68,1.64,1.67,1.71,1.76,1.82,1.90,2.00,2.08,2.06,1.95,1.87,1.87,1.95,1.93,1.92,1.91,1.90,1.90,1.88,1.84,1.77,1.70,1.52,1.53,1.59,1.60,1.57,1.45,1.40,1.45,1.64,1.82,1.99,2.14,2.25,2.17,2.06,1.92,1.77,1.61,1.55,1.59,1.66,1.63,1.65,1.66,1.66,1.66,1.68,1.64,1.68,1.79,1.83,1.83,1.85,1.92,2.02,2.05,2.10,2.16,2.19,2.21,2.21,2.23,2.23,2.17,2.12,2.12,2.14,2.16,2.20,2.21,2.20,2.18,2.16,2.15,2.12,2.09,2.09,2.05,2.03,2.00,1.96,2.01,2.10,2.15,2.18,2.29,2.42,2.46,2.46,2.46,2.40,2.38,2.34,2.29,2.24,2.18,2.15,2.13,2.06,2.15,2.18,2.16,2.11,2.03,2.03,2.05,2.07,2.08,2.06,2.03,1.97,1.86
2.77,2.68,2.60,2.59,2.64,2.72,2.76,2.75,2.71,2.69,2.62,2.56,2.51,2.46,2.38,2.39,2.40,2.41,2.43,2.46,2.49,2.49,2.46,2.34,2.27,2.21,2.16,2.18,2.15,2.14,2.14,2.15,2.14,2.09,2.04,1.99,1.93,1.82,1.76,1.76,1.74,1.80,1.84,1.90,1.98,2.02,2.06,2.08,2.07,2.03,2.09,2.19,2.31,2.42,2.54,2.68,2.78,2.83,2.83,2.81,2.72,2.55,2.33,2.23,2.13,2.13,2.30,2.87,3.88,4.20,3.46,1.74,0.25,-0.88,-1.31,-0.70,-0.61,-0.30,0.51,1.82,2.86,3.02,3.07,3.17,3.31,3.33,3.40,3.57,3.86,3.97,3.93,3.87,3.83,3.87,3.76,3.63,3.52,3.41,3.34,3.19,3.04,2.96,3.03,3.07,3.15,3.28,3.39,3.44,3.46,3.45,3.42,3.47,3.55,3.64,3.75,3.77,3.56,1.24,-1.59,-2.31,-2.35,-2.31,-2.27,-2.29,-2.30,-2.29,-2.29,-2.31,-2.33,-2.38,-2.42,-2.38,-2.22,-2.07,-1.28,-0.05,1.20,1.27,1.43,1.53,1.59,1.62,1.61,1.62,1.67,1.74,1.78,1.91,2.03,2.09,2.12,1.98,1.90,1.92,2.03,2.00,1.96,1.92,1.90,1.89,1.89,1.85,1.79,1.74,1.60,1.62,1.67,1.65,1.59,1.48,1.47,1.58,1.78,1.96,2.13,2.29,2.40,2.28,2.19,2.07,1.92,1.77,1.67,1.68,1.73,1.70,1.64,1.65,1.67,1.69,1.72,1.72,1.72,1.75,1.78,1.77,1.78,1.83,1.94,1.97,2.03,2.11,2.17,2.19,2.20,2.22,2.23,2.16,2.11,2.12,2.15,2.17,2.20,2.22,2.19,2.16,2.16,2.11,2.07,2.07,2.14,2.05,2.02,2.01,2.02,2.04,2.10,2.13,2.17,2.31,2.35,2.37,2.40,2.47,2.42,2.40,2.36,2.31,2.28,2.20,2.20,2.20,2.07,2.20,2.24,2.20,2.11,2.05,2.05,2.07,2.10,2.12,2.11,2.09,2.04,1.95
2.75,2.64,2.62,2.63,2.67,2.75,2.77,2.76,2.72,2.64,2.57,2.53,2.46,2.36,2.36,2.38,2.39,2.40,2.42,2.49,2.54,2.55,2.50,2.35,2.30,2.26,2.21,2.17,2.16,2.16,2.14,2.09,2.11,2.08,2.02,1.95,1.84,1.80,1.78,1.79,1.86,1.88,1.92,1.97,2.02,2.08,2.11,2.13,2.13,2.06,2.15,2.25,2.34,2.43,2.61,2.74,2.82,2.85,2.84,2.82,2.75,2.61,2.38,2.29,2.25,2.46,3.04,3.80,4.41,4.66,4.49,3.91,2.37,0.91,-0.14,-0.55,-0.60,0.91,2.22,2.48,2.78,2.88,2.93,3.00,3.13,3.16,3.22,3.39,3.67,3.75,3.69,3.63,3.63,3.64,3.60,3.49,3.35,3.24,3.16,2.97,2.85,2.86,2.89,3.02,3.17,3.31,3.44,3.46,3.48,3.49,3.50,3.52,3.54,3.62,3.72,3.69,3.62,2.18,0.00,-1.74,-2.01,-2.22,-2.33,-2.33,-2.30,-2.28,-2.28,-2.28,-2.29,-2.34,-2.39,-2.41,-2.38,-2.38,-2.21,-1.80,-1.17,-0.57,0.60,1.32,1.57,1.58,1.56,1.58,1.63,1.70,1.75,1.87,1.97,2.04,2.12,2.03,1.98,1.99,2.06,2.06,2.01,1.97,1.95,1.92,1.90,1.86,1.80,1.72,1.66,1.70,1.74,1.71,1.58,1.54,1.57,1.67,1.82,2.04,2.25,2.39,2.41,2.29,2.18,2.07,1.96,1.87,1.78,1.76,1.73,1.62,1.61,1.64,1.67,1.70,1.79,1.83,1.86,1.88,1.88,1.87,1.85,1.84,1.89,1.91,1.95,1.99,2.03,2.12,2.17,2.20,2.20,2.18,2.14,2.16,2.21,2.24,2.23,2.22,2.18,2.14,2.17,2.12,2.07,2.06,2.09,2.04,2.01,2.00,2.01,2.10,2.11,2.12,2.16,2.23,2.25,2.29,2.36,2.42,2.44,2.41,2.38,2.34,2.31,2.28,2.25,2.22,2.17,2.26,2.30,2.24,2.11,2.07,2.07,2.09,2.11,2.12,2.11,2.11,2.09,2.00
2.74,2.65,2.64,2.66,2.71,2.76,2.76,2.76,2.72,2.62,2.55,2.49,2.41,2.34,2.38,2.38,2.39,2.41,2.44,2.51,2.53,2.52,2.50,2.33,2.29,2.27,2.23,2.17,2.17,2.18,2.16,2.08,2.06,2.01,1.95,1.89,1.81,1.80,1.81,1.85,1.93,1.96,2.00,2.03,2.07,2.14,2.16,2.17,2.16,2.11,2.21,2.29,2.37,2.48,2.64,2.77,2.86,2.90,2.87,2.84,2.77,2.66,2.49,2.41,2.54,2.98,3.74,4.40,4.71,4.87,4.94,4.85,3.85,2.67,1.44,0.23,0.54,1.87,2.79,2.68,2.66,2.68,2.74,2.82,2.95,2.98,3.05,3.21,3.47,3.52,3.46,3.41,3.42,3.43,3.44,3.35,3.20,3.06,2.98,2.82,2.74,2.78,2.87,3.03,3.20,3.34,3.43,3.45,3.47,3.50,3.53,3.52,3.50,3.54,3.62,3.60,3.55,2.83,1.58,0.16,-0.53,-1.22,-1.83,-2.25,-2.31,-2.30,-2.28,-2.26,-2.26,-2.29,-2.32,-2.35,-2.41,-2.51,-2.60,-2.59,-2.40,-1.94,-0.92,-0.06,0.61,1.25,1.47,1.56,1.60,1.65,1.72,1.82,1.93,2.04,2.10,2.07,2.06,2.09,2.12,2.12,2.07,2.02,1.99,1.95,1.92,1.88,1.82,1.71,1.72,1.77,1.79,1.72,1.59,1.60,1.66,1.74,1.90,2.14,2.36,2.48,2.42,2.30,2.19,2.08,1.98,1.89,1.81,1.76,1.71,1.58,1.60,1.64,1.69,1.74,1.86,1.92,1.96,1.97,1.97,1.97,1.94,1.92,1.93,1.94,1.95,1.96,1.98,2.07,2.15,2.18,2.17,2.16,2.17,2.20,2.23,2.25,2.23,2.20,2.15,2.12,2.15,2.11,2.07,2.05,2.05,2.02,2.00,2.01,2.04,2.12,2.13,2.15,2.20,2.24,2.24,2.25,2.29,2.35,2.37,2.37,2.35,2.32,2.31,2.33,2.30,2.27,2.28,2.33,2.36,2.28,2.11,2.08,2.09,2.11,2.12,2.12,2.11,2.11,2.10,2.06
2.74,2.68,2.66,2.70,2.77,2.75,2.74,2.75,2.73,2.63,2.55,2.43,2.36,2.36,2.41,2.39,2.39,2.42,2.48,2.53,2.47,2.42,2.45,2.28,2.26,2.24,2.21,2.17,2.18,2.20,2.19,2.10,1.97,1.90,1.84,1.80,1.83,1.81,1.86,1.94,1.98,2.03,2.07,2.10,2.13,2.20,2.22,2.20,2.17,2.18,2.26,2.30,2.37,2.57,2.65,2.78,2.89,2.94,2.91,2.86,2.79,2.71,2.63,2.56,2.95,3.64,4.41,4.75,4.85,4.90,4.95,4.92,4.87,4.41,3.31,1.47,2.48,2.64,2.55,2.55,2.51,2.46,2.50,2.64,2.77,2.79,2.87,3.03,3.26,3.28,3.23,3.21,3.22,3.23,3.29,3.22,3.06,2.87,2.79,2.72,2.69,2.73,2.93,3.08,3.23,3.36,3.39,3.42,3.45,3.48,3.51,3.48,3.44,3.44,3.48,3.50,3.41,3.29,3.16,3.00,1.77,0.42,-0.93,-2.08,-2.32,-2.32,-2.28,-2.25,-2.25,-2.24,-2.22,-2.24,-2.34,-2.49,-2.60,-2.70,-2.81,-2.97,-2.93,-2.29,-1.04,0.72,1.35,1.56,1.57,1.58,1.68,1.78,1.92,2.07,2.06,2.10,2.15,2.20,2.20,2.18,2.14,2.08,2.03,1.97,1.95,1.91,1.84,1.71,1.76,1.82,1.82,1.71,1.61,1.66,1.74,1.82,2.01,2.25,2.48,2.57,2.43,2.31,2.20,2.09,1.97,1.86,1.76,1.72,1.68,1.57,1.60,1.66,1.73,1.80,1.93,2.00,2.02,2.03,2.06,2.07,2.05,2.04,2.03,2.02,2.01,2.00,1.98,2.05,2.12,2.15,2.14,2.12,2.20,2.23,2.22,2.21,2.22,2.16,2.11,2.09,2.11,2.10,2.07,2.04,2.03,1.99,1.99,2.03,2.09,2.12,2.16,2.22,2.28,2.30,2.29,2.24,2.21,2.27,2.25,2.28,2.29,2.27,2.30,2.36,2.35,2.33,2.40,2.40,2.42,2.33,2.11,2.10,2.11,2.12,2.13,2.13,2.11,2.08,2.08,2.12
2.67,2.65,2.66,2.66,2.67,2.72,2.76,2.74,2.66,2.53,2.46,2.42,2.39,2.38,2.43,2.41,2.41,2.44,2.44,2.45,2.40,2.35,2.30,2.25,2.25,2.24,2.19,2.10,2.11,2.10,2.08,2.05,1.90,1.84,1.81,1.82,1.82,1.82,1.89,1.98,2.02,2.08,2.12,2.16,2.17,2.21,2.16,2.15,2.21,2.26,2.28,2.36,2.49,2.65,2.68,2.81,2.93,2.99,3.06,3.06,3.03,2.99,2.93,3.26,3.72,4.21,4.65,4.84,4.89,4.91,4.91,4.88,4.72,4.36,3.67,2.50,2.60,2.58,2.52,2.44,2.40,2.35,2.39,2.49,2.59,2.62,2.70,2.85,3.06,3.03,3.01,3.00,3.01,3.02,3.12,3.08,2.94,2.76,2.68,2.65,2.67,2.74,2.90,3.10,3.25,3.34,3.36,3.39,3.39,3.36,3.33,3.27,3.31,3.37,3.42,3.47,3.45,3.37,3.23,3.04,2.47,1.88,1.17,0.29,-0.82,-1.65,-2.13,-2.29,-2.26,-2.26,-2.24,-2.23,-2.29,-2.40,-2.51,-2.62,-2.76,-2.94,-3.07,-2.96,-2.60,-2.02,-0.92,0.19,1.08,1.59,1.70,1.77,1.87,1.99,2.08,2.13,2.19,2.24,2.26,2.24,2.21,2.16,2.09,2.04,2.02,1.99,1.93,1.83,1.89,1.91,1.86,1.74,1.62,1.71,1.81,1.91,2.09,2.31,2.52,2.60,2.48,2.33,2.21,2.09,1.98,1.86,1.78,1.67,1.57,1.56,1.61,1.67,1.75,1.83,2.00,2.06,2.07,2.07,2.07,2.09,2.12,2.13,2.13,2.12,2.12,2.11,2.10,2.13,2.16,2.17,2.16,2.12,2.15,2.16,2.14,2.10,2.12,2.14,2.12,2.08,2.11,2.08,2.06,2.04,2.03,1.96,1.93,1.98,2.09,2.15,2.20,2.25,2.27,2.28,2.30,2.27,2.24,2.24,2.26,2.30,2.32,2.32,2.34,2.40,2.37,2.33,2.39,2.39,2.40,2.37,2.19,1.59,1.91,2.13,2.13,2.13,2.11,2.09,2.06,2.05
2.64,2.64,2.65,2.63,2.60,2.66,2.73,2.70,2.60,2.46,2.41,2.42,2.42,2.41,2.44,2.43,2.43,2.43,2.39,2.37,2.34,2.29,2.22,2.25,2.25,2.22,2.16,2.07,2.06,2.02,1.99,2.00,1.86,1.80,1.80,1.82,1.82,1.86,1.94,2.02,2.07,2.13,2.17,2.20,2.19,2.20,2.13,2.14,2.26,2.33,2.31,2.40,2.57,2.72,2.76,2.86,2.97,3.07,3.21,3.26,3.29,3.34,3.49,3.94,4.32,4.60,4.78,4.87,4.90,4.90,4.87,4.84,4.52,4.15,3.68,3.03,2.67,2.57,2.52,2.40,2.33,2.28,2.29,2.35,2.41,2.44,2.52,2.66,2.84,2.80,2.80,2.80,2.81,2.82,2.91,2.91,2.82,2.66,2.63,2.62,2.64,2.71,2.84,3.07,3.23,3.31,3.30,3.30,3.26,3.20,3.16,3.12,3.21,3.30,3.36,3.45,3.47,3.41,3.27,3.05,2.88,2.74,2.46,1.87,0.64,-0.43,-1.21,-1.69,-1.89,-2.18,-2.26,-2.24,-2.26,-2.32,-2.41,-2.52,-2.66,-2.82,-3.04,-3.26,-3.48,-3.66,-2.70,-1.49,-0.30,0.65,1.07,1.57,1.87,1.98,2.12,2.19,2.24,2.28,2.32,2.31,2.28,2.23,2.16,2.13,2.12,2.09,2.03,1.98,2.02,1.99,1.91,1.78,1.70,1.79,1.90,2.02,2.19,2.37,2.53,2.60,2.50,2.35,2.22,2.10,1.99,1.89,1.79,1.63,1.50,1.54,1.60,1.67,1.75,1.83,2.01,2.08,2.10,2.10,2.08,2.10,2.14,2.18,2.20,2.21,2.23,2.22,2.18,2.19,2.20,2.21,2.20,2.16,2.16,2.15,2.11,2.06,2.07,2.10,2.10,2.06,2.08,2.06,2.05,2.05,2.03,1.95,1.92,1.97,2.10,2.17,2.23,2.26,2.27,2.27,2.31,2.31,2.28,2.24,2.28,2.32,2.35,2.35,2.36,2.40,2.38,2.35,2.39,2.38,2.38,2.37,2.23,1.48,1.53,1.55,1.50,1.66,1.80,1.95,2.05,2.04
2.69,2.68,2.65,2.61,2.58,2.54,2.62,2.62,2.54,2.43,2.43,2.44,2.45,2.45,2.45,2.46,2.44,2.38,2.32,2.31,2.28,2.26,2.25,2.31,2.26,2.19,2.14,2.08,2.04,1.98,1.94,1.96,1.86,1.82,1.81,1.81,1.83,1.94,2.02,2.08,2.14,2.19,2.21,2.20,2.17,2.17,2.15,2.20,2.33,2.38,2.38,2.44,2.58,2.80,2.89,2.93,3.02,3.19,3.35,3.45,3.56,3.82,4.44,4.57,4.65,4.71,4.77,4.81,4.85,4.87,4.85,4.82,4.29,3.71,3.19,2.79,2.70,2.64,2.56,2.45,2.34,2.25,2.22,2.22,2.23,2.26,2.35,2.47,2.61,2.59,2.59,2.60,2.61,2.62,2.67,2.71,2.69,2.59,2.65,2.63,2.60,2.63,2.74,2.96,3.16,3.27,3.19,3.12,3.04,2.99,3.02,3.06,3.14,3.22,3.29,3.45,3.43,3.38,3.28,3.07,2.87,2.71,2.51,2.24,2.00,1.61,0.88,-0.10,-0.94,-1.93,-2.27,-2.27,-2.26,-2.26,-2.31,-2.37,-2.46,-2.60,-2.78,-3.04,-3.33,-3.60,-3.68,-3.64,-3.04,-1.73,-0.53,1.06,1.94,2.08,2.18,2.28,2.30,2.31,2.39,2.38,2.35,2.30,2.25,2.26,2.26,2.21,2.15,2.15,2.15,2.09,1.98,1.85,1.85,1.92,2.01,2.14,2.29,2.42,2.52,2.56,2.50,2.37,2.24,2.12,2.01,1.96,1.78,1.61,1.51,1.52,1.58,1.65,1.73,1.81,1.96,2.03,2.08,2.12,2.11,2.09,2.11,2.15,2.20,2.31,2.35,2.31,2.21,2.21,2.24,2.28,2.30,2.25,2.25,2.22,2.18,2.13,2.07,2.06,2.05,2.03,2.00,2.02,2.05,2.06,2.00,1.98,1.97,2.02,2.11,2.20,2.22,2.23,2.26,2.30,2.33,2.35,2.34,2.31,2.31,2.36,2.38,2.36,2.35,2.34,2.36,2.38,2.41,2.37,2.35,2.32,2.24,1.98,0.87,0.08,-0.07,0.48,1.01,1.61,2.03,2.09
2.70,2.70,2.67,2.60,2.50,2.50,2.51,2.49,2.45,2.42,2.41,2.43,2.45,2.46,2.47,2.48,2.44,2.37,2.33,2.29,2.27,2.27,2.30,2.30,2.25,2.18,2.11,2.06,2.02,1.97,1.93,1.96,1.87,1.84,1.83,1.82,1.86,1.98,2.07,2.12,2.16,2.21,2.23,2.22,2.17,2.16,2.20,2.28,2.36,2.42,2.44,2.47,2.58,2.81,2.97,3.04,3.12,3.28,3.49,3.60,3.71,3.92,4.36,4.52,4.66,4.75,4.77,4.77,4.81,4.82,4.76,4.62,3.97,3.39,2.98,2.80,2.81,2.74,2.61,2.45,2.33,2.27,2.20,2.15,2.15,2.20,2.24,2.30,2.39,2.38,2.39,2.40,2.41,2.41,2.44,2.55,2.66,2.63,2.65,2.59,2.55,2.59,2.70,2.82,2.97,3.07,3.06,2.99,2.89,2.84,2.90,2.99,3.04,3.12,3.25,3.38,3.36,3.29,3.17,3.00,2.81,2.66,2.53,2.42,2.32,2.10,1.67,1.10,0.57,-0.43,-1.16,-1.71,-2.21,-2.27,-2.28,-2.29,-2.33,-2.39,-2.55,-2.77,-3.02,-3.29,-3.58,-3.82,-3.71,-3.15,-2.53,-1.40,-0.37,0.64,2.22,2.41,2.43,2.42,2.46,2.46,2.45,2.42,2.39,2.39,2.36,2.31,2.28,2.30,2.25,2.15,2.03,1.94,1.97,1.99,2.04,2.13,2.25,2.34,2.47,2.53,2.40,2.28,2.17,2.08,2.03,2.02,1.76,1.57,1.49,1.49,1.56,1.66,1.75,1.81,1.91,1.98,2.02,2.06,2.11,2.08,2.09,2.14,2.20,2.32,2.33,2.30,2.25,2.25,2.27,2.32,2.36,2.33,2.32,2.31,2.30,2.29,2.22,2.19,2.16,2.10,2.02,2.01,2.03,2.05,2.05,2.02,1.99,2.02,2.11,2.18,2.21,2.24,2.27,2.27,2.33,2.34,2.33,2.31,2.31,2.35,2.37,2.36,2.36,2.33,2.35,2.41,2.45,2.43,2.40,2.37,2.32,2.18,1.50,1.01,0.90,1.23,1.48,1.80,2.04,2.08
2.71,2.71,2.70,2.59,2.45,2.49,2.42,2.38,2.39,2.41,2.38,2.39,2.43,2.46,2.49,2.49,2.44,2.37,2.34,2.28,2.27,2.30,2.34,2.27,2.24,2.18,2.09,2.03,2.01,1.96,1.93,1.95,1.89,1.86,1.85,1.85,1.89,1.99,2.08,2.15,2.18,2.22,2.23,2.22,2.18,2.16,2.26,2.33,2.37,2.45,2.48,2.50,2.58,2.80,3.02,3.12,3.21,3.36,3.54,3.69,3.82,3.94,4.10,4.32,4.57,4.73,4.74,4.74,4.76,4.76,4.66,4.35,3.64,3.13,2.88,2.87,2.91,2.82,2.65,2.45,2.33,2.29,2.21,2.11,2.12,2.18,2.17,2.17,2.22,2.23,2.23,2.24,2.25,2.24,2.28,2.46,2.65,2.67,2.63,2.55,2.51,2.56,2.67,2.70,2.77,2.87,2.91,2.86,2.76,2.72,2.80,2.91,2.94,3.02,3.19,3.30,3.28,3.19,3.04,2.90,2.73,2.62,2.56,2.53,2.39,2.20,2.07,1.99,1.88,1.10,0.19,-0.78,-1.69,-1.96,-2.08,-2.16,-2.21,-2.23,-2.35,-2.49,-2.67,-2.91,-3.19,-3.47,-3.73,-3.96,-4.10,-3.72,-2.58,-0.60,2.27,2.54,2.56,2.54,2.54,2.54,2.55,2.55,2.53,2.51,2.46,2.43,2.42,2.43,2.34,2.20,2.09,2.04,2.07,2.06,2.05,2.07,2.17,2.23,2.39,2.45,2.26,2.17,2.08,2.02,2.01,2.01,1.71,1.52,1.46,1.45,1.52,1.66,1.78,1.81,1.89,1.94,1.98,2.01,2.09,2.08,2.09,2.13,2.20,2.30,2.29,2.27,2.29,2.29,2.31,2.36,2.41,2.40,2.39,2.40,2.42,2.45,2.39,2.34,2.28,2.19,2.08,2.05,2.03,2.05,2.11,2.05,2.00,2.02,2.10,2.15,2.20,2.24,2.26,2.23,2.31,2.32,2.30,2.28,2.30,2.33,2.35,2.36,2.37,2.32,2.35,2.43,2.50,2.50,2.47,2.44,2.41,2.31,2.28,2.24,2.20,2.20,2.13,2.08,2.06,2.07
2.73,2.73,2.71,2.64,2.54,2.49,2.41,2.39,2.39,2.34,2.33,2.35,2.38,2.42,2.45,2.45,2.42,2.36,2.31,2.29,2.30,2.31,2.28,2.28,2.23,2.17,2.10,2.01,1.99,1.96,1.93,1.92,1.91,1.92,1.91,1.89,1.88,1.96,2.03,2.10,2.21,2.18,2.16,2.17,2.18,2.22,2.28,2.31,2.33,2.41,2.49,2.55,2.62,2.80,3.00,3.09,3.21,3.37,3.27,3.65,3.91,3.99,4.10,4.22,4.37,4.51,4.59,4.70,4.69,4.70,4.61,3.96,3.35,3.04,2.97,2.98,2.89,2.77,2.64,2.49,2.33,2.31,2.22,2.11,2.13,2.22,2.21,2.21,2.28,2.26,2.27,2.28,2.27,2.22,2.40,2.56,2.64,2.63,2.60,2.56,2.53,2.52,2.62,2.65,2.69,2.73,2.71,2.65,2.63,2.66,2.75,2.82,2.88,2.98,3.11,3.21,3.19,3.09,2.94,2.80,2.65,2.61,2.60,2.56,2.44,2.27,2.14,2.04,1.90,1.63,1.33,1.00,0.55,-0.42,-1.21,-1.76,-2.07,-2.21,-2.25,-2.28,-2.34,-2.50,-2.71,-2.94,-3.16,-3.37,-3.64,-3.70,-2.26,0.33,2.44,2.62,2.66,2.68,2.70,2.71,2.68,2.65,2.61,2.61,2.60,2.59,2.57,2.54,2.42,2.28,2.18,2.17,2.18,2.12,2.04,1.98,2.08,2.11,2.18,2.19,2.02,2.02,1.99,1.91,1.82,1.74,1.50,1.39,1.39,1.37,1.50,1.64,1.76,1.84,1.93,1.97,1.99,2.03,2.09,2.11,2.13,2.16,2.18,2.26,2.29,2.30,2.30,2.30,2.37,2.41,2.42,2.46,2.49,2.51,2.53,2.56,2.47,2.38,2.31,2.28,2.24,2.20,2.15,2.12,2.13,2.05,2.02,2.04,2.10,2.11,2.11,2.12,2.14,2.15,2.26,2.26,2.23,2.24,2.26,2.30,2.33,2.36,2.36,2.35,2.37,2.43,2.52,2.55,2.57,2.55,2.46,2.40,2.41,2.37,2.30,2.27,2.22,2.18,2.14,2.09
2.76,2.76,2.76,2.71,2.61,2.54,2.44,2.39,2.36,2.32,2.31,2.31,2.34,2.38,2.40,2.40,2.38,2.34,2.33,2.30,2.30,2.30,2.26,2.26,2.21,2.15,2.09,2.00,2.00,1.98,1.94,1.92,1.93,1.94,1.94,1.93,1.93,1.96,1.99,2.05,2.17,2.15,2.12,2.13,2.19,2.24,2.26,2.28,2.31,2.38,2.48,2.56,2.65,2.78,2.91,3.03,2.64,1.72,1.31,1.59,2.27,3.16,4.08,4.18,4.25,4.32,4.39,4.52,4.52,4.44,4.21,3.58,3.19,3.05,3.03,2.99,2.85,2.72,2.59,2.47,2.31,2.27,2.20,2.15,2.23,2.31,2.30,2.28,2.31,2.31,2.33,2.36,2.38,2.37,2.52,2.61,2.63,2.62,2.59,2.56,2.53,2.51,2.58,2.60,2.62,2.64,2.63,2.55,2.57,2.63,2.69,2.74,2.82,2.91,3.03,3.13,3.08,2.96,2.83,2.72,2.66,2.65,2.64,2.60,2.45,2.30,2.19,2.10,1.99,1.92,1.85,1.75,1.54,0.78,0.13,-0.36,-0.77,-1.48,-1.91,-2.13,-2.22,-2.29,-2.42,-2.55,-2.66,-2.76,-3.07,-3.34,-2.04,0.46,2.37,2.73,2.86,2.91,2.96,2.94,2.88,2.81,2.75,2.73,2.74,2.73,2.70,2.63,2.51,2.37,2.28,2.29,2.25,2.10,1.97,1.92,1.97,1.98,2.00,1.97,1.84,1.87,1.87,1.82,1.72,1.61,1.46,1.40,1.40,1.38,1.49,1.62,1.73,1.83,1.95,2.01,2.05,2.09,2.12,2.12,2.16,2.18,2.18,2.22,2.28,2.33,2.34,2.32,2.39,2.41,2.42,2.47,2.52,2.55,2.56,2.58,2.52,2.46,2.39,2.33,2.29,2.26,2.21,2.16,2.13,2.08,2.06,2.08,2.13,2.12,2.11,2.10,2.11,2.13,2.21,2.20,2.18,2.21,2.24,2.27,2.32,2.37,2.34,2.35,2.38,2.42,2.50,2.54,2.55,2.54,2.49,2.45,2.48,2.46,2.40,2.36,2.32,2.27,2.19,2.10
2.78,2.80,2.82,2.78,2.69,2.62,2.49,2.37,2.30,2.33,2.30,2.28,2.30,2.33,2.34,2.35,2.33,2.31,2.37,2.31,2.29,2.28,2.25,2.21,2.18,2.13,2.06,2.00,2.02,2.01,1.97,1.94,1.95,1.96,1.96,1.96,2.01,1.97,1.95,1.98,2.08,2.12,2.10,2.11,2.19,2.23,2.23,2.26,2.31,2.36,2.44,2.54,2.65,2.76,2.78,2.92,1.71,-0.91,-1.64,-1.65,-0.40,1.76,3.96,4.16,4.18,4.16,4.17,4.26,4.29,4.06,3.61,3.21,3.13,3.12,3.09,2.95,2.80,2.66,2.53,2.40,2.29,2.20,2.17,2.22,2.40,2.44,2.43,2.39,2.34,2.36,2.42,2.48,2.54,2.61,2.65,2.63,2.61,2.65,2.59,2.55,2.53,2.51,2.55,2.57,2.58,2.58,2.62,2.52,2.54,2.60,2.62,2.68,2.75,2.84,2.94,3.05,2.95,2.83,2.72,2.65,2.72,2.71,2.68,2.63,2.42,2.29,2.21,2.17,2.13,2.06,1.97,1.86,1.74,1.75,1.71,1.62,1.22,-0.29,-1.38,-1.98,-2.19,-2.20,-2.24,-2.25,-2.21,-2.15,-2.44,-2.78,-1.90,0.08,2.07,2.76,3.04,3.16,3.27,3.22,3.12,3.01,2.92,2.86,2.87,2.86,2.79,2.70,2.59,2.46,2.39,2.39,2.30,2.03,1.88,1.89,1.84,1.85,1.83,1.78,1.70,1.70,1.74,1.75,1.67,1.58,1.52,1.48,1.46,1.43,1.49,1.60,1.71,1.80,1.95,2.06,2.14,2.17,2.15,2.13,2.16,2.20,2.19,2.19,2.26,2.34,2.40,2.34,2.38,2.40,2.40,2.45,2.52,2.54,2.55,2.56,2.55,2.56,2.49,2.36,2.27,2.25,2.23,2.18,2.13,2.13,2.13,2.14,2.17,2.16,2.16,2.15,2.15,2.15,2.17,2.16,2.15,2.18,2.22,2.25,2.30,2.36,2.31,2.35,2.38,2.42,2.47,2.48,2.46,2.46,2.51,2.48,2.51,2.51,2.49,2.47,2.42,2.34,2.23,2.08
2.76,2.80,2.80,2.78,2.74,2.67,2.51,2.40,2.35,2.31,2.27,2.23,2.21,2.22,2.24,2.29,2.28,2.25,2.32,2.28,2.25,2.24,2.22,2.19,2.16,2.11,2.05,2.04,2.02,2.00,1.99,1.99,2.00,2.01,2.02,2.01,2.00,2.01,1.98,1.98,2.11,2.12,2.10,2.09,2.11,2.18,2.19,2.21,2.26,2.32,2.40,2.49,2.57,2.63,2.74,1.48,-0.03,-1.09,-1.41,-1.68,-1.33,-0.48,0.39,3.27,4.15,4.07,4.04,3.98,3.91,3.74,3.48,3.28,3.20,3.13,3.05,2.91,2.76,2.62,2.48,2.35,2.27,2.22,2.24,2.30,2.39,2.47,2.50,2.48,2.46,2.47,2.48,2.50,2.55,2.63,2.63,2.60,2.59,2.60,2.59,2.56,2.53,2.53,2.55,2.58,2.57,2.54,2.57,2.52,2.51,2.54,2.57,2.63,2.70,2.78,2.86,2.95,2.81,2.72,2.68,2.68,2.74,2.75,2.73,2.64,2.36,2.26,2.21,2.16,2.14,2.06,1.96,1.86,1.79,1.75,1.73,1.70,1.55,1.00,0.48,0.13,-0.40,-1.62,-1.99,-2.23,-2.34,-2.35,-2.49,-2.62,-2.29,-1.58,-1.00,-0.87,-0.39,0.90,3.14,3.26,3.16,3.05,3.03,3.01,3.00,2.95,2.87,2.78,2.66,2.54,2.44,2.35,2.20,2.09,2.00,1.91,1.80,1.74,1.71,1.68,1.64,1.62,1.67,1.69,1.65,1.53,1.48,1.49,1.53,1.55,1.61,1.69,1.77,1.85,1.95,2.02,2.08,2.12,2.12,2.14,2.19,2.19,2.09,2.11,2.24,2.34,2.36,2.33,2.36,2.39,2.41,2.46,2.47,2.48,2.50,2.53,2.51,2.51,2.47,2.38,2.27,2.26,2.20,2.13,2.09,2.14,2.16,2.20,2.26,2.22,2.22,2.24,2.28,2.28,2.24,2.24,2.24,2.25,2.28,2.29,2.31,2.34,2.30,2.33,2.35,2.37,2.41,2.44,2.43,2.43,2.45,2.44,2.47,2.47,2.45,2.43,2.41,2.35,2.24,2.10
2.73,2.77,2.76,2.75,2.74,2.67,2.52,2.45,2.40,2.33,2.28,2.22,2.18,2.18,2.19,2.25,2.24,2.21,2.29,2.25,2.22,2.20,2.18,2.16,2.12,2.08,2.05,2.06,2.02,2.00,1.99,2.00,2.02,2.04,2.05,2.04,2.00,2.02,2.01,2.00,2.10,2.10,2.09,2.08,2.07,2.12,2.15,2.18,2.22,2.28,2.34,2.41,2.47,2.48,1.98,0.28,-0.98,-1.16,-1.42,-1.73,-1.84,-1.77,-1.69,1.55,2.71,3.11,3.93,3.78,3.65,3.52,3.38,3.28,3.21,3.13,3.02,2.87,2.73,2.58,2.43,2.30,2.25,2.23,2.28,2.36,2.40,2.48,2.52,2.54,2.55,2.56,2.53,2.52,2.54,2.63,2.61,2.58,2.56,2.56,2.57,2.56,2.55,2.57,2.57,2.58,2.56,2.51,2.51,2.49,2.47,2.48,2.53,2.61,2.68,2.75,2.82,2.85,2.71,2.65,2.66,2.70,2.76,2.79,2.78,2.69,2.38,2.26,2.20,2.15,2.12,2.05,1.93,1.84,1.83,1.77,1.77,1.78,1.77,1.76,1.60,1.45,0.93,-0.49,-1.02,-1.54,-1.91,-2.10,-2.31,-2.46,-2.53,-2.59,-2.76,-2.92,-2.47,-1.04,1.46,1.61,2.16,2.73,3.12,3.13,3.10,3.03,2.94,2.86,2.74,2.62,2.49,2.36,2.19,2.14,2.06,1.92,1.77,1.66,1.62,1.61,1.58,1.56,1.60,1.63,1.63,1.52,1.48,1.53,1.63,1.67,1.70,1.74,1.80,1.88,1.94,2.00,2.05,2.09,2.09,2.12,2.17,2.18,2.07,2.09,2.22,2.31,2.32,2.33,2.36,2.39,2.42,2.44,2.44,2.45,2.48,2.50,2.47,2.45,2.42,2.36,2.26,2.26,2.20,2.13,2.10,2.16,2.20,2.25,2.31,2.27,2.27,2.31,2.37,2.39,2.36,2.34,2.33,2.31,2.33,2.32,2.33,2.34,2.30,2.31,2.32,2.33,2.34,2.37,2.38,2.39,2.39,2.43,2.43,2.42,2.40,2.39,2.39,2.34,2.25,2.14
2.69,2.68,2.70,2.70,2.67,2.60,2.52,2.49,2.47,2.40,2.33,2.26,2.22,2.20,2.19,2.24,2.23,2.21,2.27,2.24,2.20,2.17,2.15,2.13,2.06,2.04,2.07,2.06,2.01,1.99,1.99,1.98,2.02,2.04,2.05,2.04,2.02,2.01,2.03,2.06,2.02,2.06,2.07,2.07,2.08,2.05,2.11,2.16,2.19,2.24,2.24,2.30,2.36,2.29,0.26,-0.60,-0.90,-1.10,-1.72,-1.81,-1.80,-1.78,-1.78,-1.25,-0.60,1.01,3.86,3.68,3.56,3.44,3.31,3.20,3.15,3.08,2.98,2.83,2.69,2.54,2.38,2.26,2.24,2.22,2.28,2.39,2.43,2.46,2.50,2.54,2.61,2.63,2.56,2.51,2.53,2.60,2.59,2.57,2.55,2.53,2.52,2.54,2.59,2.64,2.62,2.58,2.53,2.47,2.43,2.44,2.40,2.40,2.51,2.64,2.68,2.74,2.80,2.74,2.68,2.66,2.68,2.74,2.78,2.83,2.84,2.79,2.50,2.30,2.18,2.13,2.08,2.00,1.89,1.81,1.84,1.84,1.84,1.84,1.84,1.82,1.75,1.73,1.67,1.37,0.90,0.04,-0.76,-1.27,-1.81,-2.27,-2.58,-2.73,-2.78,-2.86,-2.77,-2.55,-2.28,-2.30,-0.23,1.93,3.20,3.21,3.15,3.08,3.01,2.94,2.85,2.71,2.56,2.42,2.29,2.17,2.04,1.90,1.76,1.60,1.58,1.59,1.53,1.52,1.53,1.57,1.60,1.54,1.52,1.60,1.74,1.82,1.74,1.75,1.80,1.87,1.93,1.99,2.04,2.07,2.06,2.05,2.10,2.17,2.17,2.15,2.20,2.25,2.27,2.34,2.38,2.40,2.40,2.41,2.42,2.46,2.48,2.45,2.43,2.38,2.33,2.30,2.22,2.25,2.23,2.19,2.18,2.20,2.23,2.27,2.32,2.31,2.31,2.35,2.42,2.46,2.52,2.49,2.42,2.38,2.36,2.35,2.36,2.35,2.31,2.30,2.30,2.28,2.24,2.27,2.30,2.33,2.35,2.44,2.41,2.37,2.36,2.36,2.35,2.32,2.27,2.21
2.75,2.70,2.67,2.64,2.60,2.60,2.55,2.50,2.46,2.42,2.33,2.28,2.23,2.17,2.19,2.18,2.18,2.21,2.26,2.22,2.18,2.15,2.11,2.06,2.02,2.02,2.05,2.05,2.01,1.98,1.97,1.98,2.01,2.04,2.04,2.03,2.01,2.01,2.03,2.03,1.98,2.02,2.04,2.05,2.06,2.05,2.07,2.10,2.13,2.13,2.18,2.03,1.64,1.01,-0.16,-0.86,-1.26,-1.49,-1.80,-1.81,-1.80,-1.82,-1.84,-1.81,-1.57,-0.06,3.11,3.42,3.43,3.33,3.20,3.07,3.01,2.98,2.93,2.79,2.64,2.48,2.35,2.25,2.22,2.23,2.29,2.37,2.43,2.45,2.48,2.53,2.59,2.59,2.52,2.51,2.56,2.57,2.56,2.55,2.54,2.50,2.50,2.52,2.55,2.57,2.58,2.52,2.46,2.41,2.39,2.40,2.41,2.45,2.56,2.67,2.70,2.72,2.75,2.73,2.66,2.67,2.73,2.77,2.82,2.84,2.84,2.81,2.66,2.39,2.21,2.14,2.07,2.00,1.92,1.86,1.85,1.89,1.90,1.89,1.87,1.85,1.82,1.81,1.80,1.78,1.63,1.24,0.73,0.18,-0.41,-1.06,-1.78,-2.38,-2.51,-2.70,-2.81,-2.88,-2.92,-2.94,-1.84,-0.68,0.17,1.14,2.52,3.15,3.16,3.12,3.05,2.88,2.67,2.50,2.35,2.20,2.07,1.96,1.84,1.71,1.64,1.60,1.53,1.51,1.51,1.53,1.56,1.59,1.57,1.63,1.74,1.82,1.76,1.76,1.80,1.86,1.92,1.97,2.02,2.05,2.03,2.02,2.07,2.15,2.20,2.18,2.20,2.24,2.27,2.34,2.37,2.39,2.39,2.39,2.41,2.46,2.48,2.42,2.41,2.37,2.32,2.26,2.21,2.22,2.21,2.20,2.20,2.23,2.26,2.31,2.36,2.36,2.37,2.40,2.46,2.52,2.61,2.59,2.52,2.45,2.41,2.40,2.39,2.38,2.39,2.35,2.32,2.29,2.24,2.24,2.26,2.29,2.31,2.34,2.34,2.34,2.33,2.32,2.33,2.28,2.23,2.23
2.81,2.73,2.67,2.60,2.55,2.59,2.56,2.51,2.46,2.42,2.34,2.31,2.26,2.16,2.18,2.13,2.13,2.18,2.22,2.20,2.16,2.12,2.07,1.99,1.99,2.02,2.03,2.04,2.02,1.97,1.95,1.97,2.00,2.03,2.04,2.03,2.00,2.02,2.02,2.00,1.96,1.98,2.00,2.02,2.04,2.06,2.03,2.03,2.06,2.04,2.03,1.65,0.90,-0.09,-0.47,-1.12,-1.64,-1.85,-1.82,-1.80,-1.82,-1.85,-1.89,-1.87,-1.60,-0.23,2.52,3.16,3.27,3.20,3.09,2.94,2.87,2.86,2.84,2.72,2.57,2.42,2.31,2.24,2.21,2.25,2.30,2.36,2.42,2.44,2.48,2.52,2.56,2.52,2.49,2.52,2.57,2.55,2.54,2.53,2.52,2.48,2.48,2.50,2.51,2.48,2.51,2.44,2.38,2.35,2.36,2.36,2.41,2.50,2.60,2.68,2.70,2.70,2.70,2.72,2.65,2.68,2.77,2.81,2.85,2.84,2.82,2.80,2.76,2.44,2.22,2.13,2.06,2.01,1.95,1.91,1.88,1.94,1.95,1.93,1.91,1.88,1.86,1.84,1.83,1.90,2.01,2.10,1.96,1.51,1.04,0.36,-0.65,-1.71,-2.07,-2.41,-2.68,-2.84,-2.88,-2.92,-2.93,-2.92,-2.64,-1.08,1.22,2.43,2.60,2.33,2.28,2.10,2.17,2.58,2.39,2.25,2.13,2.02,1.93,1.83,1.72,1.63,1.57,1.54,1.52,1.53,1.57,1.66,1.64,1.66,1.72,1.78,1.76,1.77,1.79,1.84,1.90,1.96,2.00,2.02,2.01,1.99,2.04,2.13,2.21,2.20,2.20,2.23,2.28,2.33,2.36,2.38,2.40,2.40,2.41,2.47,2.48,2.41,2.40,2.38,2.32,2.24,2.20,2.19,2.18,2.18,2.22,2.26,2.30,2.35,2.40,2.40,2.42,2.46,2.51,2.58,2.66,2.66,2.61,2.53,2.46,2.45,2.44,2.43,2.49,2.42,2.36,2.32,2.28,2.25,2.25,2.27,2.29,2.26,2.29,2.31,2.30,2.29,2.31,2.25,2.21,2.25
2.81,2.77,2.73,2.64,2.53,2.54,2.53,2.51,2.48,2.42,2.38,2.37,2.34,2.26,2.19,2.12,2.08,2.08,2.10,2.15,2.13,2.07,2.00,1.94,1.99,2.05,2.08,2.06,2.03,1.99,1.95,1.93,1.94,2.01,2.05,2.04,2.03,2.04,2.05,2.04,1.98,1.94,1.96,2.00,2.02,2.03,2.04,2.02,2.00,2.04,1.57,1.03,0.52,0.07,-1.25,-1.71,-1.81,-1.83,-1.81,-1.84,-1.86,-1.88,-1.93,-1.75,-0.14,1.75,2.88,2.97,3.04,3.04,2.97,2.86,2.76,2.71,2.65,2.55,2.42,2.33,2.28,2.24,2.21,2.25,2.30,2.36,2.43,2.48,2.49,2.49,2.51,2.46,2.51,2.54,2.53,2.52,2.51,2.51,2.50,2.46,2.47,2.47,2.46,2.44,2.42,2.33,2.31,2.34,2.32,2.31,2.37,2.46,2.55,2.63,2.68,2.69,2.68,2.68,2.64,2.69,2.79,2.85,2.84,2.82,2.80,2.76,2.63,2.34,2.16,2.09,2.01,2.01,1.95,1.90,1.93,1.98,1.98,1.96,1.95,1.93,1.90,1.87,1.88,1.97,2.04,2.11,2.13,2.08,2.04,1.79,0.93,-0.33,-1.25,-1.80,-2.15,-2.39,-2.60,-2.81,-2.91,-2.93,-2.84,-2.43,-1.81,-0.79,-0.25,-1.58,-1.61,-1.65,-0.33,2.64,2.42,2.32,2.21,2.08,1.97,1.87,1.78,1.71,1.67,1.66,1.64,1.64,1.69,1.74,1.73,1.73,1.74,1.76,1.76,1.76,1.78,1.82,1.88,1.94,1.97,2.00,1.98,1.97,2.01,2.08,2.16,2.20,2.18,2.20,2.30,2.32,2.37,2.41,2.44,2.46,2.47,2.52,2.51,2.43,2.42,2.38,2.33,2.27,2.21,2.16,2.11,2.13,2.24,2.29,2.35,2.39,2.40,2.41,2.47,2.52,2.57,2.65,2.70,2.71,2.68,2.61,2.51,2.49,2.50,2.53,2.61,2.51,2.45,2.43,2.38,2.32,2.32,2.34,2.34,2.29,2.30,2.31,2.30,2.29,2.28,2.26,2.24,2.25
2.82,2.79,2.75,2.67,2.58,2.53,2.50,2.48,2.46,2.44,2.43,2.43,2.40,2.33,2.22,2.15,2.09,2.04,2.05,2.09,2.07,2.02,1.95,1.96,2.02,2.07,2.09,2.07,2.03,1.99,1.96,1.92,1.91,1.98,2.03,2.02,2.06,2.08,2.09,2.09,2.03,1.97,1.96,1.96,1.97,2.02,2.02,2.00,1.94,1.80,1.30,0.84,0.25,-0.71,-1.66,-1.87,-1.84,-1.84,-1.83,-1.87,-1.89,-1.84,-1.57,-0.33,1.28,2.52,2.84,2.85,2.91,2.94,2.91,2.80,2.67,2.59,2.52,2.40,2.34,2.28,2.24,2.23,2.21,2.25,2.31,2.36,2.43,2.47,2.48,2.46,2.46,2.47,2.52,2.53,2.49,2.49,2.49,2.48,2.47,2.45,2.45,2.45,2.43,2.39,2.34,2.28,2.29,2.33,2.30,2.33,2.39,2.44,2.48,2.52,2.57,2.59,2.58,2.58,2.57,2.60,2.67,2.79,2.80,2.79,2.77,2.71,2.51,2.31,2.17,2.08,1.99,2.00,1.98,1.95,1.97,2.01,2.01,2.00,1.99,1.97,1.93,1.92,1.93,1.97,2.04,2.12,2.21,2.30,2.42,2.38,1.94,1.20,0.57,-0.22,-0.95,-1.60,-2.16,-2.43,-2.62,-2.75,-2.84,-2.90,-2.89,-2.33,-1.94,-2.97,-2.99,-2.99,-1.96,0.30,0.13,0.04,0.64,1.66,2.05,1.98,1.85,1.75,1.72,1.72,1.71,1.73,1.77,1.81,1.81,1.80,1.79,1.79,1.79,1.79,1.80,1.81,1.86,1.90,1.94,1.96,1.95,1.96,2.00,2.06,2.13,2.17,2.17,2.21,2.30,2.33,2.37,2.41,2.44,2.48,2.52,2.55,2.54,2.50,2.46,2.40,2.34,2.28,2.22,2.15,2.13,2.17,2.30,2.38,2.41,2.43,2.44,2.43,2.50,2.55,2.59,2.63,2.67,2.69,2.70,2.67,2.56,2.52,2.54,2.60,2.68,2.59,2.51,2.46,2.40,2.35,2.35,2.37,2.37,2.35,2.34,2.33,2.32,2.30,2.28,2.27,2.26,2.24
2.84,2.82,2.76,2.71,2.66,2.54,2.48,2.43,2.41,2.46,2.48,2.49,2.45,2.38,2.25,2.20,2.12,2.04,2.04,2.03,2.01,1.97,1.90,2.02,2.07,2.09,2.09,2.06,2.02,2.00,1.97,1.93,1.89,1.96,2.01,2.00,2.10,2.12,2.14,2.14,2.09,2.04,1.97,1.91,1.92,2.01,1.99,1.96,1.85,1.41,1.09,0.81,0.00,-1.92,-1.86,-1.81,-1.80,-1.85,-1.88,-1.89,-1.90,-1.70,-0.91,1.70,2.61,2.62,2.60,2.78,2.85,2.88,2.87,2.75,2.58,2.49,2.43,2.27,2.29,2.24,2.20,2.21,2.20,2.25,2.31,2.36,2.43,2.44,2.44,2.43,2.40,2.51,2.52,2.49,2.46,2.46,2.46,2.45,2.45,2.44,2.43,2.42,2.39,2.33,2.26,2.26,2.29,2.30,2.28,2.39,2.44,2.43,2.39,2.39,2.42,2.44,2.44,2.44,2.47,2.46,2.49,2.67,2.74,2.76,2.74,2.66,2.40,2.32,2.21,2.07,1.99,1.99,2.02,2.04,2.01,2.03,2.04,2.03,2.03,2.01,1.96,1.96,1.97,1.93,2.01,2.13,2.24,2.34,2.45,2.51,2.60,2.73,2.80,1.80,0.60,-0.56,-1.53,-1.84,-2.15,-2.45,-2.70,-2.87,-2.88,-2.91,-2.95,-2.99,-3.00,-3.02,-3.07,-3.14,-3.23,-3.30,-1.75,0.85,1.95,2.09,1.94,1.77,1.76,1.76,1.77,1.79,1.82,1.86,1.87,1.87,1.86,1.86,1.83,1.83,1.84,1.83,1.84,1.88,1.90,1.92,1.93,1.97,2.01,2.06,2.11,2.12,2.18,2.24,2.30,2.34,2.37,2.40,2.43,2.47,2.56,2.57,2.57,2.60,2.51,2.43,2.36,2.29,2.22,2.16,2.18,2.27,2.37,2.49,2.50,2.49,2.51,2.46,2.52,2.57,2.59,2.57,2.60,2.64,2.69,2.72,2.61,2.56,2.58,2.66,2.72,2.66,2.56,2.45,2.37,2.35,2.36,2.38,2.39,2.42,2.40,2.38,2.35,2.31,2.28,2.29,2.28,2.24
2.84,2.84,2.82,2.76,2.68,2.62,2.54,2.44,2.39,2.44,2.48,2.51,2.48,2.40,2.34,2.30,2.22,2.12,2.06,2.06,2.05,2.01,1.95,2.05,2.10,2.11,2.10,2.06,2.03,2.00,1.97,1.94,1.95,1.98,2.02,2.08,2.09,2.13,2.17,2.16,2.11,2.07,1.96,1.87,1.88,1.98,1.96,1.70,1.20,0.59,0.28,-0.38,-1.20,-1.84,-1.82,-1.82,-1.84,-1.88,-1.94,-1.96,-1.59,-0.63,1.14,2.14,2.48,2.54,2.63,2.71,2.75,2.77,2.78,2.72,2.59,2.47,2.38,2.30,2.25,2.20,2.18,2.20,2.19,2.24,2.30,2.35,2.37,2.38,2.38,2.40,2.43,2.47,2.50,2.50,2.46,2.45,2.43,2.43,2.42,2.41,2.41,2.38,2.32,2.26,2.23,2.26,2.29,2.30,2.33,2.39,2.39,2.38,2.37,2.39,2.38,2.34,2.30,2.34,2.39,2.37,2.38,2.56,2.65,2.70,2.65,2.47,2.30,2.23,2.15,2.05,2.03,2.02,2.03,2.04,2.07,2.07,2.06,2.07,2.07,2.05,1.97,1.98,2.02,1.99,2.06,2.19,2.31,2.38,2.43,2.50,2.60,2.69,2.80,2.52,2.16,1.62,0.78,-0.27,-1.26,-1.91,-2.16,-2.36,-2.34,-2.62,-3.00,-3.03,-3.03,-3.06,-3.11,-3.18,-3.27,-3.33,-2.82,-1.94,-1.58,1.35,2.24,1.95,1.83,1.77,1.77,1.79,1.82,1.86,1.87,1.90,1.92,1.91,1.90,1.90,1.91,1.92,1.94,1.96,1.97,1.97,1.98,2.01,2.03,2.04,2.04,2.09,2.17,2.24,2.28,2.36,2.38,2.40,2.43,2.46,2.52,2.49,2.48,2.58,2.51,2.45,2.37,2.29,2.16,2.13,2.19,2.28,2.32,2.47,2.57,2.62,2.62,2.59,2.61,2.62,2.61,2.59,2.59,2.61,2.65,2.70,2.68,2.64,2.66,2.72,2.74,2.71,2.62,2.52,2.46,2.36,2.37,2.41,2.44,2.47,2.50,2.48,2.42,2.36,2.29,2.30,2.33,2.33
2.84,2.85,2.85,2.81,2.74,2.69,2.62,2.50,2.40,2.39,2.44,2.49,2.48,2.41,2.37,2.32,2.24,2.16,2.08,2.09,2.09,2.06,1.99,2.06,2.10,2.12,2.10,2.06,2.03,2.00,1.99,2.00,2.01,2.02,2.07,2.15,2.13,2.16,2.19,2.19,2.14,2.10,1.98,1.88,1.88,1.96,1.91,1.51,0.72,-0.34,-0.63,-1.26,-1.84,-1.81,-1.82,-1.85,-1.88,-1.91,-1.98,-1.64,-0.75,0.61,2.24,2.37,2.42,2.49,2.61,2.64,2.66,2.67,2.68,2.65,2.55,2.43,2.32,2.26,2.20,2.15,2.14,2.16,2.16,2.20,2.26,2.31,2.30,2.32,2.34,2.38,2.43,2.44,2.49,2.51,2.47,2.45,2.42,2.41,2.40,2.39,2.37,2.33,2.26,2.19,2.22,2.26,2.29,2.32,2.39,2.41,2.38,2.36,2.37,2.39,2.34,2.28,2.24,2.29,2.31,2.29,2.30,2.45,2.55,2.57,2.50,2.35,2.26,2.19,2.12,2.06,2.05,2.06,2.07,2.08,2.13,2.09,2.09,2.10,2.11,2.07,2.00,2.02,2.06,2.05,2.13,2.27,2.38,2.41,2.42,2.50,2.57,2.64,2.77,2.87,2.96,2.84,2.30,1.27,0.28,-0.52,-1.12,-1.61,-1.74,-2.22,-2.82,-3.05,-3.08,-3.12,-3.17,-3.24,-3.33,-3.38,-3.43,-3.47,-3.50,-0.39,1.48,2.10,1.93,1.79,1.76,1.79,1.82,1.84,1.86,1.89,1.91,1.90,1.91,1.93,1.96,1.98,2.01,2.05,2.06,2.06,2.06,2.08,2.09,2.08,2.04,2.09,2.17,2.22,2.26,2.36,2.39,2.41,2.43,2.49,2.49,2.45,2.46,2.57,2.51,2.44,2.38,2.29,2.15,2.14,2.21,2.29,2.32,2.46,2.57,2.64,2.66,2.67,2.69,2.68,2.65,2.64,2.62,2.63,2.65,2.66,2.70,2.68,2.69,2.74,2.74,2.72,2.68,2.63,2.56,2.41,2.41,2.46,2.49,2.52,2.56,2.53,2.45,2.37,2.29,2.29,2.33,2.36
2.84,2.84,2.86,2.87,2.86,2.74,2.72,2.61,2.45,2.31,2.36,2.43,2.44,2.39,2.33,2.26,2.18,2.12,2.11,2.11,2.13,2.11,2.04,2.06,2.08,2.10,2.10,2.06,2.02,2.00,2.03,2.10,2.07,2.09,2.14,2.20,2.22,2.21,2.22,2.22,2.19,2.12,2.03,1.96,1.93,1.95,1.84,1.41,0.46,-1.41,-1.68,-1.77,-1.82,-1.83,-1.86,-1.88,-1.91,-1.96,-2.00,-0.86,0.70,2.04,2.24,2.35,2.43,2.49,2.52,2.55,2.57,2.58,2.58,2.55,2.44,2.35,2.27,2.16,2.13,2.08,2.06,2.09,2.12,2.12,2.18,2.25,2.24,2.26,2.33,2.39,2.41,2.44,2.49,2.52,2.49,2.46,2.43,2.40,2.38,2.36,2.33,2.27,2.19,2.12,2.23,2.25,2.30,2.39,2.47,2.45,2.41,2.39,2.40,2.41,2.31,2.26,2.29,2.31,2.23,2.20,2.25,2.34,2.42,2.36,2.30,2.31,2.29,2.20,2.14,2.11,2.06,2.11,2.13,2.16,2.21,2.09,2.10,2.14,2.15,2.05,2.08,2.08,2.07,2.10,2.24,2.39,2.46,2.42,2.41,2.48,2.52,2.56,2.71,2.81,2.88,2.90,2.88,2.80,2.60,1.84,0.53,-0.57,-1.06,-1.66,-2.38,-3.04,-3.13,-3.20,-3.26,-3.33,-3.40,-3.44,-3.49,-3.53,-3.55,-3.30,-0.50,2.23,2.07,1.81,1.75,1.78,1.82,1.80,1.83,1.85,1.84,1.83,1.87,1.93,1.99,2.01,2.05,2.12,2.18,2.21,2.20,2.20,2.20,2.18,2.13,2.16,2.15,2.18,2.25,2.34,2.39,2.41,2.44,2.55,2.47,2.47,2.51,2.56,2.49,2.43,2.37,2.29,2.18,2.18,2.23,2.31,2.37,2.44,2.49,2.54,2.61,2.69,2.77,2.76,2.70,2.71,2.72,2.72,2.69,2.61,2.66,2.66,2.68,2.72,2.72,2.71,2.75,2.76,2.67,2.52,2.49,2.52,2.54,2.56,2.58,2.54,2.44,2.32,2.25,2.26,2.29,2.31
2.84,2.84,2.86,2.88,2.88,2.84,2.79,2.72,2.61,2.47,2.38,2.36,2.36,2.34,2.27,2.20,2.12,2.07,2.07,2.08,2.09,2.07,2.03,2.04,2.06,2.10,2.13,2.11,2.03,2.04,2.08,2.10,2.20,2.22,2.24,2.29,2.29,2.28,2.27,2.26,2.24,2.12,2.04,2.00,1.96,1.93,1.85,0.84,-0.86,-1.72,-1.82,-1.84,-1.84,-1.87,-1.91,-1.94,-1.96,-1.84,-0.70,0.54,1.55,2.18,2.26,2.33,2.39,2.43,2.45,2.46,2.48,2.49,2.49,2.45,2.34,2.27,2.22,2.14,2.10,2.05,2.02,2.02,2.05,2.05,2.10,2.16,2.18,2.23,2.29,2.34,2.40,2.43,2.49,2.52,2.52,2.48,2.44,2.42,2.39,2.37,2.32,2.22,2.15,2.17,2.24,2.28,2.32,2.40,2.50,2.47,2.44,2.42,2.42,2.50,2.40,2.31,2.28,2.28,2.20,2.20,2.23,2.25,2.31,2.30,2.29,2.32,2.24,2.18,2.14,2.11,2.13,2.17,2.20,2.21,2.19,2.12,2.12,2.14,2.14,2.07,2.06,2.06,2.06,2.10,2.23,2.37,2.44,2.39,2.37,2.44,2.49,2.53,2.65,2.76,2.80,2.81,2.83,2.86,2.81,2.47,1.84,1.28,0.66,-0.03,-0.66,-1.07,-2.75,-3.31,-3.36,-3.39,-3.45,-3.50,-3.54,-3.57,-3.61,-3.66,-2.46,-0.36,1.97,1.75,1.72,1.76,1.80,1.84,1.85,1.85,1.83,1.80,1.84,1.90,1.95,1.98,2.03,2.09,2.15,2.21,2.25,2.27,2.29,2.29,2.27,2.28,2.27,2.27,2.30,2.34,2.33,2.34,2.37,2.43,2.40,2.43,2.45,2.46,2.41,2.37,2.31,2.22,2.17,2.25,2.29,2.31,2.35,2.33,2.39,2.48,2.58,2.66,2.69,2.69,2.67,2.68,2.73,2.73,2.68,2.58,2.65,2.65,2.67,2.72,2.74,2.73,2.74,2.75,2.74,2.66,2.61,2.59,2.58,2.56,2.54,2.50,2.40,2.24,2.24,2.24,2.26,2.35
2.84,2.84,2.86,2.88,2.89,2.91,2.83,2.79,2.74,2.61,2.42,2.33,2.29,2.27,2.22,2.15,2.08,2.04,2.04,2.06,2.07,2.06,2.04,2.04,2.05,2.10,2.16,2.14,2.07,2.09,2.15,2.14,2.36,2.38,2.36,2.39,2.39,2.37,2.34,2.31,2.28,2.14,2.08,2.04,1.99,1.93,1.47,-0.02,-1.91,-1.85,-1.83,-1.84,-1.87,-1.91,-1.96,-1.92,-1.72,-1.14,0.66,1.69,2.09,2.14,2.26,2.31,2.34,2.37,2.39,2.38,2.40,2.41,2.40,2.36,2.25,2.20,2.19,2.14,2.09,2.03,1.99,1.97,1.98,1.98,2.02,2.08,2.13,2.21,2.26,2.31,2.38,2.43,2.49,2.53,2.55,2.50,2.47,2.45,2.42,2.38,2.30,2.18,2.14,2.22,2.24,2.30,2.35,2.41,2.53,2.51,2.48,2.46,2.47,2.57,2.47,2.35,2.27,2.24,2.18,2.18,2.21,2.17,2.22,2.25,2.27,2.29,2.19,2.16,2.13,2.11,2.19,2.21,2.24,2.24,2.16,2.13,2.12,2.12,2.13,2.08,2.04,2.04,2.07,2.10,2.17,2.29,2.37,2.35,2.31,2.38,2.45,2.50,2.60,2.68,2.70,2.70,2.71,2.71,2.71,2.70,2.68,2.63,2.04,1.44,0.97,0.73,-1.85,-3.08,-3.46,-3.46,-3.51,-3.56,-3.59,-3.62,-3.67,-3.66,-3.85,-2.48,1.85,1.70,1.69,1.74,1.80,1.87,1.87,1.86,1.84,1.82,1.84,1.88,1.92,1.95,2.00,2.04,2.10,2.17,2.25,2.28,2.32,2.36,2.37,2.38,2.38,2.38,2.37,2.38,2.32,2.31,2.34,2.34,2.36,2.38,2.39,2.37,2.33,2.31,2.25,2.17,2.14,2.29,2.33,2.30,2.32,2.24,2.31,2.43,2.55,2.61,2.60,2.59,2.59,2.61,2.71,2.72,2.66,2.57,2.63,2.64,2.66,2.71,2.76,2.75,2.73,2.73,2.77,2.74,2.68,2.63,2.60,2.55,2.51,2.46,2.37,2.19,2.23,2.23,2.27,2.41
2.84,2.84,2.86,2.88,2.89,2.87,2.80,2.78,2.74,2.60,2.44,2.36,2.28,2.18,2.17,2.13,2.09,2.05,2.02,2.07,2.11,2.13,2.12,2.08,2.07,2.10,2.15,2.14,2.17,2.18,2.23,2.36,2.55,2.56,2.52,2.52,2.51,2.47,2.43,2.37,2.26,2.22,2.17,2.10,2.01,1.94,0.00,-1.46,-1.87,-1.84,-1.83,-1.85,-1.90,-1.95,-1.98,-1.70,-0.66,1.02,1.67,1.92,2.07,2.16,2.22,2.26,2.30,2.34,2.37,2.34,2.34,2.34,2.31,2.27,2.20,2.19,2.18,2.13,2.10,2.04,1.97,1.91,1.94,1.92,1.95,2.03,2.10,2.17,2.27,2.34,2.38,2.44,2.50,2.56,2.61,2.56,2.54,2.51,2.46,2.38,2.24,2.17,2.17,2.21,2.22,2.28,2.37,2.47,2.57,2.56,2.53,2.53,2.57,2.53,2.44,2.34,2.26,2.21,2.15,2.13,2.14,2.14,2.19,2.20,2.17,2.14,2.16,2.17,2.14,2.10,2.19,2.18,2.20,2.19,2.15,2.11,2.08,2.09,2.13,2.08,2.08,2.09,2.11,2.12,2.05,2.14,2.24,2.26,2.23,2.28,2.36,2.44,2.53,2.57,2.58,2.59,2.65,2.63,2.60,2.53,2.43,2.32,2.13,2.01,1.81,1.29,0.25,-1.96,-3.58,-3.59,-3.62,-3.64,-3.66,-3.69,-3.74,-3.71,-3.72,-2.28,1.77,1.70,1.67,1.71,1.83,1.84,1.85,1.89,1.93,1.91,1.94,1.94,1.94,1.95,1.98,1.99,2.03,2.09,2.16,2.18,2.23,2.29,2.33,2.40,2.44,2.46,2.46,2.48,2.44,2.42,2.42,2.42,2.40,2.38,2.36,2.34,2.32,2.29,2.24,2.17,2.10,2.27,2.32,2.29,2.31,2.28,2.31,2.40,2.51,2.55,2.51,2.47,2.45,2.47,2.64,2.67,2.62,2.57,2.61,2.62,2.65,2.69,2.76,2.75,2.74,2.74,2.72,2.66,2.61,2.57,2.54,2.53,2.51,2.45,2.35,2.22,2.22,2.28,2.38,2.51
2.84,2.84,2.86,2.87,2.87,2.82,2.77,2.74,2.69,2.59,2.44,2.36,2.27,2.17,2.14,2.11,2.09,2.06,2.07,2.13,2.18,2.21,2.20,2.15,2.11,2.12,2.16,2.19,2.26,2.31,2.40,2.58,2.74,2.74,2.70,2.67,2.64,2.59,2.52,2.44,2.36,2.31,2.24,2.21,2.15,1.07,-0.85,-1.90,-1.86,-1.84,-1.85,-1.89,-1.93,-1.97,-1.73,-0.68,0.66,1.84,2.05,2.07,2.11,2.17,2.19,2.22,2.26,2.31,2.33,2.32,2.30,2.29,2.28,2.22,2.20,2.19,2.17,2.12,2.10,2.06,1.99,1.91,1.89,1.91,1.95,2.00,2.06,2.12,2.23,2.34,2.40,2.46,2.48,2.52,2.58,2.56,2.56,2.52,2.44,2.31,2.19,2.17,2.18,2.20,2.26,2.32,2.43,2.55,2.62,2.60,2.59,2.60,2.63,2.53,2.43,2.35,2.26,2.18,2.13,2.11,2.13,2.15,2.16,2.14,2.12,2.13,2.17,2.16,2.14,2.13,2.17,2.15,2.14,2.14,2.11,2.08,2.04,2.05,2.08,2.06,2.07,2.09,2.11,2.10,2.01,2.04,2.10,2.15,2.16,2.21,2.29,2.37,2.45,2.45,2.44,2.46,2.55,2.51,2.48,2.40,2.27,2.15,2.09,2.06,1.96,1.64,1.37,-0.24,-2.23,-3.72,-3.72,-3.73,-3.74,-3.75,-3.81,-3.78,-3.74,-2.28,1.70,1.69,1.68,1.74,1.85,1.86,1.85,1.90,1.98,2.04,2.06,2.06,2.05,2.05,2.07,2.04,2.02,2.05,2.11,2.11,2.15,2.21,2.27,2.33,2.38,2.42,2.45,2.49,2.48,2.48,2.48,2.50,2.48,2.44,2.41,2.40,2.38,2.36,2.32,2.25,2.14,2.18,2.19,2.21,2.27,2.25,2.28,2.35,2.44,2.48,2.45,2.42,2.41,2.43,2.57,2.59,2.55,2.51,2.60,2.60,2.62,2.67,2.76,2.75,2.74,2.68,2.55,2.51,2.51,2.52,2.51,2.50,2.48,2.41,2.31,2.23,2.22,2.29,2.39,2.46
2.84,2.84,2.85,2.85,2.83,2.78,2.73,2.67,2.62,2.58,2.44,2.33,2.26,2.20,2.12,2.10,2.08,2.08,2.13,2.21,2.25,2.26,2.26,2.21,2.15,2.14,2.18,2.26,2.34,2.45,2.60,2.78,2.93,2.93,2.89,2.84,2.78,2.72,2.61,2.52,2.52,2.45,2.37,2.41,2.42,0.12,-1.12,-1.71,-1.86,-1.85,-1.89,-1.93,-1.94,-1.85,-1.20,0.66,1.98,2.04,2.12,2.17,2.19,2.18,2.17,2.18,2.23,2.27,2.29,2.32,2.27,2.25,2.27,2.19,2.22,2.20,2.15,2.10,2.11,2.09,2.03,1.93,1.86,1.92,1.97,1.98,2.02,2.05,2.17,2.31,2.43,2.48,2.44,2.45,2.52,2.53,2.54,2.50,2.40,2.22,2.15,2.18,2.20,2.19,2.32,2.39,2.50,2.62,2.67,2.64,2.65,2.66,2.66,2.54,2.45,2.36,2.26,2.16,2.12,2.11,2.14,2.17,2.13,2.09,2.10,2.19,2.20,2.14,2.13,2.16,2.14,2.11,2.09,2.07,2.06,2.04,2.01,2.00,2.02,2.03,2.04,2.07,2.09,2.07,2.00,1.95,1.96,2.04,2.09,2.15,2.23,2.31,2.36,2.33,2.30,2.33,2.44,2.39,2.37,2.30,2.17,2.06,2.01,1.91,1.81,1.87,1.97,1.60,-0.34,-3.86,-3.83,-3.83,-3.81,-3.80,-3.88,-3.86,-3.69,-2.14,1.66,1.65,1.71,1.80,1.87,1.89,1.86,1.90,2.02,2.18,2.18,2.19,2.19,2.20,2.20,2.12,2.06,2.05,2.09,2.09,2.10,2.14,2.19,2.22,2.27,2.33,2.40,2.44,2.48,2.50,2.52,2.57,2.56,2.53,2.51,2.50,2.46,2.46,2.44,2.37,2.24,2.09,2.04,2.10,2.22,2.19,2.23,2.29,2.35,2.42,2.41,2.40,2.42,2.42,2.49,2.50,2.46,2.42,2.59,2.58,2.58,2.64,2.75,2.74,2.69,2.57,2.33,2.33,2.40,2.47,2.50,2.45,2.43,2.36,2.27,2.22,2.22,2.28,2.34,2.35
2.84,2.84,2.84,2.83,2.80,2.75,2.70,2.65,2.59,2.53,2.42,2.31,2.23,2.20,2.17,2.12,2.08,2.06,2.09,2.15,2.18,2.18,2.17,2.15,2.11,2.11,2.16,2.26,2.38,2.51,2.66,2.87,3.08,3.12,3.08,3.04,2.96,2.86,2.77,2.69,2.63,3.09,3.33,3.42,3.38,2.64,1.74,0.04,-1.90,-1.89,-1.94,-1.99,-1.65,-0.50,0.69,1.57,2.04,2.10,2.16,2.19,2.20,2.20,2.19,2.19,2.21,2.24,2.28,2.28,2.27,2.26,2.24,2.25,2.28,2.25,2.20,2.14,2.19,2.16,2.09,2.00,1.95,1.91,1.93,1.99,1.98,1.96,2.04,2.17,2.29,2.32,2.32,2.36,2.44,2.45,2.44,2.39,2.29,2.15,2.18,2.21,2.22,2.23,2.31,2.38,2.52,2.65,2.64,2.66,2.68,2.69,2.67,2.58,2.48,2.38,2.28,2.21,2.20,2.17,2.16,2.21,2.17,2.09,2.07,2.15,2.12,2.10,2.10,2.09,2.07,2.05,2.04,2.02,2.02,2.01,2.00,2.00,2.02,2.00,2.05,2.07,2.06,2.04,1.96,1.90,1.88,1.92,2.02,2.10,2.17,2.22,2.23,2.20,2.24,2.33,2.42,2.43,2.47,2.37,2.15,2.14,2.11,2.03,1.93,1.86,1.86,1.85,0.02,-4.00,-3.93,-3.93,-3.90,-3.87,-3.93,-3.91,-1.98,0.44,1.64,1.58,1.67,1.78,1.85,1.85,1.83,1.89,2.01,2.20,2.21,2.22,2.24,2.26,2.26,2.19,2.13,2.11,2.17,2.21,2.21,2.20,2.22,2.21,2.22,2.24,2.27,2.32,2.35,2.38,2.43,2.46,2.48,2.52,2.55,2.54,2.54,2.55,2.55,2.52,2.47,2.33,2.21,2.15,2.16,2.12,2.11,2.15,2.22,2.27,2.32,2.35,2.36,2.36,2.40,2.41,2.41,2.42,2.50,2.52,2.53,2.57,2.67,2.52,2.37,2.27,2.25,2.31,2.38,2.42,2.43,2.41,2.41,2.33,2.21,2.21,2.20,2.28,2.37,2.38
2.84,2.83,2.82,2.80,2.77,2.72,2.67,2.62,2.56,2.49,2.40,2.30,2.23,2.22,2.19,2.11,2.07,2.06,2.06,2.09,2.10,2.10,2.09,2.09,2.07,2.11,2.21,2.33,2.46,2.60,2.77,2.96,3.18,3.26,3.26,3.22,3.15,3.06,3.05,3.06,2.91,3.45,3.76,3.86,3.82,3.84,3.33,1.81,-0.39,-1.81,-1.86,-1.37,-0.48,0.77,1.77,2.06,2.10,2.15,2.18,2.19,2.20,2.21,2.21,2.19,2.20,2.22,2.26,2.26,2.27,2.26,2.25,2.32,2.33,2.30,2.25,2.18,2.24,2.20,2.11,2.02,1.98,1.92,1.91,1.94,1.94,1.92,1.96,2.05,2.17,2.21,2.25,2.30,2.36,2.37,2.35,2.29,2.22,2.14,2.19,2.21,2.23,2.26,2.31,2.36,2.48,2.60,2.57,2.62,2.66,2.66,2.63,2.56,2.47,2.37,2.28,2.24,2.24,2.22,2.21,2.25,2.20,2.11,2.07,2.11,2.09,2.10,2.09,2.05,2.01,2.01,2.01,2.00,1.98,2.00,1.99,1.99,1.99,1.96,2.01,2.02,1.98,1.95,1.86,1.81,1.80,1.85,1.96,2.05,2.10,2.11,2.09,2.10,2.19,2.31,2.40,2.42,2.46,2.37,2.16,2.18,2.15,2.09,1.99,1.83,1.80,1.99,0.21,-4.08,-4.03,-4.02,-3.99,-3.95,-3.93,-3.40,-0.76,1.72,1.62,1.58,1.66,1.77,1.84,1.80,1.78,1.87,2.04,2.19,2.23,2.25,2.26,2.28,2.28,2.22,2.17,2.16,2.21,2.26,2.25,2.23,2.22,2.23,2.22,2.22,2.22,2.26,2.27,2.30,2.34,2.34,2.39,2.46,2.52,2.54,2.57,2.60,2.61,2.61,2.60,2.52,2.42,2.35,2.32,2.25,2.16,2.13,2.16,2.17,2.23,2.26,2.26,2.27,2.31,2.34,2.35,2.37,2.42,2.45,2.47,2.50,2.56,2.37,2.18,2.09,2.21,2.31,2.36,2.38,2.38,2.38,2.39,2.30,2.18,2.20,2.20,2.28,2.36,2.37
2.85,2.81,2.78,2.76,2.75,2.70,2.64,2.59,2.54,2.47,2.37,2.29,2.26,2.25,2.16,2.08,2.06,2.07,2.05,2.03,2.03,2.03,2.01,2.03,2.03,2.14,2.33,2.47,2.58,2.74,2.91,3.06,3.23,3.37,3.42,3.38,3.36,3.32,3.48,3.63,3.37,3.51,3.64,3.72,3.74,3.71,3.62,3.59,2.71,-1.61,-1.64,-0.07,1.60,1.96,2.02,2.12,2.18,2.18,2.17,2.18,2.19,2.21,2.23,2.21,2.20,2.20,2.22,2.26,2.27,2.27,2.29,2.38,2.39,2.36,2.30,2.22,2.27,2.19,2.09,2.01,1.94,1.96,1.92,1.85,1.90,1.91,1.90,1.95,2.08,2.14,2.22,2.26,2.27,2.28,2.28,2.23,2.18,2.20,2.20,2.20,2.22,2.28,2.34,2.33,2.37,2.45,2.45,2.52,2.56,2.57,2.54,2.47,2.40,2.32,2.25,2.24,2.23,2.25,2.27,2.30,2.23,2.15,2.09,2.07,2.12,2.13,2.11,2.04,1.95,1.99,2.01,2.00,1.96,1.99,1.97,1.95,1.95,1.93,1.95,1.92,1.85,1.78,1.71,1.69,1.72,1.82,1.92,1.98,2.01,1.99,1.94,2.04,2.16,2.28,2.39,2.37,2.34,2.28,2.19,2.17,2.14,2.08,1.97,1.78,1.79,2.01,0.23,-4.11,-4.13,-4.10,-4.06,-4.02,-3.87,-2.30,-0.04,1.65,1.60,1.65,1.70,1.77,1.83,1.73,1.69,1.86,2.10,2.15,2.23,2.26,2.27,2.26,2.25,2.20,2.19,2.21,2.22,2.24,2.24,2.22,2.20,2.27,2.26,2.25,2.25,2.25,2.25,2.25,2.25,2.23,2.27,2.34,2.41,2.49,2.55,2.59,2.61,2.62,2.65,2.67,2.68,2.69,2.72,2.58,2.38,2.23,2.18,2.13,2.13,2.11,2.09,2.15,2.24,2.28,2.28,2.28,2.35,2.38,2.41,2.44,2.43,2.31,2.11,2.01,2.21,2.31,2.34,2.35,2.37,2.36,2.35,2.27,2.17,2.17,2.23,2.27,2.30,2.33
2.81,2.77,2.75,2.73,2.71,2.69,2.62,2.57,2.51,2.46,2.39,2.34,2.32,2.27,2.13,2.10,2.10,2.11,2.09,2.07,2.04,2.02,2.01,2.01,2.11,2.32,2.57,2.64,2.71,2.85,3.05,3.27,3.40,3.57,3.69,3.71,3.59,3.50,3.57,3.66,3.52,3.61,3.68,3.72,3.72,3.68,3.64,3.77,3.58,1.53,0.88,1.32,2.03,2.07,2.03,2.04,2.08,2.11,2.14,2.15,2.17,2.19,2.21,2.22,2.21,2.20,2.22,2.25,2.28,2.30,2.32,2.38,2.40,2.37,2.32,2.26,2.24,2.18,2.10,2.02,1.99,2.00,1.98,1.93,1.95,1.89,1.91,1.96,2.00,2.07,2.16,2.22,2.23,2.23,2.21,2.18,2.16,2.19,2.19,2.25,2.32,2.34,2.35,2.34,2.35,2.37,2.37,2.42,2.46,2.47,2.43,2.36,2.32,2.30,2.29,2.28,2.24,2.23,2.24,2.25,2.18,2.12,2.09,2.11,2.15,2.15,2.12,2.07,1.99,2.02,2.00,1.96,1.95,2.00,1.96,1.92,1.92,1.90,1.90,1.84,1.75,1.66,1.62,1.65,1.72,1.80,1.86,1.90,1.90,1.88,1.89,2.04,2.09,2.11,2.17,2.16,2.21,2.23,2.19,2.19,2.12,2.02,1.89,1.70,1.76,2.08,1.19,-1.37,-1.62,-2.19,-2.96,-3.70,-3.97,-1.22,0.71,1.59,1.58,1.67,1.75,1.81,1.82,1.81,1.80,1.94,2.13,2.17,2.22,2.24,2.25,2.24,2.22,2.17,2.18,2.23,2.23,2.23,2.24,2.25,2.27,2.31,2.30,2.28,2.27,2.27,2.26,2.27,2.27,2.25,2.27,2.30,2.32,2.36,2.45,2.50,2.53,2.56,2.59,2.64,2.68,2.72,2.78,2.72,2.50,2.33,2.29,2.22,2.21,2.20,2.18,2.19,2.22,2.22,2.20,2.20,2.29,2.33,2.36,2.38,2.38,2.32,2.12,1.98,2.17,2.29,2.33,2.34,2.35,2.36,2.30,2.23,2.17,2.13,2.15,2.20,2.26,2.29
2.77,2.74,2.72,2.70,2.67,2.66,2.61,2.55,2.50,2.46,2.41,2.40,2.37,2.31,2.15,2.14,2.15,2.15,2.13,2.10,2.06,2.03,2.02,2.02,2.18,2.46,2.73,2.75,2.81,2.93,3.14,3.43,3.59,3.80,3.98,4.04,3.92,3.71,3.63,3.64,3.61,3.69,3.72,3.72,3.70,3.67,3.63,3.76,3.95,3.69,2.75,2.32,2.23,2.11,2.07,2.01,1.99,2.05,2.10,2.12,2.15,2.17,2.18,2.22,2.21,2.21,2.25,2.27,2.31,2.33,2.35,2.38,2.40,2.37,2.31,2.28,2.22,2.16,2.09,2.02,2.02,2.04,2.05,2.04,2.02,1.92,1.93,1.98,1.96,2.02,2.11,2.17,2.19,2.19,2.17,2.15,2.15,2.17,2.20,2.32,2.41,2.40,2.37,2.36,2.35,2.33,2.31,2.34,2.37,2.38,2.34,2.27,2.26,2.28,2.32,2.29,2.23,2.21,2.22,2.21,2.14,2.10,2.10,2.15,2.17,2.16,2.14,2.11,2.04,2.05,2.00,1.94,1.97,1.99,1.94,1.89,1.89,1.87,1.83,1.75,1.66,1.55,1.56,1.64,1.73,1.78,1.79,1.80,1.80,1.80,1.85,2.01,2.04,2.00,2.00,1.98,2.09,2.17,2.18,2.19,2.10,1.96,1.81,1.65,1.76,2.16,2.04,1.07,0.71,-0.14,-1.27,-2.38,-2.88,-0.04,1.30,1.55,1.56,1.69,1.80,1.84,1.83,1.87,1.92,2.03,2.15,2.19,2.21,2.23,2.23,2.23,2.20,2.15,2.16,2.23,2.23,2.22,2.24,2.28,2.33,2.33,2.32,2.31,2.28,2.28,2.28,2.28,2.28,2.27,2.28,2.27,2.25,2.24,2.35,2.40,2.44,2.48,2.50,2.56,2.61,2.66,2.74,2.74,2.55,2.41,2.38,2.30,2.30,2.30,2.28,2.24,2.24,2.21,2.17,2.15,2.23,2.27,2.29,2.31,2.31,2.31,2.13,1.99,2.13,2.27,2.31,2.32,2.34,2.36,2.26,2.20,2.17,2.11,2.14,2.19,2.23,2.23
2.74,2.70,2.69,2.67,2.63,2.62,2.61,2.56,2.51,2.49,2.44,2.44,2.44,2.41,2.29,2.22,2.20,2.19,2.18,2.10,2.08,2.07,2.01,2.08,2.22,2.45,2.69,2.72,2.81,2.96,3.16,3.46,3.79,4.05,4.24,4.35,4.46,4.02,3.72,3.63,3.67,3.71,3.71,3.69,3.68,3.64,3.63,3.73,3.72,2.88,2.56,2.41,2.33,2.26,2.26,2.10,2.00,2.04,2.07,2.10,2.12,2.14,2.16,2.17,2.18,2.23,2.34,2.35,2.35,2.35,2.36,2.39,2.38,2.35,2.30,2.24,2.22,2.12,2.03,2.00,2.00,2.07,2.14,2.17,2.13,2.07,1.99,1.96,2.00,2.00,2.06,2.12,2.16,2.17,2.14,2.16,2.17,2.13,2.29,2.40,2.45,2.46,2.44,2.42,2.39,2.35,2.30,2.31,2.31,2.31,2.29,2.23,2.24,2.27,2.28,2.20,2.16,2.17,2.20,2.19,2.14,2.10,2.11,2.17,2.18,2.18,2.17,2.15,2.09,2.07,2.03,2.02,2.06,1.98,1.91,1.87,1.87,1.80,1.72,1.65,1.58,1.47,1.58,1.68,1.75,1.77,1.73,1.69,1.71,1.76,1.81,1.93,2.02,2.05,1.97,1.92,2.00,2.10,2.15,2.15,2.04,1.89,1.74,1.64,1.85,2.23,2.40,2.14,2.00,1.76,1.45,1.13,0.96,1.35,1.53,1.55,1.57,1.74,1.82,1.87,1.90,1.88,1.99,2.10,2.17,2.20,2.21,2.23,2.24,2.23,2.20,2.16,2.15,2.19,2.20,2.21,2.24,2.28,2.35,2.32,2.31,2.31,2.30,2.29,2.28,2.28,2.27,2.26,2.26,2.25,2.22,2.17,2.31,2.28,2.31,2.39,2.36,2.41,2.44,2.48,2.53,2.56,2.51,2.45,2.43,2.36,2.35,2.36,2.35,2.32,2.32,2.31,2.26,2.20,2.22,2.21,2.20,2.18,2.18,2.20,2.16,2.10,2.09,2.24,2.29,2.30,2.33,2.35,2.23,2.16,2.16,2.19,2.30,2.30,2.22,2.11
2.70,2.66,2.66,2.64,2.61,2.58,2.59,2.57,2.52,2.48,2.51,2.51,2.51,2.50,2.39,2.28,2.24,2.23,2.21,2.13,2.10,2.09,2.07,2.12,2.25,2.44,2.64,2.71,2.82,2.96,3.17,3.49,3.90,4.23,4.42,4.47,4.57,4.32,4.11,3.98,3.78,3.72,3.69,3.68,3.67,3.65,3.56,3.48,3.29,2.68,2.60,2.59,2.59,2.61,2.68,2.46,2.20,2.03,2.06,2.12,2.18,2.20,2.16,2.14,2.22,2.31,2.35,2.37,2.36,2.36,2.37,2.39,2.38,2.34,2.29,2.22,2.18,2.09,2.03,2.02,2.04,2.12,2.17,2.16,2.13,2.14,2.08,2.02,2.03,2.01,2.05,2.07,2.09,2.12,2.14,2.15,2.16,2.17,2.33,2.46,2.53,2.53,2.50,2.48,2.46,2.42,2.33,2.31,2.30,2.30,2.29,2.23,2.23,2.25,2.27,2.18,2.20,2.19,2.16,2.17,2.11,2.09,2.10,2.11,2.16,2.18,2.20,2.21,2.14,2.13,2.12,2.11,2.10,1.99,1.91,1.87,1.85,1.76,1.71,1.67,1.63,1.57,1.64,1.69,1.72,1.69,1.63,1.63,1.66,1.71,1.71,1.80,1.92,1.99,1.96,1.88,1.95,2.04,2.08,2.05,1.93,1.80,1.68,1.62,1.95,2.30,2.51,2.46,2.41,2.33,2.25,2.15,2.04,1.70,1.55,1.55,1.60,1.76,1.84,1.89,1.92,1.93,2.05,2.13,2.17,2.20,2.21,2.23,2.24,2.23,2.19,2.16,2.17,2.19,2.19,2.22,2.26,2.30,2.34,2.32,2.32,2.31,2.30,2.30,2.29,2.28,2.27,2.25,2.25,2.25,2.22,2.16,2.27,2.26,2.31,2.43,2.41,2.45,2.45,2.44,2.42,2.43,2.43,2.42,2.42,2.40,2.39,2.40,2.41,2.36,2.35,2.34,2.31,2.25,2.25,2.24,2.22,2.20,2.20,2.20,2.17,2.13,2.09,2.17,2.21,2.26,2.30,2.28,2.18,2.13,2.16,2.29,2.41,2.45,2.39,2.25
2.66,2.63,2.63,2.61,2.58,2.55,2.57,2.57,2.53,2.47,2.58,2.58,2.58,2.58,2.47,2.34,2.27,2.25,2.24,2.16,2.12,2.12,2.15,2.15,2.27,2.44,2.59,2.70,2.82,2.97,3.18,3.50,3.80,3.98,4.22,4.52,4.52,4.57,4.57,4.41,3.96,3.74,3.66,3.66,3.68,3.65,3.47,3.17,2.85,2.74,2.75,2.81,2.89,3.00,3.14,2.90,2.46,2.01,2.02,2.14,2.25,2.27,2.16,2.15,2.29,2.39,2.34,2.36,2.37,2.37,2.37,2.39,2.37,2.33,2.28,2.22,2.13,2.08,2.05,2.04,2.10,2.19,2.17,2.10,2.09,2.20,2.18,2.11,2.06,2.05,2.04,2.03,2.02,2.07,2.15,2.14,2.13,2.23,2.34,2.50,2.60,2.58,2.53,2.53,2.52,2.49,2.39,2.33,2.32,2.31,2.30,2.26,2.23,2.23,2.25,2.19,2.27,2.22,2.12,2.15,2.07,2.08,2.08,2.04,2.13,2.17,2.22,2.26,2.18,2.20,2.20,2.18,2.13,2.00,1.92,1.87,1.83,1.74,1.73,1.72,1.72,1.72,1.71,1.70,1.67,1.60,1.52,1.58,1.64,1.65,1.59,1.67,1.78,1.89,1.95,1.87,1.92,1.98,1.99,1.93,1.83,1.71,1.63,1.62,2.05,2.37,2.52,2.49,2.45,2.37,2.28,2.17,2.01,1.64,1.51,1.54,1.62,1.77,1.86,1.90,1.92,1.99,2.10,2.16,2.18,2.20,2.21,2.22,2.24,2.24,2.17,2.17,2.19,2.21,2.19,2.23,2.29,2.33,2.34,2.33,2.32,2.32,2.31,2.31,2.30,2.30,2.28,2.26,2.24,2.25,2.24,2.18,2.24,2.27,2.37,2.50,2.52,2.56,2.53,2.46,2.37,2.34,2.36,2.38,2.40,2.43,2.41,2.43,2.45,2.39,2.36,2.36,2.34,2.29,2.31,2.31,2.28,2.26,2.28,2.24,2.18,2.14,2.11,2.10,2.13,2.20,2.26,2.19,2.15,2.12,2.17,2.39,2.50,2.60,2.60,2.48
2.62,2.59,2.59,2.58,2.56,2.56,2.57,2.57,2.55,2.54,2.61,2.65,2.65,2.60,2.49,2.36,2.27,2.23,2.23,2.16,2.16,2.21,2.25,2.27,2.34,2.42,2.52,2.61,2.76,2.95,3.19,3.46,2.38,0.83,1.53,4.61,4.55,4.55,4.53,4.49,4.43,3.84,3.61,3.65,3.78,3.58,3.34,3.10,2.92,2.92,2.98,3.03,3.07,3.12,3.18,3.09,2.68,1.97,1.62,1.96,2.19,2.20,2.14,2.22,2.32,2.38,2.35,2.36,2.37,2.38,2.37,2.38,2.35,2.28,2.21,2.22,2.14,2.14,2.13,2.10,2.17,2.24,2.13,1.99,2.21,2.32,2.26,2.16,2.13,2.12,2.08,2.09,2.15,2.19,2.19,2.16,2.16,2.26,2.34,2.44,2.52,2.53,2.49,2.50,2.51,2.49,2.41,2.38,2.34,2.29,2.23,2.24,2.24,2.23,2.20,2.19,2.21,2.18,2.13,2.11,2.12,2.14,2.15,2.12,2.12,2.11,2.12,2.15,2.16,2.16,2.18,2.18,2.12,1.98,1.89,1.86,1.84,1.74,1.71,1.72,1.75,1.75,1.74,1.69,1.63,1.59,1.50,1.57,1.61,1.58,1.51,1.58,1.66,1.76,1.86,1.89,1.93,1.96,1.97,1.92,1.79,1.64,1.59,1.76,2.16,2.46,2.60,2.57,2.50,2.40,2.28,2.11,1.83,1.57,1.47,1.52,1.68,1.81,1.92,1.96,1.95,2.03,2.10,2.15,2.17,2.18,2.19,2.20,2.22,2.21,2.13,2.18,2.20,2.18,2.21,2.22,2.28,2.34,2.34,2.33,2.33,2.32,2.32,2.32,2.31,2.30,2.29,2.27,2.28,2.27,2.25,2.24,2.22,2.31,2.42,2.51,2.55,2.58,2.57,2.55,2.50,2.48,2.46,2.45,2.43,2.41,2.35,2.35,2.39,2.38,2.37,2.37,2.35,2.33,2.34,2.33,2.31,2.30,2.31,2.29,2.27,2.24,2.21,2.17,2.17,2.18,2.19,2.19,2.20,2.20,2.21,2.32,2.48,2.60,2.64,2.59
2.59,2.56,2.56,2.55,2.54,2.55,2.56,2.56,2.57,2.59,2.66,2.71,2.69,2.60,2.49,2.36,2.28,2.24,2.25,2.17,2.20,2.25,2.29,2.34,2.37,2.41,2.47,2.55,2.71,2.91,2.94,2.51,0.64,-1.11,-0.49,2.52,2.74,3.93,4.52,4.53,4.58,4.11,3.92,3.88,3.85,3.53,3.26,3.08,3.01,3.05,3.11,3.14,3.16,3.18,3.20,3.20,2.93,2.27,1.36,1.69,2.04,2.17,2.13,2.25,2.33,2.37,2.37,2.36,2.37,2.38,2.38,2.38,2.32,2.24,2.19,2.21,2.17,2.18,2.18,2.14,2.21,2.25,2.15,2.06,2.32,2.38,2.31,2.21,2.18,2.15,2.11,2.13,2.21,2.24,2.22,2.18,2.19,2.28,2.33,2.39,2.43,2.45,2.48,2.49,2.50,2.49,2.41,2.39,2.34,2.27,2.21,2.24,2.26,2.24,2.19,2.18,2.19,2.17,2.14,2.13,2.15,2.17,2.19,2.19,2.13,2.10,2.08,2.09,2.14,2.11,2.12,2.12,2.08,1.94,1.86,1.81,1.79,1.73,1.72,1.74,1.76,1.76,1.74,1.67,1.61,1.57,1.51,1.57,1.58,1.54,1.50,1.55,1.62,1.71,1.82,1.89,1.93,1.94,1.93,1.90,1.74,1.60,1.58,1.85,2.24,2.52,2.66,2.64,2.53,2.43,2.26,2.01,1.66,1.52,1.46,1.52,1.72,1.85,1.94,1.97,1.96,2.03,2.09,2.12,2.14,2.14,2.15,2.17,2.20,2.22,2.15,2.20,2.21,2.17,2.22,2.23,2.28,2.34,2.34,2.33,2.33,2.32,2.32,2.32,2.31,2.31,2.30,2.29,2.30,2.26,2.24,2.26,2.23,2.35,2.45,2.49,2.55,2.58,2.60,2.59,2.56,2.55,2.53,2.52,2.50,2.47,2.42,2.39,2.40,2.40,2.36,2.34,2.34,2.35,2.36,2.36,2.35,2.34,2.34,2.34,2.34,2.32,2.28,2.23,2.21,2.21,2.19,2.23,2.26,2.27,2.28,2.32,2.44,2.51,2.55,2.58
2.56,2.52,2.52,2.51,2.51,2.53,2.52,2.55,2.60,2.62,2.72,2.76,2.71,2.57,2.47,2.34,2.28,2.27,2.30,2.21,2.22,2.26,2.29,2.34,2.36,2.40,2.45,2.52,2.67,2.85,2.44,0.76,-1.37,-1.97,-1.89,-1.52,-0.72,2.79,4.52,4.52,4.45,4.54,4.53,4.33,3.89,3.53,3.24,3.11,3.11,3.12,3.14,3.15,3.16,3.18,3.20,3.24,3.22,2.88,1.22,1.34,1.82,2.18,2.12,2.23,2.31,2.36,2.38,2.37,2.38,2.38,2.37,2.39,2.27,2.23,2.23,2.19,2.20,2.22,2.21,2.17,2.23,2.20,2.21,2.28,2.43,2.39,2.33,2.26,2.20,2.15,2.12,2.14,2.22,2.23,2.23,2.21,2.22,2.29,2.32,2.35,2.35,2.35,2.49,2.49,2.49,2.47,2.39,2.38,2.31,2.24,2.25,2.27,2.28,2.26,2.21,2.17,2.19,2.18,2.15,2.19,2.17,2.17,2.19,2.23,2.17,2.14,2.10,2.07,2.10,2.07,2.03,2.00,2.01,1.89,1.81,1.74,1.69,1.70,1.78,1.79,1.77,1.77,1.71,1.65,1.60,1.56,1.56,1.58,1.57,1.53,1.54,1.59,1.65,1.73,1.80,1.87,1.91,1.91,1.90,1.87,1.69,1.57,1.62,1.89,2.29,2.56,2.70,2.70,2.56,2.44,2.22,1.89,1.51,1.47,1.47,1.54,1.74,1.89,1.94,1.95,1.96,2.00,2.06,2.08,2.09,2.09,2.11,2.12,2.17,2.25,2.23,2.25,2.22,2.17,2.23,2.25,2.29,2.33,2.33,2.33,2.32,2.32,2.31,2.31,2.31,2.31,2.30,2.31,2.31,2.24,2.21,2.26,2.28,2.37,2.43,2.46,2.52,2.58,2.60,2.59,2.57,2.55,2.57,2.60,2.62,2.60,2.60,2.54,2.47,2.45,2.33,2.29,2.31,2.34,2.37,2.39,2.39,2.37,2.37,2.39,2.40,2.37,2.33,2.29,2.27,2.26,2.26,2.30,2.33,2.34,2.36,2.37,2.38,2.35,2.36,2.46
2.52,2.50,2.49,2.50,2.52,2.54,2.58,2.61,2.63,2.64,2.68,2.71,2.69,2.59,2.43,2.35,2.32,2.33,2.31,2.27,2.27,2.28,2.28,2.34,2.35,2.35,2.36,2.46,2.62,2.23,1.09,-0.91,-1.78,-1.98,-1.93,-1.85,-1.49,-0.02,2.41,4.58,4.48,4.50,4.47,4.27,3.84,3.45,3.28,3.19,3.15,3.14,3.13,3.14,3.16,3.18,3.21,3.25,3.24,3.07,2.37,2.11,2.16,2.30,2.18,2.20,2.24,2.30,2.38,2.38,2.38,2.38,2.37,2.34,2.28,2.25,2.22,2.20,2.19,2.19,2.19,2.18,2.24,2.19,2.17,2.19,2.17,2.32,2.30,2.21,2.17,2.13,2.14,2.17,2.18,2.19,2.18,2.16,2.16,2.20,2.25,2.28,2.30,2.32,2.47,2.50,2.50,2.48,2.43,2.36,2.29,2.26,2.31,2.34,2.34,2.31,2.24,2.15,2.14,2.13,2.12,2.17,2.17,2.16,2.18,2.24,2.25,2.21,2.15,2.08,2.05,2.04,1.98,1.94,1.94,1.83,1.75,1.72,1.72,1.78,1.84,1.82,1.76,1.71,1.64,1.63,1.63,1.59,1.58,1.59,1.60,1.61,1.60,1.63,1.68,1.75,1.83,1.86,1.89,1.89,1.86,1.79,1.60,1.52,1.62,1.95,2.28,2.46,2.54,2.56,2.47,2.35,2.14,1.81,1.44,1.45,1.49,1.58,1.78,1.87,1.89,1.90,1.91,1.96,2.02,2.04,2.04,2.04,2.05,2.08,2.13,2.21,2.27,2.31,2.30,2.26,2.27,2.28,2.31,2.33,2.32,2.32,2.32,2.31,2.30,2.30,2.30,2.30,2.30,2.33,2.30,2.25,2.22,2.25,2.30,2.36,2.40,2.42,2.50,2.57,2.59,2.59,2.59,2.58,2.61,2.65,2.67,2.64,2.63,2.60,2.53,2.43,2.42,2.41,2.42,2.43,2.43,2.41,2.39,2.37,2.38,2.40,2.41,2.40,2.37,2.34,2.31,2.29,2.29,2.33,2.36,2.39,2.42,2.43,2.41,2.42,2.45,2.51
2.49,2.48,2.47,2.49,2.54,2.57,2.63,2.65,2.66,2.65,2.62,2.63,2.63,2.57,2.40,2.36,2.37,2.38,2.34,2.33,2.32,2.30,2.29,2.33,2.33,2.30,2.24,2.16,1.87,1.04,-0.31,-1.99,-1.97,-1.93,-1.90,-1.89,-1.89,-1.77,0.54,3.63,4.25,4.38,4.36,4.16,3.78,3.42,3.31,3.24,3.16,3.14,3.13,3.14,3.16,3.17,3.22,3.23,3.20,3.15,3.13,2.68,2.45,2.40,2.27,2.21,2.20,2.25,2.37,2.38,2.38,2.38,2.37,2.30,2.29,2.26,2.22,2.20,2.20,2.18,2.18,2.21,2.24,2.19,2.16,2.14,1.99,2.24,2.25,2.15,2.12,2.12,2.16,2.17,2.16,2.18,2.16,2.13,2.11,2.13,2.17,2.22,2.26,2.30,2.43,2.49,2.51,2.50,2.45,2.34,2.28,2.29,2.36,2.40,2.38,2.33,2.25,2.13,2.10,2.09,2.11,2.15,2.16,2.16,2.19,2.25,2.30,2.25,2.17,2.08,2.03,2.01,1.94,1.88,1.88,1.78,1.73,1.73,1.78,1.85,1.87,1.82,1.74,1.65,1.62,1.65,1.66,1.62,1.60,1.62,1.64,1.66,1.64,1.67,1.70,1.75,1.81,1.83,1.84,1.83,1.80,1.71,1.53,1.50,1.67,2.03,2.28,2.39,2.44,2.46,2.39,2.27,2.04,1.72,1.40,1.41,1.49,1.62,1.81,1.85,1.85,1.85,1.86,1.93,1.97,1.98,1.99,1.99,2.00,2.04,2.10,2.19,2.30,2.35,2.36,2.35,2.31,2.31,2.32,2.33,2.32,2.31,2.31,2.31,2.30,2.30,2.29,2.29,2.30,2.33,2.28,2.26,2.25,2.26,2.33,2.36,2.38,2.41,2.47,2.52,2.57,2.61,2.62,2.60,2.64,2.68,2.70,2.67,2.64,2.61,2.57,2.44,2.48,2.50,2.50,2.49,2.47,2.44,2.41,2.38,2.39,2.41,2.41,2.41,2.39,2.37,2.34,2.32,2.33,2.36,2.40,2.44,2.47,2.47,2.44,2.47,2.53,2.56
2.48,2.48,2.44,2.48,2.57,2.62,2.66,2.68,2.67,2.61,2.54,2.54,2.53,2.46,2.37,2.38,2.40,2.41,2.40,2.38,2.35,2.33,2.31,2.32,2.28,2.27,2.11,1.36,-0.25,-1.21,-1.65,-1.95,-1.95,-1.92,-1.90,-1.89,-1.92,-1.25,-0.55,0.67,3.46,4.16,4.25,4.02,3.71,3.46,3.32,3.21,3.13,3.14,3.14,3.14,3.16,3.18,3.22,3.16,3.09,3.05,2.97,2.72,2.54,2.45,2.41,2.29,2.23,2.25,2.34,2.37,2.37,2.37,2.36,2.31,2.28,2.26,2.25,2.21,2.22,2.21,2.21,2.24,2.24,2.21,2.22,2.20,2.03,2.17,2.17,2.10,2.06,2.13,2.14,2.16,2.20,2.23,2.22,2.15,2.08,2.11,2.07,2.16,2.24,2.26,2.36,2.43,2.50,2.52,2.46,2.34,2.28,2.30,2.40,2.43,2.37,2.29,2.22,2.14,2.06,2.09,2.15,2.16,2.14,2.16,2.20,2.26,2.31,2.24,2.15,2.07,2.04,1.98,1.90,1.84,1.83,1.75,1.76,1.82,1.87,1.89,1.84,1.77,1.69,1.61,1.70,1.71,1.68,1.64,1.63,1.67,1.69,1.67,1.62,1.70,1.71,1.70,1.69,1.76,1.73,1.69,1.66,1.60,1.48,1.54,1.79,2.16,2.33,2.41,2.45,2.46,2.38,2.23,1.94,1.59,1.43,1.36,1.47,1.66,1.82,1.84,1.82,1.80,1.81,1.90,1.91,1.92,1.93,1.94,1.94,1.99,2.07,2.17,2.32,2.35,2.39,2.42,2.32,2.33,2.33,2.33,2.33,2.32,2.31,2.31,2.30,2.29,2.28,2.28,2.28,2.29,2.26,2.28,2.31,2.31,2.37,2.40,2.42,2.43,2.45,2.43,2.54,2.66,2.64,2.63,2.65,2.68,2.70,2.68,2.62,2.57,2.54,2.52,2.50,2.50,2.50,2.51,2.50,2.47,2.45,2.44,2.42,2.42,2.41,2.38,2.35,2.36,2.35,2.35,2.36,2.39,2.44,2.47,2.48,2.48,2.45,2.50,2.56,2.60
2.47,2.46,2.45,2.50,2.58,2.64,2.68,2.68,2.64,2.57,2.50,2.50,2.49,2.44,2.40,2.40,2.41,2.41,2.39,2.38,2.36,2.33,2.29,2.27,2.26,1.91,1.10,-0.29,-1.37,-1.88,-1.98,-1.93,-1.92,-1.92,-1.93,-1.83,-1.10,-0.67,-0.15,0.99,3.52,3.94,3.97,3.79,3.53,3.35,3.22,3.13,3.09,3.12,3.13,3.14,3.16,3.18,3.13,3.05,2.97,2.92,2.79,2.65,2.54,2.47,2.47,2.40,2.35,2.34,2.38,2.39,2.39,2.37,2.36,2.36,2.35,2.34,2.31,2.27,2.26,2.23,2.22,2.24,2.23,2.21,2.22,2.21,2.10,2.10,2.11,2.11,2.09,2.09,2.12,2.15,2.18,2.21,2.24,2.22,2.15,2.06,2.06,2.12,2.17,2.20,2.31,2.38,2.43,2.43,2.36,2.31,2.27,2.27,2.32,2.35,2.31,2.24,2.17,2.10,2.09,2.14,2.21,2.20,2.17,2.19,2.21,2.22,2.26,2.19,2.10,2.03,2.00,1.93,1.87,1.83,1.79,1.79,1.84,1.89,1.90,1.87,1.79,1.74,1.72,1.69,1.73,1.72,1.70,1.66,1.67,1.72,1.74,1.73,1.67,1.68,1.70,1.70,1.69,1.70,1.64,1.59,1.57,1.51,1.45,1.58,1.88,2.26,2.38,2.44,2.51,2.36,0.15,1.17,1.82,1.51,1.43,1.38,1.49,1.67,1.84,1.85,1.82,1.77,1.77,1.87,1.87,1.87,1.88,1.89,1.89,1.93,2.02,2.17,2.35,2.38,2.40,2.42,2.38,2.35,2.33,2.33,2.33,2.32,2.31,2.31,2.30,2.29,2.28,2.28,2.28,2.28,2.23,2.25,2.30,2.35,2.37,2.41,2.44,2.46,2.45,2.42,2.53,2.66,2.66,2.65,2.66,2.67,2.67,2.67,2.64,2.60,2.55,2.51,2.51,2.50,2.49,2.48,2.50,2.50,2.49,2.49,2.44,2.45,2.44,2.42,2.39,2.39,2.38,2.36,2.35,2.40,2.45,2.47,2.48,2.49,2.47,2.53,2.59,2.60
2.47,2.45,2.48,2.53,2.58,2.66,2.69,2.66,2.60,2.52,2.48,2.47,2.46,2.44,2.44,2.43,2.41,2.40,2.37,2.37,2.36,2.32,2.24,2.23,2.09,1.28,-0.21,-1.95,-2.03,-1.99,-1.95,-1.92,-1.91,-1.89,-1.83,-1.51,-0.08,0.02,0.82,2.31,3.75,3.72,3.65,3.54,3.34,3.18,3.08,3.03,3.02,3.07,2.96,3.02,3.15,3.16,3.01,2.92,2.85,2.77,2.63,2.55,2.50,2.49,2.49,2.51,2.48,2.45,2.43,2.44,2.42,2.39,2.38,2.42,2.44,2.42,2.38,2.33,2.29,2.25,2.22,2.23,2.21,2.19,2.19,2.20,2.18,2.05,2.07,2.12,2.13,2.04,2.11,2.16,2.16,2.18,2.23,2.28,2.24,2.04,2.08,2.08,2.09,2.14,2.26,2.33,2.35,2.32,2.25,2.27,2.26,2.24,2.22,2.24,2.23,2.19,2.12,2.08,2.14,2.22,2.27,2.25,2.21,2.22,2.22,2.17,2.19,2.13,2.06,1.99,1.94,1.88,1.85,1.82,1.77,1.86,1.92,1.94,1.91,1.82,1.74,1.73,1.78,1.81,1.75,1.73,1.71,1.69,1.72,1.76,1.79,1.80,1.75,1.67,1.68,1.73,1.72,1.66,1.57,1.52,1.49,1.43,1.45,1.63,1.96,2.35,2.42,2.47,2.55,2.17,-2.16,0.06,1.68,1.45,1.40,1.42,1.51,1.67,1.84,1.86,1.80,1.74,1.73,1.84,1.84,1.83,1.83,1.84,1.84,1.87,1.97,2.17,2.38,2.42,2.42,2.42,2.44,2.37,2.34,2.33,2.33,2.32,2.32,2.31,2.30,2.29,2.29,2.29,2.28,2.27,2.21,2.22,2.27,2.37,2.37,2.41,2.45,2.48,2.47,2.46,2.54,2.65,2.67,2.68,2.67,2.66,2.64,2.65,2.66,2.63,2.58,2.49,2.53,2.52,2.49,2.47,2.52,2.52,2.53,2.53,2.47,2.47,2.48,2.48,2.44,2.43,2.41,2.38,2.34,2.40,2.44,2.47,2.48,2.49,2.49,2.56,2.61,2.60
2.45,2.51,2.56,2.60,2.64,2.69,2.67,2.62,2.56,2.49,2.50,2.46,2.42,2.43,2.44,2.44,2.43,2.41,2.38,2.35,2.32,2.28,2.21,2.22,1.14,-0.26,-1.52,-2.01,-2.01,-1.97,-1.94,-1.92,-1.93,-1.63,-0.89,0.11,0.44,1.18,2.12,2.98,3.39,3.46,3.40,3.30,3.23,3.02,2.90,2.82,2.80,2.87,1.87,2.25,3.12,3.08,2.88,2.80,2.73,2.63,2.53,2.50,2.49,2.51,2.53,2.56,2.55,2.50,2.43,2.47,2.45,2.43,2.43,2.45,2.46,2.43,2.38,2.34,2.29,2.24,2.21,2.22,2.20,2.17,2.16,2.16,2.14,2.11,2.11,2.09,2.04,2.07,2.14,2.17,2.16,2.17,2.20,2.25,2.26,2.17,2.12,2.08,2.07,2.12,2.19,2.24,2.25,2.26,2.26,2.24,2.22,2.21,2.23,2.21,2.17,2.14,2.13,2.15,2.20,2.26,2.30,2.28,2.30,2.30,2.26,2.18,2.10,2.07,2.03,1.97,1.85,1.83,1.82,1.84,1.88,1.94,1.96,1.93,1.85,1.75,1.75,1.78,1.84,1.87,1.83,1.76,1.73,1.76,1.77,1.80,1.83,1.84,1.76,1.77,1.75,1.73,1.74,1.67,1.57,1.51,1.47,1.42,1.44,1.67,2.05,2.40,2.47,2.52,2.35,1.67,-0.79,0.55,1.51,1.38,1.34,1.41,1.51,1.63,1.72,1.73,1.67,1.64,1.68,1.77,1.78,1.77,1.77,1.78,1.77,1.83,1.96,2.17,2.38,2.47,2.49,2.48,2.49,2.41,2.37,2.35,2.33,2.33,2.32,2.31,2.31,2.30,2.31,2.30,2.27,2.28,2.24,2.21,2.25,2.35,2.39,2.41,2.42,2.45,2.49,2.56,2.62,2.65,2.67,2.67,2.68,2.67,2.65,2.63,2.62,2.60,2.58,2.57,2.59,2.60,2.60,2.59,2.56,2.56,2.57,2.56,2.47,2.49,2.49,2.47,2.47,2.44,2.42,2.40,2.38,2.36,2.42,2.45,2.46,2.45,2.49,2.55,2.59,2.61
2.47,2.54,2.59,2.63,2.66,2.70,2.66,2.60,2.54,2.50,2.52,2.46,2.42,2.43,2.45,2.45,2.44,2.42,2.39,2.35,2.31,2.26,2.16,1.61,0.03,-1.36,-2.09,-2.02,-1.99,-1.96,-1.94,-1.91,-1.03,-0.48,0.21,1.09,1.29,2.07,2.76,3.15,3.16,3.20,3.14,3.09,3.11,2.91,2.74,2.65,2.62,2.64,1.74,1.93,2.62,2.83,2.75,2.70,2.63,2.53,2.49,2.49,2.51,2.54,2.56,2.59,2.55,2.49,2.45,2.48,2.46,2.44,2.44,2.45,2.46,2.43,2.39,2.34,2.29,2.23,2.20,2.20,2.19,2.17,2.14,2.12,2.14,2.14,2.12,2.08,2.04,2.10,2.15,2.18,2.18,2.17,2.18,2.23,2.26,2.24,2.18,2.13,2.10,2.10,2.14,2.13,2.16,2.21,2.24,2.21,2.19,2.19,2.21,2.19,2.17,2.15,2.16,2.20,2.23,2.28,2.32,2.31,2.33,2.32,2.26,2.15,2.03,2.01,1.98,1.92,1.83,1.85,1.87,1.91,1.98,1.99,1.95,1.88,1.79,1.75,1.82,1.87,1.89,1.91,1.90,1.83,1.79,1.82,1.80,1.80,1.82,1.84,1.79,1.81,1.80,1.78,1.79,1.72,1.63,1.52,1.43,1.41,1.48,1.76,2.16,2.45,2.51,2.55,1.86,0.30,0.31,1.02,1.40,1.35,1.30,1.40,1.47,1.52,1.58,1.60,1.54,1.52,1.58,1.67,1.67,1.68,1.69,1.70,1.70,1.78,1.93,2.13,2.33,2.46,2.52,2.51,2.50,2.44,2.39,2.36,2.33,2.33,2.32,2.32,2.32,2.32,2.31,2.29,2.26,2.24,2.23,2.23,2.26,2.35,2.39,2.41,2.43,2.45,2.50,2.61,2.65,2.65,2.66,2.67,2.68,2.67,2.64,2.62,2.60,2.60,2.60,2.62,2.63,2.65,2.66,2.65,2.57,2.59,2.61,2.61,2.53,2.52,2.48,2.45,2.49,2.46,2.44,2.43,2.42,2.36,2.41,2.44,2.43,2.41,2.47,2.52,2.56,2.57
2.50,2.54,2.59,2.63,2.67,2.70,2.66,2.60,2.55,2.56,2.55,2.48,2.43,2.44,2.46,2.46,2.45,2.43,2.40,2.36,2.31,2.26,2.08,0.54,-1.21,-2.09,-2.07,-2.00,-1.98,-1.96,-1.96,-1.89,0.61,1.37,1.44,1.55,2.38,2.75,2.88,2.92,3.04,2.94,2.87,2.89,2.99,2.84,2.61,2.49,2.48,2.40,2.37,1.96,1.75,2.44,2.62,2.62,2.56,2.48,2.48,2.51,2.55,2.57,2.60,2.61,2.51,2.43,2.49,2.47,2.46,2.43,2.39,2.45,2.44,2.43,2.39,2.34,2.28,2.22,2.18,2.17,2.18,2.18,2.13,2.09,2.17,2.14,2.10,2.09,2.10,2.12,2.16,2.18,2.19,2.20,2.18,2.21,2.26,2.25,2.26,2.22,2.16,2.09,2.09,2.02,2.06,2.17,2.20,2.18,2.17,2.17,2.15,2.18,2.20,2.20,2.18,2.22,2.25,2.30,2.33,2.32,2.34,2.30,2.22,2.11,1.98,1.96,1.92,1.86,1.87,1.91,1.97,2.02,2.06,2.00,1.90,1.79,1.71,1.82,1.96,1.99,1.95,1.94,1.97,1.92,1.88,1.88,1.81,1.79,1.79,1.82,1.84,1.81,1.84,1.88,1.86,1.81,1.72,1.56,1.39,1.41,1.56,1.89,2.28,2.52,2.53,2.57,1.13,-1.74,1.20,1.48,1.33,1.34,1.28,1.39,1.39,1.35,1.41,1.47,1.41,1.39,1.45,1.55,1.54,1.55,1.59,1.62,1.62,1.72,1.88,2.04,2.25,2.41,2.50,2.51,2.48,2.46,2.41,2.36,2.34,2.33,2.32,2.33,2.35,2.36,2.30,2.28,2.26,2.16,2.20,2.26,2.31,2.35,2.38,2.42,2.45,2.48,2.51,2.61,2.64,2.63,2.64,2.66,2.68,2.66,2.61,2.61,2.60,2.62,2.65,2.66,2.64,2.66,2.67,2.66,2.55,2.59,2.66,2.69,2.63,2.55,2.46,2.43,2.50,2.48,2.48,2.47,2.44,2.37,2.43,2.44,2.40,2.37,2.42,2.48,2.51,2.49
2.51,2.56,2.59,2.63,2.66,2.69,2.64,2.60,2.58,2.59,2.55,2.44,2.38,2.44,2.50,2.50,2.48,2.45,2.39,2.37,2.22,1.54,0.18,-1.01,-1.78,-2.08,-2.04,-2.00,-1.99,-1.98,-1.36,0.46,1.43,1.78,1.94,2.14,2.52,2.67,2.78,2.87,2.95,2.93,2.93,2.93,2.79,1.31,1.94,2.47,2.38,2.33,2.32,2.14,2.04,2.33,2.47,2.51,2.50,2.49,2.51,2.54,2.58,2.61,2.63,2.52,2.46,2.45,2.45,2.43,2.43,2.42,2.40,2.40,2.43,2.43,2.39,2.33,2.27,2.21,2.17,2.14,2.13,2.12,2.12,2.13,2.13,2.11,2.09,2.10,2.14,2.16,2.17,2.18,2.21,2.23,2.16,2.18,2.25,2.27,2.29,2.27,2.22,2.15,2.07,2.06,2.07,2.10,2.16,2.14,2.13,2.12,2.11,2.18,2.19,2.21,2.25,2.29,2.31,2.31,2.31,2.34,2.35,2.30,2.21,2.09,1.99,1.94,1.87,1.82,1.91,1.97,2.03,2.07,2.03,1.95,1.90,1.84,1.79,1.83,1.94,2.01,2.04,2.03,2.07,2.00,1.93,1.90,1.88,1.85,1.85,1.87,1.82,1.79,1.76,1.75,1.75,1.72,1.65,1.52,1.36,1.40,1.67,2.07,2.45,2.56,2.58,2.61,1.24,-1.53,1.15,1.40,1.29,1.33,1.34,1.40,1.39,1.37,1.41,1.46,1.43,1.42,1.47,1.54,1.53,1.53,1.55,1.57,1.58,1.65,1.79,2.00,2.23,2.37,2.40,2.35,2.35,2.36,2.35,2.33,2.33,2.32,2.31,2.32,2.34,2.34,2.30,2.28,2.26,2.18,2.18,2.26,2.35,2.39,2.39,2.42,2.45,2.51,2.66,2.73,2.76,2.77,2.76,2.76,2.77,2.76,2.71,2.67,2.66,2.67,2.69,2.66,2.65,2.65,2.66,2.67,2.63,2.65,2.68,2.70,2.66,2.61,2.51,2.41,2.41,2.53,2.52,2.46,2.40,2.39,2.44,2.44,2.41,2.42,2.46,2.54,2.58,2.56
2.50,2.57,2.60,2.63,2.66,2.67,2.63,2.62,2.63,2.65,2.60,2.47,2.40,2.46,2.54,2.54,2.51,2.46,2.41,2.37,1.67,0.36,-1.32,-2.02,-2.11,-2.06,-2.02,-2.01,-2.02,-1.57,-0.30,1.99,1.96,2.06,2.25,2.47,2.53,2.61,2.73,2.85,2.90,2.93,2.96,2.96,2.75,0.93,1.48,2.10,2.19,2.26,2.24,2.23,2.23,2.23,2.33,2.40,2.46,2.50,2.54,2.57,2.59,2.59,2.58,2.44,2.42,2.44,2.40,2.38,2.39,2.40,2.40,2.38,2.42,2.42,2.37,2.31,2.25,2.19,2.14,2.10,2.10,2.10,2.11,2.13,2.11,2.10,2.10,2.12,2.16,2.18,2.17,2.18,2.22,2.25,2.21,2.25,2.33,2.35,2.35,2.34,2.30,2.22,2.10,2.09,2.08,2.07,2.11,2.11,2.11,2.10,2.10,2.18,2.19,2.23,2.31,2.35,2.36,2.34,2.32,2.36,2.34,2.29,2.19,2.05,1.96,1.90,1.85,1.84,1.98,2.03,2.06,2.06,1.98,1.90,1.87,1.88,1.89,1.87,1.95,2.04,2.10,2.10,2.13,2.06,1.97,1.93,1.92,1.91,1.91,1.90,1.81,1.77,1.71,1.66,1.66,1.65,1.58,1.45,1.34,1.46,1.81,2.23,2.56,2.59,2.62,2.20,0.96,-0.77,1.16,1.35,1.26,1.31,1.39,1.42,1.43,1.42,1.40,1.48,1.47,1.47,1.51,1.53,1.51,1.50,1.50,1.51,1.55,1.61,1.76,2.04,2.24,2.33,2.32,2.25,2.25,2.28,2.29,2.30,2.32,2.31,2.30,2.31,2.31,2.31,2.30,2.29,2.26,2.19,2.17,2.26,2.36,2.40,2.40,2.43,2.46,2.53,2.77,2.82,2.84,2.84,2.81,2.81,2.83,2.82,2.78,2.72,2.70,2.70,2.70,2.65,2.64,2.61,2.59,2.62,2.64,2.66,2.68,2.70,2.68,2.65,2.54,2.42,2.35,2.49,2.50,2.44,2.37,2.42,2.46,2.44,2.42,2.47,2.51,2.58,2.62,2.56
2.48,2.58,2.62,2.64,2.67,2.65,2.65,2.67,2.71,2.72,2.72,2.63,2.53,2.50,2.59,2.60,2.53,2.45,2.46,2.35,0.38,-1.55,-2.05,-2.11,-2.07,-2.04,-2.03,-2.02,-2.06,-0.42,1.53,2.02,2.05,2.18,2.29,2.35,2.41,2.61,2.78,2.88,2.92,2.93,2.94,2.96,2.96,2.56,1.39,1.12,1.84,2.17,2.15,2.17,2.20,2.15,2.20,2.32,2.42,2.49,2.58,2.60,2.56,2.48,2.39,2.40,2.40,2.38,2.34,2.33,2.36,2.38,2.38,2.43,2.44,2.39,2.32,2.26,2.21,2.16,2.09,2.03,2.08,2.12,2.10,2.07,2.12,2.16,2.16,2.15,2.16,2.16,2.16,2.17,2.20,2.25,2.36,2.49,2.57,2.55,2.48,2.46,2.42,2.32,2.22,2.08,2.05,2.09,2.07,2.11,2.11,2.11,2.13,2.18,2.20,2.26,2.36,2.39,2.42,2.42,2.39,2.34,2.30,2.24,2.12,1.97,1.88,1.83,1.87,1.97,2.07,2.08,2.04,1.97,1.91,1.88,1.83,1.88,2.01,1.97,2.02,2.07,2.12,2.12,2.13,2.07,2.01,1.97,1.92,1.96,1.95,1.89,1.82,1.78,1.74,1.68,1.61,1.61,1.49,1.37,1.36,1.60,2.00,2.35,2.58,2.61,2.64,1.04,-0.01,0.76,1.35,1.35,1.27,1.27,1.42,1.47,1.53,1.52,1.37,1.54,1.58,1.57,1.56,1.50,1.49,1.47,1.46,1.47,1.52,1.60,1.83,2.23,2.32,2.32,2.28,2.24,2.22,2.24,2.25,2.26,2.29,2.30,2.29,2.26,2.25,2.29,2.30,2.29,2.25,2.19,2.17,2.26,2.35,2.36,2.41,2.44,2.46,2.55,2.83,2.84,2.82,2.79,2.74,2.79,2.81,2.81,2.79,2.75,2.72,2.70,2.68,2.62,2.60,2.50,2.42,2.44,2.51,2.58,2.64,2.68,2.69,2.63,2.55,2.45,2.33,2.29,2.39,2.43,2.37,2.47,2.48,2.45,2.43,2.50,2.55,2.61,2.59,2.45
2.51,2.61,2.66,2.71,2.73,2.70,2.73,2.77,2.81,2.81,2.83,2.76,2.67,2.60,2.66,2.66,2.62,2.65,2.93,3.43,0.65,-2.01,-2.18,-2.12,-2.08,-2.05,-2.04,-2.06,-2.03,-0.07,2.03,2.08,2.11,2.17,2.23,2.31,2.63,2.78,2.86,2.91,2.95,2.95,2.94,2.95,2.99,2.95,2.15,1.88,2.23,2.12,2.12,2.13,2.13,2.11,2.14,2.20,2.32,2.47,2.54,2.54,2.46,2.37,2.34,2.37,2.36,2.33,2.31,2.30,2.32,2.33,2.35,2.37,2.38,2.35,2.29,2.21,2.16,2.11,2.06,2.04,2.08,2.09,2.09,2.09,2.14,2.16,2.16,2.16,2.15,2.15,2.14,2.15,2.18,2.24,2.39,2.54,2.65,2.65,2.60,2.57,2.51,2.40,2.32,2.20,2.15,2.14,2.08,2.11,2.11,2.11,2.14,2.14,2.18,2.25,2.33,2.38,2.36,2.35,2.33,2.32,2.22,2.12,2.01,1.88,1.85,1.88,1.95,2.04,2.07,2.04,1.97,1.90,1.89,1.88,1.89,1.97,2.08,2.11,2.11,2.12,2.15,2.15,2.13,2.08,2.02,1.98,1.97,1.96,1.93,1.86,1.79,1.75,1.72,1.69,1.64,1.58,1.45,1.36,1.38,1.72,2.15,2.45,2.61,2.64,2.65,0.89,-0.02,1.27,1.36,1.32,1.28,1.31,1.48,1.55,1.62,1.64,1.53,1.67,1.68,1.63,1.58,1.51,1.52,1.49,1.44,1.44,1.49,1.66,1.95,2.31,2.33,2.30,2.26,2.23,2.21,2.22,2.24,2.25,2.26,2.30,2.30,2.28,2.25,2.28,2.27,2.24,2.19,2.17,2.20,2.29,2.36,2.36,2.39,2.42,2.45,2.53,2.87,2.81,2.79,2.81,2.81,2.82,2.82,2.80,2.76,2.73,2.74,2.75,2.73,2.67,2.64,2.56,2.50,2.50,2.54,2.56,2.56,2.57,2.61,2.60,2.59,2.56,2.51,2.42,2.41,2.41,2.42,2.49,2.48,2.46,2.46,2.50,2.55,2.61,2.53,2.21
2.56,2.64,2.71,2.78,2.81,2.77,2.84,2.89,2.91,2.91,2.93,2.89,2.81,2.73,2.73,2.73,2.82,3.09,3.62,4.64,1.71,-1.46,-2.15,-2.12,-2.09,-2.07,-2.07,-2.11,-1.93,0.07,2.14,2.16,2.14,2.11,2.17,2.38,2.90,2.94,2.94,2.95,2.97,2.97,2.94,2.94,2.97,2.97,2.96,2.89,2.68,2.13,2.13,2.12,2.08,2.08,2.09,2.10,2.20,2.39,2.45,2.43,2.35,2.28,2.31,2.34,2.32,2.29,2.28,2.27,2.27,2.28,2.29,2.31,2.31,2.30,2.25,2.16,2.12,2.06,2.04,2.08,2.08,2.06,2.08,2.14,2.16,2.16,2.16,2.16,2.14,2.14,2.13,2.13,2.16,2.23,2.41,2.56,2.66,2.71,2.69,2.66,2.59,2.49,2.42,2.34,2.27,2.19,2.11,2.11,2.10,2.11,2.13,2.10,2.15,2.22,2.28,2.34,2.27,2.24,2.24,2.28,2.12,1.98,1.88,1.82,1.86,1.96,2.05,2.08,2.05,1.97,1.89,1.86,1.92,1.91,1.99,2.08,2.15,2.24,2.20,2.18,2.18,2.17,2.14,2.09,2.04,2.01,2.03,1.97,1.90,1.85,1.78,1.73,1.70,1.69,1.67,1.55,1.43,1.36,1.42,1.84,2.27,2.53,2.64,2.67,2.67,1.05,0.23,1.45,1.32,1.28,1.30,1.38,1.54,1.63,1.71,1.75,1.74,1.81,1.78,1.70,1.62,1.57,1.59,1.55,1.48,1.46,1.49,1.73,2.05,2.34,2.32,2.29,2.25,2.22,2.21,2.22,2.23,2.24,2.24,2.29,2.30,2.29,2.27,2.27,2.23,2.18,2.14,2.13,2.24,2.33,2.38,2.37,2.38,2.42,2.47,2.58,2.89,2.76,2.76,2.85,2.91,2.87,2.84,2.80,2.74,2.70,2.78,2.81,2.79,2.76,2.69,2.65,2.63,2.60,2.61,2.56,2.51,2.49,2.53,2.58,2.62,2.65,2.68,2.58,2.45,2.40,2.46,2.51,2.47,2.47,2.50,2.50,2.56,2.63,2.52,2.09
2.60,2.64,2.75,2.85,2.90,2.92,2.98,3.00,3.01,3.01,3.02,2.98,2.93,2.89,2.84,2.83,3.46,4.37,4.74,5.07,4.22,1.71,-2.14,-2.14,-2.13,-2.14,-2.16,-2.17,-1.67,0.28,2.15,2.18,2.07,2.04,2.27,2.74,2.93,2.90,2.92,3.00,2.99,2.96,2.95,2.96,2.98,2.89,2.90,2.77,2.50,2.32,2.26,2.19,2.11,2.06,2.07,2.10,2.13,2.16,2.17,2.21,2.24,2.25,2.25,2.30,2.29,2.27,2.25,2.22,2.19,2.18,2.20,2.28,2.28,2.25,2.19,2.08,2.07,2.06,2.08,2.10,2.10,2.11,2.16,2.23,2.18,2.17,2.18,2.17,2.13,2.12,2.12,2.12,2.15,2.28,2.51,2.62,2.65,2.68,2.68,2.68,2.65,2.58,2.51,2.41,2.32,2.24,2.16,2.08,2.08,2.09,2.07,2.07,2.11,2.18,2.24,2.30,2.19,2.13,2.12,2.12,1.99,1.86,1.81,1.87,1.96,2.07,2.09,2.04,1.97,1.86,1.86,1.93,2.03,2.05,2.12,2.19,2.24,2.26,2.24,2.23,2.22,2.19,2.16,2.10,2.06,2.09,2.07,2.01,1.96,1.91,1.88,1.81,1.73,1.66,1.63,1.53,1.39,1.35,1.50,1.99,2.37,2.59,2.66,2.68,2.73,1.25,0.43,1.42,1.29,1.25,1.31,1.44,1.58,1.68,1.76,1.83,1.87,1.89,1.88,1.86,1.83,1.81,1.79,1.76,1.71,1.65,1.61,1.78,2.06,2.34,2.32,2.28,2.24,2.21,2.20,2.22,2.23,2.23,2.24,2.27,2.27,2.27,2.26,2.23,2.20,2.18,2.15,2.10,2.28,2.36,2.38,2.40,2.43,2.48,2.69,2.96,2.88,2.64,2.71,2.91,2.95,2.93,2.90,2.87,2.83,2.74,2.82,2.84,2.82,2.85,2.72,2.67,2.66,2.65,2.66,2.64,2.62,2.61,2.59,2.60,2.60,2.60,2.61,2.54,2.45,2.43,2.50,2.53,2.46,2.45,2.51,2.56,2.63,2.70,2.71,2.62
2.70,2.74,2.83,2.92,3.00,3.07,3.12,3.13,3.12,3.11,3.11,3.08,3.03,2.98,2.93,3.48,4.26,4.92,5.00,5.03,5.05,3.71,0.39,-1.58,-2.11,-2.21,-2.08,-1.36,-0.41,1.00,2.12,2.13,1.98,1.93,2.12,2.56,2.86,2.88,2.93,3.02,2.99,2.95,2.95,2.96,2.94,2.80,2.81,2.67,2.41,2.38,2.32,2.23,2.13,2.04,2.06,2.09,2.10,2.09,2.08,2.13,2.19,2.23,2.23,2.29,2.29,2.27,2.25,2.21,2.16,2.16,2.20,2.30,2.26,2.21,2.14,2.04,2.07,2.08,2.10,2.12,2.17,2.18,2.21,2.25,2.23,2.19,2.17,2.16,2.13,2.11,2.11,2.10,2.14,2.37,2.60,2.66,2.64,2.67,2.68,2.69,2.68,2.64,2.57,2.46,2.37,2.30,2.20,2.12,2.07,2.05,2.03,2.03,2.05,2.10,2.18,2.26,2.20,2.12,2.05,1.99,1.86,1.80,1.83,1.93,2.03,2.09,2.06,1.97,1.87,1.84,1.89,1.99,2.09,2.13,2.19,2.26,2.30,2.29,2.27,2.26,2.24,2.20,2.17,2.12,2.10,2.11,2.08,2.06,2.02,1.99,1.98,1.91,1.80,1.69,1.61,1.52,1.39,1.41,1.68,2.25,2.52,2.64,2.69,2.71,2.17,1.21,0.80,1.39,1.30,1.26,1.36,1.54,1.64,1.73,1.82,1.88,1.92,1.93,1.94,1.93,1.92,1.90,1.88,1.85,1.83,1.79,1.72,1.90,2.15,2.32,2.31,2.28,2.24,2.21,2.20,2.21,2.22,2.23,2.24,2.25,2.27,2.27,2.25,2.20,2.15,2.14,2.16,2.09,2.29,2.37,2.38,2.41,2.49,2.61,2.83,3.03,2.83,2.64,2.73,2.92,2.96,2.95,2.94,2.92,2.87,2.80,2.87,2.90,2.89,2.94,2.79,2.71,2.69,2.72,2.72,2.71,2.70,2.69,2.65,2.65,2.63,2.60,2.58,2.51,2.45,2.46,2.53,2.53,2.47,2.46,2.51,2.60,2.69,2.76,2.82,2.85
2.84,2.89,2.93,3.01,3.12,3.21,3.26,3.26,3.25,3.21,3.19,3.17,3.11,3.03,3.02,4.50,5.16,4.97,4.66,4.67,4.72,4.89,4.65,-0.63,-2.05,-2.28,-1.87,0.06,1.54,2.08,2.06,2.02,1.88,1.80,1.81,2.01,2.71,2.88,2.96,3.02,2.98,2.95,2.96,2.95,2.87,2.71,2.70,2.59,2.39,2.36,2.33,2.25,2.13,2.03,2.06,2.08,2.10,2.13,2.14,2.14,2.17,2.22,2.23,2.29,2.31,2.30,2.27,2.23,2.18,2.20,2.27,2.34,2.25,2.17,2.10,2.02,2.09,2.12,2.12,2.13,2.27,2.26,2.23,2.23,2.29,2.22,2.16,2.14,2.13,2.11,2.10,2.09,2.15,2.49,2.69,2.69,2.62,2.67,2.68,2.69,2.69,2.67,2.60,2.49,2.42,2.36,2.25,2.20,2.09,2.00,2.00,1.98,1.96,2.00,2.11,2.24,2.27,2.17,2.01,1.88,1.72,1.79,1.92,2.02,2.08,2.05,1.97,1.86,1.76,1.87,1.97,2.04,2.10,2.17,2.24,2.30,2.35,2.31,2.30,2.28,2.25,2.20,2.16,2.17,2.15,2.09,2.08,2.10,2.10,2.08,2.07,2.01,1.90,1.76,1.60,1.50,1.40,1.52,1.94,2.59,2.69,2.70,2.72,2.74,1.18,1.02,1.30,1.36,1.33,1.30,1.43,1.65,1.72,1.80,1.87,1.92,1.91,1.93,1.95,1.95,1.92,1.90,1.88,1.87,1.87,1.88,1.82,2.07,2.30,2.30,2.30,2.27,2.23,2.21,2.20,2.21,2.22,2.22,2.23,2.23,2.28,2.29,2.24,2.19,2.07,2.08,2.15,2.11,2.30,2.38,2.39,2.41,2.54,2.79,2.92,2.88,2.74,2.73,2.80,2.89,2.93,2.95,2.98,2.96,2.89,2.88,2.93,2.96,2.98,3.02,2.91,2.77,2.72,2.81,2.78,2.77,2.76,2.75,2.72,2.72,2.69,2.64,2.58,2.48,2.44,2.48,2.56,2.52,2.48,2.48,2.53,2.63,2.74,2.82,2.86,2.88
2.90,2.99,3.01,3.04,3.11,3.28,3.30,3.29,3.27,3.26,3.21,3.19,3.20,3.27,3.55,4.61,4.99,4.80,4.73,4.74,4.75,4.83,4.82,3.04,-0.36,-1.46,0.03,1.46,2.00,2.14,2.08,1.99,1.88,1.80,1.78,1.86,2.17,1.38,1.50,2.38,2.95,2.96,2.96,2.91,2.78,2.62,2.58,2.50,2.38,2.35,2.33,2.27,2.18,2.09,2.05,2.08,2.12,2.13,2.12,2.15,2.18,2.20,2.25,2.29,2.31,2.31,2.28,2.24,2.19,2.18,2.21,2.22,2.15,2.11,2.09,2.08,2.10,2.12,2.16,2.24,2.29,2.28,2.26,2.25,2.26,2.26,2.22,2.16,2.13,2.12,2.10,2.18,2.35,2.47,2.60,2.64,2.64,2.68,2.68,2.68,2.67,2.65,2.58,2.50,2.42,2.35,2.25,2.19,2.13,2.07,2.01,1.95,1.88,1.88,1.96,2.05,2.05,1.99,1.89,1.78,1.79,1.89,2.00,2.04,2.00,1.94,1.88,1.84,1.86,1.91,2.00,2.08,2.13,2.19,2.26,2.33,2.36,2.33,2.27,2.25,2.25,2.22,2.23,2.20,2.17,2.13,2.10,2.12,2.13,2.14,2.10,2.09,1.98,1.81,1.60,1.50,1.49,1.67,2.05,2.65,2.71,2.73,2.76,2.81,1.40,1.11,1.25,1.31,1.35,1.38,1.52,1.73,1.83,1.87,1.92,1.93,1.91,1.94,1.98,1.97,1.93,1.89,1.88,1.87,1.86,1.86,1.91,2.12,2.28,2.27,2.28,2.26,2.22,2.20,2.20,2.21,2.21,2.22,2.22,2.23,2.25,2.25,2.21,2.12,2.09,2.09,2.13,2.19,2.30,2.36,2.39,2.43,2.60,2.84,2.95,2.92,2.87,2.84,2.87,2.91,2.93,2.97,3.01,2.97,2.89,2.94,2.96,2.99,3.02,3.03,2.93,2.82,2.78,2.82,2.79,2.77,2.77,2.79,2.78,2.79,2.75,2.67,2.58,2.48,2.47,2.50,2.55,2.47,2.49,2.51,2.56,2.69,2.78,2.83,2.88,2.91
2.96,3.07,3.09,3.10,3.14,3.31,3.32,3.30,3.30,3.31,3.25,3.29,3.43,3.67,4.05,4.67,4.83,4.70,4.77,4.78,4.77,4.80,4.92,5.21,1.58,0.11,1.50,2.32,2.28,2.19,2.11,2.04,1.95,1.84,1.77,1.76,1.82,0.81,0.78,1.65,2.52,2.85,2.93,2.85,2.70,2.54,2.48,2.44,2.38,2.34,2.32,2.29,2.22,2.14,2.05,2.09,2.14,2.14,2.12,2.15,2.17,2.19,2.23,2.26,2.30,2.31,2.29,2.24,2.19,2.16,2.16,2.13,2.09,2.08,2.09,2.10,2.10,2.13,2.21,2.32,2.32,2.29,2.28,2.28,2.26,2.28,2.26,2.21,2.15,2.14,2.18,2.33,2.51,2.49,2.57,2.62,2.64,2.64,2.66,2.65,2.64,2.61,2.56,2.49,2.43,2.37,2.28,2.18,2.14,2.12,2.05,1.95,1.84,1.80,1.84,1.87,1.86,1.83,1.79,1.77,1.87,1.97,2.02,2.01,1.91,1.86,1.83,1.85,1.92,1.94,2.01,2.10,2.17,2.20,2.27,2.32,2.34,2.32,2.24,2.22,2.24,2.25,2.26,2.21,2.17,2.16,2.12,2.13,2.15,2.16,2.12,2.12,2.00,1.80,1.59,1.48,1.61,1.88,2.25,2.68,2.73,2.75,2.77,2.78,1.55,1.20,1.25,1.32,1.36,1.43,1.57,1.76,1.89,1.94,1.99,2.02,1.98,1.97,2.00,2.00,1.95,1.88,1.86,1.85,1.85,1.85,1.99,2.15,2.26,2.25,2.26,2.24,2.22,2.20,2.20,2.20,2.21,2.21,2.22,2.23,2.23,2.23,2.19,2.08,2.09,2.09,2.10,2.25,2.33,2.37,2.41,2.48,2.68,2.88,2.97,2.95,2.94,2.91,2.94,2.98,2.99,3.02,3.03,2.98,2.89,2.95,2.96,2.98,3.01,2.99,2.92,2.84,2.80,2.82,2.80,2.78,2.78,2.80,2.80,2.81,2.76,2.67,2.58,2.47,2.49,2.53,2.54,2.47,2.52,2.56,2.62,2.76,2.81,2.85,2.89,2.93
3.00,3.11,3.17,3.21,3.23,3.27,3.28,3.30,3.32,3.33,3.33,3.51,3.85,4.28,4.49,4.66,4.71,4.72,4.79,4.78,4.76,4.79,4.92,5.18,3.88,2.77,2.35,2.39,2.29,2.19,2.16,2.19,2.12,1.93,1.79,1.74,1.75,1.63,1.15,0.80,1.49,2.59,2.89,2.77,2.61,2.45,2.41,2.41,2.39,2.34,2.30,2.29,2.26,2.18,2.09,2.11,2.16,2.19,2.15,2.13,2.15,2.18,2.14,2.20,2.27,2.31,2.29,2.24,2.19,2.15,2.13,2.06,2.07,2.10,2.12,2.09,2.08,2.16,2.26,2.33,2.34,2.31,2.30,2.30,2.29,2.28,2.29,2.27,2.20,2.19,2.39,2.55,2.60,2.58,2.63,2.64,2.61,2.55,2.60,2.60,2.58,2.54,2.53,2.47,2.44,2.44,2.36,2.17,2.12,2.13,2.10,2.00,1.86,1.77,1.75,1.70,1.70,1.71,1.75,1.89,1.98,2.01,1.98,1.90,1.81,1.84,1.87,1.90,1.90,1.94,2.00,2.09,2.22,2.22,2.25,2.27,2.28,2.28,2.22,2.19,2.22,2.31,2.23,2.18,2.16,2.16,2.12,2.13,2.15,2.15,2.11,2.08,1.91,1.70,1.57,1.45,1.76,2.19,2.57,2.68,2.74,2.78,2.75,2.60,1.59,1.30,1.33,1.39,1.38,1.46,1.58,1.74,1.87,1.99,2.13,2.22,2.18,2.02,2.00,2.02,1.99,1.87,1.81,1.82,1.85,1.84,2.06,2.18,2.23,2.23,2.24,2.23,2.21,2.19,2.19,2.20,2.21,2.21,2.21,2.22,2.23,2.22,2.19,2.05,2.08,2.06,2.06,2.29,2.37,2.41,2.47,2.59,2.80,2.91,2.95,2.94,2.94,2.92,3.00,3.12,3.15,3.11,3.05,2.97,2.89,2.89,2.89,2.90,2.91,2.89,2.88,2.82,2.78,2.80,2.79,2.77,2.77,2.79,2.78,2.76,2.71,2.64,2.57,2.45,2.50,2.55,2.54,2.54,2.59,2.65,2.71,2.81,2.84,2.87,2.89,2.93
3.05,3.15,3.22,3.28,3.33,3.37,3.39,3.41,3.43,3.42,3.46,3.75,4.14,4.51,4.61,4.66,4.70,4.73,4.74,4.72,4.72,4.84,5.10,4.92,3.88,2.99,2.54,2.45,2.38,2.32,2.33,2.48,2.47,2.12,1.84,1.79,1.77,1.77,1.48,1.17,1.48,2.22,2.55,2.59,2.49,2.42,2.39,2.39,2.37,2.32,2.29,2.28,2.27,2.21,2.13,2.14,2.17,2.18,2.18,2.17,2.16,2.16,2.14,2.17,2.22,2.26,2.27,2.22,2.18,2.14,2.10,2.10,2.10,2.09,2.07,2.08,2.10,2.16,2.25,2.35,2.35,2.32,2.31,2.33,2.31,2.30,2.30,2.30,2.30,2.28,2.43,2.58,2.65,2.63,2.69,2.67,2.60,2.54,2.57,2.57,2.53,2.50,2.50,2.47,2.42,2.38,2.32,2.11,2.07,2.11,2.12,2.05,1.92,1.81,1.76,1.77,1.78,1.80,1.85,1.95,1.98,1.96,1.89,1.79,1.81,1.84,1.87,1.90,1.89,1.93,1.99,2.07,2.18,2.20,2.22,2.23,2.24,2.24,2.18,2.19,2.23,2.27,2.20,2.17,2.14,2.11,2.11,2.11,2.12,2.12,2.08,2.04,1.89,1.69,1.54,1.59,2.02,2.45,2.70,2.71,2.77,2.82,2.66,2.02,1.52,1.38,1.40,1.44,1.45,1.51,1.63,1.76,1.89,2.04,2.18,2.28,2.29,2.23,2.22,2.22,2.18,1.93,1.86,1.85,1.85,1.84,2.10,2.20,2.22,2.23,2.21,2.21,2.20,2.18,2.18,2.19,2.20,2.21,2.21,2.21,2.22,2.20,2.15,2.03,2.05,2.07,2.11,2.31,2.40,2.46,2.54,2.69,2.85,2.93,2.95,2.94,2.94,2.99,3.07,3.16,3.18,3.16,3.04,2.94,2.90,2.91,2.89,2.87,2.87,2.87,2.85,2.80,2.77,2.78,2.79,2.75,2.72,2.73,2.73,2.71,2.67,2.60,2.52,2.47,2.52,2.55,2.52,2.56,2.62,2.67,2.72,2.79,2.81,2.86,2.92,2.96
3.11,3.18,3.26,3.35,3.43,3.49,3.53,3.55,3.55,3.56,3.62,3.95,4.34,4.62,4.64,4.68,4.72,4.73,4.70,4.67,4.66,4.80,5.06,4.46,3.37,2.71,2.58,2.51,2.50,2.47,2.52,2.73,2.74,2.28,1.93,1.90,1.81,1.77,1.74,1.70,1.66,1.91,2.21,2.40,2.38,2.39,2.35,2.33,2.33,2.30,2.28,2.27,2.26,2.24,2.17,2.17,2.18,2.17,2.20,2.21,2.18,2.15,2.15,2.15,2.17,2.20,2.24,2.19,2.16,2.12,2.08,2.13,2.11,2.07,2.04,2.09,2.14,2.15,2.22,2.34,2.35,2.32,2.33,2.35,2.34,2.32,2.30,2.32,2.39,2.36,2.42,2.53,2.64,2.67,2.73,2.69,2.60,2.54,2.57,2.54,2.50,2.47,2.49,2.46,2.38,2.29,2.23,2.05,2.03,2.08,2.11,2.09,1.97,1.85,1.79,1.88,1.89,1.92,1.96,1.98,1.95,1.88,1.80,1.71,1.83,1.85,1.87,1.89,1.88,1.93,1.99,2.06,2.13,2.18,2.21,2.21,2.20,2.20,2.16,2.19,2.23,2.21,2.17,2.15,2.12,2.05,2.08,2.07,2.07,2.08,2.03,1.99,1.87,1.69,1.50,1.72,2.25,2.65,2.76,2.75,2.81,2.86,2.59,1.58,1.47,1.45,1.46,1.49,1.52,1.58,1.67,1.80,1.90,2.06,2.19,2.29,2.34,2.40,2.41,2.41,2.36,2.06,1.97,1.93,1.90,1.89,2.14,2.22,2.22,2.22,2.19,2.20,2.20,2.19,2.18,2.19,2.19,2.20,2.21,2.21,2.21,2.18,2.11,2.01,2.03,2.08,2.18,2.33,2.44,2.52,2.62,2.77,2.87,2.93,2.94,2.94,2.95,3.04,3.12,3.16,3.17,3.17,3.02,2.91,2.91,2.93,2.88,2.85,2.84,2.86,2.82,2.78,2.75,2.74,2.77,2.70,2.65,2.65,2.68,2.68,2.64,2.57,2.47,2.50,2.54,2.53,2.49,2.57,2.63,2.68,2.73,2.78,2.77,2.83,2.90,2.95
3.24,3.17,3.28,3.40,3.50,3.61,3.66,3.67,3.68,3.78,3.81,3.99,4.30,4.65,4.68,4.71,4.71,4.69,4.67,4.67,4.57,4.37,4.06,3.48,3.02,2.74,2.63,2.61,2.59,2.62,2.67,2.69,2.50,2.28,2.17,2.15,1.86,1.82,1.78,1.72,1.68,1.89,2.09,2.24,2.33,2.32,2.20,2.15,2.22,2.28,2.27,2.24,2.24,2.26,2.20,2.18,2.18,2.17,2.18,2.18,2.18,2.18,2.17,2.13,2.14,2.16,2.16,2.18,2.10,2.09,2.13,2.08,2.04,2.06,2.12,2.19,2.18,2.17,2.18,2.22,2.28,2.31,2.34,2.37,2.36,2.34,2.31,2.32,2.38,2.35,2.35,2.37,2.45,2.70,2.73,2.69,2.61,2.56,2.60,2.54,2.47,2.46,2.52,2.42,2.30,2.19,2.10,2.02,2.02,2.05,2.05,2.06,1.92,1.81,1.80,1.90,1.95,1.99,2.00,1.96,1.86,1.76,1.73,1.79,1.84,1.86,1.87,1.87,1.89,1.91,1.99,2.08,2.13,2.19,2.22,2.22,2.20,2.17,2.19,2.18,2.15,2.14,2.14,2.12,2.08,2.01,2.04,2.00,1.99,2.01,1.99,1.93,1.82,1.65,1.45,1.71,2.28,2.67,2.73,2.73,2.82,2.88,2.68,1.93,1.63,1.50,1.47,1.50,1.57,1.64,1.72,1.82,1.90,2.02,2.11,2.19,2.27,2.32,2.35,2.37,2.39,2.36,2.20,2.14,2.15,2.09,2.17,2.19,2.20,2.21,2.20,2.21,2.21,2.21,2.18,2.18,2.19,2.19,2.20,2.20,2.19,2.14,2.06,2.02,2.01,2.08,2.21,2.39,2.52,2.63,2.72,2.80,2.85,2.88,2.91,2.93,2.94,3.03,3.10,3.13,3.10,3.08,2.99,2.93,2.91,2.88,2.84,2.81,2.81,2.85,2.80,2.77,2.74,2.70,2.69,2.62,2.57,2.56,2.60,2.75,2.70,2.55,2.44,2.54,2.57,2.53,2.46,2.56,2.64,2.71,2.79,2.82,2.76,2.74,2.74,2.76
3.32,3.22,3.32,3.44,3.55,3.70,3.76,3.77,3.80,3.88,3.87,3.99,4.22,4.49,4.63,4.70,4.72,4.68,4.55,4.43,4.18,3.85,3.49,3.09,2.91,2.81,2.75,2.72,2.68,2.69,2.72,2.69,2.54,2.46,2.44,2.42,2.20,1.97,1.84,1.78,1.71,1.82,1.91,2.03,2.17,2.15,2.05,2.02,2.10,2.18,2.22,2.22,2.22,2.26,2.20,2.18,2.18,2.17,2.17,2.18,2.18,2.19,2.19,2.14,2.12,2.12,2.14,2.18,2.11,2.09,2.12,2.04,2.05,2.11,2.19,2.26,2.22,2.20,2.19,2.18,2.22,2.25,2.32,2.38,2.37,2.34,2.33,2.33,2.35,2.32,2.30,2.30,2.35,2.54,2.64,2.64,2.59,2.60,2.61,2.56,2.50,2.46,2.52,2.39,2.26,2.16,2.08,2.01,2.00,2.00,1.99,1.94,1.84,1.80,1.84,1.93,1.99,2.00,1.97,1.89,1.80,1.70,1.70,1.82,1.83,1.85,1.86,1.87,1.89,1.91,2.03,2.15,2.16,2.20,2.24,2.24,2.20,2.20,2.21,2.15,2.08,2.10,2.13,2.11,2.05,1.99,1.98,1.94,1.93,1.94,1.95,1.90,1.79,1.62,1.48,1.80,2.29,2.65,2.78,2.81,2.86,2.90,2.73,2.05,1.69,1.55,1.51,1.52,1.61,1.67,1.72,1.80,1.94,2.02,2.10,2.16,2.21,2.25,2.26,2.32,2.42,2.46,2.34,2.30,2.30,2.18,2.17,2.16,2.17,2.19,2.20,2.20,2.20,2.21,2.19,2.19,2.20,2.21,2.22,2.20,2.17,2.10,2.00,2.01,2.00,2.08,2.24,2.42,2.57,2.70,2.80,2.86,2.89,2.93,2.94,2.91,2.94,2.98,3.04,3.09,3.09,3.06,2.98,2.92,2.90,2.84,2.80,2.80,2.82,2.83,2.78,2.75,2.72,2.67,2.63,2.58,2.54,2.53,2.55,2.68,2.65,2.53,2.45,2.56,2.57,2.54,2.50,2.57,2.65,2.74,2.82,2.83,2.75,2.70,2.69,2.72
3.38,3.30,3.36,3.47,3.61,3.76,3.83,3.88,3.90,3.90,3.86,3.98,4.11,4.22,4.53,4.65,4.72,4.67,4.37,4.06,3.64,3.31,3.20,3.06,2.96,2.92,2.92,2.85,2.77,2.71,2.70,2.71,2.73,2.73,2.72,2.70,2.70,2.18,1.90,1.87,1.74,1.72,1.71,1.79,1.96,1.91,1.91,1.93,1.98,2.04,2.16,2.20,2.21,2.26,2.20,2.19,2.19,2.18,2.18,2.17,2.18,2.20,2.22,2.16,2.10,2.08,2.14,2.19,2.16,2.12,2.08,2.01,2.12,2.20,2.26,2.31,2.25,2.24,2.22,2.18,2.18,2.18,2.27,2.39,2.36,2.33,2.34,2.35,2.30,2.27,2.26,2.27,2.29,2.27,2.50,2.56,2.54,2.66,2.60,2.59,2.56,2.48,2.50,2.35,2.23,2.17,2.12,2.00,1.96,1.95,1.92,1.77,1.74,1.79,1.89,1.95,2.00,1.97,1.89,1.80,1.76,1.68,1.69,1.82,1.83,1.83,1.86,1.90,1.88,1.93,2.10,2.24,2.22,2.21,2.25,2.26,2.21,2.27,2.21,2.11,2.03,2.08,2.14,2.11,2.03,1.97,1.93,1.90,1.88,1.87,1.90,1.88,1.75,1.60,1.54,1.95,2.29,2.62,2.90,2.92,2.89,2.91,2.75,2.03,1.70,1.59,1.57,1.54,1.64,1.67,1.68,1.75,2.00,2.05,2.11,2.16,2.17,2.18,2.17,2.27,2.46,2.44,2.43,2.42,2.37,2.20,2.15,2.13,2.14,2.16,2.18,2.18,2.18,2.19,2.20,2.21,2.22,2.24,2.26,2.21,2.16,2.06,1.93,2.00,2.00,2.10,2.28,2.44,2.61,2.76,2.87,2.93,2.97,3.04,2.99,2.88,2.94,2.92,2.97,3.06,3.11,3.08,2.98,2.90,2.87,2.80,2.76,2.80,2.86,2.81,2.76,2.72,2.69,2.65,2.60,2.58,2.55,2.53,2.50,2.53,2.53,2.52,2.50,2.58,2.56,2.54,2.56,2.58,2.67,2.77,2.84,2.82,2.76,2.70,2.69,2.76
3.42,3.30,3.38,3.51,3.64,3.77,3.86,3.93,3.98,3.99,3.95,3.96,4.03,4.14,4.26,4.43,4.54,4.49,4.23,3.76,3.46,3.31,3.23,3.17,3.10,3.12,3.20,3.17,2.97,2.80,2.71,2.72,2.74,2.75,2.76,2.76,2.77,2.57,2.23,1.87,1.76,1.72,1.71,1.75,1.84,1.86,1.87,1.93,2.02,2.05,2.15,2.18,2.17,2.23,2.19,2.18,2.19,2.19,2.19,2.18,2.18,2.20,2.21,2.19,2.09,2.05,2.14,2.17,2.17,2.12,2.05,2.06,2.14,2.21,2.25,2.28,2.25,2.25,2.27,2.28,2.18,2.18,2.20,2.24,2.34,2.32,2.32,2.30,2.24,2.21,2.24,2.27,2.28,2.28,2.36,2.41,2.45,2.54,2.55,2.54,2.51,2.46,2.43,2.36,2.27,2.18,2.11,2.02,1.95,1.88,1.79,1.75,1.79,1.86,1.96,1.97,1.92,1.86,1.78,1.70,1.68,1.64,1.65,1.73,1.80,1.81,1.84,1.89,1.94,2.06,2.20,2.29,2.29,2.25,2.24,2.25,2.27,2.25,2.20,2.12,2.07,2.11,2.16,2.10,2.01,1.95,1.93,1.87,1.83,1.80,1.76,1.73,1.65,1.58,1.59,2.13,2.60,2.87,2.90,2.72,2.62,2.64,2.54,1.98,1.66,1.59,1.62,1.62,1.65,1.66,1.68,1.73,1.84,1.96,2.07,2.11,2.04,2.03,2.00,2.13,2.39,2.36,2.36,2.35,2.29,2.12,2.10,2.09,2.11,2.13,2.14,2.14,2.16,2.18,2.18,2.19,2.19,2.20,2.22,2.21,2.14,2.05,1.96,1.99,2.04,2.15,2.31,2.48,2.64,2.79,2.90,2.96,3.02,3.07,3.05,2.99,3.03,3.04,3.04,3.03,3.00,3.01,2.94,2.88,2.84,2.76,2.75,2.81,2.86,2.78,2.73,2.69,2.67,2.66,2.60,2.56,2.53,2.52,2.48,2.47,2.51,2.54,2.54,2.60,2.65,2.65,2.60,2.59,2.70,2.78,2.81,2.81,2.76,2.72,2.71,2.77
3.40,3.33,3.43,3.56,3.68,3.80,3.87,3.95,4.02,4.07,4.02,3.97,3.98,4.05,4.07,4.20,4.29,4.25,3.95,3.53,3.37,3.33,3.29,3.29,3.26,3.31,3.40,3.36,3.10,2.90,2.78,2.76,2.78,2.79,2.81,2.83,2.84,2.84,2.54,2.09,1.87,1.78,1.73,1.72,1.77,1.82,1.85,1.93,2.05,2.07,2.15,2.16,2.14,2.19,2.18,2.18,2.19,2.19,2.19,2.18,2.18,2.18,2.18,2.15,2.08,2.05,2.12,2.12,2.13,2.10,2.04,2.08,2.14,2.20,2.25,2.26,2.23,2.25,2.29,2.31,2.18,2.18,2.16,2.15,2.26,2.29,2.29,2.25,2.18,2.16,2.23,2.27,2.27,2.27,2.27,2.31,2.38,2.47,2.51,2.48,2.45,2.42,2.37,2.34,2.28,2.18,2.08,2.00,1.89,1.79,1.73,1.77,1.85,1.93,1.98,1.94,1.83,1.77,1.74,1.69,1.67,1.62,1.61,1.67,1.74,1.79,1.84,1.89,1.97,2.14,2.26,2.32,2.34,2.25,2.23,2.24,2.26,2.23,2.19,2.14,2.11,2.13,2.17,2.09,2.00,1.96,1.93,1.85,1.79,1.75,1.69,1.63,1.59,1.62,1.75,2.32,2.78,2.98,2.89,2.59,2.48,2.47,2.39,1.95,1.63,1.58,1.63,1.66,1.63,1.65,1.69,1.74,1.76,1.87,1.96,1.99,1.91,1.90,1.90,2.04,2.29,2.26,2.27,2.26,2.21,2.08,2.05,2.06,2.07,2.09,2.10,2.11,2.12,2.15,2.15,2.15,2.16,2.17,2.19,2.19,2.11,2.03,1.98,1.99,2.10,2.21,2.33,2.50,2.67,2.81,2.92,2.99,3.05,3.07,3.07,3.07,3.13,3.12,3.10,3.06,3.00,2.97,2.89,2.83,2.80,2.73,2.76,2.83,2.86,2.75,2.70,2.67,2.66,2.66,2.60,2.55,2.52,2.51,2.47,2.44,2.48,2.56,2.58,2.61,2.65,2.67,2.64,2.65,2.74,2.79,2.79,2.80,2.76,2.73,2.73,2.77
3.33,3.42,3.52,3.63,3.74,3.85,3.86,3.93,4.04,4.15,4.07,4.03,3.99,3.97,3.99,3.94,3.97,3.92,3.49,3.41,3.38,3.38,3.39,3.42,3.46,3.49,3.50,3.38,3.16,3.02,2.94,2.84,2.85,2.87,2.89,2.90,2.92,2.93,2.84,2.58,2.11,1.93,1.78,1.72,1.77,1.77,1.84,1.95,2.05,2.13,2.15,2.14,2.13,2.14,2.16,2.18,2.19,2.20,2.20,2.19,2.18,2.16,2.13,2.05,2.05,2.08,2.08,2.04,2.03,2.04,2.05,2.04,2.11,2.19,2.25,2.23,2.20,2.24,2.28,2.24,2.18,2.16,2.14,2.13,2.12,2.24,2.25,2.19,2.12,2.11,2.21,2.27,2.26,2.25,2.26,2.29,2.34,2.44,2.49,2.43,2.37,2.35,2.31,2.29,2.24,2.15,2.02,1.93,1.78,1.69,1.74,1.82,1.93,1.98,1.94,1.87,1.70,1.70,1.78,1.77,1.74,1.63,1.58,1.64,1.65,1.77,1.86,1.92,1.98,2.17,2.28,2.33,2.36,2.19,2.22,2.23,2.19,2.20,2.17,2.16,2.16,2.16,2.17,2.08,2.00,1.98,1.93,1.84,1.78,1.74,1.71,1.57,1.58,1.75,2.07,2.53,2.79,2.91,2.88,2.55,2.49,2.44,2.29,1.96,1.61,1.54,1.59,1.63,1.59,1.63,1.70,1.76,1.78,1.79,1.78,1.77,1.76,1.80,1.89,2.01,2.14,2.15,2.16,2.15,2.12,2.08,2.01,2.01,2.04,2.06,2.06,2.07,2.09,2.09,2.09,2.10,2.12,2.14,2.15,2.14,2.06,2.00,1.99,1.98,2.16,2.27,2.35,2.52,2.69,2.82,2.92,2.99,3.05,3.03,3.05,3.13,3.23,3.16,3.15,3.18,3.15,2.95,2.82,2.76,2.77,2.71,2.81,2.87,2.84,2.73,2.68,2.66,2.66,2.66,2.60,2.54,2.51,2.49,2.45,2.42,2.47,2.55,2.62,2.59,2.56,2.59,2.68,2.77,2.81,2.80,2.78,2.80,2.77,2.75,2.75,2.78
3.37,3.47,3.82,3.99,3.93,3.91,3.95,3.98,4.02,4.12,4.10,4.07,4.02,3.95,3.90,3.83,3.78,3.70,3.44,3.42,3.41,3.41,3.44,3.47,3.51,3.53,3.50,3.39,3.20,3.11,3.05,2.95,2.94,2.95,2.96,2.98,2.99,3.03,2.94,2.78,2.66,2.13,1.87,1.79,1.77,1.76,1.79,1.88,2.01,2.10,2.13,2.12,2.11,2.15,2.16,2.17,2.18,2.20,2.20,2.19,2.16,2.12,2.07,2.07,2.07,2.07,2.06,2.06,2.06,2.07,2.08,2.08,2.10,2.14,2.19,2.24,2.22,2.28,2.33,2.30,2.22,2.19,2.16,2.13,2.11,2.16,2.14,2.10,2.10,2.16,2.23,2.26,2.25,2.23,2.26,2.27,2.29,2.38,2.41,2.36,2.30,2.28,2.24,2.21,2.15,2.06,1.94,1.81,1.74,1.75,1.82,1.92,1.96,1.93,1.84,1.72,1.73,1.80,1.88,1.91,1.89,1.75,1.64,1.65,1.66,1.72,1.81,1.91,1.97,2.08,2.15,2.20,2.25,2.21,2.22,2.22,2.21,2.22,2.18,2.18,2.19,2.19,2.17,2.07,2.00,1.99,1.92,1.84,1.79,1.77,1.78,1.66,1.61,1.74,2.12,2.54,2.79,2.92,2.92,2.74,2.61,2.49,2.31,1.97,1.65,1.56,1.60,1.68,1.68,1.72,1.75,1.77,1.77,1.75,1.74,1.75,1.76,1.79,1.84,1.90,1.94,1.93,1.98,2.00,2.01,2.00,1.99,1.99,2.00,2.01,2.02,2.03,2.04,2.04,2.04,2.06,2.09,2.11,2.12,2.11,2.04,1.99,1.99,2.01,2.17,2.29,2.40,2.55,2.70,2.81,2.90,2.98,3.04,3.03,3.07,3.19,3.25,3.18,3.18,3.20,3.18,2.98,2.87,2.80,2.77,2.75,2.83,2.86,2.82,2.70,2.65,2.66,2.68,2.66,2.60,2.52,2.46,2.44,2.36,2.39,2.47,2.56,2.63,2.58,2.57,2.61,2.68,2.77,2.80,2.80,2.77,2.79,2.77,2.77,2.78,2.79
3.43,3.48,4.08,4.35,4.18,4.05,4.07,4.05,4.02,4.06,4.10,4.09,4.04,3.94,3.83,3.76,3.66,3.55,3.46,3.44,3.43,3.43,3.48,3.50,3.53,3.52,3.48,3.40,3.25,3.18,3.14,3.06,3.02,3.02,3.04,3.05,3.07,3.12,3.00,2.88,3.09,2.36,1.99,1.84,1.75,1.76,1.75,1.80,1.94,2.03,2.08,2.10,2.11,2.16,2.15,2.16,2.17,2.19,2.21,2.19,2.14,2.08,2.05,2.09,2.08,2.06,2.05,2.09,2.11,2.11,2.12,2.12,2.10,2.09,2.13,2.22,2.23,2.31,2.38,2.36,2.27,2.22,2.18,2.14,2.11,2.09,2.05,2.04,2.08,2.20,2.24,2.25,2.24,2.23,2.26,2.26,2.26,2.31,2.32,2.28,2.24,2.21,2.17,2.12,2.06,1.97,1.85,1.73,1.74,1.83,1.91,1.98,1.95,1.86,1.75,1.62,1.79,1.93,2.01,2.07,2.07,1.92,1.77,1.70,1.69,1.68,1.76,1.88,1.93,1.99,2.03,2.07,2.15,2.22,2.23,2.23,2.24,2.25,2.20,2.20,2.23,2.23,2.17,2.08,2.02,2.00,1.90,1.84,1.81,1.80,1.84,1.74,1.65,1.74,2.17,2.56,2.81,2.94,2.97,2.92,2.75,2.57,2.34,1.98,1.70,1.59,1.62,1.74,1.77,1.79,1.79,1.78,1.75,1.72,1.73,1.76,1.79,1.80,1.80,1.79,1.78,1.77,1.83,1.88,1.90,1.90,1.96,1.97,1.96,1.98,1.99,1.99,1.99,2.00,2.00,2.03,2.06,2.07,2.08,2.08,2.02,1.98,1.99,2.04,2.16,2.29,2.42,2.54,2.69,2.78,2.86,2.93,3.01,3.02,3.09,3.21,3.24,3.20,3.19,3.19,3.17,3.00,2.91,2.84,2.77,2.78,2.82,2.83,2.79,2.69,2.63,2.67,2.70,2.66,2.59,2.50,2.43,2.40,2.32,2.39,2.49,2.58,2.63,2.58,2.59,2.64,2.69,2.76,2.79,2.79,2.78,2.79,2.80,2.82,2.83,2.81
3.49,3.41,4.08,4.51,4.51,4.37,4.21,4.13,4.07,3.98,4.04,4.05,4.02,3.94,3.84,3.75,3.68,3.59,3.48,3.44,3.43,3.45,3.50,3.54,3.52,3.50,3.48,3.42,3.30,3.24,3.21,3.18,3.10,3.09,3.11,3.13,3.14,3.20,3.07,2.89,2.99,2.64,2.15,1.77,1.69,1.81,1.78,1.78,1.83,1.93,2.00,2.06,2.12,2.14,2.16,2.17,2.18,2.20,2.21,2.16,2.09,2.06,2.12,2.07,2.05,2.06,2.10,2.14,2.15,2.16,2.15,2.14,2.10,2.09,2.10,2.13,2.16,2.28,2.37,2.35,2.30,2.27,2.21,2.14,2.12,2.06,2.05,2.05,2.02,2.12,2.21,2.25,2.24,2.24,2.26,2.27,2.27,2.24,2.23,2.21,2.18,2.13,2.09,2.03,1.96,1.86,1.73,1.77,1.84,1.92,1.97,1.93,1.85,1.76,1.70,1.77,1.92,2.07,2.19,2.25,2.27,2.19,2.02,1.80,1.74,1.70,1.75,1.84,1.83,1.95,2.02,2.08,2.16,2.17,2.26,2.29,2.24,2.23,2.22,2.23,2.26,2.30,2.18,2.12,2.07,2.01,1.86,1.83,1.84,1.84,1.81,1.67,1.63,1.83,2.35,2.70,2.87,2.96,3.00,2.97,2.90,2.70,2.37,1.97,1.71,1.65,1.70,1.77,1.80,1.80,1.77,1.74,1.71,1.71,1.74,1.77,1.80,1.83,1.79,1.75,1.77,1.78,1.82,1.83,1.82,1.81,1.90,1.92,1.93,1.96,2.00,1.97,1.96,1.97,1.98,2.00,2.02,2.03,2.03,2.02,2.01,1.98,1.97,2.04,2.14,2.24,2.34,2.41,2.64,2.71,2.72,2.79,2.94,3.00,3.05,3.12,3.23,3.21,3.18,3.14,3.09,2.96,2.87,2.78,2.71,2.73,2.77,2.78,2.76,2.70,2.65,2.68,2.70,2.65,2.56,2.50,2.45,2.42,2.44,2.51,2.58,2.61,2.61,2.60,2.62,2.67,2.73,2.80,2.81,2.80,2.79,2.81,2.91,2.93,2.91,2.89
3.33,1.37,1.42,2.50,3.89,4.51,4.42,4.27,4.11,3.98,3.97,3.97,3.96,3.92,3.82,3.74,3.67,3.59,3.49,3.41,3.40,3.44,3.50,3.53,3.52,3.50,3.48,3.43,3.35,3.30,3.27,3.26,3.20,3.18,3.18,3.20,3.22,3.28,3.13,2.90,2.85,1.97,1.58,1.58,1.82,1.96,1.89,1.82,1.80,1.87,1.94,2.02,2.08,2.11,2.14,2.16,2.16,2.17,2.14,2.11,2.08,2.06,2.12,2.08,2.07,2.10,2.15,2.19,2.20,2.20,2.20,2.19,2.14,2.12,2.11,2.12,2.14,2.22,2.27,2.27,2.27,2.25,2.21,2.16,2.15,2.09,2.09,2.08,2.02,2.05,2.14,2.17,2.15,2.22,2.26,2.25,2.21,2.16,2.15,2.13,2.10,2.06,2.01,1.93,1.86,1.81,1.76,1.85,1.92,1.95,1.95,1.84,1.77,1.74,1.76,1.89,2.08,2.25,2.38,2.43,2.46,2.42,2.27,2.02,1.90,1.80,1.79,1.82,1.82,1.94,2.02,2.08,2.15,2.17,2.27,2.28,2.17,2.19,2.20,2.22,2.26,2.31,2.21,2.18,2.17,2.12,2.01,1.91,1.85,1.84,1.82,1.69,1.83,2.16,2.54,2.76,2.89,2.96,3.00,2.98,2.93,2.73,2.35,1.83,1.70,1.70,1.76,1.82,1.87,1.80,1.73,1.68,1.58,1.61,1.64,1.68,1.74,1.81,1.82,1.82,1.83,1.85,1.85,1.82,1.77,1.79,1.85,1.87,1.87,1.89,1.92,1.92,1.93,1.95,1.97,1.98,1.99,2.00,2.04,1.99,1.98,1.99,2.00,2.11,2.19,2.27,2.33,2.39,2.58,2.60,2.59,2.68,2.82,2.87,2.90,2.95,3.04,3.11,3.13,3.10,3.03,2.91,2.80,2.71,2.65,2.69,2.71,2.72,2.72,2.66,2.63,2.66,2.68,2.63,2.55,2.51,2.44,2.37,2.48,2.54,2.60,2.63,2.61,2.59,2.63,2.70,2.77,2.86,2.86,2.84,2.82,2.81,3.00,3.07,3.07,3.07
2.94,-1.52,-2.37,-0.52,2.68,4.52,4.64,4.43,4.17,4.02,3.90,3.87,3.87,3.87,3.78,3.72,3.65,3.57,3.49,3.37,3.35,3.40,3.46,3.50,3.51,3.50,3.47,3.44,3.40,3.36,3.33,3.32,3.32,3.27,3.26,3.28,3.29,3.36,3.20,2.86,2.55,0.82,0.69,1.36,2.04,2.14,2.03,1.89,1.81,1.83,1.89,1.96,2.02,2.07,2.12,2.13,2.13,2.12,2.04,2.06,2.08,2.08,2.07,2.10,2.12,2.16,2.20,2.24,2.25,2.26,2.26,2.26,2.21,2.17,2.14,2.15,2.14,2.13,2.14,2.16,2.21,2.20,2.19,2.18,2.18,2.15,2.14,2.12,2.05,1.99,2.05,2.06,2.02,2.18,2.24,2.21,2.13,2.10,2.08,2.06,2.03,2.00,1.92,1.82,1.78,1.79,1.85,1.95,1.98,1.95,1.87,1.73,1.72,1.78,1.88,2.00,2.25,2.44,2.55,2.60,2.65,2.63,2.51,2.30,2.10,1.94,1.85,1.81,1.87,1.95,2.03,2.08,2.12,2.19,2.26,2.21,2.07,2.12,2.16,2.19,2.24,2.28,2.25,2.26,2.27,2.27,2.24,2.03,1.86,1.81,1.84,1.74,2.12,2.58,2.71,2.80,2.90,2.97,2.98,2.97,2.89,2.70,2.31,1.64,1.68,1.75,1.82,1.89,1.96,1.81,1.69,1.61,1.42,1.46,1.50,1.54,1.62,1.76,1.87,1.93,1.93,1.95,1.91,1.83,1.76,1.81,1.83,1.83,1.82,1.81,1.80,1.86,1.91,1.94,1.96,1.97,1.96,1.98,2.07,1.97,1.96,1.99,2.05,2.20,2.28,2.33,2.35,2.41,2.50,2.48,2.48,2.59,2.68,2.69,2.71,2.75,2.77,2.95,3.06,3.06,2.97,2.86,2.73,2.64,2.59,2.65,2.66,2.67,2.66,2.61,2.58,2.61,2.63,2.60,2.56,2.52,2.41,2.29,2.48,2.54,2.59,2.64,2.62,2.57,2.63,2.73,2.81,2.93,2.93,2.91,2.87,2.82,3.07,3.20,3.25,3.29
0.61,-1.83,-2.30,-1.66,0.17,4.01,4.54,4.56,4.35,4.00,3.85,3.80,3.78,3.76,3.72,3.68,3.62,3.54,3.43,3.34,3.30,3.30,3.34,3.40,3.46,3.49,3.48,3.45,3.46,3.43,3.39,3.38,3.37,3.35,3.34,3.35,3.37,3.44,3.24,2.37,0.23,0.00,0.86,1.78,2.00,2.02,1.97,1.95,1.94,1.80,1.86,1.91,1.96,2.04,2.06,2.10,2.10,2.05,2.07,2.08,2.07,2.06,2.10,2.15,2.19,2.22,2.25,2.28,2.30,2.31,2.32,2.30,2.26,2.22,2.18,2.16,2.12,2.12,2.13,2.14,2.19,2.19,2.19,2.20,2.24,2.21,2.16,2.09,2.02,1.99,1.99,1.98,1.99,2.15,2.18,2.17,2.13,2.05,2.06,2.02,1.98,1.94,1.84,1.79,1.78,1.83,1.92,1.96,1.92,1.84,1.76,1.75,1.85,1.96,2.04,2.13,2.31,2.50,2.62,2.63,2.64,2.66,2.61,2.47,2.29,2.09,1.98,1.95,1.90,1.98,2.03,2.03,2.03,2.12,2.15,2.14,2.12,2.13,2.17,2.22,2.26,2.29,2.27,2.24,2.22,2.23,2.21,2.16,2.02,1.84,1.81,1.76,2.16,2.62,2.75,2.88,3.00,3.03,2.97,2.85,2.81,2.61,2.23,1.71,1.69,1.78,1.90,2.00,2.04,1.87,1.73,1.60,1.31,1.32,1.38,1.45,1.54,1.78,1.90,1.96,1.99,2.04,2.01,1.96,1.91,1.91,1.87,1.84,1.80,1.77,1.81,1.86,1.90,1.91,1.91,1.90,1.93,1.97,1.98,1.94,1.94,1.99,2.08,2.18,2.24,2.28,2.30,2.35,2.36,2.37,2.43,2.54,2.61,2.64,2.66,2.68,2.66,2.71,2.79,2.87,2.94,2.80,2.66,2.57,2.54,2.58,2.60,2.61,2.61,2.57,2.54,2.56,2.58,2.56,2.54,2.47,2.39,2.33,2.47,2.56,2.62,2.64,2.63,2.66,2.71,2.78,2.85,2.97,2.98,2.96,2.96,3.02,3.13,3.20,3.22,3.25
-1.10,-2.07,-2.24,-2.24,-1.48,1.96,3.35,4.19,4.47,4.10,3.80,3.70,3.67,3.65,3.64,3.61,3.58,3.52,3.41,3.33,3.27,3.22,3.22,3.28,3.36,3.42,3.44,3.47,3.50,3.48,3.44,3.43,3.43,3.42,3.41,3.41,3.43,3.43,3.27,2.47,0.27,0.32,1.19,1.94,1.94,1.91,1.89,1.98,2.07,1.89,1.88,1.89,1.92,1.98,2.02,2.07,2.07,2.04,2.07,2.09,2.07,2.07,2.16,2.20,2.24,2.28,2.31,2.33,2.35,2.36,2.37,2.33,2.30,2.27,2.23,2.19,2.14,2.11,2.12,2.14,2.15,2.16,2.18,2.21,2.26,2.25,2.17,2.07,2.00,1.99,1.96,1.94,1.96,2.05,2.09,2.11,2.10,2.02,2.03,1.98,1.91,1.86,1.80,1.80,1.84,1.90,1.95,1.94,1.86,1.77,1.73,1.80,1.95,2.07,2.15,2.22,2.38,2.53,2.64,2.63,2.64,2.68,2.66,2.53,2.35,2.15,2.04,2.01,1.95,2.01,2.02,2.00,1.98,2.05,2.07,2.11,2.16,2.15,2.19,2.24,2.27,2.29,2.27,2.21,2.17,2.17,2.18,2.21,2.11,1.91,1.81,1.82,2.22,2.67,2.79,2.94,3.04,3.04,2.94,2.84,2.78,2.53,2.14,1.75,1.72,1.83,1.97,2.07,2.12,1.97,1.81,1.65,1.36,1.31,1.33,1.41,1.53,1.81,1.93,1.99,2.04,2.09,2.06,2.03,2.00,1.96,1.90,1.86,1.86,1.92,1.93,1.87,1.85,1.88,1.87,1.87,1.93,1.98,1.95,1.95,1.95,1.99,2.07,2.14,2.19,2.23,2.25,2.28,2.25,2.31,2.41,2.49,2.56,2.60,2.62,2.62,2.59,2.59,2.66,2.77,2.89,2.77,2.62,2.52,2.51,2.55,2.55,2.56,2.57,2.55,2.51,2.53,2.54,2.53,2.52,2.44,2.38,2.37,2.47,2.57,2.62,2.63,2.65,2.73,2.77,2.81,2.88,2.98,3.01,3.02,3.04,3.14,3.17,3.19,3.20,3.21
-2.12,-2.22,-2.20,-2.20,-2.16,-1.81,0.93,3.27,4.53,4.35,3.74,3.56,3.54,3.54,3.53,3.51,3.52,3.52,3.45,3.34,3.24,3.16,3.11,3.13,3.20,3.28,3.37,3.50,3.52,3.51,3.49,3.48,3.48,3.47,3.47,3.47,3.49,3.32,3.27,3.25,2.97,1.93,1.71,1.82,1.83,1.81,1.79,1.95,2.20,2.13,1.96,1.89,1.88,1.86,2.01,2.04,2.05,2.08,2.06,2.08,2.09,2.12,2.24,2.24,2.28,2.33,2.36,2.39,2.40,2.41,2.40,2.36,2.34,2.32,2.28,2.22,2.18,2.12,2.12,2.18,2.12,2.12,2.16,2.21,2.25,2.27,2.18,2.06,1.99,1.97,1.97,1.95,1.92,1.88,1.97,2.03,2.04,2.03,1.99,1.93,1.84,1.74,1.81,1.88,1.96,2.01,1.94,1.89,1.79,1.74,1.80,1.88,1.99,2.09,2.17,2.26,2.44,2.54,2.59,2.62,2.65,2.69,2.64,2.46,2.27,2.14,2.04,2.00,2.04,2.03,2.01,1.99,1.99,1.97,2.04,2.13,2.20,2.19,2.23,2.26,2.27,2.27,2.25,2.17,2.11,2.10,2.14,2.17,2.13,2.02,1.86,1.92,2.31,2.71,2.83,2.97,3.01,2.97,2.90,2.95,2.81,2.45,2.02,1.74,1.77,1.89,2.01,2.11,2.20,2.09,1.92,1.75,1.60,1.44,1.37,1.43,1.62,1.86,1.96,2.03,2.09,2.10,2.07,2.03,2.00,1.97,1.92,1.89,2.01,2.28,2.20,1.90,1.78,1.86,1.84,1.88,1.95,2.00,1.99,2.01,1.99,1.99,2.02,2.08,2.14,2.17,2.19,2.19,2.18,2.30,2.42,2.46,2.51,2.56,2.58,2.58,2.57,2.60,2.68,2.77,2.82,2.78,2.62,2.50,2.49,2.55,2.54,2.53,2.54,2.54,2.50,2.50,2.51,2.50,2.50,2.43,2.39,2.42,2.50,2.59,2.60,2.60,2.66,2.80,2.81,2.83,2.90,2.98,3.04,3.08,3.11,3.18,3.17,3.18,3.19,3.18
-2.22,-2.20,-2.19,-2.21,-2.27,-2.33,-0.04,2.52,4.16,3.91,3.58,3.50,3.50,3.48,3.41,3.41,3.42,3.41,3.38,3.33,3.25,3.15,3.07,3.05,3.09,3.13,3.18,3.27,3.45,3.51,3.50,3.49,3.48,3.48,3.48,3.49,3.53,3.43,3.29,3.01,2.32,1.90,1.85,1.88,1.79,1.78,1.76,1.91,2.18,2.21,2.09,1.98,1.91,1.91,2.04,2.05,2.05,2.07,2.06,2.12,2.16,2.19,2.26,2.31,2.35,2.39,2.42,2.45,2.45,2.44,2.43,2.42,2.40,2.37,2.33,2.29,2.23,2.19,2.17,2.16,2.11,2.10,2.11,2.13,2.16,2.18,2.14,2.06,1.98,1.96,1.96,1.94,1.89,1.88,1.88,1.91,1.94,1.99,1.94,1.87,1.80,1.78,1.87,1.94,1.97,1.95,1.89,1.85,1.80,1.79,1.87,1.95,2.04,2.13,2.20,2.31,2.48,2.58,2.62,2.62,2.66,2.67,2.60,2.41,2.24,2.14,2.08,2.08,2.12,2.11,2.09,2.07,2.04,1.99,2.03,2.09,2.15,2.19,2.23,2.26,2.28,2.29,2.23,2.20,2.17,2.15,2.21,2.22,2.17,2.05,1.95,2.18,2.48,2.73,2.86,2.93,2.92,2.87,2.83,2.87,2.75,2.42,2.02,1.77,1.83,1.96,2.08,2.13,2.17,2.13,2.00,1.83,1.67,1.49,1.38,1.41,1.62,1.84,1.96,2.04,2.10,2.09,2.06,2.03,2.00,1.96,1.92,1.90,2.19,2.77,1.74,1.49,1.75,2.14,1.94,1.95,1.94,1.95,1.99,2.02,1.99,1.98,2.00,2.03,2.04,2.04,2.05,2.12,2.12,2.25,2.37,2.40,2.42,2.51,2.57,2.59,2.57,2.60,2.70,2.82,2.86,2.64,2.50,2.41,2.38,2.43,2.54,2.61,2.61,2.54,2.54,2.53,2.51,2.49,2.47,2.42,2.42,2.47,2.53,2.59,2.58,2.55,2.61,2.75,2.80,2.85,2.95,3.00,3.04,3.07,3.09,3.15,3.14,3.15,3.16,3.16
-2.19,-2.18,-2.20,-2.24,-2.22,-1.92,-0.04,2.25,3.78,3.52,3.48,3.49,3.49,3.45,3.35,3.34,3.32,3.28,3.28,3.28,3.23,3.14,3.04,3.00,2.98,2.98,3.00,3.03,3.28,3.44,3.50,3.50,3.49,3.49,3.29,2.93,3.17,3.32,3.18,2.63,1.55,1.73,1.92,1.96,1.80,1.76,1.74,1.87,2.13,2.24,2.19,2.06,1.95,1.97,2.06,2.07,2.06,2.05,2.08,2.15,2.21,2.26,2.29,2.37,2.41,2.43,2.47,2.51,2.49,2.48,2.48,2.47,2.45,2.41,2.37,2.35,2.28,2.26,2.22,2.15,2.12,2.09,2.07,2.05,2.07,2.09,2.10,2.06,1.97,1.95,1.96,1.94,1.89,1.90,1.84,1.83,1.86,1.92,1.88,1.82,1.80,1.86,1.92,1.97,1.95,1.86,1.83,1.84,1.83,1.86,1.93,2.00,2.08,2.16,2.23,2.35,2.51,2.61,2.63,2.60,2.64,2.64,2.54,2.35,2.23,2.15,2.14,2.16,2.19,2.17,2.16,2.14,2.10,2.04,2.04,2.06,2.09,2.15,2.22,2.26,2.28,2.30,2.24,2.24,2.24,2.22,2.28,2.30,2.22,2.09,2.07,2.40,2.60,2.72,2.86,2.86,2.83,2.79,2.75,2.70,2.62,2.34,1.99,1.80,1.88,2.02,2.12,2.13,2.11,2.11,2.04,1.89,1.71,1.53,1.39,1.40,1.61,1.86,1.96,2.03,2.09,2.07,2.05,2.03,1.99,1.96,1.93,1.95,2.39,3.10,1.20,1.00,1.70,2.54,2.20,2.06,1.95,1.91,1.98,2.00,1.98,1.98,2.00,1.99,1.96,1.94,1.96,2.06,2.07,2.18,2.27,2.29,2.30,2.43,2.53,2.57,2.55,2.60,2.72,2.84,2.87,2.53,2.41,2.36,2.30,2.36,2.55,2.67,2.68,2.56,2.58,2.56,2.51,2.47,2.44,2.40,2.41,2.49,2.55,2.59,2.56,2.51,2.57,2.69,2.79,2.89,3.00,3.04,3.06,3.07,3.09,3.14,3.12,3.11,3.12,3.15
-2.18,-2.21,-2.25,-2.30,-1.97,-0.34,1.91,3.14,3.54,3.52,3.53,3.54,3.55,3.53,3.41,3.34,3.25,3.17,3.14,3.16,3.16,3.11,3.01,2.97,2.87,2.83,2.84,2.83,2.89,3.20,3.51,3.52,3.51,3.52,2.57,0.91,1.78,2.59,2.72,2.25,1.66,1.77,1.95,2.04,1.93,1.77,1.71,1.84,2.08,2.19,2.20,2.08,1.97,2.00,2.07,2.09,2.07,2.04,2.11,2.18,2.24,2.30,2.36,2.41,2.45,2.48,2.52,2.53,2.54,2.54,2.53,2.50,2.50,2.45,2.40,2.37,2.34,2.31,2.26,2.19,2.15,2.09,2.06,2.04,2.02,2.04,2.07,2.06,1.99,1.96,1.97,1.96,1.93,1.92,1.92,1.89,1.84,1.80,1.79,1.83,1.89,1.95,1.95,1.93,1.86,1.78,1.81,1.87,1.92,1.94,1.96,2.03,2.11,2.18,2.26,2.38,2.52,2.58,2.58,2.55,2.56,2.56,2.47,2.28,2.26,2.20,2.20,2.23,2.23,2.17,2.15,2.14,2.13,2.13,2.10,2.06,2.05,2.06,2.18,2.24,2.26,2.28,2.31,2.33,2.33,2.31,2.34,2.38,2.31,2.18,2.22,2.46,2.59,2.69,2.83,2.76,2.77,2.75,2.63,2.38,2.35,2.12,1.85,1.85,1.92,2.03,2.11,2.11,2.02,2.00,1.98,1.91,1.75,1.57,1.41,1.38,1.60,2.00,2.01,1.99,2.06,2.05,2.03,2.01,1.98,1.95,1.93,2.12,2.59,3.00,0.72,0.46,1.61,3.12,2.77,2.28,2.02,1.95,1.99,1.92,1.94,2.00,2.04,1.98,1.96,1.96,1.98,2.01,2.03,2.05,2.06,2.09,2.15,2.28,2.39,2.44,2.49,2.58,2.69,2.78,2.76,2.49,2.43,2.40,2.34,2.43,2.58,2.67,2.68,2.62,2.63,2.58,2.50,2.42,2.42,2.33,2.34,2.47,2.57,2.57,2.55,2.54,2.60,2.66,2.82,2.97,3.04,3.09,3.12,3.13,3.15,3.23,3.14,3.09,3.09,3.16
-2.22,-2.27,-2.06,-1.43,-0.28,1.46,2.86,3.41,3.49,3.56,3.55,3.53,3.53,3.53,3.41,3.32,3.20,3.09,3.03,3.03,3.05,3.04,2.99,2.95,2.84,2.76,2.73,2.71,2.69,2.90,3.23,3.51,3.36,2.80,1.68,0.49,1.70,2.35,2.47,2.20,1.80,1.88,2.01,2.10,2.07,1.87,1.74,1.79,1.98,2.15,2.11,2.04,1.99,2.02,2.05,2.08,2.10,2.11,2.17,2.22,2.27,2.32,2.40,2.45,2.50,2.55,2.56,2.55,2.58,2.59,2.58,2.54,2.53,2.48,2.43,2.41,2.41,2.36,2.30,2.24,2.19,2.11,2.06,2.04,2.01,2.02,2.04,2.05,2.03,1.98,1.98,1.97,1.95,1.94,1.91,1.90,1.88,1.83,1.84,1.89,1.94,1.96,1.90,1.84,1.79,1.79,1.87,1.98,2.06,2.09,2.05,2.10,2.14,2.19,2.26,2.39,2.51,2.55,2.54,2.50,2.48,2.45,2.37,2.25,2.24,2.23,2.26,2.31,2.32,2.22,2.16,2.14,2.14,2.15,2.13,2.11,2.09,2.08,2.16,2.22,2.27,2.34,2.39,2.40,2.40,2.39,2.40,2.46,2.41,2.31,2.41,2.53,2.62,2.69,2.79,2.77,2.78,2.72,2.54,2.23,2.19,2.03,1.85,1.90,1.97,2.11,2.18,2.11,1.98,1.91,1.88,1.84,1.76,1.60,1.43,1.39,1.59,2.13,2.06,1.95,2.01,2.02,2.01,1.99,1.96,1.94,1.92,2.37,2.92,3.12,1.73,1.56,2.26,3.16,2.86,2.29,2.00,1.94,1.97,1.95,2.02,2.09,2.11,2.08,2.03,2.01,2.02,2.03,2.02,2.01,2.01,2.03,2.08,2.16,2.21,2.25,2.33,2.41,2.53,2.62,2.60,2.42,2.37,2.35,2.32,2.40,2.49,2.58,2.65,2.67,2.67,2.63,2.54,2.41,2.38,2.32,2.35,2.47,2.58,2.55,2.52,2.52,2.57,2.65,2.85,3.02,3.10,3.16,3.18,3.19,3.21,3.25,3.15,3.09,3.09,3.13
-2.29,-2.29,-1.60,-0.06,1.91,3.16,3.31,3.41,3.52,3.60,3.54,3.48,3.46,3.49,3.38,3.29,3.16,3.02,2.94,2.90,2.92,2.95,2.97,2.93,2.84,2.73,2.65,2.63,2.59,2.61,2.84,3.42,3.08,1.86,0.89,0.85,2.17,2.32,2.34,2.28,1.95,2.02,2.09,2.17,2.20,2.01,1.81,1.75,1.87,2.10,2.00,1.98,2.01,2.03,2.03,2.06,2.13,2.22,2.23,2.25,2.28,2.35,2.44,2.49,2.56,2.62,2.61,2.58,2.62,2.64,2.62,2.58,2.55,2.51,2.47,2.46,2.48,2.42,2.34,2.29,2.22,2.13,2.07,2.05,2.03,2.02,2.01,2.03,2.07,2.00,1.99,1.98,1.96,1.96,1.86,1.88,1.94,1.91,1.95,1.97,1.97,1.92,1.82,1.74,1.75,1.85,1.98,2.13,2.24,2.27,2.17,2.17,2.18,2.20,2.26,2.40,2.48,2.52,2.50,2.45,2.41,2.34,2.28,2.26,2.21,2.25,2.31,2.37,2.43,2.31,2.20,2.14,2.15,2.14,2.16,2.17,2.17,2.16,2.15,2.20,2.30,2.41,2.47,2.48,2.46,2.47,2.48,2.53,2.50,2.45,2.59,2.61,2.65,2.71,2.76,2.84,2.83,2.70,2.47,2.18,2.12,2.02,1.92,1.96,2.03,2.22,2.29,2.11,1.96,1.85,1.78,1.75,1.74,1.62,1.46,1.40,1.59,2.24,2.09,1.90,1.96,1.99,1.98,1.96,1.94,1.93,1.91,2.63,3.29,3.31,3.25,3.21,3.13,2.99,2.71,2.20,1.95,1.91,1.95,2.02,2.15,2.22,2.21,2.24,2.18,2.14,2.13,2.09,2.04,2.02,2.03,2.04,2.07,2.05,2.03,2.04,2.13,2.19,2.31,2.41,2.40,2.32,2.28,2.26,2.27,2.33,2.37,2.47,2.61,2.70,2.71,2.68,2.58,2.42,2.33,2.34,2.40,2.48,2.58,2.51,2.48,2.49,2.52,2.65,2.88,3.07,3.18,3.23,3.24,3.26,3.27,3.25,3.15,3.11,3.10,3.09
-2.28,-1.71,0.37,1.97,2.70,3.17,3.32,3.46,3.54,3.52,3.46,3.39,3.35,3.31,3.26,3.24,3.15,3.02,2.93,2.84,2.81,2.82,2.85,2.86,2.82,2.74,2.64,2.57,2.53,2.54,2.63,2.82,2.48,1.97,1.72,1.90,2.30,2.33,2.32,2.29,2.11,2.13,2.22,2.31,2.31,2.16,2.00,1.93,1.96,2.00,2.03,2.05,2.03,1.97,2.09,2.18,2.23,2.23,2.22,2.23,2.28,2.36,2.46,2.51,2.56,2.61,2.65,2.66,2.68,2.67,2.63,2.60,2.57,2.55,2.53,2.54,2.50,2.45,2.40,2.35,2.28,2.20,2.12,2.07,2.05,2.01,1.98,1.98,2.00,1.99,1.98,1.98,1.97,1.92,1.84,1.85,1.92,1.96,1.99,1.97,1.91,1.84,1.72,1.77,1.87,1.99,2.16,2.35,2.44,2.43,2.38,2.23,2.22,2.24,2.28,2.40,2.46,2.48,2.47,2.44,2.34,2.31,2.30,2.28,2.29,2.30,2.31,2.34,2.49,2.45,2.36,2.29,2.30,2.20,2.18,2.18,2.19,2.20,2.21,2.24,2.27,2.29,2.48,2.55,2.59,2.62,2.65,2.63,2.59,2.56,2.59,2.60,2.65,2.73,2.81,2.85,2.78,2.65,2.48,2.36,2.27,2.12,1.99,2.03,2.15,2.30,2.34,2.19,2.03,1.90,1.79,1.71,1.64,1.58,1.47,1.47,1.71,2.21,2.04,1.85,1.91,1.96,1.95,1.94,1.92,1.90,1.90,2.66,3.32,3.29,3.24,3.17,3.14,3.00,2.42,2.12,1.98,1.93,1.91,2.04,2.24,2.37,2.39,2.48,2.76,2.91,2.82,2.43,2.21,2.13,2.10,2.07,2.11,2.06,2.04,2.07,2.10,2.14,2.16,2.17,2.14,2.19,2.20,2.20,2.22,2.29,2.35,2.45,2.54,2.57,2.62,2.61,2.54,2.41,2.38,2.38,2.43,2.50,2.55,2.46,2.44,2.49,2.56,2.66,2.92,3.16,3.27,3.31,3.31,3.30,3.29,3.26,3.20,3.14,3.10,3.08
-1.27,-0.29,1.79,2.96,3.07,3.18,3.35,3.48,3.52,3.46,3.39,3.32,3.26,3.19,3.15,3.16,3.10,2.99,2.93,2.81,2.74,2.71,2.74,2.76,2.78,2.74,2.65,2.56,2.49,2.48,2.50,2.50,2.27,2.17,2.23,2.42,2.37,2.33,2.32,2.31,2.27,2.24,2.30,2.35,2.33,2.22,2.12,2.05,2.01,2.00,2.05,2.07,2.06,2.02,2.14,2.22,2.26,2.25,2.24,2.24,2.27,2.34,2.42,2.51,2.56,2.60,2.66,2.68,2.70,2.69,2.66,2.63,2.60,2.58,2.57,2.56,2.50,2.48,2.45,2.40,2.33,2.26,2.20,2.14,2.08,2.00,1.97,1.97,1.97,1.97,1.95,1.94,1.93,1.83,1.82,1.86,1.93,1.98,1.99,1.93,1.85,1.80,1.73,1.85,1.97,2.10,2.32,2.53,2.61,2.61,2.59,2.41,2.33,2.31,2.31,2.41,2.44,2.44,2.43,2.42,2.32,2.31,2.32,2.33,2.36,2.36,2.34,2.36,2.51,2.52,2.44,2.39,2.43,2.29,2.22,2.21,2.23,2.22,2.28,2.30,2.28,2.28,2.47,2.59,2.67,2.74,2.79,2.71,2.67,2.68,2.65,2.62,2.65,2.73,2.82,2.79,2.72,2.63,2.53,2.48,2.32,2.17,2.09,2.14,2.27,2.37,2.37,2.24,2.10,1.96,1.83,1.72,1.62,1.55,1.47,1.58,2.09,2.28,1.99,1.79,1.87,1.94,1.93,1.91,1.90,1.89,2.03,2.75,3.31,3.25,3.21,3.15,3.07,2.85,2.22,2.03,1.96,1.94,1.92,2.08,2.29,2.44,2.49,2.62,2.98,3.32,3.43,3.07,2.59,2.40,2.35,2.32,2.22,2.13,2.08,2.10,2.11,2.12,2.10,2.07,2.05,2.12,2.15,2.15,2.16,2.22,2.29,2.37,2.45,2.46,2.51,2.52,2.48,2.39,2.40,2.40,2.45,2.52,2.52,2.41,2.36,2.41,2.55,2.68,2.91,3.09,3.16,3.21,3.30,3.33,3.31,3.27,3.22,3.16,3.10,3.08
0.71,1.96,2.65,2.94,3.02,3.20,3.40,3.48,3.45,3.39,3.32,3.26,3.19,3.12,3.06,3.04,2.99,2.92,2.94,2.83,2.69,2.61,2.63,2.65,2.69,2.71,2.68,2.59,2.46,2.43,2.45,2.45,2.45,2.43,2.43,2.42,2.38,2.35,2.32,2.33,2.41,2.35,2.33,2.31,2.27,2.20,2.16,2.09,2.02,2.09,2.06,2.06,2.10,2.20,2.20,2.20,2.22,2.26,2.29,2.29,2.28,2.28,2.34,2.48,2.55,2.58,2.62,2.65,2.68,2.70,2.70,2.68,2.65,2.61,2.57,2.53,2.46,2.49,2.51,2.45,2.38,2.32,2.28,2.24,2.13,2.00,1.97,1.97,1.96,1.95,1.91,1.87,1.83,1.70,1.80,1.90,1.97,1.97,1.93,1.85,1.80,1.80,1.86,1.98,2.06,2.16,2.47,2.66,2.76,2.81,2.81,2.70,2.52,2.39,2.35,2.41,2.42,2.41,2.40,2.37,2.37,2.33,2.33,2.40,2.42,2.43,2.42,2.41,2.50,2.52,2.45,2.42,2.53,2.40,2.29,2.26,2.31,2.23,2.34,2.37,2.35,2.38,2.45,2.59,2.73,2.85,2.89,2.75,2.74,2.84,2.76,2.68,2.66,2.70,2.79,2.69,2.66,2.65,2.63,2.54,2.28,2.16,2.19,2.27,2.41,2.42,2.37,2.28,2.17,2.02,1.88,1.77,1.65,1.54,1.45,1.76,2.75,2.45,1.95,1.71,1.85,1.92,1.91,1.89,1.89,1.89,2.31,2.90,3.28,3.21,3.19,3.15,2.93,2.54,2.11,1.93,1.90,1.94,1.96,2.15,2.31,2.43,2.51,2.67,2.85,3.37,3.97,4.01,3.18,2.83,2.77,2.78,2.40,2.24,2.17,2.12,2.14,2.14,2.13,2.12,2.11,2.12,2.13,2.13,2.10,2.12,2.17,2.25,2.32,2.35,2.38,2.41,2.41,2.35,2.38,2.40,2.46,2.53,2.49,2.37,2.25,2.25,2.49,2.73,2.83,2.86,2.88,2.91,3.21,3.36,3.34,3.25,3.21,3.15,3.11,3.10
1.91,2.50,2.77,2.91,3.02,3.24,3.38,3.44,3.44,3.36,3.29,3.21,3.14,3.06,2.99,2.95,2.90,2.86,2.87,2.79,2.67,2.57,2.54,2.54,2.58,2.61,2.61,2.61,2.52,2.45,2.41,2.40,2.42,2.44,2.44,2.43,2.40,2.36,2.32,2.30,2.38,2.32,2.30,2.28,2.24,2.17,2.13,2.10,2.08,2.10,2.05,2.09,2.19,2.24,2.26,2.25,2.26,2.31,2.37,2.33,2.29,2.27,2.28,2.35,2.45,2.54,2.60,2.61,2.65,2.68,2.69,2.70,2.67,2.64,2.62,2.57,2.52,2.50,2.51,2.53,2.46,2.41,2.36,2.31,2.21,2.07,2.02,1.99,1.96,1.92,1.90,1.89,1.87,1.81,1.88,1.95,1.97,1.92,1.85,1.83,1.85,1.88,1.96,2.13,2.29,2.44,2.65,2.72,2.80,2.85,2.86,2.75,2.62,2.52,2.45,2.42,2.41,2.41,2.41,2.40,2.39,2.36,2.36,2.43,2.46,2.50,2.51,2.52,2.52,2.53,2.47,2.44,2.51,2.38,2.32,2.33,2.38,2.39,2.46,2.52,2.53,2.51,2.51,2.61,2.72,2.77,2.82,2.81,2.87,2.97,3.05,2.86,2.63,2.54,2.70,2.66,2.66,2.68,2.69,2.57,2.32,2.21,2.24,2.36,2.48,2.47,2.38,2.28,2.18,2.07,1.95,1.82,1.70,1.59,1.48,1.82,2.93,2.12,1.81,1.80,2.02,2.59,2.61,2.62,2.67,2.64,2.81,3.10,3.28,3.22,3.17,3.12,2.82,2.35,2.10,1.96,1.93,1.96,2.04,2.24,2.38,2.47,2.54,2.66,2.84,3.17,3.49,3.46,3.07,3.02,3.11,3.12,2.74,2.58,2.46,2.36,2.30,2.28,2.22,2.16,2.14,2.11,2.11,2.11,2.12,2.14,2.16,2.20,2.26,2.26,2.32,2.37,2.38,2.36,2.36,2.42,2.49,2.53,2.45,2.34,2.28,2.32,2.50,2.75,2.85,2.87,2.86,2.86,2.99,3.07,3.12,3.24,3.17,3.15,3.15,3.15
2.68,2.75,2.80,2.88,3.02,3.25,3.33,3.40,3.42,3.34,3.26,3.18,3.09,3.02,2.94,2.88,2.82,2.79,2.79,2.75,2.67,2.57,2.48,2.45,2.47,2.51,2.54,2.59,2.56,2.48,2.39,2.35,2.35,2.38,2.41,2.42,2.40,2.37,2.33,2.30,2.33,2.28,2.26,2.24,2.19,2.14,2.12,2.11,2.11,2.10,2.06,2.14,2.24,2.26,2.30,2.31,2.32,2.35,2.43,2.37,2.32,2.29,2.25,2.26,2.35,2.47,2.55,2.58,2.62,2.65,2.68,2.71,2.69,2.67,2.65,2.61,2.57,2.52,2.51,2.56,2.51,2.49,2.45,2.38,2.25,2.12,2.05,2.00,1.94,1.90,1.90,1.91,1.91,1.92,1.95,1.96,1.94,1.86,1.80,1.84,1.92,1.98,2.08,2.26,2.47,2.65,2.77,2.77,2.81,2.86,2.87,2.77,2.68,2.60,2.53,2.42,2.40,2.42,2.44,2.41,2.41,2.39,2.40,2.46,2.50,2.55,2.58,2.58,2.53,2.53,2.47,2.44,2.47,2.36,2.36,2.40,2.45,2.54,2.58,2.64,2.69,2.65,2.62,2.67,2.73,2.74,2.79,2.89,2.99,3.11,3.32,3.10,2.70,2.43,2.57,2.62,2.65,2.69,2.73,2.59,2.38,2.28,2.31,2.45,2.55,2.51,2.40,2.27,2.19,2.11,2.00,1.87,1.75,1.64,1.57,1.95,3.01,1.91,1.75,1.87,2.11,3.06,3.13,3.17,3.24,3.23,3.18,3.24,3.29,3.24,3.15,3.04,2.69,2.21,2.09,2.00,1.95,1.98,2.11,2.32,2.44,2.51,2.57,2.67,2.85,2.98,3.02,2.93,2.90,3.05,3.22,3.25,2.96,2.82,2.72,2.62,2.58,2.54,2.47,2.38,2.31,2.21,2.16,2.14,2.16,2.19,2.18,2.19,2.21,2.21,2.30,2.35,2.37,2.37,2.36,2.44,2.51,2.51,2.41,2.33,2.33,2.41,2.55,2.78,2.87,2.88,2.87,2.83,2.81,2.83,2.93,3.16,3.07,3.07,3.10,3.11
2.69,2.72,2.78,2.86,2.98,3.23,3.28,3.34,3.38,3.34,3.25,3.17,3.09,3.01,2.93,2.85,2.78,2.74,2.74,2.73,2.70,2.62,2.47,2.37,2.39,2.43,2.47,2.50,2.53,2.49,2.40,2.32,2.24,2.27,2.34,2.42,2.39,2.37,2.37,2.37,2.32,2.27,2.25,2.21,2.12,2.12,2.13,2.12,2.09,2.11,2.13,2.17,2.22,2.25,2.30,2.36,2.38,2.38,2.45,2.42,2.40,2.36,2.25,2.27,2.29,2.33,2.44,2.55,2.58,2.62,2.66,2.68,2.70,2.69,2.66,2.62,2.59,2.56,2.52,2.48,2.48,2.56,2.56,2.44,2.21,2.09,2.03,1.98,1.91,1.88,1.91,1.93,1.95,1.98,1.96,1.91,1.85,1.78,1.82,1.91,2.01,2.11,2.23,2.35,2.51,2.67,2.75,2.79,2.80,2.80,2.84,2.76,2.66,2.58,2.51,2.40,2.40,2.44,2.47,2.36,2.40,2.42,2.44,2.49,2.54,2.57,2.57,2.55,2.49,2.49,2.46,2.42,2.39,2.37,2.42,2.49,2.55,2.62,2.67,2.72,2.76,2.82,2.79,2.79,2.83,2.89,2.93,2.98,3.11,3.30,3.51,3.50,3.02,2.51,2.39,2.52,2.60,2.68,2.72,2.56,2.42,2.37,2.41,2.53,2.60,2.54,2.41,2.26,2.18,2.10,2.02,1.93,1.80,1.68,1.80,2.25,2.99,2.10,1.89,1.86,1.97,2.98,3.11,3.16,3.23,3.28,3.19,3.25,3.30,3.26,3.13,2.90,2.55,2.18,2.07,2.01,1.96,1.99,2.16,2.35,2.48,2.55,2.60,2.75,2.86,2.86,2.79,2.75,2.74,2.78,2.87,2.96,2.86,2.83,2.83,2.89,3.09,3.07,3.03,2.96,2.80,2.56,2.37,2.26,2.26,2.29,2.27,2.22,2.17,2.24,2.34,2.38,2.38,2.37,2.41,2.48,2.50,2.45,2.36,2.38,2.41,2.49,2.69,2.81,2.85,2.87,2.87,2.77,2.74,2.77,2.84,2.94,2.85,2.82,2.85,2.90
2.70,2.70,2.76,2.82,2.92,3.17,3.21,3.28,3.34,3.34,3.25,3.17,3.09,3.00,2.92,2.83,2.75,2.69,2.72,2.72,2.68,2.59,2.43,2.33,2.33,2.35,2.38,2.43,2.47,2.46,2.42,2.34,2.25,2.23,2.27,2.35,2.37,2.38,2.38,2.36,2.30,2.25,2.19,2.15,2.13,2.14,2.11,2.11,2.14,2.15,2.17,2.20,2.22,2.25,2.30,2.36,2.42,2.45,2.52,2.49,2.46,2.42,2.34,2.29,2.27,2.28,2.32,2.44,2.51,2.57,2.62,2.65,2.68,2.69,2.67,2.66,2.63,2.61,2.56,2.50,2.47,2.52,2.50,2.39,2.19,2.08,2.01,1.94,1.84,1.86,1.92,1.96,1.98,1.99,1.94,1.87,1.80,1.77,1.85,1.93,2.03,2.16,2.30,2.40,2.51,2.63,2.71,2.75,2.76,2.76,2.79,2.72,2.63,2.55,2.47,2.37,2.41,2.45,2.46,2.38,2.41,2.44,2.48,2.52,2.54,2.53,2.52,2.51,2.45,2.46,2.43,2.39,2.37,2.44,2.48,2.52,2.59,2.66,2.72,2.78,2.84,2.94,2.91,2.91,2.94,2.98,3.03,3.07,3.16,3.31,3.50,3.55,3.30,3.00,2.87,2.51,2.53,2.65,2.68,2.53,2.44,2.44,2.51,2.63,2.61,2.50,2.36,2.23,2.14,2.06,2.00,1.94,1.90,1.99,2.26,2.66,3.07,2.61,2.45,2.42,2.50,3.00,3.08,3.13,3.19,3.21,3.13,3.18,3.24,3.22,3.07,2.78,2.44,2.15,2.01,1.99,1.98,2.05,2.26,2.43,2.52,2.58,2.63,2.73,2.77,2.75,2.69,2.68,2.68,2.71,2.77,2.87,2.81,2.80,2.81,2.87,3.06,3.06,3.09,3.13,3.11,2.88,2.79,2.72,2.64,2.67,2.48,2.32,2.27,2.34,2.39,2.39,2.39,2.41,2.46,2.51,2.51,2.46,2.37,2.38,2.42,2.50,2.63,2.80,2.86,2.86,2.82,2.72,2.69,2.72,2.78,2.82,2.78,2.78,2.78,2.80
2.71,2.71,2.74,2.78,2.87,3.10,3.15,3.22,3.29,3.33,3.25,3.17,3.08,3.00,2.91,2.83,2.73,2.65,2.69,2.70,2.64,2.52,2.39,2.32,2.29,2.28,2.30,2.38,2.39,2.42,2.44,2.38,2.30,2.23,2.22,2.28,2.35,2.38,2.36,2.32,2.29,2.22,2.13,2.10,2.17,2.16,2.09,2.10,2.20,2.19,2.20,2.22,2.24,2.25,2.29,2.36,2.44,2.52,2.58,2.57,2.53,2.50,2.47,2.32,2.28,2.27,2.22,2.32,2.41,2.50,2.58,2.62,2.66,2.68,2.69,2.70,2.68,2.65,2.62,2.56,2.48,2.45,2.40,2.32,2.17,2.06,1.99,1.90,1.78,1.85,1.94,1.99,1.99,1.97,1.91,1.82,1.76,1.79,1.88,1.94,2.02,2.17,2.33,2.43,2.51,2.57,2.64,2.68,2.71,2.73,2.75,2.66,2.59,2.50,2.41,2.34,2.42,2.46,2.45,2.43,2.42,2.46,2.52,2.54,2.51,2.47,2.46,2.45,2.41,2.43,2.40,2.37,2.38,2.53,2.53,2.53,2.60,2.68,2.75,2.82,2.91,3.03,3.00,3.02,3.04,3.05,3.09,3.15,3.19,3.26,3.41,3.47,3.53,3.56,3.51,2.61,2.54,2.65,2.64,2.53,2.47,2.50,2.61,2.73,2.59,2.43,2.29,2.19,2.08,2.03,2.01,2.04,2.10,2.41,2.77,3.06,3.16,3.17,3.11,3.11,3.19,3.05,3.06,3.11,3.15,3.12,3.05,3.09,3.15,3.15,2.99,2.66,2.35,2.11,1.96,1.97,2.02,2.14,2.37,2.52,2.57,2.60,2.65,2.66,2.66,2.65,2.66,2.66,2.67,2.71,2.78,2.86,2.78,2.76,2.76,2.76,2.85,2.87,2.96,3.11,3.26,3.10,3.17,3.19,3.04,3.07,2.68,2.44,2.40,2.45,2.44,2.40,2.38,2.44,2.50,2.53,2.52,2.48,2.40,2.38,2.42,2.47,2.51,2.74,2.83,2.82,2.74,2.65,2.64,2.68,2.73,2.76,2.77,2.79,2.79,2.76
2.80,2.78,2.76,2.76,2.83,3.01,3.08,3.15,3.23,3.29,3.24,3.16,3.07,2.99,2.91,2.83,2.73,2.64,2.61,2.66,2.60,2.49,2.40,2.33,2.32,2.32,2.32,2.27,2.33,2.39,2.41,2.39,2.35,2.28,2.23,2.24,2.31,2.33,2.33,2.30,2.24,2.16,2.13,2.14,2.16,2.12,2.16,2.21,2.25,2.26,2.27,2.28,2.29,2.30,2.30,2.36,2.41,2.46,2.60,2.65,2.64,2.61,2.57,2.47,2.36,2.27,2.21,2.24,2.29,2.38,2.50,2.59,2.62,2.66,2.68,2.69,2.70,2.69,2.67,2.62,2.54,2.50,2.45,2.34,2.13,2.03,1.93,1.86,1.88,1.94,1.98,1.99,1.96,1.92,1.87,1.77,1.69,1.75,1.84,1.89,1.96,2.12,2.28,2.43,2.51,2.52,2.51,2.59,2.63,2.66,2.70,2.58,2.50,2.44,2.39,2.36,2.43,2.48,2.51,2.53,2.45,2.49,2.53,2.49,2.42,2.41,2.41,2.40,2.36,2.38,2.37,2.38,2.47,2.53,2.53,2.54,2.60,2.67,2.74,2.82,2.90,3.01,2.98,3.02,3.06,3.07,3.11,3.17,3.23,3.29,3.34,3.45,3.52,3.54,3.54,3.27,3.14,2.97,2.75,2.63,2.59,2.62,2.69,2.81,2.55,2.34,2.19,2.09,2.00,2.08,2.41,2.82,2.86,2.90,2.96,3.02,3.06,3.24,3.28,3.25,3.18,3.04,3.02,3.07,3.14,3.17,3.10,3.09,3.09,3.07,2.88,2.54,2.26,2.10,2.00,1.99,2.05,2.18,2.37,2.54,2.60,2.62,2.64,2.64,2.64,2.64,2.65,2.65,2.66,2.71,2.78,2.81,2.75,2.75,2.76,2.78,2.85,2.86,2.84,2.82,2.81,2.78,2.80,2.83,2.86,2.84,2.60,2.45,2.43,2.44,2.41,2.39,2.37,2.37,2.46,2.50,2.49,2.45,2.41,2.44,2.46,2.47,2.45,2.44,2.50,2.55,2.54,2.56,2.58,2.61,2.67,2.75,2.72,2.72,2.73,2.76
2.89,2.86,2.81,2.78,2.80,2.91,3.00,3.09,3.16,3.24,3.22,3.15,3.07,2.99,2.91,2.83,2.73,2.62,2.54,2.59,2.54,2.45,2.40,2.35,2.36,2.37,2.35,2.26,2.29,2.33,2.38,2.40,2.41,2.33,2.26,2.23,2.27,2.25,2.24,2.24,2.20,2.16,2.15,2.16,2.16,2.15,2.23,2.29,2.31,2.32,2.33,2.34,2.34,2.35,2.34,2.35,2.38,2.42,2.58,2.65,2.66,2.64,2.62,2.55,2.43,2.31,2.23,2.20,2.21,2.28,2.39,2.51,2.58,2.62,2.66,2.68,2.70,2.71,2.69,2.64,2.58,2.52,2.41,2.25,2.06,1.97,1.90,1.88,1.95,2.00,2.00,1.96,1.90,1.85,1.80,1.72,1.67,1.70,1.79,1.83,1.91,2.06,2.24,2.37,2.43,2.43,2.40,2.48,2.55,2.59,2.59,2.48,2.41,2.37,2.36,2.40,2.47,2.51,2.54,2.56,2.48,2.48,2.47,2.41,2.36,2.35,2.36,2.37,2.34,2.34,2.37,2.42,2.49,2.51,2.52,2.54,2.59,2.66,2.73,2.80,2.88,2.99,3.00,3.03,3.05,3.07,3.16,3.26,3.32,3.34,3.32,3.41,3.47,3.50,3.52,3.54,3.38,3.12,2.83,2.68,2.68,2.71,2.70,2.58,2.37,2.20,2.11,2.14,2.29,2.47,2.80,3.17,3.16,3.10,3.04,3.01,3.01,3.17,3.23,3.20,3.11,3.01,2.99,3.03,3.10,3.17,3.13,3.09,3.07,3.05,2.80,2.45,2.21,2.09,2.04,2.01,2.08,2.23,2.38,2.51,2.58,2.62,2.62,2.63,2.63,2.63,2.64,2.65,2.65,2.72,2.77,2.76,2.72,2.73,2.75,2.78,2.84,2.84,2.79,2.70,2.59,2.62,2.62,2.65,2.72,2.66,2.53,2.46,2.44,2.44,2.39,2.35,2.33,2.35,2.44,2.46,2.45,2.44,2.45,2.48,2.49,2.47,2.44,2.34,2.37,2.42,2.43,2.46,2.47,2.52,2.60,2.69,2.68,2.61,2.61,2.76
3.00,2.95,2.89,2.83,2.79,2.81,2.93,3.02,3.10,3.17,3.20,3.15,3.07,2.99,2.91,2.83,2.72,2.60,2.48,2.50,2.47,2.42,2.38,2.39,2.40,2.41,2.40,2.35,2.25,2.25,2.33,2.41,2.46,2.40,2.31,2.25,2.22,2.15,2.12,2.14,2.17,2.20,2.19,2.17,2.18,2.25,2.29,2.33,2.38,2.38,2.38,2.39,2.39,2.40,2.38,2.34,2.33,2.39,2.52,2.58,2.61,2.61,2.62,2.55,2.48,2.40,2.28,2.19,2.17,2.19,2.26,2.41,2.52,2.59,2.62,2.65,2.68,2.71,2.70,2.64,2.60,2.50,2.29,2.05,1.97,1.89,1.91,1.96,2.00,2.03,1.99,1.91,1.81,1.76,1.69,1.68,1.68,1.64,1.74,1.77,1.85,2.01,2.19,2.26,2.29,2.30,2.31,2.34,2.46,2.52,2.42,2.34,2.32,2.31,2.33,2.46,2.54,2.56,2.54,2.52,2.49,2.43,2.37,2.32,2.31,2.31,2.33,2.35,2.35,2.33,2.40,2.48,2.45,2.48,2.49,2.52,2.57,2.65,2.72,2.79,2.87,2.96,3.04,3.04,3.02,3.05,3.24,3.41,3.46,3.41,3.34,3.36,3.39,3.43,3.46,3.46,3.33,3.11,2.87,2.68,2.74,2.79,2.62,2.06,2.06,2.02,2.07,2.32,2.90,3.14,3.20,3.15,3.08,3.04,3.02,3.02,3.02,2.98,2.98,2.99,3.00,2.98,2.97,2.99,3.03,3.13,3.14,3.10,3.08,3.07,2.74,2.39,2.17,2.09,2.08,2.02,2.12,2.28,2.38,2.45,2.54,2.60,2.61,2.62,2.62,2.62,2.63,2.64,2.64,2.72,2.77,2.71,2.69,2.69,2.73,2.78,2.81,2.80,2.79,2.73,2.58,2.60,2.62,2.62,2.60,2.53,2.49,2.45,2.43,2.44,2.36,2.28,2.28,2.40,2.43,2.41,2.42,2.46,2.49,2.51,2.50,2.48,2.47,2.40,2.41,2.42,2.40,2.36,2.33,2.40,2.52,2.57,2.66,2.48,2.42,2.76
3.02,2.98,2.93,2.87,2.83,2.83,2.88,2.95,3.03,3.11,3.17,3.14,3.07,2.99,2.91,2.83,2.72,2.60,2.45,2.48,2.46,2.43,2.42,2.43,2.43,2.43,2.43,2.41,2.33,2.27,2.28,2.37,2.42,2.41,2.38,2.31,2.26,2.21,2.19,2.19,2.21,2.20,2.20,2.20,2.19,2.25,2.29,2.33,2.38,2.42,2.43,2.44,2.44,2.45,2.43,2.37,2.34,2.37,2.44,2.53,2.58,2.58,2.57,2.51,2.48,2.43,2.35,2.26,2.20,2.18,2.20,2.27,2.38,2.49,2.58,2.63,2.67,2.68,2.65,2.58,2.46,2.31,2.14,2.00,1.91,1.92,1.96,2.01,2.01,1.96,1.91,1.90,1.90,1.88,1.78,1.70,1.65,1.62,1.66,1.72,1.83,1.98,2.10,2.13,2.00,1.79,1.63,1.84,2.15,2.36,2.32,2.31,2.29,2.31,2.40,2.53,2.57,2.56,2.53,2.52,2.51,2.46,2.38,2.32,2.32,2.32,2.33,2.36,2.41,2.41,2.41,2.42,2.41,2.41,2.45,2.51,2.57,2.65,2.71,2.78,2.85,2.93,2.96,2.92,2.92,3.02,3.34,3.46,3.49,3.45,3.41,3.40,3.37,3.35,3.33,3.33,3.21,3.08,2.95,2.83,2.86,2.88,2.83,2.65,2.59,2.64,2.72,2.79,3.03,3.12,3.12,3.07,3.03,3.02,3.02,3.03,3.06,3.05,3.00,2.96,2.94,2.95,2.96,2.98,3.02,3.09,3.08,3.07,3.05,2.96,2.61,2.31,2.14,2.09,2.08,2.09,2.20,2.33,2.39,2.48,2.55,2.59,2.60,2.61,2.61,2.62,2.62,2.63,2.64,2.71,2.75,2.70,2.67,2.68,2.72,2.77,2.78,2.77,2.77,2.73,2.66,2.60,2.61,2.61,2.55,2.38,0.86,0.03,0.45,2.33,2.27,2.27,2.33,2.40,2.44,2.40,2.39,2.42,2.48,2.52,2.54,2.54,2.53,2.47,2.54,2.56,2.44,2.38,2.38,2.42,2.47,2.49,2.52,2.45,2.44,2.62
3.03,3.00,2.96,2.90,2.86,2.86,2.88,2.92,2.98,3.06,3.13,3.12,3.07,2.99,2.91,2.83,2.71,2.58,2.46,2.49,2.47,2.45,2.45,2.45,2.45,2.45,2.45,2.45,2.40,2.31,2.27,2.33,2.37,2.41,2.41,2.37,2.34,2.30,2.26,2.24,2.24,2.20,2.21,2.23,2.22,2.25,2.28,2.32,2.36,2.43,2.46,2.48,2.49,2.50,2.47,2.41,2.38,2.39,2.41,2.49,2.56,2.60,2.57,2.50,2.48,2.46,2.40,2.32,2.24,2.19,2.17,2.18,2.26,2.38,2.50,2.58,2.63,2.63,2.57,2.46,2.31,2.12,2.01,1.97,1.90,1.97,2.01,2.03,2.00,1.90,1.86,1.90,1.98,1.99,1.89,1.79,1.69,1.63,1.60,1.67,1.78,1.90,2.00,2.00,1.79,1.45,1.19,1.52,1.93,2.22,2.25,2.26,2.26,2.32,2.46,2.59,2.60,2.58,2.54,2.52,2.52,2.47,2.40,2.33,2.33,2.33,2.35,2.38,2.47,2.48,2.43,2.38,2.37,2.34,2.38,2.46,2.56,2.64,2.70,2.77,2.82,2.83,2.82,2.80,2.85,3.04,3.37,3.46,3.46,3.45,3.46,3.42,3.36,3.28,3.23,3.22,3.14,3.05,3.00,2.96,2.95,2.95,2.98,3.05,2.96,3.05,3.13,3.07,3.08,3.06,3.04,3.01,2.99,3.02,3.03,3.04,3.07,3.09,3.02,2.95,2.92,2.93,2.98,3.02,3.04,3.05,3.05,3.06,3.02,2.86,2.49,2.23,2.11,2.09,2.07,2.14,2.26,2.37,2.41,2.52,2.56,2.57,2.59,2.60,2.60,2.61,2.62,2.62,2.65,2.70,2.72,2.68,2.66,2.67,2.71,2.76,2.75,2.74,2.73,2.72,2.70,2.60,2.60,2.59,2.50,2.14,-0.17,-1.27,-0.46,2.26,2.21,2.26,2.36,2.41,2.44,2.39,2.37,2.40,2.48,2.53,2.57,2.58,2.59,2.59,2.79,2.89,2.75,2.55,2.50,2.48,2.47,2.45,2.43,2.43,2.46,2.50
3.04,3.02,2.98,2.94,2.90,2.91,2.96,2.96,2.96,3.05,3.10,3.11,3.08,3.00,2.91,2.83,2.69,2.54,2.49,2.53,2.50,2.47,2.47,2.47,2.47,2.47,2.47,2.47,2.41,2.38,2.35,2.32,2.35,2.36,2.37,2.41,2.45,2.41,2.34,2.28,2.26,2.18,2.21,2.27,2.28,2.26,2.27,2.28,2.30,2.38,2.44,2.50,2.54,2.55,2.52,2.47,2.44,2.46,2.49,2.47,2.56,2.69,2.64,2.57,2.52,2.48,2.43,2.36,2.32,2.25,2.18,2.17,2.19,2.24,2.33,2.50,2.56,2.54,2.44,2.28,2.13,1.99,1.92,1.94,1.98,2.05,2.05,2.00,1.92,1.87,1.88,1.94,2.02,2.07,2.04,1.98,1.87,1.69,1.61,1.61,1.66,1.73,1.87,1.90,1.74,1.48,1.25,1.59,1.92,2.15,2.22,2.21,2.24,2.34,2.50,2.63,2.64,2.62,2.58,2.54,2.50,2.45,2.40,2.35,2.35,2.35,2.37,2.42,2.54,2.51,2.45,2.38,2.31,2.30,2.27,2.36,2.55,2.62,2.69,2.75,2.76,2.60,2.58,2.67,2.86,3.13,3.29,3.35,3.37,3.38,3.45,3.42,3.35,3.26,3.19,3.19,3.14,3.07,3.02,3.05,2.98,2.97,3.00,2.99,2.94,2.96,2.97,2.95,3.01,3.00,2.99,2.99,2.99,3.04,3.05,3.04,3.05,3.03,3.01,2.98,2.95,2.95,3.09,3.13,3.09,3.03,3.07,3.07,3.00,2.81,2.38,2.17,2.10,2.10,2.05,2.13,2.26,2.39,2.45,2.55,2.54,2.54,2.58,2.59,2.60,2.60,2.60,2.61,2.65,2.68,2.68,2.67,2.67,2.68,2.70,2.73,2.73,2.71,2.70,2.69,2.68,2.59,2.59,2.58,2.44,1.77,0.07,-0.20,0.87,2.25,2.24,2.27,2.35,2.42,2.41,2.37,2.37,2.43,2.50,2.55,2.59,2.62,2.64,2.82,3.26,3.58,3.54,2.99,2.71,2.57,2.52,2.50,2.44,2.43,2.44,2.45
3.06,3.03,3.00,2.97,2.93,2.96,3.04,3.06,3.04,3.04,3.08,3.09,3.05,2.94,2.80,2.72,2.62,2.54,2.53,2.56,2.52,2.48,2.48,2.48,2.48,2.48,2.48,2.48,2.43,2.40,2.38,2.34,2.34,2.34,2.36,2.39,2.46,2.45,2.40,2.32,2.29,2.21,2.21,2.27,2.32,2.33,2.32,2.28,2.24,2.34,2.41,2.48,2.53,2.56,2.53,2.53,2.53,2.52,2.52,2.46,2.50,2.58,2.61,2.54,2.52,2.51,2.46,2.42,2.40,2.33,2.23,2.18,2.17,2.19,2.24,2.34,2.52,2.47,2.31,2.16,2.01,1.96,1.95,1.97,2.05,2.05,2.00,1.95,1.90,1.91,1.75,1.75,1.97,2.23,2.39,2.46,2.38,2.08,1.71,1.60,1.61,1.66,1.76,1.82,1.76,1.61,1.44,1.74,1.98,2.12,2.15,2.19,2.24,2.32,2.43,2.57,2.62,2.63,2.60,2.57,2.48,2.41,2.37,2.37,2.33,2.32,2.31,2.33,2.47,2.49,2.46,2.39,2.32,2.27,2.23,2.25,2.36,2.50,2.56,2.57,2.52,2.41,2.52,2.70,2.94,3.18,3.23,3.27,3.31,3.34,3.40,3.39,3.35,3.31,3.24,3.15,3.11,3.06,3.00,2.99,2.92,2.90,2.92,2.90,2.89,2.87,2.85,2.84,2.93,2.95,2.97,2.99,2.97,3.02,3.04,3.04,3.03,3.01,2.99,2.97,2.96,2.96,3.08,3.14,3.12,3.06,3.10,3.12,3.03,2.77,2.32,2.14,2.10,2.10,2.06,2.18,2.30,2.41,2.49,2.60,2.56,2.53,2.55,2.58,2.59,2.59,2.60,2.60,2.66,2.67,2.66,2.66,2.66,2.67,2.69,2.70,2.70,2.69,2.68,2.67,2.65,2.61,2.57,2.54,2.37,1.40,0.33,0.61,1.71,2.18,2.22,2.28,2.35,2.42,2.38,2.37,2.38,2.44,2.55,2.13,2.69,3.66,4.10,4.31,4.77,5.23,5.37,4.46,3.70,3.30,3.14,2.93,2.62,2.52,2.51,2.48
3.08,3.05,3.03,2.99,2.96,3.00,3.09,3.14,3.13,3.04,3.06,3.06,2.99,2.86,2.68,2.60,2.56,2.55,2.58,2.58,2.53,2.49,2.49,2.49,2.49,2.49,2.49,2.49,2.44,2.41,2.39,2.38,2.34,2.34,2.35,2.36,2.43,2.47,2.44,2.37,2.33,2.25,2.23,2.26,2.34,2.40,2.37,2.29,2.20,2.31,2.39,2.45,2.51,2.57,2.54,2.58,2.60,2.56,2.51,2.45,2.42,2.44,2.53,2.48,2.51,2.54,2.49,2.48,2.46,2.40,2.29,2.19,2.18,2.18,2.18,2.18,2.46,2.38,2.19,2.07,1.93,1.97,2.00,2.02,2.10,2.01,1.94,1.91,1.92,2.10,1.70,1.61,2.03,2.47,2.80,2.98,2.93,2.55,1.93,1.66,1.59,1.62,1.66,1.73,1.77,1.75,1.65,1.88,2.03,2.09,2.09,2.20,2.25,2.29,2.34,2.49,2.58,2.61,2.60,2.58,2.44,2.36,2.35,2.38,2.32,2.29,2.25,2.23,2.36,2.43,2.44,2.39,2.33,2.24,2.20,2.16,2.14,2.32,2.37,2.33,2.26,2.28,2.55,2.82,3.06,3.23,3.20,3.21,3.26,3.32,3.35,3.34,3.36,3.36,3.28,3.10,3.06,3.03,2.96,2.88,2.81,2.79,2.80,2.79,2.81,2.77,2.72,2.71,2.83,2.88,2.92,2.95,2.92,2.97,3.01,3.02,3.00,2.99,2.96,2.95,2.96,2.97,3.03,3.09,3.12,3.09,3.11,3.15,3.04,2.71,2.28,2.13,2.09,2.11,2.08,2.25,2.35,2.43,2.54,2.63,2.59,2.53,2.53,2.57,2.58,2.58,2.59,2.59,2.66,2.66,2.64,2.64,2.65,2.66,2.67,2.67,2.67,2.66,2.65,2.64,2.63,2.62,2.56,2.50,2.32,1.16,0.67,1.28,2.27,2.12,2.20,2.29,2.37,2.42,2.36,2.36,2.40,2.45,2.56,1.53,2.88,5.14,6.02,6.18,6.56,7.05,7.37,6.25,5.14,4.51,4.21,3.73,2.98,2.66,2.59,2.54
3.13,3.08,3.05,3.01,2.97,2.95,3.06,3.11,3.10,3.06,3.05,2.98,2.87,2.73,2.67,2.61,2.58,2.58,2.64,2.61,2.55,2.50,2.50,2.50,2.50,2.50,2.50,2.50,2.46,2.43,2.40,2.36,2.39,2.35,2.32,2.35,2.39,2.44,2.45,2.42,2.37,2.34,2.31,2.29,2.30,2.43,2.44,2.36,2.27,2.34,2.41,2.48,2.54,2.54,2.57,2.56,2.56,2.56,2.46,2.39,2.36,2.37,2.39,2.42,2.47,2.51,2.51,2.48,2.45,2.37,2.28,2.26,2.23,2.16,2.12,2.19,2.21,2.16,2.07,1.99,1.99,2.02,2.05,2.05,2.03,1.96,1.92,1.93,2.07,2.92,2.35,2.16,2.71,2.97,3.13,3.21,3.15,2.88,2.55,2.02,1.63,1.58,1.61,1.61,1.65,1.71,1.75,1.86,1.97,2.06,2.12,2.21,2.28,2.30,2.28,2.39,2.52,2.57,2.54,2.43,2.34,2.35,2.36,2.32,2.33,2.33,2.32,2.29,2.23,2.24,2.30,2.33,2.27,2.19,2.16,2.15,2.13,2.11,2.10,2.10,2.15,2.31,2.81,3.13,3.30,3.35,3.30,3.23,3.22,3.26,3.26,3.28,3.34,3.32,3.16,3.02,2.97,2.93,2.86,2.81,2.69,2.63,2.62,2.58,2.63,2.59,2.53,2.53,2.66,2.69,2.73,2.78,2.77,2.84,2.89,2.91,2.92,2.93,2.95,2.95,2.93,2.91,2.95,2.97,2.97,2.96,2.99,3.03,2.90,2.50,2.21,2.13,2.11,2.12,2.15,2.27,2.38,2.47,2.56,2.58,2.60,2.58,2.53,2.55,2.57,2.57,2.58,2.58,2.64,2.64,2.63,2.63,2.63,2.65,2.65,2.65,2.63,2.63,2.62,2.61,2.60,2.59,2.55,2.51,2.37,1.56,1.34,1.72,2.27,2.21,2.22,2.30,2.37,2.39,2.32,2.34,2.40,2.44,2.30,0.67,3.32,7.25,8.01,7.97,8.03,8.24,8.46,7.89,7.51,7.19,6.72,5.76,3.96,2.99,2.64,2.62
3.24,3.13,3.08,3.02,2.96,2.92,2.98,3.02,3.04,3.03,3.00,2.89,2.77,2.70,2.69,2.64,2.61,2.63,2.70,2.64,2.57,2.52,2.52,2.52,2.52,2.52,2.52,2.52,2.48,2.44,2.40,2.34,2.37,2.32,2.29,2.33,2.35,2.40,2.42,2.42,2.41,2.41,2.37,2.32,2.30,2.39,2.43,2.41,2.36,2.38,2.45,2.50,2.54,2.57,2.59,2.55,2.53,2.53,2.42,2.38,2.36,2.36,2.35,2.39,2.42,2.45,2.49,2.45,2.42,2.36,2.29,2.29,2.23,2.17,2.13,2.13,2.11,2.08,2.05,2.00,2.04,2.06,2.06,2.03,1.97,1.95,2.01,2.16,2.44,3.13,2.81,2.69,3.03,3.12,3.25,3.31,3.25,3.04,2.90,2.37,1.86,1.61,1.60,1.58,1.61,1.69,1.75,1.79,1.91,2.06,2.18,2.21,2.28,2.30,2.28,2.34,2.46,2.51,2.47,2.32,2.31,2.35,2.36,2.31,2.35,2.33,2.32,2.31,2.18,2.13,2.17,2.20,2.17,2.12,2.13,2.11,2.05,1.95,1.96,2.04,2.22,2.54,3.11,3.38,3.50,3.53,3.42,3.30,3.23,3.22,3.20,3.25,3.31,3.29,3.13,3.03,2.96,2.90,2.83,2.75,2.63,2.55,2.49,2.41,2.41,2.36,2.30,2.28,2.42,2.47,2.51,2.56,2.61,2.71,2.77,2.80,2.81,2.85,2.89,2.89,2.86,2.84,2.87,2.88,2.88,2.90,2.93,2.95,2.79,2.35,2.17,2.14,2.12,2.12,2.20,2.32,2.45,2.55,2.60,2.57,2.60,2.59,2.55,2.53,2.55,2.56,2.57,2.58,2.61,2.62,2.61,2.61,2.61,2.62,2.63,2.62,2.61,2.60,2.59,2.58,2.58,2.58,2.56,2.52,2.42,1.98,1.88,2.04,2.25,2.21,2.24,2.31,2.36,2.36,2.30,2.33,2.41,2.38,1.87,0.37,3.80,8.40,8.82,8.78,8.65,8.63,8.74,8.57,8.55,8.37,7.95,7.31,5.48,4.25,3.68,3.68
3.40,3.20,3.10,3.02,2.93,2.90,2.85,2.89,2.95,2.96,2.92,2.78,2.70,2.73,2.75,2.68,2.66,2.69,2.77,2.67,2.58,2.53,2.53,2.53,2.53,2.53,2.53,2.53,2.49,2.46,2.41,2.32,2.30,2.27,2.26,2.30,2.33,2.35,2.37,2.39,2.44,2.45,2.41,2.37,2.34,2.30,2.38,2.45,2.47,2.41,2.51,2.52,2.53,2.64,2.60,2.55,2.52,2.50,2.40,2.40,2.41,2.40,2.39,2.37,2.35,2.36,2.43,2.41,2.38,2.35,2.32,2.30,2.21,2.21,2.19,2.02,2.11,2.11,2.09,2.09,2.09,2.09,2.05,1.98,1.91,1.97,2.19,2.55,2.98,2.87,3.12,3.21,3.06,3.01,3.22,3.31,3.25,3.08,3.05,2.72,2.23,1.70,1.60,1.61,1.63,1.66,1.70,1.67,1.84,2.08,2.25,2.21,2.25,2.30,2.33,2.32,2.38,2.43,2.41,2.24,2.33,2.34,2.33,2.33,2.37,2.29,2.27,2.29,2.19,2.09,2.04,2.03,2.03,2.04,2.10,2.07,1.93,1.82,1.93,2.11,2.43,2.93,3.43,3.59,3.65,3.75,3.57,3.40,3.28,3.21,3.15,3.22,3.28,3.27,3.18,3.12,3.02,2.94,2.87,2.72,2.61,2.51,2.41,2.26,2.15,2.10,2.05,2.00,2.13,2.22,2.27,2.31,2.43,2.58,2.66,2.68,2.70,2.75,2.79,2.78,2.74,2.77,2.81,2.81,2.82,2.89,2.91,2.90,2.69,2.23,2.16,2.15,2.13,2.11,2.23,2.37,2.54,2.67,2.65,2.59,2.58,2.58,2.57,2.53,2.54,2.55,2.56,2.58,2.60,2.60,2.60,2.60,2.59,2.60,2.60,2.59,2.58,2.57,2.56,2.56,2.56,2.57,2.58,2.54,2.47,2.43,2.32,2.26,2.24,2.14,2.27,2.33,2.34,2.33,2.30,2.34,2.43,2.30,1.31,0.50,4.30,8.80,8.75,8.86,8.64,8.42,8.40,8.51,8.58,8.41,8.22,8.51,7.41,6.20,5.47,5.50
3.37,3.12,3.06,2.99,2.89,2.88,2.86,2.87,2.88,2.86,2.82,2.75,2.70,2.70,2.72,2.70,2.69,2.72,2.83,2.70,2.60,2.54,2.54,2.54,2.54,2.54,2.54,2.54,2.52,2.47,2.40,2.34,2.28,2.27,2.29,2.34,2.33,2.30,2.30,2.32,2.36,2.39,2.43,2.43,2.40,2.36,2.34,2.37,2.44,2.44,2.51,2.54,2.55,2.61,2.58,2.54,2.50,2.46,2.41,2.42,2.41,2.41,2.43,2.38,2.37,2.35,2.30,2.33,2.32,2.30,2.28,2.25,2.24,2.19,2.11,2.00,2.08,2.10,2.11,2.13,2.08,2.05,1.98,1.92,1.97,2.53,2.75,2.79,2.84,2.71,2.81,2.92,2.98,3.11,3.13,3.21,3.28,3.23,3.19,3.07,2.80,2.36,1.75,1.64,1.64,1.65,1.66,1.69,1.85,2.06,2.21,2.15,2.20,2.24,2.23,2.21,2.27,2.30,2.29,2.27,2.30,2.32,2.32,2.32,2.42,2.38,2.34,2.31,2.20,2.13,2.04,1.96,1.93,1.95,1.96,1.90,1.83,1.99,2.25,2.52,2.83,3.22,3.51,3.67,3.77,3.84,3.72,3.30,2.94,2.82,3.11,3.24,3.28,3.23,3.14,3.09,3.03,2.97,2.92,2.81,2.67,2.53,2.40,2.24,2.15,2.08,2.02,1.95,1.96,1.95,1.97,2.03,2.12,2.25,2.38,2.48,2.54,2.63,2.67,2.66,2.63,2.69,2.73,2.73,2.72,2.82,2.89,2.81,2.56,2.19,2.19,2.18,2.17,2.18,2.29,2.40,2.50,2.58,2.62,2.57,2.56,2.56,2.56,2.53,2.53,2.54,2.56,2.59,2.59,2.59,2.59,2.58,2.58,2.58,2.57,2.56,2.55,2.55,2.55,2.55,2.55,2.56,2.58,2.54,2.46,2.42,2.29,2.23,2.24,2.26,2.31,2.35,2.34,2.29,2.29,2.34,2.43,2.33,1.39,3.95,6.72,8.54,8.53,8.51,8.38,8.29,8.33,8.43,8.51,8.49,8.42,8.47,8.21,7.59,7.11,7.06
3.30,3.04,2.98,2.92,2.85,2.86,2.86,2.85,2.82,2.79,2.75,2.73,2.70,2.67,2.69,2.69,2.69,2.73,2.87,2.76,2.63,2.55,2.55,2.55,2.55,2.55,2.55,2.55,2.54,2.47,2.39,2.35,2.29,2.30,2.34,2.39,2.36,2.29,2.26,2.26,2.29,2.33,2.40,2.45,2.43,2.41,2.33,2.32,2.40,2.44,2.50,2.54,2.58,2.59,2.55,2.52,2.48,2.45,2.43,2.43,2.43,2.42,2.44,2.38,2.36,2.33,2.24,2.27,2.27,2.26,2.23,2.20,2.22,2.15,2.04,2.00,2.07,2.10,2.12,2.12,2.05,1.99,1.93,1.96,2.25,2.89,3.10,3.00,2.80,2.71,2.72,2.84,3.03,3.22,3.11,3.14,3.24,3.27,3.27,3.29,3.19,2.88,2.10,1.81,1.68,1.62,1.63,1.69,1.82,1.99,2.13,2.08,2.13,2.16,2.14,2.12,2.18,2.20,2.20,2.25,2.27,2.33,2.35,2.32,2.44,2.43,2.38,2.32,2.22,2.16,2.07,1.96,1.87,1.88,1.85,1.79,1.78,2.15,2.55,2.88,3.14,3.39,3.54,3.71,3.83,3.84,3.56,3.12,2.81,2.77,3.16,3.26,3.25,3.19,3.12,3.07,3.03,2.99,2.96,2.89,2.73,2.60,2.47,2.31,2.18,2.08,1.99,1.91,1.84,1.78,1.78,1.84,1.90,1.98,2.12,2.25,2.34,2.46,2.51,2.53,2.53,2.60,2.65,2.64,2.63,2.70,2.80,2.69,2.45,2.17,2.22,2.21,2.21,2.26,2.33,2.41,2.45,2.50,2.58,2.55,2.54,2.54,2.55,2.53,2.52,2.52,2.54,2.58,2.58,2.57,2.57,2.56,2.56,2.55,2.54,2.53,2.53,2.53,2.54,2.54,2.55,2.56,2.58,2.55,2.46,2.40,2.27,2.19,2.21,2.31,2.33,2.34,2.32,2.25,2.29,2.35,2.44,2.61,2.97,6.62,8.23,8.33,8.38,8.27,8.21,8.21,8.27,8.36,8.45,8.53,8.54,8.43,8.66,8.46,8.16,8.06
3.18,2.97,2.85,2.80,2.80,2.82,2.82,2.81,2.79,2.76,2.72,2.69,2.67,2.65,2.66,2.64,2.65,2.71,2.89,2.85,2.69,2.57,2.57,2.57,2.57,2.57,2.57,2.57,2.55,2.46,2.37,2.37,2.33,2.40,2.45,2.44,2.42,2.35,2.27,2.23,2.26,2.27,2.33,2.39,2.41,2.44,2.38,2.33,2.32,2.41,2.44,2.52,2.59,2.56,2.52,2.48,2.47,2.46,2.46,2.44,2.45,2.45,2.41,2.35,2.32,2.31,2.29,2.24,2.25,2.25,2.21,2.15,2.14,2.05,1.98,2.03,2.10,2.12,2.09,2.04,1.98,1.91,1.93,2.18,2.88,2.90,3.09,3.18,2.96,2.97,3.03,3.15,3.30,3.32,3.20,3.12,3.11,3.15,3.26,3.30,3.28,3.16,2.78,2.20,1.76,1.57,1.60,1.66,1.72,1.82,1.96,2.00,2.02,2.05,2.07,2.05,2.11,2.15,2.17,2.15,2.27,2.41,2.45,2.36,2.42,2.41,2.37,2.31,2.24,2.17,2.16,2.08,1.85,1.85,1.82,1.77,1.81,2.30,2.80,3.12,3.28,3.40,3.52,3.68,3.79,3.70,2.90,2.80,3.01,3.30,3.33,3.25,3.19,3.15,3.13,3.07,3.03,2.99,2.96,2.93,2.80,2.72,2.66,2.54,2.26,2.10,1.98,1.86,1.81,1.79,1.79,1.79,1.82,1.84,1.90,1.99,2.08,2.20,2.28,2.37,2.46,2.48,2.54,2.56,2.56,2.54,2.63,2.55,2.38,2.20,2.24,2.22,2.25,2.32,2.34,2.38,2.41,2.46,2.53,2.51,2.51,2.52,2.52,2.51,2.51,2.51,2.52,2.56,2.56,2.56,2.55,2.55,2.53,2.52,2.52,2.52,2.52,2.53,2.53,2.53,2.54,2.56,2.58,2.55,2.47,2.42,2.25,2.13,2.10,2.22,2.29,2.31,2.27,2.21,2.30,2.39,2.48,3.31,6.99,7.91,8.19,8.25,8.34,8.23,8.19,8.19,8.23,8.32,8.41,8.50,8.53,8.43,8.61,8.49,8.27,8.17
3.06,2.90,2.82,2.79,2.79,2.79,2.82,2.82,2.79,2.75,2.71,2.70,2.70,2.69,2.68,2.62,2.62,2.72,2.88,2.85,2.69,2.56,2.56,2.55,2.54,2.54,2.53,2.52,2.46,2.40,2.36,2.35,2.39,2.42,2.45,2.44,2.44,2.41,2.36,2.31,2.28,2.24,2.26,2.31,2.37,2.40,2.41,2.38,2.32,2.33,2.38,2.46,2.51,2.47,2.47,2.46,2.45,2.45,2.46,2.45,2.45,2.43,2.36,2.33,2.31,2.30,2.29,2.26,2.24,2.21,2.15,2.12,2.08,2.04,2.04,2.11,2.12,2.10,2.05,1.99,1.95,1.95,2.07,2.37,2.89,2.91,3.14,3.30,3.17,3.20,3.25,3.35,3.43,3.30,3.22,3.16,3.13,3.13,3.19,3.26,3.28,3.24,3.10,2.68,2.20,1.78,1.61,1.64,1.69,1.75,1.86,1.91,1.94,1.97,2.01,2.04,2.07,2.11,2.15,2.18,2.24,2.38,2.44,2.37,2.38,2.38,2.35,2.29,2.24,2.20,2.16,2.05,1.83,1.84,1.84,1.86,1.73,0.82,2.38,3.21,3.30,3.34,3.41,3.53,3.62,3.59,3.13,3.08,3.21,3.38,3.34,3.24,3.20,3.17,3.11,3.06,3.02,2.98,2.95,2.88,2.81,2.76,2.72,2.64,2.47,2.27,2.10,2.02,1.91,1.87,1.83,1.80,1.81,1.80,1.85,1.95,2.03,2.13,2.20,2.25,2.30,2.39,2.44,2.49,2.50,2.43,2.50,2.43,2.31,2.23,2.28,2.26,2.28,2.33,2.34,2.39,2.41,2.43,2.45,2.45,2.48,2.50,2.50,2.50,2.50,2.50,2.51,2.53,2.54,2.53,2.52,2.52,2.51,2.51,2.51,2.51,2.51,2.52,2.52,2.53,2.54,2.55,2.55,2.51,2.43,2.32,2.20,2.13,2.14,2.23,2.30,2.29,2.27,2.30,2.33,2.43,2.54,3.50,7.82,8.22,8.23,8.24,8.26,8.21,8.19,8.19,8.21,8.28,8.37,8.46,8.52,8.52,8.56,8.44,8.27,8.20
2.98,2.85,2.83,2.82,2.80,2.78,2.82,2.83,2.80,2.77,2.72,2.72,2.73,2.73,2.72,2.61,2.61,2.71,2.85,2.82,2.68,2.57,2.56,2.52,2.50,2.49,2.47,2.44,2.36,2.35,2.36,2.34,2.43,2.43,2.41,2.43,2.44,2.45,2.44,2.40,2.31,2.22,2.19,2.23,2.32,2.35,2.42,2.42,2.34,2.27,2.32,2.38,2.41,2.38,2.44,2.44,2.43,2.43,2.45,2.45,2.44,2.40,2.31,2.30,2.29,2.28,2.28,2.28,2.23,2.15,2.08,2.09,2.03,2.05,2.13,2.17,2.12,2.07,2.01,1.95,1.96,2.05,2.26,2.54,2.78,2.92,3.16,3.34,3.31,3.36,3.44,3.51,3.51,3.30,3.23,3.19,3.16,3.10,3.11,3.19,3.25,3.24,3.25,3.09,2.62,2.01,1.69,1.66,1.68,1.72,1.79,1.83,1.86,1.90,1.96,2.03,2.04,2.07,2.13,2.24,2.23,2.33,2.40,2.37,2.34,2.35,2.33,2.27,2.23,2.20,2.13,1.99,1.82,1.85,1.79,1.68,1.20,-0.92,1.84,3.25,3.28,3.27,3.28,3.35,3.42,3.47,3.46,3.37,3.34,3.34,3.30,3.24,3.22,3.19,3.09,3.04,3.00,2.97,2.93,2.81,2.80,2.78,2.74,2.68,2.68,2.48,2.30,2.24,2.02,1.99,1.95,1.89,1.87,1.82,1.88,1.97,2.05,2.13,2.17,2.18,2.17,2.32,2.37,2.42,2.45,2.35,2.40,2.35,2.27,2.26,2.31,2.30,2.31,2.34,2.35,2.40,2.42,2.41,2.38,2.40,2.44,2.48,2.49,2.50,2.50,2.50,2.50,2.52,2.54,2.52,2.50,2.49,2.49,2.49,2.50,2.50,2.51,2.51,2.51,2.52,2.53,2.54,2.50,2.45,2.38,2.22,2.15,2.16,2.20,2.25,2.31,2.28,2.29,2.40,2.37,2.47,2.58,3.53,7.81,8.25,8.26,8.24,8.19,8.19,8.19,8.19,8.19,8.25,8.33,8.42,8.51,8.60,8.53,8.39,8.26,8.22
3.02,2.87,2.84,2.84,2.84,2.83,2.83,2.81,2.81,2.87,2.78,2.73,2.74,2.77,2.74,2.65,2.59,2.61,2.73,2.77,2.71,2.65,2.61,2.47,2.42,2.40,2.37,2.35,2.37,2.35,2.33,2.36,2.43,2.42,2.40,2.41,2.43,2.45,2.42,2.37,2.34,2.23,2.17,2.18,2.26,2.30,2.35,2.39,2.39,2.34,2.27,2.31,2.38,2.37,2.44,2.43,2.40,2.40,2.41,2.42,2.41,2.39,2.30,2.26,2.26,2.26,2.26,2.27,2.20,2.11,2.04,2.05,2.07,2.12,2.16,2.13,2.07,2.02,1.98,1.98,2.06,2.29,2.53,2.72,2.85,2.94,3.03,3.11,3.17,3.30,3.51,3.58,3.49,3.45,3.28,3.17,3.07,2.92,3.00,3.08,3.14,3.15,3.14,3.05,2.63,2.09,2.00,1.80,1.71,1.71,1.75,1.75,1.75,1.82,1.93,1.91,1.98,2.03,2.11,2.30,2.33,2.32,2.31,2.31,2.35,2.36,2.33,2.25,2.17,2.08,2.00,1.92,1.85,1.95,1.33,0.22,-1.06,-1.89,1.58,3.23,3.23,3.22,3.15,3.18,3.23,3.25,3.22,3.09,3.15,3.32,3.26,3.25,3.22,3.16,3.05,3.01,2.97,2.94,2.91,2.82,2.82,2.79,2.74,2.68,2.70,2.70,2.66,2.55,2.09,2.23,2.32,2.23,2.11,2.03,2.01,2.05,2.10,2.20,2.22,2.23,2.26,2.34,2.36,2.37,2.37,2.29,2.37,2.38,2.35,2.30,2.30,2.33,2.37,2.39,2.37,2.41,2.42,2.42,2.41,2.39,2.41,2.47,2.54,2.54,2.52,2.49,2.49,2.55,2.61,2.56,2.50,2.49,2.48,2.48,2.49,2.49,2.50,2.50,2.51,2.52,2.52,2.50,2.45,2.38,2.30,2.22,2.16,2.16,2.21,2.26,2.28,2.26,2.28,2.40,2.45,2.52,2.58,3.49,7.82,8.21,8.23,8.24,8.19,8.19,8.19,8.19,8.19,8.22,8.30,8.38,8.47,8.55,8.62,8.41,8.24,8.32
3.11,2.95,2.88,2.86,2.85,2.83,2.83,2.82,2.83,2.90,2.82,2.79,2.79,2.81,2.77,2.68,2.60,2.56,2.61,2.66,2.67,2.65,2.60,2.49,2.45,2.40,2.35,2.33,2.36,2.36,2.36,2.37,2.44,2.42,2.39,2.39,2.43,2.46,2.42,2.36,2.37,2.30,2.23,2.18,2.20,2.24,2.29,2.34,2.39,2.37,2.28,2.28,2.32,2.31,2.39,2.42,2.42,2.42,2.42,2.39,2.37,2.36,2.30,2.23,2.22,2.23,2.23,2.21,2.13,2.06,2.05,2.08,2.11,2.14,2.14,2.07,2.01,2.01,2.12,2.35,2.57,2.63,2.72,2.84,2.93,2.99,3.00,3.00,3.07,3.24,3.46,3.53,3.47,3.47,3.32,3.19,3.06,2.88,2.93,2.99,3.04,3.07,3.10,3.02,2.70,2.38,2.55,2.18,1.88,1.72,1.72,1.74,1.74,1.78,1.86,1.89,1.95,2.03,2.13,2.30,2.38,2.34,2.28,2.27,2.35,2.35,2.31,2.22,2.11,2.01,1.95,1.93,1.92,1.77,0.62,-0.49,-0.99,-0.46,2.08,3.21,3.18,3.12,3.12,3.15,3.15,3.08,3.03,3.03,3.14,3.29,3.27,3.25,3.21,3.14,3.04,3.01,2.98,2.95,2.91,2.85,2.86,2.83,2.76,2.69,2.72,2.79,2.82,2.73,2.37,2.49,2.56,2.48,2.38,2.26,2.22,2.23,2.29,2.39,2.36,2.31,2.32,2.34,2.35,2.35,2.33,2.30,2.37,2.40,2.39,2.36,2.31,2.33,2.35,2.37,2.37,2.38,2.40,2.40,2.40,2.38,2.39,2.44,2.51,2.52,2.49,2.46,2.46,2.52,2.57,2.54,2.49,2.50,2.48,2.48,2.48,2.49,2.50,2.49,2.49,2.49,2.50,2.47,2.41,2.33,2.25,2.20,2.16,2.16,2.21,2.27,2.25,2.23,2.25,2.35,2.49,2.56,2.62,3.57,7.90,8.22,8.21,8.22,8.19,8.19,8.19,8.19,8.19,8.20,8.26,8.35,8.43,8.51,8.54,8.36,8.21,8.29
3.23,3.05,2.93,2.86,2.84,2.78,2.83,2.86,2.87,2.89,2.85,2.87,2.88,2.86,2.79,2.72,2.64,2.55,2.47,2.52,2.58,2.59,2.55,2.56,2.53,2.46,2.36,2.37,2.34,2.37,2.40,2.36,2.46,2.42,2.37,2.37,2.45,2.47,2.43,2.37,2.40,2.42,2.35,2.24,2.13,2.18,2.23,2.29,2.35,2.39,2.31,2.27,2.25,2.23,2.32,2.42,2.48,2.47,2.47,2.37,2.32,2.32,2.30,2.20,2.18,2.20,2.20,2.13,2.04,2.02,2.09,2.14,2.16,2.14,2.08,2.02,1.95,2.03,2.37,2.96,3.37,3.02,2.85,2.93,3.00,3.05,3.03,2.99,2.99,3.18,3.32,3.41,3.46,3.40,3.34,3.24,3.10,2.94,2.90,2.92,2.95,3.00,3.11,2.99,2.83,2.82,3.27,2.74,2.15,1.74,1.70,1.77,1.78,1.76,1.77,1.93,1.96,2.05,2.18,2.26,2.40,2.37,2.30,2.25,2.33,2.32,2.27,2.18,2.05,1.96,1.95,1.99,2.01,1.39,-0.24,-0.69,0.62,2.55,3.06,3.20,3.14,2.98,3.16,3.22,3.14,2.94,2.88,3.12,3.25,3.25,3.31,3.24,3.19,3.13,3.06,3.03,3.02,2.97,2.91,2.91,2.92,2.87,2.78,2.71,2.73,2.82,2.87,2.83,2.78,2.77,2.72,2.65,2.67,2.53,2.46,2.47,2.56,2.66,2.55,2.42,2.35,2.32,2.35,2.34,2.32,2.37,2.40,2.42,2.43,2.43,2.34,2.30,2.28,2.29,2.34,2.34,2.35,2.36,2.37,2.36,2.37,2.38,2.42,2.46,2.43,2.40,2.40,2.45,2.45,2.47,2.49,2.51,2.48,2.48,2.48,2.48,2.49,2.48,2.47,2.46,2.46,2.44,2.38,2.29,2.21,2.17,2.14,2.16,2.21,2.27,2.22,2.19,2.20,2.27,2.51,2.60,2.70,3.72,8.03,8.27,8.20,8.20,8.20,8.19,8.19,8.19,8.19,8.19,8.24,8.31,8.40,8.47,8.36,8.26,8.19,8.19
3.37,3.17,3.00,2.88,2.81,2.79,2.88,2.96,2.97,2.92,2.93,2.90,2.87,2.88,2.87,2.77,2.67,2.58,2.50,2.47,2.47,2.47,2.46,2.48,2.45,2.40,2.37,2.42,2.39,2.38,2.40,2.42,2.47,2.44,2.40,2.39,2.47,2.49,2.47,2.43,2.44,2.34,2.28,2.25,2.23,2.20,2.22,2.25,2.30,2.35,2.35,2.32,2.28,2.23,2.23,2.32,2.42,2.45,2.47,2.35,2.28,2.27,2.27,2.17,2.15,2.15,2.10,2.05,2.05,2.09,2.15,2.16,2.13,2.07,2.02,2.00,2.05,2.51,2.97,3.23,3.40,3.14,2.97,2.95,2.98,3.05,3.09,3.09,3.07,3.18,3.24,3.30,3.34,3.30,3.26,3.20,3.13,3.08,3.05,3.01,3.02,3.11,3.19,3.11,3.07,3.15,3.42,3.06,2.54,2.06,1.77,1.77,1.77,1.74,1.73,1.89,1.95,2.08,2.23,2.33,2.40,2.45,2.42,2.31,2.23,2.21,2.17,2.10,2.01,2.02,2.06,2.06,1.88,0.43,0.76,1.59,2.34,2.94,3.14,3.14,3.04,2.97,3.08,3.03,3.01,3.12,3.09,3.18,3.18,3.12,3.17,3.19,3.20,3.15,3.01,2.93,2.89,2.90,2.94,2.92,2.91,2.87,2.79,2.71,2.74,2.80,2.85,2.82,2.75,2.76,2.72,2.66,2.70,2.73,2.74,2.75,2.78,2.78,2.71,2.59,2.47,2.46,2.52,2.51,2.44,2.40,2.43,2.44,2.43,2.39,2.30,2.29,2.30,2.31,2.31,2.31,2.28,2.28,2.34,2.30,2.32,2.36,2.41,2.45,2.42,2.40,2.41,2.42,2.39,2.39,2.41,2.43,2.46,2.46,2.45,2.43,2.42,2.42,2.42,2.43,2.45,2.40,2.32,2.24,2.19,2.17,2.11,2.13,2.23,2.26,2.20,2.17,2.20,2.34,2.54,2.58,3.27,5.02,8.21,8.37,8.26,8.20,8.20,8.20,8.19,8.19,8.19,8.19,8.21,8.27,8.36,8.43,8.30,8.22,8.19,8.18
3.40,3.21,3.04,2.92,2.85,2.85,2.93,3.00,3.02,2.96,2.96,2.91,2.88,2.89,2.92,2.82,2.71,2.63,2.56,2.47,2.41,2.38,2.37,2.42,2.41,2.38,2.37,2.46,2.45,2.42,2.42,2.46,2.49,2.47,2.44,2.42,2.50,2.51,2.49,2.48,2.51,2.34,2.27,2.28,2.30,2.25,2.23,2.24,2.27,2.32,2.36,2.36,2.31,2.24,2.19,2.24,2.32,2.41,2.44,2.33,2.27,2.26,2.27,2.16,2.13,2.10,2.04,2.03,2.08,2.12,2.15,2.14,2.08,2.04,2.02,2.04,2.36,2.93,3.32,3.37,3.41,3.26,3.11,3.02,3.00,3.06,3.14,3.18,3.16,3.20,3.19,3.20,3.22,3.19,3.15,3.12,3.11,3.14,3.14,3.12,3.14,3.22,3.28,3.26,3.28,3.36,3.49,3.18,2.74,2.28,1.90,1.80,1.77,1.75,1.76,1.86,1.94,2.08,2.24,2.37,2.45,2.54,2.52,2.36,2.19,2.15,2.11,2.06,2.02,2.08,1.97,1.73,1.41,0.53,1.80,2.99,3.29,3.15,3.17,3.08,2.94,2.85,3.00,2.95,2.98,3.20,3.19,3.20,3.12,3.02,3.05,3.11,3.16,3.15,3.01,2.93,2.94,3.02,3.12,3.03,2.96,2.88,2.81,2.76,2.83,2.86,2.85,2.81,2.76,2.78,2.76,2.70,2.72,2.85,2.91,2.93,2.94,2.89,2.82,2.70,2.56,2.55,2.62,2.61,2.53,2.46,2.46,2.47,2.46,2.40,2.34,2.34,2.35,2.34,2.31,2.28,2.24,2.24,2.30,2.26,2.28,2.32,2.35,2.36,2.34,2.35,2.37,2.35,2.32,2.32,2.34,2.35,2.41,2.41,2.39,2.37,2.36,2.37,2.38,2.40,2.44,2.36,2.27,2.20,2.17,2.17,2.10,2.13,2.22,2.24,2.18,2.18,2.25,2.40,2.56,2.60,3.96,6.50,8.35,8.39,8.27,8.20,8.20,8.20,8.19,8.19,8.19,8.19,8.19,8.24,8.32,8.36,8.24,8.19,8.15,8.09
3.27,3.14,3.03,2.98,2.98,2.99,2.99,2.97,2.98,3.04,2.94,2.91,2.90,2.89,2.92,2.88,2.79,2.69,2.64,2.53,2.43,2.35,2.28,2.38,2.41,2.39,2.37,2.50,2.52,2.51,2.48,2.45,2.52,2.51,2.48,2.48,2.53,2.52,2.50,2.50,2.59,2.45,2.34,2.31,2.35,2.34,2.30,2.27,2.25,2.31,2.34,2.36,2.34,2.26,2.22,2.16,2.19,2.33,2.37,2.32,2.29,2.28,2.29,2.16,2.09,2.06,2.04,2.12,2.14,2.12,2.08,2.08,2.04,2.05,2.10,2.17,2.98,3.27,3.32,3.32,3.39,3.38,3.29,3.16,3.07,3.09,3.18,3.26,3.28,3.25,3.19,3.14,3.11,3.07,2.99,2.99,3.03,3.09,3.14,3.26,3.35,3.34,3.38,3.44,3.46,3.43,3.43,3.02,2.65,2.35,2.12,1.90,1.80,1.81,1.88,1.84,1.91,2.03,2.18,2.35,2.56,2.66,2.60,2.40,2.25,2.18,2.11,2.06,2.09,2.15,1.59,0.83,0.45,2.13,2.89,3.16,3.16,3.10,3.11,3.02,2.82,2.60,2.90,3.03,3.09,3.15,3.15,3.17,3.09,2.95,2.96,2.98,3.05,3.10,3.08,3.07,3.23,3.43,3.53,3.28,3.08,2.92,2.83,2.87,3.05,3.00,2.87,2.80,2.82,2.83,2.83,2.80,2.73,2.85,2.92,2.96,3.01,2.97,2.87,2.74,2.61,2.57,2.61,2.60,2.57,2.56,2.52,2.50,2.50,2.50,2.51,2.47,2.44,2.40,2.32,2.26,2.24,2.24,2.24,2.23,2.24,2.25,2.23,2.17,2.17,2.22,2.27,2.23,2.25,2.26,2.27,2.28,2.31,2.32,2.31,2.30,2.32,2.34,2.35,2.37,2.44,2.33,2.22,2.16,2.15,2.15,2.12,2.13,2.17,2.21,2.18,2.26,2.37,2.46,2.57,2.65,4.81,8.24,8.44,8.29,8.20,8.18,8.19,8.20,8.19,8.19,8.19,8.19,8.19,8.22,8.27,8.26,8.20,8.17,8.09,7.90
3.22,3.08,3.01,2.96,2.94,2.97,2.98,2.99,2.98,2.95,2.90,2.91,2.91,2.90,2.90,2.88,2.80,2.70,2.63,2.51,2.40,2.33,2.33,2.39,2.47,2.48,2.43,2.51,2.58,2.59,2.55,2.49,2.53,2.54,2.52,2.50,2.52,2.51,2.51,2.52,2.56,2.50,2.40,2.36,2.40,2.41,2.37,2.32,2.28,2.27,2.31,2.34,2.36,2.32,2.25,2.19,2.17,2.22,2.29,2.29,2.28,2.28,2.25,2.11,2.07,2.09,2.09,2.17,2.16,2.12,2.06,2.02,2.06,2.21,2.48,2.82,3.27,3.39,3.37,3.34,3.41,3.47,3.39,3.21,3.12,3.13,3.17,3.23,3.30,3.32,3.29,3.25,3.23,3.19,3.15,3.16,3.20,3.22,3.25,3.33,3.41,3.43,3.46,3.51,3.53,3.49,3.38,3.05,2.77,2.53,2.32,2.10,1.94,1.84,1.84,1.91,1.96,2.05,2.21,2.42,2.58,2.64,2.59,2.43,2.31,2.22,2.19,2.19,2.18,1.80,1.43,1.39,1.92,2.85,3.12,3.15,3.13,3.07,2.99,2.89,2.77,2.64,2.83,2.92,2.98,3.05,3.07,3.06,2.97,2.83,2.78,2.69,2.64,2.64,2.65,2.76,2.91,3.17,3.44,3.38,3.23,3.06,2.95,2.99,3.11,3.02,2.89,2.84,2.85,2.86,2.88,2.87,2.74,2.83,2.92,2.99,3.04,2.95,2.83,2.73,2.69,2.66,2.66,2.62,2.59,2.63,2.59,2.58,2.57,2.54,2.54,2.50,2.46,2.43,2.39,2.37,2.35,2.32,2.29,2.26,2.22,2.21,2.22,2.16,2.16,2.18,2.18,2.15,2.16,2.18,2.19,2.21,2.22,2.23,2.25,2.28,2.28,2.29,2.30,2.31,2.31,2.25,2.18,2.14,2.14,2.12,2.13,2.16,2.19,2.16,2.20,2.30,2.42,2.51,2.57,3.20,5.45,8.41,8.38,8.25,8.18,8.17,8.17,8.18,8.18,8.19,8.19,8.19,8.20,8.21,8.23,8.21,8.18,8.16,8.04,7.73
3.17,3.02,2.96,2.91,2.86,2.88,2.93,2.98,2.97,2.83,2.86,2.89,2.91,2.90,2.89,2.85,2.78,2.68,2.59,2.46,2.36,2.34,2.41,2.42,2.54,2.56,2.50,2.53,2.62,2.65,2.62,2.53,2.55,2.57,2.56,2.51,2.52,2.50,2.51,2.53,2.51,2.52,2.45,2.40,2.44,2.45,2.42,2.37,2.31,2.26,2.27,2.31,2.36,2.39,2.30,2.24,2.19,2.15,2.21,2.23,2.25,2.24,2.18,2.07,2.08,2.13,2.15,2.20,2.16,2.10,2.05,2.00,2.18,2.48,2.90,3.42,3.44,3.44,3.40,3.36,3.41,3.51,3.43,3.24,3.17,3.17,3.17,3.20,3.30,3.37,3.37,3.37,3.38,3.34,3.33,3.35,3.39,3.38,3.38,3.40,3.44,3.50,3.52,3.54,3.56,3.54,3.37,3.15,2.94,2.73,2.52,2.28,2.06,1.89,1.81,1.98,2.02,2.11,2.26,2.49,2.59,2.61,2.57,2.47,2.38,2.28,2.26,2.29,2.24,1.66,1.61,2.22,3.42,3.23,3.13,3.10,3.10,3.01,2.85,2.75,2.71,2.70,2.77,2.79,2.84,2.95,2.98,2.94,2.84,2.71,2.60,2.42,2.27,2.18,2.20,2.37,2.48,2.72,3.09,3.23,3.16,3.08,3.05,3.08,3.13,3.02,2.91,2.91,2.89,2.89,2.91,2.91,2.76,2.83,2.92,3.00,3.03,2.91,2.79,2.73,2.75,2.74,2.72,2.66,2.61,2.63,2.51,2.49,2.53,2.57,2.55,2.51,2.47,2.45,2.46,2.48,2.45,2.40,2.36,2.31,2.23,2.21,2.26,2.21,2.19,2.15,2.12,2.09,2.09,2.11,2.13,2.15,2.14,2.14,2.19,2.25,2.24,2.24,2.26,2.26,2.19,2.18,2.14,2.13,2.13,2.08,2.14,2.20,2.21,2.12,2.22,2.34,2.46,2.56,2.58,3.85,6.04,8.26,8.29,8.22,8.18,8.16,8.16,8.17,8.18,8.18,8.19,8.20,8.20,8.20,8.20,8.18,8.16,8.14,7.97,7.57
3.08,2.97,2.86,2.77,2.72,2.73,2.81,2.88,2.86,2.71,2.79,2.81,2.84,2.88,2.86,2.76,2.67,2.58,2.48,2.37,2.36,2.40,2.46,2.51,2.56,2.57,2.56,2.57,2.61,2.66,2.68,2.59,2.60,2.62,2.61,2.57,2.58,2.51,2.48,2.49,2.49,2.50,2.47,2.44,2.43,2.42,2.40,2.38,2.37,2.33,2.26,2.27,2.34,2.40,2.37,2.33,2.28,2.22,2.11,2.11,2.12,2.11,2.07,2.13,2.17,2.19,2.18,2.16,2.10,2.04,2.02,2.09,2.62,2.99,3.22,3.44,3.43,3.37,3.33,3.34,3.36,3.40,3.35,3.25,3.22,3.23,3.23,3.24,3.27,3.33,3.37,3.41,3.46,3.43,3.39,3.40,3.44,3.45,3.47,3.49,3.50,3.50,3.52,3.54,3.56,3.56,3.53,3.35,3.15,2.93,2.69,2.28,2.09,1.99,1.96,1.96,2.11,2.22,2.33,2.48,2.59,2.63,2.60,2.54,2.50,2.40,2.28,2.18,2.16,2.58,2.75,2.90,3.22,3.12,3.06,3.04,3.02,2.86,2.73,2.62,2.56,2.58,2.70,2.77,2.82,2.85,2.89,2.82,2.71,2.59,2.52,2.35,2.19,2.06,2.00,2.07,2.09,2.13,2.20,2.32,2.36,2.63,2.97,3.01,3.08,3.04,2.99,2.99,2.98,2.90,2.88,2.90,2.84,2.87,2.92,2.94,2.91,2.80,2.79,2.78,2.75,2.73,2.79,2.77,2.63,2.41,1.92,1.82,2.09,2.57,2.55,2.51,2.48,2.47,2.48,2.50,2.47,2.42,2.41,2.37,2.30,2.33,2.43,2.30,2.21,2.14,2.09,2.09,2.10,2.11,2.11,2.10,2.07,2.06,2.10,2.17,2.20,2.21,2.24,2.25,2.21,2.13,2.11,2.10,2.08,2.06,2.15,2.20,2.19,2.13,2.25,2.37,2.50,2.65,2.65,4.50,6.62,8.17,8.22,8.22,8.21,8.18,8.17,8.18,8.18,8.19,8.20,8.20,8.19,8.20,8.19,8.16,8.15,8.08,7.87,7.46
3.01,2.91,2.81,2.71,2.62,2.61,2.67,2.73,2.74,2.65,2.71,2.72,2.73,2.75,2.73,2.65,2.57,2.48,2.39,2.34,2.38,2.47,2.55,2.58,2.59,2.60,2.61,2.62,2.61,2.66,2.71,2.67,2.66,2.66,2.64,2.61,2.61,2.57,2.54,2.52,2.51,2.50,2.49,2.47,2.45,2.41,2.40,2.40,2.40,2.37,2.30,2.26,2.28,2.36,2.37,2.36,2.33,2.27,2.17,2.13,2.12,2.11,2.10,2.17,2.21,2.21,2.16,2.10,2.05,2.03,2.12,2.49,2.94,3.19,3.30,3.39,3.34,3.30,3.30,3.34,3.36,3.36,3.33,3.28,3.25,3.26,3.27,3.27,3.26,3.33,3.41,3.47,3.52,3.53,3.50,3.51,3.54,3.56,3.70,3.61,3.51,3.51,3.52,3.54,3.56,3.56,3.58,3.48,3.31,3.10,2.84,2.24,2.06,2.05,2.07,2.06,2.17,2.29,2.41,2.53,2.61,2.67,2.70,2.70,2.75,2.71,2.64,2.59,2.64,3.02,3.13,3.10,3.11,3.08,3.00,2.93,2.88,2.68,2.56,2.50,2.48,2.51,2.63,2.73,2.79,2.82,2.86,2.77,2.64,2.52,2.45,2.30,2.13,2.00,1.92,1.90,1.87,1.83,1.80,1.94,1.99,2.24,2.56,2.66,2.76,2.86,2.95,3.02,3.02,2.94,2.91,2.93,2.87,2.91,2.91,2.88,2.84,2.81,2.78,2.77,2.77,2.80,2.85,2.83,2.72,2.50,2.03,1.59,1.71,2.56,2.54,2.51,2.49,2.48,2.49,2.52,2.48,2.43,2.43,2.39,2.33,2.37,2.47,2.34,2.25,2.19,2.17,2.16,2.15,2.15,2.13,2.07,2.04,2.03,2.05,2.09,2.12,2.13,2.13,2.13,2.14,2.09,2.08,2.07,2.05,2.05,2.17,2.20,2.17,2.19,2.28,2.39,2.51,2.65,2.83,5.03,7.12,8.25,8.21,8.22,8.21,8.19,8.18,8.19,8.19,8.19,8.19,8.21,8.20,8.19,8.18,8.14,8.12,8.01,7.75,7.29
2.95,2.86,2.79,2.68,2.55,2.49,2.52,2.57,2.61,2.62,2.64,2.62,2.58,2.55,2.55,2.52,2.46,2.39,2.31,2.35,2.42,2.53,2.66,2.64,2.63,2.63,2.64,2.69,2.64,2.66,2.72,2.76,2.73,2.70,2.67,2.64,2.63,2.66,2.64,2.58,2.55,2.53,2.52,2.50,2.47,2.40,2.41,2.42,2.41,2.40,2.37,2.28,2.21,2.30,2.34,2.37,2.36,2.32,2.31,2.23,2.19,2.20,2.22,2.21,2.22,2.20,2.11,2.03,2.01,2.06,2.30,3.02,3.16,3.21,3.25,3.31,3.21,3.22,3.29,3.36,3.37,3.36,3.35,3.32,3.26,3.28,3.29,3.29,3.28,3.35,3.46,3.54,3.58,3.64,3.62,3.63,3.66,3.68,3.98,3.74,3.49,3.52,3.53,3.55,3.56,3.56,3.56,3.57,3.46,3.25,2.96,2.18,2.01,2.07,2.17,2.24,2.24,2.35,2.50,2.61,2.64,2.74,2.83,2.90,3.06,3.13,3.19,3.28,3.40,3.17,3.06,3.04,3.06,3.07,2.92,2.80,2.71,2.48,2.37,2.38,2.45,2.47,2.58,2.68,2.77,2.81,2.85,2.76,2.62,2.47,2.39,2.24,2.09,1.98,1.90,1.81,1.76,1.71,1.70,1.88,1.87,1.89,1.99,2.15,2.30,2.57,2.84,3.02,3.03,2.99,2.97,2.96,2.87,2.95,2.90,2.83,2.81,2.88,2.78,2.74,2.81,2.91,2.91,2.88,2.84,2.76,2.52,1.64,1.42,2.54,2.54,2.52,2.50,2.49,2.50,2.53,2.49,2.44,2.44,2.38,2.34,2.36,2.44,2.36,2.29,2.29,2.31,2.27,2.24,2.22,2.16,2.04,2.03,2.04,2.04,2.03,2.01,2.02,1.98,1.95,2.02,2.04,2.05,2.04,2.02,2.05,2.18,2.19,2.15,2.28,2.30,2.40,2.50,2.61,3.11,5.53,7.56,8.43,8.24,8.21,8.20,8.18,8.20,8.20,8.20,8.19,8.18,8.21,8.21,8.19,8.17,8.12,8.06,7.92,7.60,7.06
3.00,2.84,2.71,2.60,2.52,2.45,2.43,2.50,2.56,2.49,2.55,2.52,2.48,2.44,2.43,2.39,2.36,2.33,2.30,2.39,2.48,2.58,2.68,2.67,2.68,2.70,2.75,2.83,2.83,2.80,2.78,2.78,2.74,2.70,2.67,2.65,2.64,2.66,2.67,2.66,2.57,2.55,2.54,2.52,2.46,2.43,2.43,2.44,2.43,2.41,2.39,2.33,2.27,2.24,2.26,2.29,2.32,2.34,2.35,2.32,2.28,2.27,2.30,2.25,2.20,2.14,2.05,2.10,2.14,2.23,2.39,2.73,2.95,3.10,3.17,3.18,3.20,3.25,3.32,3.38,3.40,3.40,3.40,3.39,3.34,3.34,3.34,3.32,3.30,3.34,3.42,3.52,3.61,3.62,3.61,3.61,3.61,3.60,3.70,3.61,3.50,3.45,3.52,3.52,3.53,3.57,3.57,3.58,3.51,3.33,2.96,2.16,2.01,2.23,2.56,2.59,2.56,2.57,2.63,2.73,2.82,2.94,3.02,3.06,3.12,3.14,3.12,3.11,3.14,3.07,3.03,3.02,3.04,3.02,2.86,2.63,2.41,2.33,2.29,2.34,2.42,2.46,2.54,2.62,2.72,2.81,2.85,2.74,2.57,2.41,2.33,2.19,2.08,1.97,1.86,1.84,1.82,1.81,1.80,1.87,1.88,1.89,1.94,2.07,2.24,2.39,2.56,2.76,2.99,3.00,2.97,2.93,2.83,2.86,2.86,2.85,2.83,2.88,2.87,2.86,2.87,2.90,2.92,2.90,2.86,2.79,2.70,2.35,2.24,2.61,2.55,2.52,2.50,2.49,2.51,2.54,2.51,2.47,2.45,2.38,2.34,2.35,2.40,2.34,2.29,2.30,2.33,2.30,2.26,2.23,2.19,2.12,2.13,2.11,2.09,2.07,2.01,2.00,1.99,1.99,2.02,2.01,2.03,2.07,2.09,2.12,2.18,2.14,2.11,2.28,2.36,2.45,2.54,2.68,3.82,6.33,7.99,8.30,8.21,8.20,8.19,8.18,8.17,8.18,8.18,8.17,8.16,8.18,8.18,8.16,8.14,8.11,7.66,7.26,6.90,6.57
3.00,2.82,2.67,2.56,2.47,2.42,2.37,2.43,2.47,2.38,2.44,2.45,2.42,2.38,2.35,2.31,2.30,2.31,2.36,2.43,2.51,2.57,2.61,2.64,2.70,2.77,2.86,2.95,2.97,2.91,2.83,2.80,2.75,2.71,2.69,2.68,2.67,2.69,2.70,2.70,2.61,2.57,2.56,2.52,2.44,2.46,2.46,2.45,2.43,2.41,2.41,2.38,2.32,2.22,2.20,2.24,2.31,2.36,2.40,2.38,2.35,2.32,2.34,2.27,2.19,2.12,2.07,2.18,2.26,2.35,2.49,2.70,2.89,3.04,3.14,3.13,3.20,3.28,3.34,3.39,3.43,3.45,3.45,3.45,3.41,3.39,3.37,3.35,3.32,3.35,3.39,3.50,3.61,3.60,3.60,3.59,3.57,3.55,3.53,3.53,3.50,3.44,3.51,3.50,3.52,3.57,3.58,3.59,3.53,3.31,2.87,2.14,2.22,2.57,2.89,2.88,2.84,2.80,2.81,2.89,2.97,3.07,3.15,3.19,3.19,3.15,3.04,2.91,2.88,2.97,3.00,2.98,2.96,2.89,2.68,2.41,2.18,2.21,2.23,2.30,2.38,2.44,2.50,2.56,2.66,2.77,2.82,2.69,2.51,2.35,2.26,2.13,2.03,1.95,1.86,1.84,1.86,1.89,1.90,1.92,1.95,1.95,1.97,2.08,2.23,2.32,2.42,2.61,2.90,2.94,2.92,2.88,2.81,2.81,2.84,2.86,2.85,2.90,2.93,2.93,2.91,2.91,2.92,2.92,2.89,2.85,2.85,2.84,2.82,2.77,2.64,2.58,2.54,2.53,2.54,2.56,2.53,2.49,2.46,2.38,2.34,2.34,2.36,2.33,2.30,2.31,2.33,2.30,2.26,2.23,2.20,2.17,2.21,2.22,2.21,2.17,2.10,2.06,2.05,2.04,2.04,1.98,2.02,2.08,2.13,2.17,2.17,2.13,2.14,2.32,2.40,2.49,2.58,2.85,4.98,7.17,8.26,8.23,8.20,8.19,8.19,8.18,8.17,8.18,8.18,8.17,8.15,8.16,8.16,8.14,8.12,8.10,7.35,6.76,6.39,6.26
2.97,2.80,2.68,2.54,2.40,2.40,2.35,2.33,2.32,2.29,2.32,2.40,2.42,2.35,2.31,2.30,2.30,2.35,2.48,2.48,2.48,2.46,2.44,2.53,2.68,2.85,3.00,3.06,3.04,2.97,2.88,2.81,2.76,2.74,2.73,2.74,2.74,2.74,2.72,2.69,2.66,2.59,2.55,2.50,2.40,2.47,2.48,2.45,2.42,2.42,2.41,2.41,2.37,2.27,2.16,2.23,2.33,2.38,2.44,2.42,2.38,2.35,2.32,2.26,2.18,2.14,2.19,2.26,2.35,2.44,2.59,3.00,2.99,3.06,3.16,3.17,3.22,3.29,3.35,3.39,3.46,3.48,3.49,3.49,3.48,3.44,3.40,3.37,3.33,3.37,3.41,3.49,3.59,3.61,3.60,3.58,3.56,3.54,3.52,3.50,3.50,3.50,3.49,3.51,3.54,3.57,3.60,3.61,3.49,3.19,2.66,2.10,2.68,3.16,3.16,3.10,3.07,3.04,3.04,3.11,3.09,3.13,3.20,3.27,3.27,3.19,2.94,2.64,2.62,2.89,2.98,2.93,2.82,2.66,2.35,2.12,2.05,2.13,2.19,2.25,2.32,2.39,2.46,2.52,2.59,2.67,2.73,2.62,2.45,2.28,2.18,2.06,1.96,1.91,1.92,1.83,1.87,1.94,2.00,2.05,2.10,2.10,2.11,2.19,2.31,2.37,2.45,2.60,2.75,2.80,2.80,2.79,2.82,2.81,2.84,2.87,2.90,2.92,2.96,2.95,2.90,2.94,2.94,2.92,2.92,2.94,2.98,3.06,3.11,3.07,2.85,2.70,2.62,2.60,2.58,2.57,2.55,2.52,2.47,2.37,2.34,2.33,2.32,2.31,2.30,2.32,2.33,2.29,2.25,2.20,2.18,2.19,2.24,2.36,2.40,2.34,2.29,2.23,2.17,2.13,2.10,1.98,2.02,2.09,2.15,2.20,2.15,2.17,2.26,2.41,2.45,2.50,2.63,3.14,6.72,8.05,8.34,8.21,8.20,8.19,8.18,8.19,8.19,8.20,8.19,8.18,8.18,8.18,8.16,8.14,8.11,8.08,7.14,6.46,6.13,6.15
2.87,2.76,2.69,2.57,2.44,2.37,2.34,2.30,2.26,2.24,2.29,2.36,2.36,2.29,2.27,2.27,2.32,2.40,2.48,2.47,2.48,2.46,2.39,2.47,2.68,2.88,3.02,3.07,3.04,2.97,2.88,2.82,2.79,2.79,2.80,2.82,2.82,2.79,2.74,2.69,2.64,2.61,2.56,2.50,2.44,2.49,2.47,2.44,2.42,2.42,2.41,2.40,2.37,2.28,2.14,2.20,2.31,2.38,2.44,2.42,2.40,2.38,2.33,2.25,2.20,2.20,2.25,2.31,2.38,2.45,2.57,2.87,3.05,3.16,3.20,3.20,3.25,3.31,3.36,3.41,3.45,3.50,3.51,3.49,3.46,3.43,3.42,3.39,3.35,3.38,3.42,3.50,3.60,3.60,3.59,3.57,3.55,3.53,3.51,3.50,3.50,3.50,3.48,3.50,3.51,3.51,3.56,3.55,3.49,3.29,2.92,2.81,3.14,3.38,3.38,3.30,3.30,3.24,3.17,3.20,3.22,3.21,3.23,3.30,3.30,3.31,3.17,2.94,2.76,2.88,2.90,2.81,2.60,2.41,2.22,2.11,2.13,2.20,2.24,2.28,2.30,2.32,2.39,2.48,2.53,2.53,2.56,2.52,2.41,2.24,2.12,2.07,2.07,2.06,2.02,1.89,1.91,1.98,2.04,2.11,2.14,2.15,2.18,2.28,2.39,2.45,2.52,2.62,2.70,2.76,2.78,2.78,2.79,2.81,2.86,2.91,2.93,2.95,2.95,2.94,2.92,2.97,2.95,2.94,2.94,2.98,3.00,3.03,3.11,3.21,3.05,2.91,2.80,2.75,2.81,2.70,2.65,2.63,2.59,2.51,2.42,2.33,2.29,2.31,2.30,2.31,2.33,2.29,2.24,2.22,2.21,2.22,2.29,2.40,2.44,2.40,2.36,2.35,2.33,2.29,2.20,2.09,2.06,2.10,2.16,2.19,2.12,2.14,2.25,2.40,2.40,2.42,2.85,4.12,7.60,8.39,8.35,8.20,8.20,8.19,8.18,8.19,8.19,8.19,8.19,8.19,8.19,8.19,8.17,8.13,8.07,7.92,7.20,6.48,6.05,6.08
2.79,2.74,2.69,2.61,2.48,2.36,2.34,2.29,2.24,2.21,2.25,2.30,2.29,2.23,2.24,2.27,2.35,2.44,2.46,2.46,2.48,2.47,2.41,2.49,2.72,2.90,2.99,3.03,3.01,2.95,2.88,2.83,2.83,2.83,2.85,2.87,2.85,2.79,2.74,2.68,2.61,2.62,2.56,2.50,2.48,2.49,2.47,2.44,2.42,2.42,2.41,2.40,2.35,2.25,2.13,2.20,2.31,2.38,2.42,2.41,2.41,2.40,2.35,2.24,2.21,2.23,2.29,2.35,2.40,2.46,2.55,2.68,3.00,3.19,3.25,3.24,3.28,3.33,3.39,3.44,3.46,3.50,3.52,3.49,3.44,3.42,3.42,3.41,3.37,3.40,3.44,3.51,3.59,3.59,3.58,3.56,3.54,3.52,3.51,3.51,3.50,3.49,3.47,3.49,3.48,3.46,3.51,3.48,3.48,3.41,3.23,3.43,3.48,3.51,3.54,3.46,3.45,3.36,3.25,3.26,3.32,3.28,3.26,3.31,3.32,3.39,3.38,3.25,2.96,2.91,2.82,2.66,2.40,2.22,2.14,2.15,2.21,2.27,2.30,2.31,2.31,2.28,2.35,2.45,2.48,2.42,2.41,2.43,2.36,2.21,2.10,2.10,2.16,2.20,2.12,1.95,1.97,2.03,2.09,2.15,2.16,2.18,2.23,2.35,2.44,2.52,2.58,2.63,2.68,2.73,2.76,2.77,2.76,2.81,2.89,2.94,2.93,2.96,2.93,2.93,2.95,2.98,2.97,2.96,2.96,3.01,3.00,2.99,3.07,3.25,3.17,3.09,2.99,2.92,3.03,2.86,2.76,2.73,2.70,2.66,2.53,2.41,2.34,2.35,2.33,2.32,2.31,2.29,2.26,2.24,2.24,2.25,2.33,2.41,2.45,2.44,2.39,2.42,2.43,2.39,2.27,2.19,2.12,2.12,2.18,2.19,2.10,2.13,2.25,2.38,2.30,2.25,2.93,4.88,8.08,8.53,8.32,8.19,8.20,8.19,8.18,8.18,8.19,8.19,8.19,8.20,8.20,8.19,8.14,8.06,7.91,7.67,7.17,6.49,6.02,6.03
2.79,2.73,2.70,2.64,2.53,2.42,2.34,2.30,2.27,2.21,2.15,2.17,2.19,2.21,2.29,2.36,2.41,2.45,2.46,2.45,2.44,2.47,2.56,2.72,2.84,2.88,2.88,2.92,2.88,2.87,2.85,2.81,2.90,2.85,2.80,2.82,2.76,2.70,2.66,2.63,2.63,2.59,2.54,2.48,2.46,2.48,2.46,2.43,2.42,2.43,2.43,2.39,2.29,2.12,2.13,2.25,2.35,2.37,2.38,2.37,2.37,2.37,2.36,2.28,2.20,2.20,2.28,2.34,2.40,2.50,2.59,2.55,2.65,2.99,3.31,3.29,3.34,3.39,3.43,3.46,3.49,3.50,3.51,3.51,3.45,3.42,3.42,3.41,3.38,3.40,3.50,3.55,3.54,3.58,3.57,3.55,3.54,3.53,3.51,3.51,3.50,3.49,3.47,3.48,3.49,3.49,3.44,3.43,3.44,3.45,3.42,3.45,3.50,3.53,3.52,3.55,3.41,3.30,3.26,3.31,3.37,3.36,3.33,3.31,3.34,3.33,3.34,3.34,3.18,3.03,2.77,2.49,2.29,2.18,2.16,2.17,2.19,2.26,2.33,2.36,2.36,2.34,2.35,2.41,2.44,2.40,2.35,2.34,2.28,2.19,2.18,2.13,2.16,2.20,2.17,2.03,2.03,2.08,2.14,2.16,2.16,2.18,2.24,2.36,2.42,2.54,2.60,2.58,2.65,2.69,2.72,2.73,2.74,2.84,2.89,2.89,2.87,2.90,2.89,2.92,2.97,2.94,2.99,3.00,2.99,3.05,3.02,3.02,3.04,3.08,3.02,3.10,3.13,3.10,3.17,3.05,2.87,2.75,2.77,2.77,2.72,2.67,2.62,2.51,2.47,2.38,2.29,2.31,2.30,2.29,2.28,2.29,2.36,2.41,2.46,2.49,2.42,2.40,2.36,2.31,2.26,2.22,2.16,2.16,2.21,2.18,2.13,2.20,2.33,2.37,2.10,1.87,2.54,4.69,7.88,8.38,8.24,8.19,8.20,8.19,8.18,8.18,8.18,8.19,8.19,8.20,8.20,8.18,8.02,7.77,7.47,7.26,6.78,6.32,6.03,6.02
2.79,2.77,2.73,2.68,2.60,2.47,2.38,2.30,2.24,2.22,2.17,2.17,2.18,2.20,2.31,2.37,2.41,2.43,2.44,2.46,2.48,2.57,2.74,2.82,2.87,2.87,2.84,2.85,2.86,2.87,2.87,2.85,2.96,2.82,2.69,2.67,2.65,2.62,2.60,2.58,2.59,2.58,2.54,2.48,2.43,2.45,2.45,2.43,2.42,2.41,2.41,2.33,2.21,2.11,2.18,2.29,2.36,2.36,2.36,2.34,2.33,2.34,2.34,2.29,2.23,2.19,2.22,2.30,2.41,2.50,2.55,2.51,2.49,2.72,3.05,3.27,3.37,3.43,3.47,3.49,3.49,3.47,3.47,3.48,3.45,3.42,3.42,3.42,3.40,3.45,3.53,3.55,3.51,3.57,3.56,3.55,3.54,3.53,3.51,3.51,3.50,3.49,3.48,3.48,3.49,3.49,3.44,3.43,3.46,3.48,3.49,3.46,3.52,3.56,3.55,3.56,3.33,3.23,3.27,3.33,3.36,3.36,3.36,3.34,3.31,3.29,3.29,3.29,3.24,3.02,2.72,2.45,2.33,2.28,2.27,2.23,2.17,2.25,2.33,2.41,2.44,2.40,2.37,2.38,2.39,2.38,2.32,2.31,2.27,2.22,2.23,2.15,2.15,2.19,2.21,2.10,2.09,2.13,2.17,2.18,2.17,2.19,2.24,2.36,2.39,2.48,2.54,2.53,2.58,2.66,2.72,2.73,2.69,2.76,2.80,2.81,2.79,2.84,2.89,2.93,2.94,2.91,2.95,2.96,2.95,3.01,3.00,3.03,3.05,3.05,2.99,3.08,3.13,3.13,3.19,3.08,2.91,2.77,2.75,2.79,2.78,2.77,2.77,2.68,2.63,2.57,2.51,2.49,2.48,2.41,2.34,2.31,2.36,2.39,2.44,2.46,2.41,2.37,2.31,2.26,2.26,2.20,2.18,2.21,2.25,2.19,2.20,2.27,2.36,2.39,1.97,1.46,1.91,4.10,7.63,8.27,8.20,8.19,8.20,8.19,8.18,8.18,8.18,8.18,8.19,8.20,8.21,8.17,7.92,7.51,7.08,6.86,6.46,6.17,6.02,5.97
2.80,2.83,2.77,2.72,2.67,2.52,2.44,2.30,2.20,2.23,2.25,2.23,2.21,2.21,2.31,2.35,2.37,2.39,2.41,2.47,2.56,2.71,2.91,2.84,2.84,2.85,2.83,2.79,2.88,2.92,2.91,2.91,3.01,2.78,2.55,2.50,2.54,2.55,2.54,2.54,2.53,2.58,2.57,2.50,2.41,2.41,2.43,2.43,2.39,2.38,2.37,2.25,2.13,2.18,2.26,2.31,2.35,2.36,2.34,2.32,2.30,2.30,2.29,2.30,2.27,2.20,2.14,2.24,2.40,2.48,2.46,2.50,2.43,2.44,2.66,3.20,3.37,3.46,3.50,3.52,3.47,3.42,3.41,3.43,3.43,3.43,3.42,3.42,3.44,3.51,3.54,3.53,3.50,3.55,3.55,3.55,3.54,3.52,3.51,3.50,3.50,3.50,3.49,3.48,3.49,3.49,3.46,3.46,3.49,3.51,3.49,3.47,3.53,3.59,3.60,3.51,3.22,3.17,3.27,3.34,3.32,3.33,3.36,3.38,3.26,3.27,3.23,3.17,3.22,2.95,2.68,2.49,2.44,2.43,2.43,2.33,2.18,2.25,2.34,2.45,2.52,2.45,2.40,2.37,2.36,2.37,2.31,2.31,2.30,2.27,2.26,2.18,2.16,2.19,2.25,2.18,2.16,2.16,2.18,2.19,2.19,2.20,2.24,2.35,2.35,2.38,2.43,2.48,2.50,2.64,2.74,2.74,2.64,2.62,2.66,2.69,2.67,2.77,2.90,2.94,2.89,2.88,2.89,2.89,2.89,2.94,2.96,3.02,3.06,3.07,3.03,3.04,3.05,3.08,3.13,3.03,2.91,2.80,2.72,2.78,2.79,2.80,2.83,2.82,2.79,2.81,2.83,2.76,2.70,2.57,2.43,2.34,2.34,2.38,2.40,2.40,2.38,2.34,2.27,2.23,2.27,2.16,2.20,2.27,2.29,2.23,2.28,2.33,2.37,2.42,1.91,1.07,1.18,3.27,7.38,8.20,8.18,8.19,8.19,8.19,8.19,8.18,8.18,8.18,8.19,8.20,8.20,8.16,7.80,7.26,6.72,6.46,6.19,6.05,5.98,5.84
2.88,2.85,2.81,2.74,2.65,2.56,2.57,2.42,2.25,2.20,2.24,2.24,2.21,2.19,2.28,2.31,2.33,2.35,2.38,2.41,2.46,2.57,2.73,2.72,2.71,2.72,2.76,2.78,2.91,3.01,3.05,3.04,2.97,2.79,2.61,2.50,2.49,2.51,2.52,2.51,2.54,2.60,2.60,2.54,2.43,2.40,2.42,2.36,2.24,2.34,2.26,2.21,2.20,2.27,2.34,2.32,2.29,2.27,2.26,2.25,2.25,2.27,2.29,2.27,2.27,2.25,2.16,2.16,2.25,2.36,2.42,2.40,2.44,2.47,2.57,2.81,3.11,3.37,3.49,3.48,3.43,3.38,3.36,3.36,3.35,3.36,3.40,3.46,3.52,3.51,3.49,3.46,3.43,3.44,3.52,3.55,3.54,3.52,3.51,3.50,3.50,3.50,3.49,3.48,3.50,3.53,3.52,3.51,3.50,3.49,3.49,3.49,3.55,3.55,3.45,3.31,3.14,3.12,3.20,3.27,3.29,3.37,3.39,3.31,3.27,3.22,3.14,3.06,3.06,2.78,2.63,2.56,2.51,2.49,2.50,2.47,2.40,2.30,2.38,2.45,2.48,2.42,2.40,2.39,2.40,2.41,2.39,2.36,2.32,2.28,2.22,2.22,2.20,2.20,2.27,2.33,2.25,2.19,2.19,2.20,2.20,2.21,2.21,2.20,2.28,2.34,2.38,2.42,2.60,2.69,2.71,2.68,2.61,2.50,2.47,2.45,2.39,2.49,2.68,2.81,2.81,2.76,2.84,2.88,2.89,2.95,2.94,2.98,3.02,3.04,3.08,3.02,2.96,2.93,2.90,2.92,2.90,2.88,2.92,2.97,2.97,2.89,2.77,2.73,2.76,2.81,2.84,2.84,2.78,2.74,2.65,2.53,2.46,2.53,2.52,2.41,2.35,2.32,2.28,2.26,2.27,2.23,2.27,2.31,2.32,2.31,2.29,2.33,2.42,2.53,2.22,1.10,0.52,1.82,7.27,8.27,8.19,8.20,8.19,8.19,8.19,8.18,8.18,8.18,8.19,8.19,8.15,7.95,7.47,6.92,6.44,6.20,6.08,6.01,5.71,4.97
2.92,2.88,2.83,2.76,2.67,2.63,2.66,2.51,2.32,2.23,2.21,2.22,2.21,2.18,2.21,2.26,2.29,2.32,2.35,2.37,2.39,2.46,2.57,2.60,2.60,2.63,2.70,2.76,2.93,3.05,3.10,3.07,2.92,2.76,2.61,2.47,2.46,2.49,2.49,2.49,2.53,2.56,2.59,2.55,2.43,2.38,2.40,2.32,2.19,2.30,2.22,2.22,2.28,2.32,2.35,2.29,2.22,2.20,2.21,2.20,2.20,2.22,2.27,2.26,2.28,2.28,2.21,2.14,2.16,2.26,2.37,2.37,2.44,2.46,2.47,2.54,2.83,3.16,3.40,3.46,3.41,3.35,3.30,3.27,3.27,3.30,3.39,3.49,3.56,3.52,3.48,3.45,3.43,3.42,3.51,3.53,3.52,3.52,3.51,3.50,3.50,3.50,3.49,3.49,3.51,3.54,3.55,3.52,3.50,3.48,3.48,3.49,3.51,3.46,3.32,3.19,3.11,3.12,3.20,3.30,3.31,3.35,3.34,3.23,3.21,3.13,3.04,2.95,2.91,2.67,2.58,2.56,2.54,2.51,2.53,2.56,2.55,2.39,2.41,2.44,2.45,2.40,2.39,2.40,2.43,2.46,2.44,2.38,2.33,2.29,2.23,2.27,2.25,2.23,2.26,2.34,2.26,2.19,2.19,2.19,2.20,2.17,2.13,2.12,2.22,2.31,2.37,2.43,2.63,2.72,2.71,2.65,2.57,2.42,2.32,2.26,2.19,2.26,2.47,2.62,2.62,2.50,2.56,2.62,2.70,2.86,2.89,2.98,3.07,3.12,3.17,3.07,2.94,2.82,2.76,2.78,2.78,2.79,2.84,2.88,2.87,2.79,2.67,2.65,2.75,2.81,2.83,2.86,2.84,2.82,2.77,2.65,2.61,2.64,2.60,2.49,2.45,2.39,2.33,2.28,2.27,2.29,2.31,2.33,2.36,2.37,2.33,2.33,2.40,2.54,2.40,1.55,0.91,1.58,6.32,7.60,7.95,8.20,8.19,8.19,8.19,8.18,8.18,8.18,8.19,8.19,8.10,7.72,7.11,6.58,6.22,6.04,6.04,5.77,5.11,4.01
2.93,2.91,2.85,2.77,2.72,2.74,2.71,2.57,2.41,2.30,2.16,2.17,2.19,2.18,2.10,2.19,2.26,2.29,2.32,2.35,2.34,2.37,2.44,2.45,2.52,2.59,2.66,2.76,2.95,3.04,3.04,2.98,2.85,2.70,2.54,2.41,2.44,2.47,2.47,2.46,2.48,2.49,2.52,2.51,2.43,2.37,2.36,2.32,2.25,2.26,2.26,2.30,2.35,2.35,2.31,2.22,2.15,2.14,2.18,2.17,2.15,2.15,2.22,2.26,2.29,2.30,2.28,2.19,2.12,2.17,2.32,2.39,2.43,2.40,2.37,2.41,2.51,2.83,3.21,3.49,3.42,3.33,3.23,3.17,3.21,3.26,3.39,3.51,3.56,3.53,3.49,3.48,3.49,3.49,3.51,3.50,3.48,3.51,3.51,3.50,3.50,3.50,3.49,3.51,3.52,3.51,3.53,3.51,3.50,3.49,3.45,3.48,3.42,3.31,3.20,3.14,3.15,3.18,3.25,3.42,3.36,3.27,3.18,3.12,3.07,3.01,2.93,2.84,2.78,2.63,2.52,2.50,2.56,2.50,2.53,2.60,2.64,2.52,2.44,2.43,2.43,2.39,2.37,2.38,2.43,2.51,2.44,2.39,2.34,2.31,2.28,2.33,2.33,2.28,2.22,2.22,2.19,2.17,2.17,2.18,2.18,2.09,2.00,2.13,2.17,2.28,2.41,2.50,2.61,2.72,2.73,2.64,2.52,2.38,2.22,2.11,2.08,2.10,2.26,2.36,2.30,2.11,2.03,2.09,2.31,2.68,2.82,3.03,3.22,3.32,3.30,3.20,2.99,2.76,2.70,2.62,2.55,2.50,2.46,2.47,2.48,2.49,2.51,2.58,2.76,2.81,2.78,2.81,2.86,2.83,2.76,2.69,2.78,2.72,2.65,2.64,2.69,2.54,2.41,2.32,2.26,2.35,2.32,2.33,2.43,2.40,2.39,2.35,2.32,2.44,2.45,2.43,2.44,2.65,4.46,6.14,7.45,8.20,8.19,8.19,8.19,8.18,8.17,8.18,8.19,8.17,8.06,7.47,6.71,6.24,6.07,6.01,6.09,5.33,4.13,2.97
3.59,3.02,2.87,2.82,2.79,2.78,2.69,2.58,2.49,2.43,2.25,2.16,2.15,2.17,2.12,2.14,2.20,2.27,2.31,2.30,2.30,2.32,2.39,2.42,2.54,2.63,2.71,2.82,2.95,3.00,2.95,2.81,2.67,2.55,2.45,2.39,2.44,2.45,2.45,2.44,2.42,2.43,2.45,2.44,2.39,2.35,2.29,2.26,2.26,2.30,2.33,2.35,2.34,2.29,2.23,2.21,2.21,2.22,2.26,2.26,2.24,2.20,2.17,2.23,2.27,2.30,2.30,2.27,2.20,2.18,2.22,2.31,2.39,2.39,2.36,2.41,2.49,2.66,2.93,3.28,3.41,3.16,2.97,2.95,3.19,3.28,3.38,3.47,3.53,3.53,3.50,3.49,3.51,3.53,3.54,3.53,3.51,3.46,3.50,3.50,3.50,3.51,3.51,3.52,3.55,3.57,3.58,3.52,3.49,3.47,3.45,3.38,3.30,3.23,3.18,3.17,3.20,3.27,3.31,3.22,3.14,3.07,3.02,3.00,2.90,2.84,2.75,2.66,2.61,2.54,2.48,2.45,2.44,2.45,2.52,2.59,2.62,2.52,2.45,2.42,2.41,2.39,2.35,2.37,2.44,2.52,2.42,2.37,2.35,2.34,2.31,2.34,2.34,2.26,2.08,2.19,2.18,2.15,2.14,2.10,2.09,2.05,2.01,2.06,2.13,2.21,2.29,2.40,2.54,2.68,2.70,2.59,2.48,2.31,2.16,2.06,2.01,1.99,2.00,2.09,2.18,1.92,1.77,1.75,1.89,2.22,2.59,2.95,3.23,3.34,3.29,3.17,2.97,2.77,2.71,2.57,2.49,2.45,2.41,2.42,2.43,2.45,2.47,2.48,2.69,2.80,2.81,2.80,2.91,2.89,2.81,2.74,2.75,2.71,2.66,2.64,2.65,2.51,2.36,2.28,2.32,2.32,2.33,2.38,2.48,2.47,2.43,2.39,2.37,2.41,2.48,2.54,2.59,2.69,3.36,4.76,6.57,8.19,8.22,8.20,8.19,8.18,8.17,8.32,8.23,7.97,7.57,7.04,6.43,6.12,6.06,6.01,5.37,4.33,3.20,2.26
4.11,3.32,2.99,2.87,2.85,2.81,2.68,2.61,2.57,2.53,2.25,2.14,2.13,2.16,2.14,2.12,2.15,2.22,2.28,2.26,2.26,2.30,2.38,2.47,2.59,2.68,2.74,2.85,2.91,2.92,2.82,2.60,2.49,2.42,2.39,2.40,2.44,2.43,2.43,2.43,2.38,2.38,2.39,2.39,2.35,2.30,2.23,2.22,2.27,2.34,2.37,2.36,2.30,2.23,2.20,2.24,2.29,2.32,2.35,2.37,2.35,2.29,2.18,2.22,2.26,2.29,2.31,2.32,2.27,2.20,2.15,2.23,2.33,2.36,2.36,2.44,2.50,2.54,2.70,3.02,3.28,2.99,2.78,2.83,3.19,3.31,3.39,3.45,3.50,3.53,3.51,3.51,3.52,3.55,3.55,3.55,3.52,3.43,3.49,3.50,3.50,3.52,3.52,3.53,3.57,3.61,3.62,3.53,3.48,3.45,3.42,3.28,3.22,3.20,3.19,3.21,3.25,3.28,3.21,2.97,2.90,2.84,2.81,2.80,2.71,2.64,2.57,2.52,2.51,2.49,2.46,2.41,2.34,2.39,2.47,2.55,2.58,2.50,2.45,2.41,2.39,2.38,2.34,2.37,2.45,2.52,2.42,2.36,2.34,2.35,2.33,2.34,2.32,2.22,2.00,2.15,2.15,2.12,2.08,2.04,2.02,2.03,2.05,2.03,2.10,2.13,2.16,2.27,2.43,2.60,2.63,2.52,2.41,2.23,2.11,2.02,1.94,1.88,1.79,1.86,2.03,1.75,1.58,1.52,1.58,1.80,2.37,2.85,3.16,3.25,3.23,3.10,2.94,2.78,2.69,2.53,2.45,2.43,2.41,2.42,2.43,2.43,2.44,2.41,2.63,2.78,2.83,2.82,2.94,2.91,2.83,2.77,2.71,2.69,2.65,2.59,2.56,2.46,2.33,2.27,2.36,2.31,2.37,2.46,2.53,2.53,2.47,2.43,2.42,2.40,2.49,2.53,2.56,2.61,2.64,3.66,5.70,7.97,8.21,8.23,8.21,8.18,8.17,8.38,8.13,7.61,7.01,6.60,6.21,6.04,5.96,5.63,4.43,3.30,2.37,1.72
