3.29,3.31,3.33,3.36,3.39,3.41,3.42,3.47,3.56,3.64,3.65,3.65,3.67,3.65,3.60,3.59,3.63,3.63,3.61,3.59,3.61,3.58,3.55,3.55,3.53,3.56,3.62,3.66,3.63,3.57,3.55,3.54,3.50,3.50,3.41,3.33,3.30,3.37,3.43,3.42,3.39,3.46,3.58,3.71,3.76,3.69,3.80,3.83,3.78,3.67,3.61,3.64,3.69,3.74,3.81,3.76,3.79,3.80,3.78,3.73,3.69,3.70,3.76,3.91,3.90,3.94,3.96,3.94,3.95,3.91,3.92,3.95,3.91,3.89,3.86,3.87,3.97,3.97,3.99,4.02,4.07,4.15,4.22,4.26,4.29,4.34,4.33,4.39,4.44,4.44,4.39,4.46,4.48,4.44,4.37,4.29,4.23,4.25,4.37,4.44,4.48,4.54,4.62,4.64,4.69,4.76,4.82,4.82,4.85,4.90,4.93,4.93,4.86,4.94,5.03,5.10,5.15,5.25,5.33,5.33,5.18,5.22,5.24,5.25,5.27,5.29,5.30,5.25,5.19,5.18,5.28,5.39,5.43,5.35,5.31,5.16,4.86,4.64,5.26,5.37,5.36,5.34,5.35,5.36,5.36,5.34,5.31,5.31,5.34,5.35,5.35,5.39,5.36,5.46,5.55,5.50,5.52,5.53,5.55,5.59,5.60,5.61,5.59,5.55,5.54,5.52,5.46,5.42,5.43,5.51,5.51,5.47,5.43,5.39,5.34,5.30,5.29,5.28,5.19,5.11,5.04,4.97,4.82,4.91,4.99,5.00,4.95,4.86,4.89,4.93,4.91,4.91,4.90,4.93,4.97,5.02,5.04,5.05,5.05,5.06,5.06,5.06,5.10,5.15,5.06,5.16,5.24,5.29,5.31,5.35,5.37,5.39,5.41,5.32,5.32,5.33,5.36,5.47,5.55,5.62,5.68,5.72,5.59,5.54,5.48,5.42,5.51,5.58,5.65,5.70,5.68,5.70,5.58,5.46,5.40,5.33,5.26,5.23,5.23,5.26,5.33,5.39,5.40,5.35,5.28,5.35,5.47,5.57,5.56,5.57,5.59,5.60,5.60,5.59,5.56,5.55
3.28,3.30,3.32,3.35,3.38,3.42,3.45,3.50,3.57,3.62,3.63,3.62,3.63,3.62,3.59,3.59,3.60,3.60,3.59,3.57,3.56,3.53,3.50,3.47,3.46,3.46,3.48,3.50,3.45,3.45,3.42,3.36,3.32,3.37,3.34,3.32,3.33,3.37,3.43,3.42,3.38,3.39,3.42,3.49,3.53,3.51,3.58,3.63,3.59,3.51,3.52,3.57,3.58,3.60,3.65,3.62,3.64,3.67,3.67,3.66,3.68,3.70,3.73,3.81,3.81,3.84,3.87,3.88,3.89,3.86,3.87,3.92,3.90,3.92,3.92,3.94,4.01,4.04,4.09,4.12,4.15,4.22,4.29,4.33,4.36,4.37,4.41,4.45,4.48,4.48,4.44,4.48,4.50,4.47,4.42,4.37,4.31,4.31,4.40,4.44,4.47,4.52,4.58,4.61,4.66,4.70,4.75,4.80,4.84,4.86,4.87,4.88,4.89,4.94,4.99,5.04,5.14,5.23,5.30,5.29,5.16,5.19,5.22,5.23,5.23,5.26,5.27,5.23,5.18,5.22,5.29,5.40,5.42,5.30,5.30,5.24,5.10,4.97,5.11,5.28,5.36,5.36,5.37,5.38,5.38,5.37,5.36,5.30,5.33,5.36,5.38,5.39,5.40,5.48,5.54,5.50,5.53,5.53,5.54,5.58,5.56,5.59,5.58,5.57,5.57,5.57,5.47,5.39,5.40,5.49,5.48,5.45,5.43,5.38,5.33,5.30,5.28,5.26,5.19,5.12,5.04,4.95,4.81,4.90,4.97,4.99,4.93,4.86,4.93,5.00,4.96,4.96,5.01,5.05,5.07,5.09,5.07,5.07,5.07,5.06,5.06,5.08,5.12,5.15,5.14,5.20,5.24,5.27,5.28,5.31,5.30,5.29,5.30,5.30,5.31,5.32,5.36,5.44,5.55,5.60,5.64,5.67,5.57,5.48,5.42,5.42,5.48,5.53,5.61,5.68,5.67,5.67,5.55,5.45,5.43,5.39,5.34,5.29,5.26,5.25,5.29,5.36,5.38,5.30,5.27,5.32,5.44,5.58,5.58,5.59,5.59,5.60,5.64,5.63,5.60,5.59
3.29,3.30,3.31,3.34,3.37,3.42,3.47,3.53,3.56,3.58,3.60,3.60,3.59,3.59,3.59,3.58,3.58,3.57,3.56,3.56,3.52,3.49,3.46,3.41,3.41,3.39,3.38,3.36,3.31,3.35,3.31,3.23,3.20,3.27,3.29,3.31,3.34,3.37,3.41,3.40,3.35,3.34,3.30,3.31,3.33,3.36,3.40,3.45,3.44,3.40,3.47,3.51,3.51,3.50,3.52,3.51,3.54,3.57,3.60,3.62,3.69,3.72,3.72,3.74,3.75,3.78,3.81,3.84,3.85,3.83,3.85,3.89,3.90,3.94,3.98,4.02,4.05,4.12,4.17,4.20,4.22,4.28,4.32,4.38,4.42,4.39,4.45,4.47,4.48,4.50,4.47,4.49,4.51,4.50,4.46,4.44,4.40,4.39,4.44,4.46,4.49,4.52,4.56,4.61,4.64,4.67,4.70,4.79,4.84,4.84,4.83,4.85,4.90,4.93,4.94,4.97,5.09,5.18,5.23,5.22,5.14,5.16,5.19,5.21,5.20,5.21,5.23,5.20,5.17,5.24,5.31,5.41,5.42,5.28,5.29,5.26,5.25,5.22,5.04,5.25,5.37,5.39,5.40,5.41,5.40,5.39,5.39,5.30,5.32,5.36,5.40,5.39,5.42,5.47,5.51,5.50,5.55,5.53,5.53,5.56,5.56,5.58,5.58,5.57,5.60,5.62,5.49,5.37,5.37,5.47,5.45,5.43,5.42,5.37,5.32,5.30,5.28,5.24,5.18,5.13,5.05,4.93,4.81,4.89,4.96,4.98,4.90,4.86,4.97,5.06,5.02,5.02,5.11,5.16,5.16,5.16,5.11,5.11,5.11,5.07,5.09,5.13,5.17,5.21,5.26,5.28,5.28,5.29,5.30,5.32,5.29,5.24,5.23,5.29,5.29,5.31,5.35,5.40,5.50,5.53,5.55,5.59,5.53,5.41,5.36,5.40,5.43,5.48,5.56,5.64,5.69,5.65,5.52,5.43,5.43,5.41,5.38,5.34,5.28,5.23,5.26,5.33,5.35,5.27,5.26,5.30,5.43,5.59,5.61,5.59,5.59,5.61,5.66,5.65,5.62,5.58
3.30,3.30,3.26,3.23,3.23,3.27,3.35,3.42,3.44,3.45,3.47,3.49,3.48,3.50,3.53,3.49,3.53,3.54,3.55,3.54,3.52,3.50,3.47,3.42,3.44,3.41,3.40,3.39,3.36,3.38,3.35,3.30,3.29,3.31,3.30,3.29,3.30,3.35,3.37,3.35,3.32,3.32,3.30,3.32,3.34,3.36,3.38,3.44,3.45,3.45,3.51,3.53,3.55,3.56,3.58,3.58,3.62,3.65,3.68,3.69,3.73,3.75,3.76,3.78,3.77,3.79,3.81,3.81,3.83,3.83,3.85,3.87,3.88,3.90,3.95,4.00,4.04,4.09,4.13,4.15,4.16,4.21,4.24,4.30,4.35,4.32,4.35,4.37,4.39,4.44,4.46,4.49,4.51,4.52,4.48,4.44,4.41,4.42,4.49,4.52,4.56,4.60,4.65,4.69,4.72,4.75,4.78,4.81,4.85,4.85,4.84,4.86,4.85,4.85,4.85,4.87,4.94,5.04,5.08,5.09,5.10,5.12,5.17,5.19,5.19,5.16,5.18,5.16,5.15,5.25,5.33,5.41,5.41,5.30,5.29,5.02,5.01,5.26,5.28,5.39,5.44,5.45,5.47,5.43,5.42,5.41,5.39,5.32,5.34,5.37,5.39,5.38,5.40,5.40,5.43,5.50,5.57,5.54,5.51,5.53,5.64,5.60,5.57,5.57,5.58,5.60,5.49,5.40,5.40,5.44,5.43,5.41,5.40,5.36,5.31,5.30,5.28,5.21,5.18,5.13,5.04,4.90,4.81,4.88,4.96,4.97,4.86,4.86,4.99,5.09,5.10,5.12,5.14,5.15,5.15,5.14,5.14,5.14,5.10,5.01,5.10,5.14,5.22,5.34,5.38,5.37,5.36,5.37,5.40,5.47,5.39,5.29,5.24,5.31,5.30,5.30,5.31,5.34,5.37,5.38,5.41,5.51,5.46,5.39,5.35,5.35,5.40,5.42,5.49,5.59,5.71,5.67,5.51,5.39,5.38,5.35,5.32,5.29,5.25,5.17,5.21,5.29,5.33,5.26,5.25,5.29,5.41,5.56,5.59,5.60,5.62,5.66,5.64,5.62,5.58,5.47
3.28,3.27,3.23,3.21,3.21,3.28,3.47,3.49,3.47,3.46,3.48,3.52,3.51,3.50,3.52,3.47,3.52,3.54,3.53,3.51,3.49,3.46,3.41,3.37,3.37,3.35,3.33,3.33,3.34,3.33,3.29,3.25,3.27,3.27,3.26,3.25,3.26,3.32,3.34,3.32,3.30,3.29,3.29,3.32,3.34,3.34,3.35,3.38,3.40,3.41,3.47,3.50,3.52,3.54,3.57,3.56,3.58,3.61,3.62,3.65,3.71,3.75,3.76,3.72,3.72,3.73,3.74,3.76,3.80,3.82,3.83,3.83,3.86,3.90,3.96,4.02,4.06,4.10,4.11,4.08,4.06,4.32,4.33,4.36,4.40,4.36,4.40,4.43,4.46,4.47,4.42,4.45,4.49,4.49,4.46,4.43,4.44,4.47,4.52,4.56,4.56,4.57,4.60,4.64,4.69,4.73,4.76,4.81,4.85,4.88,4.89,4.89,4.89,4.89,4.90,4.91,4.94,5.00,5.03,5.04,5.06,5.08,5.11,5.13,5.12,5.09,5.12,5.13,5.14,5.22,5.30,5.36,5.36,5.30,5.28,5.08,5.08,5.29,5.33,5.20,5.14,5.17,5.25,5.39,5.42,5.40,5.37,5.34,5.37,5.41,5.42,5.36,5.38,5.39,5.42,5.49,5.57,5.55,5.51,5.53,5.64,5.60,5.58,5.56,5.57,5.60,5.49,5.40,5.39,5.42,5.41,5.39,5.37,5.33,5.31,5.30,5.27,5.21,5.17,5.12,5.01,4.87,4.81,4.91,4.98,4.96,4.83,4.89,5.02,5.11,5.12,5.14,5.14,5.14,5.14,5.13,5.14,5.13,5.08,4.98,5.08,5.13,5.23,5.36,5.40,5.38,5.38,5.41,5.45,5.46,5.39,5.29,5.24,5.29,5.29,5.31,5.34,5.37,5.38,5.37,5.39,5.45,5.45,5.39,5.35,5.34,5.37,5.39,5.42,5.50,5.63,5.59,5.46,5.36,5.34,5.30,5.27,5.24,5.21,5.16,5.20,5.28,5.32,5.24,5.22,5.31,5.45,5.61,5.65,5.64,5.62,5.62,5.63,5.60,5.48,5.32
3.24,3.22,3.20,3.21,3.24,3.34,3.69,3.65,3.57,3.52,3.57,3.61,3.59,3.55,3.53,3.49,3.53,3.54,3.52,3.48,3.44,3.39,3.34,3.30,3.27,3.27,3.25,3.24,3.28,3.26,3.20,3.16,3.20,3.21,3.20,3.20,3.22,3.28,3.32,3.31,3.27,3.25,3.26,3.30,3.33,3.32,3.31,3.31,3.32,3.34,3.40,3.45,3.46,3.48,3.54,3.51,3.51,3.51,3.52,3.56,3.66,3.73,3.73,3.65,3.69,3.67,3.67,3.73,3.79,3.82,3.82,3.80,3.84,3.93,4.02,4.09,4.13,4.15,4.14,4.04,3.97,4.51,4.49,4.49,4.51,4.44,4.52,4.58,4.59,4.54,4.36,4.40,4.45,4.45,4.42,4.43,4.49,4.54,4.56,4.59,4.55,4.51,4.50,4.54,4.63,4.68,4.71,4.80,4.84,4.90,4.94,4.94,4.95,4.98,5.01,5.01,5.02,5.02,5.03,5.05,5.03,5.05,5.06,5.05,5.03,5.02,5.08,5.12,5.13,5.17,5.25,5.29,5.29,5.27,5.26,5.26,5.28,5.29,5.29,4.89,4.72,4.78,4.93,5.33,5.39,5.36,5.35,5.33,5.39,5.45,5.46,5.33,5.39,5.42,5.45,5.49,5.57,5.56,5.54,5.55,5.60,5.61,5.60,5.57,5.57,5.60,5.48,5.38,5.36,5.41,5.40,5.38,5.35,5.31,5.31,5.29,5.26,5.22,5.17,5.11,4.98,4.82,4.82,4.95,4.99,4.94,4.81,4.93,5.05,5.12,5.12,5.12,5.12,5.12,5.12,5.12,5.12,5.10,5.05,4.97,5.06,5.11,5.20,5.33,5.39,5.35,5.38,5.43,5.46,5.39,5.33,5.27,5.23,5.25,5.28,5.33,5.39,5.43,5.44,5.44,5.42,5.40,5.45,5.40,5.35,5.34,5.35,5.36,5.37,5.41,5.51,5.48,5.41,5.34,5.31,5.27,5.22,5.18,5.16,5.16,5.19,5.27,5.32,5.22,5.20,5.33,5.53,5.71,5.75,5.69,5.61,5.56,5.61,5.59,5.38,5.17
3.18,3.16,3.16,3.14,3.13,3.23,3.64,3.70,3.61,3.54,3.63,3.69,3.65,3.62,3.60,3.57,3.56,3.55,3.54,3.53,3.53,3.51,3.48,3.46,3.51,3.49,3.40,3.33,3.38,3.35,3.32,3.30,3.32,3.32,3.26,3.25,3.27,3.27,3.30,3.30,3.27,3.22,3.18,3.23,3.29,3.33,3.31,3.36,3.41,3.44,3.45,3.52,3.53,3.54,3.63,3.67,3.66,3.64,3.64,3.67,3.72,3.74,3.78,3.95,4.14,4.08,4.01,4.08,3.98,3.96,3.97,3.99,4.02,3.97,4.27,4.57,4.49,4.50,4.50,4.50,4.52,4.67,4.65,4.64,4.61,4.48,4.53,4.55,4.56,4.55,4.39,4.40,4.43,4.45,4.40,4.53,4.66,4.75,4.77,4.73,4.64,4.59,4.62,4.65,4.68,4.70,4.74,4.83,4.83,4.85,4.88,4.89,4.86,4.91,4.95,4.98,5.03,5.06,5.08,5.10,5.12,5.12,5.13,5.13,5.13,5.13,5.16,5.17,5.16,5.12,5.14,5.16,5.18,5.18,5.15,5.17,5.21,5.24,5.25,5.14,5.11,5.13,5.18,5.24,5.03,5.01,5.27,5.04,5.24,5.39,5.43,5.41,5.58,5.54,5.47,5.53,5.69,5.71,5.69,5.68,5.68,5.68,5.65,5.62,5.63,5.55,5.45,5.38,5.39,5.46,5.47,5.45,5.41,5.36,5.33,5.30,5.26,5.22,5.17,5.09,4.92,4.72,4.83,4.96,4.98,4.90,4.78,4.95,5.06,5.10,5.10,5.10,5.10,5.10,5.10,5.10,5.10,5.08,5.03,4.96,5.03,5.08,5.16,5.27,5.40,5.34,5.36,5.44,5.47,5.36,5.29,5.23,5.19,5.22,5.25,5.29,5.33,5.31,5.38,5.40,5.37,5.34,5.38,5.36,5.35,5.40,5.45,5.42,5.43,5.47,5.50,5.48,5.42,5.37,5.37,5.33,5.27,5.22,5.18,5.13,5.18,5.27,5.32,5.22,5.20,5.33,5.53,5.75,5.83,5.71,5.62,5.59,5.59,5.58,5.51,5.35
3.10,3.09,3.11,3.06,3.02,3.10,3.55,3.66,3.58,3.50,3.61,3.68,3.68,3.65,3.64,3.61,3.57,3.56,3.56,3.57,3.60,3.61,3.60,3.59,3.66,3.61,3.50,3.40,3.43,3.42,3.40,3.40,3.41,3.38,3.32,3.29,3.30,3.22,3.27,3.28,3.25,3.17,3.13,3.21,3.32,3.40,3.39,3.45,3.51,3.56,3.58,3.63,3.62,3.61,3.70,3.78,3.77,3.73,3.71,3.74,3.76,3.75,3.83,4.16,4.34,4.26,4.18,4.26,4.09,4.03,4.05,4.09,4.09,3.98,4.38,4.79,4.67,4.68,4.68,4.72,4.78,4.75,4.73,4.72,4.66,4.49,4.50,4.51,4.52,4.53,4.40,4.39,4.42,4.45,4.38,4.62,4.81,4.90,4.89,4.80,4.69,4.66,4.71,4.72,4.73,4.74,4.80,4.96,4.98,5.00,5.00,4.97,4.89,4.93,4.98,5.02,5.07,5.10,5.11,5.12,5.14,5.14,5.15,5.15,5.16,5.18,5.19,5.20,5.18,5.11,5.11,5.13,5.15,5.16,5.13,5.16,5.19,5.21,5.24,5.26,5.28,5.29,5.28,5.21,4.94,4.93,5.26,5.06,5.26,5.41,5.46,5.54,5.63,5.55,5.47,5.54,5.73,5.76,5.74,5.72,5.68,5.70,5.69,5.66,5.66,5.51,5.42,5.38,5.40,5.48,5.50,5.48,5.44,5.36,5.31,5.28,5.25,5.23,5.16,5.06,4.89,4.71,4.85,4.97,4.97,4.88,4.78,4.96,5.06,5.09,5.09,5.09,5.09,5.09,5.09,5.09,5.08,5.06,5.01,4.96,5.04,5.10,5.16,5.24,5.35,5.30,5.31,5.37,5.39,5.31,5.24,5.18,5.14,5.19,5.22,5.25,5.28,5.23,5.30,5.34,5.33,5.28,5.29,5.29,5.32,5.38,5.43,5.41,5.44,5.48,5.48,5.46,5.40,5.35,5.36,5.32,5.27,5.22,5.18,5.12,5.17,5.26,5.30,5.21,5.20,5.31,5.51,5.72,5.83,5.70,5.61,5.59,5.56,5.56,5.54,5.40
3.03,3.02,3.03,2.98,2.91,2.97,3.41,3.54,3.47,3.40,3.51,3.60,3.65,3.66,3.63,3.60,3.56,3.57,3.60,3.62,3.65,3.68,3.70,3.70,3.71,3.63,3.54,3.47,3.45,3.46,3.45,3.44,3.44,3.41,3.37,3.35,3.31,3.14,3.21,3.25,3.21,3.12,3.13,3.24,3.40,3.56,3.56,3.59,3.63,3.69,3.77,3.79,3.72,3.67,3.76,3.84,3.82,3.77,3.73,3.76,3.79,3.79,3.88,4.26,4.26,4.20,4.18,4.26,4.11,4.03,4.04,4.09,4.05,3.96,4.34,4.74,4.66,4.68,4.66,4.68,4.74,4.74,4.74,4.72,4.64,4.47,4.45,4.45,4.46,4.47,4.37,4.38,4.42,4.44,4.36,4.69,4.92,4.99,4.90,4.80,4.72,4.70,4.74,4.76,4.78,4.80,4.91,5.21,5.32,5.36,5.32,5.18,5.03,5.07,5.11,5.12,5.14,5.12,5.11,5.10,5.09,5.10,5.11,5.11,5.10,5.16,5.19,5.20,5.18,5.14,5.16,5.19,5.21,5.21,5.20,5.22,5.22,5.22,5.24,5.24,5.23,5.22,5.22,5.23,5.15,5.17,5.33,5.40,5.45,5.50,5.57,5.72,5.52,5.44,5.45,5.52,5.68,5.70,5.67,5.64,5.59,5.67,5.70,5.70,5.67,5.48,5.40,5.38,5.38,5.48,5.50,5.48,5.43,5.29,5.26,5.23,5.22,5.24,5.13,5.01,4.89,4.81,4.90,4.97,4.96,4.89,4.80,4.97,5.06,5.09,5.09,5.09,5.10,5.10,5.10,5.09,5.06,5.04,5.00,4.97,5.09,5.18,5.23,5.23,5.23,5.22,5.22,5.21,5.21,5.22,5.18,5.12,5.10,5.15,5.19,5.22,5.23,5.17,5.19,5.25,5.29,5.22,5.18,5.20,5.24,5.26,5.28,5.33,5.39,5.43,5.43,5.42,5.35,5.28,5.27,5.22,5.21,5.19,5.16,5.12,5.16,5.24,5.27,5.18,5.18,5.29,5.45,5.61,5.74,5.65,5.58,5.55,5.52,5.52,5.46,5.30
2.98,3.01,3.04,3.06,3.00,2.94,3.09,3.21,3.30,3.41,3.57,3.66,3.69,3.67,3.64,3.59,3.58,3.59,3.63,3.66,3.66,3.68,3.68,3.68,3.67,3.63,3.55,3.47,3.48,3.49,3.50,3.50,3.49,3.46,3.41,3.39,3.38,3.22,3.24,3.26,3.22,3.11,3.09,3.22,3.41,3.58,3.59,3.61,3.64,3.70,3.77,3.87,3.80,3.72,3.80,3.87,3.86,3.81,3.75,3.77,3.82,3.83,3.92,4.25,4.26,4.21,4.19,4.25,4.12,4.05,4.05,4.09,4.04,3.98,4.33,4.72,4.70,4.72,4.69,4.69,4.72,4.73,4.72,4.70,4.62,4.43,4.46,4.46,4.45,4.44,4.31,4.37,4.42,4.42,4.32,4.73,4.96,5.00,4.90,4.79,4.74,4.75,4.78,4.80,4.82,4.86,4.96,5.22,5.37,5.42,5.40,5.33,5.17,5.17,5.21,5.23,5.19,5.18,5.19,5.22,5.27,5.21,5.21,5.21,5.19,5.15,5.15,5.13,5.10,5.07,5.12,5.14,5.14,5.15,5.17,5.18,5.19,5.21,5.24,5.25,5.25,5.25,5.26,5.29,5.28,5.29,5.33,5.39,5.44,5.46,5.49,5.54,5.47,5.45,5.45,5.44,5.53,5.54,5.52,5.51,5.48,5.50,5.53,5.53,5.51,5.37,5.33,5.33,5.32,5.37,5.38,5.38,5.34,5.22,5.20,5.18,5.19,5.25,5.19,5.01,4.88,4.84,4.90,4.98,4.98,4.92,4.86,5.01,5.07,5.08,5.08,5.08,5.09,5.09,5.09,5.09,5.07,5.03,5.01,5.01,5.08,5.16,5.23,5.26,5.25,5.26,5.24,5.22,5.21,5.24,5.20,5.15,5.13,5.12,5.17,5.19,5.19,5.15,5.17,5.23,5.25,5.20,5.15,5.16,5.20,5.23,5.22,5.27,5.33,5.38,5.42,5.40,5.32,5.26,5.26,5.23,5.21,5.19,5.16,5.11,5.15,5.22,5.25,5.16,5.16,5.28,5.43,5.54,5.54,5.43,5.42,5.47,5.43,5.39,5.28,5.15
2.98,3.00,3.06,3.13,3.09,2.95,2.85,2.95,3.23,3.52,3.68,3.73,3.72,3.69,3.64,3.60,3.60,3.62,3.66,3.70,3.67,3.66,3.66,3.64,3.62,3.62,3.56,3.49,3.52,3.54,3.55,3.56,3.53,3.50,3.45,3.44,3.46,3.30,3.27,3.26,3.23,3.12,3.06,3.20,3.41,3.57,3.59,3.61,3.65,3.70,3.76,3.92,3.86,3.76,3.85,3.90,3.89,3.85,3.81,3.84,3.86,3.87,3.95,4.23,4.27,4.23,4.20,4.24,4.14,4.07,4.06,4.09,4.05,4.00,4.33,4.71,4.72,4.74,4.71,4.69,4.71,4.73,4.71,4.68,4.61,4.43,4.49,4.50,4.48,4.42,4.25,4.34,4.42,4.39,4.28,4.72,4.95,4.96,4.88,4.78,4.77,4.80,4.83,4.84,4.87,4.91,5.00,5.21,5.38,5.44,5.45,5.44,5.29,5.27,5.30,5.32,5.24,5.25,5.27,5.33,5.43,5.31,5.30,5.30,5.27,5.16,5.12,5.09,5.07,5.08,5.14,5.14,5.14,5.15,5.18,5.18,5.19,5.22,5.25,5.26,5.26,5.27,5.28,5.33,5.36,5.36,5.35,5.37,5.40,5.42,5.42,5.40,5.46,5.49,5.48,5.41,5.43,5.42,5.41,5.40,5.38,5.37,5.37,5.38,5.36,5.27,5.27,5.26,5.24,5.27,5.27,5.27,5.25,5.15,5.14,5.13,5.15,5.24,5.21,5.00,4.87,4.88,4.92,4.98,4.98,4.94,4.89,5.04,5.07,5.07,5.07,5.08,5.08,5.09,5.09,5.08,5.07,5.02,5.00,5.04,5.08,5.15,5.22,5.27,5.27,5.28,5.26,5.23,5.21,5.23,5.21,5.18,5.14,5.08,5.16,5.19,5.16,5.15,5.17,5.20,5.21,5.17,5.13,5.15,5.18,5.22,5.20,5.24,5.29,5.34,5.39,5.39,5.30,5.23,5.25,5.23,5.21,5.19,5.16,5.10,5.14,5.22,5.24,5.14,5.14,5.25,5.36,5.42,5.34,5.27,5.29,5.35,5.34,5.27,5.15,5.05
3.03,2.99,3.07,3.11,3.11,3.04,2.86,2.90,3.39,3.86,3.87,3.78,3.74,3.70,3.65,3.60,3.62,3.65,3.70,3.75,3.67,3.65,3.65,3.63,3.61,3.60,3.58,3.56,3.60,3.61,3.62,3.61,3.59,3.53,3.50,3.52,3.53,3.31,3.26,3.26,3.25,3.16,3.07,3.18,3.37,3.53,3.56,3.60,3.65,3.72,3.81,3.95,3.88,3.81,3.95,3.94,3.90,3.92,3.99,4.07,3.94,3.89,3.98,4.24,4.29,4.25,4.21,4.23,4.16,4.10,4.08,4.10,4.05,4.01,4.34,4.70,4.70,4.67,4.67,4.68,4.70,4.75,4.70,4.69,4.67,4.52,4.56,4.61,4.58,4.41,4.19,4.29,4.39,4.37,4.24,4.63,4.82,4.85,4.83,4.80,4.81,4.84,4.87,4.89,4.93,4.96,5.04,5.20,5.39,5.46,5.46,5.44,5.37,5.37,5.39,5.38,5.30,5.30,5.32,5.38,5.50,5.38,5.33,5.31,5.27,5.21,5.12,5.12,5.21,5.32,5.31,5.30,5.30,5.31,5.32,5.33,5.32,5.29,5.28,5.25,5.22,5.22,5.24,5.28,5.31,5.35,5.40,5.41,5.40,5.41,5.43,5.46,5.52,5.55,5.54,5.50,5.49,5.45,5.41,5.38,5.35,5.34,5.31,5.29,5.31,5.25,5.23,5.19,5.14,5.18,5.19,5.18,5.14,5.10,5.09,5.08,5.11,5.20,5.12,4.94,4.86,4.91,4.97,4.99,4.96,4.91,4.86,5.06,5.08,5.05,5.04,5.07,5.08,5.08,5.08,5.06,5.04,4.99,4.96,5.02,5.10,5.18,5.22,5.23,5.24,5.24,5.22,5.20,5.17,5.15,5.18,5.16,5.06,5.02,5.16,5.22,5.19,5.23,5.18,5.15,5.14,5.13,5.11,5.15,5.19,5.21,5.23,5.25,5.28,5.31,5.34,5.37,5.27,5.18,5.19,5.17,5.16,5.15,5.13,5.09,5.14,5.22,5.24,5.13,5.16,5.20,5.21,5.19,5.21,5.30,5.27,5.19,5.25,5.19,5.13,5.10
3.06,3.03,3.04,3.07,3.08,3.05,2.94,2.90,3.18,3.58,3.91,3.82,3.76,3.71,3.66,3.63,3.65,3.70,3.72,3.68,3.64,3.64,3.64,3.62,3.61,3.59,3.58,3.59,3.64,3.63,3.63,3.63,3.61,3.57,3.57,3.61,3.64,3.35,3.25,3.24,3.25,3.19,3.07,3.16,3.33,3.51,3.55,3.61,3.67,3.73,3.82,3.97,3.93,3.87,3.97,4.02,4.02,4.03,4.08,4.13,3.98,3.91,3.97,4.14,4.21,4.23,4.22,4.22,4.16,4.11,4.10,4.12,4.10,4.07,4.37,4.70,4.68,4.67,4.68,4.71,4.73,4.73,4.70,4.71,4.70,4.58,4.55,4.53,4.48,4.35,4.17,4.28,4.37,4.36,4.29,4.61,4.76,4.77,4.77,4.77,4.82,4.87,4.91,4.94,4.98,5.02,5.08,5.19,5.38,5.46,5.46,5.46,5.43,5.44,5.45,5.42,5.35,5.35,5.37,5.41,5.46,5.36,5.32,5.29,5.26,5.19,5.10,5.13,5.25,5.36,5.35,5.35,5.34,5.35,5.36,5.36,5.36,5.35,5.35,5.31,5.29,5.30,5.31,5.31,5.34,5.39,5.43,5.43,5.43,5.42,5.41,5.44,5.52,5.54,5.52,5.49,5.46,5.43,5.40,5.38,5.35,5.34,5.30,5.28,5.30,5.26,5.24,5.20,5.15,5.15,5.16,5.13,5.09,5.08,5.06,5.04,5.04,5.08,5.02,4.94,4.93,4.98,5.02,5.02,4.99,4.94,4.87,4.99,5.03,5.03,5.02,5.04,5.06,5.09,5.10,5.05,5.02,4.97,4.95,5.03,5.09,5.15,5.18,5.17,5.18,5.19,5.18,5.17,5.14,5.09,5.12,5.12,5.03,5.03,5.19,5.26,5.25,5.27,5.18,5.11,5.08,5.08,5.08,5.11,5.17,5.23,5.24,5.25,5.27,5.28,5.30,5.34,5.23,5.14,5.16,5.15,5.15,5.14,5.13,5.08,5.12,5.20,5.22,5.12,5.15,5.16,5.14,5.12,5.16,5.26,5.27,5.20,5.16,5.12,5.10,5.10
1.02,3.08,3.01,3.02,3.04,3.04,3.02,2.93,2.84,3.08,3.82,3.84,3.78,3.71,3.67,3.66,3.69,3.74,3.73,3.57,3.61,3.63,3.63,3.62,3.60,3.59,3.58,3.60,3.67,3.64,3.63,3.63,3.62,3.61,3.63,3.69,3.74,3.39,3.25,3.23,3.25,3.21,3.08,3.13,3.30,3.50,3.55,3.62,3.68,3.74,3.81,3.98,3.98,3.93,3.96,4.11,4.16,4.16,4.13,4.13,4.02,3.95,3.94,4.01,4.11,4.19,4.23,4.21,4.15,4.13,4.12,4.13,4.16,4.15,4.42,4.69,4.67,4.69,4.71,4.73,4.74,4.66,4.65,4.67,4.68,4.58,4.48,4.37,4.29,4.28,4.17,4.28,4.35,4.34,4.37,4.63,4.73,4.73,4.73,4.74,4.81,4.89,4.95,4.98,5.02,5.05,5.11,5.18,5.37,5.44,5.46,5.46,5.47,5.49,5.48,5.44,5.41,5.39,5.41,5.43,5.37,5.31,5.29,5.27,5.25,5.14,5.09,5.13,5.23,5.31,5.34,5.34,5.33,5.34,5.34,5.33,5.36,5.41,5.43,5.40,5.41,5.42,5.42,5.38,5.40,5.44,5.46,5.45,5.47,5.45,5.40,5.41,5.50,5.50,5.47,5.44,5.40,5.40,5.40,5.38,5.36,5.35,5.32,5.29,5.30,5.28,5.27,5.24,5.19,5.15,5.14,5.10,5.07,5.07,5.03,5.00,4.97,4.94,4.94,4.97,5.02,5.06,5.08,5.07,5.04,4.99,4.90,4.90,4.95,4.99,4.99,5.00,5.03,5.08,5.11,5.03,5.00,4.95,4.95,5.06,5.05,5.10,5.13,5.12,5.13,5.14,5.14,5.13,5.11,5.06,5.07,5.06,5.01,5.06,5.21,5.29,5.29,5.30,5.17,5.07,5.02,5.03,5.06,5.07,5.13,5.24,5.24,5.25,5.25,5.26,5.27,5.32,5.20,5.11,5.15,5.15,5.15,5.15,5.13,5.07,5.11,5.17,5.20,5.12,5.12,5.12,5.11,5.12,5.15,5.20,5.28,5.28,5.07,5.05,5.06,5.08
0.45,1.24,3.04,2.99,2.99,3.02,3.06,3.02,2.94,2.99,3.30,3.82,3.83,3.73,3.67,3.69,3.74,3.75,3.70,3.55,3.59,3.62,3.63,3.61,3.59,3.57,3.58,3.61,3.67,3.64,3.63,3.63,3.63,3.62,3.60,3.62,3.63,3.40,3.26,3.23,3.25,3.23,3.08,3.12,3.28,3.48,3.55,3.62,3.68,3.75,3.81,3.92,3.97,3.95,3.89,4.07,4.16,4.19,4.19,4.18,4.05,3.98,3.98,3.99,4.10,4.15,4.15,4.15,4.12,4.11,4.11,4.11,4.11,4.13,4.43,4.71,4.66,4.70,4.70,4.59,4.38,4.30,4.19,4.22,4.29,4.16,4.28,4.23,4.17,4.19,4.16,4.29,4.34,4.32,4.34,4.55,4.65,4.68,4.70,4.73,4.78,4.84,4.89,4.94,4.94,4.94,4.98,5.12,5.31,5.37,5.39,5.42,5.42,5.42,5.41,5.41,5.43,5.43,5.46,5.45,5.31,5.30,5.29,5.28,5.25,5.12,5.08,5.14,5.25,5.28,5.31,5.31,5.31,5.32,5.33,5.32,5.35,5.42,5.46,5.48,5.47,5.47,5.48,5.48,5.51,5.54,5.54,5.51,5.49,5.48,5.48,5.47,5.43,5.37,5.38,5.51,5.47,5.44,5.43,5.41,5.38,5.36,5.33,5.28,5.25,5.25,5.23,5.19,5.16,5.13,5.13,5.10,5.06,5.07,5.04,5.01,4.99,4.95,5.00,5.04,5.07,5.09,5.09,5.06,5.03,5.00,4.93,4.87,4.87,4.87,4.85,4.86,4.86,4.90,4.94,4.88,4.91,4.88,4.89,5.00,4.95,5.02,5.10,5.16,5.20,5.14,5.10,5.08,5.06,5.09,5.10,5.05,4.98,5.00,5.13,5.20,5.21,5.21,5.12,5.05,5.01,5.01,5.07,5.10,5.15,5.21,5.20,5.21,5.21,5.23,5.28,5.32,5.18,5.08,5.12,5.15,5.15,5.14,5.13,5.08,5.12,5.17,5.18,5.10,5.07,5.08,5.09,5.12,5.15,5.19,5.26,5.27,5.11,5.04,5.03,5.04
0.16,0.33,3.06,2.99,2.97,2.98,3.04,3.06,3.03,2.99,3.01,3.54,3.70,3.71,3.69,3.74,3.80,3.74,3.62,3.53,3.57,3.61,3.62,3.60,3.58,3.56,3.58,3.62,3.67,3.63,3.63,3.64,3.63,3.63,3.60,3.58,3.54,3.41,3.26,3.23,3.26,3.26,3.12,3.14,3.27,3.46,3.54,3.63,3.70,3.75,3.82,3.90,3.92,3.90,3.86,4.05,4.14,4.18,4.21,4.20,4.08,4.02,4.01,3.97,4.05,4.06,4.07,4.09,4.08,4.09,4.10,4.10,4.10,4.15,4.37,4.56,4.52,4.54,4.54,4.42,4.20,4.13,4.02,4.04,4.11,4.02,4.16,4.16,4.12,4.12,4.15,4.27,4.32,4.29,4.31,4.46,4.56,4.60,4.64,4.68,4.72,4.77,4.83,4.89,4.88,4.87,4.92,5.15,5.28,5.33,5.35,5.37,5.37,5.36,5.36,5.37,5.41,5.43,5.46,5.43,5.27,5.28,5.28,5.27,5.24,5.11,5.08,5.16,5.29,5.28,5.29,5.29,5.29,5.30,5.32,5.31,5.34,5.42,5.50,5.53,5.53,5.52,5.59,5.61,5.63,5.64,5.62,5.57,5.53,5.52,5.52,5.49,5.39,5.33,5.37,5.52,5.49,5.46,5.44,5.42,5.40,5.39,5.36,5.30,5.25,5.25,5.23,5.18,5.14,5.15,5.14,5.12,5.08,5.06,5.02,4.98,4.95,4.93,5.01,5.06,5.09,5.10,5.10,5.06,5.03,5.00,4.95,4.87,4.85,4.84,4.81,4.82,4.82,4.84,4.87,4.86,4.90,4.88,4.88,4.95,4.88,4.94,5.02,5.08,5.10,5.03,4.98,4.96,4.95,5.03,5.02,4.97,4.93,4.95,5.05,5.12,5.13,5.14,5.08,5.03,5.00,5.00,5.05,5.13,5.18,5.18,5.17,5.17,5.18,5.22,5.30,5.31,5.16,5.04,5.08,5.11,5.12,5.12,5.11,5.07,5.11,5.16,5.16,5.09,5.06,5.06,5.08,5.11,5.15,5.19,5.24,5.26,5.19,5.06,5.02,5.02
0.13,0.15,0.26,3.02,2.98,2.94,2.97,3.04,3.10,3.08,2.93,3.01,3.39,3.66,3.72,3.80,3.86,3.70,3.49,3.52,3.56,3.59,3.60,3.59,3.57,3.56,3.57,3.62,3.66,3.62,3.63,3.65,3.64,3.63,3.62,3.56,3.47,3.40,3.25,3.21,3.26,3.31,3.18,3.16,3.25,3.42,3.52,3.65,3.73,3.76,3.82,3.91,3.86,3.79,3.88,4.06,4.10,4.13,4.18,4.16,4.10,4.07,4.04,3.95,3.95,3.94,3.97,4.04,4.04,4.06,4.09,4.11,4.14,4.19,4.24,4.26,4.25,4.24,4.24,4.23,4.18,4.14,4.13,4.13,4.14,4.13,4.14,4.16,4.14,4.09,4.14,4.24,4.28,4.26,4.27,4.36,4.43,4.49,4.54,4.58,4.62,4.69,4.78,4.83,4.82,4.83,4.93,5.24,5.28,5.32,5.34,5.33,5.32,5.32,5.32,5.33,5.36,5.40,5.41,5.37,5.25,5.25,5.26,5.25,5.22,5.11,5.09,5.20,5.34,5.31,5.29,5.28,5.27,5.28,5.31,5.29,5.33,5.43,5.54,5.57,5.56,5.60,5.76,5.75,5.74,5.73,5.69,5.63,5.58,5.55,5.51,5.45,5.37,5.37,5.43,5.49,5.48,5.44,5.42,5.42,5.43,5.44,5.41,5.35,5.29,5.27,5.26,5.21,5.12,5.19,5.19,5.16,5.12,5.05,4.98,4.90,4.85,4.87,4.98,5.05,5.09,5.10,5.10,5.07,5.04,5.00,4.94,4.89,4.89,4.89,4.87,4.87,4.89,4.90,4.90,4.95,4.96,4.95,4.93,4.91,4.86,4.86,4.88,4.90,4.86,4.82,4.78,4.76,4.77,4.88,4.86,4.83,4.86,4.92,4.99,5.04,5.06,5.09,5.05,5.01,4.99,4.99,5.00,5.15,5.21,5.14,5.14,5.13,5.15,5.21,5.31,5.30,5.13,5.00,5.03,5.04,5.06,5.08,5.08,5.04,5.08,5.13,5.14,5.06,5.07,5.06,5.07,5.11,5.15,5.18,5.22,5.26,5.30,5.10,5.03,5.00
0.14,0.11,0.13,0.95,2.05,2.95,2.93,2.98,3.06,3.11,3.07,2.98,3.15,3.51,3.91,3.87,3.79,3.61,3.46,3.50,3.54,3.58,3.59,3.58,3.56,3.55,3.58,3.64,3.65,3.62,3.64,3.66,3.65,3.64,3.62,3.60,3.57,3.44,3.29,3.24,3.27,3.29,3.21,3.18,3.24,3.39,3.52,3.62,3.70,3.76,3.84,3.94,3.97,3.94,3.92,4.03,4.05,4.07,4.11,4.11,4.12,4.12,4.06,3.92,3.98,4.02,4.06,4.10,4.07,4.11,4.14,4.16,4.21,4.25,4.28,4.27,4.25,4.26,4.27,4.28,4.29,4.25,4.23,4.22,4.21,4.15,4.15,4.17,4.18,4.16,4.14,4.22,4.25,4.22,4.27,4.37,4.43,4.49,4.54,4.61,4.68,4.73,4.77,4.82,4.84,4.86,4.92,5.07,5.09,5.13,5.16,5.15,5.18,5.25,5.31,5.34,5.36,5.37,5.34,5.28,5.21,5.22,5.23,5.23,5.21,5.11,5.12,5.21,5.31,5.33,5.28,5.26,5.26,5.27,5.29,5.28,5.32,5.43,5.54,5.60,5.61,5.64,5.78,5.84,5.83,5.79,5.72,5.66,5.60,5.53,5.46,5.39,5.32,5.34,5.41,5.46,5.49,5.45,5.43,5.43,5.45,5.45,5.46,5.44,5.36,5.30,5.27,5.22,5.16,5.29,5.27,5.25,5.22,5.18,5.14,5.10,5.04,4.93,4.91,4.97,5.04,5.08,5.08,5.05,5.00,4.94,4.86,4.79,4.78,4.80,4.80,4.83,4.84,4.85,4.87,4.92,4.96,4.95,4.93,4.91,4.92,4.92,4.92,4.92,4.92,4.90,4.89,4.89,4.88,4.89,4.89,4.90,4.90,4.91,4.94,4.96,4.96,4.97,4.98,4.94,4.89,4.91,4.94,5.05,5.11,5.11,5.14,5.14,5.15,5.17,5.21,5.25,5.10,4.98,5.01,5.02,5.04,5.06,5.07,5.02,5.06,5.12,5.12,5.06,5.03,5.05,5.06,5.07,5.08,5.12,5.15,5.16,5.17,5.06,4.97,4.91
0.15,0.12,0.15,0.19,1.12,2.96,2.91,2.93,3.01,3.11,3.17,3.03,3.01,3.33,3.87,3.92,3.70,3.52,3.45,3.49,3.52,3.56,3.58,3.57,3.55,3.55,3.59,3.66,3.64,3.61,3.63,3.67,3.66,3.64,3.61,3.63,3.65,3.52,3.34,3.26,3.26,3.28,3.23,3.17,3.20,3.36,3.50,3.59,3.66,3.75,3.85,3.95,4.05,4.06,3.94,4.02,4.03,4.04,4.08,4.11,4.14,4.14,4.08,3.93,4.03,4.10,4.15,4.18,4.15,4.19,4.21,4.23,4.28,4.31,4.32,4.31,4.28,4.30,4.32,4.35,4.37,4.33,4.28,4.27,4.25,4.16,4.17,4.19,4.21,4.20,4.13,4.21,4.22,4.18,4.26,4.37,4.44,4.49,4.56,4.66,4.75,4.80,4.82,4.86,4.88,4.90,4.91,4.92,4.94,4.98,5.01,5.01,5.08,5.18,5.27,5.31,5.31,5.31,5.26,5.21,5.17,5.18,5.18,5.18,5.18,5.10,5.13,5.21,5.30,5.34,5.27,5.24,5.25,5.25,5.28,5.27,5.32,5.43,5.53,5.61,5.64,5.67,5.78,5.88,5.87,5.81,5.73,5.67,5.58,5.48,5.40,5.31,5.26,5.31,5.39,5.44,5.48,5.46,5.44,5.45,5.46,5.47,5.51,5.52,5.40,5.32,5.28,5.22,5.18,5.33,5.33,5.30,5.29,5.26,5.26,5.25,5.18,5.00,4.89,4.91,4.98,5.05,5.05,5.01,4.94,4.88,4.85,4.76,4.75,4.76,4.78,4.82,4.83,4.83,4.85,4.88,4.94,4.93,4.90,4.88,4.92,4.94,4.94,4.94,4.95,4.96,4.97,4.98,4.97,4.90,4.93,4.97,4.95,4.91,4.93,4.93,4.91,4.90,4.95,4.91,4.86,4.87,4.92,4.97,5.02,5.06,5.11,5.11,5.10,5.10,5.10,5.16,5.05,4.95,4.98,4.99,5.02,5.03,5.03,4.99,5.06,5.11,5.12,5.05,5.00,5.03,5.06,5.05,5.03,5.06,5.06,5.05,5.03,5.01,4.93,4.88
0.18,0.19,0.23,0.19,0.35,1.07,2.97,2.91,2.94,3.02,3.12,3.16,3.06,3.07,3.33,3.94,3.60,3.42,3.44,3.47,3.51,3.55,3.56,3.56,3.54,3.57,3.62,3.66,3.63,3.60,3.63,3.67,3.67,3.63,3.59,3.62,3.69,3.64,3.39,3.26,3.24,3.27,3.23,3.11,3.11,3.30,3.46,3.55,3.64,3.74,3.85,3.95,4.04,4.06,3.94,4.04,4.08,4.10,4.14,4.21,4.15,4.12,4.10,4.02,4.09,4.14,4.20,4.28,4.30,4.33,4.34,4.33,4.36,4.37,4.34,4.32,4.30,4.32,4.35,4.37,4.38,4.34,4.25,4.22,4.21,4.18,4.19,4.21,4.20,4.17,4.13,4.19,4.20,4.17,4.22,4.37,4.44,4.47,4.58,4.71,4.83,4.92,4.97,4.98,4.96,4.94,4.91,4.90,4.91,4.93,4.96,4.98,5.05,5.11,5.16,5.20,5.17,5.18,5.17,5.15,5.14,5.15,5.11,5.08,5.09,5.08,5.12,5.21,5.32,5.36,5.25,5.24,5.26,5.24,5.27,5.27,5.32,5.43,5.51,5.58,5.63,5.68,5.76,5.83,5.81,5.75,5.71,5.60,5.49,5.40,5.31,5.21,5.19,5.29,5.40,5.45,5.45,5.45,5.45,5.47,5.48,5.48,5.54,5.55,5.37,5.35,5.30,5.23,5.18,5.27,5.30,5.30,5.26,5.22,5.24,5.23,5.18,5.07,4.96,4.91,4.94,5.02,5.01,4.94,4.85,4.83,4.98,4.91,4.88,4.87,4.86,4.87,4.90,4.90,4.86,4.82,4.88,4.87,4.82,4.79,4.80,4.84,4.88,4.90,4.88,4.91,4.92,4.93,4.96,4.91,4.95,4.99,4.99,4.95,4.99,5.00,4.98,4.98,4.99,5.00,4.99,4.97,4.98,4.98,4.98,4.98,5.00,4.98,4.98,4.98,4.97,5.01,4.96,4.91,4.91,4.93,5.00,4.99,4.93,4.93,5.05,5.12,5.11,5.02,4.99,5.02,5.06,5.07,5.03,5.01,4.97,4.93,4.95,4.97,4.97,4.97
0.21,0.23,0.30,0.28,0.21,0.53,2.99,2.93,2.94,2.98,3.06,3.16,3.11,3.04,3.09,3.55,3.39,3.35,3.42,3.46,3.50,3.53,3.55,3.55,3.53,3.58,3.64,3.67,3.62,3.60,3.62,3.66,3.66,3.64,3.60,3.61,3.67,3.63,3.41,3.27,3.23,3.27,3.25,3.12,3.10,3.28,3.45,3.56,3.65,3.76,3.88,3.98,4.07,4.07,3.93,4.06,4.11,4.15,4.20,4.25,4.18,4.13,4.12,4.09,4.15,4.21,4.28,4.35,4.36,4.37,4.37,4.37,4.41,4.34,4.33,4.34,4.33,4.34,4.37,4.39,4.40,4.35,4.24,4.19,4.20,4.19,4.21,4.22,4.21,4.18,4.12,4.17,4.18,4.15,4.19,4.34,4.42,4.48,4.60,4.74,4.86,4.97,5.03,5.02,4.98,4.96,4.95,4.94,4.97,4.99,5.02,5.08,5.11,5.14,5.18,5.22,5.24,5.19,5.18,5.18,5.13,5.12,5.07,5.03,5.05,5.07,5.11,5.17,5.22,5.22,5.19,5.20,5.23,5.22,5.25,5.25,5.28,5.35,5.40,5.50,5.59,5.65,5.68,5.75,5.71,5.66,5.64,5.52,5.41,5.31,5.22,5.14,5.14,5.28,5.42,5.45,5.45,5.46,5.47,5.48,5.49,5.50,5.56,5.57,5.42,5.43,5.37,5.29,5.24,5.25,5.29,5.29,5.25,5.22,5.25,5.24,5.19,5.09,4.95,4.89,4.92,4.99,4.96,4.86,4.82,4.87,5.02,4.96,4.91,4.88,4.87,4.89,4.89,4.88,4.86,4.85,4.89,4.88,4.86,4.87,4.89,4.89,4.91,4.95,4.93,4.96,4.96,4.95,4.98,4.90,4.94,4.97,4.92,4.88,4.93,4.96,4.96,4.98,4.99,5.01,5.03,5.02,5.00,4.99,4.97,4.97,4.97,4.97,4.98,4.99,4.98,4.99,4.97,4.94,4.93,4.94,4.99,4.99,4.96,4.99,5.09,5.14,5.13,5.06,5.02,5.00,5.01,5.03,5.03,5.02,5.00,4.97,4.98,4.98,4.98,4.97
0.25,0.27,0.35,0.37,0.29,0.33,1.07,2.97,2.96,2.96,3.00,3.12,3.15,3.09,2.99,3.08,3.16,3.28,3.40,3.44,3.48,3.52,3.54,3.55,3.53,3.58,3.64,3.68,3.61,3.59,3.60,3.64,3.65,3.65,3.62,3.61,3.63,3.56,3.40,3.27,3.22,3.27,3.26,3.16,3.13,3.27,3.44,3.56,3.68,3.79,3.90,4.01,4.10,4.09,3.94,4.08,4.15,4.19,4.24,4.28,4.20,4.15,4.14,4.14,4.22,4.30,4.36,4.39,4.37,4.37,4.37,4.39,4.45,4.32,4.31,4.36,4.35,4.35,4.38,4.40,4.41,4.35,4.22,4.18,4.20,4.21,4.23,4.23,4.22,4.18,4.11,4.16,4.16,4.11,4.17,4.30,4.40,4.49,4.62,4.75,4.87,4.98,5.05,5.02,4.98,4.97,4.98,4.99,5.06,5.09,5.13,5.21,5.19,5.21,5.25,5.30,5.37,5.24,5.22,5.22,5.14,5.11,5.05,5.01,5.02,5.05,5.10,5.12,5.10,5.06,5.12,5.16,5.18,5.20,5.22,5.22,5.23,5.26,5.29,5.42,5.54,5.61,5.59,5.66,5.59,5.54,5.54,5.43,5.33,5.23,5.14,5.08,5.09,5.28,5.45,5.46,5.46,5.47,5.49,5.50,5.51,5.52,5.57,5.58,5.49,5.51,5.45,5.37,5.31,5.24,5.28,5.28,5.24,5.22,5.27,5.26,5.20,5.09,4.91,4.87,4.91,4.96,4.92,4.79,4.81,4.92,5.02,4.97,4.91,4.87,4.87,4.89,4.85,4.84,4.86,4.90,4.91,4.91,4.93,5.00,5.04,4.99,4.98,5.03,5.02,5.05,5.03,5.00,5.01,4.91,4.93,4.94,4.84,4.81,4.87,4.90,4.92,4.97,4.97,5.00,5.03,5.04,5.00,4.99,4.98,4.97,4.97,4.99,5.02,5.03,5.03,5.02,5.00,4.98,4.97,4.98,5.00,5.01,5.03,5.08,5.15,5.17,5.16,5.12,5.06,4.99,4.97,4.99,5.02,5.05,5.06,5.05,5.02,5.00,4.98,4.95
0.29,0.32,0.35,0.33,0.26,0.22,0.43,1.39,2.94,2.94,2.97,3.06,3.11,3.11,3.07,3.00,3.04,3.15,3.28,3.40,3.47,3.51,3.53,3.54,3.57,3.59,3.64,3.68,3.61,3.57,3.56,3.57,3.57,3.58,3.60,3.62,3.61,3.50,3.36,3.25,3.21,3.27,3.27,3.18,3.15,3.24,3.38,3.52,3.68,3.83,3.91,3.99,4.06,4.09,4.04,4.09,4.15,4.22,4.27,4.32,4.22,4.17,4.16,4.13,4.23,4.33,4.40,4.40,4.31,4.28,4.28,4.32,4.44,4.42,4.41,4.40,4.38,4.35,4.36,4.38,4.38,4.32,4.23,4.20,4.21,4.25,4.26,4.28,4.24,4.14,4.13,4.15,4.11,4.05,4.16,4.28,4.38,4.49,4.61,4.73,4.84,4.93,5.00,4.99,4.95,4.96,4.99,5.00,5.09,5.13,5.19,5.26,5.19,5.26,5.33,5.36,5.36,5.29,5.24,5.23,5.26,5.20,5.12,5.03,4.97,4.99,5.08,5.13,5.13,5.12,5.12,5.12,5.12,5.15,5.19,5.22,5.25,5.28,5.34,5.40,5.50,5.56,5.54,5.55,5.48,5.42,5.42,5.34,5.25,5.16,5.10,5.09,5.08,5.27,5.46,5.47,5.48,5.49,5.50,5.51,5.52,5.54,5.56,5.56,5.52,5.51,5.48,5.41,5.32,5.20,5.25,5.26,5.24,5.24,5.28,5.28,5.22,5.06,4.86,4.85,4.92,4.97,4.89,4.75,4.80,4.95,5.06,5.00,4.93,4.89,4.89,4.94,4.93,4.90,4.90,4.91,4.90,4.92,4.96,5.03,5.09,5.02,5.01,5.09,5.05,5.08,5.07,5.05,5.04,5.00,5.00,4.98,4.94,4.99,5.03,5.02,5.00,5.01,5.00,5.01,5.02,5.01,4.97,4.98,4.96,4.90,4.96,4.92,4.92,4.94,4.97,4.98,4.97,4.97,4.99,5.00,5.01,5.03,5.05,5.11,5.15,5.16,5.16,5.15,5.08,5.05,5.04,5.05,5.06,5.05,5.03,5.01,4.95,4.98,4.98,4.98
0.31,0.34,0.33,0.28,0.23,0.18,0.15,0.68,2.39,2.55,2.98,3.01,3.06,3.11,3.12,3.04,2.99,3.05,3.20,3.35,3.48,3.53,3.54,3.56,3.59,3.57,3.60,3.65,3.61,3.55,3.54,3.54,3.54,3.54,3.57,3.59,3.58,3.49,3.38,3.26,3.18,3.26,3.28,3.20,3.14,3.18,3.34,3.49,3.65,3.79,3.86,3.95,4.04,4.10,4.12,4.11,4.16,4.23,4.27,4.30,4.22,4.18,4.17,4.12,4.22,4.30,4.35,4.33,4.21,4.19,4.21,4.27,4.40,4.46,4.45,4.40,4.37,4.33,4.33,4.35,4.36,4.28,4.23,4.21,4.22,4.24,4.25,4.27,4.21,4.07,4.13,4.15,4.10,4.04,4.16,4.26,4.36,4.47,4.59,4.70,4.80,4.89,4.96,4.95,4.94,4.96,5.00,5.01,5.10,5.17,5.24,5.30,5.24,5.32,5.37,5.38,5.33,5.28,5.23,5.22,5.28,5.25,5.19,5.09,4.98,4.98,5.09,5.16,5.17,5.19,5.19,5.18,5.18,5.19,5.23,5.25,5.30,5.36,5.38,5.40,5.45,5.49,5.47,5.46,5.40,5.35,5.33,5.27,5.19,5.13,5.10,5.11,5.09,5.29,5.48,5.47,5.47,5.49,5.52,5.53,5.54,5.55,5.53,5.51,5.53,5.50,5.46,5.40,5.31,5.17,5.21,5.23,5.21,5.24,5.28,5.28,5.20,5.00,4.83,4.85,4.92,4.97,4.88,4.75,4.82,4.98,5.07,5.04,4.97,4.92,4.91,4.96,4.96,4.94,4.92,4.91,4.89,4.91,4.97,5.04,5.12,5.07,5.08,5.16,5.11,5.10,5.09,5.07,5.06,5.03,5.01,4.99,4.95,5.03,5.07,5.07,5.04,5.03,5.02,5.02,5.03,5.01,4.98,5.04,5.05,5.01,5.05,5.02,4.99,4.98,4.97,4.99,4.98,4.98,5.02,5.00,5.00,5.01,5.04,5.12,5.15,5.16,5.16,5.16,5.09,5.07,5.06,5.04,5.05,5.04,5.04,5.03,4.99,5.03,5.02,5.01
0.32,0.32,0.30,0.23,0.20,0.19,0.16,0.17,1.40,1.85,3.01,2.97,3.01,3.07,3.14,3.17,2.99,3.00,3.15,3.29,3.51,3.57,3.58,3.60,3.60,3.54,3.54,3.58,3.61,3.54,3.53,3.54,3.53,3.53,3.53,3.54,3.54,3.52,3.44,3.28,3.15,3.25,3.30,3.21,3.11,3.10,3.31,3.46,3.58,3.68,3.78,3.90,4.02,4.12,4.18,4.12,4.17,4.22,4.25,4.24,4.20,4.18,4.16,4.10,4.20,4.23,4.22,4.19,4.06,4.10,4.16,4.24,4.35,4.45,4.43,4.36,4.34,4.30,4.30,4.32,4.34,4.25,4.23,4.22,4.21,4.21,4.21,4.22,4.15,3.99,4.11,4.14,4.11,4.07,4.17,4.26,4.34,4.44,4.56,4.67,4.77,4.85,4.92,4.92,4.94,4.98,5.01,5.02,5.12,5.21,5.28,5.33,5.33,5.38,5.40,5.35,5.30,5.24,5.20,5.19,5.21,5.26,5.25,5.17,5.05,5.02,5.14,5.21,5.23,5.26,5.29,5.32,5.32,5.30,5.31,5.32,5.38,5.48,5.44,5.41,5.40,5.40,5.40,5.40,5.36,5.32,5.27,5.20,5.15,5.13,5.13,5.12,5.12,5.32,5.50,5.44,5.43,5.49,5.54,5.55,5.56,5.57,5.49,5.43,5.51,5.47,5.41,5.34,5.27,5.16,5.17,5.18,5.17,5.22,5.27,5.26,5.14,4.92,4.81,4.84,4.91,4.96,4.89,4.79,4.87,5.02,5.06,5.09,5.05,4.98,4.92,4.95,4.96,4.96,4.95,4.89,4.88,4.90,4.95,5.04,5.14,5.15,5.18,5.25,5.20,5.12,5.09,5.08,5.08,5.00,4.99,4.97,4.90,4.95,5.01,5.04,5.04,5.03,5.02,5.04,5.05,5.04,5.02,5.14,5.23,5.25,5.23,5.25,5.23,5.15,5.04,5.06,5.02,5.01,5.06,4.99,4.96,4.97,5.01,5.10,5.14,5.16,5.16,5.15,5.09,5.05,5.01,4.98,5.00,5.02,5.06,5.11,5.14,5.11,5.08,5.04
1.87,0.30,0.27,0.22,0.20,0.20,0.17,0.16,0.43,1.21,2.55,2.85,2.97,3.05,3.12,3.14,3.10,3.04,3.04,3.18,3.41,3.53,3.58,3.59,3.56,3.53,3.55,3.58,3.56,3.53,3.53,3.54,3.54,3.53,3.53,3.53,3.53,3.53,3.44,3.33,3.23,3.24,3.28,3.21,3.11,3.06,3.26,3.42,3.55,3.65,3.77,3.90,4.04,4.15,4.20,4.14,4.15,4.17,4.20,4.19,4.16,4.15,4.13,4.05,4.12,4.14,4.13,4.12,4.08,4.09,4.14,4.21,4.29,4.35,4.35,4.33,4.31,4.28,4.27,4.28,4.30,4.15,4.18,4.19,4.18,4.15,4.15,4.15,4.12,4.05,4.09,4.11,4.08,4.05,4.19,4.27,4.34,4.42,4.52,4.61,4.70,4.80,4.88,4.89,4.95,4.99,5.02,5.03,5.12,5.22,5.28,5.30,5.34,5.36,5.35,5.32,5.28,5.24,5.20,5.18,5.19,5.22,5.23,5.17,5.08,5.10,5.17,5.22,5.25,5.29,5.32,5.32,5.32,5.33,5.32,5.31,5.42,5.58,5.58,5.53,5.47,5.41,5.39,5.39,5.36,5.31,5.27,5.21,5.16,5.12,5.10,5.13,5.10,5.18,5.27,5.28,5.30,5.38,5.45,5.51,5.59,5.57,5.52,5.49,5.51,5.46,5.37,5.28,5.23,5.16,5.15,5.14,5.14,5.17,5.22,5.23,5.14,4.93,4.81,4.85,4.92,4.94,4.86,4.84,4.94,5.06,5.08,5.10,5.07,5.03,5.00,5.03,5.03,5.00,4.96,4.95,4.92,4.96,5.03,5.08,5.12,5.16,5.23,5.29,5.28,5.18,5.12,5.09,5.06,4.98,4.96,4.94,4.90,4.95,5.00,5.03,5.04,5.03,5.02,5.04,5.06,5.06,5.02,5.11,5.19,5.23,5.22,5.25,5.23,5.16,5.07,5.09,5.09,5.10,5.12,5.10,5.07,5.04,5.03,5.05,5.11,5.15,5.14,5.09,5.02,5.03,5.06,5.07,5.09,5.07,5.07,5.10,5.11,5.09,5.05,5.02
2.38,0.54,0.29,0.23,0.22,0.21,0.19,0.18,0.20,0.66,2.23,2.63,2.86,3.01,3.09,3.13,3.17,3.09,3.00,3.08,3.29,3.44,3.54,3.57,3.53,3.52,3.56,3.59,3.54,3.52,3.53,3.54,3.54,3.53,3.53,3.52,3.52,3.54,3.44,3.36,3.30,3.22,3.27,3.22,3.11,3.03,3.21,3.38,3.52,3.63,3.77,3.90,4.05,4.17,4.21,4.13,4.12,4.13,4.15,4.15,4.12,4.12,4.12,4.03,4.06,4.07,4.08,4.08,4.09,4.09,4.12,4.17,4.20,4.23,4.26,4.27,4.25,4.25,4.23,4.23,4.24,4.08,4.12,4.15,4.13,4.09,4.08,4.08,4.07,4.06,4.08,4.09,4.05,4.02,4.17,4.27,4.33,4.39,4.50,4.56,4.64,4.75,4.84,4.87,4.95,5.01,5.03,5.03,5.13,5.22,5.28,5.28,5.35,5.34,5.31,5.28,5.26,5.23,5.20,5.18,5.18,5.20,5.21,5.17,5.10,5.14,5.18,5.22,5.26,5.30,5.34,5.35,5.37,5.40,5.37,5.36,5.47,5.65,5.68,5.63,5.53,5.44,5.39,5.39,5.35,5.31,5.27,5.22,5.17,5.11,5.07,5.13,5.11,5.12,5.15,5.19,5.23,5.31,5.39,5.48,5.57,5.55,5.53,5.54,5.53,5.45,5.34,5.25,5.21,5.15,5.12,5.10,5.10,5.12,5.17,5.18,5.11,4.92,4.82,4.86,4.92,4.92,4.83,4.88,4.99,5.09,5.10,5.10,5.07,5.05,5.06,5.12,5.11,5.05,4.98,5.00,4.99,5.05,5.10,5.09,5.12,5.19,5.27,5.34,5.35,5.24,5.16,5.11,5.04,4.99,4.96,4.93,4.91,4.96,5.01,5.04,5.06,5.04,5.03,5.04,5.06,5.06,5.03,5.09,5.14,5.17,5.18,5.21,5.20,5.15,5.09,5.11,5.14,5.16,5.14,5.16,5.13,5.09,5.04,5.01,5.09,5.13,5.11,5.01,5.00,5.05,5.10,5.13,5.14,5.09,5.06,5.06,5.07,5.06,5.02,4.98
3.39,1.57,0.40,0.25,0.23,0.21,0.20,0.19,0.19,0.30,0.65,2.20,2.62,2.94,3.03,3.15,3.18,3.16,3.10,3.01,3.15,3.29,3.42,3.55,3.54,3.54,3.57,3.60,3.54,3.53,3.53,3.54,3.55,3.54,3.53,3.53,3.52,3.55,3.43,3.36,3.31,3.20,3.24,3.22,3.13,3.01,3.18,3.35,3.50,3.62,3.77,3.91,4.05,4.17,4.20,4.10,4.10,4.11,4.10,4.12,4.09,4.10,4.12,4.05,4.03,4.05,4.07,4.07,4.05,4.07,4.10,4.11,4.08,4.09,4.13,4.16,4.14,4.18,4.19,4.16,4.13,4.09,4.09,4.08,4.06,4.03,4.01,3.99,3.96,3.95,4.08,4.09,4.03,3.97,4.09,4.23,4.30,4.36,4.48,4.51,4.59,4.69,4.80,4.87,4.96,5.02,5.03,5.04,5.14,5.21,5.25,5.25,5.36,5.35,5.30,5.25,5.27,5.24,5.21,5.20,5.20,5.20,5.22,5.19,5.13,5.14,5.17,5.21,5.26,5.31,5.36,5.45,5.52,5.56,5.51,5.51,5.57,5.68,5.70,5.65,5.56,5.48,5.41,5.39,5.36,5.33,5.30,5.27,5.19,5.10,5.04,5.10,5.16,5.22,5.26,5.28,5.26,5.30,5.38,5.46,5.47,5.50,5.52,5.53,5.54,5.44,5.35,5.27,5.20,5.14,5.08,5.06,5.07,5.06,5.12,5.12,5.03,4.83,4.82,4.87,4.91,4.90,4.80,4.89,5.02,5.10,5.09,5.12,5.05,5.03,5.12,5.22,5.22,5.12,5.01,5.02,5.11,5.16,5.14,5.04,5.17,5.26,5.33,5.40,5.40,5.30,5.22,5.15,5.05,5.02,4.98,4.95,4.96,5.00,5.04,5.07,5.09,5.07,5.05,5.02,5.02,5.05,5.05,5.10,5.11,5.08,5.11,5.13,5.12,5.10,5.10,5.13,5.15,5.15,5.12,5.13,5.12,5.10,5.07,5.01,5.08,5.09,5.04,4.92,5.06,5.11,5.12,5.11,5.13,5.06,5.02,5.02,5.03,5.03,4.98,4.95
4.37,3.44,2.69,1.09,0.24,0.22,0.21,0.20,0.19,0.20,0.30,2.08,2.55,2.81,2.98,3.09,3.16,3.22,3.21,3.07,3.12,3.21,3.34,3.48,3.54,3.55,3.56,3.58,3.55,3.54,3.53,3.54,3.55,3.55,3.54,3.53,3.53,3.55,3.43,3.35,3.29,3.19,3.25,3.24,3.15,3.03,3.19,3.33,3.46,3.57,3.70,3.85,3.97,4.08,4.19,4.11,4.11,4.10,4.09,4.10,4.08,4.11,4.13,4.06,4.04,4.05,4.06,4.06,4.06,4.07,4.09,4.11,4.08,4.06,4.10,4.16,4.21,4.25,4.21,4.17,4.15,4.12,4.10,4.09,4.08,4.03,4.04,4.03,3.97,3.85,4.02,4.04,4.00,3.99,4.14,4.24,4.30,4.35,4.44,4.52,4.60,4.68,4.78,4.86,4.92,4.98,5.03,5.04,5.11,5.20,5.24,5.21,5.30,5.31,5.28,5.25,5.25,5.24,5.23,5.22,5.23,5.22,5.19,5.14,5.10,5.16,5.24,5.30,5.35,5.41,5.44,5.50,5.57,5.63,5.60,5.60,5.62,5.65,5.63,5.64,5.60,5.52,5.44,5.40,5.37,5.35,5.33,5.30,5.23,5.12,5.03,5.07,5.17,5.25,5.30,5.31,5.30,5.36,5.44,5.50,5.48,5.51,5.52,5.52,5.52,5.43,5.35,5.31,5.28,5.15,5.08,5.05,5.05,5.05,5.05,5.02,4.94,4.83,4.84,4.90,4.91,4.87,4.80,4.90,5.02,5.11,5.10,5.12,5.04,5.01,5.11,5.24,5.26,5.16,5.03,5.03,5.09,5.13,5.13,5.09,5.18,5.23,5.29,5.35,5.36,5.26,5.20,5.18,5.15,5.06,4.98,4.94,4.97,5.02,5.06,5.08,5.08,5.05,5.04,5.02,5.02,5.04,5.07,5.11,5.10,5.05,5.09,5.11,5.10,5.07,5.10,5.13,5.15,5.13,5.10,5.10,5.11,5.09,5.05,5.01,5.09,5.09,5.02,4.95,5.05,5.09,5.09,5.09,5.10,5.02,4.99,5.00,5.00,5.00,4.94,4.91
5.31,5.36,5.27,2.27,0.46,0.23,0.21,0.20,0.20,0.20,0.21,0.53,2.52,2.67,2.92,3.03,3.14,3.26,3.30,3.17,3.14,3.17,3.27,3.40,3.53,3.55,3.56,3.56,3.55,3.54,3.54,3.54,3.56,3.55,3.55,3.54,3.53,3.54,3.44,3.35,3.27,3.20,3.26,3.26,3.18,3.07,3.20,3.31,3.42,3.52,3.62,3.75,3.84,3.96,4.18,4.14,4.12,4.10,4.07,4.06,4.07,4.11,4.12,4.03,4.04,4.05,4.06,4.06,4.06,4.07,4.10,4.12,4.10,4.09,4.12,4.20,4.32,4.33,4.24,4.19,4.20,4.14,4.12,4.11,4.10,4.05,4.09,4.11,4.00,3.77,3.95,3.97,3.97,4.01,4.21,4.26,4.30,4.36,4.43,4.54,4.62,4.69,4.78,4.82,4.86,4.94,5.03,5.03,5.08,5.18,5.22,5.16,5.24,5.25,5.24,5.23,5.23,5.25,5.25,5.24,5.26,5.24,5.15,5.08,5.05,5.18,5.31,5.41,5.48,5.54,5.52,5.53,5.58,5.66,5.66,5.65,5.64,5.61,5.54,5.63,5.63,5.55,5.45,5.41,5.38,5.36,5.34,5.31,5.27,5.16,5.03,5.04,5.17,5.26,5.31,5.33,5.35,5.43,5.50,5.53,5.52,5.53,5.53,5.51,5.49,5.43,5.36,5.35,5.36,5.17,5.09,5.06,5.06,5.05,5.00,4.92,4.85,4.84,4.86,4.92,4.92,4.85,4.80,4.89,5.02,5.11,5.12,5.12,5.04,5.01,5.09,5.23,5.27,5.18,5.04,5.05,5.04,5.07,5.11,5.15,5.17,5.19,5.23,5.28,5.28,5.18,5.15,5.19,5.23,5.09,4.98,4.94,4.98,5.04,5.09,5.09,5.06,5.02,5.01,5.03,5.04,5.03,5.10,5.12,5.09,5.04,5.09,5.11,5.08,5.05,5.08,5.13,5.14,5.12,5.08,5.09,5.09,5.06,5.02,5.01,5.10,5.08,5.02,5.00,5.01,5.04,5.06,5.07,5.06,4.99,4.97,4.98,4.97,4.97,4.91,4.87
5.72,5.84,5.86,4.67,3.77,0.23,0.23,0.22,0.21,0.20,0.20,0.29,0.95,1.89,2.80,3.07,3.12,3.18,3.25,3.30,3.21,3.19,3.23,3.33,3.49,3.55,3.56,3.56,3.55,3.54,3.54,3.55,3.57,3.56,3.55,3.55,3.55,3.53,3.48,3.41,3.33,3.21,3.28,3.28,3.21,3.12,3.18,3.29,3.41,3.52,3.57,3.62,3.62,3.76,4.17,4.11,4.10,4.09,4.05,4.02,3.97,3.99,4.02,3.93,3.99,4.05,4.07,4.02,4.01,4.06,4.13,4.17,4.08,4.18,4.24,4.28,4.37,4.33,4.20,4.15,4.21,4.12,4.07,4.05,4.04,4.04,4.10,4.07,3.95,3.78,3.95,3.97,3.96,4.00,4.21,4.28,4.34,4.43,4.57,4.53,4.61,4.73,4.81,4.70,4.82,4.95,5.02,5.02,5.08,5.12,5.14,5.15,5.19,5.16,5.12,5.12,5.19,5.24,5.25,5.24,5.25,5.23,5.11,5.01,5.03,5.15,5.26,5.42,5.60,5.66,5.57,5.57,5.60,5.63,5.64,5.60,5.58,5.59,5.58,5.62,5.63,5.56,5.39,5.38,5.35,5.31,5.27,5.22,5.27,5.19,5.04,5.01,5.16,5.26,5.31,5.35,5.37,5.46,5.50,5.49,5.48,5.48,5.49,5.49,5.47,5.40,5.38,5.35,5.28,5.19,5.15,5.12,5.10,5.08,5.03,4.94,4.86,4.80,4.84,4.91,4.92,4.85,4.79,4.88,5.01,5.12,5.12,5.13,5.06,5.05,5.14,5.22,5.23,5.15,5.04,5.07,5.05,5.07,5.11,5.15,5.17,5.17,5.19,5.20,5.17,5.10,5.07,5.08,5.09,5.08,5.02,4.99,5.03,5.12,5.20,5.16,5.05,4.99,4.97,4.99,5.04,5.07,5.11,5.09,5.06,5.05,5.09,5.12,5.06,5.00,5.05,5.12,5.13,5.10,5.06,5.07,5.06,5.03,5.01,5.02,5.08,5.07,5.02,5.00,4.98,4.99,5.01,5.04,5.03,4.99,4.95,4.92,4.92,4.93,4.88,4.83
6.03,6.10,6.15,5.16,4.61,0.92,0.26,0.22,0.21,0.20,0.19,0.19,0.48,1.22,2.75,2.98,3.06,3.13,3.22,3.34,3.32,3.27,3.25,3.32,3.45,3.54,3.57,3.57,3.55,3.55,3.54,3.55,3.57,3.57,3.56,3.56,3.57,3.55,3.50,3.45,3.37,3.24,3.29,3.30,3.25,3.16,3.19,3.28,3.42,3.56,3.63,3.57,3.52,3.64,4.07,4.05,4.04,4.01,3.97,3.95,3.89,3.90,3.93,3.83,3.91,3.98,4.01,3.98,3.96,4.02,4.10,4.14,4.04,4.15,4.21,4.25,4.29,4.24,4.11,4.10,4.21,4.07,4.01,3.98,3.97,3.97,4.06,4.01,3.89,3.78,3.94,3.95,3.94,3.98,4.15,4.22,4.32,4.47,4.67,4.54,4.61,4.72,4.77,4.63,4.77,4.97,5.11,5.11,5.13,5.14,5.16,5.18,5.21,5.16,5.12,5.13,5.18,5.21,5.22,5.22,5.24,5.21,5.12,5.05,5.05,5.13,5.23,5.40,5.59,5.66,5.60,5.59,5.59,5.56,5.59,5.54,5.52,5.56,5.58,5.60,5.62,5.57,5.37,5.34,5.32,5.29,5.24,5.19,5.26,5.20,5.06,5.05,5.17,5.25,5.30,5.35,5.37,5.45,5.49,5.48,5.47,5.48,5.49,5.48,5.45,5.40,5.37,5.33,5.24,5.19,5.17,5.14,5.12,5.09,5.04,4.96,4.86,4.77,4.83,4.91,4.91,4.84,4.81,4.91,5.03,5.11,5.11,5.12,5.07,5.08,5.20,5.26,5.23,5.14,5.05,5.06,5.03,5.06,5.12,5.16,5.17,5.16,5.17,5.17,5.14,5.10,5.07,5.05,5.03,5.08,5.04,5.01,5.06,5.14,5.24,5.19,5.05,4.99,4.96,4.99,5.03,5.04,5.10,5.06,5.03,5.05,5.09,5.10,5.04,4.98,5.01,5.08,5.11,5.09,5.04,5.04,5.05,5.02,4.97,5.03,5.07,5.05,5.01,5.01,4.99,4.98,4.99,5.00,5.01,4.98,4.93,4.88,4.88,4.86,4.84,4.83
6.27,6.22,6.20,6.12,6.08,2.11,0.32,0.22,0.21,0.21,0.20,0.19,0.19,0.55,1.38,2.77,2.96,3.10,3.19,3.30,3.48,3.40,3.32,3.37,3.41,3.51,3.58,3.58,3.56,3.55,3.54,3.55,3.58,3.57,3.58,3.58,3.59,3.57,3.53,3.48,3.40,3.27,3.31,3.32,3.28,3.18,3.21,3.29,3.44,3.63,3.78,3.59,3.50,3.59,3.90,3.94,3.94,3.90,3.85,3.87,3.80,3.82,3.85,3.73,3.80,3.86,3.89,3.92,3.91,3.97,4.03,4.06,3.97,4.02,4.09,4.12,4.10,4.10,3.98,4.02,4.20,4.01,3.94,3.91,3.90,3.87,3.98,3.93,3.82,3.77,3.92,3.93,3.92,3.96,4.05,4.11,4.25,4.48,4.75,4.57,4.60,4.67,4.68,4.60,4.72,5.00,5.28,5.26,5.21,5.22,5.25,5.24,5.28,5.23,5.21,5.22,5.20,5.16,5.17,5.21,5.22,5.18,5.17,5.15,5.09,5.12,5.23,5.37,5.49,5.57,5.60,5.60,5.55,5.47,5.50,5.46,5.47,5.54,5.55,5.59,5.62,5.57,5.37,5.30,5.29,5.28,5.23,5.19,5.24,5.18,5.07,5.16,5.18,5.23,5.29,5.35,5.33,5.42,5.48,5.47,5.47,5.50,5.51,5.48,5.43,5.41,5.35,5.28,5.22,5.17,5.16,5.14,5.10,5.08,5.05,4.98,4.87,4.76,4.82,4.89,4.89,4.83,4.84,4.98,5.06,5.09,5.10,5.11,5.06,5.10,5.27,5.35,5.25,5.14,5.07,5.02,4.97,5.04,5.14,5.19,5.15,5.15,5.17,5.18,5.18,5.16,5.12,5.07,5.02,5.10,5.04,5.00,5.06,5.10,5.23,5.20,5.06,5.00,4.98,5.01,5.02,4.98,5.07,5.03,5.01,5.06,5.10,5.07,5.02,4.98,4.97,5.02,5.06,5.07,5.02,5.01,5.07,5.02,4.92,5.04,5.07,5.02,4.98,5.04,5.02,5.00,4.98,4.96,4.99,4.98,4.91,4.83,4.84,4.79,4.80,4.86
6.25,6.19,6.19,6.15,6.12,6.09,1.50,0.53,0.22,0.21,0.20,0.19,0.18,0.32,0.75,1.86,2.98,3.06,3.14,3.23,3.44,3.45,3.39,3.35,3.39,3.47,3.54,3.57,3.55,3.55,3.55,3.56,3.59,3.58,3.58,3.59,3.59,3.57,3.52,3.47,3.42,3.29,3.35,3.35,3.29,3.20,3.26,3.31,3.43,3.61,3.72,3.57,3.49,3.54,3.72,3.84,3.87,3.83,3.75,3.78,3.74,3.75,3.76,3.66,3.75,3.79,3.80,3.78,3.82,3.84,3.86,3.86,3.86,3.87,3.93,3.97,3.92,3.93,3.89,3.91,3.97,3.84,3.82,3.82,3.82,3.78,3.81,3.76,3.72,3.79,3.92,3.92,3.92,3.96,4.02,4.06,4.20,4.43,4.69,4.57,4.59,4.64,4.63,4.57,4.73,4.99,5.26,5.43,5.41,5.37,5.33,5.33,5.36,5.33,5.30,5.29,5.26,5.21,5.19,5.19,5.18,5.17,5.15,5.11,5.07,5.11,5.15,5.23,5.33,5.40,5.45,5.46,5.44,5.40,5.39,5.37,5.38,5.42,5.46,5.50,5.56,5.55,5.37,5.30,5.29,5.27,5.23,5.24,5.23,5.15,5.07,5.13,5.17,5.22,5.29,5.36,5.37,5.43,5.47,5.46,5.47,5.48,5.46,5.44,5.42,5.39,5.34,5.27,5.21,5.15,5.14,5.12,5.09,5.08,5.01,4.92,4.81,4.73,4.82,4.89,4.87,4.81,4.83,4.98,5.08,5.10,5.10,5.10,5.05,5.07,5.19,5.34,5.29,5.18,5.10,5.08,5.02,5.03,5.07,5.12,5.15,5.17,5.17,5.17,5.16,5.15,5.14,5.11,5.03,5.06,5.02,4.99,5.03,5.05,5.13,5.10,4.99,4.99,4.97,5.01,5.05,5.05,5.09,5.07,5.04,5.02,5.03,5.01,5.02,5.02,5.01,5.02,5.03,5.02,4.99,4.96,5.03,5.01,4.94,5.04,5.08,5.01,4.96,5.03,5.00,4.99,4.99,4.99,5.00,4.97,4.88,4.79,4.78,4.80,4.83,4.88
6.21,6.15,6.17,6.16,6.14,6.13,3.19,1.21,0.37,0.21,0.20,0.19,0.19,0.18,0.32,1.09,2.99,3.04,3.11,3.18,3.37,3.46,3.45,3.36,3.37,3.43,3.50,3.56,3.56,3.55,3.55,3.56,3.58,3.59,3.59,3.58,3.58,3.58,3.52,3.47,3.42,3.33,3.38,3.37,3.31,3.22,3.29,3.32,3.42,3.58,3.66,3.54,3.48,3.49,3.59,3.72,3.77,3.74,3.66,3.69,3.64,3.66,3.68,3.58,3.68,3.72,3.70,3.67,3.73,3.73,3.71,3.70,3.75,3.75,3.79,3.81,3.75,3.78,3.78,3.78,3.76,3.71,3.70,3.71,3.72,3.68,3.68,3.66,3.69,3.80,3.92,3.91,3.91,3.94,3.99,4.03,4.18,4.39,4.62,4.56,4.58,4.60,4.58,4.55,4.74,4.97,5.23,5.54,5.55,5.48,5.42,5.44,5.46,5.42,5.37,5.33,5.30,5.26,5.22,5.19,5.17,5.17,5.13,5.09,5.09,5.16,5.12,5.15,5.23,5.29,5.35,5.37,5.36,5.36,5.36,5.34,5.33,5.35,5.40,5.43,5.48,5.48,5.36,5.28,5.26,5.25,5.23,5.26,5.20,5.11,5.05,5.10,5.17,5.22,5.28,5.36,5.39,5.45,5.47,5.46,5.47,5.47,5.44,5.40,5.41,5.38,5.33,5.26,5.20,5.15,5.13,5.11,5.08,5.08,5.01,4.88,4.76,4.72,4.83,4.88,4.85,4.80,4.85,5.01,5.10,5.11,5.11,5.10,5.06,5.06,5.13,5.27,5.26,5.20,5.14,5.14,5.10,5.06,5.05,5.08,5.16,5.18,5.18,5.16,5.14,5.15,5.16,5.13,5.04,5.03,5.01,5.01,5.03,5.06,5.11,5.08,4.98,4.99,4.97,5.01,5.06,5.09,5.11,5.14,5.12,5.07,5.06,5.02,5.02,5.05,5.04,5.02,5.02,5.00,4.97,4.95,5.02,5.01,4.95,5.05,5.08,4.99,4.93,5.01,4.99,4.98,4.98,4.99,4.99,4.96,4.88,4.79,4.77,4.82,4.86,4.89
6.14,6.08,6.11,6.16,6.20,6.21,6.16,2.46,0.76,0.21,0.20,0.19,0.19,0.19,0.20,0.34,1.33,2.39,3.13,3.14,3.25,3.39,3.47,3.43,3.36,3.38,3.47,3.58,3.57,3.57,3.56,3.56,3.56,3.58,3.58,3.57,3.57,3.59,3.54,3.48,3.42,3.37,3.39,3.38,3.32,3.23,3.28,3.32,3.40,3.51,3.59,3.52,3.47,3.46,3.50,3.57,3.62,3.61,3.57,3.59,3.48,3.51,3.58,3.46,3.59,3.63,3.63,3.62,3.64,3.63,3.60,3.59,3.66,3.65,3.66,3.66,3.63,3.66,3.63,3.59,3.58,3.61,3.61,3.58,3.57,3.59,3.63,3.69,3.76,3.82,3.89,3.89,3.89,3.90,3.98,4.02,4.18,4.37,4.53,4.55,4.55,4.55,4.55,4.53,4.74,4.96,5.19,5.52,5.56,5.55,5.54,5.57,5.57,5.51,5.42,5.33,5.31,5.30,5.26,5.21,5.18,5.18,5.12,5.10,5.16,5.29,5.19,5.16,5.22,5.28,5.33,5.35,5.35,5.37,5.44,5.41,5.37,5.36,5.38,5.39,5.37,5.34,5.31,5.23,5.21,5.21,5.23,5.24,5.15,5.06,5.02,5.07,5.19,5.24,5.28,5.36,5.39,5.46,5.50,5.48,5.48,5.48,5.44,5.39,5.41,5.38,5.32,5.25,5.20,5.16,5.13,5.09,5.06,5.06,5.04,4.88,4.73,4.75,4.85,4.87,4.84,4.81,4.93,5.08,5.13,5.12,5.13,5.11,5.09,5.08,5.10,5.12,5.13,5.16,5.19,5.18,5.21,5.16,5.10,5.11,5.19,5.20,5.19,5.17,5.14,5.17,5.17,5.14,5.07,5.01,5.03,5.06,5.10,5.19,5.23,5.18,5.07,5.01,4.98,5.01,5.05,5.07,5.14,5.23,5.27,5.26,5.24,5.13,5.06,5.05,5.06,5.04,5.04,5.02,4.97,5.00,5.05,5.01,4.95,5.06,5.05,4.95,4.90,5.00,4.99,4.97,4.96,4.96,4.94,4.93,4.90,4.85,4.81,4.86,4.88,4.89
6.09,6.05,6.05,6.17,6.31,6.36,6.18,4.43,2.02,0.26,0.20,0.19,0.19,0.19,0.18,0.18,0.74,1.64,3.16,3.21,3.22,3.30,3.37,3.40,3.42,3.41,3.42,3.46,3.53,3.54,3.54,3.54,3.53,3.56,3.56,3.56,3.56,3.52,3.51,3.48,3.44,3.44,3.45,3.43,3.38,3.30,3.26,3.25,3.29,3.36,3.38,3.34,3.32,3.32,3.33,3.37,3.41,3.42,3.40,3.44,3.42,3.50,3.58,3.48,3.50,3.52,3.54,3.55,3.55,3.58,3.58,3.56,3.59,3.62,3.63,3.63,3.62,3.65,3.64,3.61,3.61,3.64,3.66,3.66,3.66,3.69,3.71,3.77,3.83,3.86,3.91,3.93,3.93,3.93,3.95,4.03,4.16,4.29,4.38,4.46,4.49,4.50,4.52,4.54,4.69,4.89,5.15,5.48,5.53,5.53,5.55,5.60,5.59,5.55,5.46,5.36,5.35,5.35,5.30,5.24,5.18,5.17,5.13,5.13,5.21,5.35,5.25,5.19,5.21,5.26,5.30,5.33,5.35,5.38,5.47,5.46,5.44,5.43,5.45,5.42,5.39,5.35,5.27,5.24,5.21,5.17,5.14,5.16,5.11,5.05,5.02,5.04,5.12,5.18,5.25,5.37,5.40,5.46,5.50,5.50,5.50,5.48,5.43,5.38,5.39,5.34,5.30,5.24,5.19,5.17,5.12,5.08,5.05,5.05,5.01,4.84,4.71,4.77,4.87,4.89,4.85,4.82,4.96,5.04,5.08,5.09,5.12,5.05,5.07,5.10,5.09,5.09,5.09,5.13,5.19,5.20,5.27,5.24,5.17,5.14,5.17,5.17,5.15,5.13,5.13,5.18,5.19,5.16,5.09,5.04,5.12,5.21,5.25,5.29,5.26,5.18,5.09,5.03,4.99,5.01,5.07,5.16,5.27,5.35,5.37,5.35,5.30,5.13,5.04,5.03,5.05,5.05,5.05,5.04,5.02,5.03,5.02,4.99,4.99,5.09,5.05,4.98,4.95,5.00,4.99,4.98,4.96,4.95,4.93,4.93,4.91,4.88,4.85,4.90,4.90,4.89
6.03,6.03,6.02,6.19,6.39,6.48,6.20,6.09,3.28,0.48,0.20,0.19,0.19,0.19,0.18,0.18,0.30,0.88,1.85,3.29,3.14,3.18,3.27,3.34,3.47,3.44,3.38,3.36,3.49,3.49,3.49,3.50,3.49,3.53,3.53,3.54,3.55,3.47,3.48,3.48,3.48,3.51,3.52,3.50,3.44,3.38,3.25,3.20,3.20,3.23,3.21,3.19,3.20,3.21,3.19,3.22,3.26,3.28,3.27,3.34,3.42,3.53,3.61,3.52,3.45,3.45,3.48,3.50,3.50,3.56,3.59,3.58,3.57,3.61,3.64,3.65,3.65,3.68,3.68,3.68,3.68,3.70,3.74,3.77,3.79,3.82,3.80,3.84,3.88,3.90,3.94,3.97,3.98,3.97,3.94,4.03,4.12,4.20,4.24,4.37,4.42,4.46,4.52,4.59,4.67,4.86,5.12,5.41,5.48,5.49,5.52,5.59,5.57,5.56,5.49,5.38,5.40,5.39,5.34,5.26,5.18,5.15,5.13,5.15,5.24,5.38,5.30,5.24,5.23,5.27,5.28,5.31,5.35,5.40,5.49,5.51,5.50,5.50,5.52,5.46,5.43,5.38,5.26,5.27,5.22,5.14,5.06,5.10,5.07,5.03,5.01,5.01,5.06,5.12,5.23,5.38,5.41,5.45,5.49,5.51,5.52,5.48,5.42,5.37,5.36,5.31,5.27,5.23,5.18,5.18,5.11,5.06,5.04,5.03,4.97,4.79,4.68,4.78,4.89,4.90,4.85,4.82,4.97,4.99,5.01,5.05,5.09,4.99,5.05,5.11,5.09,5.08,5.06,5.11,5.18,5.19,5.28,5.29,5.23,5.16,5.15,5.15,5.12,5.10,5.14,5.18,5.19,5.16,5.11,5.09,5.21,5.35,5.40,5.37,5.27,5.18,5.11,5.05,5.01,5.02,5.09,5.26,5.39,5.45,5.45,5.41,5.34,5.11,5.01,5.02,5.04,5.05,5.06,5.06,5.06,5.05,4.98,4.97,5.03,5.12,5.05,5.01,5.00,5.02,5.00,4.99,4.97,4.93,4.94,4.93,4.92,4.91,4.89,4.93,4.92,4.89
5.97,5.97,6.04,6.22,6.36,6.37,6.16,5.71,4.13,2.30,0.23,0.20,0.19,0.19,0.18,0.18,0.21,0.38,0.85,1.86,2.77,3.02,3.26,3.28,3.36,3.39,3.42,3.45,3.48,3.44,3.42,3.41,3.40,3.43,3.47,3.50,3.51,3.50,3.51,3.51,3.52,3.56,3.56,3.54,3.50,3.44,3.36,3.33,3.33,3.33,3.30,3.31,3.30,3.30,3.30,3.33,3.38,3.42,3.44,3.47,3.52,3.60,3.64,3.59,3.58,3.59,3.61,3.63,3.66,3.66,3.67,3.67,3.66,3.69,3.71,3.72,3.72,3.73,3.72,3.71,3.70,3.71,3.74,3.76,3.78,3.80,3.83,3.87,3.89,3.91,3.94,3.96,3.97,3.99,3.98,3.97,4.02,4.12,4.21,4.31,4.40,4.49,4.60,4.71,4.83,4.97,5.12,5.27,5.34,5.39,5.46,5.54,5.51,5.50,5.44,5.37,5.44,5.42,5.36,5.28,5.20,5.10,5.08,5.13,5.23,5.34,5.39,5.41,5.39,5.38,5.34,5.32,5.34,5.42,5.54,5.56,5.54,5.51,5.51,5.44,5.41,5.38,5.34,5.27,5.23,5.19,5.16,5.16,5.05,4.96,4.93,5.01,5.10,5.18,5.27,5.37,5.38,5.41,5.44,5.45,5.49,5.48,5.41,5.34,5.30,5.30,5.26,5.20,5.17,5.18,5.10,5.05,5.04,5.04,4.95,4.78,4.68,4.77,4.90,4.90,4.86,4.85,4.92,4.96,4.96,4.97,5.01,5.00,5.03,5.07,5.09,5.06,5.05,5.11,5.17,5.12,5.22,5.24,5.20,5.15,5.16,5.15,5.14,5.14,5.19,5.18,5.15,5.12,5.14,5.12,5.25,5.41,5.49,5.42,5.33,5.25,5.17,5.08,5.05,5.05,5.12,5.29,5.43,5.49,5.49,5.45,5.38,5.14,5.05,5.06,5.06,5.05,5.06,5.07,5.07,5.07,4.99,4.98,5.04,5.10,5.03,5.02,5.04,5.09,5.02,5.01,4.97,4.90,4.92,4.92,4.94,4.95,4.94,4.95,4.93,4.91
5.92,5.93,6.06,6.19,6.26,6.25,6.14,5.77,4.40,3.18,1.24,0.38,0.19,0.18,0.18,0.18,0.18,0.18,0.35,0.93,2.58,2.70,2.85,3.05,3.29,3.34,3.39,3.44,3.45,3.43,3.42,3.42,3.42,3.44,3.49,3.52,3.53,3.55,3.56,3.56,3.57,3.60,3.60,3.58,3.54,3.50,3.44,3.43,3.43,3.41,3.38,3.38,3.37,3.35,3.36,3.38,3.42,3.46,3.49,3.52,3.54,3.57,3.60,3.57,3.57,3.58,3.60,3.62,3.64,3.64,3.64,3.64,3.63,3.65,3.66,3.68,3.70,3.70,3.70,3.70,3.70,3.68,3.71,3.73,3.76,3.79,3.81,3.84,3.87,3.91,3.94,3.96,3.98,3.98,3.98,3.93,3.98,4.08,4.20,4.30,4.44,4.55,4.61,4.71,4.85,4.98,5.10,5.23,5.28,5.35,5.43,5.49,5.48,5.45,5.40,5.36,5.38,5.36,5.31,5.25,5.18,5.08,5.05,5.10,5.20,5.27,5.38,5.44,5.42,5.36,5.33,5.30,5.31,5.38,5.47,5.52,5.51,5.47,5.48,5.43,5.41,5.39,5.35,5.30,5.25,5.23,5.22,5.18,5.03,4.92,4.90,4.99,5.09,5.18,5.27,5.36,5.36,5.39,5.42,5.43,5.47,5.44,5.40,5.35,5.31,5.29,5.24,5.19,5.16,5.16,5.07,5.01,4.99,4.97,4.87,4.75,4.70,4.79,4.89,4.88,4.84,4.83,4.92,4.95,4.95,4.94,4.96,5.01,5.05,5.08,5.09,5.07,5.10,5.15,5.17,5.11,5.17,5.19,5.17,5.14,5.13,5.13,5.13,5.14,5.19,5.17,5.13,5.11,5.15,5.15,5.25,5.38,5.47,5.45,5.36,5.29,5.23,5.13,5.09,5.10,5.17,5.28,5.40,5.47,5.49,5.44,5.37,5.17,5.09,5.10,5.09,5.08,5.08,5.09,5.09,5.08,4.99,4.99,5.08,5.10,5.03,5.04,5.09,5.12,5.05,5.05,5.03,4.96,4.96,4.94,4.96,5.00,5.01,4.98,4.95,4.92
5.88,5.91,6.10,6.11,6.11,6.12,6.13,6.14,5.40,4.23,3.04,0.71,0.20,0.18,0.18,0.18,0.18,0.18,0.18,0.18,0.74,1.93,2.16,2.72,3.24,3.28,3.30,3.37,3.40,3.44,3.48,3.50,3.50,3.52,3.55,3.57,3.58,3.62,3.61,3.62,3.64,3.64,3.64,3.62,3.59,3.55,3.50,3.51,3.50,3.46,3.43,3.42,3.40,3.39,3.39,3.40,3.41,3.43,3.47,3.50,3.50,3.50,3.50,3.50,3.49,3.49,3.51,3.52,3.51,3.53,3.54,3.54,3.52,3.54,3.54,3.56,3.64,3.60,3.63,3.68,3.69,3.62,3.67,3.70,3.71,3.79,3.77,3.79,3.83,3.90,3.94,3.98,3.99,3.97,3.94,3.92,3.96,4.07,4.20,4.32,4.53,4.62,4.55,4.65,4.78,4.91,5.06,5.25,5.28,5.35,5.41,5.44,5.46,5.42,5.38,5.34,5.27,5.24,5.21,5.17,5.13,5.07,5.03,5.06,5.15,5.18,5.31,5.38,5.36,5.27,5.27,5.25,5.25,5.28,5.31,5.40,5.42,5.38,5.43,5.42,5.42,5.40,5.33,5.34,5.28,5.25,5.27,5.17,5.00,4.91,4.91,4.94,5.07,5.16,5.24,5.33,5.34,5.39,5.43,5.43,5.45,5.39,5.38,5.39,5.37,5.28,5.23,5.19,5.16,5.13,5.03,4.95,4.90,4.85,4.77,4.72,4.74,4.82,4.86,4.84,4.80,4.79,4.93,4.94,4.95,4.96,4.92,5.02,5.09,5.11,5.09,5.11,5.19,5.22,5.19,5.13,5.13,5.13,5.14,5.13,5.08,5.08,5.10,5.12,5.15,5.15,5.13,5.12,5.14,5.17,5.23,5.31,5.38,5.47,5.39,5.31,5.27,5.21,5.14,5.16,5.22,5.24,5.34,5.43,5.45,5.40,5.35,5.18,5.13,5.15,5.14,5.13,5.13,5.12,5.11,5.10,4.99,5.01,5.12,5.10,5.03,5.08,5.14,5.13,5.10,5.13,5.13,5.08,5.04,4.96,4.98,5.06,5.08,5.00,4.96,4.93
5.85,5.91,5.99,6.06,6.09,6.10,6.12,6.09,5.70,5.13,4.61,5.29,1.55,0.18,0.18,0.18,0.18,0.18,0.18,0.18,0.39,0.71,1.16,1.72,2.31,2.64,2.98,3.32,3.38,3.39,3.39,3.40,3.42,3.45,3.47,3.48,3.50,3.57,3.59,3.63,3.67,3.68,3.65,3.66,3.66,3.62,3.54,3.49,3.43,3.36,3.29,3.27,3.27,3.28,3.31,3.37,3.37,3.39,3.45,3.47,3.51,3.53,3.54,3.56,3.58,3.60,3.62,3.63,3.62,3.64,3.67,3.69,3.77,3.76,3.76,3.79,3.84,3.82,3.82,3.82,3.82,3.79,3.82,3.85,3.89,3.97,3.90,3.85,3.86,3.95,4.00,4.02,4.02,4.01,4.00,3.98,3.97,3.97,4.03,4.17,4.38,4.48,4.43,4.53,4.68,4.79,4.93,5.22,5.32,5.37,5.42,5.46,5.51,5.50,5.46,5.40,5.35,5.30,5.24,5.17,5.11,5.08,5.07,5.11,5.17,5.19,5.22,5.23,5.23,5.21,5.20,5.20,5.21,5.24,5.24,5.31,5.32,5.27,5.29,5.30,5.30,5.27,5.20,5.22,5.18,5.16,5.18,5.11,4.96,4.88,4.89,4.89,5.02,5.10,5.20,5.33,5.32,5.36,5.40,5.41,5.37,5.33,5.35,5.38,5.38,5.30,5.28,5.27,5.23,5.13,5.02,4.98,4.97,4.90,4.75,4.71,4.75,4.82,4.85,4.81,4.80,4.85,4.95,4.95,4.95,4.95,4.94,5.05,5.07,5.07,5.08,5.08,5.14,5.14,5.11,5.12,5.11,5.12,5.14,5.15,5.10,5.08,5.07,5.06,5.11,5.11,5.10,5.10,5.15,5.16,5.20,5.24,5.27,5.40,5.36,5.29,5.22,5.13,5.13,5.14,5.16,5.20,5.29,5.35,5.36,5.34,5.27,5.22,5.21,5.23,5.22,5.21,5.20,5.19,5.17,5.13,5.02,5.02,5.10,5.08,5.03,5.06,5.12,5.14,5.14,5.15,5.14,5.10,5.05,4.97,4.99,5.08,5.10,5.04,5.04,5.03
5.79,5.87,5.88,5.97,6.00,6.00,6.11,5.99,5.81,5.63,5.50,5.53,3.17,1.06,0.19,0.18,0.18,0.18,0.18,0.18,0.18,0.25,0.48,1.14,1.77,2.00,2.37,2.87,3.06,3.16,3.24,3.31,3.40,3.44,3.46,3.46,3.48,3.57,3.62,3.67,3.71,3.74,3.70,3.72,3.72,3.67,3.59,3.52,3.46,3.39,3.29,3.25,3.20,3.18,3.20,3.27,3.28,3.34,3.45,3.49,3.56,3.61,3.61,3.57,3.70,3.76,3.75,3.72,3.71,3.73,3.75,3.80,3.90,3.86,3.90,3.95,3.95,3.90,3.86,3.83,3.82,3.81,3.87,3.90,3.94,4.06,4.06,3.98,3.95,4.03,4.08,4.09,4.08,4.05,4.04,4.02,3.99,3.95,3.94,4.03,4.22,4.32,4.32,4.42,4.57,4.67,4.79,5.12,5.23,5.29,5.34,5.40,5.47,5.48,5.46,5.43,5.41,5.36,5.29,5.21,5.12,5.09,5.09,5.14,5.21,5.21,5.20,5.17,5.16,5.18,5.16,5.18,5.20,5.20,5.18,5.22,5.21,5.17,5.17,5.20,5.21,5.18,5.10,5.11,5.08,5.07,5.09,5.04,4.91,4.86,4.86,4.87,4.98,5.06,5.16,5.31,5.29,5.33,5.37,5.38,5.32,5.28,5.31,5.37,5.38,5.33,5.33,5.33,5.28,5.17,5.06,5.01,4.99,4.93,4.73,4.70,4.75,4.82,4.84,4.79,4.80,4.89,4.95,4.96,4.95,4.94,4.94,5.06,5.05,5.03,5.08,5.11,5.14,5.11,5.08,5.13,5.10,5.11,5.15,5.17,5.13,5.11,5.08,5.05,5.10,5.09,5.09,5.11,5.17,5.16,5.17,5.18,5.19,5.29,5.28,5.23,5.17,5.09,5.13,5.11,5.11,5.15,5.24,5.26,5.28,5.28,5.21,5.22,5.27,5.31,5.30,5.28,5.25,5.23,5.20,5.12,5.04,5.04,5.08,5.07,5.03,5.04,5.09,5.16,5.18,5.17,5.15,5.11,5.07,4.99,5.03,5.12,5.13,5.10,5.12,5.12
5.70,5.76,5.80,5.85,5.81,5.80,6.11,5.80,5.64,5.58,5.53,5.55,5.55,5.54,0.20,0.18,0.18,0.18,0.18,0.18,0.18,0.20,0.26,0.35,0.44,1.09,1.34,1.88,2.32,2.69,2.99,3.25,3.47,3.51,3.53,3.54,3.56,3.67,3.72,3.74,3.76,3.80,3.79,3.79,3.77,3.70,3.64,3.62,3.61,3.59,3.51,3.41,3.24,3.09,3.05,3.06,3.12,3.26,3.47,3.57,3.67,3.74,3.71,3.50,3.87,4.00,3.93,3.76,3.78,3.77,3.79,3.84,3.87,3.81,3.91,4.01,3.95,3.79,3.71,3.66,3.65,3.62,3.77,3.80,3.81,4.01,4.26,4.22,4.13,4.18,4.20,4.20,4.17,4.11,4.08,4.02,4.02,4.02,3.99,3.92,4.03,4.15,4.22,4.35,4.47,4.55,4.65,4.91,4.97,5.06,5.14,5.21,5.30,5.33,5.36,5.40,5.46,5.43,5.39,5.32,5.17,5.09,5.08,5.15,5.25,5.25,5.25,5.22,5.19,5.20,5.19,5.21,5.21,5.16,5.14,5.14,5.12,5.09,5.06,5.12,5.16,5.14,5.02,5.02,5.00,4.99,5.00,4.94,4.87,4.83,4.82,4.88,4.98,5.04,5.13,5.28,5.27,5.31,5.34,5.33,5.30,5.24,5.26,5.34,5.37,5.36,5.36,5.34,5.29,5.26,5.16,5.04,4.95,4.93,4.73,4.70,4.76,4.83,4.83,4.78,4.79,4.87,4.94,4.95,4.95,4.93,4.91,5.08,5.04,5.01,5.11,5.20,5.19,5.14,5.11,5.15,5.11,5.12,5.17,5.18,5.16,5.17,5.15,5.10,5.12,5.10,5.12,5.18,5.20,5.17,5.14,5.14,5.15,5.12,5.12,5.12,5.10,5.10,5.13,5.10,5.08,5.12,5.18,5.19,5.21,5.24,5.17,5.19,5.29,5.39,5.37,5.32,5.28,5.23,5.18,5.06,5.05,5.06,5.08,5.07,5.06,5.04,5.06,5.19,5.20,5.18,5.15,5.12,5.10,5.04,5.10,5.19,5.16,5.19,5.21,5.20
5.53,5.57,5.63,5.69,5.69,5.70,5.87,5.71,5.66,5.64,5.58,5.58,5.67,5.71,5.64,0.52,0.22,0.18,0.18,0.18,0.19,0.20,0.23,0.26,0.29,0.48,0.74,1.04,1.38,2.01,2.20,2.55,2.88,3.04,3.08,3.15,3.30,3.51,3.64,3.76,3.87,3.89,3.90,3.91,3.88,3.81,3.77,3.79,3.80,3.76,3.63,3.47,2.91,2.37,2.28,2.45,2.48,2.76,3.33,3.63,3.73,3.82,3.77,3.32,3.93,3.77,3.20,2.59,2.29,2.51,2.96,2.12,2.10,1.99,2.00,2.04,2.00,2.08,2.04,1.95,1.86,1.96,1.95,2.00,2.12,2.29,3.06,3.56,3.97,4.39,4.37,4.34,4.27,4.16,4.04,4.01,4.03,4.06,4.06,3.99,4.01,4.07,4.14,4.26,4.37,4.43,4.49,4.65,4.75,4.85,4.95,5.03,5.14,5.18,5.22,5.28,5.36,5.46,5.46,5.35,5.14,5.04,5.07,5.17,5.28,5.29,5.28,5.26,5.24,5.24,5.22,5.23,5.23,5.22,5.17,5.14,5.14,5.16,5.11,5.12,5.13,5.10,4.99,4.96,4.92,4.89,4.86,4.85,4.81,4.77,4.76,4.85,4.92,5.02,5.12,5.18,5.17,5.21,5.25,5.27,5.27,5.20,5.23,5.31,5.37,5.32,5.33,5.36,5.37,5.31,5.21,5.11,5.00,4.90,4.71,4.68,4.76,4.83,4.81,4.77,4.78,4.85,4.93,4.95,4.95,4.94,4.92,5.05,5.03,5.02,5.08,5.16,5.17,5.14,5.12,5.15,5.12,5.13,5.16,5.21,5.19,5.15,5.14,5.16,5.19,5.13,5.13,5.16,5.15,5.20,5.21,5.19,5.15,5.11,5.09,5.08,5.07,5.10,5.13,5.13,5.13,5.14,5.17,5.17,5.18,5.20,5.13,5.17,5.25,5.31,5.30,5.26,5.20,5.16,5.12,5.04,5.05,5.08,5.09,5.05,5.06,5.06,5.09,5.17,5.20,5.19,5.17,5.14,5.10,5.08,5.15,5.25,5.26,5.28,5.31,5.29
5.38,5.41,5.49,5.56,5.60,5.61,5.62,5.63,5.68,5.70,5.62,5.60,5.75,5.77,5.63,1.53,0.52,0.21,0.18,0.18,0.20,0.21,0.23,0.27,0.30,0.33,0.36,0.42,0.58,1.23,1.49,1.90,2.31,2.44,2.46,2.57,2.83,3.11,3.29,3.50,3.70,3.74,3.79,3.82,3.81,3.75,3.67,3.71,3.75,3.70,3.46,3.17,2.47,1.71,1.59,1.91,1.91,2.30,3.18,3.68,3.76,3.87,3.81,3.17,3.96,3.51,2.48,1.47,0.87,1.31,1.63,0.47,0.42,0.27,0.20,0.17,0.15,0.42,0.44,0.31,0.19,0.43,0.25,0.29,0.50,0.65,1.90,2.90,3.79,4.53,4.11,4.23,4.32,4.25,4.04,4.01,4.03,4.06,4.10,4.09,4.04,4.03,4.07,4.16,4.26,4.32,4.36,4.41,4.54,4.66,4.76,4.85,4.97,5.03,5.07,5.14,5.24,5.46,5.50,5.36,5.08,5.00,5.07,5.20,5.29,5.31,5.28,5.27,5.27,5.27,5.26,5.24,5.24,5.27,5.21,5.16,5.17,5.21,5.14,5.13,5.12,5.07,4.99,4.93,4.88,4.82,4.76,4.78,4.75,4.71,4.70,4.81,4.86,5.00,5.11,5.09,5.08,5.10,5.15,5.21,5.24,5.18,5.20,5.29,5.35,5.27,5.27,5.34,5.40,5.31,5.23,5.15,5.04,4.86,4.68,4.67,4.76,4.84,4.80,4.76,4.78,4.85,4.93,4.95,4.95,4.95,4.94,5.02,5.04,5.04,5.06,5.08,5.13,5.13,5.12,5.15,5.16,5.14,5.16,5.23,5.21,5.13,5.13,5.21,5.24,5.15,5.12,5.13,5.10,5.24,5.29,5.26,5.16,5.13,5.10,5.06,5.05,5.11,5.13,5.16,5.19,5.19,5.19,5.17,5.17,5.18,5.11,5.15,5.19,5.20,5.19,5.15,5.11,5.08,5.07,5.01,5.05,5.09,5.10,5.02,5.04,5.08,5.12,5.15,5.19,5.19,5.18,5.15,5.09,5.11,5.20,5.31,5.35,5.36,5.39,5.36
5.39,5.41,5.52,5.53,5.52,5.50,5.47,5.53,5.58,5.62,5.64,5.55,5.57,5.59,5.60,5.67,1.69,0.32,0.18,0.18,0.20,0.21,0.24,0.28,0.32,0.35,0.38,0.41,0.47,0.59,0.70,0.91,1.30,1.70,1.66,1.74,1.91,2.06,2.18,2.31,2.48,2.74,2.85,2.94,3.02,3.07,2.70,2.72,2.86,2.87,2.35,1.68,1.50,0.83,0.87,1.29,1.35,1.28,1.21,1.12,1.10,1.39,1.64,1.23,1.46,1.64,1.41,0.66,0.39,0.51,0.51,0.35,0.30,0.22,0.17,0.15,0.12,0.17,0.13,0.11,0.16,0.41,0.26,0.21,0.24,0.17,0.70,1.22,1.59,1.78,2.16,3.23,4.17,4.47,4.24,4.10,4.01,3.97,4.03,4.08,4.10,4.09,4.06,4.04,4.17,4.27,4.30,4.29,4.36,4.46,4.57,4.66,4.80,4.87,4.93,5.00,5.15,5.38,5.46,5.35,5.01,4.99,5.10,5.22,5.29,5.26,5.22,5.20,5.22,5.28,5.27,5.23,5.21,5.26,5.24,5.21,5.15,5.07,4.99,5.15,5.19,5.12,5.02,5.00,4.94,4.88,4.81,4.77,4.72,4.66,4.65,4.77,4.83,4.97,5.09,5.07,5.07,5.08,5.10,5.13,5.19,5.17,5.20,5.25,5.28,5.19,5.19,5.21,5.20,5.18,5.17,5.11,4.99,4.79,4.67,4.69,4.77,4.83,4.78,4.77,4.82,4.92,4.98,4.99,4.99,4.98,4.93,5.02,5.09,5.12,5.10,5.04,5.07,5.09,5.10,5.14,5.25,5.22,5.17,5.20,5.18,5.15,5.16,5.22,5.23,5.15,5.12,5.13,5.14,5.28,5.33,5.30,5.20,5.17,5.14,5.08,5.03,5.10,5.10,5.15,5.23,5.28,5.26,5.20,5.17,5.17,5.17,5.15,5.14,5.10,5.04,5.03,5.02,5.03,5.04,4.99,5.04,5.07,5.05,5.02,5.04,5.07,5.11,5.14,5.18,5.18,5.17,5.15,5.08,5.09,5.21,5.35,5.37,5.37,5.38,5.35
5.39,5.41,5.51,5.50,5.49,5.48,5.43,5.47,5.50,5.53,5.58,5.52,5.49,5.49,5.53,5.62,3.46,1.45,0.22,0.18,0.20,0.22,0.25,0.30,0.34,0.38,0.41,0.43,0.44,0.45,0.47,0.57,0.81,1.37,1.36,1.43,1.57,1.68,1.78,1.87,2.04,2.37,2.51,2.62,2.73,2.82,2.34,2.36,2.54,2.57,1.94,1.14,0.85,0.57,0.64,0.98,1.08,0.91,0.56,0.38,0.30,0.61,0.94,0.63,0.69,1.00,0.98,0.40,0.26,0.30,0.33,0.31,0.27,0.21,0.18,0.16,0.13,0.10,0.04,0.04,0.16,0.40,0.27,0.19,0.16,0.08,0.31,0.64,0.87,0.85,1.34,2.87,4.11,4.33,3.56,4.12,4.17,3.98,3.99,4.06,4.11,4.12,4.10,4.05,4.12,4.18,4.20,4.21,4.23,4.28,4.37,4.50,4.64,4.72,4.81,4.94,5.09,5.30,5.38,5.27,4.96,4.97,5.10,5.21,5.25,5.21,5.16,5.14,5.18,5.29,5.26,5.20,5.17,5.22,5.22,5.18,5.10,4.98,4.92,5.14,5.18,5.10,5.00,5.00,4.97,4.91,4.83,4.77,4.71,4.67,4.67,4.76,4.84,4.96,5.06,5.07,5.07,5.07,5.07,5.10,5.16,5.15,5.15,5.16,5.16,5.08,5.08,5.09,5.09,5.10,5.09,5.05,4.96,4.78,4.67,4.69,4.77,4.81,4.76,4.78,4.86,4.96,5.01,5.02,5.02,5.01,4.97,5.05,5.10,5.13,5.12,5.03,5.04,5.06,5.08,5.16,5.26,5.23,5.19,5.23,5.20,5.17,5.18,5.23,5.25,5.14,5.10,5.13,5.15,5.26,5.33,5.32,5.24,5.22,5.18,5.12,5.05,5.10,5.12,5.20,5.29,5.36,5.33,5.27,5.21,5.17,5.17,5.18,5.17,5.14,5.10,5.08,5.03,5.00,5.01,5.00,5.05,5.08,5.06,5.02,5.03,5.06,5.09,5.12,5.17,5.18,5.18,5.18,5.11,5.11,5.21,5.32,5.33,5.33,5.33,5.30
5.39,5.41,5.49,5.47,5.48,5.51,5.45,5.44,5.43,5.44,5.49,5.51,5.47,5.44,5.44,5.55,5.49,5.46,0.39,0.20,0.20,0.22,0.26,0.32,0.35,0.40,0.43,0.45,0.46,0.47,0.48,0.50,0.52,0.54,0.54,0.54,0.54,0.54,0.54,0.54,0.54,0.54,0.54,0.54,0.54,0.54,0.54,0.54,0.54,0.57,0.69,0.79,0.69,0.56,0.62,0.78,0.93,0.82,0.47,0.40,0.29,0.55,0.86,0.60,0.67,0.86,0.81,0.37,0.30,0.33,0.35,0.33,0.28,0.24,0.21,0.19,0.16,0.14,0.07,0.07,0.17,0.38,0.28,0.21,0.20,0.16,0.25,0.54,0.75,0.71,0.68,0.61,0.53,0.76,2.34,4.09,4.41,3.99,3.99,4.03,4.08,4.13,4.15,4.13,4.10,4.08,4.08,4.15,4.13,4.12,4.18,4.36,4.48,4.58,4.72,4.90,5.03,5.22,5.26,5.15,4.92,4.95,5.09,5.19,5.19,5.15,5.10,5.09,5.14,5.30,5.23,5.15,5.13,5.18,5.18,5.12,5.02,4.93,4.90,5.10,5.13,5.04,4.95,4.97,4.97,4.92,4.82,4.76,4.73,4.73,4.75,4.77,4.86,4.96,5.04,5.08,5.09,5.08,5.07,5.08,5.16,5.12,5.08,5.05,5.02,4.96,4.95,4.98,5.03,5.03,5.01,4.99,4.94,4.81,4.68,4.69,4.76,4.79,4.73,4.79,4.90,4.98,5.01,5.02,5.04,5.04,5.03,5.09,5.10,5.11,5.12,5.03,5.04,5.05,5.07,5.18,5.22,5.20,5.20,5.29,5.23,5.20,5.20,5.25,5.29,5.13,5.08,5.12,5.16,5.21,5.30,5.33,5.28,5.26,5.23,5.16,5.10,5.12,5.18,5.28,5.37,5.43,5.41,5.35,5.26,5.18,5.15,5.22,5.26,5.27,5.27,5.23,5.11,5.00,4.98,5.02,5.08,5.11,5.09,5.02,5.02,5.04,5.07,5.11,5.16,5.18,5.21,5.24,5.16,5.15,5.19,5.25,5.27,5.25,5.24,5.22
5.40,5.43,5.49,5.49,5.49,5.50,5.48,5.49,5.49,5.50,5.55,5.60,5.60,5.58,5.55,5.57,5.50,5.52,5.61,0.38,0.23,0.23,0.29,0.35,0.39,0.43,0.46,0.47,0.48,0.48,0.49,0.51,0.53,0.54,0.54,0.54,0.54,0.54,0.54,0.54,0.54,0.54,0.54,0.54,0.54,0.54,0.54,0.54,0.54,0.55,0.61,0.74,0.66,0.55,0.60,0.69,0.81,0.74,0.47,0.43,0.33,0.54,0.78,0.57,0.62,0.70,0.63,0.35,0.32,0.35,0.37,0.35,0.31,0.27,0.25,0.23,0.20,0.19,0.16,0.15,0.18,0.37,0.29,0.23,0.23,0.21,0.20,0.43,0.63,0.60,0.57,0.50,0.37,0.36,1.06,1.85,2.39,3.02,4.12,4.04,4.04,4.09,4.15,4.19,4.17,4.13,4.11,4.14,4.16,4.17,4.23,4.35,4.43,4.53,4.65,4.79,4.90,5.00,5.03,5.01,5.00,4.98,5.05,5.10,5.09,5.11,5.07,5.07,5.14,5.29,5.17,5.10,5.08,5.11,5.10,5.07,4.98,4.88,4.89,5.06,5.07,4.96,4.89,4.91,4.92,4.90,4.84,4.80,4.80,4.82,4.84,4.85,4.98,5.02,5.04,5.09,5.13,5.10,5.07,5.06,5.08,5.02,5.00,4.99,4.95,4.95,4.99,5.01,4.99,4.92,4.89,4.88,4.84,4.71,4.67,4.71,4.76,4.78,4.72,4.78,4.86,4.92,4.95,4.98,5.00,5.03,5.09,5.15,5.15,5.12,5.09,5.05,5.02,5.04,5.11,5.18,5.21,5.20,5.21,5.28,5.25,5.22,5.22,5.27,5.31,5.11,5.06,5.10,5.10,5.17,5.28,5.34,5.32,5.31,5.27,5.21,5.15,5.17,5.26,5.35,5.41,5.42,5.41,5.37,5.31,5.23,5.20,5.26,5.31,5.34,5.37,5.38,5.27,5.13,5.03,5.02,5.07,5.08,5.04,4.99,5.04,5.10,5.15,5.17,5.22,5.24,5.24,5.24,5.18,5.15,5.15,5.17,5.19,5.17,5.15,5.13
5.41,5.45,5.50,5.51,5.50,5.49,5.49,5.52,5.51,5.53,5.58,5.64,5.67,5.67,5.66,5.65,5.56,5.55,5.57,1.86,0.75,0.35,0.31,0.38,0.43,0.46,0.48,0.48,0.49,0.49,0.50,0.52,0.53,0.54,0.54,0.54,0.54,0.54,0.54,0.54,0.54,0.54,0.54,0.54,0.54,0.54,0.54,0.54,0.54,0.54,0.56,0.68,0.63,0.54,0.57,0.62,0.71,0.66,0.48,0.46,0.37,0.52,0.70,0.54,0.58,0.58,0.50,0.34,0.35,0.37,0.38,0.37,0.33,0.30,0.28,0.27,0.24,0.23,0.23,0.21,0.21,0.36,0.30,0.26,0.25,0.25,0.19,0.36,0.51,0.49,0.46,0.40,0.26,0.16,0.41,0.57,1.08,2.33,3.26,3.97,4.10,4.07,4.13,4.22,4.23,4.18,4.13,4.13,4.18,4.23,4.29,4.37,4.45,4.54,4.64,4.76,4.85,4.92,4.94,4.95,5.04,5.00,5.01,5.01,5.00,5.03,4.99,4.98,5.02,5.14,5.06,5.03,5.02,5.01,5.03,5.02,4.95,4.85,4.88,5.02,4.99,4.89,4.83,4.85,4.87,4.87,4.83,4.80,4.83,4.84,4.84,4.85,4.99,5.00,5.00,5.06,5.15,5.10,5.04,5.02,5.01,4.95,4.93,4.93,4.88,4.91,4.98,5.01,4.96,4.88,4.85,4.83,4.80,4.64,4.67,4.72,4.77,4.76,4.70,4.78,4.86,4.89,4.92,4.95,4.95,4.99,5.15,5.21,5.19,5.14,5.09,5.06,5.05,5.09,5.15,5.19,5.21,5.21,5.22,5.28,5.25,5.23,5.24,5.28,5.30,5.10,5.04,5.08,5.08,5.16,5.28,5.36,5.37,5.35,5.30,5.23,5.17,5.20,5.29,5.38,5.43,5.42,5.41,5.39,5.34,5.27,5.22,5.29,5.35,5.39,5.42,5.45,5.36,5.19,5.04,5.02,5.06,5.06,5.01,4.97,5.06,5.14,5.19,5.23,5.31,5.30,5.28,5.25,5.21,5.19,5.17,5.17,5.17,5.16,5.13,5.10
5.42,5.48,5.52,5.50,5.49,5.48,5.48,5.50,5.50,5.52,5.58,5.60,5.65,5.70,5.76,5.81,5.70,5.58,5.49,5.43,1.88,0.62,0.34,0.40,0.46,0.49,0.50,0.50,0.50,0.50,0.51,0.52,0.54,0.54,0.54,0.54,0.54,0.54,0.54,0.54,0.54,0.54,0.54,0.54,0.54,0.54,0.54,0.54,0.54,0.54,0.54,0.62,0.59,0.54,0.55,0.59,0.62,0.58,0.48,0.47,0.40,0.50,0.62,0.51,0.53,0.50,0.43,0.36,0.39,0.39,0.39,0.38,0.36,0.33,0.31,0.31,0.28,0.28,0.27,0.26,0.25,0.35,0.31,0.28,0.28,0.28,0.24,0.32,0.39,0.38,0.36,0.29,0.22,0.21,0.33,0.38,0.61,0.90,1.18,3.79,4.26,4.10,4.09,4.21,4.26,4.23,4.16,4.12,4.19,4.27,4.36,4.46,4.55,4.62,4.73,4.86,4.91,5.03,5.02,4.99,5.05,5.01,4.95,4.92,4.93,4.90,4.84,4.80,4.78,4.80,4.90,4.94,4.93,4.88,4.95,4.97,4.91,4.82,4.88,4.97,4.92,4.81,4.77,4.78,4.82,4.83,4.79,4.76,4.79,4.77,4.72,4.75,4.87,4.89,4.90,4.99,5.15,5.08,5.00,4.96,4.94,4.91,4.89,4.86,4.82,4.84,4.92,4.96,4.94,4.93,4.90,4.88,4.82,4.64,4.69,4.74,4.77,4.75,4.67,4.78,4.89,4.93,4.94,4.94,4.89,4.92,5.20,5.26,5.24,5.19,5.13,5.08,5.16,5.18,5.16,5.22,5.21,5.21,5.24,5.28,5.22,5.22,5.25,5.29,5.24,5.09,5.05,5.09,5.11,5.19,5.29,5.38,5.41,5.40,5.32,5.21,5.14,5.21,5.26,5.35,5.43,5.43,5.42,5.41,5.38,5.31,5.22,5.29,5.35,5.39,5.42,5.44,5.34,5.17,4.99,5.02,5.06,5.06,5.01,4.97,5.06,5.14,5.21,5.30,5.42,5.39,5.33,5.28,5.26,5.29,5.29,5.27,5.24,5.24,5.19,5.14
5.42,5.46,5.53,5.50,5.48,5.47,5.47,5.48,5.48,5.50,5.58,5.57,5.62,5.68,5.74,5.79,5.73,5.67,5.61,5.58,5.58,4.99,4.51,0.44,0.49,0.51,0.51,0.51,0.51,0.51,0.51,0.53,0.54,0.54,0.54,0.54,0.54,0.54,0.54,0.54,0.54,0.54,0.54,0.54,0.54,0.54,0.54,0.54,0.54,0.54,0.54,0.59,0.56,0.53,0.53,0.55,0.55,0.53,0.48,0.47,0.46,0.47,0.49,0.46,0.46,0.45,0.43,0.42,0.41,0.40,0.40,0.39,0.38,0.38,0.38,0.39,0.38,0.38,0.37,0.37,0.37,0.37,0.34,0.33,0.32,0.33,0.31,0.34,0.37,0.36,0.35,0.31,0.29,0.29,0.33,0.35,0.44,0.53,0.60,2.26,3.87,3.83,4.16,4.14,4.20,4.22,4.21,4.20,4.15,4.22,4.32,4.38,4.53,4.64,4.73,4.82,4.87,5.01,5.03,4.98,4.99,5.01,4.97,4.95,4.95,4.93,4.89,4.82,4.74,4.75,4.82,4.85,4.85,4.81,4.85,4.86,4.82,4.77,4.78,4.85,4.83,4.77,4.76,4.74,4.74,4.73,4.70,4.72,4.77,4.71,4.62,4.69,4.76,4.78,4.82,4.94,5.05,5.01,4.94,4.88,4.88,4.87,4.84,4.80,4.77,4.81,4.86,4.89,4.88,4.89,4.90,4.89,4.81,4.61,4.68,4.74,4.77,4.76,4.69,4.81,4.92,4.95,4.95,4.95,4.92,4.96,5.17,5.22,5.24,5.21,5.14,5.08,5.06,5.07,5.10,5.19,5.20,5.20,5.21,5.25,5.19,5.22,5.27,5.32,5.29,5.13,5.07,5.09,5.15,5.22,5.30,5.36,5.38,5.41,5.37,5.26,5.14,5.19,5.25,5.35,5.42,5.42,5.39,5.38,5.33,5.27,5.27,5.30,5.33,5.38,5.41,5.43,5.33,5.16,4.99,5.02,5.06,5.05,5.01,5.00,5.06,5.13,5.21,5.31,5.44,5.42,5.34,5.27,5.29,5.30,5.30,5.27,5.23,5.25,5.23,5.19
5.42,5.43,5.54,5.50,5.46,5.46,5.47,5.45,5.45,5.49,5.58,5.54,5.58,5.64,5.70,5.73,5.74,5.73,5.73,5.75,5.66,5.12,4.76,1.23,0.70,0.55,0.52,0.52,0.51,0.51,0.52,0.53,0.54,0.54,0.54,0.54,0.54,0.54,0.54,0.84,1.11,0.84,1.04,1.01,0.97,1.03,1.03,0.99,0.97,0.95,0.94,1.02,1.03,0.99,0.95,0.99,0.99,0.98,0.96,0.99,0.96,0.99,0.99,0.94,0.96,0.96,0.92,0.85,0.87,0.81,0.81,0.87,0.81,0.78,0.76,0.75,0.76,0.70,0.65,0.60,0.55,0.47,0.43,0.41,0.39,0.40,0.39,0.39,0.39,0.39,0.38,0.38,0.38,0.38,0.37,0.38,0.38,0.37,0.39,0.95,3.24,3.54,4.03,4.09,4.15,4.21,4.25,4.27,4.12,4.16,4.25,4.29,4.47,4.62,4.70,4.74,4.81,4.97,4.99,4.94,4.92,4.99,4.99,4.98,4.98,4.99,4.96,4.87,4.78,4.79,4.80,4.81,4.81,4.79,4.79,4.78,4.75,4.73,4.69,4.73,4.74,4.73,4.73,4.70,4.67,4.64,4.63,4.70,4.72,4.65,4.57,4.65,4.69,4.71,4.76,4.89,4.95,4.92,4.86,4.81,4.83,4.83,4.79,4.74,4.72,4.77,4.81,4.82,4.81,4.84,4.87,4.87,4.80,4.59,4.67,4.74,4.77,4.76,4.72,4.84,4.94,4.97,4.96,4.95,4.95,4.99,5.12,5.16,5.19,5.17,5.10,5.06,4.96,4.95,5.04,5.14,5.18,5.17,5.17,5.22,5.17,5.21,5.27,5.32,5.31,5.16,5.08,5.09,5.17,5.23,5.28,5.32,5.32,5.37,5.38,5.29,5.16,5.18,5.24,5.32,5.38,5.38,5.34,5.32,5.28,5.22,5.31,5.31,5.32,5.35,5.38,5.39,5.29,5.13,4.98,5.03,5.06,5.04,5.00,5.02,5.07,5.13,5.22,5.31,5.43,5.43,5.34,5.25,5.31,5.30,5.28,5.24,5.21,5.24,5.25,5.21
5.44,5.44,5.55,5.50,5.45,5.45,5.48,5.43,5.43,5.48,5.58,5.51,5.54,5.60,5.66,5.67,5.70,5.70,5.74,5.88,5.90,5.66,5.48,5.56,1.44,0.69,0.53,0.53,0.52,0.52,0.53,0.53,0.54,0.54,0.54,0.54,0.54,0.54,0.54,2.38,4.09,2.38,3.64,3.45,3.17,3.57,3.55,3.35,3.18,3.10,3.03,3.38,3.52,3.43,3.19,3.41,3.49,3.48,3.33,2.86,2.93,2.98,2.94,2.80,2.89,2.95,2.83,2.52,2.65,2.37,2.43,2.74,2.47,2.36,2.22,2.16,2.24,1.94,1.71,1.49,1.24,0.85,0.77,0.67,0.56,0.56,0.55,0.55,0.55,0.51,0.51,0.50,0.50,0.50,0.50,0.50,0.50,0.50,0.51,0.95,1.18,1.90,3.25,4.13,4.18,4.18,4.25,4.31,4.22,4.13,4.14,4.28,4.41,4.52,4.59,4.63,4.71,4.88,4.88,4.81,4.82,4.92,4.95,4.96,4.99,5.03,4.97,4.94,4.94,4.90,4.91,4.89,4.87,4.86,4.85,4.80,4.76,4.72,4.66,4.67,4.67,4.65,4.63,4.63,4.62,4.63,4.67,4.72,4.63,4.61,4.66,4.69,4.70,4.69,4.73,4.84,4.84,4.81,4.77,4.74,4.84,4.83,4.76,4.69,4.66,4.70,4.73,4.74,4.75,4.79,4.82,4.84,4.80,4.61,4.68,4.74,4.77,4.74,4.74,4.87,4.97,4.99,4.95,4.91,4.91,4.97,5.06,5.11,5.07,5.01,4.96,4.99,4.95,4.95,5.02,5.09,5.10,5.11,5.12,5.15,5.14,5.15,5.21,5.26,5.17,5.12,5.07,5.07,5.19,5.19,5.23,5.25,5.22,5.25,5.28,5.25,5.20,5.21,5.21,5.21,5.22,5.23,5.23,5.23,5.21,5.21,5.28,5.29,5.31,5.31,5.26,5.26,5.18,5.05,4.95,5.06,5.07,5.02,4.97,5.03,5.11,5.19,5.27,5.33,5.38,5.37,5.31,5.24,5.32,5.30,5.26,5.23,5.19,5.23,5.22,5.16
5.46,5.44,5.56,5.50,5.45,5.44,5.47,5.41,5.41,5.47,5.57,5.48,5.51,5.57,5.61,5.61,5.66,5.70,5.78,6.00,6.08,5.98,5.80,5.63,3.32,1.76,0.85,0.53,0.52,0.53,0.53,0.54,0.54,0.54,0.54,0.54,0.54,0.54,1.43,2.79,4.13,3.19,3.95,3.83,3.61,3.78,3.75,3.64,3.56,3.52,3.49,3.70,3.78,3.73,3.60,3.73,3.79,3.79,3.77,3.78,3.88,3.93,3.90,3.82,3.89,3.95,3.88,3.67,3.77,3.59,3.66,3.88,3.69,3.63,3.54,3.50,3.56,3.34,3.17,3.01,2.82,2.50,2.39,2.31,2.24,2.25,2.25,1.75,1.23,0.63,0.63,0.62,0.62,0.62,0.62,0.62,0.62,0.61,0.60,0.83,0.78,1.11,2.84,2.99,3.82,4.23,4.23,4.30,4.28,4.19,4.14,4.19,4.32,4.40,4.45,4.52,4.64,4.82,4.83,4.75,4.75,4.86,4.91,4.93,4.98,5.03,4.96,4.96,4.98,4.95,4.96,4.94,4.92,4.92,4.92,4.88,4.84,4.83,4.80,4.77,4.74,4.71,4.68,4.66,4.62,4.61,4.65,4.69,4.58,4.56,4.63,4.67,4.69,4.67,4.67,4.72,4.72,4.67,4.64,4.67,4.73,4.76,4.74,4.70,4.66,4.73,4.74,4.72,4.69,4.71,4.71,4.74,4.75,4.62,4.68,4.74,4.76,4.73,4.76,4.89,5.00,5.04,4.98,4.91,4.91,4.95,5.03,5.05,5.01,4.95,4.91,4.96,4.96,5.00,5.05,5.06,5.06,5.08,5.10,5.12,5.11,5.11,5.13,5.15,5.09,5.09,5.06,5.07,5.21,5.21,5.22,5.21,5.19,5.19,5.22,5.22,5.20,5.20,5.16,5.14,5.11,5.09,5.13,5.14,5.15,5.17,5.23,5.22,5.21,5.19,5.12,5.12,5.07,5.00,4.95,5.05,5.04,4.99,4.96,5.02,5.09,5.17,5.25,5.33,5.33,5.32,5.27,5.20,5.30,5.28,5.25,5.22,5.18,5.21,5.20,5.15
5.48,5.45,5.57,5.49,5.44,5.44,5.47,5.39,5.38,5.45,5.56,5.45,5.48,5.53,5.56,5.56,5.62,5.69,5.84,6.11,6.22,6.19,6.02,5.75,5.62,3.29,1.49,0.74,0.68,0.67,0.70,0.72,0.67,0.62,0.60,0.60,0.60,0.62,2.74,3.39,4.20,4.32,4.38,4.34,4.22,4.07,4.03,4.05,4.08,4.11,4.13,4.13,4.15,4.16,4.16,4.19,4.21,4.22,4.24,4.26,4.28,4.30,4.33,4.37,4.38,4.40,4.43,4.48,4.49,4.56,4.60,4.61,4.60,4.67,4.69,4.70,4.71,4.72,4.71,4.71,4.69,4.64,4.62,4.60,4.60,4.62,4.61,3.49,2.02,0.91,0.91,0.88,0.89,0.78,0.74,0.74,0.73,0.71,0.67,0.67,0.66,0.64,0.69,1.16,3.29,4.27,4.23,4.26,4.33,4.29,4.19,4.08,4.22,4.26,4.31,4.42,4.58,4.78,4.81,4.73,4.69,4.81,4.87,4.91,4.96,5.00,4.94,4.94,4.98,4.97,4.98,4.97,4.97,4.97,4.98,4.96,4.95,4.97,5.02,4.94,4.87,4.83,4.79,4.74,4.65,4.60,4.61,4.63,4.57,4.53,4.56,4.62,4.66,4.66,4.63,4.60,4.61,4.53,4.51,4.59,4.58,4.67,4.73,4.75,4.69,4.82,4.79,4.71,4.65,4.64,4.59,4.62,4.68,4.63,4.69,4.74,4.75,4.73,4.79,4.91,5.02,5.09,5.02,4.94,4.91,4.94,5.01,4.99,4.98,4.95,4.90,4.93,4.99,5.06,5.11,5.04,5.03,5.06,5.09,5.11,5.09,5.08,5.05,5.02,5.05,5.06,5.06,5.09,5.25,5.25,5.22,5.19,5.18,5.16,5.18,5.19,5.18,5.16,5.12,5.08,5.03,4.97,5.02,5.05,5.08,5.12,5.18,5.14,5.09,5.04,4.99,4.98,4.98,4.97,4.97,5.02,5.01,4.97,4.96,4.99,5.03,5.10,5.21,5.31,5.26,5.26,5.22,5.15,5.26,5.26,5.24,5.20,5.16,5.18,5.18,5.16
5.50,5.47,5.58,5.49,5.43,5.44,5.46,5.37,5.38,5.43,5.47,5.40,5.44,5.48,5.50,5.53,5.54,5.66,5.87,6.15,6.31,6.38,6.32,6.13,5.77,5.66,5.59,5.25,4.01,3.47,4.25,4.73,3.40,2.41,1.98,1.85,1.95,2.38,3.27,3.80,4.15,4.25,4.29,4.25,4.16,4.06,4.01,4.03,4.06,4.09,4.10,4.09,4.11,4.14,4.15,4.16,4.16,4.17,4.20,4.22,4.26,4.28,4.29,4.32,4.31,4.32,4.36,4.41,4.42,4.50,4.56,4.59,4.57,4.58,4.60,4.65,4.71,4.72,4.72,4.72,4.69,4.55,4.51,4.50,4.49,4.48,4.50,4.18,3.75,3.40,3.36,3.01,2.52,1.70,0.99,0.86,0.82,0.77,0.73,0.71,0.69,0.67,0.67,0.78,3.06,3.78,4.28,4.20,4.30,4.31,4.26,4.18,4.15,4.21,4.29,4.36,4.42,4.66,4.73,4.70,4.71,4.74,4.79,4.86,4.93,4.96,4.92,4.91,4.94,4.96,4.94,4.90,4.87,4.90,4.90,4.91,4.93,5.00,5.12,4.95,4.86,4.85,4.84,4.83,4.75,4.67,4.63,4.63,4.65,4.67,4.68,4.70,4.73,4.76,4.76,4.71,4.68,4.61,4.60,4.64,4.63,4.66,4.68,4.68,4.66,4.72,4.70,4.67,4.70,4.73,4.69,4.65,4.64,4.72,4.76,4.79,4.79,4.74,4.80,4.92,5.02,5.05,4.97,4.85,4.86,4.95,5.02,5.00,4.99,4.96,4.91,4.90,4.98,5.10,5.17,5.02,4.95,4.98,5.05,5.12,5.11,5.07,5.04,5.03,5.02,5.06,5.06,5.07,5.18,5.21,5.20,5.17,5.16,5.14,5.13,5.15,5.17,5.13,5.11,5.08,5.05,5.01,5.00,5.01,5.05,5.12,5.25,5.21,5.14,5.08,5.01,5.02,4.99,4.96,4.98,5.05,5.01,4.97,4.95,4.96,4.99,5.03,5.08,5.15,5.16,5.17,5.17,5.16,5.20,5.21,5.18,5.14,5.08,5.11,5.13,5.13
5.49,5.49,5.60,5.49,5.42,5.43,5.43,5.35,5.38,5.42,5.39,5.36,5.40,5.43,5.44,5.51,5.50,5.65,5.91,6.19,6.41,6.48,6.44,6.28,5.87,5.69,5.63,5.40,4.49,4.09,4.64,4.98,4.03,3.21,2.78,2.58,2.57,2.88,3.63,4.02,4.12,4.20,4.21,4.17,4.08,4.00,4.00,4.02,4.02,4.01,4.04,4.08,4.12,4.16,4.21,4.22,4.22,4.22,4.23,4.26,4.29,4.31,4.32,4.34,4.33,4.34,4.37,4.40,4.43,4.50,4.57,4.61,4.62,4.61,4.63,4.68,4.75,4.76,4.76,4.76,4.72,4.57,4.52,4.49,4.45,4.39,4.39,4.49,4.61,4.66,4.59,4.23,3.51,2.62,2.09,1.69,1.20,0.82,0.78,0.75,0.72,0.69,0.66,0.63,2.89,3.14,3.55,4.23,4.29,4.31,4.31,4.27,4.17,4.18,4.25,4.33,4.36,4.59,4.66,4.66,4.71,4.69,4.72,4.78,4.85,4.90,4.88,4.89,4.93,4.94,4.84,4.79,4.78,4.83,4.82,4.84,4.87,4.95,5.06,4.91,4.83,4.83,4.85,4.87,4.79,4.69,4.63,4.63,4.70,4.74,4.76,4.75,4.80,4.84,4.85,4.81,4.76,4.72,4.70,4.70,4.69,4.68,4.68,4.68,4.69,4.68,4.64,4.63,4.69,4.71,4.70,4.66,4.65,4.77,4.78,4.82,4.83,4.79,4.81,4.90,4.97,4.99,4.92,4.81,4.85,4.97,5.02,5.01,5.00,4.97,4.91,4.87,4.96,5.09,5.16,5.01,4.92,4.95,5.04,5.12,5.11,5.06,5.02,5.01,4.99,5.03,5.05,5.07,5.15,5.20,5.19,5.17,5.15,5.14,5.11,5.12,5.15,5.10,5.11,5.11,5.09,5.06,5.01,4.99,5.03,5.11,5.27,5.24,5.18,5.10,5.03,5.02,4.97,4.95,5.00,5.05,5.01,4.96,4.94,4.97,5.00,5.02,5.05,5.11,5.13,5.13,5.14,5.18,5.19,5.20,5.18,5.13,5.06,5.07,5.06,5.06
5.46,5.51,5.61,5.48,5.41,5.41,5.40,5.32,5.38,5.43,5.33,5.32,5.36,5.38,5.39,5.49,5.50,5.67,5.95,6.23,6.50,6.48,6.35,6.21,5.92,5.73,5.70,5.72,5.50,5.40,5.46,5.50,5.35,4.89,4.48,4.12,3.88,3.92,3.98,4.04,4.11,4.18,4.16,4.09,3.99,3.88,3.97,4.02,3.96,3.88,3.95,4.12,4.19,4.24,4.36,4.36,4.39,4.39,4.36,4.36,4.38,4.40,4.42,4.44,4.45,4.48,4.48,4.45,4.52,4.57,4.62,4.67,4.73,4.76,4.78,4.80,4.85,4.83,4.85,4.84,4.79,4.72,4.65,4.58,4.49,4.34,4.30,4.38,4.49,4.56,4.49,4.43,4.47,4.55,4.41,3.40,2.97,0.88,0.81,0.77,0.74,0.71,0.67,0.65,0.74,1.01,1.95,4.36,4.30,4.29,4.32,4.34,4.27,4.19,4.21,4.34,4.42,4.57,4.60,4.60,4.70,4.65,4.65,4.67,4.71,4.81,4.81,4.86,4.94,4.91,4.67,4.63,4.69,4.76,4.75,4.74,4.77,4.81,4.84,4.82,4.79,4.79,4.82,4.85,4.76,4.65,4.60,4.65,4.69,4.74,4.77,4.78,4.85,4.89,4.90,4.90,4.86,4.84,4.82,4.78,4.74,4.73,4.75,4.77,4.76,4.70,4.63,4.59,4.60,4.57,4.59,4.64,4.71,4.79,4.77,4.81,4.86,4.88,4.81,4.84,4.88,4.90,4.89,4.82,4.88,5.00,5.01,5.00,4.98,4.95,4.90,4.85,4.93,5.03,5.09,5.01,4.92,4.95,5.05,5.13,5.11,5.05,4.99,4.96,4.96,4.98,5.02,5.09,5.16,5.22,5.21,5.18,5.17,5.16,5.11,5.11,5.12,5.08,5.12,5.15,5.15,5.10,5.06,5.01,5.02,5.10,5.24,5.24,5.19,5.12,5.04,4.97,4.91,4.92,5.01,5.04,4.98,4.93,4.94,5.04,5.05,5.07,5.12,5.21,5.18,5.14,5.14,5.19,5.22,5.24,5.23,5.17,5.11,5.06,4.97,4.96
5.44,5.53,5.58,5.46,5.38,5.37,5.36,5.29,5.38,5.43,5.27,5.28,5.31,5.33,5.33,5.41,5.50,5.70,5.98,6.24,6.33,6.27,6.15,6.00,5.72,5.55,5.53,5.57,5.47,5.44,5.48,5.50,5.44,5.02,4.58,4.25,4.09,4.02,4.01,4.05,4.12,4.17,4.12,4.03,3.94,3.90,4.00,4.05,3.97,3.83,3.78,3.84,4.03,4.25,4.37,4.38,4.37,4.34,4.30,4.34,4.33,4.34,4.36,4.38,4.39,4.42,4.41,4.38,4.46,4.52,4.57,4.61,4.65,4.65,4.71,4.79,4.82,4.86,4.91,4.93,4.92,4.85,4.76,4.66,4.55,4.41,4.34,4.33,4.38,4.47,4.42,4.40,4.47,4.59,4.60,4.13,4.14,4.52,0.83,0.79,0.75,0.71,0.68,0.65,0.63,0.70,1.27,3.01,4.02,4.31,4.29,4.33,4.34,4.28,4.25,4.28,4.36,4.44,4.51,4.57,4.64,4.60,4.60,4.62,4.67,4.80,4.78,4.81,4.86,4.79,4.68,4.66,4.68,4.70,4.69,4.68,4.68,4.70,4.74,4.76,4.75,4.74,4.78,4.83,4.72,4.60,4.57,4.65,4.70,4.75,4.77,4.76,4.92,4.97,4.96,4.92,4.86,4.85,4.83,4.79,4.76,4.75,4.80,4.87,4.88,4.78,4.68,4.66,4.71,4.65,4.64,4.65,4.69,4.77,4.79,4.82,4.83,4.82,4.78,4.82,4.87,4.91,4.91,4.90,4.94,5.00,4.99,4.98,4.96,4.94,4.94,4.86,4.89,4.94,4.97,4.96,4.94,4.99,5.06,5.09,5.11,5.04,4.98,4.96,4.95,4.96,5.00,5.06,5.14,5.21,5.20,5.17,5.14,5.11,5.09,5.08,5.10,5.13,5.18,5.20,5.19,5.12,5.06,5.00,5.02,5.13,5.26,5.27,5.22,5.14,5.06,4.97,4.92,4.92,5.00,5.04,4.98,4.96,4.99,5.07,5.10,5.11,5.14,5.20,5.17,5.13,5.13,5.16,5.20,5.23,5.22,5.17,5.12,5.07,4.98,4.95
5.43,5.55,5.54,5.43,5.36,5.34,5.32,5.27,5.37,5.42,5.22,5.24,5.26,5.27,5.29,5.34,5.50,5.72,5.95,6.10,6.07,6.00,5.91,5.78,5.48,5.34,5.32,5.36,5.30,5.29,5.36,5.40,5.33,4.92,4.48,4.21,4.12,4.00,4.00,4.05,4.11,4.15,4.08,3.97,3.90,3.93,4.03,4.05,3.96,3.78,3.55,3.57,3.90,4.25,4.36,4.37,4.32,4.26,4.23,4.29,4.26,4.26,4.28,4.29,4.31,4.33,4.33,4.30,4.38,4.46,4.51,4.54,4.55,4.53,4.62,4.73,4.77,4.85,4.92,4.97,5.00,4.93,4.84,4.74,4.62,4.49,4.36,4.28,4.29,4.39,4.35,4.34,4.37,4.42,4.51,4.64,4.63,4.57,1.50,0.99,0.79,0.72,0.69,0.65,0.63,0.61,0.82,1.89,3.63,4.20,4.29,4.31,4.38,4.35,4.30,4.26,4.31,4.33,4.42,4.51,4.56,4.54,4.55,4.58,4.63,4.76,4.74,4.75,4.78,4.70,4.71,4.70,4.68,4.65,4.63,4.62,4.61,4.61,4.66,4.70,4.71,4.70,4.74,4.79,4.67,4.56,4.55,4.62,4.67,4.72,4.75,4.77,4.95,5.02,4.99,4.92,4.84,4.84,4.82,4.79,4.78,4.78,4.86,4.96,4.99,4.87,4.76,4.74,4.81,4.74,4.68,4.65,4.65,4.74,4.78,4.80,4.78,4.75,4.76,4.82,4.88,4.93,4.93,4.96,4.99,5.01,4.98,4.97,4.93,4.93,4.97,4.87,4.87,4.88,4.88,4.91,4.95,5.00,5.04,5.05,5.08,5.03,4.98,4.97,4.97,4.97,4.99,5.04,5.13,5.18,5.18,5.15,5.12,5.09,5.07,5.05,5.06,5.15,5.21,5.23,5.20,5.13,5.06,4.98,5.00,5.13,5.27,5.29,5.24,5.15,5.06,4.97,4.92,4.92,4.98,5.02,4.97,4.96,5.02,5.08,5.12,5.13,5.15,5.18,5.14,5.11,5.11,5.12,5.17,5.20,5.20,5.15,5.11,5.07,4.98,4.95
5.43,5.56,5.49,5.41,5.36,5.33,5.28,5.25,5.36,5.39,5.16,5.20,5.20,5.25,5.33,5.28,5.51,5.72,5.80,5.63,5.69,5.66,5.60,5.55,5.25,5.12,5.11,5.14,5.10,5.08,5.17,5.23,5.12,4.73,4.42,4.20,4.07,4.00,3.97,4.00,4.06,4.10,4.03,3.92,3.88,3.97,4.03,3.95,3.86,3.70,3.19,3.45,3.91,4.29,4.37,4.34,4.25,4.19,4.17,4.22,4.19,4.18,4.19,4.21,4.22,4.24,4.25,4.25,4.32,4.38,4.44,4.49,4.50,4.47,4.52,4.61,4.70,4.77,4.82,4.87,4.90,4.91,4.86,4.79,4.70,4.55,4.34,4.24,4.25,4.33,4.30,4.31,4.35,4.40,4.48,4.53,4.64,4.70,4.55,1.64,0.89,0.72,0.69,0.65,0.63,0.61,0.65,0.84,2.98,3.76,4.37,4.29,4.34,4.37,4.37,4.35,4.34,4.34,4.37,4.41,4.44,4.46,4.47,4.51,4.58,4.67,4.66,4.66,4.70,4.75,4.73,4.71,4.67,4.61,4.60,4.59,4.57,4.55,4.60,4.63,4.65,4.67,4.71,4.73,4.59,4.50,4.54,4.54,4.54,4.58,4.68,4.84,4.91,4.95,4.96,4.91,4.81,4.80,4.80,4.78,4.76,4.84,4.95,5.05,5.07,4.98,4.89,4.83,4.80,4.78,4.70,4.61,4.58,4.67,4.72,4.72,4.70,4.67,4.82,4.88,4.90,4.91,4.91,4.94,5.01,5.06,5.00,4.99,4.92,4.89,4.95,4.89,4.88,4.88,4.88,4.90,4.93,4.97,4.99,5.00,5.00,4.99,4.98,5.00,5.05,5.02,5.03,5.08,5.11,5.13,5.13,5.12,5.13,5.12,5.07,5.01,4.99,5.11,5.16,5.19,5.17,5.10,5.03,4.95,4.97,5.10,5.25,5.28,5.23,5.14,5.05,4.95,4.90,4.91,4.98,4.97,4.89,4.90,5.00,5.05,5.09,5.10,5.12,5.16,5.10,5.08,5.08,5.09,5.13,5.17,5.17,5.14,5.08,5.02,4.97,4.96
4.92,4.95,4.97,4.96,4.94,4.91,4.88,4.92,5.13,5.26,5.11,5.16,5.14,5.18,5.28,5.29,5.45,5.46,5.36,5.24,5.32,5.31,5.28,5.27,5.01,4.92,4.90,4.92,4.91,4.89,4.98,5.03,4.90,4.52,4.31,4.16,4.05,4.01,3.93,3.96,4.03,4.05,3.96,3.87,3.83,3.90,3.97,3.89,3.81,3.65,3.07,3.45,3.93,4.29,4.36,4.28,4.17,4.12,4.13,4.14,4.11,4.10,4.11,4.12,4.14,4.15,4.17,4.20,4.27,4.32,4.38,4.43,4.46,4.44,4.45,4.52,4.62,4.67,4.72,4.76,4.79,4.82,4.82,4.79,4.72,4.53,4.33,4.23,4.23,4.31,4.26,4.28,4.32,4.37,4.42,4.48,4.58,4.70,4.78,3.07,1.55,0.72,0.68,0.65,0.62,0.60,0.59,0.59,2.72,2.76,3.26,4.37,4.34,4.37,4.40,4.40,4.38,4.38,4.36,4.35,4.39,4.39,4.40,4.44,4.50,4.58,4.58,4.59,4.64,4.74,4.71,4.67,4.63,4.58,4.57,4.56,4.54,4.53,4.57,4.60,4.63,4.66,4.69,4.69,4.57,4.48,4.50,4.47,4.47,4.51,4.58,4.72,4.75,4.83,4.90,4.89,4.77,4.78,4.79,4.77,4.74,4.82,4.95,5.06,5.08,5.03,4.98,4.92,4.87,4.83,4.70,4.60,4.56,4.65,4.70,4.70,4.69,4.70,4.85,4.90,4.91,4.90,4.91,4.93,5.00,5.06,5.04,5.03,4.93,4.87,4.91,4.90,4.91,4.90,4.88,4.90,4.91,4.94,4.98,4.98,4.98,4.99,4.99,5.00,5.09,5.06,5.07,5.11,5.12,5.13,5.13,5.14,5.14,5.12,5.09,5.04,5.00,5.08,5.12,5.14,5.13,5.08,5.03,4.95,4.94,5.04,5.17,5.24,5.21,5.13,5.03,4.93,4.89,4.90,4.97,4.93,4.87,4.89,5.00,5.05,5.08,5.08,5.07,5.11,5.07,5.04,5.04,5.07,5.10,5.14,5.14,5.10,5.04,4.99,4.97,4.98
4.27,4.16,4.32,4.39,4.39,4.37,4.37,4.48,4.80,5.04,5.01,5.05,5.03,5.06,5.14,5.24,5.30,5.08,4.81,4.88,4.96,4.96,4.96,4.96,4.76,4.71,4.70,4.70,4.71,4.71,4.78,4.81,4.68,4.30,4.17,4.10,4.04,4.03,3.91,3.91,3.99,3.99,3.88,3.81,3.77,3.78,3.88,3.84,3.79,3.64,3.12,3.53,3.98,4.29,4.33,4.19,4.09,4.06,4.09,4.06,4.03,4.02,4.03,4.04,4.06,4.07,4.09,4.15,4.21,4.27,4.32,4.36,4.41,4.40,4.40,4.43,4.54,4.57,4.61,4.65,4.68,4.71,4.74,4.76,4.71,4.47,4.32,4.22,4.21,4.31,4.23,4.24,4.29,4.34,4.38,4.48,4.52,4.65,5.04,4.65,2.49,0.87,0.66,0.64,0.61,0.59,0.58,0.58,0.57,0.62,1.78,4.49,4.36,4.37,4.40,4.42,4.42,4.43,4.37,4.32,4.37,4.32,4.33,4.37,4.42,4.49,4.50,4.52,4.58,4.70,4.68,4.62,4.57,4.55,4.55,4.53,4.52,4.51,4.57,4.60,4.62,4.65,4.67,4.67,4.57,4.48,4.45,4.43,4.46,4.48,4.50,4.54,4.58,4.71,4.84,4.87,4.74,4.76,4.78,4.75,4.72,4.79,4.91,5.02,5.05,5.05,5.02,4.98,4.95,4.87,4.70,4.59,4.57,4.65,4.70,4.70,4.71,4.77,4.86,4.90,4.91,4.91,4.91,4.91,4.97,5.04,5.08,5.07,4.96,4.86,4.87,4.90,4.94,4.92,4.88,4.90,4.88,4.93,4.99,4.99,4.99,5.01,5.00,4.99,5.10,5.08,5.09,5.12,5.13,5.14,5.16,5.17,5.17,5.10,5.12,5.10,5.05,5.07,5.07,5.08,5.08,5.07,5.05,4.96,4.92,4.98,5.07,5.16,5.18,5.12,5.01,4.91,4.87,4.90,4.96,4.90,4.87,4.91,5.00,5.06,5.08,5.05,5.01,5.04,5.03,5.00,5.00,5.06,5.08,5.11,5.10,5.05,5.01,4.97,4.98,5.01
4.38,4.35,4.37,4.37,4.35,4.31,4.26,4.26,4.36,4.42,4.38,4.45,4.46,4.47,4.50,4.52,4.58,4.53,4.47,4.53,4.60,4.62,4.63,4.64,4.51,4.48,4.48,4.49,4.50,4.54,4.59,4.59,4.46,4.15,4.07,4.04,4.00,4.01,3.89,3.88,3.93,3.94,3.83,3.76,3.72,3.72,3.84,3.80,3.76,3.75,3.70,3.92,4.17,4.31,4.24,4.10,4.00,3.98,4.01,3.97,3.95,3.94,3.94,3.96,3.97,3.98,4.02,4.09,4.16,4.21,4.26,4.31,4.36,4.31,4.34,4.42,4.48,4.51,4.54,4.56,4.59,4.62,4.65,4.67,4.64,4.49,4.28,4.18,4.20,4.29,4.24,4.21,4.23,4.34,4.62,4.69,4.65,4.61,4.70,4.55,4.48,3.06,0.46,0.60,0.59,0.58,0.56,0.56,0.56,0.54,1.07,2.48,4.48,4.46,4.43,4.41,4.43,4.45,4.42,4.35,4.29,4.24,4.27,4.33,4.37,4.41,4.42,4.45,4.51,4.60,4.58,4.55,4.52,4.52,4.52,4.49,4.49,4.52,4.57,4.60,4.62,4.64,4.66,4.66,4.55,4.49,4.53,4.64,4.66,4.66,4.66,4.69,4.71,4.76,4.79,4.79,4.72,4.75,4.79,4.79,4.80,4.80,4.88,4.96,4.90,4.90,4.89,4.86,4.83,4.83,4.67,4.57,4.57,4.66,4.70,4.71,4.74,4.83,4.87,4.91,4.93,4.95,4.97,4.93,4.95,5.01,5.05,5.06,4.97,4.88,4.86,4.89,4.91,4.90,4.87,4.89,4.86,4.94,5.04,5.04,5.04,5.04,5.01,4.98,5.06,5.04,5.08,5.13,5.10,5.14,5.16,5.19,5.22,5.13,5.13,5.10,5.05,5.04,5.05,5.05,5.06,5.07,5.05,4.99,4.96,4.97,4.98,5.01,5.02,5.01,4.96,4.88,4.88,4.94,4.99,4.92,4.89,4.93,5.03,5.06,5.08,5.00,4.93,5.00,4.97,4.96,5.00,5.06,5.07,5.08,5.09,5.08,5.03,4.99,4.99,5.01
4.49,4.47,4.44,4.39,4.36,4.32,4.25,4.21,4.18,4.15,4.10,4.16,4.16,4.15,4.13,4.12,4.15,4.16,4.18,4.22,4.28,4.31,4.32,4.33,4.27,4.25,4.26,4.27,4.29,4.34,4.38,4.36,4.24,4.03,3.98,3.98,3.96,3.97,3.87,3.84,3.87,3.89,3.79,3.70,3.65,3.66,3.80,3.76,3.75,3.83,4.03,4.07,4.12,4.15,4.14,4.01,3.93,3.91,3.92,3.88,3.86,3.86,3.86,3.88,3.89,3.89,3.94,4.04,4.10,4.16,4.21,4.25,4.31,4.25,4.29,4.38,4.45,4.47,4.50,4.52,4.55,4.58,4.60,4.62,4.60,4.46,4.24,4.16,4.20,4.27,4.22,4.18,4.20,4.41,5.12,4.93,4.76,4.65,4.54,4.52,4.48,3.53,1.74,0.76,0.59,0.56,0.54,0.51,0.48,0.45,0.61,1.19,4.55,3.98,3.98,4.38,4.42,4.45,4.45,4.41,4.32,4.28,4.30,4.33,4.34,4.35,4.35,4.37,4.42,4.50,4.50,4.49,4.49,4.48,4.49,4.46,4.47,4.53,4.56,4.59,4.61,4.63,4.65,4.64,4.54,4.49,4.56,4.73,4.76,4.75,4.75,4.78,4.78,4.78,4.78,4.78,4.76,4.79,4.82,4.83,4.82,4.83,4.88,4.91,4.81,4.78,4.78,4.76,4.73,4.74,4.61,4.55,4.58,4.67,4.70,4.70,4.74,4.86,4.88,4.91,4.93,4.95,4.97,4.94,4.96,5.00,5.03,5.05,4.98,4.90,4.86,4.89,4.90,4.91,4.91,4.91,4.89,4.98,5.08,5.08,5.12,5.10,5.03,4.97,5.05,5.04,5.10,5.16,5.11,5.15,5.17,5.19,5.20,5.12,5.13,5.12,5.08,5.06,5.08,5.07,5.06,5.05,5.04,5.00,4.97,4.97,4.95,4.94,4.94,4.93,4.91,4.87,4.90,4.96,4.99,4.93,4.91,4.95,5.02,5.04,5.06,4.99,4.93,4.99,4.96,4.97,5.00,5.05,5.08,5.08,5.08,5.07,5.04,4.99,4.99,5.01
4.58,4.53,4.52,4.46,4.42,4.41,4.34,4.31,4.27,4.23,4.18,4.15,4.13,4.10,4.04,4.02,4.00,3.97,3.95,3.95,3.99,4.02,4.03,4.04,4.03,4.02,4.03,4.06,4.09,4.12,4.15,4.13,4.02,3.93,3.91,3.91,3.90,3.91,3.82,3.79,3.81,3.84,3.74,3.63,3.57,3.59,3.75,3.72,3.74,3.88,4.13,4.00,3.83,3.80,4.05,3.91,3.88,3.87,3.83,3.80,3.78,3.77,3.78,3.80,3.80,3.81,3.86,3.99,4.04,4.10,4.15,4.20,4.25,4.22,4.25,4.33,4.45,4.47,4.50,4.52,4.55,4.58,4.60,4.62,4.59,4.39,4.21,4.17,4.21,4.26,4.18,4.14,4.19,4.55,5.86,5.19,4.88,4.78,4.54,4.55,4.52,4.46,3.97,1.14,0.60,0.54,0.51,0.43,0.33,0.31,0.34,0.41,0.53,2.35,3.07,4.32,4.38,4.44,4.47,4.48,4.46,4.43,4.41,4.38,4.34,4.30,4.30,4.29,4.30,4.39,4.42,4.44,4.46,4.45,4.46,4.44,4.46,4.53,4.56,4.56,4.59,4.62,4.62,4.61,4.52,4.47,4.54,4.72,4.77,4.77,4.77,4.82,4.79,4.78,4.80,4.84,4.86,4.89,4.90,4.87,4.77,4.88,4.91,4.87,4.78,4.70,4.69,4.69,4.67,4.60,4.52,4.52,4.60,4.68,4.70,4.68,4.71,4.84,4.88,4.90,4.90,4.90,4.91,4.97,5.00,5.01,5.02,5.04,4.99,4.92,4.87,4.90,4.92,4.96,5.00,4.98,4.95,5.04,5.12,5.11,5.23,5.17,5.05,4.97,5.05,5.08,5.14,5.20,5.17,5.17,5.17,5.17,5.13,5.06,5.11,5.14,5.13,5.12,5.17,5.14,5.08,5.02,5.03,4.98,4.97,5.00,4.99,4.96,4.92,4.88,4.84,4.90,4.93,4.96,4.98,4.93,4.93,4.96,4.99,5.00,5.01,5.01,5.01,5.00,5.01,5.01,5.01,5.04,5.09,5.10,5.07,5.03,5.04,4.98,4.98,5.02
4.56,4.56,4.54,4.52,4.51,4.51,4.51,4.45,4.38,4.31,4.27,4.24,4.20,4.16,4.12,4.09,4.05,4.01,3.98,3.97,3.97,3.95,3.92,3.91,3.88,3.86,3.86,3.88,3.88,3.90,3.93,3.92,3.87,3.84,3.84,3.83,3.81,3.78,3.74,3.75,3.78,3.79,3.69,3.57,3.52,3.56,3.69,3.73,3.77,3.85,4.00,3.98,3.73,3.60,3.94,3.81,3.79,3.78,3.74,3.71,3.69,3.69,3.70,3.72,3.72,3.72,3.78,3.93,3.99,4.04,4.09,4.15,4.20,4.18,4.22,4.30,4.39,4.43,4.47,4.50,4.54,4.58,4.62,4.65,4.60,4.36,4.19,4.14,4.17,4.23,4.16,4.11,4.15,4.57,6.04,5.80,5.57,5.29,4.77,4.61,4.54,4.53,4.34,3.06,2.25,1.69,0.45,0.33,0.22,0.21,0.25,0.28,0.26,0.75,1.39,2.11,2.93,3.89,4.35,4.45,4.45,4.43,4.44,4.44,4.42,4.40,4.41,4.40,4.39,4.39,4.40,4.41,4.41,4.41,4.45,4.44,4.45,4.48,4.52,4.55,4.58,4.59,4.57,4.56,4.50,4.48,4.57,4.72,4.78,4.79,4.79,4.82,4.79,4.79,4.80,4.83,4.87,4.89,4.90,4.87,4.74,4.82,4.88,4.87,4.81,4.74,4.74,4.74,4.73,4.66,4.55,4.54,4.61,4.73,4.71,4.69,4.72,4.84,4.90,4.91,4.92,4.93,4.95,5.01,5.03,5.02,5.03,5.03,4.99,4.94,4.91,4.99,5.04,5.04,5.01,5.00,5.00,5.05,5.11,5.12,5.21,5.17,5.07,4.98,4.96,5.04,5.13,5.19,5.17,5.17,5.18,5.17,5.13,5.06,5.08,5.11,5.13,5.11,5.17,5.13,5.05,4.98,4.97,4.91,4.92,4.99,5.00,4.99,4.96,4.92,4.82,4.85,4.89,4.93,4.94,4.88,4.88,4.92,4.98,4.99,5.00,5.01,5.02,5.02,5.04,5.04,5.04,5.06,5.08,5.08,5.06,5.03,5.02,5.02,5.03,5.05
4.52,4.54,4.52,4.53,4.54,4.55,4.58,4.50,4.42,4.37,4.33,4.31,4.26,4.24,4.22,4.17,4.13,4.08,4.04,4.02,4.00,3.94,3.89,3.86,3.81,3.77,3.76,3.77,3.73,3.74,3.76,3.75,3.73,3.73,3.74,3.73,3.71,3.67,3.68,3.71,3.74,3.74,3.64,3.53,3.47,3.53,3.62,3.70,3.76,3.79,3.77,3.88,3.65,3.49,3.83,3.73,3.71,3.69,3.66,3.63,3.61,3.60,3.61,3.64,3.64,3.64,3.71,3.88,3.94,3.99,4.04,4.10,4.15,4.12,4.18,4.26,4.33,4.38,4.43,4.48,4.52,4.57,4.62,4.67,4.62,4.31,4.16,4.11,4.14,4.20,4.13,4.07,4.12,4.57,6.12,6.23,6.10,5.75,5.13,4.74,4.59,4.53,4.47,4.47,2.98,2.50,1.01,0.30,0.16,0.15,0.18,0.21,0.21,0.21,0.19,0.46,1.84,3.49,3.82,3.66,3.97,4.29,4.41,4.45,4.45,4.45,4.47,4.47,4.45,4.41,4.42,4.41,4.40,4.40,4.45,4.46,4.44,4.44,4.47,4.52,4.55,4.56,4.53,4.51,4.47,4.49,4.58,4.69,4.76,4.80,4.81,4.81,4.79,4.79,4.81,4.82,4.88,4.89,4.88,4.85,4.72,4.79,4.86,4.89,4.83,4.77,4.78,4.80,4.80,4.71,4.58,4.55,4.63,4.76,4.72,4.69,4.73,4.85,4.92,4.94,4.95,4.97,4.98,5.03,5.04,5.03,5.04,5.02,4.99,4.96,4.94,5.08,5.16,5.13,5.05,5.02,5.02,5.06,5.10,5.13,5.17,5.15,5.08,4.98,4.90,5.01,5.11,5.16,5.16,5.16,5.18,5.18,5.13,5.07,5.05,5.07,5.11,5.09,5.17,5.13,5.03,4.96,4.93,4.87,4.89,4.98,5.01,5.00,4.99,4.93,4.81,4.82,4.86,4.90,4.90,4.84,4.84,4.90,4.97,4.99,5.00,5.00,5.01,5.03,5.06,5.08,5.09,5.11,5.10,5.08,5.06,5.05,5.01,5.05,5.07,5.08
4.44,4.45,4.44,4.45,4.45,4.43,4.44,4.35,4.35,4.36,4.34,4.31,4.30,4.32,4.33,4.21,4.22,4.17,4.10,4.08,4.06,4.02,3.97,3.94,3.89,3.84,3.81,3.78,3.72,3.69,3.67,3.64,3.62,3.57,3.57,3.58,3.60,3.62,3.65,3.67,3.69,3.69,3.61,3.49,3.43,3.47,3.53,3.59,3.68,3.70,3.35,3.59,3.60,3.56,3.72,3.67,3.64,3.61,3.58,3.54,3.52,3.52,3.53,3.56,3.56,3.57,3.66,3.83,3.89,3.93,3.99,4.04,4.08,4.07,4.12,4.20,4.28,4.33,4.38,4.43,4.48,4.53,4.58,4.65,4.62,4.25,4.11,4.08,4.12,4.17,4.08,4.03,4.10,4.56,6.08,6.21,6.18,6.04,5.71,5.00,4.69,4.55,4.44,4.43,4.10,4.06,4.24,0.43,0.24,0.15,0.12,0.15,0.19,0.18,0.16,0.18,0.41,0.69,0.82,1.25,2.50,3.88,4.31,4.37,4.37,4.36,4.39,4.41,4.41,4.42,4.47,4.48,4.47,4.46,4.51,4.50,4.48,4.46,4.43,4.45,4.49,4.52,4.51,4.46,4.45,4.48,4.55,4.61,4.71,4.79,4.82,4.78,4.78,4.79,4.81,4.81,4.87,4.87,4.84,4.80,4.75,4.81,4.89,4.91,4.82,4.77,4.79,4.84,4.88,4.72,4.57,4.57,4.66,4.75,4.72,4.71,4.75,4.87,4.96,4.97,4.99,5.01,4.96,5.04,5.06,5.04,5.05,4.98,4.97,4.97,4.97,5.14,5.26,5.25,5.14,5.03,5.02,5.07,5.12,5.13,5.13,5.11,5.06,5.00,4.89,4.98,5.07,5.12,5.15,5.13,5.16,5.17,5.13,5.08,5.06,5.05,5.05,5.10,5.22,5.16,5.03,4.98,4.95,4.90,4.91,5.00,5.00,4.99,4.95,4.88,4.79,4.83,4.88,4.91,4.88,4.82,4.85,4.90,4.95,5.00,5.01,5.00,4.99,5.02,5.10,5.14,5.16,5.19,5.19,5.15,5.11,5.07,5.02,5.05,5.09,5.10
4.40,4.36,4.35,4.36,4.36,4.35,4.35,4.29,4.29,4.30,4.30,4.28,4.27,4.27,4.28,4.20,4.21,4.18,4.12,4.10,4.08,4.08,4.05,3.99,3.98,3.92,3.86,3.81,3.76,3.73,3.69,3.66,3.64,3.59,3.57,3.58,3.60,3.62,3.64,3.65,3.66,3.66,3.59,3.49,3.40,3.38,3.47,3.51,3.56,3.58,3.39,3.65,3.70,3.65,3.67,3.59,3.55,3.52,3.49,3.46,3.43,3.43,3.45,3.48,3.48,3.51,3.61,3.78,3.83,3.88,3.95,4.02,4.05,4.02,4.07,4.14,4.21,4.27,4.32,4.37,4.43,4.47,4.50,4.55,4.50,4.20,4.05,4.05,4.10,4.14,4.04,3.99,4.11,4.63,6.06,6.20,6.22,6.18,6.01,5.55,5.03,4.65,4.50,4.44,4.42,4.35,4.31,2.31,0.76,0.20,0.14,0.14,0.14,0.15,0.14,0.13,0.10,0.10,0.10,0.59,2.05,2.30,2.38,2.67,3.30,4.24,4.41,4.41,4.37,4.34,4.39,4.42,4.42,4.42,4.49,4.49,4.49,4.50,4.49,4.50,4.51,4.53,4.53,4.51,4.51,4.52,4.53,4.56,4.60,4.67,4.72,4.69,4.71,4.74,4.76,4.78,4.86,4.91,4.84,4.71,4.74,4.80,4.87,4.91,4.87,4.84,4.85,4.88,4.91,4.74,4.59,4.59,4.70,4.75,4.72,4.71,4.77,4.90,5.01,5.03,5.04,5.05,5.01,5.06,5.07,5.06,5.06,5.00,4.98,4.99,5.03,5.18,5.29,5.27,5.16,5.05,5.08,5.12,5.15,5.13,5.09,5.09,5.08,5.03,4.94,5.04,5.09,5.09,5.08,5.08,5.10,5.11,5.09,5.09,5.05,5.03,5.06,5.11,5.25,5.20,5.10,5.08,5.07,4.99,4.97,5.02,5.02,4.98,4.92,4.85,4.78,4.84,4.89,4.90,4.86,4.82,4.85,4.90,4.94,4.98,5.00,4.98,4.97,5.01,5.10,5.13,5.15,5.15,5.17,5.16,5.15,5.13,5.08,5.09,5.12,5.15
4.37,4.30,4.29,4.28,4.29,4.30,4.30,4.26,4.24,4.22,4.22,4.22,4.20,4.18,4.17,4.16,4.16,4.14,4.12,4.08,4.08,4.11,4.11,4.03,4.05,3.98,3.90,3.85,3.80,3.79,3.76,3.73,3.71,3.66,3.63,3.63,3.64,3.65,3.65,3.65,3.64,3.63,3.57,3.49,3.39,3.30,3.41,3.44,3.43,3.44,3.55,3.77,3.80,3.71,3.63,3.50,3.46,3.44,3.40,3.37,3.35,3.35,3.37,3.40,3.40,3.44,3.55,3.73,3.78,3.84,3.92,4.01,4.04,3.98,4.01,4.09,4.15,4.20,4.26,4.31,4.36,4.39,4.40,4.40,4.35,4.14,4.00,4.01,4.08,4.10,4.00,3.95,4.13,4.73,6.04,6.20,6.25,6.26,6.20,6.14,5.47,4.85,4.60,4.47,4.43,4.38,4.37,4.51,1.61,0.43,0.20,0.14,0.10,0.12,0.13,0.12,0.09,0.10,0.10,0.10,0.10,0.09,0.10,0.66,2.05,4.14,4.47,4.27,4.04,4.12,4.26,4.33,4.35,4.37,4.45,4.45,4.48,4.54,4.56,4.57,4.56,4.55,4.57,4.58,4.59,4.57,4.53,4.52,4.50,4.53,4.59,4.60,4.63,4.66,4.69,4.74,4.84,4.94,4.84,4.62,4.72,4.77,4.83,4.88,4.92,4.92,4.91,4.91,4.91,4.75,4.62,4.62,4.73,4.75,4.72,4.72,4.78,4.93,5.06,5.09,5.09,5.08,5.08,5.09,5.09,5.09,5.07,5.03,4.99,5.01,5.10,5.20,5.27,5.25,5.16,5.07,5.14,5.19,5.19,5.13,5.06,5.08,5.10,5.07,5.01,5.12,5.14,5.07,5.01,5.03,5.04,5.05,5.05,5.11,5.04,5.04,5.09,5.13,5.28,5.25,5.19,5.20,5.19,5.10,5.03,5.03,5.04,4.96,4.89,4.83,4.75,4.83,4.88,4.88,4.84,4.83,4.84,4.88,4.94,4.97,4.99,4.96,4.94,5.00,5.08,5.11,5.10,5.08,5.11,5.14,5.18,5.20,5.14,5.14,5.15,5.18
4.39,4.42,4.41,4.39,4.37,4.35,4.34,4.28,4.21,4.15,4.11,4.11,4.11,4.11,4.09,4.07,4.06,4.06,4.05,4.03,4.02,4.03,4.02,3.97,3.97,3.93,3.88,3.85,3.80,3.79,3.77,3.76,3.78,3.72,3.68,3.66,3.66,3.63,3.64,3.63,3.60,3.59,3.53,3.46,3.39,3.31,3.31,3.28,3.28,3.32,3.42,3.48,3.48,3.46,3.47,3.44,3.39,3.34,3.30,3.28,3.27,3.27,3.29,3.31,3.32,3.37,3.50,3.68,3.79,3.88,3.94,4.00,4.09,3.97,3.97,4.04,4.10,4.14,4.18,4.21,4.22,4.23,4.24,4.24,4.20,4.08,3.98,3.99,4.03,4.05,3.96,3.95,4.14,4.72,6.03,6.19,6.26,6.29,6.26,6.22,5.96,5.46,4.79,4.52,4.45,4.42,4.39,4.38,4.46,1.74,0.31,0.17,0.11,0.11,0.11,0.11,0.09,0.09,0.10,0.10,0.09,0.08,0.08,0.25,0.65,1.26,1.37,1.36,1.70,3.07,4.14,4.47,4.47,4.48,4.41,4.35,4.35,4.41,4.43,4.47,4.50,4.53,4.57,4.59,4.62,4.62,4.60,4.60,4.60,4.60,4.59,4.59,4.56,4.59,4.62,4.63,4.71,4.76,4.71,4.61,4.68,4.71,4.74,4.78,4.83,4.88,4.87,4.84,4.80,4.66,4.61,4.65,4.73,4.73,4.72,4.73,4.80,4.96,5.03,5.07,5.09,5.10,5.12,5.16,5.16,5.14,5.11,5.01,4.97,4.99,5.08,5.18,5.23,5.21,5.15,5.05,5.14,5.22,5.25,5.21,5.08,5.07,5.08,5.07,5.09,5.15,5.17,5.12,5.02,5.04,5.05,5.07,5.11,5.12,5.10,5.13,5.17,5.15,5.39,5.32,5.18,5.21,5.14,5.08,5.05,5.06,5.09,4.95,4.86,4.77,4.59,4.75,4.85,4.86,4.82,4.84,4.82,4.85,4.92,4.96,4.97,4.97,4.97,4.99,5.06,5.08,5.08,5.06,5.08,5.12,5.17,5.19,5.15,5.12,5.11,5.15
4.37,4.44,4.44,4.41,4.37,4.34,4.32,4.27,4.20,4.14,4.10,4.07,4.08,4.09,4.08,4.02,4.01,3.99,3.96,3.93,3.94,3.94,3.92,3.90,3.90,3.87,3.85,3.82,3.78,3.76,3.73,3.73,3.76,3.69,3.66,3.66,3.65,3.62,3.62,3.59,3.57,3.57,3.52,3.47,3.41,3.35,3.29,3.24,3.24,3.27,3.31,3.29,3.27,3.27,3.27,3.32,3.30,3.26,3.23,3.19,3.23,3.26,3.27,3.23,3.24,3.27,3.37,3.58,3.78,3.88,3.93,3.97,4.04,3.92,3.92,3.98,4.03,4.06,4.08,4.09,4.10,4.10,4.10,4.10,4.09,4.03,3.95,3.94,3.98,4.02,3.94,3.94,4.16,4.70,5.69,5.81,5.86,5.90,5.90,5.93,5.99,5.79,5.27,4.76,4.54,4.44,4.40,4.34,4.41,3.04,1.36,0.33,0.15,0.11,0.10,0.10,0.09,0.10,0.10,0.09,0.08,0.07,0.07,0.07,0.07,0.08,0.09,0.09,0.62,2.58,4.08,4.53,4.52,4.47,3.90,4.15,4.38,4.43,4.44,4.47,4.49,4.50,4.50,4.54,4.58,4.60,4.61,4.60,4.62,4.63,4.62,4.61,4.59,4.61,4.63,4.63,4.65,4.67,4.65,4.62,4.64,4.62,4.64,4.68,4.72,4.80,4.81,4.78,4.74,4.62,4.62,4.68,4.73,4.73,4.70,4.74,4.84,4.97,5.01,5.05,5.08,5.09,5.12,5.17,5.17,5.14,5.10,5.01,4.95,4.97,5.07,5.16,5.19,5.18,5.14,5.08,5.17,5.25,5.28,5.24,5.12,5.09,5.07,5.05,5.11,5.15,5.18,5.15,5.03,5.06,5.08,5.09,5.10,5.12,5.15,5.19,5.23,5.18,5.38,5.31,5.19,5.21,5.09,5.07,5.07,5.08,5.10,4.93,4.82,4.73,4.58,4.76,4.84,4.85,4.80,4.85,4.83,4.84,4.89,4.93,4.95,4.96,4.97,4.97,5.04,5.07,5.06,5.05,5.08,5.12,5.16,5.19,5.16,5.11,5.13,5.18
4.31,4.38,4.39,4.34,4.30,4.28,4.26,4.22,4.20,4.19,4.19,4.12,4.10,4.12,4.12,4.02,4.02,3.95,3.86,3.79,3.84,3.84,3.82,3.80,3.81,3.82,3.81,3.78,3.74,3.69,3.66,3.64,3.64,3.60,3.60,3.61,3.62,3.62,3.58,3.55,3.54,3.54,3.54,3.50,3.45,3.40,3.35,3.31,3.29,3.27,3.23,3.18,3.15,3.12,3.04,3.14,3.19,3.21,3.18,3.10,3.24,3.32,3.31,3.17,3.18,3.13,3.19,3.45,3.75,3.83,3.88,3.94,3.91,3.85,3.87,3.91,3.95,3.95,3.96,3.97,3.98,3.98,3.98,3.99,3.99,4.00,3.90,3.89,3.94,4.00,3.92,3.92,4.19,4.67,5.06,5.10,5.13,5.16,5.18,5.33,5.60,5.88,5.97,5.19,4.67,4.45,4.41,4.37,4.34,4.42,4.49,0.60,0.22,0.13,0.10,0.09,0.11,0.10,0.09,0.08,0.06,0.05,0.06,0.06,0.06,0.07,0.07,0.08,0.10,0.17,0.23,0.25,0.25,0.43,2.80,3.84,4.54,4.58,4.58,4.57,4.53,4.46,4.37,4.44,4.48,4.51,4.54,4.54,4.59,4.63,4.65,4.67,4.69,4.70,4.71,4.70,4.65,4.65,4.64,4.62,4.60,4.52,4.54,4.60,4.60,4.71,4.73,4.73,4.73,4.64,4.66,4.70,4.74,4.74,4.66,4.76,4.90,4.95,5.00,5.05,5.07,5.05,5.09,5.11,5.13,5.11,5.05,5.03,4.95,4.95,5.06,5.15,5.14,5.14,5.15,5.16,5.24,5.29,5.29,5.24,5.16,5.12,5.07,5.02,5.08,5.14,5.17,5.15,5.03,5.08,5.12,5.11,5.06,5.11,5.18,5.23,5.26,5.22,5.26,5.23,5.19,5.21,5.06,5.07,5.09,5.08,5.06,4.91,4.77,4.71,4.72,4.83,4.86,4.83,4.76,4.84,4.84,4.84,4.84,4.88,4.91,4.93,4.94,4.95,5.04,5.05,5.05,5.06,5.09,5.13,5.17,5.19,5.16,5.13,5.19,5.24
4.06,4.21,4.30,4.29,4.26,4.21,4.16,4.14,4.13,4.13,4.10,4.08,4.07,4.08,4.10,4.01,4.02,3.98,3.92,3.87,3.86,3.86,3.85,3.84,3.83,3.81,3.77,3.72,3.68,3.63,3.59,3.57,3.56,3.53,3.53,3.53,3.54,3.55,3.53,3.51,3.51,3.51,3.51,3.48,3.45,3.43,3.41,3.37,3.35,3.33,3.30,3.22,3.20,3.18,3.13,3.12,3.11,3.10,3.08,3.06,3.12,3.15,3.16,3.19,3.20,3.19,3.23,3.36,3.48,3.50,3.52,3.55,3.53,3.68,3.78,3.84,3.88,3.89,3.90,3.91,3.92,3.93,3.94,3.95,3.95,3.96,3.84,3.84,3.89,3.93,3.84,3.84,4.13,4.63,5.08,5.11,5.12,5.14,5.15,5.20,5.31,5.44,5.48,5.08,4.65,4.45,4.44,4.39,4.37,4.38,4.40,4.31,3.33,0.85,0.26,0.36,0.28,0.15,0.08,0.06,0.05,0.04,0.04,0.04,0.05,0.05,0.06,0.06,0.06,0.07,0.07,0.08,0.08,0.16,0.99,1.61,1.91,1.93,1.93,2.14,2.67,3.46,4.36,4.45,4.45,4.44,4.45,4.50,4.54,4.56,4.56,4.60,4.61,4.64,4.68,4.70,4.68,4.71,4.72,4.69,4.66,4.61,4.60,4.60,4.58,4.62,4.69,4.72,4.69,4.63,4.68,4.75,4.79,4.73,4.65,4.74,4.87,4.92,4.98,5.03,5.05,5.03,5.05,5.06,5.07,5.07,5.06,5.05,5.01,5.00,5.07,5.10,5.10,5.12,5.15,5.15,5.22,5.27,5.28,5.25,5.17,5.09,5.03,5.03,5.11,5.17,5.17,5.14,5.12,5.17,5.18,5.15,5.07,5.13,5.16,5.22,5.30,5.26,5.28,5.25,5.21,5.18,5.07,5.07,5.08,5.07,5.08,4.94,4.79,4.72,4.75,4.83,4.85,4.81,4.77,4.83,4.85,4.86,4.90,4.98,5.01,5.02,5.03,5.08,5.12,5.11,5.09,5.08,5.12,5.16,5.20,5.23,5.23,5.22,5.23,5.25
3.89,4.10,4.24,4.05,4.02,4.11,4.09,4.08,4.09,3.93,3.59,3.84,3.90,3.96,4.02,3.97,3.99,3.98,3.95,3.92,3.89,3.87,3.85,3.83,3.83,3.81,3.76,3.70,3.66,3.64,3.61,3.57,3.52,3.50,3.49,3.47,3.46,3.47,3.47,3.47,3.46,3.47,3.46,3.44,3.43,3.43,3.42,3.40,3.38,3.37,3.37,3.29,3.26,3.25,3.22,3.15,3.10,3.06,3.05,3.06,3.05,3.04,3.06,3.16,3.17,3.18,3.21,3.25,3.27,3.26,3.24,3.21,3.12,3.51,3.71,3.77,3.82,3.83,3.84,3.85,3.86,3.88,3.89,3.90,3.91,3.92,3.79,3.79,3.85,3.88,3.77,3.79,4.08,4.60,5.10,5.14,5.14,5.15,5.16,5.14,5.13,5.13,5.11,5.01,4.67,4.49,4.46,4.42,4.41,4.38,4.37,4.33,3.54,2.01,1.27,1.42,1.29,0.48,0.10,0.05,0.03,0.03,0.03,0.03,0.04,0.04,0.04,0.05,0.05,0.06,0.06,0.06,0.07,0.07,0.08,0.08,0.09,0.09,0.09,0.37,1.10,2.77,4.36,4.46,4.21,4.16,4.40,4.48,4.55,4.54,4.50,4.51,4.52,4.57,4.63,4.66,4.68,4.73,4.75,4.74,4.72,4.71,4.68,4.65,4.62,4.61,4.68,4.71,4.67,4.65,4.71,4.79,4.83,4.73,4.66,4.73,4.85,4.90,4.95,5.00,5.02,5.01,5.02,5.03,5.03,5.04,5.06,5.06,5.05,5.05,5.08,5.07,5.08,5.11,5.15,5.15,5.20,5.24,5.26,5.26,5.19,5.08,5.02,5.03,5.15,5.20,5.20,5.19,5.24,5.27,5.24,5.17,5.09,5.14,5.15,5.24,5.35,5.33,5.33,5.30,5.25,5.18,5.08,5.07,5.08,5.07,5.10,4.95,4.80,4.72,4.76,4.84,4.83,4.79,4.77,4.82,4.85,4.89,4.96,5.06,5.09,5.10,5.12,5.19,5.21,5.16,5.12,5.11,5.16,5.18,5.22,5.26,5.29,5.30,5.27,5.25
1.92,1.96,1.97,3.17,3.42,3.91,2.04,1.97,1.98,2.06,2.31,3.22,3.51,3.67,3.85,3.87,3.91,3.91,3.89,3.89,3.93,3.87,3.78,3.73,3.78,3.80,3.78,3.74,3.73,3.79,3.80,3.74,3.59,3.53,3.49,3.43,3.35,3.39,3.41,3.41,3.40,3.41,3.38,3.38,3.38,3.36,3.35,3.35,3.36,3.39,3.42,3.38,3.35,3.33,3.29,3.25,3.20,3.17,3.13,3.12,3.08,3.06,3.04,3.02,3.00,3.01,3.04,3.09,3.19,3.23,3.17,3.00,2.68,3.37,3.67,3.71,3.75,3.76,3.77,3.78,3.80,3.81,3.82,3.84,3.85,3.86,3.75,3.75,3.81,3.85,3.73,3.77,4.08,4.59,5.07,5.12,5.13,5.14,5.15,5.14,5.14,5.12,5.09,5.05,4.78,4.58,4.48,4.44,4.46,4.44,4.42,4.38,4.17,4.28,4.46,4.55,4.50,1.34,0.17,0.03,0.01,0.01,0.01,0.02,0.02,0.02,0.03,0.03,0.04,0.04,0.04,0.05,0.05,0.06,0.06,0.07,0.07,0.07,0.08,0.14,0.28,0.50,0.75,0.79,3.19,3.50,4.42,4.48,4.65,4.66,4.52,4.39,4.41,4.48,4.54,4.56,4.61,4.65,4.70,4.75,4.77,4.78,4.78,4.76,4.76,4.72,4.70,4.69,4.68,4.72,4.78,4.83,4.83,4.76,4.67,4.74,4.85,4.88,4.92,4.96,4.98,4.99,5.02,5.03,5.03,5.04,5.05,5.05,5.06,5.09,5.11,5.11,5.10,5.11,5.14,5.17,5.20,5.22,5.24,5.26,5.21,5.12,5.04,5.02,5.20,5.24,5.28,5.34,5.40,5.38,5.28,5.18,5.11,5.13,5.18,5.29,5.43,5.43,5.43,5.39,5.32,5.22,5.09,5.09,5.10,5.08,5.12,4.93,4.78,4.73,4.78,4.86,4.84,4.78,4.77,4.83,4.86,4.92,5.00,5.08,5.13,5.16,5.20,5.27,5.31,5.21,5.14,5.18,5.20,5.23,5.26,5.28,5.31,5.33,5.30,5.25
1.56,1.57,1.56,2.86,3.27,3.85,1.62,1.58,1.58,1.62,1.99,3.07,3.42,3.60,3.81,3.85,3.89,3.90,3.88,3.88,3.94,3.26,3.09,3.39,3.72,3.79,3.77,3.73,3.74,3.89,3.88,3.77,3.67,3.63,3.28,3.21,3.48,3.48,3.44,3.42,3.41,3.38,3.31,3.31,3.32,3.30,3.28,3.30,3.31,3.33,3.36,3.35,3.34,3.33,3.31,3.29,3.26,3.24,3.23,3.19,3.15,3.12,3.11,3.07,3.04,3.03,3.03,3.04,3.08,3.18,3.10,2.91,2.88,3.37,3.60,3.66,3.72,3.72,3.72,3.73,3.75,3.76,3.78,3.79,3.80,3.80,3.68,3.70,3.76,3.81,3.68,3.72,4.04,4.56,4.96,5.06,5.09,5.10,5.14,5.15,5.16,5.16,5.14,5.10,4.99,4.76,4.52,4.47,4.47,4.46,4.44,4.42,4.37,4.39,4.44,4.48,4.46,2.89,2.19,2.13,2.10,2.10,2.10,1.97,1.61,0.93,0.29,0.02,0.02,0.03,0.03,0.03,0.04,0.04,0.05,0.05,0.06,0.06,0.07,0.07,0.08,0.08,0.09,0.12,2.79,3.34,4.38,4.23,4.46,4.57,4.53,4.46,4.44,4.47,4.52,4.54,4.57,4.59,4.63,4.68,4.72,4.76,4.78,4.79,4.81,4.80,4.78,4.77,4.78,4.82,4.86,4.88,4.86,4.75,4.66,4.73,4.83,4.86,4.91,4.94,4.96,4.96,5.01,5.02,5.03,5.02,5.02,5.04,5.05,5.08,5.13,5.14,5.15,5.14,5.15,5.19,5.20,5.22,5.24,5.25,5.23,5.15,5.08,5.06,5.20,5.27,5.31,5.35,5.40,5.39,5.27,5.17,5.15,5.15,5.26,5.39,5.51,5.53,5.52,5.44,5.32,5.20,5.11,5.08,5.06,5.02,5.01,4.90,4.80,4.75,4.81,4.89,4.85,4.79,4.79,4.86,4.88,4.94,5.02,5.09,5.15,5.21,5.25,5.28,5.33,5.20,5.15,5.24,5.28,5.30,5.29,5.27,5.30,5.34,5.36,5.36
1.56,1.57,1.58,1.59,1.58,1.56,1.57,1.57,1.56,1.55,1.56,1.54,1.54,1.55,1.57,1.59,1.56,1.55,1.56,1.55,1.80,2.02,2.33,3.05,3.67,3.79,3.75,3.70,3.74,3.97,3.91,3.77,3.75,3.73,3.05,2.97,3.64,3.60,3.49,3.45,3.44,3.37,3.20,3.23,3.27,3.25,3.22,3.25,3.26,3.24,3.26,3.29,3.29,3.29,3.31,3.29,3.28,3.28,3.29,3.25,3.21,3.19,3.19,3.17,3.14,3.11,3.07,3.03,2.99,3.12,3.05,2.91,3.24,3.41,3.52,3.61,3.70,3.68,3.68,3.69,3.71,3.72,3.74,3.75,3.75,3.74,3.62,3.64,3.71,3.75,3.64,3.66,3.97,4.47,4.80,4.97,5.04,5.08,5.16,5.19,5.20,5.21,5.20,5.15,5.17,4.93,4.59,4.54,4.48,4.46,4.45,4.45,4.43,4.43,4.42,4.41,4.42,4.40,4.43,4.46,4.44,4.42,4.42,4.17,3.50,2.19,0.98,0.46,0.47,0.45,0.44,0.22,0.02,0.03,0.04,0.04,0.04,0.05,0.06,0.06,0.07,0.07,0.09,0.12,0.15,0.45,1.27,3.92,4.16,4.37,4.52,4.57,4.53,4.51,4.52,4.56,4.56,4.56,4.57,4.61,4.66,4.71,4.76,4.79,4.82,4.85,4.85,4.86,4.89,4.91,4.92,4.93,4.89,4.74,4.66,4.71,4.80,4.84,4.90,4.94,4.93,4.92,4.99,5.02,5.02,5.00,4.99,5.02,5.03,5.06,5.13,5.15,5.18,5.17,5.15,5.21,5.21,5.22,5.24,5.25,5.25,5.18,5.13,5.12,5.19,5.28,5.32,5.33,5.36,5.36,5.24,5.16,5.21,5.17,5.34,5.48,5.55,5.59,5.58,5.46,5.29,5.17,5.11,5.06,4.99,4.93,4.87,4.88,4.83,4.77,4.84,4.90,4.85,4.80,4.82,4.89,4.90,4.95,5.03,5.08,5.16,5.24,5.29,5.27,5.31,5.18,5.14,5.26,5.33,5.36,5.31,5.25,5.27,5.33,5.43,5.48
1.56,1.57,1.57,1.58,1.57,1.56,1.57,1.57,1.57,1.56,1.55,1.54,1.57,1.57,1.55,1.56,1.55,1.54,1.54,1.56,1.63,1.67,1.76,1.95,2.11,2.13,2.13,2.13,2.14,2.21,2.19,2.15,2.15,2.13,1.95,1.93,2.11,2.11,2.08,2.07,2.07,2.03,2.81,3.09,3.34,3.29,3.24,3.22,3.19,3.15,3.14,3.18,3.21,3.22,3.22,3.24,3.23,3.23,3.23,3.22,3.22,3.23,3.23,3.23,3.22,3.18,3.14,3.11,3.06,3.06,3.07,3.13,3.30,3.36,3.45,3.54,3.62,3.66,3.65,3.65,3.66,3.68,3.69,3.70,3.70,3.70,3.60,3.63,3.69,3.72,3.58,3.57,3.72,4.02,4.47,4.85,5.00,5.10,5.34,5.34,5.30,5.28,5.28,5.20,5.01,4.85,4.75,4.74,4.59,4.47,4.44,4.49,4.47,4.49,4.50,4.48,4.46,4.45,4.47,4.49,4.47,4.47,4.47,4.39,4.19,3.81,4.20,4.54,4.51,4.33,4.15,1.95,0.00,0.02,0.02,0.03,0.03,0.04,0.04,0.05,0.06,0.06,0.09,0.12,0.15,0.26,0.53,1.27,3.62,3.90,4.40,4.58,4.62,4.62,4.62,4.66,4.68,4.60,4.56,4.60,4.67,4.70,4.78,4.83,4.76,4.79,4.81,4.85,4.93,4.94,4.95,4.96,4.93,4.81,4.72,4.71,4.76,4.84,4.89,4.92,4.92,4.91,4.96,5.02,5.02,4.99,4.97,4.97,5.01,5.07,5.11,5.12,5.14,5.12,5.12,5.23,5.23,5.24,5.26,5.28,5.25,5.21,5.18,5.17,5.22,5.28,5.33,5.37,5.34,5.30,5.23,5.22,5.27,5.20,5.34,5.44,5.46,5.46,5.42,5.34,5.24,5.15,5.07,5.01,4.95,4.89,4.83,4.86,4.80,4.74,4.84,4.87,4.82,4.80,4.87,4.90,4.92,4.95,4.99,5.06,5.15,5.23,5.25,5.21,5.21,5.12,5.08,5.14,5.18,5.22,5.23,5.22,5.24,5.32,5.44,5.51
1.56,1.57,1.58,1.58,1.57,1.57,1.58,1.57,1.57,1.56,1.55,1.55,1.57,1.57,1.55,1.54,1.55,1.55,1.54,1.56,1.55,1.56,1.56,1.54,1.53,1.52,1.53,1.54,1.55,1.55,1.54,1.54,1.56,1.53,1.54,1.55,1.54,1.56,1.55,1.54,1.54,1.53,2.59,3.03,3.37,3.31,3.25,3.00,3.04,3.21,3.15,3.17,3.19,3.19,3.18,3.17,3.17,3.18,3.18,3.18,3.19,3.20,3.21,3.23,3.24,3.21,3.18,3.17,3.12,3.07,3.08,3.16,3.28,3.29,3.37,3.48,3.57,3.62,3.63,3.62,3.62,3.64,3.65,3.66,3.66,3.66,3.56,3.59,3.66,3.68,3.53,3.50,3.58,3.80,4.33,4.78,4.99,5.13,5.42,5.36,5.31,5.29,5.29,5.23,4.97,4.86,4.89,4.91,4.75,4.75,4.74,4.62,4.50,4.49,4.51,4.51,4.48,4.49,4.50,4.51,4.50,4.51,4.51,4.51,4.53,4.53,4.53,4.55,4.54,4.42,4.30,2.89,2.00,1.56,1.00,0.35,0.02,0.02,0.03,0.04,0.05,0.06,0.09,0.12,0.15,0.18,0.21,0.33,3.27,3.54,3.92,4.47,4.64,4.69,4.68,4.69,4.76,4.69,4.61,4.61,4.71,4.80,4.91,4.96,4.84,4.79,4.77,4.81,4.90,4.94,4.96,4.97,4.96,4.87,4.79,4.74,4.73,4.79,4.83,4.85,4.86,4.89,4.95,5.01,5.02,5.00,4.98,4.94,4.99,5.06,5.09,5.10,5.12,5.12,5.13,5.26,5.32,5.33,5.32,5.31,5.22,5.19,5.18,5.20,5.26,5.29,5.33,5.36,5.36,5.29,5.24,5.25,5.31,5.24,5.30,5.35,5.34,5.31,5.25,5.20,5.14,5.09,5.04,4.97,4.91,4.86,4.83,4.89,4.84,4.77,4.86,4.87,4.83,4.81,4.87,4.88,4.92,4.95,4.97,5.04,5.13,5.19,5.20,5.14,5.14,5.08,5.06,5.11,5.14,5.16,5.18,5.20,5.21,5.32,5.43,5.49
1.57,1.56,1.59,1.58,1.58,1.57,1.59,1.58,1.57,1.56,1.56,1.56,1.56,1.56,1.56,1.55,1.56,1.56,1.55,1.57,1.55,1.56,1.56,1.56,1.53,1.53,1.53,1.53,1.54,1.54,1.54,1.54,1.56,1.54,1.54,1.54,1.54,1.57,1.55,1.53,1.52,1.53,1.54,1.55,1.56,1.56,1.58,2.42,2.81,3.37,3.25,3.23,3.21,3.18,3.17,3.08,3.09,3.12,3.13,3.13,3.14,3.13,3.14,3.19,3.21,3.20,3.21,3.22,3.19,3.13,3.07,3.05,3.17,3.20,3.30,3.42,3.54,3.57,3.60,3.60,3.58,3.60,3.60,3.61,3.62,3.60,3.51,3.55,3.61,3.63,3.49,3.46,3.53,3.77,4.32,4.76,4.99,5.15,5.42,5.29,5.26,5.26,5.27,5.23,5.02,4.95,5.01,5.05,4.97,5.23,5.30,4.83,4.52,4.45,4.46,4.50,4.48,4.50,4.51,4.52,4.52,4.55,4.56,4.57,4.58,4.55,4.55,4.57,4.58,4.59,4.58,4.53,4.50,4.37,2.77,0.95,0.00,0.01,0.02,0.03,0.04,0.06,0.08,0.12,0.16,0.19,0.20,0.19,0.22,1.36,3.17,4.26,4.59,4.72,4.72,4.66,4.83,4.81,4.71,4.64,4.78,4.97,5.11,5.16,5.04,4.83,4.73,4.74,4.81,4.90,4.95,4.98,4.98,4.92,4.88,4.79,4.71,4.70,4.74,4.74,4.78,4.87,4.95,5.01,5.04,5.04,5.02,4.91,4.97,5.05,5.06,5.10,5.13,5.15,5.19,5.31,5.46,5.47,5.41,5.34,5.16,5.13,5.16,5.22,5.31,5.32,5.31,5.32,5.41,5.31,5.25,5.26,5.33,5.28,5.24,5.22,5.20,5.15,5.07,5.04,5.02,4.98,5.01,4.94,4.87,4.83,4.86,4.97,4.94,4.85,4.90,4.90,4.87,4.84,4.83,4.86,4.91,4.94,4.96,5.03,5.10,5.14,5.12,5.07,5.09,5.04,5.05,5.15,5.18,5.16,5.16,5.18,5.18,5.32,5.40,5.44
1.57,1.56,1.58,1.57,1.57,1.57,1.58,1.57,1.56,1.56,1.57,1.57,1.57,1.56,1.54,1.54,1.55,1.56,1.56,1.55,1.55,1.55,1.55,1.55,1.53,1.53,1.53,1.54,1.55,1.55,1.54,1.53,1.55,1.55,1.55,1.54,1.54,1.55,1.54,1.53,1.52,1.52,1.52,1.53,1.54,1.54,1.56,1.76,2.03,2.25,2.20,2.20,2.21,2.43,3.02,3.22,3.21,3.17,3.18,3.16,3.10,3.09,3.10,3.10,3.15,3.18,3.21,3.24,3.23,3.19,3.14,3.09,3.10,3.07,3.15,3.29,3.41,3.47,3.53,3.56,3.56,3.56,3.57,3.58,3.58,3.55,3.38,3.45,3.57,3.59,3.44,3.44,3.80,4.39,4.61,4.83,4.98,5.12,5.33,5.26,5.24,5.24,5.24,5.24,5.09,5.05,5.10,5.08,5.04,5.15,5.19,5.03,4.93,4.91,4.91,4.90,4.91,4.90,4.86,4.76,4.55,4.51,4.54,4.56,4.55,4.51,4.54,4.57,4.59,4.60,4.58,4.59,4.59,4.51,3.90,3.18,2.47,1.35,0.12,0.02,0.03,0.05,0.07,0.12,0.17,0.19,0.20,0.19,0.18,0.62,1.67,3.51,4.23,4.59,4.71,4.75,4.83,4.74,4.69,4.75,4.88,5.04,5.19,5.23,5.05,4.87,4.76,4.72,4.74,4.90,4.95,4.97,4.98,4.96,4.93,4.87,4.82,4.78,4.76,4.73,4.75,4.81,4.87,4.98,5.01,5.00,4.99,4.89,4.99,5.07,5.05,5.05,5.07,5.09,5.16,5.36,5.47,5.44,5.36,5.28,5.15,5.14,5.19,5.27,5.40,5.44,5.43,5.41,5.39,5.35,5.30,5.29,5.33,5.27,5.21,5.18,5.16,5.13,5.08,5.05,5.03,5.02,4.99,4.92,4.86,4.83,4.86,4.89,4.89,4.88,4.91,4.91,4.87,4.85,4.87,4.91,4.97,5.01,5.02,5.05,5.05,5.06,5.05,5.01,5.07,5.04,5.06,5.16,5.20,5.18,5.17,5.19,5.20,5.28,5.34,5.40
1.57,1.56,1.57,1.57,1.57,1.57,1.58,1.56,1.56,1.56,1.58,1.62,1.60,1.57,1.54,1.54,1.55,1.56,1.56,1.55,1.55,1.55,1.55,1.56,1.55,1.54,1.54,1.54,1.55,1.55,1.54,1.54,1.54,1.56,1.55,1.54,1.55,1.54,1.54,1.53,1.52,1.52,1.52,1.53,1.54,1.54,1.56,1.54,1.53,1.53,1.53,1.54,1.57,1.85,2.92,3.32,3.29,3.21,3.20,3.17,2.89,2.94,3.11,3.08,3.08,3.13,3.19,3.23,3.25,3.24,3.20,3.14,3.08,3.00,3.05,3.16,3.28,3.36,3.43,3.49,3.52,3.52,3.53,3.54,3.53,3.49,3.31,3.38,3.51,3.53,3.38,3.40,3.96,4.77,4.79,4.88,4.99,5.12,5.26,5.23,5.23,5.24,5.24,5.25,5.15,5.13,5.15,5.09,5.10,5.10,5.12,5.14,5.19,5.20,5.18,5.16,5.18,5.15,5.06,4.87,4.56,4.50,4.52,4.54,4.51,4.48,4.51,4.53,4.54,4.55,4.53,4.56,4.60,4.62,4.63,4.62,3.73,2.12,1.10,0.31,0.02,0.04,0.07,0.13,0.18,0.20,0.20,0.19,0.18,0.17,0.67,2.67,3.92,4.47,4.65,4.80,4.80,4.68,4.67,4.79,4.89,5.07,5.24,5.31,5.16,4.90,4.77,4.70,4.70,4.89,4.94,4.96,4.98,4.97,4.95,4.92,4.89,4.85,4.81,4.76,4.75,4.78,4.79,4.91,4.94,4.92,4.95,4.90,5.01,5.09,5.05,5.02,5.02,5.04,5.13,5.38,5.45,5.40,5.31,5.24,5.15,5.15,5.21,5.30,5.46,5.53,5.54,5.48,5.39,5.39,5.33,5.29,5.31,5.26,5.20,5.17,5.17,5.16,5.11,5.09,5.07,5.06,5.01,4.95,4.89,4.85,4.89,4.85,4.87,4.92,4.94,4.92,4.89,4.90,4.97,5.01,5.07,5.09,5.09,5.09,5.02,5.00,5.01,5.01,5.09,5.07,5.08,5.15,5.20,5.20,5.19,5.20,5.21,5.25,5.29,5.36
1.57,1.55,1.58,1.58,1.58,1.59,1.56,1.56,1.57,1.59,1.63,1.77,1.66,1.57,1.56,1.56,1.55,1.56,1.56,1.57,1.57,1.56,1.57,1.58,1.58,1.58,1.56,1.55,1.55,1.54,1.54,1.54,1.53,1.53,1.54,1.55,1.54,1.55,1.54,1.53,1.53,1.53,1.53,1.53,1.54,1.55,1.56,1.53,1.52,1.53,1.53,1.54,1.54,1.58,1.73,1.79,1.81,1.79,1.80,2.06,2.19,2.62,3.21,3.17,3.01,3.05,3.14,3.19,3.23,3.26,3.25,3.21,3.13,3.06,3.01,3.03,3.13,3.22,3.30,3.39,3.47,3.49,3.51,3.50,3.47,3.44,3.35,3.38,3.44,3.45,3.31,3.34,3.92,4.75,4.76,4.90,5.04,5.15,5.21,5.24,5.27,5.29,5.30,5.26,5.21,5.16,5.13,5.10,5.11,5.14,5.15,5.13,5.17,5.18,5.17,5.15,5.17,5.15,4.99,4.75,4.53,4.51,4.51,4.50,4.48,4.47,4.42,4.39,4.38,4.38,4.40,4.45,4.53,4.65,4.68,4.66,4.49,4.14,3.69,1.20,0.00,0.04,0.08,0.15,0.19,0.20,0.20,0.18,0.17,0.17,0.48,1.76,3.71,4.40,4.53,4.78,4.70,4.65,4.66,4.72,4.78,5.06,5.26,5.37,5.44,4.92,4.74,4.70,4.70,4.85,4.93,4.96,4.96,4.93,4.92,4.91,4.90,4.89,4.88,4.86,4.84,4.81,4.72,4.77,4.78,4.78,4.88,4.96,5.05,5.10,5.08,5.03,4.99,5.02,5.13,5.35,5.39,5.33,5.26,5.24,5.18,5.16,5.21,5.33,5.46,5.59,5.60,5.53,5.43,5.42,5.34,5.27,5.26,5.27,5.24,5.22,5.24,5.25,5.19,5.18,5.16,5.11,5.11,5.05,4.97,4.90,4.94,4.89,4.91,4.96,5.00,4.94,4.92,5.00,5.17,5.20,5.21,5.20,5.17,5.14,5.02,5.00,5.04,5.09,5.17,5.16,5.14,5.14,5.16,5.20,5.22,5.21,5.19,5.22,5.25,5.30
2.16,1.56,1.60,1.59,1.58,1.59,1.57,1.57,1.57,1.72,2.12,2.59,2.90,3.09,3.19,3.24,3.36,3.56,3.70,3.62,3.61,3.22,2.57,1.84,1.60,1.56,1.56,1.56,1.56,1.55,1.55,1.55,1.53,1.54,1.54,1.55,1.55,1.55,1.54,1.53,1.52,1.53,1.54,1.53,1.53,1.55,1.55,1.53,1.53,1.53,1.53,1.53,1.53,1.54,1.54,1.54,1.57,1.56,1.55,1.71,1.99,2.55,3.23,3.19,3.12,3.10,3.11,3.15,3.20,3.24,3.26,3.24,3.20,3.12,3.05,3.02,3.04,3.16,3.23,3.31,3.41,3.44,3.46,3.45,3.43,3.41,3.31,3.34,3.38,3.36,3.24,3.28,3.89,4.75,4.77,4.91,5.06,5.16,5.20,5.23,5.26,5.29,5.30,5.26,5.23,5.18,5.13,5.12,5.11,5.14,5.15,5.13,5.16,5.17,5.16,5.14,5.15,5.16,4.98,4.70,4.47,4.48,4.48,4.47,4.45,4.45,4.36,4.32,4.34,4.34,4.35,4.37,4.41,4.46,4.56,4.63,4.66,4.63,4.46,2.92,2.20,0.79,0.11,0.17,0.20,0.20,0.19,0.18,0.17,0.15,0.28,0.87,3.06,4.14,4.56,4.84,4.74,4.64,4.61,4.64,4.67,4.98,5.20,5.36,5.50,4.96,4.76,4.73,4.77,4.89,4.93,4.93,4.91,4.91,4.88,4.84,4.82,4.83,4.87,4.87,4.88,4.87,4.79,4.80,4.80,4.80,4.88,4.90,4.97,5.01,5.01,4.99,4.94,4.98,5.10,5.23,5.28,5.27,5.25,5.24,5.18,5.17,5.22,5.32,5.41,5.49,5.49,5.43,5.36,5.34,5.31,5.28,5.26,5.28,5.27,5.29,5.31,5.32,5.27,5.23,5.20,5.15,5.15,5.12,5.07,5.02,5.08,4.96,4.94,4.99,5.02,4.94,4.97,5.09,5.23,5.23,5.22,5.21,5.19,5.17,5.08,5.05,5.07,5.09,5.13,5.14,5.12,5.09,5.11,5.18,5.23,5.25,5.23,5.23,5.24,5.26
3.89,2.05,2.04,1.95,1.76,1.58,1.58,1.57,1.56,1.85,2.66,3.55,4.24,4.68,4.87,4.94,5.17,5.52,5.77,5.60,5.58,4.88,3.73,2.53,1.93,1.78,1.67,1.56,1.58,1.56,1.56,1.55,1.53,1.55,1.55,1.55,1.55,1.54,1.53,1.52,1.52,1.54,1.54,1.53,1.53,1.56,1.53,1.53,1.53,1.54,1.53,1.52,1.54,1.55,1.53,1.53,1.55,1.55,1.52,1.54,1.52,1.52,1.53,1.52,3.28,3.18,3.11,3.11,3.15,3.20,3.24,3.26,3.25,3.17,3.11,3.05,3.00,3.12,3.17,3.24,3.34,3.37,3.39,3.40,3.40,3.38,3.26,3.28,3.33,3.30,3.17,3.24,3.87,4.76,4.79,4.93,5.07,5.16,5.19,5.21,5.24,5.26,5.27,5.26,5.23,5.19,5.15,5.14,5.11,5.13,5.16,5.15,5.16,5.17,5.16,5.14,5.13,5.15,4.98,4.69,4.42,4.44,4.45,4.44,4.43,4.42,4.32,4.30,4.33,4.34,4.33,4.33,4.30,4.27,4.42,4.55,4.64,4.67,4.67,4.63,3.54,1.92,0.64,0.36,0.24,0.20,0.19,0.17,0.16,0.13,0.12,0.15,2.33,3.70,4.53,4.91,4.82,4.68,4.59,4.57,4.61,4.91,5.15,5.33,5.51,5.00,4.79,4.77,4.85,4.93,4.93,4.90,4.87,4.88,4.85,4.78,4.74,4.77,4.83,4.85,4.88,4.91,4.88,4.86,4.85,4.86,4.89,4.83,4.87,4.92,4.93,4.94,4.90,4.94,5.05,5.08,5.16,5.19,5.20,5.21,5.16,5.17,5.22,5.29,5.35,5.37,5.35,5.31,5.28,5.25,5.28,5.29,5.27,5.28,5.31,5.34,5.37,5.38,5.32,5.27,5.23,5.19,5.18,5.18,5.16,5.14,5.21,5.02,4.96,5.01,5.03,4.94,5.02,5.15,5.25,5.22,5.21,5.21,5.21,5.19,5.15,5.11,5.08,5.06,5.08,5.10,5.09,5.05,5.08,5.14,5.21,5.26,5.25,5.24,5.23,5.22
5.95,5.55,5.10,4.53,3.12,1.52,1.57,1.57,1.56,1.88,2.80,4.08,4.62,4.84,4.92,4.84,4.88,4.98,5.04,4.94,4.88,4.65,4.41,4.30,4.25,3.65,3.31,1.55,1.56,1.56,1.55,1.55,1.55,1.56,1.55,1.54,1.54,1.53,1.54,1.54,1.54,1.55,1.54,1.53,1.53,1.54,1.54,1.53,1.53,1.54,1.54,1.54,1.54,1.53,1.53,1.54,1.54,1.53,1.52,1.52,1.52,1.52,1.52,1.51,1.89,3.22,3.17,3.10,3.10,3.14,3.19,3.24,3.26,3.21,3.18,3.13,3.07,3.05,3.09,3.16,3.24,3.28,3.32,3.34,3.36,3.35,3.21,3.24,3.30,3.29,3.12,3.24,3.89,4.76,4.78,4.93,5.08,5.18,5.19,5.20,5.20,5.19,5.18,5.22,5.21,5.19,5.19,5.19,5.16,5.16,5.17,5.19,5.20,5.17,5.15,5.14,5.11,5.14,5.01,4.74,4.43,4.43,4.43,4.42,4.43,4.41,4.37,4.35,4.35,4.37,4.35,4.35,4.35,4.34,4.37,4.36,4.42,4.56,4.68,4.66,4.31,3.78,3.24,1.50,0.42,0.20,0.18,0.17,0.11,0.09,0.11,0.14,1.65,2.74,3.99,4.89,4.93,4.85,4.72,4.63,4.70,4.98,5.19,5.35,5.54,5.00,4.82,4.81,4.87,4.96,4.96,4.92,4.86,4.81,4.83,4.80,4.77,4.79,4.76,4.79,4.81,4.83,4.88,4.87,4.87,4.89,4.92,4.91,4.92,4.91,4.90,4.93,4.91,4.91,4.93,4.94,4.97,4.98,4.98,5.03,5.09,5.10,5.14,5.24,5.28,5.35,5.35,5.30,5.26,5.25,5.27,5.30,5.31,5.32,5.34,5.38,5.42,5.38,5.30,5.27,5.24,5.20,5.19,5.20,5.20,5.19,5.18,5.01,4.96,5.00,5.01,4.94,5.04,5.18,5.26,5.24,5.24,5.24,5.22,5.19,5.14,5.11,5.09,5.08,5.09,5.12,5.12,5.09,5.09,5.10,5.12,5.14,5.17,5.15,5.19,5.23
6.24,5.70,5.54,5.42,4.68,4.03,3.86,3.24,2.53,2.35,3.20,4.43,4.81,4.90,4.91,4.82,4.77,4.73,4.67,4.55,4.50,4.48,4.60,4.78,4.33,3.50,3.07,1.55,1.56,1.55,1.54,1.54,1.55,1.56,1.55,1.54,1.55,1.53,1.54,1.54,1.55,1.55,1.54,1.53,1.53,1.54,1.54,1.52,1.52,1.54,1.54,1.55,1.54,1.53,1.54,1.54,1.53,1.53,1.53,1.53,1.53,1.52,1.52,1.52,1.54,3.20,3.18,3.13,3.08,3.09,3.14,3.21,3.23,3.23,3.22,3.19,3.13,3.07,3.07,3.10,3.15,3.21,3.25,3.29,3.31,3.31,3.19,3.23,3.29,3.26,3.07,3.24,3.92,4.76,4.78,4.96,5.11,5.20,5.21,5.21,5.19,5.18,5.19,5.23,5.23,5.23,5.24,5.23,5.20,5.20,5.21,5.23,5.23,5.19,5.17,5.17,5.15,5.17,5.09,4.86,4.44,4.45,4.44,4.43,4.43,4.42,4.39,4.37,4.37,4.39,4.37,4.37,4.38,4.38,4.35,4.30,4.33,4.45,4.59,4.62,4.62,4.56,4.39,2.77,1.58,0.73,0.20,0.12,0.07,0.06,0.09,0.12,1.30,2.07,3.09,4.51,4.90,4.95,4.87,4.78,4.83,5.06,5.23,5.34,5.39,4.98,4.86,4.87,4.92,4.98,4.97,4.92,4.85,4.74,4.80,4.80,4.78,4.79,4.76,4.79,4.80,4.78,4.82,4.80,4.81,4.84,4.88,4.88,4.88,4.89,4.89,4.91,4.92,4.93,4.93,4.92,4.95,4.94,4.94,5.00,5.07,5.08,5.10,5.16,5.17,5.22,5.22,5.19,5.19,5.18,5.21,5.25,5.27,5.30,5.35,5.40,5.41,5.34,5.29,5.27,5.25,5.21,5.20,5.22,5.25,5.24,5.14,5.01,4.97,5.00,4.98,4.93,5.05,5.20,5.27,5.25,5.25,5.25,5.22,5.18,5.14,5.12,5.10,5.09,5.10,5.13,5.15,5.12,5.09,5.09,5.09,5.10,5.11,5.13,5.18,5.24
5.72,5.94,6.26,6.91,7.29,7.43,7.67,6.04,4.15,3.12,3.77,4.66,4.88,4.88,4.86,4.85,4.79,4.69,4.54,4.34,4.32,4.37,4.45,4.48,4.32,3.25,2.66,1.55,1.56,1.55,1.54,1.54,1.54,1.56,1.54,1.54,1.57,1.53,1.54,1.54,1.54,1.54,1.54,1.53,1.53,1.53,1.54,1.52,1.52,1.53,1.53,1.55,1.55,1.54,1.55,1.54,1.53,1.54,1.55,1.55,1.54,1.53,1.53,1.55,1.52,3.12,3.15,3.20,3.09,3.05,3.08,3.16,3.19,3.23,3.25,3.24,3.18,3.13,3.09,3.05,3.06,3.17,3.21,3.24,3.26,3.26,3.18,3.23,3.28,3.22,3.04,3.26,3.94,4.75,4.79,5.01,5.16,5.22,5.23,5.22,5.21,5.22,5.25,5.26,5.28,5.29,5.29,5.26,5.25,5.27,5.28,5.27,5.24,5.22,5.21,5.22,5.24,5.22,5.21,5.02,4.45,4.49,4.49,4.46,4.43,4.43,4.40,4.38,4.38,4.40,4.38,4.37,4.38,4.39,4.37,4.35,4.34,4.35,4.42,4.55,4.61,4.61,4.57,4.73,3.39,2.33,0.24,0.03,0.02,0.05,0.08,0.10,0.13,1.19,1.96,3.91,4.79,5.00,5.02,5.01,4.97,5.12,5.27,5.31,5.13,4.95,4.91,4.94,4.99,5.00,4.97,4.92,4.83,4.68,4.75,4.78,4.77,4.77,4.81,4.84,4.82,4.75,4.72,4.69,4.70,4.75,4.78,4.76,4.80,4.85,4.89,4.88,4.92,4.97,4.99,4.99,5.03,5.03,5.02,5.06,5.08,5.08,5.07,5.06,5.03,5.01,5.01,5.03,5.06,5.06,5.13,5.18,5.16,5.25,5.35,5.39,5.36,5.28,5.28,5.27,5.25,5.22,5.21,5.25,5.29,5.29,5.09,5.01,5.00,5.01,4.95,4.92,5.07,5.23,5.28,5.26,5.25,5.24,5.21,5.18,5.14,5.12,5.11,5.11,5.11,5.14,5.17,5.16,5.07,5.10,5.11,5.09,5.09,5.14,5.20,5.25
4.91,5.54,5.90,6.18,6.51,6.82,6.91,6.41,5.77,5.28,5.13,4.96,4.94,4.90,4.80,4.82,4.69,4.59,4.52,4.46,4.43,4.39,4.37,4.38,4.31,3.21,2.59,1.55,1.56,1.55,1.53,1.53,1.53,1.54,1.54,1.55,1.56,1.54,1.55,1.55,1.55,1.55,1.55,1.54,1.54,1.54,1.54,1.54,1.54,1.54,1.54,1.54,1.54,1.53,1.54,1.52,1.53,1.53,1.53,1.54,1.54,1.53,1.52,1.53,1.54,1.85,2.41,3.10,3.20,3.15,3.10,3.10,3.13,3.18,3.23,3.25,3.25,3.20,3.14,3.10,3.07,3.07,3.18,3.22,3.19,3.14,3.17,3.24,3.26,3.19,3.05,3.20,3.86,4.72,4.80,4.99,5.12,5.19,5.24,5.24,5.24,5.24,5.26,5.30,5.34,5.39,5.43,5.41,5.38,5.33,5.29,5.28,5.26,5.25,5.24,5.23,5.24,5.25,5.09,4.81,4.48,4.47,4.47,4.47,4.47,4.43,4.42,4.41,4.40,4.40,4.41,4.42,4.43,4.45,4.43,4.38,4.36,4.38,4.41,4.44,4.52,4.59,4.60,4.65,4.20,3.59,2.81,0.47,0.11,0.03,0.05,0.08,0.11,0.33,1.55,4.17,4.87,4.98,4.98,5.03,5.04,5.12,5.17,5.15,5.06,4.95,4.91,4.93,5.01,5.00,5.01,4.96,4.85,4.75,4.80,4.83,4.85,4.89,4.83,4.86,4.89,4.91,4.84,4.80,4.78,4.77,4.75,4.75,4.75,4.75,4.73,4.78,4.82,4.87,4.92,4.94,4.97,4.98,4.99,5.01,5.04,5.06,5.08,5.09,5.10,5.07,5.09,5.12,5.13,5.11,5.13,5.14,5.11,5.13,5.13,5.15,5.17,5.17,5.14,5.15,5.17,5.19,5.17,5.19,5.22,5.20,5.06,5.02,5.04,5.06,5.02,5.04,5.12,5.19,5.21,5.23,5.24,5.23,5.21,5.18,5.14,5.13,5.12,5.13,5.12,5.15,5.17,5.18,5.14,5.15,5.12,5.10,5.13,5.16,5.21,5.26
4.42,5.30,5.69,5.66,5.86,6.19,6.24,6.36,6.43,6.28,5.83,5.17,5.01,4.91,4.75,4.76,4.63,4.57,4.57,4.57,4.52,4.44,4.39,4.39,4.36,3.33,2.75,1.55,1.56,1.55,1.53,1.52,1.53,1.54,1.54,1.55,1.56,1.55,1.55,1.56,1.56,1.56,1.56,1.55,1.55,1.54,1.54,1.55,1.55,1.55,1.54,1.54,1.53,1.53,1.53,1.52,1.53,1.53,1.52,1.53,1.53,1.53,1.52,1.53,1.54,1.52,1.97,3.02,3.26,3.24,3.17,3.11,3.12,3.15,3.20,3.24,3.28,3.25,3.20,3.15,3.10,3.05,3.16,3.19,3.14,3.09,3.16,3.24,3.25,3.18,3.05,3.16,3.81,4.71,4.82,4.97,5.08,5.16,5.24,5.25,5.25,5.26,5.27,5.32,5.38,5.45,5.50,5.49,5.45,5.36,5.29,5.28,5.27,5.27,5.26,5.24,5.25,5.27,5.07,4.75,4.48,4.46,4.47,4.49,4.49,4.44,4.44,4.43,4.42,4.41,4.42,4.44,4.46,4.48,4.47,4.42,4.39,4.41,4.42,4.39,4.44,4.53,4.57,4.59,4.65,4.22,3.28,1.36,0.48,0.10,0.04,0.06,0.09,0.11,1.01,3.29,4.46,4.85,4.97,5.03,5.08,5.10,5.09,5.06,5.03,4.98,4.94,4.96,5.03,5.02,5.05,5.00,4.89,4.84,4.86,4.88,4.92,4.98,4.90,4.91,4.95,4.99,4.91,4.87,4.85,4.82,4.77,4.77,4.76,4.73,4.72,4.77,4.80,4.84,4.89,4.92,4.92,4.93,4.94,4.92,4.95,4.99,5.02,5.06,5.09,5.09,5.12,5.16,5.15,5.14,5.14,5.13,5.10,5.08,5.04,5.04,5.08,5.12,5.07,5.08,5.12,5.14,5.10,5.12,5.12,5.11,5.05,5.07,5.09,5.10,5.07,5.12,5.15,5.17,5.17,5.19,5.22,5.23,5.20,5.17,5.15,5.14,5.14,5.14,5.13,5.15,5.18,5.19,5.16,5.17,5.15,5.13,5.17,5.18,5.22,5.27
3.74,4.04,4.64,5.35,5.40,5.54,5.69,5.73,5.69,5.61,5.55,5.26,5.08,4.89,4.69,4.68,4.64,4.66,4.69,4.66,4.59,4.54,4.54,4.55,4.49,3.67,3.22,1.56,1.56,1.55,1.53,1.53,1.54,1.54,1.54,1.55,1.57,1.54,1.54,1.55,1.56,1.56,1.57,1.55,1.54,1.54,1.55,1.54,1.54,1.55,1.55,1.53,1.52,1.53,1.55,1.53,1.53,1.54,1.53,1.55,1.52,1.52,1.52,1.54,1.52,1.50,1.95,2.98,3.25,3.32,3.29,3.22,3.18,3.13,3.15,3.20,3.25,3.27,3.26,3.22,3.17,3.14,3.13,3.12,3.12,3.12,3.17,3.23,3.25,3.18,3.05,3.17,3.82,4.72,4.85,4.93,5.04,5.14,5.23,5.24,5.25,5.26,5.28,5.32,5.38,5.45,5.49,5.47,5.43,5.37,5.31,5.29,5.28,5.27,5.26,5.25,5.27,5.28,5.17,4.90,4.46,4.45,4.48,4.50,4.50,4.46,4.45,4.44,4.43,4.42,4.41,4.42,4.44,4.47,4.50,4.46,4.44,4.44,4.44,4.41,4.40,4.42,4.46,4.58,4.60,4.54,4.44,2.91,1.27,0.31,0.03,0.04,0.06,0.09,0.25,0.79,3.36,4.57,5.00,5.02,5.07,5.05,5.05,5.07,5.07,5.06,5.04,5.03,5.05,5.09,5.10,5.04,4.96,4.94,4.93,4.94,4.98,5.05,5.03,5.01,5.00,4.98,4.90,4.87,4.90,4.92,4.85,4.84,4.84,4.86,4.91,4.88,4.89,4.91,4.93,4.92,4.91,4.88,4.84,4.78,4.82,4.84,4.88,4.93,4.98,5.03,5.07,5.10,5.11,5.13,5.15,5.16,5.17,5.16,5.14,5.13,5.14,5.15,5.10,5.09,5.09,5.06,5.00,5.00,5.00,5.00,5.07,5.16,5.17,5.14,5.10,5.13,5.16,5.18,5.19,5.16,5.20,5.22,5.20,5.17,5.17,5.16,5.15,5.15,5.15,5.17,5.19,5.19,5.11,5.15,5.18,5.19,5.20,5.21,5.25,5.28
3.64,3.83,4.22,4.63,4.85,4.87,4.83,5.00,4.98,5.14,5.37,5.21,5.04,4.87,4.73,4.68,4.66,4.69,4.71,4.68,4.63,4.60,4.63,4.66,4.47,3.21,2.53,1.57,1.56,1.55,1.53,1.53,1.57,1.72,1.68,1.60,1.57,1.56,1.55,1.66,1.78,1.76,1.65,1.58,1.56,1.59,1.56,1.60,1.60,1.55,1.55,1.53,1.53,1.53,1.54,1.54,1.54,1.54,1.54,1.53,1.52,1.52,1.53,1.53,1.52,1.51,1.94,2.92,3.21,3.28,3.30,3.29,3.24,3.16,3.13,3.15,3.21,3.24,3.27,3.26,3.23,3.20,3.17,3.16,3.17,3.17,3.19,3.24,3.25,3.18,3.08,3.19,3.85,4.78,4.93,4.96,5.03,5.12,5.23,5.23,5.24,5.26,5.30,5.33,5.38,5.43,5.47,5.45,5.42,5.36,5.32,5.29,5.29,5.27,5.26,5.26,5.28,5.29,5.25,5.00,4.43,4.44,4.48,4.50,4.49,4.46,4.45,4.45,4.44,4.43,4.41,4.42,4.44,4.47,4.50,4.48,4.47,4.48,4.46,4.46,4.46,4.45,4.42,4.47,4.53,4.57,4.59,4.52,2.47,1.19,0.33,0.04,0.02,0.05,0.09,0.21,1.71,2.98,4.19,5.00,5.04,5.00,4.62,4.40,4.99,5.09,5.10,5.09,5.12,5.16,5.13,5.06,4.99,4.94,4.94,4.96,4.99,5.03,5.01,4.99,4.96,4.94,4.89,4.87,4.89,4.92,4.90,4.90,4.91,4.94,4.97,4.94,4.95,4.95,4.93,4.91,4.94,5.03,5.08,5.04,4.98,4.97,4.97,4.98,5.01,5.01,5.03,5.06,5.08,5.06,5.07,5.09,5.10,5.11,5.10,5.11,5.12,5.15,5.15,5.14,5.13,5.11,5.08,5.08,5.08,5.08,5.18,5.22,5.23,5.20,5.16,5.14,5.12,5.09,5.05,5.07,5.13,5.17,5.19,5.18,5.17,5.17,5.17,5.16,5.16,5.17,5.18,5.19,5.12,5.15,5.18,5.21,5.20,5.28,5.28,5.27
3.62,3.78,3.93,4.21,4.33,4.24,3.97,4.21,4.43,4.81,5.22,4.89,4.84,4.83,4.79,4.70,4.69,4.71,4.72,4.69,4.67,4.66,4.71,4.77,4.48,2.84,1.93,1.64,1.59,1.63,1.62,1.66,1.86,2.18,2.11,1.92,1.79,1.85,1.85,2.06,2.29,2.25,2.02,1.90,1.85,1.83,1.77,1.91,1.94,1.84,1.83,1.96,2.01,1.91,1.63,1.56,1.54,1.54,1.54,1.52,1.53,1.53,1.54,1.53,1.52,1.53,1.94,2.86,3.12,3.22,3.29,3.34,3.29,3.21,3.14,3.12,3.15,3.20,3.25,3.28,3.28,3.26,3.22,3.22,3.23,3.22,3.23,3.26,3.26,3.18,3.11,3.20,3.86,4.80,4.96,4.99,5.03,5.11,5.22,5.23,5.23,5.26,5.30,5.33,5.38,5.42,5.44,5.43,5.40,5.36,5.32,5.30,5.29,5.27,5.27,5.28,5.29,5.30,5.30,5.07,4.41,4.44,4.48,4.50,4.48,4.46,4.45,4.45,4.45,4.43,4.41,4.41,4.44,4.47,4.49,4.50,4.50,4.50,4.49,4.50,4.52,4.50,4.39,4.36,4.45,4.53,4.54,4.51,3.59,2.19,0.79,0.13,0.03,0.02,0.06,0.11,0.06,1.50,3.30,4.55,4.78,4.67,3.95,3.61,4.88,5.10,5.15,5.15,5.19,5.23,5.17,5.09,5.02,4.93,4.97,5.00,4.99,4.96,4.95,4.93,4.92,4.90,4.88,4.87,4.88,4.90,4.92,4.94,4.97,4.99,5.00,4.99,4.98,4.97,4.94,4.90,5.01,5.20,5.34,5.33,5.19,5.15,5.13,5.10,5.10,5.05,5.04,5.07,5.10,5.03,5.04,5.06,5.05,5.06,5.06,5.06,5.08,5.11,5.15,5.16,5.15,5.15,5.15,5.17,5.18,5.18,5.27,5.27,5.26,5.25,5.21,5.15,5.09,5.02,4.95,5.00,5.06,5.12,5.17,5.17,5.15,5.15,5.16,5.17,5.14,5.15,5.17,5.18,5.14,5.14,5.18,5.21,5.20,5.32,5.30,5.25
3.56,3.72,3.88,4.03,3.99,3.75,3.36,3.39,3.74,4.02,3.89,3.52,4.19,4.76,4.86,4.73,4.73,4.76,4.78,4.76,4.75,4.74,4.80,4.90,4.75,3.38,2.63,1.94,1.71,2.04,2.03,2.19,3.02,4.05,3.98,3.62,3.16,3.61,3.62,3.85,4.14,4.09,3.80,3.72,3.50,3.02,2.92,3.49,3.75,3.63,3.64,4.55,4.89,4.88,2.05,1.64,1.54,1.54,1.53,1.54,1.52,1.52,1.53,1.53,1.54,1.54,1.91,2.77,2.92,3.13,3.27,3.31,3.34,3.27,3.21,3.14,3.06,3.13,3.20,3.25,3.29,3.28,3.29,3.29,3.27,3.28,3.29,3.29,3.25,3.18,3.12,3.20,3.78,4.63,4.84,4.97,5.03,5.09,5.20,5.22,5.23,5.26,5.31,5.33,5.37,5.41,5.42,5.41,5.38,5.35,5.32,5.31,5.30,5.28,5.28,5.29,5.30,5.31,5.29,5.05,4.43,4.45,4.49,4.50,4.47,4.46,4.45,4.45,4.44,4.42,4.40,4.41,4.44,4.47,4.49,4.50,4.50,4.50,4.51,4.50,4.52,4.51,4.40,4.36,4.37,4.43,4.54,4.51,4.34,4.22,1.62,0.59,0.21,0.05,0.05,0.10,0.06,0.38,1.25,2.56,3.76,3.34,2.75,2.91,4.70,5.10,5.21,5.23,5.26,5.25,5.21,5.17,5.10,4.98,5.09,5.07,4.96,4.81,4.88,4.89,4.89,4.88,4.87,4.85,4.87,4.90,4.93,4.95,4.97,5.00,5.03,5.01,5.00,4.98,4.96,4.93,5.15,5.33,5.41,5.35,5.31,5.36,5.37,5.31,5.27,5.25,5.25,5.26,5.26,5.22,5.20,5.19,5.16,5.13,5.10,5.05,5.01,4.99,5.01,5.03,5.03,5.02,5.07,5.09,5.12,5.15,5.25,5.25,5.25,5.25,5.23,5.19,5.16,5.12,5.08,5.08,5.09,5.10,5.11,5.10,5.05,5.03,5.06,5.11,5.03,5.06,5.11,5.13,5.12,5.13,5.18,5.21,5.20,5.25,5.24,5.23
3.49,3.64,3.78,3.87,3.79,3.55,3.19,3.12,3.35,3.51,3.27,2.92,4.13,4.73,4.89,4.77,4.78,4.80,4.83,4.87,4.91,4.92,4.97,5.08,5.02,4.22,3.82,2.89,3.06,3.43,3.41,3.50,4.15,4.92,4.88,4.63,4.27,4.58,4.63,4.78,4.96,4.98,4.64,4.55,4.36,3.95,3.82,4.33,4.63,4.67,4.90,5.64,5.99,5.86,3.05,1.83,1.54,1.54,1.53,1.54,1.53,1.53,1.53,1.53,1.56,1.55,1.90,2.72,2.84,3.03,3.18,3.28,3.35,3.31,3.27,3.20,3.08,3.08,3.14,3.20,3.27,3.29,3.33,3.33,3.31,3.32,3.32,3.31,3.27,3.20,3.13,3.20,3.62,4.28,4.81,4.96,5.04,5.09,5.18,5.21,5.22,5.26,5.31,5.33,5.36,5.39,5.40,5.39,5.36,5.34,5.33,5.31,5.31,5.29,5.29,5.30,5.31,5.32,5.28,5.03,4.43,4.45,4.48,4.49,4.47,4.46,4.45,4.45,4.44,4.42,4.40,4.41,4.44,4.47,4.48,4.49,4.50,4.50,4.51,4.51,4.53,4.51,4.41,4.36,4.33,4.39,4.54,4.50,4.38,3.80,1.83,0.53,0.24,0.10,0.06,0.09,0.07,0.06,0.39,1.82,3.38,2.85,2.30,2.65,4.64,5.09,5.23,4.86,4.42,4.66,4.99,5.16,5.15,5.05,5.11,5.12,4.98,4.68,4.53,4.74,4.90,4.89,4.86,4.84,4.85,4.89,4.93,4.96,4.98,5.01,5.05,5.03,5.02,5.00,4.98,4.98,5.23,5.36,5.40,5.36,5.36,5.44,5.48,5.46,5.40,5.35,5.33,5.33,5.33,5.32,5.30,5.27,5.25,5.23,5.19,5.15,5.10,5.06,5.08,5.09,5.08,5.04,5.06,5.04,5.03,5.07,5.17,5.20,5.21,5.20,5.20,5.17,5.15,5.13,5.11,5.12,5.11,5.11,5.11,5.10,5.08,5.06,5.07,5.10,5.04,5.07,5.11,5.14,5.14,5.14,5.14,5.13,5.09,5.15,5.16,5.15
3.40,3.55,3.66,3.73,3.67,3.50,3.28,3.07,3.07,3.09,2.95,3.24,4.60,4.72,4.91,4.83,4.82,4.84,4.89,5.03,5.13,5.15,5.19,5.29,5.30,5.21,4.68,4.21,5.09,5.34,5.32,5.21,5.25,6.02,6.26,6.18,5.98,6.09,6.20,6.22,6.22,6.36,5.95,5.83,5.71,5.40,5.24,5.65,6.00,6.27,6.83,7.31,7.67,6.95,4.48,2.10,1.54,1.54,1.53,1.54,1.54,1.54,1.55,1.54,1.56,1.55,1.89,2.68,2.82,2.91,3.06,3.25,3.32,3.33,3.32,3.28,3.16,3.05,3.07,3.14,3.21,3.29,3.35,3.35,3.34,3.36,3.34,3.34,3.30,3.21,3.13,3.21,3.41,3.85,4.84,4.97,5.04,5.11,5.15,5.20,5.22,5.25,5.31,5.33,5.35,5.37,5.38,5.37,5.35,5.33,5.33,5.32,5.31,5.30,5.30,5.31,5.32,5.33,5.27,5.01,4.44,4.45,4.47,4.48,4.47,4.46,4.45,4.45,4.44,4.41,4.40,4.41,4.44,4.46,4.47,4.48,4.49,4.50,4.50,4.52,4.53,4.51,4.42,4.38,4.33,4.38,4.53,4.49,4.46,3.46,2.12,0.18,0.20,0.16,0.09,0.08,0.09,0.08,0.07,0.07,0.08,0.09,0.09,0.09,0.11,0.75,1.67,2.48,3.09,3.75,4.64,5.12,5.18,5.12,5.09,5.15,5.03,4.55,3.99,4.48,4.91,4.92,4.85,4.83,4.84,4.88,4.93,4.96,4.98,5.02,5.08,5.05,5.04,5.02,5.01,5.04,5.27,5.34,5.34,5.36,5.36,5.43,5.52,5.56,5.49,5.38,5.33,5.33,5.35,5.37,5.35,5.33,5.34,5.34,5.31,5.30,5.30,5.23,5.27,5.27,5.23,5.15,5.10,4.99,4.93,4.96,5.07,5.13,5.14,5.14,5.15,5.12,5.10,5.09,5.08,5.13,5.13,5.13,5.14,5.14,5.17,5.17,5.15,5.13,5.11,5.13,5.15,5.18,5.18,5.15,5.08,5.00,4.93,5.03,5.05,5.05
3.31,3.43,3.47,3.56,3.56,3.46,3.36,3.15,3.04,2.99,2.93,3.02,4.51,4.65,4.89,4.86,4.88,4.88,4.93,5.20,5.34,5.42,5.45,5.46,5.51,5.50,5.33,5.19,5.53,5.67,5.71,5.69,5.68,6.00,6.12,6.12,6.09,6.18,6.27,6.31,6.32,6.35,6.25,6.20,6.16,6.08,6.02,6.21,6.32,6.38,6.58,6.98,7.40,6.90,4.81,2.40,1.67,1.54,1.54,1.54,1.54,1.53,1.53,1.55,1.54,1.54,1.88,2.65,2.81,2.87,3.01,3.20,3.24,3.29,3.32,3.31,3.27,3.15,3.10,3.09,3.11,3.17,3.25,3.31,3.36,3.38,3.35,3.33,3.30,3.23,3.14,3.23,3.36,3.71,4.92,4.94,5.03,5.16,5.17,5.23,5.24,5.26,5.31,5.33,5.34,5.35,5.35,5.35,5.34,5.33,5.33,5.33,5.32,5.31,5.32,5.32,5.33,5.33,5.20,4.91,4.45,4.46,4.48,4.48,4.47,4.46,4.45,4.45,4.44,4.41,4.40,4.41,4.44,4.46,4.46,4.48,4.49,4.50,4.50,4.51,4.52,4.50,4.43,4.39,4.32,4.32,4.42,4.48,4.47,4.07,3.54,0.65,0.26,0.16,0.14,0.07,0.08,0.08,0.08,0.08,0.09,0.09,0.09,0.10,0.10,0.33,0.66,0.95,1.14,1.38,1.69,1.86,2.55,5.20,5.34,4.88,3.81,2.27,2.49,3.43,4.43,4.90,4.87,4.84,4.85,4.89,4.92,4.96,4.99,5.04,5.11,5.08,5.06,5.04,5.04,5.10,5.27,5.34,5.35,5.36,5.35,5.42,5.50,5.53,5.46,5.38,5.34,5.33,5.37,5.41,5.39,5.36,5.36,5.36,5.32,5.30,5.29,5.22,5.31,5.34,5.33,5.28,5.24,5.10,4.95,4.89,5.01,5.06,5.05,5.02,5.05,5.07,5.09,5.08,5.03,5.06,5.04,5.03,5.05,5.05,5.08,5.10,5.11,5.11,5.12,5.13,5.15,5.18,5.19,5.18,5.13,5.08,5.06,5.07,5.05,5.03
3.20,3.28,3.28,3.40,3.45,3.41,3.39,3.20,3.15,3.10,2.92,2.90,4.34,4.55,4.91,4.89,4.93,4.91,4.97,5.29,5.48,5.61,5.63,5.55,5.63,5.67,5.70,5.73,5.77,5.83,5.89,5.92,5.89,5.94,5.98,6.01,6.06,6.12,6.18,6.21,6.21,6.19,6.23,6.22,6.22,6.25,6.25,6.30,6.29,6.23,6.22,6.62,7.01,6.57,4.69,2.41,1.69,1.54,1.54,1.54,1.54,1.54,1.53,1.55,1.54,1.53,1.87,2.64,2.79,2.85,2.95,3.09,3.13,3.22,3.30,3.34,3.32,3.24,3.15,3.09,3.07,3.08,3.17,3.27,3.35,3.38,3.35,3.34,3.31,3.25,3.16,3.24,3.34,3.61,4.65,4.68,4.90,5.16,5.16,5.21,5.22,5.01,4.60,4.54,4.50,4.49,4.47,4.37,4.31,4.26,4.23,4.21,4.19,4.18,4.17,4.28,4.83,4.58,4.64,4.74,4.46,4.47,4.48,4.48,4.47,4.46,4.45,4.45,4.44,4.41,4.39,4.41,4.44,4.45,4.44,4.47,4.49,4.50,4.50,4.50,4.50,4.49,4.42,4.38,4.31,4.30,4.36,4.49,4.49,4.44,4.40,1.87,0.58,0.17,0.17,0.11,0.10,0.09,0.09,0.10,0.09,0.09,0.09,0.10,0.10,0.10,0.10,0.10,0.09,0.09,0.09,0.09,0.84,3.82,3.98,3.45,2.31,0.79,1.48,2.83,4.16,4.70,3.95,4.06,4.37,4.70,4.87,4.95,5.01,5.07,5.14,5.11,5.08,5.05,5.04,5.14,5.28,5.35,5.36,5.36,5.35,5.42,5.49,5.50,5.43,5.38,5.35,5.34,5.39,5.43,5.43,5.39,5.37,5.36,5.33,5.31,5.30,5.26,5.34,5.38,5.37,5.35,5.32,5.17,4.98,4.86,4.96,5.02,5.00,4.95,5.00,5.07,5.11,5.09,5.03,5.04,5.04,5.03,5.03,5.04,5.06,5.08,5.08,5.08,5.07,5.08,5.10,5.12,5.15,5.15,5.13,5.11,5.12,5.10,5.06,5.03
3.07,3.07,3.09,3.26,3.35,3.35,3.37,3.15,3.42,3.47,2.91,2.89,4.06,4.40,4.96,4.93,4.96,4.95,4.99,5.27,5.53,5.71,5.71,5.53,5.63,5.69,5.71,5.72,5.75,5.78,5.80,5.81,5.81,5.83,5.84,5.85,5.85,5.87,5.86,5.85,5.85,5.84,5.81,5.79,5.77,5.76,5.78,5.81,5.80,5.76,5.75,6.21,6.47,5.87,3.99,2.04,1.56,1.54,1.54,1.54,1.57,1.56,1.54,1.54,1.54,1.54,1.88,2.64,2.78,2.85,2.87,2.89,2.98,3.13,3.28,3.35,3.29,3.30,3.25,3.18,3.10,3.02,3.11,3.22,3.30,3.34,3.36,3.36,3.32,3.26,3.17,3.24,3.36,3.55,3.93,4.13,4.62,5.09,5.13,5.14,5.16,4.43,2.99,2.74,2.61,2.57,2.49,2.18,1.99,1.84,1.74,1.67,1.61,1.58,1.55,1.90,3.68,2.89,3.46,4.48,4.46,4.47,4.48,4.48,4.47,4.46,4.45,4.44,4.43,4.40,4.39,4.41,4.43,4.44,4.43,4.46,4.48,4.49,4.49,4.50,4.50,4.48,4.41,4.34,4.31,4.32,4.36,4.53,4.51,4.52,4.53,4.37,1.21,0.20,0.17,0.19,0.16,0.11,0.10,0.11,0.09,0.09,0.09,0.10,0.10,0.10,0.10,0.10,0.09,0.09,0.09,0.09,0.19,0.59,0.61,0.55,0.41,0.22,0.29,0.47,0.64,0.88,1.68,2.26,3.25,4.26,4.78,4.93,5.05,5.12,5.16,5.14,5.09,5.03,5.02,5.18,5.31,5.36,5.36,5.36,5.34,5.41,5.47,5.48,5.39,5.36,5.35,5.37,5.41,5.45,5.45,5.42,5.36,5.34,5.32,5.31,5.32,5.38,5.37,5.36,5.35,5.33,5.31,5.20,5.02,4.85,4.95,5.00,4.97,4.94,5.01,5.13,5.18,5.16,5.11,5.09,5.15,5.15,5.10,5.13,5.13,5.10,5.06,5.02,4.95,4.94,4.97,5.01,5.05,5.07,5.07,5.07,5.09,5.10,5.07,5.06
3.34,4.28,5.34,7.55,8.73,8.88,9.19,6.83,6.13,5.67,2.91,2.89,3.77,4.21,4.97,4.97,5.00,4.99,5.05,5.37,5.63,5.79,5.74,5.50,5.60,5.64,5.66,5.69,5.72,5.74,5.76,5.78,5.78,5.80,5.81,5.81,5.80,5.79,5.77,5.76,5.76,5.74,5.72,5.70,5.70,5.70,5.71,5.71,5.69,5.67,5.65,6.01,5.71,4.81,3.56,2.02,1.60,1.54,1.54,1.54,1.56,1.55,1.54,1.55,1.54,1.53,1.86,2.62,2.75,2.81,2.83,2.85,2.87,3.00,3.15,3.27,3.31,3.32,3.23,3.16,3.15,3.07,3.07,3.11,3.18,3.27,3.31,3.33,3.32,3.26,3.14,3.22,3.35,3.49,3.72,3.96,4.31,4.60,4.64,4.65,4.68,4.32,3.61,3.47,3.40,3.40,3.37,3.14,3.06,3.02,3.00,2.97,2.82,2.68,2.54,2.58,3.36,2.79,3.45,4.45,4.46,4.49,4.50,4.49,4.48,4.46,4.45,4.44,4.42,4.40,4.40,4.41,4.43,4.43,4.42,4.46,4.48,4.49,4.50,4.50,4.50,4.48,4.41,4.37,4.34,4.33,4.35,4.43,4.50,4.54,4.55,4.54,4.05,1.09,0.15,0.17,0.18,0.21,0.18,0.11,0.09,0.09,0.09,0.09,0.09,0.09,0.10,0.10,0.09,0.09,0.09,0.09,0.09,0.09,0.10,0.11,0.13,0.15,0.19,0.24,0.29,0.41,0.80,1.17,1.72,2.28,2.66,3.12,3.60,4.20,4.88,5.01,4.99,4.98,5.04,5.21,5.31,5.35,5.36,5.35,5.34,5.41,5.45,5.45,5.37,5.35,5.36,5.39,5.42,5.47,5.50,5.46,5.36,5.32,5.30,5.30,5.32,5.41,5.37,5.33,5.31,5.30,5.28,5.23,5.07,4.85,4.95,4.96,4.90,4.88,5.05,5.13,5.15,5.14,5.12,5.10,5.17,5.16,5.10,5.13,5.14,5.16,5.15,5.10,5.07,5.06,5.06,5.08,5.09,5.10,5.08,5.05,5.08,5.00,4.97,4.99
4.26,4.64,5.80,7.67,8.62,8.69,8.90,9.08,7.40,5.71,2.91,2.90,3.50,4.04,4.97,5.01,5.05,5.04,5.11,5.46,5.72,5.84,5.74,5.46,5.56,5.58,5.60,5.64,5.68,5.70,5.73,5.75,5.75,5.78,5.79,5.78,5.77,5.75,5.73,5.72,5.72,5.70,5.69,5.68,5.69,5.70,5.70,5.68,5.66,5.65,5.62,5.92,5.29,4.24,3.46,2.15,1.67,1.55,1.54,1.55,1.54,1.53,1.53,1.55,1.53,1.52,1.82,2.60,2.71,2.76,2.80,2.83,2.79,2.88,3.01,3.16,3.28,3.26,3.14,3.10,3.17,3.13,3.07,3.04,3.07,3.18,3.24,3.29,3.30,3.25,3.13,3.20,3.31,3.42,3.59,3.84,4.06,4.20,4.22,4.23,4.26,4.30,4.35,4.34,4.34,4.38,4.40,4.29,4.32,4.39,4.45,4.46,4.27,4.09,3.88,3.66,3.43,3.17,3.74,4.46,4.46,4.50,4.51,4.50,4.49,4.47,4.46,4.44,4.41,4.39,4.40,4.41,4.42,4.42,4.42,4.46,4.48,4.49,4.50,4.50,4.50,4.47,4.42,4.39,4.36,4.34,4.34,4.34,4.49,4.55,4.55,4.68,4.04,2.04,0.30,0.15,0.42,0.84,0.95,0.64,0.14,0.09,0.09,0.09,0.09,0.09,0.09,0.10,0.09,0.09,0.09,0.09,0.09,0.09,0.11,0.12,0.14,0.17,0.22,0.27,0.32,0.37,0.42,0.47,0.52,0.61,0.80,1.52,2.31,3.23,4.05,4.41,4.73,4.95,5.08,5.23,5.33,5.36,5.35,5.35,5.34,5.40,5.44,5.42,5.35,5.34,5.36,5.40,5.43,5.49,5.54,5.50,5.36,5.31,5.29,5.28,5.30,5.40,5.35,5.30,5.27,5.26,5.25,5.23,5.08,4.85,4.95,4.92,4.85,4.85,5.08,5.11,5.11,5.10,5.12,5.11,5.16,5.15,5.10,5.13,5.16,5.21,5.23,5.18,5.19,5.18,5.17,5.16,5.15,5.15,5.10,5.05,5.09,4.95,4.93,4.95
7.52,6.07,7.65,8.15,8.15,7.92,7.77,8.49,7.30,5.88,2.92,2.91,3.34,3.92,4.92,5.04,5.09,5.10,5.16,5.39,5.73,5.81,5.67,5.43,5.52,5.53,5.55,5.58,5.60,5.64,5.67,5.70,5.72,5.73,5.74,5.74,5.72,5.72,5.71,5.70,5.68,5.66,5.65,5.64,5.64,5.66,5.66,5.64,5.63,5.61,5.55,6.08,6.02,5.33,4.19,2.52,1.79,1.54,1.53,1.54,1.54,1.53,1.53,1.54,1.53,1.53,1.74,2.22,2.60,2.70,2.76,2.76,2.75,2.81,2.87,2.97,3.10,3.00,2.95,2.98,3.09,3.16,3.17,3.09,3.01,3.09,3.17,3.24,3.27,3.25,3.18,3.14,3.19,3.33,3.44,3.70,4.04,4.28,4.20,4.22,4.23,4.26,4.30,4.30,4.31,4.33,4.35,4.33,4.35,4.39,4.43,4.46,4.41,4.39,4.34,4.26,4.21,4.15,4.29,4.47,4.46,4.48,4.51,4.52,4.51,4.52,4.50,4.46,4.41,4.38,4.40,4.41,4.41,4.41,4.42,4.46,4.48,4.47,4.46,4.51,4.50,4.47,4.43,4.41,4.39,4.37,4.36,4.33,4.49,4.57,4.58,4.62,4.30,3.01,1.18,0.24,1.58,2.99,3.69,2.79,0.33,0.09,0.09,0.09,0.09,0.09,0.09,0.09,0.09,0.09,0.09,0.09,0.09,0.09,0.11,0.14,0.16,0.19,0.24,0.29,0.35,0.40,0.45,0.51,0.56,0.61,0.67,0.86,1.07,1.34,1.73,2.48,4.09,5.00,5.16,5.27,5.39,5.38,5.33,5.35,5.34,5.38,5.42,5.41,5.35,5.33,5.37,5.42,5.45,5.51,5.56,5.51,5.35,5.32,5.28,5.26,5.27,5.35,5.32,5.27,5.22,5.20,5.20,5.14,4.99,4.83,4.93,4.90,4.87,4.90,5.07,5.08,5.09,5.10,5.11,5.12,5.14,5.15,5.15,5.16,5.21,5.21,5.19,5.19,5.20,5.21,5.21,5.20,5.20,5.18,5.15,5.13,5.15,5.11,5.10,5.09
7.68,6.89,7.85,7.83,7.59,7.36,7.16,8.12,7.79,7.14,2.92,2.90,3.29,4.04,4.83,5.09,5.14,5.15,5.19,5.28,5.49,5.57,5.50,5.35,5.40,5.39,5.38,5.39,5.43,5.49,5.52,5.55,5.61,5.61,5.62,5.62,5.60,5.61,5.59,5.60,5.60,5.55,5.59,5.57,5.56,5.59,5.60,5.59,5.58,5.58,5.62,6.30,6.65,6.34,4.44,2.71,1.85,1.55,1.54,1.54,1.53,1.53,1.53,1.54,1.52,1.53,1.64,1.87,2.56,2.68,2.75,2.74,2.73,2.78,2.82,2.90,3.03,2.91,2.55,2.58,2.94,3.13,3.23,3.17,3.04,3.01,3.10,3.17,3.22,3.23,3.19,3.10,3.08,3.17,3.33,3.81,4.19,4.35,4.25,4.25,4.25,4.28,4.32,4.33,4.33,4.34,4.34,4.36,4.38,4.40,4.43,4.47,4.47,4.46,4.46,4.47,4.48,4.48,4.47,4.46,4.46,4.47,4.51,4.52,4.50,4.52,4.52,4.47,4.42,4.41,4.44,4.44,4.44,4.44,4.44,4.47,4.49,4.48,4.48,4.50,4.50,4.48,4.46,4.45,4.42,4.39,4.38,4.35,4.43,4.54,4.61,4.62,4.57,3.82,2.65,1.56,2.84,4.32,4.91,4.24,2.40,1.82,1.37,0.86,0.20,0.11,0.09,0.09,0.09,0.09,0.09,0.09,0.09,0.09,0.12,0.15,0.18,0.21,0.26,0.32,0.38,0.43,0.48,0.53,0.58,0.62,0.64,0.69,0.73,0.79,0.94,1.82,3.87,5.02,5.19,5.29,5.17,5.22,5.31,5.33,5.33,5.37,5.39,5.38,5.34,5.33,5.37,5.44,5.47,5.49,5.53,5.48,5.34,5.31,5.27,5.25,5.25,5.33,5.28,5.22,5.18,5.15,5.12,5.06,4.95,4.83,4.90,4.87,4.87,4.93,5.05,5.07,5.08,5.09,5.11,5.12,5.13,5.15,5.17,5.19,5.22,5.20,5.18,5.20,5.22,5.22,5.22,5.21,5.22,5.20,5.17,5.16,5.18,5.17,5.15,5.13
7.46,7.35,7.25,7.14,7.03,6.92,6.84,7.83,8.47,8.75,2.91,2.89,2.90,3.54,4.71,5.16,5.19,5.20,5.20,5.17,5.16,5.24,5.29,5.25,5.26,5.23,5.18,5.15,5.22,5.32,5.32,5.34,5.45,5.46,5.47,5.46,5.43,5.45,5.43,5.46,5.49,5.42,5.51,5.50,5.48,5.51,5.53,5.54,5.53,5.56,5.74,6.52,7.18,7.56,4.80,2.82,1.88,1.55,1.55,1.54,1.53,1.53,1.54,1.53,1.52,1.53,1.53,1.52,1.54,1.55,1.55,1.54,1.58,1.58,1.58,1.56,1.52,1.56,1.73,2.08,2.76,3.08,3.28,3.27,3.11,2.94,3.03,3.11,3.17,3.20,3.18,3.08,2.98,2.98,3.24,4.03,4.39,4.41,4.32,4.29,4.29,4.32,4.37,4.38,4.38,4.36,4.36,4.39,4.41,4.41,4.44,4.49,4.47,4.42,4.42,4.48,4.47,4.47,4.45,4.44,4.46,4.47,4.50,4.51,4.49,4.50,4.52,4.49,4.44,4.45,4.49,4.49,4.48,4.47,4.47,4.48,4.50,4.51,4.51,4.50,4.49,4.49,4.50,4.51,4.46,4.41,4.38,4.39,4.36,4.48,4.65,4.64,4.83,5.08,4.72,3.48,4.62,5.15,5.30,5.25,5.23,4.30,3.94,2.09,0.56,0.36,0.31,0.30,0.27,0.14,0.10,0.09,0.09,0.09,0.13,0.17,0.20,0.24,0.29,0.35,0.41,0.46,0.51,0.56,0.60,0.63,0.66,0.71,0.74,0.81,0.93,1.03,1.05,1.06,1.36,2.59,4.71,4.99,5.27,5.31,5.32,5.36,5.33,5.25,5.30,5.32,5.37,5.44,5.48,5.46,5.47,5.44,5.34,5.30,5.27,5.24,5.23,5.32,5.24,5.18,5.14,5.11,5.03,5.00,4.94,4.84,4.88,4.83,4.85,4.94,5.04,5.07,5.09,5.09,5.10,5.12,5.13,5.16,5.19,5.21,5.20,5.19,5.19,5.20,5.24,5.23,5.21,5.20,5.23,5.20,5.17,5.16,5.19,5.16,5.14,5.12
7.44,7.33,7.20,7.06,6.94,6.83,6.73,7.29,7.43,7.36,2.93,2.89,2.89,3.36,4.30,5.14,5.21,5.22,5.24,5.25,5.24,5.33,5.42,5.47,5.51,5.46,5.35,5.24,5.28,5.37,5.31,5.24,5.31,5.35,5.34,5.30,5.28,5.29,5.41,5.48,5.52,5.58,5.55,5.51,5.54,5.65,5.53,5.51,5.58,5.69,5.75,6.40,6.99,7.35,5.25,2.99,1.91,1.54,1.54,1.54,1.53,1.53,1.53,1.53,1.53,1.54,1.54,1.53,1.53,1.55,1.55,1.53,1.55,1.54,1.55,1.55,1.53,1.53,1.57,1.70,1.93,2.04,2.10,2.12,2.32,3.06,2.99,3.02,3.09,3.15,3.13,3.06,2.99,2.99,3.16,3.82,4.22,4.37,4.35,4.34,4.32,4.33,4.37,4.41,4.41,4.41,4.42,4.44,4.44,4.44,4.46,4.52,4.50,4.43,4.40,4.42,4.44,4.44,4.44,4.43,4.43,4.43,4.44,4.46,4.48,4.46,4.47,4.46,4.45,4.46,4.47,4.46,4.46,4.46,4.48,4.50,4.49,4.48,4.47,4.48,4.48,4.48,4.53,4.47,4.44,4.44,4.43,4.43,4.38,4.41,4.52,4.68,4.72,4.81,4.69,4.26,4.63,4.99,5.17,5.16,5.11,4.82,4.89,5.23,5.29,5.41,5.46,5.48,2.97,0.99,0.29,0.09,0.09,0.09,0.13,0.18,0.23,0.27,0.32,0.38,0.44,0.49,0.54,0.60,0.61,0.62,0.66,0.72,0.74,0.82,0.98,1.12,1.11,1.09,1.19,1.58,2.04,2.31,2.38,2.27,2.22,2.26,2.71,3.61,4.75,5.15,5.30,5.35,5.38,5.37,5.39,5.39,5.34,5.31,5.32,5.31,5.27,5.28,5.22,5.16,5.12,5.12,5.12,5.00,4.89,4.85,4.86,4.80,4.83,4.94,5.05,5.10,5.12,5.11,5.11,5.11,5.15,5.19,5.21,5.21,5.20,5.19,5.19,5.21,5.25,5.23,5.20,5.20,5.23,5.20,5.18,5.17,5.18,5.15,5.13,5.12
7.21,7.14,6.85,6.72,6.58,6.48,6.62,6.50,6.04,5.64,2.95,2.90,2.90,3.18,3.89,5.14,5.23,5.24,5.29,5.33,5.33,5.47,5.61,5.68,5.75,5.71,5.58,5.44,5.46,5.50,5.39,5.29,5.33,5.35,5.34,5.31,5.25,5.23,5.36,5.43,5.49,5.68,5.50,5.43,5.52,5.72,5.54,5.47,5.52,5.64,5.66,6.36,6.97,7.31,4.89,2.74,1.82,1.53,1.53,1.54,1.53,1.53,1.54,1.53,1.54,1.54,1.53,1.53,1.53,1.55,1.55,1.53,1.53,1.52,1.53,1.54,1.53,1.52,1.52,1.52,1.52,1.52,1.51,1.54,1.91,3.13,2.97,2.96,3.04,3.11,3.11,3.06,3.01,2.97,3.05,3.51,3.91,4.18,4.31,4.34,4.34,4.34,4.38,4.45,4.43,4.44,4.46,4.48,4.47,4.47,4.48,4.53,4.54,4.43,4.37,4.38,4.40,4.40,4.39,4.39,4.40,4.40,4.40,4.42,4.45,4.43,4.42,4.43,4.44,4.45,4.44,4.44,4.44,4.46,4.47,4.48,4.48,4.46,4.44,4.45,4.44,4.46,4.51,4.44,4.43,4.44,4.44,4.44,4.39,4.38,4.43,4.61,4.62,4.65,4.67,4.66,4.64,4.84,5.00,5.05,5.07,5.04,5.09,5.17,5.25,5.34,5.39,5.38,4.64,2.60,1.87,1.64,1.43,0.61,0.27,0.19,0.25,0.30,0.35,0.41,0.47,0.52,0.57,0.63,0.63,0.62,0.67,0.73,0.75,0.85,1.07,1.21,1.16,1.12,1.10,1.08,1.00,1.01,0.97,0.78,0.72,0.70,1.13,2.74,4.46,5.06,5.27,5.30,5.32,5.32,4.74,4.64,5.18,5.32,5.34,5.15,4.93,5.21,5.18,5.11,5.08,5.10,5.13,4.98,4.88,4.89,4.88,4.80,4.83,4.94,5.05,5.11,5.13,5.13,5.12,5.12,5.17,5.20,5.22,5.21,5.20,5.20,5.20,5.21,5.25,5.22,5.20,5.20,5.24,5.20,5.18,5.17,5.18,5.14,5.13,5.13
6.75,6.78,6.13,6.08,5.93,5.85,6.50,5.44,4.28,3.53,2.96,2.92,2.91,3.01,3.50,5.17,5.25,5.26,5.35,5.42,5.43,5.65,5.85,5.91,5.99,5.98,5.87,5.74,5.79,5.74,5.59,5.48,5.52,5.47,5.52,5.49,5.35,5.26,5.28,5.30,5.39,5.70,5.36,5.25,5.40,5.70,5.55,5.42,5.36,5.39,5.45,6.41,7.12,7.47,3.61,2.01,1.57,1.53,1.54,1.53,1.54,1.54,1.55,1.54,1.53,1.53,1.52,1.52,1.53,1.54,1.53,1.52,1.52,1.52,1.53,1.54,1.52,1.53,1.52,1.52,1.53,1.51,1.52,1.52,1.87,3.12,2.95,2.94,3.00,3.07,3.12,3.10,3.03,2.94,2.89,3.10,3.44,3.84,4.17,4.28,4.33,4.36,4.40,4.50,4.45,4.43,4.46,4.49,4.52,4.50,4.49,4.52,4.58,4.44,4.35,4.34,4.35,4.34,4.33,4.34,4.37,4.37,4.36,4.37,4.40,4.41,4.38,4.39,4.42,4.40,4.41,4.40,4.41,4.44,4.43,4.43,4.45,4.46,4.41,4.40,4.40,4.41,4.46,4.42,4.42,4.42,4.41,4.41,4.41,4.40,4.39,4.41,4.55,4.63,4.65,4.64,4.66,4.71,4.80,4.93,5.11,4.93,4.93,5.06,5.15,5.20,5.23,5.23,5.24,5.37,5.38,5.34,4.62,1.86,0.55,0.21,0.27,0.32,0.38,0.44,0.50,0.56,0.61,0.66,0.66,0.64,0.70,0.72,0.75,0.90,1.21,1.30,1.22,1.12,1.07,1.13,1.04,1.07,1.05,0.81,0.78,0.63,0.60,0.71,0.77,0.77,0.79,0.83,0.89,0.98,2.49,3.09,4.82,5.32,5.33,4.73,4.16,5.10,5.11,5.03,5.00,5.06,5.05,4.96,4.92,4.96,4.95,4.85,4.86,4.96,5.02,5.10,5.13,5.14,5.16,5.17,5.17,5.19,5.21,5.21,5.20,5.20,5.20,5.21,5.25,5.22,5.20,5.22,5.25,5.21,5.17,5.16,5.17,5.14,5.14,5.15
5.39,4.99,4.72,4.70,4.71,5.03,6.43,5.72,4.24,3.21,3.88,3.77,3.32,3.57,4.26,5.28,5.31,5.33,5.42,5.52,5.56,5.75,5.93,6.01,6.03,5.99,5.87,5.74,5.77,5.72,5.61,5.52,5.52,5.47,5.50,5.49,5.38,5.34,5.32,5.29,5.29,5.44,5.35,5.37,5.50,5.68,5.61,5.44,5.35,5.40,5.60,6.55,6.88,6.85,3.98,2.27,1.67,1.54,1.54,1.53,1.54,1.55,1.55,1.54,1.54,1.54,1.54,1.54,1.55,1.54,1.53,1.52,1.53,1.53,1.53,1.53,1.52,1.52,1.52,1.52,1.53,1.52,1.52,1.52,1.75,2.56,2.99,2.95,2.96,3.03,3.13,3.10,3.03,2.94,2.85,3.01,3.29,3.64,4.01,4.26,4.35,4.36,4.36,4.43,4.41,4.40,4.40,4.40,4.44,4.43,4.41,4.41,4.44,4.37,4.31,4.30,4.31,4.30,4.29,4.28,4.28,4.31,4.29,4.28,4.30,4.36,4.32,4.33,4.36,4.35,4.34,4.34,4.37,4.41,4.39,4.39,4.41,4.43,4.39,4.41,4.41,4.41,4.44,4.42,4.42,4.42,4.42,4.40,4.39,4.38,4.38,4.39,4.46,4.53,4.59,4.63,4.69,4.66,4.68,4.79,4.93,4.86,4.86,4.93,5.03,5.08,5.12,5.14,5.13,5.19,5.20,5.22,4.87,3.33,3.06,2.72,2.12,1.12,0.48,0.48,0.53,0.59,0.64,0.70,0.69,0.67,0.71,0.70,0.81,1.08,1.44,1.38,1.26,1.17,1.13,1.18,1.09,1.14,1.11,0.83,0.82,0.62,0.52,0.59,0.56,0.48,0.43,0.41,0.40,0.38,0.73,1.40,2.24,2.48,2.48,2.19,1.92,2.38,2.77,2.99,3.74,4.08,4.17,4.69,5.06,5.09,5.06,4.97,5.02,5.12,5.05,5.09,5.12,5.14,5.16,5.17,5.17,5.22,5.28,5.21,5.20,5.21,5.22,5.22,5.25,5.22,5.21,5.26,5.26,5.22,5.17,5.15,5.16,5.16,5.16,5.14
3.80,3.57,3.60,3.61,3.71,4.31,6.24,6.05,4.69,3.65,4.19,4.11,3.73,4.03,5.01,5.37,5.38,5.41,5.48,5.58,5.64,5.82,5.99,6.08,6.05,5.97,5.84,5.71,5.71,5.69,5.64,5.58,5.55,5.49,5.50,5.48,5.42,5.42,5.39,5.32,5.24,5.22,5.34,5.45,5.55,5.62,5.65,5.47,5.36,5.43,5.72,6.60,6.61,6.30,4.38,2.60,1.82,1.56,1.53,1.53,1.54,1.55,1.55,1.54,1.54,1.54,1.55,1.55,1.55,1.54,1.52,1.52,1.53,1.53,1.53,1.53,1.52,1.52,1.52,1.52,1.53,1.52,1.52,1.52,1.63,2.02,3.03,2.95,2.91,2.99,3.12,3.10,3.03,2.94,2.84,2.97,3.22,3.56,4.00,4.29,4.39,4.38,4.34,4.38,4.40,4.40,4.37,4.32,4.37,4.38,4.35,4.33,4.33,4.32,4.30,4.29,4.29,4.29,4.27,4.25,4.23,4.28,4.26,4.24,4.26,4.33,4.30,4.30,4.32,4.32,4.30,4.30,4.33,4.37,4.36,4.36,4.37,4.38,4.34,4.38,4.40,4.39,4.41,4.41,4.42,4.43,4.42,4.39,4.38,4.38,4.38,4.40,4.38,4.44,4.52,4.59,4.68,4.62,4.60,4.68,4.76,4.80,4.80,4.82,4.90,4.97,5.02,5.02,5.00,5.01,5.05,5.11,5.04,4.57,3.59,3.06,2.52,1.61,1.05,0.94,0.94,0.90,0.70,0.71,0.70,0.68,0.72,0.67,0.87,1.23,1.62,1.45,1.30,1.21,1.19,1.24,1.15,1.20,1.17,0.86,0.87,0.61,0.51,0.65,0.72,0.57,0.44,0.36,0.28,0.19,0.16,0.17,0.17,0.15,0.15,0.16,0.18,0.16,0.16,1.33,2.71,3.27,3.46,4.48,5.17,5.05,4.33,4.42,4.69,4.87,4.69,5.02,5.13,5.14,5.16,5.17,5.16,5.23,5.34,5.22,5.20,5.23,5.25,5.23,5.25,5.21,5.22,5.29,5.27,5.22,5.18,5.16,5.16,5.18,5.18,5.12
3.64,3.58,3.46,3.47,3.49,3.91,5.71,6.02,5.75,5.35,5.29,5.35,5.21,5.20,5.38,5.41,5.44,5.48,5.51,5.53,5.56,5.83,6.07,6.11,6.08,5.96,5.83,5.72,5.67,5.75,5.75,5.72,5.73,5.64,5.59,5.54,5.48,5.51,5.47,5.40,5.30,5.18,5.26,5.31,5.38,5.47,5.62,5.49,5.39,5.43,5.62,6.39,6.46,6.23,4.29,2.77,1.98,1.62,1.50,1.53,1.54,1.54,1.54,1.54,1.53,1.53,1.54,1.53,1.53,1.54,1.54,1.53,1.54,1.53,1.52,1.53,1.54,1.52,1.52,1.52,1.52,1.52,1.53,1.52,1.55,1.64,3.05,2.93,2.87,2.96,3.05,3.06,3.01,2.93,2.84,2.94,3.22,3.71,4.39,4.42,4.46,4.47,4.43,4.46,4.48,4.49,4.46,4.34,4.38,4.38,4.37,4.37,4.35,4.37,4.39,4.38,4.35,4.34,4.32,4.31,4.31,4.32,4.34,4.35,4.37,4.38,4.38,4.36,4.35,4.35,4.36,4.34,4.32,4.32,4.35,4.35,4.33,4.30,4.22,4.28,4.31,4.32,4.33,4.35,4.40,4.42,4.39,4.36,4.39,4.40,4.38,4.38,4.37,4.40,4.44,4.47,4.57,4.56,4.58,4.64,4.70,4.73,4.72,4.74,4.81,4.87,4.89,4.88,4.86,4.89,5.01,5.04,4.93,4.72,4.44,4.28,3.94,3.25,3.19,2.99,2.72,2.22,0.87,0.69,0.66,0.67,0.74,0.65,0.90,1.28,1.60,1.49,1.33,1.22,1.21,1.31,1.19,1.24,1.21,0.92,0.95,0.62,0.48,0.71,0.99,0.69,0.46,0.31,0.18,0.16,0.16,0.16,0.17,0.15,0.15,0.16,0.17,0.15,0.16,0.40,0.66,0.73,0.78,1.00,1.14,1.14,1.21,2.16,3.07,3.54,3.36,4.76,5.17,5.16,5.17,5.18,5.13,5.21,5.34,5.23,5.21,5.26,5.29,5.24,5.26,5.21,5.22,5.31,5.27,5.23,5.21,5.20,5.17,5.21,5.16,5.06
3.52,3.50,3.40,3.36,3.34,3.64,5.02,5.89,6.10,5.91,5.73,5.75,5.67,5.60,5.56,5.59,5.54,5.53,5.57,5.62,5.65,5.89,6.07,6.06,6.02,5.92,5.83,5.77,5.73,5.77,5.81,5.83,5.80,5.75,5.73,5.69,5.63,5.57,5.53,5.48,5.41,5.29,5.27,5.28,5.31,5.36,5.55,5.48,5.41,5.43,5.55,6.20,6.31,5.90,4.23,3.06,2.44,2.10,1.93,1.88,1.80,1.67,1.55,1.54,1.53,1.53,1.53,1.52,1.54,1.54,1.54,1.53,1.53,1.54,1.54,1.54,1.54,1.53,1.52,1.52,1.52,1.53,1.54,1.53,1.52,1.52,3.08,2.92,2.84,2.95,3.01,3.05,3.03,2.94,2.86,2.89,3.17,3.71,4.50,4.45,4.46,4.48,4.48,4.46,4.45,4.45,4.41,4.27,4.26,4.21,4.23,4.39,4.35,4.38,4.41,4.40,4.36,4.35,4.32,4.29,4.30,4.29,4.15,4.05,4.05,4.05,4.11,4.19,4.29,4.40,4.42,4.41,4.37,4.34,4.37,4.37,4.35,4.33,4.27,4.30,4.31,4.31,4.31,4.33,4.36,4.38,4.35,4.33,4.35,4.35,4.34,4.33,4.33,4.34,4.35,4.36,4.38,4.42,4.47,4.55,4.63,4.63,4.64,4.67,4.73,4.76,4.79,4.79,4.77,4.83,4.89,4.88,4.80,4.71,4.69,4.64,4.46,4.10,3.83,3.66,3.49,3.21,2.48,2.38,2.18,1.71,0.92,0.71,0.92,1.31,1.64,1.47,1.33,1.25,1.24,1.35,1.25,1.27,1.25,1.04,0.98,0.70,0.58,0.76,1.19,0.80,0.47,0.28,0.15,0.15,0.15,0.16,0.16,0.14,0.14,0.16,0.17,0.14,0.16,0.17,0.16,0.12,0.14,0.15,0.16,0.16,0.16,1.45,2.56,3.12,2.95,4.67,5.18,4.20,3.09,3.88,4.54,5.04,5.32,5.24,5.20,5.25,5.30,5.25,5.27,5.22,5.23,5.32,5.32,5.31,5.27,5.23,5.23,5.17,5.10,5.00
3.38,3.37,3.36,3.27,3.23,3.45,4.33,5.71,6.12,5.99,5.88,5.79,5.71,5.65,5.67,5.82,5.65,5.58,5.63,5.76,5.80,5.95,6.04,5.99,5.93,5.86,5.83,5.82,5.82,5.78,5.85,5.91,5.81,5.83,5.87,5.86,5.79,5.61,5.57,5.56,5.53,5.45,5.33,5.30,5.29,5.27,5.45,5.45,5.43,5.44,5.51,6.02,6.16,5.61,4.28,3.43,3.03,2.78,2.57,2.40,2.21,1.89,1.59,1.56,1.57,1.56,1.55,1.55,1.60,1.57,1.54,1.53,1.52,1.55,1.56,1.55,1.53,1.53,1.53,1.53,1.52,1.54,1.55,1.54,1.53,1.52,3.10,2.92,2.81,2.93,2.99,3.06,3.05,2.95,2.87,2.85,3.09,3.65,4.47,4.44,4.44,4.47,4.48,4.43,4.38,4.35,4.30,4.18,4.10,3.96,3.94,4.14,4.30,4.37,4.40,4.40,4.36,4.34,4.28,4.24,4.25,4.23,3.88,3.62,3.60,3.60,3.70,3.89,4.15,4.43,4.47,4.47,4.45,4.39,4.41,4.40,4.40,4.40,4.39,4.38,4.35,4.33,4.32,4.32,4.32,4.32,4.31,4.31,4.30,4.30,4.30,4.28,4.28,4.29,4.28,4.26,4.20,4.26,4.35,4.43,4.54,4.53,4.56,4.62,4.67,4.66,4.70,4.72,4.71,4.78,4.74,4.69,4.66,4.63,4.66,4.61,4.56,4.57,4.56,4.53,4.51,4.52,4.58,4.60,4.19,3.16,1.35,1.01,1.14,1.52,1.86,1.53,1.35,1.27,1.28,1.37,1.31,1.31,1.29,1.19,0.99,0.83,0.77,0.88,1.35,0.90,0.49,0.25,0.14,0.14,0.15,0.15,0.15,0.14,0.14,0.15,0.16,0.14,0.16,0.17,0.15,0.11,0.14,0.15,0.16,0.16,0.16,0.16,0.15,0.15,0.18,0.17,0.16,0.15,0.35,2.17,3.78,4.84,5.30,5.23,5.19,5.24,5.21,4.97,5.17,5.21,5.25,5.35,5.40,5.41,5.33,5.24,5.29,5.10,5.02,4.95
3.24,3.23,3.22,3.18,3.20,3.56,4.38,5.45,6.10,6.33,6.21,6.03,5.92,5.89,5.91,5.98,5.75,5.65,5.70,5.85,5.91,5.98,6.01,5.96,5.86,5.85,5.86,5.87,5.83,5.76,5.79,5.81,5.75,5.75,5.76,5.76,5.74,5.64,5.63,5.63,5.61,5.58,5.42,5.32,5.27,5.27,5.34,5.42,5.45,5.46,5.58,5.88,6.01,5.66,4.64,4.26,4.01,3.84,3.64,3.48,3.17,2.55,1.95,1.80,1.76,1.77,1.81,1.84,1.94,1.85,1.68,1.52,1.53,1.54,1.54,1.54,1.52,1.52,1.52,1.52,1.52,1.53,1.54,1.53,1.52,1.52,2.98,2.90,2.85,2.89,2.95,3.05,3.05,2.95,2.86,2.78,2.95,3.48,4.37,4.41,4.45,4.45,4.40,4.32,4.29,4.25,4.19,4.10,3.97,3.81,2.95,1.44,3.83,4.35,4.37,4.38,4.34,4.25,4.19,4.17,4.16,4.13,4.00,3.80,3.60,3.60,3.52,3.47,3.60,4.16,4.34,4.42,4.43,4.42,4.48,4.50,4.50,4.48,4.43,4.42,4.38,4.31,4.23,4.24,4.24,4.25,4.31,4.37,4.42,4.45,4.43,4.35,4.35,4.36,4.35,4.33,4.31,4.33,4.36,4.39,4.44,4.41,4.46,4.56,4.62,4.59,4.57,4.56,4.57,4.63,4.64,4.63,4.60,4.59,4.55,4.48,4.45,4.52,4.47,4.51,4.52,4.47,4.50,4.52,4.38,4.02,3.41,4.13,4.43,4.46,4.35,3.21,1.90,1.28,1.29,1.30,1.46,1.42,1.31,1.27,0.95,1.06,1.33,1.57,1.47,0.94,0.50,0.23,0.14,0.14,0.14,0.14,0.14,0.14,0.14,0.15,0.16,0.15,0.16,0.17,0.16,0.12,0.14,0.15,0.16,0.16,0.16,0.16,0.15,0.15,0.18,0.17,0.16,0.14,0.19,0.79,1.29,1.61,1.75,1.73,1.73,1.75,1.81,2.02,4.16,4.96,5.29,5.52,5.66,5.44,5.28,5.20,5.10,5.04,5.05,4.97
3.19,3.20,3.27,3.35,3.47,3.78,4.52,5.40,6.16,6.52,6.30,6.11,6.02,5.98,5.97,5.99,5.79,5.70,5.75,5.92,5.98,6.00,5.98,5.93,5.85,5.88,5.91,5.90,5.83,5.77,5.76,5.77,5.73,5.71,5.71,5.71,5.72,5.66,5.68,5.67,5.67,5.71,5.52,5.40,5.32,5.29,5.28,5.38,5.43,5.45,5.58,5.70,5.79,5.64,5.06,4.58,4.35,4.19,4.00,3.84,3.47,2.90,2.47,2.34,2.25,2.27,2.33,2.38,2.61,2.68,2.40,1.96,1.94,1.67,1.55,1.53,1.53,1.52,1.52,1.52,1.52,1.53,1.53,1.53,1.52,1.52,2.92,2.93,2.91,2.87,2.93,3.02,3.03,2.95,2.87,2.77,2.88,3.33,4.15,4.37,4.43,4.39,4.30,4.22,4.19,4.15,4.08,4.00,3.87,3.70,2.53,0.38,3.63,4.28,4.29,4.30,4.24,4.15,4.11,4.09,4.07,4.04,4.02,3.89,3.66,3.61,3.28,2.99,3.07,3.99,4.25,4.38,4.44,4.45,4.50,4.52,4.52,4.50,4.45,4.42,4.36,4.26,4.13,4.15,4.13,4.15,4.25,4.36,4.46,4.51,4.50,4.39,4.36,4.36,4.34,4.30,4.33,4.34,4.35,4.37,4.37,4.33,4.39,4.50,4.57,4.52,4.48,4.48,4.49,4.53,4.53,4.54,4.54,4.55,4.46,4.39,4.37,4.44,4.40,4.46,4.47,4.41,4.42,4.45,4.44,4.43,4.45,4.43,4.41,4.41,4.35,3.57,2.66,2.61,2.25,2.23,2.44,2.42,2.16,1.71,0.96,1.22,1.69,1.92,1.52,0.98,0.50,0.19,0.14,0.14,0.14,0.14,0.14,0.14,0.14,0.15,0.15,0.15,0.16,0.17,0.16,0.13,0.15,0.16,0.16,0.16,0.16,0.15,0.15,0.15,0.18,0.17,0.15,0.13,0.12,0.16,0.16,0.15,0.14,0.15,0.15,0.15,0.20,0.55,3.65,4.84,5.30,5.61,5.79,4.20,3.89,4.32,4.88,4.98,5.01,4.93
3.20,3.26,3.50,3.76,4.03,4.34,4.76,5.58,6.29,6.55,6.15,6.02,5.98,5.93,5.85,5.84,5.76,5.73,5.79,5.95,6.00,6.01,5.97,5.90,5.89,5.93,5.96,5.93,5.84,5.78,5.78,5.79,5.76,5.72,5.72,5.73,5.73,5.70,5.70,5.70,5.72,5.82,5.63,5.53,5.44,5.33,5.27,5.31,5.35,5.40,5.50,5.50,5.52,5.54,5.54,5.21,5.03,4.88,4.71,4.55,4.08,3.61,3.28,3.25,3.11,3.12,3.18,3.24,3.69,4.05,3.70,2.84,2.74,1.96,1.59,1.53,1.54,1.52,1.53,1.54,1.54,1.53,1.54,1.53,1.51,1.53,1.68,3.03,2.99,2.87,2.91,2.96,2.98,2.96,2.89,2.81,2.88,3.21,3.84,4.32,4.37,4.28,4.20,4.11,4.09,4.05,3.97,3.88,3.80,3.64,2.68,0.96,3.70,4.17,4.14,4.16,4.08,4.05,4.03,4.00,3.98,3.95,3.93,3.87,3.78,3.62,2.98,2.45,2.55,3.92,4.19,4.36,4.45,4.49,4.48,4.48,4.47,4.46,4.46,4.39,4.31,4.19,4.03,4.05,3.99,4.00,4.14,4.28,4.41,4.50,4.50,4.40,4.31,4.29,4.26,4.18,4.26,4.28,4.31,4.36,4.32,4.30,4.35,4.43,4.50,4.44,4.44,4.46,4.46,4.46,4.42,4.43,4.47,4.50,4.42,4.34,4.30,4.33,4.34,4.37,4.35,4.31,4.33,4.38,4.38,4.40,4.50,4.45,4.36,4.31,4.35,4.28,4.18,4.21,4.33,4.33,4.40,4.46,3.99,2.66,1.01,1.33,1.86,1.93,1.52,1.00,0.48,0.14,0.13,0.13,0.13,0.13,0.13,0.13,0.14,0.14,0.14,0.15,0.16,0.17,0.16,0.14,0.15,0.16,0.16,0.16,0.16,0.15,0.15,0.15,0.17,0.16,0.15,0.13,0.12,0.15,0.15,0.15,0.15,0.17,0.14,0.14,0.15,0.19,0.35,0.40,0.44,0.48,0.46,0.59,1.15,2.60,4.60,4.90,4.92,4.83
3.63,3.82,4.09,4.37,4.64,4.87,5.00,5.68,6.32,6.80,7.00,6.51,6.29,6.10,5.87,5.83,5.76,5.75,5.82,5.96,5.99,5.98,5.95,5.91,5.91,5.94,5.95,5.92,5.83,5.77,5.78,5.80,5.80,5.77,5.74,5.73,5.74,5.72,5.72,5.70,5.72,5.85,5.68,5.64,5.60,5.50,5.28,5.27,5.31,5.35,5.43,5.45,5.48,5.50,5.51,5.34,5.22,5.15,5.13,5.06,4.81,4.54,4.29,4.12,3.91,3.86,3.87,3.92,4.53,5.75,6.71,6.43,4.97,3.62,2.36,1.58,1.53,1.53,1.53,1.54,1.54,1.53,1.53,1.53,1.52,1.52,1.57,3.07,3.00,2.85,2.92,2.96,3.00,3.00,2.92,2.84,2.87,3.11,3.67,4.31,4.33,4.18,4.10,4.01,3.98,3.93,3.85,3.77,3.69,3.57,2.85,1.55,3.75,4.08,4.01,4.02,3.98,3.97,3.94,3.91,3.88,3.86,3.84,3.80,3.74,3.62,2.55,1.81,2.04,3.92,4.19,4.35,4.43,4.44,4.43,4.42,4.41,4.41,4.41,4.35,4.27,4.16,4.00,4.01,3.96,3.96,4.09,4.23,4.37,4.45,4.46,4.40,4.30,4.24,4.19,4.14,4.09,4.12,4.21,4.32,4.25,4.26,4.30,4.37,4.44,4.38,4.38,4.41,4.44,4.38,4.36,4.39,4.45,4.47,4.46,4.43,4.39,4.34,4.33,4.34,4.34,4.33,4.31,4.33,4.34,4.36,4.41,4.39,4.34,4.30,4.32,4.33,4.29,4.28,4.30,4.31,4.31,4.35,4.17,3.64,4.17,4.36,4.36,4.41,4.46,4.50,3.73,2.35,0.80,0.27,0.12,0.12,0.13,0.13,0.13,0.14,0.14,0.15,0.16,0.16,0.16,0.14,0.15,0.16,0.16,0.16,0.16,0.15,0.15,0.16,0.16,0.16,0.14,0.14,0.14,0.14,0.15,0.15,0.15,0.16,0.14,0.13,0.15,0.16,0.15,0.15,0.15,0.16,0.14,0.14,0.47,1.13,2.04,2.18,3.32,3.34
3.99,4.25,4.52,4.79,5.05,5.23,5.17,5.71,6.20,6.81,7.54,6.93,6.63,6.38,6.12,5.94,5.83,5.81,5.87,5.99,5.97,5.95,5.93,5.91,5.91,5.93,5.93,5.90,5.82,5.76,5.77,5.81,5.83,5.82,5.77,5.74,5.75,5.75,5.74,5.71,5.72,5.88,5.74,5.72,5.72,5.64,5.35,5.28,5.28,5.31,5.35,5.40,5.44,5.46,5.45,5.39,5.31,5.31,5.40,5.41,5.33,5.22,5.07,4.88,4.67,4.61,4.61,4.66,5.35,6.36,6.75,6.60,6.74,5.36,3.28,1.65,1.53,1.54,1.54,1.53,1.54,1.53,1.53,1.53,1.53,1.52,1.52,3.11,3.03,2.85,2.92,2.97,3.01,3.03,2.94,2.87,2.85,3.02,3.49,4.28,4.28,4.09,3.99,3.91,3.88,3.82,3.74,3.66,3.59,3.51,3.01,2.14,3.73,3.94,3.87,3.87,3.87,3.86,3.84,3.82,3.79,3.77,3.75,3.73,3.70,3.61,2.05,1.21,1.74,3.93,4.19,4.33,4.39,4.38,4.37,4.37,4.36,4.35,4.35,4.30,4.22,4.12,3.98,3.99,3.94,3.94,4.05,4.19,4.32,4.40,4.42,4.38,4.29,4.20,4.14,4.10,3.97,4.01,4.14,4.26,4.17,4.21,4.26,4.32,4.38,4.31,4.31,4.35,4.41,4.31,4.32,4.38,4.44,4.45,4.49,4.49,4.44,4.35,4.32,4.33,4.35,4.36,4.31,4.32,4.33,4.35,4.36,4.36,4.33,4.29,4.28,4.29,4.26,4.25,4.27,4.27,4.24,4.26,4.31,4.36,4.36,4.34,4.35,4.40,4.44,4.47,3.86,2.75,1.52,1.10,1.00,1.29,0.97,0.97,0.74,0.49,0.32,0.26,0.19,0.16,0.16,0.14,0.16,0.16,0.16,0.16,0.16,0.15,0.16,0.16,0.16,0.15,0.14,0.14,0.16,0.14,0.15,0.15,0.15,0.16,0.13,0.13,0.15,0.16,0.16,0.16,0.16,0.15,0.15,0.14,0.14,0.14,0.13,0.14,1.07,2.22
4.09,4.29,4.50,4.76,5.03,5.26,5.35,5.59,5.79,6.29,7.18,7.10,6.93,6.88,6.86,6.29,6.06,5.95,5.94,6.04,5.93,5.91,5.91,5.89,5.88,5.92,5.91,5.85,5.81,5.74,5.75,5.81,5.85,5.84,5.78,5.74,5.75,5.77,5.75,5.72,5.74,5.94,5.81,5.78,5.76,5.68,5.56,5.40,5.30,5.28,5.25,5.29,5.34,5.39,5.44,5.39,5.31,5.31,5.41,5.43,5.36,5.32,5.28,5.20,5.16,5.20,5.27,5.38,5.92,6.51,6.89,7.06,7.33,7.39,7.41,1.75,1.51,1.54,1.54,1.53,1.54,1.53,1.54,1.55,1.54,1.53,1.53,3.16,3.08,2.90,2.92,2.95,3.00,3.04,2.94,2.89,2.84,2.90,3.25,4.19,4.23,4.02,3.89,3.82,3.77,3.70,3.62,3.54,3.50,3.44,3.17,2.71,3.60,3.73,3.71,3.72,3.72,3.73,3.72,3.71,3.70,3.71,3.70,3.68,3.66,3.62,1.46,0.77,1.86,3.97,4.17,4.27,4.32,4.33,4.32,4.31,4.30,4.30,4.30,4.25,4.18,4.10,3.97,3.97,3.92,3.91,4.01,4.15,4.28,4.35,4.36,4.33,4.28,4.20,4.11,4.05,3.97,4.04,4.14,4.20,4.08,4.15,4.22,4.28,4.30,4.24,4.23,4.28,4.36,4.25,4.31,4.39,4.45,4.48,4.50,4.46,4.40,4.36,4.33,4.34,4.36,4.38,4.34,4.35,4.37,4.39,4.45,4.42,4.32,4.25,4.25,4.22,4.21,4.23,4.25,4.21,4.23,4.24,4.28,4.37,4.30,4.30,4.32,4.35,4.38,4.40,4.28,4.05,3.81,3.75,3.79,3.99,4.38,4.41,3.21,1.94,1.03,0.71,0.30,0.16,0.16,0.16,0.16,0.16,0.16,0.16,0.16,0.16,0.16,0.17,0.16,0.15,0.14,0.14,0.15,0.14,0.15,0.15,0.16,0.15,0.12,0.13,0.15,0.17,0.15,0.15,0.15,0.15,0.16,0.12,0.12,0.14,0.14,0.14,0.22,0.50
4.04,4.26,4.50,4.78,5.01,5.21,5.40,5.55,5.67,6.15,7.07,7.14,6.47,6.44,6.77,6.41,6.16,6.06,6.07,6.09,6.06,6.02,5.98,5.93,5.92,5.91,5.89,5.84,5.81,5.75,5.75,5.79,5.84,5.85,5.79,5.74,5.74,5.79,5.77,5.72,5.69,5.81,5.74,5.76,5.78,5.76,5.69,5.46,5.33,5.31,5.25,5.26,5.29,5.33,5.35,5.32,5.29,5.33,5.44,5.45,5.38,5.37,5.40,5.38,5.32,5.35,5.42,5.52,5.82,6.13,6.50,6.89,7.22,7.34,7.37,3.04,2.42,1.72,1.53,1.53,1.53,1.53,1.54,1.54,1.54,1.53,1.53,3.18,3.09,2.97,2.92,2.95,3.01,3.06,2.99,2.92,2.85,2.88,3.13,3.90,3.99,3.88,3.79,3.72,3.66,3.60,3.53,3.48,3.44,3.42,3.32,3.12,3.45,3.56,3.58,3.60,3.62,3.63,3.63,3.63,3.63,3.64,3.64,3.63,3.63,3.61,0.96,0.84,2.80,3.99,4.13,4.20,4.25,4.27,4.26,4.25,4.25,4.24,4.24,4.20,4.14,4.06,3.95,3.95,3.90,3.89,3.97,4.11,4.23,4.30,4.31,4.27,4.24,4.18,4.10,4.02,3.95,4.05,4.14,4.16,4.06,4.12,4.19,4.24,4.25,4.17,4.14,4.18,4.29,4.22,4.28,4.36,4.42,4.46,4.48,4.45,4.40,4.38,4.36,4.36,4.38,4.40,4.38,4.39,4.40,4.41,4.42,4.40,4.32,4.26,4.25,4.18,4.17,4.19,4.21,4.13,4.15,4.15,4.18,4.27,4.20,4.25,4.32,4.36,4.36,4.40,4.42,4.42,4.44,4.46,4.52,4.52,4.44,4.47,3.82,3.14,2.65,2.46,2.35,2.31,2.68,2.29,2.33,2.34,1.97,1.15,0.27,0.16,0.16,0.16,0.16,0.15,0.14,0.14,0.15,0.14,0.15,0.15,0.16,0.17,0.12,0.12,0.15,0.17,0.17,0.16,0.15,0.14,0.14,0.11,0.12,0.14,0.14,0.14,0.14,0.14
3.95,4.22,4.50,4.78,4.96,5.11,5.38,5.10,4.78,4.47,4.19,4.16,5.36,5.75,6.41,6.43,6.20,6.12,6.13,6.04,6.14,6.09,6.00,5.95,5.97,5.89,5.84,5.82,5.81,5.77,5.75,5.76,5.82,5.85,5.80,5.75,5.74,5.80,5.77,5.69,5.62,5.63,5.63,5.71,5.79,5.85,5.79,5.50,5.37,5.39,5.34,5.30,5.30,5.30,5.27,5.23,5.26,5.34,5.44,5.44,5.38,5.39,5.45,5.47,5.34,5.31,5.36,5.44,5.48,5.59,5.95,6.52,7.06,7.25,7.30,4.69,3.54,1.93,1.53,1.53,1.52,1.53,1.54,1.54,1.53,1.52,1.54,1.90,2.47,3.03,2.92,2.95,3.02,3.08,3.06,2.95,2.87,2.89,3.06,3.55,3.70,3.71,3.69,3.62,3.55,3.50,3.46,3.44,3.41,3.43,3.44,3.41,3.32,3.40,3.48,3.50,3.54,3.55,3.56,3.57,3.58,3.58,3.58,3.59,3.59,3.59,0.49,1.04,3.89,4.00,4.07,4.13,4.18,4.21,4.20,4.20,4.19,4.19,4.19,4.15,4.10,4.03,3.93,3.94,3.89,3.87,3.93,4.07,4.19,4.25,4.25,4.22,4.18,4.15,4.10,4.00,3.93,4.05,4.14,4.12,4.07,4.11,4.16,4.20,4.20,4.11,4.05,4.09,4.21,4.19,4.26,4.32,4.37,4.41,4.46,4.45,4.42,4.40,4.40,4.39,4.40,4.42,4.42,4.42,4.43,4.41,4.37,4.36,4.33,4.30,4.26,4.15,4.13,4.15,4.15,4.06,4.04,4.04,4.07,4.13,4.09,4.20,4.31,4.36,4.34,4.40,4.41,4.39,4.40,4.40,4.43,4.45,4.47,4.51,4.55,4.59,4.61,4.58,4.83,4.91,4.89,4.87,4.95,4.98,4.21,2.53,0.74,0.53,0.78,0.53,0.53,0.52,0.43,0.29,0.15,0.14,0.15,0.18,0.22,0.19,0.12,0.12,0.15,0.16,0.19,0.17,0.14,0.12,0.11,0.10,0.11,0.13,0.14,0.14,0.14,0.15
4.05,4.27,4.42,4.55,4.71,4.88,5.05,4.86,4.57,4.28,4.07,4.02,4.53,5.27,5.90,5.72,5.41,5.43,5.51,5.20,5.42,5.52,5.61,5.75,5.86,5.70,5.59,5.62,5.77,5.82,5.81,5.79,5.77,5.81,5.83,5.81,5.76,5.74,5.56,5.52,5.60,5.69,5.68,5.71,5.76,5.81,5.74,5.56,5.52,5.65,5.85,5.66,5.55,5.49,5.41,5.27,5.21,5.21,5.24,5.27,5.24,5.25,5.30,5.34,5.27,5.26,5.30,5.37,5.40,5.44,5.73,6.28,6.89,7.13,7.18,7.14,3.64,1.96,1.54,1.54,1.54,1.53,1.54,1.54,1.53,1.52,1.54,1.65,2.16,3.07,2.92,2.95,3.03,3.10,3.08,2.99,2.91,2.89,2.98,3.35,3.45,3.47,3.50,3.50,3.48,3.46,3.44,3.42,3.40,3.41,3.42,3.39,3.29,3.33,3.39,3.44,3.50,3.52,3.53,3.54,3.55,3.56,3.56,3.57,3.57,3.51,0.04,0.67,3.87,3.92,3.99,4.06,4.12,4.16,4.15,4.14,4.14,4.13,4.14,4.10,4.06,4.00,3.91,3.92,3.87,3.85,3.89,4.03,4.14,4.20,4.20,4.16,4.13,4.10,4.06,4.00,3.93,4.02,4.08,4.07,4.03,4.06,4.12,4.15,4.13,4.03,4.02,4.09,4.18,4.16,4.22,4.28,4.33,4.38,4.42,4.46,4.47,4.47,4.46,4.42,4.41,4.44,4.46,4.43,4.41,4.38,4.34,4.33,4.30,4.27,4.23,4.13,4.11,4.12,4.11,4.04,4.03,4.04,4.06,4.10,4.06,4.11,4.16,4.18,4.18,4.19,4.19,4.19,4.21,4.22,4.19,4.17,4.22,4.29,4.45,4.54,4.57,4.58,4.71,4.78,4.80,4.76,4.85,4.85,4.57,4.00,3.50,3.43,3.92,4.80,4.90,4.96,3.80,1.99,0.20,0.15,0.14,0.39,0.65,0.18,0.11,0.11,0.13,0.15,0.20,0.18,0.14,0.13,0.11,0.11,0.11,0.12,0.14,0.12,0.14,0.15
3.97,4.14,4.21,4.29,4.45,4.63,4.72,4.62,4.36,4.09,3.94,3.88,4.24,4.87,5.44,5.14,4.88,4.93,5.21,4.80,5.08,5.25,5.43,5.65,5.81,5.61,5.48,5.53,5.76,5.19,5.06,5.03,4.91,5.15,5.16,5.10,5.06,5.17,4.93,4.94,5.14,5.29,5.62,5.74,5.77,5.80,5.73,5.62,5.64,5.78,5.97,5.79,5.66,5.59,5.53,5.38,5.29,5.24,5.23,5.25,5.21,5.17,5.17,5.23,5.22,5.22,5.26,5.34,5.34,5.36,5.62,6.13,6.71,7.03,7.19,6.63,2.99,1.83,1.54,1.55,1.54,1.53,1.53,1.54,1.53,1.53,1.53,1.53,2.02,3.11,2.93,2.96,3.04,3.11,3.10,3.02,2.93,2.89,2.91,3.21,3.31,3.35,3.40,3.46,3.44,3.43,3.42,3.41,3.40,3.42,3.43,3.38,3.29,3.30,3.35,3.41,3.45,3.48,3.50,3.51,3.52,3.53,3.54,3.55,3.56,3.53,1.14,1.61,3.85,3.87,3.92,3.99,4.05,4.10,4.09,4.08,4.08,4.08,4.08,4.05,4.01,3.97,3.89,3.90,3.86,3.83,3.86,3.99,4.10,4.15,4.14,4.11,4.08,4.04,4.01,3.98,3.92,3.99,4.04,4.03,4.00,4.04,4.10,4.12,4.06,3.96,4.00,4.08,4.15,4.14,4.19,4.24,4.30,4.36,4.41,4.45,4.48,4.50,4.49,4.45,4.43,4.46,4.47,4.44,4.40,4.37,4.33,4.30,4.28,4.26,4.21,4.11,4.09,4.09,4.08,4.02,4.03,4.04,4.06,4.09,4.07,4.08,4.09,4.10,4.11,4.10,4.10,4.13,4.19,4.20,4.15,4.10,4.12,4.21,4.31,4.37,4.41,4.49,4.62,4.69,4.70,4.64,4.73,4.74,4.70,4.65,4.71,4.69,4.66,4.66,4.72,4.77,4.01,2.82,1.64,1.61,1.62,1.47,1.19,0.91,0.76,0.42,0.14,0.15,0.19,0.16,0.14,0.13,0.12,0.12,0.12,0.12,0.15,0.12,0.13,0.15
3.75,3.83,3.90,3.99,4.17,4.36,4.39,4.37,4.15,3.91,3.82,3.75,3.97,4.47,4.98,4.61,4.48,4.56,4.52,3.94,3.75,3.83,4.07,4.38,4.69,4.37,4.43,4.81,4.76,3.55,3.60,3.58,3.33,3.92,3.89,3.72,3.72,4.14,3.95,4.01,4.29,4.47,5.45,5.79,5.83,5.83,5.74,5.69,5.73,5.80,5.75,5.69,5.65,5.63,5.61,5.55,5.49,5.43,5.40,5.38,5.26,5.14,5.07,5.13,5.18,5.21,5.25,5.34,5.30,5.35,5.61,6.06,6.52,6.97,7.26,5.92,1.60,1.55,1.54,1.55,1.54,1.52,1.53,1.53,1.54,1.54,1.53,1.53,2.04,3.17,2.96,2.98,3.04,3.09,3.13,3.05,2.96,2.88,2.85,3.13,3.27,3.34,3.39,3.49,3.43,3.40,3.42,3.42,3.38,3.44,3.46,3.38,3.31,3.30,3.34,3.41,3.39,3.44,3.47,3.47,3.48,3.49,3.50,3.52,3.55,3.64,3.61,3.69,3.84,3.83,3.86,3.92,3.98,4.03,4.03,4.02,4.02,4.02,4.02,4.00,3.97,3.93,3.88,3.88,3.84,3.82,3.85,3.96,4.05,4.09,4.09,4.05,4.02,3.99,3.95,3.92,3.92,3.97,4.00,3.99,3.98,4.04,4.09,4.09,3.99,3.90,3.97,4.08,4.14,4.12,4.15,4.21,4.27,4.37,4.41,4.44,4.46,4.47,4.49,4.46,4.46,4.48,4.46,4.43,4.40,4.36,4.33,4.29,4.28,4.26,4.22,4.09,4.06,4.06,4.06,3.99,4.03,4.05,4.08,4.12,4.11,4.10,4.10,4.10,4.12,4.11,4.13,4.20,4.31,4.34,4.29,4.21,4.17,4.24,4.14,4.09,4.14,4.34,4.55,4.63,4.60,4.51,4.61,4.63,4.61,4.58,4.56,4.51,4.45,4.40,4.39,4.42,4.42,4.38,4.34,4.36,4.49,3.44,1.89,2.35,2.06,1.94,0.17,0.18,0.15,0.12,0.11,0.12,0.12,0.13,0.14,0.15,0.17,0.13,0.14,0.15
3.48,3.52,3.59,3.73,3.94,4.11,4.05,4.08,3.91,3.72,3.70,3.61,3.74,4.09,4.44,4.12,4.09,4.18,4.10,3.54,3.55,3.64,3.72,3.79,4.01,3.64,3.67,4.02,3.88,3.32,3.14,3.13,3.02,3.23,3.23,3.17,3.17,3.34,3.28,3.28,3.36,3.47,3.85,3.99,4.03,4.17,4.98,5.55,5.78,5.77,5.73,5.69,5.64,5.61,5.59,5.55,5.51,5.46,5.42,5.38,5.31,5.25,5.23,5.30,5.28,5.24,5.22,5.25,5.27,5.42,5.66,5.99,6.44,6.84,7.18,6.36,3.52,2.42,1.80,1.55,1.54,1.53,1.53,1.53,1.53,1.55,1.54,1.53,1.90,2.76,3.00,2.97,3.01,3.10,3.17,3.07,2.98,2.91,2.87,3.08,3.25,3.37,3.45,3.51,3.42,3.37,3.39,3.40,3.36,3.40,3.42,3.35,3.28,3.30,3.37,3.43,3.40,3.41,3.42,3.44,3.45,3.46,3.48,3.51,3.56,3.63,3.71,3.78,3.81,3.80,3.81,3.85,3.91,3.97,3.97,3.96,3.96,3.97,3.97,3.95,3.93,3.90,3.86,3.86,3.83,3.80,3.83,3.92,4.01,4.05,4.03,4.00,3.97,3.93,3.91,3.91,3.92,3.96,3.96,3.92,3.98,4.03,4.07,4.07,4.00,3.88,3.97,4.08,4.11,4.10,4.15,4.22,4.29,4.35,4.39,4.42,4.44,4.45,4.47,4.44,4.44,4.46,4.43,4.41,4.38,4.35,4.32,4.29,4.27,4.25,4.23,4.07,4.05,4.06,4.06,4.02,4.04,4.08,4.11,4.14,4.12,4.11,4.11,4.11,4.12,4.12,4.14,4.20,4.30,4.34,4.29,4.22,4.21,4.23,4.17,4.14,4.17,4.21,4.37,4.47,4.49,4.45,4.51,4.48,4.46,4.46,4.45,4.39,4.34,4.32,4.35,4.34,4.40,4.45,4.46,4.51,4.53,4.07,3.45,3.67,3.58,2.29,0.43,1.25,0.35,0.13,0.13,0.13,0.13,0.13,0.13,0.12,0.15,0.13,0.15,0.16
4.04,3.89,3.87,3.98,4.12,4.16,3.89,3.78,3.62,3.53,3.57,3.48,3.54,3.72,3.91,3.68,3.72,3.78,3.69,3.27,3.41,3.51,3.49,3.34,3.44,3.14,3.15,3.36,3.21,3.04,2.97,2.93,2.86,2.80,2.82,2.83,2.82,2.82,2.84,2.80,2.76,2.81,2.74,2.74,2.78,3.08,4.79,5.59,5.82,5.69,5.69,5.66,5.63,5.60,5.57,5.54,5.51,5.47,5.43,5.39,5.37,5.36,5.37,5.40,5.34,5.28,5.24,5.22,5.26,5.42,5.60,5.84,6.29,6.70,7.08,6.76,5.19,3.30,2.09,1.54,1.55,1.54,1.54,1.53,1.53,1.55,1.54,1.53,1.75,2.30,3.06,2.99,3.00,3.10,3.19,3.09,3.00,2.93,2.88,2.99,3.13,3.25,3.35,3.40,3.32,3.29,3.32,3.34,3.33,3.36,3.36,3.32,3.26,3.29,3.36,3.43,3.41,3.38,3.39,3.40,3.41,3.43,3.47,3.51,3.57,3.61,3.67,3.73,3.77,3.77,3.76,3.79,3.84,3.90,3.91,3.91,3.91,3.92,3.91,3.90,3.89,3.87,3.84,3.84,3.81,3.79,3.81,3.88,3.96,4.00,3.98,3.94,3.91,3.89,3.88,3.90,3.92,3.95,3.92,3.86,3.97,4.01,4.05,4.04,3.99,3.87,3.97,4.08,4.10,4.11,4.17,4.23,4.30,4.33,4.37,4.40,4.42,4.43,4.45,4.42,4.41,4.42,4.40,4.38,4.36,4.34,4.31,4.28,4.25,4.24,4.22,4.06,4.05,4.07,4.06,4.03,4.05,4.09,4.13,4.14,4.13,4.12,4.11,4.11,4.13,4.13,4.15,4.19,4.28,4.33,4.28,4.22,4.21,4.19,4.15,4.15,4.17,4.14,4.23,4.32,4.37,4.37,4.41,4.36,4.33,4.36,4.34,4.30,4.28,4.28,4.33,4.30,4.35,4.40,4.41,4.45,4.47,4.49,4.51,4.55,4.59,2.86,1.34,1.99,0.99,0.38,0.13,0.13,0.13,0.13,0.12,0.12,0.14,0.13,0.15,0.17
6.71,5.94,5.63,5.50,5.34,4.96,4.11,3.38,3.26,3.31,3.45,3.35,3.36,3.39,3.41,3.36,3.39,3.37,3.30,3.22,3.30,3.43,3.40,3.15,3.05,3.07,3.06,2.99,2.96,3.16,3.22,3.09,2.80,2.79,2.79,2.79,2.78,2.79,2.79,2.78,2.78,2.81,2.77,2.76,2.78,3.10,5.92,6.01,5.82,5.54,5.56,5.60,5.61,5.59,5.54,5.52,5.50,5.46,5.42,5.41,5.43,5.43,5.42,5.34,5.34,5.32,5.33,5.36,5.30,5.28,5.35,5.55,6.01,6.52,6.96,6.93,6.16,4.08,2.39,1.55,1.57,1.56,1.54,1.54,1.54,1.54,1.54,1.53,1.58,1.79,3.13,3.04,3.02,3.09,3.16,3.13,3.06,2.97,2.88,2.83,2.81,2.85,2.95,3.02,3.06,3.12,3.18,3.21,3.26,3.31,3.32,3.30,3.24,3.27,3.31,3.35,3.41,3.37,3.37,3.38,3.38,3.41,3.47,3.53,3.57,3.60,3.63,3.68,3.72,3.72,3.73,3.75,3.78,3.83,3.85,3.85,3.86,3.87,3.86,3.85,3.85,3.84,3.82,3.82,3.80,3.78,3.80,3.84,3.92,3.94,3.93,3.89,3.86,3.86,3.88,3.91,3.92,3.93,3.89,3.84,3.93,4.00,4.02,3.99,3.92,3.88,3.98,4.09,4.13,4.15,4.19,4.23,4.28,4.32,4.36,4.38,4.40,4.41,4.42,4.39,4.38,4.39,4.37,4.35,4.32,4.30,4.29,4.27,4.24,4.23,4.21,4.05,4.05,4.06,4.04,4.01,4.06,4.10,4.12,4.11,4.11,4.11,4.11,4.12,4.13,4.14,4.15,4.19,4.26,4.33,4.29,4.21,4.14,4.11,4.02,4.00,4.06,4.18,4.18,4.22,4.25,4.25,4.32,4.27,4.26,4.30,4.24,4.26,4.29,4.31,4.32,4.31,4.31,4.32,4.35,4.33,4.37,4.40,4.41,4.45,4.46,4.17,3.95,4.14,2.84,1.12,0.12,0.12,0.12,0.13,0.13,0.14,0.14,0.13,0.14,0.15
9.15,8.72,8.57,8.48,8.35,8.08,7.53,7.36,7.35,7.38,7.35,7.28,7.21,7.14,6.99,6.47,6.12,6.26,6.47,6.04,5.82,5.79,5.85,5.91,5.64,5.55,5.40,5.03,4.19,4.24,4.43,4.40,3.83,3.09,2.83,2.78,2.77,2.78,2.77,2.77,2.78,2.79,2.77,2.77,2.79,3.14,6.36,6.17,5.86,5.55,5.54,5.56,5.56,5.54,5.52,5.50,5.47,5.45,5.43,5.41,5.46,5.48,5.46,5.34,5.32,5.31,5.32,5.35,5.35,5.32,5.29,5.36,5.73,6.30,6.71,6.71,6.12,4.32,2.51,1.54,1.55,1.55,1.55,1.54,1.54,1.54,1.54,1.54,1.53,1.66,3.18,3.06,3.03,3.11,3.16,3.18,3.13,3.04,2.97,2.90,2.85,2.86,2.92,2.94,2.98,3.03,3.09,3.13,3.18,3.19,3.19,3.20,3.18,3.20,3.23,3.27,3.30,3.28,3.29,3.33,3.36,3.39,3.45,3.51,3.55,3.56,3.58,3.62,3.66,3.69,3.69,3.70,3.72,3.76,3.79,3.80,3.81,3.82,3.81,3.80,3.81,3.81,3.80,3.80,3.78,3.77,3.78,3.80,3.87,3.89,3.87,3.84,3.84,3.86,3.88,3.89,3.91,3.93,3.89,3.83,3.92,3.99,4.00,3.94,3.87,3.92,4.01,4.09,4.13,4.15,4.18,4.22,4.27,4.31,4.35,4.37,4.38,4.40,4.39,4.36,4.35,4.36,4.34,4.32,4.29,4.27,4.25,4.24,4.22,4.20,4.16,4.04,4.06,4.06,4.02,4.00,4.06,4.08,4.09,4.10,4.10,4.10,4.11,4.12,4.12,4.13,4.14,4.16,4.22,4.29,4.29,4.23,4.15,4.08,3.97,3.96,4.04,4.13,4.14,4.12,4.12,4.18,4.22,4.17,4.18,4.27,4.25,4.28,4.31,4.32,4.31,4.32,4.31,4.31,4.33,4.30,4.32,4.34,4.35,4.37,4.38,4.41,4.48,4.53,3.85,2.82,2.19,1.97,0.77,0.28,0.13,0.13,0.13,0.12,0.13,0.14
11.73,11.71,11.72,11.68,11.61,11.49,11.24,11.71,11.95,11.92,11.71,11.69,11.56,11.42,11.16,10.20,9.47,9.78,10.23,9.45,8.98,8.78,8.93,9.31,8.95,8.67,8.42,7.85,6.25,6.05,6.33,6.40,5.61,3.52,2.88,2.78,2.77,2.78,2.77,2.77,2.77,2.77,2.77,2.77,2.79,3.16,6.46,6.24,5.88,5.59,5.56,5.53,5.51,5.50,5.50,5.49,5.45,5.44,5.44,5.41,5.47,5.50,5.47,5.35,5.31,5.30,5.30,5.32,5.40,5.40,5.31,5.23,5.47,6.04,6.41,6.36,5.70,4.26,2.53,1.53,1.52,1.54,1.55,1.54,1.53,1.53,1.54,1.54,1.54,1.66,3.21,3.07,3.03,3.12,3.17,3.22,3.19,3.11,3.06,3.02,2.98,2.97,3.00,2.98,2.97,3.00,3.05,3.08,3.10,3.07,3.06,3.09,3.12,3.12,3.15,3.19,3.19,3.18,3.22,3.28,3.35,3.36,3.41,3.46,3.50,3.50,3.53,3.56,3.59,3.64,3.63,3.64,3.66,3.69,3.71,3.73,3.75,3.76,3.75,3.75,3.77,3.79,3.77,3.78,3.76,3.76,3.77,3.77,3.83,3.85,3.82,3.79,3.83,3.87,3.88,3.86,3.90,3.92,3.88,3.83,3.91,3.99,3.97,3.89,3.82,3.96,4.04,4.09,4.13,4.14,4.17,4.21,4.25,4.30,4.33,4.35,4.36,4.38,4.36,4.33,4.32,4.33,4.31,4.28,4.26,4.24,4.21,4.20,4.19,4.16,4.10,4.03,4.06,4.06,4.01,4.00,4.05,4.05,4.05,4.09,4.09,4.10,4.10,4.11,4.12,4.12,4.12,4.13,4.17,4.24,4.27,4.26,4.18,4.07,3.95,3.96,4.04,4.06,4.10,4.04,4.01,4.12,4.12,4.07,4.11,4.26,4.29,4.32,4.32,4.31,4.29,4.32,4.34,4.33,4.32,4.29,4.29,4.29,4.29,4.30,4.33,4.32,4.32,4.37,4.45,4.50,4.50,4.07,1.77,0.85,0.54,0.54,0.12,0.12,0.13,0.13
10.72,10.79,10.81,10.80,10.84,10.81,10.39,10.93,11.25,11.35,11.31,11.44,11.44,11.30,11.11,11.14,10.78,10.72,10.87,11.00,10.86,10.80,10.83,10.91,10.83,10.75,10.70,10.56,10.06,10.12,10.20,10.15,9.57,4.19,2.84,2.78,2.78,2.77,2.77,2.77,2.78,2.77,2.77,2.77,2.78,3.27,6.28,6.29,5.85,5.54,5.55,5.53,5.52,5.50,5.47,5.45,5.44,5.46,5.47,5.46,5.46,5.44,5.41,5.36,5.35,5.34,5.33,5.36,5.42,5.47,5.42,5.30,5.27,5.63,6.05,5.97,4.89,3.58,2.30,1.58,1.54,1.55,1.54,1.54,1.54,1.54,1.53,1.54,1.54,1.66,3.18,3.09,3.04,3.07,3.13,3.21,3.19,3.13,3.08,3.04,3.00,2.99,3.02,3.07,3.06,3.08,3.12,3.08,3.12,3.09,3.07,3.09,3.13,3.15,3.17,3.21,3.22,3.22,3.25,3.28,3.31,3.34,3.37,3.39,3.41,3.42,3.43,3.44,3.47,3.52,3.52,3.54,3.58,3.62,3.59,3.63,3.66,3.66,3.69,3.70,3.72,3.73,3.73,3.74,3.74,3.75,3.76,3.76,3.80,3.80,3.78,3.79,3.81,3.84,3.84,3.81,3.84,3.81,3.80,3.84,3.91,3.99,3.97,3.86,3.75,3.93,4.02,4.08,4.14,4.14,4.16,4.20,4.24,4.28,4.32,4.34,4.35,4.36,4.33,4.30,4.30,4.30,4.28,4.25,4.23,4.21,4.18,4.16,4.14,4.12,4.10,4.03,4.06,4.03,3.96,3.98,4.02,4.05,4.07,4.08,4.09,4.09,4.10,4.10,4.11,4.11,4.12,4.12,4.14,4.19,4.24,4.25,4.21,4.10,3.98,3.95,3.99,3.97,4.01,3.98,3.98,4.09,4.04,3.97,4.04,4.25,4.31,4.31,4.31,4.31,4.31,4.34,4.37,4.36,4.31,4.28,4.28,4.27,4.26,4.29,4.30,4.30,4.31,4.35,4.35,4.36,4.36,4.24,3.56,3.30,3.22,2.70,0.17,0.13,0.12,0.12
10.01,10.05,10.08,10.09,10.14,10.13,9.80,10.21,10.44,10.52,10.56,10.66,10.69,10.62,10.54,10.79,10.62,10.45,10.48,10.87,10.89,10.90,10.93,11.00,11.03,11.05,11.08,11.13,11.14,11.66,11.83,11.79,11.42,6.00,4.33,3.88,3.49,2.91,2.80,2.79,2.79,2.77,2.77,2.76,3.07,4.01,6.40,6.28,5.78,5.52,5.51,5.50,5.49,5.48,5.46,5.45,5.44,5.45,5.46,5.47,5.45,5.42,5.38,5.38,5.39,5.38,5.38,5.40,5.48,5.49,5.46,5.37,5.19,5.36,5.60,5.39,4.29,3.24,2.31,1.73,1.55,1.55,1.54,1.54,1.54,1.54,1.53,1.54,1.54,1.61,3.16,3.12,3.07,3.04,3.11,3.19,3.20,3.16,3.10,3.04,3.02,3.03,3.09,3.27,3.32,3.30,3.24,3.18,3.19,3.25,3.29,3.29,3.30,3.25,3.25,3.28,3.31,3.29,3.29,3.32,3.35,3.35,3.34,3.33,3.34,3.36,3.37,3.39,3.42,3.48,3.48,3.50,3.53,3.57,3.55,3.58,3.61,3.62,3.64,3.65,3.64,3.64,3.65,3.67,3.68,3.69,3.73,3.71,3.74,3.75,3.75,3.74,3.77,3.78,3.78,3.76,3.78,3.74,3.75,3.82,3.91,3.97,3.93,3.81,3.71,3.93,4.02,4.08,4.14,4.15,4.16,4.18,4.22,4.26,4.30,4.32,4.33,4.34,4.30,4.28,4.27,4.27,4.24,4.22,4.20,4.18,4.15,4.12,4.14,4.15,4.10,4.04,4.06,4.02,3.95,3.99,4.02,4.05,4.07,4.07,4.08,4.09,4.09,4.10,4.10,4.11,4.11,4.12,4.12,4.16,4.21,4.23,4.21,4.12,4.00,3.95,3.96,3.93,3.94,3.92,3.94,4.03,3.97,3.90,3.97,4.16,4.17,4.14,4.16,4.21,4.26,4.31,4.34,4.34,4.28,4.25,4.24,4.23,4.22,4.27,4.28,4.29,4.30,4.31,4.28,4.27,4.27,4.27,4.29,4.34,4.36,3.75,1.62,1.73,0.88,0.12
9.53,9.47,9.49,9.52,9.51,9.46,9.41,9.52,9.52,9.50,9.54,9.45,9.44,9.50,9.56,9.44,9.30,9.25,9.29,9.44,9.47,9.49,9.64,9.92,9.92,9.96,10.00,10.04,10.11,11.22,11.71,11.80,11.64,8.70,7.06,5.90,4.78,3.18,2.85,2.79,2.82,2.77,2.76,2.76,3.59,5.53,6.73,6.23,5.70,5.52,5.46,5.44,5.44,5.44,5.46,5.49,5.45,5.41,5.42,5.44,5.45,5.42,5.39,5.40,5.42,5.43,5.44,5.44,5.57,5.48,5.44,5.43,5.20,5.20,5.09,4.68,3.84,3.17,2.51,1.95,1.56,1.55,1.54,1.54,1.55,1.53,1.54,1.54,1.54,1.53,1.55,3.17,3.10,3.02,3.09,3.16,3.21,3.20,3.12,3.04,3.04,3.09,3.20,3.56,3.72,3.62,3.40,3.36,3.32,3.51,3.68,3.63,3.57,3.43,3.36,3.39,3.45,3.37,3.34,3.37,3.44,3.36,3.31,3.28,3.29,3.31,3.35,3.39,3.43,3.49,3.49,3.50,3.51,3.53,3.57,3.58,3.59,3.61,3.61,3.59,3.55,3.53,3.54,3.58,3.57,3.60,3.69,3.64,3.65,3.69,3.72,3.66,3.71,3.71,3.70,3.71,3.72,3.71,3.72,3.79,3.91,3.94,3.87,3.75,3.69,3.93,4.04,4.10,4.15,4.16,4.15,4.17,4.21,4.25,4.29,4.30,4.30,4.31,4.27,4.25,4.24,4.24,4.21,4.19,4.17,4.14,4.12,4.10,4.18,4.21,4.11,4.06,4.06,4.02,3.96,4.00,4.04,4.05,4.06,4.07,4.08,4.09,4.09,4.09,4.09,4.10,4.10,4.11,4.12,4.12,4.17,4.20,4.18,4.13,4.02,3.96,3.95,3.91,3.89,3.87,3.89,3.96,3.91,3.85,3.89,3.99,3.93,3.83,3.88,4.03,4.14,4.23,4.28,4.28,4.24,4.20,4.19,4.18,4.18,4.23,4.27,4.29,4.28,4.26,4.22,4.21,4.20,4.19,4.19,4.27,4.29,4.26,4.20,4.63,2.27,0.12
9.45,9.48,9.50,9.34,9.35,9.47,9.46,9.50,9.47,9.44,9.46,9.36,9.32,9.31,9.31,9.23,9.20,9.23,9.27,9.27,9.29,9.35,9.42,9.49,9.52,9.58,9.59,9.56,9.57,10.32,10.70,10.97,11.36,10.37,9.75,9.33,8.77,7.03,7.62,8.38,9.16,9.20,7.73,6.25,5.89,6.60,6.98,6.22,5.69,5.58,5.48,5.41,5.41,5.45,5.46,5.52,5.46,5.41,5.41,5.44,5.45,5.43,5.41,5.41,5.41,5.40,5.40,5.41,5.48,5.51,5.50,5.44,5.25,5.19,5.07,4.73,4.01,3.36,2.72,2.13,1.67,1.56,1.54,1.54,1.54,1.55,1.54,1.54,1.54,1.54,1.54,3.20,3.12,3.01,3.07,3.14,3.20,3.21,3.13,3.05,3.01,3.07,3.26,3.66,3.74,3.60,3.41,3.44,3.36,3.47,3.58,3.57,3.80,3.67,3.55,3.53,3.50,3.58,3.65,3.69,3.65,3.58,3.53,3.51,3.52,3.55,3.57,3.56,3.56,3.63,3.55,3.52,3.52,3.53,3.56,3.56,3.56,3.57,3.56,3.54,3.53,3.53,3.54,3.55,3.57,3.60,3.64,3.64,3.64,3.69,3.72,3.67,3.69,3.71,3.71,3.68,3.66,3.68,3.73,3.81,3.94,3.93,3.86,3.77,3.74,3.92,4.04,4.11,4.15,4.16,4.16,4.17,4.19,4.24,4.27,4.28,4.28,4.28,4.24,4.22,4.21,4.21,4.18,4.16,4.14,4.12,4.10,4.10,4.22,4.25,4.11,4.03,4.04,4.00,3.95,4.01,4.03,4.05,4.06,4.06,4.07,4.08,4.08,4.08,4.09,4.09,4.10,4.11,4.12,4.11,4.14,4.16,4.17,4.13,4.03,3.97,3.95,3.92,3.86,3.83,3.85,3.91,3.85,3.83,3.86,3.93,3.92,3.87,3.86,3.89,3.90,3.91,3.90,3.89,3.87,3.85,3.81,3.91,4.10,4.17,4.20,4.22,4.21,4.19,4.16,4.14,4.13,4.12,4.13,4.17,4.19,4.20,4.24,4.35,3.02,1.47
9.39,9.47,9.44,9.19,9.19,9.37,9.35,9.36,9.34,9.33,9.36,9.30,9.26,9.22,9.18,9.12,9.15,9.20,9.23,9.18,9.18,9.25,9.28,9.21,9.25,9.29,9.29,9.23,9.20,9.60,9.81,10.09,10.65,10.81,10.86,10.91,10.76,9.46,10.71,10.61,9.70,9.70,8.60,7.47,6.98,7.37,7.59,6.73,6.10,5.88,5.64,5.48,5.45,5.47,5.45,5.52,5.47,5.42,5.43,5.44,5.45,5.44,5.41,5.40,5.39,5.39,5.38,5.39,5.41,5.50,5.52,5.44,5.28,5.18,5.08,4.79,4.14,3.51,2.92,2.34,1.81,1.57,1.54,1.54,1.54,1.56,1.54,1.53,1.54,1.55,1.55,3.25,3.17,3.04,3.04,3.11,3.18,3.21,3.15,3.06,2.99,3.05,3.26,3.63,3.66,3.54,3.42,3.48,3.42,3.45,3.48,3.50,3.93,3.85,3.72,3.67,3.58,3.75,3.87,3.88,3.79,3.73,3.69,3.67,3.68,3.71,3.71,3.68,3.65,3.71,3.63,3.59,3.57,3.58,3.61,3.60,3.53,3.42,3.41,3.43,3.44,3.46,3.46,3.46,3.50,3.55,3.60,3.67,3.66,3.68,3.71,3.67,3.71,3.74,3.74,3.68,3.64,3.67,3.73,3.82,3.95,3.92,3.84,3.78,3.77,3.93,4.05,4.12,4.15,4.17,4.17,4.17,4.18,4.22,4.25,4.26,4.26,4.25,4.21,4.19,4.18,4.17,4.15,4.13,4.11,4.10,4.09,4.12,4.23,4.25,4.11,4.03,4.03,4.00,3.96,4.02,4.03,4.05,4.06,4.06,4.07,4.07,4.08,4.08,4.09,4.09,4.09,4.10,4.11,4.10,4.11,4.13,4.15,4.12,4.04,3.98,3.94,3.91,3.81,3.78,3.81,3.86,3.78,3.79,3.84,3.88,3.90,3.87,3.84,3.81,3.76,3.71,3.67,3.64,3.63,3.63,3.59,3.72,3.96,4.01,4.05,4.06,4.05,4.02,3.99,3.96,3.99,4.07,4.08,4.09,4.10,4.12,4.17,4.12,3.61,2.55
9.34,9.42,9.25,9.06,9.01,9.05,8.97,9.00,9.02,9.06,9.16,9.22,9.26,9.26,9.21,9.14,9.11,9.08,9.07,9.15,9.12,9.17,9.20,9.17,9.15,9.13,9.13,9.12,9.09,9.17,9.17,9.16,9.24,9.24,9.24,9.21,9.18,9.32,10.74,11.29,11.13,11.04,10.91,10.73,9.64,7.68,8.81,8.12,7.23,6.56,6.02,5.71,5.59,5.53,5.40,5.48,5.46,5.44,5.47,5.46,5.45,5.43,5.40,5.38,5.39,5.39,5.39,5.38,5.41,5.44,5.45,5.42,5.27,5.15,5.07,4.82,4.18,3.56,3.15,2.94,1.95,1.60,1.55,1.55,1.54,1.55,1.54,1.53,1.54,1.55,1.54,3.34,3.26,3.11,3.01,3.07,3.15,3.21,3.18,3.08,3.01,3.03,3.17,3.41,3.44,3.43,3.43,3.47,3.50,3.46,3.41,3.45,3.91,3.94,3.88,3.82,3.68,3.88,3.94,3.88,3.78,3.74,3.71,3.70,3.70,3.70,3.71,3.70,3.68,3.70,3.73,3.73,3.71,3.70,3.76,3.75,3.49,3.10,3.13,3.22,3.24,3.24,3.26,3.25,3.32,3.44,3.58,3.76,3.71,3.67,3.67,3.67,3.79,3.81,3.77,3.73,3.69,3.68,3.73,3.82,3.91,3.91,3.82,3.74,3.81,3.95,4.06,4.13,4.17,4.16,4.18,4.19,4.19,4.20,4.23,4.24,4.24,4.21,4.18,4.16,4.15,4.14,4.12,4.10,4.10,4.10,4.10,4.14,4.18,4.17,4.11,4.07,4.05,4.01,3.99,4.04,4.04,4.05,4.05,4.05,4.06,4.07,4.07,4.07,4.08,4.08,4.09,4.09,4.09,4.11,4.10,4.10,4.13,4.10,4.03,3.98,3.93,3.86,3.71,3.71,3.78,3.83,3.72,3.75,3.81,3.84,3.81,3.80,3.81,3.81,3.78,3.74,3.69,3.65,3.65,3.66,3.64,3.66,3.70,3.71,3.74,3.76,3.74,3.69,3.62,3.58,3.74,4.05,4.04,4.05,4.05,4.05,4.05,4.03,3.91,3.82
9.13,9.18,9.05,8.94,8.91,8.93,8.87,8.87,8.89,8.93,8.98,9.01,9.05,9.07,9.07,9.08,9.08,9.02,8.98,9.05,9.01,9.06,9.11,9.12,9.12,9.09,9.09,9.09,9.05,9.03,9.04,9.02,8.94,8.86,8.79,8.59,8.42,9.03,10.32,10.75,10.52,10.31,10.49,10.31,9.33,7.88,9.58,9.44,8.74,7.97,7.39,7.10,6.87,6.65,6.39,5.74,5.53,5.49,5.46,5.45,5.44,5.41,5.38,5.36,5.39,5.40,5.40,5.42,5.43,5.43,5.43,5.40,5.26,5.15,5.09,4.89,4.34,3.87,3.32,3.00,1.97,1.60,1.55,1.54,1.53,1.54,1.54,1.54,1.54,1.54,1.54,3.36,3.26,3.15,2.98,3.04,3.12,3.18,3.21,3.10,3.02,3.01,3.09,3.28,3.35,3.39,3.43,3.49,3.52,3.47,3.42,3.46,3.89,3.95,3.91,3.84,3.66,3.69,3.77,3.82,3.75,3.73,3.71,3.70,3.70,3.71,3.70,3.69,3.69,3.71,3.75,3.75,3.73,3.72,3.75,3.76,3.52,3.12,3.05,3.10,3.10,3.06,3.01,3.09,3.15,3.27,3.46,3.67,3.64,3.58,3.55,3.67,3.81,3.87,3.89,3.85,3.73,3.69,3.73,3.83,3.89,3.87,3.78,3.73,3.84,3.93,4.04,4.12,4.15,4.15,4.17,4.19,4.19,4.20,4.21,4.22,4.22,4.18,4.14,4.13,4.13,4.12,4.11,4.10,4.10,4.11,4.11,4.17,4.19,4.16,4.09,4.08,4.05,4.01,3.99,4.02,4.03,4.04,4.05,4.05,4.05,4.06,4.06,4.07,4.07,4.08,4.08,4.09,4.09,4.11,4.10,4.09,4.10,4.08,4.00,3.94,3.89,3.81,3.68,3.70,3.76,3.77,3.65,3.71,3.78,3.78,3.77,3.78,3.81,3.82,3.81,3.76,3.70,3.67,3.67,3.67,3.67,3.65,3.64,3.65,3.69,3.69,3.68,3.66,3.65,3.61,3.69,3.88,3.87,3.87,3.86,3.84,3.84,3.91,3.92,3.98
8.95,8.96,8.90,8.88,8.89,8.90,8.88,8.84,8.86,8.89,8.88,8.83,8.83,8.86,8.90,8.98,9.02,8.97,8.91,8.95,8.91,8.97,9.04,9.07,9.09,9.08,9.07,9.06,9.03,8.97,9.03,9.06,8.92,8.83,8.70,8.34,7.98,8.71,9.75,9.90,9.45,9.15,9.40,9.02,8.39,8.07,10.04,10.51,10.20,9.53,9.03,8.82,8.50,8.14,7.78,6.28,5.86,5.68,5.44,5.44,5.42,5.39,5.37,5.34,5.39,5.41,5.43,5.45,5.46,5.44,5.42,5.38,5.25,5.15,5.11,4.97,4.56,4.19,3.50,3.06,1.95,1.59,1.54,1.54,1.53,1.53,1.55,1.54,1.54,1.54,1.54,1.59,2.26,3.17,2.97,3.01,3.08,3.16,3.23,3.11,3.04,3.00,3.02,3.21,3.31,3.37,3.42,3.50,3.52,3.48,3.44,3.48,3.80,3.92,3.92,3.83,3.63,3.47,3.58,3.76,3.73,3.72,3.71,3.70,3.69,3.71,3.68,3.66,3.67,3.71,3.73,3.74,3.73,3.72,3.71,3.73,3.57,3.25,3.08,3.05,3.01,2.94,2.82,2.97,3.02,3.11,3.31,3.52,3.54,3.46,3.41,3.66,3.80,3.93,4.00,3.96,3.76,3.69,3.73,3.84,3.86,3.82,3.74,3.72,3.86,3.90,4.01,4.10,4.12,4.11,4.14,4.16,4.16,4.18,4.18,4.19,4.18,4.15,4.11,4.11,4.11,4.11,4.10,4.11,4.11,4.11,4.12,4.19,4.20,4.15,4.07,4.07,4.04,4.01,3.99,3.99,4.02,4.03,4.04,4.04,4.05,4.05,4.05,4.06,4.07,4.07,4.07,4.08,4.08,4.11,4.10,4.09,4.07,4.06,3.97,3.90,3.85,3.74,3.68,3.70,3.74,3.71,3.61,3.68,3.74,3.73,3.75,3.78,3.81,3.83,3.84,3.78,3.72,3.68,3.68,3.68,3.67,3.66,3.65,3.67,3.70,3.69,3.69,3.71,3.76,3.72,3.69,3.70,3.71,3.70,3.68,3.65,3.66,3.79,3.85,3.85
9.09,9.04,8.93,9.04,9.08,9.04,9.01,8.99,9.04,9.10,9.08,8.94,8.89,8.84,8.78,8.80,8.84,8.83,8.82,8.89,8.92,8.96,8.99,9.01,9.02,9.02,9.01,9.00,9.00,8.94,8.94,8.95,8.87,8.78,8.67,8.36,8.02,8.47,9.15,9.24,8.93,8.68,8.72,8.49,8.27,8.38,9.69,10.56,10.95,10.92,10.69,10.58,10.26,9.91,9.63,7.72,7.16,6.47,5.38,5.42,5.39,5.39,5.38,5.33,5.34,5.40,5.44,5.45,5.46,5.44,5.41,5.35,5.25,5.10,5.07,5.07,4.96,4.26,3.48,3.03,1.92,1.57,1.55,1.54,1.53,1.54,1.55,1.54,1.54,1.55,1.53,1.55,2.20,3.16,3.02,3.01,3.05,3.14,3.24,3.14,3.06,2.99,2.98,3.23,3.31,3.37,3.42,3.43,3.45,3.45,3.44,3.43,3.49,3.81,3.94,3.82,3.67,3.49,3.58,3.75,3.75,3.73,3.72,3.70,3.67,3.60,3.60,3.62,3.64,3.65,3.61,3.69,3.77,3.73,3.72,3.74,3.63,3.42,3.33,3.14,3.06,3.02,2.89,3.06,3.06,3.06,3.17,3.39,3.44,3.34,3.27,3.62,3.75,3.88,3.96,3.94,3.67,3.64,3.71,3.81,3.83,3.75,3.68,3.70,3.87,3.90,3.99,4.07,4.07,4.03,4.04,4.06,4.06,4.05,4.09,4.11,4.10,4.10,4.11,4.13,4.15,4.14,4.13,4.12,4.11,4.11,4.14,4.19,4.19,4.13,4.04,4.04,4.02,4.00,3.98,3.98,4.00,4.02,4.03,4.03,4.04,4.04,4.05,4.05,4.06,4.06,4.07,4.07,4.07,4.09,4.10,4.10,4.07,4.03,3.94,3.85,3.77,3.67,3.63,3.67,3.71,3.67,3.66,3.68,3.71,3.73,3.75,3.78,3.81,3.84,3.86,3.81,3.74,3.70,3.69,3.69,3.68,3.67,3.67,3.68,3.70,3.69,3.69,3.72,3.75,3.70,3.67,3.69,3.70,3.72,3.74,3.74,3.69,3.71,3.76,3.81
9.16,9.10,8.93,9.07,9.13,9.08,9.05,9.05,9.13,9.19,9.19,9.17,9.13,9.04,8.91,8.80,8.80,8.77,8.77,8.87,8.93,8.96,8.98,8.99,8.98,8.98,8.99,9.00,8.97,8.92,8.90,8.88,8.81,8.74,8.65,8.45,8.23,8.49,8.85,8.85,8.59,8.36,8.32,8.20,8.21,8.57,9.60,10.61,11.32,11.64,11.56,11.45,11.07,10.66,10.43,9.09,7.95,6.63,5.33,5.39,5.38,5.38,5.38,5.35,5.36,5.39,5.42,5.43,5.45,5.44,5.40,5.34,5.24,5.11,5.08,5.11,5.11,4.28,3.47,2.87,1.96,1.58,1.55,1.54,1.54,1.55,1.55,1.54,1.55,1.55,1.54,1.53,2.23,3.27,3.11,3.01,3.03,3.13,3.23,3.19,3.10,3.01,2.97,3.16,3.29,3.37,3.41,3.40,3.42,3.43,3.44,3.41,3.38,3.74,3.91,3.78,3.60,3.49,3.59,3.75,3.75,3.74,3.75,3.73,3.68,3.61,3.61,3.63,3.64,3.64,3.59,3.66,3.73,3.71,3.72,3.69,3.57,3.41,3.37,3.33,3.27,3.18,3.02,3.16,3.13,3.08,3.12,3.27,3.33,3.29,3.28,3.57,3.70,3.83,3.92,3.91,3.64,3.64,3.72,3.80,3.78,3.70,3.64,3.67,3.85,3.86,3.93,3.99,4.00,3.96,3.97,3.99,3.99,3.98,4.03,4.04,4.05,4.09,4.08,4.12,4.12,4.09,4.09,4.09,4.08,4.07,4.08,4.13,4.14,4.09,4.00,4.03,4.00,3.98,3.97,3.97,3.98,4.00,4.02,4.02,4.03,4.03,4.04,4.05,4.06,4.06,4.06,4.07,4.07,4.08,4.10,4.10,4.08,4.02,3.91,3.80,3.71,3.62,3.60,3.65,3.69,3.63,3.66,3.68,3.71,3.73,3.76,3.78,3.81,3.84,3.87,3.83,3.76,3.71,3.70,3.70,3.68,3.67,3.67,3.70,3.70,3.69,3.69,3.73,3.74,3.69,3.67,3.68,3.70,3.73,3.76,3.76,3.68,3.65,3.67,3.72
9.18,9.15,8.91,9.02,9.08,9.04,9.02,9.06,9.14,9.21,9.24,9.49,9.48,9.37,9.21,8.91,8.84,8.77,8.75,8.88,8.93,8.98,9.01,8.98,8.97,8.96,8.99,9.03,8.96,8.92,8.89,8.85,8.75,8.70,8.65,8.59,8.57,8.70,8.77,8.64,8.38,8.13,8.11,8.07,8.21,8.69,9.69,10.66,11.43,11.88,11.89,11.71,11.22,10.72,10.52,10.42,8.39,6.36,5.29,5.36,5.38,5.37,5.35,5.37,5.43,5.40,5.36,5.39,5.44,5.43,5.39,5.33,5.24,5.17,5.11,5.09,5.10,4.25,3.46,2.72,2.12,1.61,1.54,1.54,1.54,1.56,1.54,1.55,1.56,1.56,1.54,1.54,2.32,3.45,3.22,3.03,3.01,3.11,3.21,3.25,3.17,3.05,2.97,3.04,3.26,3.37,3.39,3.40,3.42,3.43,3.44,3.43,3.40,3.71,3.85,3.72,3.46,3.49,3.62,3.73,3.72,3.76,3.79,3.78,3.72,3.71,3.69,3.68,3.67,3.67,3.64,3.64,3.65,3.66,3.71,3.60,3.43,3.26,3.29,3.58,3.60,3.41,3.20,3.29,3.23,3.15,3.12,3.16,3.22,3.30,3.39,3.53,3.63,3.75,3.86,3.88,3.65,3.66,3.75,3.80,3.73,3.65,3.61,3.65,3.81,3.79,3.83,3.88,3.91,3.91,3.93,3.94,3.95,3.94,3.98,3.98,4.01,4.10,4.02,4.07,4.06,3.97,4.00,4.03,4.03,4.01,3.96,4.03,4.07,4.04,3.95,4.04,3.98,3.95,3.96,3.95,3.96,3.98,4.00,4.01,4.01,4.02,4.03,4.04,4.05,4.05,4.05,4.06,4.06,4.07,4.10,4.11,4.08,4.01,3.87,3.75,3.67,3.59,3.58,3.64,3.67,3.58,3.63,3.68,3.72,3.73,3.76,3.79,3.82,3.85,3.87,3.85,3.78,3.72,3.71,3.70,3.68,3.67,3.67,3.71,3.71,3.70,3.70,3.75,3.73,3.69,3.67,3.67,3.70,3.72,3.74,3.73,3.65,3.60,3.56,3.58
9.12,9.07,8.91,8.94,8.99,9.02,9.04,9.07,9.13,9.21,9.29,9.44,9.53,9.54,9.43,9.11,8.84,8.75,8.78,8.80,8.79,8.80,8.90,9.07,9.11,9.02,9.00,9.04,8.96,8.90,8.86,8.81,8.73,8.64,8.67,8.71,8.71,8.65,8.62,8.49,8.30,8.13,8.23,8.16,8.22,8.67,9.82,10.72,11.53,12.25,12.78,12.15,11.47,10.90,10.51,9.24,7.19,5.70,5.26,5.28,5.26,5.25,5.25,5.27,5.29,5.33,5.36,5.40,5.43,5.41,5.38,5.34,5.31,5.32,5.19,5.06,5.03,4.33,3.65,3.00,2.46,1.63,1.54,1.54,1.54,1.54,1.54,1.55,1.55,1.54,1.54,1.55,1.87,2.50,3.23,3.05,3.02,3.10,3.19,3.24,3.18,3.09,3.03,3.03,3.23,3.35,3.38,3.40,3.42,3.45,3.46,3.44,3.46,3.75,3.86,3.72,3.52,3.56,3.67,3.76,3.78,3.74,3.75,3.76,3.75,3.71,3.69,3.70,3.71,3.70,3.67,3.67,3.68,3.69,3.69,3.66,3.59,3.51,3.43,3.53,3.48,3.36,3.31,3.43,3.55,3.47,3.18,3.20,3.19,3.23,3.33,3.43,3.55,3.69,3.80,3.84,3.65,3.69,3.76,3.79,3.70,3.61,3.61,3.71,3.90,3.95,4.02,4.05,4.03,3.97,4.00,4.00,3.98,3.97,3.96,3.95,3.95,3.98,3.93,3.96,3.98,3.97,4.01,4.01,3.98,3.94,3.94,4.00,4.01,4.01,3.99,4.01,3.96,3.95,3.98,4.00,4.00,4.00,4.00,3.99,3.99,4.00,4.01,4.02,4.03,4.04,4.05,4.05,4.05,4.06,4.08,4.10,4.08,4.01,3.88,3.76,3.66,3.58,3.58,3.62,3.63,3.55,3.66,3.70,3.72,3.74,3.77,3.79,3.82,3.85,3.87,3.86,3.80,3.74,3.72,3.71,3.68,3.67,3.68,3.72,3.71,3.69,3.70,3.74,3.71,3.68,3.66,3.67,3.70,3.72,3.72,3.69,3.63,3.59,3.55,3.54
9.06,9.00,8.94,8.91,8.94,9.02,9.06,9.11,9.16,9.22,9.31,9.38,9.52,9.58,9.49,9.22,8.91,8.78,8.78,8.76,8.75,8.72,8.80,8.99,9.05,8.93,8.89,8.91,8.86,8.81,8.77,8.73,8.66,8.55,8.60,8.68,8.68,8.54,8.46,8.36,8.26,8.15,8.34,8.24,8.28,8.76,9.87,10.75,11.71,12.73,13.54,12.67,11.78,11.02,10.32,7.95,6.17,5.29,5.25,5.23,5.21,5.19,5.19,5.21,5.21,5.27,5.34,5.36,5.36,5.35,5.33,5.32,5.36,5.41,5.26,5.06,4.98,4.38,3.78,3.18,2.68,1.75,1.58,1.55,1.54,1.53,1.54,1.55,1.55,1.53,1.55,1.55,1.59,1.91,3.24,3.10,3.05,3.09,3.18,3.22,3.18,3.13,3.08,3.03,3.22,3.34,3.40,3.45,3.44,3.45,3.47,3.46,3.61,3.82,3.86,3.71,3.55,3.62,3.71,3.77,3.79,3.74,3.72,3.74,3.75,3.71,3.70,3.71,3.72,3.70,3.70,3.70,3.71,3.70,3.67,3.69,3.70,3.65,3.52,3.49,3.45,3.44,3.52,3.58,3.73,3.63,3.22,3.23,3.18,3.19,3.26,3.35,3.50,3.68,3.79,3.78,3.66,3.71,3.77,3.77,3.68,3.57,3.61,3.77,3.96,4.06,4.13,4.15,4.10,4.03,4.06,4.06,4.03,4.01,4.00,4.00,3.99,3.97,3.95,3.96,3.98,4.00,4.03,4.01,3.96,3.92,3.94,3.98,3.97,3.97,4.00,3.98,3.95,3.95,3.99,4.03,4.03,4.02,4.01,4.00,4.00,4.00,4.01,4.02,4.02,4.04,4.04,4.05,4.04,4.05,4.07,4.08,4.07,3.99,3.88,3.76,3.64,3.53,3.57,3.60,3.58,3.51,3.67,3.70,3.71,3.74,3.77,3.79,3.82,3.85,3.87,3.88,3.82,3.76,3.73,3.71,3.68,3.67,3.68,3.71,3.70,3.69,3.70,3.73,3.69,3.67,3.66,3.66,3.70,3.71,3.70,3.66,3.61,3.58,3.55,3.54
8.97,8.96,8.98,8.96,8.96,9.01,9.09,9.20,9.23,9.25,9.31,9.32,9.41,9.42,9.32,9.19,9.06,8.88,8.75,8.76,8.86,8.80,8.71,8.69,8.67,8.62,8.58,8.58,8.60,8.61,8.59,8.56,8.54,8.42,8.40,8.40,8.40,8.33,8.29,8.26,8.24,8.18,8.43,8.31,8.38,8.99,9.81,10.76,12.01,13.35,14.11,13.29,12.18,11.04,9.90,6.51,5.42,5.23,5.25,5.24,5.23,5.22,5.21,5.20,5.20,5.24,5.26,5.25,5.21,5.22,5.23,5.25,5.38,5.41,5.29,5.11,4.96,4.37,3.80,3.23,2.72,1.99,1.67,1.55,1.55,1.54,1.55,1.56,1.56,1.54,1.56,1.55,1.56,1.85,3.27,3.21,3.13,3.10,3.18,3.21,3.19,3.15,3.12,3.06,3.22,3.35,3.44,3.58,3.47,3.45,3.47,3.51,3.89,3.94,3.84,3.68,3.53,3.66,3.74,3.77,3.76,3.75,3.73,3.72,3.73,3.69,3.71,3.71,3.70,3.67,3.70,3.72,3.73,3.72,3.65,3.71,3.72,3.64,3.50,3.47,3.55,3.71,3.87,3.74,3.71,3.54,3.23,3.22,3.20,3.18,3.20,3.31,3.52,3.74,3.83,3.70,3.69,3.72,3.76,3.75,3.66,3.54,3.62,3.81,3.98,4.11,4.15,4.14,4.12,4.11,4.11,4.10,4.10,4.09,4.12,4.15,4.16,4.14,4.11,4.11,4.09,4.06,4.08,4.02,3.99,3.98,4.00,3.99,3.96,3.94,3.94,3.93,3.92,3.95,4.00,4.05,4.05,4.05,4.04,4.04,4.04,4.04,4.04,4.04,4.04,4.04,4.04,4.04,4.03,4.05,4.05,4.06,4.05,3.98,3.85,3.72,3.60,3.43,3.55,3.59,3.55,3.45,3.63,3.68,3.70,3.74,3.77,3.80,3.83,3.86,3.88,3.90,3.85,3.78,3.74,3.72,3.68,3.68,3.69,3.68,3.69,3.69,3.70,3.72,3.67,3.66,3.66,3.66,3.70,3.70,3.68,3.64,3.60,3.56,3.58,3.59
8.89,8.95,8.95,8.91,8.93,9.02,9.12,9.18,9.19,9.23,9.32,9.32,9.40,9.42,9.34,9.24,9.11,8.95,8.82,8.73,8.87,8.87,8.82,8.78,8.72,8.68,8.67,8.66,8.61,8.65,8.62,8.55,8.48,8.42,8.45,8.58,8.70,8.44,8.31,8.27,8.27,8.28,8.45,8.30,8.28,8.68,9.47,10.45,11.73,13.14,14.25,13.35,12.09,10.64,8.97,5.98,5.22,5.22,5.27,5.27,5.25,5.23,5.21,5.21,5.21,5.23,5.24,5.22,5.18,5.20,5.22,5.25,5.33,5.38,5.30,5.14,4.94,4.41,3.85,3.27,2.71,2.16,1.70,1.55,1.54,1.55,1.55,1.56,1.55,1.54,1.55,1.55,1.55,1.85,3.31,3.25,3.15,3.09,3.15,3.19,3.20,3.18,3.14,3.08,3.15,3.28,3.42,3.52,3.45,3.53,3.58,3.51,3.88,3.92,3.81,3.64,3.49,3.65,3.75,3.77,3.74,3.73,3.74,3.76,3.80,3.73,3.78,3.80,3.79,3.75,3.73,3.73,3.75,3.74,3.67,3.74,3.78,3.77,3.73,3.69,3.73,3.82,3.91,3.83,3.78,3.62,3.32,3.24,3.19,3.18,3.21,3.33,3.52,3.74,3.82,3.68,3.70,3.73,3.74,3.72,3.63,3.54,3.65,3.86,3.99,4.12,4.14,4.13,4.13,4.14,4.13,4.12,4.11,4.12,4.15,4.19,4.20,4.19,4.17,4.15,4.13,4.10,4.05,4.02,4.00,3.99,3.99,3.97,3.95,3.94,3.94,3.95,3.94,3.98,4.04,4.06,4.06,4.06,4.06,4.06,4.06,4.06,4.06,4.05,4.05,4.05,4.04,4.04,4.03,4.03,4.04,4.03,4.01,3.92,3.80,3.68,3.57,3.48,3.56,3.57,3.53,3.48,3.63,3.68,3.70,3.73,3.76,3.79,3.82,3.85,3.88,3.91,3.87,3.81,3.78,3.74,3.71,3.70,3.69,3.67,3.68,3.69,3.70,3.70,3.66,3.65,3.65,3.66,3.69,3.70,3.67,3.62,3.61,3.59,3.63,3.63
8.83,8.95,8.91,8.85,8.90,9.04,9.15,9.16,9.19,9.25,9.35,9.34,9.42,9.45,9.41,9.33,9.16,9.02,8.89,8.71,8.86,8.95,8.97,8.94,8.85,8.82,8.83,8.82,8.72,8.76,8.70,8.58,8.45,8.45,8.56,8.78,8.96,8.54,8.33,8.26,8.27,8.31,8.35,8.25,8.12,8.20,8.98,9.97,11.23,12.66,14.02,13.09,11.81,10.18,8.09,5.72,5.16,5.21,5.28,5.29,5.26,5.24,5.22,5.21,5.23,5.23,5.22,5.21,5.19,5.20,5.23,5.25,5.27,5.34,5.30,5.16,4.92,4.50,3.95,3.35,2.74,2.13,1.71,1.54,1.54,1.55,1.56,1.55,1.55,1.54,1.55,1.54,1.54,1.81,3.34,3.27,3.17,3.10,3.13,3.17,3.20,3.20,3.16,3.10,3.08,3.20,3.37,3.43,3.46,3.62,3.67,3.51,3.79,3.85,3.76,3.61,3.46,3.64,3.75,3.76,3.73,3.71,3.74,3.81,3.88,3.81,3.85,3.88,3.88,3.85,3.78,3.76,3.77,3.77,3.72,3.78,3.85,3.90,3.95,3.90,3.88,3.88,3.89,3.88,3.86,3.70,3.41,3.25,3.18,3.18,3.24,3.36,3.53,3.72,3.79,3.67,3.71,3.73,3.72,3.68,3.59,3.55,3.69,3.89,4.01,4.11,4.13,4.13,4.15,4.17,4.15,4.12,4.12,4.14,4.17,4.20,4.22,4.21,4.20,4.17,4.14,4.12,4.02,4.00,4.00,3.99,3.98,3.96,3.95,3.95,3.95,3.98,3.97,4.01,4.07,4.07,4.07,4.07,4.06,4.06,4.07,4.06,4.06,4.05,4.04,4.04,4.04,4.03,4.02,4.01,4.02,4.01,3.96,3.86,3.74,3.63,3.55,3.54,3.58,3.56,3.52,3.52,3.64,3.68,3.70,3.72,3.75,3.78,3.81,3.84,3.88,3.91,3.87,3.83,3.82,3.77,3.75,3.73,3.71,3.68,3.68,3.69,3.69,3.68,3.65,3.65,3.65,3.65,3.68,3.68,3.66,3.62,3.62,3.63,3.68,3.66
8.84,8.95,8.86,8.82,8.90,9.07,9.20,9.30,9.37,9.42,9.45,9.41,9.43,9.46,9.48,9.55,9.33,9.10,8.91,8.75,8.86,8.98,9.05,9.02,8.95,8.90,8.89,8.91,8.94,8.89,8.81,8.66,8.45,8.50,8.64,8.70,8.61,8.32,8.18,8.15,8.13,8.02,7.93,7.56,7.33,7.53,8.20,9.14,10.48,11.94,12.79,12.18,11.23,9.82,7.78,5.68,5.16,5.16,5.18,5.23,5.22,5.23,5.25,5.22,5.24,5.24,5.23,5.23,5.20,5.22,5.24,5.24,5.27,5.27,5.27,5.18,4.92,4.69,4.19,3.58,2.94,2.27,1.75,1.54,1.54,1.56,1.55,1.55,1.55,1.55,1.55,1.54,1.54,1.62,1.94,3.30,3.24,3.17,3.15,3.16,3.21,3.23,3.19,3.11,3.07,3.14,3.29,3.43,3.61,3.64,3.58,3.53,3.66,3.72,3.68,3.56,3.50,3.66,3.73,3.73,3.71,3.70,3.72,3.80,3.92,3.93,3.91,3.90,3.89,3.89,3.87,3.85,3.85,3.86,3.83,3.85,3.88,3.90,3.93,3.90,3.89,3.90,3.93,3.88,3.82,3.66,3.39,3.25,3.22,3.22,3.27,3.40,3.56,3.70,3.74,3.65,3.70,3.74,3.74,3.67,3.56,3.56,3.70,3.90,4.04,4.12,4.15,4.16,4.17,4.19,4.16,4.13,4.12,4.15,4.19,4.22,4.23,4.20,4.21,4.16,4.12,4.07,4.00,4.01,4.01,4.00,4.00,3.98,3.97,3.96,3.96,4.02,4.01,4.00,4.02,4.05,4.05,4.04,4.04,4.03,4.03,4.02,4.02,4.01,4.01,4.00,4.00,3.99,3.98,3.97,3.99,3.99,3.93,3.81,3.67,3.58,3.53,3.51,3.58,3.54,3.51,3.55,3.65,3.68,3.70,3.72,3.73,3.76,3.80,3.83,3.86,3.88,3.82,3.79,3.83,3.80,3.78,3.77,3.76,3.72,3.69,3.68,3.67,3.65,3.65,3.65,3.65,3.65,3.67,3.66,3.64,3.63,3.64,3.67,3.69,3.69
8.83,8.91,8.86,8.84,8.89,9.01,9.15,9.26,9.41,9.51,9.49,9.45,9.37,9.34,9.41,9.52,9.30,9.10,8.93,8.74,8.81,8.96,9.08,9.10,9.13,9.12,9.09,9.04,8.97,8.89,8.83,8.69,8.40,8.49,8.56,8.50,8.31,7.99,8.03,8.11,8.08,7.91,7.77,7.21,7.05,7.28,7.65,8.26,9.57,11.17,11.96,11.60,10.86,9.63,7.76,5.65,5.03,4.93,4.90,5.11,5.09,5.09,5.12,5.12,5.16,5.17,5.17,5.18,5.17,5.18,5.18,5.18,5.23,5.23,5.24,5.17,4.95,4.82,4.51,4.08,3.56,3.02,2.32,1.81,1.55,1.55,1.54,1.54,1.55,1.55,1.55,1.54,1.55,1.55,1.54,3.39,3.31,3.20,3.13,3.15,3.20,3.23,3.22,3.12,3.06,3.09,3.22,3.45,3.66,3.64,3.55,3.54,3.58,3.60,3.58,3.54,3.57,3.69,3.73,3.72,3.71,3.70,3.71,3.79,3.93,3.95,3.93,3.92,3.93,3.92,3.92,3.90,3.87,3.85,3.86,3.87,3.89,3.90,3.90,3.89,3.89,3.91,3.92,3.88,3.70,3.50,3.34,3.25,3.24,3.24,3.28,3.43,3.60,3.70,3.71,3.64,3.69,3.74,3.73,3.64,3.52,3.57,3.70,3.87,4.06,4.14,4.17,4.18,4.20,4.20,4.17,4.14,4.13,4.17,4.20,4.22,4.22,4.19,4.21,4.16,4.10,4.05,3.99,4.01,4.01,4.00,3.99,3.99,3.97,3.96,3.98,4.01,4.01,3.98,3.97,3.98,4.01,4.01,4.00,4.00,3.99,3.98,3.98,3.98,3.97,3.96,3.95,3.95,3.93,3.94,3.98,3.98,3.91,3.76,3.63,3.54,3.50,3.47,3.56,3.53,3.50,3.57,3.64,3.68,3.70,3.72,3.73,3.75,3.78,3.80,3.83,3.88,3.84,3.82,3.88,3.87,3.86,3.85,3.83,3.79,3.74,3.72,3.69,3.64,3.67,3.69,3.69,3.68,3.67,3.63,3.61,3.62,3.65,3.66,3.67,3.68
8.81,8.85,8.87,8.88,8.87,8.89,9.04,9.11,9.33,9.52,9.50,9.46,9.26,9.16,9.24,9.35,9.17,9.05,8.95,8.72,8.74,8.92,9.08,9.17,9.35,9.43,9.37,9.19,8.91,8.80,8.79,8.68,8.33,8.45,8.38,8.25,8.05,7.59,7.26,7.09,7.09,7.25,7.07,7.01,7.01,7.04,7.21,7.39,8.57,10.39,11.36,11.21,10.61,9.53,7.88,5.61,4.84,4.61,4.54,4.96,4.90,4.87,4.91,4.96,5.03,5.07,5.09,5.10,5.11,5.10,5.08,5.08,5.16,5.21,5.20,5.13,4.98,4.90,4.88,4.75,4.46,4.14,3.20,2.23,1.56,1.54,1.53,1.54,1.55,1.54,1.54,1.55,1.55,1.55,1.55,3.49,3.37,3.21,3.08,3.13,3.18,3.23,3.24,3.15,3.06,3.05,3.17,3.46,3.64,3.62,3.55,3.54,3.52,3.49,3.48,3.53,3.67,3.73,3.74,3.72,3.72,3.71,3.71,3.78,3.93,3.90,3.93,3.95,3.97,3.96,3.94,3.91,3.86,3.80,3.83,3.87,3.89,3.90,3.88,3.87,3.89,3.91,3.87,3.87,3.53,3.26,3.26,3.27,3.26,3.25,3.27,3.46,3.64,3.71,3.69,3.63,3.68,3.73,3.71,3.60,3.48,3.58,3.69,3.84,4.08,4.16,4.19,4.21,4.22,4.20,4.17,4.14,4.13,4.18,4.22,4.21,4.19,4.17,4.21,4.17,4.10,4.04,4.00,3.99,3.99,3.98,3.98,4.00,3.97,3.96,3.99,3.99,3.98,3.95,3.92,3.90,3.95,3.96,3.96,3.96,3.95,3.94,3.94,3.94,3.93,3.92,3.91,3.90,3.86,3.91,3.97,3.97,3.88,3.72,3.61,3.53,3.47,3.43,3.53,3.52,3.50,3.57,3.63,3.67,3.70,3.72,3.74,3.75,3.76,3.78,3.81,3.89,3.89,3.90,3.97,3.96,3.96,3.95,3.92,3.87,3.83,3.79,3.73,3.64,3.70,3.74,3.75,3.72,3.68,3.61,3.57,3.59,3.64,3.62,3.63,3.66
8.72,8.74,8.74,8.73,8.73,8.74,8.80,8.85,8.90,8.98,9.11,9.21,9.20,9.18,9.21,9.25,9.13,9.07,9.01,8.83,8.78,8.94,9.15,9.31,9.41,9.45,9.35,9.13,8.88,8.71,8.61,8.49,8.30,8.38,8.30,8.12,7.86,7.31,7.11,7.04,7.05,7.11,7.08,7.06,7.06,7.01,7.06,7.42,8.29,9.75,10.80,10.87,10.31,9.06,7.12,5.37,4.88,4.77,4.68,4.86,4.85,4.85,4.88,4.94,4.99,5.05,5.09,5.10,5.14,5.12,5.10,5.08,5.10,5.08,5.02,4.96,4.93,4.86,5.14,5.49,5.65,5.11,4.03,3.26,1.54,1.55,1.54,1.55,1.55,1.55,1.54,1.55,1.55,1.54,1.54,2.03,2.75,3.25,3.09,3.13,3.18,3.24,3.26,3.19,3.09,3.05,3.12,3.34,3.55,3.57,3.54,3.57,3.56,3.48,3.44,3.49,3.68,3.73,3.73,3.72,3.74,3.73,3.77,3.82,3.88,3.91,3.91,3.92,3.94,3.95,3.94,3.93,3.88,3.78,3.80,3.84,3.88,3.91,3.89,3.88,3.91,3.95,3.94,3.82,3.53,3.34,3.36,3.30,3.26,3.18,3.17,3.43,3.70,3.74,3.67,3.64,3.71,3.74,3.69,3.57,3.47,3.60,3.77,3.93,4.09,4.15,4.20,4.23,4.24,4.22,4.18,4.14,4.13,4.18,4.23,4.22,4.19,4.18,4.22,4.17,4.10,4.04,4.00,3.99,3.99,3.98,3.97,3.98,3.95,3.93,3.96,4.05,4.02,3.95,3.88,3.87,3.91,3.93,3.92,3.91,3.91,3.91,3.90,3.89,3.89,3.88,3.85,3.83,3.85,3.90,3.95,3.94,3.84,3.72,3.60,3.46,3.38,3.43,3.50,3.47,3.45,3.54,3.58,3.62,3.65,3.69,3.72,3.74,3.77,3.78,3.80,3.89,3.91,3.91,3.93,3.96,3.95,3.93,3.90,3.86,3.81,3.77,3.70,3.59,3.58,3.56,3.58,3.65,3.66,3.65,3.62,3.61,3.65,3.65,3.69,3.77
8.67,8.67,8.72,8.72,8.73,8.75,8.79,8.81,8.76,8.75,8.89,9.03,9.11,9.15,9.17,9.20,9.13,9.11,9.08,8.92,8.83,8.96,9.17,9.36,9.40,9.38,9.26,9.05,8.84,8.66,8.48,8.35,8.28,8.33,8.22,8.03,7.76,7.27,7.16,7.11,7.09,7.15,7.19,7.17,7.11,7.00,6.99,7.37,8.02,9.22,10.36,10.62,10.16,8.85,6.70,5.20,4.87,4.85,4.77,4.76,4.79,4.82,4.85,4.90,4.98,5.05,5.10,5.12,5.18,5.17,5.14,5.10,5.07,5.02,4.95,4.90,4.90,4.83,5.25,5.88,6.36,5.84,4.20,3.42,1.59,1.55,1.55,1.55,1.55,1.55,1.56,1.55,1.54,1.54,1.54,1.54,2.42,3.29,3.13,3.13,3.17,3.23,3.26,3.21,3.12,3.06,3.08,3.26,3.48,3.54,3.55,3.61,3.62,3.52,3.45,3.48,3.70,3.73,3.72,3.72,3.74,3.73,3.78,3.81,3.80,3.87,3.85,3.85,3.88,3.88,3.88,3.88,3.85,3.76,3.79,3.83,3.88,3.91,3.89,3.88,3.93,3.98,3.97,3.80,3.54,3.38,3.38,3.33,3.27,3.20,3.20,3.45,3.72,3.73,3.65,3.65,3.73,3.74,3.68,3.57,3.46,3.64,3.84,4.00,4.10,4.14,4.20,4.25,4.27,4.23,4.19,4.15,4.13,4.19,4.25,4.23,4.19,4.19,4.23,4.18,4.09,4.01,4.00,3.99,3.98,3.97,3.96,3.95,3.91,3.91,3.96,4.05,4.02,3.93,3.84,3.83,3.86,3.88,3.88,3.87,3.87,3.87,3.86,3.85,3.84,3.82,3.79,3.79,3.84,3.89,3.94,3.93,3.83,3.72,3.58,3.42,3.33,3.44,3.47,3.42,3.40,3.50,3.54,3.57,3.61,3.65,3.69,3.73,3.76,3.78,3.80,3.07,3.43,3.92,3.92,3.95,3.93,3.91,3.88,3.84,3.80,3.75,3.67,3.54,3.48,3.43,3.43,3.50,3.56,3.63,3.63,3.58,3.56,3.57,3.60,3.72
8.67,8.65,8.83,8.89,8.91,8.96,9.07,9.07,9.02,8.94,8.88,8.96,8.99,9.03,9.11,9.20,9.21,9.20,9.15,8.99,8.88,8.96,9.14,9.30,9.32,9.22,9.09,8.96,8.80,8.64,8.45,8.29,8.26,8.29,8.15,7.97,7.79,7.54,7.49,7.37,7.28,7.46,7.46,7.32,7.22,7.02,6.99,7.21,7.76,8.85,10.08,10.48,10.19,8.98,6.75,5.13,4.78,4.81,4.78,4.67,4.71,4.76,4.81,4.85,5.00,5.07,5.10,5.14,5.25,5.27,5.21,5.12,5.06,5.05,5.03,4.99,4.91,4.79,5.17,5.82,6.42,6.28,4.61,3.80,1.72,1.53,1.54,1.54,1.54,1.55,1.59,1.57,1.54,1.53,1.55,1.56,2.44,3.34,3.22,3.12,3.14,3.20,3.25,3.21,3.14,3.07,3.05,3.23,3.43,3.53,3.58,3.64,3.70,3.64,3.54,3.49,3.72,3.73,3.73,3.72,3.71,3.72,3.73,3.72,3.69,3.76,3.74,3.75,3.77,3.73,3.74,3.75,3.75,3.76,3.81,3.85,3.87,3.88,3.88,3.88,3.93,3.98,3.96,3.82,3.55,3.34,3.31,3.33,3.30,3.31,3.40,3.54,3.69,3.67,3.63,3.67,3.74,3.73,3.68,3.59,3.47,3.70,3.89,4.03,4.12,4.12,4.18,4.25,4.29,4.24,4.20,4.15,4.14,4.20,4.26,4.23,4.19,4.21,4.23,4.17,4.05,3.94,4.00,3.99,3.97,3.95,3.94,3.89,3.88,3.91,3.98,4.00,3.98,3.90,3.79,3.80,3.79,3.82,3.84,3.84,3.83,3.83,3.82,3.81,3.79,3.74,3.74,3.78,3.82,3.87,3.94,3.95,3.84,3.72,3.56,3.41,3.35,3.47,3.43,3.35,3.34,3.45,3.50,3.54,3.58,3.61,3.65,3.69,3.73,3.76,3.80,1.20,2.32,3.93,3.95,3.94,3.91,3.88,3.86,3.83,3.79,3.74,3.66,3.50,3.40,3.37,3.31,3.24,3.36,3.56,3.59,3.48,3.35,3.34,3.34,3.46
8.72,8.79,8.92,8.99,9.01,9.06,9.22,9.27,9.23,9.15,9.07,9.02,8.90,8.92,9.08,9.18,9.29,9.33,9.26,9.04,8.90,8.98,9.13,9.25,9.28,9.16,9.03,8.91,8.76,8.61,8.44,8.31,8.26,8.26,8.17,7.94,7.65,7.32,7.24,7.16,7.17,7.38,7.54,7.53,7.48,7.00,6.96,7.45,7.98,8.99,10.05,10.41,10.34,9.39,7.23,5.35,4.85,4.81,4.77,4.67,4.66,4.69,4.75,4.81,4.95,5.03,5.07,5.09,5.19,5.21,5.18,5.15,5.15,5.14,5.08,5.01,4.97,4.82,5.00,5.51,6.20,6.47,4.86,4.06,1.84,1.55,1.55,1.54,1.54,1.54,1.57,1.56,1.55,1.55,1.55,1.56,1.97,2.63,3.26,3.12,3.12,3.18,3.25,3.25,3.19,3.11,3.07,3.14,3.39,3.49,3.54,3.62,3.70,3.67,3.47,3.29,3.73,3.75,3.74,3.74,3.76,3.75,3.74,3.73,3.73,3.74,3.73,3.73,3.74,3.71,3.72,3.74,3.77,3.78,3.80,3.83,3.85,3.88,3.88,3.88,3.91,3.94,3.91,3.77,3.49,3.31,3.34,3.37,3.30,3.32,3.43,3.51,3.57,3.59,3.61,3.68,3.73,3.71,3.66,3.58,3.48,3.52,3.61,3.71,3.78,3.82,3.85,3.90,3.97,4.02,3.99,3.99,4.04,4.14,4.25,4.22,4.17,4.22,4.21,3.91,3.71,3.73,3.84,3.83,3.81,3.82,3.87,3.83,3.83,3.89,3.99,3.96,3.91,3.83,3.76,3.74,3.74,3.77,3.80,3.80,3.79,3.79,3.78,3.75,3.71,3.70,3.71,3.75,3.81,3.86,3.94,3.94,3.81,3.69,3.54,3.40,3.34,3.46,3.43,3.35,3.31,3.41,3.46,3.51,3.55,3.59,3.63,3.68,3.72,3.56,2.92,1.08,2.35,3.90,3.91,3.91,3.88,3.85,3.83,3.80,3.77,3.72,3.65,3.51,3.37,3.27,3.17,3.10,3.40,3.51,3.47,3.37,3.33,3.33,3.33,3.38
8.74,8.87,8.99,9.05,9.07,9.12,9.32,9.43,9.43,9.36,9.28,9.13,8.90,8.85,9.02,9.15,9.37,9.46,9.38,9.10,8.92,8.99,9.12,9.20,9.26,9.13,8.99,8.88,8.73,8.58,8.45,8.35,8.27,8.23,8.19,7.92,7.51,7.08,6.99,6.98,7.06,7.31,7.55,7.63,7.64,6.99,6.96,7.69,8.24,9.18,10.07,10.35,10.44,9.72,7.64,5.53,4.90,4.79,4.74,4.66,4.61,4.60,4.66,4.75,4.86,4.95,5.01,5.03,5.10,5.12,5.14,5.18,5.25,5.23,5.13,5.02,5.00,4.86,4.83,5.18,5.90,6.58,5.17,4.26,2.04,1.56,1.56,1.55,1.54,1.55,1.55,1.55,1.55,1.55,1.55,1.55,1.55,1.99,3.28,3.12,3.10,3.16,3.24,3.29,3.22,3.14,3.09,3.07,3.34,3.45,3.52,3.62,3.72,3.71,3.47,3.23,3.74,3.76,3.73,3.73,3.79,3.78,3.75,3.75,3.79,3.75,3.74,3.73,3.73,3.72,3.73,3.76,3.79,3.79,3.79,3.81,3.85,3.88,3.85,3.88,3.91,3.91,3.87,3.72,3.45,3.31,3.37,3.39,3.30,3.32,3.44,3.50,3.50,3.53,3.59,3.68,3.72,3.70,3.65,3.57,3.48,3.37,3.35,3.41,3.47,3.53,3.53,3.55,3.62,3.74,3.74,3.76,3.84,3.95,4.07,4.07,4.04,4.10,4.07,3.64,3.41,3.53,3.66,3.64,3.63,3.68,3.78,3.77,3.78,3.85,3.98,3.92,3.82,3.76,3.74,3.69,3.70,3.73,3.75,3.76,3.75,3.74,3.72,3.69,3.64,3.66,3.69,3.73,3.79,3.84,3.93,3.93,3.78,3.65,3.52,3.40,3.34,3.45,3.43,3.35,3.31,3.39,3.44,3.49,3.53,3.58,3.63,3.67,3.72,3.39,2.13,1.47,2.66,3.84,3.84,3.86,3.84,3.82,3.80,3.78,3.74,3.71,3.64,3.54,3.36,3.20,3.09,3.09,3.46,3.46,3.37,3.30,3.35,3.35,3.36,3.36
8.69,8.71,8.98,9.03,9.05,9.11,9.33,9.56,9.60,9.53,9.43,9.29,9.10,8.92,8.85,9.13,9.38,9.55,9.53,9.20,8.94,8.98,9.10,9.18,9.24,9.12,8.98,8.84,8.68,8.54,8.49,8.43,8.30,8.19,8.13,7.89,7.51,7.03,6.99,6.99,7.00,7.05,7.31,7.38,7.43,7.02,7.17,7.68,8.38,9.27,10.08,10.24,10.33,9.66,7.58,5.40,4.78,4.69,4.63,4.56,4.51,4.49,4.53,4.60,4.67,4.80,4.91,4.97,5.01,5.03,5.10,5.22,5.30,5.28,5.15,5.01,4.96,4.88,4.77,4.93,5.53,6.62,5.73,4.34,2.93,1.56,1.55,1.55,1.56,1.58,1.56,1.55,1.55,1.54,1.55,1.55,1.55,2.01,3.31,3.14,3.08,3.11,3.21,3.30,3.22,3.15,3.10,3.08,3.26,3.41,3.55,3.68,3.83,3.81,3.72,3.65,3.76,3.76,3.70,3.68,3.77,3.78,3.76,3.77,3.80,3.78,3.77,3.77,3.77,3.75,3.73,3.75,3.77,3.77,3.77,3.84,3.91,3.89,3.69,3.88,3.96,3.92,3.83,3.71,3.54,3.39,3.32,3.30,3.29,3.36,3.48,3.59,3.58,3.57,3.59,3.68,3.71,3.71,3.64,3.54,3.46,3.38,3.36,3.39,3.41,3.45,3.44,3.41,3.40,3.42,3.43,3.41,3.39,3.42,3.44,3.51,3.58,3.60,3.61,3.49,3.42,3.44,3.48,3.47,3.50,3.58,3.66,3.69,3.71,3.78,3.91,3.85,3.72,3.67,3.69,3.66,3.65,3.66,3.68,3.72,3.71,3.69,3.65,3.60,3.60,3.61,3.66,3.71,3.74,3.82,3.92,3.92,3.77,3.57,3.48,3.41,3.38,3.46,3.44,3.38,3.36,3.43,3.47,3.50,3.55,3.59,3.63,3.68,3.72,3.39,2.13,2.42,3.15,3.70,3.72,3.74,3.76,3.77,3.77,3.75,3.72,3.69,3.64,3.56,3.37,3.23,3.25,3.42,3.43,3.39,3.37,3.37,3.38,3.38,3.39,3.39
8.66,8.64,8.97,9.01,9.02,9.10,9.34,9.62,9.73,9.70,9.60,9.44,9.22,8.98,8.83,9.07,9.35,9.54,9.53,9.19,8.93,8.98,9.11,9.15,9.18,9.09,8.92,8.74,8.62,8.56,8.53,8.46,8.25,8.07,7.97,7.77,7.50,7.02,6.99,6.99,6.98,7.00,7.21,7.29,7.26,7.02,7.25,7.82,8.59,9.42,10.19,10.28,10.33,9.64,7.56,5.29,4.69,4.62,4.56,4.52,4.45,4.42,4.43,4.48,4.50,4.58,4.68,4.76,4.89,4.95,5.08,5.27,5.34,5.32,5.16,4.98,4.91,4.85,4.73,4.83,5.36,6.54,6.44,5.59,4.67,1.58,1.55,1.55,1.56,1.59,1.56,1.56,1.55,1.54,1.55,1.56,1.56,1.91,3.32,3.18,3.08,3.07,3.17,3.27,3.23,3.16,3.11,3.10,3.20,3.36,3.54,3.67,3.73,3.62,3.64,3.79,3.76,3.74,3.69,3.67,3.75,3.77,3.76,3.76,3.78,3.77,3.73,3.73,3.75,3.76,3.74,3.74,3.76,3.78,3.79,3.82,3.87,3.90,3.75,3.90,3.96,3.91,3.81,3.59,3.55,3.53,3.45,3.44,3.24,3.25,3.44,3.63,3.57,3.56,3.60,3.68,3.71,3.69,3.62,3.51,3.43,3.41,3.41,3.42,3.41,3.40,3.36,3.32,3.29,3.29,3.29,3.29,3.28,3.28,3.25,3.31,3.37,3.38,3.38,3.38,3.37,3.38,3.38,3.37,3.39,3.44,3.53,3.57,3.59,3.64,3.74,3.70,3.61,3.59,3.61,3.61,3.59,3.60,3.63,3.67,3.65,3.61,3.57,3.54,3.55,3.58,3.62,3.66,3.69,3.79,3.88,3.87,3.71,3.51,3.43,3.40,3.41,3.45,3.42,3.38,3.39,3.46,3.49,3.53,3.57,3.61,3.65,3.69,3.74,3.48,2.49,3.03,3.39,3.57,3.59,3.62,3.65,3.68,3.70,3.69,3.69,3.66,3.63,3.57,3.39,3.32,3.40,3.53,3.43,3.39,3.40,3.41,3.41,3.41,3.41,3.42
8.64,8.61,8.95,9.00,9.01,9.09,9.34,9.65,9.81,9.84,9.76,9.58,9.32,9.05,8.88,9.00,9.29,9.48,9.44,9.10,8.90,8.98,9.11,9.12,9.09,9.02,8.84,8.62,8.55,8.59,8.56,8.41,8.12,7.88,7.74,7.61,7.47,7.02,7.01,7.00,6.99,7.02,6.98,6.96,6.96,7.01,7.37,8.05,8.83,9.62,10.34,10.39,10.37,9.65,7.62,5.21,4.61,4.58,4.53,4.50,4.42,4.38,4.37,4.37,4.35,4.36,4.40,4.49,4.75,4.88,5.08,5.34,5.38,5.35,5.15,4.93,4.85,4.80,4.70,4.80,5.27,6.38,7.17,7.35,7.12,1.62,1.54,1.54,1.55,1.59,1.56,1.56,1.56,1.56,1.55,1.58,1.57,1.75,2.37,3.24,3.10,3.04,3.14,3.23,3.23,3.19,3.13,3.11,3.14,3.30,3.49,3.62,3.55,3.30,3.41,3.78,3.75,3.73,3.70,3.69,3.74,3.77,3.75,3.74,3.75,3.75,3.66,3.66,3.72,3.76,3.74,3.73,3.75,3.80,3.83,3.78,3.80,3.90,3.92,3.92,3.92,3.90,3.81,3.42,3.52,3.68,3.68,3.67,3.19,3.10,3.37,3.64,3.51,3.52,3.61,3.68,3.70,3.67,3.59,3.48,3.41,3.44,3.47,3.48,3.45,3.39,3.31,3.27,3.27,3.26,3.26,3.29,3.34,3.36,3.32,3.31,3.32,3.31,3.29,3.29,3.31,3.33,3.33,3.32,3.30,3.30,3.39,3.44,3.46,3.48,3.51,3.51,3.50,3.50,3.52,3.53,3.53,3.55,3.59,3.61,3.58,3.53,3.49,3.49,3.49,3.55,3.58,3.60,3.64,3.74,3.82,3.79,3.62,3.47,3.37,3.37,3.42,3.45,3.39,3.37,3.40,3.49,3.53,3.56,3.59,3.63,3.68,3.72,3.75,3.61,3.04,3.43,3.49,3.44,3.47,3.50,3.53,3.56,3.59,3.62,3.64,3.63,3.61,3.57,3.41,3.45,3.52,3.52,3.45,3.43,3.43,3.44,3.44,3.44,3.44,3.44
8.63,8.65,8.84,8.98,9.02,9.06,9.30,9.51,9.66,9.72,9.70,9.65,9.47,9.19,8.92,8.86,9.21,9.41,9.35,9.00,8.87,8.87,8.96,9.06,9.00,8.86,8.73,8.63,8.49,8.43,8.19,7.86,7.58,7.47,7.38,7.31,7.29,7.00,6.99,6.99,6.98,6.99,6.98,6.97,6.98,7.08,7.62,8.33,9.09,9.81,10.40,10.45,10.39,9.83,8.30,5.37,4.64,4.59,4.53,4.50,4.45,4.37,4.31,4.33,4.33,4.35,4.39,4.45,4.76,4.87,5.08,5.33,5.35,5.33,5.06,4.76,4.73,4.74,4.64,4.66,5.03,6.10,6.95,7.36,6.52,1.69,1.55,1.54,1.55,1.56,1.55,1.55,1.55,1.55,1.55,1.56,1.56,1.62,1.87,3.27,3.11,3.02,3.10,3.18,3.23,3.21,3.14,3.08,3.08,3.22,3.43,3.65,3.72,3.31,3.32,3.74,3.71,3.72,3.70,3.69,3.75,3.79,3.76,3.72,3.72,3.71,3.70,3.71,3.74,3.74,3.75,3.76,3.77,3.81,3.82,3.77,3.77,3.82,3.86,3.90,3.95,3.94,3.84,3.51,3.56,3.68,3.69,3.71,3.53,3.48,3.56,3.64,3.50,3.53,3.63,3.69,3.67,3.64,3.57,3.47,3.48,3.53,3.58,3.61,3.61,3.55,3.49,3.45,3.45,3.44,3.44,3.44,3.46,3.51,3.47,3.44,3.43,3.42,3.33,3.31,3.32,3.33,3.35,3.35,3.37,3.41,3.45,3.45,3.46,3.47,3.46,3.45,3.43,3.43,3.44,3.43,3.43,3.43,3.44,3.45,3.47,3.46,3.44,3.43,3.44,3.46,3.47,3.49,3.52,3.59,3.66,3.65,3.53,3.44,3.37,3.35,3.39,3.45,3.34,3.32,3.39,3.51,3.56,3.58,3.61,3.65,3.70,3.74,3.76,3.68,3.39,3.41,3.36,3.32,3.35,3.38,3.40,3.43,3.46,3.49,3.52,3.54,3.55,3.54,3.35,3.38,3.43,3.44,3.45,3.45,3.44,3.44,3.43,3.43,3.42,3.42
8.62,8.66,8.75,8.91,9.00,9.04,9.18,9.35,9.52,9.62,9.62,9.65,9.50,9.26,9.00,8.85,9.08,9.21,9.16,8.91,8.86,8.81,8.84,8.94,8.91,8.78,8.69,8.63,8.48,8.33,7.98,7.58,7.33,7.32,7.28,7.28,7.33,7.00,6.98,6.97,6.97,6.98,6.97,6.97,7.02,7.18,7.79,8.49,9.23,9.94,10.46,10.43,10.14,9.45,8.14,5.28,4.61,4.59,4.53,4.52,4.48,4.41,4.35,4.38,4.38,4.39,4.39,4.44,4.75,4.87,5.05,5.26,5.26,5.24,4.98,4.69,4.66,4.65,4.58,4.57,4.82,5.84,6.70,7.25,6.33,2.12,1.66,1.54,1.54,1.54,1.55,1.55,1.55,1.55,1.55,1.56,1.55,1.57,1.69,3.28,3.12,3.03,3.05,3.13,3.20,3.21,3.15,3.08,3.05,3.16,3.36,3.59,3.79,3.45,3.41,3.72,3.70,3.71,3.70,3.70,3.74,3.78,3.75,3.72,3.71,3.70,3.72,3.74,3.74,3.74,3.76,3.78,3.81,3.82,3.80,3.75,3.74,3.76,3.81,3.85,3.89,3.89,3.81,3.60,3.62,3.68,3.69,3.72,3.72,3.69,3.66,3.62,3.50,3.53,3.64,3.69,3.65,3.61,3.55,3.48,3.52,3.59,3.65,3.70,3.71,3.65,3.60,3.57,3.56,3.56,3.55,3.53,3.53,3.60,3.58,3.54,3.52,3.53,3.42,3.41,3.41,3.41,3.43,3.42,3.45,3.50,3.50,3.47,3.48,3.47,3.43,3.40,3.37,3.37,3.38,3.37,3.36,3.36,3.36,3.36,3.38,3.40,3.40,3.38,3.39,3.38,3.38,3.38,3.39,3.43,3.47,3.48,3.43,3.37,3.35,3.35,3.37,3.42,3.29,3.30,3.40,3.54,3.60,3.62,3.64,3.68,3.72,3.76,3.76,3.71,3.58,3.44,3.30,3.23,3.24,3.27,3.30,3.33,3.36,3.39,3.42,3.45,3.48,3.49,3.29,3.33,3.39,3.40,3.44,3.44,3.43,3.43,3.42,3.42,3.41,3.42
8.60,8.66,8.67,8.79,8.93,9.02,8.98,9.17,9.39,9.53,9.53,9.55,9.41,9.24,9.10,8.97,8.89,8.86,8.86,8.85,8.86,8.80,8.75,8.74,8.81,8.79,8.73,8.63,8.51,8.29,7.95,7.62,7.40,7.47,7.47,7.55,7.59,7.04,6.96,6.95,6.95,6.98,6.98,6.98,7.07,7.31,7.87,8.51,9.26,10.00,10.49,10.33,9.59,8.45,7.04,4.92,4.51,4.57,4.53,4.56,4.51,4.48,4.48,4.52,4.50,4.46,4.43,4.44,4.72,4.88,5.00,5.09,5.10,5.07,4.91,4.74,4.65,4.54,4.53,4.53,4.64,5.59,6.40,7.03,6.46,3.11,1.88,1.52,1.54,1.55,1.55,1.54,1.55,1.56,1.54,1.57,1.56,1.62,1.87,2.62,3.14,3.08,3.00,3.08,3.16,3.18,3.15,3.09,3.05,3.14,3.28,3.43,3.74,3.74,3.71,3.72,3.71,3.70,3.70,3.70,3.70,3.74,3.73,3.72,3.71,3.72,3.74,3.73,3.71,3.76,3.75,3.80,3.86,3.83,3.76,3.73,3.71,3.72,3.75,3.74,3.73,3.74,3.71,3.68,3.68,3.68,3.68,3.71,3.74,3.72,3.65,3.58,3.49,3.53,3.62,3.69,3.65,3.59,3.54,3.51,3.53,3.62,3.70,3.74,3.76,3.67,3.63,3.62,3.61,3.61,3.59,3.56,3.56,3.61,3.63,3.62,3.61,3.63,3.58,3.60,3.60,3.56,3.57,3.52,3.52,3.55,3.54,3.53,3.53,3.50,3.42,3.36,3.34,3.34,3.34,3.34,3.34,3.34,3.34,3.34,3.33,3.34,3.35,3.36,3.34,3.33,3.31,3.29,3.27,3.26,3.26,3.28,3.31,3.25,3.32,3.36,3.36,3.35,3.25,3.30,3.44,3.58,3.63,3.66,3.67,3.70,3.76,3.77,3.76,3.72,3.60,3.51,3.33,3.18,3.15,3.18,3.21,3.24,3.27,3.31,3.34,3.37,3.40,3.42,3.22,3.30,3.40,3.41,3.41,3.40,3.39,3.40,3.41,3.41,3.42,3.42
8.57,8.63,8.60,8.69,8.82,8.93,8.87,9.00,9.18,9.32,9.36,9.34,9.26,9.18,9.11,9.05,9.08,9.08,9.01,8.88,8.81,8.86,8.90,8.86,8.91,8.80,8.69,8.61,8.62,8.38,8.06,7.71,7.41,7.45,7.77,7.96,7.84,7.49,7.42,7.30,7.15,7.02,7.07,7.25,7.48,7.65,8.20,8.70,9.36,10.02,10.21,10.29,9.62,8.38,6.84,4.85,4.43,4.46,4.44,4.46,4.43,4.43,4.44,4.47,4.46,4.44,4.45,4.52,4.70,4.79,4.86,4.93,4.94,4.89,4.79,4.70,4.65,4.53,4.51,4.47,4.55,5.42,6.19,6.90,6.78,4.61,4.15,2.14,1.55,1.55,1.55,1.55,1.56,1.57,1.56,1.57,1.56,1.60,1.78,2.21,3.15,3.09,2.97,3.05,3.13,3.19,3.20,3.15,3.08,3.08,3.13,3.23,3.42,3.47,3.48,3.48,3.50,3.47,3.50,3.56,3.59,3.64,3.67,3.69,3.71,3.71,3.74,3.73,3.70,3.70,3.68,3.73,3.79,3.81,3.74,3.72,3.71,3.71,3.74,3.73,3.74,3.74,3.72,3.70,3.71,3.68,3.58,3.59,3.60,3.58,3.54,3.50,3.47,3.53,3.61,3.66,3.61,3.56,3.52,3.52,3.57,3.66,3.72,3.74,3.72,3.66,3.63,3.63,3.62,3.62,3.60,3.57,3.57,3.61,3.63,3.63,3.64,3.66,3.66,3.67,3.57,3.39,3.46,3.55,3.58,3.56,3.56,3.52,3.52,3.53,3.50,3.45,3.45,3.44,3.40,3.38,3.36,3.34,3.33,3.30,3.28,3.28,3.29,3.30,3.31,3.30,3.29,3.28,3.27,3.27,3.28,3.29,3.31,3.25,3.29,3.32,3.34,3.31,3.29,3.37,3.50,3.61,3.64,3.67,3.69,3.72,3.76,3.79,3.79,3.75,3.68,3.71,3.61,3.44,3.25,3.15,3.15,3.18,3.21,3.25,3.28,3.31,3.36,3.42,3.26,3.32,3.39,3.39,3.40,3.40,3.40,3.40,3.41,3.41,3.42,3.42
8.58,8.61,8.57,8.62,8.74,8.85,8.81,8.86,8.97,9.09,9.17,9.14,9.13,9.12,9.11,9.11,9.24,9.28,9.18,8.90,8.77,8.92,9.05,9.00,9.01,8.80,8.64,8.61,8.71,8.47,8.11,7.73,7.42,7.42,7.96,8.24,8.05,7.88,7.60,7.40,7.27,7.14,7.19,7.37,7.65,8.03,8.54,8.94,9.46,9.96,9.99,10.25,9.78,8.59,6.81,4.86,4.38,4.37,4.37,4.37,4.36,4.37,4.39,4.42,4.41,4.41,4.46,4.59,4.68,4.70,4.74,4.78,4.80,4.73,4.68,4.66,4.64,4.54,4.48,4.42,4.51,5.32,6.06,6.82,7.10,6.07,4.94,3.09,1.70,1.55,1.55,1.55,1.56,1.58,1.58,1.57,1.56,1.58,1.68,1.88,3.16,3.09,2.96,3.03,3.12,3.19,3.23,3.20,3.11,3.04,3.02,3.08,3.13,3.19,3.22,3.23,3.26,3.24,3.31,3.41,3.47,3.52,3.56,3.59,3.62,3.63,3.68,3.69,3.66,3.62,3.59,3.63,3.70,3.77,3.73,3.72,3.72,3.72,3.73,3.74,3.75,3.76,3.73,3.71,3.74,3.69,3.54,3.53,3.49,3.48,3.48,3.45,3.47,3.54,3.61,3.63,3.58,3.53,3.51,3.53,3.61,3.68,3.73,3.73,3.69,3.64,3.63,3.63,3.62,3.63,3.60,3.58,3.57,3.62,3.63,3.64,3.65,3.67,3.70,3.71,3.51,3.19,3.29,3.56,3.63,3.56,3.56,3.51,3.53,3.56,3.56,3.54,3.55,3.53,3.48,3.45,3.41,3.38,3.35,3.31,3.28,3.28,3.27,3.27,3.30,3.30,3.30,3.30,3.28,3.31,3.33,3.33,3.32,3.26,3.26,3.30,3.32,3.29,3.32,3.43,3.54,3.61,3.62,3.66,3.70,3.73,3.76,3.81,3.80,3.76,3.74,3.84,3.80,3.63,3.36,3.15,3.11,3.13,3.16,3.19,3.22,3.26,3.33,3.42,3.26,3.32,3.38,3.38,3.40,3.40,3.40,3.40,3.41,3.42,3.42,3.42
8.68,8.58,8.59,8.62,8.74,8.86,8.82,8.81,8.81,8.86,8.98,9.02,9.05,9.08,9.11,9.14,9.20,9.25,9.19,8.88,8.76,8.94,9.10,9.07,9.04,8.75,8.59,8.62,8.71,8.48,7.97,7.53,7.44,7.42,7.83,8.13,8.13,7.94,7.84,7.76,7.67,7.57,7.62,7.77,8.05,8.46,8.81,9.24,9.53,9.75,10.11,10.20,10.07,9.13,6.90,4.92,4.40,4.36,4.36,4.37,4.36,4.37,4.38,4.40,4.39,4.37,4.44,4.61,4.69,4.69,4.70,4.71,4.69,4.64,4.61,4.60,4.61,4.54,4.43,4.40,4.59,5.41,6.09,6.81,7.34,7.19,7.08,4.64,2.23,1.54,1.53,1.54,1.56,1.57,1.60,1.58,1.56,1.57,1.62,1.80,3.17,3.10,2.98,3.04,3.12,3.17,3.20,3.21,3.16,3.11,3.07,3.05,3.04,3.07,3.07,3.04,3.03,3.09,3.19,3.28,3.31,3.34,3.33,3.30,3.29,3.35,3.47,3.53,3.52,3.51,3.48,3.52,3.61,3.69,3.73,3.74,3.74,3.73,3.73,3.74,3.75,3.75,3.74,3.75,3.74,3.72,3.70,3.67,3.51,3.49,3.55,3.50,3.50,3.56,3.61,3.61,3.57,3.52,3.52,3.57,3.62,3.68,3.72,3.73,3.68,3.63,3.63,3.63,3.62,3.64,3.61,3.58,3.58,3.62,3.63,3.64,3.64,3.66,3.70,3.71,3.47,3.06,3.04,3.50,3.65,3.57,3.51,3.53,3.57,3.58,3.55,3.54,3.56,3.56,3.56,3.57,3.54,3.51,3.47,3.44,3.41,3.39,3.36,3.34,3.36,3.38,3.38,3.36,3.30,3.34,3.35,3.33,3.30,3.24,3.26,3.31,3.33,3.26,3.28,3.39,3.50,3.51,3.51,3.61,3.70,3.73,3.76,3.79,3.77,3.72,3.69,3.73,3.67,3.54,3.39,3.22,3.11,3.08,3.11,3.14,3.16,3.23,3.33,3.41,3.09,3.22,3.38,3.38,3.39,3.40,3.40,3.40,3.41,3.42,3.42,3.42
8.73,8.55,8.60,8.59,8.71,8.88,8.84,8.83,8.80,8.81,8.91,8.99,9.05,9.10,9.13,9.14,9.14,9.18,9.13,8.81,8.76,8.91,9.05,9.06,8.99,8.68,8.48,8.48,8.61,8.42,8.00,7.68,7.72,7.72,7.96,8.16,8.22,8.19,8.14,8.09,8.04,8.00,8.06,8.22,8.46,8.75,9.03,9.42,9.65,9.79,10.13,10.20,10.20,9.33,6.96,4.96,4.41,4.35,4.35,4.36,4.36,4.36,4.38,4.39,4.38,4.36,4.43,4.61,4.66,4.63,4.65,4.69,4.64,4.63,4.61,4.61,4.63,4.54,4.37,4.33,4.62,5.58,6.36,7.02,7.47,7.61,7.79,5.29,2.60,1.54,1.54,1.54,1.55,1.57,1.59,1.58,1.58,1.58,1.60,1.73,3.15,3.08,2.97,3.04,3.11,3.16,3.20,3.19,3.13,3.10,3.07,3.02,3.00,3.02,3.02,3.00,3.00,3.05,3.12,3.17,3.17,3.19,3.17,3.14,3.12,3.22,3.31,3.37,3.39,3.40,3.37,3.40,3.46,3.55,3.66,3.68,3.70,3.74,3.74,3.75,3.76,3.75,3.74,3.75,3.74,3.74,3.76,3.73,3.49,3.45,3.56,3.51,3.52,3.58,3.62,3.59,3.56,3.51,3.52,3.58,3.64,3.69,3.72,3.72,3.67,3.63,3.62,3.63,3.62,3.64,3.61,3.59,3.59,3.62,3.63,3.64,3.64,3.65,3.69,3.70,3.55,3.29,3.29,3.58,3.65,3.56,3.49,3.51,3.55,3.56,3.53,3.52,3.54,3.55,3.57,3.59,3.59,3.57,3.54,3.54,3.54,3.50,3.47,3.44,3.44,3.46,3.46,3.43,3.38,3.40,3.39,3.35,3.28,3.19,3.24,3.30,3.31,3.22,3.30,3.38,3.42,3.40,3.45,3.58,3.67,3.70,3.73,3.73,3.68,3.61,3.55,3.53,3.46,3.35,3.23,3.15,3.08,3.05,3.06,3.08,3.10,3.17,3.25,3.25,3.00,3.17,3.35,3.39,3.39,3.39,3.40,3.40,3.40,3.42,3.42,3.43
8.74,8.53,8.60,8.54,8.68,8.90,8.85,8.86,8.84,8.85,8.91,9.01,9.09,9.15,9.16,9.12,9.07,9.08,9.02,8.74,8.78,8.87,8.97,9.03,8.90,8.59,8.35,8.29,8.47,8.34,8.10,7.97,8.10,8.15,8.22,8.27,8.34,8.50,8.46,8.41,8.39,8.42,8.49,8.68,8.86,8.98,9.23,9.56,9.80,9.95,10.12,10.24,10.21,9.32,6.95,4.97,4.40,4.34,4.34,4.34,4.34,4.36,4.38,4.38,4.36,4.35,4.43,4.60,4.62,4.56,4.59,4.69,4.63,4.64,4.64,4.64,4.66,4.54,4.31,4.26,4.63,5.76,6.72,7.29,7.55,7.69,7.71,5.38,2.79,1.55,1.57,1.55,1.55,1.57,1.57,1.58,1.59,1.59,1.59,1.70,3.08,3.04,2.93,3.03,3.09,3.16,3.19,3.13,3.07,3.05,3.04,3.00,3.00,3.00,3.00,3.02,3.05,3.07,3.08,3.07,3.06,3.07,3.07,3.04,3.03,3.17,3.19,3.22,3.26,3.29,3.25,3.26,3.30,3.37,3.54,3.59,3.64,3.72,3.74,3.76,3.77,3.76,3.73,3.72,3.74,3.76,3.75,3.74,3.45,3.40,3.54,3.50,3.52,3.60,3.64,3.58,3.55,3.50,3.52,3.59,3.65,3.69,3.72,3.72,3.67,3.62,3.62,3.63,3.62,3.64,3.61,3.60,3.60,3.63,3.63,3.64,3.64,3.65,3.67,3.68,3.68,3.67,3.72,3.71,3.64,3.55,3.48,3.46,3.50,3.52,3.51,3.50,3.51,3.53,3.54,3.57,3.60,3.59,3.59,3.62,3.65,3.61,3.57,3.54,3.51,3.55,3.54,3.50,3.50,3.45,3.42,3.36,3.25,3.14,3.22,3.29,3.27,3.16,3.33,3.36,3.32,3.30,3.42,3.55,3.64,3.66,3.69,3.64,3.56,3.47,3.38,3.29,3.22,3.13,3.00,3.03,3.04,3.02,2.99,3.00,3.04,3.10,3.12,3.04,2.94,3.13,3.32,3.39,3.39,3.39,3.39,3.39,3.39,3.41,3.42,3.43
8.74,8.57,8.59,8.53,8.64,8.84,8.86,8.83,8.90,9.01,9.08,9.09,9.17,9.19,9.15,9.10,9.05,9.00,8.91,8.72,8.77,8.86,8.96,9.00,8.87,8.42,8.24,8.34,8.34,8.28,8.15,8.11,8.31,8.44,8.44,8.49,8.62,8.70,8.68,8.66,8.65,8.67,8.82,8.96,9.07,9.18,9.47,9.82,10.01,10.09,10.29,10.36,9.99,8.74,6.35,4.70,4.31,4.31,4.31,4.19,4.20,4.27,4.33,4.33,4.34,4.33,4.40,4.59,4.58,4.52,4.52,4.57,4.54,4.53,4.52,4.54,4.60,4.56,4.33,4.25,4.57,5.63,6.70,7.34,7.61,7.74,6.38,3.94,1.99,1.55,1.59,1.59,1.58,1.58,1.59,1.59,1.57,1.57,1.59,2.27,2.76,2.98,2.93,3.03,3.11,3.14,3.12,3.06,3.00,2.95,2.93,2.96,3.03,3.00,2.97,2.97,2.99,3.01,3.02,3.03,3.05,3.06,3.06,3.06,3.08,3.13,3.13,3.11,3.10,3.12,3.14,3.15,3.15,3.18,3.30,3.38,3.47,3.56,3.62,3.70,3.74,3.75,3.74,3.69,3.71,3.73,3.70,3.72,3.46,3.45,3.59,3.46,3.52,3.59,3.62,3.57,3.53,3.48,3.50,3.58,3.60,3.68,3.71,3.71,3.66,3.62,3.61,3.62,3.62,3.63,3.61,3.60,3.61,3.63,3.64,3.64,3.65,3.66,3.67,3.69,3.70,3.71,3.75,3.72,3.64,3.55,3.47,3.46,3.48,3.49,3.49,3.49,3.51,3.53,3.54,3.55,3.58,3.59,3.60,3.61,3.65,3.62,3.54,3.44,3.45,3.56,3.59,3.57,3.56,3.47,3.43,3.36,3.22,3.19,3.27,3.30,3.24,3.13,3.26,3.30,3.29,3.29,3.46,3.55,3.60,3.62,3.60,3.52,3.43,3.34,3.25,3.15,3.08,3.03,3.00,2.95,2.94,2.91,2.88,2.94,2.96,2.98,2.98,2.94,2.88,3.12,3.33,3.37,3.38,3.38,3.39,3.39,3.39,3.41,3.42,3.42
8.74,8.62,8.57,8.53,8.62,8.79,8.86,8.82,8.93,9.09,9.20,9.20,9.24,9.23,9.15,9.11,9.04,8.96,8.85,8.69,8.76,8.86,8.94,8.97,8.83,8.36,8.22,8.41,8.47,8.39,8.25,8.26,8.55,8.70,8.66,8.67,8.80,8.83,8.85,8.87,8.88,8.87,9.06,9.16,9.25,9.38,9.62,9.90,10.10,10.23,10.44,10.47,9.79,8.17,5.58,4.48,4.26,4.30,4.28,4.16,4.14,4.20,4.27,4.25,4.28,4.28,4.33,4.46,4.46,4.43,4.43,4.46,4.47,4.46,4.45,4.47,4.54,4.58,4.34,4.22,4.46,5.27,6.28,6.99,7.44,7.80,5.01,2.79,1.60,1.57,1.60,1.61,1.60,1.59,1.60,1.59,1.57,1.56,1.60,2.60,2.80,2.94,2.93,3.02,3.11,3.12,3.06,2.97,2.90,2.89,2.92,2.98,3.10,3.07,3.02,3.00,3.00,3.02,3.03,3.02,3.01,3.01,3.01,3.03,3.06,3.06,3.07,3.06,3.04,3.05,3.09,3.10,3.09,3.09,3.15,3.21,3.29,3.37,3.40,3.47,3.54,3.59,3.59,3.56,3.61,3.63,3.58,3.65,3.48,3.47,3.56,3.45,3.53,3.59,3.60,3.56,3.51,3.48,3.52,3.59,3.60,3.68,3.71,3.70,3.66,3.61,3.61,3.62,3.62,3.62,3.61,3.61,3.62,3.63,3.64,3.65,3.65,3.65,3.67,3.69,3.71,3.74,3.76,3.70,3.62,3.54,3.45,3.45,3.46,3.48,3.48,3.49,3.51,3.53,3.54,3.54,3.57,3.58,3.59,3.60,3.64,3.61,3.52,3.42,3.45,3.56,3.61,3.59,3.59,3.50,3.43,3.34,3.22,3.21,3.28,3.29,3.21,3.13,3.23,3.27,3.28,3.29,3.47,3.53,3.55,3.55,3.49,3.40,3.30,3.22,3.14,3.05,2.98,2.95,2.97,2.84,2.82,2.79,2.77,2.85,2.86,2.88,2.89,2.85,2.85,3.13,3.33,3.35,3.36,3.36,3.37,3.38,3.38,3.40,3.41,3.40
8.75,8.67,8.54,8.52,8.61,8.75,8.84,8.83,8.94,9.10,9.26,9.31,9.33,9.27,9.17,9.13,9.03,8.95,8.85,8.64,8.74,8.84,8.91,8.93,8.78,8.41,8.29,8.48,8.87,8.65,8.40,8.40,8.82,8.92,8.86,8.82,8.86,8.87,8.96,9.03,9.05,9.03,9.19,9.30,9.41,9.57,9.69,9.82,10.07,10.38,10.58,10.56,9.62,7.59,4.65,4.31,4.28,4.30,4.27,4.26,4.15,4.15,4.19,4.15,4.19,4.20,4.21,4.23,4.26,4.29,4.32,4.35,4.40,4.42,4.43,4.44,4.47,4.60,4.33,4.16,4.29,4.68,5.46,6.26,7.05,7.89,3.61,1.91,1.60,1.59,1.60,1.61,1.61,1.59,1.61,1.60,1.59,1.58,1.61,3.26,3.08,2.93,2.93,3.01,3.11,3.09,2.99,2.87,2.80,2.88,3.00,3.07,3.21,3.21,3.16,3.10,3.08,3.09,3.09,3.04,2.92,2.91,2.93,2.96,2.98,2.96,3.02,3.07,3.09,3.10,3.11,3.12,3.12,3.11,3.10,3.10,3.11,3.13,3.10,3.08,3.16,3.26,3.28,3.35,3.43,3.45,3.42,3.52,3.51,3.49,3.47,3.49,3.55,3.58,3.57,3.54,3.48,3.50,3.57,3.64,3.64,3.69,3.71,3.69,3.67,3.61,3.61,3.62,3.63,3.63,3.62,3.61,3.62,3.63,3.64,3.65,3.65,3.64,3.67,3.69,3.71,3.74,3.76,3.65,3.57,3.52,3.44,3.44,3.46,3.47,3.48,3.49,3.51,3.53,3.54,3.55,3.56,3.57,3.58,3.59,3.62,3.60,3.53,3.46,3.48,3.56,3.58,3.57,3.58,3.55,3.43,3.30,3.24,3.21,3.25,3.24,3.18,3.18,3.23,3.27,3.29,3.30,3.44,3.49,3.49,3.45,3.36,3.27,3.18,3.10,3.06,2.98,2.90,2.88,2.90,2.72,2.68,2.68,2.68,2.76,2.75,2.82,2.84,2.75,2.85,3.14,3.32,3.32,3.33,3.34,3.35,3.36,3.37,3.38,3.39,3.39
8.75,8.69,8.53,8.52,8.57,8.66,8.84,8.85,8.92,9.05,9.20,9.31,9.31,9.26,9.18,9.13,8.99,8.87,8.75,8.60,8.76,8.90,8.98,8.94,8.64,8.43,8.45,8.72,9.10,8.80,8.76,8.87,8.94,8.89,8.78,8.73,8.78,8.84,8.95,9.04,9.09,9.14,9.25,9.36,9.49,9.65,9.67,9.83,10.16,10.54,10.70,10.40,9.06,6.91,4.41,4.29,4.27,4.27,4.26,4.26,4.15,4.14,4.19,4.18,2.34,1.90,2.68,4.17,4.18,4.20,4.22,4.23,4.27,4.30,4.30,4.31,4.35,4.40,4.21,4.12,4.27,4.58,5.15,6.11,7.20,7.94,3.40,1.75,1.57,1.57,1.58,1.61,1.61,1.59,1.61,1.61,1.60,1.59,1.60,3.18,3.00,2.89,2.95,3.02,3.09,3.05,2.93,2.83,2.80,2.90,3.05,3.18,3.26,3.28,3.33,3.37,3.31,3.18,3.14,3.13,3.06,3.04,3.06,3.08,3.09,3.04,3.07,3.09,3.08,3.02,3.08,3.08,3.06,3.07,3.07,3.07,3.09,3.11,3.10,3.09,3.13,3.17,3.17,3.20,3.25,3.27,3.24,3.26,3.29,3.34,3.41,3.50,3.57,3.59,3.57,3.51,3.46,3.50,3.57,3.62,3.64,3.65,3.67,3.68,3.69,3.61,3.60,3.62,3.63,3.63,3.62,3.62,3.63,3.63,3.64,3.65,3.65,3.64,3.66,3.69,3.71,3.72,3.73,3.64,3.56,3.49,3.43,3.46,3.47,3.47,3.48,3.48,3.51,3.53,3.54,3.55,3.56,3.57,3.58,3.59,3.61,3.60,3.57,3.53,3.54,3.56,3.56,3.56,3.57,3.58,3.44,3.30,3.23,3.21,3.24,3.21,3.16,3.19,3.15,3.22,3.30,3.31,3.41,3.43,3.40,3.33,3.25,3.19,3.12,3.04,2.98,2.90,2.83,2.80,2.81,2.63,2.61,2.61,2.63,2.70,2.69,2.79,2.87,2.78,2.92,3.18,3.33,3.33,3.33,3.33,3.34,3.35,3.35,3.36,3.37,3.38
8.57,8.71,8.53,8.53,8.53,8.58,8.83,8.86,8.91,9.00,9.12,9.26,9.26,9.22,9.17,9.11,8.97,8.82,8.68,8.56,8.80,8.95,9.01,8.93,8.54,8.49,8.67,9.01,9.37,9.09,9.26,9.50,9.35,9.20,9.06,8.95,8.90,8.97,9.05,9.13,9.19,9.27,9.33,9.42,9.54,9.69,9.68,9.88,10.27,10.68,10.82,10.05,8.33,6.21,4.33,4.28,4.25,4.25,4.25,4.26,4.16,4.14,4.18,4.19,1.57,0.94,2.03,4.09,3.85,3.46,3.28,3.36,3.50,3.63,3.75,3.91,4.15,4.21,4.10,4.08,4.25,4.55,5.04,6.11,7.26,7.54,3.25,1.71,1.55,1.56,1.56,1.60,1.61,1.60,1.61,1.60,1.60,1.59,1.60,3.06,2.92,2.86,2.96,3.02,3.07,3.01,2.89,2.79,2.82,2.94,3.11,3.28,3.27,3.34,3.46,3.57,3.43,3.23,3.17,3.19,3.17,3.16,3.18,3.19,3.19,3.14,3.14,3.15,3.13,3.01,3.10,3.09,3.06,3.08,3.09,3.08,3.08,3.09,3.10,3.11,3.11,3.11,3.10,3.11,3.13,3.15,3.14,3.10,3.15,3.25,3.38,3.51,3.59,3.60,3.58,3.51,3.46,3.49,3.54,3.58,3.61,3.59,3.61,3.65,3.67,3.60,3.60,3.62,3.63,3.63,3.62,3.62,3.63,3.63,3.65,3.66,3.65,3.63,3.66,3.68,3.68,3.67,3.68,3.63,3.56,3.48,3.44,3.47,3.47,3.47,3.47,3.48,3.51,3.53,3.54,3.55,3.56,3.57,3.57,3.58,3.60,3.60,3.59,3.58,3.57,3.56,3.55,3.55,3.57,3.60,3.44,3.26,3.19,3.21,3.23,3.19,3.13,3.19,3.12,3.20,3.31,3.31,3.37,3.37,3.32,3.23,3.17,3.12,3.06,2.98,2.91,2.83,2.75,2.71,2.71,2.56,2.54,2.55,2.58,2.65,2.63,2.78,2.90,2.83,2.99,3.22,3.34,3.34,3.33,3.33,3.34,3.34,3.34,3.34,3.35,3.36
8.00,8.73,8.55,8.54,8.51,8.53,8.79,8.85,8.91,8.97,9.03,9.14,9.16,9.14,9.10,9.07,8.98,8.83,8.66,8.54,8.88,8.98,8.95,8.85,8.53,8.67,8.99,9.39,9.80,9.71,10.02,10.39,10.43,10.31,10.24,9.93,9.44,9.44,9.44,9.43,9.43,9.45,9.48,9.51,9.57,9.68,9.78,10.00,10.38,10.79,10.94,9.30,7.29,5.51,4.44,4.26,4.25,4.26,4.24,4.24,4.18,4.15,4.14,4.12,3.61,3.49,3.68,3.92,2.90,1.24,0.52,0.84,1.33,1.80,2.30,2.93,3.78,4.08,4.05,4.04,4.22,4.56,5.27,6.32,6.99,6.14,2.93,1.75,1.59,1.56,1.55,1.59,1.60,1.60,1.59,1.57,1.59,1.60,1.60,3.01,2.91,2.87,2.95,3.02,3.04,2.99,2.87,2.73,2.84,3.01,3.19,3.32,3.23,3.37,3.53,3.56,3.32,3.18,3.16,3.19,3.19,3.18,3.24,3.26,3.24,3.29,3.25,3.26,3.28,3.21,3.24,3.23,3.21,3.20,3.18,3.14,3.07,3.00,3.01,3.03,3.05,3.06,3.08,3.11,3.13,3.16,3.19,3.21,3.25,3.33,3.43,3.52,3.60,3.64,3.62,3.56,3.50,3.45,3.45,3.50,3.52,3.51,3.54,3.58,3.58,3.57,3.59,3.62,3.63,3.63,3.62,3.62,3.63,3.64,3.66,3.66,3.65,3.63,3.66,3.64,3.60,3.57,3.61,3.60,3.57,3.51,3.45,3.47,3.47,3.47,3.46,3.48,3.51,3.53,3.55,3.56,3.57,3.57,3.58,3.59,3.60,3.60,3.58,3.55,3.56,3.56,3.55,3.56,3.60,3.60,3.38,3.16,3.10,3.19,3.23,3.17,3.09,3.18,3.23,3.28,3.31,3.31,3.31,3.29,3.26,3.20,3.13,3.06,2.99,2.91,2.83,2.75,2.68,2.63,2.62,2.52,2.49,2.49,2.52,2.59,2.57,2.77,2.94,2.88,3.06,3.25,3.35,3.35,3.34,3.34,3.34,3.35,3.35,3.35,3.35,3.35
7.50,8.72,8.58,8.54,8.50,8.50,8.72,8.82,8.87,8.90,8.94,9.04,9.06,9.06,9.05,9.00,8.90,8.75,8.61,8.58,8.87,8.95,8.92,8.86,8.64,8.86,9.25,9.71,10.19,10.34,10.25,10.25,10.60,10.58,10.50,10.18,9.76,9.92,9.96,9.91,9.86,9.90,9.81,9.73,9.72,9.79,9.90,10.11,10.46,10.81,10.89,9.65,8.18,6.44,4.42,4.26,4.25,4.26,4.25,4.26,4.21,4.18,4.17,4.16,4.24,4.26,4.21,4.05,3.38,2.27,1.77,1.97,2.27,2.55,2.87,3.37,4.14,4.09,4.00,4.04,4.25,4.60,5.47,6.52,6.91,5.38,2.76,1.75,1.58,1.56,1.56,1.58,1.60,1.61,1.59,1.59,1.59,1.72,2.10,2.93,2.88,2.87,2.96,3.03,3.02,2.95,2.83,2.69,2.86,3.07,3.25,3.37,3.35,3.46,3.56,3.56,3.38,3.26,3.21,3.20,3.20,3.20,3.23,3.25,3.24,3.28,3.27,3.29,3.34,3.33,3.34,3.35,3.34,3.33,3.30,3.25,3.18,3.13,3.14,3.12,3.11,3.13,3.16,3.15,3.12,3.12,3.17,3.21,3.27,3.36,3.47,3.54,3.62,3.64,3.62,3.58,3.53,3.46,3.43,3.45,3.45,3.43,3.45,3.48,3.48,3.51,3.53,3.55,3.58,3.56,3.57,3.59,3.62,3.63,3.65,3.65,3.63,3.60,3.59,3.54,3.52,3.53,3.59,3.59,3.56,3.50,3.42,3.47,3.47,3.47,3.47,3.47,3.50,3.53,3.55,3.56,3.57,3.58,3.59,3.60,3.61,3.61,3.59,3.56,3.56,3.56,3.56,3.56,3.59,3.56,3.35,3.15,3.10,3.20,3.19,3.12,3.06,3.18,3.27,3.30,3.31,3.31,3.29,3.25,3.20,3.14,3.07,2.99,2.91,2.83,2.76,2.68,2.61,2.55,2.53,2.48,2.44,2.44,2.47,2.53,2.54,2.76,2.98,2.94,3.14,3.28,3.35,3.36,3.35,3.34,3.35,3.35,3.35,3.35,3.35,3.36
7.12,8.68,8.61,8.53,8.48,8.49,8.65,8.78,8.82,8.82,8.85,8.94,8.97,8.97,8.98,8.91,8.79,8.63,8.53,8.63,8.85,8.90,8.90,8.90,8.78,9.04,9.46,9.97,10.51,10.82,10.10,9.53,10.19,10.39,10.29,10.05,9.89,10.27,10.34,10.25,10.19,10.39,10.18,9.99,9.91,9.94,10.00,10.21,10.50,10.77,10.79,10.35,9.70,7.94,4.49,4.28,4.24,4.25,4.26,4.27,4.24,4.24,4.25,4.24,4.31,4.32,4.30,4.28,4.30,4.29,4.27,4.23,4.17,4.10,4.08,4.26,4.69,4.15,3.97,4.04,4.30,4.67,5.65,6.71,6.88,4.78,2.60,1.73,1.56,1.56,1.57,1.59,1.61,1.62,1.60,1.61,1.61,1.89,2.75,2.86,2.86,2.88,2.97,3.05,3.02,2.92,2.79,2.66,2.88,3.12,3.32,3.42,3.50,3.55,3.58,3.58,3.50,3.39,3.29,3.22,3.22,3.22,3.21,3.22,3.24,3.24,3.24,3.29,3.36,3.41,3.41,3.43,3.44,3.43,3.42,3.37,3.33,3.33,3.34,3.26,3.23,3.25,3.30,3.21,3.13,3.10,3.13,3.19,3.26,3.38,3.50,3.56,3.63,3.63,3.61,3.58,3.56,3.49,3.44,3.41,3.39,3.36,3.37,3.38,3.37,3.43,3.44,3.46,3.50,3.46,3.49,3.53,3.58,3.61,3.63,3.62,3.59,3.56,3.50,3.45,3.44,3.50,3.59,3.59,3.54,3.47,3.39,3.46,3.48,3.47,3.48,3.47,3.50,3.53,3.55,3.56,3.57,3.58,3.59,3.61,3.63,3.63,3.61,3.58,3.55,3.56,3.56,3.56,3.56,3.49,3.32,3.16,3.12,3.22,3.16,3.07,3.04,3.19,3.29,3.31,3.31,3.31,3.29,3.22,3.14,3.07,2.99,2.91,2.84,2.76,2.68,2.61,2.54,2.47,2.44,2.43,2.39,2.39,2.42,2.47,2.51,2.77,3.01,3.00,3.21,3.31,3.35,3.36,3.35,3.35,3.36,3.36,3.36,3.36,3.36,3.36
6.74,8.55,8.61,8.52,8.47,8.51,8.59,8.72,8.78,8.76,8.67,8.83,8.89,8.89,8.85,8.78,8.66,8.53,8.48,8.62,8.89,8.95,8.92,8.86,8.75,9.04,9.48,9.98,10.49,10.22,8.70,7.50,8.10,9.32,9.35,9.19,9.28,9.62,9.38,9.14,9.33,10.37,10.31,10.18,10.06,10.00,9.88,10.17,10.45,10.61,10.70,10.45,10.22,8.91,5.62,4.46,4.19,4.20,4.22,4.25,4.26,4.29,4.31,4.33,4.37,4.37,4.35,4.33,4.32,4.30,4.26,4.22,4.18,4.10,4.12,4.28,4.56,4.18,3.97,4.01,4.33,4.84,5.79,6.83,6.70,3.49,2.09,1.62,1.59,1.59,1.57,1.58,1.60,1.61,1.59,1.61,1.61,1.99,3.11,2.89,2.84,2.90,3.00,3.12,3.03,2.89,2.74,2.61,2.88,3.19,3.38,3.38,3.49,3.57,3.61,3.62,3.55,3.44,3.34,3.28,3.28,3.27,3.27,3.29,3.30,3.29,3.25,3.25,3.29,3.32,3.34,3.35,3.36,3.36,3.36,3.38,3.42,3.48,3.43,3.40,3.39,3.41,3.44,3.37,3.31,3.27,3.26,3.27,3.28,3.38,3.51,3.55,3.62,3.63,3.60,3.56,3.54,3.49,3.44,3.41,3.41,3.40,3.40,3.41,3.41,3.41,3.40,3.39,3.39,3.39,3.38,3.41,3.46,3.52,3.53,3.52,3.52,3.53,3.49,3.49,3.48,3.47,3.54,3.55,3.52,3.47,3.46,3.49,3.48,3.48,3.49,3.47,3.50,3.54,3.56,3.57,3.57,3.58,3.59,3.60,3.63,3.62,3.60,3.58,3.55,3.55,3.55,3.56,3.55,3.45,3.27,3.14,3.11,3.22,3.16,3.08,3.07,3.21,3.33,3.33,3.31,3.32,3.28,3.18,3.07,2.99,2.91,2.84,2.76,2.68,2.61,2.54,2.46,2.39,2.34,2.37,2.34,2.33,2.36,2.42,2.52,2.81,3.06,3.05,3.28,3.34,3.35,3.36,3.37,3.36,3.36,3.37,3.37,3.37,3.37,3.37
6.61,8.57,8.66,8.52,8.46,8.50,8.52,8.68,8.76,8.71,8.53,8.68,8.73,8.71,8.65,8.62,8.55,8.54,8.60,8.74,8.93,8.96,8.91,8.80,8.74,9.05,9.48,9.87,9.95,9.09,7.33,6.04,6.47,8.02,7.97,7.71,7.83,8.32,7.98,7.52,7.49,8.48,8.81,8.91,8.86,8.76,8.80,9.12,9.26,9.33,9.81,9.71,10.05,9.14,5.54,4.42,4.14,4.15,4.19,4.23,4.26,4.30,4.35,4.38,4.41,4.40,4.38,4.36,4.34,4.31,4.27,4.22,4.18,4.10,4.11,4.19,4.30,4.07,3.95,4.03,4.36,4.87,5.96,7.02,6.96,2.91,2.00,1.56,1.59,1.61,1.59,1.59,1.60,1.61,1.59,1.60,1.60,2.00,3.19,2.87,2.83,2.91,3.02,3.14,3.01,2.86,2.73,2.66,2.95,3.28,3.47,3.43,3.53,3.60,3.64,3.65,3.59,3.49,3.39,3.33,3.34,3.33,3.33,3.35,3.36,3.33,3.26,3.23,3.25,3.27,3.29,3.31,3.31,3.33,3.34,3.37,3.44,3.49,3.45,3.45,3.46,3.48,3.51,3.47,3.46,3.43,3.40,3.38,3.36,3.40,3.49,3.54,3.61,3.60,3.56,3.52,3.49,3.47,3.44,3.41,3.41,3.40,3.39,3.40,3.40,3.39,3.38,3.37,3.38,3.39,3.37,3.37,3.41,3.46,3.45,3.45,3.46,3.49,3.42,3.44,3.45,3.42,3.48,3.49,3.46,3.43,3.45,3.47,3.48,3.48,3.48,3.47,3.50,3.54,3.56,3.57,3.57,3.58,3.59,3.59,3.62,3.62,3.60,3.58,3.57,3.56,3.57,3.57,3.56,3.41,3.23,3.12,3.11,3.22,3.15,3.10,3.13,3.25,3.34,3.34,3.31,3.33,3.28,3.17,3.04,2.92,2.84,2.76,2.69,2.61,2.54,2.46,2.39,2.32,2.26,2.30,2.28,2.28,2.31,2.36,2.52,2.84,3.10,3.11,3.34,3.36,3.35,3.36,3.38,3.37,3.37,3.37,3.37,3.37,3.37,3.38
6.63,8.71,8.75,8.53,8.44,8.48,8.43,8.64,8.75,8.67,8.41,8.52,8.49,8.43,8.40,8.43,8.45,8.63,8.86,8.97,8.96,8.93,8.86,8.74,8.75,9.07,9.48,9.64,8.94,7.49,5.99,5.07,5.26,6.51,6.19,5.67,5.64,6.45,6.20,5.45,4.78,4.94,5.86,6.33,6.44,6.35,6.88,7.15,7.06,7.06,8.22,8.24,9.26,8.72,4.39,4.17,4.10,4.11,4.18,4.22,4.23,4.28,4.35,4.40,4.41,4.41,4.41,4.39,4.36,4.33,4.29,4.24,4.17,4.11,4.05,3.99,3.92,3.86,3.92,4.10,4.38,4.78,6.16,7.27,7.79,4.70,2.29,1.54,1.57,1.62,1.63,1.61,1.60,1.61,1.60,1.59,1.57,1.95,3.04,2.81,2.83,2.93,3.03,3.12,2.97,2.83,2.76,2.80,3.07,3.38,3.57,3.56,3.61,3.65,3.68,3.68,3.64,3.54,3.45,3.39,3.40,3.39,3.40,3.41,3.41,3.36,3.25,3.21,3.24,3.26,3.28,3.30,3.31,3.32,3.34,3.36,3.38,3.39,3.41,3.43,3.45,3.48,3.50,3.54,3.59,3.59,3.55,3.53,3.47,3.43,3.44,3.53,3.59,3.56,3.49,3.46,3.43,3.45,3.44,3.41,3.38,3.35,3.34,3.35,3.35,3.37,3.39,3.41,3.44,3.44,3.44,3.43,3.42,3.44,3.39,3.39,3.41,3.43,3.32,3.32,3.34,3.36,3.41,3.41,3.38,3.35,3.38,3.43,3.47,3.48,3.45,3.45,3.50,3.54,3.56,3.56,3.56,3.56,3.57,3.59,3.60,3.62,3.61,3.58,3.60,3.59,3.60,3.61,3.60,3.37,3.20,3.11,3.12,3.22,3.13,3.11,3.19,3.30,3.34,3.34,3.33,3.35,3.29,3.21,3.06,2.84,2.76,2.69,2.61,2.54,2.47,2.39,2.33,2.26,2.19,2.24,2.23,2.23,2.25,2.28,2.52,2.87,3.14,3.17,3.38,3.38,3.35,3.36,3.37,3.38,3.38,3.38,3.38,3.38,3.38,3.38
6.18,7.46,8.56,8.57,8.47,8.45,8.43,8.50,8.53,8.48,8.37,8.44,8.44,8.43,8.44,8.60,8.72,8.82,8.89,8.92,8.87,8.82,8.75,8.68,8.79,9.02,8.97,8.52,7.70,6.63,5.55,4.83,4.80,5.39,5.32,5.12,5.08,5.37,5.22,4.88,4.59,4.63,5.08,5.32,5.40,5.42,5.65,5.71,5.64,5.63,6.12,6.15,6.50,6.16,4.30,4.16,4.11,4.13,4.20,4.22,4.23,4.28,4.35,4.39,4.40,4.40,4.39,4.38,4.34,4.32,4.29,4.22,4.16,4.15,4.11,4.02,3.87,3.81,3.96,4.18,4.50,5.22,6.57,7.30,7.43,4.68,2.48,1.68,1.59,1.61,1.61,1.61,1.61,1.60,1.60,1.58,1.68,2.10,3.01,2.82,2.85,2.95,3.04,3.04,2.93,2.81,2.77,2.90,3.14,3.40,3.57,3.57,3.63,3.69,3.70,3.68,3.66,3.59,3.50,3.45,3.46,3.46,3.46,3.47,3.46,3.38,3.25,3.20,3.22,3.25,3.26,3.28,3.30,3.32,3.34,3.36,3.38,3.39,3.42,3.44,3.47,3.50,3.52,3.57,3.59,3.59,3.55,3.52,3.44,3.41,3.45,3.52,3.58,3.55,3.48,3.43,3.52,3.53,3.52,3.52,3.53,3.50,3.49,3.48,3.47,3.44,3.43,3.43,3.40,3.34,3.37,3.40,3.41,3.43,3.42,3.41,3.42,3.42,3.38,3.37,3.36,3.36,3.36,3.35,3.33,3.32,3.34,3.29,3.34,3.37,3.33,3.35,3.38,3.42,3.45,3.44,3.46,3.48,3.50,3.53,3.54,3.58,3.58,3.54,3.57,3.56,3.58,3.59,3.51,3.31,3.16,3.08,3.10,3.15,3.08,3.08,3.16,3.28,3.32,3.33,3.33,3.34,3.28,3.22,3.12,2.95,2.72,2.62,2.54,2.47,2.39,2.31,2.26,2.21,2.14,2.19,2.18,2.17,2.19,2.22,2.52,2.89,3.17,3.22,3.38,3.37,3.35,3.36,3.37,3.38,3.39,3.38,3.39,3.39,3.39,3.39
5.83,6.49,8.40,8.61,8.49,8.42,8.42,8.39,8.39,8.39,8.39,8.42,8.45,8.47,8.50,8.69,8.84,8.87,8.81,8.79,8.74,8.68,8.64,8.64,8.81,9.01,8.77,8.08,7.26,6.53,5.64,4.91,4.65,4.76,4.84,4.85,4.79,4.69,4.61,4.59,4.60,4.54,4.60,4.61,4.64,4.70,4.71,4.64,4.60,4.60,4.58,4.60,4.49,4.34,4.27,4.15,4.12,4.15,4.20,4.22,4.23,4.27,4.33,4.39,4.38,4.38,4.37,4.36,4.32,4.32,4.28,4.22,4.16,4.18,4.16,4.06,3.87,3.79,3.98,4.27,4.68,5.82,7.00,7.09,6.57,4.12,2.42,1.74,1.61,1.60,1.60,1.61,1.61,1.60,1.59,1.60,1.88,2.39,2.97,2.83,2.87,2.98,3.07,2.98,2.89,2.80,2.78,2.96,3.19,3.42,3.56,3.57,3.64,3.70,3.71,3.67,3.67,3.62,3.56,3.51,3.52,3.52,3.52,3.52,3.51,3.40,3.26,3.20,3.21,3.24,3.25,3.27,3.30,3.31,3.34,3.37,3.38,3.40,3.44,3.46,3.48,3.51,3.54,3.59,3.59,3.58,3.55,3.51,3.42,3.41,3.48,3.53,3.56,3.53,3.47,3.43,3.59,3.61,3.60,3.61,3.62,3.60,3.59,3.57,3.55,3.50,3.49,3.47,3.40,3.32,3.35,3.39,3.41,3.43,3.43,3.42,3.40,3.40,3.40,3.39,3.38,3.36,3.33,3.33,3.32,3.31,3.32,3.23,3.26,3.29,3.25,3.27,3.28,3.30,3.33,3.31,3.34,3.37,3.40,3.43,3.44,3.48,3.50,3.47,3.50,3.49,3.52,3.53,3.42,3.26,3.12,3.06,3.10,3.08,3.02,3.03,3.13,3.28,3.31,3.32,3.32,3.32,3.27,3.22,3.16,3.05,2.77,2.60,2.48,2.39,2.31,2.24,2.19,2.15,2.09,2.13,2.12,2.12,2.14,2.16,2.52,2.92,3.21,3.27,3.39,3.37,3.35,3.36,3.37,3.38,3.39,3.39,3.39,3.39,3.39,3.40
5.77,6.30,8.33,8.64,8.50,8.35,8.39,8.35,8.43,8.52,8.53,8.51,8.54,8.55,8.53,8.59,8.65,8.63,8.56,8.54,8.53,8.53,8.54,8.59,8.78,9.08,9.23,9.06,8.37,7.78,6.62,5.49,4.99,5.04,5.00,4.92,4.80,4.70,4.59,4.61,4.65,4.46,4.38,4.28,4.21,4.19,4.25,4.20,4.19,4.22,4.19,4.17,4.20,4.23,4.23,4.12,4.13,4.16,4.17,4.19,4.23,4.27,4.31,4.38,4.36,4.35,4.35,4.35,4.33,4.31,4.27,4.22,4.19,4.18,4.17,4.10,3.92,3.79,3.98,4.33,4.96,6.64,7.43,6.47,4.91,2.69,1.90,1.62,1.59,1.59,1.61,1.62,1.62,1.60,1.58,1.64,2.28,3.04,2.88,2.83,2.89,3.03,3.15,2.97,2.87,2.79,2.79,2.96,3.23,3.44,3.56,3.55,3.61,3.66,3.67,3.65,3.65,3.64,3.60,3.57,3.58,3.58,3.58,3.58,3.56,3.43,3.29,3.21,3.20,3.23,3.25,3.27,3.30,3.31,3.34,3.37,3.39,3.41,3.45,3.48,3.50,3.53,3.56,3.61,3.60,3.57,3.56,3.54,3.46,3.45,3.51,3.56,3.53,3.48,3.46,3.52,3.61,3.65,3.66,3.63,3.60,3.59,3.58,3.56,3.54,3.54,3.58,3.57,3.51,3.47,3.45,3.43,3.41,3.44,3.41,3.37,3.34,3.33,3.33,3.34,3.34,3.34,3.35,3.35,3.35,3.35,3.35,3.31,3.29,3.27,3.26,3.26,3.24,3.21,3.18,3.18,3.19,3.21,3.24,3.26,3.24,3.27,3.31,3.33,3.38,3.37,3.38,3.39,3.33,3.22,3.09,3.05,3.12,3.03,2.95,2.97,3.10,3.33,3.33,3.32,3.31,3.29,3.26,3.19,3.14,3.10,2.96,2.68,2.45,2.32,2.24,2.16,2.11,2.07,2.04,2.08,2.07,2.07,2.09,2.10,2.53,2.95,3.25,3.32,3.39,3.37,3.35,3.36,3.37,3.38,3.39,3.40,3.40,3.40,3.40,3.40
5.69,6.43,8.41,8.61,8.48,8.30,8.36,8.30,8.47,8.65,8.67,8.65,8.69,8.71,8.66,8.57,8.57,8.55,8.52,8.51,8.52,8.52,8.51,8.53,8.82,9.30,9.73,9.93,9.63,8.72,7.10,5.66,5.19,5.13,5.06,4.97,4.87,4.79,4.71,4.72,4.73,4.59,4.52,4.39,4.22,4.04,4.11,4.09,4.09,4.12,4.07,4.03,4.07,4.13,4.15,4.07,4.07,4.10,4.15,4.20,4.24,4.28,4.34,4.38,4.34,4.32,4.31,4.32,4.34,4.31,4.27,4.23,4.21,4.21,4.18,4.06,3.78,3.72,3.98,4.36,4.97,6.68,7.08,5.56,3.53,1.99,1.67,1.59,1.60,1.60,1.61,1.62,1.61,1.60,1.59,1.62,2.33,3.00,2.80,2.83,2.91,3.05,3.16,2.96,2.86,2.80,2.81,2.97,3.20,3.41,3.53,3.56,3.63,3.65,3.65,3.64,3.64,3.64,3.62,3.61,3.63,3.64,3.64,3.63,3.59,3.45,3.31,3.22,3.19,3.22,3.25,3.27,3.29,3.32,3.34,3.37,3.39,3.42,3.47,3.49,3.52,3.55,3.58,3.62,3.59,3.55,3.53,3.53,3.46,3.46,3.52,3.56,3.53,3.47,3.47,3.55,3.62,3.64,3.64,3.63,3.60,3.59,3.58,3.56,3.54,3.56,3.60,3.59,3.54,3.50,3.47,3.45,3.43,3.43,3.39,3.36,3.34,3.33,3.34,3.35,3.34,3.33,3.36,3.34,3.32,3.31,3.30,3.27,3.27,3.27,3.27,3.26,3.25,3.22,3.19,3.19,3.19,3.21,3.20,3.17,3.14,3.14,3.16,3.19,3.24,3.25,3.26,3.25,3.21,3.20,3.09,3.05,3.13,3.04,2.93,2.97,3.14,3.33,3.33,3.32,3.33,3.33,3.26,3.19,3.14,3.10,2.99,2.80,2.56,2.33,2.17,2.09,2.03,2.00,2.00,2.02,2.02,2.02,2.05,2.10,2.55,2.98,3.28,3.37,3.40,3.37,3.35,3.36,3.37,3.38,3.39,3.40,3.40,3.40,3.40,3.39
5.63,5.91,8.46,8.53,8.44,8.27,8.32,8.24,8.48,8.74,8.77,8.79,8.85,8.86,8.78,8.59,8.57,8.56,8.55,8.55,8.56,8.55,8.50,8.47,8.89,9.54,10.20,10.65,10.62,9.17,7.20,5.65,5.31,5.15,5.07,5.01,4.96,4.90,4.86,4.83,4.81,4.76,4.75,4.60,4.33,4.02,4.08,4.09,4.11,4.12,4.07,4.01,4.02,4.05,4.07,4.04,4.00,4.03,4.13,4.24,4.26,4.32,4.39,4.38,4.31,4.28,4.28,4.28,4.34,4.29,4.26,4.24,4.21,4.22,4.18,3.99,3.61,3.65,4.01,4.43,4.99,6.54,6.43,4.67,2.44,1.62,1.57,1.58,1.61,1.62,1.60,1.61,1.61,1.61,1.61,1.59,2.29,2.96,2.74,2.83,2.94,3.06,3.13,2.94,2.85,2.80,2.82,2.96,3.15,3.35,3.50,3.57,3.66,3.65,3.64,3.65,3.65,3.64,3.64,3.64,3.67,3.69,3.70,3.68,3.62,3.48,3.34,3.23,3.18,3.22,3.25,3.27,3.29,3.32,3.35,3.37,3.40,3.42,3.49,3.51,3.53,3.56,3.60,3.61,3.58,3.54,3.50,3.51,3.46,3.46,3.51,3.55,3.53,3.47,3.46,3.56,3.63,3.62,3.61,3.61,3.60,3.59,3.58,3.56,3.54,3.56,3.59,3.59,3.53,3.50,3.47,3.46,3.44,3.42,3.37,3.36,3.36,3.34,3.38,3.37,3.34,3.33,3.37,3.33,3.29,3.27,3.25,3.20,3.24,3.27,3.27,3.26,3.26,3.25,3.23,3.23,3.24,3.24,3.20,3.13,3.10,3.07,3.06,3.08,3.13,3.15,3.15,3.13,3.08,3.17,3.10,3.06,3.14,3.08,2.94,2.99,3.18,3.30,3.30,3.31,3.33,3.37,3.25,3.18,3.13,3.08,2.98,2.91,2.70,2.39,2.13,2.03,1.96,1.94,1.97,1.96,1.96,1.97,2.01,2.13,2.57,3.01,3.31,3.42,3.40,3.36,3.35,3.36,3.37,3.38,3.39,3.40,3.41,3.41,3.41,3.38
5.63,5.87,7.99,8.32,8.41,8.29,8.25,8.21,8.36,8.58,8.74,8.88,8.92,8.85,8.72,8.75,8.74,8.68,8.59,8.56,8.56,8.54,8.50,8.49,8.93,9.65,10.41,10.78,9.92,7.53,6.07,5.43,5.28,5.14,5.06,5.04,5.03,4.97,4.92,4.89,4.87,4.80,4.77,4.54,4.23,4.00,4.11,4.16,4.19,4.20,4.15,4.09,4.09,4.09,4.06,4.04,4.02,4.02,4.09,4.37,4.39,4.42,4.46,4.41,4.30,4.26,4.25,4.25,4.25,4.24,4.23,4.22,4.18,4.17,4.09,3.89,3.60,3.82,4.25,4.81,5.55,6.84,5.53,4.37,1.81,1.61,1.58,1.58,1.60,1.61,1.60,1.60,1.61,1.61,1.60,1.57,2.28,2.99,2.81,2.90,2.99,3.06,3.08,2.92,2.83,2.80,2.83,2.95,3.08,3.26,3.42,3.53,3.59,3.63,3.65,3.65,3.66,3.69,3.70,3.70,3.66,3.71,3.74,3.73,3.65,3.50,3.37,3.26,3.18,3.21,3.24,3.27,3.30,3.32,3.35,3.38,3.40,3.43,3.49,3.52,3.55,3.58,3.61,3.61,3.57,3.53,3.52,3.47,3.47,3.48,3.50,3.56,3.51,3.40,3.39,3.54,3.62,3.63,3.62,3.61,3.60,3.59,3.58,3.56,3.53,3.57,3.59,3.58,3.53,3.49,3.47,3.46,3.45,3.41,3.38,3.37,3.36,3.32,3.38,3.36,3.34,3.35,3.36,3.35,3.34,3.32,3.30,3.23,3.25,3.26,3.22,3.21,3.18,3.17,3.18,3.19,3.19,3.21,3.21,3.19,3.16,3.15,3.14,3.13,3.14,3.10,3.08,3.07,3.03,3.11,3.12,3.14,3.21,3.14,3.01,2.98,3.06,3.15,3.15,3.18,3.25,3.34,3.21,3.16,3.11,3.04,3.01,2.92,2.79,2.59,2.26,2.00,1.88,1.87,1.92,1.91,1.91,1.92,1.97,2.15,2.60,3.03,3.34,3.45,3.40,3.36,3.34,3.35,3.37,3.38,3.39,3.40,3.41,3.42,3.40,3.37
5.62,5.79,7.21,8.00,8.39,8.30,8.17,8.16,8.25,8.43,8.67,8.86,8.93,8.90,8.84,8.97,8.93,8.76,8.61,8.66,8.67,8.64,8.61,8.63,8.99,9.72,10.51,10.69,9.04,6.53,5.48,5.30,5.24,5.11,5.05,5.04,5.06,5.00,4.95,4.91,4.86,4.76,4.73,4.52,4.26,4.10,4.20,4.24,4.27,4.28,4.23,4.18,4.16,4.13,4.07,4.06,4.09,4.06,4.03,4.36,4.41,4.44,4.47,4.43,4.32,4.25,4.22,4.22,4.21,4.20,4.20,4.21,4.22,4.26,4.09,3.83,3.63,3.94,4.37,5.03,5.87,6.53,4.68,3.73,1.69,1.60,1.59,1.59,1.60,1.61,1.60,1.60,1.60,1.61,1.60,1.58,2.28,3.00,2.86,2.94,3.01,3.05,3.02,2.90,2.81,2.80,2.88,3.03,3.15,3.31,3.45,3.53,3.55,3.61,3.64,3.63,3.65,3.69,3.71,3.70,3.66,3.71,3.74,3.74,3.69,3.60,3.53,3.44,3.35,3.27,3.34,3.36,3.35,3.35,3.36,3.38,3.41,3.44,3.50,3.53,3.56,3.59,3.61,3.60,3.57,3.54,3.51,3.42,3.46,3.49,3.51,3.55,3.48,3.38,3.40,3.58,3.63,3.64,3.63,3.62,3.60,3.60,3.58,3.56,3.53,3.57,3.58,3.57,3.53,3.48,3.47,3.46,3.45,3.41,3.38,3.38,3.37,3.31,3.37,3.35,3.34,3.36,3.36,3.37,3.36,3.34,3.32,3.24,3.25,3.26,3.22,3.20,3.17,3.16,3.18,3.18,3.17,3.17,3.18,3.18,3.16,3.15,3.15,3.14,3.13,3.08,3.07,3.07,3.05,3.10,3.14,3.19,3.25,3.16,3.08,3.00,2.97,3.02,3.02,3.05,3.10,3.17,3.09,3.05,3.01,2.97,3.04,2.95,2.87,2.76,2.53,2.34,2.12,1.92,1.79,1.97,1.97,1.92,1.90,2.05,2.58,3.06,3.36,3.42,3.39,3.36,3.34,3.35,3.38,3.39,3.38,3.36,3.34,3.34,3.30,3.30
5.62,5.67,6.17,7.60,8.37,8.30,8.07,8.11,8.14,8.27,8.57,8.77,8.89,8.99,9.09,9.24,9.11,8.81,8.60,8.83,8.86,8.84,8.82,8.87,9.07,9.77,10.50,10.44,8.02,6.04,5.32,5.25,5.19,5.07,5.03,5.04,5.06,5.00,4.96,4.89,4.80,4.68,4.64,4.53,4.39,4.29,4.33,4.34,4.36,4.37,4.32,4.27,4.23,4.18,4.09,4.09,4.20,4.13,3.93,4.25,4.36,4.40,4.42,4.46,4.37,4.26,4.19,4.20,4.20,4.18,4.17,4.20,4.32,4.45,4.17,3.79,3.68,4.03,4.40,5.12,6.01,5.73,3.86,2.97,1.78,1.57,1.60,1.61,1.61,1.61,1.59,1.60,1.61,1.60,1.60,1.60,2.30,2.99,2.89,2.95,3.03,3.03,2.95,2.88,2.79,2.82,2.96,3.19,3.34,3.48,3.56,3.56,3.54,3.58,3.60,3.60,3.62,3.65,3.66,3.66,3.67,3.69,3.71,3.73,3.74,3.77,3.78,3.75,3.65,3.37,3.52,3.52,3.45,3.40,3.37,3.38,3.41,3.44,3.50,3.54,3.56,3.58,3.60,3.60,3.59,3.55,3.47,3.35,3.42,3.49,3.52,3.53,3.43,3.40,3.47,3.66,3.65,3.64,3.63,3.62,3.61,3.60,3.59,3.56,3.53,3.57,3.57,3.55,3.53,3.48,3.46,3.46,3.46,3.40,3.39,3.39,3.37,3.31,3.36,3.34,3.34,3.37,3.35,3.36,3.36,3.34,3.31,3.25,3.25,3.26,3.25,3.22,3.21,3.21,3.23,3.21,3.16,3.13,3.12,3.11,3.10,3.10,3.11,3.12,3.09,3.09,3.11,3.13,3.12,3.15,3.19,3.22,3.24,3.14,3.14,3.05,2.90,2.91,2.91,2.90,2.89,2.91,2.91,2.88,2.84,2.86,3.06,3.00,2.94,2.90,2.90,2.96,2.61,2.06,1.59,2.12,2.12,1.96,1.82,1.85,2.53,3.07,3.36,3.36,3.38,3.36,3.34,3.36,3.39,3.43,3.37,3.28,3.22,3.20,3.14,3.17
5.61,5.63,5.82,7.96,8.36,8.29,8.01,8.06,8.05,8.14,8.43,8.62,8.69,8.81,9.01,9.21,9.00,8.64,8.45,8.78,9.06,9.09,8.99,8.95,9.36,10.11,10.69,10.43,8.15,6.14,5.34,5.23,5.19,5.08,5.04,5.04,5.04,4.96,4.96,4.90,4.78,4.67,4.67,4.67,4.67,4.64,4.54,4.47,4.44,4.45,4.41,4.37,4.31,4.23,4.14,4.09,4.33,4.35,4.04,3.98,4.19,4.40,4.54,4.61,4.48,4.31,4.21,4.24,4.17,4.16,4.17,4.21,4.28,4.41,4.11,3.74,3.72,4.04,4.38,5.06,5.91,5.60,3.72,2.82,1.67,1.60,1.61,1.60,1.60,1.61,1.59,1.60,1.60,1.59,1.59,2.37,2.65,2.93,2.91,2.98,3.06,3.05,2.92,2.86,2.78,2.82,2.99,3.28,3.47,3.58,3.61,3.59,3.57,3.60,3.62,3.62,3.63,3.64,3.63,3.61,3.60,3.62,3.63,3.64,3.66,3.63,3.55,3.50,3.50,3.56,3.64,3.65,3.62,3.59,3.54,3.52,3.51,3.50,3.50,3.53,3.55,3.57,3.59,3.59,3.57,3.53,3.49,3.39,3.43,3.49,3.52,3.50,3.43,3.43,3.51,3.64,3.70,3.67,3.63,3.62,3.62,3.59,3.57,3.56,3.53,3.56,3.55,3.54,3.54,3.48,3.47,3.47,3.47,3.41,3.39,3.39,3.37,3.31,3.35,3.34,3.34,3.36,3.35,3.36,3.36,3.34,3.30,3.26,3.26,3.27,3.25,3.24,3.22,3.23,3.25,3.23,3.20,3.17,3.16,3.21,3.23,3.22,3.20,3.17,3.17,3.11,3.08,3.07,3.07,3.14,3.19,3.22,3.23,3.15,3.12,3.06,2.98,2.97,2.99,2.99,2.99,2.98,2.97,2.95,2.93,2.93,2.99,2.96,2.93,2.91,2.89,2.91,2.75,2.52,2.33,2.53,2.52,2.47,2.44,2.47,2.75,2.99,3.09,3.01,3.11,3.14,3.16,3.22,3.31,3.25,3.17,3.10,3.07,3.08,3.08,3.16
5.68,5.76,5.97,8.16,8.31,8.26,7.98,8.01,7.98,8.03,8.28,8.46,8.49,8.59,8.82,9.03,8.82,8.46,8.28,8.67,8.98,9.01,8.89,8.79,9.48,10.46,11.00,10.50,8.11,6.18,5.34,5.17,5.16,5.08,5.05,5.03,5.01,4.94,4.95,4.87,4.74,4.69,4.69,4.76,4.83,4.85,4.71,4.58,4.53,4.53,4.49,4.46,4.39,4.31,4.29,4.28,4.52,4.52,4.15,3.83,4.02,4.29,4.52,4.66,4.53,4.33,4.20,4.22,4.20,4.28,4.37,4.41,4.38,4.35,4.00,3.66,3.72,4.06,4.39,5.08,6.00,5.86,3.95,2.74,1.61,1.62,1.62,1.60,1.59,1.61,1.58,1.59,1.60,1.59,1.58,2.91,2.89,2.87,2.92,2.99,3.08,3.06,2.90,2.83,2.79,2.85,3.03,3.35,3.56,3.62,3.61,3.58,3.58,3.60,3.62,3.63,3.64,3.65,3.63,3.59,3.57,3.59,3.58,3.59,3.59,3.46,3.34,3.29,3.35,3.57,3.60,3.61,3.61,3.60,3.59,3.59,3.58,3.56,3.54,3.55,3.57,3.58,3.59,3.59,3.56,3.52,3.49,3.41,3.44,3.50,3.53,3.48,3.42,3.45,3.54,3.62,3.72,3.68,3.64,3.63,3.62,3.58,3.56,3.55,3.53,3.55,3.54,3.53,3.55,3.49,3.48,3.48,3.48,3.43,3.39,3.39,3.37,3.31,3.34,3.33,3.33,3.36,3.34,3.36,3.36,3.34,3.30,3.27,3.27,3.28,3.26,3.25,3.23,3.24,3.25,3.24,3.23,3.20,3.20,3.28,3.31,3.30,3.27,3.22,3.25,3.18,3.12,3.08,3.06,3.12,3.17,3.20,3.20,3.12,3.08,3.03,2.98,2.99,3.04,3.07,3.06,3.05,3.00,2.98,2.98,2.98,2.95,2.95,2.94,2.92,2.90,2.89,2.87,2.86,2.86,2.84,2.82,2.83,2.87,2.89,2.90,2.93,2.92,2.82,2.94,2.97,3.00,3.06,3.15,3.07,3.00,2.97,2.96,2.97,2.99,3.08
5.92,6.31,6.98,7.83,8.21,8.22,8.02,7.96,7.91,7.95,8.11,8.29,8.30,8.33,8.45,8.61,8.55,8.27,8.10,8.51,8.44,8.40,8.29,8.25,9.32,10.79,11.48,10.72,7.71,6.10,5.32,5.06,5.06,5.03,5.05,5.04,4.97,4.93,4.88,4.76,4.68,4.76,4.69,4.72,4.79,4.83,4.81,4.69,4.62,4.61,4.57,4.52,4.44,4.44,4.61,4.80,4.80,4.61,4.26,3.89,3.82,3.99,4.27,4.52,4.49,4.30,4.12,4.09,4.34,4.66,4.89,4.94,4.70,4.30,3.82,3.53,3.68,4.07,4.45,5.27,6.42,6.73,4.48,2.59,1.62,1.62,1.61,1.60,1.60,1.60,1.58,1.60,1.60,1.58,1.58,3.02,2.91,2.82,2.91,2.99,3.08,3.05,2.89,2.81,2.84,2.93,3.10,3.39,3.59,3.60,3.54,3.49,3.52,3.55,3.58,3.61,3.63,3.68,3.68,3.64,3.61,3.62,3.61,3.61,3.57,3.23,3.18,3.19,3.22,3.27,3.29,3.29,3.29,3.33,3.40,3.52,3.60,3.62,3.64,3.64,3.63,3.62,3.61,3.61,3.55,3.49,3.43,3.39,3.46,3.53,3.56,3.47,3.39,3.45,3.56,3.61,3.68,3.69,3.67,3.64,3.63,3.58,3.55,3.54,3.51,3.54,3.52,3.52,3.55,3.50,3.48,3.49,3.49,3.44,3.39,3.38,3.36,3.32,3.33,3.33,3.33,3.36,3.35,3.36,3.36,3.34,3.29,3.28,3.28,3.28,3.26,3.26,3.23,3.23,3.25,3.25,3.23,3.21,3.22,3.29,3.29,3.29,3.28,3.28,3.32,3.32,3.28,3.21,3.14,3.10,3.11,3.13,3.13,3.04,3.00,2.92,2.82,2.93,3.04,3.08,3.08,3.07,2.98,2.94,2.95,2.99,3.01,3.02,3.01,2.98,2.97,2.98,2.99,2.98,2.97,2.95,2.94,2.93,2.93,2.94,2.93,2.95,2.96,2.92,2.92,2.91,2.90,2.87,2.86,2.91,2.92,2.91,2.92,2.86,2.83,2.87
6.96,7.32,7.67,8.05,8.23,8.20,8.09,7.93,7.86,7.86,7.91,8.10,8.12,8.09,8.09,8.19,8.19,8.02,7.86,8.04,7.82,7.74,7.68,7.75,9.04,10.30,10.92,10.19,6.91,5.91,5.31,5.05,5.16,5.22,5.18,5.10,5.01,4.95,4.84,4.72,4.63,4.62,4.64,4.69,4.74,4.78,4.80,4.75,4.71,4.70,4.66,4.60,4.59,4.64,4.74,4.75,4.67,4.52,4.26,3.81,3.73,3.77,3.89,4.03,4.10,3.98,3.91,4.08,4.28,4.54,4.76,4.88,4.79,4.23,3.73,3.50,3.67,3.98,4.61,5.65,6.86,7.24,4.44,2.41,1.62,1.62,1.61,1.61,1.60,1.59,1.60,1.60,1.60,1.58,1.57,3.05,2.92,2.82,2.92,3.00,3.04,3.01,2.88,2.78,2.84,2.96,3.15,3.48,3.48,3.47,3.45,3.45,3.48,3.52,3.54,3.57,3.59,3.63,3.64,3.62,3.58,3.61,3.62,3.65,3.65,3.19,3.11,3.17,3.29,3.43,3.43,3.40,3.39,3.43,3.38,3.47,3.55,3.59,3.59,3.59,3.59,3.58,3.56,3.57,3.55,3.48,3.40,3.40,3.46,3.51,3.52,3.44,3.39,3.45,3.56,3.63,3.65,3.68,3.68,3.64,3.64,3.57,3.54,3.54,3.52,3.53,3.51,3.51,3.55,3.50,3.48,3.49,3.50,3.45,3.39,3.37,3.36,3.33,3.33,3.32,3.33,3.36,3.36,3.36,3.36,3.34,3.29,3.29,3.29,3.28,3.27,3.27,3.24,3.24,3.25,3.25,3.24,3.23,3.24,3.28,3.28,3.27,3.26,3.26,3.28,3.32,3.30,3.23,3.16,3.09,3.08,3.08,3.06,3.02,3.01,2.97,2.93,2.97,3.06,3.08,3.05,3.02,2.97,2.94,2.95,2.97,2.97,2.96,2.95,2.93,2.89,2.90,2.92,2.95,2.95,2.94,2.94,2.95,2.96,2.97,2.97,2.98,2.99,2.98,2.97,2.96,2.94,2.91,2.90,2.92,2.93,2.93,2.91,2.88,2.84,2.84
8.10,8.38,8.39,8.34,8.28,8.21,8.17,7.93,7.83,7.78,7.74,7.91,7.94,7.88,7.79,7.83,7.86,7.76,7.61,7.49,7.19,7.09,7.08,7.23,8.54,9.47,9.96,9.33,6.12,5.73,5.32,5.06,5.26,5.39,5.28,5.15,5.06,4.97,4.83,4.69,4.57,4.45,4.59,4.65,4.68,4.72,4.76,4.79,4.79,4.77,4.74,4.68,4.72,4.79,4.78,4.57,4.45,4.36,4.19,3.73,3.67,3.62,3.56,3.56,3.70,3.64,3.69,4.02,4.10,4.22,4.39,4.59,4.70,4.11,3.65,3.49,3.66,3.85,4.79,6.06,7.24,7.40,4.18,2.16,1.62,1.61,1.61,1.61,1.60,1.59,1.61,1.61,1.59,1.58,1.58,2.98,2.93,2.84,2.94,3.01,3.01,2.96,2.87,2.75,2.84,2.98,3.19,3.52,3.36,3.33,3.37,3.42,3.45,3.48,3.50,3.53,3.55,3.56,3.59,3.58,3.54,3.58,3.61,3.69,3.74,3.18,3.08,3.06,3.17,3.67,3.67,3.61,3.57,3.60,3.43,3.44,3.50,3.55,3.52,3.52,3.53,3.53,3.51,3.53,3.53,3.48,3.38,3.43,3.47,3.49,3.47,3.41,3.40,3.44,3.54,3.65,3.62,3.66,3.68,3.65,3.64,3.56,3.53,3.53,3.52,3.52,3.51,3.52,3.54,3.50,3.48,3.50,3.51,3.46,3.40,3.37,3.35,3.33,3.33,3.32,3.33,3.36,3.38,3.36,3.36,3.34,3.28,3.30,3.30,3.29,3.27,3.28,3.25,3.24,3.25,3.26,3.24,3.24,3.26,3.27,3.27,3.25,3.24,3.23,3.22,3.27,3.26,3.21,3.15,3.08,3.07,3.05,3.01,3.02,3.04,3.07,3.08,3.04,3.08,3.06,3.01,2.96,2.97,2.97,2.97,2.96,2.94,2.91,2.90,2.88,2.82,2.80,2.84,2.90,2.92,2.92,2.92,2.94,2.98,2.99,3.00,3.00,3.01,3.01,3.00,3.01,3.00,2.99,2.99,2.97,2.96,2.96,2.92,2.92,2.90,2.86
8.35,8.40,8.37,8.33,8.29,8.24,8.23,8.09,7.89,7.73,7.69,7.68,7.74,7.79,7.78,7.77,7.73,7.62,7.38,6.94,6.60,6.52,6.52,6.57,7.22,8.19,8.58,7.94,5.88,5.72,5.34,5.03,5.17,5.20,5.10,5.05,5.07,4.99,4.86,4.66,4.48,4.42,4.55,4.56,4.56,4.62,4.67,4.77,4.83,4.83,4.78,4.65,4.64,4.66,4.63,4.48,4.31,4.12,3.90,3.75,3.72,3.69,3.65,3.60,3.63,3.59,3.58,3.65,3.66,3.66,3.78,3.97,4.08,3.75,3.49,3.41,3.53,3.65,4.89,6.37,7.36,6.51,3.79,2.11,1.60,1.60,1.61,1.61,1.60,1.60,1.62,1.61,1.60,1.63,1.82,2.71,2.92,2.88,2.96,3.06,3.03,2.95,2.87,2.77,2.87,3.00,3.15,3.33,3.29,3.31,3.35,3.39,3.41,3.43,3.45,3.48,3.50,3.51,3.53,3.54,3.50,3.46,3.52,3.64,3.67,3.14,3.07,2.39,1.94,3.64,3.71,3.69,3.66,3.62,3.54,3.53,3.57,3.62,3.58,3.55,3.52,3.51,3.53,3.53,3.49,3.43,3.37,3.44,3.49,3.50,3.47,3.40,3.36,3.40,3.50,3.62,3.59,3.62,3.66,3.67,3.64,3.55,3.51,3.52,3.52,3.51,3.50,3.51,3.54,3.50,3.49,3.50,3.52,3.48,3.40,3.36,3.34,3.34,3.34,3.33,3.33,3.36,3.39,3.35,3.34,3.34,3.29,3.31,3.30,3.29,3.29,3.29,3.26,3.24,3.25,3.27,3.26,3.27,3.27,3.25,3.25,3.24,3.22,3.21,3.20,3.20,3.20,3.18,3.12,3.07,3.09,3.09,3.04,3.00,3.06,3.12,3.13,3.09,3.04,3.02,2.99,2.92,2.97,3.01,3.00,2.97,3.02,3.00,2.98,2.95,2.92,2.91,2.90,2.93,2.99,2.98,2.97,2.96,2.95,2.91,2.92,2.92,2.93,2.95,2.90,2.91,2.93,2.94,2.92,2.93,2.95,2.97,2.97,2.93,2.92,2.92
8.45,8.44,8.38,8.35,8.31,8.27,8.25,8.18,7.97,7.75,7.63,7.56,7.60,7.67,7.75,7.74,7.69,7.55,7.25,6.67,6.36,6.28,6.25,6.18,6.36,6.94,7.12,6.69,5.64,5.56,5.27,5.02,5.06,5.02,4.93,4.89,4.89,4.82,4.71,4.55,4.38,4.29,4.46,4.46,4.43,4.50,4.56,4.69,4.78,4.79,4.72,4.53,4.47,4.45,4.36,4.24,4.10,3.94,3.78,3.75,3.73,3.70,3.66,3.60,3.58,3.56,3.53,3.50,3.47,3.44,3.49,3.59,3.67,3.53,3.42,3.39,3.47,3.81,5.19,6.58,7.28,6.20,3.05,1.91,1.60,1.59,1.60,1.60,1.60,1.60,1.61,1.61,1.60,1.72,2.30,2.71,2.88,2.90,2.98,3.09,3.04,2.94,2.86,2.77,2.88,3.02,3.13,3.21,3.24,3.28,3.32,3.34,3.37,3.38,3.40,3.43,3.45,3.47,3.49,3.49,3.47,3.40,3.44,3.49,3.47,3.09,3.02,2.29,1.82,3.64,3.60,3.61,3.65,3.64,3.63,3.61,3.64,3.68,3.62,3.59,3.56,3.55,3.56,3.54,3.46,3.39,3.38,3.45,3.50,3.49,3.43,3.35,3.31,3.33,3.40,3.48,3.44,3.45,3.51,3.58,3.57,3.52,3.50,3.51,3.51,3.50,3.50,3.51,3.54,3.50,3.49,3.50,3.52,3.48,3.41,3.36,3.33,3.34,3.34,3.33,3.33,3.36,3.39,3.34,3.33,3.34,3.32,3.31,3.31,3.30,3.31,3.31,3.27,3.25,3.25,3.27,3.27,3.29,3.28,3.24,3.23,3.22,3.20,3.19,3.18,3.16,3.16,3.14,3.08,3.07,3.10,3.10,3.03,2.99,3.09,3.15,3.12,3.07,3.02,3.01,2.99,2.94,2.99,3.04,3.09,3.14,3.19,3.14,3.07,3.04,3.12,3.11,3.30,3.41,3.28,3.26,3.25,3.23,3.24,3.29,3.30,3.28,3.25,3.20,3.06,2.97,2.95,2.96,2.94,2.95,2.96,2.97,2.97,2.93,2.93,2.93
8.44,8.47,8.42,8.38,8.34,8.29,8.24,8.23,8.07,7.81,7.56,7.54,7.48,7.54,7.71,7.75,7.69,7.53,7.20,6.60,6.36,6.27,6.18,5.98,5.82,5.69,5.59,5.51,5.42,5.29,5.15,5.02,4.94,4.85,4.76,4.67,4.60,4.52,4.45,4.38,4.28,4.09,4.35,4.35,4.31,4.36,4.43,4.59,4.69,4.69,4.61,4.35,4.25,4.18,4.02,3.91,3.84,3.81,3.79,3.75,3.72,3.68,3.62,3.56,3.54,3.55,3.53,3.50,3.47,3.45,3.42,3.38,3.40,3.40,3.40,3.41,3.47,4.23,5.65,6.71,7.02,3.41,2.06,1.60,1.60,1.58,1.58,1.60,1.60,1.59,1.61,1.61,1.60,1.84,3.12,2.86,2.82,2.92,2.98,3.11,3.04,2.94,2.86,2.76,2.88,3.02,3.13,3.15,3.22,3.26,3.28,3.29,3.32,3.34,3.36,3.38,3.40,3.42,3.44,3.45,3.45,3.38,3.34,3.28,3.17,3.04,2.95,2.59,2.48,3.66,3.39,3.42,3.57,3.66,3.69,3.70,3.72,3.73,3.66,3.66,3.64,3.61,3.61,3.55,3.42,3.36,3.41,3.45,3.50,3.47,3.37,3.27,3.25,3.25,3.26,3.28,3.21,3.21,3.29,3.42,3.46,3.47,3.48,3.49,3.50,3.48,3.49,3.51,3.54,3.50,3.49,3.51,3.53,3.48,3.41,3.35,3.32,3.33,3.34,3.32,3.33,3.36,3.39,3.33,3.32,3.34,3.36,3.33,3.31,3.32,3.33,3.32,3.28,3.26,3.26,3.28,3.29,3.31,3.29,3.23,3.21,3.19,3.18,3.17,3.15,3.14,3.13,3.10,3.02,3.07,3.10,3.07,3.00,2.98,3.12,3.15,3.06,2.99,3.00,3.01,3.01,2.99,3.02,3.07,3.22,3.42,3.44,3.31,3.17,3.15,3.38,3.39,3.95,4.20,3.73,3.70,3.69,3.69,3.75,3.97,3.99,3.96,3.85,3.65,3.38,3.16,3.04,3.04,3.01,3.01,2.99,2.96,2.94,2.93,2.94,2.91
10.45,10.37,9.83,8.88,8.39,8.35,8.32,8.24,8.12,7.94,7.69,7.51,7.41,7.42,7.51,7.59,7.57,7.40,7.05,6.52,6.38,6.25,6.12,6.00,5.91,5.78,5.65,5.55,5.51,5.36,5.16,4.99,4.91,4.82,4.75,4.68,4.60,4.54,4.46,4.39,4.32,4.21,4.28,4.26,4.22,4.23,4.27,4.32,4.35,4.34,4.28,4.18,4.11,4.03,3.90,3.89,3.85,3.79,3.74,3.80,3.86,3.78,3.64,3.54,3.54,3.51,3.47,3.44,3.39,3.36,3.35,3.34,3.35,3.35,3.35,3.36,3.44,4.37,5.96,6.53,5.79,3.18,2.02,1.60,1.60,1.60,1.57,1.58,1.59,1.58,1.60,1.59,1.59,1.84,3.08,2.85,2.83,2.93,3.03,3.11,3.03,2.92,2.84,2.85,2.93,3.02,3.10,3.15,3.18,3.21,3.23,3.24,3.27,3.29,3.31,3.32,3.35,3.37,3.39,3.40,3.39,3.35,3.29,3.21,3.11,3.04,2.94,2.69,2.69,3.67,3.57,3.52,3.49,3.47,3.52,3.55,3.62,3.69,3.65,3.64,3.64,3.63,3.60,3.50,3.38,3.33,3.41,3.46,3.48,3.41,3.30,3.24,3.26,3.28,3.28,3.29,3.28,3.26,3.26,3.27,3.28,3.31,3.32,3.34,3.37,3.39,3.40,3.42,3.43,3.39,3.38,3.40,3.44,3.47,3.42,3.35,3.31,3.32,3.34,3.33,3.33,3.36,3.39,3.34,3.33,3.34,3.36,3.33,3.31,3.32,3.35,3.33,3.31,3.28,3.27,3.28,3.30,3.30,3.28,3.22,3.18,3.17,3.16,3.14,3.13,3.12,3.12,3.10,3.01,3.10,3.11,3.05,2.94,3.00,3.13,3.13,3.03,3.03,3.02,3.03,3.04,3.03,3.04,3.13,3.32,3.58,3.72,3.70,3.71,3.81,4.03,3.97,4.11,4.15,3.92,3.91,3.90,3.90,3.92,4.00,4.02,4.01,3.97,3.89,3.70,3.34,3.26,3.50,3.44,3.41,3.34,3.20,3.02,3.04,3.02,2.98
12.67,12.54,11.65,9.59,8.50,8.44,8.39,8.27,8.16,8.00,7.76,7.51,7.37,7.32,7.34,7.42,7.44,7.27,6.93,6.50,6.38,6.24,6.11,6.03,5.97,5.84,5.69,5.57,5.58,5.42,5.18,4.97,4.89,4.83,4.75,4.68,4.62,4.54,4.47,4.40,4.33,4.27,4.23,4.19,4.16,4.16,4.17,4.14,4.11,4.10,4.07,4.05,4.01,3.93,3.84,3.89,3.88,3.83,3.78,3.85,3.94,3.84,3.66,3.56,3.56,3.53,3.50,3.51,3.65,3.56,3.42,3.31,3.30,3.31,3.31,3.33,3.42,4.61,6.01,6.07,4.72,2.73,1.89,1.60,1.60,1.61,1.57,1.56,1.57,1.58,1.59,1.58,1.59,1.87,3.04,2.85,2.85,2.95,3.07,3.10,3.01,2.89,2.83,2.90,2.98,3.04,3.10,3.16,3.16,3.17,3.19,3.20,3.22,3.24,3.26,3.28,3.30,3.32,3.34,3.35,3.35,3.32,3.25,3.16,3.07,3.04,2.94,2.79,2.83,3.50,3.64,3.61,3.51,3.40,3.43,3.48,3.58,3.68,3.65,3.64,3.64,3.63,3.57,3.46,3.35,3.33,3.41,3.47,3.45,3.35,3.24,3.24,3.29,3.31,3.32,3.33,3.38,3.37,3.30,3.18,3.03,2.89,2.74,2.67,2.80,3.25,3.37,3.37,3.37,3.34,3.32,3.32,3.35,3.41,3.38,3.33,3.30,3.30,3.31,3.30,3.30,3.33,3.35,3.33,3.33,3.34,3.36,3.33,3.32,3.33,3.36,3.35,3.32,3.30,3.27,3.28,3.31,3.30,3.26,3.20,3.16,3.15,3.13,3.12,3.10,3.11,3.11,3.09,3.02,3.12,3.12,3.04,2.93,3.02,3.13,3.13,3.04,3.07,3.04,3.04,3.06,3.05,3.07,3.21,3.44,3.74,3.96,4.04,4.14,4.27,4.42,4.31,4.21,4.11,4.04,4.04,4.04,4.04,4.04,4.04,4.04,4.04,4.03,4.00,3.92,3.59,3.54,3.84,3.76,3.74,3.66,3.51,3.30,3.29,3.23,3.21
15.19,15.13,14.11,10.62,8.70,8.54,8.44,8.35,8.19,7.99,7.77,7.54,7.37,7.26,7.21,7.26,7.29,7.14,6.86,6.54,6.34,6.24,6.17,6.08,5.98,5.87,5.71,5.56,5.59,5.49,5.20,4.93,4.87,4.86,4.74,4.66,4.63,4.52,4.47,4.39,4.29,4.24,4.17,4.13,4.13,4.15,4.17,4.08,4.03,4.02,4.02,4.00,3.97,3.92,3.86,3.90,3.93,3.95,3.96,3.89,3.93,3.84,3.68,3.62,3.62,3.64,3.66,3.76,4.42,4.18,3.70,3.30,3.27,3.26,3.28,3.32,3.43,4.97,5.70,5.22,3.88,1.95,1.65,1.60,1.59,1.60,1.58,1.56,1.56,1.59,1.58,1.57,1.63,1.93,2.99,2.86,2.88,2.98,3.08,3.06,2.97,2.87,2.82,2.91,3.04,3.12,3.14,3.15,3.16,3.17,3.17,3.18,3.18,3.19,3.21,3.23,3.25,3.27,3.29,3.31,3.32,3.29,3.23,3.14,3.04,3.04,2.98,2.90,2.88,3.03,3.53,3.70,3.65,3.52,3.47,3.53,3.62,3.68,3.66,3.66,3.64,3.60,3.52,3.42,3.36,3.35,3.42,3.46,3.41,3.29,3.19,3.27,3.32,3.34,3.36,3.41,3.53,3.55,3.43,3.16,2.66,2.12,1.55,1.26,1.60,3.02,3.41,3.40,3.39,3.38,3.35,3.31,3.27,3.28,3.28,3.28,3.27,3.26,3.25,3.23,3.22,3.23,3.26,3.29,3.32,3.34,3.37,3.34,3.33,3.35,3.37,3.35,3.32,3.29,3.28,3.27,3.32,3.30,3.25,3.19,3.14,3.13,3.11,3.09,3.08,3.12,3.11,3.06,3.04,3.12,3.12,3.06,2.99,3.02,3.13,3.16,3.12,3.09,3.06,3.07,3.08,3.05,3.12,3.29,3.57,3.90,4.16,4.32,4.41,4.45,4.41,4.30,4.19,4.09,4.03,4.05,4.05,4.05,4.05,4.07,4.05,4.04,4.01,3.94,4.00,3.94,3.92,3.97,3.92,3.95,3.95,3.92,3.89,3.73,3.63,3.67
16.44,15.92,15.17,11.16,8.96,8.85,8.70,8.53,8.32,8.08,7.83,7.60,7.39,7.24,7.16,7.11,7.13,7.05,6.86,6.61,6.39,6.29,6.23,6.15,6.06,5.96,5.82,5.64,5.50,5.46,5.18,4.88,4.78,4.75,4.66,4.60,4.58,4.52,4.46,4.39,4.32,4.30,4.20,4.19,4.21,4.21,4.18,4.09,4.01,3.95,3.92,3.93,3.91,3.89,3.87,3.90,3.95,4.00,4.00,3.90,3.90,3.82,3.71,3.68,3.67,3.68,3.70,3.94,5.79,4.93,3.86,3.32,3.27,3.25,3.26,3.31,3.52,5.13,5.32,4.31,2.74,1.70,1.58,1.58,1.59,1.59,1.57,1.57,1.58,1.59,1.59,1.58,1.92,3.08,2.95,2.87,2.92,3.03,3.16,3.06,2.95,2.86,2.81,2.93,3.05,3.12,3.14,3.15,3.17,3.17,3.18,3.18,3.18,3.18,3.20,3.21,3.21,3.23,3.24,3.27,3.28,3.26,1.79,1.49,3.04,3.04,3.01,2.99,2.97,3.01,3.30,3.56,3.69,3.63,3.55,3.62,3.67,3.68,3.66,3.64,3.62,3.57,3.45,3.33,3.32,3.36,3.42,3.44,3.36,3.24,3.18,3.31,3.35,3.38,3.42,3.49,3.54,3.67,3.70,3.57,3.20,2.85,2.50,2.32,2.49,3.29,3.51,3.49,3.45,3.44,3.51,3.53,3.29,2.47,2.78,3.12,3.30,3.22,3.25,3.26,3.26,3.26,3.25,3.24,3.25,3.28,3.33,3.32,3.32,3.34,3.35,3.31,3.26,3.23,3.23,3.26,3.32,3.30,3.23,3.17,3.13,3.11,3.09,3.08,3.09,3.14,3.12,3.06,3.04,3.11,3.09,3.05,3.04,3.05,3.13,3.16,3.15,3.12,3.08,3.08,3.09,3.11,3.15,3.38,3.73,4.11,4.36,4.43,4.46,4.46,4.40,4.28,4.17,4.08,4.03,4.05,4.06,4.06,4.06,4.08,4.08,4.05,3.98,3.87,3.99,3.99,3.97,3.97,3.94,3.97,3.99,4.00,4.02,3.93,3.79,3.76
17.24,16.24,15.65,11.52,9.30,9.25,9.11,8.86,8.62,8.37,8.07,7.68,7.42,7.26,7.14,7.00,7.00,6.97,6.86,6.65,6.45,6.36,6.30,6.22,6.18,6.12,6.01,5.79,5.37,5.38,5.12,4.81,4.68,4.63,4.59,4.57,4.54,4.54,4.46,4.41,4.38,4.35,4.25,4.26,4.29,4.26,4.16,4.08,3.98,3.89,3.83,3.86,3.86,3.85,3.86,3.89,3.95,3.98,3.97,3.88,3.86,3.81,3.74,3.73,3.71,3.71,3.82,4.33,7.01,5.47,3.93,3.35,3.28,3.25,3.24,3.30,3.57,5.20,4.89,3.55,1.79,1.60,1.57,1.57,1.59,1.58,1.57,1.58,1.59,1.60,1.60,1.59,2.19,3.09,2.91,2.89,2.95,3.07,3.23,3.05,2.93,2.84,2.80,2.95,3.05,3.11,3.13,3.15,3.17,3.18,3.18,3.18,3.18,3.19,3.19,3.19,3.19,3.19,3.20,3.22,3.24,3.24,0.73,0.28,3.05,3.05,3.06,3.07,3.08,3.09,3.11,3.39,3.67,3.72,3.63,3.68,3.71,3.67,3.65,3.62,3.60,3.54,3.37,3.25,3.29,3.37,3.43,3.41,3.30,3.22,3.21,3.35,3.38,3.42,3.48,3.55,3.53,3.73,3.91,3.96,3.76,3.69,3.65,3.61,3.60,3.60,3.60,3.58,3.51,3.51,3.67,3.74,3.33,1.79,2.34,2.83,3.11,3.17,3.29,3.33,3.32,3.29,3.23,3.21,3.21,3.25,3.30,3.29,3.31,3.33,3.33,3.27,3.21,3.18,3.19,3.25,3.31,3.28,3.21,3.16,3.11,3.10,3.08,3.06,3.08,3.12,3.10,3.05,3.04,3.10,3.07,3.04,3.07,3.09,3.13,3.16,3.18,3.15,3.11,3.08,3.10,3.16,3.19,3.49,3.91,4.33,4.51,4.48,4.45,4.43,4.38,4.27,4.16,4.08,4.03,4.05,4.07,4.08,4.08,4.08,4.10,4.07,3.98,3.82,3.95,3.96,3.94,3.96,3.94,3.95,3.98,4.01,4.03,4.04,3.89,3.81
17.48,16.39,15.16,11.69,9.87,9.85,9.92,9.63,9.47,9.30,8.92,7.82,7.51,7.34,7.10,7.00,6.91,6.84,6.75,6.59,6.50,6.44,6.38,6.33,6.41,6.43,6.40,6.12,5.19,5.17,4.95,4.69,4.61,4.59,4.60,4.61,4.60,4.58,4.51,4.51,4.50,4.35,4.30,4.29,4.28,4.23,4.10,3.96,3.90,3.89,3.81,3.82,3.82,3.82,3.82,3.83,3.84,3.85,3.84,3.83,3.81,3.80,3.78,3.77,3.75,3.76,4.28,5.58,7.15,5.12,3.69,3.32,3.25,3.24,3.22,3.25,3.47,5.09,4.41,3.42,1.65,1.60,1.60,1.59,1.58,1.60,1.58,1.58,1.59,1.60,1.61,1.60,2.19,3.04,2.83,2.89,2.96,3.07,3.21,3.01,2.88,2.80,2.78,2.93,3.06,3.12,3.14,3.14,3.17,3.18,3.19,3.19,3.19,3.19,3.19,3.19,3.19,3.20,3.20,3.21,3.21,3.21,2.24,2.04,3.05,3.09,3.14,3.17,3.18,3.20,3.22,3.31,3.48,3.71,3.69,3.68,3.68,3.67,3.63,3.59,3.56,3.49,3.31,3.26,3.32,3.41,3.46,3.39,3.27,3.26,3.34,3.37,3.41,3.48,3.53,3.56,3.56,3.63,3.78,3.90,3.68,3.67,3.66,3.66,3.71,3.63,3.60,3.59,3.58,3.59,3.69,3.69,3.34,2.15,2.42,2.12,2.09,3.03,3.38,3.38,3.31,3.26,3.11,3.27,3.34,3.31,3.28,3.28,3.28,3.29,3.30,3.28,3.27,3.25,3.22,3.21,3.22,3.21,3.18,3.15,3.13,3.12,3.09,3.05,3.02,2.98,2.96,2.99,3.06,3.12,3.10,3.06,3.05,3.11,3.13,3.16,3.20,3.20,3.17,3.10,3.07,3.13,3.23,3.65,4.15,4.53,4.52,4.46,4.42,4.40,4.36,4.26,4.15,4.07,4.02,4.05,4.06,4.08,4.09,4.09,4.10,4.08,4.01,3.86,3.95,3.91,3.90,3.95,3.95,3.97,3.99,4.01,4.03,4.05,4.02,3.97
17.29,16.01,14.61,12.05,10.74,10.70,10.67,10.50,10.48,10.34,9.75,8.19,7.63,7.37,7.15,7.01,6.89,6.80,6.73,6.61,6.56,6.51,6.46,6.43,6.60,6.70,6.45,5.84,5.00,4.98,4.84,4.68,4.66,4.63,4.64,4.64,4.63,4.62,4.55,4.53,4.49,4.32,4.30,4.29,4.26,4.19,4.08,3.90,3.84,3.87,3.76,3.78,3.81,3.83,3.83,3.84,3.83,3.81,3.80,3.80,3.81,3.79,3.77,3.77,3.74,4.13,5.01,6.30,7.22,4.92,3.47,3.28,3.24,3.21,3.18,3.23,3.43,5.06,4.23,3.34,1.59,1.60,1.60,1.59,1.58,1.60,1.59,1.59,1.59,1.59,1.60,1.63,2.20,2.99,2.80,2.89,2.97,3.05,3.14,2.97,2.85,2.79,2.81,2.93,3.04,3.12,3.14,3.14,3.17,3.19,3.19,3.19,3.19,3.19,3.19,3.19,3.19,3.20,3.20,3.20,3.19,2.72,2.67,2.84,3.06,3.14,3.23,3.27,3.28,3.30,3.32,3.34,3.43,3.62,3.69,3.69,3.67,3.66,3.62,3.55,3.50,3.42,3.27,3.28,3.35,3.42,3.43,3.34,3.21,3.25,3.38,3.38,3.41,3.49,3.56,3.58,3.59,3.60,3.68,3.77,3.64,3.66,3.66,3.65,3.69,3.63,3.60,3.60,3.61,3.61,3.68,3.68,3.46,2.80,2.88,2.50,2.37,3.10,3.37,3.36,3.30,3.25,3.14,3.36,3.48,3.51,3.53,3.46,3.40,3.34,3.31,3.31,3.31,3.28,3.26,3.26,3.24,3.21,3.18,3.16,3.16,3.15,3.11,3.06,3.02,2.97,2.96,2.99,3.08,3.13,3.11,3.07,3.04,3.09,3.10,3.13,3.16,3.17,3.16,3.11,3.09,3.16,3.27,3.74,4.24,4.57,4.51,4.44,4.39,4.36,4.34,4.24,4.13,4.05,4.02,4.04,4.06,4.08,4.10,4.10,4.11,4.09,4.02,3.91,3.97,3.94,3.93,3.98,3.99,4.00,4.01,4.03,4.05,4.07,4.08,4.05
16.85,15.32,14.03,12.53,11.81,11.71,11.39,11.42,11.58,11.41,10.51,8.67,7.76,7.37,7.23,7.02,6.90,6.82,6.76,6.70,6.63,6.58,6.54,6.54,6.76,6.93,6.30,5.21,4.80,4.79,4.76,4.74,4.77,4.73,4.70,4.67,4.66,4.66,4.59,4.51,4.40,4.28,4.27,4.27,4.24,4.14,4.08,3.87,3.80,3.83,3.70,3.76,3.82,3.86,3.88,3.89,3.86,3.83,3.80,3.80,3.82,3.79,3.75,3.76,3.70,4.69,5.89,6.70,7.22,4.81,3.34,3.23,3.23,3.16,3.14,3.14,3.13,2.85,2.22,1.73,1.57,1.59,1.59,1.58,1.57,1.58,1.60,1.60,1.59,1.58,1.59,1.68,2.23,2.95,2.80,2.89,2.97,3.03,3.04,2.93,2.82,2.79,2.87,2.92,3.01,3.09,3.15,3.13,3.18,3.19,3.19,3.20,3.20,3.20,3.20,3.20,3.20,3.21,3.21,3.21,3.16,1.96,2.45,3.05,3.06,3.21,3.32,3.37,3.38,3.40,3.43,3.45,3.47,3.50,3.66,3.69,3.69,3.67,3.61,3.52,3.43,3.34,3.23,3.29,3.38,3.42,3.36,3.26,3.15,3.21,3.36,3.37,3.39,3.47,3.56,3.61,3.60,3.60,3.60,3.60,3.63,3.66,3.64,3.61,3.61,3.61,3.61,3.61,3.62,3.58,3.65,3.68,3.64,3.61,3.56,3.50,3.42,3.29,3.30,3.30,3.28,3.25,3.27,3.46,3.64,3.80,3.93,3.77,3.59,3.44,3.35,3.35,3.32,3.30,3.30,3.36,3.33,3.26,3.20,3.17,3.18,3.19,3.15,3.07,3.07,3.06,3.04,3.04,3.10,3.12,3.10,3.07,3.05,3.03,3.05,3.07,3.08,3.08,3.10,3.12,3.15,3.24,3.32,3.79,4.24,4.50,4.49,4.41,4.35,4.32,4.32,4.22,4.11,4.04,4.01,4.04,4.06,4.08,4.09,4.11,4.12,4.09,4.03,3.96,4.01,4.01,4.00,4.01,4.03,4.03,4.04,4.06,4.08,4.08,4.10,4.06
16.73,15.51,13.58,12.92,12.77,12.71,12.21,12.07,12.08,11.60,10.14,8.65,7.79,7.39,7.27,7.08,6.94,6.85,6.80,6.74,6.68,6.64,6.60,6.57,6.73,6.95,6.20,4.94,4.81,4.81,4.78,4.76,4.78,4.72,4.65,4.60,4.59,4.60,4.58,4.52,4.42,4.27,4.21,4.18,4.15,4.10,3.99,3.83,3.77,3.79,3.73,3.79,3.82,3.82,3.84,3.84,3.84,3.83,3.83,3.87,3.87,3.87,3.88,3.86,3.83,4.89,6.30,7.30,6.45,4.40,3.28,3.20,3.19,3.15,3.12,3.10,3.02,2.78,2.71,2.62,2.45,1.65,1.67,1.65,1.58,1.58,1.59,1.59,1.59,1.59,1.58,1.96,2.49,2.93,2.83,2.91,3.00,3.04,3.02,2.90,2.77,2.75,2.87,2.97,3.05,3.12,3.17,3.16,3.17,3.19,3.20,3.21,3.21,3.21,3.21,3.21,3.21,3.21,3.20,3.20,3.15,1.69,2.30,3.05,3.08,3.27,3.41,3.47,3.48,3.50,3.53,3.55,3.57,3.60,3.67,3.68,3.67,3.64,3.59,3.52,3.44,3.34,3.21,3.30,3.37,3.38,3.32,3.23,3.21,3.27,3.37,3.41,3.44,3.49,3.56,3.63,3.59,3.59,3.61,3.63,3.63,3.64,3.63,3.62,3.62,3.62,3.62,3.62,3.63,3.59,3.60,3.61,3.62,3.59,3.54,3.46,3.37,3.31,3.30,3.31,3.32,3.33,3.29,3.45,3.68,3.92,4.10,3.84,3.59,3.43,3.39,3.38,3.35,3.32,3.29,3.30,3.29,3.27,3.25,3.23,3.24,3.25,3.22,3.15,3.15,3.10,3.06,3.06,3.13,3.10,3.04,3.00,3.04,3.08,3.10,3.10,3.09,3.09,3.07,3.12,3.20,3.27,3.35,3.80,4.20,4.39,4.46,4.39,4.33,4.30,4.29,4.20,4.10,4.03,4.01,4.03,4.05,4.07,4.09,4.11,4.12,4.08,4.02,3.98,3.97,3.99,3.99,3.96,3.93,3.90,3.90,3.92,3.93,3.94,3.96,3.95
16.61,15.47,12.85,12.50,12.59,12.57,12.24,12.33,12.35,11.61,9.68,8.37,7.69,7.39,7.28,7.09,6.96,6.88,6.83,6.78,6.72,6.67,6.62,6.57,6.66,6.70,5.94,4.82,4.83,4.83,4.79,4.76,4.76,4.69,4.61,4.55,4.53,4.55,4.55,4.51,4.40,4.25,4.15,4.10,4.07,4.03,3.88,3.79,3.76,3.77,3.75,3.83,3.83,3.80,3.81,3.82,3.83,3.83,3.83,3.87,3.87,3.89,3.92,3.91,4.06,5.17,6.62,7.55,5.48,3.96,3.30,3.22,3.21,3.17,3.13,3.06,2.93,2.79,2.74,2.66,2.54,1.96,1.98,1.96,1.88,1.88,1.88,1.90,1.92,1.93,1.76,2.21,2.66,2.90,2.87,2.93,3.03,3.07,3.00,2.88,2.74,2.73,2.86,2.98,3.06,3.13,3.18,3.19,3.18,3.20,3.21,3.21,3.21,3.21,3.21,3.21,3.21,3.20,3.20,3.20,3.16,1.77,2.33,3.02,3.04,3.33,3.50,3.57,3.59,3.61,3.63,3.64,3.65,3.67,3.67,3.67,3.65,3.62,3.57,3.50,3.41,3.31,3.20,3.30,3.36,3.35,3.28,3.19,3.25,3.32,3.38,3.46,3.52,3.57,3.62,3.66,3.61,3.61,3.63,3.65,3.63,3.63,3.64,3.64,3.64,3.63,3.63,3.63,3.64,3.61,3.57,3.58,3.61,3.56,3.52,3.45,3.36,3.31,3.28,3.30,3.33,3.35,3.28,3.44,3.68,3.91,4.03,3.81,3.58,3.44,3.42,3.39,3.37,3.34,3.30,3.27,3.27,3.27,3.27,3.26,3.26,3.28,3.26,3.21,3.19,3.14,3.09,3.07,3.15,3.09,3.01,3.00,3.10,3.21,3.33,3.32,3.19,3.11,3.06,3.11,3.21,3.29,3.34,3.78,4.14,4.28,4.41,4.36,4.31,4.27,4.27,4.19,4.09,4.02,4.01,4.03,4.05,4.07,4.09,4.11,4.12,4.07,4.01,3.98,3.94,3.97,3.97,3.92,3.86,3.81,3.79,3.79,3.78,3.80,3.81,3.82
16.50,15.14,11.76,11.03,10.90,10.94,11.22,12.08,12.31,11.39,9.12,7.77,7.42,7.35,7.23,7.02,6.95,6.90,6.85,6.81,6.74,6.66,6.58,6.51,6.54,6.10,5.46,4.90,4.85,4.86,4.79,4.72,4.71,4.64,4.57,4.51,4.48,4.50,4.50,4.45,4.36,4.24,4.10,4.04,4.00,3.93,3.74,3.75,3.77,3.75,3.76,3.86,3.86,3.81,3.82,3.83,3.83,3.83,3.82,3.78,3.80,3.81,3.84,3.92,4.41,5.55,6.80,7.35,4.25,3.50,3.39,3.35,3.30,3.25,3.20,3.03,2.71,2.80,2.79,2.75,2.72,2.70,2.67,2.66,2.66,2.68,2.67,2.71,2.78,2.80,2.26,2.46,2.73,2.86,2.92,2.96,3.07,3.11,2.98,2.88,2.75,2.73,2.84,2.93,3.03,3.11,3.17,3.21,3.21,3.21,3.21,3.20,3.22,3.22,3.22,3.21,3.19,3.19,3.20,3.21,3.17,2.31,2.62,2.96,2.92,3.38,3.59,3.67,3.69,3.71,3.73,3.73,3.71,3.70,3.69,3.67,3.64,3.61,3.55,3.47,3.35,3.24,3.21,3.30,3.35,3.34,3.25,3.12,3.25,3.35,3.41,3.52,3.64,3.73,3.76,3.72,3.68,3.67,3.66,3.65,3.63,3.64,3.65,3.65,3.65,3.64,3.64,3.64,3.64,3.61,3.58,3.59,3.61,3.55,3.51,3.47,3.40,3.28,3.26,3.29,3.32,3.31,3.24,3.43,3.62,3.72,3.66,3.64,3.56,3.48,3.45,3.38,3.38,3.36,3.32,3.28,3.26,3.26,3.27,3.25,3.25,3.25,3.24,3.22,3.19,3.16,3.11,3.08,3.16,3.08,3.02,3.06,3.23,3.43,3.82,3.79,3.41,3.14,3.07,3.08,3.15,3.27,3.30,3.71,4.04,4.18,4.33,4.33,4.28,4.24,4.24,4.17,4.07,4.00,4.00,4.03,4.04,4.06,4.09,4.11,4.12,4.07,4.00,3.98,3.92,3.95,3.95,3.89,3.82,3.76,3.72,3.69,3.63,3.64,3.65,3.66
16.06,14.40,11.02,10.17,10.00,10.08,10.49,11.76,12.10,11.19,9.01,7.66,7.38,7.34,7.20,6.98,6.94,6.90,6.86,6.82,6.75,6.68,6.60,6.53,6.55,6.21,5.57,4.92,4.87,4.88,4.80,4.70,4.66,4.59,4.52,4.47,4.43,4.44,4.44,4.39,4.31,4.20,4.11,4.03,3.94,3.85,3.71,3.75,3.77,3.75,3.79,3.84,3.83,3.82,3.83,3.83,3.84,3.83,3.83,3.83,3.86,3.86,3.89,4.08,4.78,5.91,6.99,7.20,3.19,2.52,2.64,2.77,2.88,2.97,3.09,3.00,2.49,2.23,2.15,2.20,2.36,2.62,2.64,2.65,2.68,2.72,2.73,2.76,2.81,2.84,2.59,2.69,2.80,2.87,2.95,3.00,3.06,3.09,3.02,2.91,2.80,2.75,2.78,2.89,2.98,3.08,3.15,3.18,3.15,3.17,3.19,3.18,3.21,3.21,3.21,3.20,3.20,3.20,3.20,3.20,3.18,2.76,2.88,2.77,2.34,3.19,3.58,3.73,3.75,3.75,3.75,3.74,3.73,3.71,3.69,3.67,3.64,3.60,3.55,3.44,3.31,3.21,3.22,3.32,3.34,3.31,3.23,3.13,3.27,3.37,3.42,3.52,3.73,3.82,3.80,3.72,3.67,3.67,3.66,3.65,3.63,3.64,3.65,3.66,3.66,3.65,3.65,3.65,3.66,3.63,3.59,3.58,3.58,3.55,3.50,3.43,3.33,3.19,3.12,3.19,3.24,3.24,3.30,3.58,3.68,3.65,3.65,3.60,3.55,3.49,3.44,3.42,3.40,3.38,3.34,3.29,3.26,3.25,3.25,3.25,3.25,3.25,3.24,3.21,3.18,3.14,3.10,3.10,3.17,3.08,3.07,3.14,3.31,3.48,3.81,3.81,3.49,3.20,3.11,3.12,3.19,3.28,3.43,3.76,4.00,4.07,4.23,4.28,4.26,4.21,4.21,4.15,4.05,3.99,4.00,4.02,4.04,4.06,4.08,4.10,4.11,4.09,4.03,3.95,3.93,3.95,3.93,3.86,3.80,3.73,3.68,3.63,3.58,3.57,3.54,3.52
15.69,13.77,10.61,9.72,9.52,9.65,10.11,11.57,12.00,11.20,9.26,7.77,7.39,7.31,7.18,6.98,6.94,6.91,6.86,6.83,6.76,6.69,6.62,6.56,6.59,6.31,5.65,4.92,4.89,4.88,4.79,4.68,4.61,4.54,4.48,4.42,4.38,4.40,4.39,4.34,4.25,4.17,4.13,4.03,3.90,3.77,3.71,3.75,3.76,3.75,3.81,3.81,3.81,3.82,3.83,3.84,3.84,3.84,3.85,3.88,3.91,3.90,3.96,4.27,5.14,6.23,7.06,6.83,2.38,1.70,1.96,2.25,2.49,2.71,3.00,2.91,2.20,1.69,1.58,1.69,2.02,2.54,2.62,2.65,2.71,2.76,2.76,2.78,2.81,2.86,2.89,2.89,2.88,2.89,2.98,3.03,3.06,3.08,3.07,2.95,2.87,2.79,2.74,2.85,2.95,3.04,3.10,3.13,3.09,3.12,3.15,3.15,3.19,3.19,3.18,3.18,3.20,3.20,3.20,3.20,3.18,3.08,3.07,2.55,1.72,3.07,3.58,3.76,3.79,3.77,3.76,3.74,3.73,3.72,3.69,3.68,3.64,3.58,3.55,3.41,3.28,3.20,3.23,3.33,3.33,3.28,3.22,3.15,3.30,3.39,3.44,3.57,3.81,3.88,3.81,3.70,3.65,3.65,3.66,3.65,3.63,3.64,3.65,3.67,3.67,3.66,3.66,3.67,3.67,3.64,3.61,3.57,3.55,3.55,3.48,3.37,3.23,3.10,3.03,3.10,3.16,3.20,3.38,3.70,3.73,3.62,3.68,3.59,3.54,3.50,3.45,3.46,3.43,3.39,3.35,3.31,3.27,3.24,3.24,3.25,3.24,3.25,3.24,3.21,3.16,3.11,3.09,3.11,3.18,3.08,3.09,3.19,3.32,3.24,3.46,3.56,3.46,3.25,3.14,3.17,3.24,3.29,3.57,3.83,3.97,3.99,4.12,4.23,4.23,4.17,4.17,4.13,4.04,3.98,3.99,4.01,4.04,4.06,4.07,4.09,4.10,4.09,4.04,3.92,3.95,3.94,3.90,3.83,3.77,3.71,3.64,3.58,3.54,3.51,3.45,3.40
15.69,13.77,11.03,10.13,9.90,10.04,10.58,11.85,12.34,11.84,10.30,8.28,7.49,7.23,7.16,7.02,6.96,6.92,6.88,6.83,6.74,6.65,6.59,6.57,6.59,5.98,5.34,4.92,4.90,4.86,4.75,4.63,4.57,4.50,4.44,4.38,4.33,4.38,4.35,4.29,4.21,4.15,4.11,4.03,3.89,3.72,3.68,3.72,3.74,3.74,3.79,3.81,3.81,3.81,3.83,3.85,3.86,3.86,3.86,3.87,3.87,3.87,4.00,4.50,5.48,6.45,6.73,5.70,2.21,1.59,1.65,1.72,1.78,1.83,1.89,1.88,1.75,1.61,1.58,1.61,1.68,1.80,1.81,1.82,2.02,2.74,2.69,2.70,2.76,2.84,2.90,2.88,2.87,2.92,3.02,3.06,3.09,3.12,3.11,3.01,2.93,2.86,2.80,2.80,2.96,3.01,2.98,3.05,3.06,3.07,3.08,3.07,3.13,3.14,3.14,3.14,3.15,3.16,3.19,3.20,3.18,3.09,3.06,2.33,1.23,3.29,3.70,3.77,3.79,3.78,3.77,3.76,3.74,3.72,3.70,3.67,3.62,3.57,3.50,3.40,3.29,3.23,3.28,3.32,3.30,3.26,3.20,3.20,3.31,3.40,3.52,3.85,3.93,3.88,3.77,3.64,3.58,3.62,3.65,3.65,3.64,3.63,3.65,3.67,3.68,3.68,3.68,3.68,3.67,3.64,3.61,3.58,3.55,3.53,3.43,3.29,3.15,3.03,3.14,3.12,3.16,3.31,3.44,3.67,3.68,3.59,3.65,3.61,3.54,3.49,3.50,3.49,3.45,3.40,3.37,3.33,3.28,3.24,3.23,3.23,3.23,3.23,3.23,3.21,3.15,3.06,3.05,3.11,3.16,3.05,3.06,3.14,3.15,2.24,2.35,2.78,3.18,3.21,3.17,3.19,3.25,3.33,3.68,3.88,3.96,3.97,4.01,4.14,4.18,4.15,4.13,4.10,4.02,3.97,3.99,4.01,4.03,4.05,4.07,4.06,4.08,4.04,3.97,3.94,3.96,3.93,3.87,3.81,3.75,3.68,3.62,3.56,3.48,3.45,3.41,3.37
15.23,13.19,11.01,10.18,10.08,10.43,10.88,11.60,12.01,11.98,11.36,9.34,8.35,7.72,7.23,7.00,6.97,6.94,6.89,6.83,6.73,6.62,6.56,6.56,6.60,5.95,5.32,4.94,4.91,4.80,4.67,4.57,4.52,4.46,4.41,4.35,4.31,4.34,4.32,4.27,4.20,4.12,4.07,4.02,3.89,3.69,3.69,3.71,3.72,3.75,3.79,3.82,3.82,3.82,3.83,3.84,3.85,3.86,3.89,3.89,3.91,3.90,4.00,4.40,5.02,5.78,5.98,5.14,2.40,1.55,1.56,1.57,1.58,1.58,1.57,1.57,1.59,1.58,1.57,1.58,1.59,1.59,1.59,1.59,1.74,2.74,2.66,2.68,2.70,2.71,2.86,2.86,2.87,2.94,3.04,3.10,3.13,3.15,3.14,3.06,3.01,2.96,2.88,2.84,2.95,2.97,2.94,2.97,2.99,2.99,3.00,3.02,3.07,3.08,3.08,3.08,3.07,3.12,3.15,3.17,3.17,3.07,3.08,2.65,2.02,3.49,3.74,3.76,3.77,3.78,3.78,3.77,3.74,3.66,3.68,3.64,3.58,3.52,3.42,3.35,3.27,3.22,3.28,3.31,3.29,3.24,3.19,3.24,3.32,3.44,3.64,3.98,3.95,3.85,3.71,3.59,3.51,3.57,3.62,3.65,3.64,3.63,3.64,3.66,3.68,3.69,3.69,3.69,3.68,3.65,3.62,3.59,3.56,3.50,3.32,3.18,3.06,2.98,3.19,3.19,3.21,3.32,3.46,3.62,3.65,3.61,3.65,3.60,3.55,3.53,3.54,3.50,3.46,3.42,3.38,3.34,3.30,3.26,3.23,3.22,3.22,3.22,3.23,3.22,3.15,3.03,3.04,3.11,3.14,3.02,3.06,3.16,3.18,2.47,2.45,2.69,2.99,3.16,3.18,3.24,3.32,3.39,3.75,3.90,3.94,3.96,3.96,4.06,4.12,4.13,4.10,4.08,4.01,3.97,3.99,4.01,4.03,4.05,4.05,4.05,4.08,4.03,3.96,3.94,3.96,3.92,3.86,3.78,3.72,3.66,3.60,3.53,3.45,3.40,3.36,3.33
14.52,12.30,10.72,9.99,10.14,10.76,11.02,11.03,11.27,11.75,12.25,10.55,9.53,8.47,7.34,6.96,6.96,6.95,6.89,6.83,6.72,6.60,6.53,6.55,6.60,6.10,5.45,4.94,4.92,4.72,4.58,4.49,4.45,4.41,4.37,4.33,4.31,4.30,4.29,4.26,4.21,4.10,4.02,3.99,3.88,3.67,3.71,3.70,3.72,3.77,3.82,3.83,3.83,3.83,3.83,3.82,3.83,3.86,3.92,3.93,3.98,3.97,3.97,4.13,4.15,4.62,4.95,4.78,2.00,1.54,1.55,1.56,1.57,1.58,1.57,1.56,1.59,1.57,1.56,1.57,1.59,1.60,1.60,1.60,1.60,1.60,1.58,1.59,1.88,2.54,2.82,2.84,2.87,2.95,3.05,3.14,3.17,3.17,3.16,3.10,3.09,3.05,2.98,2.94,2.93,2.94,2.94,2.89,2.91,2.90,2.92,2.98,3.01,3.01,3.02,3.02,2.99,3.06,3.09,3.11,3.14,3.05,3.10,3.22,3.39,3.66,3.73,3.74,3.75,3.78,3.78,3.79,3.73,3.57,3.65,3.60,3.53,3.44,3.33,3.29,3.23,3.20,3.27,3.30,3.27,3.22,3.18,3.27,3.33,3.50,3.77,4.04,3.92,3.79,3.66,3.53,3.45,3.50,3.58,3.65,3.64,3.63,3.63,3.66,3.69,3.70,3.69,3.69,3.70,3.67,3.63,3.61,3.56,3.46,3.19,3.04,2.98,2.96,3.20,3.28,3.28,3.29,3.44,3.55,3.61,3.65,3.66,3.58,3.57,3.58,3.56,3.52,3.48,3.44,3.40,3.35,3.31,3.28,3.24,3.20,3.21,3.21,3.22,3.23,3.16,3.03,3.04,3.12,3.11,2.98,3.08,3.22,3.29,3.31,3.16,2.97,2.88,3.11,3.17,3.29,3.41,3.46,3.80,3.91,3.93,3.95,3.96,3.99,4.05,4.10,4.07,4.05,4.00,3.96,3.98,4.01,4.03,4.03,4.04,4.06,4.09,4.04,3.97,3.94,3.95,3.93,3.86,3.77,3.70,3.63,3.57,3.50,3.43,3.34,3.30,3.27
13.52,11.39,10.06,9.41,9.53,10.04,10.07,9.89,9.82,10.01,10.44,9.77,9.25,8.48,7.49,7.01,6.96,6.94,6.90,6.83,6.71,6.60,6.55,6.57,6.62,6.29,5.55,4.75,4.76,4.64,4.54,4.46,4.40,4.33,4.26,4.24,4.28,4.29,4.27,4.23,4.17,4.10,4.02,3.92,3.80,3.68,3.73,3.72,3.75,3.83,3.87,3.85,3.84,3.85,3.85,3.85,3.85,3.87,3.90,3.88,3.94,3.95,3.86,3.64,3.37,3.30,3.28,3.20,1.78,1.55,1.56,1.57,1.56,1.57,1.56,1.56,1.57,1.58,1.58,1.58,1.60,1.59,1.57,1.56,1.56,1.57,1.59,1.59,1.92,2.69,2.82,2.84,2.88,2.97,3.08,3.15,3.17,3.16,3.13,3.12,3.10,3.07,3.02,3.00,3.00,2.99,2.98,2.96,2.96,2.94,2.92,2.94,2.94,2.93,2.91,2.90,2.87,2.92,2.95,2.98,3.03,3.05,3.07,3.14,3.28,3.48,3.61,3.67,3.68,3.67,3.68,3.71,3.71,3.65,3.66,3.54,3.42,3.37,3.35,3.27,3.21,3.21,3.29,3.27,3.25,3.21,3.18,3.31,3.36,3.62,3.96,4.00,3.87,3.74,3.61,3.48,3.40,3.45,3.52,3.60,3.64,3.63,3.64,3.66,3.68,3.70,3.70,3.70,3.70,3.67,3.65,3.61,3.53,3.34,3.01,2.87,2.90,3.04,3.20,3.20,3.20,3.24,3.30,3.40,3.47,3.50,3.55,3.55,3.59,3.61,3.58,3.54,3.50,3.46,3.41,3.37,3.33,3.29,3.25,3.21,3.20,3.20,3.21,3.21,3.14,3.05,3.07,3.13,3.10,3.03,3.11,3.22,3.29,3.32,3.26,3.18,3.14,3.16,3.22,3.34,3.45,3.51,3.85,3.95,3.95,3.94,3.95,3.96,4.00,4.05,4.03,4.02,3.98,3.96,3.98,4.00,4.01,4.02,4.03,4.06,4.08,4.04,4.01,4.06,4.03,4.01,3.95,3.87,3.77,3.68,3.59,3.50,3.41,3.31,3.28,3.25
13.04,10.99,9.64,9.05,9.11,9.43,9.35,9.11,8.88,8.84,9.08,8.97,8.72,8.18,7.45,7.02,6.95,6.93,6.89,6.81,6.70,6.60,6.57,6.61,6.66,6.53,5.67,4.58,4.64,4.57,4.50,4.44,4.36,4.28,4.19,4.17,4.26,4.30,4.25,4.20,4.14,4.09,4.00,3.87,3.75,3.69,3.75,3.74,3.77,3.85,3.89,3.87,3.87,3.87,3.87,3.87,3.86,3.85,3.84,3.86,3.92,3.92,3.76,3.32,2.88,2.49,2.22,2.12,1.64,1.56,1.56,1.57,1.56,1.56,1.56,1.55,1.57,1.58,1.58,1.59,1.59,1.57,1.55,1.54,1.54,1.55,1.59,1.59,1.97,2.83,2.82,2.84,2.89,2.99,3.11,3.16,3.16,3.14,3.10,3.10,3.07,3.04,3.01,3.01,3.01,3.00,2.99,2.99,3.00,2.97,2.95,2.94,2.93,2.91,2.88,2.85,2.83,2.85,2.86,2.87,2.92,2.95,2.97,3.02,3.14,3.25,3.39,3.47,3.50,3.50,3.50,3.53,3.57,3.58,3.62,3.47,3.34,3.32,3.33,3.23,3.19,3.22,3.29,3.25,3.22,3.18,3.16,3.34,3.39,3.68,4.04,3.95,3.82,3.69,3.55,3.43,3.36,3.39,3.46,3.54,3.61,3.63,3.64,3.65,3.68,3.70,3.71,3.72,3.72,3.69,3.67,3.61,3.51,3.31,3.01,2.88,2.92,3.08,3.22,3.20,3.18,3.22,3.31,3.37,3.42,3.46,3.50,3.55,3.60,3.62,3.58,3.54,3.51,3.47,3.43,3.39,3.35,3.31,3.26,3.23,3.20,3.19,3.19,3.18,3.13,3.06,3.09,3.13,3.07,3.07,3.15,3.25,3.30,3.32,3.31,3.30,3.28,3.24,3.26,3.38,3.50,3.55,3.85,3.95,3.96,3.95,3.95,3.95,3.98,4.00,4.00,4.00,3.97,3.96,3.97,3.99,3.99,4.00,4.02,4.05,4.07,4.04,4.02,4.07,4.04,4.02,4.00,3.97,3.86,3.76,3.65,3.54,3.42,3.30,3.26,3.20
13.17,11.16,9.48,8.96,8.89,8.97,8.90,8.76,8.52,8.32,8.25,8.15,7.89,7.54,7.19,6.98,6.93,6.91,6.86,6.77,6.68,6.60,6.59,6.67,6.75,6.80,5.84,4.44,4.55,4.49,4.46,4.43,4.36,4.27,4.14,4.13,4.25,4.33,4.23,4.16,4.14,4.08,3.98,3.83,3.73,3.73,3.77,3.75,3.77,3.83,3.89,3.91,3.91,3.90,3.90,3.90,3.85,3.78,3.73,3.89,3.92,3.87,3.67,3.18,2.71,2.24,1.86,1.61,1.58,1.56,1.55,1.56,1.55,1.56,1.55,1.55,1.58,1.57,1.57,1.58,1.57,1.55,1.56,1.55,1.55,1.55,1.57,1.59,2.01,2.96,2.81,2.83,2.91,3.01,3.14,3.16,3.14,3.10,3.06,3.03,3.00,2.97,2.94,2.96,2.96,2.96,2.98,3.00,3.01,3.01,3.01,3.00,2.98,2.96,2.94,2.91,2.88,2.86,2.83,2.80,2.79,2.76,2.77,2.85,2.97,2.99,3.05,3.11,3.19,3.27,3.24,3.26,3.30,3.31,3.50,3.38,3.29,3.30,3.26,3.16,3.17,3.24,3.26,3.24,3.20,3.14,3.12,3.38,3.41,3.66,3.99,3.91,3.77,3.63,3.50,3.37,3.31,3.33,3.40,3.48,3.57,3.61,3.64,3.65,3.67,3.69,3.72,3.74,3.75,3.74,3.69,3.61,3.50,3.39,3.23,3.10,3.05,3.08,3.25,3.27,3.24,3.25,3.50,3.47,3.47,3.51,3.52,3.59,3.60,3.58,3.56,3.53,3.51,3.48,3.45,3.41,3.36,3.32,3.28,3.24,3.20,3.18,3.17,3.15,3.10,3.04,3.08,3.13,3.02,3.10,3.22,3.31,3.32,3.31,3.30,3.29,3.29,3.34,3.32,3.42,3.54,3.60,3.79,3.91,3.95,3.96,3.97,3.96,3.96,3.97,3.97,3.97,3.96,3.96,3.97,3.97,3.98,4.00,4.01,4.03,4.04,4.03,3.99,3.94,3.97,3.96,4.00,4.07,3.97,3.87,3.76,3.63,3.47,3.33,3.23,3.13
13.51,11.47,9.50,8.98,8.85,8.79,8.67,8.50,8.30,8.09,7.89,7.80,7.58,7.31,7.08,6.99,6.94,6.90,6.85,6.75,6.65,6.59,6.60,6.69,6.77,6.76,5.79,4.44,4.44,4.40,4.41,4.42,4.34,4.24,4.12,4.11,4.22,4.33,4.27,4.21,4.15,4.06,4.00,3.90,3.80,3.76,3.77,3.73,3.76,3.86,3.91,3.93,3.93,3.91,3.89,3.88,3.86,3.83,3.81,3.90,3.90,3.82,3.58,3.08,2.59,2.11,1.77,1.57,1.58,1.57,1.56,1.57,1.56,1.56,1.56,1.56,1.57,1.55,1.56,1.57,1.58,1.55,1.55,1.55,1.55,1.54,1.58,2.17,2.54,2.99,2.87,2.90,2.97,3.05,3.18,3.15,3.10,3.04,3.00,2.97,2.93,2.90,2.90,2.92,2.91,2.92,2.94,2.95,2.96,2.97,2.96,2.96,2.95,2.95,2.95,2.95,2.93,2.91,2.88,2.86,2.84,2.82,2.82,2.86,2.90,2.90,2.91,2.93,2.97,3.02,3.06,3.09,3.13,3.18,3.31,3.28,3.22,3.19,3.16,3.11,3.15,3.23,3.26,3.23,3.18,3.15,3.18,3.37,3.43,3.64,3.91,3.85,3.71,3.58,3.44,3.32,3.26,3.28,3.34,3.42,3.51,3.58,3.62,3.64,3.66,3.68,3.68,3.68,3.70,3.71,3.66,3.57,3.48,3.40,3.33,3.26,3.20,3.17,3.13,3.18,3.20,3.24,3.59,3.51,3.50,3.56,3.57,3.61,3.57,3.52,3.50,3.48,3.46,3.43,3.40,3.37,3.34,3.30,3.27,3.24,3.21,3.18,3.16,3.12,3.04,3.04,3.08,3.09,2.99,3.10,3.23,3.30,3.30,3.31,3.30,3.30,3.30,3.33,3.35,3.44,3.52,3.56,3.72,3.88,3.96,3.95,3.97,3.97,3.96,3.97,4.02,4.13,4.10,4.01,3.94,3.96,3.97,3.97,3.98,3.99,4.00,3.99,3.95,3.92,3.94,3.94,3.96,4.00,3.96,3.93,3.82,3.66,3.47,3.32,3.24,3.15
14.12,11.84,9.57,9.03,8.87,8.72,8.53,8.28,8.09,7.89,7.61,7.54,7.38,7.18,7.01,7.00,6.95,6.90,6.84,6.74,6.64,6.57,6.58,6.67,6.69,6.48,5.58,4.44,4.34,4.29,4.35,4.40,4.32,4.17,4.07,4.09,4.20,4.31,4.32,4.26,4.16,4.04,4.04,3.95,3.84,3.78,3.76,3.70,3.77,3.91,3.93,3.95,3.94,3.92,3.89,3.88,3.87,3.88,3.89,3.90,3.89,3.77,3.48,2.99,2.49,2.00,1.71,1.58,1.58,1.57,1.57,1.58,1.58,1.57,1.57,1.57,1.56,1.55,1.55,1.57,1.58,1.55,1.55,1.55,1.55,1.55,1.59,2.33,2.54,3.00,2.92,2.97,3.03,3.09,3.20,3.12,3.05,2.99,2.94,2.93,2.90,2.87,2.89,2.90,2.89,2.89,2.91,2.93,2.91,2.91,2.91,2.90,2.91,2.92,2.94,2.96,2.95,2.94,2.93,2.91,2.91,2.90,2.90,2.89,2.88,2.87,2.86,2.84,2.84,2.85,2.94,2.98,3.01,3.08,3.10,3.15,3.13,3.08,3.07,3.09,3.15,3.23,3.26,3.22,3.15,3.14,3.21,3.36,3.42,3.60,3.79,3.71,3.62,3.51,3.39,3.26,3.22,3.22,3.27,3.36,3.44,3.53,3.60,3.64,3.66,3.67,3.65,3.64,3.67,3.70,3.65,3.55,3.44,3.37,3.37,3.35,3.31,3.25,3.03,3.10,3.20,3.30,3.68,3.56,3.54,3.60,3.62,3.63,3.54,3.46,3.44,3.42,3.39,3.37,3.35,3.32,3.29,3.27,3.25,3.22,3.20,3.18,3.14,3.09,2.98,3.03,3.07,3.06,2.97,3.11,3.23,3.29,3.29,3.31,3.31,3.30,3.30,3.31,3.38,3.45,3.50,3.52,3.64,3.82,3.91,3.91,3.95,3.97,3.97,4.00,4.16,4.46,4.36,4.09,3.86,3.94,3.94,3.94,3.94,3.95,3.96,3.94,3.91,3.91,3.92,3.92,3.92,3.91,3.93,3.94,3.84,3.66,3.47,3.31,3.23,3.15
15.36,12.31,9.68,9.10,8.98,8.85,8.58,8.12,7.84,7.63,7.39,7.31,7.25,7.14,7.01,6.99,6.94,6.89,6.83,6.71,6.66,6.55,6.52,6.58,6.37,5.72,4.98,4.40,4.27,4.17,4.26,4.38,4.32,3.99,3.97,4.07,4.22,4.28,4.36,4.29,4.13,4.04,4.12,3.94,3.77,3.79,3.75,3.71,3.79,3.94,3.95,3.95,3.95,3.94,3.92,3.91,3.91,3.90,3.89,3.87,3.91,3.75,3.40,2.93,2.44,1.94,1.64,1.58,1.57,1.57,1.58,1.59,1.59,1.58,1.56,1.56,1.58,1.56,1.55,1.55,1.56,1.55,1.56,1.57,1.57,1.59,1.59,2.91,2.93,2.98,2.94,3.01,3.09,3.15,3.14,3.07,2.99,2.92,2.87,2.92,2.94,2.95,2.97,2.94,2.93,2.94,2.96,2.98,2.90,2.88,2.87,2.86,2.85,2.86,2.87,2.87,2.86,2.87,2.89,2.91,2.93,2.96,2.96,2.94,2.94,2.96,2.95,2.94,2.93,2.90,2.93,2.94,2.95,2.97,2.91,2.95,2.98,2.99,3.04,3.11,3.18,3.23,3.24,3.19,3.11,3.09,3.15,3.31,3.38,3.51,3.58,3.35,3.42,3.42,3.33,3.21,3.17,3.17,3.21,3.30,3.38,3.48,3.58,3.65,3.64,3.65,3.65,3.67,3.74,3.78,3.71,3.56,3.36,3.22,3.26,3.30,3.32,3.27,3.06,3.12,3.31,3.56,3.78,3.69,3.64,3.63,3.65,3.63,3.53,3.43,3.38,3.36,3.33,3.31,3.28,3.26,3.24,3.21,3.19,3.16,3.14,3.13,3.12,3.07,2.93,3.03,3.08,3.05,2.95,3.11,3.24,3.30,3.30,3.31,3.31,3.31,3.30,3.31,3.42,3.45,3.46,3.48,3.56,3.65,3.73,3.80,3.90,3.96,4.00,4.12,4.52,5.18,4.89,4.23,3.69,3.87,3.92,3.91,3.89,3.93,3.92,3.87,3.83,3.87,3.87,3.87,3.85,3.84,3.85,3.84,3.76,3.61,3.44,3.29,3.15,3.06
14.82,12.04,9.73,9.21,9.07,8.88,8.49,8.15,7.88,7.62,7.31,7.23,7.20,7.13,7.00,6.97,6.93,6.88,6.81,6.69,6.68,6.63,6.63,6.66,6.36,5.53,4.88,4.53,4.38,4.24,4.28,4.36,4.29,4.02,4.02,4.11,4.22,4.27,4.36,4.28,4.12,4.03,4.05,3.89,3.77,3.83,3.76,3.73,3.80,3.93,3.97,3.95,3.94,3.93,3.92,3.91,3.92,3.92,3.90,3.87,3.78,3.57,3.24,2.80,2.33,1.87,1.59,1.58,1.58,1.57,1.58,1.59,1.59,1.57,1.56,1.56,1.58,1.56,1.56,1.56,1.56,1.55,1.56,1.57,1.57,1.60,1.59,3.07,3.03,2.95,2.97,3.04,3.12,3.15,3.08,3.02,2.94,2.88,2.88,2.96,3.03,3.09,3.13,3.11,3.08,3.07,3.07,3.12,2.99,2.94,2.93,2.91,2.89,2.88,2.85,2.82,2.78,2.80,2.82,2.84,2.87,2.91,2.95,2.96,2.96,2.99,3.00,3.00,3.00,2.97,2.98,2.98,2.98,2.98,2.92,2.96,2.99,3.02,3.09,3.15,3.20,3.23,3.24,3.19,3.10,3.04,3.06,3.17,3.27,3.34,3.34,3.19,3.27,3.29,3.24,3.16,3.13,3.11,3.17,3.27,3.33,3.41,3.50,3.55,3.55,3.60,3.61,3.65,3.72,3.76,3.59,3.41,3.27,3.14,3.20,3.25,3.29,3.29,3.29,3.26,3.38,3.67,3.81,3.79,3.72,3.67,3.68,3.63,3.52,3.39,3.31,3.29,3.27,3.25,3.22,3.20,3.18,3.15,3.13,3.11,3.10,3.12,3.11,3.05,2.93,3.04,3.08,3.03,2.94,3.12,3.23,3.27,3.28,3.29,3.31,3.31,3.31,3.31,3.42,3.43,3.41,3.46,3.52,3.58,3.64,3.72,3.81,3.87,3.98,4.18,4.50,4.92,4.66,4.11,3.66,3.91,3.95,3.94,3.93,3.97,3.92,3.83,3.78,3.84,3.82,3.80,3.79,3.77,3.77,3.76,3.68,3.54,3.39,3.23,3.09,3.01
13.56,11.45,9.75,9.33,9.15,8.87,8.37,8.26,8.06,7.75,7.35,7.24,7.20,7.12,6.99,6.94,6.91,6.86,6.78,6.68,6.71,6.75,6.79,6.79,6.45,5.57,4.96,4.71,4.54,4.37,4.35,4.35,4.26,4.12,4.13,4.18,4.21,4.27,4.33,4.26,4.11,4.02,3.92,3.82,3.80,3.88,3.78,3.75,3.80,3.91,4.00,3.95,3.93,3.92,3.92,3.89,3.91,3.92,3.91,3.86,3.59,3.32,3.02,2.63,2.21,1.80,1.55,1.58,1.58,1.58,1.58,1.58,1.57,1.57,1.57,1.56,1.57,1.55,1.57,1.58,1.58,1.59,1.58,1.57,1.57,1.60,1.62,3.02,3.00,2.93,3.01,3.08,3.13,3.14,3.03,2.96,2.89,2.87,2.94,3.02,3.14,3.24,3.30,3.32,3.28,3.23,3.22,3.30,3.13,3.06,3.04,3.01,2.98,2.94,2.87,2.80,2.73,2.74,2.75,2.75,2.77,2.82,2.90,2.94,2.94,2.98,3.01,3.03,3.04,3.03,3.05,3.05,3.04,3.03,3.03,3.05,3.08,3.10,3.16,3.20,3.22,3.24,3.25,3.19,3.09,2.99,2.95,2.98,3.11,3.14,3.09,3.11,3.13,3.13,3.13,3.12,3.08,3.06,3.13,3.26,3.27,3.32,3.37,3.40,3.39,3.50,3.54,3.58,3.63,3.67,3.39,3.21,3.16,3.11,3.16,3.21,3.24,3.29,3.57,3.42,3.43,3.69,3.80,3.86,3.80,3.71,3.71,3.63,3.51,3.37,3.24,3.23,3.21,3.19,3.16,3.14,3.11,3.09,3.07,3.06,3.08,3.11,3.09,3.02,2.95,3.06,3.08,3.02,2.95,3.14,3.20,3.22,3.24,3.26,3.29,3.32,3.34,3.32,3.42,3.39,3.35,3.44,3.51,3.55,3.60,3.66,3.70,3.74,3.94,4.20,4.30,4.27,4.12,3.90,3.71,3.98,4.00,3.99,4.01,4.04,3.93,3.81,3.75,3.80,3.76,3.73,3.72,3.70,3.69,3.69,3.61,3.47,3.33,3.16,3.04,2.99
13.29,11.28,9.79,9.39,9.21,8.98,8.59,8.48,8.36,8.20,7.99,7.55,7.26,7.09,6.99,6.92,6.89,6.83,6.75,6.67,6.74,6.79,6.81,6.71,6.01,5.13,4.61,4.46,4.34,4.37,4.36,4.32,4.24,4.15,4.16,4.20,4.25,4.31,4.37,4.27,4.08,3.99,3.87,3.83,3.84,3.88,3.81,3.82,3.87,3.93,4.01,3.95,3.93,3.92,3.90,3.87,3.89,3.90,3.84,3.70,3.40,3.08,2.77,2.43,2.03,1.72,1.56,1.57,1.58,1.58,1.58,1.58,1.58,1.57,1.57,1.56,1.55,1.55,1.55,1.62,1.88,2.17,1.72,1.56,1.55,1.59,2.53,2.84,3.01,2.98,3.05,3.13,3.14,3.07,2.99,2.91,2.90,2.93,3.00,3.10,3.19,3.27,3.33,3.35,3.34,3.35,3.36,3.37,3.26,3.21,3.18,3.15,3.10,3.05,2.98,2.90,2.87,2.86,2.86,2.84,2.76,2.73,2.79,2.85,2.86,2.89,2.93,2.97,2.99,3.00,3.04,3.06,3.06,3.08,3.09,3.10,3.11,3.12,3.16,3.20,3.23,3.24,3.22,3.17,3.08,2.98,2.89,2.87,2.97,3.01,2.97,2.94,2.92,2.91,2.95,3.04,3.04,3.03,3.07,3.14,3.15,3.11,3.10,3.09,3.07,3.13,3.21,3.30,3.38,3.45,3.23,3.08,3.05,3.07,3.14,3.20,3.20,3.12,3.33,3.28,3.35,3.61,3.76,3.77,3.77,3.77,3.74,3.64,3.51,3.36,3.22,3.16,3.14,3.13,3.10,3.08,3.05,3.04,3.04,3.05,3.07,3.09,3.06,2.99,3.01,3.07,3.06,3.02,3.04,3.14,3.18,3.20,3.22,3.25,3.27,3.30,3.33,3.32,3.44,3.42,3.38,3.44,3.51,3.53,3.54,3.56,3.66,3.72,3.84,3.97,4.03,4.01,3.96,3.90,3.86,3.95,3.97,3.99,4.00,4.01,3.89,3.81,3.77,3.74,3.70,3.67,3.65,3.64,3.63,3.62,3.53,3.39,3.26,3.15,3.04,2.98
12.90,11.07,9.85,9.52,9.34,9.11,8.83,8.72,8.66,8.60,8.47,7.81,7.32,7.05,6.99,6.92,6.87,6.80,6.73,6.65,6.76,6.81,6.81,6.69,5.92,5.17,4.65,4.38,4.30,4.38,4.37,4.29,4.18,4.14,4.17,4.22,4.28,4.34,4.39,4.26,4.06,4.00,3.85,3.84,3.86,3.87,3.85,3.90,3.94,3.97,4.03,3.99,3.97,3.96,3.93,3.89,3.90,3.88,3.79,3.57,3.24,2.90,2.57,2.24,1.87,1.65,1.56,1.56,1.58,1.57,1.57,1.58,1.58,1.57,1.57,1.56,1.54,1.55,1.54,1.71,2.09,2.43,2.18,1.95,1.89,2.05,2.71,2.84,3.00,3.02,3.08,3.15,3.12,3.01,2.95,2.89,2.92,2.99,3.07,3.16,3.23,3.29,3.34,3.35,3.37,3.39,3.42,3.41,3.34,3.31,3.29,3.25,3.18,3.12,3.07,3.02,3.00,2.97,2.95,2.91,2.82,2.76,2.81,2.85,2.86,2.89,2.90,2.91,2.93,2.98,3.01,3.03,3.05,3.08,3.11,3.13,3.14,3.15,3.17,3.20,3.23,3.24,3.21,3.16,3.09,3.00,2.90,2.85,2.89,2.90,2.85,2.79,2.74,2.73,2.78,2.87,2.90,2.90,2.92,2.95,2.96,2.91,2.88,2.88,2.87,2.90,2.98,3.06,3.14,3.19,3.08,2.98,2.97,3.05,3.14,3.21,3.20,3.09,3.19,3.22,3.36,3.59,3.70,3.73,3.77,3.79,3.75,3.61,3.49,3.36,3.22,3.11,3.08,3.06,3.04,3.02,3.00,3.00,3.02,3.04,3.06,3.08,3.05,2.98,3.03,3.08,3.05,3.02,3.10,3.15,3.18,3.19,3.22,3.24,3.26,3.29,3.32,3.33,3.45,3.44,3.39,3.44,3.48,3.48,3.47,3.46,3.55,3.62,3.70,3.77,3.82,3.83,3.85,3.88,3.92,3.91,3.93,3.95,3.96,3.97,3.85,3.79,3.75,3.69,3.64,3.61,3.59,3.58,3.56,3.55,3.46,3.33,3.22,3.11,3.02,2.97
12.40,10.82,9.93,9.73,9.54,9.28,9.11,8.97,8.97,8.96,8.79,8.02,7.36,7.02,6.99,6.93,6.86,6.78,6.70,6.63,6.75,6.79,6.80,6.74,6.18,5.71,5.08,4.46,4.42,4.42,4.37,4.25,4.09,4.11,4.17,4.24,4.30,4.37,4.39,4.25,4.05,4.03,3.87,3.85,3.88,3.88,3.92,3.96,4.00,4.04,4.08,4.07,4.07,4.05,4.01,3.96,3.93,3.87,3.75,3.47,3.13,2.78,2.42,2.07,1.71,1.59,1.57,1.56,1.58,1.56,1.57,1.59,1.58,1.57,1.56,1.55,1.55,1.57,1.55,1.85,2.51,2.96,3.02,2.81,2.67,3.08,2.98,2.93,2.96,3.06,3.12,3.12,3.06,2.96,2.91,2.91,2.96,3.05,3.15,3.23,3.28,3.31,3.32,3.34,3.35,3.37,3.39,3.40,3.37,3.36,3.35,3.32,3.23,3.17,3.14,3.13,3.11,3.07,3.02,2.98,2.95,2.94,2.94,2.95,2.96,2.99,2.90,2.86,2.88,2.95,2.96,2.98,3.00,3.03,3.08,3.15,3.18,3.18,3.20,3.22,3.23,3.24,3.22,3.16,3.13,3.07,2.98,2.93,2.87,2.81,2.74,2.67,2.61,2.61,2.62,2.61,2.65,2.67,2.69,2.71,2.71,2.72,2.74,2.76,2.80,2.81,2.85,2.88,2.91,2.91,2.93,2.93,2.95,3.04,3.14,3.23,3.26,3.19,3.15,3.26,3.46,3.65,3.62,3.76,3.80,3.77,3.74,3.56,3.45,3.35,3.21,3.07,3.01,2.99,2.98,2.96,2.97,2.99,3.01,3.03,3.06,3.07,3.04,3.00,3.02,3.08,3.04,3.00,3.13,3.16,3.19,3.21,3.22,3.25,3.27,3.29,3.31,3.36,3.46,3.44,3.40,3.44,3.43,3.40,3.38,3.37,3.36,3.45,3.53,3.59,3.67,3.75,3.81,3.85,3.87,3.87,3.87,3.88,3.89,3.90,3.79,3.73,3.69,3.65,3.59,3.56,3.54,3.52,3.50,3.48,3.39,3.27,3.19,3.05,2.98,2.96
12.71,11.10,10.15,9.94,9.74,9.47,9.39,9.24,9.26,9.21,8.86,7.98,7.33,7.01,6.98,6.93,6.87,6.80,6.71,6.63,6.55,6.48,6.43,6.36,6.04,5.68,5.20,4.70,4.46,4.40,4.35,4.22,4.02,4.14,4.21,4.26,4.30,4.36,4.29,4.15,4.02,3.95,3.85,3.87,3.84,3.74,3.94,4.00,4.03,4.08,4.13,4.13,4.13,4.12,4.10,4.07,4.03,3.97,3.86,3.54,3.14,2.73,2.33,1.98,1.66,1.56,1.56,1.56,1.57,1.56,1.56,1.58,1.57,1.56,1.56,1.55,1.55,1.55,1.57,1.90,2.56,3.08,3.11,2.98,2.88,3.03,2.96,2.95,3.00,3.09,3.14,3.10,3.01,2.93,2.88,2.94,3.03,3.12,3.20,3.25,3.28,3.30,3.32,3.33,3.35,3.36,3.38,3.39,3.38,3.37,3.36,3.35,3.30,3.20,3.07,2.97,3.02,3.07,3.08,3.07,3.06,3.07,3.03,3.01,3.02,2.94,2.95,2.95,2.96,3.01,3.01,2.99,2.98,3.01,3.01,3.06,3.12,3.16,3.17,3.20,3.22,3.22,3.20,3.16,3.13,3.08,3.02,2.96,2.92,2.86,2.80,2.74,2.68,2.65,2.63,2.58,2.57,2.56,2.55,2.55,2.60,2.65,2.67,2.69,2.71,2.73,2.76,2.79,2.82,2.84,2.87,2.89,2.90,2.96,3.09,3.19,3.20,3.10,3.09,3.21,3.35,3.47,3.49,3.73,3.82,3.78,3.70,3.56,3.37,3.21,3.11,3.01,2.94,2.92,2.93,2.93,2.97,3.00,3.03,3.06,3.06,3.06,3.02,2.95,3.01,3.07,3.03,2.99,3.14,3.16,3.18,3.20,3.22,3.25,3.27,3.30,3.32,3.37,3.44,3.41,3.36,3.37,3.35,3.32,3.30,3.28,3.26,3.31,3.35,3.39,3.44,3.54,3.60,3.64,3.67,3.70,3.72,3.75,3.77,3.73,3.70,3.64,3.57,3.54,3.59,3.54,3.48,3.47,3.46,3.43,3.34,3.22,3.12,2.99,2.96,2.97
13.04,11.40,10.38,10.17,9.95,9.69,9.68,9.55,9.57,9.45,8.91,7.90,7.28,7.00,6.97,6.92,6.88,6.81,6.72,6.64,6.40,6.18,6.02,5.89,5.72,5.45,5.13,4.79,4.47,4.37,4.31,4.20,4.00,4.14,4.21,4.25,4.28,4.34,4.22,4.10,3.99,3.88,3.85,3.88,3.84,3.68,3.95,4.02,4.05,4.11,4.16,4.17,4.17,4.17,4.17,4.15,4.11,4.07,3.97,3.63,3.18,2.72,2.30,1.95,1.64,1.55,1.55,1.56,1.56,1.55,1.56,1.56,1.56,1.56,1.55,1.56,1.55,1.54,1.65,2.02,2.63,3.13,3.16,3.10,3.03,2.95,2.93,2.97,3.04,3.12,3.14,3.06,2.97,2.91,2.88,2.98,3.09,3.17,3.22,3.26,3.28,3.29,3.31,3.32,3.34,3.35,3.37,3.39,3.38,3.38,3.36,3.32,3.33,2.94,2.67,2.69,2.98,3.09,3.13,3.15,3.16,3.17,3.12,3.09,3.08,2.95,3.02,3.06,3.05,3.07,3.01,2.95,2.95,3.00,2.98,3.01,3.06,3.11,3.14,3.18,3.20,3.20,3.18,3.14,3.10,3.06,3.01,2.96,2.94,2.90,2.85,2.80,2.74,2.70,2.66,2.60,2.55,2.52,2.48,2.46,2.52,2.57,2.59,2.58,2.56,2.59,2.63,2.68,2.73,2.77,2.80,2.82,2.84,2.88,2.99,3.07,3.06,2.97,3.01,3.12,3.22,3.26,3.32,3.62,3.75,3.71,3.59,3.50,3.29,3.09,2.98,2.93,2.88,2.86,2.88,2.92,2.96,3.01,3.05,3.08,3.06,3.06,3.00,2.93,3.02,3.06,2.99,2.96,3.15,3.16,3.18,3.20,3.22,3.24,3.27,3.29,3.33,3.38,3.42,3.39,3.34,3.31,3.29,3.26,3.23,3.21,3.18,3.18,3.20,3.22,3.25,3.32,3.37,3.41,3.46,3.51,3.55,3.61,3.64,3.55,3.58,3.54,3.48,3.48,3.57,3.51,3.44,3.42,3.41,3.39,3.30,3.17,3.05,2.94,2.96,2.98
13.18,11.62,10.62,10.41,10.22,9.98,9.98,9.92,9.95,9.73,8.98,7.79,7.21,6.99,6.95,6.92,6.86,6.78,6.70,6.66,6.37,6.00,5.62,5.30,5.08,4.88,4.68,4.50,4.42,4.33,4.26,4.18,4.07,4.07,4.12,4.19,4.26,4.35,4.28,4.15,3.99,3.85,3.85,3.90,3.90,3.83,3.93,4.02,4.07,4.11,4.18,4.18,4.18,4.19,4.19,4.17,4.16,4.15,4.08,3.70,3.26,2.80,2.38,2.05,1.66,1.55,1.56,1.55,1.56,1.56,1.55,1.55,1.57,1.56,1.56,1.55,1.55,1.55,2.18,2.42,2.83,3.11,3.12,3.06,2.98,2.85,2.94,3.01,3.08,3.15,3.09,3.01,2.95,2.92,2.98,3.05,3.14,3.21,3.23,3.25,3.27,3.28,3.30,3.31,3.33,3.34,3.36,3.37,3.38,3.38,3.32,3.21,3.25,2.06,1.58,2.20,3.12,3.18,3.18,3.19,3.21,3.22,3.21,3.20,3.19,3.14,3.16,3.18,3.16,3.10,2.87,2.81,2.89,3.03,3.10,3.09,3.03,2.99,3.09,3.16,3.19,3.18,3.13,3.09,3.03,2.98,2.93,2.89,2.89,2.87,2.83,2.81,2.78,2.74,2.70,2.66,2.61,2.58,2.54,2.51,2.48,2.46,2.44,2.38,2.30,2.33,2.42,2.52,2.59,2.62,2.64,2.69,2.75,2.77,2.81,2.76,2.75,2.84,2.88,3.01,3.07,3.03,3.06,3.34,3.47,3.45,3.33,3.31,3.26,3.09,2.81,2.82,2.82,2.84,2.86,2.92,2.94,3.00,3.06,3.08,3.08,3.05,3.01,2.98,3.08,3.02,2.92,2.91,3.13,3.16,3.19,3.20,3.22,3.24,3.25,3.27,3.31,3.37,3.41,3.41,3.37,3.33,3.29,3.25,3.21,3.17,3.12,3.08,3.11,3.15,3.15,3.12,3.14,3.18,3.23,3.30,3.36,3.42,3.46,3.38,3.43,3.43,3.45,3.54,3.47,3.45,3.44,3.41,3.35,3.34,3.28,3.16,3.00,2.94,2.97,2.97
13.06,11.61,10.86,10.66,10.48,10.28,10.23,10.24,10.34,10.06,9.00,7.68,7.15,6.98,6.95,6.91,6.83,6.75,6.68,6.63,6.30,5.91,5.48,5.05,4.72,4.58,4.47,4.39,4.41,4.34,4.25,4.18,4.11,4.09,4.15,4.22,4.30,4.37,4.36,4.28,4.12,3.89,3.88,3.91,3.93,3.92,3.98,4.05,4.10,4.14,4.18,4.19,4.20,4.20,4.20,4.18,4.18,4.17,4.16,4.11,3.77,3.38,2.94,2.35,1.73,1.56,1.56,1.55,1.55,1.55,1.55,1.55,1.58,1.57,1.56,1.56,1.55,1.55,2.50,2.65,2.95,3.09,3.07,2.98,2.89,2.88,2.97,3.05,3.09,3.10,3.03,2.96,2.94,2.98,3.04,3.09,3.18,3.25,3.24,3.24,3.25,3.27,3.28,3.30,3.31,3.33,3.35,3.36,3.38,3.38,3.30,3.13,3.22,1.29,0.59,1.68,3.12,3.23,3.22,3.23,3.24,3.24,3.24,3.23,3.22,3.20,3.21,3.23,3.23,3.17,3.01,2.95,2.97,3.05,3.12,3.10,3.03,2.98,3.09,3.15,3.16,3.15,3.09,3.02,2.92,2.84,2.80,2.79,2.79,2.79,2.78,2.77,2.74,2.71,2.68,2.66,2.63,2.60,2.58,2.57,2.52,2.47,2.42,2.36,2.29,2.30,2.34,2.40,2.44,2.45,2.46,2.49,2.55,2.62,2.66,2.64,2.64,2.75,2.79,2.86,2.90,2.89,2.90,3.07,3.17,3.15,3.05,3.06,3.06,2.98,2.82,2.84,2.85,2.86,2.88,2.94,2.91,2.95,3.02,3.10,3.09,3.04,3.01,3.02,3.10,3.00,2.94,2.97,3.14,3.16,3.19,3.21,3.22,3.24,3.25,3.27,3.31,3.39,3.42,3.42,3.39,3.34,3.28,3.23,3.18,3.13,3.09,3.05,3.06,3.10,3.11,3.08,3.09,3.11,3.15,3.16,3.19,3.25,3.29,3.26,3.28,3.29,3.33,3.42,3.36,3.37,3.38,3.35,3.28,3.27,3.22,3.12,2.92,2.92,2.95,2.95
12.85,11.55,11.13,10.91,10.74,10.58,10.47,10.54,10.71,10.36,9.01,7.59,7.11,6.99,6.95,6.89,6.80,6.72,6.64,6.56,6.19,5.85,5.44,4.93,4.50,4.42,4.39,4.36,4.41,4.35,4.26,4.18,4.14,4.15,4.21,4.28,4.35,4.39,4.44,4.42,4.27,3.95,3.92,3.92,3.94,3.98,4.04,4.09,4.13,4.17,4.18,4.20,4.21,4.21,4.21,4.20,4.18,4.17,4.23,4.64,4.46,4.16,3.66,2.76,1.85,1.58,1.57,1.55,1.55,1.54,1.54,1.56,1.58,1.57,1.57,1.56,1.54,1.54,2.83,2.95,3.04,3.08,3.03,2.90,2.82,2.96,3.02,3.07,3.08,3.02,2.96,2.91,2.95,3.06,3.08,3.12,3.22,3.29,3.27,3.25,3.25,3.27,3.28,3.29,3.30,3.32,3.33,3.35,3.36,3.37,3.26,3.04,3.21,0.70,-0.24,1.16,3.08,3.25,3.25,3.25,3.25,3.24,3.23,3.23,3.22,3.20,3.23,3.26,3.27,3.25,3.24,3.17,3.10,3.08,3.10,3.08,3.04,3.01,3.10,3.14,3.14,3.11,3.05,2.95,2.82,2.72,2.68,2.71,2.70,2.70,2.71,2.72,2.67,2.64,2.63,2.64,2.62,2.60,2.60,2.62,2.58,2.52,2.46,2.42,2.39,2.35,2.33,2.31,2.31,2.30,2.30,2.31,2.35,2.46,2.54,2.57,2.61,2.66,2.70,2.70,2.73,2.79,2.80,2.85,2.88,2.86,2.80,2.83,2.84,2.86,2.89,2.90,2.90,2.91,2.93,2.97,2.91,2.91,2.99,3.12,3.09,3.02,3.00,3.04,3.09,2.98,2.99,3.08,3.15,3.16,3.18,3.20,3.22,3.24,3.26,3.28,3.31,3.41,3.42,3.42,3.39,3.33,3.27,3.21,3.16,3.11,3.06,3.04,3.03,3.05,3.10,3.11,3.10,3.11,3.12,3.06,3.06,3.10,3.15,3.15,3.16,3.16,3.18,3.23,3.25,3.27,3.30,3.29,3.21,3.19,3.15,3.05,2.85,2.90,2.93,2.93
12.88,11.90,11.61,11.19,10.97,10.90,10.77,10.88,10.88,10.38,9.12,7.77,7.18,6.97,6.93,6.87,6.79,6.71,6.58,6.34,5.99,5.77,5.42,4.85,4.52,4.48,4.47,4.44,4.42,4.36,4.27,4.22,4.21,4.22,4.24,4.29,4.37,4.40,4.38,4.34,4.24,4.02,3.96,3.93,3.95,4.01,4.06,4.09,4.13,4.17,4.19,4.20,4.21,4.22,4.22,4.21,4.19,4.15,4.25,5.11,5.23,4.84,4.12,3.27,2.11,1.65,1.56,1.56,1.56,1.55,1.55,1.56,1.57,1.57,1.57,1.56,1.56,1.54,2.47,2.99,3.08,3.05,2.94,2.88,2.89,2.99,3.06,3.06,3.02,2.95,2.91,2.95,3.01,3.08,3.11,3.19,3.30,3.36,3.35,3.34,3.34,3.34,3.35,3.33,3.32,3.32,3.33,3.34,3.36,3.37,3.16,2.72,3.15,0.90,-0.26,0.69,3.05,3.25,3.25,3.25,3.25,3.25,3.24,3.23,3.22,3.21,3.23,3.26,3.28,3.28,3.26,3.21,3.16,3.14,3.12,3.08,3.02,2.99,3.09,3.15,3.14,3.09,3.02,2.96,2.90,2.85,2.82,2.82,2.79,2.75,2.72,2.68,2.60,2.56,2.56,2.56,2.56,2.54,2.53,2.54,2.54,2.49,2.46,2.45,2.45,2.43,2.40,2.37,2.35,2.34,2.37,2.39,2.40,2.44,2.46,2.48,2.49,2.51,2.55,2.61,2.66,2.72,2.75,2.78,2.80,2.81,2.81,2.85,2.89,2.91,2.93,2.91,2.94,2.97,3.00,3.03,3.02,3.02,3.04,3.10,3.09,3.05,3.02,3.02,3.05,2.98,3.01,3.10,3.11,3.14,3.17,3.19,3.21,3.23,3.25,3.27,3.30,3.39,3.40,3.38,3.34,3.28,3.24,3.19,3.15,3.10,3.06,3.03,3.03,3.05,3.09,3.10,3.10,3.10,3.10,3.07,3.09,3.10,3.10,3.12,3.13,3.12,3.11,3.14,3.17,3.20,3.23,3.24,3.19,3.15,3.06,2.95,2.86,2.90,2.90,2.89
13.04,12.34,12.01,11.53,11.27,11.20,11.05,11.20,11.02,10.37,9.19,7.93,7.26,6.98,6.93,6.87,6.79,6.71,6.55,6.20,5.86,5.62,5.27,4.76,4.52,4.50,4.51,4.50,4.47,4.39,4.33,4.29,4.30,4.29,4.29,4.32,4.37,4.37,4.31,4.25,4.17,4.00,3.97,3.94,3.94,4.00,4.06,4.09,4.13,4.18,4.20,4.20,4.21,4.22,4.22,4.21,4.19,4.15,4.29,5.40,5.85,5.58,4.78,3.77,2.44,1.73,1.55,1.56,1.56,1.55,1.55,1.56,1.56,1.58,1.59,1.57,1.57,1.74,2.46,3.01,3.07,3.02,2.90,2.89,2.96,3.05,3.08,3.04,2.98,2.91,2.92,2.99,3.06,3.09,3.07,3.18,3.31,3.40,3.40,3.39,3.39,3.39,3.38,3.36,3.34,3.34,3.34,3.35,3.36,3.32,2.95,2.26,3.07,0.80,-0.22,0.98,3.08,3.26,3.25,3.25,3.25,3.25,3.24,3.23,3.22,3.21,3.24,3.26,3.28,3.30,3.26,3.22,3.19,3.17,3.12,3.04,2.98,2.98,3.09,3.15,3.12,3.04,2.97,2.99,2.99,2.97,2.95,3.00,2.86,2.76,2.73,2.72,2.60,2.55,2.53,2.53,2.54,2.51,2.48,2.46,2.46,2.44,2.43,2.44,2.44,2.43,2.41,2.39,2.38,2.37,2.40,2.43,2.45,2.46,2.47,2.47,2.47,2.48,2.52,2.56,2.61,2.64,2.69,2.69,2.71,2.74,2.79,2.84,2.88,2.91,2.93,2.90,2.95,3.00,3.04,3.09,3.09,3.08,3.07,3.08,3.07,3.03,3.01,3.02,3.03,2.97,3.02,3.11,3.11,3.11,3.14,3.17,3.19,3.22,3.24,3.27,3.33,3.39,3.39,3.36,3.31,3.26,3.22,3.18,3.14,3.10,3.05,3.03,3.03,3.05,3.08,3.09,3.09,3.08,3.07,3.07,3.09,3.09,3.08,3.09,3.12,3.12,3.10,3.07,3.10,3.13,3.15,3.18,3.16,3.12,3.02,2.91,2.85,2.90,2.88,2.87
13.34,12.84,12.35,11.90,11.63,11.49,11.33,11.50,11.13,10.31,9.22,8.09,7.36,7.00,6.94,6.87,6.79,6.72,6.55,6.14,5.78,5.41,5.03,4.66,4.48,4.48,4.53,4.57,4.54,4.46,4.42,4.41,4.40,4.37,4.36,4.37,4.36,4.31,4.23,4.15,4.05,3.91,3.97,3.95,3.93,3.95,4.04,4.09,4.13,4.18,4.19,4.20,4.21,4.20,4.21,4.19,4.19,4.17,4.35,5.53,6.34,6.37,5.63,4.26,2.63,1.82,1.55,1.56,1.55,1.55,1.55,1.56,1.55,1.60,1.61,1.60,1.58,2.13,2.66,3.03,3.01,2.99,2.91,2.92,3.02,3.15,3.08,3.02,2.95,2.89,2.98,3.04,3.08,3.09,2.98,3.09,3.27,3.42,3.41,3.40,3.40,3.40,3.39,3.38,3.38,3.38,3.38,3.37,3.37,3.24,2.65,1.66,2.96,0.42,-0.14,1.96,3.16,3.26,3.25,3.25,3.25,3.25,3.24,3.23,3.23,3.22,3.25,3.27,3.29,3.31,3.25,3.21,3.18,3.17,3.11,2.97,2.91,2.97,3.08,3.14,3.08,2.98,2.93,3.04,3.07,3.07,3.09,3.25,2.93,2.74,2.75,2.82,2.68,2.59,2.54,2.55,2.55,2.50,2.43,2.37,2.35,2.37,2.37,2.36,2.36,2.35,2.37,2.39,2.40,2.39,2.41,2.45,2.49,2.52,2.53,2.54,2.55,2.57,2.58,2.57,2.57,2.58,2.59,2.58,2.60,2.65,2.75,2.79,2.83,2.86,2.89,2.87,2.94,3.00,3.06,3.14,3.11,3.09,3.08,3.07,3.02,2.96,2.96,3.02,3.03,2.96,3.01,3.11,3.13,3.06,3.10,3.15,3.17,3.20,3.23,3.30,3.38,3.41,3.39,3.35,3.30,3.26,3.22,3.18,3.14,3.10,3.05,3.04,3.04,3.05,3.07,3.08,3.08,3.07,3.04,3.07,3.08,3.08,3.07,3.07,3.13,3.17,3.14,3.01,3.03,3.05,3.08,3.11,3.12,3.09,3.03,2.94,2.84,2.88,2.86,2.85
13.37,12.93,12.50,12.12,11.83,11.66,11.65,11.63,11.19,10.38,9.31,8.10,7.36,6.99,6.89,6.84,6.76,6.69,6.53,6.15,5.80,5.37,4.96,4.65,4.50,4.55,4.56,4.52,4.54,4.52,4.54,4.54,4.50,4.52,4.45,4.39,4.34,4.26,4.21,4.13,4.03,3.93,3.98,3.97,3.96,3.97,4.03,4.07,4.12,4.17,4.18,4.18,4.19,4.19,4.18,4.17,4.17,4.22,4.49,5.55,6.38,6.49,5.78,4.30,2.65,1.83,1.56,1.55,1.56,1.56,1.56,1.56,1.60,1.59,1.60,1.61,1.61,2.64,2.90,3.06,2.99,2.92,2.93,2.99,3.07,3.11,3.04,2.96,2.91,2.92,3.01,3.07,3.09,3.01,2.59,2.98,3.28,3.41,3.40,3.40,3.39,3.39,3.39,3.39,3.39,3.38,3.38,3.38,3.37,2.38,1.31,1.07,2.86,1.64,1.43,2.73,3.22,3.26,3.26,3.25,3.25,3.25,3.25,3.24,3.23,3.23,3.25,3.27,3.29,3.32,3.29,3.23,3.18,3.15,3.10,2.93,2.88,2.98,3.08,3.11,3.06,2.99,2.94,3.05,3.12,3.16,3.18,3.27,3.13,3.02,2.97,2.90,2.75,2.61,2.55,2.59,2.70,2.69,2.60,2.46,2.38,2.36,2.35,2.34,2.34,2.29,2.29,2.32,2.35,2.36,2.39,2.44,2.49,2.52,2.54,2.56,2.58,2.63,2.64,2.63,2.63,2.64,2.65,2.65,2.67,2.69,2.73,2.74,2.75,2.77,2.80,2.82,2.88,2.95,3.01,3.07,3.07,3.06,3.05,3.04,2.95,2.93,2.96,3.01,3.00,3.01,3.09,3.16,3.15,3.08,3.08,3.12,3.16,3.18,3.22,3.26,3.32,3.39,3.36,3.33,3.30,3.26,3.22,3.18,3.14,3.09,3.04,3.03,3.04,3.05,3.06,3.07,3.07,3.06,3.03,3.06,3.06,3.06,3.06,3.05,3.13,3.16,3.14,3.07,3.02,3.02,3.04,3.06,3.06,3.02,2.94,2.86,2.85,2.85,2.84,2.84
13.44,13.12,12.65,12.31,12.04,11.87,11.91,11.78,11.30,10.46,9.27,7.96,7.28,6.96,6.85,6.80,6.73,6.67,6.53,6.17,5.86,5.44,5.04,4.75,4.62,4.61,4.56,4.49,4.54,4.56,4.61,4.62,4.56,4.60,4.51,4.40,4.33,4.24,4.18,4.11,4.03,3.96,3.99,4.00,4.00,4.00,4.02,4.06,4.11,4.15,4.15,4.16,4.18,4.19,4.16,4.15,4.15,4.26,4.61,5.59,6.42,6.65,6.11,4.31,2.47,1.77,1.56,1.56,1.56,1.56,1.57,1.59,1.64,1.58,1.60,1.63,1.64,2.95,3.08,3.06,2.95,2.89,2.96,3.05,3.10,3.06,2.99,2.91,2.90,2.97,3.04,3.09,2.92,2.60,2.46,3.00,3.31,3.40,3.40,3.39,3.39,3.39,3.39,3.39,3.39,3.38,3.38,3.38,3.37,1.66,0.33,1.00,2.84,2.66,2.68,3.25,3.25,3.26,3.26,3.25,3.25,3.26,3.25,3.24,3.23,3.23,3.26,3.28,3.30,3.32,3.32,3.26,3.19,3.14,3.08,2.91,2.87,2.99,3.09,3.09,3.04,2.99,2.97,3.05,3.15,3.22,3.24,3.27,3.27,3.23,3.15,3.02,2.88,2.76,2.70,2.75,2.89,2.91,2.81,2.65,2.53,2.40,2.34,2.33,2.33,2.29,2.29,2.32,2.35,2.33,2.37,2.42,2.46,2.49,2.52,2.55,2.59,2.64,2.66,2.66,2.67,2.69,2.69,2.70,2.72,2.74,2.73,2.72,2.72,2.73,2.76,2.79,2.85,2.91,2.95,2.97,3.00,3.00,2.99,2.98,2.88,2.90,2.95,2.99,2.97,3.05,3.13,3.18,3.17,3.10,3.09,3.11,3.14,3.16,3.20,3.23,3.27,3.37,3.33,3.31,3.29,3.26,3.22,3.18,3.13,3.08,3.03,3.03,3.03,3.04,3.06,3.06,3.06,3.05,3.02,3.05,3.05,3.05,3.05,3.04,3.12,3.14,3.13,3.11,3.02,3.00,3.01,3.02,3.04,2.96,2.86,2.80,2.85,2.83,2.82,2.82
13.63,13.58,12.86,12.47,12.28,12.18,12.04,11.99,11.52,10.52,9.01,7.53,7.05,6.91,6.83,6.77,6.70,6.67,6.57,6.20,6.01,5.72,5.38,5.04,4.90,4.61,4.48,4.50,4.54,4.55,4.57,4.57,4.54,4.54,4.49,4.40,4.32,4.26,4.15,4.10,4.07,3.99,4.00,4.03,4.04,4.03,4.03,4.06,4.10,4.13,4.10,4.12,4.16,4.18,4.15,4.14,4.13,4.26,4.66,5.69,6.52,6.99,7.05,3.03,1.98,1.61,1.56,1.56,1.55,1.56,1.61,1.67,1.66,1.59,1.62,1.67,1.69,2.89,3.10,3.00,2.89,2.95,3.03,3.09,3.10,3.01,2.93,2.90,2.93,3.04,3.07,3.11,2.41,1.57,2.83,3.24,3.38,3.39,3.39,3.39,3.39,3.39,3.39,3.38,3.38,3.38,3.38,3.38,3.37,1.32,0.20,1.94,3.01,3.07,3.11,3.30,3.24,3.25,3.26,3.26,3.25,3.26,3.25,3.24,3.23,3.24,3.26,3.28,3.30,3.32,3.34,3.27,3.20,3.17,3.07,2.93,2.91,3.01,3.11,3.09,3.02,2.97,3.01,3.07,3.15,3.22,3.26,3.26,3.25,3.25,3.23,3.20,3.17,3.14,3.13,3.13,3.17,3.15,3.11,3.03,2.89,2.55,2.38,2.35,2.35,2.39,2.42,2.44,2.44,2.32,2.34,2.37,2.40,2.43,2.45,2.49,2.54,2.58,2.61,2.64,2.66,2.68,2.70,2.70,2.73,2.77,2.78,2.78,2.78,2.80,2.81,2.82,2.87,2.90,2.88,2.84,2.87,2.89,2.91,2.90,2.81,2.86,2.93,2.97,2.97,3.03,3.09,3.13,3.15,3.13,3.13,3.13,3.14,3.14,3.18,3.22,3.27,3.37,3.29,3.27,3.28,3.25,3.21,3.17,3.12,3.06,3.01,3.02,3.03,3.04,3.05,3.05,3.05,3.04,3.02,3.05,3.05,3.04,3.04,3.02,3.09,3.11,3.10,3.08,3.05,3.03,3.00,3.00,3.11,2.92,2.82,2.81,2.84,2.81,2.80,2.82
16.46,15.64,13.97,12.98,12.51,12.35,12.19,11.94,11.24,10.07,8.54,7.31,6.97,6.89,6.81,6.73,6.67,6.56,6.36,6.03,5.93,5.82,5.67,5.48,5.18,4.88,4.75,4.75,4.73,4.68,4.62,4.54,4.48,4.51,4.46,4.41,4.36,4.33,4.20,4.13,4.09,4.02,4.01,4.02,4.05,4.06,4.05,4.07,4.10,4.13,4.10,4.14,4.17,4.18,4.14,4.12,4.09,4.25,4.73,5.79,6.65,7.14,7.32,2.24,1.72,1.56,1.56,1.56,1.54,1.58,1.63,1.67,1.65,1.64,1.67,1.84,2.27,2.98,3.05,2.95,2.92,3.00,3.08,3.10,3.05,2.95,2.87,2.91,3.00,3.08,3.10,2.10,1.72,2.24,3.14,3.34,3.39,3.39,3.39,3.39,3.39,3.39,3.38,3.38,3.38,3.38,3.38,3.38,3.37,1.65,0.87,2.70,3.13,3.18,3.21,3.29,3.25,3.25,3.26,3.26,3.25,3.26,3.25,3.24,3.24,3.25,3.26,3.28,3.30,3.32,3.34,3.27,3.17,3.13,3.03,2.93,2.92,3.01,3.11,3.05,2.98,2.94,3.02,3.08,3.16,3.23,3.25,3.25,3.25,3.25,3.25,3.25,3.25,3.24,3.24,3.23,3.24,3.23,3.20,3.17,3.11,2.72,2.51,2.46,2.48,2.55,2.57,2.57,2.56,2.44,2.39,2.37,2.38,2.45,2.45,2.48,2.50,2.49,2.57,2.60,2.62,2.63,2.66,2.67,2.70,2.73,2.76,2.78,2.79,2.80,2.82,2.84,2.89,2.91,2.90,2.88,2.90,2.91,2.92,2.93,2.90,2.93,2.98,3.01,2.97,2.98,3.02,3.08,3.14,3.15,3.16,3.20,3.24,3.24,3.26,3.27,3.29,3.35,3.25,3.23,3.25,3.25,3.21,3.17,3.12,3.05,3.00,3.00,3.01,3.03,3.04,3.03,3.03,3.03,3.01,3.04,3.03,3.03,3.02,3.02,3.08,3.09,3.07,3.06,3.04,3.01,2.99,2.97,3.06,2.87,2.78,2.79,2.82,2.79,2.79,2.81
19.24,17.50,15.01,13.49,12.73,12.50,12.37,11.81,10.80,9.47,8.00,7.17,6.94,6.87,6.79,6.69,6.64,6.42,6.11,5.83,5.80,5.84,5.90,5.89,5.43,5.20,5.09,5.04,4.98,4.85,4.70,4.56,4.45,4.50,4.46,4.42,4.42,4.40,4.27,4.16,4.09,4.04,4.01,4.01,4.04,4.09,4.08,4.09,4.10,4.12,4.13,4.16,4.18,4.18,4.14,4.11,4.06,4.25,4.82,5.89,6.78,7.21,7.29,1.62,1.56,1.56,1.56,1.56,1.54,1.60,1.64,1.64,1.63,1.69,1.70,2.03,2.96,3.10,2.99,2.92,2.97,3.06,3.12,3.08,2.97,2.87,2.84,2.95,3.07,3.11,3.12,1.17,1.29,3.31,3.37,3.39,3.39,3.39,3.39,3.39,3.38,3.38,3.38,3.38,3.38,3.38,3.38,3.37,3.37,2.24,1.85,3.29,3.21,3.18,3.21,3.25,3.26,3.25,3.25,3.26,3.26,3.26,3.25,3.25,3.24,3.26,3.27,3.28,3.30,3.33,3.34,3.25,3.14,3.07,2.97,2.92,2.94,3.02,3.10,3.02,2.93,2.92,3.01,3.08,3.17,3.23,3.24,3.24,3.25,3.25,3.25,3.25,3.25,3.25,3.25,3.24,3.24,3.24,3.23,3.22,3.24,2.89,2.65,2.56,2.59,2.69,2.69,2.68,2.67,2.58,2.45,2.38,2.39,2.51,2.51,2.52,2.51,2.44,2.56,2.59,2.59,2.58,2.61,2.64,2.66,2.68,2.72,2.76,2.77,2.78,2.81,2.86,2.91,2.93,2.94,2.95,2.98,2.97,2.95,2.99,3.03,3.03,3.04,3.05,2.98,2.93,2.95,3.04,3.11,3.14,3.18,3.24,3.34,3.34,3.35,3.32,3.30,3.32,3.22,3.19,3.21,3.24,3.21,3.17,3.11,3.05,2.99,2.98,3.00,3.02,3.02,3.01,3.02,3.02,3.01,3.02,3.01,3.01,3.01,3.02,3.07,3.07,3.05,3.03,3.01,2.99,2.97,2.95,2.96,2.81,2.75,2.76,2.79,2.76,2.77,2.79
16.60,15.10,13.92,13.26,12.91,12.76,12.67,11.77,10.45,8.93,7.44,7.05,6.91,6.83,6.75,6.69,6.62,6.35,6.01,5.82,5.79,5.85,5.90,5.86,5.56,5.31,5.16,5.13,5.20,4.94,4.83,4.77,4.62,4.65,4.57,4.51,4.47,4.36,4.26,4.14,4.06,4.05,4.04,4.04,4.07,4.12,4.10,4.11,4.12,4.13,4.13,4.15,4.16,4.17,4.17,4.19,4.15,4.36,4.96,5.96,6.84,7.22,7.25,1.61,1.56,1.56,1.56,1.56,1.55,1.60,1.62,1.61,1.66,1.62,1.63,2.07,3.20,3.13,3.00,2.95,3.03,3.11,3.10,3.03,2.93,2.81,2.91,3.03,3.12,3.16,3.17,2.59,2.66,3.31,3.38,3.38,3.38,3.38,3.39,3.39,3.38,3.38,3.38,3.38,3.38,3.38,3.38,3.37,3.37,3.06,2.93,3.30,3.21,3.19,3.18,3.18,3.23,3.22,3.24,3.26,3.26,3.26,3.26,3.25,3.25,3.26,3.27,3.28,3.32,3.38,3.29,3.21,3.13,3.05,2.82,2.86,2.97,3.06,3.09,3.00,2.91,2.89,3.03,3.10,3.18,3.23,3.24,3.24,3.25,3.25,3.26,3.25,3.25,3.25,3.25,3.25,3.24,3.24,3.24,3.24,3.22,2.95,2.69,2.48,2.32,2.64,2.67,2.62,2.61,2.53,2.47,2.43,2.44,2.63,2.68,2.71,2.70,2.66,2.71,2.73,2.72,2.68,2.59,2.62,2.64,2.65,2.69,2.72,2.74,2.76,2.78,2.84,2.89,2.93,2.96,2.95,2.99,2.98,2.97,3.02,3.06,3.06,3.06,3.05,3.02,2.95,2.95,2.99,3.01,3.04,3.10,3.15,3.18,3.23,3.25,3.25,3.24,3.24,3.21,3.17,3.17,3.21,3.20,3.15,3.09,3.03,2.99,2.99,3.00,3.00,3.00,3.00,3.00,3.01,3.01,3.01,3.00,3.00,2.99,3.02,3.04,3.04,3.02,3.00,2.98,2.96,2.94,2.92,2.89,2.74,2.73,2.78,2.74,2.73,2.75,2.78
14.63,13.75,13.45,13.23,13.10,13.04,12.97,11.78,10.24,8.59,7.12,6.96,6.88,6.81,6.72,6.66,6.57,6.29,5.94,5.75,5.75,5.82,5.84,5.74,5.56,5.36,5.23,5.16,5.17,4.96,4.90,4.89,4.78,4.78,4.71,4.61,4.50,4.32,4.22,4.12,4.04,4.05,4.05,4.04,4.07,4.12,4.10,4.11,4.12,4.12,4.14,4.14,4.15,4.15,4.17,4.21,4.19,4.49,5.23,6.19,7.01,7.31,7.23,1.59,1.56,1.56,1.56,1.56,1.55,1.58,1.59,1.58,1.62,1.57,1.61,2.09,3.26,3.08,2.99,2.99,3.07,3.13,3.09,3.01,2.92,2.86,2.98,3.08,3.16,3.20,3.24,3.26,3.28,3.31,3.37,3.37,3.37,3.37,3.38,3.38,3.38,3.38,3.38,3.38,3.38,3.38,3.38,3.37,3.37,3.40,3.40,3.34,3.23,3.19,3.18,3.19,3.23,3.23,3.24,3.25,3.22,2.06,1.92,2.35,2.97,3.22,3.27,3.28,3.30,3.36,3.26,3.19,3.12,3.03,2.79,2.86,2.99,3.08,3.06,2.97,2.91,2.92,3.02,3.12,3.20,3.24,3.24,3.24,3.25,3.25,3.26,3.25,3.25,3.26,3.26,3.25,3.24,3.24,3.24,3.25,3.20,2.95,2.68,2.43,2.20,2.51,2.61,2.60,2.55,2.50,2.49,2.49,2.53,2.73,2.82,2.86,2.86,2.84,2.86,2.86,2.84,2.78,2.67,2.70,2.73,2.75,2.78,2.80,2.79,2.77,2.75,2.81,2.86,2.90,2.95,2.96,2.98,2.99,3.01,3.06,3.08,3.08,3.07,3.06,3.03,2.98,2.98,3.01,3.01,3.02,3.06,3.09,3.10,3.13,3.15,3.16,3.17,3.17,3.15,3.12,3.13,3.17,3.19,3.13,3.07,3.01,2.99,2.99,2.99,2.99,2.99,2.99,2.99,2.99,3.01,3.00,3.00,2.98,2.97,3.01,3.02,3.01,2.99,2.97,2.95,2.93,2.91,2.89,2.84,2.72,2.72,2.77,2.71,2.73,2.74,2.76
13.19,13.22,13.47,13.34,13.29,13.33,13.27,11.84,10.13,8.41,6.99,6.89,6.86,6.81,6.71,6.62,6.50,6.23,5.89,5.64,5.70,5.77,5.73,5.55,5.45,5.39,5.31,5.16,4.94,4.93,4.94,4.94,4.91,4.88,4.86,4.74,4.50,4.27,4.17,4.08,4.02,4.06,4.04,4.03,4.05,4.09,4.08,4.11,4.11,4.10,4.15,4.14,4.13,4.13,4.14,4.18,4.17,4.62,5.61,6.56,7.27,7.55,2.45,1.57,1.56,1.55,1.55,1.56,1.56,1.55,1.55,1.55,1.55,1.55,1.62,2.09,3.17,2.96,2.96,3.04,3.11,3.12,3.07,3.00,2.96,3.01,3.04,3.11,3.19,3.24,3.31,3.31,3.30,3.30,3.36,3.35,3.35,3.35,3.36,3.36,3.37,3.37,3.38,3.38,3.39,3.39,3.39,3.38,3.38,3.37,3.38,3.42,3.25,3.19,3.21,3.28,3.27,3.25,3.24,3.24,3.15,-0.08,-0.49,0.71,2.47,3.16,3.27,3.27,3.27,3.28,3.24,3.18,3.10,3.01,2.85,2.89,3.00,3.08,3.01,2.92,2.93,2.98,3.00,3.14,3.22,3.25,3.24,3.24,3.25,3.25,3.26,3.26,3.25,3.26,3.26,3.25,3.24,3.25,3.25,3.25,3.19,2.91,2.63,2.39,2.21,2.30,2.51,2.61,2.50,2.48,2.51,2.56,2.66,2.82,2.92,2.97,2.98,3.00,3.01,2.99,2.94,2.88,2.83,2.87,2.92,2.95,2.95,2.98,2.90,2.79,2.73,2.77,2.81,2.86,2.91,2.97,2.96,3.01,3.07,3.11,3.08,3.09,3.08,3.06,3.03,3.02,3.05,3.09,3.08,3.06,3.06,3.07,3.06,3.05,3.05,3.07,3.09,3.10,3.05,3.05,3.09,3.14,3.17,3.12,3.05,2.99,2.97,2.98,2.98,2.99,2.98,2.98,2.98,2.98,3.00,2.99,2.99,2.97,2.95,2.99,3.00,2.99,2.96,2.94,2.92,2.90,2.88,2.86,2.78,2.74,2.73,2.72,2.70,2.74,2.75,2.75
13.54,13.40,13.44,13.41,13.43,13.44,13.25,11.48,9.69,8.12,6.95,6.91,6.86,6.79,6.71,6.60,6.27,6.03,5.90,5.80,5.68,5.66,5.62,5.49,5.35,5.27,5.24,5.19,4.98,4.96,4.93,4.91,4.93,4.92,4.92,4.73,4.36,4.19,4.14,4.08,4.04,4.04,4.05,4.06,4.07,4.10,4.12,4.14,4.14,4.12,4.13,4.15,4.16,4.16,4.15,4.19,4.27,4.77,5.79,7.00,7.47,7.63,1.88,1.57,1.57,1.56,1.56,1.55,1.56,1.55,1.54,1.55,1.54,1.59,1.94,2.52,3.17,2.98,2.99,3.08,3.16,3.10,3.03,2.99,2.98,3.04,2.93,3.06,3.23,3.30,3.31,3.33,3.33,3.32,3.35,3.35,3.34,3.33,3.34,3.34,3.34,3.35,3.36,3.36,3.36,3.37,3.37,3.37,3.37,3.38,3.37,3.34,3.26,3.23,3.23,3.25,3.24,3.21,3.19,3.19,3.17,1.86,1.71,2.05,2.45,2.52,2.69,2.94,3.21,3.32,3.22,3.14,3.08,2.99,2.89,2.93,3.02,3.08,3.00,2.91,2.92,2.98,3.04,3.16,3.22,3.25,3.25,3.25,3.25,3.25,3.26,3.26,3.26,3.27,3.27,3.24,3.24,3.25,3.25,3.24,3.15,2.94,2.65,2.39,2.31,2.29,2.48,2.62,2.57,2.52,2.51,2.63,2.82,2.92,2.98,3.02,3.04,3.06,3.06,3.04,3.02,2.99,2.97,2.90,2.89,2.93,3.00,3.01,2.98,2.94,2.90,2.93,2.94,2.95,2.94,2.93,2.92,2.99,3.06,3.06,3.07,3.07,3.07,3.05,3.02,3.04,3.07,3.10,3.14,3.09,3.08,3.09,3.10,3.08,3.08,3.08,3.09,3.09,3.03,3.02,3.03,3.03,3.06,3.03,2.99,2.97,2.96,2.97,2.97,2.98,2.97,2.97,2.97,2.97,2.98,2.98,2.97,2.95,2.93,2.96,2.97,2.96,2.94,2.92,2.90,2.88,2.86,2.84,2.74,2.72,2.71,2.70,2.70,2.72,2.74,2.75
13.76,13.43,13.40,13.43,13.47,13.43,13.15,11.20,9.28,7.76,6.92,6.91,6.84,6.76,6.68,6.54,6.12,5.94,5.92,5.84,5.64,5.57,5.52,5.43,5.27,5.18,5.18,5.18,5.01,4.98,4.92,4.89,4.93,4.94,4.95,4.70,4.24,4.14,4.12,4.09,4.05,4.03,4.07,4.09,4.10,4.11,4.13,4.15,4.15,4.13,4.12,4.15,4.17,4.18,4.18,4.18,4.32,4.90,5.97,7.30,7.32,7.25,1.57,1.58,1.58,1.57,1.56,1.55,1.57,1.55,1.55,1.56,1.55,1.61,2.21,2.88,3.11,3.00,3.03,3.11,3.16,3.08,3.00,2.98,2.97,2.90,2.80,3.03,3.29,3.33,3.32,3.34,3.35,3.34,3.34,3.36,3.33,3.30,3.31,3.31,3.32,3.32,3.33,3.34,3.34,3.35,3.35,3.36,3.37,3.38,3.37,3.30,3.28,3.25,3.23,3.22,3.20,3.16,3.15,3.15,3.16,3.17,3.19,3.01,2.62,2.36,2.52,2.85,3.18,3.32,3.18,3.11,3.05,2.97,2.92,2.97,3.04,3.07,2.98,2.89,2.90,2.98,3.07,3.18,3.23,3.24,3.26,3.25,3.25,3.26,3.26,3.26,3.26,3.28,3.28,3.24,3.24,3.25,3.25,3.23,3.11,2.95,2.69,2.47,2.46,2.37,2.52,2.65,2.64,2.57,2.52,2.69,2.95,3.01,3.04,3.06,3.08,3.09,3.09,3.08,3.07,3.06,3.06,2.95,2.91,2.95,3.03,3.04,3.04,3.04,3.03,3.05,3.03,3.01,2.99,2.94,2.91,2.97,3.04,3.04,3.06,3.05,3.04,3.03,2.98,3.03,3.05,3.07,3.14,3.10,3.09,3.11,3.12,3.11,3.10,3.10,3.09,3.09,3.05,3.02,3.01,2.99,3.00,2.97,2.95,2.94,2.93,2.94,2.96,2.96,2.97,2.96,2.96,2.97,2.97,2.97,2.95,2.93,2.92,2.93,2.94,2.93,2.91,2.89,2.88,2.86,2.84,2.81,2.70,2.70,2.69,2.68,2.70,2.72,2.74,2.75
13.62,13.17,13.37,13.38,13.34,13.23,12.96,11.11,8.93,7.30,6.91,6.90,6.82,6.73,6.63,6.39,6.13,6.04,5.97,5.68,5.57,5.52,5.46,5.34,5.21,5.17,5.13,5.08,5.00,4.95,4.92,4.90,4.90,4.93,4.93,4.64,4.13,4.14,4.13,4.10,4.05,4.01,4.11,4.13,4.13,4.11,4.09,4.11,4.12,4.12,4.13,4.14,4.16,4.19,4.23,4.16,4.31,4.98,6.16,7.38,6.57,6.11,1.58,1.58,1.57,1.56,1.55,1.56,1.57,1.57,1.57,1.58,1.61,1.61,2.37,3.10,2.97,3.00,3.07,3.12,3.11,3.06,2.96,2.97,2.91,2.47,2.65,3.06,3.36,3.35,3.34,3.35,3.36,3.35,3.34,3.38,3.34,3.28,3.29,3.29,3.30,3.30,3.31,3.31,3.32,3.32,3.33,3.34,3.37,3.38,3.37,3.35,3.31,3.24,3.20,3.17,3.15,3.11,3.09,3.10,3.12,3.13,3.14,3.12,3.07,3.06,3.10,3.15,3.21,3.25,3.14,3.09,3.04,2.94,2.93,2.99,3.04,3.04,2.94,2.85,2.88,2.98,3.08,3.20,3.23,3.24,3.24,3.26,3.26,3.26,3.26,3.26,3.27,3.28,3.28,3.24,3.24,3.25,3.25,3.23,3.07,2.90,2.75,2.66,2.69,2.59,2.66,2.72,2.68,2.60,2.54,2.72,3.02,3.07,3.10,3.12,3.12,3.11,3.10,3.09,3.08,3.07,3.07,3.04,3.03,3.04,3.05,3.05,3.07,3.07,3.06,3.08,3.05,3.04,3.06,3.02,2.95,2.95,3.01,3.07,3.05,3.03,3.00,2.96,2.90,2.95,2.99,3.02,3.03,3.06,3.09,3.11,3.11,3.11,3.11,3.11,3.09,3.11,3.11,3.09,3.07,3.08,3.02,2.98,2.94,2.90,2.86,2.90,2.93,2.95,2.97,2.95,2.95,2.96,2.95,2.96,2.94,2.91,2.90,2.91,2.91,2.90,2.88,2.87,2.86,2.85,2.81,2.76,2.67,2.68,2.68,2.66,2.68,2.72,2.75,2.77
12.92,12.76,13.13,13.18,13.16,13.07,12.71,11.10,8.99,7.32,6.89,6.86,6.80,6.71,6.57,6.21,6.04,5.99,5.91,5.65,5.55,5.48,5.38,5.24,5.15,5.09,5.05,5.03,5.05,4.97,4.92,4.90,4.90,4.91,4.85,4.56,4.13,4.13,4.11,4.10,4.09,4.06,4.15,4.21,4.20,4.14,4.10,4.10,4.10,4.10,4.12,4.13,4.15,4.17,4.20,4.17,4.32,5.16,6.62,7.55,6.73,5.86,1.58,1.58,1.56,1.55,1.55,1.57,1.58,1.58,1.57,1.56,1.58,1.69,2.46,3.14,2.94,3.02,3.10,3.12,3.08,3.01,3.00,3.03,2.75,1.60,2.70,3.23,3.38,3.35,3.35,3.36,3.37,3.38,3.36,3.40,3.36,3.28,3.26,3.27,3.27,3.28,3.28,3.29,3.29,3.30,3.30,3.32,3.37,3.40,3.39,3.31,3.23,3.19,3.15,3.13,3.11,3.05,3.04,3.05,3.08,3.08,3.10,3.12,3.14,3.18,3.20,3.21,3.21,3.22,3.13,3.07,3.00,2.89,2.94,3.01,3.04,3.01,2.92,2.82,2.86,2.99,3.12,3.21,3.23,3.23,3.24,3.25,3.25,3.26,3.26,3.26,3.28,3.29,3.28,3.24,3.24,3.25,3.25,3.21,3.02,2.82,2.63,2.55,2.71,2.64,2.67,2.68,2.63,2.60,2.65,2.84,3.07,3.12,3.15,3.15,3.13,3.12,3.11,3.10,3.09,3.08,3.08,3.07,3.07,3.06,3.05,3.06,3.07,3.08,3.07,3.07,3.08,3.09,3.07,3.04,3.00,2.99,3.02,3.06,3.00,2.98,2.98,2.99,2.97,3.00,3.02,3.01,2.97,3.02,3.04,3.05,3.05,3.06,3.06,3.07,3.08,3.10,3.12,3.11,3.09,3.09,3.04,3.00,2.96,2.93,2.91,2.91,2.91,2.91,2.91,2.88,2.87,2.89,2.92,2.93,2.91,2.89,2.88,2.89,2.89,2.88,2.86,2.84,2.82,2.80,2.77,2.72,2.65,2.67,2.66,2.65,2.67,2.71,2.74,2.77
12.15,12.35,12.87,12.94,12.95,12.83,12.31,10.95,9.05,7.45,6.86,6.82,6.78,6.69,6.50,6.06,5.93,5.87,5.80,5.64,5.55,5.43,5.30,5.18,5.10,5.01,4.96,4.97,5.07,4.97,4.90,4.87,4.88,4.87,4.75,4.48,4.15,4.13,4.10,4.10,4.13,4.12,4.18,4.25,4.25,4.15,4.14,4.11,4.09,4.09,4.11,4.13,4.14,4.15,4.16,4.18,4.35,5.37,7.10,7.70,3.57,1.56,1.57,1.58,1.56,1.55,1.56,1.57,1.59,1.58,1.56,1.54,1.54,1.89,2.59,3.12,2.95,3.04,3.12,3.12,3.05,2.95,3.05,3.03,2.47,0.77,2.77,3.40,3.39,3.36,3.36,3.37,3.38,3.40,3.37,3.42,3.38,3.29,3.24,3.24,3.25,3.26,3.26,3.26,3.27,3.28,3.28,3.31,3.37,3.42,3.39,3.27,3.11,3.11,3.11,3.09,3.06,3.00,2.98,3.00,3.03,3.04,3.06,3.08,3.10,3.15,3.17,3.19,3.20,3.19,3.13,3.06,2.96,2.86,2.95,3.03,3.04,2.98,2.91,2.82,2.87,3.01,3.15,3.22,3.23,3.22,3.23,3.24,3.25,3.26,3.27,3.27,3.29,3.30,3.28,3.24,3.25,3.27,3.27,3.21,3.00,2.75,2.50,2.42,2.69,2.65,2.66,2.64,2.57,2.58,2.77,2.97,3.11,3.16,3.18,3.17,3.15,3.13,3.12,3.11,3.10,3.09,3.09,3.09,3.08,3.07,3.06,3.05,3.07,3.08,3.09,3.05,3.11,3.12,3.07,3.03,3.04,3.04,3.04,3.03,2.94,2.95,3.00,3.04,3.06,3.09,3.08,3.04,2.95,3.01,3.01,2.99,2.99,2.98,2.99,3.01,3.05,3.09,3.11,3.11,3.09,3.07,3.06,3.02,2.99,2.97,2.97,2.94,2.91,2.88,2.85,2.81,2.80,2.82,2.88,2.89,2.87,2.85,2.84,2.87,2.85,2.84,2.83,2.81,2.78,2.75,2.72,2.69,2.65,2.66,2.65,2.64,2.67,2.70,2.73,2.76
11.82,12.16,12.70,12.75,12.61,12.22,11.27,10.09,8.65,7.40,6.79,6.80,6.76,6.64,6.44,6.14,5.86,5.67,5.58,5.53,5.52,5.37,5.26,5.26,5.12,4.95,4.82,4.77,4.81,4.81,4.76,4.71,4.72,4.72,4.60,4.39,4.15,4.13,4.11,4.11,4.13,4.13,4.13,4.15,4.16,4.14,4.14,4.12,4.10,4.10,4.10,4.11,4.12,4.13,4.14,4.21,4.42,5.54,7.34,7.63,3.55,1.57,1.56,1.58,1.57,1.56,1.56,1.57,1.58,1.58,1.57,1.55,1.55,3.37,3.22,3.07,2.99,3.07,3.12,3.10,3.02,2.92,3.03,2.66,1.79,0.64,2.74,3.41,3.40,3.37,3.37,3.38,3.40,3.42,3.39,3.45,3.37,3.25,3.22,3.22,3.23,3.23,3.24,3.24,3.24,3.25,3.27,3.32,3.38,3.36,3.33,3.30,2.94,3.00,3.07,3.04,3.02,2.96,2.95,2.96,2.98,2.99,3.01,3.03,3.05,3.10,3.14,3.17,3.18,3.16,3.10,3.04,2.96,2.86,2.96,3.03,3.03,2.95,2.87,2.88,2.95,3.06,3.17,3.24,3.24,3.23,3.22,3.23,3.24,3.25,3.26,3.27,3.31,3.31,3.27,3.24,3.28,3.38,3.44,3.37,3.09,2.77,2.59,2.57,2.67,2.64,2.69,2.69,2.60,2.58,2.81,3.01,3.13,3.19,3.18,3.17,3.15,3.14,3.13,3.12,3.11,3.10,3.10,3.10,3.09,3.08,3.07,3.07,3.07,3.08,3.09,3.07,3.09,3.09,3.05,3.00,3.00,3.04,3.05,3.01,2.94,3.01,3.10,3.15,3.16,3.17,3.16,3.13,3.08,3.09,3.09,3.07,3.01,2.91,2.90,2.92,2.97,3.02,3.04,3.04,3.04,3.04,3.04,3.01,3.00,3.00,2.99,2.97,2.95,2.92,2.88,2.84,2.84,2.84,2.82,2.77,2.76,2.73,2.71,2.76,2.71,2.71,2.75,2.80,2.77,2.69,2.63,2.61,2.66,2.63,2.62,2.63,2.66,2.69,2.72,2.75
11.83,11.70,11.37,11.88,11.81,11.07,10.26,9.16,8.03,7.16,6.77,6.79,6.74,6.59,6.37,6.15,5.80,5.57,5.47,5.46,5.44,5.30,5.20,5.21,5.01,4.86,4.76,4.71,4.70,4.72,4.69,4.65,4.65,4.63,4.52,4.32,4.12,4.12,4.13,4.13,4.13,4.12,4.10,4.11,4.12,4.12,4.14,4.13,4.12,4.12,4.11,4.11,4.12,4.13,4.14,4.21,4.65,5.89,7.55,7.62,3.04,1.57,1.57,1.58,1.58,1.57,1.57,1.58,1.58,1.58,1.57,1.55,1.55,3.30,3.16,3.02,3.03,3.09,3.12,3.08,2.99,2.94,3.04,2.77,2.21,1.62,2.97,3.41,3.40,3.38,3.38,3.38,3.41,3.44,3.41,3.45,3.37,3.26,3.24,3.21,3.20,3.21,3.22,3.22,3.22,3.23,3.27,3.33,3.36,3.33,3.28,3.23,2.85,2.90,2.99,3.00,2.98,2.92,2.91,2.92,2.93,2.95,2.96,2.98,3.01,3.06,3.10,3.14,3.15,3.13,3.06,2.99,2.92,2.86,2.96,3.02,3.00,2.92,2.84,2.91,2.99,3.07,3.18,3.23,3.25,3.24,3.22,3.22,3.23,3.24,3.25,3.26,3.29,3.31,3.30,3.26,3.37,3.49,3.55,3.45,2.98,2.70,2.61,2.63,2.66,2.64,2.68,2.69,2.63,2.62,2.85,3.05,3.16,3.20,3.19,3.18,3.16,3.16,3.14,3.13,3.12,3.12,3.12,3.11,3.10,3.09,3.08,3.08,3.07,3.08,3.10,3.09,3.09,3.07,3.03,2.98,3.00,3.06,3.08,3.00,2.96,3.07,3.17,3.21,3.23,3.24,3.22,3.20,3.17,3.16,3.17,3.15,3.09,3.00,2.97,2.98,3.01,3.05,3.01,2.99,2.99,3.00,3.01,2.99,2.98,2.99,2.99,2.97,2.96,2.94,2.91,2.89,2.88,2.87,2.83,2.78,2.75,2.72,2.69,2.73,2.67,2.67,2.71,2.74,2.71,2.66,2.61,2.59,2.65,2.60,2.60,2.63,2.66,2.68,2.71,2.74
12.08,11.04,9.21,10.53,10.67,9.56,9.28,8.19,7.28,6.76,6.77,6.79,6.71,6.54,6.31,6.12,5.76,5.53,5.43,5.41,5.32,5.21,5.13,5.07,4.83,4.75,4.74,4.75,4.69,4.68,4.68,4.67,4.64,4.57,4.47,4.28,4.05,4.11,4.15,4.15,4.12,4.09,4.09,4.11,4.12,4.10,4.13,4.14,4.15,4.15,4.12,4.11,4.12,4.15,4.16,4.17,4.99,6.37,7.78,3.91,2.20,1.58,1.59,1.58,1.58,1.58,1.58,1.59,1.59,1.58,1.56,1.55,1.54,3.18,3.07,2.99,3.06,3.11,3.11,3.05,2.96,2.99,3.07,3.23,3.39,3.39,3.40,3.41,3.40,3.39,3.38,3.39,3.42,3.45,3.43,3.45,3.38,3.30,3.30,3.20,3.18,3.18,3.19,3.19,3.19,3.22,3.28,3.34,3.33,3.30,3.24,3.09,2.81,2.82,2.90,2.96,2.93,2.88,2.87,2.88,2.88,2.90,2.92,2.94,2.97,3.01,3.06,3.10,3.13,3.12,3.00,2.92,2.87,2.85,2.97,3.01,2.97,2.88,2.81,2.92,3.00,3.08,3.19,3.22,3.25,3.24,3.21,3.21,3.22,3.23,3.24,3.25,3.24,3.31,3.36,3.32,3.52,3.60,3.63,3.49,2.75,2.57,2.57,2.63,2.66,2.64,2.64,2.65,2.65,2.69,2.89,3.08,3.19,3.21,3.20,3.18,3.18,3.17,3.15,3.14,3.14,3.13,3.13,3.12,3.11,3.10,3.09,3.08,3.06,3.08,3.13,3.11,3.08,3.05,3.02,2.97,3.02,3.09,3.11,3.02,3.00,3.11,3.22,3.25,3.28,3.29,3.28,3.25,3.23,3.23,3.24,3.23,3.20,3.20,3.17,3.15,3.14,3.13,3.01,2.96,2.95,2.96,2.95,2.96,2.96,2.95,2.97,2.95,2.95,2.96,2.94,2.94,2.93,2.91,2.88,2.86,2.82,2.78,2.76,2.74,2.71,2.70,2.69,2.66,2.64,2.64,2.64,2.63,2.61,2.58,2.59,2.63,2.65,2.67,2.70,2.73
11.02,8.56,7.87,8.35,8.40,7.97,7.80,7.29,6.91,6.73,6.79,6.77,6.69,6.58,6.44,6.25,5.95,5.71,5.52,5.41,5.29,5.19,5.08,4.95,4.72,4.61,4.63,4.69,4.67,4.65,4.64,4.63,4.61,4.53,4.44,4.34,4.23,4.17,4.18,4.16,4.12,4.10,4.13,4.20,4.23,4.18,4.17,4.15,4.14,4.14,4.09,4.10,4.12,4.14,4.17,4.26,5.45,6.82,7.80,2.83,1.81,1.58,1.58,1.58,1.58,1.59,1.59,1.58,1.57,1.57,1.57,1.58,1.61,3.18,3.08,3.01,3.08,3.16,3.11,3.02,2.95,3.05,2.67,2.55,2.73,3.04,3.27,3.37,3.40,3.40,3.39,3.40,3.43,3.46,3.46,3.45,3.39,3.31,3.24,3.17,3.16,3.16,3.16,3.15,3.18,3.23,3.27,3.27,3.28,3.27,3.17,2.94,2.82,2.81,2.85,2.90,2.88,2.84,2.83,2.84,2.84,2.85,2.87,2.90,2.93,2.98,3.02,3.06,3.10,3.13,2.97,2.83,2.78,2.86,3.04,3.02,2.95,2.88,2.78,2.89,3.00,3.04,3.00,2.89,3.09,3.22,3.15,3.20,3.21,3.22,3.23,3.26,3.32,3.42,3.47,3.43,3.51,3.60,3.60,3.43,2.99,2.81,2.73,2.72,2.75,2.70,2.66,2.64,2.67,2.76,2.94,3.10,3.21,3.22,3.21,3.20,3.19,3.18,3.16,3.16,3.15,3.14,3.14,3.12,3.11,3.11,3.10,3.09,3.08,3.08,3.09,3.12,3.11,3.07,3.02,2.91,3.01,3.07,3.06,2.99,3.05,3.14,3.23,3.28,3.30,3.34,3.35,3.34,3.34,3.29,3.27,3.27,3.28,3.28,3.22,3.18,3.18,3.17,3.10,3.08,3.08,3.08,3.07,3.05,3.01,2.94,2.89,2.87,2.88,2.89,2.89,2.89,2.89,2.88,2.85,2.86,2.84,2.84,2.84,2.82,2.78,2.77,2.76,2.72,2.68,2.68,2.69,2.69,2.65,2.62,2.63,2.65,2.67,2.69,2.70,2.73
9.94,7.07,7.05,7.04,7.03,7.00,6.91,6.74,6.70,6.73,6.79,6.77,6.75,6.65,6.46,6.29,6.06,5.83,5.61,5.43,5.29,5.17,5.03,4.85,4.64,4.53,4.53,4.59,4.62,4.61,4.60,4.60,4.61,4.49,4.40,4.36,4.33,4.19,4.19,4.16,4.12,4.11,4.15,4.24,4.29,4.24,4.22,4.18,4.16,4.15,4.10,4.11,4.13,4.15,4.20,4.68,6.08,7.28,7.75,3.37,2.02,1.59,1.58,1.58,1.59,1.59,1.58,1.58,1.57,1.57,1.58,1.66,2.03,3.17,3.09,3.03,3.09,3.17,3.10,2.98,2.93,3.08,2.49,2.14,2.34,2.82,3.19,3.35,3.40,3.40,3.40,3.41,3.24,3.05,3.15,3.27,3.34,3.32,3.20,3.17,3.15,3.13,3.13,3.14,3.18,3.21,3.23,3.22,3.24,3.23,3.10,2.83,2.80,2.80,2.83,2.86,2.82,2.80,2.79,2.79,2.79,2.81,2.83,2.86,2.89,2.94,2.99,3.05,3.10,3.12,2.96,2.79,2.73,2.86,3.06,3.02,2.93,2.86,2.79,2.89,3.00,3.03,2.90,2.60,2.65,2.63,2.40,2.30,2.18,2.09,2.27,3.22,3.39,3.49,3.53,3.51,3.51,3.60,3.59,3.42,3.19,3.05,2.95,2.89,2.86,2.80,2.71,2.65,2.69,2.83,3.00,3.13,3.21,3.22,3.22,3.21,3.20,3.18,3.18,3.17,3.16,3.15,3.14,3.13,3.12,3.11,3.11,3.10,3.10,3.08,3.07,3.12,3.12,3.09,3.02,2.89,3.01,3.07,3.04,2.97,3.08,3.17,3.24,3.31,3.32,3.37,3.39,3.39,3.40,3.35,3.32,3.32,3.34,3.23,3.22,3.22,3.22,3.21,3.18,3.18,3.17,3.15,3.15,3.14,3.08,2.98,2.89,2.88,2.88,2.88,2.87,2.84,2.83,2.81,2.80,2.82,2.83,2.85,2.87,2.84,2.83,2.82,2.81,2.77,2.73,2.74,2.75,2.74,2.68,2.66,2.66,2.67,2.69,2.71,2.72,2.74
8.85,7.06,7.02,7.03,7.01,6.97,6.91,6.72,6.72,6.78,6.76,6.81,6.93,6.75,6.30,6.20,6.03,5.86,5.69,5.49,5.32,5.17,4.99,4.78,4.63,4.53,4.45,4.42,4.54,4.57,4.57,4.59,4.63,4.46,4.36,4.32,4.29,4.18,4.18,4.16,4.12,4.11,4.14,4.21,4.25,4.26,4.27,4.25,4.22,4.20,4.18,4.17,4.19,4.21,4.27,5.57,6.98,7.75,7.63,6.93,3.08,1.59,1.58,1.58,1.59,1.59,1.58,1.57,1.58,1.58,1.58,1.83,3.28,3.15,3.07,3.05,3.09,3.14,3.06,2.94,2.88,3.06,2.10,1.64,1.72,1.87,1.98,2.00,2.00,2.01,1.92,1.90,1.91,2.01,2.35,2.81,3.19,3.35,3.17,3.19,3.15,3.09,3.08,3.17,3.18,3.16,3.16,3.23,3.20,3.15,3.02,2.78,2.77,2.80,2.83,2.82,2.77,2.76,2.75,2.74,2.75,2.78,2.79,2.81,2.85,2.89,2.97,3.07,3.13,3.09,2.98,2.81,2.75,2.88,3.01,2.97,2.90,2.84,2.84,2.92,3.01,3.05,2.94,2.36,1.79,1.21,0.63,0.10,-0.36,-0.71,-0.09,3.10,3.46,3.53,3.53,3.54,3.53,3.61,3.59,3.46,3.33,3.29,3.26,3.17,2.99,2.96,2.80,2.68,2.70,2.93,3.08,3.17,3.22,3.23,3.23,3.22,3.21,3.20,3.19,3.18,3.17,3.16,3.15,3.13,3.13,3.13,3.12,3.11,3.11,3.09,3.07,3.11,3.13,3.11,3.04,2.94,3.05,3.10,3.06,2.94,3.09,3.20,3.28,3.34,3.34,3.36,3.37,3.38,3.40,3.41,3.40,3.39,3.35,3.00,3.14,3.25,3.26,3.24,3.24,3.23,3.21,3.17,3.19,3.19,3.16,3.09,3.01,2.99,2.98,2.95,2.89,2.82,2.74,2.69,2.70,2.73,2.76,2.79,2.80,2.79,2.83,2.85,2.84,2.80,2.81,2.81,2.80,2.78,2.71,2.68,2.68,2.69,2.71,2.73,2.75,2.77
7.85,7.08,7.06,7.04,7.01,6.95,6.83,6.74,6.75,6.80,6.83,6.87,7.34,7.90,8.38,8.70,8.25,7.11,5.99,5.84,5.41,5.13,4.94,4.76,4.67,4.58,4.50,4.44,4.45,4.43,4.43,4.43,4.43,4.34,4.29,4.27,4.25,4.20,4.18,4.15,4.12,4.09,4.15,4.20,4.25,4.28,4.25,4.23,4.22,4.22,4.22,4.20,4.23,4.26,4.36,6.53,7.54,7.87,7.57,6.03,2.96,1.58,1.59,1.59,1.58,1.58,1.58,1.58,1.58,1.58,1.58,1.87,3.28,3.11,3.04,3.06,3.12,3.12,3.03,2.96,2.96,3.10,2.06,1.56,1.60,1.69,1.71,1.76,1.80,1.78,1.69,1.68,1.69,1.73,1.92,2.19,2.38,2.43,2.34,2.45,2.66,2.71,2.58,2.80,2.78,2.95,3.08,2.81,3.05,3.11,3.03,2.88,2.84,2.84,2.82,2.80,2.81,2.83,2.78,2.73,2.73,2.75,2.75,2.79,2.88,2.99,3.07,3.11,3.12,3.09,2.98,2.83,2.78,2.91,3.00,2.95,2.86,2.81,2.87,2.98,3.12,3.21,3.14,2.82,2.47,2.11,1.77,1.49,0.34,-0.67,-0.35,3.12,3.51,3.57,3.55,3.56,3.56,3.62,3.58,3.43,3.36,3.34,3.34,3.30,3.18,2.98,2.80,2.70,2.73,2.95,3.09,3.18,3.22,3.22,3.23,3.23,3.22,3.21,3.20,3.19,3.18,3.17,3.16,3.14,3.14,3.13,3.13,3.12,3.12,3.11,3.08,3.08,3.10,3.06,2.97,2.97,3.06,3.08,3.06,3.02,3.14,3.22,3.28,3.33,3.33,3.35,3.36,3.37,3.40,3.44,3.43,3.41,3.31,2.53,2.93,3.24,3.26,3.25,3.25,3.26,3.25,3.22,3.23,3.23,3.20,3.16,3.13,3.09,3.05,3.00,2.96,2.87,2.81,2.77,2.76,2.76,2.74,2.71,2.70,2.73,2.78,2.81,2.80,2.77,2.79,2.81,2.81,2.79,2.73,2.72,2.72,2.72,2.73,2.73,2.76,2.78
7.08,7.10,7.11,7.06,7.00,6.92,6.75,6.77,6.78,6.82,6.92,6.94,7.69,9.01,10.52,11.19,10.13,7.83,5.75,5.83,5.57,5.32,5.10,4.92,4.81,4.73,4.63,4.50,4.38,4.30,4.30,4.29,4.24,4.23,4.22,4.22,4.21,4.21,4.18,4.14,4.11,4.09,4.15,4.20,4.25,4.29,4.22,4.20,4.22,4.23,4.24,4.22,4.25,4.29,4.43,7.14,7.84,7.90,7.57,5.20,2.50,1.58,1.60,1.59,1.58,1.58,1.58,1.58,1.59,1.58,1.58,1.87,3.27,3.07,3.02,3.07,3.14,3.11,3.01,2.98,3.03,2.98,2.01,1.54,1.58,1.66,1.62,1.72,1.80,1.75,1.67,1.67,1.67,1.64,1.65,1.67,1.62,1.56,1.57,1.71,2.10,2.24,2.03,2.38,2.39,2.75,3.02,2.40,2.90,3.08,3.06,2.99,2.92,2.85,2.79,2.75,2.84,2.89,2.85,2.77,2.75,2.76,2.76,2.83,2.97,3.10,3.16,3.15,3.10,3.08,2.95,2.84,2.82,2.95,2.99,2.93,2.84,2.79,2.90,3.04,3.24,3.39,3.36,3.33,3.31,3.29,3.26,3.29,1.76,0.37,0.32,3.21,3.55,3.60,3.57,3.57,3.57,3.63,3.56,3.40,3.36,3.34,3.36,3.36,3.33,2.96,2.77,2.72,2.77,2.96,3.10,3.18,3.21,3.22,3.24,3.24,3.23,3.22,3.21,3.20,3.19,3.18,3.16,3.15,3.15,3.14,3.13,3.13,3.13,3.12,3.11,3.05,3.06,3.00,2.91,3.01,3.06,3.05,3.04,3.10,3.18,3.24,3.28,3.31,3.33,3.34,3.35,3.37,3.39,3.45,3.45,3.42,3.28,2.28,2.81,3.24,3.26,3.26,3.26,3.27,3.27,3.27,3.27,3.26,3.24,3.22,3.22,3.17,3.11,3.07,3.05,2.95,2.92,2.90,2.86,2.82,2.74,2.68,2.65,2.68,2.72,2.75,2.76,2.72,2.76,2.78,2.79,2.78,2.76,2.76,2.75,2.74,2.73,2.74,2.76,2.79
7.11,7.12,7.14,7.09,6.99,6.86,6.76,6.79,6.81,6.86,6.99,7.00,7.56,9.01,10.90,11.34,8.86,5.57,3.32,4.20,5.99,6.37,6.07,5.65,5.29,5.17,4.92,4.58,4.39,4.34,4.32,4.30,4.27,4.24,4.19,4.17,4.17,4.21,4.17,4.12,4.09,4.13,4.17,4.22,4.25,4.26,4.22,4.22,4.23,4.25,4.25,4.24,4.26,4.28,4.39,6.42,7.46,7.87,7.80,2.90,1.84,1.59,1.59,1.59,1.58,1.58,1.58,1.59,1.58,1.57,1.58,1.89,3.25,3.09,3.05,3.09,3.16,3.09,2.99,2.96,2.90,2.21,1.75,1.57,1.60,1.70,1.72,1.75,1.78,1.79,1.69,1.67,1.66,1.64,1.62,1.64,1.66,1.66,1.66,1.68,1.72,1.72,1.68,1.74,1.76,1.85,1.96,1.90,2.13,2.31,2.39,2.37,2.33,2.76,2.69,2.63,2.72,2.89,2.95,2.94,2.93,2.90,2.98,3.09,3.19,3.13,3.15,3.13,3.07,3.01,2.87,2.81,2.84,2.97,2.97,2.92,2.84,2.80,2.91,3.08,3.30,3.47,3.48,3.46,3.43,3.43,3.47,3.43,2.95,2.55,2.55,3.40,3.57,3.60,3.57,3.54,3.55,3.61,3.56,3.41,3.36,3.34,3.36,3.35,3.19,2.85,2.75,2.76,2.80,2.98,3.13,3.20,3.21,3.23,3.24,3.24,3.24,3.23,3.22,3.21,3.20,3.18,3.17,3.16,3.16,3.15,3.15,3.14,3.13,3.13,3.12,3.07,3.06,2.99,2.92,3.08,3.08,3.03,3.01,3.10,3.17,3.24,3.28,3.31,3.32,3.33,3.34,3.36,3.38,3.45,3.47,3.45,3.37,3.02,3.15,3.27,3.28,3.28,3.28,3.28,3.29,3.29,3.30,3.30,3.28,3.25,3.25,3.24,3.21,3.19,3.17,3.08,3.04,3.00,2.94,2.86,2.83,2.82,2.79,2.71,2.70,2.71,2.73,2.73,2.75,2.74,2.73,2.73,2.76,2.76,2.75,2.74,2.74,2.77,2.78,2.78
7.16,7.16,7.16,7.06,6.93,6.81,6.80,6.82,6.84,6.90,7.01,6.98,7.69,9.24,11.12,11.45,7.62,4.56,2.39,3.58,6.16,6.77,5.71,4.50,4.68,5.49,5.66,5.36,5.77,5.92,5.92,5.47,4.36,4.21,4.14,4.12,4.12,4.18,4.16,4.13,4.11,4.15,4.20,4.25,4.27,4.25,4.23,4.24,4.25,4.26,4.27,4.25,4.26,4.28,4.38,6.19,7.03,6.89,6.13,2.02,1.59,1.59,1.58,1.59,1.58,1.58,1.58,1.58,1.58,1.58,1.86,2.45,3.23,3.11,3.08,3.12,3.17,3.08,2.97,2.96,2.95,1.99,1.69,1.59,1.62,1.64,1.73,1.75,1.75,1.75,1.69,1.68,1.65,1.61,1.59,1.61,1.66,1.70,1.71,1.70,1.62,1.58,1.60,1.58,1.56,1.56,1.59,1.67,1.76,1.89,1.97,1.97,1.92,2.71,2.65,2.58,2.67,2.89,2.99,3.00,3.00,2.96,3.00,3.00,2.91,2.70,2.98,3.09,3.03,2.99,2.83,2.81,2.88,2.99,2.96,2.89,2.82,2.79,2.92,3.15,3.36,3.49,3.51,3.47,3.45,3.48,3.53,3.48,3.44,3.43,3.45,3.48,3.57,3.59,3.57,3.54,3.55,3.58,3.54,3.43,3.38,3.35,3.37,3.33,3.09,2.83,2.76,2.79,2.88,3.03,3.15,3.21,3.23,3.23,3.24,3.25,3.25,3.24,3.23,3.22,3.21,3.19,3.18,3.17,3.17,3.16,3.15,3.15,3.14,3.14,3.13,3.09,3.06,2.98,2.95,3.10,3.09,3.03,3.01,3.11,3.21,3.26,3.29,3.30,3.31,3.32,3.33,3.35,3.38,3.45,3.49,3.48,3.40,3.27,3.27,3.28,3.29,3.29,3.29,3.30,3.30,3.31,3.32,3.31,3.29,3.26,3.23,3.22,3.22,3.21,3.20,3.15,3.11,3.06,3.02,2.95,2.91,2.86,2.80,2.71,2.65,2.66,2.69,2.71,2.75,2.72,2.70,2.70,2.74,2.75,2.75,2.75,2.76,2.77,2.76,2.76
7.22,7.21,7.17,6.99,6.84,6.77,6.87,6.83,6.88,6.95,7.00,6.92,7.94,9.58,11.24,11.53,6.42,4.08,2.07,2.05,2.07,2.15,2.18,2.26,3.45,5.74,6.60,6.49,7.87,8.31,8.37,7.26,4.50,4.16,4.08,4.08,4.07,4.14,4.16,4.16,4.16,4.16,4.24,4.28,4.29,4.27,4.24,4.25,4.26,4.26,4.28,4.27,4.26,4.27,4.39,6.24,6.56,5.35,3.34,1.75,1.59,1.59,1.57,1.59,1.58,1.58,1.58,1.57,1.59,1.60,2.31,3.33,3.21,3.12,3.12,3.15,3.18,3.06,2.96,2.98,3.12,2.29,1.76,1.60,1.64,1.53,1.69,1.74,1.71,1.66,1.68,1.69,1.64,1.56,1.56,1.59,1.64,1.70,1.73,1.74,1.69,1.66,1.68,1.63,1.57,1.55,1.54,1.56,1.56,1.61,1.65,1.63,1.58,1.60,1.69,1.82,1.85,1.86,2.25,2.67,2.65,2.74,2.85,2.69,2.34,2.01,2.72,3.06,2.99,3.00,2.80,2.82,2.93,3.00,2.94,2.86,2.79,2.76,2.93,3.24,3.40,3.46,3.47,3.42,3.43,3.46,3.49,3.47,3.50,3.53,3.54,3.50,3.57,3.58,3.56,3.56,3.55,3.53,3.50,3.47,3.41,3.37,3.38,3.31,3.02,2.85,2.78,2.83,2.99,3.09,3.16,3.21,3.24,3.21,3.23,3.25,3.26,3.25,3.24,3.23,3.22,3.21,3.19,3.18,3.18,3.17,3.16,3.16,3.15,3.15,3.14,3.11,3.05,2.99,2.97,3.10,3.12,3.04,3.02,3.14,3.26,3.30,3.30,3.30,3.30,3.31,3.32,3.34,3.37,3.44,3.50,3.50,3.40,3.22,3.25,3.28,3.28,3.29,3.30,3.31,3.32,3.33,3.34,3.32,3.29,3.27,3.18,3.17,3.16,3.16,3.16,3.17,3.13,3.10,3.09,3.06,2.97,2.85,2.74,2.69,2.58,2.60,2.66,2.67,2.75,2.73,2.69,2.68,2.71,2.74,2.76,2.78,2.80,2.75,2.73,2.74
7.23,7.18,7.12,6.92,6.82,6.84,6.87,6.88,6.91,6.96,7.01,6.99,7.36,8.96,11.29,11.56,5.58,2.84,2.06,2.08,2.07,2.10,2.10,2.12,2.55,3.37,4.01,4.56,5.55,5.76,6.02,5.78,4.59,4.31,4.22,4.19,4.16,4.19,4.17,4.15,4.15,4.17,4.23,4.26,4.27,4.25,4.27,4.28,4.27,4.27,4.27,4.28,4.27,4.32,4.57,5.75,5.64,4.42,2.76,1.67,1.56,1.57,1.58,1.59,1.58,1.58,1.59,1.58,1.59,1.59,2.29,3.29,3.13,3.12,3.16,3.19,3.17,3.06,3.02,3.07,3.17,2.19,1.72,1.56,1.59,1.65,1.68,1.64,1.59,1.57,1.59,1.59,1.58,1.56,1.55,1.56,1.60,1.64,1.67,1.70,1.71,1.70,1.66,1.59,1.55,1.54,1.53,1.52,1.55,1.60,1.62,1.59,1.58,1.63,1.70,1.76,1.76,1.75,1.89,2.09,2.24,2.46,2.57,2.38,1.94,1.95,2.06,2.56,3.12,2.98,2.82,2.85,2.94,2.96,2.91,2.84,2.81,2.84,2.99,3.29,3.44,3.47,3.46,3.45,3.43,3.44,3.47,3.44,3.46,3.49,3.50,3.47,3.56,3.53,3.47,3.43,3.41,3.44,3.42,3.35,3.37,3.37,3.38,3.29,2.98,2.84,2.77,2.84,3.05,3.16,3.19,3.20,3.22,3.23,3.23,3.24,3.25,3.26,3.25,3.24,3.23,3.21,3.20,3.19,3.18,3.18,3.17,3.17,3.16,3.14,3.12,3.10,3.02,2.99,3.03,3.11,3.08,3.05,3.06,3.12,3.26,3.30,3.30,3.30,3.30,3.31,3.32,3.33,3.36,3.44,3.51,3.51,3.40,3.25,3.26,3.28,3.29,3.30,3.31,3.32,3.33,3.34,3.35,3.32,3.29,3.27,3.23,3.15,3.11,3.11,3.10,3.16,3.14,3.11,3.10,3.09,3.00,2.89,2.79,2.71,2.58,2.61,2.68,2.69,2.70,2.66,2.62,2.62,2.64,2.67,2.70,2.73,2.77,2.76,2.77,2.78
7.22,7.15,7.05,6.89,6.84,6.88,6.89,6.94,6.97,7.00,7.06,7.17,7.58,9.13,11.34,11.35,5.01,2.12,2.06,2.09,2.08,2.07,2.06,2.06,2.05,2.06,2.68,3.69,4.26,4.33,4.61,4.80,4.59,4.41,4.34,4.29,4.24,4.22,4.17,4.14,4.14,4.16,4.21,4.23,4.24,4.24,4.28,4.28,4.27,4.26,4.27,4.29,4.27,4.36,4.65,5.01,4.53,3.64,2.44,1.62,1.55,1.57,1.59,1.59,1.58,1.58,1.59,1.58,1.58,1.61,2.30,3.27,3.11,3.13,3.19,3.22,3.15,3.05,3.07,3.03,2.91,2.00,1.66,1.54,1.57,1.69,1.68,1.60,1.53,1.52,1.54,1.54,1.54,1.54,1.53,1.54,1.56,1.59,1.61,1.66,1.72,1.71,1.62,1.56,1.55,1.54,1.52,1.51,1.55,1.58,1.60,1.57,1.57,1.63,1.67,1.69,1.68,1.66,1.66,1.72,1.89,2.17,2.32,2.14,1.74,1.99,1.91,2.46,3.20,2.96,2.83,2.87,2.94,2.93,2.88,2.82,2.82,2.91,3.06,3.36,3.48,3.47,3.46,3.47,3.44,3.43,3.46,3.44,3.44,3.45,3.47,3.47,3.57,3.48,3.36,3.31,3.29,3.33,3.33,3.29,3.35,3.37,3.38,3.28,2.91,2.83,2.78,2.86,3.07,3.18,3.18,3.18,3.20,3.25,3.24,3.24,3.25,3.27,3.26,3.25,3.24,3.22,3.20,3.20,3.19,3.19,3.18,3.17,3.16,3.13,3.11,3.07,2.99,2.99,3.08,3.12,3.05,3.05,3.10,3.15,3.27,3.31,3.31,3.30,3.30,3.31,3.31,3.33,3.36,3.44,3.49,3.49,3.40,3.28,3.28,3.29,3.30,3.31,3.32,3.33,3.34,3.36,3.34,3.31,3.29,3.27,3.26,3.16,3.09,3.05,3.05,3.12,3.13,3.12,3.11,3.09,3.01,2.91,2.81,2.70,2.60,2.63,2.71,2.74,2.67,2.60,2.57,2.59,2.62,2.67,2.71,2.74,2.76,2.77,2.78,2.79
7.19,7.14,6.96,6.89,6.88,6.91,6.95,7.04,7.07,7.09,7.16,7.51,8.84,10.37,11.41,10.82,4.80,2.09,2.08,2.10,2.08,2.06,2.07,2.09,2.05,2.08,2.96,4.22,4.30,4.37,4.43,4.47,4.47,4.44,4.42,4.37,4.30,4.24,4.16,4.14,4.14,4.14,4.19,4.20,4.20,4.23,4.27,4.25,4.24,4.25,4.28,4.29,4.28,4.36,4.59,3.93,3.19,2.75,1.67,1.60,1.57,1.56,1.57,1.58,1.58,1.58,1.58,1.57,1.57,1.68,2.38,3.28,3.15,3.18,3.22,3.22,3.13,3.03,3.08,2.84,2.27,1.70,1.57,1.55,1.57,1.63,1.68,1.62,1.54,1.52,1.54,1.55,1.54,1.51,1.51,1.52,1.55,1.57,1.55,1.65,1.73,1.69,1.55,1.55,1.56,1.55,1.53,1.54,1.55,1.57,1.58,1.56,1.56,1.59,1.61,1.60,1.60,1.60,1.60,1.61,1.63,1.89,2.06,2.00,1.80,2.15,2.41,2.84,3.19,2.91,2.82,2.87,2.93,2.92,2.85,2.79,2.83,2.97,3.14,3.45,3.53,3.47,3.47,3.48,3.45,3.44,3.46,3.49,3.45,3.43,3.45,3.51,3.61,3.44,3.23,3.21,3.19,3.18,3.22,3.29,3.35,3.36,3.37,3.25,2.80,2.79,2.82,2.90,3.04,3.13,3.13,3.16,3.21,3.25,3.25,3.25,3.26,3.28,3.27,3.26,3.24,3.23,3.21,3.21,3.20,3.19,3.18,3.17,3.15,3.12,3.09,3.04,2.96,3.00,3.11,3.11,3.03,3.05,3.14,3.26,3.31,3.33,3.32,3.30,3.31,3.31,3.31,3.32,3.36,3.43,3.45,3.44,3.40,3.30,3.29,3.31,3.32,3.33,3.34,3.35,3.36,3.38,3.33,3.30,3.28,3.27,3.25,3.23,3.12,3.00,2.99,3.01,3.08,3.13,3.11,3.08,3.01,2.91,2.78,2.64,2.63,2.67,2.74,2.83,2.66,2.55,2.54,2.60,2.66,2.75,2.80,2.80,2.79,2.77,2.75,2.75
