29.44,29.43,29.39,29.35,29.31,29.27,29.21,29.11,28.89,28.67,28.45,28.22,27.94,27.78,27.86,28.11,28.22,28.26,28.25,28.19,28.12,27.97,27.80,27.57,27.29,27.01,26.75,26.58,26.46,26.36,26.25,26.15,26.04,25.93,25.72,25.33,25.05,24.97,25.01,24.99,24.96,24.93,24.86,24.85,24.91,24.97,24.95,24.77,24.70,24.65,24.60,24.49,24.42,24.45,24.53,24.59,24.52,24.53,24.56,24.59,24.53,24.48,24.49,24.42,24.13,24.06,24.08,24.12,24.14,23.96,23.56,23.01,22.50,22.36,22.30,22.25,22.19,22.15,22.15,22.35,22.57,22.83,23.37,23.84,24.10,24.02,23.49,22.60,22.43,22.72,23.19,23.20,23.21,23.21,23.20,23.19,23.16,23.25,23.35,23.35,23.35,23.38,23.41,23.41,23.36,23.31,23.22,23.12,23.07,23.06,23.05,23.09,23.20,23.24,23.21,23.16,23.10,23.00,22.21,19.84,16.33,12.34,9.73,8.62,7.98,7.84,7.95,7.94,7.96,7.98,7.94,7.93,7.94,7.94,7.95,8.18,8.76,9.29,10.29,11.42,12.68,13.75,14.90,16.39,17.18,17.54,18.12,19.16,20.55,22.04,23.11,23.70,23.88,22.29,20.55,19.23,18.65,18.15,17.76,17.52,17.37,17.12,17.14,17.20,17.07,16.56,16.00,15.47,15.17,15.11,14.74,14.58,14.41,14.20,13.97,13.70,13.55,13.31,12.80,12.09,11.72,11.28,10.72,10.24,9.85,9.71,9.67,9.54,9.57,9.50,9.45,9.44,9.33,9.30,9.31,9.32,9.27,9.16,9.14,9.22,9.39,9.53,9.53,9.47,9.40,9.35,9.30,9.25,9.22,9.19,9.10,9.01,8.95,8.94,8.85,8.73,8.70,8.78,8.96,7.88,7.54,7.52,7.48,8.29,8.34,8.21,8.10,8.06,8.02,8.01,8.02,8.02,8.06,8.13,8.19,8.24,8.30,8.24,8.20,8.19,8.17,8.17,8.67,10.29,13.04,11.12,8.78,7.41,7.23,7.20,7.23,7.26,7.29,7.33,7.29,7.23
29.48,29.45,29.39,29.37,29.34,29.29,29.21,29.08,28.89,28.71,28.53,28.32,28.02,27.83,27.90,28.16,28.23,28.19,28.15,28.08,27.98,27.83,27.68,27.47,27.20,26.92,26.69,26.53,26.42,26.32,26.22,26.11,26.00,25.90,25.80,25.42,25.11,24.97,24.99,24.98,24.97,24.92,24.81,24.80,24.88,24.95,24.92,24.73,24.68,24.62,24.53,24.39,24.34,24.39,24.45,24.47,24.45,24.43,24.45,24.49,24.44,24.46,24.45,24.35,24.06,24.11,24.13,24.14,24.11,23.84,23.37,22.83,22.41,22.41,22.36,22.31,22.25,22.18,22.19,22.61,23.07,23.45,23.81,24.22,24.48,24.40,23.78,22.87,22.64,22.81,23.13,23.15,23.16,23.18,23.19,23.21,23.22,23.33,23.41,23.36,23.34,23.38,23.41,23.41,23.31,23.26,23.17,23.06,23.02,23.02,23.02,23.05,23.16,23.22,23.22,23.20,23.18,23.07,22.30,20.37,17.35,13.51,10.49,8.74,8.01,7.85,7.94,7.94,7.94,7.95,7.97,7.94,7.94,7.95,7.96,7.88,8.49,8.76,9.33,10.10,11.54,12.67,13.58,14.48,15.48,16.17,17.04,18.32,20.03,21.85,23.04,23.58,23.67,22.18,20.47,19.18,18.70,18.28,17.89,17.65,17.48,17.13,17.04,17.02,16.79,16.07,15.54,15.30,15.15,15.00,14.81,14.60,14.39,14.15,13.87,13.51,13.42,13.14,12.38,11.44,10.93,10.45,9.93,9.56,9.52,9.53,9.53,9.51,9.52,9.44,9.38,9.35,9.22,9.18,9.19,9.22,9.20,9.06,9.06,9.16,9.32,9.50,9.53,9.49,9.43,9.37,9.32,9.27,9.24,9.21,9.14,9.05,9.04,9.11,8.99,8.75,8.66,8.71,8.75,8.75,8.67,8.54,8.41,8.42,8.27,8.16,8.15,8.12,8.05,7.98,7.91,7.84,7.85,7.93,8.04,8.13,8.18,8.13,8.10,8.11,8.11,8.12,8.14,8.51,9.35,8.34,7.79,7.45,7.25,7.20,7.24,7.26,7.27,7.29,7.24,7.20
29.54,29.43,29.35,29.35,29.37,29.32,29.23,29.17,29.06,28.92,28.72,28.43,28.09,27.85,27.90,28.15,28.14,28.09,28.05,27.97,27.84,27.69,27.57,27.38,27.10,26.82,26.63,26.49,26.39,26.28,26.18,26.07,25.97,25.87,25.81,25.59,25.34,25.11,24.97,24.97,24.97,24.93,24.83,24.79,24.77,24.77,24.75,24.69,24.64,24.57,24.45,24.27,24.26,24.38,24.47,24.38,24.37,24.29,24.28,24.35,24.39,24.52,24.50,24.33,24.07,24.19,24.17,24.06,23.87,23.58,23.17,22.74,22.43,22.43,22.35,22.29,22.25,22.23,22.19,22.72,23.26,23.64,24.02,24.38,24.46,24.14,23.36,22.89,22.82,22.93,23.08,23.13,23.18,23.23,23.28,23.33,23.40,23.46,23.46,23.36,23.30,23.38,23.45,23.42,23.28,23.23,23.14,23.05,23.02,23.00,23.02,23.07,23.14,23.26,23.25,23.24,23.23,23.23,21.98,20.12,17.57,14.31,11.19,9.08,8.13,7.95,7.90,7.92,7.93,7.94,7.95,7.93,7.94,7.94,7.95,7.88,8.37,8.71,9.29,9.66,10.83,11.79,12.34,12.48,13.48,14.93,16.60,18.35,20.16,22.00,23.02,23.23,22.93,21.32,20.15,19.33,18.76,18.34,18.03,17.80,17.57,17.17,16.78,16.45,16.16,15.86,15.63,15.44,15.24,15.01,14.74,14.51,14.32,14.07,13.58,13.14,12.96,12.46,11.31,10.49,10.07,9.85,9.71,9.57,9.54,9.50,9.45,9.41,9.39,9.33,9.28,9.25,9.13,9.08,9.10,9.12,9.02,8.96,9.03,9.15,9.23,9.41,9.49,9.49,9.43,9.39,9.33,9.29,9.25,9.21,9.16,9.09,9.02,8.97,8.99,8.78,8.64,8.62,8.69,8.62,8.52,8.42,8.36,8.31,8.27,8.24,8.20,8.15,8.12,8.07,8.01,7.92,7.86,7.83,7.81,7.79,7.81,7.79,7.80,7.86,7.97,8.08,8.09,8.16,8.38,8.06,7.85,7.59,7.30,7.18,7.19,7.22,7.24,7.25,7.18,7.12
29.54,29.44,29.37,29.29,29.21,29.11,29.01,28.94,28.88,28.82,28.71,28.52,28.19,27.88,27.85,28.03,28.03,27.99,27.94,27.86,27.71,27.55,27.45,27.29,27.01,26.73,26.58,26.46,26.35,26.24,26.14,26.04,25.95,25.88,25.85,25.71,25.49,25.22,24.99,25.05,25.01,24.91,24.83,24.75,24.71,24.68,24.64,24.58,24.55,24.46,24.31,24.14,24.18,24.30,24.38,24.33,24.27,24.23,24.26,24.35,24.38,24.53,24.56,24.46,24.25,24.21,24.11,23.92,23.63,23.28,22.95,22.65,22.44,22.40,22.29,22.23,22.21,22.23,22.31,22.93,23.52,23.86,24.09,24.29,24.13,23.70,23.16,22.99,22.97,23.05,23.18,23.28,23.33,23.40,23.46,23.52,23.58,23.58,23.52,23.41,23.34,23.41,23.45,23.40,23.26,23.22,23.14,23.05,23.02,23.00,23.02,23.07,23.14,23.27,23.26,23.25,23.25,23.22,22.09,20.20,17.65,14.60,11.69,9.35,8.20,8.02,7.90,7.90,7.92,7.93,7.94,7.95,7.94,7.95,7.96,7.89,8.33,8.73,9.16,9.55,10.20,10.75,11.14,11.40,12.48,14.10,15.98,17.94,19.93,21.92,22.92,22.94,22.30,21.06,20.16,19.43,18.77,18.37,18.14,17.95,17.71,17.26,16.77,16.34,16.03,15.88,15.72,15.48,15.19,14.85,14.50,14.23,13.98,13.67,13.19,12.88,12.70,11.97,10.42,9.94,9.72,9.65,9.66,9.63,9.58,9.50,9.41,9.32,9.27,9.22,9.18,9.14,9.08,9.02,9.03,9.09,9.09,8.99,9.00,9.07,9.17,9.35,9.46,9.49,9.44,9.39,9.35,9.30,9.26,9.21,9.16,9.10,9.03,8.94,8.94,8.90,8.76,8.61,8.64,8.59,8.51,8.43,8.38,8.29,8.24,7.97,7.63,8.05,8.07,8.04,8.01,7.92,7.86,7.82,7.77,7.72,7.70,7.68,7.67,7.69,7.75,7.82,7.81,7.78,7.81,7.78,7.69,7.53,7.32,7.19,7.17,7.18,7.21,7.21,7.12,7.07
29.52,29.46,29.41,29.20,28.95,28.78,28.67,28.52,28.50,28.54,28.59,28.57,28.28,27.92,27.78,27.87,27.93,27.89,27.83,27.74,27.57,27.41,27.34,27.19,26.92,26.65,26.52,26.42,26.31,26.20,26.10,26.01,25.94,25.91,25.91,25.81,25.61,25.32,25.03,25.17,25.09,24.90,24.82,24.71,24.67,24.63,24.56,24.43,24.43,24.32,24.13,24.02,24.11,24.18,24.24,24.30,24.18,24.22,24.31,24.41,24.40,24.49,24.60,24.63,24.49,24.19,23.98,23.74,23.39,22.97,22.72,22.55,22.44,22.33,22.19,22.15,22.17,22.20,22.48,23.19,23.78,24.05,24.07,24.05,23.63,23.14,23.06,23.10,23.08,23.16,23.38,23.51,23.56,23.62,23.68,23.73,23.75,23.68,23.57,23.47,23.40,23.44,23.45,23.38,23.26,23.22,23.14,23.05,23.03,23.01,23.02,23.07,23.15,23.25,23.25,23.25,23.23,23.11,22.41,20.47,17.70,14.65,12.12,9.63,8.31,8.08,7.92,7.89,7.91,7.93,7.95,7.97,7.96,7.96,7.98,7.91,7.86,8.25,8.99,9.58,9.63,9.69,10.02,10.86,12.08,13.56,15.33,17.35,19.53,21.71,22.76,22.66,21.75,21.11,20.32,19.49,18.76,18.40,18.24,18.11,17.89,17.39,16.92,16.49,16.18,16.02,15.80,15.47,15.06,14.60,14.17,13.85,13.48,13.08,12.71,12.63,12.47,11.54,9.66,9.64,9.65,9.67,9.71,9.72,9.62,9.51,9.39,9.26,9.18,9.12,9.08,9.04,9.05,8.98,8.99,9.09,9.27,9.10,8.97,8.97,9.14,9.31,9.44,9.49,9.45,9.40,9.36,9.31,9.26,9.21,9.16,9.11,9.05,8.97,8.86,9.05,8.94,8.65,8.61,8.60,8.57,8.51,8.42,8.28,8.10,7.47,6.77,7.75,7.87,7.93,7.96,7.88,7.85,7.84,7.83,7.80,7.74,7.69,7.63,7.56,7.52,7.48,7.43,7.41,7.46,7.51,7.42,7.36,7.33,7.20,7.16,7.16,7.18,7.17,7.06,7.04
29.45,29.37,29.27,28.96,28.75,28.62,28.44,28.01,27.95,27.96,28.02,28.09,28.08,27.86,27.75,27.80,27.81,27.78,27.72,27.60,27.43,27.27,27.21,27.08,26.83,26.60,26.48,26.38,26.27,26.17,26.08,26.02,25.99,25.98,25.97,25.93,25.74,25.43,25.15,25.36,25.35,25.18,25.03,24.87,24.73,24.60,24.48,24.36,24.33,24.19,24.04,24.16,24.15,24.13,24.17,24.32,24.28,24.30,24.34,24.39,24.45,24.43,24.45,24.44,24.28,24.01,23.74,23.43,23.09,22.73,22.48,22.31,22.21,22.19,22.12,22.13,22.18,22.22,22.70,23.35,23.76,23.83,23.82,23.52,22.98,22.54,22.66,22.88,23.05,23.28,23.61,23.70,23.77,23.84,23.92,23.97,23.80,23.67,23.57,23.47,23.36,23.42,23.46,23.40,23.28,23.26,23.17,23.07,23.06,23.03,23.01,23.04,23.12,23.22,23.23,23.23,23.19,22.90,22.17,20.98,18.76,15.20,13.15,10.78,9.07,8.00,7.94,7.92,7.93,7.93,7.94,7.98,8.00,7.99,7.96,7.95,7.93,8.16,8.67,9.38,9.62,9.66,10.01,11.11,12.46,13.98,15.70,17.58,19.52,21.54,22.41,22.23,21.51,20.87,20.19,19.45,18.74,18.57,18.42,18.30,18.14,17.80,17.54,17.00,16.41,16.10,15.84,15.51,15.07,14.52,13.90,13.19,12.49,11.94,11.77,11.66,11.08,10.33,9.69,9.69,9.71,9.75,9.79,9.78,9.68,9.56,9.45,9.33,9.23,9.12,9.07,9.08,9.03,9.05,9.11,9.14,9.07,9.00,9.03,9.16,9.35,9.50,9.52,9.50,9.46,9.41,9.37,9.32,9.26,9.22,9.17,9.12,9.06,8.99,8.91,8.95,8.88,8.74,8.70,8.65,8.56,8.45,8.30,7.77,6.55,5.96,4.13,5.19,6.56,7.56,7.98,7.90,7.79,7.75,7.75,7.74,7.71,7.70,7.67,7.64,7.62,7.57,7.51,7.47,7.46,7.44,7.37,7.31,7.27,7.18,7.17,7.18,7.19,7.17,7.13,7.11
29.39,29.30,29.17,28.83,28.67,28.55,28.27,27.53,27.49,27.52,27.61,27.74,27.87,27.77,27.72,27.75,27.67,27.67,27.60,27.46,27.29,27.13,27.08,26.96,26.74,26.56,26.44,26.34,26.25,26.15,26.09,26.06,26.04,26.04,26.03,26.02,25.85,25.56,25.33,25.53,25.54,25.40,25.21,25.02,24.82,24.64,24.51,24.40,24.33,24.18,24.07,24.26,24.22,24.16,24.20,24.40,24.45,24.44,24.42,24.39,24.41,24.31,24.25,24.17,23.99,23.71,23.39,23.08,22.79,22.52,22.29,22.14,22.09,22.11,22.09,22.15,22.28,22.46,22.99,23.51,23.71,23.55,23.44,23.09,22.59,22.26,22.46,22.77,23.06,23.39,23.77,23.87,23.95,24.04,24.13,24.20,23.89,23.68,23.57,23.50,23.31,23.40,23.47,23.42,23.31,23.29,23.20,23.09,23.07,23.05,23.03,23.05,23.14,23.20,23.21,23.22,23.14,22.72,21.96,21.09,19.19,15.57,13.79,11.64,9.63,8.21,7.94,7.93,7.94,7.94,7.95,7.98,8.00,7.99,7.95,7.99,7.98,8.08,8.44,9.27,9.56,9.67,10.11,11.34,12.73,14.28,15.97,17.75,19.54,21.34,22.07,21.87,21.26,20.62,19.96,19.34,18.82,18.71,18.57,18.46,18.37,18.18,18.02,17.41,16.64,16.12,15.87,15.59,15.23,14.54,12.58,11.83,11.28,10.88,10.94,10.74,10.16,9.71,9.74,9.76,9.78,9.82,9.86,9.84,9.73,9.62,9.51,9.39,9.26,9.12,9.05,9.08,9.04,9.10,9.16,9.14,8.97,8.97,9.11,9.31,9.53,9.70,9.66,9.57,9.48,9.43,9.39,9.33,9.27,9.24,9.19,9.13,9.07,9.02,8.95,8.91,8.86,8.80,8.73,8.63,8.36,8.04,7.70,6.53,5.44,4.68,2.58,3.72,5.13,6.78,8.14,8.10,7.86,7.77,7.75,7.73,7.69,7.67,7.65,7.64,7.64,7.60,7.54,7.50,7.48,7.43,7.37,7.32,7.28,7.24,7.23,7.23,7.23,7.19,7.17,7.15
29.33,29.24,29.13,28.86,28.71,28.57,28.17,27.10,27.14,27.25,27.38,27.52,27.65,27.67,27.69,27.70,27.52,27.55,27.48,27.32,27.15,26.99,26.93,26.83,26.64,26.51,26.41,26.32,26.23,26.14,26.13,26.11,26.10,26.09,26.08,26.08,25.94,25.69,25.59,25.68,25.66,25.54,25.36,25.16,24.95,24.77,24.65,24.55,24.46,24.33,24.22,24.34,24.35,24.29,24.33,24.56,24.70,24.64,24.53,24.42,24.28,24.13,23.96,23.79,23.60,23.25,22.94,22.69,22.48,22.33,22.15,22.08,22.10,22.10,22.10,22.21,22.50,22.95,23.36,23.69,23.63,23.19,22.93,22.79,22.53,22.33,22.48,22.78,23.11,23.48,23.87,24.03,24.11,24.21,24.31,24.41,24.01,23.71,23.57,23.57,23.26,23.37,23.47,23.41,23.34,23.33,23.25,23.12,23.05,23.08,23.08,23.12,23.19,23.20,23.21,23.20,23.08,22.58,21.79,20.76,18.88,15.74,13.97,12.16,10.27,8.65,7.93,7.91,7.94,7.94,7.96,7.97,7.97,7.97,7.96,8.02,7.96,8.01,8.30,9.28,9.46,9.73,10.36,11.52,12.86,14.43,16.11,17.85,19.60,21.12,21.75,21.59,21.01,20.35,19.63,19.13,19.01,18.84,18.69,18.61,18.59,18.54,18.33,17.71,16.87,16.10,15.89,15.72,15.55,14.65,10.05,9.67,9.81,9.91,10.22,9.90,9.78,9.78,9.81,9.84,9.85,9.89,9.93,9.89,9.78,9.67,9.56,9.44,9.26,9.12,9.04,9.02,9.08,9.14,9.13,9.07,8.98,9.02,9.20,9.44,9.68,9.92,9.87,9.70,9.51,9.46,9.40,9.35,9.30,9.26,9.21,9.14,9.09,9.05,8.99,8.95,8.89,8.81,8.69,8.53,7.94,7.23,6.55,4.47,3.00,2.26,2.12,2.19,2.98,5.54,8.47,8.51,8.06,7.90,7.84,7.78,7.68,7.60,7.56,7.56,7.56,7.55,7.52,7.50,7.51,7.47,7.45,7.42,7.39,7.37,7.35,7.33,7.29,7.24,7.19,7.15
29.30,29.20,29.11,28.92,28.73,28.65,28.36,27.31,27.08,27.15,27.34,27.52,27.69,27.69,27.70,27.68,27.39,27.24,27.11,27.00,26.93,26.83,26.79,26.72,26.59,26.48,26.39,26.30,26.23,26.19,26.18,26.17,26.16,26.15,26.15,26.14,26.01,25.82,25.80,25.81,25.78,25.68,25.49,25.28,25.05,24.83,24.65,24.53,24.44,24.31,24.20,24.24,24.28,24.27,24.30,24.45,24.67,24.57,24.38,24.17,23.96,23.80,23.62,23.42,23.20,22.90,22.71,22.55,22.39,22.28,22.13,22.07,22.08,22.09,22.13,22.23,22.50,23.00,23.41,23.62,23.40,22.86,22.57,22.46,22.34,22.34,22.68,22.99,23.24,23.57,23.97,24.17,24.25,24.35,24.45,24.51,24.07,23.66,23.42,23.43,23.33,23.43,23.50,23.45,23.40,23.38,23.34,23.30,23.31,23.30,23.28,23.26,23.27,23.22,23.22,23.22,23.06,22.42,21.42,20.30,18.58,15.91,14.14,12.38,10.57,9.04,7.96,7.92,7.96,7.96,7.97,7.99,8.00,7.99,7.99,8.07,8.05,8.04,8.27,9.27,9.49,9.72,10.20,11.13,12.79,14.40,16.02,17.69,19.29,20.65,21.52,21.72,21.03,20.06,19.52,19.26,19.12,18.92,18.82,18.82,18.86,18.74,18.46,17.78,16.89,16.03,15.88,15.77,15.45,14.25,9.66,9.31,9.51,9.66,9.89,9.78,9.79,9.85,9.88,9.91,9.93,9.96,10.00,9.94,9.84,9.70,9.54,9.38,9.24,9.15,9.08,9.03,9.06,9.11,9.15,9.14,8.99,9.11,9.31,9.56,9.80,9.96,9.85,9.68,9.53,9.50,9.43,9.37,9.33,9.27,9.21,9.16,9.11,9.06,9.01,8.94,8.85,8.74,8.60,8.01,6.88,6.11,4.21,3.06,2.37,2.07,2.05,2.05,2.23,3.59,5.59,7.36,8.36,8.25,7.90,7.81,7.77,7.73,7.70,7.65,7.52,7.55,7.52,7.47,7.41,7.38,7.37,7.36,7.34,7.32,7.31,7.29,7.27,7.21,7.20,7.24
29.29,29.16,29.11,28.95,28.74,28.70,28.51,27.53,27.11,27.13,27.36,27.59,27.81,27.76,27.72,27.66,27.32,26.99,26.80,26.74,26.77,26.72,26.68,26.63,26.54,26.46,26.38,26.31,26.26,26.25,26.24,26.23,26.22,26.21,26.21,26.19,26.09,25.95,25.98,25.94,25.88,25.77,25.59,25.36,25.11,24.86,24.63,24.49,24.39,24.28,24.17,24.16,24.20,24.23,24.26,24.33,24.58,24.50,24.29,24.03,23.71,23.49,23.30,23.12,22.91,22.69,22.58,22.48,22.34,22.24,22.12,22.06,22.07,22.12,22.17,22.23,22.44,22.87,23.26,23.33,23.05,22.54,22.32,22.22,22.20,22.37,22.89,23.21,23.39,23.66,24.08,24.31,24.39,24.48,24.55,24.58,24.13,23.62,23.29,23.32,23.39,23.49,23.52,23.49,23.45,23.42,23.41,23.43,23.51,23.48,23.43,23.38,23.33,23.23,23.22,23.23,23.04,22.27,21.08,19.86,18.29,16.09,14.33,12.57,10.82,9.39,8.00,7.93,7.97,7.96,7.96,8.00,8.02,8.02,8.00,8.08,8.09,8.06,8.23,9.19,9.55,9.73,10.01,10.70,12.67,14.36,15.93,17.46,18.94,20.22,21.35,21.85,21.00,19.88,19.51,19.44,19.28,18.99,18.92,18.97,19.03,18.88,18.49,17.75,16.82,15.96,15.87,15.79,15.37,13.96,9.62,9.25,9.44,9.57,9.71,9.80,9.86,9.91,9.95,9.99,10.00,10.03,10.07,9.98,9.86,9.69,9.51,9.34,9.24,9.18,9.13,9.06,9.04,9.08,9.16,9.18,9.02,9.20,9.43,9.68,9.91,9.95,9.80,9.65,9.56,9.53,9.47,9.41,9.36,9.30,9.23,9.18,9.14,9.08,9.02,8.93,8.81,8.59,8.13,6.97,5.80,4.91,2.33,2.10,2.05,2.05,2.05,2.04,2.05,2.10,2.98,6.35,8.14,8.39,8.14,7.87,7.86,7.84,7.81,7.72,7.51,7.57,7.55,7.46,7.37,7.30,7.29,7.30,7.31,7.31,7.26,7.25,7.23,7.19,7.23,7.34
29.29,29.12,29.10,28.91,28.67,28.61,28.43,27.55,27.25,27.26,27.48,27.78,28.01,27.91,27.79,27.70,27.39,26.96,26.74,26.71,26.83,26.70,26.64,26.60,26.53,26.45,26.38,26.34,26.32,26.31,26.30,26.29,26.28,26.27,26.26,26.25,26.18,26.06,26.08,26.04,25.93,25.77,25.61,25.36,25.11,24.86,24.61,24.47,24.35,24.26,24.19,24.14,24.17,24.20,24.22,24.27,24.41,24.50,24.47,24.25,23.72,23.28,23.08,23.01,22.93,22.81,22.65,22.48,22.33,22.20,22.10,22.06,22.09,22.23,22.25,22.24,22.29,22.48,22.72,22.60,22.40,22.27,22.31,22.21,22.24,22.50,23.01,23.40,23.55,23.77,24.19,24.45,24.52,24.58,24.62,24.64,24.25,23.66,23.25,23.32,23.43,23.51,23.53,23.49,23.47,23.43,23.40,23.42,23.49,23.47,23.43,23.37,23.32,23.23,23.22,23.21,23.00,22.17,20.85,19.51,18.03,16.29,14.56,12.83,11.10,9.67,8.09,7.96,7.95,7.93,7.94,7.95,8.10,8.08,8.06,8.15,8.06,7.98,8.15,8.93,9.62,9.82,9.92,10.41,12.51,14.35,15.89,17.19,18.60,19.99,21.25,21.78,20.75,19.97,19.67,19.62,19.60,19.07,18.92,18.90,18.92,18.89,18.38,17.53,16.61,15.91,15.84,15.80,15.48,14.19,9.64,9.30,9.52,9.65,9.76,9.87,9.94,9.99,10.03,10.07,10.08,10.10,10.11,9.97,9.80,9.62,9.46,9.37,9.30,9.21,9.14,9.09,9.06,9.07,9.08,9.08,9.08,9.31,9.55,9.80,10.01,9.92,9.77,9.65,9.60,9.58,9.52,9.46,9.40,9.34,9.29,9.24,9.19,9.12,9.04,8.92,8.78,8.25,6.68,4.71,3.31,2.47,2.11,2.05,2.05,2.06,2.06,2.05,2.06,2.07,2.29,2.96,6.19,7.89,8.84,8.05,7.89,7.81,7.76,7.69,7.57,7.61,7.59,7.55,7.50,7.30,7.25,7.30,7.41,7.45,7.27,7.22,7.24,7.21,7.32,7.40
29.25,29.05,29.03,28.85,28.65,28.40,28.04,27.55,27.31,27.35,27.55,27.81,27.97,27.87,27.77,27.68,27.33,26.96,26.74,26.66,26.72,26.65,26.62,26.58,26.54,26.45,26.41,26.39,26.38,26.37,26.36,26.35,26.34,26.33,26.32,26.32,26.27,26.19,26.15,26.04,25.87,25.69,25.52,25.34,25.11,24.85,24.60,24.45,24.36,24.30,24.24,24.12,24.15,24.19,24.23,24.28,24.37,24.55,24.63,24.49,23.90,23.33,23.04,22.95,22.92,22.84,22.64,22.43,22.28,22.15,22.09,22.08,22.14,22.29,22.27,22.28,22.28,22.24,22.42,22.31,22.21,22.22,22.27,22.21,22.32,22.64,23.13,23.56,23.74,23.94,24.29,24.57,24.62,24.67,24.70,24.72,24.40,23.74,23.25,23.35,23.46,23.53,23.55,23.53,23.48,23.40,23.37,23.40,23.45,23.43,23.44,23.44,23.38,23.24,23.21,23.18,22.94,22.10,20.71,19.27,17.73,16.01,14.28,12.58,10.89,9.49,8.09,7.95,7.94,7.93,7.94,7.95,8.06,8.08,8.07,8.19,8.07,7.99,8.15,8.84,9.57,9.76,9.78,10.14,11.92,13.85,15.66,17.27,18.79,20.39,21.47,21.64,20.45,20.04,19.89,19.86,19.78,19.11,18.92,18.90,18.93,18.94,18.51,17.54,16.49,15.86,15.82,15.81,15.66,14.62,9.89,9.42,9.57,9.68,9.79,9.86,9.91,9.96,10.02,10.06,10.09,10.11,10.07,9.80,9.70,9.57,9.45,9.36,9.28,9.20,9.13,9.09,9.08,9.06,9.09,9.15,9.16,9.33,9.54,9.76,9.93,9.82,9.72,9.66,9.64,9.63,9.59,9.54,9.48,9.42,9.37,9.30,9.22,9.15,9.04,8.90,8.44,7.38,5.33,4.01,2.38,2.05,2.04,2.04,2.05,2.06,2.06,2.05,2.05,2.06,2.06,2.10,4.08,7.34,9.60,8.99,8.72,8.24,7.87,7.68,7.58,7.59,7.57,7.54,7.50,7.32,7.27,7.30,7.39,7.45,7.28,7.24,7.26,7.24,7.32,7.41
29.17,28.97,28.92,28.77,28.65,28.15,27.55,27.53,27.34,27.40,27.58,27.74,27.81,27.76,27.72,27.65,27.26,27.01,26.80,26.63,26.55,26.59,26.59,26.58,26.55,26.48,26.46,26.45,26.43,26.42,26.42,26.41,26.40,26.39,26.38,26.37,26.35,26.30,26.19,25.98,25.77,25.57,25.39,25.29,25.09,24.85,24.60,24.45,24.38,24.35,24.29,24.11,24.13,24.19,24.26,24.31,24.41,24.61,24.76,24.72,24.16,23.55,23.14,22.95,22.90,22.83,22.59,22.35,22.21,22.09,22.09,22.12,22.20,22.32,22.27,22.33,22.32,22.10,22.26,22.25,22.24,22.26,22.21,22.22,22.42,22.78,23.27,23.70,23.94,24.13,24.39,24.68,24.72,24.77,24.80,24.81,24.56,23.85,23.27,23.38,23.49,23.55,23.57,23.57,23.49,23.36,23.33,23.37,23.40,23.37,23.45,23.51,23.44,23.23,23.19,23.13,22.87,22.07,20.60,19.06,17.39,15.52,13.77,12.08,10.48,9.13,8.04,7.93,7.94,7.94,7.95,7.98,8.03,8.07,8.07,8.21,8.10,8.04,8.19,8.82,9.45,9.62,9.64,9.88,11.16,13.15,15.37,17.51,19.22,21.03,21.79,21.43,20.17,20.11,20.15,20.12,19.89,19.15,18.92,18.91,18.98,19.02,18.73,17.65,16.43,15.82,15.81,15.82,15.84,15.13,10.49,9.65,9.59,9.68,9.80,9.81,9.85,9.90,9.96,10.02,10.07,10.08,10.00,9.60,9.60,9.55,9.44,9.33,9.23,9.16,9.12,9.09,9.12,9.06,9.16,9.31,9.25,9.32,9.49,9.65,9.76,9.69,9.67,9.67,9.68,9.68,9.66,9.61,9.56,9.52,9.46,9.35,9.25,9.16,9.04,8.85,7.91,6.26,4.13,2.52,2.05,2.06,2.05,2.03,2.05,2.06,2.07,2.05,2.04,2.05,2.06,2.09,2.42,6.95,10.42,10.24,9.87,8.82,8.04,7.67,7.57,7.54,7.52,7.49,7.45,7.35,7.32,7.32,7.32,7.38,7.30,7.28,7.30,7.28,7.29,7.42
29.04,28.92,28.86,28.69,28.65,28.10,27.37,27.26,27.25,27.35,27.49,27.61,27.75,27.73,27.69,27.65,27.51,27.47,27.19,26.81,26.53,26.48,26.50,26.55,26.58,26.59,26.56,26.52,26.49,26.48,26.45,26.43,26.40,26.38,26.36,26.34,26.31,26.25,26.06,25.86,25.65,25.44,25.24,25.15,25.03,24.84,24.60,24.47,24.43,24.40,24.34,24.15,24.18,24.24,24.30,24.35,24.45,24.62,24.74,24.74,24.51,24.21,23.82,23.40,23.02,22.73,22.50,22.32,22.18,22.15,22.11,22.16,22.26,22.25,22.24,22.25,22.25,22.22,22.32,22.29,22.27,22.27,22.14,22.25,22.50,22.94,23.63,23.86,24.09,24.29,24.50,24.85,24.89,24.91,24.89,24.83,24.63,23.90,23.29,23.38,23.48,23.55,23.59,23.59,23.52,23.38,23.32,23.32,23.33,23.34,23.40,23.40,23.27,23.17,23.12,23.00,22.75,22.27,20.47,18.70,16.93,15.06,13.22,11.44,10.29,8.36,7.97,7.89,7.90,7.94,7.98,7.99,8.04,8.13,8.24,8.13,8.07,8.07,8.22,8.69,9.38,9.61,9.60,9.73,10.86,12.94,15.34,17.69,19.62,21.26,21.49,20.81,20.36,20.26,20.34,20.31,19.99,19.32,18.99,18.86,18.86,19.03,18.62,17.62,16.49,15.77,15.80,15.81,15.83,15.54,13.49,10.76,9.60,9.68,9.73,9.78,9.81,9.85,9.92,9.98,10.01,10.03,10.00,9.86,9.75,9.57,9.38,9.28,9.20,9.12,9.11,9.19,9.24,9.22,9.32,9.45,9.42,9.46,9.54,9.62,9.67,9.67,9.70,9.73,9.74,9.74,9.74,9.71,9.65,9.59,9.51,9.40,9.29,9.17,9.02,8.59,6.96,5.00,2.75,2.22,2.05,2.05,2.05,2.04,2.05,2.06,2.07,2.08,2.06,2.05,2.06,2.11,4.02,8.34,11.60,11.22,10.36,8.90,7.93,7.58,7.55,7.51,7.50,7.47,7.41,7.39,7.40,7.42,7.43,7.41,7.36,7.33,7.32,7.32,7.33,7.42
28.95,28.86,28.77,28.60,28.64,28.11,27.34,27.17,27.28,27.40,27.52,27.63,27.72,27.73,27.71,27.69,27.70,27.74,27.41,26.94,26.65,26.47,26.44,26.49,26.57,26.59,26.55,26.50,26.46,26.43,26.39,26.36,26.33,26.30,26.27,26.24,26.21,26.14,25.92,25.71,25.51,25.32,25.17,25.07,25.00,24.87,24.65,24.49,24.45,24.43,24.38,24.21,24.25,24.29,24.33,24.37,24.44,24.56,24.65,24.68,24.66,24.58,24.21,23.62,23.00,22.63,22.42,22.27,22.15,22.18,22.19,22.28,22.37,22.23,22.21,22.18,22.20,22.28,22.30,22.27,22.28,22.29,22.19,22.30,22.57,23.03,23.74,23.93,24.16,24.37,24.56,24.95,24.96,24.93,24.86,24.76,24.61,23.94,23.36,23.43,23.52,23.57,23.60,23.60,23.52,23.40,23.33,23.29,23.29,23.31,23.35,23.31,23.17,23.10,23.03,22.87,22.54,21.99,20.12,18.18,16.27,14.42,12.58,10.77,9.81,8.07,7.96,7.90,7.90,7.94,8.00,8.02,8.04,8.13,8.25,8.07,8.07,8.14,8.27,8.58,9.21,9.52,9.62,9.75,10.77,12.93,15.50,18.00,19.89,21.10,21.14,20.59,20.53,20.52,20.58,20.49,20.09,19.45,19.05,18.83,18.81,19.07,18.69,17.51,16.25,15.73,15.78,15.80,15.82,15.79,15.35,11.47,9.64,9.75,9.78,9.84,9.85,9.85,9.88,9.91,9.94,9.95,9.97,9.97,9.86,9.59,9.32,9.22,9.18,9.15,9.20,9.31,9.37,9.39,9.47,9.56,9.56,9.56,9.59,9.62,9.65,9.69,9.75,9.79,9.80,9.82,9.82,9.79,9.73,9.66,9.56,9.45,9.33,9.18,8.99,7.94,5.77,3.59,2.10,2.05,2.05,2.05,2.06,2.05,2.06,2.06,2.07,2.09,2.07,2.06,2.11,2.36,6.10,9.53,12.04,11.49,10.27,8.69,7.77,7.52,7.52,7.49,7.48,7.46,7.42,7.42,7.45,7.48,7.47,7.42,7.39,7.36,7.35,7.37,7.38,7.41
28.92,28.80,28.65,28.51,28.63,28.18,27.45,27.26,27.41,27.53,27.66,27.80,27.70,27.77,27.79,27.75,27.80,27.81,27.45,27.02,26.92,26.55,26.40,26.41,26.51,26.49,26.44,26.39,26.34,26.29,26.23,26.20,26.16,26.13,26.10,26.07,26.05,25.99,25.77,25.56,25.35,25.21,25.19,25.07,25.01,24.92,24.76,24.49,24.44,24.43,24.40,24.29,24.33,24.35,24.36,24.36,24.37,24.42,24.48,24.53,24.62,24.67,24.30,23.62,22.83,22.54,22.35,22.21,22.11,22.20,22.30,22.46,22.54,22.24,22.17,22.14,22.18,22.28,22.20,22.19,22.25,22.35,22.36,22.39,22.63,23.05,23.60,23.89,24.15,24.37,24.58,25.01,24.93,24.83,24.72,24.60,24.48,23.95,23.48,23.53,23.61,23.61,23.60,23.59,23.50,23.43,23.34,23.28,23.30,23.29,23.29,23.24,23.15,23.03,22.93,22.72,22.25,21.20,19.55,17.49,15.39,13.61,11.84,10.06,9.12,8.05,8.00,7.95,7.92,7.94,7.99,8.08,8.06,8.06,8.11,8.03,8.11,8.23,8.34,8.50,8.93,9.36,9.69,9.92,10.90,13.13,15.84,18.44,20.01,20.54,20.73,20.76,20.68,20.88,20.87,20.64,20.21,19.56,19.08,18.83,18.84,19.15,18.94,17.30,15.68,15.71,15.78,15.81,15.82,15.86,16.05,11.75,9.73,9.92,9.96,9.99,9.97,9.91,9.82,9.83,9.85,9.87,9.88,9.91,9.93,9.63,9.26,9.17,9.16,9.25,9.37,9.45,9.51,9.58,9.63,9.66,9.67,9.65,9.66,9.68,9.69,9.76,9.82,9.84,9.84,9.89,9.89,9.86,9.81,9.72,9.61,9.50,9.36,9.18,8.94,6.92,4.36,2.34,2.06,2.04,2.05,2.06,2.07,2.06,2.06,2.06,2.07,2.06,2.07,2.06,2.23,2.85,8.67,10.51,11.71,11.02,9.59,8.20,7.54,7.49,7.47,7.47,7.47,7.47,7.47,7.44,7.48,7.48,7.44,7.42,7.40,7.38,7.38,7.42,7.42,7.41
28.83,28.71,28.57,28.46,28.44,28.15,27.74,27.61,27.61,27.64,27.69,27.72,27.68,27.80,27.85,27.80,27.79,27.72,27.39,27.04,26.94,26.69,26.43,26.31,26.37,26.37,26.33,26.28,26.23,26.18,26.13,26.08,26.04,25.99,25.94,25.91,25.89,25.82,25.55,25.38,25.31,25.27,25.20,25.08,24.99,24.92,24.81,24.60,24.45,24.42,24.46,24.41,24.41,24.40,24.38,24.35,24.32,24.40,24.49,24.56,24.60,24.21,23.63,23.05,22.64,22.49,22.30,22.21,22.24,22.22,22.27,22.40,22.48,22.25,22.14,22.12,22.20,22.36,22.30,22.24,22.26,22.36,22.44,22.51,22.73,23.10,23.54,23.85,24.19,24.50,24.75,24.89,24.81,24.70,24.59,24.47,24.35,23.88,23.50,23.65,23.70,23.67,23.64,23.62,23.52,23.46,23.38,23.31,23.37,23.29,23.28,23.25,23.12,23.01,22.70,21.99,20.89,19.60,18.08,16.23,14.29,12.53,10.87,9.28,8.29,8.01,7.99,7.98,7.96,7.94,7.97,8.03,8.06,8.07,8.07,8.08,8.22,8.28,8.29,8.46,8.96,9.43,9.80,10.09,11.31,13.45,16.10,18.80,20.49,20.82,20.90,20.94,20.92,21.11,21.03,20.75,20.30,19.71,19.14,18.84,18.83,19.02,18.93,17.59,16.09,15.70,15.78,15.81,15.82,15.85,15.94,12.88,10.99,10.60,10.87,10.79,10.30,9.88,9.83,9.84,9.82,9.79,9.78,9.81,9.83,9.56,9.25,9.21,9.29,9.41,9.52,9.60,9.64,9.68,9.70,9.71,9.67,9.64,9.73,9.85,9.93,9.92,9.91,9.88,9.87,9.93,9.96,9.95,9.90,9.81,9.69,9.55,9.39,9.13,8.55,6.29,4.44,2.11,2.05,2.04,2.05,2.06,2.06,2.07,2.07,2.07,2.07,2.06,2.07,2.07,2.21,2.82,9.79,11.37,11.33,10.26,8.57,7.80,7.51,7.47,7.46,7.49,7.52,7.53,7.49,7.46,7.47,7.46,7.40,7.38,7.37,7.36,7.37,7.40,7.42,7.41
28.71,28.62,28.49,28.39,28.28,28.12,27.96,27.89,27.77,27.74,27.71,27.66,27.67,27.98,28.19,28.19,28.11,27.92,27.63,27.33,27.15,26.96,26.57,26.28,26.20,26.23,26.19,26.14,26.10,26.05,26.00,25.95,25.90,25.85,25.79,25.75,25.72,25.63,25.35,25.26,25.29,25.31,25.19,25.08,24.98,24.91,24.84,24.67,24.46,24.43,24.52,24.54,24.51,24.46,24.40,24.32,24.24,24.34,24.47,24.55,24.48,23.69,22.99,22.57,22.52,22.44,22.27,22.21,22.30,22.21,22.22,22.32,22.40,22.24,22.13,22.18,22.33,22.52,22.51,22.37,22.32,22.42,22.52,22.61,22.83,23.16,23.52,23.84,24.22,24.60,24.86,24.76,24.68,24.58,24.47,24.35,24.22,23.80,23.50,23.70,23.73,23.70,23.67,23.65,23.53,23.49,23.42,23.38,23.46,23.35,23.33,23.27,23.09,23.00,22.38,21.18,19.59,18.11,16.63,14.96,13.22,11.60,10.21,8.68,7.98,7.97,7.97,7.99,7.97,7.94,7.95,8.01,8.05,8.07,8.05,8.23,8.37,8.36,8.32,8.60,9.17,9.69,10.12,10.49,11.95,14.04,16.58,19.20,20.93,21.14,21.11,21.11,21.17,21.30,21.18,20.86,20.40,19.85,19.25,18.88,18.80,18.87,18.52,17.45,16.29,15.81,15.80,15.82,15.83,15.84,15.84,14.18,12.75,12.03,12.23,11.86,10.81,9.94,9.92,10.55,10.73,10.71,10.48,9.80,9.73,9.53,9.32,9.33,9.45,9.56,9.65,9.71,9.73,9.72,9.80,10.02,10.42,10.38,10.40,10.39,10.26,10.15,10.10,10.04,10.00,10.07,10.07,10.05,10.01,9.92,9.77,9.61,9.42,9.08,8.12,5.78,4.62,2.06,2.05,2.04,2.04,2.05,2.06,2.07,2.07,2.07,2.07,2.06,2.07,2.07,2.29,3.15,10.33,11.93,11.20,10.08,8.44,7.99,7.81,7.67,7.48,7.52,7.56,7.56,7.50,7.50,7.48,7.43,7.36,7.35,7.34,7.34,7.36,7.38,7.40,7.41
28.56,28.51,28.41,28.27,28.21,28.14,28.03,27.92,27.84,27.80,27.76,27.68,27.69,28.50,29.15,29.35,29.22,28.82,28.54,28.28,27.87,27.51,26.97,26.41,26.01,26.02,25.99,25.94,25.90,25.85,25.81,25.77,25.74,25.70,25.66,25.62,25.55,25.43,25.21,25.28,25.30,25.23,25.12,25.09,24.99,24.89,24.81,24.64,24.46,24.46,24.60,24.71,24.63,24.53,24.41,24.27,24.10,24.18,24.31,24.37,24.13,23.17,22.61,22.47,22.58,22.37,22.25,22.20,22.17,22.11,22.17,22.29,22.36,22.21,22.15,22.37,22.67,22.81,22.92,22.64,22.48,22.56,22.61,22.67,22.89,23.23,23.58,23.91,24.26,24.58,24.80,24.64,24.55,24.44,24.35,24.27,24.10,23.72,23.45,23.59,23.63,23.67,23.69,23.68,23.54,23.51,23.49,23.49,23.60,23.58,23.50,23.33,23.08,22.98,21.90,20.38,18.67,17.07,15.47,13.83,12.28,11.04,9.55,8.49,7.98,7.98,7.95,7.95,7.95,7.94,7.94,8.05,8.05,8.04,8.07,8.59,8.58,8.51,8.61,9.12,9.69,10.34,10.94,11.43,13.05,15.25,17.59,19.74,21.18,21.34,21.27,21.24,21.41,21.44,21.30,21.00,20.54,20.01,19.44,19.01,18.76,18.68,17.31,16.22,15.80,16.22,15.88,15.83,15.86,15.88,15.93,15.63,15.34,15.00,14.43,13.40,11.65,10.24,10.15,12.80,13.72,13.84,13.02,10.00,9.70,9.62,9.57,9.59,9.65,9.70,9.73,9.75,9.73,9.66,9.97,10.93,12.90,12.84,12.46,11.76,10.79,10.55,10.51,10.47,10.41,10.44,10.26,10.19,10.15,10.05,9.87,9.68,9.45,9.03,7.73,5.39,4.26,2.05,2.04,2.04,2.04,2.04,2.04,2.06,2.07,2.07,2.07,2.05,2.06,2.07,2.62,4.48,10.37,11.85,11.63,11.29,10.36,9.46,8.84,8.36,7.59,7.57,7.54,7.50,7.48,7.60,7.50,7.37,7.31,7.33,7.32,7.33,7.35,7.37,7.38,7.38
28.47,28.41,28.30,28.20,28.07,27.98,27.93,27.93,27.86,27.81,27.75,27.66,27.63,28.13,28.55,28.71,28.76,28.61,28.63,28.71,28.66,28.31,27.44,26.50,25.84,25.86,25.83,25.79,25.75,25.71,25.68,25.64,25.61,25.58,25.53,25.48,25.40,25.29,25.10,25.18,25.22,25.20,25.14,25.15,25.02,24.88,24.76,24.60,24.48,24.54,24.71,24.81,24.68,24.53,24.37,24.20,24.01,23.95,24.01,24.07,23.77,23.02,22.60,22.49,22.49,22.30,22.22,22.17,22.11,22.12,22.15,22.24,22.31,22.21,22.16,22.39,22.72,22.95,23.10,22.86,22.70,22.74,22.76,22.79,22.99,23.32,23.66,24.00,24.29,24.56,24.78,24.61,24.50,24.37,24.26,24.15,24.01,23.66,23.43,23.58,23.63,23.68,23.71,23.71,23.62,23.63,23.64,23.67,23.78,23.75,23.66,23.46,23.08,22.54,21.17,19.54,17.83,16.16,14.53,12.97,11.63,10.67,9.19,8.33,7.97,7.98,7.95,7.94,7.94,7.93,7.93,8.06,8.03,8.03,8.13,8.81,8.89,9.13,9.67,10.37,10.97,11.64,12.27,12.85,14.52,16.44,18.53,20.50,21.35,21.45,21.40,21.40,21.57,21.55,21.38,21.07,20.65,20.16,19.66,19.15,18.74,18.66,17.75,17.30,17.20,17.15,16.23,16.11,16.27,16.42,16.54,16.49,16.39,16.15,15.61,14.68,13.10,12.25,13.22,15.93,16.77,16.89,16.27,13.85,12.55,11.75,10.94,9.71,9.75,9.76,10.18,11.10,11.95,12.43,12.70,13.19,14.59,14.39,13.82,12.83,11.52,11.22,11.13,11.01,10.85,10.85,10.58,10.41,10.30,10.15,9.95,9.75,9.50,9.07,7.76,5.41,4.28,2.06,2.04,2.05,2.05,2.05,2.05,2.05,2.07,2.07,2.07,2.04,2.05,2.08,3.22,6.78,10.75,11.82,11.79,11.75,11.37,10.76,10.31,9.94,9.29,9.00,8.69,8.44,8.32,8.04,7.66,7.38,7.28,7.32,7.31,7.30,7.32,7.35,7.35,7.35
28.41,28.32,28.20,28.16,27.90,27.75,27.76,27.89,27.83,27.78,27.72,27.64,27.55,27.50,27.46,27.49,27.75,27.95,28.30,28.77,29.25,29.03,27.83,26.54,25.70,25.72,25.70,25.67,25.64,25.60,25.57,25.54,25.51,25.47,25.41,25.34,25.26,25.17,25.01,25.04,25.11,25.17,25.19,25.22,25.07,24.87,24.72,24.57,24.52,24.64,24.83,24.88,24.70,24.50,24.31,24.13,23.95,23.73,23.67,23.72,23.43,22.99,22.71,22.55,22.35,22.23,22.17,22.13,22.08,22.16,22.13,22.18,22.26,22.21,22.17,22.33,22.63,23.00,23.18,23.05,22.93,22.94,22.94,22.95,23.12,23.43,23.77,24.09,24.32,24.55,24.78,24.61,24.49,24.34,24.19,24.04,23.93,23.63,23.43,23.60,23.66,23.70,23.73,23.74,23.72,23.78,23.82,23.86,23.96,23.87,23.80,23.57,23.03,21.90,20.34,18.68,17.01,15.30,13.67,12.23,11.12,10.43,8.88,8.19,7.95,7.97,7.95,7.94,7.93,7.93,7.94,7.94,8.06,8.12,8.34,9.09,9.37,10.04,11.10,11.96,12.61,13.26,13.90,14.54,16.18,17.72,19.50,21.29,21.48,21.52,21.52,21.57,21.68,21.62,21.42,21.12,20.75,20.30,19.86,19.30,18.76,18.69,18.72,19.04,19.09,18.23,16.78,16.59,16.86,17.15,17.31,17.07,16.79,16.56,16.35,15.91,14.91,14.98,17.11,18.96,19.40,19.45,19.30,18.57,16.32,14.71,13.06,10.48,10.49,10.40,11.16,13.02,14.88,15.97,16.10,15.77,15.88,15.45,14.75,13.69,12.32,12.00,11.81,11.57,11.30,11.25,10.92,10.66,10.45,10.23,10.02,9.81,9.56,9.14,7.96,5.59,4.44,2.07,2.04,2.06,2.06,2.05,2.06,2.05,2.07,2.08,2.07,2.04,2.04,2.09,3.71,9.14,11.22,11.47,11.32,11.50,11.69,11.74,11.74,11.67,11.39,10.84,10.25,9.78,9.52,8.75,8.08,7.64,7.43,7.37,7.37,7.35,7.31,7.32,7.33,7.33
28.46,28.38,28.31,28.23,27.79,27.58,27.59,27.61,27.62,27.63,27.63,27.61,27.52,27.43,27.34,27.26,27.24,27.27,27.41,27.72,28.23,28.35,27.44,26.35,25.63,25.62,25.59,25.56,25.52,25.49,25.46,25.43,25.40,25.34,25.27,25.19,25.12,25.03,24.92,24.96,25.03,25.10,25.16,25.31,25.13,24.87,24.68,24.54,24.59,24.76,24.93,24.88,24.70,24.51,24.32,24.13,23.93,23.72,23.53,23.35,23.23,22.86,22.61,22.47,22.36,22.18,22.12,22.12,22.11,22.09,22.13,22.15,22.17,22.23,22.23,22.25,22.43,22.86,23.14,23.20,23.19,23.17,23.16,23.19,23.31,23.54,23.87,24.17,24.38,24.59,24.78,24.61,24.49,24.34,24.19,24.04,23.90,23.64,23.49,23.63,23.67,23.71,23.74,23.76,23.72,23.78,23.84,23.89,23.93,23.83,23.72,23.37,22.55,21.07,19.44,17.78,16.12,14.44,12.83,11.56,10.81,9.84,8.60,8.12,7.97,7.95,7.94,7.93,7.93,7.95,8.01,7.97,8.70,8.93,9.52,10.27,10.74,11.66,12.96,13.97,14.65,15.34,16.05,16.79,18.10,19.70,20.94,21.55,21.59,21.59,21.61,21.65,21.71,21.54,21.44,21.24,20.82,20.30,19.91,19.49,19.03,18.70,18.65,18.81,18.98,18.88,17.90,17.68,17.71,17.72,17.81,17.37,17.07,16.95,16.89,17.48,17.64,17.91,18.63,18.64,18.67,18.66,18.67,18.89,18.31,17.88,17.33,16.30,16.33,15.56,15.01,15.25,16.49,16.89,16.89,16.66,16.38,15.64,14.75,13.82,12.98,12.65,12.35,12.02,11.69,11.45,11.10,10.81,10.55,10.32,10.10,9.88,9.63,9.22,8.10,5.75,4.61,2.06,2.05,2.05,2.05,2.05,2.06,2.06,2.06,2.06,2.05,2.05,2.05,2.06,2.58,4.15,4.95,7.39,6.93,8.24,9.59,10.76,11.52,11.82,11.70,11.54,11.32,11.06,10.82,10.47,9.97,9.45,8.84,7.81,8.03,7.90,7.50,7.28,7.31,7.31
28.52,28.44,28.36,28.03,27.43,27.24,27.38,27.46,27.55,27.59,27.61,27.60,27.47,27.35,27.23,27.09,26.95,26.89,26.92,27.14,27.67,27.91,27.19,26.26,25.60,25.51,25.48,25.45,25.42,25.38,25.35,25.32,25.27,25.19,25.12,25.06,25.01,24.96,24.89,24.90,24.96,25.05,25.16,25.29,25.14,24.90,24.68,24.54,24.67,24.88,25.02,24.88,24.71,24.52,24.32,24.13,23.93,23.74,23.47,23.16,23.01,22.71,22.54,22.47,22.37,22.16,22.10,22.13,22.16,22.06,22.10,22.13,22.14,22.20,22.21,22.24,22.38,22.69,22.99,23.23,23.37,23.40,23.38,23.43,23.52,23.69,23.98,24.25,24.46,24.65,24.81,24.61,24.49,24.34,24.19,24.02,23.84,23.61,23.53,23.71,23.74,23.77,23.78,23.77,23.73,23.79,23.86,23.89,23.87,23.76,23.65,23.18,22.12,20.50,18.87,17.23,15.61,14.04,12.58,11.28,10.49,9.16,8.37,8.07,7.97,7.94,7.93,7.93,7.93,7.95,8.03,7.97,8.95,9.62,10.58,11.39,12.19,13.35,14.78,15.95,16.72,17.46,18.22,19.03,19.91,21.00,21.65,21.70,21.69,21.67,21.69,21.73,21.71,21.58,21.56,21.37,20.86,20.20,19.79,19.46,19.13,18.75,18.64,18.66,18.80,18.99,18.55,18.45,18.41,18.30,18.32,17.99,17.78,17.73,17.76,18.45,18.79,18.95,19.00,18.41,18.42,18.45,18.46,18.76,18.61,18.45,18.56,19.13,19.15,18.38,17.54,17.12,17.61,17.56,17.38,17.07,16.47,15.57,14.63,13.85,13.35,13.00,12.64,12.28,11.92,11.57,11.23,10.92,10.64,10.39,10.17,9.94,9.69,9.31,8.35,5.99,4.83,2.08,2.06,2.05,2.05,2.05,2.06,2.06,2.05,2.05,2.05,2.06,2.07,2.06,2.05,2.05,2.22,4.05,4.84,6.69,8.60,10.30,10.15,9.36,9.47,10.20,10.88,11.38,11.64,11.54,11.22,10.82,10.27,9.29,9.52,9.29,8.73,8.28,8.11,7.93
28.59,28.50,28.35,27.59,26.86,26.76,27.12,27.43,27.62,27.66,27.64,27.60,27.40,27.27,27.12,26.97,26.86,26.80,26.78,26.97,27.53,27.70,27.08,26.25,25.59,25.39,25.36,25.35,25.31,25.28,25.25,25.19,25.12,25.04,24.97,24.95,24.94,24.95,24.93,24.87,24.90,25.01,25.20,25.18,25.10,24.94,24.71,24.59,24.76,24.99,25.11,24.88,24.72,24.54,24.34,24.14,23.94,23.76,23.48,23.12,22.78,22.53,22.51,22.54,22.38,22.15,22.10,22.16,22.24,22.08,22.07,22.12,22.17,22.15,22.12,22.29,22.47,22.50,22.75,23.17,23.49,23.62,23.61,23.68,23.76,23.89,24.08,24.33,24.53,24.72,24.86,24.61,24.49,24.34,24.18,23.97,23.76,23.56,23.54,23.83,23.86,23.87,23.85,23.78,23.74,23.81,23.87,23.87,23.79,23.68,23.58,23.01,21.73,20.18,18.59,16.98,15.44,14.07,12.87,11.36,10.27,8.28,8.16,8.03,7.95,7.94,7.92,7.93,7.94,7.95,7.98,7.94,8.88,10.19,11.51,12.46,13.70,15.11,16.57,17.91,18.82,19.63,20.43,21.27,21.62,21.70,21.72,21.76,21.78,21.75,21.77,21.79,21.69,21.73,21.76,21.53,20.88,19.99,19.51,19.25,19.08,18.85,18.68,18.57,18.55,18.62,18.77,18.92,18.96,18.88,18.84,18.88,18.87,18.86,18.93,18.87,18.54,18.28,18.33,18.25,18.60,18.78,18.63,18.23,17.39,16.69,17.05,19.26,19.24,19.09,18.89,18.65,18.29,18.00,17.61,17.03,16.20,15.24,14.40,13.79,13.44,13.09,12.73,12.36,12.00,11.64,11.31,11.00,10.71,10.44,10.22,9.99,9.74,9.40,8.71,6.31,5.10,2.12,2.07,2.06,2.06,2.06,2.06,2.05,2.05,2.05,2.06,2.07,2.08,2.07,2.06,2.06,2.08,2.11,2.17,2.26,2.33,2.54,3.39,4.52,4.95,7.02,9.08,10.83,12.01,12.02,11.90,11.78,11.71,11.71,11.74,11.45,10.89,10.23,9.64,9.13
28.72,28.54,28.16,27.38,26.82,26.77,27.08,27.41,27.68,27.76,27.72,27.63,27.41,27.21,27.03,26.87,26.75,26.73,26.74,26.82,27.04,27.34,26.96,26.28,25.61,25.35,25.28,25.25,25.23,25.17,25.15,25.13,25.11,25.09,25.07,25.07,25.08,25.08,25.03,24.90,24.87,24.93,25.04,25.01,24.97,24.86,24.71,24.67,24.86,25.06,25.13,24.87,24.73,24.55,24.35,24.16,23.96,23.79,23.52,23.14,22.78,22.46,22.41,22.47,22.38,22.16,22.10,22.13,22.17,22.08,22.08,22.13,22.18,22.14,22.21,22.38,22.46,22.34,22.58,22.99,23.40,23.70,23.84,23.93,24.03,24.13,24.26,24.41,24.58,24.75,24.88,24.64,24.49,24.31,24.13,23.93,23.72,23.56,23.57,23.84,23.95,23.95,23.89,23.82,23.78,23.82,23.84,23.84,23.77,23.72,23.32,22.56,21.46,20.07,18.51,16.96,15.47,14.07,12.69,11.64,9.48,8.06,8.03,7.98,7.94,7.93,7.91,7.92,7.95,8.19,8.84,8.98,10.13,11.62,12.93,14.08,15.55,17.01,18.30,19.22,20.51,21.23,21.52,21.65,21.80,21.82,21.81,21.83,21.85,21.85,21.88,21.91,21.89,21.94,21.98,21.69,20.91,19.98,19.33,18.96,18.84,18.84,18.75,18.64,18.56,18.55,18.58,18.65,18.72,18.77,18.75,18.76,18.76,18.83,19.10,18.67,18.38,18.26,18.29,18.36,18.91,19.24,19.24,19.13,18.49,18.11,18.33,19.31,19.27,19.17,19.02,18.80,18.41,17.81,17.23,16.58,15.65,14.95,14.38,13.93,13.57,13.18,12.79,12.40,12.00,11.64,11.30,10.99,10.72,10.47,10.24,10.02,9.77,9.45,8.92,6.99,5.21,3.35,2.08,2.06,2.05,2.05,2.05,2.05,2.06,2.07,2.07,2.06,2.07,2.07,2.07,2.07,2.07,2.06,2.06,2.05,2.06,2.12,2.47,2.95,3.13,4.02,4.97,5.90,6.73,7.32,7.82,9.10,10.44,11.44,11.82,11.79,11.54,11.29,11.10,10.75
28.73,28.48,27.96,27.28,26.85,26.82,27.10,27.41,27.71,27.83,27.80,27.66,27.41,27.17,26.96,26.78,26.64,26.66,26.68,26.71,26.73,27.00,26.82,26.31,25.67,25.38,25.27,25.23,25.21,25.15,25.14,25.15,25.16,25.18,25.20,25.21,25.23,25.22,25.13,24.96,24.89,24.89,24.91,24.87,24.82,24.76,24.68,24.75,24.96,25.12,25.14,24.86,24.73,24.56,24.36,24.17,23.98,23.82,23.55,23.18,22.80,22.46,22.39,22.44,22.39,22.16,22.09,22.10,22.11,22.08,22.10,22.14,22.17,22.12,22.25,22.41,22.44,22.27,22.56,22.99,23.46,23.89,24.15,24.25,24.32,24.36,24.38,24.45,24.59,24.75,24.86,24.66,24.49,24.29,24.09,23.90,23.70,23.57,23.60,23.83,23.97,23.97,23.91,23.85,23.80,23.83,23.84,23.83,23.78,23.75,23.10,22.17,21.17,19.92,18.44,16.93,15.45,13.99,12.47,11.92,9.26,7.92,7.94,7.94,7.95,7.97,8.05,8.18,8.44,8.95,9.82,10.49,11.82,13.30,14.57,15.84,17.42,18.98,20.27,20.88,22.15,22.57,22.33,21.83,21.87,21.89,21.91,21.91,21.93,21.98,22.03,22.08,22.11,22.16,22.18,21.83,20.95,20.00,19.20,18.73,18.62,18.73,18.71,18.63,18.55,18.50,18.44,18.44,18.50,18.60,18.58,18.57,18.57,18.68,19.01,18.47,18.29,18.28,18.29,18.40,18.91,19.25,19.33,19.45,19.18,19.15,19.25,19.28,19.24,19.15,19.01,18.80,18.42,17.59,16.84,16.13,15.29,14.81,14.45,14.10,13.71,13.28,12.91,12.51,12.10,11.70,11.27,10.95,10.70,10.46,10.25,10.03,9.78,9.48,9.07,7.68,5.57,3.61,2.14,2.06,2.04,2.04,2.04,2.04,2.06,2.07,2.07,2.06,2.06,2.06,2.07,2.08,2.06,2.06,2.06,2.05,2.06,2.06,2.06,2.07,2.06,2.05,2.12,2.35,2.77,3.27,4.89,7.15,9.46,11.14,10.39,10.25,10.64,11.21,11.74,11.86
28.48,28.22,27.74,27.34,26.95,26.93,27.19,27.45,27.70,27.88,27.88,27.66,27.41,27.16,26.93,26.70,26.53,26.55,26.57,26.64,26.81,26.71,26.64,26.35,25.79,25.52,25.41,25.36,25.34,25.30,25.29,25.29,25.31,25.32,25.34,25.36,25.37,25.36,25.24,25.06,24.97,24.93,24.90,24.79,24.68,24.60,24.60,24.81,25.05,25.18,25.12,24.85,24.74,24.57,24.37,24.18,24.02,23.86,23.59,23.21,22.84,22.60,22.49,22.47,22.42,22.16,22.07,22.09,22.12,22.09,22.14,22.16,22.14,22.09,22.14,22.31,22.42,22.38,22.80,23.34,23.86,24.30,24.59,24.67,24.66,24.57,24.36,24.42,24.55,24.69,24.80,24.66,24.49,24.29,24.09,23.89,23.69,23.59,23.64,23.80,23.85,23.88,23.89,23.86,23.78,23.84,23.88,23.88,23.81,23.73,23.01,21.98,20.86,19.70,18.33,16.85,15.30,13.76,12.20,11.64,9.08,7.87,7.93,7.95,7.98,8.10,8.50,9.36,10.05,11.20,12.73,13.26,14.18,15.33,16.56,17.81,19.29,21.06,22.74,23.33,23.73,23.48,22.76,21.91,21.95,21.97,21.98,21.99,22.02,22.16,22.25,22.29,22.33,22.38,22.34,21.93,20.99,20.04,19.15,18.61,18.45,18.45,18.46,18.45,18.43,18.45,18.47,18.44,18.41,18.38,18.34,18.35,18.38,18.45,18.55,18.38,18.31,18.29,18.26,18.24,18.31,18.35,18.35,18.43,18.74,18.96,19.07,19.10,19.11,19.04,18.92,18.73,18.32,17.41,16.50,15.77,15.31,14.99,14.66,14.29,13.87,13.40,13.11,12.78,12.37,11.89,11.25,10.84,10.60,10.38,10.20,10.01,9.78,9.49,9.11,8.33,6.54,4.25,2.33,2.08,2.04,2.04,2.03,2.03,2.06,2.07,2.06,2.04,2.05,2.06,2.07,2.06,2.06,2.06,2.07,2.06,2.06,2.07,2.07,2.06,2.07,2.06,2.06,2.11,2.21,2.24,2.50,2.86,3.33,4.12,4.94,5.30,6.90,9.04,10.80,11.92
28.22,28.00,27.61,27.31,26.97,26.98,27.25,27.50,27.74,27.91,27.89,27.66,27.39,27.14,26.90,26.66,26.44,26.49,26.52,26.67,27.11,26.80,26.65,26.41,26.01,25.76,25.63,25.57,25.56,25.56,25.57,25.56,25.55,25.54,25.53,25.52,25.52,25.49,25.36,25.26,25.21,25.20,25.22,25.18,25.03,24.85,24.74,24.85,25.13,25.23,25.12,24.85,24.73,24.57,24.39,24.20,24.07,23.90,23.62,23.25,22.93,22.80,22.73,22.67,22.59,22.36,22.27,22.23,22.20,22.09,22.14,22.16,22.12,22.08,22.09,22.25,22.42,22.52,23.00,23.60,24.13,24.47,24.65,24.71,24.70,24.60,24.35,24.39,24.51,24.65,24.75,24.67,24.50,24.30,24.10,23.90,23.70,23.64,23.71,23.83,23.83,23.86,23.87,23.86,23.78,23.87,23.92,23.93,23.89,23.77,23.17,22.16,20.89,19.72,18.17,16.31,14.41,13.07,11.76,11.29,8.93,7.90,7.92,8.01,8.70,9.96,10.68,11.96,12.47,13.80,15.18,15.94,16.63,17.51,18.70,19.93,21.26,22.76,24.11,24.46,24.30,23.68,22.81,21.99,22.02,22.04,22.05,22.08,22.14,22.35,22.49,22.56,22.55,22.60,22.48,21.98,21.04,20.15,19.41,18.91,18.66,18.60,18.59,18.54,18.48,18.46,18.45,18.41,18.38,18.37,18.33,18.33,18.34,18.37,18.38,18.35,18.33,18.30,18.27,18.23,18.19,18.15,18.12,18.14,18.37,18.50,18.53,18.53,18.61,18.66,18.65,18.55,18.19,17.36,16.49,15.81,15.50,15.23,14.91,14.57,14.22,13.87,13.56,13.21,12.77,12.21,11.48,10.87,10.46,10.27,10.10,9.92,9.71,9.47,9.13,8.61,7.35,5.52,3.68,2.69,2.21,2.05,2.04,2.04,2.05,2.05,2.05,2.05,2.06,2.06,2.06,2.06,2.06,2.07,2.07,2.05,2.05,2.07,2.07,2.06,2.07,2.06,2.05,2.06,2.06,2.05,2.05,2.05,2.11,2.44,3.06,4.04,5.94,8.49,10.56,8.97
27.91,27.79,27.53,27.26,26.97,27.01,27.30,27.55,27.78,27.92,27.88,27.65,27.37,27.12,26.88,26.63,26.38,26.45,26.51,26.76,27.47,27.07,26.78,26.52,26.25,26.04,25.89,25.82,25.82,25.85,25.88,25.87,25.83,25.80,25.76,25.72,25.68,25.63,25.52,25.51,25.51,25.55,25.63,25.70,25.52,25.24,24.98,24.92,25.17,25.26,25.11,24.84,24.72,24.58,24.40,24.22,24.11,23.94,23.65,23.30,23.06,23.04,23.01,22.94,22.81,22.63,22.54,22.46,22.34,22.14,22.15,22.15,22.10,22.08,22.09,22.23,22.44,22.67,23.16,23.82,24.32,24.54,24.58,24.63,24.64,24.57,24.34,24.37,24.47,24.60,24.70,24.68,24.52,24.31,24.11,23.92,23.72,23.69,23.79,23.90,23.87,23.86,23.87,23.88,23.80,23.89,23.95,23.98,23.98,23.84,23.41,22.49,21.08,19.85,18.01,15.68,13.37,12.14,11.30,10.98,8.71,7.94,7.91,8.12,9.66,12.30,13.37,14.35,15.39,16.45,17.40,18.43,19.04,19.75,20.88,22.04,23.25,24.34,25.07,25.03,24.41,23.55,22.69,22.08,22.10,22.11,22.12,22.16,22.29,22.54,22.75,22.84,22.78,22.82,22.60,22.03,21.11,20.33,19.79,19.34,19.00,18.92,18.85,18.74,18.62,18.54,18.44,18.39,18.39,18.43,18.40,18.38,18.36,18.34,18.34,18.35,18.34,18.31,18.28,18.26,18.22,18.19,18.15,18.10,18.07,18.03,17.98,17.93,18.06,18.21,18.30,18.28,17.98,17.31,16.58,15.99,15.75,15.48,15.19,14.93,14.74,14.53,14.13,13.68,13.18,12.59,11.80,10.98,10.35,10.14,9.97,9.81,9.63,9.42,9.13,8.74,8.02,6.91,5.42,3.63,2.59,2.13,2.05,2.04,2.04,2.04,2.04,2.06,2.06,2.06,2.06,2.06,2.06,2.07,2.07,2.04,2.04,2.07,2.07,2.07,2.06,2.05,2.06,2.07,2.06,2.05,2.05,2.05,2.06,2.04,2.05,2.05,2.06,2.04,2.04,2.86
27.43,27.61,27.52,27.33,27.01,27.05,27.35,27.59,27.74,27.86,27.84,27.61,27.36,27.12,26.88,26.63,26.34,26.41,26.61,27.02,27.72,27.56,27.20,26.80,26.46,26.31,26.15,26.06,26.06,26.09,26.12,26.14,26.15,26.15,26.11,26.02,25.91,25.82,25.81,25.82,25.83,25.85,25.88,26.03,25.90,25.63,25.35,25.12,25.09,25.13,25.10,24.83,24.72,24.58,24.42,24.25,24.16,23.98,23.69,23.38,23.37,23.34,23.28,23.19,23.09,22.91,22.86,22.80,22.68,22.44,22.25,22.14,22.11,22.11,22.29,22.41,22.52,22.68,23.25,23.95,24.38,24.45,24.50,24.55,24.56,24.50,24.33,24.33,24.41,24.52,24.64,24.69,24.53,24.32,24.12,23.93,23.74,23.72,23.83,24.01,23.94,23.90,23.89,23.90,23.86,23.89,23.95,24.01,24.00,23.89,23.66,22.90,21.46,20.08,17.90,15.39,12.85,10.69,9.82,8.87,8.10,7.86,7.86,8.42,10.62,14.12,15.68,16.85,17.82,18.61,19.19,20.11,21.05,22.03,23.02,23.81,25.21,26.01,25.89,24.95,23.84,22.95,22.38,22.18,22.19,22.19,22.19,22.24,22.50,22.78,23.03,23.17,23.06,23.05,22.73,22.13,21.37,20.77,20.23,19.73,19.35,19.28,19.14,19.01,18.90,18.80,18.66,18.59,18.55,18.52,18.46,18.43,18.39,18.35,18.37,18.37,18.35,18.34,18.33,18.29,18.26,18.22,18.19,18.15,18.11,18.07,18.03,17.97,17.91,17.86,17.78,17.62,17.31,16.94,16.57,16.24,16.02,15.80,15.61,15.60,15.81,15.65,14.90,14.09,13.42,12.99,12.19,11.31,10.50,9.95,9.84,9.69,9.53,9.34,9.09,8.76,8.28,7.60,6.64,5.29,4.08,3.11,2.04,2.05,2.04,2.04,2.04,2.05,2.07,2.07,2.07,2.07,2.06,2.06,2.06,2.05,2.05,2.07,2.07,2.05,2.05,2.05,2.07,2.07,2.05,2.07,2.06,2.05,2.05,2.05,2.05,2.05,2.05,2.03,2.05,2.18
26.04,26.55,26.74,26.94,26.93,27.08,27.36,27.54,27.70,27.82,27.79,27.56,27.33,27.10,26.86,26.62,26.36,26.38,26.63,27.15,27.93,27.96,27.57,27.07,26.67,26.50,26.37,26.31,26.30,26.34,26.37,26.39,26.40,26.38,26.18,26.07,25.99,25.96,26.03,26.07,26.09,26.11,26.12,26.25,26.11,25.84,25.52,25.22,24.98,24.95,25.01,24.81,24.71,24.59,24.44,24.28,24.21,24.02,23.79,23.61,23.66,23.61,23.53,23.44,23.34,23.19,23.16,23.13,23.02,22.78,22.51,22.31,22.23,22.25,22.42,22.55,22.65,22.80,23.33,24.03,24.41,24.40,24.42,24.47,24.48,24.44,24.32,24.30,24.35,24.45,24.59,24.71,24.56,24.37,24.17,23.98,23.80,23.75,23.83,24.04,23.96,23.91,23.90,23.92,23.93,23.93,23.97,24.02,24.04,23.97,23.81,23.15,21.80,20.20,17.55,14.78,12.14,9.62,8.91,8.27,7.83,7.83,7.83,8.79,11.35,15.12,17.40,18.89,19.86,20.49,20.97,21.79,22.82,23.93,25.02,26.07,26.99,27.13,26.37,24.91,23.56,22.70,22.31,22.27,22.27,22.27,22.27,22.31,22.53,22.84,23.24,23.53,23.42,23.32,22.94,22.38,21.74,21.22,20.62,20.08,19.70,19.64,19.43,19.28,19.17,19.05,18.89,18.81,18.76,18.70,18.63,18.58,18.52,18.46,18.46,18.41,18.38,18.36,18.35,18.32,18.30,18.27,18.24,18.21,18.17,18.12,18.07,17.99,17.85,17.71,17.55,17.36,17.10,16.89,16.69,16.49,16.29,16.11,16.21,16.58,17.09,16.87,15.95,14.87,13.89,13.21,12.39,11.48,10.60,9.92,9.73,9.57,9.42,9.26,9.04,8.76,8.42,8.00,7.41,6.47,4.95,3.77,2.49,2.15,2.06,2.05,2.05,2.05,2.07,2.07,2.08,2.07,2.06,2.05,2.05,2.06,2.06,2.06,2.05,2.04,2.05,2.06,2.06,2.06,2.05,2.07,2.06,2.06,2.05,2.05,2.05,2.05,2.05,2.03,2.05,2.05
23.95,24.80,25.36,26.19,26.73,27.12,27.35,27.40,27.65,27.78,27.74,27.51,27.28,27.05,26.82,26.60,26.42,26.35,26.58,27.17,28.11,28.27,27.89,27.35,26.89,26.63,26.58,26.55,26.54,26.58,26.61,26.62,26.60,26.52,26.03,25.91,25.96,26.08,26.21,26.28,26.31,26.33,26.35,26.39,26.20,25.89,25.54,25.24,24.84,24.74,24.85,24.80,24.70,24.59,24.46,24.32,24.25,24.06,23.95,23.96,23.95,23.87,23.78,23.68,23.59,23.46,23.46,23.46,23.37,23.14,22.89,22.63,22.45,22.46,22.50,22.64,22.83,23.02,23.41,24.06,24.41,24.36,24.34,24.38,24.40,24.38,24.31,24.27,24.30,24.39,24.54,24.72,24.60,24.43,24.25,24.08,23.90,23.78,23.80,24.02,23.94,23.91,23.91,23.93,23.99,23.98,23.99,24.03,24.09,24.06,23.88,23.29,22.11,20.25,17.00,13.91,11.29,8.85,8.34,8.01,7.82,7.84,7.82,10.21,11.94,15.47,18.64,20.56,21.59,22.14,22.74,23.49,24.41,25.53,26.91,28.72,28.63,27.81,26.59,24.90,23.50,22.74,22.44,22.34,22.35,22.35,22.35,22.37,22.41,22.76,23.39,23.93,23.84,23.61,23.22,22.74,22.22,21.70,20.99,20.40,20.06,20.00,19.73,19.57,19.44,19.27,19.14,19.06,19.01,18.95,18.87,18.82,18.73,18.63,18.60,18.48,18.42,18.39,18.36,18.37,18.36,18.34,18.31,18.29,18.24,18.18,18.11,18.00,17.87,17.72,17.56,17.40,17.26,17.10,16.92,16.75,16.57,16.40,16.95,17.81,18.54,18.18,17.23,15.96,14.55,13.28,12.45,11.54,10.66,10.01,9.64,9.44,9.31,9.17,8.98,8.75,8.47,8.16,7.82,7.29,6.07,4.61,3.34,2.32,2.08,2.07,2.07,2.06,2.06,2.07,2.07,2.06,2.07,2.06,2.05,2.06,2.05,2.04,2.04,2.05,2.06,2.06,2.05,2.05,2.06,2.05,2.05,2.05,2.06,2.06,2.05,2.05,2.06,2.04,2.04,2.04
21.84,22.79,23.60,24.45,25.31,26.07,26.72,27.31,27.59,27.73,27.70,27.47,27.23,27.04,26.85,26.65,26.46,26.33,26.48,26.93,27.60,28.06,28.02,27.69,27.24,26.95,26.67,26.54,26.57,26.69,26.70,26.63,26.51,26.37,26.05,25.99,26.06,26.19,26.33,26.43,26.50,26.54,26.56,26.53,26.31,25.98,25.62,25.28,24.80,24.68,24.80,24.66,24.62,24.56,24.47,24.34,24.29,24.23,24.23,24.26,24.20,24.11,24.02,23.93,23.83,23.72,23.74,23.75,23.69,23.53,23.28,23.04,22.83,22.72,22.74,22.87,23.06,23.24,23.49,24.08,24.42,24.36,24.31,24.32,24.32,24.29,24.21,24.17,24.27,24.42,24.58,24.71,24.61,24.48,24.33,24.17,23.99,23.84,23.80,23.92,23.89,23.90,23.93,23.95,23.94,23.95,23.98,24.02,24.08,24.05,23.86,23.31,22.21,20.19,16.92,13.37,10.49,8.31,8.07,7.96,7.89,7.86,7.83,11.30,12.81,16.02,19.09,20.97,22.30,23.28,24.01,25.19,26.54,27.57,28.00,28.06,27.31,26.35,25.38,24.51,23.37,22.83,22.66,22.55,22.50,22.44,22.41,22.42,22.49,23.05,23.63,24.00,23.93,23.80,23.56,23.19,22.69,22.19,21.36,20.72,20.39,20.26,20.00,19.82,19.68,19.50,19.39,19.32,19.26,19.20,19.15,19.07,18.96,18.82,18.63,18.72,18.76,18.72,18.61,18.51,18.46,18.41,18.36,18.35,18.29,18.23,18.15,18.05,17.92,17.80,17.67,17.54,17.43,17.29,17.13,16.98,16.83,16.66,17.41,18.44,19.16,19.27,18.33,16.88,15.26,13.85,12.57,11.53,10.69,9.98,9.54,9.33,9.20,9.06,8.90,8.70,8.47,8.21,7.92,7.55,6.91,6.06,5.09,4.31,4.78,5.78,6.03,4.73,3.51,3.04,2.06,2.06,2.06,2.05,2.05,2.06,2.05,2.05,2.05,2.06,2.06,2.06,2.06,2.05,2.06,2.05,2.05,2.05,2.05,2.06,2.05,2.06,2.06,2.06,2.04,2.05
19.84,20.83,21.78,22.64,23.70,24.74,25.74,26.77,27.28,27.59,27.66,27.46,27.24,27.06,26.87,26.68,26.45,26.30,26.44,26.80,27.29,27.91,28.14,28.00,27.57,27.18,26.66,26.42,26.48,26.68,26.72,26.61,26.44,26.28,26.12,26.09,26.17,26.30,26.44,26.57,26.67,26.74,26.77,26.66,26.40,26.06,25.68,25.31,24.83,24.67,24.73,24.58,24.58,24.56,24.50,24.39,24.34,24.41,24.50,24.53,24.44,24.34,24.25,24.16,24.06,23.97,23.96,23.96,23.92,23.85,23.66,23.44,23.22,23.02,23.01,23.12,23.29,23.46,23.62,24.13,24.42,24.36,24.30,24.27,24.25,24.24,24.23,24.17,24.28,24.45,24.61,24.70,24.61,24.51,24.39,24.24,24.08,23.91,23.82,23.85,23.87,23.90,23.95,23.98,23.92,23.94,23.97,24.01,24.07,23.99,23.73,23.04,21.73,19.51,16.35,12.66,9.60,7.98,7.91,7.93,7.93,7.88,7.85,11.48,13.51,16.60,19.58,21.36,22.92,24.27,25.20,26.86,28.31,28.90,28.29,26.93,25.97,25.14,24.46,24.11,23.37,23.04,22.96,22.85,22.72,22.60,22.50,22.47,22.63,23.31,23.81,24.02,23.97,23.91,23.82,23.59,23.16,22.62,21.71,21.05,20.73,20.49,20.26,20.08,19.91,19.74,19.65,19.57,19.51,19.45,19.42,19.31,19.12,18.88,18.65,18.88,18.99,18.99,18.87,18.71,18.64,18.58,18.51,18.48,18.45,18.37,18.28,18.21,18.10,17.95,17.81,17.69,17.60,17.48,17.35,17.20,17.04,16.90,17.76,18.88,19.60,20.11,19.25,17.76,16.06,14.52,12.85,11.57,10.64,9.90,9.44,9.23,9.10,8.95,8.80,8.63,8.44,8.22,7.98,7.71,7.46,7.06,6.45,5.97,5.87,6.10,6.27,5.24,4.28,4.35,3.09,3.07,3.03,2.48,2.05,2.06,2.05,2.05,2.06,2.06,2.06,2.07,2.07,2.06,2.06,2.05,2.05,2.05,2.05,2.06,2.06,2.06,2.07,2.07,2.05,2.05
18.05,18.97,19.87,20.76,21.85,23.01,24.22,25.46,26.55,27.31,27.64,27.53,27.32,27.12,26.90,26.64,26.34,26.26,26.48,26.90,27.36,27.92,28.25,28.24,27.86,27.23,26.46,26.13,26.23,26.49,26.62,26.54,26.40,26.31,26.23,26.21,26.27,26.41,26.54,26.68,26.81,26.92,26.98,26.78,26.47,26.10,25.72,25.34,24.98,24.75,24.64,24.60,24.61,24.60,24.56,24.47,24.38,24.60,24.75,24.74,24.64,24.54,24.45,24.36,24.26,24.18,24.10,24.04,24.02,24.05,24.00,23.83,23.59,23.39,23.32,23.38,23.52,23.69,23.83,24.22,24.43,24.37,24.31,24.24,24.19,24.24,24.47,24.35,24.39,24.50,24.60,24.68,24.60,24.51,24.40,24.27,24.14,23.99,23.88,23.86,23.89,23.93,23.98,24.01,23.97,23.98,23.98,24.00,24.09,23.87,23.41,22.28,20.27,17.76,14.90,11.60,8.84,7.96,7.93,7.94,7.93,7.89,7.91,10.58,13.82,17.22,20.20,21.82,23.44,25.04,26.28,28.49,29.44,29.01,27.29,25.23,24.77,24.51,24.10,23.74,23.56,23.47,23.38,23.26,23.06,22.87,22.66,22.52,22.84,23.48,23.87,23.99,23.94,23.91,23.93,23.87,23.62,22.94,22.00,21.37,21.06,20.68,20.51,20.32,20.14,19.99,19.91,19.83,19.75,19.68,19.65,19.54,19.15,18.72,18.68,18.89,19.03,19.11,19.15,18.97,18.94,18.89,18.81,18.76,18.80,18.69,18.57,18.58,18.49,18.25,18.01,17.85,17.77,17.67,17.56,17.41,17.21,17.12,17.95,19.01,19.76,20.54,19.88,18.59,17.03,15.34,13.40,11.69,10.42,9.74,9.33,9.13,8.99,8.84,8.70,8.54,8.38,8.19,7.98,7.75,7.50,7.26,7.04,6.96,6.94,6.94,6.90,6.62,6.34,6.37,6.52,6.41,6.28,3.64,2.06,2.05,2.06,2.06,2.05,2.05,2.06,2.06,2.07,2.07,2.06,2.06,2.05,2.05,2.06,2.06,2.06,2.06,2.06,2.06,2.05,2.05
16.24,17.21,18.14,19.10,20.24,21.45,22.69,23.93,25.25,26.43,27.25,27.54,27.28,27.02,26.76,26.46,26.15,26.25,26.57,27.00,27.44,27.92,28.16,28.05,27.57,26.90,26.16,25.77,25.76,25.99,26.39,26.45,26.38,26.34,26.29,26.29,26.37,26.50,26.63,26.77,26.90,26.98,26.98,26.77,26.46,26.10,25.72,25.33,25.08,24.84,24.65,24.63,24.64,24.63,24.59,24.53,24.44,24.54,24.66,24.73,24.69,24.60,24.50,24.41,24.32,24.28,24.18,24.11,24.12,24.17,24.19,24.13,23.99,23.76,23.66,23.66,23.75,23.92,24.05,24.32,24.44,24.38,24.33,24.28,24.28,24.37,24.51,24.45,24.45,24.50,24.59,24.67,24.59,24.50,24.40,24.29,24.16,24.03,23.93,23.90,23.92,23.97,24.00,24.01,24.01,24.01,24.01,24.02,24.03,23.69,22.74,21.20,19.09,16.52,13.72,11.41,8.67,7.95,7.93,7.94,7.93,7.93,8.80,11.20,14.43,17.70,20.81,22.34,23.88,25.57,27.24,28.96,29.10,28.00,26.15,24.68,24.46,24.40,24.23,23.97,23.93,23.87,23.75,23.58,23.36,23.14,22.99,23.00,23.48,23.82,24.00,24.05,23.99,23.85,23.95,24.01,23.80,23.05,22.18,21.62,21.34,20.93,20.74,20.55,20.37,20.25,20.17,20.08,20.00,19.93,19.88,19.77,19.20,18.58,18.70,18.85,19.00,19.14,19.26,19.22,19.15,19.12,19.12,19.05,19.33,19.18,18.90,18.92,18.87,18.55,18.23,18.03,17.96,17.85,17.74,17.60,17.43,17.69,18.43,19.38,20.32,21.18,20.52,19.30,17.87,16.19,13.86,11.64,10.05,9.59,9.29,9.14,9.01,8.83,8.64,8.46,8.31,8.15,7.95,7.74,7.49,7.28,7.19,7.20,7.20,7.17,7.10,6.99,6.85,6.72,6.59,6.47,6.34,4.71,3.12,2.38,2.10,2.05,2.05,2.06,2.06,2.06,2.06,2.06,2.06,2.06,2.06,2.06,2.06,2.06,2.05,2.05,2.06,2.06,2.05,2.06
14.47,15.52,16.48,17.53,18.74,19.96,21.19,22.44,23.92,25.48,26.78,27.49,27.18,26.88,26.57,26.27,25.96,26.25,26.63,27.05,27.47,27.87,27.95,27.69,27.11,26.45,25.83,25.44,25.33,25.48,26.08,26.31,26.35,26.38,26.33,26.35,26.44,26.57,26.70,26.84,26.95,26.99,26.89,26.70,26.43,26.09,25.71,25.33,25.16,24.94,24.71,24.68,24.67,24.65,24.61,24.58,24.51,24.46,24.51,24.65,24.68,24.61,24.52,24.43,24.35,24.35,24.26,24.19,24.20,24.26,24.32,24.36,24.34,24.15,24.04,23.97,23.98,24.11,24.24,24.40,24.46,24.41,24.37,24.32,24.39,24.50,24.50,24.50,24.48,24.50,24.59,24.66,24.58,24.49,24.39,24.29,24.17,24.05,23.96,23.94,23.95,24.01,24.03,24.01,24.04,24.04,24.05,24.04,23.93,23.44,21.94,20.00,17.98,15.42,12.62,11.04,7.97,7.94,7.93,7.94,7.93,7.99,10.08,12.35,15.35,18.38,21.49,22.88,24.25,25.94,28.10,29.12,28.49,26.95,25.24,24.52,24.41,24.45,24.46,24.34,24.31,24.22,24.08,23.86,23.65,23.42,23.35,23.54,24.08,24.11,24.11,24.11,24.06,23.79,23.92,24.04,23.80,23.02,22.27,21.79,21.53,21.16,20.96,20.77,20.60,20.51,20.43,20.33,20.24,20.17,20.11,19.98,19.26,18.48,18.71,18.81,18.96,19.13,19.31,19.42,19.33,19.32,19.40,19.34,19.78,19.59,19.19,19.19,19.19,18.80,18.42,18.23,18.14,18.03,17.91,17.78,17.65,18.26,18.90,19.75,20.90,21.81,21.17,20.03,18.69,17.01,14.27,11.56,9.69,9.41,9.29,9.19,9.06,8.86,8.61,8.40,8.24,8.11,7.91,7.71,7.46,7.26,7.21,7.21,7.22,7.20,7.14,7.05,6.91,6.79,6.68,6.54,6.40,5.66,4.46,3.11,2.58,2.47,2.47,2.44,2.28,2.16,2.08,2.05,2.06,2.05,2.06,2.06,2.06,2.05,2.04,2.05,2.05,2.06,2.05,2.06
12.88,13.96,14.97,16.03,17.41,18.65,19.86,21.41,23.21,24.94,26.38,27.30,27.01,26.72,26.44,26.16,25.95,26.22,26.56,26.91,27.26,27.58,27.49,27.13,26.60,25.94,25.53,25.34,25.32,25.39,25.59,25.95,26.29,26.44,26.36,26.35,26.41,26.53,26.72,26.87,26.93,26.88,26.69,26.56,26.36,26.07,25.70,25.42,25.27,25.09,24.88,24.78,24.71,24.67,24.65,24.62,24.61,24.53,24.48,24.50,24.64,24.60,24.52,24.45,24.41,24.40,24.32,24.27,24.29,24.35,24.41,24.46,24.52,24.63,24.54,24.37,24.23,24.17,24.26,24.45,24.54,24.50,24.46,24.34,24.37,24.47,24.45,24.46,24.45,24.48,24.58,24.64,24.57,24.48,24.38,24.28,24.18,24.06,23.97,23.95,23.97,24.02,24.04,24.03,24.03,24.04,24.08,24.04,23.77,22.97,20.94,18.71,16.84,14.32,11.50,9.42,8.04,7.92,7.94,7.95,7.92,8.03,11.98,14.26,17.25,20.12,22.47,23.44,24.40,25.95,28.65,29.32,28.63,27.18,25.57,24.58,24.44,24.49,24.53,24.52,24.47,24.38,24.26,24.12,23.92,23.70,23.64,23.78,23.97,24.01,24.06,24.11,24.09,23.78,23.77,23.70,23.32,22.67,22.14,21.70,21.38,21.29,21.16,21.00,20.85,20.77,20.69,20.58,20.48,20.40,20.34,20.14,19.34,18.49,18.69,18.78,18.93,19.11,19.29,19.45,19.50,19.50,19.51,19.65,19.62,19.39,19.18,19.20,19.17,18.84,18.54,18.41,18.32,18.20,18.07,17.93,17.77,18.37,18.97,19.81,21.05,22.16,21.90,20.97,19.58,17.62,14.57,11.62,9.56,9.12,9.35,9.31,9.14,8.92,8.63,8.39,8.19,8.01,7.79,7.64,7.43,7.27,7.21,7.18,7.18,7.16,7.09,7.01,6.89,6.80,6.70,6.58,6.46,6.16,5.72,5.24,4.99,4.87,4.80,4.50,3.89,2.95,2.26,2.05,2.05,2.06,2.05,2.05,2.05,2.05,2.05,2.06,2.06,2.06,2.06,2.06
11.47,12.58,13.63,14.76,16.20,17.50,18.85,20.71,22.83,24.81,26.26,26.91,26.76,26.58,26.35,26.09,25.90,26.17,26.46,26.74,27.00,27.23,27.08,26.69,26.17,25.61,25.39,25.30,25.30,25.37,25.39,25.65,25.95,26.09,26.24,26.34,26.41,26.50,26.66,26.79,26.79,26.67,26.49,26.39,26.24,26.01,25.71,25.51,25.40,25.25,25.06,24.91,24.84,24.82,24.79,24.73,24.70,24.62,24.53,24.49,24.61,24.60,24.55,24.49,24.47,24.45,24.38,24.35,24.38,24.44,24.48,24.52,24.60,24.82,24.74,24.57,24.36,24.19,24.20,24.45,24.60,24.58,24.50,24.35,24.36,24.44,24.41,24.41,24.39,24.44,24.57,24.62,24.55,24.46,24.37,24.27,24.18,24.08,24.00,23.95,23.98,24.03,24.05,24.03,24.02,24.04,24.10,24.03,23.61,22.51,20.12,17.63,15.66,13.22,10.58,8.82,8.12,7.93,7.97,7.96,8.12,8.83,13.77,15.86,18.55,21.05,22.88,23.78,24.71,26.15,28.59,29.03,28.48,27.12,25.35,24.56,24.47,24.52,24.56,24.59,24.52,24.43,24.32,24.20,24.04,23.86,23.80,23.86,23.89,23.91,23.92,23.90,23.80,23.37,23.13,22.92,22.62,22.24,21.96,21.61,21.28,21.29,21.24,21.19,21.12,21.03,20.94,20.84,20.73,20.65,20.56,20.15,19.30,18.50,18.63,18.75,18.91,19.09,19.27,19.44,19.58,19.63,19.65,19.84,19.44,19.17,19.07,19.07,19.05,18.84,18.65,18.56,18.47,18.36,18.24,18.11,17.95,18.33,18.96,19.92,21.20,22.27,22.36,21.78,20.44,17.76,14.56,11.63,9.51,8.71,8.97,9.00,8.93,8.83,8.54,8.33,8.13,7.95,7.79,7.60,7.45,7.34,7.28,7.17,7.10,7.03,6.97,6.89,6.80,6.72,6.62,6.52,6.43,6.32,6.20,6.09,5.97,5.85,5.75,5.45,4.51,3.86,3.41,3.20,3.20,3.24,3.03,2.66,2.25,2.13,2.06,2.05,2.06,2.05,2.06,2.06
10.18,11.34,12.42,13.67,15.07,16.45,18.04,20.25,22.67,24.95,26.34,26.40,26.46,26.46,26.31,26.04,25.82,26.09,26.34,26.53,26.70,26.84,26.72,26.35,25.81,25.42,25.35,25.31,25.29,25.38,25.38,25.41,25.42,25.44,25.99,26.31,26.44,26.46,26.54,26.62,26.55,26.40,26.29,26.19,26.09,25.93,25.71,25.61,25.53,25.41,25.24,25.07,25.03,25.04,25.01,24.88,24.79,24.72,24.64,24.58,24.58,24.60,24.58,24.55,24.54,24.52,24.45,24.42,24.48,24.52,24.55,24.55,24.59,24.81,24.73,24.61,24.43,24.19,24.10,24.42,24.66,24.65,24.51,24.37,24.36,24.40,24.37,24.36,24.32,24.37,24.56,24.61,24.54,24.45,24.36,24.26,24.16,24.10,24.03,23.94,23.99,24.04,24.05,24.01,24.01,24.03,24.10,24.01,23.45,22.04,19.44,16.70,14.46,12.11,9.81,8.53,8.25,7.96,8.03,7.99,8.47,10.17,15.47,17.22,19.43,21.42,22.90,23.96,25.12,26.48,28.09,28.40,28.12,26.86,24.74,24.49,24.51,24.55,24.57,24.59,24.50,24.41,24.30,24.16,24.04,23.93,23.87,23.84,23.82,23.81,23.73,23.55,23.28,22.66,22.15,21.84,21.77,21.76,21.73,21.51,21.20,21.20,21.24,21.35,21.41,21.28,21.19,21.09,20.99,20.91,20.79,20.07,19.18,18.51,18.54,18.71,18.89,19.07,19.25,19.42,19.59,19.72,19.82,19.96,19.25,18.93,18.90,18.86,18.85,18.82,18.76,18.68,18.60,18.52,18.41,18.30,18.18,18.20,18.90,20.05,21.35,22.21,22.65,22.51,21.27,17.57,14.34,11.62,9.53,8.22,8.29,8.39,8.53,8.63,8.39,8.25,8.08,7.91,7.86,7.59,7.48,7.45,7.39,7.18,6.98,6.85,6.80,6.73,6.66,6.57,6.48,6.37,6.34,6.25,6.15,6.06,5.96,5.84,5.73,5.63,5.56,5.40,5.25,5.17,5.17,5.26,4.71,3.71,2.66,2.27,2.07,2.02,2.06,2.04,2.06,2.05
9.01,10.38,11.63,12.98,14.44,16.11,18.10,20.52,23.05,24.95,25.95,26.00,26.01,26.00,25.94,25.83,25.76,25.96,26.08,26.16,26.30,26.43,26.40,26.22,25.91,25.46,25.39,25.38,25.38,25.40,25.42,25.43,25.45,25.53,25.66,25.85,26.04,26.22,26.34,26.37,26.35,26.28,26.18,26.08,25.99,25.89,25.78,25.71,25.60,25.49,25.36,25.22,25.15,25.11,25.06,24.94,24.83,24.76,24.72,24.70,24.67,24.63,24.63,24.64,24.66,24.58,24.49,24.46,24.51,24.53,24.53,24.55,24.62,24.78,24.70,24.57,24.42,24.26,24.16,24.44,24.67,24.67,24.49,24.39,24.36,24.36,24.33,24.32,24.30,24.36,24.53,24.60,24.53,24.44,24.35,24.27,24.22,24.19,24.13,24.02,24.02,24.05,24.05,24.02,23.98,23.95,23.97,23.85,23.34,21.58,18.88,15.94,13.26,10.97,9.28,8.35,8.07,7.95,7.98,7.98,8.90,12.59,15.55,17.66,19.80,21.78,23.17,24.19,25.24,26.38,27.62,27.51,26.84,25.75,24.54,24.48,24.52,24.57,24.59,24.59,24.49,24.38,24.26,24.12,24.00,23.91,23.88,23.88,23.84,23.77,23.46,22.93,22.27,22.03,21.83,21.70,21.67,21.65,21.63,21.50,21.30,21.20,21.20,21.25,21.30,21.25,21.21,21.19,21.18,21.15,21.03,20.00,19.04,18.47,18.51,18.69,18.87,19.04,19.22,19.40,19.57,19.72,19.82,19.79,19.19,18.92,18.89,18.87,18.84,18.80,18.75,18.69,18.64,18.59,18.53,18.45,18.35,18.27,19.01,20.13,21.18,22.08,22.54,21.66,19.42,16.65,13.75,11.06,9.04,8.17,8.21,8.25,8.29,8.32,8.23,8.16,8.08,7.98,7.94,7.72,7.64,7.65,7.66,7.54,7.43,7.48,7.84,8.85,8.94,8.33,5.75,6.15,5.17,4.87,5.00,5.30,5.32,5.53,5.62,5.58,5.50,5.44,5.35,5.26,5.22,5.23,4.99,4.59,4.26,4.93,5.08,5.16,5.16,4.94,3.30,2.41
8.08,9.66,11.05,12.53,14.14,16.04,18.27,20.86,23.47,24.99,25.62,25.67,25.68,25.68,25.69,25.69,25.70,25.87,25.91,25.90,26.01,26.15,26.22,26.21,26.08,25.59,25.48,25.46,25.46,25.46,25.48,25.48,25.51,25.60,25.51,25.60,25.81,26.04,26.15,26.15,26.19,26.22,26.13,26.04,25.94,25.89,25.90,25.80,25.65,25.51,25.41,25.33,25.24,25.16,25.08,24.98,24.86,24.79,24.77,24.78,24.75,24.66,24.66,24.73,24.77,24.67,24.57,24.53,24.54,24.52,24.50,24.57,24.68,24.75,24.66,24.54,24.41,24.30,24.21,24.40,24.59,24.64,24.46,24.39,24.35,24.32,24.29,24.27,24.27,24.34,24.50,24.58,24.52,24.44,24.37,24.31,24.30,24.29,24.23,24.10,24.07,24.06,24.05,24.02,23.95,23.89,23.86,23.66,23.05,20.95,18.16,15.07,12.09,9.95,8.80,8.20,7.97,7.93,7.97,7.98,9.18,12.56,15.49,17.90,20.11,22.14,23.48,24.58,25.60,26.49,27.15,26.76,25.82,24.90,24.41,24.46,24.53,24.58,24.60,24.57,24.46,24.35,24.23,24.08,23.97,23.92,23.91,23.90,23.87,23.73,23.20,22.40,21.67,21.62,21.60,21.58,21.57,21.55,21.54,21.47,21.34,21.19,21.18,21.20,21.22,21.20,21.20,21.22,21.26,21.27,21.17,19.78,18.79,18.42,18.49,18.68,18.86,19.04,19.21,19.39,19.57,19.74,19.80,19.52,19.09,18.91,18.89,18.86,18.83,18.79,18.74,18.70,18.66,18.63,18.59,18.53,18.46,18.34,18.98,19.98,20.97,21.86,22.26,20.87,17.96,15.65,13.00,10.44,8.59,8.12,8.16,8.15,8.14,8.13,8.12,8.10,8.08,8.05,8.02,7.85,7.80,7.82,7.85,7.82,7.78,8.00,8.73,10.45,9.96,9.68,5.00,6.02,4.37,4.05,4.24,4.64,4.72,5.01,5.19,5.26,5.43,5.39,5.35,5.30,5.26,5.23,5.19,5.15,5.11,5.07,5.08,5.12,5.11,4.93,3.70,3.01
7.53,9.30,10.77,12.44,14.35,16.36,18.60,21.31,23.94,25.10,25.40,25.46,25.52,25.57,25.62,25.67,25.67,25.83,25.84,25.80,25.89,26.05,26.24,26.38,26.38,25.85,25.64,25.55,25.54,25.57,25.59,25.59,25.60,25.63,25.64,25.70,25.82,25.96,25.97,25.97,26.10,26.24,26.19,26.07,25.96,25.96,26.06,25.91,25.65,25.46,25.37,25.38,25.28,25.18,25.08,24.97,24.86,24.78,24.77,24.79,24.81,24.67,24.69,24.81,24.87,24.81,24.72,24.63,24.56,24.50,24.47,24.61,24.79,24.73,24.63,24.51,24.39,24.30,24.24,24.27,24.40,24.55,24.43,24.35,24.31,24.28,24.25,24.23,24.22,24.31,24.49,24.57,24.51,24.46,24.42,24.41,24.40,24.39,24.34,24.19,24.13,24.06,24.03,24.01,23.93,23.86,23.78,23.45,22.49,20.07,17.17,14.02,10.97,9.12,8.38,8.08,7.99,7.90,8.01,8.01,9.20,12.68,15.25,17.84,20.32,22.50,23.84,25.21,26.33,26.93,26.68,26.20,25.19,24.43,24.37,24.44,24.52,24.58,24.59,24.52,24.41,24.30,24.18,24.06,23.94,23.97,23.97,23.91,23.92,23.70,22.94,22.03,21.66,21.58,21.51,21.47,21.46,21.45,21.44,21.39,21.29,21.17,21.19,21.21,21.20,21.14,21.16,21.17,21.19,21.21,21.17,19.36,18.40,18.35,18.46,18.68,18.87,19.05,19.23,19.41,19.59,19.78,19.78,19.10,18.95,18.90,18.87,18.84,18.80,18.76,18.72,18.70,18.66,18.62,18.57,18.53,18.48,18.43,18.73,19.50,20.68,21.51,21.74,20.17,17.08,14.52,12.02,9.73,8.22,8.08,8.12,8.12,8.11,8.10,8.10,8.08,8.08,8.10,8.08,8.00,7.96,7.96,7.95,7.97,7.97,8.36,9.37,11.25,9.08,8.06,4.21,4.30,4.11,4.05,4.07,4.14,4.15,4.20,4.27,4.53,5.36,5.22,5.22,5.27,5.28,5.29,5.27,5.24,5.18,5.13,5.08,5.03,4.98,4.92,4.68,4.52
7.50,9.30,10.84,12.75,14.97,17.19,19.45,21.91,24.26,25.16,25.35,25.46,25.58,25.68,25.75,25.76,25.75,25.79,25.75,25.74,25.88,26.07,26.27,26.46,26.55,26.18,25.76,25.53,25.48,25.50,25.52,25.53,25.53,25.54,25.58,25.63,25.70,25.79,25.80,25.80,25.98,26.20,26.24,26.13,26.02,26.02,26.10,25.89,25.60,25.37,25.26,25.30,25.21,25.15,25.09,24.97,24.85,24.77,24.75,24.76,24.70,24.64,24.70,24.80,24.81,24.79,24.72,24.64,24.57,24.50,24.46,24.56,24.71,24.63,24.60,24.52,24.42,24.34,24.30,24.32,24.38,24.44,24.38,24.34,24.31,24.27,24.23,24.19,24.22,24.30,24.41,24.47,24.45,24.43,24.43,24.46,24.44,24.42,24.35,24.17,24.14,24.08,24.04,24.03,23.95,23.88,23.63,23.00,21.74,19.10,16.14,13.23,10.71,9.29,8.70,8.33,8.04,7.91,7.87,7.86,8.76,11.26,14.56,17.92,20.78,22.88,24.10,25.41,26.81,27.75,27.43,26.31,25.13,24.40,24.36,24.45,24.52,24.58,24.59,24.52,24.39,24.27,24.14,24.01,23.89,23.96,23.97,23.88,23.84,23.44,22.62,21.80,21.62,21.56,21.50,21.45,21.42,21.38,21.34,21.30,21.25,21.19,21.21,21.20,21.17,21.13,21.15,21.16,21.18,21.19,20.99,19.45,18.56,18.40,18.46,18.61,18.73,18.85,18.98,19.11,19.33,19.60,19.69,19.01,18.92,18.89,18.86,18.82,18.79,18.75,18.71,18.68,18.65,18.60,18.55,18.51,18.48,18.43,18.70,19.42,20.56,21.06,20.75,19.01,16.11,13.43,11.14,9.24,8.09,8.06,8.09,8.09,8.08,8.09,8.09,8.04,8.04,8.07,8.09,8.07,8.05,8.03,8.02,7.98,7.96,8.69,10.17,11.61,8.43,7.00,4.06,4.07,4.05,4.05,4.05,4.05,4.05,4.05,4.24,5.01,5.29,5.11,5.09,5.15,5.20,5.23,5.23,5.22,5.20,5.17,5.12,5.06,5.01,4.98,4.93,4.87
7.63,9.49,11.14,13.22,15.68,18.07,20.35,22.59,24.64,25.35,25.46,25.59,25.75,25.87,25.92,25.90,25.88,25.78,25.70,25.72,25.92,26.13,26.33,26.53,26.66,26.43,25.84,25.49,25.41,25.42,25.43,25.44,25.45,25.45,25.50,25.54,25.58,25.61,25.62,25.64,25.86,26.16,26.30,26.18,26.08,26.05,26.08,25.83,25.54,25.30,25.16,25.21,25.14,25.14,25.12,24.99,24.87,24.77,24.72,24.71,24.59,24.60,24.69,24.77,24.74,24.73,24.69,24.63,24.56,24.49,24.44,24.50,24.60,24.55,24.59,24.55,24.46,24.38,24.37,24.39,24.38,24.35,24.34,24.34,24.32,24.28,24.23,24.19,24.23,24.29,24.33,24.37,24.37,24.38,24.41,24.47,24.42,24.40,24.32,24.14,24.15,24.10,24.06,24.05,23.99,23.82,23.34,22.43,21.01,18.22,15.29,12.71,10.85,9.97,9.51,8.98,8.42,8.25,8.22,8.39,8.62,10.25,14.34,18.35,21.40,23.26,24.38,25.52,27.11,28.43,28.28,26.63,25.27,24.48,24.36,24.46,24.52,24.56,24.58,24.51,24.38,24.25,24.12,23.98,23.86,23.92,23.94,23.83,23.73,23.13,22.31,21.64,21.59,21.54,21.50,21.45,21.39,21.32,21.27,21.24,21.21,21.20,21.22,21.19,21.15,21.14,21.15,21.16,21.19,21.18,20.86,19.84,19.10,18.74,18.62,18.62,18.65,18.70,18.75,18.83,19.06,19.37,19.53,18.98,18.91,18.88,18.84,18.80,18.77,18.74,18.70,18.67,18.63,18.58,18.53,18.49,18.46,18.45,18.74,19.40,20.33,20.41,19.62,17.81,15.17,12.54,10.56,9.06,8.19,8.07,8.08,8.06,8.06,8.08,8.07,8.00,7.99,8.04,8.09,8.12,8.10,8.07,8.07,7.97,7.95,8.99,10.81,11.49,8.02,6.26,4.06,4.07,4.05,4.05,4.06,4.04,4.07,4.07,4.42,4.97,5.22,5.03,4.98,5.01,5.09,5.15,5.17,5.18,5.20,5.21,5.17,5.13,5.09,5.05,5.00,4.95
7.82,10.02,11.98,13.93,16.33,18.68,20.98,23.43,25.38,26.01,26.03,26.05,26.08,26.11,26.11,26.08,26.03,25.89,25.81,25.85,26.06,26.27,26.48,26.64,26.69,26.34,25.80,25.50,25.43,25.44,25.42,25.43,25.47,25.50,25.49,25.57,25.55,25.44,25.44,25.52,25.78,26.11,26.36,26.23,26.07,25.96,25.94,25.77,25.53,25.31,25.16,25.16,25.17,25.20,25.20,25.13,24.95,24.77,24.67,24.65,24.61,24.61,24.66,24.72,24.73,24.70,24.64,24.59,24.53,24.46,24.42,24.45,24.53,24.61,24.67,24.60,24.48,24.41,24.38,24.39,24.38,24.33,24.35,24.35,24.36,24.35,24.30,24.28,24.29,24.30,24.30,24.30,24.29,24.29,24.30,24.35,24.29,24.26,24.22,24.16,24.18,24.13,24.07,24.05,24.02,23.45,22.65,21.65,20.50,17.75,15.11,12.99,11.70,11.69,11.44,10.78,10.00,9.88,9.88,9.82,10.45,12.14,16.26,19.90,22.37,23.66,24.85,25.63,26.95,28.23,28.42,27.08,25.63,24.62,24.37,24.47,24.49,24.51,24.53,24.50,24.41,24.28,24.15,24.02,23.89,23.87,23.84,23.75,23.60,22.82,22.08,21.61,21.60,21.53,21.48,21.43,21.38,21.31,21.26,21.22,21.19,21.18,21.21,21.19,21.15,21.16,21.18,21.17,21.17,21.20,21.12,20.92,20.53,19.98,19.31,18.95,18.91,18.93,18.84,18.88,18.98,19.08,19.11,18.95,18.89,18.86,18.83,18.79,18.76,18.73,18.69,18.64,18.61,18.54,18.51,18.49,18.43,18.57,18.87,19.24,19.54,19.11,18.40,16.82,14.49,12.35,11.00,9.83,8.87,8.22,8.12,8.04,8.02,8.06,8.05,7.95,7.94,8.01,8.09,8.10,8.10,8.08,8.07,8.02,8.10,9.18,10.71,10.01,6.41,4.50,4.05,4.06,4.04,4.04,4.04,4.04,4.07,4.16,4.58,5.11,5.15,5.07,4.95,4.89,4.97,5.06,5.10,5.13,5.17,5.21,5.21,5.19,5.16,5.12,5.07,5.03
7.94,10.27,12.37,14.48,16.76,19.10,21.46,23.86,25.63,26.26,26.33,26.33,26.32,26.31,26.29,26.26,26.19,26.03,25.94,25.99,26.21,26.41,26.62,26.70,26.57,26.17,25.75,25.52,25.46,25.44,25.46,25.48,25.51,25.53,25.49,25.54,25.51,25.39,25.35,25.42,25.65,25.92,26.10,25.99,25.86,25.80,25.80,25.70,25.51,25.31,25.15,25.08,25.16,25.22,25.21,25.09,24.91,24.76,24.68,24.65,24.64,24.63,24.65,24.69,24.73,24.66,24.59,24.54,24.49,24.43,24.41,24.44,24.54,24.66,24.74,24.66,24.52,24.44,24.40,24.41,24.40,24.34,24.36,24.34,24.36,24.37,24.31,24.31,24.29,24.28,24.29,24.24,24.23,24.22,24.22,24.26,24.22,24.18,24.16,24.16,24.19,24.15,24.10,24.06,23.99,23.09,22.01,20.89,19.79,17.55,15.46,13.90,13.14,13.45,13.34,12.90,12.41,12.41,12.27,11.72,11.85,13.73,17.86,21.00,23.18,24.53,25.48,26.05,27.06,28.10,28.37,27.05,25.54,24.51,24.32,24.30,24.30,24.34,24.40,24.43,24.38,24.27,24.15,24.03,23.90,23.81,23.68,23.51,23.28,22.46,21.87,21.62,21.59,21.52,21.46,21.41,21.37,21.31,21.26,21.22,21.18,21.17,21.19,21.18,21.16,21.19,21.19,21.17,21.16,21.19,21.21,21.25,21.07,20.67,20.11,19.71,19.41,19.21,19.14,19.23,19.33,19.21,18.94,18.92,18.88,18.85,18.82,18.78,18.74,18.71,18.67,18.62,18.57,18.52,18.50,18.46,18.38,18.50,18.68,18.88,19.03,18.56,17.57,15.82,13.47,11.23,9.49,8.41,8.19,8.95,9.16,9.14,9.19,9.31,8.61,8.74,8.81,8.72,8.58,8.17,8.05,8.09,8.12,8.06,8.41,9.58,10.81,9.42,5.80,4.18,4.05,4.04,4.03,4.03,4.04,4.04,4.06,4.20,4.65,5.16,5.11,5.07,4.89,4.78,4.88,4.97,5.02,5.07,5.12,5.17,5.20,5.21,5.20,5.18,5.14,5.10
8.02,10.35,12.49,14.93,17.05,19.38,21.82,24.03,25.57,26.25,26.45,26.48,26.50,26.49,26.48,26.44,26.35,26.20,26.09,26.12,26.35,26.56,26.76,26.72,26.37,25.97,25.70,25.56,25.50,25.43,25.53,25.56,25.56,25.53,25.50,25.49,25.45,25.40,25.32,25.34,25.48,25.64,25.66,25.58,25.55,25.58,25.64,25.63,25.48,25.30,25.12,24.99,25.13,25.22,25.16,24.94,24.78,24.75,24.72,24.69,24.66,24.65,24.66,24.68,24.73,24.62,24.54,24.49,24.44,24.40,24.40,24.46,24.58,24.71,24.82,24.72,24.56,24.48,24.42,24.44,24.43,24.37,24.37,24.33,24.34,24.35,24.30,24.30,24.26,24.24,24.28,24.20,24.19,24.17,24.17,24.19,24.18,24.15,24.13,24.14,24.17,24.16,24.14,24.08,23.93,22.75,21.43,20.16,19.00,17.52,16.15,15.22,14.93,15.24,15.22,15.21,15.31,15.45,15.08,14.29,13.98,15.14,19.26,21.83,23.91,25.68,26.22,26.65,27.33,28.01,28.19,26.70,25.18,24.26,24.24,24.03,24.01,24.10,24.24,24.32,24.32,24.24,24.13,24.01,23.91,23.74,23.49,23.16,22.86,22.08,21.69,21.64,21.58,21.50,21.44,21.39,21.36,21.30,21.25,21.21,21.19,21.17,21.18,21.17,21.17,21.21,21.18,21.16,21.15,21.17,21.20,21.13,21.06,21.01,20.96,20.71,20.03,19.52,19.58,19.76,19.93,19.58,18.93,18.90,18.86,18.84,18.80,18.76,18.73,18.69,18.65,18.59,18.53,18.51,18.49,18.43,18.32,18.32,18.30,18.41,18.71,18.45,16.97,14.80,12.24,9.56,6.82,5.69,6.67,9.90,10.65,10.78,11.00,11.29,9.56,10.04,10.25,9.89,9.38,8.31,8.02,8.12,8.21,8.10,8.84,10.10,11.04,9.35,5.59,4.04,4.05,4.02,4.01,4.02,4.03,4.03,4.04,4.21,4.67,5.14,5.08,5.03,4.81,4.67,4.80,4.88,4.94,4.99,5.05,5.10,5.16,5.20,5.22,5.23,5.21,5.17
7.85,10.34,12.45,14.72,16.88,19.12,21.40,23.54,25.12,26.08,26.52,26.55,26.58,26.60,26.62,26.58,26.34,26.09,25.98,26.09,26.49,26.70,26.73,26.56,26.24,25.96,25.72,25.55,25.46,25.41,25.45,25.46,25.49,25.53,25.49,25.48,25.45,25.38,25.25,25.24,25.33,25.43,25.46,25.42,25.45,25.49,25.52,25.48,25.38,25.25,25.11,24.99,25.07,25.08,25.04,24.94,24.84,24.82,24.76,24.67,24.64,24.64,24.65,24.66,24.65,24.57,24.50,24.44,24.40,24.37,24.41,24.50,24.62,24.74,24.77,24.72,24.64,24.54,24.45,24.43,24.40,24.35,24.35,24.33,24.34,24.36,24.36,24.36,24.35,24.32,24.30,24.28,24.27,24.25,24.23,24.23,24.23,24.21,24.19,24.17,24.22,24.18,24.13,24.09,24.02,22.94,21.72,20.51,19.34,18.30,17.21,16.72,17.07,17.13,17.03,16.91,16.89,17.12,16.86,16.22,16.04,17.16,20.16,22.63,24.92,26.88,27.27,27.48,27.89,28.21,27.91,25.83,24.68,24.22,24.17,23.96,23.98,24.06,24.17,24.24,24.24,24.17,24.05,23.94,23.84,23.75,23.42,22.87,22.60,22.03,21.70,21.60,21.57,21.50,21.44,21.40,21.36,21.27,21.22,21.19,21.18,21.21,21.17,21.15,21.16,21.17,21.17,21.15,21.16,21.20,21.19,21.09,20.99,20.88,20.72,20.57,20.31,20.08,20.00,19.89,19.74,19.37,18.93,18.90,18.85,18.82,18.79,18.76,18.72,18.68,18.64,18.59,18.54,18.49,18.45,18.36,18.10,18.10,18.12,18.18,18.29,18.16,16.32,13.81,11.06,8.23,5.79,4.67,4.84,6.01,6.31,6.80,8.80,11.98,11.47,11.60,11.60,11.33,10.90,10.12,9.36,8.86,8.74,8.41,9.50,10.82,11.10,7.81,5.08,4.04,4.04,4.03,4.04,4.05,4.04,4.03,4.05,5.14,5.13,5.09,5.01,4.96,4.76,4.63,4.71,4.78,4.85,4.92,4.97,5.03,5.10,5.15,5.18,5.18,5.17,5.15
7.51,10.08,12.18,14.28,16.46,18.59,20.68,22.83,24.63,25.89,26.54,26.62,26.65,26.69,26.72,26.67,26.35,25.98,25.85,26.03,26.52,26.81,26.75,26.51,26.24,26.03,25.79,25.57,25.42,25.38,25.38,25.41,25.45,25.48,25.45,25.43,25.38,25.31,25.27,25.28,25.32,25.35,25.37,25.35,25.40,25.43,25.42,25.38,25.31,25.22,25.12,25.03,25.03,25.03,25.01,24.99,24.94,24.89,24.79,24.66,24.61,24.62,24.63,24.62,24.57,24.52,24.47,24.41,24.38,24.37,24.43,24.53,24.63,24.70,24.68,24.68,24.65,24.56,24.48,24.42,24.38,24.35,24.35,24.34,24.34,24.36,24.38,24.40,24.41,24.38,24.32,24.35,24.33,24.31,24.29,24.26,24.30,24.28,24.24,24.23,24.25,24.19,24.12,24.08,24.05,23.21,22.13,20.96,19.83,19.28,18.51,18.25,18.80,18.88,18.80,18.59,18.39,18.51,18.36,17.99,17.98,18.94,20.97,23.30,25.76,27.91,28.30,28.30,28.32,28.13,27.33,25.16,24.34,24.18,24.11,23.90,23.93,24.01,24.09,24.16,24.16,24.09,23.98,23.86,23.80,23.77,23.41,22.71,22.33,21.92,21.67,21.59,21.56,21.49,21.43,21.39,21.34,21.26,21.21,21.18,21.18,21.22,21.17,21.15,21.15,21.14,21.15,21.15,21.17,21.22,21.17,21.05,20.93,20.78,20.59,20.49,20.41,20.31,20.16,19.97,19.56,19.17,18.92,18.89,18.84,18.80,18.78,18.76,18.71,18.67,18.63,18.58,18.54,18.48,18.43,18.31,17.92,17.91,17.93,17.96,17.93,17.58,15.44,12.72,9.87,7.05,5.25,4.10,3.81,3.80,3.84,4.55,7.54,12.38,12.55,11.07,10.67,11.00,11.41,11.23,10.65,10.11,9.92,9.48,10.44,11.47,11.40,7.08,4.59,4.04,4.04,4.04,4.05,4.06,4.05,4.03,4.05,5.15,5.11,5.04,4.94,4.88,4.71,4.58,4.65,4.72,4.79,4.86,4.92,4.98,5.04,5.09,5.12,5.14,5.14,5.12
6.97,9.49,11.61,13.53,15.72,17.68,19.58,21.84,24.06,25.64,26.51,26.68,26.71,26.75,26.76,26.70,26.41,25.89,25.72,25.92,26.41,26.86,26.83,26.61,26.39,26.19,25.95,25.64,25.36,25.33,25.33,25.42,25.47,25.37,25.39,25.32,25.21,25.16,25.42,25.50,25.49,25.44,25.41,25.39,25.42,25.41,25.35,25.34,25.28,25.23,25.17,25.10,25.05,25.07,25.10,25.10,25.12,24.97,24.78,24.64,24.56,24.58,24.58,24.55,24.50,24.49,24.45,24.42,24.40,24.40,24.46,24.55,24.62,24.54,24.54,24.56,24.57,24.52,24.49,24.42,24.37,24.37,24.38,24.37,24.35,24.32,24.33,24.41,24.42,24.39,24.37,24.41,24.35,24.33,24.35,24.29,24.40,24.37,24.30,24.30,24.27,24.19,24.10,24.05,23.99,23.58,22.70,21.57,20.54,20.55,20.13,19.84,20.00,20.43,20.53,20.24,19.76,19.52,19.49,19.53,19.78,20.38,21.65,23.81,26.38,28.73,29.32,29.13,28.60,27.71,26.34,24.73,24.21,24.15,24.05,23.82,23.85,23.94,24.02,24.08,24.08,24.01,23.90,23.79,23.78,23.78,23.45,22.72,22.07,21.72,21.60,21.60,21.57,21.48,21.41,21.35,21.31,21.26,21.21,21.18,21.19,21.20,21.16,21.15,21.15,21.13,21.13,21.14,21.18,21.22,21.13,21.00,20.87,20.73,20.59,20.47,20.26,20.07,19.99,19.98,19.38,18.97,18.90,18.87,18.84,18.80,18.77,18.74,18.69,18.66,18.62,18.58,18.51,18.47,18.43,18.29,17.82,17.75,17.75,17.76,17.67,16.59,14.25,11.49,8.69,6.06,4.46,3.86,3.83,3.83,3.85,3.91,4.21,4.73,4.90,6.34,6.75,8.33,10.59,11.43,11.87,12.03,11.94,11.53,11.74,12.04,12.10,4.90,4.13,4.04,4.04,4.05,4.04,4.05,4.05,4.03,4.03,5.17,5.10,4.98,4.87,4.80,4.64,4.54,4.63,4.70,4.76,4.83,4.89,4.94,5.00,5.04,5.07,5.11,5.11,5.08
6.26,8.59,10.69,12.61,14.66,16.51,18.27,20.24,22.28,24.02,25.49,26.64,26.76,26.86,26.86,26.72,26.42,26.03,25.81,25.80,26.02,26.70,26.77,26.62,26.47,26.32,26.07,25.76,25.49,25.42,25.42,25.46,25.47,25.38,25.31,25.25,25.19,25.22,25.67,25.67,25.65,25.64,25.63,25.63,25.60,25.55,25.46,25.38,25.34,25.32,25.27,25.09,25.08,25.15,25.22,25.22,25.21,25.05,24.88,24.72,24.57,24.52,24.49,24.47,24.47,24.45,24.51,24.51,24.43,24.45,24.48,24.51,24.51,24.41,24.41,24.44,24.46,24.46,24.42,24.39,24.37,24.37,24.40,24.37,24.34,24.32,24.32,24.38,24.41,24.41,24.37,24.39,24.36,24.35,24.35,24.32,24.40,24.36,24.28,24.21,24.20,24.12,24.04,23.98,23.94,23.69,23.16,22.50,22.02,21.93,21.67,21.35,21.13,21.53,21.68,21.49,21.09,20.86,20.87,20.87,21.05,21.63,22.50,24.10,26.36,28.77,29.55,29.06,28.25,27.11,25.44,24.44,24.14,24.07,23.88,23.79,23.80,23.87,23.94,24.00,24.01,23.94,23.84,23.76,23.76,23.77,23.47,22.77,22.00,21.65,21.53,21.53,21.50,21.43,21.38,21.34,21.30,21.24,21.20,21.19,21.21,21.19,21.17,21.16,21.15,21.14,21.14,21.17,21.20,21.20,21.11,20.97,20.83,20.70,20.56,20.43,20.25,20.07,19.96,19.97,19.34,18.93,18.89,18.87,18.83,18.80,18.76,18.73,18.68,18.65,18.61,18.57,18.51,18.48,18.42,18.26,17.96,17.88,17.81,17.74,17.50,15.48,12.90,10.20,7.61,5.35,4.22,3.83,3.83,3.84,3.84,3.83,3.83,3.85,3.93,4.32,4.92,5.76,6.97,7.44,7.77,8.05,8.40,9.26,10.34,11.07,11.31,4.59,4.05,4.04,4.04,4.04,4.03,4.04,4.05,4.07,4.21,5.15,5.07,4.94,4.83,4.74,4.58,4.50,4.60,4.68,4.75,4.82,4.89,4.94,4.99,5.02,5.05,5.11,5.09,5.07
5.51,7.57,9.69,11.62,13.53,15.22,16.78,18.42,20.24,22.12,24.15,26.19,26.74,26.93,26.89,26.71,26.41,26.16,25.91,25.70,25.65,26.46,26.61,26.51,26.42,26.36,26.15,25.88,25.64,25.52,25.50,25.49,25.47,25.42,25.27,25.25,25.27,25.41,25.89,25.82,25.79,25.82,25.83,25.83,25.77,25.69,25.59,25.45,25.44,25.44,25.37,25.11,25.17,25.29,25.38,25.39,25.34,25.15,24.95,24.77,24.58,24.47,24.41,24.40,24.45,24.43,24.55,24.58,24.46,24.49,24.50,24.47,24.42,24.33,24.32,24.34,24.37,24.39,24.35,24.36,24.37,24.37,24.41,24.38,24.34,24.33,24.33,24.36,24.41,24.42,24.38,24.37,24.38,24.37,24.34,24.34,24.38,24.33,24.23,24.12,24.12,24.06,23.98,23.92,23.87,23.71,23.47,23.26,23.26,23.04,22.88,22.58,22.15,22.42,22.57,22.48,22.24,22.08,22.10,22.02,22.13,22.69,23.26,24.26,26.07,28.38,29.27,28.59,27.63,26.42,24.68,24.20,24.10,24.01,23.74,23.77,23.77,23.81,23.87,23.92,23.93,23.86,23.78,23.74,23.75,23.77,23.51,22.87,21.93,21.57,21.45,21.44,21.41,21.37,21.34,21.31,21.28,21.22,21.19,21.19,21.22,21.18,21.17,21.17,21.16,21.16,21.16,21.19,21.21,21.18,21.09,20.95,20.81,20.67,20.52,20.39,20.25,20.10,19.94,19.84,19.27,18.92,18.88,18.87,18.83,18.79,18.75,18.72,18.67,18.63,18.60,18.56,18.51,18.49,18.41,18.27,18.13,18.02,17.90,17.69,17.13,14.34,11.59,8.97,6.67,4.87,4.05,3.83,3.83,3.84,3.83,3.83,3.84,3.84,3.83,3.84,3.84,3.84,3.84,3.83,3.89,4.14,4.91,6.92,8.89,10.11,10.48,4.45,4.04,4.04,4.04,4.03,4.03,4.03,4.05,4.11,4.46,5.12,5.05,4.92,4.80,4.67,4.52,4.47,4.58,4.66,4.74,4.82,4.89,4.96,4.99,5.02,5.05,5.11,5.08,5.06
4.71,6.36,8.63,10.51,12.35,13.70,14.82,16.33,18.14,20.19,22.37,24.58,26.52,26.83,26.72,26.58,26.36,26.13,25.89,25.67,25.53,26.10,26.18,26.08,26.03,26.10,26.14,26.01,25.77,25.56,25.51,25.50,25.50,25.48,25.40,25.45,25.64,25.90,26.00,25.95,25.87,25.83,25.86,25.80,25.80,25.76,25.66,25.60,25.62,25.58,25.46,25.33,25.45,25.56,25.64,25.69,25.68,25.28,24.93,24.73,24.54,24.42,24.38,24.38,24.42,24.42,24.51,24.55,24.46,24.51,24.52,24.49,24.43,24.34,24.34,24.34,24.34,24.33,24.36,24.38,24.40,24.40,24.42,24.40,24.39,24.38,24.36,24.38,24.41,24.42,24.40,24.36,24.41,24.39,24.33,24.34,24.34,24.26,24.16,24.12,24.11,24.07,23.99,23.87,23.76,23.61,23.43,23.28,23.29,23.17,23.10,22.99,22.84,22.95,22.95,22.92,22.87,22.73,22.70,22.75,22.93,23.30,23.63,24.09,25.30,27.11,27.86,27.36,26.58,25.60,24.28,24.08,24.08,24.01,23.77,23.82,23.79,23.77,23.79,23.84,23.86,23.80,23.72,23.72,23.74,23.76,23.64,23.16,21.78,21.43,21.35,21.34,21.31,21.28,21.25,21.22,21.21,21.21,21.19,21.19,21.21,21.18,21.18,21.18,21.18,21.19,21.19,21.21,21.21,21.15,21.05,20.94,20.81,20.66,20.50,20.37,20.23,20.08,19.89,19.30,19.02,18.90,18.86,18.84,18.81,18.78,18.75,18.70,18.66,18.62,18.58,18.53,18.51,18.47,18.43,18.36,18.26,18.06,17.92,17.41,16.08,13.18,10.46,7.95,6.02,4.27,3.92,3.83,3.84,3.84,3.84,3.84,3.85,3.85,3.83,3.84,3.85,3.85,3.85,3.84,3.86,3.92,4.07,4.58,5.08,5.37,5.24,4.17,4.05,4.04,4.04,4.04,4.03,4.03,4.04,4.14,5.03,5.08,5.04,4.93,4.82,4.55,4.46,4.48,4.57,4.67,4.75,4.83,4.91,4.96,5.02,5.05,5.07,5.10,5.08,5.04
4.21,5.32,7.24,9.24,11.00,12.25,13.28,14.74,16.56,18.60,20.80,23.10,25.67,26.52,26.66,26.53,26.33,26.10,25.90,25.73,25.57,25.78,25.84,25.84,25.87,26.01,26.14,26.09,25.89,25.66,25.60,25.56,25.55,25.55,25.49,25.55,25.81,26.14,26.10,26.03,25.92,25.86,25.92,25.82,25.82,25.81,25.75,25.83,25.80,25.70,25.58,25.50,25.67,25.80,25.91,26.02,26.06,25.46,24.93,24.68,24.49,24.38,24.36,24.39,24.43,24.45,24.48,24.50,24.48,24.53,24.53,24.49,24.43,24.35,24.35,24.35,24.32,24.29,24.34,24.37,24.39,24.41,24.40,24.40,24.40,24.40,24.39,24.39,24.41,24.41,24.41,24.37,24.40,24.39,24.33,24.32,24.30,24.22,24.14,24.11,24.10,24.06,23.99,23.88,23.74,23.61,23.47,23.35,23.32,23.24,23.21,23.18,23.15,23.18,23.16,23.16,23.18,23.12,23.11,23.17,23.32,23.53,23.72,23.91,24.56,25.66,26.39,25.96,25.41,24.82,24.04,24.12,24.10,24.00,23.86,23.89,23.81,23.75,23.76,23.80,23.81,23.76,23.70,23.72,23.74,23.76,23.73,23.37,21.58,21.25,21.23,21.24,21.22,21.20,21.19,21.18,21.17,21.20,21.19,21.19,21.19,21.17,21.18,21.18,21.19,21.20,21.20,21.22,21.19,21.10,20.99,20.88,20.76,20.63,20.48,20.35,20.21,20.07,19.88,19.11,18.93,18.89,18.85,18.83,18.79,18.76,18.73,18.69,18.65,18.60,18.56,18.52,18.50,18.47,18.43,18.40,18.41,18.23,18.02,17.07,14.90,12.03,9.38,7.02,5.34,4.02,3.86,3.83,3.84,3.84,3.84,3.84,3.85,3.85,3.83,3.84,3.84,3.84,3.85,3.84,3.84,3.84,3.84,3.89,3.99,4.04,4.04,4.05,4.05,4.04,4.04,4.04,4.03,4.03,4.04,4.16,5.09,5.10,5.04,4.93,4.82,4.50,4.44,4.51,4.59,4.68,4.77,4.85,4.92,4.99,5.03,5.06,5.08,5.10,5.08,5.02
3.89,4.41,5.70,7.88,9.57,10.83,11.97,13.46,15.26,17.23,19.37,21.70,24.50,26.08,26.66,26.53,26.30,26.08,25.95,25.86,25.72,25.52,25.56,25.70,25.85,26.00,26.15,26.15,26.01,25.80,25.73,25.66,25.62,25.63,25.56,25.62,25.88,26.24,26.20,26.09,25.96,25.90,26.00,25.88,25.86,25.86,25.86,26.10,25.96,25.81,25.71,25.65,25.85,26.02,26.19,26.37,26.46,25.68,24.96,24.61,24.45,24.34,24.34,24.40,24.45,24.49,24.45,24.44,24.48,24.55,24.52,24.48,24.43,24.36,24.37,24.35,24.31,24.25,24.31,24.34,24.37,24.40,24.38,24.38,24.38,24.39,24.42,24.40,24.40,24.41,24.41,24.39,24.38,24.36,24.34,24.30,24.26,24.20,24.15,24.10,24.08,24.05,24.00,23.90,23.76,23.65,23.54,23.44,23.36,23.26,23.25,23.26,23.23,23.24,23.26,23.27,23.30,23.35,23.39,23.42,23.47,23.55,23.68,23.74,23.86,24.17,24.93,24.54,24.24,24.09,23.90,24.23,24.14,23.98,23.98,23.98,23.83,23.75,23.77,23.79,23.78,23.74,23.71,23.73,23.75,23.76,23.81,23.53,21.35,21.07,21.10,21.13,21.13,21.14,21.15,21.16,21.14,21.19,21.19,21.18,21.16,21.15,21.18,21.19,21.19,21.21,21.20,21.22,21.17,21.05,20.92,20.80,20.68,20.57,20.47,20.34,20.20,20.06,19.86,19.09,18.93,18.90,18.85,18.82,18.78,18.75,18.71,18.68,18.63,18.58,18.54,18.51,18.48,18.47,18.44,18.44,18.57,18.46,18.10,16.65,13.65,10.90,8.32,6.18,4.74,3.90,3.84,3.84,3.83,3.83,3.84,3.84,3.84,3.84,3.83,3.84,3.84,3.83,3.85,3.83,3.83,3.83,3.84,3.83,3.95,4.03,4.03,4.03,4.03,4.04,4.04,4.04,4.03,4.04,4.05,4.19,5.18,5.13,5.04,4.91,4.81,4.50,4.44,4.53,4.64,4.70,4.79,4.87,4.94,5.02,5.05,5.07,5.09,5.09,5.07,5.00
3.85,4.05,4.66,6.26,8.11,9.61,10.91,12.46,14.23,16.19,18.35,20.75,23.51,25.62,26.57,26.52,26.38,26.30,26.25,26.18,25.99,25.60,25.56,25.69,25.86,26.01,26.15,26.16,26.09,25.98,25.87,25.79,25.74,25.74,25.71,25.75,25.95,26.24,26.33,26.35,26.22,26.07,26.07,26.07,26.05,26.03,26.05,26.17,26.03,25.91,25.84,25.78,25.99,26.21,26.44,26.68,26.81,26.09,25.21,24.53,24.38,24.33,24.33,24.39,24.52,24.46,24.41,24.40,24.42,24.46,24.48,24.47,24.44,24.36,24.33,24.29,24.24,24.21,24.27,24.30,24.34,24.36,24.38,24.38,24.39,24.40,24.41,24.41,24.41,24.41,24.40,24.40,24.38,24.38,24.37,24.29,24.25,24.20,24.13,24.04,24.02,24.02,23.93,23.75,23.62,23.55,23.46,23.36,23.33,23.28,23.26,23.23,23.19,23.20,23.24,23.27,23.29,23.33,23.37,23.42,23.49,23.57,23.67,23.74,23.82,23.97,24.23,24.09,23.98,23.93,23.90,24.07,24.06,24.02,24.03,24.03,23.99,23.96,23.95,23.91,23.85,23.79,23.75,23.76,23.77,23.80,23.83,23.46,21.16,20.85,20.85,20.89,21.01,21.06,21.10,21.12,21.13,21.18,21.21,21.19,21.14,21.14,21.15,21.17,21.18,21.18,21.21,21.23,21.18,21.03,20.89,20.75,20.62,20.50,20.39,20.27,20.14,19.84,19.28,18.98,18.91,18.88,18.84,18.80,18.77,18.73,18.68,18.66,18.62,18.57,18.54,18.50,18.48,18.48,18.52,18.57,18.62,18.57,17.48,15.34,12.34,9.78,7.46,6.05,4.17,3.86,3.84,3.84,3.83,3.83,3.84,3.84,3.84,3.85,3.84,3.84,3.84,3.84,3.85,3.83,3.83,3.83,3.83,3.83,3.86,3.94,4.03,4.03,4.04,4.04,4.04,4.03,4.03,4.04,4.12,4.35,5.15,5.08,4.99,4.90,4.80,4.53,4.49,4.58,4.66,4.73,4.82,4.89,4.96,5.04,5.07,5.10,5.11,5.09,5.04,4.97
3.84,3.85,4.03,4.95,6.74,8.42,9.95,11.54,13.24,15.16,17.32,19.70,22.36,24.88,26.32,26.63,26.56,26.56,26.56,26.46,26.16,25.65,25.55,25.66,25.84,26.00,26.13,26.16,26.11,26.07,25.98,25.91,25.86,25.85,25.87,25.95,26.17,26.51,26.80,26.87,26.79,26.59,26.33,26.25,26.17,26.13,26.15,26.15,26.06,25.98,25.94,25.92,26.09,26.29,26.54,26.88,27.16,26.46,25.41,24.48,24.36,24.33,24.32,24.37,24.55,24.44,24.34,24.30,24.30,24.35,24.38,24.40,24.40,24.33,24.29,24.24,24.21,24.20,24.25,24.28,24.31,24.34,24.37,24.39,24.40,24.40,24.40,24.40,24.40,24.40,24.39,24.39,24.37,24.37,24.36,24.29,24.25,24.21,24.16,24.11,24.06,24.03,23.91,23.72,23.60,23.49,23.39,23.32,23.28,23.21,23.18,23.16,23.15,23.17,23.20,23.24,23.27,23.30,23.33,23.36,23.43,23.55,23.62,23.72,23.80,23.85,23.92,23.89,23.86,23.88,23.98,24.03,24.01,24.00,24.05,24.06,24.11,24.12,24.08,24.02,23.95,23.88,23.83,23.81,23.81,23.83,23.56,22.75,20.96,20.69,20.63,20.62,20.72,20.80,20.64,20.51,20.61,20.97,21.14,21.19,21.15,21.16,21.15,21.16,21.17,21.17,21.21,21.23,21.16,20.99,20.84,20.71,20.58,20.44,20.32,20.20,20.08,19.69,18.96,18.92,18.90,18.86,18.82,18.79,18.76,18.72,18.67,18.65,18.60,18.57,18.53,18.49,18.46,18.48,18.52,18.57,18.60,18.43,16.72,14.10,11.24,8.82,6.64,5.58,3.93,3.84,3.84,3.84,3.84,3.84,3.84,3.84,3.85,3.85,3.84,3.84,3.84,3.84,3.84,3.83,3.83,3.83,3.82,3.83,3.82,3.87,3.98,4.03,4.04,4.05,4.04,4.03,4.03,4.04,4.21,4.60,5.11,5.04,4.97,4.90,4.79,4.55,4.53,4.62,4.70,4.77,4.85,4.92,4.98,5.06,5.10,5.12,5.12,5.09,5.02,4.95
3.85,3.84,3.87,4.01,5.47,7.29,9.12,10.73,12.30,14.15,16.25,18.55,21.02,23.80,25.86,26.86,26.88,26.88,26.89,26.72,26.22,25.65,25.52,25.61,25.78,25.95,26.09,26.12,26.08,26.04,26.06,26.03,25.99,25.97,26.05,26.22,26.58,27.10,27.66,27.71,27.71,27.50,26.82,26.42,26.21,26.14,26.15,26.05,26.04,26.03,26.03,26.05,26.14,26.23,26.47,26.95,27.51,26.79,25.57,24.46,24.40,24.32,24.30,24.36,24.54,24.42,24.24,24.13,24.13,24.21,24.21,24.25,24.31,24.27,24.25,24.22,24.21,24.25,24.27,24.27,24.29,24.32,24.36,24.39,24.40,24.39,24.39,24.38,24.38,24.38,24.37,24.38,24.36,24.35,24.34,24.30,24.28,24.24,24.25,24.32,24.23,24.08,23.94,23.84,23.73,23.45,23.34,23.32,23.21,23.06,23.00,23.03,23.12,23.16,23.15,23.18,23.23,23.25,23.25,23.23,23.28,23.47,23.54,23.70,23.81,23.84,24.05,23.98,23.92,23.95,24.14,24.13,23.99,23.92,24.04,24.09,24.19,24.22,24.17,24.13,24.10,24.04,23.96,23.86,23.85,23.83,22.96,21.30,20.75,20.57,20.44,20.32,20.23,20.30,19.71,19.24,19.51,20.51,20.99,21.18,21.20,21.21,21.18,21.16,21.16,21.17,21.20,21.19,21.10,20.92,20.76,20.67,20.55,20.40,20.26,20.14,20.01,19.63,18.94,18.91,18.88,18.84,18.80,18.78,18.75,18.70,18.66,18.64,18.59,18.55,18.51,18.48,18.45,18.46,18.43,18.40,18.48,17.99,15.79,12.94,10.39,8.06,5.88,4.80,3.86,3.83,3.84,3.85,3.86,3.85,3.84,3.85,3.85,3.84,3.84,3.84,3.84,3.84,3.83,3.82,3.82,3.81,3.81,3.82,3.82,3.82,3.86,4.02,4.04,4.04,4.03,4.04,4.04,4.05,4.35,5.02,5.05,5.00,4.95,4.90,4.77,4.55,4.55,4.66,4.74,4.82,4.90,4.96,5.02,5.09,5.11,5.12,5.12,5.08,5.02,4.95
3.85,3.84,3.85,3.87,4.51,6.00,7.98,9.74,11.33,13.20,15.29,17.55,20.04,22.75,25.09,26.72,27.29,27.60,27.80,27.65,26.85,26.08,25.67,25.57,25.70,25.89,26.06,26.09,26.03,26.02,26.04,26.02,25.98,25.95,26.01,26.11,26.47,27.01,27.30,27.36,27.29,27.08,26.68,26.37,26.21,26.26,26.48,26.54,26.22,26.07,26.10,26.13,26.15,26.19,26.57,27.43,27.68,26.59,25.25,24.28,24.26,24.22,24.27,24.40,24.54,24.42,24.20,24.06,24.06,24.13,24.10,24.10,24.11,24.06,24.10,24.06,24.07,24.23,24.27,24.26,24.27,24.32,24.37,24.40,24.40,24.38,24.37,24.37,24.35,24.34,24.33,24.40,24.38,24.36,24.35,24.33,24.29,24.27,24.27,24.30,24.22,24.09,23.98,23.84,23.40,22.90,22.72,22.60,22.11,22.08,22.07,22.13,22.27,22.37,22.43,22.50,22.62,22.83,22.90,23.10,23.42,23.82,24.07,24.26,24.28,24.17,24.23,24.16,24.10,24.09,24.12,24.09,24.00,24.00,24.15,24.16,24.23,24.27,24.25,24.20,24.15,24.09,23.98,23.84,23.85,23.39,22.29,20.84,20.57,20.35,20.17,20.03,19.90,19.82,19.35,18.99,19.13,19.65,19.90,19.96,20.06,20.78,21.06,21.15,21.17,21.19,21.24,21.20,21.09,20.93,20.77,20.63,20.46,20.28,20.17,20.07,19.78,19.37,18.93,18.90,18.88,18.84,18.79,18.77,18.73,18.69,18.65,18.61,18.58,18.54,18.50,18.46,18.45,18.52,18.57,18.58,18.61,17.20,14.76,12.02,9.56,7.15,5.16,4.07,3.84,3.84,3.84,3.85,3.85,3.84,3.84,3.85,3.84,3.84,3.96,4.20,4.20,3.93,4.02,3.88,3.83,3.82,3.83,3.82,3.82,3.81,3.82,3.91,4.01,4.04,4.03,4.04,4.05,4.06,4.39,5.05,5.05,4.98,4.92,4.83,4.57,4.53,4.59,4.69,4.78,4.85,4.92,4.99,5.05,5.12,5.14,5.14,5.12,5.07,4.99,4.92
3.84,3.85,3.86,3.86,3.84,4.91,6.81,8.72,10.39,12.35,14.45,16.59,19.11,21.73,24.23,26.32,27.47,28.07,28.53,28.51,27.63,26.66,25.91,25.55,25.63,25.82,26.00,26.04,25.99,26.01,26.02,26.02,25.99,25.93,25.92,25.97,26.34,26.87,26.90,26.93,26.79,26.59,26.50,26.28,26.23,26.46,26.95,27.17,26.71,26.48,26.52,26.54,26.47,26.37,26.75,27.88,27.78,26.29,24.88,24.12,24.14,24.13,24.22,24.37,24.47,24.36,24.16,24.03,24.05,24.08,24.03,23.99,23.96,23.91,23.98,23.95,23.98,24.21,24.26,24.25,24.27,24.33,24.37,24.39,24.39,24.37,24.36,24.36,24.34,24.31,24.30,24.42,24.40,24.37,24.36,24.35,24.31,24.30,24.30,24.27,24.21,24.10,24.01,23.84,23.18,22.33,21.83,21.44,20.70,20.81,20.87,20.98,21.17,21.28,21.35,21.42,21.57,21.98,22.18,22.73,23.46,24.14,24.62,24.80,24.73,24.53,24.44,24.37,24.31,24.23,24.07,24.01,24.00,24.08,24.22,24.21,24.26,24.30,24.30,24.24,24.17,24.09,23.99,23.85,23.89,22.96,21.69,20.57,20.41,20.15,19.93,19.76,19.60,19.41,19.12,18.92,18.92,18.97,18.99,18.94,19.09,20.17,20.61,20.77,20.82,20.92,21.20,21.19,21.06,20.91,20.75,20.58,20.38,20.20,20.10,20.02,19.57,19.11,18.92,18.89,18.87,18.83,18.78,18.75,18.71,18.67,18.63,18.59,18.56,18.52,18.48,18.44,18.45,18.56,18.66,18.70,18.60,16.36,13.75,11.11,8.67,6.25,4.57,3.83,3.83,3.84,3.84,3.84,3.84,3.84,3.84,3.84,3.83,3.87,4.27,4.55,4.61,4.30,4.41,4.19,4.07,3.99,3.91,3.86,3.84,3.87,3.92,3.91,4.01,4.03,4.01,4.04,4.05,4.07,4.41,5.07,5.06,4.97,4.89,4.77,4.43,4.52,4.63,4.73,4.81,4.89,4.96,5.02,5.08,5.15,5.16,5.15,5.12,5.06,4.97,4.89
3.85,3.85,3.85,3.86,3.84,4.38,5.63,7.64,9.55,11.74,13.85,15.73,18.18,20.77,23.25,25.42,27.01,27.75,28.50,28.94,28.58,27.50,26.28,25.57,25.58,25.73,25.87,25.96,25.99,26.03,26.03,26.07,26.07,25.97,25.78,25.92,26.35,26.87,26.89,26.76,26.60,26.49,26.48,26.23,26.28,26.79,27.66,27.99,27.92,27.86,27.87,27.85,27.61,27.09,27.09,28.07,27.77,25.93,24.52,24.13,24.15,24.11,24.13,24.17,24.19,24.11,24.08,24.10,24.12,24.09,24.04,24.00,23.99,23.99,24.00,24.01,24.06,24.19,24.21,24.25,24.30,24.35,24.36,24.37,24.37,24.37,24.38,24.37,24.38,24.37,24.34,24.40,24.40,24.38,24.36,24.36,24.33,24.36,24.38,24.32,24.26,24.11,24.01,23.91,23.44,21.94,20.48,19.39,18.90,19.12,19.31,19.51,19.74,19.70,19.60,19.52,19.59,20.09,20.62,21.74,23.09,24.24,24.96,25.05,24.92,24.80,24.73,24.67,24.52,24.29,24.00,23.92,23.98,24.09,24.17,24.24,24.29,24.33,24.32,24.21,24.12,24.03,23.96,23.97,24.05,22.72,21.31,20.46,20.30,20.06,19.81,19.56,19.31,19.14,19.01,18.92,18.86,18.92,18.93,18.95,19.03,19.28,19.34,19.41,19.56,19.90,20.96,21.12,20.98,20.84,20.66,20.49,20.35,20.22,20.09,19.99,19.46,18.99,18.93,18.90,18.86,18.81,18.77,18.75,18.70,18.66,18.62,18.59,18.55,18.50,18.45,18.41,18.44,18.49,18.57,18.55,18.19,15.56,12.83,10.15,7.64,5.42,4.27,3.84,3.85,3.85,3.84,3.84,3.84,3.85,3.84,3.84,3.84,3.98,5.49,5.45,5.54,5.68,5.54,5.47,5.20,4.76,4.28,3.99,3.93,4.10,4.36,4.24,4.10,3.98,3.95,4.05,4.04,4.08,4.43,5.09,5.08,4.98,4.89,4.79,4.51,4.58,4.68,4.76,4.83,4.93,5.00,5.07,5.13,5.18,5.19,5.17,5.13,5.06,4.96,4.87
3.85,3.85,3.84,3.85,3.84,4.05,4.82,6.62,8.55,10.78,12.91,14.73,17.13,19.59,21.99,24.27,26.39,27.52,28.49,29.19,29.36,28.20,26.57,25.56,25.54,25.68,25.81,25.92,26.00,26.05,26.05,26.08,26.08,25.99,25.85,26.03,26.44,26.88,26.90,26.76,26.61,26.50,26.45,26.12,26.28,26.95,27.93,28.28,28.32,28.31,28.30,28.27,28.09,27.73,27.63,28.06,27.50,25.60,24.32,24.13,24.13,24.10,24.07,24.06,24.10,24.04,24.05,24.08,24.09,24.05,24.03,24.00,23.99,23.99,24.04,24.07,24.11,24.19,24.23,24.28,24.31,24.33,24.36,24.36,24.37,24.38,24.38,24.39,24.38,24.37,24.37,24.39,24.40,24.39,24.36,24.36,24.34,24.36,24.38,24.33,24.25,24.09,23.96,23.86,23.54,21.84,19.93,18.30,17.43,17.39,17.57,17.77,17.86,17.85,17.80,17.73,17.77,18.18,19.28,21.00,22.86,24.38,25.15,25.27,25.20,25.15,25.11,25.07,24.84,24.46,24.06,23.90,23.95,24.07,24.15,24.24,24.28,24.31,24.28,24.18,24.09,23.97,23.94,24.06,23.87,22.32,20.97,20.43,20.16,19.97,19.73,19.44,19.17,19.12,19.08,19.05,18.99,19.00,18.96,18.95,18.97,18.99,18.96,18.98,19.09,19.37,20.53,20.79,20.71,20.63,20.56,20.43,20.28,20.12,19.99,19.92,19.40,18.94,18.91,18.88,18.84,18.80,18.76,18.73,18.69,18.64,18.60,18.58,18.54,18.50,18.46,18.43,18.45,18.47,18.51,18.31,17.41,14.65,11.91,9.26,6.75,4.81,4.07,3.85,3.84,3.84,3.84,3.84,3.84,3.85,3.84,3.84,3.83,4.03,5.63,5.78,5.82,5.75,5.67,5.61,5.42,5.14,4.88,4.67,4.56,4.63,4.80,4.66,4.41,4.09,3.88,3.96,3.95,4.24,4.68,5.09,5.06,4.96,4.87,4.77,4.55,4.64,4.73,4.81,4.88,4.97,5.05,5.11,5.15,5.20,5.19,5.17,5.12,5.05,4.94,4.85
3.85,3.84,3.83,3.83,3.84,3.84,4.21,5.60,7.49,9.69,11.83,13.70,16.03,18.32,20.63,23.02,25.64,27.27,28.45,29.34,30.02,28.78,26.82,25.55,25.52,25.66,25.79,25.91,26.01,26.06,26.06,26.07,26.05,26.00,25.99,26.20,26.54,26.89,26.90,26.82,26.70,26.56,26.40,25.99,26.28,27.04,27.99,28.28,28.28,28.27,28.28,28.28,28.26,28.27,28.21,27.95,27.10,25.30,24.20,24.12,24.10,24.08,24.03,24.01,24.11,24.07,24.05,24.04,24.02,24.00,24.01,24.01,23.99,23.96,24.07,24.13,24.16,24.20,24.28,24.33,24.33,24.31,24.36,24.36,24.38,24.39,24.39,24.41,24.38,24.36,24.39,24.38,24.39,24.39,24.37,24.37,24.35,24.35,24.35,24.31,24.23,24.05,23.89,23.76,23.56,21.86,19.72,17.66,16.18,15.73,15.78,15.89,15.80,15.89,15.97,16.00,16.05,16.34,18.13,20.42,22.71,24.54,25.26,25.48,25.52,25.53,25.53,25.53,25.23,24.73,24.23,23.92,23.93,24.05,24.14,24.22,24.25,24.26,24.23,24.15,24.07,23.93,23.90,24.10,23.52,21.86,20.67,20.43,20.00,19.86,19.66,19.37,19.09,19.19,19.23,19.22,19.20,19.14,19.05,18.97,18.93,19.00,18.98,18.98,19.01,19.10,20.03,20.33,20.36,20.36,20.43,20.34,20.17,19.97,19.85,19.80,19.34,18.93,18.90,18.86,18.83,18.78,18.74,18.71,18.67,18.62,18.58,18.56,18.53,18.49,18.47,18.48,18.48,18.48,18.47,18.05,16.47,13.69,11.01,8.42,5.94,4.36,3.93,3.86,3.84,3.82,3.83,3.84,3.84,3.85,3.84,3.83,3.83,4.05,5.82,5.94,5.94,5.86,5.86,5.80,5.72,5.66,5.64,5.53,5.36,5.26,5.23,5.09,4.81,4.72,3.89,3.91,3.89,4.95,5.00,5.09,5.02,4.93,4.84,4.73,4.58,4.68,4.77,4.85,4.93,5.02,5.09,5.14,5.18,5.20,5.19,5.16,5.10,5.03,4.93,4.84
3.85,3.84,3.84,3.84,3.84,3.84,3.99,4.48,6.66,8.85,10.93,12.89,15.07,17.29,19.58,21.96,24.43,26.40,27.90,29.11,30.18,28.85,27.00,25.76,25.57,25.67,25.77,25.87,25.96,26.04,26.03,26.03,26.03,25.99,26.01,26.28,26.61,26.86,26.81,26.74,26.64,26.52,26.35,26.06,26.43,27.26,28.15,27.71,27.62,27.78,28.08,28.35,28.31,28.31,28.23,27.90,26.65,25.04,24.15,24.12,24.10,24.00,24.01,24.06,24.08,24.11,24.16,24.16,24.10,24.08,24.09,24.07,24.01,24.00,24.02,24.11,24.18,24.19,24.29,24.36,24.38,24.36,24.37,24.38,24.39,24.40,24.37,24.40,24.38,24.37,24.38,24.40,24.40,24.40,24.39,24.38,24.36,24.35,24.34,24.31,24.29,24.08,23.88,23.73,23.49,21.55,19.24,17.14,15.78,15.05,14.32,13.92,13.99,14.13,14.15,14.32,14.70,15.27,17.73,20.34,22.75,24.69,25.31,25.63,25.85,26.03,26.13,26.14,25.93,25.51,24.96,24.08,23.92,24.04,24.14,24.18,24.20,24.19,24.17,24.17,24.06,23.89,23.75,23.67,22.99,21.56,20.55,20.27,19.81,19.72,19.57,19.31,19.04,19.26,19.30,19.27,19.26,19.25,19.24,19.21,19.16,19.15,19.07,19.01,19.03,19.17,19.60,19.82,19.95,20.03,19.99,19.86,19.88,19.97,19.89,19.40,19.08,18.92,18.89,18.85,18.80,18.77,18.73,18.69,18.65,18.61,18.58,18.55,18.51,18.47,18.48,18.54,18.55,18.56,18.51,17.84,15.64,12.86,10.29,7.77,5.36,4.13,3.87,3.86,3.86,3.84,3.84,3.84,3.84,3.84,3.84,3.82,3.86,4.34,5.80,6.01,5.99,5.92,5.87,5.85,5.80,5.75,5.69,5.61,5.50,5.45,5.44,5.32,5.20,5.17,5.19,5.11,5.01,4.99,5.04,5.13,5.03,4.94,4.76,4.58,4.62,4.72,4.81,4.89,4.98,5.05,5.12,5.18,5.22,5.22,5.19,5.14,5.08,5.01,4.92,4.82
3.85,3.84,3.84,3.84,3.84,3.84,3.88,3.97,5.87,7.94,10.02,12.01,14.16,16.31,18.54,20.84,23.14,25.37,27.10,28.53,29.90,29.15,27.60,26.34,25.85,25.69,25.75,25.84,25.93,26.01,26.00,26.00,26.00,25.97,26.00,26.23,26.51,26.70,26.64,26.57,26.49,26.38,26.23,26.05,26.56,27.48,28.30,27.43,27.29,27.46,27.77,28.04,28.01,28.15,28.20,27.82,26.12,24.79,24.15,24.14,24.10,23.98,24.00,24.08,24.08,24.12,24.19,24.22,24.18,24.11,24.11,24.07,24.01,24.02,24.01,24.11,24.20,24.18,24.24,24.31,24.36,24.38,24.38,24.40,24.41,24.40,24.37,24.40,24.39,24.37,24.38,24.40,24.41,24.41,24.40,24.39,24.37,24.36,24.34,24.30,24.31,24.10,23.89,23.70,23.18,21.15,18.74,16.42,14.64,13.42,12.47,11.92,11.85,12.23,12.31,12.46,12.91,13.97,17.25,20.20,22.70,24.79,25.28,25.69,26.07,26.43,26.67,26.73,26.55,26.11,25.41,24.37,24.00,24.01,24.11,24.14,24.14,24.13,24.11,24.14,24.03,23.87,23.68,23.48,22.67,21.52,20.71,20.38,19.79,19.63,19.44,19.21,19.06,19.31,19.36,19.31,19.27,19.33,19.37,19.36,19.31,19.26,19.17,19.08,19.04,19.12,19.25,19.38,19.51,19.61,19.59,19.54,19.60,19.68,19.61,19.11,18.94,18.91,18.88,18.83,18.79,18.76,18.73,18.67,18.64,18.60,18.56,18.53,18.49,18.46,18.47,18.52,18.49,18.43,18.25,17.37,14.81,12.03,9.48,7.04,4.78,3.99,3.85,3.86,3.86,3.84,3.84,3.84,3.84,3.84,3.83,3.81,4.07,4.74,5.87,6.05,6.03,5.98,5.90,5.88,5.86,5.81,5.76,5.68,5.60,5.56,5.55,5.47,5.41,5.31,5.20,5.13,5.05,5.05,5.10,5.15,5.04,4.95,4.74,4.53,4.66,4.76,4.85,4.94,5.03,5.09,5.16,5.22,5.25,5.24,5.18,5.12,5.05,4.98,4.90,4.81
3.85,3.84,3.83,3.85,3.85,3.85,3.89,4.07,5.12,6.97,9.09,11.07,13.29,15.38,17.50,19.66,21.78,24.18,26.03,27.57,29.14,29.70,28.63,27.28,26.37,25.74,25.73,25.82,25.90,25.95,25.95,25.97,25.97,25.94,25.97,26.05,26.22,26.42,26.40,26.32,26.24,26.16,26.06,25.95,26.67,27.70,28.46,27.46,27.29,27.31,27.34,27.35,27.35,27.80,28.12,27.70,25.51,24.53,24.21,24.20,24.13,24.01,24.01,24.06,24.10,24.09,24.15,24.21,24.24,24.10,24.05,24.00,23.98,24.02,24.03,24.13,24.21,24.18,24.13,24.18,24.27,24.35,24.38,24.40,24.41,24.41,24.40,24.41,24.40,24.38,24.37,24.39,24.40,24.41,24.41,24.40,24.39,24.37,24.34,24.28,24.29,24.10,23.92,23.66,22.63,20.68,18.23,15.51,12.74,10.80,10.22,9.91,9.36,10.19,10.47,10.42,10.66,12.44,16.69,19.99,22.58,24.84,25.17,25.65,26.20,26.74,27.16,27.32,27.10,26.52,25.60,24.80,24.19,23.94,24.07,24.08,24.08,24.06,24.05,24.05,23.99,23.85,23.69,23.53,22.55,21.73,21.16,20.75,19.95,19.59,19.28,19.07,19.14,19.35,19.39,19.32,19.22,19.37,19.42,19.41,19.37,19.34,19.29,19.18,19.05,18.94,18.98,19.01,19.04,19.10,19.24,19.39,19.32,19.11,19.01,18.96,18.92,18.89,18.87,18.82,18.79,18.76,18.73,18.67,18.63,18.58,18.54,18.52,18.48,18.46,18.45,18.42,18.31,18.09,17.70,16.62,13.97,11.18,8.58,6.22,4.26,3.91,3.85,3.85,3.84,3.83,3.84,3.84,3.84,3.83,3.83,3.82,4.44,5.72,6.01,6.05,6.05,6.04,5.97,5.91,5.88,5.86,5.83,5.73,5.65,5.61,5.58,5.52,5.43,5.33,5.23,5.18,5.14,5.16,5.18,5.15,5.03,4.95,4.76,4.58,4.70,4.82,4.91,4.99,5.07,5.14,5.19,5.24,5.27,5.25,5.19,5.12,5.04,4.95,4.88,4.78
3.84,3.84,3.85,3.84,3.85,3.85,3.87,3.96,4.47,6.16,8.33,10.37,12.40,14.43,16.53,18.63,20.59,22.79,24.81,26.69,28.54,29.92,29.37,28.13,26.91,25.80,25.67,25.74,25.83,25.91,25.92,25.91,25.88,25.85,25.90,25.93,26.01,26.13,26.15,26.08,25.99,25.91,25.83,25.87,26.44,27.27,28.02,27.78,27.79,27.83,27.84,27.81,27.42,27.72,27.96,27.41,25.56,24.60,24.22,24.19,24.09,24.02,24.04,24.08,24.08,24.13,24.14,24.16,24.18,24.07,24.07,24.05,24.02,23.99,24.01,24.14,24.23,24.17,24.12,24.18,24.26,24.33,24.35,24.39,24.40,24.41,24.39,24.38,24.39,24.39,24.38,24.39,24.40,24.40,24.39,24.37,24.38,24.37,24.33,24.29,24.21,24.02,23.71,23.19,22.15,20.68,18.33,15.42,12.55,10.52,9.55,9.09,8.78,9.16,9.37,9.46,9.85,11.44,15.79,19.46,22.38,24.70,25.45,26.07,26.63,27.14,27.59,27.94,27.78,27.12,26.09,25.32,24.56,24.12,24.11,23.97,23.93,23.92,23.92,23.98,23.91,23.82,23.54,22.92,22.41,22.12,21.89,21.55,20.76,20.25,19.65,19.17,19.19,19.31,19.33,19.30,19.27,19.39,19.43,19.42,19.37,19.33,19.26,19.11,18.97,18.93,18.95,18.97,18.98,19.00,19.08,19.17,19.14,19.03,18.96,18.94,18.90,18.88,18.85,18.81,18.78,18.75,18.71,18.66,18.63,18.58,18.53,18.51,18.47,18.41,18.34,18.31,18.37,18.19,17.39,15.80,13.21,10.43,7.83,5.96,3.99,3.86,3.85,3.85,3.83,3.84,3.83,3.83,3.83,3.83,3.83,3.82,4.51,5.90,6.06,6.09,6.11,6.10,5.99,5.93,5.91,5.89,5.85,5.76,5.68,5.62,5.57,5.50,5.44,5.36,5.29,5.22,5.18,5.17,5.15,5.10,5.01,4.80,4.67,4.65,4.76,4.87,4.95,5.04,5.12,5.18,5.23,5.26,5.27,5.23,5.17,5.11,5.03,4.93,4.85,4.74
3.84,3.84,3.86,3.85,3.85,3.85,3.86,3.86,3.99,5.47,7.58,9.67,11.60,13.61,15.67,17.70,19.55,21.57,23.68,25.80,27.86,29.87,29.85,28.79,27.36,25.94,25.66,25.68,25.76,25.85,25.86,25.82,25.76,25.74,25.78,25.79,25.82,25.88,25.92,25.85,25.77,25.69,25.63,25.76,26.09,26.61,27.23,27.58,27.71,27.84,27.98,28.08,27.57,27.72,27.77,27.02,25.60,24.67,24.24,24.19,24.09,24.04,24.07,24.12,24.09,24.16,24.13,24.12,24.14,24.05,24.08,24.09,24.06,23.97,24.00,24.15,24.25,24.17,24.14,24.20,24.27,24.32,24.34,24.38,24.40,24.41,24.39,24.37,24.39,24.40,24.38,24.38,24.39,24.39,24.37,24.34,24.37,24.37,24.34,24.30,24.15,23.97,23.54,22.80,21.78,20.66,18.49,15.59,12.67,10.61,9.26,8.60,8.51,8.51,8.63,8.81,9.28,10.54,14.95,18.89,22.08,24.49,25.70,26.56,27.18,27.65,28.12,28.56,28.37,27.59,26.45,25.67,24.83,24.35,24.38,24.19,24.07,24.00,23.97,23.95,23.87,23.83,23.53,22.74,22.66,22.73,22.69,22.40,21.65,20.99,20.12,19.34,19.21,19.27,19.27,19.27,19.30,19.39,19.42,19.41,19.37,19.29,19.20,19.04,18.91,18.93,18.95,18.96,18.96,18.97,18.99,19.00,19.01,19.01,18.97,18.93,18.89,18.86,18.84,18.80,18.77,18.73,18.69,18.65,18.62,18.57,18.53,18.49,18.46,18.36,18.26,18.21,18.34,18.16,16.99,14.92,12.40,9.67,7.11,5.59,3.84,3.84,3.84,3.84,3.83,3.84,3.83,3.83,3.83,3.83,3.83,3.90,4.63,5.98,6.11,6.13,6.16,6.15,6.00,5.97,5.93,5.89,5.85,5.77,5.69,5.62,5.56,5.48,5.45,5.40,5.34,5.26,5.22,5.18,5.13,5.07,5.00,4.70,4.61,4.71,4.82,4.91,5.00,5.08,5.17,5.22,5.26,5.28,5.27,5.22,5.16,5.09,5.01,4.91,4.81,4.70
3.84,3.85,3.86,3.86,3.84,3.85,3.86,3.85,3.85,5.00,6.84,8.89,11.00,13.08,15.06,16.93,18.82,20.73,22.78,24.89,27.00,29.33,29.80,29.06,27.63,26.21,25.75,25.67,25.74,25.77,25.72,25.69,25.64,25.58,25.57,25.60,25.66,25.73,25.73,25.66,25.60,25.54,25.51,25.55,25.52,25.58,25.80,26.14,26.20,26.52,27.08,27.64,27.73,27.87,27.56,26.47,25.42,24.66,24.28,24.21,24.17,24.08,24.12,24.19,24.14,24.13,24.11,24.11,24.12,24.06,24.08,24.10,24.08,23.99,24.04,24.17,24.26,24.23,24.21,24.24,24.28,24.32,24.35,24.38,24.41,24.42,24.38,24.39,24.39,24.39,24.37,24.35,24.38,24.38,24.36,24.35,24.36,24.37,24.37,24.35,24.17,23.98,23.51,22.69,21.61,20.49,18.67,16.13,13.02,10.98,9.43,8.58,8.45,8.47,8.53,8.62,8.91,9.73,14.33,18.36,21.59,24.16,25.80,27.07,27.92,28.39,28.88,29.16,28.71,27.68,26.46,25.62,24.85,24.65,25.17,25.20,24.87,24.61,24.42,24.02,23.96,23.94,23.86,23.68,23.77,23.76,23.59,23.22,22.55,21.74,20.67,19.64,19.16,19.23,19.25,19.23,19.23,19.35,19.40,19.40,19.34,19.23,19.14,19.02,18.92,18.91,18.93,18.95,18.96,18.97,18.98,19.00,19.00,18.99,18.96,18.93,18.90,18.86,18.81,18.78,18.75,18.71,18.67,18.63,18.60,18.56,18.52,18.48,18.44,18.34,18.22,18.12,18.05,17.73,16.29,13.96,11.47,8.84,6.43,5.02,3.84,3.85,3.85,3.85,3.85,3.84,3.84,3.83,3.83,3.84,3.84,4.57,5.14,6.06,6.13,6.14,6.16,6.15,6.03,6.01,5.92,5.84,5.79,5.75,5.64,5.57,5.53,5.51,5.49,5.45,5.38,5.31,5.24,5.21,5.18,5.11,4.99,4.72,4.65,4.76,4.86,4.94,5.03,5.12,5.20,5.25,5.28,5.28,5.27,5.23,5.16,5.07,4.98,4.89,4.76,4.65
3.85,3.85,3.86,3.86,3.84,3.84,3.85,3.83,3.81,4.46,5.94,8.21,10.31,12.35,14.30,16.17,18.08,20.06,22.17,24.39,26.66,29.10,29.66,29.04,27.76,26.24,25.79,25.69,25.71,25.70,25.65,25.64,25.63,25.58,25.55,25.56,25.59,25.61,25.55,25.52,25.49,25.45,25.43,25.44,25.33,25.24,25.27,25.46,25.46,25.66,26.05,26.42,26.56,26.64,26.46,25.86,25.15,24.59,24.29,24.22,24.18,24.09,24.12,24.19,24.16,24.16,24.14,24.14,24.16,24.08,24.06,24.05,24.02,23.97,24.03,24.16,24.25,24.22,24.18,24.22,24.29,24.34,24.35,24.38,24.40,24.40,24.38,24.38,24.39,24.38,24.37,24.35,24.37,24.37,24.36,24.35,24.36,24.36,24.37,24.36,24.21,23.98,23.44,22.54,21.44,20.33,18.74,16.42,13.15,11.11,9.56,8.65,8.40,8.43,8.43,8.45,8.69,9.51,14.35,18.23,21.24,23.83,25.58,27.13,28.24,28.85,29.11,29.06,28.41,27.36,26.32,25.49,25.02,25.09,25.65,25.75,25.47,25.26,25.02,24.19,24.02,24.18,24.46,24.64,24.82,24.72,24.44,24.00,23.32,22.50,21.45,20.31,19.30,19.21,19.21,19.23,19.24,19.32,19.37,19.37,19.31,19.21,19.07,18.97,18.92,18.91,18.92,18.93,18.94,18.96,18.97,18.98,18.99,18.97,18.95,18.91,18.88,18.85,18.80,18.76,18.73,18.69,18.66,18.62,18.58,18.55,18.52,18.47,18.42,18.30,18.17,18.00,17.48,16.60,15.12,13.05,10.60,8.00,6.30,4.86,3.85,3.85,3.85,3.85,3.85,3.87,3.85,3.84,3.85,3.84,3.84,5.15,5.48,6.12,6.16,6.18,6.17,6.13,6.04,5.97,5.88,5.79,5.74,5.72,5.63,5.57,5.54,5.54,5.52,5.49,5.43,5.36,5.28,5.23,5.18,5.09,4.93,4.73,4.70,4.80,4.89,4.97,5.07,5.16,5.23,5.28,5.30,5.30,5.27,5.22,5.14,5.05,4.95,4.85,4.73,4.60
3.85,3.85,3.85,3.85,3.84,3.84,3.84,3.81,3.82,3.96,5.06,7.55,9.58,11.56,13.50,15.41,17.34,19.46,21.69,24.03,26.47,29.00,29.51,28.95,27.86,26.22,25.82,25.73,25.69,25.65,25.61,25.64,25.68,25.70,25.68,25.68,25.69,25.68,25.59,25.58,25.54,25.47,25.38,25.36,25.29,25.20,25.13,25.13,25.08,25.08,25.09,25.06,25.05,25.06,25.14,25.25,24.86,24.50,24.29,24.22,24.16,24.10,24.12,24.16,24.18,24.19,24.18,24.18,24.21,24.10,24.04,24.00,23.96,23.94,24.01,24.14,24.24,24.19,24.13,24.19,24.29,24.36,24.36,24.37,24.38,24.38,24.37,24.37,24.38,24.38,24.37,24.37,24.36,24.36,24.36,24.35,24.36,24.35,24.35,24.36,24.23,23.96,23.35,22.38,21.28,20.20,18.78,16.62,13.31,11.22,9.69,8.75,8.36,8.38,8.36,8.33,8.53,9.45,14.49,18.19,20.94,23.53,25.27,26.99,28.35,29.14,29.06,28.65,27.85,26.89,26.11,25.37,25.29,25.59,26.02,26.13,26.00,25.93,25.67,24.48,24.14,24.51,25.14,25.59,25.80,25.62,25.24,24.74,24.02,23.24,22.31,21.14,19.62,19.21,19.16,19.23,19.26,19.30,19.34,19.34,19.28,19.21,19.00,18.91,18.91,18.93,18.92,18.92,18.93,18.95,18.96,18.97,18.98,18.96,18.94,18.89,18.86,18.83,18.79,18.75,18.71,18.68,18.65,18.61,18.56,18.54,18.51,18.46,18.38,18.25,18.12,17.86,16.79,15.24,13.77,12.13,9.76,7.17,5.20,4.07,3.86,3.84,3.85,3.84,3.85,3.91,3.86,3.85,3.87,3.84,3.84,5.87,5.98,6.18,6.20,6.23,6.18,6.09,6.03,5.91,5.83,5.76,5.69,5.69,5.63,5.58,5.56,5.58,5.55,5.52,5.48,5.41,5.32,5.24,5.16,5.04,4.84,4.73,4.75,4.84,4.92,5.02,5.12,5.21,5.25,5.30,5.32,5.31,5.26,5.20,5.12,5.03,4.92,4.81,4.70,4.57
3.85,3.85,3.85,3.86,3.85,3.85,3.85,3.85,3.84,3.88,4.70,6.72,8.86,10.91,12.86,14.76,16.70,19.00,21.31,23.63,25.97,28.85,29.52,29.12,28.23,26.61,25.98,25.79,25.79,25.73,25.63,25.72,25.94,26.22,26.33,26.50,26.75,27.05,27.28,26.94,26.58,26.12,25.42,25.39,25.30,25.23,25.19,25.22,25.15,25.08,25.02,24.93,24.91,24.90,24.88,24.81,24.58,24.39,24.28,24.24,24.20,24.13,24.12,24.15,24.19,24.16,24.18,24.19,24.15,24.13,24.12,24.09,24.03,23.95,24.01,24.15,24.26,24.23,24.18,24.21,24.27,24.33,24.33,24.36,24.37,24.37,24.34,24.35,24.38,24.39,24.37,24.36,24.37,24.38,24.37,24.33,24.34,24.35,24.34,24.26,24.10,23.87,23.29,22.31,21.26,20.22,18.85,16.96,14.34,11.98,9.95,8.67,8.29,8.33,8.46,8.49,8.52,8.86,13.73,17.61,20.68,23.46,25.16,26.70,28.06,29.00,28.54,27.96,27.29,26.56,25.85,25.50,25.78,26.24,26.53,26.50,26.63,26.69,26.41,25.26,24.79,25.11,25.79,26.33,26.46,26.25,25.83,25.28,24.58,23.92,23.12,22.09,20.66,19.37,19.08,19.17,19.18,19.30,19.34,19.33,19.26,19.16,19.01,18.95,18.94,18.95,18.95,18.94,18.94,18.94,18.95,18.97,18.97,18.96,18.93,18.90,18.86,18.82,18.79,18.74,18.70,18.67,18.64,18.59,18.54,18.51,18.48,18.43,18.26,18.14,18.05,17.75,16.13,14.27,12.56,10.92,9.01,6.37,4.70,3.93,3.87,3.85,3.84,3.85,3.85,3.85,3.85,3.84,3.85,3.86,3.83,5.96,6.04,6.21,6.19,6.18,6.10,6.01,5.96,5.85,5.79,5.75,5.70,5.65,5.62,5.61,5.61,5.61,5.57,5.53,5.48,5.44,5.33,5.24,5.13,4.99,4.69,4.68,4.75,4.86,4.98,5.07,5.17,5.24,5.27,5.33,5.32,5.29,5.25,5.18,5.09,5.00,4.91,4.80,4.67,4.69
3.85,3.85,3.85,3.86,3.85,3.85,3.85,3.86,3.85,3.85,4.41,5.95,8.16,10.21,12.19,14.16,16.17,18.49,20.84,23.17,25.44,28.57,29.67,29.17,27.62,26.59,26.00,25.81,25.85,25.89,26.24,26.52,26.82,27.17,27.41,27.68,27.98,28.27,28.58,28.19,27.73,27.11,26.15,25.84,25.48,25.26,25.26,25.28,25.21,25.13,25.03,24.88,24.79,24.77,24.72,24.57,24.45,24.34,24.27,24.25,24.23,24.15,24.11,24.11,24.15,24.14,24.16,24.16,24.11,24.12,24.12,24.10,24.05,24.01,24.04,24.17,24.28,24.26,24.22,24.21,24.25,24.31,24.32,24.35,24.37,24.36,24.34,24.34,24.36,24.37,24.37,24.36,24.37,24.38,24.37,24.33,24.34,24.36,24.32,24.19,24.02,23.81,23.26,22.32,21.29,20.25,18.96,17.22,14.85,12.35,10.27,8.90,8.36,8.37,8.50,8.55,8.52,8.52,12.93,16.97,20.38,23.21,24.85,26.39,27.88,28.95,28.20,27.43,26.76,26.23,25.87,26.00,26.51,27.03,27.29,27.06,27.09,27.12,26.86,25.86,25.40,25.68,26.32,26.86,26.93,26.80,26.38,25.71,25.06,24.53,23.81,22.83,21.54,19.64,19.03,19.02,19.07,19.28,19.36,19.34,19.25,19.15,19.05,18.99,18.96,18.96,18.96,18.96,18.96,18.95,18.97,18.98,18.97,18.95,18.91,18.89,18.85,18.81,18.78,18.73,18.69,18.66,18.62,18.57,18.54,18.50,18.45,18.39,18.16,18.01,17.88,17.49,15.59,13.49,11.56,9.80,8.10,5.68,4.35,3.86,3.87,3.86,3.85,3.85,3.85,3.83,3.85,3.84,3.84,3.87,4.22,5.90,6.11,6.22,6.18,6.12,6.04,5.96,5.91,5.82,5.77,5.74,5.71,5.65,5.64,5.65,5.65,5.64,5.57,5.52,5.49,5.45,5.34,5.24,5.12,4.96,4.65,4.69,4.79,4.89,5.01,5.12,5.20,5.27,5.31,5.35,5.33,5.29,5.24,5.16,5.07,4.98,4.89,4.77,4.62,4.75
3.84,3.84,3.85,3.86,3.85,3.84,3.83,3.85,3.85,3.84,4.20,5.24,7.46,9.48,11.50,13.59,15.76,17.94,20.28,22.65,24.90,28.18,29.95,29.10,26.13,26.20,25.91,25.79,25.88,26.13,27.37,27.99,28.27,28.50,28.87,29.19,29.34,29.37,29.54,29.35,29.00,28.42,27.51,26.69,25.80,25.30,25.32,25.32,25.28,25.22,25.12,24.90,24.68,24.67,24.67,24.52,24.45,24.35,24.27,24.25,24.24,24.15,24.09,24.06,24.07,24.11,24.12,24.11,24.09,24.08,24.07,24.04,24.03,24.13,24.11,24.19,24.28,24.29,24.25,24.22,24.24,24.30,24.31,24.35,24.37,24.37,24.35,24.33,24.32,24.33,24.37,24.37,24.36,24.36,24.37,24.35,24.36,24.36,24.31,24.14,23.98,23.77,23.26,22.40,21.36,20.31,19.10,17.41,14.88,12.37,10.64,9.41,8.53,8.48,8.49,8.54,8.56,8.39,12.09,16.26,20.04,22.80,24.36,26.07,27.79,29.00,28.03,27.03,26.27,25.91,26.16,26.84,27.46,27.96,28.27,27.77,27.41,27.24,27.06,26.29,25.96,26.21,26.75,27.21,27.23,27.28,26.89,26.04,25.48,25.08,24.39,23.41,22.27,20.01,19.01,18.79,18.92,19.25,19.38,19.37,19.27,19.17,19.13,19.06,18.99,18.95,18.97,18.98,18.98,18.97,19.01,18.99,18.96,18.94,18.88,18.87,18.84,18.80,18.77,18.71,18.68,18.64,18.59,18.55,18.54,18.50,18.42,18.33,18.09,17.86,17.62,17.11,15.15,12.89,10.73,8.77,7.04,5.10,4.15,3.86,3.85,3.86,3.87,3.87,3.86,3.84,3.85,3.85,3.84,3.88,5.33,5.79,6.16,6.23,6.15,6.05,5.98,5.93,5.86,5.81,5.76,5.74,5.73,5.69,5.68,5.69,5.70,5.64,5.55,5.50,5.48,5.45,5.35,5.26,5.13,4.95,4.71,4.75,4.85,4.94,5.03,5.15,5.24,5.31,5.36,5.36,5.34,5.29,5.23,5.13,5.05,4.96,4.84,4.72,4.55,4.74
3.85,3.85,3.84,3.85,3.85,3.85,3.85,3.84,3.84,3.85,3.99,4.53,6.86,8.85,10.84,12.93,15.14,17.23,19.55,21.95,24.21,26.63,29.21,29.90,28.10,26.22,26.16,26.81,27.53,27.60,28.50,28.98,29.16,29.15,28.65,28.19,28.13,28.49,29.03,28.76,28.41,27.99,27.45,27.02,26.30,25.65,25.32,25.32,25.25,25.20,25.17,25.06,24.92,24.85,24.76,24.58,24.46,24.40,24.39,24.39,24.33,24.18,24.13,24.15,24.11,24.14,24.16,24.15,24.12,24.06,24.05,24.03,24.04,24.17,24.17,24.22,24.28,24.30,24.25,24.21,24.22,24.26,24.28,24.33,24.36,24.36,24.33,24.34,24.33,24.34,24.37,24.37,24.38,24.38,24.38,24.36,24.36,24.36,24.32,24.21,24.07,23.75,23.17,22.32,21.39,20.46,19.15,17.33,14.96,12.64,10.94,9.57,8.47,8.55,8.62,8.61,8.53,8.45,12.17,16.21,19.79,22.41,24.36,26.64,28.38,29.07,28.13,27.11,26.53,26.46,26.84,27.46,28.00,28.35,28.41,27.93,27.49,27.19,26.92,26.40,26.19,26.46,26.90,27.15,27.18,27.22,26.94,26.32,25.80,25.47,24.85,23.94,22.94,21.08,19.69,18.90,18.72,19.01,19.25,19.34,19.30,19.24,19.21,19.17,19.13,19.08,19.02,19.01,18.99,18.96,18.99,18.97,18.95,18.92,18.87,18.86,18.82,18.78,18.75,18.70,18.67,18.63,18.59,18.55,18.52,18.48,18.39,18.23,17.99,17.81,17.47,16.65,14.45,12.15,9.99,8.00,6.13,4.71,4.05,3.86,3.87,3.87,3.86,3.86,3.86,3.84,3.85,3.84,3.86,3.98,5.71,5.98,6.19,6.18,6.08,6.00,5.94,5.89,5.83,5.83,5.80,5.76,5.75,5.73,5.71,5.71,5.70,5.64,5.58,5.54,5.50,5.44,5.33,5.22,5.03,4.76,4.71,4.79,4.88,4.98,5.08,5.18,5.27,5.33,5.37,5.35,5.33,5.28,5.20,5.11,5.02,4.93,4.82,4.69,4.73,4.83
3.85,3.85,3.84,3.84,3.85,3.86,3.85,3.84,3.84,3.84,3.84,4.04,6.21,8.17,10.15,12.23,14.48,16.54,18.84,21.26,23.57,25.45,28.58,30.45,29.79,26.97,26.95,27.75,28.62,28.96,29.22,29.21,29.05,28.77,27.83,27.06,26.90,27.37,28.02,27.76,27.53,27.37,27.15,27.11,26.53,25.85,25.38,25.33,25.24,25.19,25.19,25.18,25.09,25.00,24.87,24.68,24.53,24.50,24.52,24.52,24.45,24.28,24.24,24.24,24.16,24.18,24.22,24.23,24.19,24.11,24.08,24.06,24.06,24.17,24.21,24.25,24.29,24.31,24.23,24.19,24.19,24.22,24.22,24.27,24.30,24.30,24.30,24.32,24.33,24.34,24.35,24.36,24.38,24.38,24.38,24.35,24.35,24.34,24.31,24.25,24.11,23.75,23.12,22.28,21.38,20.45,19.05,17.18,14.99,12.92,11.26,9.79,8.53,8.62,8.71,8.66,8.53,8.51,12.14,16.08,19.56,22.11,24.31,26.84,28.59,29.06,28.22,27.22,26.78,26.92,27.47,27.96,28.35,28.52,28.38,27.94,27.54,27.18,26.84,26.50,26.42,26.67,26.98,27.09,27.12,27.13,26.96,26.56,26.07,25.80,25.25,24.42,23.47,22.03,20.47,19.21,18.61,18.85,19.14,19.29,19.31,19.30,19.30,19.28,19.24,19.18,19.06,19.02,19.00,18.96,18.96,18.96,18.94,18.90,18.86,18.84,18.81,18.77,18.73,18.69,18.66,18.62,18.58,18.54,18.51,18.46,18.35,18.14,17.93,17.79,17.31,16.15,13.79,11.46,9.29,7.28,5.40,4.38,3.96,3.87,3.87,3.87,3.86,3.86,3.85,3.84,3.84,3.83,3.92,4.25,6.04,6.15,6.20,6.13,6.03,5.96,5.90,5.85,5.82,5.85,5.82,5.78,5.76,5.76,5.74,5.73,5.71,5.64,5.61,5.57,5.51,5.43,5.31,5.19,4.96,4.64,4.73,4.82,4.92,5.02,5.12,5.22,5.29,5.35,5.38,5.35,5.31,5.25,5.16,5.08,4.99,4.89,4.78,4.64,4.87,4.91
3.85,3.84,3.84,3.83,3.84,3.85,3.85,3.86,3.85,3.84,3.84,3.98,5.47,7.39,9.39,11.45,13.77,15.91,18.20,20.60,23.02,25.17,28.32,30.41,30.44,29.10,28.74,28.37,28.38,29.90,29.13,28.05,27.06,26.45,26.10,26.03,26.02,26.04,26.24,26.18,26.38,26.63,26.61,26.80,26.23,25.70,25.57,25.35,25.28,25.22,25.17,25.16,25.10,25.05,24.97,24.84,24.74,24.69,24.65,24.62,24.61,24.54,24.45,24.33,24.18,24.25,24.33,24.37,24.34,24.30,24.20,24.14,24.11,24.06,24.21,24.28,24.29,24.29,24.19,24.14,24.15,24.18,24.11,24.12,24.13,24.15,24.24,24.29,24.30,24.29,24.30,24.32,24.33,24.35,24.34,24.30,24.30,24.29,24.26,24.21,24.05,23.75,23.19,22.33,21.28,20.11,18.68,16.96,14.95,13.20,11.64,10.18,8.87,8.69,8.71,8.67,8.57,8.54,11.76,15.70,19.37,21.97,24.11,26.20,27.92,28.90,28.23,27.30,26.87,27.08,27.93,28.27,28.40,28.34,28.10,27.74,27.55,27.27,26.91,26.61,26.69,26.84,26.99,27.07,27.11,27.09,26.99,26.76,26.26,26.02,25.57,24.82,23.77,22.67,21.31,19.88,18.66,18.85,19.06,19.21,19.29,19.33,19.38,19.37,19.31,19.20,19.06,19.02,19.00,18.97,18.95,18.94,18.92,18.89,18.85,18.83,18.80,18.77,18.71,18.68,18.65,18.61,18.57,18.53,18.49,18.42,18.31,18.12,17.93,17.78,17.11,15.62,13.22,10.89,8.65,6.63,4.96,4.17,3.89,3.86,3.85,3.85,3.86,3.85,3.84,3.82,3.84,3.81,4.04,4.85,6.20,6.20,6.16,6.08,6.00,5.94,5.88,5.85,5.85,5.82,5.79,5.77,5.77,5.78,5.76,5.75,5.73,5.67,5.61,5.56,5.50,5.40,5.29,5.16,4.96,4.71,4.78,4.87,4.98,5.08,5.18,5.26,5.32,5.36,5.38,5.34,5.29,5.22,5.13,5.05,4.95,4.84,4.71,4.56,4.88,4.93
3.84,3.84,3.84,3.84,3.85,3.85,3.85,3.87,3.85,3.84,3.84,3.93,4.73,6.69,8.75,10.70,12.99,15.32,17.64,20.02,22.51,24.90,27.37,29.17,29.94,29.81,28.57,27.47,27.10,28.04,27.52,26.79,26.09,25.62,25.60,25.77,25.76,25.57,25.60,25.68,25.90,26.15,26.28,26.39,26.18,26.10,26.25,25.78,25.45,25.28,25.21,25.15,25.12,25.11,25.09,25.03,24.87,24.81,24.75,24.69,24.67,24.62,24.57,24.53,24.48,24.45,24.47,24.50,24.50,24.47,24.40,24.29,24.16,24.06,24.24,24.30,24.27,24.22,24.14,24.09,24.08,24.10,24.05,24.07,24.03,23.99,24.06,24.20,24.21,24.19,24.19,24.22,24.23,24.23,24.21,24.14,24.15,24.14,24.11,24.02,23.92,23.74,23.17,22.15,20.98,19.73,18.35,16.77,14.89,13.09,11.61,10.31,9.16,8.73,8.69,8.64,8.55,8.54,11.82,15.63,19.13,21.71,23.78,25.67,27.44,28.76,28.20,27.34,26.93,27.19,28.18,28.52,28.40,28.11,27.85,27.63,27.55,27.34,26.99,26.76,26.82,26.89,26.97,27.06,27.04,27.00,26.93,26.78,26.44,26.24,25.85,25.16,24.09,23.07,21.85,20.54,19.36,19.09,18.94,18.97,19.15,19.31,19.45,19.47,19.37,19.15,19.05,19.01,18.99,18.98,18.95,18.94,18.91,18.88,18.84,18.81,18.79,18.75,18.70,18.67,18.63,18.59,18.55,18.53,18.48,18.39,18.25,18.06,17.88,17.71,16.88,15.12,12.70,10.37,8.11,6.28,4.87,4.02,3.87,3.87,3.85,3.85,3.86,3.85,3.84,3.83,3.84,3.82,4.20,5.40,6.20,6.19,6.13,6.09,5.97,5.92,5.87,5.84,5.83,5.80,5.78,5.77,5.78,5.79,5.79,5.80,5.79,5.72,5.64,5.57,5.49,5.39,5.28,5.08,4.88,4.76,4.84,4.93,5.02,5.13,5.22,5.28,5.33,5.36,5.36,5.33,5.27,5.19,5.11,5.02,4.91,4.80,4.71,4.70,4.89,4.91
3.84,3.83,3.84,3.85,3.85,3.85,3.86,3.87,3.85,3.85,3.85,3.89,4.08,6.07,8.16,10.02,12.23,14.74,17.12,19.49,22.03,24.62,26.25,27.58,28.87,29.59,27.64,26.20,25.69,25.64,25.69,25.67,25.54,25.32,25.49,25.72,25.67,25.38,25.36,25.54,25.67,25.82,26.06,26.12,26.37,26.77,27.09,26.22,25.61,25.33,25.26,25.15,25.16,25.20,25.24,25.23,24.98,24.90,24.83,24.76,24.71,24.63,24.65,24.75,24.82,24.67,24.61,24.61,24.64,24.60,24.59,24.44,24.22,24.12,24.28,24.31,24.25,24.17,24.09,24.05,24.03,24.03,24.02,24.06,23.97,23.85,23.87,24.10,24.12,24.07,24.07,24.10,24.11,24.10,24.06,23.98,23.98,23.99,23.94,23.83,23.79,23.72,23.11,21.91,20.65,19.38,18.08,16.61,14.83,12.87,11.41,10.25,9.30,8.75,8.67,8.62,8.54,8.51,11.98,15.64,18.88,21.40,23.47,25.25,27.08,28.66,28.18,27.37,26.98,27.23,28.21,28.61,28.30,27.83,27.60,27.51,27.51,27.35,27.06,26.90,26.89,26.90,26.94,27.03,26.96,26.91,26.85,26.75,26.62,26.46,26.10,25.44,24.40,23.39,22.29,21.22,20.28,19.52,18.90,18.74,18.98,19.26,19.48,19.53,19.40,19.10,19.03,19.00,18.98,18.98,18.96,18.94,18.91,18.87,18.83,18.80,18.77,18.73,18.69,18.66,18.62,18.58,18.54,18.53,18.47,18.36,18.19,18.00,17.82,17.60,16.62,14.64,12.21,9.90,7.60,5.91,4.08,3.91,3.87,3.87,3.84,3.86,3.85,3.85,3.85,3.83,3.84,3.85,4.34,5.87,6.17,6.17,6.12,6.13,5.97,5.91,5.87,5.83,5.80,5.78,5.77,5.77,5.78,5.80,5.84,5.86,5.85,5.77,5.68,5.58,5.48,5.38,5.26,4.98,4.79,4.81,4.90,4.98,5.06,5.17,5.26,5.30,5.33,5.35,5.34,5.32,5.25,5.17,5.08,4.98,4.87,4.76,4.72,4.88,4.89,4.89
3.84,3.83,3.85,3.86,3.85,3.86,3.87,3.85,3.86,3.85,3.84,3.86,3.94,5.68,7.73,9.68,11.69,14.16,16.65,19.13,21.60,24.24,25.49,26.20,26.79,26.94,26.26,25.77,25.58,25.54,25.53,25.51,25.40,25.16,25.21,25.38,25.36,25.17,25.27,25.41,25.61,25.81,25.96,26.79,27.47,27.90,27.80,25.99,25.49,25.34,25.28,25.21,25.34,25.45,25.51,25.49,25.20,25.03,24.93,24.85,24.75,24.67,24.68,24.74,24.77,24.74,24.69,24.66,24.67,24.59,24.55,24.45,24.32,24.29,24.34,24.32,24.27,24.24,24.15,24.10,24.08,24.07,24.06,24.06,23.99,23.90,23.89,24.05,24.05,23.99,23.96,24.01,24.05,24.03,23.97,23.98,23.97,23.97,23.95,23.90,23.83,23.65,22.96,21.74,20.52,19.29,18.02,16.56,14.75,12.81,11.03,9.57,8.64,8.67,8.70,8.71,8.63,8.34,11.87,15.49,18.63,21.02,23.56,25.27,27.06,28.77,28.30,27.47,26.97,26.96,27.45,27.91,27.75,27.46,27.39,27.19,27.16,27.08,26.96,26.93,26.93,26.91,26.91,26.96,26.90,26.88,26.84,26.77,26.82,26.62,26.19,25.54,24.65,23.73,22.84,22.01,21.28,20.51,19.39,18.78,18.82,19.17,19.38,19.39,19.25,19.08,19.02,18.98,18.97,18.97,18.94,18.92,18.90,18.86,18.82,18.79,18.75,18.71,18.68,18.64,18.61,18.57,18.53,18.51,18.48,18.37,18.22,18.04,17.88,17.45,16.30,14.30,11.86,9.51,7.09,5.28,3.96,3.88,3.86,3.86,3.84,3.85,3.85,3.84,3.83,3.83,3.84,3.85,4.38,6.03,6.20,6.18,6.15,6.19,6.06,5.98,5.89,5.81,5.84,5.77,5.76,5.78,5.81,5.88,5.90,5.90,5.88,5.82,5.72,5.60,5.47,5.36,5.22,4.93,4.77,4.86,4.97,5.03,5.10,5.18,5.26,5.31,5.33,5.34,5.32,5.26,5.19,5.12,5.03,4.91,4.82,4.70,4.67,4.89,4.88,4.90
3.83,3.84,3.86,3.85,3.85,3.87,3.89,3.85,3.86,3.85,3.84,3.85,3.86,5.29,7.21,9.22,11.14,13.50,16.00,18.54,21.07,23.59,24.94,25.55,25.73,25.66,25.57,25.51,25.46,25.41,25.34,25.21,25.00,24.72,24.62,24.72,24.76,24.71,24.84,25.09,25.44,25.75,25.88,26.68,28.11,28.97,28.52,26.61,25.71,25.37,25.32,25.27,25.43,25.58,25.64,25.59,25.38,25.24,25.14,25.03,24.86,24.74,24.71,24.73,24.75,24.76,24.73,24.71,24.71,24.61,24.56,24.51,24.45,24.43,24.38,24.32,24.29,24.29,24.20,24.16,24.13,24.12,24.10,24.04,23.97,23.91,23.91,24.00,23.99,23.95,23.91,23.97,24.01,23.99,23.96,23.98,23.95,23.95,23.94,23.91,23.84,23.62,22.89,21.64,20.42,19.21,17.96,16.52,14.68,12.74,10.78,9.23,8.43,8.65,8.69,8.69,8.62,8.35,11.29,14.90,18.22,20.55,23.04,24.85,26.83,28.76,28.40,27.62,27.05,26.85,27.07,27.39,27.28,27.11,27.08,26.94,26.92,26.88,26.84,26.86,26.87,26.87,26.88,26.90,26.92,26.97,26.98,26.96,27.10,26.90,26.46,25.84,25.09,24.27,23.50,22.77,22.07,21.27,20.10,19.23,18.84,18.85,19.19,19.27,19.17,19.06,19.00,18.98,18.97,18.95,18.93,18.91,18.88,18.85,18.81,18.77,18.73,18.69,18.65,18.62,18.59,18.56,18.52,18.53,18.50,18.41,18.27,18.09,17.75,17.19,15.96,13.91,11.44,9.06,6.67,4.91,3.90,3.86,3.86,3.85,3.84,3.85,3.85,3.84,3.83,3.83,3.84,3.84,4.41,6.14,6.23,6.19,6.16,6.20,6.09,6.01,5.91,5.82,5.82,5.76,5.78,5.82,5.86,5.96,5.98,5.97,5.94,5.85,5.74,5.61,5.47,5.33,5.18,4.92,4.80,4.92,5.03,5.09,5.15,5.22,5.27,5.32,5.33,5.32,5.29,5.21,5.15,5.08,4.99,4.87,4.77,4.71,4.73,4.89,4.88,4.89
3.83,3.84,3.87,3.83,3.86,3.88,3.90,3.88,3.86,3.85,3.85,3.86,3.84,4.90,6.62,8.67,10.57,12.78,15.19,17.77,20.46,22.72,24.55,25.48,25.48,25.47,25.44,25.39,25.32,25.27,25.13,24.80,24.42,24.07,23.78,23.81,23.94,24.07,24.13,24.62,25.19,25.65,25.81,25.94,28.39,29.99,29.24,27.90,26.21,25.41,25.38,25.32,25.45,25.59,25.66,25.57,25.53,25.51,25.44,25.27,25.03,24.83,24.74,24.73,24.74,24.75,24.75,24.75,24.75,24.67,24.62,24.60,24.60,24.56,24.39,24.32,24.31,24.31,24.25,24.21,24.18,24.16,24.14,24.01,23.92,23.90,23.92,23.95,23.95,23.93,23.92,23.97,23.97,23.98,24.00,23.97,23.93,23.92,23.90,23.88,23.82,23.63,22.89,21.61,20.36,19.15,17.91,16.48,14.61,12.67,10.64,9.15,8.56,8.69,8.66,8.59,8.53,8.50,10.36,13.96,17.69,20.00,22.04,24.07,26.43,28.67,28.51,27.81,27.20,26.88,26.98,26.99,26.89,26.76,26.68,26.75,26.75,26.73,26.71,26.71,26.73,26.78,26.83,26.86,27.02,27.17,27.25,27.29,27.44,27.27,26.87,26.31,25.68,24.96,24.25,23.50,22.71,21.84,20.99,20.02,19.02,18.33,18.92,19.17,19.13,19.02,18.99,18.97,18.96,18.93,18.91,18.89,18.86,18.83,18.79,18.75,18.72,18.68,18.63,18.60,18.57,18.54,18.51,18.57,18.53,18.47,18.36,18.13,17.46,16.84,15.60,13.49,10.96,8.57,6.32,4.74,3.91,3.86,3.85,3.85,3.85,3.87,3.85,3.84,3.83,3.84,3.83,3.83,4.44,6.22,6.24,6.19,6.16,6.16,6.06,5.99,5.93,5.86,5.77,5.77,5.82,5.89,5.95,6.06,6.07,6.05,6.00,5.87,5.73,5.61,5.48,5.31,5.13,4.93,4.86,4.97,5.10,5.15,5.21,5.27,5.30,5.33,5.33,5.31,5.26,5.17,5.10,5.03,4.95,4.84,4.72,4.77,4.88,4.89,4.89,4.87
3.85,3.84,3.86,3.84,3.84,3.85,3.86,3.86,3.85,3.85,3.86,3.85,3.85,4.54,6.09,8.23,10.06,12.29,14.66,17.11,19.64,22.07,24.15,25.25,25.27,25.14,24.92,24.72,24.54,24.33,24.15,23.76,23.34,23.00,22.60,22.57,22.73,22.94,23.08,23.78,24.60,25.35,25.87,25.93,27.45,28.91,29.42,28.92,27.43,26.17,25.47,25.41,25.38,25.39,25.43,25.48,25.70,25.65,25.49,25.28,25.06,24.93,24.86,24.84,24.82,24.82,24.82,24.82,24.83,24.83,24.77,24.75,24.72,24.62,24.43,24.37,24.35,24.32,24.29,24.25,24.19,24.12,24.08,23.99,23.94,23.92,23.94,23.96,23.96,23.95,23.94,23.98,24.02,24.04,24.02,24.00,23.99,23.95,23.90,23.85,23.82,23.69,22.98,21.69,20.41,19.15,17.89,16.41,14.42,12.38,10.30,8.89,8.53,8.65,8.62,8.59,8.59,8.54,9.20,12.77,17.11,19.93,21.95,24.09,26.35,28.34,28.62,27.97,27.38,27.02,26.88,26.73,26.62,26.56,26.55,26.62,26.72,26.80,26.83,26.84,26.98,27.03,27.04,27.06,27.24,27.42,27.56,27.65,27.70,27.63,27.27,26.72,26.16,25.44,24.71,23.96,23.18,22.32,21.58,20.67,19.66,18.91,18.89,19.02,19.11,19.01,18.99,18.97,18.95,18.93,18.91,18.88,18.84,18.81,18.77,18.73,18.70,18.67,18.63,18.59,18.56,18.52,18.50,18.56,18.50,18.47,18.39,18.16,17.65,16.80,15.22,12.88,10.54,8.00,6.38,4.20,3.87,3.85,3.85,3.85,3.84,3.86,3.85,3.84,3.84,3.84,3.83,4.53,5.54,6.31,6.22,6.12,6.07,6.06,5.94,5.89,5.86,5.83,5.83,5.87,5.96,6.04,6.05,6.12,6.15,6.12,6.05,5.93,5.80,5.66,5.50,5.31,4.98,4.88,4.91,5.01,5.11,5.17,5.24,5.29,5.33,5.35,5.34,5.30,5.24,5.15,5.08,5.00,4.89,4.81,4.64,4.72,4.90,4.90,4.90,4.90
3.86,3.85,3.85,3.85,3.84,3.84,3.84,3.85,3.84,3.85,3.86,3.85,3.86,4.26,5.63,7.77,9.54,11.72,14.08,16.52,18.94,21.44,23.54,24.64,24.63,24.44,24.10,23.80,23.54,23.26,23.04,22.62,22.18,21.85,21.41,21.34,21.46,21.68,21.85,22.76,23.79,24.81,25.72,25.91,26.62,27.72,28.97,29.64,28.65,27.28,26.07,25.53,25.39,25.28,25.25,25.34,25.64,25.63,25.48,25.28,25.12,25.04,24.99,24.96,24.93,24.91,24.90,24.90,24.90,24.93,24.88,24.86,24.83,24.70,24.48,24.41,24.40,24.35,24.32,24.26,24.18,24.10,24.05,23.99,23.95,23.94,23.97,23.98,23.98,23.98,23.97,23.99,24.04,24.06,24.04,24.01,24.03,23.98,23.91,23.86,23.84,23.74,23.07,21.77,20.48,19.19,17.91,16.41,14.38,12.14,10.03,8.68,8.38,8.53,8.58,8.61,8.62,8.53,8.48,11.93,16.59,19.85,21.98,24.21,26.35,28.11,28.72,28.03,27.41,27.03,26.78,26.49,26.42,26.47,26.56,26.65,26.87,27.04,27.14,27.20,27.37,27.38,27.33,27.34,27.53,27.71,27.87,27.99,27.99,27.94,27.55,26.97,26.51,25.74,25.05,24.35,23.59,22.77,22.11,21.24,20.18,19.29,18.87,18.92,19.08,19.00,19.00,18.98,18.95,18.93,18.90,18.86,18.83,18.80,18.75,18.72,18.69,18.66,18.62,18.58,18.55,18.51,18.49,18.55,18.48,18.45,18.39,18.18,17.83,16.92,15.14,12.58,10.17,7.43,6.20,3.95,3.85,3.85,3.85,3.85,3.85,3.85,3.85,3.86,3.88,3.84,3.83,4.99,6.28,6.34,6.19,6.07,6.01,5.99,5.86,5.83,5.82,5.85,5.91,5.99,6.09,6.15,6.16,6.20,6.22,6.19,6.08,5.96,5.85,5.70,5.51,5.28,4.89,4.86,4.96,5.05,5.13,5.20,5.27,5.32,5.36,5.36,5.34,5.29,5.22,5.12,5.05,4.95,4.83,4.76,4.65,4.74,4.90,4.90,4.90,4.91
3.86,3.86,3.85,3.87,3.85,3.84,3.84,3.85,3.84,3.85,3.86,3.85,3.86,4.09,5.26,7.24,9.01,11.02,13.43,16.01,18.47,20.83,22.58,23.37,23.25,23.14,22.82,22.50,22.24,22.01,21.74,21.34,20.93,20.58,20.24,20.13,20.13,20.21,20.36,21.44,22.64,23.88,25.19,25.82,26.08,26.48,27.49,29.85,29.81,28.92,27.53,25.67,25.55,25.36,25.17,25.12,25.21,25.36,25.39,25.31,25.25,25.17,25.11,25.08,25.06,25.03,25.00,24.98,24.96,24.93,24.91,24.93,24.93,24.79,24.54,24.47,24.46,24.41,24.33,24.22,24.13,24.09,24.04,23.99,23.96,23.96,24.00,24.00,24.01,24.01,24.00,24.01,23.99,24.02,24.06,24.01,24.02,24.00,23.95,23.90,23.85,23.79,23.15,21.87,20.58,19.29,18.00,16.51,14.62,12.01,9.92,8.56,8.03,8.26,8.55,8.65,8.57,8.46,8.53,11.73,16.19,19.71,22.14,24.42,26.45,28.06,28.76,27.88,27.17,26.81,26.67,26.26,26.30,26.54,26.79,26.96,27.30,27.57,27.75,27.92,27.99,27.88,27.73,27.73,27.94,28.07,28.19,28.30,28.34,28.18,27.62,26.94,26.62,25.73,25.20,24.67,23.90,23.19,22.58,21.67,20.46,19.24,18.86,18.89,19.03,18.99,19.02,19.00,18.96,18.93,18.89,18.86,18.82,18.79,18.74,18.70,18.67,18.64,18.61,18.58,18.54,18.50,18.48,18.54,18.46,18.41,18.33,18.15,17.95,17.28,15.59,12.84,9.92,6.85,5.50,3.88,3.86,3.84,3.83,3.84,3.86,3.85,3.86,3.92,3.97,3.85,3.83,5.01,6.30,6.27,6.15,6.07,6.01,5.96,5.87,5.83,5.87,5.97,6.04,6.13,6.16,6.19,6.27,6.31,6.30,6.23,6.10,5.97,5.87,5.71,5.48,5.20,4.93,4.92,5.01,5.09,5.18,5.26,5.31,5.35,5.38,5.37,5.33,5.27,5.18,5.09,5.01,4.91,4.78,4.68,4.80,4.87,4.88,4.88,4.88,4.88
3.85,3.85,3.86,3.87,3.86,3.85,3.84,3.84,3.84,3.85,3.86,3.85,3.85,3.95,4.94,6.77,8.55,10.67,13.09,15.65,18.20,20.35,21.53,21.92,21.75,21.69,21.38,21.09,20.87,20.71,20.38,20.01,19.65,19.32,19.02,18.92,18.87,18.87,19.18,20.14,21.27,22.54,23.98,25.18,25.72,26.09,26.86,29.43,30.26,30.18,29.34,27.72,26.75,25.91,25.33,25.13,25.11,25.25,25.39,25.45,25.37,25.29,25.24,25.21,25.19,25.15,25.09,25.03,24.99,24.97,24.97,24.98,24.97,24.80,24.57,24.49,24.48,24.42,24.35,24.25,24.18,24.14,24.07,24.00,23.97,23.97,24.03,24.01,24.02,24.03,24.03,24.00,23.98,24.00,24.03,23.99,24.00,23.98,23.94,23.91,23.88,23.84,23.23,21.97,20.69,19.41,18.09,16.60,14.73,12.23,10.43,9.16,8.31,8.17,8.43,8.55,8.46,8.36,8.49,11.47,15.76,19.50,22.22,24.54,26.44,27.79,28.22,27.18,26.55,26.39,26.35,26.14,26.27,26.56,26.84,27.03,27.19,27.38,27.61,27.90,27.84,27.65,27.66,28.15,28.32,28.42,28.35,28.18,28.39,28.16,27.41,26.56,26.31,25.74,25.38,24.95,24.25,23.57,22.99,22.08,20.78,19.30,18.96,18.94,19.01,18.99,19.04,19.00,18.95,18.92,18.87,18.84,18.81,18.77,18.72,18.69,18.66,18.63,18.60,18.57,18.53,18.49,18.47,18.56,18.47,18.37,18.25,18.05,17.90,17.24,15.45,12.44,9.23,6.36,5.13,3.86,3.85,3.84,3.83,3.84,3.86,3.85,3.87,3.93,3.98,3.89,4.35,5.42,6.34,6.24,6.16,6.06,5.98,5.95,5.93,5.91,5.95,6.04,6.14,6.23,6.26,6.30,6.35,6.37,6.35,6.27,6.13,5.98,5.85,5.67,5.38,4.98,4.91,4.96,5.06,5.14,5.23,5.31,5.36,5.39,5.42,5.39,5.33,5.25,5.15,5.08,4.98,4.87,4.74,4.66,4.83,4.90,4.88,4.88,4.86,4.88
3.85,3.85,3.86,3.87,3.87,3.85,3.83,3.83,3.85,3.86,3.86,3.84,3.84,3.84,4.63,6.26,8.13,10.40,12.78,15.28,17.87,19.72,20.35,20.38,20.21,20.17,19.89,19.65,19.48,19.36,19.01,18.67,18.36,18.06,17.78,17.69,17.60,17.59,18.04,18.84,19.84,21.07,22.53,24.21,25.19,25.74,26.33,28.53,29.95,30.71,30.76,29.98,28.17,26.65,25.65,25.25,25.13,25.20,25.39,25.57,25.48,25.41,25.36,25.32,25.28,25.23,25.13,25.05,25.00,25.00,25.00,25.01,24.97,24.78,24.59,24.51,24.47,24.42,24.36,24.30,24.25,24.20,24.09,24.02,23.98,23.99,24.06,24.03,24.03,24.05,24.05,23.98,23.97,23.98,23.99,23.97,23.98,23.95,23.92,23.91,23.90,23.88,23.29,22.07,20.79,19.52,18.19,16.66,14.77,12.48,10.97,9.78,8.68,8.14,8.30,8.40,8.33,8.27,8.43,11.25,15.40,19.24,22.16,24.53,26.28,27.30,27.42,26.41,25.95,25.98,26.04,26.06,26.26,26.53,26.78,26.97,26.90,26.95,27.21,27.57,27.42,27.20,27.37,28.26,28.30,28.33,28.08,27.68,28.05,27.79,26.99,26.11,25.89,25.72,25.57,25.23,24.59,23.87,23.31,22.40,21.04,19.39,19.06,18.99,19.00,18.98,19.04,18.99,18.93,18.90,18.84,18.81,18.78,18.74,18.70,18.67,18.65,18.62,18.58,18.55,18.52,18.48,18.48,18.58,18.46,18.34,18.18,17.96,17.81,17.03,15.03,11.79,8.41,6.01,4.91,3.85,3.84,3.83,3.84,3.85,3.86,3.85,3.88,3.92,3.95,3.92,5.41,5.90,6.38,6.24,6.18,6.06,5.96,5.94,5.98,5.98,6.01,6.09,6.23,6.30,6.36,6.40,6.43,6.42,6.39,6.30,6.16,5.99,5.83,5.60,5.27,4.78,4.90,5.00,5.10,5.19,5.28,5.36,5.41,5.43,5.46,5.41,5.33,5.24,5.13,5.06,4.96,4.83,4.71,4.69,4.83,4.90,4.90,4.90,4.86,4.90
3.86,3.86,3.85,3.85,3.85,3.85,3.85,3.85,3.84,3.85,3.85,3.85,3.85,3.85,4.30,5.52,7.84,9.98,12.28,14.68,17.01,18.27,18.65,18.66,18.61,18.58,18.43,18.25,18.08,17.93,17.68,17.38,17.07,16.77,16.55,16.36,16.28,16.36,16.67,17.48,18.45,19.57,20.90,22.44,23.63,24.45,25.08,26.38,27.18,28.50,30.03,30.69,29.22,27.70,26.43,25.59,25.23,25.23,25.34,25.47,25.50,25.50,25.44,25.35,25.25,25.15,25.06,25.00,24.98,24.93,24.91,24.92,24.89,24.74,24.60,24.51,24.45,24.42,24.36,24.29,24.25,24.21,24.11,24.04,24.02,24.05,24.09,24.06,24.04,24.04,24.05,24.00,23.98,23.97,23.97,23.96,23.97,23.95,23.92,23.91,23.90,23.88,23.30,22.11,20.88,19.63,18.29,16.68,14.60,12.42,10.81,9.59,8.61,8.09,8.19,8.27,8.23,8.25,8.40,11.28,15.37,18.85,21.52,24.06,25.62,26.04,26.24,26.02,25.93,25.97,26.03,26.05,26.20,26.36,26.48,26.61,26.50,26.45,26.56,26.90,26.81,26.69,26.70,26.93,26.52,26.33,26.15,26.00,26.37,26.19,26.00,25.82,25.55,25.56,25.72,25.56,24.81,23.89,23.26,22.34,21.01,19.47,19.08,18.98,19.00,18.99,18.99,18.96,18.89,18.82,18.78,18.75,18.73,18.71,18.67,18.65,18.63,18.60,18.57,18.54,18.50,18.50,18.52,18.51,18.38,18.26,18.13,17.99,17.78,16.49,14.14,10.89,7.58,5.34,4.18,3.84,3.83,3.83,3.84,3.84,3.84,3.84,3.86,3.88,3.89,3.87,5.99,6.17,6.37,6.34,6.20,6.11,6.03,5.95,5.96,5.95,6.01,6.12,6.23,6.33,6.40,6.46,6.49,6.43,6.42,6.33,6.16,6.01,5.78,5.50,5.18,4.85,4.98,5.07,5.16,5.25,5.33,5.39,5.44,5.46,5.45,5.40,5.33,5.25,5.14,5.04,4.93,4.81,4.72,4.83,4.87,4.88,4.88,4.88,4.87,4.90
3.86,3.86,3.85,3.84,3.84,3.85,3.86,3.86,3.85,3.84,3.85,3.86,3.86,3.85,4.04,4.90,7.44,9.55,11.79,14.02,16.00,16.81,17.03,17.03,17.02,17.04,16.97,16.85,16.69,16.52,16.32,16.05,15.73,15.44,15.25,14.97,14.89,15.06,15.30,16.10,16.99,18.01,19.21,20.51,21.67,22.54,23.14,24.00,24.70,26.20,28.18,29.69,28.67,27.87,27.11,26.17,25.54,25.28,25.26,25.37,25.51,25.56,25.49,25.36,25.25,25.12,25.02,24.95,24.91,24.86,24.83,24.82,24.82,24.77,24.62,24.53,24.46,24.40,24.34,24.29,24.26,24.23,24.15,24.09,24.09,24.11,24.11,24.10,24.09,24.08,24.04,24.01,24.01,24.00,23.99,23.99,23.99,23.97,23.94,23.92,23.90,23.87,23.28,22.09,20.88,19.66,18.32,16.69,14.52,12.37,10.54,9.19,8.39,8.07,8.17,8.24,8.22,8.28,8.62,11.42,15.22,18.38,20.99,23.63,25.16,25.42,25.66,25.82,25.92,25.97,25.99,26.03,26.07,26.13,26.19,26.25,26.11,25.98,25.96,26.22,26.14,26.06,26.01,25.97,25.59,25.22,24.81,24.46,24.58,24.34,24.50,24.88,25.02,25.50,25.96,25.93,25.15,24.01,23.23,22.28,21.05,19.65,19.14,18.98,19.00,19.00,18.97,18.93,18.85,18.74,18.72,18.69,18.68,18.67,18.65,18.64,18.61,18.59,18.56,18.52,18.49,18.51,18.55,18.45,18.31,18.17,18.05,17.93,17.66,15.86,13.10,9.86,6.71,4.84,3.99,3.83,3.83,3.83,3.83,3.83,3.84,3.84,3.85,3.88,3.97,4.28,6.18,6.37,6.38,6.38,6.24,6.16,6.08,5.98,5.97,6.00,6.07,6.15,6.24,6.33,6.43,6.50,6.53,6.45,6.43,6.34,6.17,6.00,5.72,5.40,5.10,4.92,5.03,5.12,5.21,5.31,5.38,5.43,5.47,5.48,5.45,5.39,5.32,5.23,5.13,5.01,4.91,4.81,4.76,4.89,4.91,4.90,4.89,4.88,4.89,4.90
3.84,3.83,3.84,3.85,3.83,3.83,3.85,3.86,3.85,3.85,3.85,3.86,3.86,3.84,3.83,4.37,6.95,9.12,11.31,13.33,14.89,15.33,15.46,15.45,15.43,15.54,15.54,15.44,15.29,15.11,14.96,14.69,14.37,14.07,13.92,13.54,13.46,13.72,13.94,14.70,15.50,16.39,17.50,18.47,19.44,20.21,20.74,21.45,22.43,23.81,25.56,27.48,27.02,27.42,27.70,26.92,25.97,25.36,25.15,25.28,25.52,25.59,25.52,25.38,25.26,25.12,25.00,24.89,24.79,24.80,24.76,24.73,24.74,24.84,24.64,24.56,24.51,24.39,24.32,24.30,24.28,24.26,24.20,24.16,24.16,24.17,24.14,24.15,24.17,24.14,24.04,24.00,24.05,24.06,24.03,24.04,24.04,24.01,23.98,23.95,23.90,23.85,23.25,22.03,20.82,19.63,18.31,16.68,14.50,12.33,10.17,8.64,8.05,8.07,8.22,8.28,8.28,8.35,9.02,11.63,15.00,17.84,20.53,23.22,24.85,25.23,25.49,25.76,25.92,25.96,25.91,25.99,25.91,25.84,25.89,25.90,25.74,25.53,25.39,25.53,25.44,25.36,25.29,25.24,25.23,24.71,23.89,23.01,22.71,22.32,22.63,23.47,24.34,25.52,26.27,26.33,25.57,24.19,23.21,22.23,21.14,19.89,19.23,18.99,18.99,19.01,18.97,18.91,18.79,18.65,18.65,18.64,18.64,18.64,18.64,18.63,18.60,18.56,18.55,18.50,18.47,18.50,18.55,18.41,18.24,18.07,17.93,17.80,17.50,15.15,11.98,8.72,5.80,4.36,3.84,3.83,3.84,3.84,3.83,3.82,3.83,3.85,3.85,3.90,4.15,5.08,6.14,6.51,6.41,6.40,6.29,6.20,6.12,6.03,6.00,6.11,6.17,6.18,6.26,6.33,6.44,6.53,6.55,6.48,6.44,6.34,6.17,5.97,5.66,5.31,5.04,4.99,5.07,5.16,5.25,5.35,5.44,5.48,5.50,5.49,5.45,5.38,5.29,5.20,5.10,4.99,4.88,4.81,4.80,4.91,4.95,4.95,4.91,4.89,4.92,4.91
3.85,3.85,3.85,3.85,3.85,3.84,3.85,3.85,3.86,3.85,3.85,3.86,3.85,3.85,3.85,4.31,6.45,8.68,10.79,12.51,13.58,13.83,13.94,13.98,14.01,14.10,14.08,13.99,13.85,13.63,13.45,13.22,12.98,12.79,12.55,11.96,11.85,12.24,12.35,13.03,13.82,14.68,15.63,16.41,17.11,17.72,18.30,19.10,20.39,22.00,23.88,26.00,26.67,27.55,28.07,27.71,26.75,25.94,25.37,25.15,25.39,25.56,25.56,25.44,25.29,25.12,25.00,24.90,24.80,24.77,24.75,24.73,24.74,24.84,24.64,24.57,24.53,24.41,24.39,24.38,24.35,24.28,24.26,24.24,24.24,24.23,24.23,24.25,24.26,24.22,24.13,24.07,24.08,24.09,24.09,24.08,24.05,24.00,23.97,23.97,23.93,23.81,23.18,21.99,20.82,19.64,18.35,16.73,14.56,12.37,10.20,8.61,7.97,8.00,8.19,8.30,8.32,8.37,9.10,11.18,14.05,17.00,19.90,22.71,24.49,25.08,25.37,25.61,25.80,25.93,25.97,25.99,25.84,25.73,25.75,25.69,25.54,25.37,25.23,25.26,25.24,25.01,24.63,24.22,24.13,23.42,22.25,21.02,21.00,20.63,20.98,22.04,23.51,25.01,26.19,26.57,25.89,24.54,23.42,22.34,21.24,20.11,19.28,18.98,18.98,18.98,18.94,18.90,18.79,18.63,18.61,18.29,18.12,18.22,18.61,18.62,18.60,18.56,18.53,18.49,18.48,18.50,18.51,18.44,18.27,18.12,17.96,17.75,16.77,14.21,11.05,7.95,5.38,4.23,3.83,3.83,3.83,3.84,3.83,3.82,3.84,3.84,3.85,3.91,4.32,6.02,6.48,6.59,6.48,6.42,6.32,6.26,6.20,6.12,6.17,6.20,6.21,6.22,6.26,6.34,6.45,6.54,6.56,6.54,6.47,6.33,6.12,5.88,5.56,5.21,4.97,5.02,5.12,5.21,5.31,5.41,5.47,5.51,5.51,5.49,5.45,5.35,5.26,5.17,5.08,4.97,4.84,4.82,4.89,4.92,4.94,4.95,4.95,4.93,4.93,4.91
3.85,3.86,3.85,3.85,3.85,3.85,3.84,3.85,3.86,3.85,3.85,3.85,3.85,3.85,3.86,4.21,5.87,8.12,10.09,11.49,12.14,12.31,12.43,12.50,12.56,12.63,12.62,12.54,12.41,12.18,11.99,11.79,11.60,11.41,11.10,10.48,10.38,10.83,10.89,11.46,12.18,12.97,13.77,14.36,14.87,15.39,16.00,16.96,18.60,20.48,22.56,24.87,26.46,27.71,28.44,28.49,27.53,26.59,25.77,25.21,25.27,25.48,25.56,25.48,25.30,25.14,25.01,24.90,24.82,24.77,24.76,24.76,24.78,24.85,24.65,24.57,24.53,24.44,24.44,24.45,24.42,24.34,24.30,24.30,24.29,24.29,24.30,24.34,24.33,24.29,24.24,24.17,24.14,24.13,24.13,24.09,24.03,23.99,23.97,23.98,23.93,23.76,23.11,21.98,20.82,19.66,18.38,16.78,14.62,12.43,10.21,8.59,7.95,7.98,8.18,8.34,8.44,8.57,9.12,10.69,13.12,16.14,19.18,22.20,24.20,24.96,25.26,25.48,25.69,25.87,25.99,25.98,25.81,25.67,25.64,25.55,25.40,25.23,25.07,24.92,24.59,24.07,23.44,22.80,22.43,21.57,20.41,19.35,19.59,19.36,19.69,20.84,22.87,24.60,26.06,26.74,26.31,24.96,23.76,22.63,21.56,20.58,19.69,19.16,18.95,18.95,18.93,18.95,18.92,18.83,18.75,18.30,18.06,18.05,18.17,18.50,18.59,18.56,18.53,18.49,18.48,18.48,18.47,18.45,18.33,18.15,17.95,17.72,16.00,13.19,10.06,7.12,4.88,4.08,3.83,3.84,3.82,3.83,3.83,3.82,3.83,3.84,3.85,3.99,4.59,6.55,6.72,6.68,6.55,6.47,6.38,6.32,6.28,6.23,6.28,6.26,6.24,6.25,6.27,6.35,6.46,6.53,6.54,6.56,6.47,6.30,6.07,5.79,5.46,5.13,4.95,5.06,5.16,5.26,5.36,5.45,5.50,5.53,5.53,5.50,5.43,5.33,5.24,5.15,5.05,4.94,4.84,4.85,4.95,4.93,4.94,4.96,4.97,4.96,4.95,4.93
3.85,3.85,3.84,3.85,3.84,3.85,3.85,3.85,3.85,3.86,3.86,3.84,3.86,3.85,3.85,4.07,5.17,7.39,9.12,10.16,10.52,10.79,10.93,11.02,11.08,11.12,11.16,11.10,10.96,10.78,10.58,10.44,10.24,9.91,9.55,9.15,9.15,9.50,9.63,10.01,10.60,11.28,11.92,12.31,12.79,13.30,13.92,15.12,17.17,19.41,21.75,24.28,26.43,27.89,28.82,29.27,28.31,27.37,26.41,25.53,25.14,25.32,25.48,25.49,25.27,25.19,25.03,24.90,24.85,24.81,24.81,24.84,24.87,24.88,24.68,24.56,24.51,24.48,24.48,24.49,24.49,24.45,24.31,24.30,24.33,24.35,24.36,24.38,24.37,24.36,24.35,24.30,24.23,24.20,24.17,24.04,23.99,23.97,23.97,23.96,23.91,23.68,23.05,22.01,20.85,19.69,18.42,16.82,14.67,12.49,10.20,8.57,8.05,8.03,8.19,8.42,8.69,9.01,9.06,10.12,12.23,15.25,18.32,21.69,24.02,24.90,25.16,25.38,25.59,25.79,25.98,25.96,25.82,25.67,25.60,25.53,25.34,25.13,24.88,24.48,23.24,22.24,21.46,20.79,19.85,18.89,18.27,18.16,18.61,18.69,18.94,19.95,22.50,24.34,25.88,26.82,26.89,25.50,24.28,23.17,22.18,21.43,20.63,19.62,18.88,18.93,18.95,19.10,19.26,19.35,19.14,18.87,18.67,18.25,17.12,18.23,18.58,18.55,18.53,18.48,18.45,18.44,18.45,18.44,18.43,18.18,17.89,17.70,15.14,12.08,8.98,6.21,4.28,3.89,3.83,3.84,3.83,3.83,3.83,3.83,3.82,3.84,3.84,4.18,5.12,6.50,6.79,6.77,6.64,6.56,6.47,6.39,6.34,6.33,6.32,6.29,6.26,6.25,6.28,6.37,6.43,6.48,6.50,6.52,6.42,6.25,6.03,5.72,5.37,5.11,5.01,5.12,5.19,5.29,5.40,5.49,5.53,5.55,5.54,5.49,5.40,5.31,5.22,5.12,5.00,4.91,4.87,4.90,4.96,4.95,4.95,4.96,4.97,4.96,4.97,4.98
3.85,3.85,3.84,3.84,3.85,3.85,3.85,3.85,3.84,3.86,3.86,3.85,3.85,3.85,3.84,3.94,4.44,6.34,7.80,8.65,8.96,9.34,9.44,9.47,9.54,9.64,9.66,9.63,9.54,9.36,9.15,9.02,8.82,8.45,8.22,7.87,7.85,8.17,8.32,8.64,9.13,9.69,10.21,10.37,10.96,11.73,12.63,14.08,16.10,18.46,21.00,23.51,25.95,27.69,28.98,29.91,29.03,27.91,26.68,25.57,25.07,25.24,25.45,25.48,25.20,25.15,25.07,24.95,24.85,24.87,24.88,24.87,24.86,24.83,24.67,24.58,24.52,24.46,24.50,24.51,24.51,24.48,24.32,24.32,24.35,24.38,24.41,24.41,24.41,24.40,24.38,24.34,24.29,24.25,24.19,24.05,23.98,23.94,23.93,23.93,23.87,23.66,23.02,21.96,20.84,19.70,18.45,16.87,14.71,12.55,10.22,8.56,8.02,8.05,8.29,8.54,8.77,8.94,8.90,9.66,11.65,15.08,18.40,21.59,23.83,24.86,25.07,25.28,25.47,25.67,25.87,25.91,25.83,25.69,25.52,25.35,25.11,24.89,24.57,23.76,21.82,20.45,19.61,19.03,17.83,17.08,16.81,16.99,17.38,17.71,18.21,19.41,22.08,24.03,25.83,27.16,27.67,26.59,25.52,24.35,23.11,21.88,20.62,19.65,19.03,18.78,19.02,19.38,19.75,19.99,19.81,19.61,19.42,19.04,18.14,18.45,18.56,18.55,18.53,18.51,18.49,18.49,18.49,18.47,18.46,18.33,17.96,17.20,14.15,11.07,8.11,5.62,4.14,3.87,3.84,3.83,3.83,3.83,3.83,3.82,3.83,3.85,3.85,4.50,5.75,6.82,6.98,6.91,6.78,6.68,6.58,6.51,6.45,6.41,6.38,6.35,6.33,6.31,6.33,6.42,6.46,6.47,6.48,6.45,6.31,6.11,5.87,5.58,5.21,5.05,5.07,5.16,5.25,5.36,5.46,5.52,5.55,5.56,5.54,5.48,5.37,5.29,5.20,5.10,4.98,4.84,4.90,4.97,4.98,4.96,4.95,4.95,4.96,4.97,4.98,4.99
3.84,3.85,3.84,3.84,3.85,3.86,3.86,3.84,3.84,3.85,3.86,3.87,3.85,3.84,3.84,3.84,3.86,5.23,6.32,7.00,7.37,7.80,7.88,7.88,7.95,8.12,8.13,8.13,8.10,7.93,7.71,7.56,7.34,7.00,6.84,6.55,6.53,6.79,6.91,7.16,7.58,8.09,8.59,8.63,9.34,10.36,11.55,13.22,15.18,17.60,20.28,22.78,25.35,27.36,29.02,30.39,29.62,28.29,26.81,25.53,25.03,25.17,25.39,25.44,25.15,25.13,25.10,25.01,24.85,24.93,24.93,24.89,24.83,24.77,24.65,24.60,24.56,24.46,24.54,24.52,24.50,24.49,24.34,24.34,24.36,24.39,24.44,24.43,24.44,24.43,24.39,24.35,24.33,24.28,24.20,24.07,23.97,23.91,23.88,23.89,23.82,23.65,23.02,21.91,20.83,19.71,18.47,16.91,14.76,12.63,10.33,8.63,7.97,8.06,8.37,8.66,8.81,8.80,8.75,9.24,11.17,15.20,18.69,21.57,23.62,24.76,24.97,25.16,25.34,25.53,25.71,25.82,25.81,25.69,25.45,25.18,24.86,24.62,24.23,23.01,20.47,18.81,17.92,17.44,16.12,15.59,15.57,15.86,16.04,16.51,17.38,18.95,21.65,23.70,25.73,27.40,28.35,27.72,26.88,25.69,24.17,22.47,20.86,19.95,19.40,18.77,19.21,19.76,20.26,20.58,20.43,20.24,20.05,19.78,19.29,18.70,18.53,18.54,18.53,18.52,18.53,18.53,18.53,18.50,18.48,18.47,18.01,16.57,13.14,10.08,7.30,5.11,4.09,3.89,3.84,3.82,3.83,3.84,3.83,3.82,3.83,3.85,3.85,4.83,6.53,7.18,7.17,7.06,6.94,6.82,6.70,6.64,6.58,6.50,6.45,6.44,6.41,6.38,6.39,6.46,6.48,6.47,6.46,6.39,6.21,5.97,5.71,5.45,5.07,5.00,5.11,5.20,5.32,5.43,5.51,5.56,5.58,5.56,5.53,5.47,5.36,5.27,5.18,5.07,4.96,4.81,4.93,5.02,5.00,4.97,4.95,4.95,4.97,4.98,4.99,5.00
3.84,3.84,3.85,3.83,3.85,3.86,3.85,3.86,3.85,3.85,3.87,3.87,3.85,3.85,3.85,3.85,3.85,4.22,4.61,5.04,5.63,5.89,6.04,6.13,6.21,6.43,6.54,6.58,6.57,6.48,6.24,5.98,5.73,5.50,5.08,5.05,5.17,5.31,5.22,5.27,5.68,6.36,7.17,7.58,8.29,9.28,10.56,12.33,14.51,16.98,19.64,22.34,24.71,26.87,28.80,30.37,29.78,28.31,26.72,25.47,25.07,25.08,25.20,25.30,25.25,25.22,25.15,25.01,24.87,24.92,24.92,24.89,24.85,24.76,24.64,24.63,24.64,24.59,24.62,24.51,24.48,24.51,24.35,24.32,24.32,24.35,24.43,24.42,24.42,24.41,24.40,24.33,24.30,24.26,24.19,24.06,23.95,23.89,23.87,23.84,23.80,23.66,23.04,21.92,20.82,19.70,18.49,16.96,14.83,12.82,10.71,8.96,7.93,8.01,8.34,8.69,8.93,8.88,8.72,8.82,10.76,15.76,18.94,21.52,23.36,24.43,24.77,24.98,25.17,25.34,25.49,25.64,25.66,25.60,25.49,25.14,24.68,24.35,23.88,22.38,19.52,17.65,16.68,16.23,15.06,14.52,14.55,14.86,14.51,14.83,16.23,18.52,21.26,23.36,25.27,27.02,28.48,28.47,28.08,27.05,25.50,23.97,22.85,21.60,20.37,19.40,19.82,20.38,20.79,20.89,20.62,20.34,20.14,19.85,19.10,18.60,18.46,18.48,18.49,18.49,18.49,18.51,18.52,18.51,18.50,18.47,17.83,15.91,12.15,9.02,6.51,4.80,3.97,3.85,3.83,3.83,3.84,3.83,3.83,3.83,3.84,3.85,3.85,5.12,7.15,7.30,7.27,7.20,7.10,7.00,6.87,6.79,6.71,6.64,6.59,6.54,6.50,6.46,6.44,6.45,6.46,6.46,6.43,6.36,6.19,5.94,5.66,5.39,5.09,5.04,5.14,5.26,5.37,5.46,5.53,5.58,5.61,5.58,5.54,5.47,5.36,5.26,5.16,5.05,4.92,4.90,4.99,5.04,5.01,5.01,4.98,4.99,5.01,5.02,5.03,5.03
3.85,3.85,3.86,3.84,3.84,3.85,3.85,3.86,3.85,3.85,3.85,3.86,3.85,3.85,3.85,3.85,3.84,3.84,3.92,4.13,4.52,4.65,4.76,4.84,4.89,5.03,5.12,5.16,5.17,5.15,4.98,4.79,4.63,4.52,4.20,4.23,4.34,4.39,4.29,4.28,4.53,4.98,5.56,6.36,7.33,8.48,9.87,11.75,13.96,16.40,19.05,21.90,24.25,26.47,28.56,30.37,30.19,28.75,27.09,25.75,25.11,25.05,25.11,25.18,25.24,25.19,25.11,25.00,24.88,24.91,24.90,24.88,24.84,24.79,24.66,24.64,24.64,24.61,24.62,24.54,24.49,24.49,24.35,24.31,24.31,24.34,24.38,24.41,24.39,24.37,24.37,24.31,24.28,24.24,24.18,24.07,23.95,23.89,23.87,23.83,23.80,23.70,23.14,22.08,20.96,19.83,18.59,17.08,15.12,13.13,11.09,9.25,7.92,8.03,8.41,8.76,8.97,8.91,8.72,8.72,10.75,16.16,18.85,21.32,23.05,23.95,24.49,24.78,24.99,25.14,25.24,25.37,25.42,25.42,25.39,25.15,24.54,24.09,23.56,22.01,19.34,17.43,16.18,15.30,14.41,13.89,13.81,14.02,13.75,13.98,15.55,18.11,20.79,23.05,24.87,26.48,27.94,28.41,28.58,27.84,26.34,24.98,24.09,22.81,21.42,20.39,20.78,21.21,21.32,21.03,20.62,20.31,20.06,19.68,18.92,18.45,18.33,18.36,18.38,18.44,18.47,18.49,18.51,18.50,18.48,18.29,17.34,14.96,11.20,8.08,5.75,4.35,3.91,3.84,3.84,3.84,3.84,3.83,3.83,3.83,3.84,3.85,4.58,5.97,7.44,7.41,7.35,7.28,7.20,7.12,7.02,6.94,6.85,6.75,6.68,6.62,6.56,6.50,6.45,6.42,6.43,6.45,6.42,6.32,6.11,5.86,5.57,5.21,5.09,5.09,5.19,5.31,5.42,5.50,5.56,5.60,5.62,5.59,5.53,5.45,5.34,5.24,5.13,5.00,4.87,4.98,5.05,5.05,5.01,4.99,4.98,5.00,5.03,5.04,5.05,5.04
3.86,3.87,3.86,3.85,3.84,3.84,3.85,3.85,3.84,3.83,3.83,3.84,3.85,3.84,3.84,3.83,3.84,3.85,3.85,3.85,3.83,3.85,3.85,3.86,3.87,3.85,3.84,3.85,3.87,3.93,3.87,3.86,3.86,3.87,3.87,3.86,3.85,3.84,3.84,3.85,3.85,3.85,3.89,5.06,6.42,7.86,9.38,11.34,13.49,15.86,18.50,21.47,23.91,26.15,28.33,30.40,30.76,29.45,27.75,26.25,25.18,25.06,25.06,25.08,25.16,25.09,25.04,24.98,24.89,24.88,24.87,24.84,24.81,24.84,24.71,24.64,24.60,24.57,24.59,24.58,24.53,24.43,24.33,24.30,24.32,24.35,24.31,24.40,24.35,24.31,24.32,24.29,24.25,24.22,24.18,24.09,23.96,23.90,23.88,23.86,23.81,23.75,23.28,22.31,21.18,20.03,18.73,17.24,15.54,13.49,11.45,9.50,7.93,8.09,8.53,8.85,8.95,8.91,8.73,8.83,10.98,16.43,18.56,21.02,22.71,23.39,24.13,24.55,24.79,24.90,24.95,25.03,25.10,25.13,25.14,25.13,24.43,23.85,23.27,21.83,19.65,17.79,16.14,14.55,14.00,13.53,13.27,13.28,13.47,13.64,15.17,17.71,20.27,22.77,24.51,25.84,27.01,27.85,28.61,28.24,26.86,25.66,24.86,23.73,22.51,21.61,21.96,22.16,21.86,21.07,20.51,20.21,19.86,19.37,18.73,18.28,18.18,18.20,18.22,18.38,18.45,18.49,18.49,18.48,18.43,18.00,16.64,13.85,10.30,7.23,5.01,3.82,3.87,3.86,3.85,3.84,3.84,3.83,3.83,3.84,3.85,3.84,6.94,7.17,7.53,7.51,7.42,7.33,7.25,7.21,7.15,7.08,6.98,6.84,6.75,6.68,6.61,6.52,6.42,6.38,6.39,6.42,6.42,6.25,6.01,5.76,5.47,4.98,5.06,5.16,5.25,5.36,5.46,5.53,5.59,5.63,5.62,5.59,5.52,5.42,5.30,5.21,5.09,4.94,4.81,5.05,5.09,5.05,4.98,4.93,4.96,5.00,5.03,5.05,5.06,5.03
3.84,3.85,3.86,3.86,3.85,3.85,3.85,3.85,3.83,3.82,3.83,3.85,3.85,3.85,3.84,3.84,3.85,3.84,3.84,3.84,3.82,3.84,3.85,3.85,3.85,3.85,3.85,3.85,3.86,3.87,3.86,3.86,3.86,3.86,3.85,3.85,3.85,3.85,3.85,3.85,3.86,3.86,3.86,4.28,5.71,7.42,9.04,10.92,13.09,15.49,18.10,20.90,23.60,26.17,28.69,31.06,31.35,30.07,28.50,27.12,25.97,25.35,25.12,25.10,25.06,25.02,24.98,24.93,24.88,24.88,24.84,24.80,24.78,24.76,24.68,24.64,24.64,24.67,24.63,24.61,24.55,24.45,24.36,24.36,24.35,24.33,24.34,24.40,24.38,24.33,24.30,24.25,24.23,24.22,24.20,24.10,23.97,23.90,23.88,23.89,23.81,23.73,23.37,22.61,21.46,20.14,18.74,17.22,15.49,13.37,11.42,9.57,7.99,8.17,8.52,8.80,8.92,8.88,8.69,8.71,10.69,15.88,18.13,20.49,22.01,22.56,23.25,23.80,23.92,23.73,23.46,23.58,23.48,23.18,22.83,23.13,24.04,24.07,23.17,22.31,20.33,18.35,16.28,14.06,13.63,13.29,13.09,13.03,13.04,13.19,14.70,17.22,19.76,22.28,23.98,25.13,26.01,26.71,27.19,26.96,26.13,25.36,24.85,24.29,23.61,22.82,23.17,23.00,22.23,21.07,20.44,20.04,19.58,19.02,18.34,18.05,17.98,18.01,18.03,18.25,18.38,18.42,18.39,18.34,18.29,17.57,15.84,12.82,9.59,6.76,5.04,3.84,3.86,3.85,3.84,3.85,3.84,3.84,3.84,3.84,3.85,3.85,7.52,7.61,7.73,7.69,7.59,7.49,7.41,7.32,7.21,7.09,6.94,6.79,6.79,6.71,6.62,6.52,6.44,6.38,6.35,6.34,6.30,6.12,5.90,5.66,5.39,5.06,5.13,5.23,5.32,5.42,5.51,5.58,5.63,5.66,5.64,5.58,5.50,5.40,5.29,5.17,5.04,4.95,4.93,5.04,5.06,5.04,5.00,4.97,5.00,5.03,5.06,5.06,5.06,5.04
3.84,3.84,3.85,3.86,3.85,3.85,3.85,3.85,3.83,3.83,3.84,3.85,3.85,3.85,3.85,3.84,3.85,3.83,3.84,3.84,3.83,3.84,3.85,3.85,3.85,3.85,3.85,3.85,3.85,3.85,3.85,3.86,3.86,3.85,3.85,3.85,3.86,3.85,3.87,3.85,3.85,3.86,3.85,3.84,5.09,6.83,8.59,10.46,12.60,15.00,17.60,20.30,23.20,25.97,28.63,31.08,31.65,30.56,29.15,27.91,26.74,25.76,25.29,25.15,25.00,24.99,24.96,24.92,24.87,24.87,24.82,24.78,24.75,24.70,24.66,24.65,24.66,24.69,24.61,24.58,24.53,24.44,24.37,24.39,24.36,24.32,24.36,24.41,24.40,24.35,24.28,24.22,24.22,24.22,24.21,24.14,23.99,23.89,23.86,23.89,23.81,23.73,23.47,22.87,21.62,20.19,18.74,17.19,15.41,13.20,11.25,9.47,8.01,8.14,8.40,8.62,8.74,8.74,8.65,8.66,10.34,14.86,17.51,19.74,21.02,21.39,21.85,22.22,22.18,21.81,21.36,21.38,21.15,20.78,20.50,21.34,23.58,24.20,23.16,22.51,20.91,18.88,16.48,13.88,12.61,11.89,11.55,11.45,11.42,12.28,14.15,16.69,19.26,21.72,23.24,24.12,24.68,25.17,25.46,25.37,24.97,24.63,24.42,24.29,24.06,23.56,23.87,23.28,22.08,20.68,20.13,19.64,19.13,18.57,17.96,17.83,17.80,17.81,17.84,18.15,18.27,18.31,18.30,18.23,18.15,17.09,14.95,11.81,8.79,6.21,4.87,3.85,3.85,3.84,3.84,3.85,3.84,3.84,3.85,3.85,3.87,4.04,7.44,7.92,7.91,7.86,7.76,7.66,7.56,7.44,7.31,7.16,6.99,6.83,6.82,6.71,6.58,6.45,6.34,6.31,6.28,6.23,6.16,5.98,5.79,5.55,5.29,5.13,5.20,5.29,5.39,5.47,5.56,5.62,5.66,5.68,5.65,5.57,5.48,5.38,5.27,5.13,5.00,4.94,5.03,5.04,5.04,5.02,5.02,5.01,5.02,5.05,5.07,5.07,5.06,5.04
3.86,3.85,3.83,3.86,3.85,3.85,3.86,3.85,3.86,3.84,3.83,3.84,3.83,3.85,3.85,3.83,3.84,3.85,3.85,3.85,3.84,3.85,3.85,3.85,3.86,3.85,3.85,3.85,3.86,3.86,3.86,3.85,3.86,3.87,3.86,3.86,3.85,3.85,3.88,3.85,3.84,3.84,3.84,3.85,4.61,6.05,7.99,9.95,12.00,14.35,16.95,19.65,22.68,25.45,27.99,30.29,31.55,30.85,29.68,28.59,27.51,26.35,25.61,25.22,24.97,25.01,25.01,24.95,24.85,24.85,24.81,24.77,24.73,24.66,24.66,24.67,24.67,24.62,24.52,24.49,24.46,24.40,24.35,24.38,24.36,24.33,24.37,24.43,24.44,24.38,24.25,24.21,24.22,24.22,24.22,24.18,23.99,23.87,23.83,23.85,23.82,23.74,23.57,23.11,21.63,20.18,18.73,17.16,15.29,12.98,10.90,9.16,7.95,7.99,8.12,8.25,8.36,8.46,8.60,8.71,9.92,13.21,16.64,18.71,19.64,19.75,19.75,19.58,19.29,18.91,18.46,18.19,17.89,17.78,18.13,19.83,23.03,24.22,23.25,22.37,21.37,19.36,16.76,14.12,10.71,8.97,8.25,8.15,8.26,10.77,13.48,16.10,18.77,21.06,22.23,22.73,22.93,23.10,23.30,23.35,23.28,23.34,23.43,23.56,23.66,23.67,23.89,22.82,21.24,19.80,19.48,18.96,18.45,17.99,17.60,17.61,17.63,17.63,17.65,18.07,18.12,18.15,18.22,18.14,18.02,16.54,13.95,10.81,7.88,5.58,4.42,3.86,3.85,3.84,3.84,3.85,3.84,3.85,3.87,3.87,3.92,4.63,6.84,8.08,8.06,8.01,7.93,7.83,7.72,7.58,7.46,7.34,7.18,7.00,6.85,6.65,6.46,6.29,6.09,6.17,6.15,6.08,6.00,5.84,5.67,5.40,5.13,5.18,5.27,5.35,5.43,5.52,5.61,5.67,5.70,5.70,5.66,5.57,5.47,5.36,5.25,5.11,4.95,4.91,5.10,5.05,5.02,5.01,5.01,5.03,5.03,5.04,5.06,5.07,5.06,5.04
3.85,3.84,3.81,3.85,3.85,3.84,3.85,3.85,3.86,3.85,3.84,3.84,3.84,3.85,3.85,3.83,3.85,3.84,3.84,3.85,3.85,3.86,3.85,3.86,3.86,3.86,3.86,3.86,3.86,3.86,3.86,3.85,3.85,3.85,3.85,3.85,3.85,3.85,3.87,3.86,3.85,3.85,3.85,3.84,4.16,5.32,7.39,9.38,11.56,13.93,16.48,19.16,22.10,24.82,27.34,29.65,31.35,31.15,30.26,29.17,28.06,26.89,25.98,25.40,25.14,25.09,25.00,24.93,24.90,24.88,24.83,24.79,24.76,24.69,24.69,24.70,24.67,24.59,24.48,24.46,24.44,24.42,24.41,24.41,24.39,24.37,24.38,24.41,24.37,24.32,24.27,24.26,24.33,24.31,24.23,24.18,23.92,23.80,23.76,23.76,23.75,23.69,23.60,23.31,22.23,20.73,19.13,17.34,15.17,12.95,10.76,8.98,7.93,7.96,8.05,8.17,8.31,8.48,8.59,8.72,9.64,12.06,15.01,16.37,16.84,16.83,16.73,16.39,15.93,15.47,15.24,14.74,14.37,14.70,16.13,18.71,22.16,23.76,23.37,22.61,21.67,19.83,17.24,14.07,9.89,7.09,5.75,5.63,5.69,10.57,12.76,15.31,17.53,18.90,19.63,19.95,20.08,20.26,20.42,20.53,20.60,20.70,20.80,20.93,21.08,21.23,21.47,20.93,19.70,18.17,17.78,17.33,17.05,16.96,16.97,16.97,16.97,16.98,17.03,17.44,17.73,17.96,18.09,18.04,17.73,15.87,12.97,9.84,6.86,4.94,4.00,3.85,3.86,3.85,3.86,3.87,3.89,3.91,3.94,3.96,4.13,6.61,7.62,8.25,8.22,8.16,8.07,7.98,7.87,7.72,7.60,7.47,7.33,7.17,6.99,6.78,6.59,6.41,6.21,6.15,6.05,5.91,5.76,5.61,5.51,5.37,5.24,5.29,5.35,5.43,5.51,5.60,5.66,5.70,5.71,5.69,5.63,5.54,5.44,5.32,5.20,5.07,4.99,5.00,5.11,5.06,5.02,5.01,5.01,5.03,5.02,5.02,5.03,5.05,5.05,5.04
3.85,3.84,3.81,3.84,3.84,3.84,3.83,3.85,3.85,3.85,3.85,3.84,3.84,3.85,3.85,3.84,3.86,3.83,3.84,3.86,3.86,3.86,3.85,3.86,3.87,3.86,3.86,3.85,3.85,3.86,3.85,3.85,3.85,3.84,3.84,3.85,3.85,3.84,3.86,3.87,3.86,3.85,3.85,3.83,3.83,4.76,6.86,8.81,11.12,13.50,15.97,18.64,21.47,24.20,26.78,29.13,31.15,31.41,30.78,29.72,28.56,27.40,26.37,25.63,25.36,25.20,25.02,24.93,24.94,24.90,24.85,24.82,24.79,24.73,24.72,24.71,24.68,24.59,24.47,24.44,24.45,24.45,24.45,24.45,24.43,24.41,24.40,24.40,24.33,24.28,24.30,24.33,24.42,24.39,24.24,24.13,23.83,23.71,23.67,23.65,23.67,23.64,23.60,23.45,22.81,21.32,19.58,17.56,15.12,12.93,10.64,8.84,7.92,7.96,8.02,8.12,8.29,8.54,8.60,8.67,9.28,10.90,13.14,13.86,13.98,13.94,13.89,13.49,12.93,12.42,12.28,11.61,11.27,12.05,14.41,17.66,21.08,23.09,23.46,22.83,21.85,20.06,17.41,13.90,9.57,5.94,4.03,3.88,3.84,10.56,12.10,14.45,15.98,16.51,16.84,17.03,17.16,17.39,17.53,17.68,17.83,17.89,17.98,18.08,18.23,18.43,18.71,18.73,17.92,16.41,15.88,15.53,15.49,15.66,15.82,15.81,15.81,15.84,15.93,16.29,16.83,17.27,17.55,17.67,17.16,15.04,11.96,8.86,5.87,4.37,3.84,3.85,3.86,3.86,3.87,3.90,3.95,3.97,4.00,4.03,4.38,8.32,8.43,8.42,8.39,8.32,8.22,8.13,8.02,7.88,7.73,7.61,7.48,7.33,7.15,6.94,6.75,6.57,6.39,6.20,6.01,5.82,5.60,5.47,5.42,5.39,5.38,5.40,5.44,5.50,5.59,5.67,5.70,5.73,5.72,5.67,5.61,5.51,5.40,5.29,5.16,5.02,5.03,5.10,5.10,5.06,5.02,5.00,5.01,5.03,5.01,5.00,5.01,5.01,5.03,5.02
3.84,3.83,3.83,3.83,3.84,3.84,3.84,3.83,3.84,3.84,3.85,3.85,3.83,3.84,3.84,3.84,3.84,3.84,3.85,3.86,3.85,3.86,3.85,3.85,3.85,3.85,3.84,3.84,3.85,3.86,3.85,3.85,3.85,3.84,3.84,3.85,3.85,3.85,3.86,3.86,3.85,3.85,3.86,3.84,3.84,4.67,6.54,8.31,10.59,12.89,15.25,17.93,20.74,23.72,26.52,28.87,31.07,31.54,31.14,30.25,29.03,27.80,26.72,25.94,25.60,25.41,25.20,25.03,24.94,24.89,24.87,24.86,24.83,24.75,24.71,24.69,24.67,24.63,24.49,24.46,24.45,24.44,24.42,24.46,24.47,24.45,24.45,24.45,24.41,24.37,24.37,24.40,24.41,24.39,24.28,23.93,23.68,23.56,23.54,23.55,23.58,23.59,23.57,23.44,23.00,21.72,19.95,17.77,15.25,12.80,10.47,8.74,7.91,7.93,7.94,8.00,8.16,8.55,8.62,8.47,8.58,9.43,10.97,11.57,11.78,11.89,12.13,11.79,11.34,10.85,10.33,9.62,9.60,10.78,13.33,16.53,19.56,22.04,23.44,22.75,21.77,19.52,16.56,13.56,10.12,6.42,4.25,3.99,3.86,10.34,11.67,13.47,13.98,14.31,14.42,14.50,14.68,14.86,15.05,15.22,15.35,15.37,15.54,15.66,15.80,16.07,16.36,16.38,15.79,14.66,14.02,13.77,13.81,13.81,13.25,13.33,13.37,13.43,13.59,13.92,14.45,15.09,15.77,16.45,15.88,13.78,10.82,7.84,4.99,4.01,3.84,3.85,3.85,3.86,3.89,3.94,3.99,4.00,3.95,4.03,4.81,8.04,8.59,8.60,8.58,8.50,8.39,8.29,8.19,8.04,7.88,7.75,7.61,7.44,7.27,7.08,6.88,6.69,6.54,6.36,6.17,5.99,5.79,5.65,5.58,5.53,5.49,5.49,5.51,5.57,5.65,5.72,5.74,5.75,5.73,5.68,5.60,5.49,5.38,5.26,5.12,4.96,5.03,5.12,5.09,5.05,5.00,4.98,5.00,5.02,5.01,5.00,4.98,4.95,4.97,5.00
3.83,3.83,3.84,3.83,3.84,3.84,3.84,3.84,3.84,3.84,3.84,3.85,3.83,3.84,3.85,3.85,3.84,3.85,3.85,3.86,3.85,3.85,3.85,3.85,3.85,3.85,3.84,3.84,3.84,3.85,3.85,3.85,3.85,3.84,3.84,3.85,3.85,3.85,3.85,3.85,3.85,3.85,3.85,3.84,3.84,4.47,5.98,7.95,10.16,12.39,14.74,17.43,20.14,23.22,26.16,28.57,30.89,31.61,31.37,30.52,29.36,28.20,27.14,26.32,25.87,25.64,25.40,25.24,25.18,25.07,24.93,24.85,24.83,24.79,24.76,24.73,24.70,24.66,24.54,24.49,24.46,24.44,24.42,24.47,24.49,24.48,24.48,24.47,24.44,24.42,24.41,24.43,24.40,24.33,24.16,23.76,23.47,23.34,23.35,23.47,23.50,23.53,23.53,23.40,22.82,21.61,19.90,17.78,15.31,12.86,10.63,9.02,8.23,7.99,7.93,7.97,8.11,8.42,8.57,8.48,8.41,8.69,9.85,10.33,10.43,10.42,10.71,10.31,9.89,9.47,8.92,8.50,8.63,9.92,12.61,15.65,18.58,21.33,23.21,22.59,21.66,19.40,16.49,13.74,10.64,7.30,4.97,4.06,3.87,10.26,11.52,12.04,9.83,10.25,10.59,10.95,11.40,11.74,12.12,12.51,12.88,13.14,13.48,13.73,13.93,14.14,14.39,14.47,13.58,11.81,11.13,11.18,11.88,12.22,10.57,10.79,10.92,11.05,11.29,11.63,12.11,12.73,13.45,14.22,13.86,12.03,9.32,6.58,4.75,3.92,3.90,3.85,3.86,3.87,3.92,3.98,4.02,4.00,3.92,4.54,6.37,8.36,8.78,8.80,8.78,8.69,8.59,8.48,8.36,8.21,8.04,7.89,7.73,7.55,7.38,7.19,7.00,6.81,6.66,6.47,6.29,6.12,5.94,5.81,5.73,5.66,5.60,5.59,5.61,5.65,5.70,5.76,5.78,5.77,5.73,5.68,5.57,5.47,5.36,5.23,5.09,4.93,5.01,5.12,5.08,5.04,5.00,4.98,4.98,4.99,4.98,4.96,4.95,4.91,4.94,4.97
3.82,3.82,3.83,3.85,3.85,3.84,3.84,3.86,3.84,3.84,3.83,3.83,3.85,3.86,3.86,3.86,3.84,3.85,3.86,3.86,3.85,3.85,3.86,3.86,3.85,3.86,3.86,3.84,3.83,3.84,3.84,3.84,3.84,3.85,3.84,3.85,3.85,3.85,3.84,3.85,3.85,3.85,3.83,3.84,3.84,4.22,5.31,7.66,9.78,11.96,14.33,17.05,19.63,22.70,25.73,28.23,30.63,31.63,31.54,30.66,29.60,28.58,27.58,26.71,26.14,25.88,25.61,25.49,25.52,25.34,25.01,24.83,24.82,24.83,24.83,24.80,24.74,24.68,24.61,24.53,24.47,24.44,24.45,24.49,24.50,24.51,24.50,24.48,24.46,24.44,24.43,24.43,24.38,24.24,23.98,23.61,23.24,23.09,23.17,23.40,23.42,23.46,23.49,23.34,22.47,21.24,19.64,17.67,15.33,13.00,10.97,9.50,8.70,8.10,7.96,8.00,8.11,8.24,8.50,8.60,8.52,8.36,9.28,9.63,9.55,9.29,9.49,9.00,8.57,8.25,7.87,7.90,8.06,9.30,12.08,14.89,17.89,20.81,22.87,22.40,21.54,19.51,16.84,14.18,11.12,8.35,5.93,4.11,3.88,3.99,4.18,4.42,4.80,5.50,6.27,7.08,7.92,8.49,9.12,9.84,10.57,11.18,11.74,12.17,12.45,12.56,12.73,12.88,11.46,8.57,7.88,8.32,9.93,10.86,8.00,8.37,8.55,8.69,8.99,9.38,9.78,10.27,10.85,11.48,11.46,10.01,7.67,5.23,4.12,3.96,3.98,3.85,3.87,3.90,3.96,4.03,4.05,4.00,3.90,5.28,8.75,8.95,9.00,9.00,8.97,8.90,8.81,8.68,8.53,8.38,8.20,8.02,7.85,7.66,7.49,7.30,7.11,6.92,6.76,6.56,6.39,6.23,6.08,5.96,5.87,5.79,5.72,5.69,5.71,5.73,5.75,5.80,5.81,5.78,5.74,5.67,5.53,5.44,5.34,5.21,5.07,4.90,4.98,5.11,5.07,5.04,5.01,4.97,4.95,4.96,4.92,4.91,4.90,4.89,4.94,4.94
3.91,3.85,3.84,3.84,3.84,3.84,3.83,3.85,3.84,3.84,3.85,3.85,3.86,3.86,3.85,3.85,3.85,3.87,3.85,3.84,3.84,3.85,3.86,3.87,3.86,3.85,3.85,3.85,3.85,3.85,3.84,3.84,3.85,3.84,3.84,3.85,3.85,3.85,3.84,3.84,3.85,3.86,3.84,3.84,3.85,4.10,4.92,7.20,9.42,11.68,14.05,16.60,19.21,22.19,25.10,27.61,29.96,31.52,31.77,30.83,29.77,28.72,27.69,26.77,26.09,25.90,25.67,25.51,25.46,25.36,25.07,24.89,24.85,24.86,24.86,24.83,24.80,24.77,24.73,24.67,24.59,24.50,24.50,24.50,24.50,24.50,24.50,24.46,24.45,24.44,24.40,24.30,24.30,24.17,23.90,23.54,23.33,23.25,23.28,23.39,23.37,23.44,23.47,23.27,22.30,20.96,19.34,17.43,15.21,13.00,11.24,9.88,8.86,8.32,8.07,7.98,8.05,8.30,8.62,8.69,8.53,8.29,8.62,8.85,8.80,8.50,8.49,8.33,8.21,8.10,7.97,7.92,7.97,9.09,11.69,14.22,17.06,20.14,22.59,22.33,21.45,19.57,17.06,14.35,11.50,9.31,7.70,4.18,3.89,3.89,4.01,4.17,4.30,4.54,4.73,4.94,5.19,5.38,5.60,5.86,6.13,6.32,6.60,6.78,6.88,6.94,7.02,7.10,6.59,5.53,5.27,5.61,6.27,6.64,5.74,5.89,6.69,6.25,6.53,6.85,7.25,7.75,8.33,8.90,9.13,8.04,6.62,4.54,3.99,3.89,3.90,3.86,3.84,3.88,3.96,4.04,4.05,4.04,3.93,5.38,9.05,9.12,9.17,9.19,9.16,9.08,8.97,8.85,8.69,8.49,8.32,8.14,7.96,7.76,7.56,7.38,7.18,6.99,6.83,6.64,6.48,6.34,6.19,6.07,5.97,5.89,5.83,5.80,5.79,5.78,5.79,5.83,5.81,5.78,5.73,5.65,5.54,5.44,5.32,5.18,5.05,4.90,5.00,5.12,5.07,5.03,5.00,4.97,4.93,4.92,4.90,4.88,4.88,4.87,4.92,4.91
4.20,3.85,3.84,3.85,3.84,3.84,3.84,3.85,3.84,3.85,3.85,3.86,3.86,3.86,3.85,3.84,3.85,3.87,3.86,3.84,3.84,3.85,3.86,3.86,3.85,3.85,3.84,3.84,3.85,3.85,3.84,3.84,3.85,3.84,3.84,3.85,3.85,3.84,3.85,3.84,3.85,3.86,3.84,3.84,3.85,3.98,4.55,6.77,9.07,11.37,13.71,16.12,18.70,21.59,24.47,27.03,29.27,31.13,31.71,30.98,29.93,28.96,28.02,27.14,26.40,25.97,25.64,25.44,25.37,25.29,25.11,24.98,24.93,24.93,24.90,24.88,24.85,24.83,24.78,24.75,24.68,24.58,24.58,24.55,24.53,24.51,24.47,24.42,24.40,24.38,24.34,24.21,24.21,24.09,23.86,23.59,23.49,23.44,23.45,23.50,23.46,23.49,23.49,23.26,22.29,20.94,19.27,17.32,15.16,13.13,11.59,10.30,9.15,8.43,8.12,7.98,8.01,8.27,8.54,8.56,8.40,8.19,8.17,8.30,8.26,8.02,7.92,7.96,8.00,8.03,8.03,7.99,8.06,9.02,11.22,13.54,16.29,19.32,21.88,22.22,21.25,19.57,17.29,14.52,11.65,8.86,7.37,4.11,3.89,3.84,3.90,3.99,4.00,3.98,3.92,3.85,3.82,3.81,3.81,3.84,3.87,3.86,3.95,3.99,4.00,4.03,4.05,4.10,4.08,3.98,3.93,4.14,4.31,4.41,4.50,4.50,4.84,4.94,5.21,5.50,5.89,6.40,6.98,7.53,7.89,6.99,5.88,4.10,3.90,3.85,3.86,3.86,3.86,3.88,3.94,4.01,4.01,4.00,4.53,6.28,9.27,9.28,9.33,9.36,9.33,9.23,9.11,8.96,8.79,8.58,8.40,8.21,8.02,7.82,7.61,7.41,7.22,7.04,6.88,6.72,6.57,6.44,6.29,6.17,6.07,5.99,5.93,5.88,5.86,5.84,5.83,5.85,5.82,5.77,5.71,5.64,5.54,5.43,5.31,5.18,5.05,4.93,4.95,5.03,5.07,5.03,4.99,4.97,4.94,4.91,4.89,4.87,4.85,4.85,4.89,4.87
4.73,3.81,3.83,3.86,3.85,3.84,3.85,3.84,3.85,3.84,3.85,3.86,3.85,3.85,3.84,3.84,3.85,3.86,3.87,3.86,3.84,3.84,3.83,3.83,3.84,3.85,3.84,3.84,3.84,3.84,3.85,3.85,3.84,3.84,3.85,3.84,3.84,3.84,3.86,3.85,3.85,3.85,3.85,3.84,3.84,3.86,4.20,6.38,8.74,11.04,13.30,15.62,18.07,20.92,23.83,26.49,28.55,30.40,31.32,31.11,30.08,29.31,28.58,27.86,27.10,26.12,25.54,25.28,25.26,25.13,25.12,25.10,25.06,25.03,24.97,24.92,24.88,24.85,24.76,24.76,24.75,24.70,24.70,24.64,24.58,24.52,24.41,24.36,24.31,24.27,24.24,24.17,24.13,24.01,23.86,23.78,23.72,23.68,23.68,23.74,23.69,23.64,23.58,23.34,22.46,21.20,19.46,17.38,15.19,13.40,12.01,10.79,9.58,8.42,8.11,8.02,7.99,8.13,8.21,8.17,8.10,8.04,7.97,7.99,7.98,7.90,7.86,7.92,7.98,8.03,8.05,8.11,8.35,9.12,10.67,12.85,15.57,18.31,20.68,22.08,20.91,19.48,17.53,14.67,11.52,8.37,6.67,3.86,3.85,3.84,3.85,3.88,3.88,3.84,3.83,3.83,3.83,3.80,3.81,3.83,3.86,3.85,3.86,3.87,3.87,3.87,3.87,3.92,3.96,3.94,3.88,3.94,4.05,4.19,4.29,4.22,4.05,3.93,3.95,3.97,4.01,4.04,4.09,4.14,4.16,4.37,4.41,3.86,3.84,3.84,3.85,3.87,3.91,3.87,3.89,3.94,3.92,3.88,7.90,8.37,9.40,9.43,9.46,9.49,9.48,9.36,9.20,9.02,8.83,8.65,8.44,8.23,8.03,7.84,7.61,7.40,7.22,7.07,6.92,6.78,6.66,6.52,6.38,6.27,6.17,6.08,6.01,5.95,5.91,5.89,5.87,5.86,5.83,5.76,5.69,5.61,5.54,5.42,5.31,5.21,5.09,4.97,4.85,4.85,5.07,5.02,4.99,4.98,4.96,4.92,4.89,4.85,4.82,4.82,4.83,4.83
5.59,4.34,3.83,3.85,3.83,3.83,3.84,3.85,3.84,3.84,3.84,3.85,3.84,3.84,3.85,3.85,3.84,3.85,3.86,3.86,3.86,3.85,3.84,3.84,3.85,3.85,3.85,3.85,3.84,3.83,3.85,3.85,3.84,3.84,3.84,3.84,3.83,3.83,3.86,3.85,3.85,3.85,3.85,3.84,3.85,3.85,4.11,5.92,8.16,10.45,12.70,14.92,17.49,20.30,23.14,25.76,27.50,29.12,30.21,30.65,30.64,30.00,29.31,28.60,27.82,26.69,25.78,25.29,25.36,26.16,25.57,25.17,25.16,25.13,25.07,25.03,25.05,25.16,25.05,24.93,24.88,24.91,24.91,24.62,24.48,24.45,24.41,24.39,24.35,24.30,24.25,24.19,24.14,24.07,23.98,23.91,23.85,23.81,23.79,23.78,23.72,23.67,23.59,23.39,22.70,21.51,19.76,17.59,15.24,13.75,12.41,11.13,9.84,8.55,8.19,8.06,7.99,8.06,8.11,8.12,8.07,7.96,7.92,8.07,8.43,8.94,9.32,9.49,9.56,9.58,9.58,9.66,9.81,10.26,11.18,12.51,15.06,17.75,20.15,22.05,20.86,19.41,17.66,15.30,12.11,8.88,7.12,3.91,3.91,3.86,3.85,3.88,3.97,3.92,3.92,3.93,3.91,3.84,3.83,3.86,3.90,3.85,3.85,3.86,3.90,4.02,4.32,4.11,3.90,3.90,3.86,3.88,3.96,4.05,4.10,4.09,3.95,3.84,3.84,3.83,3.84,3.84,3.83,3.83,3.83,3.97,4.04,3.82,3.83,3.84,3.86,3.89,3.97,3.94,3.91,3.88,3.87,3.85,4.81,6.83,9.54,9.56,9.57,9.57,9.54,9.40,9.23,9.05,8.86,8.63,8.42,8.19,7.97,7.77,7.56,7.36,7.19,7.04,6.91,6.81,6.69,6.56,6.42,6.33,6.23,6.14,6.07,6.00,5.95,5.92,5.90,5.87,5.82,5.76,5.70,5.62,5.53,5.42,5.31,5.22,5.13,5.03,4.90,4.84,4.89,4.80,4.88,4.95,4.94,4.89,4.88,4.85,4.82,4.83,4.82,4.80
6.52,4.95,3.84,3.84,3.82,3.83,3.85,3.84,3.84,3.84,3.84,3.84,3.84,3.84,3.85,3.85,3.85,3.85,3.85,3.85,3.87,3.85,3.85,3.85,3.85,3.86,3.86,3.86,3.85,3.83,3.85,3.84,3.83,3.84,3.84,3.84,3.83,3.84,3.86,3.85,3.85,3.85,3.85,3.85,3.85,3.85,4.06,5.43,7.52,9.80,12.07,14.21,16.80,19.45,22.09,24.59,26.18,27.66,28.89,29.86,30.75,30.52,30.01,29.34,28.52,27.29,26.13,25.53,25.83,27.39,26.33,25.52,25.36,25.22,25.17,25.14,25.21,25.41,25.29,25.11,25.05,25.13,25.14,24.68,24.46,24.45,24.46,24.43,24.39,24.35,24.29,24.21,24.17,24.12,24.08,24.02,23.96,23.91,23.85,23.78,23.69,23.63,23.57,23.42,22.91,21.81,20.04,17.77,15.28,13.93,12.64,11.35,10.03,8.68,8.34,8.17,8.01,8.00,8.04,8.09,8.07,7.91,7.95,8.26,8.96,9.96,10.79,11.42,11.66,11.64,11.65,11.88,11.99,12.16,12.52,13.08,15.24,17.59,19.79,22.02,20.87,19.44,17.91,16.14,13.01,9.81,8.05,4.63,4.56,4.48,4.46,4.52,4.70,4.62,4.60,4.59,4.53,4.41,4.39,4.41,4.43,4.33,4.32,4.31,4.36,4.53,4.97,4.60,4.26,4.23,4.05,4.12,4.37,4.56,4.32,4.16,3.96,3.83,3.84,3.82,3.83,3.84,3.83,3.82,3.83,3.83,3.83,3.83,3.84,3.84,3.86,3.92,4.01,4.00,3.93,3.84,3.83,3.84,3.84,5.26,8.68,9.17,9.51,9.64,9.58,9.40,9.21,9.03,8.83,8.57,8.36,8.12,7.89,7.69,7.49,7.30,7.13,6.98,6.86,6.78,6.68,6.57,6.44,6.36,6.27,6.19,6.13,6.04,5.99,5.95,5.92,5.88,5.81,5.76,5.71,5.63,5.52,5.42,5.33,5.24,5.17,5.08,4.98,4.87,4.77,4.65,4.78,4.88,4.86,4.80,4.84,4.84,4.82,4.82,4.81,4.77
7.51,5.54,3.83,3.84,3.84,3.85,3.86,3.83,3.85,3.84,3.84,3.85,3.85,3.85,3.84,3.84,3.86,3.85,3.84,3.84,3.85,3.85,3.86,3.85,3.82,3.85,3.86,3.86,3.85,3.85,3.84,3.83,3.83,3.85,3.85,3.84,3.85,3.86,3.86,3.85,3.85,3.84,3.84,3.86,3.85,3.84,3.97,4.87,6.84,9.12,11.41,13.52,15.76,17.96,20.14,22.34,24.25,25.94,27.31,28.43,29.56,30.43,30.56,30.05,29.15,27.84,26.65,26.33,27.19,28.69,27.75,26.62,25.82,25.26,25.26,25.25,25.28,25.39,25.26,25.26,25.31,25.35,25.35,24.97,24.77,24.70,24.61,24.44,24.36,24.36,24.40,24.21,24.18,24.11,24.06,24.07,24.07,23.99,23.87,23.74,23.57,23.51,23.50,23.43,23.03,22.11,20.27,17.82,15.32,13.62,12.44,11.35,10.08,8.73,8.64,8.46,8.05,7.94,7.98,8.03,8.02,7.93,8.14,8.61,9.40,10.48,11.73,13.69,14.47,14.41,14.55,15.26,15.58,15.64,15.63,15.94,17.12,18.33,19.66,21.95,20.96,19.71,18.51,17.35,14.42,11.49,9.25,7.73,7.44,7.34,7.39,7.55,7.77,7.57,7.41,7.28,7.16,7.03,6.99,6.90,6.76,6.60,6.55,6.46,6.36,6.33,6.20,6.15,6.14,5.98,5.06,5.39,5.62,6.73,5.64,4.70,4.10,3.84,3.85,3.83,3.84,3.83,3.82,3.83,3.84,3.85,3.85,3.85,3.85,3.84,3.86,3.91,3.95,4.01,3.95,3.84,3.84,3.85,3.85,4.19,5.20,7.43,9.01,9.70,9.60,9.32,9.11,8.90,8.68,8.42,8.21,8.00,7.78,7.57,7.38,7.19,7.03,6.89,6.76,6.67,6.58,6.49,6.40,6.33,6.27,6.20,6.14,6.07,6.01,5.98,5.95,5.87,5.82,5.77,5.72,5.66,5.55,5.46,5.37,5.29,5.22,5.12,5.04,4.96,4.86,4.76,4.73,4.68,4.61,4.57,4.73,4.80,4.79,4.78,4.77,4.75
8.70,6.74,4.93,3.97,3.84,3.84,3.84,3.81,3.84,3.84,3.84,3.85,3.85,3.84,3.84,3.84,3.86,3.84,3.84,3.85,3.84,3.85,3.86,3.85,3.83,3.84,3.85,3.85,3.84,3.84,3.84,3.83,3.84,3.85,3.85,3.84,3.85,3.86,3.85,3.85,3.84,3.84,3.83,3.85,3.85,3.84,3.90,4.33,6.07,8.19,10.37,12.31,14.18,16.08,18.08,20.17,22.10,23.92,25.56,26.97,28.18,29.38,30.08,30.25,29.96,28.90,27.86,27.60,28.49,29.99,29.16,28.03,27.02,25.98,25.45,25.29,25.31,25.32,25.27,25.32,25.40,25.46,25.46,25.23,25.08,25.00,24.88,24.61,24.51,24.52,24.57,24.43,24.38,24.30,24.24,24.32,24.34,24.26,24.07,23.81,23.61,23.47,23.41,23.38,23.18,22.31,20.51,18.05,15.43,13.05,11.69,10.69,9.62,8.76,8.77,8.57,8.13,7.98,7.98,8.00,8.01,8.00,8.36,8.98,10.13,11.82,13.70,16.05,17.41,17.90,18.11,18.28,18.41,18.34,18.06,18.34,19.01,19.62,20.32,21.83,21.05,20.05,19.08,18.17,15.61,12.84,10.53,9.10,8.84,8.73,8.72,8.86,9.25,9.36,9.30,9.18,9.04,8.85,8.81,8.73,8.59,8.42,8.32,8.21,8.10,8.06,7.93,7.87,7.83,7.72,7.17,7.32,9.45,10.80,9.78,8.26,6.36,4.71,3.85,3.84,3.84,3.84,3.83,3.84,3.85,3.85,3.85,3.86,3.85,3.85,3.86,3.90,3.92,3.97,3.92,3.83,3.84,3.84,3.85,3.85,4.10,6.88,8.86,8.40,7.38,9.03,7.36,7.69,8.50,8.30,8.07,7.85,7.64,7.44,7.26,7.07,6.90,6.75,6.62,6.54,6.45,6.38,6.31,6.26,6.22,6.17,6.12,6.07,6.02,5.99,5.96,5.88,5.82,5.78,5.72,5.65,5.57,5.49,5.41,5.33,5.27,5.17,5.09,5.02,4.94,4.86,4.77,4.67,4.58,4.53,4.61,4.63,4.61,4.62,4.69,4.71
10.00,8.22,6.55,4.33,3.95,3.88,3.82,3.79,3.82,3.84,3.84,3.84,3.84,3.84,3.84,3.84,3.86,3.84,3.84,3.85,3.83,3.85,3.85,3.85,3.85,3.84,3.84,3.84,3.83,3.83,3.83,3.84,3.85,3.85,3.84,3.84,3.84,3.84,3.84,3.84,3.84,3.84,3.82,3.84,3.84,3.84,3.85,3.85,5.24,7.10,9.07,10.81,12.33,14.04,15.96,18.03,19.85,21.77,23.69,25.44,26.67,27.86,29.06,30.07,30.65,30.00,29.22,29.00,29.71,31.21,30.55,29.60,28.57,27.05,25.77,25.35,25.33,25.25,25.31,25.36,25.43,25.51,25.52,25.45,25.38,25.30,25.19,24.85,24.75,24.76,24.78,24.75,24.67,24.57,24.51,24.64,24.68,24.59,24.34,23.93,23.74,23.48,23.32,23.30,23.33,22.45,20.74,18.35,15.58,12.45,10.81,9.82,8.98,8.76,8.79,8.59,8.20,8.05,8.02,8.00,8.01,8.09,8.59,9.39,11.01,13.47,15.97,18.30,20.24,21.48,21.66,20.92,20.68,20.46,20.02,20.34,20.73,21.03,21.27,21.68,21.10,20.39,19.63,18.80,16.70,14.07,12.06,11.12,10.90,10.80,10.71,10.81,11.39,11.95,12.06,11.95,11.79,11.54,11.49,11.42,11.27,11.08,10.93,10.78,10.66,10.59,10.47,10.40,10.34,10.30,10.28,10.24,12.56,15.39,14.85,13.00,9.71,6.44,4.44,4.24,4.08,3.95,3.86,3.85,3.86,3.85,3.84,3.86,3.85,3.85,3.86,3.89,3.89,3.90,3.87,3.82,3.83,3.83,3.85,3.86,3.86,3.84,3.83,3.83,3.85,3.84,4.11,6.14,8.33,8.20,7.79,7.62,7.49,7.31,7.14,6.93,6.74,6.59,6.47,6.38,6.30,6.24,6.19,6.17,6.14,6.11,6.08,6.04,6.02,6.00,5.96,5.89,5.83,5.78,5.72,5.63,5.60,5.52,5.44,5.37,5.32,5.23,5.14,5.07,5.03,4.95,4.85,4.76,4.67,4.58,4.51,4.44,4.39,4.41,4.59,4.64
11.38,9.76,8.31,6.35,5.33,4.48,3.84,3.82,3.83,3.85,3.86,3.85,3.83,3.84,3.85,3.84,3.85,3.84,3.84,3.84,3.84,3.84,3.84,3.84,3.85,3.84,3.84,3.84,3.84,3.85,3.85,3.85,3.85,3.86,3.84,3.84,3.84,3.83,3.85,3.86,3.85,3.84,3.83,3.84,3.84,3.84,3.86,3.85,4.31,5.42,7.05,8.81,10.45,12.14,13.93,15.82,17.63,19.55,21.49,23.35,24.91,26.18,27.45,28.57,29.33,29.20,29.03,29.33,30.33,31.47,31.76,31.29,30.17,28.53,26.98,25.86,25.28,25.27,25.37,25.47,25.51,25.48,25.49,25.44,25.37,25.30,25.28,25.05,24.99,25.01,25.03,25.00,24.93,24.83,24.77,24.86,24.99,24.84,24.48,24.02,23.79,23.54,23.36,23.29,23.30,22.51,20.85,18.50,15.72,12.83,11.07,9.84,8.81,8.51,8.51,8.40,8.17,8.03,8.01,8.02,8.05,8.13,8.72,10.10,12.00,14.23,16.47,19.14,21.30,22.43,22.01,21.30,20.83,20.52,20.33,20.35,20.74,21.16,21.44,21.47,20.94,20.49,20.03,19.36,17.77,15.75,14.16,13.37,13.20,13.11,13.07,13.12,13.30,14.39,14.72,14.68,14.60,14.44,14.33,14.20,14.03,13.78,13.67,13.53,13.37,13.23,13.11,13.13,13.20,13.28,13.52,14.20,15.33,16.30,16.16,15.39,14.29,12.63,10.56,10.47,8.15,5.76,4.26,3.86,3.84,3.84,3.84,3.85,3.85,3.85,3.85,3.86,3.87,3.87,3.85,3.83,3.86,3.83,3.84,3.85,3.84,3.84,3.85,3.85,3.84,3.85,3.90,4.57,5.27,5.24,5.79,6.63,7.33,7.11,6.93,6.73,6.57,6.44,6.32,6.22,6.13,6.07,6.03,6.01,6.01,6.02,6.02,5.99,5.99,5.98,5.95,5.90,5.84,5.78,5.74,5.68,5.62,5.55,5.48,5.41,5.35,5.27,5.19,5.13,5.07,5.01,4.92,4.83,4.76,4.67,4.60,4.53,4.47,4.42,4.42,4.37
12.83,11.27,9.93,8.26,6.99,5.77,4.79,4.46,4.07,3.91,3.87,3.88,3.85,3.85,3.85,3.84,3.84,3.85,3.84,3.84,3.84,3.85,3.84,3.83,3.85,3.84,3.84,3.84,3.85,3.86,3.85,3.85,3.85,3.85,3.84,3.84,3.84,3.83,3.85,3.86,3.85,3.84,3.84,3.84,3.84,3.85,3.86,3.85,3.85,4.39,5.48,6.82,8.49,10.21,11.96,13.73,15.53,17.38,19.27,21.14,22.89,24.47,25.87,27.05,28.01,28.14,28.46,29.22,30.41,31.21,31.95,32.05,31.30,29.58,27.76,26.18,25.27,25.29,25.42,25.54,25.57,25.49,25.44,25.43,25.38,25.32,25.33,25.19,25.16,25.18,25.19,25.16,25.11,25.05,25.01,25.05,25.26,25.10,24.69,24.19,23.87,23.59,23.39,23.28,23.25,22.54,20.83,18.39,15.70,13.14,11.33,9.95,8.85,8.39,8.30,8.23,8.12,8.02,8.10,8.11,8.15,8.35,9.16,10.72,12.68,14.83,17.02,19.77,21.95,22.98,22.31,21.66,21.06,20.66,20.55,20.49,20.80,21.19,21.45,21.31,20.82,20.52,20.24,19.73,18.66,17.43,16.42,15.80,15.50,15.35,15.30,15.28,15.18,16.15,16.67,16.86,16.85,16.74,16.61,16.46,16.27,16.03,15.93,15.79,15.62,15.44,15.31,15.33,15.39,15.47,15.63,16.34,16.72,16.76,16.79,16.58,16.47,15.87,14.38,12.64,10.71,8.82,7.59,5.99,5.10,4.38,3.92,3.85,3.84,3.84,3.84,3.84,3.85,3.85,3.84,3.84,3.86,3.84,3.83,3.83,3.82,3.85,3.85,3.85,3.84,3.85,3.84,3.85,3.85,3.86,4.53,6.13,7.25,6.96,6.53,6.48,6.39,6.25,6.13,6.03,5.94,5.88,5.85,5.86,5.89,5.92,5.94,5.94,5.95,5.96,5.94,5.90,5.83,5.77,5.73,5.69,5.64,5.57,5.51,5.45,5.38,5.31,5.24,5.18,5.11,5.05,4.98,4.91,4.85,4.76,4.68,4.61,4.54,4.46,4.37,4.27
14.33,12.75,11.42,10.06,8.91,7.77,6.67,5.74,4.56,4.02,3.89,3.92,3.90,3.85,3.83,3.85,3.84,3.85,3.84,3.84,3.83,3.85,3.84,3.83,3.85,3.85,3.84,3.84,3.85,3.85,3.84,3.84,3.84,3.84,3.84,3.84,3.84,3.84,3.85,3.84,3.84,3.84,3.84,3.85,3.85,3.86,3.85,3.85,3.86,4.02,4.35,4.84,6.45,8.26,10.07,11.74,13.53,15.25,17.01,18.81,20.62,22.72,24.31,25.51,26.68,26.81,27.51,28.64,29.94,30.43,31.13,31.86,31.96,30.20,28.08,26.31,25.30,25.33,25.44,25.56,25.60,25.53,25.35,25.42,25.42,25.35,25.32,25.27,25.26,25.26,25.26,25.21,25.21,25.22,25.24,25.23,25.49,25.36,24.96,24.44,23.97,23.61,23.38,23.28,23.18,22.54,20.67,18.04,15.52,13.40,11.60,10.16,9.10,8.40,8.16,8.08,8.04,8.02,8.27,8.25,8.29,8.76,9.92,11.25,13.02,15.26,17.63,20.17,22.17,23.14,22.56,21.99,21.36,20.88,20.67,20.75,20.89,21.11,21.31,21.18,20.74,20.47,20.25,19.89,19.38,19.11,18.83,18.42,17.80,17.53,17.41,17.30,17.02,17.22,17.92,18.49,18.53,18.40,18.30,18.17,17.98,17.80,17.69,17.55,17.38,17.21,17.08,16.97,16.91,16.86,16.59,16.63,16.70,16.75,16.74,16.54,16.23,16.11,16.29,16.07,15.88,15.00,13.26,10.66,7.90,5.58,4.21,3.86,3.84,3.83,3.83,3.83,3.83,3.83,3.83,3.83,3.83,3.84,3.82,3.80,3.81,3.84,3.84,3.84,3.85,3.84,3.84,3.84,3.84,3.85,3.89,3.99,4.05,4.24,5.87,6.16,6.21,6.03,5.91,5.81,5.73,5.69,5.66,5.71,5.77,5.81,5.84,5.88,5.90,5.91,5.91,5.87,5.82,5.75,5.69,5.66,5.64,5.59,5.53,5.48,5.43,5.35,5.28,5.22,5.16,5.10,5.04,4.98,4.92,4.83,4.76,4.69,4.61,4.51,4.45,4.35
15.71,14.37,13.08,11.81,10.71,9.59,8.48,7.51,6.41,5.62,5.05,4.62,4.00,3.84,3.83,3.85,3.83,3.84,3.83,3.83,3.84,3.84,3.84,3.84,3.85,3.84,3.84,3.85,3.85,3.85,3.84,3.84,3.84,3.83,3.85,3.84,3.84,3.84,3.83,3.84,3.85,3.85,3.85,3.85,3.85,3.85,3.84,3.85,3.86,3.92,4.03,4.20,4.90,6.32,8.08,9.83,11.63,13.28,14.96,16.72,18.62,20.59,22.36,23.94,25.36,25.98,26.87,27.89,28.85,29.29,29.84,30.56,30.81,29.33,27.56,26.14,25.36,25.35,25.45,25.55,25.59,25.57,25.46,25.44,25.43,25.43,25.46,25.41,25.37,25.33,25.30,25.27,25.26,25.27,25.29,25.27,25.50,25.48,25.26,24.93,24.58,24.19,23.72,23.26,23.22,22.70,20.84,18.14,15.55,13.65,11.95,10.42,9.08,8.30,8.10,8.05,8.09,8.32,8.56,8.49,8.42,8.70,10.04,11.46,13.24,15.42,17.61,20.23,22.35,23.40,22.83,22.26,21.66,21.13,20.76,20.79,20.83,20.99,21.17,21.03,20.70,20.44,20.20,19.89,19.54,19.39,19.25,19.03,18.67,18.73,18.70,18.38,17.64,17.81,18.37,18.82,18.82,18.68,18.63,18.49,18.28,18.16,18.07,17.89,17.69,17.52,17.31,16.93,16.72,16.75,16.66,16.66,16.69,16.73,16.70,16.53,16.14,15.89,16.02,16.18,16.25,15.94,15.12,13.75,12.49,11.36,10.62,10.39,7.78,5.45,4.22,3.83,3.83,3.84,3.84,3.84,3.84,3.84,3.82,3.81,3.82,3.84,3.84,3.84,3.85,3.84,3.84,3.84,3.84,3.84,3.85,3.85,3.85,3.94,4.59,4.83,4.86,4.98,5.64,5.61,5.54,5.50,5.53,5.58,5.66,5.73,5.78,5.84,5.87,5.88,5.87,5.84,5.80,5.74,5.68,5.64,5.62,5.58,5.54,5.49,5.44,5.39,5.33,5.27,5.22,5.16,5.09,5.03,4.97,4.89,4.82,4.75,4.67,4.58,4.52,4.43
16.70,15.77,14.71,13.61,12.56,11.44,10.33,9.35,8.33,7.37,6.48,5.66,4.65,4.30,4.15,4.03,3.83,3.83,3.83,3.82,3.84,3.83,3.83,3.84,3.85,3.83,3.84,3.85,3.85,3.85,3.84,3.85,3.84,3.83,3.85,3.85,3.85,3.85,3.83,3.84,3.85,3.86,3.86,3.86,3.85,3.85,3.84,3.85,3.86,3.86,3.87,3.86,3.86,4.76,6.24,7.96,9.80,11.40,13.00,14.71,16.65,18.51,20.41,22.26,23.97,25.15,26.18,27.04,27.69,28.12,28.58,29.20,29.48,28.32,26.91,25.92,25.42,25.40,25.47,25.53,25.56,25.57,25.53,25.44,25.44,25.51,25.57,25.55,25.48,25.41,25.35,25.36,25.34,25.34,25.37,25.39,25.67,25.83,25.77,25.45,25.15,24.78,24.09,23.25,23.27,22.86,21.03,18.29,15.65,13.78,12.15,10.58,9.06,8.19,8.05,8.07,8.21,8.62,8.80,8.71,8.57,8.66,9.91,11.52,13.43,15.56,17.61,20.28,22.47,23.58,23.01,22.44,21.86,21.30,20.83,20.82,20.78,20.88,21.02,20.90,20.66,20.41,20.16,19.90,19.64,19.52,19.43,19.32,19.18,19.43,19.46,19.06,18.13,18.30,18.65,18.88,18.84,18.64,18.60,18.48,18.27,18.16,18.06,17.87,17.66,17.51,17.27,16.80,16.52,16.60,16.66,16.67,16.69,16.71,16.67,16.51,16.09,15.69,15.56,15.73,15.94,16.08,16.11,16.06,16.00,15.81,14.59,11.44,9.33,7.42,6.91,5.32,4.81,4.22,3.94,3.94,4.04,3.88,3.83,3.83,3.83,3.85,3.85,3.85,3.85,3.84,3.84,3.85,3.85,3.85,3.85,3.85,3.85,3.85,3.84,3.83,3.84,4.12,5.45,5.42,5.35,5.32,5.40,5.47,5.57,5.65,5.73,5.80,5.84,5.85,5.82,5.80,5.77,5.71,5.66,5.61,5.59,5.56,5.53,5.49,5.45,5.42,5.37,5.32,5.27,5.22,5.15,5.08,5.02,4.95,4.89,4.82,4.74,4.65,4.59,4.51
16.89,16.62,16.22,15.53,14.55,13.44,12.30,11.24,10.08,9.10,8.20,7.32,6.50,5.80,5.18,4.59,3.89,3.84,3.84,3.83,3.82,3.82,3.83,3.84,3.84,3.83,3.84,3.85,3.84,3.85,3.84,3.85,3.85,3.84,3.84,3.85,3.85,3.85,3.84,3.85,3.86,3.85,3.84,3.85,3.86,3.85,3.85,3.85,3.86,3.86,3.86,3.85,3.85,4.06,4.76,6.16,8.08,9.66,11.19,12.81,14.67,16.66,18.52,20.37,22.42,24.22,25.32,26.02,26.53,26.96,27.48,28.00,28.19,27.35,26.21,25.65,25.49,25.49,25.50,25.51,25.51,25.48,25.44,25.43,25.48,25.55,25.62,25.67,25.62,25.53,25.46,25.51,25.50,25.49,25.52,25.72,26.29,26.77,26.76,25.97,25.49,25.27,24.48,23.26,23.30,22.95,21.15,18.44,15.81,13.62,11.95,10.48,9.07,8.12,8.01,8.18,8.47,8.84,8.92,8.86,8.77,8.76,9.35,11.33,13.59,15.68,17.81,20.36,22.47,23.55,22.98,22.40,21.81,21.28,20.88,20.83,20.78,20.80,20.86,20.85,20.61,20.38,20.17,19.96,19.76,19.65,19.55,19.40,19.24,19.27,19.24,19.06,18.64,18.69,18.69,18.67,18.61,18.24,18.13,18.05,17.90,17.70,17.50,17.36,17.24,17.11,17.02,16.86,16.74,16.71,16.72,16.69,16.69,16.69,16.62,16.46,16.08,15.61,15.19,14.82,15.25,15.69,15.90,15.92,15.96,15.90,15.57,14.86,14.38,13.81,12.99,11.49,8.94,5.82,4.42,4.27,4.64,4.04,3.84,3.84,3.85,3.85,3.86,3.87,3.86,3.85,3.87,3.87,3.86,3.86,3.85,3.85,3.85,3.84,3.83,3.83,3.83,3.90,4.14,5.19,5.14,5.15,5.28,5.39,5.51,5.61,5.69,5.78,5.82,5.81,5.78,5.74,5.69,5.64,5.60,5.57,5.53,5.52,5.51,5.48,5.44,5.42,5.38,5.34,5.31,5.29,5.21,5.14,5.09,5.00,4.94,4.88,4.81,4.74,4.66,4.57
16.83,16.70,16.51,16.13,15.51,14.84,14.08,13.17,12.01,10.92,9.93,9.08,8.41,7.58,6.77,6.00,5.14,4.79,4.52,4.26,4.00,3.87,3.82,3.82,3.83,3.84,3.85,3.85,3.84,3.85,3.84,3.84,3.84,3.85,3.84,3.85,3.85,3.85,3.84,3.85,3.86,3.85,3.84,3.85,3.86,3.85,3.85,3.85,3.85,3.86,3.86,3.85,3.85,3.85,4.12,4.89,6.39,7.81,9.29,10.92,12.76,14.81,16.61,18.40,20.53,22.49,24.00,25.07,25.75,26.27,26.85,27.14,27.02,26.40,25.81,25.57,25.53,25.54,25.50,25.51,25.49,25.42,25.40,25.41,25.45,25.52,25.64,25.66,25.64,25.58,25.48,25.55,25.59,25.68,25.95,26.65,27.39,27.74,27.50,26.60,25.85,25.51,24.62,23.29,23.33,22.93,21.19,18.57,15.97,13.53,11.76,10.32,9.03,8.10,8.00,8.15,8.36,8.54,8.52,8.61,8.73,8.81,9.53,11.46,13.71,15.89,18.00,20.52,22.51,23.45,22.89,22.31,21.74,21.24,20.88,20.83,20.80,20.78,20.79,20.79,20.56,20.31,20.08,19.89,19.82,19.74,19.62,19.47,19.33,19.25,19.16,19.04,18.84,18.81,18.69,18.58,18.50,18.23,18.07,17.93,17.79,17.64,17.45,17.31,17.21,17.09,17.05,16.97,16.88,16.80,16.76,16.71,16.69,16.67,16.59,16.40,16.04,15.59,15.10,14.60,14.67,14.94,15.28,15.72,15.73,15.71,15.71,15.74,15.74,15.62,14.85,13.33,11.88,10.06,9.09,6.41,7.07,6.69,6.54,5.83,4.15,3.90,3.86,3.86,3.86,3.85,3.87,3.87,3.87,3.87,3.85,3.85,3.86,3.86,3.84,3.84,3.84,3.85,3.85,5.21,5.14,5.12,5.26,5.38,5.50,5.60,5.69,5.76,5.78,5.76,5.72,5.67,5.63,5.58,5.54,5.51,5.49,5.48,5.47,5.44,5.41,5.39,5.36,5.33,5.30,5.29,5.24,5.18,5.13,5.05,4.99,4.92,4.85,4.79,4.70,4.61
16.69,16.50,16.33,16.18,15.99,15.85,15.60,14.92,13.88,12.73,11.70,10.93,10.35,9.46,8.59,7.77,6.87,6.21,5.61,5.04,4.47,4.14,3.98,3.91,3.89,3.85,3.85,3.85,3.85,3.84,3.85,3.84,3.83,3.84,3.85,3.84,3.84,3.85,3.84,3.85,3.86,3.85,3.85,3.86,3.85,3.85,3.85,3.85,3.85,3.85,3.86,3.85,3.86,3.85,3.85,3.95,4.83,5.98,7.42,9.12,10.93,12.96,14.71,16.43,18.52,20.44,22.44,24.04,25.04,25.75,26.37,26.42,26.00,25.56,25.57,25.58,25.58,25.57,25.50,25.53,25.48,25.36,25.38,25.39,25.40,25.46,25.64,25.60,25.62,25.59,25.49,25.55,25.65,25.95,26.58,27.80,28.55,28.54,27.96,27.08,26.14,25.63,24.66,23.34,23.34,22.87,21.18,18.67,16.11,13.48,11.59,10.15,8.98,8.11,7.99,8.06,8.11,8.09,7.99,8.24,8.62,8.89,10.01,11.74,13.87,16.16,18.20,20.73,22.57,23.34,22.78,22.21,21.67,21.20,20.87,20.83,20.81,20.78,20.76,20.75,20.52,20.24,19.98,19.79,19.84,19.79,19.68,19.54,19.42,19.28,19.16,19.04,18.91,18.81,18.69,18.55,18.44,18.36,18.15,17.95,17.79,17.73,17.58,17.44,17.32,17.22,17.17,17.10,16.99,16.88,16.78,16.73,16.70,16.65,16.54,16.32,15.99,15.59,15.13,14.66,14.22,14.14,14.52,15.33,15.28,15.30,15.41,15.53,15.55,15.50,15.47,15.45,15.37,15.10,12.28,9.01,9.87,9.90,9.87,9.80,4.84,4.05,3.87,3.86,3.85,3.86,3.87,3.87,3.86,3.86,3.85,3.85,3.86,3.87,3.85,3.85,3.86,3.88,3.90,5.30,5.20,5.15,5.29,5.41,5.51,5.61,5.71,5.74,5.74,5.71,5.66,5.59,5.56,5.52,5.47,5.44,5.44,5.43,5.41,5.39,5.37,5.35,5.33,5.30,5.27,5.26,5.24,5.20,5.15,5.10,5.03,4.96,4.89,4.83,4.75,4.64
16.61,16.43,16.24,16.09,15.90,15.82,15.71,15.23,14.71,14.28,13.81,13.21,12.44,11.40,10.41,9.57,8.76,8.21,7.70,7.15,6.47,5.85,5.32,4.86,4.41,3.90,3.86,3.86,3.83,3.83,3.84,3.84,3.84,3.83,3.85,3.84,3.85,3.86,3.85,3.86,3.86,3.85,3.86,3.84,3.84,3.85,3.84,3.85,3.85,3.85,3.85,3.85,3.85,3.84,3.84,3.88,4.16,4.71,5.99,7.90,9.42,11.22,12.94,14.72,16.73,18.44,20.40,22.18,23.59,25.11,25.66,25.74,25.58,25.41,25.60,25.68,25.69,25.67,25.54,25.55,25.50,25.36,25.37,25.38,25.39,25.44,25.55,25.57,25.59,25.60,25.58,25.51,25.78,26.61,27.81,28.74,28.84,28.06,26.99,26.24,25.87,25.54,24.64,23.38,23.34,22.83,21.12,18.62,16.11,13.52,11.56,10.11,9.05,8.11,7.96,7.98,8.01,8.02,7.96,8.14,8.63,9.48,10.57,12.27,14.32,16.52,18.48,21.08,22.75,23.25,22.73,22.21,21.69,21.24,20.90,20.87,20.84,20.79,20.75,20.71,20.53,20.29,20.06,19.88,19.78,19.76,19.71,19.60,19.49,19.39,19.26,19.12,18.97,18.86,18.74,18.62,18.48,18.36,18.19,18.00,17.83,17.72,17.60,17.47,17.36,17.30,17.21,17.14,17.04,16.89,16.80,16.76,16.69,16.57,16.40,16.17,15.90,15.57,15.16,14.75,14.33,14.03,13.90,13.91,13.92,14.10,14.38,14.62,14.71,14.58,14.40,14.28,14.29,13.63,11.76,9.82,10.07,10.05,9.97,9.68,8.63,5.13,4.16,4.01,3.85,3.89,3.91,3.89,3.86,3.87,3.86,3.85,3.86,3.86,3.86,3.85,3.85,3.97,4.68,5.02,5.12,5.20,5.33,5.43,5.53,5.62,5.69,5.72,5.70,5.65,5.58,5.52,5.45,5.41,5.38,5.37,5.37,5.35,5.33,5.31,5.30,5.30,5.28,5.25,5.23,5.21,5.18,5.16,5.13,5.10,5.05,4.99,4.93,4.88,4.80,4.70
16.53,16.36,16.17,15.99,15.82,15.74,15.66,15.36,15.12,15.01,14.83,14.44,13.83,13.02,12.26,11.58,10.79,10.27,9.73,9.14,8.47,7.67,6.94,6.23,5.53,4.76,4.39,4.07,3.82,3.83,3.84,3.84,3.84,3.83,3.85,3.84,3.84,3.85,3.85,3.85,3.86,3.85,3.85,3.83,3.84,3.85,3.84,3.86,3.85,3.84,3.85,3.84,3.84,3.84,3.84,3.84,3.85,4.02,4.87,6.40,8.01,9.53,11.18,12.97,14.84,16.46,18.35,20.17,21.81,23.80,24.75,25.19,25.34,25.37,25.67,25.78,25.79,25.77,25.58,25.54,25.50,25.43,25.43,25.43,25.43,25.45,25.52,25.55,25.57,25.58,25.61,25.63,26.26,27.35,28.46,28.70,28.19,27.20,26.22,25.69,25.61,25.44,24.63,23.41,23.35,22.84,21.14,18.66,16.15,13.49,11.54,10.07,8.94,8.11,7.95,7.94,7.95,7.97,7.97,8.11,8.65,9.78,10.88,12.70,14.84,17.03,18.92,21.45,22.89,23.16,22.65,22.15,21.64,21.21,20.90,20.88,20.85,20.81,20.78,20.72,20.56,20.34,20.12,19.94,19.77,19.75,19.73,19.66,19.54,19.42,19.29,19.14,19.00,18.85,18.72,18.61,18.52,18.39,18.22,18.03,17.84,17.70,17.59,17.46,17.36,17.33,17.25,17.16,17.04,16.90,16.82,16.76,16.64,16.47,16.27,16.03,15.78,15.50,15.16,14.81,14.43,14.05,13.67,13.31,13.20,13.27,13.40,13.49,13.61,13.42,13.21,13.13,13.20,12.36,11.19,10.23,10.21,10.16,10.23,10.59,11.05,8.69,7.20,6.92,5.21,4.26,4.03,3.92,3.87,3.87,3.86,3.86,3.86,3.86,3.86,3.85,3.85,4.07,4.90,5.01,5.11,5.23,5.38,5.46,5.55,5.63,5.68,5.70,5.66,5.59,5.51,5.45,5.36,5.30,5.27,5.26,5.26,5.25,5.23,5.22,5.22,5.22,5.21,5.19,5.17,5.15,5.13,5.11,5.09,5.07,5.04,4.99,4.94,4.90,4.82,4.73
16.44,16.28,16.10,15.90,15.74,15.60,15.48,15.32,15.16,15.02,14.89,14.75,14.61,14.38,14.13,13.77,12.95,12.38,11.70,11.02,10.48,9.60,8.78,7.99,7.19,6.34,5.40,4.48,3.83,3.83,3.84,3.84,3.84,3.83,3.85,3.84,3.83,3.84,3.85,3.85,3.85,3.85,3.82,3.84,3.85,3.85,3.84,3.87,3.84,3.84,3.84,3.82,3.84,3.84,3.84,3.85,3.84,3.85,4.02,4.67,6.67,7.89,9.42,11.19,12.87,14.52,16.28,18.02,19.73,21.89,23.66,24.77,25.27,25.43,25.76,25.88,25.88,25.87,25.64,25.49,25.48,25.57,25.54,25.52,25.51,25.50,25.53,25.54,25.54,25.55,25.59,25.89,27.06,28.16,28.60,27.79,26.71,26.01,25.62,25.41,25.37,25.34,24.63,23.43,23.37,22.88,21.23,18.76,16.22,13.40,11.51,10.03,8.69,8.10,7.95,7.93,7.94,7.92,8.00,8.15,8.68,9.84,10.97,13.04,15.40,17.67,19.52,21.84,23.01,23.07,22.53,22.02,21.52,21.12,20.90,20.87,20.84,20.84,20.86,20.78,20.59,20.39,20.18,19.98,19.79,19.75,19.75,19.72,19.57,19.40,19.24,19.09,18.99,18.80,18.63,18.54,18.54,18.44,18.24,18.03,17.84,17.67,17.55,17.41,17.32,17.32,17.29,17.16,17.02,16.90,16.85,16.72,16.54,16.35,16.15,15.90,15.65,15.39,15.11,14.85,14.53,14.18,13.80,13.43,13.07,12.76,12.46,12.16,12.28,12.04,11.90,12.03,12.13,11.26,10.59,10.31,10.29,10.24,10.63,12.39,15.66,15.44,12.97,10.37,7.96,4.97,4.21,3.96,3.89,3.87,3.87,3.86,3.86,3.87,3.86,3.85,3.86,4.16,5.30,5.17,5.16,5.25,5.41,5.49,5.58,5.65,5.68,5.67,5.62,5.53,5.44,5.36,5.28,5.20,5.14,5.10,5.12,5.12,5.11,5.10,5.13,5.12,5.11,5.10,5.08,5.08,5.07,5.07,5.05,5.02,4.99,4.97,4.94,4.89,4.81,4.74
16.34,16.19,16.03,15.85,15.69,15.54,15.39,15.23,15.08,14.95,14.83,14.71,14.63,14.49,14.36,14.16,13.72,13.41,13.06,12.67,12.27,11.61,10.84,10.05,9.24,8.30,7.28,6.23,5.29,4.70,4.21,3.93,3.83,3.84,3.85,3.85,3.84,3.84,3.85,3.85,3.85,3.85,3.84,3.84,3.85,3.85,3.84,3.86,3.85,3.84,3.84,3.83,3.84,3.85,3.85,3.86,3.84,3.84,3.90,4.21,5.40,6.55,7.90,9.45,11.14,12.64,14.26,15.97,17.78,19.80,21.98,23.80,25.05,25.54,25.86,25.98,25.97,25.93,25.77,25.61,25.53,25.51,25.47,25.47,25.53,25.61,25.62,25.59,25.56,25.55,25.59,25.76,26.79,27.37,27.25,26.78,26.19,25.75,25.49,25.36,25.32,25.29,24.61,23.46,23.40,22.96,21.34,18.87,16.19,13.94,12.16,10.58,9.09,8.13,7.95,7.94,7.94,7.92,7.98,8.08,8.50,9.48,10.78,13.32,15.88,17.98,19.91,22.00,23.12,23.24,22.66,22.08,21.45,21.02,20.91,20.87,20.83,20.85,20.90,20.91,20.68,20.46,20.26,20.06,19.84,19.81,19.80,19.73,19.58,19.46,19.21,18.92,18.76,18.67,18.61,18.57,18.56,18.48,18.32,18.11,17.90,17.70,17.57,17.40,17.27,17.29,17.23,17.13,17.01,16.90,16.80,16.62,16.42,16.21,16.00,15.77,15.53,15.29,15.05,14.81,14.55,14.26,13.94,13.62,13.27,12.92,12.58,12.28,12.12,11.79,11.54,11.47,11.46,10.90,10.50,10.34,10.30,10.29,11.11,13.18,16.33,16.32,15.24,14.06,12.77,10.32,8.71,7.71,3.87,3.88,3.86,3.86,3.86,3.86,3.86,3.86,4.18,5.13,5.13,5.14,5.22,5.33,5.44,5.53,5.61,5.66,5.65,5.62,5.55,5.47,5.38,5.29,5.18,5.09,5.02,4.98,4.95,4.95,4.94,4.94,4.98,4.99,4.99,4.99,4.99,4.99,4.99,4.98,4.96,4.95,4.93,4.91,4.88,4.82,4.77,4.70
16.23,16.10,15.95,15.79,15.64,15.48,15.31,15.14,15.00,14.88,14.76,14.65,14.57,14.48,14.40,14.31,14.15,14.05,13.94,13.79,13.55,13.10,12.46,11.81,11.17,10.29,9.26,8.14,7.00,5.94,4.99,4.36,4.01,3.85,3.85,3.85,3.85,3.84,3.85,3.85,3.85,3.84,3.85,3.84,3.84,3.84,3.84,3.85,3.85,3.84,3.84,3.84,3.85,3.85,3.85,3.87,3.84,3.84,3.85,3.94,4.41,5.32,6.50,7.90,9.48,10.92,12.47,14.19,16.10,18.10,20.52,22.81,24.62,25.49,25.94,26.08,26.06,25.98,25.87,25.72,25.59,25.49,25.44,25.44,25.54,25.65,25.67,25.62,25.58,25.57,25.61,25.65,26.38,26.55,26.19,26.06,25.86,25.62,25.41,25.34,25.29,25.26,24.60,23.49,23.44,23.06,21.49,19.03,16.28,14.43,12.71,11.06,9.47,8.16,7.94,7.94,7.94,7.92,7.96,8.01,8.32,9.15,10.76,13.68,16.44,18.51,20.50,22.41,23.43,23.52,22.90,22.24,21.52,21.02,20.92,20.86,20.83,20.86,20.93,21.01,20.75,20.52,20.33,20.13,19.91,19.88,19.86,19.74,19.62,19.55,19.29,18.91,18.64,18.59,18.60,18.61,18.57,18.52,18.40,18.20,17.96,17.75,17.60,17.41,17.27,17.27,17.21,17.11,17.00,16.88,16.71,16.51,16.29,16.07,15.85,15.63,15.41,15.19,14.97,14.74,14.53,14.30,14.03,13.76,13.46,13.12,12.78,12.48,12.12,11.76,11.44,11.19,11.06,10.74,10.52,10.42,10.35,10.35,11.32,13.34,16.10,16.54,16.58,16.56,16.14,14.03,8.97,6.91,3.86,3.87,3.85,3.85,3.85,3.85,3.86,3.89,4.45,5.13,5.01,5.12,5.26,5.39,5.46,5.56,5.64,5.66,5.63,5.56,5.49,5.40,5.31,5.20,5.10,5.06,5.03,4.99,4.94,4.93,4.90,4.86,4.85,4.85,4.86,4.87,4.88,4.90,4.90,4.88,4.86,4.87,4.86,4.83,4.80,4.75,4.71,4.65
16.12,15.99,15.82,15.69,15.55,15.40,15.26,15.08,14.93,14.81,14.70,14.59,14.49,14.39,14.32,14.24,14.12,14.06,13.99,13.91,13.85,13.57,13.21,12.95,12.79,12.30,11.32,10.19,8.98,7.76,6.53,5.46,4.55,3.85,3.84,3.86,3.86,3.85,3.84,3.85,3.85,3.84,3.83,3.85,3.84,3.83,3.83,3.84,3.85,3.85,3.85,3.84,3.85,3.85,3.85,3.86,3.84,3.84,3.85,3.87,3.94,4.28,5.31,6.70,7.93,9.51,11.14,12.91,14.88,17.19,19.58,21.84,23.78,25.14,25.99,26.22,26.13,26.02,25.91,25.78,25.66,25.55,25.49,25.48,25.51,25.56,25.60,25.61,25.60,25.61,25.63,25.64,25.82,25.92,25.92,25.88,25.81,25.58,25.36,25.33,25.24,25.26,24.63,23.51,23.51,23.20,21.70,19.29,16.64,14.77,12.99,11.31,9.72,8.20,7.93,7.93,7.93,7.93,7.96,7.96,8.19,8.96,11.11,14.21,17.15,19.51,21.49,23.33,24.14,23.99,23.29,22.58,21.83,21.22,20.91,20.85,20.83,20.86,20.94,21.02,20.80,20.59,20.40,20.20,20.00,19.97,19.92,19.80,19.73,19.72,19.57,19.26,18.77,18.62,18.61,18.62,18.58,18.59,18.48,18.27,18.02,17.81,17.63,17.47,17.35,17.28,17.23,17.12,16.96,16.79,16.57,16.35,16.14,15.93,15.70,15.50,15.30,15.09,14.86,14.65,14.45,14.24,14.02,13.80,13.55,13.28,12.98,12.66,12.30,11.98,11.68,11.38,11.15,10.85,10.69,10.62,10.50,10.45,10.99,12.40,14.66,16.29,16.63,16.58,16.03,13.77,7.24,4.57,3.86,3.85,3.85,3.85,3.86,3.85,3.86,3.98,4.57,5.24,5.10,5.16,5.28,5.40,5.48,5.58,5.64,5.65,5.60,5.52,5.44,5.34,5.23,5.10,5.03,5.18,5.30,5.26,5.24,5.22,5.10,4.91,4.73,4.69,4.71,4.74,4.75,4.79,4.78,4.77,4.76,4.76,4.75,4.72,4.69,4.67,4.62,4.58
16.00,15.87,15.71,15.54,15.41,15.28,15.14,15.00,14.86,14.73,14.62,14.52,14.42,14.33,14.25,14.18,14.10,14.00,13.92,13.87,13.83,13.68,13.46,13.34,13.32,13.06,12.53,11.86,10.96,9.68,8.32,7.00,5.75,4.67,4.04,3.88,3.86,3.85,3.85,3.86,3.86,3.85,3.84,3.85,3.83,3.82,3.83,3.84,3.84,3.85,3.84,3.84,3.85,3.85,3.85,3.85,3.85,3.85,3.85,3.85,3.85,3.94,4.50,5.53,6.92,8.42,10.17,12.09,14.19,16.56,19.05,21.54,23.77,25.26,25.97,26.17,26.09,25.97,25.83,25.73,25.64,25.58,25.55,25.52,25.52,25.56,25.63,25.66,25.64,25.62,25.63,25.62,25.68,25.74,25.78,25.75,25.66,25.48,25.33,25.30,25.24,25.26,24.64,23.54,23.52,23.22,21.73,19.38,16.88,15.08,13.34,11.61,9.91,8.28,7.96,7.93,7.93,7.94,7.98,7.97,8.12,8.76,11.59,14.82,17.83,20.36,22.50,23.97,24.48,24.23,23.61,22.89,22.12,21.42,20.90,20.86,20.83,20.87,20.96,21.05,20.86,20.67,20.47,20.29,20.10,20.05,19.98,19.87,19.83,19.83,19.78,19.55,18.99,18.69,18.69,18.73,18.62,18.54,18.39,18.22,18.05,17.87,17.72,17.58,17.45,17.31,17.19,16.98,16.76,16.53,16.28,16.13,15.93,15.69,15.49,15.34,15.16,14.96,14.76,14.55,14.36,14.16,13.97,13.77,13.56,13.34,13.09,12.81,12.50,12.22,11.92,11.60,11.32,11.05,10.89,10.79,10.63,10.51,10.80,11.78,13.58,15.32,16.19,16.53,15.63,11.15,6.97,3.98,3.86,3.85,3.85,3.86,3.85,3.85,3.87,4.34,4.83,5.15,5.14,5.20,5.31,5.42,5.51,5.59,5.63,5.62,5.57,5.48,5.40,5.29,5.18,5.09,5.17,5.28,5.35,5.33,5.29,5.27,5.20,5.07,4.95,4.90,4.80,4.70,4.62,4.65,4.64,4.63,4.63,4.65,4.64,4.62,4.60,4.58,4.54,4.50
15.90,15.78,15.62,15.42,15.32,15.22,15.10,14.95,14.82,14.67,14.53,14.43,14.35,14.27,14.19,14.13,14.07,13.93,13.84,13.78,13.72,13.65,13.52,13.44,13.43,13.33,13.31,13.17,12.68,11.49,10.15,8.69,7.23,5.84,4.41,4.01,3.90,3.84,3.86,3.87,3.86,3.86,3.85,3.85,3.83,3.82,3.84,3.83,3.84,3.84,3.83,3.84,3.84,3.85,3.85,3.85,3.85,3.85,3.85,3.85,3.87,3.86,3.92,4.49,6.08,7.50,9.38,11.50,13.71,16.08,18.61,21.31,23.82,25.39,25.90,26.05,26.01,25.86,25.70,25.64,25.61,25.60,25.64,25.59,25.57,25.60,25.68,25.71,25.66,25.62,25.62,25.60,25.67,25.71,25.69,25.63,25.50,25.38,25.30,25.27,25.25,25.26,24.65,23.56,23.51,23.21,21.72,19.41,17.04,15.27,13.55,11.80,9.99,8.35,7.98,7.93,7.93,7.96,8.00,8.01,8.12,8.62,12.02,15.37,18.44,21.15,23.42,24.43,24.64,24.35,23.87,23.18,22.41,21.61,20.89,20.87,20.84,20.88,20.99,21.10,20.94,20.76,20.58,20.40,20.22,20.13,20.06,19.97,19.94,19.93,19.93,19.77,19.23,18.81,18.82,18.86,18.68,18.49,18.29,18.16,18.08,17.92,17.79,17.67,17.52,17.32,17.10,16.83,16.54,16.26,16.00,15.91,15.71,15.43,15.24,15.14,14.99,14.82,14.64,14.45,14.26,14.08,13.90,13.70,13.53,13.35,13.15,12.92,12.67,12.42,12.13,11.81,11.50,11.26,11.09,10.94,10.75,10.60,10.75,11.48,12.89,14.41,15.74,16.37,15.07,8.30,4.87,3.86,3.86,3.85,3.86,3.85,3.85,3.85,3.87,5.18,5.10,5.03,5.16,5.25,5.34,5.44,5.54,5.60,5.61,5.59,5.53,5.44,5.36,5.24,5.15,5.15,5.35,5.36,5.34,5.34,5.27,5.25,5.25,5.25,5.23,5.18,4.97,4.73,4.55,4.56,4.53,4.50,4.49,4.53,4.53,4.52,4.50,4.48,4.45,4.43
15.91,15.81,15.67,15.60,15.50,15.53,15.50,15.06,14.91,14.65,14.43,14.34,14.25,14.16,14.10,14.06,14.01,13.93,13.87,13.81,13.71,13.55,13.46,13.41,13.37,13.31,13.27,13.17,12.96,12.55,11.72,10.45,8.97,7.44,5.38,4.66,4.24,3.84,3.87,3.86,3.86,3.86,3.85,3.85,3.83,3.82,3.83,3.82,3.84,3.84,3.85,3.85,3.85,3.86,3.86,3.86,3.85,3.85,3.84,3.84,3.85,3.86,3.88,4.21,5.23,7.01,9.05,11.24,13.52,15.83,17.93,20.24,22.66,24.75,25.59,25.92,25.86,25.55,25.48,25.54,25.62,25.69,25.78,25.73,25.68,25.65,25.67,25.65,25.64,25.61,25.56,25.63,25.65,25.65,25.61,25.58,25.46,25.37,25.31,25.30,25.30,25.30,24.64,23.51,23.57,23.25,21.77,19.46,17.00,14.78,12.93,11.21,9.52,8.21,7.95,7.93,7.93,7.94,7.96,8.11,8.35,8.80,11.99,15.36,18.72,21.79,23.89,24.47,24.49,24.23,23.92,23.42,22.73,21.84,20.88,20.88,20.86,20.96,21.14,21.27,21.09,20.95,20.81,20.63,20.41,20.29,20.20,20.09,20.02,20.00,19.94,19.76,19.35,19.11,19.03,18.95,18.77,18.64,18.47,18.30,18.14,17.93,17.74,17.55,17.37,17.21,16.91,16.82,16.64,16.29,15.94,15.81,15.57,15.24,14.95,14.87,14.74,14.60,14.45,14.31,14.13,13.96,13.79,13.62,13.45,13.27,13.08,12.88,12.66,12.41,12.15,11.87,11.60,11.39,11.21,11.04,10.82,10.80,11.31,12.30,13.69,15.24,16.23,15.79,14.07,5.55,4.17,3.86,3.86,3.85,3.85,3.86,3.86,3.85,3.86,5.22,5.16,5.09,5.18,5.29,5.37,5.45,5.54,5.59,5.59,5.55,5.48,5.40,5.30,5.18,5.15,5.36,5.40,5.40,5.37,5.36,5.33,5.28,5.26,5.27,5.23,5.20,5.08,4.94,4.88,4.86,4.65,4.47,4.40,4.39,4.41,4.41,4.40,4.37,4.36,4.34
15.93,15.87,15.77,15.81,15.87,15.96,15.96,15.59,15.39,14.67,14.07,14.05,14.26,14.17,14.05,13.99,13.93,13.88,13.84,13.78,13.70,13.55,13.47,13.39,13.27,13.24,13.19,13.13,13.07,13.01,12.58,11.79,10.63,9.05,6.48,5.33,4.67,4.20,3.90,3.86,3.85,3.85,3.85,3.85,3.84,3.83,3.83,3.83,3.84,3.84,3.85,3.86,3.85,3.85,3.85,3.86,3.85,3.85,3.84,3.84,3.84,3.85,3.85,4.06,4.76,6.55,8.52,10.60,12.75,14.95,16.82,18.85,21.09,23.40,24.84,25.50,25.58,25.32,25.38,25.50,25.63,25.76,25.84,25.81,25.74,25.66,25.65,25.62,25.62,25.60,25.53,25.59,25.60,25.59,25.56,25.55,25.46,25.38,25.32,25.31,25.31,25.34,24.69,23.55,23.61,23.34,21.85,19.50,17.01,14.57,12.46,10.60,8.99,8.09,7.93,7.93,7.94,7.94,7.97,8.25,8.70,9.36,11.86,15.13,18.65,21.96,24.23,24.53,24.38,24.12,23.86,23.50,22.94,22.11,21.11,20.94,20.92,21.07,21.30,21.42,21.24,21.10,20.98,20.82,20.57,20.46,20.37,20.24,20.14,20.07,19.97,19.79,19.50,19.34,19.21,19.06,18.88,18.74,18.56,18.36,18.14,17.87,17.69,17.62,17.60,17.54,17.36,17.28,17.03,16.56,16.15,15.81,15.36,14.90,14.63,14.56,14.46,14.35,14.23,14.12,13.96,13.80,13.66,13.51,13.34,13.17,12.99,12.81,12.62,12.40,12.16,11.92,11.69,11.48,11.27,11.06,10.80,11.00,11.85,13.08,14.45,15.91,16.22,14.30,11.26,4.36,3.86,3.86,3.86,3.85,3.85,3.86,3.88,3.96,4.29,5.16,5.14,5.13,5.22,5.32,5.40,5.47,5.56,5.58,5.56,5.50,5.42,5.35,5.23,5.14,5.18,5.44,5.42,5.40,5.39,5.37,5.35,5.29,5.28,5.29,5.24,5.23,5.15,5.08,5.10,5.02,4.81,4.64,4.55,4.51,4.38,4.31,4.29,4.27,4.26,4.25
15.98,15.96,15.91,16.05,16.37,16.49,16.45,16.46,16.18,14.72,13.51,13.61,14.35,14.25,14.04,13.93,13.82,13.78,13.75,13.72,13.68,13.64,13.55,13.38,13.15,13.11,13.09,13.07,13.04,12.99,12.89,12.81,12.23,10.68,7.68,5.99,5.19,4.82,3.96,3.86,3.85,3.84,3.85,3.85,3.84,3.83,3.84,3.86,3.85,3.84,3.85,3.85,3.84,3.84,3.84,3.86,3.85,3.86,3.85,3.84,3.84,3.84,3.84,4.02,4.60,6.10,7.83,9.67,11.54,13.57,15.37,17.19,19.18,21.49,23.73,24.87,25.20,25.15,25.38,25.51,25.65,25.80,25.82,25.83,25.75,25.64,25.64,25.61,25.60,25.57,25.54,25.49,25.51,25.53,25.53,25.54,25.47,25.39,25.33,25.32,25.30,25.38,24.78,23.65,23.65,23.46,21.96,19.54,17.08,14.59,12.12,9.97,8.42,7.99,7.92,7.94,7.96,7.95,8.01,8.41,9.15,10.20,11.65,14.74,18.32,21.74,24.47,24.61,24.32,24.00,23.72,23.45,23.06,22.41,21.52,21.04,21.01,21.20,21.45,21.55,21.38,21.22,21.09,20.96,20.72,20.65,20.57,20.42,20.29,20.15,20.01,19.86,19.68,19.53,19.38,19.20,18.99,18.79,18.57,18.35,18.10,17.75,17.63,17.83,18.11,18.23,18.30,18.10,17.65,17.04,16.56,15.87,15.09,14.45,14.28,14.22,14.15,14.07,13.98,13.89,13.74,13.62,13.52,13.38,13.21,13.04,12.88,12.73,12.56,12.38,12.17,11.95,11.76,11.53,11.28,11.00,10.71,11.20,12.37,13.81,15.19,16.44,15.79,12.11,7.16,4.08,3.86,3.86,3.85,3.86,3.86,3.85,3.91,4.16,5.21,5.07,5.06,5.16,5.26,5.34,5.43,5.51,5.58,5.57,5.52,5.44,5.37,5.28,5.15,5.14,5.24,5.42,5.41,5.39,5.38,5.38,5.33,5.30,5.30,5.30,5.26,5.25,5.19,5.16,5.24,5.07,5.00,4.96,4.90,4.82,4.43,4.22,4.17,4.17,4.17,4.13
16.06,16.06,16.02,16.14,16.54,16.69,16.60,16.55,16.32,14.02,12.01,12.09,13.08,13.31,13.39,13.49,13.46,13.62,13.68,13.64,13.58,13.54,13.49,13.40,13.28,13.20,13.04,12.95,12.95,12.95,12.90,12.90,12.67,11.92,10.10,8.48,7.07,5.83,4.62,4.06,3.85,3.84,3.84,3.84,3.84,3.84,3.85,3.85,3.84,3.84,3.85,3.86,3.85,3.84,3.84,3.84,3.85,3.86,3.85,3.84,3.83,3.84,3.83,3.90,4.14,4.74,6.48,8.46,10.17,12.00,13.88,15.71,17.59,19.69,21.73,23.43,24.62,25.17,25.37,25.47,25.53,25.57,25.64,25.70,25.72,25.72,25.71,25.65,25.58,25.52,25.50,25.44,25.46,25.47,25.48,25.50,25.47,25.38,25.30,25.31,25.31,25.33,24.73,23.65,23.69,23.55,22.17,19.79,17.06,14.57,12.10,9.84,8.10,7.93,7.92,7.94,7.98,8.06,8.02,8.34,8.98,9.94,12.10,15.12,18.40,21.61,24.49,24.67,24.39,24.06,23.74,23.44,23.08,22.57,21.95,21.72,21.69,21.71,21.74,21.78,21.63,21.47,21.33,21.19,21.00,20.88,20.75,20.59,20.44,20.28,20.11,19.94,19.75,19.57,19.38,19.17,18.96,18.75,18.62,18.34,18.03,18.15,18.30,18.63,19.00,19.25,19.39,18.50,17.58,17.09,16.91,16.26,15.46,14.67,14.10,13.91,13.80,13.75,13.75,13.82,13.59,13.39,13.29,13.19,13.02,12.87,12.74,12.63,12.46,12.29,12.11,11.91,11.66,11.42,11.19,10.99,10.93,11.80,13.12,14.57,15.86,16.38,14.17,11.58,4.99,3.94,3.85,3.85,3.85,3.85,3.85,3.86,3.92,4.17,5.18,5.10,5.10,5.17,5.30,5.37,5.46,5.53,5.57,5.54,5.48,5.40,5.32,5.22,5.08,5.17,5.35,5.42,5.40,5.38,5.36,5.35,5.34,5.34,5.32,5.29,5.24,5.20,5.19,5.19,5.19,5.09,5.03,4.98,4.92,4.88,4.70,4.57,4.50,4.42,4.09,4.01
16.15,16.17,16.14,16.21,16.66,16.82,16.72,16.62,16.21,13.32,10.77,10.70,11.78,12.25,12.55,12.81,12.93,13.31,13.51,13.55,13.49,13.45,13.41,13.38,13.33,13.24,13.04,12.93,12.91,12.88,12.86,12.89,12.87,12.70,11.88,10.53,8.87,7.09,5.56,4.60,4.05,3.84,3.83,3.84,3.84,3.84,3.85,3.85,3.84,3.84,3.85,3.86,3.85,3.85,3.84,3.83,3.85,3.86,3.85,3.84,3.84,3.84,3.83,3.83,3.85,3.86,5.28,7.13,8.84,10.54,12.36,14.16,15.97,17.88,19.76,21.80,23.60,24.75,25.24,25.38,25.37,25.36,25.47,25.65,25.81,25.87,25.72,25.63,25.54,25.48,25.47,25.38,25.41,25.44,25.45,25.49,25.46,25.38,25.32,25.31,25.30,25.31,24.72,23.71,23.71,23.62,22.32,19.96,17.06,14.50,12.07,9.88,8.14,7.96,7.94,7.95,8.01,8.15,8.05,8.26,8.80,9.70,12.52,15.57,18.63,21.61,24.51,24.72,24.45,24.11,23.77,23.44,23.11,22.75,22.38,22.29,22.24,22.14,22.01,21.98,21.85,21.69,21.54,21.39,21.23,21.06,20.89,20.70,20.53,20.35,20.16,19.97,19.76,19.55,19.34,19.13,18.94,18.82,18.85,18.62,18.32,18.71,19.04,19.46,19.93,20.34,20.21,18.72,17.45,17.07,17.26,16.78,16.08,15.29,14.49,14.15,13.92,13.79,13.80,13.94,13.53,13.18,13.05,12.97,12.83,12.70,12.59,12.50,12.34,12.19,12.03,11.84,11.56,11.32,11.12,11.04,11.24,12.43,13.85,15.26,16.31,15.50,12.11,10.08,3.96,3.86,3.85,3.84,3.85,3.85,3.85,3.86,4.02,4.41,5.12,5.11,5.13,5.21,5.33,5.41,5.49,5.54,5.55,5.50,5.44,5.36,5.27,5.17,5.07,5.21,5.41,5.41,5.40,5.38,5.36,5.33,5.36,5.36,5.34,5.29,5.22,5.18,5.20,5.22,5.17,5.13,5.07,5.00,4.94,4.93,4.89,4.82,4.73,4.61,4.16,3.97
16.25,16.27,16.28,16.29,16.69,16.87,16.81,16.68,15.70,12.64,9.99,9.63,10.54,11.04,11.40,11.74,12.15,12.73,13.19,13.45,13.46,13.36,13.31,13.27,13.24,13.20,13.12,13.06,12.98,12.76,12.73,12.76,12.77,12.72,12.50,11.75,10.47,8.78,6.96,5.69,4.56,3.84,3.84,3.84,3.84,3.83,3.84,3.86,3.86,3.86,3.86,3.85,3.84,3.85,3.85,3.84,3.85,3.86,3.85,3.84,3.87,3.85,3.83,3.83,3.84,3.84,4.35,5.60,7.56,9.27,10.82,12.49,14.28,16.04,17.89,19.89,21.85,23.58,24.90,25.17,25.17,25.20,25.30,25.76,26.11,26.13,25.60,25.49,25.46,25.47,25.47,25.33,25.38,25.43,25.46,25.53,25.44,25.41,25.39,25.33,25.29,25.32,24.82,23.88,23.72,23.66,22.35,19.98,17.13,14.32,12.02,10.17,8.77,8.13,7.98,7.97,8.02,8.20,8.09,8.20,8.63,9.55,12.85,16.08,19.08,21.83,24.53,24.74,24.48,24.13,23.78,23.46,23.18,22.96,22.80,22.63,22.52,22.39,22.24,22.11,22.01,21.86,21.69,21.52,21.33,21.14,20.94,20.73,20.53,20.33,20.13,19.92,19.69,19.46,19.25,19.07,18.95,19.11,19.39,19.40,19.24,19.50,19.83,20.31,20.91,21.53,20.56,18.67,17.25,16.95,17.62,17.50,17.10,16.52,15.81,15.33,14.83,14.45,14.30,14.36,13.61,13.02,12.80,12.71,12.62,12.52,12.42,12.32,12.17,12.05,11.91,11.73,11.48,11.23,11.08,11.16,11.72,13.09,14.55,15.82,16.39,13.25,9.36,7.32,3.86,3.86,3.85,3.85,3.84,3.84,3.85,3.85,4.26,5.20,5.01,5.07,5.17,5.28,5.36,5.44,5.51,5.55,5.54,5.47,5.41,5.33,5.22,5.10,5.15,5.28,5.39,5.39,5.41,5.41,5.38,5.35,5.37,5.35,5.33,5.30,5.22,5.23,5.25,5.26,5.23,5.19,5.13,5.05,4.98,4.97,4.96,4.88,4.77,4.68,4.49,4.07
16.34,16.37,16.39,16.39,16.71,16.96,17.01,16.76,13.53,11.11,9.72,9.39,9.69,10.02,10.31,10.64,11.23,11.92,12.59,13.12,13.36,13.32,13.23,13.16,13.14,13.10,13.07,13.04,12.99,12.83,12.68,12.65,12.66,12.66,12.61,12.29,11.54,10.28,8.47,7.05,5.62,4.44,3.84,3.84,3.84,3.84,3.84,3.85,3.85,3.85,3.85,3.85,3.85,3.85,3.85,3.84,3.85,3.85,3.84,3.84,3.86,3.84,3.83,3.83,3.84,3.84,4.00,4.68,6.03,7.67,9.22,10.84,12.50,14.13,16.04,18.03,19.99,21.85,23.79,24.64,24.99,25.16,25.45,26.29,26.72,26.64,26.11,26.11,25.93,25.69,25.48,25.41,25.44,25.46,25.47,25.49,25.44,25.47,25.52,25.51,25.36,25.38,24.85,23.85,23.77,23.66,22.36,20.04,17.24,14.49,12.29,10.63,9.43,8.36,8.09,8.10,8.20,8.30,8.20,8.22,8.51,9.29,12.82,16.09,19.13,21.94,24.50,24.67,24.44,24.13,23.76,23.47,23.31,23.18,23.01,22.87,22.74,22.60,22.42,22.26,22.12,21.94,21.75,21.55,21.31,21.10,20.89,20.67,20.45,20.27,20.12,19.93,19.58,19.29,19.55,19.80,19.69,19.72,19.98,20.11,20.10,20.16,20.04,20.34,20.88,21.35,20.10,18.34,16.79,15.95,16.32,16.46,16.85,17.19,16.81,16.38,15.91,15.44,15.01,14.72,13.91,13.19,12.75,12.63,12.50,12.35,12.21,12.11,11.99,11.88,11.74,11.56,11.35,11.12,11.06,11.36,12.33,13.73,15.17,16.10,15.79,11.47,8.84,6.71,3.84,3.85,3.85,3.85,3.84,3.85,3.90,3.96,4.40,5.16,5.03,5.10,5.21,5.32,5.39,5.46,5.51,5.53,5.50,5.43,5.36,5.27,5.16,5.03,5.21,5.34,5.38,5.38,5.38,5.39,5.39,5.39,5.39,5.36,5.34,5.34,5.31,5.30,5.29,5.27,5.26,5.24,5.20,5.15,5.09,5.07,5.04,4.97,4.86,4.75,4.62,4.26
16.43,16.46,16.49,16.50,16.79,17.36,17.82,17.49,12.66,10.38,9.67,9.45,9.22,9.35,9.54,9.82,10.49,11.21,12.01,12.73,13.20,13.25,13.13,13.03,13.02,13.00,12.98,12.97,12.96,12.92,12.67,12.58,12.58,12.57,12.56,12.56,12.30,11.56,9.99,8.49,6.88,5.31,4.03,3.88,3.85,3.85,3.84,3.84,3.83,3.84,3.85,3.85,3.86,3.86,3.86,3.84,3.85,3.84,3.84,3.84,3.84,3.83,3.83,3.83,3.85,3.85,3.84,4.04,4.63,6.05,7.58,9.15,10.73,12.27,14.21,16.18,18.10,19.99,22.34,23.84,24.68,25.14,25.78,26.97,27.44,27.30,26.97,27.00,26.63,26.11,25.64,25.54,25.52,25.50,25.48,25.46,25.45,25.52,25.62,25.68,25.44,25.45,24.88,23.81,23.83,23.67,22.43,20.21,17.42,14.80,12.64,11.05,9.97,8.62,8.25,8.26,8.39,8.41,8.28,8.24,8.43,9.11,12.72,16.00,19.10,22.02,24.46,24.59,24.39,24.14,23.76,23.51,23.45,23.38,23.16,23.05,22.91,22.75,22.56,22.37,22.18,21.97,21.75,21.52,21.26,21.05,20.86,20.66,20.45,20.30,20.24,20.09,19.61,19.33,20.04,20.70,20.59,20.42,20.58,20.75,20.80,20.62,20.07,20.13,20.49,20.63,19.27,17.66,15.95,14.46,14.22,14.38,15.60,17.09,17.36,17.19,16.91,16.48,15.86,15.24,14.46,13.67,13.02,12.80,12.57,12.31,12.07,11.91,11.81,11.69,11.55,11.37,11.22,11.01,11.07,11.63,12.98,14.38,15.76,16.36,15.28,9.83,5.71,3.84,3.84,3.85,3.84,3.85,3.85,3.85,3.98,4.17,4.57,5.10,5.07,5.15,5.25,5.35,5.41,5.47,5.51,5.51,5.46,5.39,5.30,5.21,5.11,4.99,5.26,5.38,5.36,5.36,5.35,5.36,5.39,5.43,5.41,5.38,5.37,5.37,5.41,5.37,5.32,5.28,5.28,5.29,5.27,5.24,5.21,5.16,5.12,5.05,4.96,4.82,4.69,4.44
16.53,16.56,16.60,16.60,17.20,19.09,21.13,21.05,19.62,14.35,9.94,9.78,9.88,9.93,10.04,10.28,10.74,11.24,11.84,12.43,12.84,12.99,12.94,12.88,12.88,12.90,12.90,12.87,12.84,12.83,12.75,12.67,12.59,12.50,12.48,12.47,12.41,12.17,11.45,10.00,8.36,6.68,5.07,4.10,3.84,3.84,3.85,3.84,3.84,3.84,3.84,3.84,3.84,3.85,3.85,3.84,3.85,3.85,3.85,3.85,3.84,3.84,3.84,3.83,3.84,3.85,3.84,3.90,4.12,4.84,5.80,7.29,9.12,10.76,12.47,14.32,16.24,18.18,20.34,22.30,23.84,25.06,26.51,27.78,28.26,28.32,28.63,28.16,27.65,27.08,26.46,25.77,25.57,25.50,25.55,25.54,25.48,25.52,25.59,25.60,25.45,25.48,24.98,24.02,23.87,23.78,22.78,20.77,17.86,15.32,12.90,11.07,10.01,8.98,8.57,8.41,8.39,8.44,8.18,8.12,8.44,9.37,12.74,16.06,19.23,22.13,24.44,24.56,24.36,24.13,23.85,23.71,23.60,23.47,23.29,23.12,22.92,22.74,22.55,22.31,22.07,21.85,21.62,21.40,21.24,21.11,21.02,20.95,20.86,20.85,20.88,20.78,20.27,20.35,20.94,21.39,21.28,21.09,21.17,21.16,20.91,20.36,20.00,19.90,19.76,19.24,17.80,15.83,13.76,11.90,10.62,9.94,11.48,14.32,16.36,17.11,17.32,17.24,17.04,16.49,15.84,15.11,14.37,13.85,13.26,12.80,12.37,11.84,11.61,11.47,11.34,11.18,11.07,10.93,11.24,12.13,13.64,15.06,16.26,16.87,16.01,8.23,4.92,3.85,3.86,3.86,3.86,3.85,3.85,3.86,4.10,5.28,5.16,5.00,5.08,5.18,5.28,5.37,5.44,5.48,5.50,5.49,5.43,5.34,5.24,5.14,5.07,5.16,5.31,5.35,5.35,5.36,5.37,5.39,5.40,5.42,5.42,5.42,5.40,5.38,5.39,5.38,5.37,5.35,5.33,5.34,5.33,5.30,5.25,5.21,5.17,5.11,5.02,4.86,4.73,4.51
16.64,16.67,16.72,16.70,17.17,19.54,22.34,22.50,22.39,18.24,14.49,14.38,14.49,12.99,11.44,10.55,10.88,11.23,11.69,12.15,12.50,12.73,12.78,12.78,12.82,12.92,12.89,12.81,12.74,12.75,12.74,12.69,12.61,12.51,12.41,12.39,12.40,12.38,12.17,11.23,9.80,8.10,6.36,4.85,4.10,3.84,3.86,3.84,3.84,3.84,3.84,3.84,3.84,3.84,3.84,3.84,3.85,3.85,3.85,3.84,3.84,3.85,3.84,3.84,3.84,3.85,3.84,3.85,3.89,4.16,4.62,5.68,7.27,8.97,10.67,12.49,14.38,16.30,18.33,20.47,22.41,24.16,26.18,27.91,28.82,29.22,29.65,29.02,28.37,27.66,26.89,25.90,25.69,25.63,25.71,25.69,25.68,25.59,25.55,25.65,25.58,25.54,25.01,24.07,23.90,23.83,23.09,21.39,18.58,16.00,13.41,11.42,10.33,9.69,9.18,8.85,8.67,8.56,8.43,8.51,8.98,10.08,13.03,16.16,19.32,22.28,24.44,24.56,24.37,24.17,23.96,23.87,23.74,23.58,23.41,23.22,22.97,22.74,22.52,22.24,22.02,21.78,21.55,21.39,21.29,21.23,21.19,21.19,21.19,21.23,21.30,21.25,20.92,21.14,21.53,21.77,21.68,21.55,21.56,21.32,20.77,20.06,19.78,19.44,18.81,17.68,15.81,13.60,11.50,9.66,7.91,7.70,9.79,12.20,11.69,13.67,15.39,16.49,16.84,17.01,16.71,16.12,15.38,14.62,13.74,13.40,13.17,12.51,12.07,11.80,11.54,11.25,11.09,11.13,11.71,12.82,14.31,15.69,16.63,16.48,14.64,7.92,4.32,3.86,3.86,3.86,3.86,3.85,3.85,3.86,4.10,5.17,5.10,4.99,5.11,5.21,5.31,5.40,5.47,5.49,5.49,5.45,5.39,5.29,5.19,5.08,5.02,5.23,5.33,5.35,5.34,5.35,5.37,5.38,5.39,5.40,5.42,5.44,5.42,5.39,5.39,5.39,5.40,5.40,5.36,5.40,5.39,5.35,5.28,5.24,5.20,5.13,5.03,4.89,4.77,4.57
16.76,16.78,16.84,16.81,16.84,19.09,22.10,22.49,22.24,22.09,22.00,21.93,21.82,17.75,13.45,10.69,10.93,11.19,11.53,11.89,12.20,12.47,12.62,12.71,12.81,13.00,12.94,12.79,12.65,12.67,12.66,12.65,12.63,12.57,12.36,12.30,12.30,12.32,12.39,12.27,11.21,9.55,7.83,5.96,4.55,3.85,3.86,3.83,3.84,3.84,3.84,3.85,3.84,3.84,3.84,3.83,3.85,3.85,3.85,3.84,3.83,3.84,3.85,3.84,3.85,3.85,3.84,3.84,3.85,3.86,3.85,4.26,5.25,6.98,8.83,10.68,12.53,14.37,16.32,18.44,20.55,22.68,25.11,27.57,29.21,30.03,30.23,29.68,28.88,27.97,27.05,25.97,25.86,25.85,25.92,25.89,25.98,25.71,25.52,25.79,25.79,25.65,24.99,24.00,23.92,23.86,23.37,22.06,19.48,16.79,14.10,12.00,10.85,10.64,10.00,9.49,9.16,8.74,8.93,9.24,9.88,11.10,13.51,16.28,19.37,22.46,24.47,24.57,24.40,24.24,24.08,24.02,23.89,23.71,23.53,23.34,23.03,22.75,22.48,22.16,22.00,21.74,21.52,21.48,21.39,21.38,21.38,21.39,21.47,21.51,21.55,21.59,21.56,21.77,21.91,21.94,21.88,21.85,21.80,21.32,20.47,19.73,19.44,18.82,17.70,16.00,13.47,11.11,9.18,7.65,5.81,4.40,3.82,3.94,4.38,7.89,11.82,14.69,15.67,17.03,17.21,16.84,16.14,15.20,14.06,14.07,14.33,13.68,13.00,12.53,12.04,11.49,11.21,11.53,12.38,13.62,14.99,16.29,16.91,15.46,11.59,5.07,3.85,3.86,3.85,3.85,3.85,3.85,3.85,3.86,4.01,4.98,5.00,5.05,5.15,5.25,5.34,5.43,5.49,5.50,5.47,5.41,5.33,5.23,5.14,5.01,4.95,5.25,5.34,5.36,5.35,5.34,5.36,5.35,5.36,5.39,5.42,5.44,5.42,5.38,5.38,5.41,5.43,5.42,5.38,5.45,5.47,5.41,5.30,5.25,5.20,5.12,5.02,4.91,4.80,4.64
16.91,16.88,16.97,16.96,16.96,18.61,21.02,21.99,22.48,22.58,22.47,22.28,21.72,20.03,18.34,17.23,17.24,13.58,11.86,11.74,12.03,12.30,12.51,12.70,12.87,13.00,12.99,12.89,12.74,12.61,12.58,12.57,12.55,12.50,12.42,12.30,12.24,12.25,12.27,12.28,11.86,10.90,9.31,7.40,5.74,4.52,3.85,3.84,3.84,3.85,3.85,3.85,3.84,3.85,3.85,3.84,3.85,3.85,3.84,3.83,3.84,3.83,3.83,3.84,3.84,3.85,3.85,3.86,3.87,3.84,3.84,4.00,4.43,5.26,6.64,8.56,10.61,12.45,14.38,16.39,18.47,20.60,22.86,25.04,26.63,27.98,29.66,29.82,29.30,28.52,27.76,27.00,26.69,26.51,26.43,26.16,26.11,25.77,25.45,25.50,25.69,25.61,25.08,24.26,23.98,23.89,23.54,22.47,20.14,17.73,15.38,13.43,12.19,12.24,12.12,11.34,10.17,9.61,9.70,10.33,11.27,12.33,14.33,16.98,19.90,22.71,24.53,24.62,24.48,24.33,24.19,24.16,24.06,23.89,23.65,23.36,23.08,22.76,22.42,22.16,21.96,21.72,21.55,21.52,21.51,21.48,21.48,21.51,21.56,21.61,21.65,21.69,21.75,21.89,22.03,22.03,21.82,21.59,21.28,20.76,20.06,19.39,18.56,17.28,15.53,13.36,11.15,9.13,8.03,5.41,4.58,4.04,3.82,3.86,4.02,5.37,6.83,8.19,9.48,12.20,14.42,15.71,15.74,14.05,13.28,14.22,15.39,15.06,14.40,13.86,13.28,12.68,12.48,12.68,13.36,14.44,15.72,16.61,16.56,13.76,7.83,4.47,3.85,3.86,3.85,3.84,3.85,3.85,3.84,3.87,5.25,5.07,5.01,5.08,5.20,5.29,5.37,5.44,5.48,5.48,5.44,5.37,5.28,5.18,5.07,5.05,5.14,5.31,5.36,5.37,5.36,5.37,5.38,5.37,5.37,5.37,5.37,5.40,5.42,5.40,5.39,5.39,5.39,5.40,5.42,5.41,5.40,5.36,5.29,5.26,5.19,5.11,5.03,4.93,4.81,4.65
17.07,17.01,17.10,17.12,17.11,18.13,19.90,21.55,22.52,22.93,22.96,22.75,22.12,21.87,21.63,21.30,20.94,16.40,14.18,13.54,12.76,12.36,12.45,12.69,12.92,13.04,13.08,13.04,12.90,12.64,12.55,12.50,12.47,12.44,12.43,12.31,12.22,12.19,12.18,12.23,12.23,11.83,10.66,8.84,7.05,5.44,4.20,3.90,3.85,3.85,3.85,3.85,3.85,3.85,3.85,3.84,3.84,3.84,3.83,3.83,3.84,3.83,3.83,3.84,3.84,3.85,3.85,3.86,3.87,3.84,3.83,3.84,3.91,4.14,4.95,6.55,8.56,10.59,12.47,14.43,16.46,18.56,20.68,22.69,24.31,26.02,28.52,29.28,29.39,29.10,28.61,28.13,27.68,27.32,27.05,26.54,26.28,25.82,25.42,25.34,25.63,25.58,25.09,24.33,24.05,23.92,23.71,22.86,20.66,18.77,16.95,15.36,14.22,14.44,14.66,13.88,12.42,11.56,11.56,12.25,13.16,13.87,15.28,17.72,20.49,23.04,24.55,24.64,24.52,24.39,24.28,24.28,24.21,24.05,23.78,23.44,23.15,22.80,22.41,22.16,21.94,21.72,21.57,21.55,21.59,21.56,21.57,21.65,21.68,21.70,21.70,21.70,21.75,21.80,21.90,21.84,21.52,21.12,20.67,20.11,19.41,18.57,17.18,15.37,13.23,10.89,8.89,7.68,6.98,4.01,3.84,3.82,3.82,3.82,3.83,3.87,3.85,4.19,5.78,9.30,12.74,14.14,13.65,12.96,12.57,14.12,16.00,16.14,15.65,15.06,14.42,13.82,13.70,13.80,14.34,15.25,16.35,16.85,15.58,12.20,5.59,4.05,3.85,3.86,3.85,3.85,3.85,3.85,3.85,3.92,5.16,5.07,5.04,5.11,5.24,5.32,5.39,5.45,5.47,5.45,5.40,5.32,5.23,5.13,5.00,5.05,5.27,5.34,5.36,5.36,5.37,5.39,5.38,5.38,5.37,5.36,5.34,5.38,5.40,5.40,5.40,5.38,5.37,5.39,5.42,5.38,5.36,5.32,5.27,5.25,5.19,5.12,5.03,4.94,4.81,4.64
17.25,17.18,17.24,17.30,17.30,17.63,18.73,21.17,22.27,23.10,23.51,23.43,23.30,23.09,22.55,21.69,20.75,19.87,19.43,18.20,14.81,12.77,12.43,12.70,12.95,13.16,13.24,13.26,13.17,12.78,12.57,12.44,12.39,12.39,12.36,12.34,12.26,12.13,12.11,12.12,12.18,12.15,11.83,10.28,8.53,6.74,5.10,4.02,3.84,3.85,3.86,3.85,3.85,3.84,3.83,3.82,3.83,3.83,3.83,3.83,3.83,3.83,3.84,3.85,3.85,3.85,3.85,3.85,3.85,3.83,3.83,3.84,3.86,3.90,3.99,4.71,6.31,8.85,10.63,12.58,14.57,16.57,18.61,20.61,22.38,24.21,26.55,27.73,28.99,29.72,29.64,29.41,28.90,28.38,27.84,27.08,26.52,25.89,25.44,25.38,25.61,25.56,25.00,24.15,24.10,23.97,23.89,23.21,20.98,19.96,18.95,18.01,17.27,17.53,17.79,17.46,16.48,15.09,15.01,15.41,15.82,15.87,16.43,18.56,21.16,23.49,24.53,24.60,24.50,24.40,24.33,24.36,24.31,24.17,23.92,23.60,23.28,22.88,22.46,22.18,21.97,21.76,21.59,21.54,21.62,21.61,21.67,21.81,21.84,21.80,21.70,21.58,21.47,21.42,21.39,21.24,20.86,20.35,19.91,19.30,18.39,17.05,15.06,12.94,10.78,8.65,6.71,5.06,4.09,3.86,3.81,3.81,3.82,3.82,3.85,3.84,3.82,3.88,4.06,4.48,4.90,6.42,9.06,11.97,11.95,13.68,15.94,16.78,16.64,16.07,15.41,14.88,14.84,14.84,15.29,16.08,16.83,16.99,13.67,10.38,4.04,3.89,3.86,3.86,3.86,3.88,3.87,3.85,3.89,4.03,4.93,5.01,5.08,5.13,5.27,5.34,5.41,5.46,5.46,5.43,5.36,5.27,5.19,5.07,4.94,5.02,5.29,5.32,5.34,5.34,5.35,5.38,5.37,5.37,5.38,5.37,5.36,5.36,5.36,5.36,5.38,5.36,5.37,5.38,5.38,5.36,5.34,5.30,5.26,5.24,5.19,5.14,5.05,4.92,4.78,4.61
17.42,17.34,17.38,17.45,17.47,17.58,18.39,20.88,22.02,23.03,23.64,23.66,23.64,23.55,23.24,22.70,22.08,21.60,20.83,19.53,17.55,16.36,15.49,14.33,12.92,13.18,13.37,13.53,13.53,13.18,12.91,12.62,12.40,12.30,12.29,12.29,12.26,12.17,12.11,12.08,12.10,12.10,12.00,11.27,9.85,8.11,6.35,4.86,4.11,3.85,3.86,3.85,3.85,3.84,3.83,3.83,3.83,3.84,3.84,3.84,3.84,3.84,3.84,3.84,3.85,3.85,3.84,3.84,3.84,3.85,3.84,3.83,3.84,3.85,3.82,4.10,4.94,6.52,8.58,10.58,12.60,14.64,16.72,18.68,20.57,22.47,24.51,25.84,27.76,29.23,29.65,29.49,29.28,28.92,28.39,27.61,27.02,26.35,25.78,25.47,25.58,25.52,24.99,24.17,24.17,24.07,23.95,23.51,22.28,21.63,21.07,20.50,19.93,19.74,19.67,19.56,19.26,18.53,18.71,18.78,18.68,18.50,18.93,20.55,22.40,23.90,24.52,24.54,24.46,24.41,24.43,24.43,24.39,24.28,24.06,23.75,23.42,23.06,22.64,22.14,22.02,21.90,21.76,21.63,21.74,21.79,21.80,21.76,21.73,21.62,21.40,21.15,21.00,20.89,20.81,20.65,20.31,19.78,18.96,17.86,16.43,14.56,12.59,10.56,8.47,6.43,5.13,4.24,3.83,3.84,3.81,3.81,3.82,3.83,3.84,3.84,3.82,3.81,3.83,3.83,3.84,4.54,5.98,7.72,8.65,9.87,12.66,14.86,16.34,16.50,16.19,15.92,15.91,15.92,16.18,16.61,16.96,16.16,11.50,7.50,3.84,3.85,3.85,3.86,3.86,3.86,3.84,3.84,4.05,5.24,4.95,4.99,5.10,5.19,5.29,5.37,5.43,5.46,5.45,5.40,5.32,5.23,5.14,5.02,5.03,5.14,5.28,5.31,5.32,5.33,5.34,5.39,5.37,5.38,5.39,5.38,5.38,5.36,5.35,5.34,5.38,5.37,5.39,5.41,5.38,5.36,5.32,5.28,5.25,5.24,5.18,5.11,5.04,4.91,4.75,4.48
17.59,17.50,17.54,17.61,17.64,17.66,18.29,20.61,21.76,22.91,23.67,23.77,23.77,23.79,23.76,23.64,23.46,22.79,21.53,20.39,20.13,19.86,18.61,16.35,13.74,14.00,13.76,13.74,13.85,13.65,13.37,12.91,12.48,12.24,12.21,12.22,12.23,12.21,12.12,12.06,12.03,11.99,11.94,11.99,11.01,9.47,7.69,5.93,4.60,3.96,3.86,3.85,3.84,3.84,3.84,3.84,3.84,3.85,3.85,3.85,3.85,3.85,3.84,3.84,3.85,3.84,3.84,3.84,3.84,3.86,3.84,3.83,3.83,3.84,3.83,3.85,4.00,4.48,6.52,8.53,10.60,12.74,14.86,16.78,18.73,20.66,22.48,23.90,26.28,28.33,29.27,29.25,29.35,29.23,28.83,28.15,27.56,26.89,26.23,25.68,25.56,25.42,24.93,24.24,24.25,24.17,24.01,23.80,23.59,23.19,22.91,22.60,22.16,21.56,21.22,21.28,21.58,21.63,21.98,21.81,21.41,21.17,21.56,22.59,23.59,24.24,24.51,24.49,24.44,24.44,24.52,24.50,24.48,24.40,24.20,23.87,23.53,23.20,22.80,22.13,22.07,22.05,21.96,21.76,21.86,21.93,21.84,21.60,21.51,21.36,21.04,20.67,20.48,20.33,20.22,20.04,19.68,19.05,17.75,16.08,14.14,11.95,10.13,8.54,6.70,4.63,3.97,3.84,3.83,3.84,3.82,3.81,3.82,3.84,3.83,3.84,3.83,3.81,3.82,3.85,3.84,3.84,3.84,3.81,4.31,6.27,9.49,12.85,14.86,15.70,16.09,16.36,16.68,16.76,16.86,16.95,16.96,14.80,9.73,5.16,3.83,3.85,3.85,3.85,3.86,3.84,3.82,3.86,4.23,5.19,4.98,5.00,5.11,5.24,5.32,5.39,5.44,5.45,5.42,5.36,5.28,5.19,5.08,4.96,5.13,5.26,5.27,5.30,5.32,5.32,5.34,5.41,5.39,5.40,5.42,5.41,5.40,5.38,5.35,5.35,5.40,5.40,5.42,5.42,5.39,5.36,5.30,5.26,5.24,5.23,5.15,5.08,5.00,4.88,4.69,4.34
17.75,17.70,17.72,17.82,17.85,17.87,18.40,20.32,21.50,22.83,23.73,23.81,23.84,23.87,23.86,23.81,23.73,23.45,22.98,22.34,21.57,20.35,19.32,18.40,17.68,17.86,15.04,13.71,13.96,14.14,13.98,13.41,12.76,12.31,12.11,12.12,12.15,12.16,12.14,12.06,12.00,11.97,11.91,12.04,11.72,10.74,9.10,7.24,5.66,4.50,3.87,3.86,3.84,3.83,3.82,3.84,3.85,3.85,3.85,3.85,3.84,3.84,3.85,3.85,3.86,3.86,3.85,3.85,3.86,3.86,3.85,3.84,3.85,3.85,3.85,3.85,3.88,4.01,4.57,6.40,8.62,10.84,12.98,14.89,16.70,18.52,20.50,22.11,24.59,26.88,28.30,28.86,29.05,29.16,29.08,28.72,27.99,27.39,26.85,26.29,25.62,25.07,24.63,24.35,24.34,24.27,24.19,24.12,24.05,23.93,23.69,23.41,23.14,22.72,22.57,22.84,23.34,23.51,23.47,23.48,23.49,23.45,23.54,23.81,24.12,24.38,24.47,24.50,24.50,24.50,24.54,24.57,24.63,24.57,24.30,23.92,23.53,23.15,22.74,22.27,22.14,22.13,22.12,22.00,21.90,21.78,21.54,21.23,21.17,21.04,20.70,20.26,19.95,19.81,19.68,19.35,18.67,17.62,15.71,13.56,11.49,9.74,7.97,7.34,4.53,4.02,3.88,3.84,3.84,3.85,3.84,3.83,3.83,3.83,3.84,3.83,3.83,3.83,3.83,3.85,3.84,3.84,3.85,3.82,3.92,4.43,5.19,6.02,9.37,10.89,12.95,14.68,16.43,16.76,16.80,16.82,16.83,12.29,7.32,4.07,3.85,3.86,3.85,3.85,3.85,3.85,3.85,4.00,4.36,4.93,4.97,5.04,5.14,5.24,5.34,5.40,5.43,5.42,5.39,5.33,5.23,5.12,5.02,4.87,5.09,5.26,5.28,5.32,5.34,5.36,5.39,5.44,5.44,5.45,5.45,5.47,5.47,5.44,5.41,5.41,5.44,5.43,5.42,5.40,5.37,5.33,5.30,5.27,5.24,5.21,5.11,5.03,4.94,4.80,4.61,4.28
17.86,17.89,17.92,18.03,18.08,18.09,18.50,20.02,21.25,22.69,23.69,23.83,23.87,23.88,23.88,23.85,23.80,23.76,23.67,23.39,22.73,21.57,20.72,19.86,18.99,19.02,16.70,14.93,14.20,14.32,14.32,13.94,13.34,12.67,12.19,12.06,12.06,12.09,12.11,12.05,12.01,11.97,11.90,11.97,11.93,11.48,10.44,8.67,6.91,5.36,4.24,3.86,3.84,3.83,3.82,3.84,3.85,3.84,3.84,3.85,3.84,3.84,3.85,3.86,3.86,3.86,3.85,3.85,3.85,3.86,3.85,3.85,3.85,3.85,3.85,3.85,3.85,3.85,3.84,4.91,6.64,8.76,11.00,12.94,14.71,16.50,18.49,20.21,22.59,24.86,26.50,27.59,27.99,28.59,29.09,28.96,28.47,28.01,27.52,26.91,26.13,25.20,24.61,24.47,24.49,24.43,24.37,24.32,24.32,24.60,24.48,24.29,24.19,23.88,23.72,23.83,24.08,24.19,24.11,24.16,24.25,24.25,24.29,24.32,24.39,24.49,24.53,24.58,24.58,24.57,24.61,24.68,24.75,24.71,24.48,24.06,23.61,23.11,22.62,22.27,22.09,22.04,22.02,21.92,21.75,21.53,21.23,20.90,20.82,20.71,20.36,19.85,19.43,19.22,18.87,18.15,16.93,15.41,13.39,11.27,9.24,7.47,6.84,6.51,3.85,3.85,3.85,3.85,3.85,3.86,3.85,3.83,3.82,3.82,3.84,3.83,3.83,3.84,3.83,3.84,3.84,3.85,3.86,3.85,3.86,3.87,3.86,3.88,6.84,9.08,10.35,10.29,12.96,14.76,15.69,15.81,15.28,9.30,5.51,3.85,3.85,3.86,3.86,3.86,3.85,3.85,3.86,4.23,4.69,4.86,4.99,5.08,5.17,5.25,5.34,5.40,5.41,5.39,5.34,5.28,5.18,5.07,4.98,4.97,5.14,5.26,5.28,5.33,5.37,5.40,5.44,5.47,5.50,5.49,5.49,5.50,5.50,5.48,5.46,5.45,5.47,5.46,5.43,5.40,5.36,5.32,5.30,5.27,5.23,5.18,5.08,4.99,4.87,4.73,4.45,4.19
17.96,18.09,18.13,18.24,18.30,18.31,18.59,19.70,21.00,22.49,23.57,23.83,23.87,23.86,23.84,23.81,23.77,23.83,23.90,23.88,23.69,23.19,22.51,20.96,18.77,18.59,18.55,16.86,14.58,14.37,14.50,14.48,14.09,13.23,12.41,12.05,11.96,12.01,12.05,12.04,12.02,11.97,11.89,11.83,11.84,11.88,11.70,10.15,8.28,6.44,4.86,3.87,3.84,3.84,3.83,3.84,3.84,3.84,3.84,3.85,3.85,3.84,3.85,3.86,3.85,3.86,3.85,3.85,3.84,3.85,3.86,3.85,3.84,3.84,3.85,3.85,3.85,3.86,3.85,3.85,4.70,6.58,8.97,10.94,12.75,14.54,16.46,18.24,20.40,22.49,24.19,25.77,26.46,27.71,28.93,29.00,28.95,28.69,28.21,27.56,26.92,25.65,24.78,24.63,24.69,24.66,24.58,24.51,24.52,25.25,25.30,25.21,25.28,25.05,24.73,24.43,24.21,24.13,24.22,24.23,24.19,24.15,24.26,24.36,24.47,24.59,24.65,24.70,24.67,24.64,24.72,24.80,24.85,24.84,24.70,24.25,23.72,23.08,22.45,22.20,21.97,21.85,21.77,21.64,21.47,21.22,20.91,20.60,20.45,20.36,20.00,19.43,18.89,18.55,17.86,16.61,14.74,12.73,10.91,9.15,7.30,5.23,4.18,3.83,3.84,3.87,3.86,3.85,3.86,3.87,3.85,3.84,3.82,3.82,3.91,3.89,3.86,3.83,3.83,3.83,3.84,3.86,3.87,3.89,3.88,3.87,3.86,3.85,3.85,3.85,3.87,4.41,7.67,11.65,13.91,14.15,12.80,6.11,3.86,3.85,3.85,3.85,3.86,3.87,3.86,3.84,3.86,4.50,5.12,4.91,5.02,5.12,5.20,5.28,5.34,5.40,5.41,5.37,5.29,5.21,5.13,5.03,4.95,5.18,5.23,5.24,5.27,5.34,5.39,5.43,5.47,5.51,5.54,5.53,5.52,5.52,5.51,5.50,5.50,5.49,5.50,5.47,5.44,5.41,5.36,5.31,5.29,5.27,5.23,5.15,5.06,4.94,4.81,4.67,4.26,4.07
18.65,18.71,18.36,18.47,18.54,18.57,18.76,19.43,20.78,22.30,23.42,23.78,23.80,23.80,23.79,23.78,23.78,23.82,23.86,23.88,23.85,23.62,23.33,22.56,21.24,20.33,18.86,17.57,16.76,16.68,15.05,14.56,14.48,14.10,13.31,12.73,12.25,11.92,11.97,11.98,11.97,11.94,11.88,11.84,11.79,11.77,11.71,11.15,9.59,7.78,6.02,4.56,4.01,3.84,3.85,3.84,3.83,3.84,3.84,3.84,3.85,3.85,3.84,3.85,3.84,3.85,3.85,3.85,3.85,3.85,3.86,3.85,3.85,3.84,3.85,3.85,3.86,3.85,3.86,3.84,4.15,5.01,6.81,9.01,10.93,12.68,14.53,16.30,18.21,20.13,21.95,23.94,24.94,26.43,27.97,28.89,28.93,28.78,28.53,28.25,27.59,26.69,26.06,25.87,25.91,25.99,26.10,26.13,25.93,26.32,26.52,26.63,26.63,25.96,25.00,24.30,23.98,23.94,23.97,23.99,23.96,23.88,23.81,23.62,23.75,24.22,24.49,24.69,24.77,24.81,24.94,24.95,24.98,24.96,24.80,24.18,23.52,22.82,22.21,21.96,21.57,21.50,21.55,21.50,21.23,20.91,20.55,20.17,19.83,19.45,18.92,18.24,17.45,16.68,15.60,14.17,12.39,10.55,8.83,7.96,5.21,4.34,3.96,3.83,3.84,3.85,3.85,3.86,3.86,3.85,3.84,3.83,3.84,4.32,7.20,7.05,5.33,3.85,3.84,3.83,3.84,3.84,3.85,3.85,3.85,3.85,3.84,3.84,3.83,3.83,3.84,4.04,5.20,6.61,7.72,8.36,8.40,4.97,3.84,3.84,3.83,3.85,3.85,3.85,3.85,3.84,4.17,4.63,4.96,4.97,5.07,5.16,5.24,5.31,5.36,5.38,5.37,5.32,5.26,5.16,5.07,4.96,4.83,5.16,5.23,5.25,5.27,5.33,5.38,5.43,5.47,5.51,5.56,5.56,5.55,5.54,5.55,5.55,5.53,5.50,5.50,5.47,5.45,5.41,5.33,5.28,5.28,5.26,5.22,5.17,5.06,4.92,4.71,4.42,4.20,4.12
20.21,19.64,18.60,18.70,18.78,18.84,18.94,19.25,20.57,22.03,23.19,23.73,23.75,23.75,23.75,23.75,23.80,23.82,23.85,23.88,23.93,23.87,23.83,23.58,22.98,21.96,20.03,18.63,17.97,17.84,15.93,14.99,14.72,14.67,14.18,13.50,12.78,12.19,11.98,11.93,11.92,11.91,11.88,11.86,11.78,11.71,11.69,11.72,10.70,9.12,7.26,5.54,4.46,3.98,3.85,3.84,3.83,3.84,3.84,3.84,3.86,3.85,3.85,3.85,3.84,3.84,3.85,3.85,3.85,3.85,3.85,3.85,3.85,3.84,3.85,3.85,3.85,3.85,3.86,3.84,3.84,4.05,5.11,7.08,9.03,10.87,12.63,14.44,16.19,17.98,19.87,22.14,23.48,25.29,27.18,28.80,28.88,28.81,28.74,28.68,28.16,27.64,27.28,27.12,27.19,27.31,27.44,27.47,27.27,27.42,27.58,27.57,27.22,26.16,24.97,24.12,23.73,23.73,23.70,23.64,23.53,23.37,23.17,22.84,23.00,23.74,24.23,24.55,24.73,24.85,24.98,24.91,24.88,24.83,24.66,23.96,23.26,22.57,21.98,21.70,21.20,21.12,21.19,21.05,20.60,20.09,19.54,18.97,18.42,17.77,17.09,16.32,15.38,14.38,13.18,11.75,10.11,8.38,7.39,6.85,3.99,3.85,3.84,3.83,3.83,3.84,3.85,3.86,3.85,3.86,3.95,4.11,4.44,5.27,7.13,7.03,5.78,4.94,4.72,4.72,4.36,4.01,3.82,3.83,3.83,3.83,3.83,3.84,3.83,3.83,3.83,3.84,3.84,3.83,4.16,5.08,5.91,4.20,3.83,3.84,3.83,3.84,3.85,3.84,3.84,3.84,4.45,4.64,4.89,5.01,5.11,5.19,5.26,5.33,5.36,5.36,5.33,5.28,5.23,5.12,5.02,4.93,4.88,5.16,5.23,5.26,5.30,5.34,5.39,5.43,5.48,5.52,5.57,5.58,5.56,5.55,5.58,5.58,5.56,5.52,5.51,5.49,5.46,5.42,5.34,5.29,5.27,5.24,5.20,5.15,5.02,4.87,4.64,4.26,4.16,4.16
22.92,20.96,18.84,18.93,19.04,19.10,19.13,19.21,20.35,21.66,22.85,23.67,23.72,23.73,23.73,23.75,23.82,23.85,23.87,23.89,23.91,23.90,23.89,23.87,23.79,23.42,22.30,20.15,17.93,17.51,17.23,15.87,14.74,14.87,15.00,14.39,13.64,12.94,12.11,11.90,11.85,11.87,11.87,11.89,11.82,11.71,11.62,11.71,11.54,10.43,8.61,6.87,5.30,4.30,3.85,3.83,3.84,3.84,3.84,3.84,3.85,3.85,3.86,3.86,3.84,3.83,3.84,3.86,3.86,3.85,3.85,3.85,3.84,3.84,3.85,3.85,3.84,3.84,3.85,3.85,3.85,3.87,4.00,5.15,7.02,9.11,10.77,12.68,14.38,16.12,18.02,20.36,22.10,24.33,26.61,28.73,28.78,28.78,28.79,28.78,28.61,28.49,28.40,28.38,28.53,28.62,28.55,28.45,28.55,28.55,28.42,27.89,26.84,25.43,24.55,23.89,23.46,23.50,23.39,23.14,22.84,22.55,22.27,21.98,22.23,23.10,23.85,24.23,24.52,24.73,24.79,24.63,24.48,24.36,24.20,23.54,22.94,22.32,21.75,21.43,20.87,20.71,20.63,20.22,19.45,18.59,17.69,16.80,15.96,15.09,14.26,13.44,12.49,11.54,10.55,9.37,7.92,6.20,4.81,4.04,3.85,3.84,3.84,3.83,3.82,3.85,3.85,3.85,3.84,3.88,4.33,4.88,6.02,7.08,6.97,7.00,6.81,6.75,7.05,7.08,5.74,4.91,3.81,3.82,3.83,3.83,3.83,3.84,3.84,3.84,3.85,3.85,3.82,3.82,3.87,3.97,4.05,3.88,3.83,3.84,3.84,3.83,3.84,3.84,3.83,3.85,5.09,5.00,4.94,5.04,5.15,5.22,5.28,5.34,5.36,5.35,5.31,5.26,5.20,5.09,4.97,4.96,5.12,5.19,5.22,5.27,5.33,5.37,5.41,5.45,5.49,5.53,5.58,5.58,5.57,5.55,5.58,5.60,5.58,5.55,5.55,5.52,5.49,5.44,5.38,5.34,5.28,5.21,5.14,5.08,4.94,4.79,4.58,4.22,4.16,4.20
23.67,21.77,19.52,19.23,19.29,19.36,19.39,19.42,20.30,21.37,22.54,23.64,23.71,23.71,23.72,23.77,23.84,23.87,23.89,23.91,23.92,23.90,23.88,23.89,23.91,23.84,23.27,21.83,20.06,19.15,17.65,16.49,15.69,15.21,15.10,14.82,14.25,13.39,12.37,11.95,11.81,11.82,11.83,11.86,11.82,11.74,11.65,11.66,11.69,11.19,10.06,8.30,6.47,4.98,4.07,3.85,3.84,3.84,3.84,3.84,3.84,3.85,3.86,3.86,3.85,3.83,3.84,3.85,3.86,3.85,3.85,3.85,3.84,3.84,3.85,3.84,3.83,3.85,3.84,3.85,3.85,3.85,3.84,4.32,5.50,7.25,9.31,11.04,12.78,14.66,16.75,19.59,21.51,23.82,26.07,28.17,28.59,28.76,28.84,28.88,28.79,28.78,28.75,28.73,28.89,28.87,28.77,28.70,28.75,28.65,28.57,27.74,25.86,24.15,22.77,21.73,21.08,20.89,20.68,20.49,20.30,20.08,19.87,19.80,20.53,22.05,23.18,23.73,24.02,24.18,24.37,24.15,23.85,23.59,23.39,22.86,22.39,21.90,21.35,20.72,19.88,19.26,18.69,17.94,17.10,16.26,15.35,14.36,13.49,12.60,11.75,10.91,9.98,9.07,8.15,7.62,5.84,4.83,4.14,3.84,3.84,3.84,3.85,3.84,3.84,3.85,3.85,3.83,3.98,4.82,5.29,5.87,6.54,7.02,6.95,7.01,7.00,6.98,7.01,7.01,6.35,6.19,6.69,5.63,5.93,6.09,3.86,3.90,3.86,3.85,3.85,3.85,3.85,3.83,3.83,3.84,3.85,3.83,3.84,3.84,3.83,3.84,3.85,3.85,3.89,4.41,4.88,4.96,4.96,5.07,5.17,5.25,5.31,5.36,5.35,5.33,5.29,5.23,5.14,5.02,4.89,4.91,5.19,5.20,5.22,5.27,5.34,5.38,5.42,5.46,5.51,5.55,5.58,5.59,5.59,5.59,5.60,5.61,5.60,5.58,5.55,5.54,5.50,5.45,5.37,5.29,5.23,5.17,5.11,5.04,4.92,4.70,4.43,4.18,4.21,4.27
24.06,22.51,20.30,19.55,19.54,19.62,19.66,19.68,20.32,21.16,22.25,23.51,23.67,23.69,23.72,23.79,23.86,23.89,23.91,23.93,23.92,23.88,23.85,23.86,23.91,24.00,23.85,23.24,22.21,20.99,18.43,17.21,16.51,15.63,15.22,15.13,14.74,13.88,12.76,12.15,11.90,11.85,11.79,11.81,11.81,11.76,11.69,11.62,11.69,11.69,11.23,9.71,7.72,5.86,4.49,3.86,3.84,3.84,3.84,3.84,3.84,3.85,3.85,3.85,3.85,3.85,3.84,3.85,3.86,3.85,3.85,3.85,3.85,3.84,3.85,3.83,3.83,3.85,3.84,3.85,3.85,3.86,3.85,3.85,4.34,5.58,7.85,9.55,11.40,13.44,15.72,18.97,20.95,23.20,25.28,27.15,27.79,28.19,28.49,28.73,28.70,28.70,28.71,28.75,29.00,28.90,28.82,28.78,28.74,28.59,28.55,27.44,24.82,22.82,20.79,19.24,18.27,17.76,17.43,17.30,17.27,17.22,17.20,17.60,18.93,21.01,22.32,22.95,23.15,23.20,23.46,23.21,22.83,22.49,22.25,21.84,21.43,20.95,20.32,19.42,18.38,17.40,16.44,15.44,14.60,13.83,12.95,11.93,11.05,10.17,9.32,8.62,8.14,7.26,6.38,5.85,4.22,3.90,3.84,3.84,3.84,3.84,3.85,3.86,3.85,3.84,3.84,3.83,4.15,4.94,6.21,6.81,6.99,6.96,6.96,7.03,7.03,7.00,6.99,6.96,6.92,6.91,6.74,5.83,6.07,6.31,4.37,4.40,4.20,3.99,3.86,3.85,3.86,3.85,3.83,3.83,3.85,3.84,3.84,3.84,3.83,3.84,3.85,3.86,3.97,4.53,4.73,4.88,4.98,5.10,5.19,5.28,5.34,5.37,5.35,5.30,5.25,5.18,5.08,4.95,4.84,4.91,5.21,5.21,5.23,5.28,5.35,5.38,5.43,5.48,5.52,5.56,5.58,5.60,5.62,5.63,5.61,5.61,5.60,5.59,5.55,5.54,5.51,5.44,5.34,5.25,5.18,5.13,5.08,5.00,4.87,4.59,4.30,4.18,4.26,4.34
24.50,23.29,21.08,19.89,19.80,19.88,19.93,19.96,20.50,21.15,22.02,23.09,23.56,23.68,23.74,23.82,23.89,23.91,23.93,23.92,23.87,23.81,23.81,23.86,23.95,23.98,23.97,23.76,23.25,22.32,20.81,18.34,16.45,16.22,15.84,15.31,14.97,14.63,13.49,12.78,12.38,12.09,11.73,11.78,11.79,11.77,11.71,11.64,11.64,11.64,11.50,10.96,8.98,7.12,5.39,3.84,3.83,3.85,3.86,3.86,3.85,3.85,3.85,3.85,3.84,3.86,3.85,3.85,3.84,3.84,3.84,3.84,3.84,3.85,3.84,3.83,3.83,3.85,3.85,3.85,3.85,3.86,3.85,3.85,3.96,4.58,6.17,8.44,10.58,12.75,15.09,18.21,20.03,22.01,23.69,25.00,25.21,25.96,26.95,27.77,27.97,27.84,27.89,28.28,28.85,28.90,28.85,28.78,28.72,28.68,28.45,26.97,23.92,21.59,18.99,16.86,15.37,14.45,13.95,13.72,13.79,14.15,14.58,16.07,18.14,20.24,21.07,21.40,21.38,21.22,21.19,20.98,20.77,20.57,20.35,19.97,19.38,18.53,17.52,16.63,15.75,14.91,14.05,13.16,12.36,11.55,10.65,9.68,8.72,7.77,6.94,6.50,4.85,4.69,4.44,4.16,3.94,3.86,3.85,3.85,3.84,3.83,3.85,3.85,3.85,3.82,3.83,3.91,4.35,5.23,6.79,6.98,6.95,6.94,6.98,7.05,7.08,7.08,7.08,7.07,7.03,7.01,6.95,6.66,6.62,6.81,7.04,6.88,6.02,4.51,3.86,3.83,3.83,3.84,3.84,3.83,3.85,3.85,3.85,3.85,3.84,3.84,3.85,3.86,4.05,5.04,4.92,4.91,5.00,5.14,5.22,5.30,5.36,5.37,5.33,5.27,5.20,5.11,5.02,4.87,4.94,5.09,5.20,5.23,5.26,5.31,5.38,5.42,5.47,5.50,5.53,5.56,5.58,5.59,5.61,5.62,5.61,5.59,5.57,5.55,5.54,5.52,5.49,5.42,5.32,5.25,5.17,5.10,5.02,4.96,4.71,4.46,4.29,4.23,4.32,4.40
24.66,23.78,21.91,20.22,20.05,20.14,20.21,20.24,20.55,21.15,21.97,22.88,23.48,23.68,23.77,23.85,23.91,23.93,23.92,23.89,23.82,23.77,23.78,23.83,23.90,23.89,23.92,23.89,23.68,23.15,22.18,20.04,17.76,16.25,16.03,15.58,15.22,14.91,14.27,13.61,13.07,12.54,11.88,11.76,11.75,11.75,11.72,11.65,11.62,11.60,11.56,11.45,10.10,8.41,6.53,4.64,3.99,3.85,3.85,3.85,3.86,3.85,3.85,3.85,3.84,3.85,3.85,3.85,3.84,3.84,3.84,3.84,3.84,3.85,3.85,3.84,3.84,3.85,3.85,3.85,3.86,3.86,3.85,3.85,3.84,4.17,5.27,7.64,9.91,12.07,14.15,16.72,18.28,19.92,21.25,22.33,22.72,23.58,24.62,25.47,25.93,25.98,26.19,26.75,27.40,27.91,28.08,28.04,28.11,28.00,27.42,25.81,23.05,20.47,17.59,14.99,12.91,11.48,10.73,10.45,10.65,11.35,12.75,14.98,17.19,18.84,19.20,19.27,19.12,18.90,18.78,18.58,18.44,18.28,18.03,17.61,16.93,16.01,14.98,14.09,13.31,12.50,11.67,10.86,10.04,9.22,8.32,7.49,7.73,6.95,6.12,5.59,3.89,3.92,3.87,3.82,3.84,3.84,3.84,3.84,3.84,3.83,3.85,3.85,3.84,3.82,3.83,3.91,4.24,4.80,6.08,6.41,6.59,6.77,6.99,7.05,7.10,7.12,7.12,7.12,7.10,7.08,7.07,7.01,6.91,6.93,6.96,6.81,6.25,5.49,5.02,4.91,4.40,4.00,3.84,3.85,3.86,3.85,3.85,3.85,3.84,3.85,3.85,3.96,4.28,5.04,4.94,4.95,5.05,5.18,5.25,5.32,5.36,5.35,5.31,5.24,5.15,5.05,4.95,4.81,4.97,5.18,5.22,5.26,5.30,5.35,5.40,5.44,5.48,5.50,5.52,5.56,5.58,5.59,5.60,5.61,5.60,5.57,5.55,5.53,5.52,5.50,5.46,5.39,5.29,5.24,5.15,5.05,4.97,4.91,4.60,4.39,4.29,4.29,4.36,4.43
24.67,24.11,22.77,20.55,20.31,20.41,20.50,20.53,20.55,21.17,22.02,22.77,23.35,23.64,23.79,23.87,23.93,23.94,23.90,23.84,23.79,23.76,23.77,23.79,23.80,23.77,23.79,23.81,23.79,23.69,22.99,21.97,19.77,16.18,16.02,15.87,15.47,14.97,15.03,14.51,13.86,13.09,12.14,11.75,11.69,11.72,11.72,11.65,11.61,11.56,11.52,11.55,11.09,9.69,7.79,5.85,4.27,3.88,3.85,3.84,3.85,3.86,3.86,3.85,3.85,3.84,3.85,3.85,3.84,3.86,3.85,3.84,3.85,3.86,3.85,3.85,3.85,3.84,3.86,3.86,3.86,3.87,3.86,3.86,3.85,4.06,4.78,6.97,9.26,11.32,12.97,14.82,16.08,17.34,18.38,19.39,20.26,21.11,21.87,22.49,23.20,23.58,24.03,24.66,25.24,26.35,26.80,26.86,27.11,26.87,25.90,24.32,22.20,19.42,16.40,13.43,10.73,8.69,7.70,7.40,7.76,8.81,11.39,14.11,16.13,17.10,17.01,16.85,16.64,16.43,16.32,16.11,15.98,15.81,15.50,15.01,14.28,13.46,12.59,11.70,10.97,10.14,9.30,8.55,7.80,7.02,6.10,5.18,4.03,3.85,3.83,3.84,3.83,3.82,3.82,3.83,3.85,3.84,3.83,3.83,3.84,3.84,3.85,3.84,3.83,3.84,3.83,3.85,3.88,4.03,4.77,5.50,6.05,6.46,6.92,7.03,7.10,7.13,7.13,7.15,7.14,7.14,7.13,7.11,7.04,6.95,6.84,6.71,6.57,6.63,6.68,6.45,5.27,4.32,3.93,3.94,3.89,3.85,3.85,3.85,3.85,3.86,3.85,4.12,4.61,4.83,4.89,4.99,5.11,5.21,5.27,5.32,5.35,5.34,5.28,5.20,5.11,5.00,4.88,4.76,4.97,5.22,5.24,5.28,5.33,5.38,5.43,5.46,5.47,5.49,5.51,5.56,5.57,5.58,5.59,5.59,5.57,5.56,5.53,5.51,5.50,5.47,5.42,5.35,5.27,5.23,5.11,5.01,4.93,4.85,4.52,4.34,4.30,4.34,4.41,4.44
24.68,24.36,23.45,21.09,20.67,20.69,20.78,20.81,20.82,21.34,22.00,22.40,22.18,23.08,23.76,23.90,23.93,23.92,23.88,23.84,23.81,23.79,23.80,23.80,23.76,23.72,23.73,23.76,23.77,23.72,23.42,22.79,21.43,19.10,16.31,15.66,15.54,15.33,14.94,14.77,14.26,13.39,12.24,11.78,11.65,11.66,11.70,11.70,11.63,11.57,11.52,11.50,11.41,10.51,8.93,6.91,5.17,4.22,3.84,3.84,3.84,3.85,3.85,3.84,3.85,3.84,3.85,3.85,3.84,3.83,3.84,3.85,3.85,3.84,3.84,3.85,3.84,3.84,3.85,3.85,3.86,3.86,3.85,3.85,3.84,3.94,4.34,5.78,7.55,9.28,10.77,12.51,13.58,14.75,15.77,16.74,17.59,18.40,19.16,19.84,20.52,21.19,21.85,22.49,23.08,23.90,24.42,24.71,25.01,25.03,24.45,23.23,21.36,18.64,15.62,12.46,9.25,6.07,5.56,5.34,5.94,8.00,10.70,13.14,14.66,15.10,14.93,14.71,14.49,14.26,13.99,13.85,13.72,13.55,13.26,12.73,12.03,11.17,10.25,9.47,8.68,7.81,6.91,6.11,5.28,4.91,4.60,4.23,3.91,3.84,3.83,3.82,3.82,3.83,3.84,3.85,3.86,3.85,3.84,3.84,3.84,3.83,3.83,3.83,3.83,3.85,3.84,3.85,3.86,3.91,4.13,4.43,4.77,5.24,5.93,6.56,6.94,7.10,7.12,7.13,7.15,7.15,7.13,7.12,7.07,6.99,6.88,6.76,6.64,6.58,6.53,6.37,5.86,6.10,6.30,5.85,4.32,3.92,3.84,3.85,3.86,3.85,3.85,4.32,5.05,4.95,4.98,5.05,5.13,5.21,5.27,5.32,5.33,5.30,5.24,5.15,5.05,4.94,4.80,4.95,5.12,5.25,5.27,5.30,5.36,5.41,5.45,5.46,5.48,5.51,5.53,5.54,5.56,5.56,5.57,5.57,5.55,5.54,5.51,5.49,5.47,5.42,5.36,5.30,5.25,5.20,5.11,5.01,4.89,4.60,4.41,4.35,4.36,4.40,4.48,4.44
24.69,24.54,23.93,21.68,21.05,20.95,21.05,21.09,21.09,21.55,22.05,22.20,21.67,22.71,23.61,23.89,23.92,23.89,23.86,23.83,23.80,23.80,23.82,23.81,23.74,23.69,23.70,23.74,23.76,23.73,23.70,23.37,22.62,21.25,17.87,16.13,15.48,15.40,14.99,14.87,14.51,13.74,12.46,11.85,11.63,11.61,11.66,11.70,11.65,11.58,11.52,11.48,11.53,11.09,9.93,7.99,6.13,4.76,4.01,3.84,3.84,3.84,3.85,3.85,3.85,3.84,3.85,3.85,3.84,3.83,3.83,3.85,3.85,3.84,3.84,3.84,3.84,3.84,3.84,3.85,3.86,3.85,3.84,3.85,3.83,3.86,4.03,4.76,5.93,7.21,8.41,10.01,11.04,12.17,13.17,14.08,14.93,15.77,16.55,17.22,17.94,18.74,19.51,20.18,20.76,21.43,21.99,22.45,22.89,23.15,22.97,22.18,20.60,17.89,14.83,11.60,8.18,4.49,4.25,4.12,4.84,7.26,10.09,12.05,13.01,13.08,12.87,12.60,12.36,12.12,11.76,11.63,11.48,11.27,10.96,10.39,9.74,8.89,7.92,7.13,7.13,6.56,5.63,4.76,3.95,3.84,3.84,3.83,3.83,3.83,3.82,3.81,3.81,3.83,3.84,3.85,3.86,3.84,3.84,3.84,3.84,3.83,3.82,3.82,3.83,3.85,3.84,3.84,3.85,3.85,3.85,3.88,4.02,4.58,5.39,5.65,6.08,6.57,6.97,7.09,7.16,7.16,7.12,7.11,7.07,6.99,6.88,6.78,6.68,6.58,6.47,6.35,6.22,6.25,6.24,5.88,4.76,4.52,4.45,4.28,3.87,3.85,4.10,4.65,5.23,5.04,5.06,5.10,5.16,5.22,5.28,5.31,5.31,5.25,5.19,5.10,5.00,4.89,4.75,5.07,5.22,5.27,5.30,5.33,5.39,5.43,5.46,5.46,5.49,5.52,5.55,5.54,5.56,5.55,5.54,5.54,5.53,5.51,5.48,5.46,5.44,5.38,5.31,5.25,5.20,5.15,5.08,4.97,4.80,4.44,4.36,4.36,4.40,4.45,4.50,4.42
24.71,24.63,24.19,22.31,21.43,21.19,21.30,21.35,21.36,21.80,22.19,22.20,21.91,22.56,23.33,23.85,23.90,23.87,23.83,23.79,23.76,23.79,23.81,23.80,23.75,23.69,23.69,23.72,23.75,23.74,23.80,23.67,23.27,22.50,20.88,17.36,15.25,15.13,15.19,14.79,14.59,14.14,12.81,11.97,11.63,11.56,11.61,11.65,11.67,11.61,11.52,11.46,11.42,11.40,10.78,9.12,7.18,5.52,4.38,3.83,3.86,3.86,3.86,3.86,3.85,3.85,3.85,3.85,3.84,3.83,3.82,3.84,3.86,3.85,3.84,3.84,3.85,3.84,3.84,3.85,3.86,3.86,3.83,3.84,3.84,3.84,3.86,3.94,4.43,5.11,5.90,7.30,8.46,9.62,10.56,11.43,12.29,13.21,14.03,14.63,15.45,16.24,17.00,17.70,18.24,18.90,19.50,20.08,20.75,21.23,21.48,21.16,19.92,17.16,14.05,10.86,7.58,4.08,3.88,3.88,4.56,6.59,9.56,10.83,11.16,11.03,10.85,10.53,10.26,10.01,9.65,9.46,9.25,8.98,8.61,7.97,7.41,6.60,5.60,4.68,4.24,4.05,3.98,3.91,3.83,3.82,3.83,3.83,3.81,3.82,3.81,3.80,3.82,3.83,3.84,3.85,3.84,3.82,3.82,3.84,3.85,3.84,3.84,3.82,3.82,3.85,3.83,3.84,3.84,3.84,3.91,3.87,3.83,3.80,3.74,3.84,4.42,5.47,6.65,7.01,7.17,7.17,7.10,7.09,7.04,6.95,6.85,6.78,6.70,6.61,6.51,6.40,6.30,6.21,6.10,5.95,5.70,5.88,5.93,5.32,3.91,3.87,5.25,5.18,5.09,5.10,5.12,5.16,5.20,5.27,5.31,5.31,5.27,5.20,5.14,5.04,4.95,4.84,4.72,5.11,5.27,5.30,5.34,5.39,5.42,5.44,5.46,5.47,5.51,5.54,5.55,5.56,5.58,5.55,5.51,5.50,5.50,5.47,5.44,5.42,5.40,5.35,5.27,5.19,5.12,5.07,5.02,4.89,4.66,4.41,4.36,4.38,4.44,4.50,4.47,4.37
24.71,24.67,24.34,22.73,21.78,21.46,21.54,21.62,21.62,21.93,22.28,22.46,22.33,22.83,23.40,23.80,23.84,23.80,23.77,23.76,23.75,23.78,23.80,23.79,23.77,23.72,23.70,23.71,23.74,23.76,23.81,23.85,23.70,23.20,22.09,19.64,17.09,15.19,14.92,14.62,14.47,14.23,13.59,12.69,11.97,11.57,11.53,11.61,11.64,11.63,11.57,11.46,11.42,11.48,11.21,10.23,8.36,6.53,5.02,4.03,3.88,3.85,3.85,3.85,3.84,3.85,3.85,3.85,3.84,3.84,3.83,3.84,3.85,3.84,3.85,3.85,3.85,3.86,3.84,3.85,3.86,3.86,3.84,3.84,3.85,3.84,3.84,3.84,4.02,4.37,4.85,5.23,6.58,7.01,7.97,8.87,9.69,10.54,11.37,12.12,12.92,13.75,14.57,15.33,15.88,16.56,17.16,17.72,18.30,18.79,19.16,19.11,18.36,16.22,13.28,10.08,6.90,4.01,3.83,3.84,4.36,5.84,8.26,9.06,9.11,8.87,8.70,8.35,8.03,7.73,7.37,7.01,6.90,6.66,6.19,5.60,5.31,4.95,4.50,4.06,3.89,3.83,3.82,3.82,3.82,3.83,3.83,3.83,3.83,3.82,3.83,3.83,3.83,3.84,3.84,3.84,3.82,3.83,3.83,3.84,3.86,3.85,3.84,3.84,3.84,3.86,3.85,3.85,3.86,3.86,3.88,3.88,3.82,3.70,3.55,3.45,3.67,4.10,4.72,6.47,7.73,8.45,8.18,7.38,7.06,6.86,6.75,6.70,6.64,6.57,6.50,6.42,6.33,6.24,6.13,6.01,5.89,5.88,5.82,5.48,4.80,5.32,5.36,5.24,5.13,5.17,5.18,5.22,5.26,5.31,5.34,5.32,5.26,5.18,5.09,4.99,4.88,4.83,4.94,5.18,5.29,5.34,5.40,5.41,5.43,5.46,5.47,5.48,5.51,5.53,5.55,5.55,5.56,5.53,5.50,5.47,5.47,5.45,5.42,5.40,5.36,5.31,5.23,5.14,5.05,5.01,4.94,4.77,4.51,4.37,4.37,4.42,4.47,4.49,4.42,4.31
24.70,24.69,24.45,23.12,22.11,21.71,21.78,21.89,21.88,22.05,22.35,22.68,22.67,23.06,23.48,23.75,23.78,23.74,23.72,23.73,23.75,23.77,23.78,23.78,23.78,23.74,23.70,23.70,23.74,23.78,23.81,23.94,23.98,23.72,22.99,21.69,19.15,15.99,14.70,14.44,14.31,14.22,14.14,13.34,12.35,11.65,11.48,11.56,11.60,11.62,11.61,11.48,11.44,11.50,11.47,11.08,9.53,7.62,5.81,4.42,3.91,3.84,3.84,3.84,3.83,3.84,3.85,3.85,3.83,3.84,3.84,3.84,3.84,3.84,3.85,3.85,3.85,3.86,3.84,3.85,3.86,3.85,3.85,3.85,3.85,3.85,3.84,3.85,3.84,3.95,4.17,3.95,4.58,5.12,6.11,7.04,7.82,8.20,8.59,9.45,10.31,11.21,12.10,12.93,13.51,14.20,14.82,15.35,15.79,16.25,16.66,16.79,16.43,15.01,12.39,9.24,6.23,4.00,3.83,3.84,4.22,5.28,6.81,7.46,7.60,7.31,7.13,6.76,6.41,6.07,5.70,5.21,5.20,4.98,4.27,3.88,3.82,3.82,3.83,3.81,3.83,3.83,3.82,3.82,3.83,3.84,3.84,3.84,3.85,3.83,3.84,3.85,3.83,3.85,3.84,3.83,3.82,3.84,3.84,3.85,3.86,3.85,3.84,3.85,3.86,3.86,3.86,3.86,3.87,3.87,3.86,3.86,3.79,3.66,3.50,3.34,3.19,3.06,3.14,5.53,7.75,9.27,9.30,8.31,7.71,7.31,7.05,6.87,6.65,6.52,6.45,6.40,6.32,6.26,6.17,6.06,5.95,5.86,5.75,5.63,5.51,5.51,5.42,5.31,5.22,5.24,5.25,5.27,5.31,5.34,5.36,5.32,5.26,5.17,5.07,4.96,4.84,4.83,5.14,5.25,5.32,5.37,5.45,5.44,5.46,5.48,5.49,5.49,5.51,5.53,5.54,5.54,5.53,5.51,5.48,5.46,5.43,5.42,5.40,5.37,5.33,5.27,5.20,5.10,4.99,4.96,4.84,4.63,4.40,4.35,4.40,4.46,4.50,4.46,4.37,4.28
24.68,24.65,24.47,23.53,22.39,21.92,22.01,22.14,22.14,22.19,22.38,22.70,22.76,23.06,23.42,23.72,23.70,23.72,23.72,23.73,23.74,23.75,23.76,23.76,23.76,23.76,23.70,23.69,23.72,23.76,23.79,23.87,23.95,23.98,23.80,22.76,21.04,18.54,14.81,14.27,14.14,14.05,13.95,13.59,12.70,11.90,11.52,11.52,11.55,11.58,11.59,11.55,11.47,11.44,11.40,11.24,10.61,8.84,6.89,5.20,3.96,3.84,3.84,3.84,3.84,3.83,3.84,3.84,3.84,3.83,3.84,3.84,3.84,3.86,3.86,3.85,3.84,3.84,3.84,3.85,3.85,3.85,3.83,3.84,3.85,3.85,3.83,3.85,3.84,3.86,3.91,3.86,3.93,4.10,4.31,4.49,4.68,5.73,5.54,6.32,7.50,8.53,9.49,10.39,11.08,11.75,12.41,12.96,13.29,13.69,14.04,14.14,13.87,13.18,11.21,8.29,5.52,3.94,3.84,3.84,3.91,4.14,5.04,4.94,4.75,4.52,4.49,4.42,4.36,4.30,4.22,4.13,4.12,4.06,3.89,3.83,3.82,3.83,3.84,3.83,3.83,3.84,3.84,3.83,3.84,3.85,3.86,3.85,3.86,3.84,3.84,3.85,3.84,3.85,3.84,3.84,3.85,3.86,3.85,3.85,3.86,3.84,3.84,3.85,3.87,3.86,3.85,3.85,3.85,3.86,3.87,3.77,3.68,3.59,3.47,3.29,3.10,2.98,3.04,3.99,6.13,8.44,10.13,10.78,9.98,9.13,8.38,7.72,6.82,6.45,6.33,6.30,6.26,6.20,6.14,6.06,5.97,5.92,5.82,5.71,5.59,5.52,5.43,5.37,5.32,5.32,5.31,5.32,5.34,5.36,5.35,5.32,5.26,5.17,5.07,4.96,4.85,4.84,5.18,5.31,5.37,5.41,5.44,5.48,5.49,5.51,5.52,5.50,5.51,5.52,5.52,5.52,5.50,5.48,5.46,5.45,5.41,5.38,5.35,5.32,5.29,5.24,5.18,5.08,4.96,4.92,4.68,4.47,4.39,4.39,4.44,4.50,4.52,4.44,4.33,4.29
24.55,24.47,24.27,23.52,22.58,22.17,22.22,22.35,22.36,22.36,22.51,22.84,22.89,23.09,23.40,23.69,23.72,23.73,23.72,23.72,23.73,23.73,23.74,23.74,23.74,23.75,23.71,23.70,23.71,23.74,23.77,23.83,23.91,24.01,24.07,23.45,22.26,20.31,17.02,14.81,13.95,13.85,13.75,13.60,13.02,12.31,11.69,11.49,11.50,11.55,11.57,11.57,11.49,11.43,11.39,11.33,11.18,9.85,8.05,6.19,4.60,4.02,3.84,3.84,3.84,3.84,3.84,3.84,3.84,3.83,3.84,3.84,3.85,3.86,3.85,3.84,3.83,3.83,3.83,3.84,3.84,3.84,3.83,3.84,3.84,3.84,3.83,3.84,3.84,3.84,3.83,3.84,3.84,3.85,3.86,3.86,3.88,4.33,4.59,5.34,6.62,7.68,7.81,7.55,8.23,9.05,9.80,10.41,10.86,11.26,11.53,11.59,11.37,10.86,9.53,7.27,5.04,3.91,3.84,3.84,3.84,3.85,4.38,4.08,3.96,3.84,3.84,3.83,3.84,3.85,3.86,3.86,3.85,3.84,3.83,3.83,3.84,3.85,3.85,3.84,3.84,3.84,3.84,3.84,3.84,3.85,3.86,3.86,3.86,3.84,3.84,3.85,3.84,3.84,3.85,3.85,3.87,3.86,3.85,3.85,3.85,3.84,3.84,3.85,3.86,3.85,3.85,3.84,3.85,3.85,3.84,3.70,3.57,3.47,3.38,3.24,3.06,2.95,2.98,3.50,5.62,7.26,8.12,10.77,11.34,10.93,10.03,9.09,8.27,7.65,7.21,6.93,6.62,6.27,6.07,5.99,5.92,5.87,5.81,5.73,5.63,5.56,5.49,5.43,5.40,5.38,5.36,5.35,5.35,5.35,5.34,5.31,5.25,5.17,5.08,4.97,4.86,4.86,5.22,5.34,5.41,5.44,5.45,5.47,5.50,5.52,5.54,5.52,5.52,5.51,5.51,5.52,5.49,5.46,5.45,5.43,5.40,5.36,5.32,5.28,5.25,5.21,5.15,5.05,4.91,4.83,4.59,4.42,4.39,4.43,4.50,4.53,4.50,4.40,4.32,4.33
24.38,24.23,23.98,23.34,22.73,22.43,22.42,22.55,22.56,22.55,22.68,23.03,23.04,23.16,23.39,23.66,23.76,23.75,23.72,23.70,23.71,23.71,23.71,23.72,23.72,23.73,23.73,23.71,23.68,23.70,23.72,23.78,23.85,23.92,24.04,23.91,23.14,21.71,20.01,15.85,13.92,13.63,13.55,13.49,13.28,12.76,11.95,11.47,11.47,11.52,11.55,11.56,11.50,11.45,11.41,11.39,11.48,10.73,9.25,7.30,5.53,4.34,3.88,3.85,3.84,3.86,3.85,3.84,3.83,3.84,3.84,3.84,3.85,3.85,3.84,3.84,3.83,3.83,3.83,3.83,3.83,3.84,3.84,3.83,3.83,3.84,3.84,3.83,3.84,3.84,3.84,3.85,3.84,3.85,3.86,3.86,3.85,3.86,3.86,3.85,3.89,4.06,4.36,4.83,5.48,6.50,7.35,8.03,8.68,8.91,9.05,9.07,8.90,8.36,7.73,6.32,4.75,3.89,3.84,3.84,3.84,3.84,3.85,3.84,3.84,3.85,3.83,3.82,3.82,3.84,3.85,3.86,3.85,3.85,3.86,3.85,3.86,3.86,3.85,3.85,3.84,3.84,3.84,3.84,3.85,3.85,3.85,3.86,3.86,3.85,3.85,3.86,3.84,3.84,3.85,3.87,3.88,3.85,3.85,3.84,3.83,3.84,3.84,3.85,3.85,3.84,3.85,3.85,3.85,3.85,3.79,3.65,3.48,3.34,3.27,3.18,3.04,2.94,2.94,2.96,2.95,3.38,5.12,9.73,12.20,12.37,11.41,10.58,10.23,9.40,8.58,7.95,7.27,6.51,6.09,5.97,5.91,5.81,5.75,5.71,5.66,5.60,5.55,5.50,5.46,5.42,5.40,5.38,5.36,5.34,5.33,5.30,5.24,5.16,5.09,4.99,4.88,4.89,5.23,5.34,5.42,5.46,5.45,5.45,5.49,5.53,5.55,5.55,5.52,5.51,5.50,5.52,5.47,5.45,5.43,5.41,5.40,5.35,5.30,5.26,5.21,5.17,5.11,5.00,4.84,4.73,4.54,4.41,4.40,4.48,4.57,4.56,4.46,4.36,4.33,4.38
24.17,24.07,23.90,23.42,22.90,22.62,22.58,22.66,22.71,22.70,22.83,23.20,23.31,23.40,23.50,23.62,23.77,23.74,23.71,23.70,23.70,23.70,23.70,23.70,23.70,23.70,23.71,23.69,23.66,23.66,23.60,23.66,23.68,23.54,23.61,23.84,23.70,22.89,21.15,18.58,15.61,13.42,13.32,13.25,13.13,12.85,12.38,11.70,11.48,11.46,11.51,11.54,11.54,11.49,11.42,11.35,11.43,11.22,10.33,8.74,6.74,5.18,4.24,3.85,3.84,3.85,3.86,3.85,3.84,3.84,3.84,3.85,3.85,3.84,3.84,3.84,3.83,3.83,3.84,3.83,3.83,3.83,3.83,3.84,3.84,3.83,3.85,3.85,3.85,3.85,3.86,3.85,3.85,3.86,3.87,3.85,3.85,3.86,3.86,3.84,3.86,3.91,4.05,4.27,4.57,4.81,5.06,5.41,5.92,6.37,6.33,6.45,6.40,6.15,5.68,5.00,4.29,3.87,3.86,3.85,3.85,3.86,3.85,3.85,3.85,3.86,3.86,3.85,3.85,3.85,3.85,3.84,3.84,3.84,3.85,3.85,3.85,3.85,3.86,3.84,3.86,3.86,3.85,3.85,3.85,3.86,3.86,3.86,3.85,3.85,3.86,3.86,3.86,3.87,3.87,3.87,3.86,3.85,3.86,3.86,3.84,3.85,3.85,3.85,3.85,3.84,3.85,3.84,3.84,3.82,3.72,3.57,3.42,3.27,3.15,3.04,2.97,2.95,2.96,2.95,2.96,3.11,3.64,5.09,5.87,7.01,8.71,10.97,11.45,10.96,10.22,9.55,8.75,7.80,7.12,6.73,6.50,5.97,5.69,5.59,5.57,5.54,5.51,5.49,5.48,5.44,5.43,5.41,5.38,5.34,5.32,5.29,5.25,5.20,5.14,5.03,4.94,4.92,5.09,5.28,5.39,5.44,5.45,5.47,5.50,5.53,5.54,5.54,5.53,5.50,5.48,5.51,5.44,5.43,5.41,5.37,5.34,5.29,5.26,5.24,5.18,5.13,5.04,4.94,4.86,4.61,4.44,4.39,4.44,4.54,4.60,4.54,4.42,4.31,4.35,4.45
23.92,23.88,23.80,23.43,23.03,22.80,22.75,22.81,22.85,22.84,22.93,23.22,23.45,23.54,23.57,23.62,23.78,23.75,23.72,23.71,23.71,23.70,23.70,23.70,23.70,23.70,23.72,23.70,23.66,23.64,23.55,23.59,23.61,23.52,23.56,23.87,24.00,23.62,22.23,20.52,17.57,14.57,13.11,13.02,12.95,12.82,12.56,11.92,11.58,11.45,11.46,11.52,11.55,11.52,11.44,11.36,11.39,11.45,11.05,9.95,7.98,6.21,4.89,4.09,3.83,3.84,3.85,3.85,3.84,3.85,3.85,3.85,3.86,3.84,3.84,3.83,3.83,3.83,3.84,3.84,3.83,3.83,3.83,3.84,3.84,3.83,3.84,3.85,3.85,3.85,3.87,3.85,3.86,3.87,3.87,3.84,3.85,3.86,3.86,3.84,3.84,3.84,3.88,3.96,4.06,3.97,3.96,4.09,4.40,4.75,4.96,5.14,5.15,5.05,4.44,4.23,4.06,3.86,3.86,3.86,3.86,3.86,3.85,3.85,3.86,3.86,3.86,3.85,3.85,3.85,3.85,3.83,3.83,3.84,3.84,3.85,3.85,3.85,3.86,3.85,3.86,3.87,3.86,3.86,3.84,3.85,3.86,3.86,3.85,3.86,3.87,3.87,3.87,3.88,3.88,3.87,3.85,3.85,3.86,3.86,3.85,3.85,3.84,3.84,3.84,3.84,3.85,3.84,3.82,3.78,3.66,3.50,3.35,3.20,3.04,2.97,2.95,2.95,2.96,2.95,2.96,2.96,2.96,2.96,2.96,3.99,7.36,11.08,9.86,10.07,10.33,10.17,10.06,9.30,8.56,7.95,7.46,6.68,6.12,5.75,5.56,5.57,5.60,5.61,5.57,5.48,5.43,5.41,5.38,5.35,5.32,5.30,5.27,5.23,5.18,5.09,5.00,4.95,4.99,5.13,5.29,5.40,5.44,5.46,5.49,5.51,5.51,5.51,5.51,5.48,5.45,5.48,5.42,5.40,5.37,5.33,5.27,5.23,5.21,5.19,5.14,5.09,4.99,4.88,4.77,4.52,4.41,4.41,4.49,4.58,4.59,4.51,4.40,4.33,4.42,4.51
23.64,23.65,23.68,23.35,23.11,22.96,22.92,23.00,22.99,22.97,22.98,23.09,23.45,23.58,23.61,23.65,23.79,23.77,23.75,23.74,23.73,23.73,23.73,23.73,23.73,23.73,23.75,23.73,23.68,23.65,23.59,23.55,23.62,23.85,23.91,23.99,24.04,23.90,23.27,21.68,19.81,17.09,12.92,12.79,12.74,12.66,12.48,12.14,11.76,11.49,11.39,11.50,11.53,11.52,11.48,11.42,11.37,11.41,11.38,10.94,9.27,7.45,5.83,4.57,3.81,3.83,3.84,3.84,3.83,3.86,3.85,3.85,3.86,3.85,3.83,3.82,3.83,3.84,3.84,3.84,3.84,3.84,3.84,3.83,3.84,3.85,3.82,3.84,3.84,3.84,3.86,3.86,3.87,3.86,3.85,3.85,3.86,3.86,3.85,3.85,3.84,3.83,3.84,3.85,3.87,3.85,3.85,3.87,3.90,3.89,3.90,3.92,3.94,3.91,3.90,3.89,3.88,3.85,3.84,3.85,3.86,3.85,3.86,3.86,3.87,3.86,3.85,3.84,3.84,3.84,3.84,3.83,3.84,3.84,3.85,3.87,3.86,3.85,3.86,3.86,3.86,3.87,3.87,3.86,3.84,3.85,3.85,3.86,3.85,3.87,3.88,3.88,3.87,3.86,3.86,3.86,3.86,3.86,3.85,3.85,3.86,3.84,3.83,3.82,3.82,3.83,3.83,3.83,3.80,3.72,3.59,3.42,3.26,3.12,2.96,2.97,2.96,2.95,2.95,2.96,2.96,2.96,2.96,2.96,2.95,3.05,3.25,3.48,4.40,6.73,8.91,9.80,11.18,11.03,10.43,9.64,8.78,7.95,7.04,6.20,5.62,5.70,5.83,5.85,5.74,5.54,5.42,5.37,5.37,5.37,5.34,5.32,5.30,5.25,5.22,5.15,5.06,4.98,4.93,4.91,5.12,5.35,5.40,5.43,5.46,5.48,5.48,5.48,5.46,5.42,5.40,5.43,5.42,5.37,5.33,5.29,5.21,5.19,5.15,5.10,5.09,5.04,4.96,4.80,4.57,4.48,4.43,4.46,4.55,4.61,4.57,4.47,4.38,4.40,4.55,4.57
23.47,23.44,23.42,23.27,23.17,23.08,23.04,23.08,23.05,23.03,23.02,23.05,23.51,23.68,23.70,23.70,23.79,23.80,23.78,23.76,23.75,23.77,23.77,23.76,23.77,23.77,23.79,23.78,23.75,23.76,23.67,23.58,23.62,23.86,23.93,24.02,24.04,23.97,23.77,22.72,21.12,18.90,15.97,13.28,12.52,12.45,12.33,12.13,11.91,11.63,11.40,11.44,11.47,11.49,11.49,11.44,11.39,11.36,11.36,11.22,10.46,8.73,7.04,5.57,4.39,3.94,3.83,3.84,3.84,3.84,3.85,3.85,3.85,3.84,3.83,3.83,3.83,3.83,3.83,3.84,3.85,3.84,3.84,3.83,3.84,3.84,3.83,3.83,3.84,3.85,3.85,3.85,3.86,3.85,3.84,3.84,3.85,3.86,3.85,3.85,3.84,3.84,3.84,3.84,3.85,3.83,3.83,3.85,3.83,3.84,3.85,3.85,3.86,3.85,3.85,3.86,3.87,3.85,3.84,3.84,3.85,3.85,3.86,3.86,3.86,3.85,3.84,3.84,3.84,3.84,3.84,3.85,3.85,3.85,3.86,3.85,3.85,3.86,3.85,3.85,3.86,3.87,3.86,3.85,3.86,3.87,3.87,3.86,3.85,3.85,3.86,3.87,3.86,3.86,3.86,3.86,3.86,3.86,3.86,3.86,3.86,3.85,3.84,3.83,3.84,3.86,3.85,3.64,3.51,3.56,3.53,3.39,3.24,3.10,2.96,2.96,2.96,2.95,2.95,2.96,2.96,2.95,2.96,2.96,2.95,2.96,2.98,2.97,3.25,4.44,5.46,6.14,8.75,9.30,10.01,10.49,10.27,9.49,8.63,7.80,7.10,6.62,6.41,6.26,6.09,5.85,5.47,5.30,5.28,5.28,5.28,5.30,5.29,5.27,5.26,5.21,5.15,5.08,5.02,4.97,5.03,5.09,5.08,5.09,5.24,5.36,5.39,5.38,5.38,5.36,5.34,5.36,5.34,5.30,5.26,5.24,5.20,5.17,5.14,5.11,5.07,5.02,4.91,4.74,4.51,4.44,4.44,4.50,4.59,4.58,4.51,4.42,4.36,4.40,4.52,4.52
23.35,23.31,23.25,23.23,23.22,23.17,23.13,23.14,23.11,23.08,23.04,23.01,23.54,23.74,23.77,23.73,23.80,23.82,23.80,23.76,23.77,23.79,23.79,23.79,23.79,23.80,23.81,23.82,23.82,23.84,23.75,23.61,23.61,23.82,23.92,24.03,24.04,23.99,24.04,23.52,22.23,20.48,18.67,14.66,12.84,12.23,12.15,12.04,11.94,11.64,11.32,11.36,11.41,11.47,11.50,11.46,11.41,11.33,11.32,11.36,11.31,9.94,8.32,6.70,5.23,4.31,3.93,3.84,3.85,3.83,3.84,3.84,3.84,3.83,3.84,3.84,3.83,3.83,3.83,3.84,3.85,3.85,3.84,3.83,3.83,3.83,3.84,3.83,3.84,3.85,3.84,3.85,3.85,3.84,3.83,3.84,3.85,3.85,3.85,3.84,3.83,3.85,3.85,3.84,3.85,3.83,3.83,3.84,3.82,3.85,3.86,3.86,3.86,3.85,3.85,3.86,3.87,3.85,3.84,3.84,3.85,3.85,3.85,3.85,3.85,3.85,3.83,3.84,3.85,3.85,3.84,3.86,3.86,3.86,3.86,3.84,3.85,3.85,3.85,3.85,3.86,3.86,3.86,3.86,3.87,3.88,3.87,3.87,3.85,3.84,3.85,3.86,3.86,3.86,3.86,3.86,3.87,3.85,3.86,3.86,3.85,3.85,3.85,3.84,3.85,3.88,4.10,4.11,4.13,4.16,3.55,3.36,3.21,3.07,2.97,2.96,2.96,2.96,2.95,2.96,2.96,2.95,2.95,2.97,2.96,2.96,2.97,2.96,2.96,2.96,2.95,3.30,6.57,7.85,9.04,9.77,10.40,10.19,9.88,9.41,8.70,7.85,7.30,6.90,6.58,6.27,5.72,5.41,5.29,5.22,5.21,5.23,5.25,5.26,5.26,5.24,5.20,5.15,5.10,5.06,4.99,4.93,4.87,4.85,5.04,5.18,5.22,5.22,5.26,5.27,5.27,5.27,5.24,5.20,5.18,5.17,5.17,5.16,5.15,5.12,5.05,4.96,4.83,4.66,4.47,4.43,4.46,4.54,4.61,4.55,4.45,4.38,4.37,4.44,4.48,4.46
23.35,23.34,23.33,23.26,23.25,23.21,23.17,23.16,23.15,23.11,23.02,22.94,23.48,23.69,23.75,23.74,23.80,23.83,23.77,23.71,23.75,23.78,23.78,23.78,23.77,23.78,23.81,23.84,23.87,23.84,23.78,23.64,23.59,23.77,23.90,24.01,24.03,23.96,23.95,23.86,23.09,21.69,19.83,17.88,14.36,12.01,11.93,11.83,11.73,11.37,11.00,11.26,11.37,11.45,11.49,11.49,11.43,11.38,11.33,11.32,11.45,10.94,9.65,7.97,6.51,5.24,4.30,3.84,3.84,3.82,3.83,3.84,3.84,3.84,3.85,3.84,3.84,3.84,3.84,3.85,3.85,3.84,3.85,3.84,3.83,3.84,3.86,3.84,3.85,3.85,3.83,3.85,3.85,3.85,3.84,3.84,3.84,3.84,3.84,3.83,3.84,3.84,3.84,3.84,3.84,3.83,3.83,3.84,3.83,3.85,3.85,3.85,3.87,3.86,3.85,3.85,3.85,3.85,3.85,3.85,3.85,3.86,3.85,3.85,3.85,3.84,3.84,3.84,3.84,3.85,3.86,3.86,3.85,3.85,3.85,3.84,3.85,3.85,3.85,3.85,3.85,3.85,3.86,3.87,3.87,3.86,3.86,3.87,3.85,3.84,3.85,3.86,3.85,3.86,3.86,3.86,3.87,3.85,3.85,3.85,3.84,3.86,3.86,3.84,3.82,3.87,4.77,5.60,6.11,5.91,3.78,3.32,3.27,2.98,2.95,2.95,2.96,2.96,2.96,2.96,2.96,2.96,2.95,2.97,2.96,2.96,2.97,2.97,2.97,2.98,2.98,3.05,3.55,3.85,4.53,5.74,7.49,8.96,10.25,10.79,10.22,9.59,8.78,8.02,7.38,6.89,6.39,5.94,5.55,5.22,5.11,5.10,5.14,5.16,5.17,5.19,5.18,5.16,5.14,5.13,5.09,5.03,4.97,4.92,4.92,4.89,4.87,4.93,5.07,5.13,5.15,5.18,5.11,5.08,5.08,5.10,5.11,5.15,5.16,5.13,5.04,4.82,4.66,4.53,4.41,4.46,4.52,4.58,4.60,4.52,4.42,4.39,4.44,4.56,4.47,4.44
23.40,23.38,23.35,23.27,23.24,23.21,23.18,23.15,23.15,23.09,22.99,22.91,23.40,23.63,23.74,23.77,23.80,23.82,23.80,23.76,23.75,23.77,23.78,23.79,23.79,23.80,23.83,23.86,23.88,23.87,23.79,23.65,23.59,23.69,23.85,23.96,23.99,23.96,23.96,23.95,23.59,22.68,21.02,19.37,16.62,13.79,11.71,11.60,11.52,10.78,9.66,8.98,10.73,11.39,11.45,11.47,11.44,11.40,11.35,11.31,11.38,11.27,10.58,9.38,7.91,6.47,5.23,4.33,3.84,3.83,3.83,3.84,3.85,3.84,3.84,3.84,3.84,3.84,3.84,3.85,3.85,3.84,3.84,3.84,3.84,3.84,3.86,3.85,3.86,3.85,3.83,3.85,3.85,3.85,3.84,3.85,3.84,3.84,3.84,3.83,3.84,3.85,3.85,3.84,3.84,3.84,3.84,3.84,3.83,3.85,3.84,3.83,3.86,3.86,3.84,3.84,3.85,3.85,3.85,3.85,3.86,3.86,3.85,3.86,3.85,3.84,3.84,3.84,3.84,3.84,3.85,3.85,3.85,3.85,3.85,3.85,3.85,3.85,3.85,3.85,3.85,3.85,3.86,3.87,3.87,3.86,3.86,3.86,3.85,3.85,3.86,3.86,3.86,3.86,3.86,3.86,3.86,3.85,3.85,3.85,3.84,3.85,3.85,3.95,4.36,5.24,5.71,6.32,6.71,6.54,5.07,4.83,4.81,2.96,2.95,2.95,2.96,2.96,2.96,2.96,2.97,2.96,2.96,2.96,2.96,2.97,2.97,2.97,2.97,2.98,2.98,2.97,2.98,2.98,3.23,4.60,6.66,8.61,9.06,9.04,9.24,9.71,9.58,9.23,8.78,8.20,7.60,7.01,6.46,5.98,5.47,5.25,5.17,5.14,5.07,5.08,5.10,5.10,5.10,5.12,5.11,5.08,5.04,5.01,4.96,4.89,4.83,4.86,4.89,4.89,4.87,4.84,4.93,4.99,5.02,5.02,5.05,5.03,4.99,4.92,4.82,4.69,4.58,4.49,4.44,4.53,4.60,4.62,4.59,4.50,4.42,4.45,4.52,4.55,4.47,4.42
23.46,23.42,23.34,23.27,23.23,23.20,23.17,23.14,23.13,23.07,22.97,22.90,23.28,23.56,23.73,23.80,23.80,23.80,23.84,23.84,23.74,23.76,23.79,23.81,23.83,23.85,23.87,23.86,23.86,23.90,23.78,23.65,23.58,23.61,23.78,23.89,23.95,23.98,23.99,23.93,23.90,23.48,22.18,20.20,18.94,16.22,11.90,11.44,11.31,10.22,8.24,6.07,9.73,11.20,11.39,11.43,11.44,11.41,11.37,11.31,11.27,11.33,11.26,10.72,9.35,7.83,6.40,5.07,3.97,3.88,3.84,3.84,3.85,3.83,3.82,3.83,3.83,3.83,3.83,3.85,3.85,3.83,3.84,3.85,3.84,3.84,3.85,3.86,3.85,3.85,3.84,3.86,3.85,3.85,3.84,3.86,3.84,3.84,3.84,3.84,3.84,3.85,3.86,3.85,3.86,3.85,3.84,3.85,3.84,3.85,3.83,3.82,3.84,3.86,3.83,3.83,3.86,3.85,3.86,3.86,3.86,3.86,3.86,3.86,3.86,3.85,3.84,3.85,3.85,3.84,3.84,3.84,3.85,3.85,3.85,3.85,3.84,3.84,3.85,3.84,3.84,3.85,3.86,3.86,3.86,3.86,3.85,3.84,3.85,3.85,3.86,3.87,3.88,3.86,3.86,3.86,3.86,3.85,3.85,3.88,3.96,4.06,4.09,4.32,5.17,6.90,6.68,6.69,6.76,6.76,6.64,6.67,6.65,3.15,2.95,2.96,2.96,2.95,2.96,2.96,2.97,2.97,2.96,2.96,2.97,2.97,2.98,2.97,2.96,2.98,2.98,2.96,2.97,2.98,2.97,2.96,2.96,2.96,6.03,6.43,7.50,8.89,9.67,10.08,10.12,9.63,9.00,8.32,7.65,7.08,6.15,5.65,5.41,5.26,5.04,5.01,5.02,5.02,5.03,5.06,5.09,5.09,5.08,5.08,5.04,4.98,4.92,4.87,4.76,4.66,4.57,4.48,4.75,4.89,4.94,4.92,4.95,4.86,4.74,4.63,4.56,4.58,4.55,4.50,4.51,4.60,4.67,4.67,4.57,4.46,4.44,4.51,4.58,4.49,4.46,4.41
23.42,23.39,23.37,23.29,23.23,23.17,23.13,23.12,23.07,23.03,22.96,22.88,23.01,23.45,23.73,23.77,23.78,23.79,23.82,23.82,23.75,23.77,23.79,23.81,23.83,23.85,23.84,23.81,23.79,23.84,23.79,23.68,23.56,23.53,23.71,23.82,23.89,23.92,23.88,23.88,23.85,23.64,23.00,21.01,19.58,17.74,15.00,11.70,11.11,10.71,9.09,4.70,7.81,10.15,11.31,11.38,11.40,11.40,11.38,11.34,11.31,11.28,11.29,11.17,10.66,9.20,7.74,6.32,5.04,4.23,3.92,3.84,3.84,3.83,3.83,3.82,3.82,3.83,3.84,3.85,3.84,3.84,3.84,3.84,3.83,3.84,3.85,3.85,3.84,3.84,3.85,3.85,3.84,3.84,3.85,3.85,3.84,3.84,3.85,3.84,3.83,3.84,3.85,3.84,3.85,3.85,3.84,3.83,3.85,3.85,3.84,3.84,3.85,3.85,3.85,3.85,3.86,3.86,3.85,3.85,3.85,3.85,3.85,3.85,3.85,3.85,3.84,3.85,3.85,3.85,3.85,3.85,3.85,3.85,3.85,3.86,3.85,3.85,3.86,3.86,3.86,3.86,3.86,3.85,3.85,3.85,3.86,3.85,3.85,3.85,3.86,3.87,3.87,3.86,3.85,3.85,3.85,3.84,3.85,4.16,5.17,5.80,6.19,6.28,6.37,6.80,6.72,6.75,6.77,6.72,6.64,6.63,6.44,6.09,2.98,2.99,2.98,2.95,2.95,2.95,2.97,2.96,2.94,2.94,2.97,2.97,2.96,2.96,2.97,2.97,2.97,2.97,2.98,2.98,2.98,2.96,2.94,2.94,3.42,3.97,4.33,5.48,6.63,8.07,9.26,10.03,10.15,9.73,9.08,8.53,7.75,7.11,6.59,6.14,5.61,5.30,5.14,5.06,4.92,4.95,4.98,5.01,5.02,5.04,5.02,4.99,4.96,4.95,4.87,4.79,4.70,4.63,4.65,4.63,4.59,4.55,4.63,4.59,4.51,4.47,4.58,4.59,4.56,4.55,4.60,4.68,4.70,4.64,4.53,4.41,4.44,4.51,4.53,4.44,4.41,4.37
23.40,23.38,23.39,23.28,23.20,23.14,23.09,23.07,23.04,23.00,22.95,22.87,22.87,23.36,23.70,23.74,23.76,23.77,23.80,23.80,23.74,23.77,23.80,23.82,23.83,23.84,23.80,23.76,23.75,23.80,23.78,23.69,23.57,23.50,23.65,23.76,23.82,23.82,23.77,23.72,23.62,23.43,23.08,21.56,20.31,18.97,17.04,13.13,11.44,10.82,9.76,5.85,6.37,8.56,10.67,11.33,11.36,11.39,11.40,11.37,11.35,11.30,11.32,11.37,11.33,10.36,9.05,7.64,6.26,5.02,4.33,3.97,3.84,3.83,3.83,3.82,3.82,3.84,3.84,3.84,3.84,3.84,3.84,3.84,3.83,3.83,3.85,3.85,3.84,3.84,3.84,3.84,3.84,3.85,3.86,3.85,3.84,3.84,3.84,3.84,3.84,3.84,3.84,3.83,3.84,3.84,3.84,3.83,3.85,3.85,3.84,3.84,3.86,3.85,3.86,3.86,3.85,3.86,3.85,3.84,3.85,3.86,3.85,3.84,3.85,3.85,3.84,3.85,3.85,3.85,3.85,3.86,3.85,3.85,3.85,3.86,3.85,3.85,3.85,3.87,3.87,3.87,3.86,3.84,3.84,3.85,3.86,3.85,3.84,3.85,3.86,3.87,3.86,3.86,3.85,3.98,4.33,4.63,4.83,5.23,5.89,6.76,7.12,7.11,6.93,6.79,6.78,6.80,6.80,6.75,6.66,6.63,6.46,6.23,4.01,3.25,2.98,2.95,2.94,2.95,2.96,2.96,2.94,2.94,2.96,2.96,2.96,2.96,2.96,2.96,2.97,2.97,2.97,2.98,2.98,2.96,2.93,2.94,2.94,2.95,2.98,3.60,5.20,7.13,8.62,8.73,9.45,9.98,10.12,9.77,9.21,8.59,7.97,7.35,6.71,6.20,5.84,5.52,5.07,5.00,4.99,4.97,4.92,4.94,4.95,4.95,4.94,4.95,4.91,4.86,4.79,4.74,4.65,4.56,4.48,4.43,4.49,4.48,4.46,4.48,4.63,4.61,4.59,4.61,4.68,4.74,4.71,4.61,4.49,4.40,4.46,4.50,4.48,4.39,4.36,4.32
23.39,23.40,23.41,23.24,23.17,23.09,23.03,23.00,23.02,22.99,22.93,22.87,22.83,23.29,23.63,23.71,23.75,23.74,23.77,23.78,23.72,23.77,23.80,23.82,23.83,23.80,23.75,23.72,23.74,23.80,23.74,23.68,23.61,23.52,23.61,23.71,23.73,23.69,23.63,23.47,23.24,22.92,22.51,21.87,21.13,19.95,18.13,15.59,12.22,10.61,10.28,9.21,5.36,6.50,9.53,11.26,11.31,11.37,11.40,11.41,11.41,11.38,11.35,11.36,11.42,11.31,10.35,9.01,7.61,6.21,5.01,4.21,3.84,3.83,3.81,3.81,3.83,3.85,3.83,3.84,3.84,3.83,3.84,3.84,3.83,3.82,3.84,3.86,3.85,3.84,3.83,3.85,3.85,3.85,3.86,3.86,3.84,3.84,3.84,3.84,3.85,3.85,3.84,3.81,3.84,3.84,3.84,3.84,3.86,3.85,3.84,3.84,3.85,3.86,3.87,3.86,3.84,3.84,3.84,3.84,3.85,3.87,3.84,3.84,3.85,3.84,3.84,3.86,3.86,3.85,3.85,3.85,3.85,3.85,3.84,3.85,3.85,3.84,3.84,3.87,3.88,3.87,3.85,3.83,3.85,3.86,3.86,3.85,3.83,3.85,3.86,3.86,3.85,3.86,3.85,4.25,5.31,6.20,6.81,7.07,7.07,7.11,6.99,6.95,6.93,6.85,6.84,6.85,6.87,6.84,6.71,6.66,6.61,6.44,6.03,3.69,2.97,2.95,2.95,2.97,2.95,2.94,2.95,2.96,2.95,2.95,2.96,2.96,2.94,2.96,2.98,2.97,2.96,2.97,2.98,2.96,2.94,2.94,2.95,2.95,2.94,2.96,3.04,3.12,3.58,5.73,7.12,9.17,10.79,10.82,10.53,10.09,9.52,8.86,8.29,7.66,7.05,6.36,5.42,5.20,5.09,4.97,4.77,4.81,4.84,4.86,4.88,4.88,4.90,4.88,4.84,4.80,4.74,4.66,4.59,4.55,4.51,4.52,4.56,4.62,4.70,4.62,4.62,4.68,4.75,4.79,4.70,4.57,4.46,4.44,4.51,4.49,4.42,4.35,4.30,4.28
23.24,23.24,23.24,23.16,23.09,23.04,23.01,22.96,22.97,22.95,22.90,22.84,22.78,23.13,23.48,23.67,23.69,23.70,23.72,23.74,23.72,23.74,23.78,23.80,23.77,23.74,23.72,23.71,23.72,23.72,23.67,23.63,23.58,23.50,23.55,23.60,23.62,23.60,23.56,23.47,23.27,22.97,22.58,21.97,21.43,20.63,19.34,17.26,13.90,11.45,10.22,9.79,6.58,5.70,7.42,11.17,11.26,11.34,11.39,11.41,11.41,11.40,11.39,11.39,11.38,11.46,11.10,10.25,8.95,7.51,6.22,5.02,4.09,3.85,3.83,3.82,3.82,3.83,3.83,3.84,3.84,3.82,3.83,3.83,3.83,3.84,3.85,3.85,3.85,3.84,3.84,3.84,3.84,3.84,3.85,3.84,3.84,3.84,3.84,3.84,3.84,3.85,3.85,3.83,3.84,3.84,3.84,3.85,3.86,3.85,3.85,3.85,3.85,3.86,3.85,3.85,3.85,3.84,3.84,3.84,3.85,3.85,3.85,3.86,3.85,3.84,3.84,3.86,3.86,3.85,3.84,3.85,3.85,3.84,3.83,3.84,3.85,3.85,3.85,3.86,3.86,3.86,3.86,3.85,3.84,3.84,3.85,3.86,3.86,3.86,3.98,4.27,5.35,6.23,6.72,6.68,6.40,6.74,6.97,7.06,7.05,7.02,6.96,6.94,6.94,6.91,6.88,6.88,6.88,6.86,6.79,6.74,6.70,6.63,6.40,6.08,5.82,5.03,3.37,3.03,2.97,2.94,2.94,2.96,2.95,2.94,2.95,2.95,2.94,2.96,2.97,2.97,2.96,2.97,2.97,2.96,2.95,2.96,2.96,2.96,2.95,2.95,2.95,2.96,3.14,3.96,4.62,5.76,7.46,9.64,10.15,10.39,10.31,9.83,8.58,7.24,7.16,7.68,6.94,5.93,5.63,5.48,4.99,4.98,4.94,4.87,4.80,4.77,4.79,4.79,4.79,4.78,4.75,4.71,4.67,4.65,4.62,4.65,4.69,4.72,4.68,4.68,4.70,4.75,4.81,4.77,4.65,4.50,4.39,4.43,4.44,4.42,4.38,4.34,4.32,4.30
23.13,23.10,23.08,23.07,23.01,22.99,22.98,22.90,22.91,22.91,22.88,22.81,22.73,22.99,23.32,23.60,23.63,23.64,23.66,23.69,23.71,23.72,23.76,23.75,23.68,23.66,23.66,23.67,23.67,23.63,23.60,23.58,23.55,23.49,23.52,23.53,23.55,23.55,23.55,23.51,23.38,23.17,22.87,22.38,21.84,21.16,20.20,18.59,15.67,12.69,10.47,9.99,7.94,5.53,5.55,9.67,11.00,11.33,11.38,11.41,11.42,11.43,11.43,11.42,11.38,11.50,11.55,11.17,10.19,8.85,7.52,6.06,4.73,4.13,3.91,3.82,3.81,3.82,3.83,3.84,3.84,3.82,3.82,3.83,3.84,3.85,3.85,3.84,3.85,3.85,3.84,3.84,3.83,3.84,3.84,3.83,3.84,3.84,3.84,3.84,3.84,3.85,3.85,3.84,3.84,3.83,3.84,3.86,3.86,3.84,3.86,3.86,3.85,3.86,3.84,3.84,3.86,3.84,3.84,3.84,3.85,3.84,3.85,3.86,3.86,3.84,3.85,3.86,3.86,3.85,3.84,3.86,3.85,3.84,3.84,3.84,3.85,3.86,3.86,3.85,3.85,3.85,3.86,3.86,3.84,3.84,3.89,4.02,4.27,4.45,4.73,5.16,5.76,6.44,6.82,7.02,7.11,7.09,7.06,7.03,7.00,6.96,6.95,6.94,6.93,6.93,6.90,6.88,6.86,6.85,6.82,6.77,6.75,6.73,6.66,6.19,5.97,5.34,4.08,3.80,3.57,3.25,2.94,2.96,2.94,2.94,2.94,2.94,2.94,2.95,2.96,2.97,2.96,2.96,2.96,2.96,2.96,2.97,2.96,2.96,2.96,2.96,2.96,2.97,2.99,2.99,2.96,3.30,5.09,8.77,9.82,9.94,10.09,10.24,8.08,6.47,7.04,8.64,8.42,7.09,6.60,6.31,5.67,5.51,5.33,5.15,4.97,4.88,4.82,4.78,4.74,4.72,4.72,4.73,4.73,4.74,4.74,4.77,4.81,4.80,4.69,4.74,4.77,4.81,4.85,4.74,4.58,4.42,4.30,4.36,4.35,4.35,4.35,4.34,4.33,4.33
23.11,23.01,22.95,22.94,22.92,22.92,22.91,22.82,22.84,22.87,22.86,22.79,22.70,22.85,23.15,23.47,23.58,23.57,23.57,23.61,23.67,23.70,23.71,23.67,23.58,23.55,23.53,23.54,23.55,23.54,23.54,23.53,23.50,23.49,23.54,23.55,23.55,23.56,23.63,23.60,23.59,23.58,23.54,23.39,22.54,21.44,20.39,19.38,17.50,14.52,11.35,9.81,9.29,6.44,4.25,5.48,10.31,11.34,11.36,11.43,11.43,11.45,11.47,11.47,11.45,11.44,11.52,11.51,11.23,10.27,8.93,7.47,6.07,4.94,4.08,3.81,3.82,3.83,3.82,3.84,3.84,3.82,3.84,3.83,3.84,3.85,3.85,3.83,3.84,3.85,3.83,3.83,3.84,3.84,3.84,3.84,3.83,3.84,3.84,3.84,3.84,3.84,3.84,3.85,3.83,3.83,3.84,3.86,3.86,3.84,3.85,3.86,3.86,3.85,3.84,3.85,3.85,3.83,3.84,3.84,3.85,3.83,3.85,3.85,3.85,3.85,3.84,3.85,3.85,3.85,3.86,3.87,3.84,3.83,3.86,3.86,3.86,3.86,3.86,3.83,3.85,3.85,3.85,3.85,3.84,3.85,4.03,4.59,5.70,6.61,7.17,7.28,6.94,7.05,7.11,7.08,6.98,7.01,7.01,7.02,7.04,7.02,6.99,6.95,6.92,6.90,6.87,6.84,6.80,6.76,6.75,6.74,6.72,6.68,6.64,6.51,6.42,6.26,6.01,6.38,5.74,5.30,2.95,2.96,2.94,2.94,2.96,2.96,2.94,2.93,2.94,2.97,2.94,2.95,2.96,2.96,2.95,2.96,2.96,2.96,2.97,2.98,2.97,2.97,2.97,2.98,2.95,3.02,3.30,3.88,4.03,7.27,8.01,9.63,6.21,5.31,6.62,8.85,9.66,9.02,8.31,7.68,7.19,6.71,6.28,5.91,5.62,5.42,5.16,4.91,4.71,4.59,4.66,4.70,4.75,4.79,4.84,4.88,4.88,4.84,4.78,4.78,4.82,4.85,4.83,4.69,4.52,4.34,4.19,4.18,4.22,4.29,4.35,4.36,4.35,4.34
23.12,22.98,22.90,22.85,22.82,22.81,22.80,22.76,22.78,22.83,22.84,22.77,22.69,22.75,22.93,23.17,23.32,23.36,23.41,23.46,23.51,23.53,23.54,23.53,23.50,23.50,23.50,23.51,23.53,23.54,23.57,23.58,23.56,23.53,23.55,23.58,23.59,23.59,23.63,23.58,23.56,23.59,23.60,23.58,23.08,22.05,20.66,19.74,18.56,16.39,13.38,10.14,9.59,7.82,5.64,4.22,7.28,10.01,11.38,11.43,11.47,11.50,11.52,11.52,11.51,11.49,11.52,11.54,11.49,11.09,10.17,8.93,7.54,6.27,5.14,4.44,4.05,3.83,3.82,3.83,3.84,3.83,3.84,3.84,3.84,3.84,3.84,3.84,3.85,3.84,3.83,3.83,3.84,3.84,3.84,3.84,3.83,3.84,3.85,3.84,3.84,3.83,3.83,3.83,3.83,3.83,3.84,3.86,3.85,3.85,3.85,3.85,3.86,3.84,3.84,3.85,3.86,3.84,3.84,3.84,3.84,3.84,3.85,3.85,3.85,3.86,3.84,3.85,3.85,3.84,3.86,3.86,3.85,3.85,3.86,3.86,3.86,3.86,3.86,3.84,3.85,3.85,3.99,4.43,4.82,5.23,5.59,5.95,6.50,6.96,7.24,7.30,7.14,7.14,7.14,7.10,7.02,7.04,7.04,7.05,7.06,7.02,6.98,6.93,6.89,6.88,6.84,6.79,6.75,6.72,6.73,6.72,6.70,6.67,6.63,6.58,6.53,6.48,6.45,6.40,6.01,5.93,4.52,4.21,3.31,2.95,2.95,2.95,2.94,2.93,2.94,2.96,2.95,2.96,2.96,2.96,2.95,2.96,2.96,2.95,2.96,2.97,2.97,2.97,2.97,2.99,2.97,2.96,2.97,2.97,2.96,6.20,7.49,9.48,5.74,5.02,6.22,7.53,9.09,9.72,9.54,9.04,8.64,8.00,7.45,6.95,6.50,6.19,5.78,5.33,4.95,4.73,4.77,4.77,4.78,4.81,4.89,4.93,4.91,4.86,4.82,4.84,4.85,4.84,4.78,4.62,4.45,4.27,4.12,4.08,4.09,4.13,4.19,4.27,4.29,4.32
23.20,23.01,22.89,22.80,22.74,22.70,22.68,22.69,22.73,22.78,22.80,22.75,22.69,22.66,22.72,22.85,23.00,23.12,23.23,23.30,23.32,23.34,23.37,23.42,23.48,23.51,23.50,23.50,23.53,23.57,23.62,23.64,23.62,23.57,23.54,23.60,23.62,23.60,23.60,23.52,23.48,23.48,23.49,23.51,23.49,22.73,21.10,19.95,19.25,18.06,15.65,11.11,9.78,9.18,7.58,4.11,4.07,8.07,10.97,11.44,11.51,11.56,11.57,11.57,11.57,11.56,11.53,11.50,11.50,11.60,11.21,10.30,9.03,7.77,6.51,5.39,4.51,3.98,3.88,3.84,3.84,3.84,3.85,3.85,3.84,3.84,3.83,3.86,3.85,3.84,3.83,3.84,3.85,3.85,3.84,3.84,3.83,3.84,3.85,3.85,3.85,3.83,3.82,3.81,3.83,3.83,3.84,3.85,3.84,3.85,3.84,3.85,3.85,3.84,3.83,3.84,3.86,3.86,3.84,3.84,3.84,3.84,3.86,3.85,3.85,3.86,3.84,3.85,3.85,3.84,3.86,3.85,3.86,3.87,3.87,3.85,3.85,3.85,3.88,3.95,4.07,4.15,4.48,5.33,6.09,6.85,7.34,7.47,7.39,7.34,7.30,7.22,7.06,7.08,7.09,7.11,7.12,7.11,7.09,7.08,7.06,7.01,6.96,6.90,6.85,6.86,6.79,6.74,6.70,6.68,6.71,6.71,6.69,6.66,6.62,6.58,6.52,6.46,6.43,6.34,6.31,6.35,6.27,5.67,3.97,3.29,3.20,2.97,2.95,2.95,2.95,2.96,2.97,2.97,2.97,2.96,2.96,2.97,2.96,2.95,2.95,2.97,2.96,2.96,2.97,2.99,2.99,2.98,2.97,2.96,2.98,2.96,2.95,2.95,2.96,2.97,3.93,5.99,8.10,9.69,9.97,9.84,9.87,9.22,8.66,8.08,7.50,7.06,6.54,5.94,5.38,5.04,4.97,4.89,4.84,4.84,4.93,4.95,4.92,4.87,4.86,4.89,4.87,4.81,4.72,4.54,4.38,4.22,4.08,4.02,3.99,3.98,4.02,4.15,4.20,4.27
23.59,23.30,22.99,22.82,22.75,22.67,22.60,22.58,22.65,22.70,22.73,22.72,22.65,22.62,22.66,22.74,22.72,22.93,23.09,23.20,23.28,23.39,23.51,23.61,23.69,23.65,23.53,23.48,23.51,23.61,23.63,23.61,23.56,23.51,23.50,23.49,23.49,23.50,23.51,23.51,23.51,23.51,23.52,23.55,23.50,23.15,22.25,20.18,19.35,18.56,17.20,14.63,11.32,9.52,7.74,4.89,4.17,5.28,8.17,11.56,11.54,11.59,11.62,11.63,11.63,11.63,11.61,11.58,11.56,11.52,11.48,11.13,10.38,9.20,7.97,6.83,5.81,4.91,4.21,3.92,3.84,3.85,3.84,3.84,3.84,3.85,3.84,3.85,3.84,3.83,3.83,3.84,3.84,3.84,3.84,3.84,3.85,3.84,3.84,3.84,3.85,3.84,3.84,3.84,3.84,3.84,3.84,3.84,3.83,3.83,3.84,3.84,3.83,3.84,3.84,3.84,3.84,3.82,3.83,3.83,3.83,3.83,3.85,3.85,3.85,3.85,3.85,3.86,3.84,3.83,3.87,3.87,3.86,3.86,3.86,3.83,3.83,3.85,4.00,4.99,6.00,6.92,7.30,6.95,7.13,7.32,7.43,7.40,7.24,7.21,7.22,7.22,7.15,7.17,7.17,7.19,7.20,7.15,7.12,7.08,7.04,6.98,6.90,6.83,6.79,6.75,6.68,6.65,6.63,6.62,6.63,6.63,6.64,6.63,6.60,6.57,6.52,6.49,6.47,6.38,6.30,6.24,6.16,5.94,6.19,6.35,5.56,3.21,2.99,2.96,2.96,2.94,2.94,2.96,2.97,2.96,2.97,2.96,2.97,2.96,2.95,2.97,2.97,2.97,2.97,2.98,2.98,2.97,2.96,2.95,2.98,2.97,2.96,2.97,2.95,2.96,3.25,3.92,5.06,7.41,7.01,7.66,9.95,9.91,9.64,9.20,8.65,8.19,7.56,6.96,6.39,5.86,5.31,5.13,5.04,4.90,4.99,4.93,4.89,4.89,4.89,4.91,4.88,4.79,4.66,4.50,4.33,4.20,4.12,4.07,4.06,4.07,4.09,4.11,4.10,4.10
23.86,23.57,23.22,22.99,22.81,22.67,22.57,22.53,22.58,22.64,22.69,22.70,22.63,22.58,22.61,22.69,22.66,22.95,23.16,23.29,23.41,23.51,23.62,23.73,23.81,23.77,23.57,23.46,23.48,23.58,23.59,23.56,23.52,23.50,23.51,23.48,23.47,23.49,23.51,23.53,23.54,23.54,23.55,23.58,23.52,23.39,22.92,20.78,19.51,18.78,18.11,16.72,13.47,10.49,8.06,6.32,5.42,4.54,5.94,9.39,11.41,11.64,11.67,11.69,11.69,11.69,11.68,11.66,11.62,11.53,11.58,11.53,11.22,10.44,9.40,8.32,7.22,6.13,5.23,4.71,4.37,4.10,3.87,3.83,3.83,3.84,3.84,3.85,3.84,3.84,3.84,3.85,3.85,3.84,3.84,3.84,3.85,3.85,3.84,3.84,3.85,3.84,3.84,3.85,3.86,3.84,3.83,3.83,3.84,3.84,3.84,3.84,3.82,3.85,3.84,3.84,3.83,3.81,3.83,3.84,3.84,3.84,3.85,3.85,3.85,3.85,3.86,3.86,3.85,3.84,3.87,3.87,3.86,3.93,4.10,4.32,4.62,4.92,5.29,5.99,6.60,7.19,7.56,7.61,7.50,7.46,7.42,7.36,7.24,7.22,7.24,7.26,7.25,7.25,7.23,7.22,7.21,7.15,7.11,7.06,6.99,6.94,6.85,6.78,6.71,6.64,6.59,6.58,6.58,6.57,6.58,6.59,6.61,6.61,6.57,6.55,6.52,6.50,6.48,6.40,6.32,6.23,6.15,6.12,6.22,6.24,5.73,4.33,4.15,3.97,3.54,2.94,2.94,2.95,2.96,2.96,2.97,2.96,2.97,2.97,2.95,2.97,2.97,2.97,2.97,2.97,2.97,2.97,2.96,2.95,2.98,2.98,2.97,2.98,2.96,2.96,2.96,3.08,3.57,6.10,5.72,6.70,9.80,8.36,8.89,9.48,9.61,9.26,8.63,8.01,7.38,6.65,5.79,5.39,5.19,5.02,5.01,4.91,4.88,4.90,4.92,4.92,4.87,4.76,4.61,4.45,4.29,4.20,4.15,4.12,4.12,4.14,4.15,4.14,4.11,4.08
24.03,23.83,23.55,23.28,22.91,22.68,22.58,22.52,22.51,22.59,22.66,22.68,22.61,22.54,22.56,22.68,22.76,23.12,23.38,23.54,23.70,23.68,23.72,23.78,23.85,23.87,23.61,23.46,23.45,23.49,23.50,23.50,23.51,23.54,23.56,23.55,23.55,23.56,23.56,23.58,23.57,23.56,23.58,23.60,23.54,23.47,23.21,21.65,19.70,18.76,18.52,17.71,16.09,11.97,8.52,8.27,7.58,5.40,4.17,5.43,11.14,11.72,11.74,11.77,11.77,11.74,11.75,11.74,11.69,11.60,11.54,11.59,11.67,11.55,10.81,9.83,8.72,7.60,6.77,6.05,5.31,4.54,3.93,3.83,3.82,3.83,3.83,3.85,3.86,3.86,3.86,3.85,3.86,3.85,3.84,3.84,3.85,3.86,3.85,3.84,3.85,3.84,3.83,3.84,3.87,3.84,3.83,3.83,3.86,3.85,3.85,3.84,3.82,3.85,3.84,3.83,3.82,3.82,3.84,3.84,3.85,3.86,3.85,3.84,3.84,3.84,3.85,3.86,3.85,3.84,3.86,3.87,3.86,4.04,4.54,5.25,6.06,6.89,7.55,7.69,7.67,7.66,7.61,7.51,7.35,7.32,7.33,7.35,7.35,7.34,7.35,7.35,7.35,7.32,7.28,7.22,7.16,7.13,7.07,7.00,6.92,6.88,6.81,6.72,6.63,6.54,6.52,6.52,6.53,6.54,6.55,6.57,6.59,6.58,6.53,6.53,6.52,6.50,6.47,6.42,6.35,6.28,6.23,6.21,6.15,6.03,6.02,6.28,6.25,5.81,5.49,2.95,2.97,2.95,2.95,2.96,2.97,2.96,2.96,2.95,2.94,2.96,2.96,2.97,2.98,2.98,2.97,2.97,2.98,2.98,2.98,2.98,2.98,2.98,2.98,2.99,2.98,2.97,2.97,3.02,3.01,3.01,3.16,4.44,6.79,9.11,10.40,10.30,9.73,9.09,8.34,7.41,6.38,5.66,5.30,5.20,4.99,4.90,4.89,4.92,4.94,4.93,4.85,4.72,4.55,4.38,4.26,4.20,4.18,4.17,4.17,4.19,4.21,4.22,4.19,4.18
24.08,23.86,23.60,23.35,23.11,22.92,22.75,22.52,22.48,22.54,22.61,22.63,22.59,22.51,22.51,22.63,22.98,23.20,23.34,23.43,23.53,23.55,23.63,23.73,23.81,23.87,23.68,23.53,23.47,23.52,23.54,23.55,23.57,23.59,23.60,23.59,23.59,23.59,23.60,23.61,23.60,23.59,23.60,23.60,23.56,23.47,23.16,21.78,20.32,19.29,18.67,18.15,17.03,14.49,11.24,8.18,7.82,6.08,4.68,4.61,7.07,10.44,11.82,11.84,11.85,11.82,11.82,11.81,11.76,11.68,11.61,11.60,11.63,11.65,11.36,10.92,10.24,9.29,8.46,7.70,6.97,6.26,5.62,5.18,4.81,4.51,4.23,3.94,3.84,3.84,3.86,3.85,3.85,3.84,3.83,3.83,3.85,3.85,3.85,3.84,3.84,3.85,3.84,3.83,3.86,3.85,3.84,3.84,3.84,3.83,3.84,3.85,3.85,3.84,3.84,3.83,3.82,3.83,3.84,3.84,3.85,3.85,3.85,3.85,3.86,3.85,3.83,3.84,4.06,4.83,5.47,6.09,6.91,6.95,6.35,6.80,7.13,7.43,7.68,7.72,7.60,7.55,7.53,7.49,7.42,7.40,7.41,7.42,7.42,7.40,7.39,7.38,7.33,7.28,7.21,7.15,7.11,7.07,6.99,6.96,6.97,6.95,6.86,6.73,6.61,6.52,6.50,6.50,6.51,6.51,6.54,6.56,6.56,6.55,6.51,6.49,6.48,6.46,6.44,6.43,6.42,6.37,6.29,6.23,6.15,6.05,6.01,6.10,6.03,5.87,5.57,4.84,3.83,3.11,2.96,2.95,2.97,2.96,2.96,2.96,2.95,2.95,2.95,2.96,2.97,2.97,2.97,2.97,2.97,2.97,2.97,2.97,2.97,2.97,2.98,2.97,2.97,2.97,2.96,2.97,2.96,2.96,3.00,3.40,4.43,5.66,7.04,8.87,9.75,9.84,9.35,8.55,7.66,6.27,5.27,5.05,4.90,4.89,4.92,4.95,4.96,4.89,4.79,4.66,4.51,4.43,4.32,4.21,4.14,4.15,4.16,4.19,4.22,4.24,4.24,4.24
24.09,23.84,23.60,23.39,23.25,23.10,22.89,22.55,22.46,22.50,22.56,22.60,22.56,22.49,22.46,22.59,23.08,23.21,23.27,23.32,23.37,23.43,23.54,23.67,23.78,23.87,23.73,23.57,23.47,23.52,23.56,23.58,23.60,23.63,23.62,23.61,23.60,23.60,23.63,23.62,23.61,23.60,23.62,23.60,23.56,23.47,23.18,22.14,21.10,20.06,19.10,18.38,17.68,16.36,13.68,9.44,8.11,6.74,5.36,4.27,4.40,8.54,11.09,11.93,11.92,11.90,11.89,11.87,11.83,11.77,11.70,11.64,11.62,11.67,11.65,11.56,11.26,10.64,9.98,9.34,8.71,8.08,7.48,6.83,6.22,5.66,5.14,4.66,4.42,4.30,4.23,4.16,4.09,4.02,3.95,3.87,3.86,3.85,3.84,3.84,3.84,3.85,3.85,3.83,3.86,3.85,3.84,3.84,3.83,3.82,3.84,3.85,3.86,3.83,3.82,3.82,3.82,3.84,3.84,3.84,3.85,3.85,3.99,4.08,4.16,4.28,4.42,4.60,5.03,5.60,6.12,6.55,7.15,7.55,7.60,7.81,7.78,7.74,7.71,7.68,7.55,7.50,7.50,7.50,7.50,7.49,7.48,7.48,7.46,7.44,7.41,7.37,7.32,7.24,7.16,7.10,7.06,7.01,6.92,6.93,7.00,6.97,6.86,6.72,6.57,6.47,6.47,6.49,6.50,6.51,6.54,6.55,6.54,6.52,6.49,6.46,6.45,6.43,6.40,6.40,6.42,6.39,6.31,6.25,6.16,6.08,6.02,5.96,5.89,5.89,5.65,5.05,4.27,3.84,3.66,3.51,2.99,2.95,2.95,2.95,2.95,2.95,2.95,2.95,2.96,2.97,2.97,2.97,2.97,2.96,2.97,2.97,2.97,2.96,2.98,2.96,2.97,2.98,2.96,2.97,2.97,2.96,2.97,2.96,2.95,3.33,4.86,7.93,8.57,9.01,9.39,9.39,8.45,6.60,5.21,4.91,4.85,4.89,4.94,4.96,4.95,4.86,4.74,4.62,4.53,4.58,4.48,4.33,4.20,4.19,4.19,4.19,4.20,4.22,4.24,4.25
24.01,23.78,23.53,23.39,23.29,23.17,22.96,22.62,22.46,22.45,22.52,22.57,22.52,22.46,22.43,22.54,22.98,23.11,23.18,23.23,23.27,23.35,23.45,23.59,23.76,23.92,23.76,23.57,23.45,23.49,23.54,23.57,23.59,23.63,23.62,23.61,23.59,23.59,23.63,23.61,23.60,23.60,23.63,23.59,23.56,23.49,23.32,22.93,22.11,21.18,20.02,18.29,17.95,17.07,15.50,13.07,8.60,7.36,6.21,4.55,4.25,5.68,9.01,12.05,11.98,11.99,11.98,11.95,11.91,11.86,11.80,11.74,11.69,11.64,11.55,11.49,11.44,11.38,11.23,10.94,10.52,10.02,9.55,8.91,8.26,7.59,6.90,6.39,5.96,5.58,5.23,5.13,4.89,4.62,4.43,3.97,3.88,3.85,3.84,3.82,3.85,3.85,3.85,3.84,3.86,3.84,3.83,3.83,3.83,3.83,3.84,3.85,3.84,3.82,3.81,3.81,3.82,3.85,3.85,3.85,3.85,3.88,4.60,4.77,5.13,5.67,6.37,7.13,7.51,7.64,7.88,7.78,7.78,7.80,7.79,7.81,7.68,7.61,7.61,7.61,7.59,7.58,7.58,7.57,7.59,7.56,7.53,7.49,7.45,7.42,7.38,7.33,7.30,7.22,7.13,7.06,7.01,6.95,6.88,6.91,6.99,6.88,6.80,6.66,6.49,6.36,6.41,6.47,6.51,6.54,6.56,6.55,6.52,6.48,6.47,6.46,6.43,6.39,6.34,6.32,6.32,6.31,6.27,6.25,6.19,6.12,6.05,5.99,5.92,5.86,5.76,5.60,5.43,5.73,5.94,5.34,3.07,2.93,2.91,2.94,2.96,2.96,2.95,2.96,2.97,2.98,2.96,2.96,2.96,2.97,2.96,2.96,2.96,2.96,2.97,2.97,2.97,2.98,2.96,2.97,2.97,2.96,2.96,2.96,2.96,3.02,3.21,3.62,4.35,5.57,7.80,9.69,8.36,6.47,5.13,4.83,4.87,4.91,4.95,4.96,4.91,4.83,4.72,4.64,4.66,4.88,4.82,4.63,4.42,4.35,4.27,4.19,4.13,4.13,4.16,4.19
23.97,23.73,23.51,23.36,23.24,23.13,22.96,22.68,22.46,22.42,22.47,22.52,22.50,22.43,22.39,22.46,22.81,23.01,23.10,23.13,23.14,23.22,23.34,23.51,23.72,23.89,23.78,23.60,23.45,23.48,23.56,23.58,23.59,23.62,23.62,23.62,23.61,23.59,23.62,23.61,23.60,23.59,23.61,23.57,23.54,23.48,23.37,23.15,22.39,21.51,20.48,19.10,18.10,17.35,16.41,14.79,11.37,8.61,6.73,5.58,4.30,4.62,7.22,10.48,12.12,12.07,12.05,12.02,11.97,11.93,11.88,11.83,11.77,11.70,11.59,11.51,11.46,11.45,11.36,11.25,11.05,10.76,10.49,10.09,9.69,9.27,8.81,8.50,8.16,7.82,7.48,7.06,6.75,6.37,6.21,5.61,5.35,5.11,4.88,4.66,4.52,4.36,4.24,4.16,4.08,3.92,3.84,3.83,3.83,3.85,3.85,3.84,3.84,3.86,4.13,4.37,4.52,4.65,4.89,5.10,5.30,5.55,6.31,6.39,6.64,6.92,7.22,7.61,7.89,8.03,8.03,7.91,7.83,7.79,7.77,7.76,7.69,7.65,7.65,7.66,7.66,7.64,7.62,7.59,7.57,7.54,7.51,7.46,7.42,7.41,7.37,7.37,7.54,7.49,7.41,7.29,7.15,6.99,6.87,6.84,6.88,6.91,6.84,6.66,6.48,6.44,6.47,6.49,6.53,6.59,6.59,6.54,6.50,6.46,6.42,6.40,6.38,6.35,6.30,6.26,6.24,6.25,6.25,6.21,6.17,6.12,6.08,6.06,5.96,5.87,5.80,5.73,5.69,5.75,5.76,5.46,4.40,3.86,3.41,3.08,2.93,2.95,2.95,2.96,2.97,2.97,2.95,2.96,2.97,2.96,2.95,2.95,2.96,2.96,2.96,2.97,2.98,2.98,2.96,2.97,2.96,2.95,2.96,2.96,2.97,2.96,2.95,2.94,3.12,4.81,7.46,9.67,6.65,5.59,5.00,4.84,4.90,4.94,4.96,4.95,4.88,4.80,4.72,4.75,4.93,5.04,4.98,4.89,4.81,4.67,4.50,4.35,4.23,4.18,4.14,4.11
23.93,23.70,23.52,23.34,23.18,23.06,22.95,22.74,22.47,22.39,22.41,22.47,22.49,22.41,22.34,22.38,22.66,22.93,23.03,23.03,23.02,23.09,23.22,23.42,23.67,23.84,23.81,23.64,23.46,23.49,23.57,23.59,23.58,23.60,23.62,23.64,23.63,23.60,23.60,23.61,23.59,23.58,23.58,23.55,23.52,23.47,23.39,23.21,22.45,21.59,20.75,19.97,18.30,17.54,16.97,15.88,14.29,10.27,7.52,6.58,4.64,4.26,5.65,8.43,11.91,12.07,12.10,12.08,12.04,11.99,11.96,11.91,11.85,11.77,11.66,11.56,11.45,11.34,11.20,11.19,11.16,11.06,10.95,10.80,10.67,10.54,10.38,10.29,10.10,9.88,9.64,9.17,8.82,8.38,7.95,7.58,7.19,6.79,6.39,6.00,5.68,5.34,5.09,5.03,4.76,4.45,4.30,4.27,4.27,4.32,4.32,4.32,4.36,4.43,5.42,5.37,5.64,5.84,6.25,6.62,6.98,7.39,7.82,8.08,8.19,8.20,8.10,8.09,8.05,7.96,7.80,7.76,7.74,7.72,7.72,7.72,7.72,7.72,7.72,7.72,7.71,7.68,7.65,7.60,7.53,7.49,7.47,7.44,7.41,7.40,7.38,7.45,7.82,7.84,7.77,7.62,7.37,7.10,6.89,6.77,6.77,6.91,6.86,6.66,6.49,6.56,6.55,6.53,6.56,6.63,6.60,6.53,6.48,6.44,6.37,6.34,6.33,6.32,6.27,6.23,6.18,6.19,6.21,6.15,6.12,6.10,6.09,6.10,6.00,5.90,5.82,5.75,5.70,5.65,5.58,5.58,5.75,4.91,4.08,3.67,3.21,3.10,3.01,2.96,2.96,2.97,2.95,2.96,2.97,2.96,2.94,2.94,2.95,2.96,2.96,2.97,2.98,2.97,2.96,2.97,2.96,2.95,2.96,2.97,2.98,2.97,2.95,2.94,2.94,2.94,2.93,2.95,4.42,4.69,4.75,4.53,4.88,4.97,4.97,4.93,4.86,4.77,4.75,4.89,5.18,5.22,5.15,5.16,5.24,5.08,4.82,4.59,4.42,4.34,4.22,4.11
23.83,23.66,23.59,23.38,23.17,23.06,22.99,22.88,22.47,22.31,22.32,22.41,22.46,22.41,22.33,22.33,22.63,22.87,22.96,22.96,22.95,22.98,23.09,23.29,23.57,23.81,23.86,23.72,23.51,23.52,23.55,23.57,23.58,23.59,23.60,23.60,23.61,23.60,23.53,23.55,23.55,23.54,23.52,23.51,23.50,23.48,23.43,23.25,22.45,21.56,20.72,19.99,18.86,17.89,17.15,16.55,15.16,12.98,9.86,6.63,6.01,4.71,4.62,6.32,10.11,11.71,12.15,12.14,12.10,12.07,12.02,11.96,11.89,11.81,11.69,11.62,11.53,11.34,11.21,11.12,11.01,10.88,10.75,10.59,10.45,10.34,10.26,10.21,10.10,9.99,9.87,9.73,9.57,9.40,9.23,9.08,8.94,8.78,8.61,8.44,8.18,7.76,7.46,7.44,7.94,7.85,7.67,7.52,7.47,7.71,7.85,8.00,8.22,8.37,7.81,7.62,7.69,7.71,7.78,7.84,7.90,7.97,8.07,8.09,8.09,8.07,8.05,8.01,7.96,7.89,7.84,7.82,7.81,7.79,7.79,7.80,7.78,7.74,7.71,7.70,7.68,7.64,7.60,7.55,7.48,7.45,7.46,7.48,7.47,7.41,7.44,7.62,7.93,8.11,8.17,8.04,7.71,7.36,7.03,6.81,6.71,6.67,6.71,6.61,6.53,6.64,6.62,6.64,6.65,6.62,6.57,6.51,6.45,6.40,6.36,6.33,6.32,6.29,6.24,6.24,6.15,6.10,6.10,6.08,6.07,6.06,6.05,6.02,5.97,5.91,5.84,5.76,5.74,5.67,5.60,5.54,5.55,5.27,4.88,4.86,5.55,4.36,3.30,2.97,2.98,2.98,2.96,2.96,2.96,2.94,2.93,2.95,2.96,2.95,2.97,2.97,2.97,2.97,2.95,2.96,2.96,2.96,2.96,2.96,2.97,2.97,2.95,2.94,2.95,2.94,2.93,2.96,2.91,2.57,2.36,2.72,4.64,4.97,4.95,4.90,4.83,4.74,4.89,5.08,5.20,5.63,5.55,5.51,5.63,5.60,5.33,5.01,4.78,4.80,4.62,4.48
23.73,23.58,23.54,23.40,23.19,23.06,23.01,22.94,22.53,22.32,22.28,22.36,22.42,22.38,22.30,22.28,22.49,22.80,22.92,22.91,22.88,22.90,23.00,23.19,23.46,23.74,23.85,23.76,23.58,23.54,23.54,23.55,23.56,23.57,23.58,23.57,23.56,23.54,23.49,23.49,23.51,23.52,23.52,23.52,23.53,23.49,23.36,23.06,22.30,21.43,20.60,19.87,19.02,18.06,17.23,16.70,15.82,14.54,11.97,8.55,6.62,5.37,4.59,5.01,7.49,10.12,11.60,12.19,12.17,12.13,12.07,12.00,11.92,11.82,11.71,11.64,11.56,11.45,11.31,11.13,10.96,10.81,10.67,10.52,10.39,10.29,10.22,10.16,10.08,10.00,9.93,9.88,9.81,9.74,9.67,9.60,9.57,9.51,9.45,9.38,9.22,8.91,8.69,8.59,8.42,8.28,8.14,8.03,7.97,8.10,8.16,8.24,8.37,8.47,8.52,8.52,8.48,8.38,8.32,8.26,8.21,8.16,8.13,8.07,8.03,8.01,8.01,7.98,7.94,7.90,7.88,7.88,7.87,7.85,7.82,7.81,7.77,7.71,7.66,7.63,7.62,7.59,7.55,7.54,7.52,7.63,7.67,7.60,7.59,7.54,7.56,7.66,7.85,8.07,8.19,8.18,8.04,7.63,7.22,6.90,6.68,6.57,6.61,6.58,6.57,6.68,6.67,6.69,6.68,6.61,6.54,6.50,6.45,6.40,6.38,6.37,6.35,6.33,6.31,6.38,6.26,6.15,6.08,6.06,6.04,6.01,5.97,5.96,5.93,5.88,5.83,5.77,5.74,5.68,5.62,5.55,5.49,5.45,5.30,5.28,5.47,4.73,4.18,3.95,3.83,3.19,3.01,2.95,2.95,2.95,2.94,2.95,2.96,2.96,2.97,2.97,2.97,2.97,2.96,2.96,2.97,2.97,2.96,2.96,2.97,2.97,2.95,2.94,2.94,2.94,2.95,2.98,2.56,2.00,1.64,1.98,4.54,4.97,4.92,4.85,4.78,4.76,5.25,5.91,6.44,6.58,6.31,6.15,6.20,6.15,5.85,5.48,5.22,5.24,5.05,4.90
23.62,23.47,23.40,23.40,23.21,23.08,23.01,22.93,22.62,22.38,22.27,22.31,22.38,22.32,22.25,22.22,22.28,22.74,22.92,22.87,22.80,22.83,22.93,23.10,23.34,23.66,23.79,23.77,23.67,23.55,23.54,23.54,23.54,23.54,23.56,23.53,23.48,23.44,23.46,23.44,23.47,23.52,23.54,23.57,23.59,23.49,23.23,22.74,22.03,21.23,20.41,19.65,18.91,18.09,17.25,16.48,16.36,15.31,13.93,11.75,6.72,6.16,5.24,4.23,4.31,7.69,10.64,12.23,12.23,12.18,12.10,12.03,11.95,11.81,11.72,11.62,11.58,11.63,11.46,11.20,10.97,10.81,10.67,10.57,10.46,10.34,10.25,10.15,10.04,9.94,9.86,9.77,9.71,9.62,9.52,9.43,9.44,9.39,9.34,9.30,9.23,9.19,9.14,9.08,9.05,8.99,8.93,8.88,8.81,8.75,8.70,8.66,8.64,8.63,8.59,8.51,8.40,8.23,8.18,8.14,8.10,8.09,8.07,8.03,8.01,8.01,7.99,7.98,7.97,7.95,7.94,7.93,7.93,7.90,7.82,7.77,7.70,7.64,7.59,7.52,7.55,7.53,7.51,7.54,7.63,7.95,8.03,7.77,7.74,7.77,7.71,7.63,7.63,7.82,7.95,8.14,8.37,7.91,7.46,7.03,6.68,6.57,6.55,6.57,6.62,6.69,6.70,6.72,6.69,6.60,6.53,6.49,6.45,6.41,6.42,6.44,6.43,6.42,6.44,6.60,6.47,6.29,6.14,6.07,6.03,5.95,5.88,5.91,5.87,5.83,5.80,5.77,5.72,5.68,5.64,5.58,5.51,5.50,5.46,5.40,5.32,5.34,5.48,5.59,5.26,3.52,3.07,2.93,2.93,2.96,2.94,2.96,2.97,2.96,2.97,2.96,2.97,2.98,2.97,2.97,2.98,2.97,2.95,2.97,2.97,2.96,2.94,2.94,2.94,2.94,2.97,3.01,2.65,2.27,1.88,1.50,1.11,1.03,2.63,4.80,4.73,4.81,5.76,7.18,8.50,7.89,7.33,6.99,6.89,6.71,6.36,5.99,5.72,5.67,5.50,5.36
23.63,23.48,23.36,23.29,23.17,23.08,23.01,22.96,22.68,22.39,22.21,22.25,22.32,22.29,22.23,22.19,22.19,22.72,22.91,22.86,22.78,22.81,22.86,23.00,23.25,23.54,23.70,23.75,23.69,23.52,23.50,23.49,23.49,23.52,23.51,23.52,23.50,23.46,23.48,23.44,23.44,23.45,23.43,23.42,23.40,23.28,22.95,22.26,21.49,20.71,19.94,19.20,18.52,17.83,17.10,16.35,16.18,15.76,14.93,13.37,10.27,7.15,5.57,5.55,6.80,10.56,12.11,12.44,12.29,12.25,12.17,12.09,12.00,11.84,11.76,11.62,11.50,11.49,11.47,11.34,11.17,11.02,10.91,10.77,10.64,10.52,10.41,10.29,10.13,9.99,9.91,9.83,9.77,9.69,9.60,9.50,9.45,9.39,9.32,9.26,9.18,9.12,9.08,9.04,8.97,8.90,8.87,8.83,8.75,8.64,8.58,8.54,8.51,8.49,8.45,8.42,8.38,8.29,8.24,8.21,8.18,8.15,8.14,8.12,8.12,8.13,8.06,8.03,7.99,7.95,7.92,7.88,7.84,7.79,7.71,7.70,7.64,7.61,7.60,7.55,7.61,7.74,7.93,8.19,8.31,8.45,8.43,8.21,8.11,7.92,7.79,7.72,7.69,7.76,7.81,7.98,8.28,8.00,7.56,7.09,6.71,6.56,6.58,6.62,6.66,6.71,6.72,6.71,6.66,6.59,6.48,6.52,6.56,6.58,6.63,6.73,6.84,6.93,6.97,7.03,6.95,6.78,6.53,6.26,6.07,5.94,5.86,5.88,5.80,5.75,5.71,5.68,5.65,5.63,5.62,5.60,5.56,5.51,5.47,5.41,5.35,5.33,5.35,5.38,5.27,4.68,5.16,4.86,4.13,2.95,2.96,2.96,2.97,2.97,2.96,2.95,2.96,2.97,2.96,2.97,2.97,2.96,2.96,2.96,2.96,2.95,2.95,2.95,2.95,2.97,2.97,2.92,2.71,2.38,1.99,1.60,1.22,1.08,1.63,2.44,2.42,4.54,6.70,9.03,9.61,9.10,8.52,8.03,7.68,7.43,7.03,6.60,6.25,6.09,5.93,5.76
23.63,23.47,23.33,23.20,23.12,23.06,23.00,22.95,22.74,22.40,22.17,22.19,22.26,22.26,22.21,22.15,22.12,22.67,22.88,22.84,22.78,22.79,22.82,22.94,23.17,23.44,23.63,23.72,23.70,23.50,23.49,23.49,23.50,23.51,23.46,23.48,23.47,23.41,23.42,23.39,23.37,23.35,23.31,23.25,23.15,22.94,22.53,21.75,20.95,20.19,19.47,18.76,18.09,17.47,16.84,16.18,15.99,15.94,15.55,14.56,12.80,8.94,7.60,8.35,9.75,12.69,13.16,12.75,12.44,12.33,12.26,12.17,12.05,11.90,11.79,11.63,11.48,11.44,11.46,11.38,11.25,11.11,11.00,10.86,10.72,10.60,10.47,10.34,10.20,10.06,9.95,9.88,9.83,9.75,9.65,9.56,9.48,9.41,9.34,9.27,9.19,9.12,9.08,9.05,8.96,8.89,8.85,8.82,8.73,8.62,8.56,8.52,8.48,8.45,8.42,8.40,8.39,8.35,8.30,8.28,8.25,8.22,8.21,8.17,8.15,8.16,8.06,8.02,7.96,7.91,7.88,7.82,7.76,7.70,7.65,7.66,7.64,7.73,7.87,7.87,7.93,8.09,8.33,8.62,8.72,8.75,8.69,8.54,8.38,8.03,7.84,7.78,7.74,7.72,7.69,7.80,8.08,7.97,7.57,7.10,6.70,6.56,6.62,6.66,6.70,6.75,6.74,6.69,6.64,6.57,6.50,6.58,6.67,6.76,6.85,7.01,7.16,7.26,7.29,7.29,7.25,7.11,6.87,6.58,6.31,6.10,5.94,5.85,5.76,5.68,5.62,5.60,5.58,5.57,5.57,5.57,5.55,5.51,5.47,5.43,5.37,5.33,5.29,5.26,5.27,5.32,5.39,4.95,4.50,3.57,3.58,3.23,2.96,2.96,2.96,2.95,2.95,2.96,2.96,2.97,2.97,2.96,2.96,2.96,2.96,2.95,2.96,2.94,2.95,2.98,2.98,2.84,2.70,2.43,2.09,1.71,1.32,1.13,1.04,1.04,1.05,4.32,7.26,9.57,8.69,9.17,8.62,7.93,7.54,7.75,7.62,7.27,6.85,6.58,6.41,6.23
23.64,23.45,23.31,23.16,23.06,23.00,22.96,22.91,22.79,22.44,22.14,22.13,22.19,22.22,22.19,22.11,22.06,22.55,22.79,22.82,22.81,22.79,22.83,22.93,23.11,23.36,23.57,23.71,23.71,23.50,23.52,23.57,23.59,23.53,23.43,23.41,23.36,23.27,23.25,23.26,23.25,23.22,23.16,23.04,22.80,22.43,21.92,21.18,20.40,19.67,18.99,18.33,17.61,16.97,16.42,15.96,15.78,15.74,15.61,15.14,13.85,11.89,12.12,13.31,13.37,13.72,13.60,13.21,12.71,12.45,12.36,12.27,12.13,11.96,11.81,11.65,11.54,11.52,11.42,11.30,11.16,11.02,10.89,10.78,10.65,10.51,10.37,10.25,10.23,10.16,9.98,9.91,9.87,9.79,9.68,9.60,9.53,9.46,9.40,9.35,9.29,9.22,9.17,9.14,9.04,8.96,8.91,8.87,8.78,8.72,8.68,8.64,8.60,8.57,8.54,8.50,8.45,8.40,8.36,8.33,8.30,8.28,8.25,8.16,8.09,8.06,7.99,7.91,7.85,7.81,7.80,7.74,7.67,7.63,7.66,7.68,7.73,8.05,8.52,8.63,8.64,8.65,8.69,8.74,8.76,8.77,8.76,8.71,8.52,8.07,7.86,7.83,7.78,7.71,7.61,7.60,7.72,7.75,7.45,7.03,6.65,6.55,6.64,6.69,6.73,6.81,6.74,6.68,6.61,6.56,6.62,6.69,6.80,6.94,7.08,7.25,7.32,7.33,7.31,7.30,7.27,7.22,7.15,7.09,6.83,6.52,6.17,5.84,5.75,5.64,5.55,5.52,5.51,5.49,5.49,5.50,5.47,5.48,5.48,5.46,5.38,5.34,5.32,5.28,5.24,5.21,5.18,5.17,5.22,5.41,5.38,3.87,2.94,2.94,2.96,2.96,2.96,2.96,2.98,2.97,2.97,2.96,2.96,2.97,2.97,2.97,2.96,2.93,2.94,3.00,2.99,2.79,2.57,2.42,2.18,1.81,1.42,1.16,1.05,1.04,1.07,1.33,1.74,2.77,4.80,7.58,7.12,6.16,6.01,7.48,8.09,8.02,7.57,7.17,6.98,6.80
23.78,23.55,23.33,23.20,23.08,22.99,22.93,22.85,22.75,22.41,22.12,22.07,22.14,22.20,22.18,22.10,22.03,22.28,22.56,22.77,22.80,22.76,22.78,22.85,23.00,23.26,23.46,23.62,23.69,23.55,23.49,23.51,23.54,23.51,23.38,23.33,23.27,23.18,23.14,23.13,23.11,23.05,22.96,22.75,22.34,21.80,21.16,20.36,19.57,18.82,18.14,17.57,17.09,16.65,16.25,15.94,15.77,15.70,15.61,15.37,14.64,13.71,13.87,14.43,14.26,14.11,13.91,13.61,13.20,12.72,12.54,12.40,12.24,12.10,11.93,11.77,11.65,11.59,11.46,11.31,11.20,11.14,11.01,10.89,10.76,10.62,10.48,10.29,10.23,10.16,10.01,9.95,9.88,9.79,9.70,9.63,9.55,9.48,9.45,9.44,9.40,9.35,9.30,9.24,9.18,9.12,9.05,8.98,8.92,8.90,8.88,8.85,8.78,8.70,8.60,8.52,8.46,8.41,8.36,8.30,8.26,8.22,8.17,8.10,8.03,7.98,7.93,7.85,7.80,7.77,7.81,7.77,7.78,7.85,7.98,8.17,8.24,8.45,8.74,8.80,8.79,8.78,8.77,8.78,8.78,8.79,8.79,8.79,8.72,8.44,8.14,7.90,7.81,7.73,7.60,7.50,7.43,7.27,7.13,6.87,6.58,6.58,6.66,6.72,6.76,6.80,6.70,6.64,6.60,6.59,6.68,6.77,6.89,7.04,7.20,7.33,7.37,7.36,7.31,7.28,7.24,7.22,7.19,7.17,7.03,6.85,6.63,6.36,6.11,5.85,5.65,5.54,5.52,5.45,5.40,5.39,5.39,5.42,5.42,5.40,5.36,5.36,5.34,5.30,5.26,5.22,5.17,5.18,5.21,5.22,5.24,5.28,5.34,5.08,3.24,2.96,2.96,2.96,2.97,2.96,2.96,2.96,2.96,2.96,2.96,2.98,3.00,2.99,2.98,2.96,2.88,2.70,2.53,2.36,2.15,1.87,1.52,1.20,1.05,1.04,1.05,1.03,1.01,1.40,2.51,4.09,3.87,3.38,3.37,4.56,5.68,6.51,7.09,7.80,7.61,7.41
23.95,23.68,23.37,23.27,23.13,23.02,22.92,22.80,22.68,22.39,22.12,22.02,22.08,22.16,22.17,22.08,21.99,22.02,22.35,22.72,22.77,22.73,22.72,22.76,22.87,23.13,23.30,23.48,23.61,23.57,23.45,23.42,23.43,23.42,23.30,23.23,23.16,23.08,22.98,22.96,22.92,22.82,22.65,22.33,21.74,21.04,20.29,19.45,18.71,18.01,17.39,16.93,16.70,16.46,16.22,16.00,15.83,15.72,15.62,15.49,15.25,14.98,14.80,14.67,14.53,14.39,14.20,13.97,13.68,13.02,12.75,12.55,12.37,12.25,12.06,11.90,11.77,11.66,11.53,11.35,11.26,11.26,11.13,10.99,10.86,10.73,10.60,10.36,10.24,10.15,10.05,9.97,9.89,9.80,9.73,9.68,9.58,9.50,9.46,9.49,9.44,9.40,9.35,9.28,9.23,9.19,9.12,9.03,9.00,9.00,9.00,8.96,8.87,8.76,8.61,8.50,8.44,8.39,8.33,8.26,8.20,8.15,8.09,8.03,7.97,7.93,7.87,7.82,7.78,7.78,7.90,7.90,8.01,8.17,8.35,8.66,8.73,8.77,8.84,8.82,8.80,8.79,8.79,8.79,8.80,8.80,8.81,8.84,8.89,8.80,8.47,8.08,7.94,7.82,7.65,7.45,7.21,6.86,6.81,6.70,6.54,6.61,6.69,6.75,6.79,6.77,6.67,6.61,6.60,6.64,6.74,6.85,6.98,7.13,7.28,7.36,7.39,7.37,7.32,7.26,7.22,7.20,7.18,7.15,7.12,7.09,7.02,6.87,6.53,6.18,5.89,5.67,5.57,5.42,5.33,5.30,5.30,5.35,5.33,5.31,5.32,5.35,5.33,5.31,5.30,5.26,5.21,5.16,5.10,5.04,5.10,5.21,5.29,5.07,3.51,3.28,3.25,3.17,2.98,2.96,2.96,2.96,2.96,2.97,2.97,3.00,3.05,3.07,3.00,2.89,2.75,2.59,2.48,2.29,2.09,1.90,1.60,1.25,1.06,1.03,1.03,1.01,1.01,1.01,1.01,1.02,1.03,1.03,1.09,1.57,3.28,4.92,6.33,7.42,7.51,7.70
24.07,23.80,23.46,23.33,23.24,23.10,22.94,22.80,22.63,22.41,22.17,21.96,22.02,22.07,22.08,22.04,21.97,21.95,22.32,22.72,22.70,22.67,22.64,22.65,22.73,22.88,23.04,23.21,23.36,23.49,23.40,23.34,23.26,23.12,23.12,23.08,23.00,22.88,22.66,22.64,22.59,22.41,22.00,21.46,20.73,19.93,19.16,18.43,17.94,17.56,17.26,16.98,16.76,16.59,16.41,16.17,15.95,15.84,15.71,15.53,15.37,15.20,15.05,14.95,14.89,14.77,14.56,14.29,13.95,13.29,13.00,12.77,12.54,12.39,12.18,12.01,11.87,11.75,11.60,11.44,11.29,11.16,11.04,10.89,10.75,10.64,10.55,10.42,10.31,10.21,10.11,9.99,9.92,9.88,9.84,9.76,9.61,9.50,9.41,9.34,9.24,9.17,9.10,9.02,8.97,8.93,8.89,8.84,8.78,8.76,8.73,8.69,8.62,8.57,8.50,8.44,8.38,8.29,8.27,8.21,8.16,8.12,8.05,7.98,7.95,7.94,7.86,7.84,7.81,7.88,8.23,8.34,8.45,8.56,8.65,8.76,8.77,8.79,8.84,8.81,8.81,8.81,8.81,8.81,8.81,8.82,8.83,8.85,8.90,8.88,8.77,8.62,8.49,8.15,7.83,7.52,7.18,6.85,6.70,6.62,6.59,6.66,6.74,6.80,6.81,6.74,6.68,6.62,6.61,6.67,6.81,6.94,7.08,7.21,7.29,7.38,7.40,7.39,7.36,7.29,7.23,7.19,7.17,7.11,7.07,7.02,6.98,6.93,6.84,6.69,6.44,6.08,5.68,5.44,5.33,5.28,5.19,5.26,5.24,5.21,5.21,5.25,5.26,5.28,5.32,5.28,5.25,5.20,5.15,5.10,5.09,5.09,5.08,5.03,4.75,5.05,5.09,4.83,3.00,2.96,2.96,2.95,2.95,3.05,3.08,3.09,3.10,3.11,2.89,2.74,2.63,2.48,2.33,2.16,2.00,1.85,1.60,1.31,1.11,1.02,1.00,0.99,0.99,1.00,1.02,1.03,1.02,1.02,1.04,1.14,1.54,1.93,2.46,3.35,4.70,6.82
24.17,23.93,23.62,23.45,23.35,23.20,22.99,22.79,22.58,22.40,22.19,21.93,21.97,22.02,22.04,22.01,21.94,21.90,22.25,22.64,22.63,22.60,22.53,22.50,22.54,22.65,22.81,22.97,23.13,23.30,23.28,23.18,23.01,22.80,22.79,22.75,22.62,22.39,22.12,22.00,21.86,21.56,20.99,20.30,19.66,19.07,18.52,18.01,17.71,17.51,17.34,17.12,16.91,16.76,16.60,16.35,16.14,16.00,15.84,15.64,15.43,15.32,15.28,15.27,15.22,15.11,14.91,14.63,14.24,13.52,13.24,13.00,12.75,12.57,12.31,12.12,11.97,11.85,11.70,11.54,11.38,11.22,11.09,10.95,10.81,10.70,10.59,10.49,10.39,10.27,10.15,9.99,9.92,9.86,9.81,9.71,9.55,9.42,9.31,9.19,9.08,9.01,8.95,8.89,8.85,8.81,8.77,8.74,8.68,8.64,8.59,8.54,8.48,8.45,8.41,8.37,8.31,8.25,8.21,8.16,8.11,8.11,8.06,8.02,8.01,8.03,7.93,7.92,7.79,7.86,8.61,8.66,8.70,8.73,8.78,8.82,8.81,8.82,8.85,8.83,8.83,8.83,8.83,8.83,8.83,8.84,8.84,8.86,8.91,8.92,8.92,8.88,8.81,8.53,8.04,7.56,7.20,6.83,6.65,6.60,6.64,6.71,6.80,6.84,6.83,6.74,6.69,6.67,6.69,6.76,6.90,7.03,7.16,7.26,7.30,7.36,7.36,7.34,7.34,7.30,7.25,7.20,7.16,7.09,7.04,6.97,6.93,6.94,6.94,6.85,6.58,6.14,5.75,5.50,5.39,5.33,5.22,5.25,5.20,5.13,5.11,5.15,5.17,5.20,5.25,5.23,5.23,5.21,5.19,5.14,5.11,5.07,5.03,5.01,5.13,5.14,5.06,4.97,3.87,3.85,3.39,2.95,2.96,3.03,3.08,3.11,3.12,3.00,2.73,2.56,2.45,2.34,2.21,2.06,1.90,1.74,1.55,1.33,1.14,1.02,0.99,1.00,0.99,0.99,1.01,1.02,1.02,1.01,1.00,1.01,1.01,1.02,1.14,1.82,3.65,6.49
24.26,24.07,23.80,23.60,23.46,23.29,23.07,22.78,22.55,22.39,22.19,21.91,21.93,21.99,22.01,21.98,21.91,21.86,22.15,22.51,22.56,22.52,22.42,22.34,22.33,22.41,22.59,22.76,22.91,23.04,23.09,22.95,22.72,22.48,22.36,22.31,22.10,21.73,21.44,21.17,20.89,20.47,19.79,19.00,18.61,18.39,18.19,17.96,17.81,17.68,17.54,17.32,17.10,16.95,16.79,16.55,16.37,16.17,15.99,15.79,15.44,15.40,15.49,15.59,15.55,15.44,15.25,14.98,14.56,13.73,13.47,13.24,12.97,12.77,12.45,12.23,12.08,11.96,11.82,11.66,11.50,11.36,11.24,11.11,10.98,10.84,10.69,10.58,10.46,10.34,10.18,10.00,9.91,9.80,9.69,9.59,9.43,9.31,9.19,9.05,8.97,8.90,8.86,8.85,8.81,8.77,8.73,8.70,8.66,8.59,8.53,8.47,8.41,8.37,8.35,8.29,8.22,8.23,8.18,8.11,8.08,8.12,8.11,8.11,8.14,8.16,8.06,8.04,7.75,7.75,8.95,8.90,8.82,8.77,8.80,8.87,8.86,8.86,8.87,8.85,8.86,8.86,8.85,8.85,8.85,8.85,8.85,8.87,8.91,8.95,8.97,8.98,8.99,8.92,8.26,7.59,7.25,6.79,6.64,6.63,6.70,6.78,6.86,6.88,6.84,6.77,6.70,6.75,6.81,6.88,7.01,7.13,7.22,7.28,7.33,7.31,7.28,7.27,7.29,7.30,7.27,7.22,7.15,7.08,7.03,6.93,6.87,6.92,6.92,6.79,6.46,5.98,5.80,5.60,5.47,5.42,5.35,5.28,5.18,5.08,5.02,5.06,5.08,5.10,5.13,5.14,5.17,5.20,5.22,5.18,5.16,5.12,5.07,5.01,4.99,4.95,5.01,5.14,5.19,5.21,4.07,3.00,3.01,2.95,3.00,3.08,3.10,2.80,2.53,2.35,2.25,2.17,2.09,1.96,1.79,1.59,1.47,1.31,1.15,1.01,0.99,1.02,1.00,0.98,1.00,1.01,1.01,1.00,0.98,1.01,1.02,1.03,1.04,1.03,1.03,1.02
24.29,24.14,23.89,23.66,23.50,23.36,23.16,22.82,22.63,22.43,22.18,21.88,21.87,21.90,21.95,21.97,21.87,21.80,22.01,22.32,22.44,22.37,22.25,22.15,22.11,22.17,22.31,22.47,22.60,22.69,22.74,22.65,22.45,22.18,21.96,21.79,21.54,21.20,20.79,20.46,20.16,19.83,19.39,18.96,18.70,18.54,18.40,18.18,17.98,17.79,17.61,17.44,17.23,17.13,17.01,16.76,16.53,16.32,16.12,15.89,15.52,15.51,15.64,15.77,15.79,15.70,15.50,15.20,14.77,13.97,13.65,13.39,13.12,12.91,12.58,12.36,12.22,12.11,11.95,11.81,11.67,11.53,11.39,11.26,11.12,10.97,10.80,10.67,10.53,10.38,10.22,10.06,9.95,9.84,9.72,9.61,9.46,9.31,9.17,9.04,8.95,8.87,8.82,8.78,8.74,8.70,8.68,8.65,8.59,8.54,8.48,8.42,8.36,8.34,8.30,8.26,8.23,8.27,8.28,8.29,8.30,8.31,8.33,8.30,8.27,8.24,8.17,8.13,7.65,7.09,7.12,8.52,8.88,8.83,8.82,8.88,8.84,8.84,8.88,8.87,8.88,8.87,8.87,8.87,8.87,8.87,8.87,8.89,8.92,8.98,9.00,8.99,8.97,8.72,8.12,7.47,6.97,6.65,6.62,6.70,6.79,6.86,6.90,6.89,6.84,6.76,6.74,6.80,6.90,7.00,7.10,7.20,7.27,7.31,7.32,7.33,7.29,7.23,7.19,7.20,7.18,7.14,7.10,7.05,7.00,6.94,6.89,6.90,6.87,6.60,6.28,5.99,5.81,5.72,5.64,5.57,5.53,5.42,5.32,5.23,5.17,5.10,5.03,5.01,5.04,5.06,5.10,5.12,5.14,5.15,5.15,5.14,5.12,5.08,5.05,5.02,5.02,5.04,5.06,5.04,5.05,5.05,4.88,3.35,2.85,2.75,2.68,2.38,2.21,2.10,2.03,1.95,1.87,1.78,1.66,1.52,1.35,1.16,1.05,1.02,1.02,1.01,1.00,1.00,1.01,1.02,1.02,1.00,0.99,0.99,1.01,1.02,1.02,1.02,1.02,1.02
24.32,24.18,23.96,23.73,23.56,23.42,23.23,22.90,22.68,22.45,22.20,21.91,21.80,21.83,21.89,21.92,21.83,21.75,21.87,22.12,22.35,22.26,22.12,21.97,21.88,21.93,22.01,22.12,22.22,22.26,22.32,22.29,22.13,21.85,21.61,21.36,21.09,20.78,20.35,20.04,19.76,19.50,19.25,19.02,18.81,18.64,18.48,18.27,18.04,17.84,17.66,17.53,17.38,17.28,17.16,16.93,16.68,16.49,16.28,16.03,15.69,15.66,15.80,15.96,15.99,15.88,15.69,15.38,14.93,14.18,13.82,13.55,13.30,13.09,12.74,12.52,12.37,12.25,12.09,11.96,11.84,11.71,11.55,11.42,11.27,11.10,10.91,10.83,10.71,10.56,10.40,10.24,10.13,10.01,9.89,9.75,9.59,9.42,9.24,9.07,8.95,8.86,8.80,8.75,8.70,8.67,8.64,8.60,8.54,8.48,8.44,8.41,8.37,8.35,8.31,8.30,8.35,8.41,8.48,8.51,8.51,8.47,8.49,8.43,8.36,8.32,8.26,8.20,7.71,6.85,5.85,8.26,8.94,8.89,8.87,8.93,8.84,8.82,8.89,8.89,8.90,8.89,8.89,8.89,8.89,8.89,8.89,8.90,8.93,9.00,9.04,9.02,8.96,8.53,7.95,7.32,6.75,6.58,6.65,6.76,6.86,6.92,6.93,6.89,6.82,6.76,6.79,6.87,6.97,7.09,7.16,7.25,7.31,7.33,7.33,7.35,7.30,7.23,7.16,7.16,7.11,7.07,7.04,7.02,6.98,6.93,6.90,6.88,6.78,6.47,6.19,6.02,5.86,5.83,5.77,5.70,5.66,5.54,5.45,5.38,5.32,5.21,5.12,5.06,5.03,5.00,5.02,5.04,5.06,5.09,5.12,5.13,5.13,5.13,5.10,5.08,5.05,5.01,5.00,4.95,4.98,5.00,4.86,3.72,3.27,2.83,2.27,1.92,1.87,1.84,1.80,1.73,1.66,1.58,1.50,1.39,1.23,1.06,0.99,1.01,1.03,1.02,1.01,1.01,1.02,1.02,1.01,1.01,1.00,0.99,1.01,1.02,1.01,1.01,1.01,1.02
24.34,24.21,23.99,23.80,23.64,23.48,23.29,23.03,22.69,22.45,22.25,22.01,21.75,21.76,21.82,21.85,21.81,21.72,21.73,21.91,22.29,22.21,22.02,21.80,21.63,21.69,21.67,21.71,21.76,21.73,21.82,21.84,21.73,21.48,21.32,21.07,20.78,20.49,20.21,20.00,19.78,19.58,19.45,19.19,18.95,18.69,18.42,18.18,17.97,17.81,17.69,17.59,17.54,17.39,17.22,17.08,16.83,16.67,16.48,16.23,15.97,15.86,15.98,16.15,16.14,15.97,15.80,15.51,15.02,14.36,13.98,13.70,13.49,13.34,12.93,12.69,12.54,12.39,12.25,12.13,12.01,11.88,11.73,11.58,11.42,11.23,11.04,11.08,11.02,10.91,10.77,10.59,10.48,10.37,10.24,10.05,9.85,9.66,9.43,9.14,8.98,8.88,8.82,8.77,8.71,8.66,8.60,8.54,8.50,8.42,8.43,8.45,8.44,8.41,8.37,8.46,8.61,8.68,8.78,8.79,8.72,8.61,8.58,8.49,8.41,8.37,8.31,8.26,7.98,7.13,5.29,8.16,8.99,8.95,8.94,9.01,8.86,8.82,8.91,8.92,8.92,8.91,8.91,8.91,8.91,8.91,8.91,8.91,8.94,9.04,9.09,9.07,8.94,8.36,7.75,7.13,6.59,6.62,6.73,6.84,6.93,6.95,6.93,6.86,6.79,6.77,6.85,6.94,7.03,7.12,7.19,7.26,7.32,7.35,7.36,7.36,7.32,7.26,7.20,7.17,7.09,7.02,6.98,6.97,6.96,6.92,6.88,6.86,6.64,6.42,6.22,6.06,5.97,5.93,5.87,5.80,5.73,5.65,5.57,5.51,5.47,5.42,5.38,5.28,5.12,4.95,4.94,4.95,4.98,5.01,5.04,5.08,5.11,5.13,5.12,5.12,5.10,5.05,5.01,4.96,4.92,4.87,4.79,4.57,4.55,3.57,1.93,1.42,1.51,1.58,1.57,1.52,1.44,1.37,1.29,1.21,1.12,1.03,0.99,0.99,1.02,1.03,1.01,1.01,1.03,1.01,1.01,1.00,1.01,1.01,1.02,1.02,1.01,1.00,1.02,1.02
24.35,24.23,24.04,23.83,23.70,23.52,23.29,23.06,22.74,22.46,22.24,22.06,21.73,21.70,21.75,21.79,21.77,21.69,21.67,21.83,22.25,22.13,21.90,21.61,21.34,21.47,21.42,21.36,21.31,21.23,21.27,21.23,21.16,21.11,21.03,20.74,20.45,20.21,19.95,19.88,19.80,19.66,19.49,19.23,18.94,18.66,18.43,18.24,18.04,17.91,17.83,17.74,17.65,17.51,17.36,17.22,17.01,16.89,16.71,16.46,16.16,16.04,16.06,16.12,16.12,15.95,15.74,15.38,14.84,14.37,14.05,13.83,13.65,13.45,13.12,12.88,12.71,12.56,12.43,12.31,12.19,12.05,11.91,11.77,11.60,11.46,11.40,11.42,11.35,11.21,11.01,10.75,10.60,10.42,10.22,9.98,9.77,9.57,9.38,9.15,9.00,8.89,8.82,8.77,8.72,8.67,8.61,8.55,8.51,8.50,8.50,8.50,8.52,8.57,8.62,8.69,8.77,8.80,8.84,8.85,8.79,8.66,8.60,8.54,8.48,8.42,8.36,8.32,8.21,7.75,6.54,6.37,7.78,9.01,9.00,9.04,8.96,8.90,8.91,8.93,8.94,8.93,8.93,8.93,8.93,8.93,8.93,8.93,8.94,9.08,9.17,9.10,8.74,8.07,7.41,6.88,6.58,6.71,6.82,6.92,6.98,6.94,6.89,6.81,6.75,6.78,6.90,7.02,7.12,7.19,7.24,7.28,7.33,7.37,7.38,7.36,7.33,7.28,7.23,7.18,7.10,7.04,7.01,6.97,6.94,6.91,6.87,6.80,6.60,6.42,6.25,6.12,6.07,6.04,5.95,5.84,5.74,5.67,5.62,5.59,5.57,5.54,5.51,5.44,5.31,5.11,5.00,4.94,4.91,4.92,4.96,5.00,5.04,5.07,5.08,5.10,5.10,5.09,5.05,5.01,4.96,4.89,4.83,4.76,4.69,4.18,3.52,4.53,3.95,3.63,1.32,1.30,1.23,1.18,1.15,1.14,1.06,1.03,1.01,1.01,1.02,1.02,1.01,1.01,1.01,1.01,1.01,1.01,1.01,1.01,1.01,1.01,1.01,1.01,1.00,1.02
24.33,24.23,24.08,23.87,23.74,23.54,23.29,23.08,22.78,22.45,22.21,22.09,21.72,21.65,21.68,21.72,21.72,21.65,21.61,21.76,22.20,22.05,21.78,21.42,21.09,21.22,21.14,21.02,20.91,20.82,20.81,20.74,20.71,20.81,20.78,20.48,20.18,19.93,19.67,19.69,19.72,19.66,19.48,19.22,18.85,18.57,18.46,18.31,18.14,18.03,17.98,17.90,17.76,17.65,17.52,17.36,17.18,17.06,16.91,16.67,16.30,16.17,16.09,16.02,16.01,15.84,15.58,15.19,14.68,14.37,14.13,13.95,13.79,13.54,13.30,13.08,12.90,12.75,12.63,12.50,12.37,12.24,12.10,11.96,11.80,11.71,11.77,11.72,11.60,11.40,11.13,10.83,10.63,10.40,10.16,9.88,9.66,9.46,9.30,9.14,9.00,8.89,8.82,8.77,8.73,8.70,8.64,8.57,8.54,8.61,8.61,8.60,8.64,8.72,8.83,8.88,8.87,8.86,8.85,8.86,8.83,8.69,8.63,8.59,8.54,8.47,8.42,8.39,8.40,8.30,7.85,5.46,7.07,9.06,9.04,9.00,9.02,8.99,8.94,8.98,8.98,8.97,8.97,8.96,8.96,8.96,8.95,8.95,8.95,9.11,9.18,9.01,8.44,7.71,7.07,6.67,6.63,6.80,6.92,6.99,7.01,6.91,6.85,6.77,6.74,6.82,6.96,7.10,7.20,7.25,7.28,7.30,7.35,7.40,7.39,7.36,7.33,7.30,7.26,7.20,7.13,7.09,7.06,6.99,6.94,6.92,6.88,6.76,6.59,6.43,6.29,6.19,6.17,6.14,6.02,5.85,5.74,5.68,5.66,5.65,5.65,5.64,5.62,5.58,5.50,5.31,5.13,5.00,4.92,4.88,4.90,4.92,4.95,4.99,5.02,5.05,5.08,5.10,5.08,5.05,5.01,4.95,4.89,4.83,4.78,4.74,4.72,4.71,4.08,3.92,1.70,1.69,1.18,1.04,1.06,1.09,1.03,1.02,1.02,1.02,1.02,1.02,1.02,1.01,0.99,1.01,1.02,1.02,1.01,1.01,1.01,1.01,1.01,1.01,1.00,1.01
24.27,24.17,24.09,23.89,23.74,23.53,23.30,23.15,22.77,22.35,22.09,22.07,21.71,21.63,21.63,21.65,21.65,21.59,21.53,21.65,22.10,21.97,21.68,21.30,20.93,20.86,20.76,20.69,20.67,20.67,20.67,20.67,20.69,20.72,20.63,20.47,20.12,19.64,19.42,19.33,19.36,19.43,19.39,19.16,18.64,18.37,18.51,18.35,18.24,18.17,18.11,18.04,17.94,17.82,17.67,17.47,17.26,17.13,17.01,16.81,16.34,16.15,16.00,15.85,15.72,15.51,15.27,14.99,14.71,14.45,14.23,14.05,13.88,13.67,13.46,13.27,13.11,12.96,12.82,12.70,12.58,12.45,12.33,12.19,12.03,11.93,12.00,11.86,11.62,11.31,10.99,10.73,10.57,10.37,10.17,9.90,9.67,9.47,9.29,9.11,8.98,8.89,8.83,8.79,8.74,8.76,8.68,8.59,8.63,8.73,8.82,8.86,8.85,8.83,8.84,8.86,8.86,8.86,8.84,8.87,8.85,8.73,8.66,8.63,8.57,8.50,8.47,8.46,8.48,8.48,8.36,8.08,8.60,9.09,9.03,8.82,8.95,9.04,9.05,9.11,9.09,9.07,9.06,9.04,9.03,9.02,9.00,8.97,8.97,9.08,9.00,8.63,7.91,7.23,6.77,6.61,6.74,6.89,6.99,7.03,7.00,6.89,6.82,6.78,6.81,6.95,7.08,7.18,7.26,7.29,7.31,7.35,7.40,7.43,7.41,7.38,7.36,7.32,7.28,7.26,7.21,7.17,7.11,7.00,6.97,6.94,6.89,6.80,6.64,6.46,6.33,6.30,6.30,6.24,6.05,5.81,5.75,5.72,5.71,5.72,5.71,5.70,5.69,5.66,5.61,5.54,5.39,5.23,5.09,5.02,4.94,4.88,4.87,4.91,4.94,4.96,4.99,5.01,5.02,5.06,5.05,5.00,4.94,4.88,4.84,4.80,4.75,4.75,4.59,4.61,4.73,4.71,1.64,1.04,1.06,1.07,1.03,1.01,1.01,1.01,1.02,1.02,1.03,1.03,1.01,1.02,1.02,1.03,1.02,1.03,1.01,1.00,0.99,1.01,1.01,1.01
24.27,24.18,24.09,23.92,23.76,23.54,23.27,23.06,22.69,22.33,22.12,22.06,21.69,21.58,21.57,21.60,21.60,21.56,21.48,21.51,21.79,21.59,21.34,21.06,20.78,20.67,20.58,20.57,20.62,20.67,20.66,20.66,20.66,20.63,20.52,20.40,20.09,19.64,19.31,19.13,19.10,19.15,19.17,19.12,18.71,18.46,18.56,18.42,18.34,18.26,18.18,18.09,17.99,17.88,17.68,17.39,17.23,17.07,16.92,16.74,16.37,16.16,15.97,15.78,15.60,15.39,15.17,14.95,14.75,14.53,14.33,14.14,13.97,13.80,13.61,13.45,13.29,13.14,13.01,12.89,12.77,12.65,12.54,12.39,12.24,12.12,12.07,11.90,11.65,11.35,11.05,10.78,10.61,10.41,10.21,9.94,9.67,9.44,9.25,9.08,8.96,8.90,8.86,8.82,8.80,8.83,8.81,8.76,8.77,8.84,8.90,8.93,8.93,8.87,8.85,8.85,8.86,8.86,8.83,8.86,8.87,8.77,8.70,8.65,8.60,8.54,8.53,8.54,8.57,8.60,8.57,8.85,8.94,8.94,8.92,8.90,9.04,9.11,9.11,9.12,9.11,9.09,9.06,9.02,9.01,9.00,8.99,8.97,8.99,9.04,8.81,8.31,7.62,7.01,6.71,6.69,6.85,6.98,7.05,7.05,6.98,6.88,6.81,6.81,6.89,7.05,7.18,7.27,7.32,7.34,7.36,7.42,7.45,7.44,7.41,7.40,7.38,7.35,7.32,7.29,7.28,7.24,7.18,7.15,7.12,7.02,6.90,6.83,6.68,6.51,6.41,6.40,6.38,6.17,5.96,5.82,5.78,5.76,5.76,5.77,5.77,5.76,5.75,5.71,5.64,5.61,5.51,5.37,5.23,5.15,5.05,4.96,4.93,4.93,4.89,4.89,4.90,4.93,4.96,5.00,5.02,5.00,4.96,4.92,4.88,4.83,4.78,4.78,4.77,4.76,4.73,4.71,2.96,2.47,2.12,1.43,1.07,1.01,1.01,1.01,1.02,1.01,1.02,1.03,1.01,1.02,1.02,1.03,1.03,1.02,1.02,1.01,1.00,1.01,1.01,1.01
24.31,24.22,24.09,23.94,23.78,23.53,23.22,22.88,22.58,22.35,22.19,22.07,21.68,21.52,21.50,21.56,21.57,21.55,21.46,21.37,21.40,21.09,20.92,20.79,20.66,20.59,20.53,20.56,20.66,20.75,20.71,20.68,20.63,20.53,20.42,20.29,20.08,19.76,19.27,19.04,18.91,18.86,18.89,19.09,18.90,18.67,18.59,18.52,18.42,18.31,18.19,18.07,17.97,17.86,17.62,17.21,17.15,16.95,16.75,16.58,16.39,16.19,15.98,15.78,15.59,15.38,15.19,15.00,14.81,14.62,14.43,14.24,14.07,13.91,13.75,13.61,13.46,13.29,13.19,13.08,12.96,12.84,12.73,12.60,12.45,12.28,12.08,11.91,11.70,11.46,11.21,10.89,10.70,10.49,10.27,9.99,9.67,9.40,9.20,9.05,8.94,8.91,8.90,8.88,8.89,8.91,8.97,9.00,8.93,8.94,8.92,8.92,8.93,8.87,8.84,8.85,8.87,8.85,8.83,8.85,8.87,8.82,8.73,8.66,8.62,8.59,8.58,8.60,8.66,8.70,8.62,8.67,8.70,8.72,8.79,9.10,9.19,9.18,9.13,9.08,9.08,9.06,9.02,8.94,8.94,8.94,8.94,8.96,9.01,8.96,8.59,8.01,7.44,6.92,6.77,6.83,6.96,7.06,7.11,7.06,6.95,6.86,6.80,6.86,6.98,7.13,7.26,7.35,7.39,7.41,7.42,7.49,7.49,7.43,7.39,7.41,7.40,7.38,7.37,7.31,7.34,7.32,7.27,7.36,7.33,7.13,6.91,6.85,6.72,6.58,6.50,6.49,6.43,6.02,5.84,5.86,5.82,5.80,5.81,5.83,5.82,5.82,5.81,5.73,5.63,5.61,5.55,5.45,5.35,5.26,5.19,5.10,5.04,4.99,4.87,4.83,4.82,4.84,4.89,4.92,4.96,4.98,4.97,4.94,4.90,4.86,4.82,4.80,4.78,4.76,4.74,4.70,4.61,4.50,3.67,2.15,1.24,1.10,1.06,1.03,1.03,1.01,1.02,1.03,1.02,1.01,1.02,1.02,1.02,1.01,1.02,1.02,1.01,1.00,1.01,1.01
24.32,24.30,24.18,23.94,23.74,23.45,23.09,22.71,22.53,22.29,22.09,21.98,21.75,21.57,21.49,21.50,21.52,21.49,21.40,21.34,21.37,21.14,20.98,20.86,20.75,20.71,20.69,20.70,20.72,20.72,20.70,20.62,20.53,20.44,20.31,20.15,19.94,19.70,19.39,19.06,18.86,18.75,18.65,18.94,18.75,18.54,18.53,18.47,18.17,17.97,17.88,17.75,17.76,17.61,17.38,17.17,17.07,16.92,16.75,16.57,16.42,16.25,16.08,15.90,15.72,15.52,15.32,15.12,14.92,14.74,14.55,14.37,14.20,14.02,13.88,13.75,13.60,13.44,13.35,13.26,13.15,13.04,12.94,12.79,12.63,12.45,12.27,12.09,11.85,11.59,11.33,10.96,10.82,10.65,10.43,10.02,9.63,9.31,9.08,8.99,8.94,8.93,8.94,8.94,8.98,9.01,9.03,9.01,8.96,8.93,8.91,8.91,8.91,8.87,8.84,8.85,8.87,8.83,8.82,8.84,8.87,8.87,8.77,8.69,8.64,8.64,8.64,8.65,8.68,8.69,8.66,8.86,8.97,8.98,8.92,8.95,9.04,9.11,9.13,9.11,9.06,9.04,9.04,9.02,8.94,8.87,8.83,8.82,8.75,8.63,8.21,7.60,7.11,6.89,6.87,6.95,7.04,7.10,7.10,7.04,6.94,6.83,6.85,6.94,7.06,7.22,7.31,7.37,7.41,7.45,7.49,7.52,7.51,7.47,7.42,7.41,7.40,7.40,7.38,7.35,7.37,7.35,7.33,7.39,7.38,7.23,7.00,6.77,6.69,6.59,6.54,6.52,6.50,6.21,6.00,5.91,5.87,5.84,5.86,5.89,5.89,5.88,5.84,5.73,5.60,5.58,5.53,5.48,5.42,5.36,5.26,5.13,5.05,5.04,4.96,4.90,4.83,4.77,4.78,4.82,4.87,4.90,4.91,4.91,4.89,4.86,4.84,4.85,4.79,4.74,4.71,4.67,4.60,4.51,4.16,3.61,3.90,3.33,2.98,1.01,1.06,1.03,1.01,1.01,1.01,1.01,1.01,1.03,1.03,1.02,1.02,1.02,1.02,1.00,1.02,1.01
24.34,24.34,24.20,23.91,23.68,23.37,22.99,22.57,22.37,22.16,21.98,21.86,21.75,21.58,21.47,21.44,21.47,21.43,21.36,21.30,21.32,21.24,21.14,21.01,20.88,20.79,20.76,20.74,20.71,20.67,20.65,20.54,20.41,20.32,20.18,20.01,19.81,19.61,19.41,19.02,18.78,18.63,18.48,18.68,18.52,18.36,18.36,18.28,17.98,17.78,17.70,17.57,17.59,17.46,17.28,17.18,17.07,16.97,16.82,16.63,16.50,16.35,16.19,16.02,15.84,15.65,15.44,15.24,15.03,14.87,14.66,14.48,14.31,14.13,14.01,13.88,13.74,13.60,13.50,13.43,13.34,13.23,13.13,12.97,12.80,12.62,12.44,12.26,12.02,11.77,11.53,11.26,11.17,10.98,10.60,9.80,9.45,9.19,9.01,8.95,8.95,8.94,8.95,8.97,9.02,9.06,9.06,9.02,8.98,8.93,8.90,8.89,8.89,8.86,8.83,8.84,8.86,8.81,8.82,8.83,8.85,8.88,8.78,8.48,7.93,7.48,8.54,8.68,8.74,8.81,8.80,8.99,9.09,9.10,8.99,8.85,8.90,9.01,9.10,9.11,9.05,9.03,9.03,9.04,8.96,8.88,8.77,8.65,8.51,8.35,7.90,7.32,6.93,6.89,6.95,7.03,7.10,7.12,7.08,7.01,6.92,6.82,6.90,7.01,7.13,7.27,7.33,7.37,7.42,7.49,7.53,7.53,7.51,7.48,7.43,7.40,7.40,7.40,7.39,7.37,7.38,7.37,7.37,7.42,7.41,7.24,6.96,6.68,6.63,6.58,6.54,6.52,6.50,6.33,6.16,6.03,5.94,5.89,5.92,5.95,5.95,5.93,5.85,5.73,5.59,5.56,5.52,5.49,5.45,5.40,5.29,5.17,5.10,5.09,5.05,4.97,4.87,4.77,4.73,4.76,4.79,4.81,4.82,4.86,4.86,4.85,4.84,4.85,4.79,4.74,4.69,4.64,4.59,4.51,4.43,4.33,4.10,3.61,3.56,1.98,1.89,1.24,1.01,1.01,1.01,1.00,1.01,1.02,1.03,1.01,1.02,1.03,1.02,1.00,1.02,1.01
24.37,24.35,24.16,23.84,23.60,23.30,22.92,22.46,22.07,21.94,21.86,21.71,21.69,21.54,21.42,21.38,21.42,21.40,21.32,21.25,21.24,21.41,21.40,21.26,21.05,20.83,20.74,20.67,20.62,20.58,20.57,20.43,20.27,20.16,20.04,19.86,19.67,19.50,19.32,18.91,18.66,18.52,18.39,18.29,18.21,18.14,18.05,17.93,17.84,17.76,17.67,17.53,17.48,17.41,17.34,17.25,17.17,17.08,16.96,16.78,16.63,16.48,16.32,16.14,15.96,15.77,15.56,15.35,15.16,15.01,14.77,14.56,14.40,14.23,14.13,14.01,13.88,13.77,13.64,13.58,13.51,13.41,13.27,13.11,12.96,12.79,12.60,12.40,12.22,12.02,11.82,11.85,11.79,11.50,10.79,9.29,9.11,9.04,8.99,8.93,8.95,8.93,8.92,8.94,8.99,9.05,9.06,9.03,9.01,8.94,8.89,8.87,8.87,8.86,8.83,8.82,8.82,8.81,8.81,8.81,8.82,8.82,8.74,8.02,6.40,4.96,8.26,8.67,8.85,9.06,9.07,9.05,9.05,9.04,8.99,8.82,8.77,8.86,9.02,9.06,9.06,9.03,9.00,9.00,9.00,8.97,8.77,8.43,8.30,8.11,7.69,7.19,6.91,6.94,7.00,7.08,7.16,7.12,7.05,6.96,6.89,6.84,6.95,7.07,7.18,7.26,7.32,7.36,7.42,7.51,7.53,7.52,7.49,7.45,7.42,7.39,7.39,7.39,7.38,7.36,7.36,7.37,7.40,7.44,7.40,7.12,6.78,6.59,6.55,6.51,6.49,6.47,6.44,6.39,6.33,6.22,6.04,5.97,5.98,6.01,6.00,5.96,5.85,5.71,5.58,5.56,5.52,5.49,5.44,5.36,5.28,5.23,5.18,5.13,5.13,5.05,4.94,4.85,4.76,4.74,4.71,4.69,4.72,4.78,4.81,4.81,4.81,4.81,4.79,4.73,4.67,4.63,4.56,4.51,4.45,4.37,4.26,4.20,4.29,4.32,3.83,1.67,1.01,1.02,1.03,0.99,1.00,1.01,1.02,0.99,1.03,1.04,1.01,0.99,1.01,1.01
24.39,24.31,24.03,23.70,23.47,23.18,22.80,22.40,21.99,21.79,21.69,21.62,21.58,21.48,21.37,21.31,21.36,21.34,21.27,21.18,21.11,21.27,21.33,21.22,20.97,20.78,20.71,20.63,20.52,20.44,20.33,20.17,20.02,19.91,19.72,19.51,19.38,19.28,19.05,18.77,18.58,18.46,18.35,18.26,18.19,18.12,18.05,17.96,17.90,17.84,17.75,17.65,17.57,17.50,17.43,17.33,17.24,17.16,17.04,16.89,16.74,16.62,16.45,16.25,16.09,15.84,15.62,15.40,15.19,15.02,14.80,14.62,14.48,14.34,14.23,14.13,14.02,13.92,13.81,13.75,13.67,13.57,13.43,13.26,13.09,12.92,12.78,12.62,12.44,12.29,12.21,12.37,12.40,12.22,11.69,10.57,9.57,9.07,8.91,8.89,8.92,8.90,8.89,8.91,8.95,9.02,9.05,9.05,9.05,8.97,8.90,8.86,8.85,8.84,8.82,8.81,8.81,8.80,8.11,7.83,7.74,7.55,7.23,6.58,5.78,5.54,8.32,8.76,8.94,9.10,9.07,8.99,8.97,8.96,8.92,8.82,8.71,8.73,8.86,8.97,9.01,9.01,8.99,8.99,8.98,8.98,8.83,8.50,8.27,7.93,7.50,7.12,6.93,7.00,7.07,7.13,7.18,7.12,7.03,6.94,6.87,6.88,7.00,7.11,7.19,7.24,7.31,7.36,7.42,7.50,7.52,7.50,7.47,7.43,7.40,7.40,7.40,7.41,7.41,7.41,7.40,7.39,7.39,7.44,7.27,6.94,6.62,6.50,6.48,6.45,6.43,6.39,6.30,6.32,6.32,6.26,6.19,6.17,6.14,6.11,6.06,5.98,5.81,5.66,5.58,5.58,5.52,5.48,5.45,5.39,5.33,5.29,5.25,5.21,5.20,5.05,4.91,4.83,4.82,4.81,4.77,4.72,4.68,4.73,4.77,4.78,4.78,4.77,4.74,4.70,4.66,4.63,4.56,4.52,4.47,4.40,4.32,4.27,4.26,4.21,3.97,4.19,4.37,4.14,3.49,1.24,1.01,1.02,1.02,1.00,1.01,1.02,1.02,1.02,1.02,1.01
24.41,24.30,23.96,23.61,23.36,23.05,22.68,22.32,21.93,21.66,21.54,21.54,21.48,21.42,21.34,21.26,21.30,21.29,21.22,21.11,21.00,21.10,21.17,21.08,20.83,20.69,20.63,20.52,20.37,20.23,20.07,19.90,19.76,19.66,19.42,19.22,19.12,19.06,18.83,18.67,18.54,18.44,18.36,18.29,18.22,18.16,18.11,18.04,18.00,17.93,17.85,17.79,17.69,17.61,17.53,17.42,17.33,17.22,17.11,16.98,16.83,16.72,16.54,16.33,16.17,15.89,15.66,15.44,15.22,15.03,14.84,14.69,14.57,14.45,14.35,14.26,14.17,14.09,13.99,13.92,13.83,13.72,13.58,13.41,13.23,13.08,12.99,12.85,12.66,12.55,12.58,12.78,12.84,12.77,12.47,11.87,10.48,9.65,9.38,9.53,9.00,8.86,8.86,8.89,8.92,8.99,9.04,9.07,9.10,9.00,8.90,8.84,8.82,8.79,8.62,8.51,8.50,8.48,7.44,7.01,6.87,6.56,6.25,5.94,6.00,6.69,8.45,8.85,9.02,9.09,9.02,8.91,8.88,8.87,8.84,8.80,8.67,8.62,8.69,8.85,8.93,8.97,8.98,8.98,8.95,8.98,8.84,8.50,8.16,7.70,7.31,7.05,6.97,7.06,7.13,7.17,7.19,7.11,7.02,6.92,6.87,6.93,7.05,7.14,7.19,7.23,7.30,7.35,7.40,7.47,7.50,7.49,7.45,7.41,7.38,7.41,7.42,7.42,7.43,7.44,7.41,7.39,7.37,7.32,7.05,6.74,6.50,6.43,6.35,6.04,5.85,5.90,5.91,6.12,6.25,6.29,6.31,6.32,6.27,6.20,6.15,6.06,5.84,5.66,5.58,5.59,5.51,5.46,5.44,5.41,5.38,5.35,5.32,5.29,5.27,5.06,4.89,4.81,4.86,4.86,4.82,4.75,4.66,4.70,4.74,4.76,4.77,4.74,4.70,4.66,4.64,4.61,4.57,4.53,4.49,4.43,4.35,4.27,4.19,4.13,4.09,4.22,4.29,4.10,3.60,1.94,1.41,1.19,1.01,1.00,0.99,1.00,1.02,1.04,1.03,1.02
24.43,24.34,24.03,23.64,23.32,22.96,22.57,22.20,21.82,21.56,21.44,21.45,21.42,21.38,21.32,21.23,21.24,21.24,21.18,21.07,20.98,20.96,20.89,20.76,20.61,20.53,20.40,20.24,20.06,19.90,19.80,19.67,19.54,19.40,19.26,19.15,19.04,18.91,18.81,18.69,18.58,18.50,18.45,18.38,18.31,18.25,18.21,18.13,18.11,18.05,17.97,17.91,17.82,17.74,17.66,17.57,17.45,17.31,17.16,17.02,16.87,16.69,16.51,16.31,16.13,15.89,15.67,15.47,15.28,15.08,14.92,14.78,14.67,14.58,14.52,14.43,14.34,14.27,14.16,14.08,14.00,13.88,13.71,13.56,13.41,13.30,13.27,13.06,12.86,12.78,12.84,12.94,12.86,12.79,12.73,12.59,12.26,11.58,11.31,11.90,9.40,8.83,8.84,8.86,8.89,8.96,9.04,9.10,9.11,9.02,8.91,8.83,8.80,8.67,7.91,7.47,7.42,7.36,7.08,6.97,6.90,6.74,7.17,7.69,8.02,8.18,8.63,8.95,9.06,9.01,8.93,8.83,8.79,8.78,8.75,8.72,8.65,8.57,8.54,8.70,8.81,8.89,8.93,8.93,8.92,8.94,8.73,8.23,7.79,7.31,7.05,7.00,7.04,7.12,7.19,7.21,7.17,7.08,6.99,6.94,6.94,7.01,7.08,7.14,7.20,7.25,7.29,7.33,7.37,7.42,7.46,7.46,7.44,7.41,7.36,7.41,7.42,7.41,7.38,7.39,7.36,7.35,7.28,6.93,6.68,6.53,6.46,6.41,6.09,4.74,3.96,4.35,4.93,5.58,6.08,6.34,6.35,6.29,6.28,6.29,6.31,6.34,6.08,5.79,5.58,5.55,5.51,5.45,5.41,5.39,5.40,5.40,5.38,5.35,5.33,5.14,4.96,4.83,4.81,4.85,4.82,4.74,4.66,4.70,4.72,4.75,4.77,4.71,4.67,4.62,4.58,4.55,4.54,4.53,4.50,4.45,4.37,4.30,4.23,4.17,4.10,4.07,4.02,3.97,3.96,4.23,3.23,2.53,1.00,1.01,1.00,1.00,1.01,1.02,1.02,1.02
24.42,24.37,24.22,23.87,23.44,23.00,22.55,22.06,21.69,21.49,21.43,21.44,21.41,21.37,21.31,21.22,21.19,21.20,21.14,21.04,20.94,20.85,20.73,20.58,20.43,20.34,20.22,20.07,19.91,19.79,19.69,19.58,19.46,19.35,19.26,19.18,19.07,18.94,18.87,18.77,18.68,18.61,18.57,18.50,18.43,18.37,18.33,18.26,18.22,18.16,18.08,18.00,17.91,17.80,17.70,17.61,17.48,17.33,17.16,17.00,16.85,16.68,16.50,16.31,16.11,15.90,15.69,15.49,15.30,15.15,15.01,14.90,14.81,14.78,14.70,14.60,14.51,14.45,14.36,14.26,14.16,14.04,13.86,13.72,13.62,13.61,13.78,13.18,12.91,12.84,12.86,12.90,12.84,12.80,12.78,12.79,12.78,12.43,12.29,12.71,10.95,10.54,10.08,9.22,8.89,8.93,9.02,9.10,9.13,9.04,8.92,8.78,8.62,8.41,7.61,7.14,7.08,7.02,6.98,6.95,6.99,7.17,7.90,8.41,8.65,8.68,8.85,9.02,9.02,8.91,8.84,8.74,8.71,8.69,8.66,8.63,8.59,8.51,8.45,8.55,8.68,8.78,8.85,8.89,8.81,8.71,8.41,7.90,7.43,7.08,6.97,7.03,7.11,7.18,7.23,7.22,7.14,7.05,6.97,6.96,7.01,7.07,7.12,7.17,7.21,7.24,7.29,7.33,7.36,7.38,7.42,7.43,7.42,7.39,7.35,7.39,7.43,7.43,7.38,7.30,7.15,7.03,6.91,6.63,6.48,6.43,6.43,6.42,6.17,4.34,3.15,3.52,4.18,5.00,5.67,6.12,6.30,6.30,6.30,6.33,6.37,6.42,6.28,6.01,5.71,5.55,5.46,5.41,5.39,5.36,5.37,5.38,5.39,5.38,5.38,5.29,5.13,4.93,4.80,4.84,4.82,4.73,4.61,4.66,4.69,4.72,4.73,4.66,4.61,4.56,4.51,4.47,4.47,4.46,4.45,4.43,4.38,4.34,4.28,4.22,4.15,4.07,3.99,3.95,3.99,4.09,3.51,3.29,2.30,2.39,1.52,1.07,1.00,1.02,1.01,1.02
24.39,24.40,24.43,24.17,23.63,23.10,22.58,21.93,21.57,21.45,21.45,21.46,21.42,21.38,21.30,21.21,21.16,21.16,21.11,21.01,20.90,20.77,20.63,20.46,20.28,20.17,20.10,19.98,19.84,19.78,19.68,19.57,19.47,19.40,19.34,19.26,19.16,19.06,18.96,18.88,18.80,18.74,18.69,18.64,18.57,18.51,18.46,18.39,18.32,18.25,18.18,18.08,17.97,17.83,17.70,17.60,17.48,17.32,17.14,16.97,16.82,16.67,16.50,16.31,16.11,15.91,15.71,15.51,15.32,15.23,15.12,15.03,14.98,15.01,14.90,14.78,14.68,14.63,14.56,14.46,14.33,14.19,14.02,13.90,13.85,13.99,14.46,13.31,12.91,12.82,12.78,12.80,12.81,12.79,12.75,12.76,12.74,12.75,12.78,12.79,12.81,12.81,11.78,9.88,9.14,9.01,9.02,9.09,9.14,9.06,8.94,8.72,8.38,8.15,7.60,7.24,7.15,7.08,7.00,6.95,7.11,7.66,8.47,8.64,8.64,8.73,9.06,9.07,8.95,8.81,8.76,8.66,8.62,8.60,8.57,8.55,8.52,8.45,8.38,8.40,8.55,8.66,8.74,8.82,8.63,8.36,8.00,7.55,7.10,6.94,6.97,7.08,7.18,7.24,7.26,7.22,7.12,7.04,6.96,6.98,7.07,7.12,7.16,7.21,7.24,7.23,7.30,7.34,7.35,7.36,7.38,7.40,7.40,7.38,7.34,7.37,7.43,7.45,7.38,7.16,6.85,6.60,6.46,6.40,6.38,6.38,6.40,6.44,6.38,4.42,3.00,3.14,3.65,4.46,5.20,5.79,6.22,6.32,6.33,6.34,6.39,6.42,6.44,6.25,5.87,5.57,5.41,5.37,5.37,5.33,5.33,5.34,5.36,5.40,5.43,5.46,5.32,5.06,4.81,4.84,4.81,4.71,4.54,4.60,4.67,4.70,4.67,4.59,4.53,4.48,4.44,4.40,4.39,4.37,4.37,4.37,4.39,4.37,4.33,4.26,4.20,4.14,4.06,3.98,3.90,3.87,3.87,3.90,3.99,4.17,2.31,1.34,1.16,1.09,1.03,1.02
24.39,24.37,24.41,24.25,23.72,23.17,22.63,22.00,21.58,21.45,21.46,21.46,21.42,21.36,21.28,21.21,21.17,21.17,21.10,21.01,20.92,20.79,20.65,20.48,20.29,20.20,20.15,20.06,19.95,19.91,19.82,19.73,19.64,19.56,19.48,19.39,19.29,19.19,19.11,19.04,18.98,18.92,18.84,18.76,18.66,18.58,18.52,18.44,18.35,18.27,18.18,18.04,17.92,17.80,17.69,17.59,17.46,17.32,17.16,17.00,16.81,16.66,16.50,16.32,16.13,15.95,15.79,15.64,15.49,15.42,15.28,15.19,15.17,15.20,15.06,14.97,14.90,14.83,14.76,14.63,14.49,14.36,14.20,14.15,14.13,14.50,15.72,14.06,13.18,12.87,12.91,12.87,12.82,12.79,12.77,12.73,12.73,12.74,12.75,12.75,12.77,12.78,12.46,11.84,11.60,10.10,9.25,9.06,9.09,9.10,9.06,8.79,8.32,8.42,8.52,8.39,7.98,7.39,7.12,7.02,7.17,7.66,8.34,8.58,8.68,8.79,9.06,9.00,8.85,8.72,8.67,8.57,8.53,8.51,8.48,8.45,8.43,8.39,8.33,8.26,8.40,8.54,8.62,8.58,8.16,7.87,7.61,7.31,7.00,6.96,7.03,7.15,7.24,7.28,7.25,7.18,7.10,7.03,6.98,7.00,7.09,7.14,7.19,7.24,7.26,7.26,7.31,7.34,7.36,7.37,7.37,7.39,7.40,7.40,7.39,7.39,7.42,7.41,7.27,6.86,6.61,6.44,6.33,6.33,6.35,6.37,6.38,6.41,6.39,5.27,4.30,4.06,4.20,4.63,5.14,5.67,6.12,6.27,6.30,6.31,6.38,6.40,6.32,6.16,5.92,5.66,5.50,5.44,5.42,5.38,5.36,5.32,5.35,5.48,5.48,5.52,5.37,5.07,4.81,4.81,4.75,4.64,4.52,4.63,4.70,4.69,4.62,4.53,4.44,4.39,4.39,4.43,4.40,4.35,4.30,4.29,4.30,4.29,4.28,4.25,4.23,4.18,4.12,4.05,3.98,3.91,3.85,3.81,3.80,3.90,3.97,4.05,3.68,2.35,1.23,1.03
24.38,24.34,24.36,24.21,23.72,23.19,22.66,22.07,21.62,21.47,21.45,21.45,21.41,21.33,21.25,21.19,21.17,21.15,21.10,21.02,20.94,20.81,20.68,20.53,20.37,20.30,20.25,20.17,20.08,20.03,19.95,19.87,19.79,19.71,19.62,19.53,19.43,19.33,19.24,19.16,19.09,19.02,18.93,18.83,18.72,18.62,18.56,18.46,18.37,18.27,18.16,18.02,17.90,17.78,17.68,17.57,17.44,17.31,17.17,17.03,16.85,16.71,16.56,16.40,16.21,16.05,15.96,15.88,15.79,15.68,15.53,15.41,15.37,15.38,15.25,15.17,15.10,15.02,14.94,14.79,14.65,14.53,14.38,14.38,14.54,15.13,16.47,15.15,14.39,14.06,13.90,12.87,12.82,12.78,12.75,12.71,12.72,12.74,12.74,12.74,12.76,12.78,12.80,12.81,12.82,11.32,10.22,9.69,9.51,9.41,9.15,8.92,8.88,8.98,9.12,8.93,8.40,7.71,7.38,7.26,7.34,7.61,8.24,8.55,8.72,8.85,9.00,8.93,8.78,8.64,8.57,8.48,8.45,8.42,8.39,8.36,8.34,8.31,8.27,8.17,8.26,8.41,8.45,8.27,7.85,7.59,7.38,7.17,6.99,7.01,7.10,7.20,7.28,7.29,7.23,7.14,7.07,7.02,7.03,7.08,7.14,7.17,7.22,7.25,7.27,7.29,7.32,7.34,7.35,7.37,7.38,7.38,7.39,7.41,7.40,7.40,7.42,7.32,7.00,6.62,6.44,6.34,6.29,6.30,6.33,6.36,6.38,6.39,6.39,5.92,5.41,5.09,4.94,5.06,5.35,5.75,6.13,6.28,6.31,6.32,6.36,6.42,6.36,6.24,6.06,5.82,5.71,5.63,5.55,5.45,5.40,5.33,5.36,5.50,5.51,5.54,5.37,5.06,4.82,4.78,4.69,4.59,4.53,4.67,4.71,4.67,4.58,4.51,4.45,4.42,4.43,4.48,4.43,4.35,4.28,4.23,4.21,4.21,4.21,4.20,4.19,4.17,4.13,4.08,4.03,3.96,3.88,3.80,3.74,3.76,3.85,3.90,3.64,2.78,2.14,1.68
24.37,24.30,24.28,24.07,23.63,23.16,22.68,22.13,21.70,21.50,21.44,21.43,21.39,21.29,21.21,21.16,21.13,21.13,21.10,21.04,20.97,20.84,20.72,20.61,20.50,20.45,20.38,20.30,20.22,20.15,20.06,19.98,19.91,19.84,19.74,19.66,19.57,19.48,19.36,19.25,19.15,19.05,18.96,18.84,18.73,18.64,18.56,18.46,18.37,18.25,18.13,18.02,17.89,17.77,17.66,17.53,17.40,17.29,17.18,17.06,16.94,16.80,16.68,16.54,16.35,16.22,16.22,16.24,16.21,16.01,15.86,15.70,15.56,15.55,15.46,15.39,15.31,15.20,15.12,14.96,14.80,14.68,14.56,14.58,15.08,15.89,16.69,16.57,16.53,16.38,15.76,12.82,12.80,12.76,12.71,12.71,12.72,12.74,12.75,12.76,12.77,12.80,12.81,12.80,12.81,12.68,11.96,10.99,10.39,9.98,9.21,9.12,10.08,9.85,9.40,8.88,8.39,8.06,7.79,7.68,7.62,7.52,8.17,8.54,8.77,8.89,8.89,8.87,8.74,8.56,8.45,8.39,8.36,8.34,8.30,8.27,8.25,8.22,8.19,8.15,8.14,8.26,8.25,7.87,7.68,7.51,7.32,7.14,7.08,7.11,7.17,7.24,7.29,7.25,7.19,7.12,7.03,7.03,7.12,7.19,7.23,7.23,7.24,7.25,7.28,7.34,7.33,7.33,7.35,7.38,7.40,7.38,7.38,7.40,7.39,7.40,7.41,7.16,6.57,6.45,6.34,6.31,6.32,6.32,6.33,6.35,6.38,6.39,6.39,6.37,6.32,6.21,5.88,5.76,5.83,6.03,6.24,6.35,6.38,6.37,6.34,6.48,6.54,6.47,6.29,6.06,6.06,5.95,5.75,5.55,5.43,5.39,5.40,5.45,5.53,5.51,5.31,5.03,4.84,4.75,4.63,4.55,4.58,4.70,4.69,4.62,4.55,4.52,4.57,4.57,4.55,4.57,4.47,4.39,4.30,4.19,4.14,4.13,4.12,4.10,4.10,4.09,4.08,4.07,4.06,4.03,3.96,3.89,3.83,3.75,3.68,3.60,3.56,3.63,3.89,3.11
24.31,24.22,24.17,23.94,23.46,22.98,22.53,22.08,21.71,21.49,21.38,21.36,21.29,21.25,21.19,21.12,21.11,21.13,21.12,21.07,21.01,20.90,20.80,20.69,20.60,20.55,20.48,20.40,20.33,20.26,20.18,20.08,19.97,19.88,19.78,19.68,19.57,19.47,19.37,19.26,19.16,19.08,19.01,18.88,18.76,18.64,18.53,18.45,18.36,18.25,18.12,18.01,17.90,17.82,17.73,17.60,17.51,17.47,17.41,17.31,17.17,17.08,17.01,16.86,16.51,16.40,16.47,16.59,16.65,16.51,16.23,15.99,15.84,15.76,15.67,15.59,15.50,15.38,15.27,15.11,14.96,14.85,14.83,14.99,15.61,16.37,16.72,16.72,16.74,16.70,16.43,15.12,14.50,13.55,12.71,12.72,12.74,12.75,12.76,12.78,12.79,12.81,12.82,12.83,12.83,12.80,12.50,12.07,11.81,11.35,10.55,10.16,10.50,10.38,10.05,9.18,8.14,7.92,7.79,7.73,7.69,7.66,7.92,8.34,8.67,8.81,8.77,8.80,8.70,8.49,8.32,8.30,8.27,8.24,8.22,8.19,8.16,8.13,8.10,8.07,8.04,8.06,8.01,7.74,7.58,7.41,7.24,7.09,7.10,7.15,7.21,7.26,7.29,7.23,7.18,7.10,7.00,7.04,7.14,7.23,7.27,7.25,7.26,7.27,7.31,7.37,7.34,7.34,7.35,7.37,7.38,7.39,7.41,7.41,7.37,7.42,7.17,6.79,6.46,6.41,6.37,6.35,6.36,6.36,6.35,6.35,6.35,6.36,6.38,6.40,6.40,6.38,6.22,6.15,6.12,6.14,6.30,6.37,6.40,6.40,6.40,6.50,6.52,6.48,6.41,6.38,6.26,6.13,5.97,5.73,5.62,5.59,5.57,5.52,5.51,5.42,5.23,5.00,4.91,4.75,4.63,4.58,4.64,4.69,4.65,4.58,4.53,4.65,4.94,4.84,4.58,4.56,4.58,4.52,4.42,4.28,4.22,4.14,4.06,4.01,4.00,4.00,4.00,4.01,4.01,3.98,3.95,3.92,3.89,3.82,3.73,3.65,3.60,3.63,3.67,3.32
24.23,24.11,24.04,23.77,23.29,22.80,22.37,22.01,21.69,21.46,21.34,21.29,21.23,21.24,21.20,21.11,21.10,21.13,21.13,21.09,21.04,20.96,20.86,20.77,20.68,20.63,20.55,20.48,20.41,20.35,20.26,20.14,20.01,19.89,19.81,19.69,19.56,19.45,19.38,19.25,19.16,19.10,19.02,18.89,18.77,18.66,18.54,18.45,18.37,18.26,18.15,18.06,17.98,17.94,17.90,17.81,17.73,17.71,17.67,17.59,17.44,17.38,17.32,17.15,16.73,16.57,16.68,16.87,16.99,16.89,16.53,16.24,16.08,15.97,15.88,15.79,15.69,15.57,15.43,15.28,15.14,15.06,15.10,15.44,16.09,16.68,16.72,16.74,16.76,16.79,16.82,16.87,15.47,13.87,12.71,12.73,12.75,12.77,12.78,12.79,12.80,12.82,12.84,12.85,12.85,12.81,12.79,12.79,12.81,12.42,11.82,11.23,10.84,10.89,10.78,9.72,8.19,7.80,7.77,7.75,7.74,7.78,7.75,8.10,8.42,8.55,8.53,8.69,8.63,8.41,8.20,8.20,8.18,8.15,8.13,8.10,8.07,8.04,8.01,7.99,7.94,7.90,7.81,7.64,7.48,7.32,7.17,7.05,7.12,7.19,7.25,7.29,7.29,7.22,7.15,7.07,7.00,7.08,7.19,7.28,7.31,7.28,7.28,7.30,7.33,7.39,7.35,7.35,7.36,7.36,7.36,7.40,7.42,7.40,7.28,7.30,6.90,6.49,6.39,6.39,6.39,6.40,6.40,6.39,6.38,6.35,6.33,6.34,6.37,6.36,6.36,6.40,6.41,6.40,6.32,6.24,6.34,6.38,6.40,6.42,6.45,6.52,6.54,6.52,6.51,6.60,6.40,6.27,6.16,5.93,5.84,5.81,5.74,5.60,5.48,5.34,5.16,4.99,4.91,4.72,4.63,4.63,4.69,4.68,4.62,4.56,4.57,4.83,5.16,4.97,4.59,4.56,4.66,4.61,4.50,4.37,4.29,4.17,4.06,3.99,3.94,3.93,3.93,3.94,3.94,3.92,3.92,3.92,3.92,3.86,3.79,3.72,3.66,3.59,3.51,3.49
24.11,23.98,23.88,23.51,23.14,22.68,22.21,21.90,21.60,21.44,21.34,21.26,21.27,21.31,21.28,21.17,21.11,21.12,21.13,21.12,21.07,20.99,20.89,20.80,20.73,20.65,20.60,20.52,20.44,20.37,20.26,20.13,20.01,19.90,19.82,19.70,19.58,19.48,19.39,19.26,19.16,19.06,18.96,18.86,18.77,18.70,18.61,18.52,18.43,18.32,18.24,18.22,18.24,18.23,18.24,18.30,18.18,18.05,17.96,17.88,17.75,17.66,17.53,17.34,17.07,16.71,16.78,16.99,17.10,16.94,16.65,16.40,16.24,16.18,16.10,16.01,15.90,15.77,15.63,15.48,15.36,15.31,15.32,15.95,16.43,16.68,16.72,16.75,16.78,16.81,16.84,16.89,14.48,12.95,12.71,12.74,12.77,12.78,12.79,12.81,12.82,12.84,12.85,12.86,12.86,12.84,12.79,12.76,12.76,12.66,12.63,12.15,11.17,11.38,11.59,10.69,8.98,7.82,7.79,7.80,7.81,7.83,7.78,7.83,7.87,7.90,8.07,8.47,8.53,8.33,8.11,8.12,8.10,8.06,8.03,8.01,7.98,7.95,7.92,7.90,7.87,7.81,7.71,7.54,7.37,7.23,7.12,7.07,7.18,7.23,7.28,7.33,7.29,7.20,7.10,7.04,7.05,7.20,7.30,7.35,7.35,7.32,7.32,7.33,7.36,7.38,7.36,7.36,7.37,7.38,7.38,7.39,7.39,7.31,7.03,6.85,6.60,6.40,6.35,6.38,6.40,6.42,6.43,6.40,6.39,6.37,6.36,6.36,6.35,6.27,6.25,6.34,6.38,6.40,6.38,6.34,6.36,6.38,6.38,6.41,6.50,6.56,6.66,6.69,6.63,6.57,6.41,6.34,6.28,6.13,6.08,6.02,5.90,5.71,5.43,5.25,5.12,4.98,4.77,4.65,4.65,4.71,4.76,4.69,4.60,4.59,4.72,5.10,4.98,4.76,4.60,4.61,4.65,4.59,4.49,4.41,4.33,4.25,4.19,4.11,3.98,3.91,3.87,3.86,3.85,3.85,3.85,3.85,3.86,3.85,3.83,3.79,3.73,3.65,3.59,3.53
24.05,23.82,23.61,23.28,22.97,22.59,22.22,21.96,21.65,21.47,21.36,21.27,21.25,21.29,21.27,21.19,21.10,21.12,21.13,21.12,21.08,21.00,20.91,20.82,20.75,20.65,20.60,20.54,20.45,20.37,20.25,20.13,20.01,19.89,19.81,19.69,19.58,19.49,19.40,19.28,19.18,19.10,19.02,18.93,18.86,18.79,18.73,18.76,18.69,18.56,18.43,18.40,18.46,18.48,18.49,18.50,18.33,18.20,18.11,18.04,17.91,17.84,17.71,17.46,17.06,16.80,16.96,17.18,17.20,16.99,16.74,16.56,16.45,16.39,16.32,16.22,16.10,15.97,15.82,15.67,15.57,15.59,15.74,16.29,16.61,16.70,16.73,16.76,16.79,16.81,16.84,16.93,14.22,12.70,12.71,12.73,12.77,12.79,12.81,12.82,12.84,12.85,12.87,12.88,12.88,12.86,12.81,12.75,12.72,12.71,12.76,12.42,11.60,11.78,12.05,11.67,10.73,10.00,8.90,8.15,7.81,7.86,7.82,7.79,7.73,7.68,7.83,8.07,8.16,8.11,8.03,8.02,8.00,7.97,7.94,7.92,7.90,7.88,7.85,7.83,7.79,7.72,7.61,7.44,7.30,7.19,7.13,7.13,7.22,7.29,7.32,7.31,7.25,7.16,7.09,7.07,7.13,7.27,7.35,7.39,7.40,7.42,7.42,7.43,7.44,7.42,7.39,7.38,7.38,7.39,7.39,7.40,7.39,7.28,6.99,6.66,6.44,6.34,6.33,6.37,6.39,6.41,6.42,6.41,6.40,6.40,6.40,6.38,6.37,6.24,6.16,6.19,6.17,6.30,6.35,6.35,6.40,6.38,6.40,6.45,6.52,6.59,6.69,6.75,6.74,6.70,6.60,6.51,6.42,6.28,6.27,6.20,6.06,5.82,5.47,5.28,5.13,4.96,4.72,4.66,4.69,4.74,4.75,4.66,4.61,4.67,4.83,5.02,4.85,4.66,4.56,4.63,4.63,4.58,4.50,4.42,4.32,4.26,4.22,4.18,4.07,4.01,3.94,3.85,3.77,3.77,3.78,3.78,3.79,3.80,3.80,3.79,3.76,3.71,3.66,3.58
24.02,23.69,23.36,23.10,22.82,22.55,22.29,22.07,21.76,21.54,21.39,21.30,21.22,21.24,21.25,21.20,21.10,21.12,21.13,21.12,21.08,21.00,20.92,20.84,20.75,20.65,20.60,20.54,20.45,20.37,20.25,20.14,20.03,19.88,19.80,19.69,19.60,19.53,19.44,19.35,19.26,19.19,19.16,19.04,18.97,18.92,18.88,19.04,19.00,18.84,18.66,18.58,18.65,18.69,18.67,18.57,18.37,18.29,18.22,18.15,18.02,17.98,17.86,17.54,16.96,16.88,17.17,17.39,17.28,17.03,16.84,16.73,16.67,16.60,16.53,16.42,16.29,16.16,16.01,15.85,15.79,15.88,16.21,16.55,16.70,16.72,16.74,16.77,16.79,16.82,16.82,16.64,14.11,12.70,12.71,12.71,12.76,12.80,12.82,12.84,12.85,12.86,12.88,12.90,12.90,12.87,12.82,12.76,12.69,12.68,12.66,12.45,12.04,12.13,12.36,12.52,12.59,12.64,10.44,8.69,7.80,7.89,7.86,7.83,7.74,7.64,7.69,7.66,7.72,7.85,7.93,7.90,7.89,7.87,7.85,7.84,7.83,7.82,7.79,7.77,7.73,7.64,7.51,7.36,7.24,7.17,7.16,7.19,7.27,7.37,7.36,7.27,7.19,7.13,7.09,7.12,7.22,7.30,7.37,7.41,7.44,7.52,7.54,7.54,7.52,7.47,7.42,7.39,7.39,7.40,7.41,7.42,7.39,7.27,7.00,6.57,6.35,6.30,6.33,6.37,6.38,6.38,6.39,6.41,6.41,6.42,6.43,6.40,6.40,6.25,6.12,6.06,5.95,6.18,6.30,6.33,6.43,6.38,6.42,6.50,6.54,6.61,6.69,6.76,6.82,6.86,6.82,6.71,6.55,6.41,6.43,6.37,6.21,5.94,5.53,5.33,5.14,4.93,4.72,4.70,4.73,4.75,4.71,4.62,4.63,4.76,4.92,4.84,4.74,4.60,4.52,4.64,4.61,4.57,4.51,4.41,4.31,4.25,4.23,4.22,4.19,4.15,4.04,3.89,3.74,3.72,3.72,3.72,3.72,3.74,3.75,3.76,3.77,3.75,3.72,3.65
24.07,23.77,23.47,23.20,22.92,22.66,22.39,22.14,21.87,21.64,21.46,21.33,21.23,21.27,21.31,21.27,21.10,21.10,21.11,21.10,21.08,21.03,20.93,20.84,20.76,20.68,20.61,20.53,20.42,20.31,20.27,20.19,20.09,20.00,19.93,19.82,19.78,19.79,19.69,19.65,19.60,19.54,19.51,19.17,19.08,19.06,19.04,19.18,19.14,18.97,18.77,18.75,18.75,18.74,18.70,18.61,18.46,18.39,18.34,18.27,18.15,18.10,17.89,17.56,17.16,17.17,17.37,17.48,17.33,17.13,16.99,16.92,16.88,16.81,16.71,16.59,16.46,16.30,16.16,16.08,16.09,16.23,16.52,16.65,16.71,16.73,16.76,16.78,16.80,16.85,16.65,13.96,13.16,12.71,12.72,12.72,12.73,12.76,12.80,12.85,12.87,12.88,12.90,12.92,12.92,12.87,12.80,12.72,12.68,12.65,12.68,12.63,12.44,12.42,12.49,12.57,12.61,12.65,11.96,9.76,7.83,7.87,7.86,7.83,7.79,7.74,7.73,7.66,7.67,7.71,7.72,7.64,7.74,7.84,7.81,7.79,7.79,7.77,7.73,7.73,7.70,7.59,7.44,7.29,7.23,7.18,7.19,7.25,7.31,7.38,7.35,7.26,7.18,7.11,7.11,7.17,7.28,7.31,7.36,7.41,7.46,7.53,7.58,7.55,7.49,7.46,7.44,7.42,7.39,7.38,7.39,7.41,7.39,7.22,6.73,6.48,6.35,6.31,6.33,6.38,6.37,6.37,6.38,6.38,6.37,6.39,6.42,6.42,6.43,6.33,6.24,6.19,6.10,6.17,6.25,6.33,6.42,6.41,6.47,6.52,6.52,6.59,6.65,6.71,6.77,6.82,6.80,6.72,6.60,6.47,6.46,6.45,6.33,6.04,5.51,5.32,5.07,4.81,4.70,4.72,4.75,4.75,4.68,4.58,4.66,4.85,5.05,4.97,4.75,4.56,4.49,4.61,4.57,4.54,4.51,4.46,4.34,4.32,4.31,4.28,4.22,4.24,4.18,4.07,3.93,3.87,3.76,3.66,3.62,3.65,3.66,3.68,3.69,3.70,3.68,3.66
24.12,23.85,23.57,23.28,23.01,22.74,22.47,22.18,21.94,21.69,21.49,21.35,21.25,21.28,21.32,21.29,21.12,21.09,21.08,21.08,21.08,21.04,20.94,20.84,20.77,20.71,20.64,20.56,20.46,20.35,20.44,20.41,20.30,20.18,20.20,20.11,20.07,20.09,20.02,19.97,19.91,19.84,19.76,19.31,19.19,19.18,19.19,19.37,19.29,19.09,18.89,18.85,18.82,18.80,18.76,18.66,18.55,18.47,18.42,18.36,18.25,18.17,17.90,17.55,17.30,17.56,17.71,17.67,17.45,17.26,17.17,17.12,17.08,17.02,16.90,16.78,16.63,16.47,16.35,16.29,16.35,16.53,16.70,16.71,16.72,16.75,16.77,16.79,16.82,16.42,15.28,12.71,12.72,12.72,12.73,12.72,12.72,12.74,12.77,12.82,12.86,12.89,12.91,12.93,12.93,12.84,12.77,12.71,12.66,12.64,12.66,12.66,12.59,12.55,12.55,12.58,12.62,12.62,11.93,9.76,7.84,7.86,7.85,7.83,7.81,7.78,7.76,7.69,7.67,7.66,7.62,7.55,7.65,7.72,7.68,7.72,7.74,7.72,7.69,7.71,7.68,7.53,7.35,7.22,7.21,7.21,7.24,7.31,7.39,7.38,7.32,7.23,7.15,7.13,7.16,7.22,7.30,7.30,7.33,7.38,7.44,7.52,7.58,7.54,7.48,7.46,7.45,7.42,7.40,7.37,7.39,7.41,7.37,7.14,6.55,6.41,6.34,6.33,6.33,6.38,6.37,6.37,6.38,6.35,6.36,6.38,6.41,6.43,6.44,6.38,6.34,6.32,6.25,6.24,6.29,6.37,6.41,6.45,6.49,6.50,6.49,6.55,6.60,6.66,6.71,6.77,6.76,6.71,6.63,6.51,6.48,6.41,6.23,5.90,5.49,5.22,4.96,4.73,4.71,4.75,4.76,4.73,4.65,4.61,4.76,4.96,5.09,4.97,4.71,4.50,4.42,4.48,4.50,4.50,4.49,4.44,4.34,4.37,4.38,4.34,4.32,4.32,4.28,4.20,4.11,4.03,3.87,3.74,3.67,3.67,3.61,3.60,3.61,3.62,3.63,3.63
24.18,23.92,23.65,23.34,23.07,22.80,22.51,22.21,21.98,21.71,21.49,21.36,21.28,21.28,21.29,21.26,21.13,21.08,21.06,21.06,21.07,21.03,20.95,20.86,20.79,20.76,20.68,20.61,20.55,20.48,20.75,20.79,20.63,20.40,20.59,20.54,20.46,20.44,20.44,20.29,20.19,20.10,19.94,19.46,19.30,19.30,19.35,19.59,19.44,19.21,19.00,18.89,18.87,18.87,18.84,18.73,18.63,18.54,18.48,18.43,18.33,18.21,17.89,17.52,17.40,18.05,18.16,17.96,17.63,17.42,17.37,17.33,17.27,17.22,17.10,16.97,16.82,16.67,16.55,16.48,16.58,16.78,16.74,16.73,16.74,16.76,16.78,16.79,16.86,15.60,12.85,12.72,12.74,12.74,12.74,12.73,12.73,12.73,12.73,12.75,12.84,12.90,12.93,12.94,12.93,12.80,12.73,12.70,12.64,12.63,12.60,12.56,12.53,12.54,12.55,12.57,12.60,12.57,10.55,8.82,7.85,7.87,7.85,7.81,7.78,7.76,7.78,7.75,7.72,7.69,7.63,7.61,7.58,7.52,7.45,7.61,7.66,7.68,7.69,7.70,7.65,7.46,7.25,7.15,7.19,7.24,7.30,7.37,7.49,7.37,7.26,7.19,7.12,7.19,7.25,7.28,7.28,7.27,7.29,7.32,7.38,7.50,7.54,7.52,7.47,7.45,7.43,7.42,7.40,7.38,7.42,7.42,7.32,7.05,6.47,6.37,6.35,6.34,6.33,6.38,6.38,6.39,6.39,6.33,6.38,6.39,6.39,6.43,6.42,6.41,6.42,6.45,6.41,6.39,6.41,6.43,6.41,6.48,6.49,6.46,6.44,6.49,6.55,6.60,6.66,6.72,6.72,6.68,6.62,6.53,6.50,6.28,5.93,5.57,5.45,5.07,4.79,4.69,4.75,4.80,4.75,4.67,4.62,4.69,4.94,5.10,5.07,4.87,4.63,4.44,4.30,4.27,4.40,4.45,4.43,4.37,4.32,4.41,4.43,4.41,4.46,4.41,4.35,4.30,4.29,4.22,4.05,3.92,3.84,3.76,3.59,3.52,3.53,3.54,3.57,3.57
24.23,23.96,23.68,23.39,23.10,22.81,22.51,22.22,21.95,21.69,21.47,21.34,21.33,21.33,21.33,21.30,21.18,21.10,21.07,21.06,21.06,21.00,20.94,20.87,20.80,20.78,20.72,20.79,20.92,20.92,20.98,20.92,20.79,20.67,20.69,20.63,20.55,20.49,20.44,20.33,20.24,20.15,19.99,19.54,19.39,19.40,19.45,19.50,19.40,19.23,19.07,18.96,18.91,18.87,18.81,18.70,18.64,18.60,18.53,18.43,18.36,18.15,17.89,17.71,17.78,18.24,18.17,17.93,17.73,17.59,17.56,17.53,17.48,17.46,17.28,17.12,16.98,16.83,16.73,16.67,16.70,16.79,16.76,16.75,16.76,16.79,16.82,16.84,16.93,15.61,12.71,12.73,12.75,12.76,12.77,12.78,12.75,12.73,12.73,12.74,12.77,12.84,12.90,12.93,12.85,12.75,12.70,12.67,12.63,12.62,12.59,12.55,12.52,12.53,12.56,12.56,12.53,12.52,9.73,8.28,7.88,7.87,7.83,7.80,7.76,7.73,7.74,7.74,7.74,7.72,7.68,7.64,7.60,7.55,7.51,7.58,7.62,7.67,7.71,7.67,7.56,7.39,7.22,7.14,7.22,7.27,7.34,7.42,7.43,7.33,7.24,7.18,7.17,7.22,7.29,7.32,7.30,7.27,7.30,7.33,7.39,7.53,7.53,7.50,7.46,7.44,7.42,7.42,7.42,7.42,7.44,7.43,7.24,6.88,6.46,6.36,6.36,6.39,6.40,6.37,6.37,6.38,6.38,6.35,6.39,6.40,6.39,6.39,6.39,6.40,6.40,6.40,6.40,6.38,6.39,6.41,6.43,6.50,6.50,6.49,6.47,6.46,6.50,6.55,6.60,6.66,6.67,6.65,6.60,6.52,6.41,6.12,5.75,5.40,5.20,4.92,4.76,4.73,4.82,4.79,4.73,4.67,4.66,4.73,5.01,5.09,4.86,4.57,4.44,4.36,4.31,4.27,4.29,4.30,4.30,4.29,4.34,4.40,4.42,4.42,4.46,4.45,4.39,4.33,4.31,4.29,4.17,4.08,4.03,3.94,3.76,3.64,3.59,3.55,3.50,3.48
24.28,24.01,23.73,23.44,23.16,22.88,22.61,22.33,22.05,21.77,21.53,21.35,21.38,21.38,21.39,21.38,21.26,21.13,21.06,21.04,21.03,20.98,20.93,20.87,20.80,20.79,20.79,20.97,21.21,21.22,21.12,20.99,20.89,20.84,20.71,20.65,20.58,20.49,20.41,20.35,20.26,20.14,19.98,19.61,19.49,19.48,19.50,19.41,19.33,19.23,19.10,18.99,18.90,18.83,18.76,18.66,18.60,18.62,18.56,18.41,18.33,18.09,17.90,17.89,18.16,18.42,18.21,17.94,17.84,17.77,17.74,17.72,17.68,17.63,17.44,17.28,17.15,17.02,16.90,16.81,16.77,16.77,16.75,16.76,16.78,16.81,16.84,16.89,16.47,15.02,12.75,12.78,12.77,12.77,12.79,12.81,12.78,12.76,12.75,12.74,12.73,12.78,12.85,12.88,12.78,12.71,12.67,12.64,12.63,12.60,12.57,12.54,12.52,12.53,12.56,12.53,12.30,11.65,9.00,7.98,7.93,7.86,7.83,7.79,7.75,7.71,7.72,7.71,7.72,7.73,7.71,7.67,7.64,7.60,7.55,7.57,7.60,7.66,7.71,7.59,7.46,7.31,7.20,7.15,7.25,7.30,7.37,7.45,7.37,7.30,7.22,7.18,7.21,7.25,7.33,7.37,7.33,7.29,7.31,7.34,7.40,7.53,7.52,7.49,7.46,7.44,7.41,7.42,7.44,7.45,7.43,7.42,7.15,6.74,6.45,6.35,6.37,6.42,6.43,6.37,6.38,6.39,6.38,6.36,6.39,6.41,6.40,6.37,6.39,6.40,6.39,6.35,6.38,6.37,6.38,6.41,6.46,6.51,6.52,6.51,6.49,6.46,6.46,6.50,6.55,6.61,6.63,6.62,6.57,6.50,6.29,5.96,5.59,5.26,5.00,4.82,4.75,4.78,4.86,4.77,4.70,4.68,4.71,4.76,4.96,4.95,4.66,4.35,4.29,4.28,4.28,4.26,4.20,4.18,4.19,4.22,4.30,4.33,4.37,4.41,4.44,4.45,4.41,4.35,4.32,4.32,4.25,4.20,4.18,4.10,3.94,3.81,3.70,3.60,3.48,3.42
24.33,24.08,23.80,23.50,23.30,23.10,22.87,22.60,22.38,22.07,21.74,21.44,21.42,21.45,21.48,21.50,21.39,21.13,21.01,20.98,20.97,20.96,20.91,20.84,20.79,20.80,20.94,21.17,21.35,21.23,21.11,20.99,20.90,20.84,20.65,20.59,20.53,20.44,20.41,20.36,20.23,20.05,19.87,19.69,19.60,19.54,19.47,19.37,19.27,19.17,19.07,18.91,18.78,18.73,18.69,18.60,18.51,18.59,18.56,18.37,18.16,18.03,17.94,18.05,18.50,18.58,18.35,18.09,17.97,17.95,17.91,17.89,17.86,17.69,17.56,17.44,17.35,17.27,17.02,16.85,16.76,16.74,16.73,16.76,16.80,16.82,16.82,16.93,15.00,13.21,12.81,12.88,12.81,12.78,12.80,12.82,12.83,12.83,12.81,12.75,12.75,12.75,12.76,12.75,12.74,12.70,12.64,12.60,12.65,12.58,12.52,12.50,12.53,12.54,12.56,12.48,11.77,9.26,8.35,8.07,8.02,7.83,7.83,7.78,7.74,7.72,7.71,7.65,7.65,7.68,7.69,7.71,7.69,7.64,7.56,7.58,7.64,7.68,7.65,7.40,7.32,7.22,7.16,7.19,7.27,7.33,7.39,7.41,7.34,7.27,7.20,7.17,7.21,7.31,7.38,7.41,7.40,7.33,7.32,7.35,7.40,7.47,7.47,7.48,7.48,7.43,7.39,7.41,7.45,7.45,7.38,7.35,7.08,6.66,6.41,6.34,6.35,6.39,6.41,6.40,6.41,6.42,6.41,6.37,6.39,6.40,6.40,6.38,6.41,6.40,6.37,6.33,6.32,6.38,6.42,6.45,6.50,6.52,6.52,6.52,6.51,6.49,6.47,6.47,6.50,6.55,6.60,6.58,6.53,6.47,6.16,5.79,5.45,5.17,4.90,4.79,4.77,4.81,4.85,4.74,4.68,4.70,4.78,4.79,4.70,4.59,4.48,4.30,4.24,4.20,4.19,4.19,4.13,4.12,4.14,4.16,4.14,4.14,4.23,4.37,4.38,4.39,4.39,4.37,4.33,4.28,4.26,4.24,4.24,4.25,4.13,4.02,3.89,3.70,3.57,3.44
24.38,24.16,23.93,23.73,23.61,23.46,23.23,22.90,22.61,22.26,21.90,21.60,21.47,21.47,21.49,21.48,21.43,21.19,21.02,20.94,20.94,20.94,20.90,20.83,20.78,20.79,21.08,21.33,21.41,21.22,21.06,20.95,20.86,20.77,20.66,20.55,20.45,20.35,20.31,20.27,20.17,20.00,19.78,19.72,19.61,19.46,19.30,19.21,19.05,18.92,18.83,18.72,18.60,18.55,18.51,18.45,18.40,18.43,18.38,18.24,18.12,18.02,18.09,18.33,18.70,18.55,18.31,18.14,18.08,18.08,18.05,18.04,17.99,17.80,17.68,17.59,17.54,17.48,16.96,16.78,16.73,16.72,16.73,16.77,16.81,16.83,16.85,16.09,14.15,12.79,12.86,12.95,12.92,12.90,12.88,12.83,12.85,12.86,12.85,12.83,12.80,12.77,12.70,12.63,12.70,12.68,12.64,12.63,12.65,12.57,12.52,12.51,12.54,12.56,12.46,12.03,10.93,8.50,8.19,8.05,7.92,7.80,7.82,7.79,7.75,7.74,7.73,7.66,7.65,7.67,7.66,7.68,7.66,7.61,7.55,7.59,7.63,7.62,7.55,7.38,7.28,7.19,7.16,7.25,7.30,7.37,7.40,7.37,7.30,7.22,7.17,7.17,7.25,7.37,7.42,7.42,7.40,7.35,7.35,7.37,7.41,7.44,7.44,7.45,7.44,7.41,7.39,7.41,7.43,7.43,7.38,7.34,7.04,6.62,6.40,6.33,6.32,6.35,6.37,6.40,6.42,6.42,6.41,6.39,6.41,6.38,6.36,6.37,6.41,6.40,6.36,6.33,6.36,6.40,6.45,6.50,6.51,6.52,6.53,6.53,6.51,6.50,6.48,6.47,6.48,6.50,6.55,6.54,6.47,6.33,5.99,5.67,5.34,5.01,4.82,4.78,4.81,4.86,4.82,4.73,4.72,4.77,4.83,4.70,4.55,4.59,4.76,4.75,4.72,4.68,4.67,4.71,4.67,4.58,4.37,4.08,4.07,4.09,4.16,4.24,4.27,4.29,4.33,4.35,4.33,4.30,4.29,4.29,4.29,4.30,4.23,4.15,4.04,3.87,3.77,3.62
24.44,24.25,24.08,24.00,23.95,23.85,23.64,23.23,22.82,22.43,22.07,21.76,21.50,21.47,21.47,21.44,21.44,21.24,21.04,20.91,20.91,20.92,20.89,20.83,20.77,20.77,21.17,21.39,21.35,21.14,20.97,20.87,20.78,20.66,20.65,20.51,20.37,20.25,20.19,20.16,20.10,19.96,19.74,19.74,19.59,19.35,19.11,19.05,18.82,18.67,18.61,18.57,18.47,18.42,18.38,18.34,18.34,18.29,18.21,18.12,18.12,18.06,18.28,18.62,18.79,18.45,18.25,18.16,18.17,18.18,18.18,18.16,18.10,17.93,17.79,17.74,17.68,17.48,16.82,16.69,16.70,16.71,16.74,16.78,16.82,16.86,16.89,14.99,13.53,12.83,12.91,13.00,13.04,13.05,12.99,12.88,12.87,12.87,12.89,12.91,12.85,12.81,12.69,12.54,12.68,12.67,12.66,12.66,12.65,12.57,12.54,12.53,12.55,12.56,12.32,11.43,9.94,8.29,8.17,7.98,7.79,7.78,7.80,7.80,7.78,7.76,7.74,7.69,7.67,7.68,7.65,7.64,7.61,7.57,7.53,7.59,7.60,7.54,7.45,7.39,7.27,7.18,7.18,7.31,7.34,7.40,7.40,7.33,7.27,7.17,7.14,7.18,7.31,7.44,7.47,7.45,7.40,7.38,7.37,7.39,7.43,7.42,7.42,7.41,7.40,7.39,7.39,7.40,7.40,7.40,7.40,7.33,7.02,6.60,6.39,6.31,6.29,6.31,6.35,6.40,6.41,6.41,6.41,6.41,6.42,6.37,6.32,6.37,6.41,6.39,6.35,6.34,6.40,6.42,6.48,6.55,6.53,6.51,6.53,6.54,6.52,6.51,6.50,6.48,6.47,6.47,6.51,6.50,6.41,6.21,5.83,5.55,5.23,4.85,4.75,4.79,4.86,4.89,4.78,4.72,4.77,4.84,4.85,4.58,4.50,4.72,5.15,5.32,5.34,5.34,5.37,5.46,5.43,5.23,4.78,4.15,4.15,4.13,4.12,4.13,4.16,4.19,4.26,4.31,4.33,4.33,4.32,4.32,4.31,4.32,4.29,4.24,4.17,4.06,4.01,3.85
24.49,24.35,24.23,24.15,24.12,24.16,24.12,23.73,23.16,22.73,22.35,21.93,21.52,21.47,21.49,21.49,21.46,21.24,21.01,20.87,20.87,20.89,20.86,20.81,20.76,20.74,21.06,21.06,20.83,20.81,20.72,20.65,20.58,20.51,20.46,20.39,20.31,20.22,20.13,20.10,20.05,19.98,19.87,19.77,19.59,19.34,19.07,19.06,18.83,18.76,18.82,18.79,18.73,18.68,18.65,18.62,18.52,18.53,18.44,18.22,18.10,18.18,18.50,18.75,18.54,18.39,18.29,18.25,18.26,18.29,18.30,18.24,18.12,18.00,17.89,17.91,17.53,16.46,16.53,16.62,16.69,16.73,16.75,16.79,16.84,16.90,16.97,14.09,13.03,12.87,12.94,13.03,13.09,13.14,13.16,13.16,12.98,12.90,12.90,12.92,12.92,12.92,12.83,12.68,12.72,12.70,12.69,12.69,12.65,12.63,12.58,12.55,12.55,12.38,12.20,10.76,8.69,8.22,8.00,7.86,7.80,7.79,7.80,7.80,7.81,7.81,7.76,7.73,7.72,7.71,7.68,7.64,7.62,7.60,7.57,7.56,7.52,7.48,7.43,7.34,7.18,7.17,7.25,7.35,7.43,7.42,7.36,7.30,7.25,7.16,7.14,7.21,7.36,7.58,7.65,7.59,7.46,7.43,7.39,7.39,7.41,7.40,7.39,7.38,7.39,7.43,7.40,7.39,7.39,7.39,7.36,7.26,6.96,6.59,6.41,6.28,6.26,6.29,6.36,6.40,6.40,6.39,6.40,6.41,6.41,6.36,6.33,6.41,6.39,6.36,6.36,6.38,6.34,6.43,6.52,6.57,6.56,6.54,6.54,6.54,6.54,6.54,6.52,6.50,6.48,6.47,6.49,6.48,6.44,6.33,5.76,5.40,5.09,4.80,4.77,4.85,4.88,4.83,4.74,4.73,4.81,4.85,4.73,4.59,4.65,4.97,5.43,5.69,5.81,6.01,6.23,6.37,6.29,6.07,5.65,5.09,4.79,4.31,4.12,4.15,4.11,4.14,4.22,4.29,4.32,4.32,4.32,4.30,4.27,4.29,4.30,4.29,4.26,4.23,4.15,4.04
24.51,24.40,24.33,24.26,24.24,24.33,24.37,24.08,23.51,23.03,22.57,22.08,21.57,21.47,21.49,21.50,21.45,21.26,21.02,20.83,20.82,20.84,20.83,20.78,20.73,20.69,20.88,20.82,20.61,20.65,20.62,20.59,20.55,20.50,20.41,20.33,20.22,20.07,19.95,19.99,20.01,19.98,19.93,19.80,19.68,19.54,19.40,19.39,19.16,19.05,19.06,19.03,18.99,18.94,18.89,18.85,18.73,18.70,18.52,18.21,18.08,18.36,18.65,18.74,18.44,18.36,18.33,18.33,18.35,18.42,18.38,18.29,18.16,18.07,18.03,17.55,16.72,15.80,16.43,16.64,16.71,16.74,16.76,16.76,16.82,16.56,15.48,13.37,12.83,12.90,12.98,13.07,13.13,13.20,13.27,13.33,13.17,13.10,13.04,12.92,12.94,12.98,12.92,12.78,12.74,12.73,12.70,12.68,12.69,12.79,12.80,12.70,12.47,12.20,11.18,9.59,8.11,8.13,7.90,7.81,7.80,7.81,7.81,7.81,7.82,7.83,7.78,7.77,7.76,7.75,7.73,7.68,7.65,7.61,7.57,7.53,7.47,7.44,7.40,7.31,7.18,7.22,7.33,7.39,7.49,7.43,7.33,7.27,7.23,7.18,7.18,7.26,7.48,7.70,7.78,7.76,7.66,7.62,7.51,7.45,7.44,7.41,7.40,7.39,7.39,7.42,7.39,7.38,7.39,7.40,7.36,7.24,6.95,6.60,6.42,6.32,6.29,6.32,6.38,6.41,6.40,6.38,6.38,6.41,6.40,6.32,6.27,6.36,6.37,6.36,6.38,6.41,6.37,6.46,6.54,6.57,6.58,6.57,6.56,6.55,6.55,6.55,6.54,6.53,6.51,6.48,6.48,6.47,6.37,6.12,5.64,5.24,4.94,4.77,4.79,4.87,4.86,4.78,4.72,4.74,4.81,4.82,4.69,4.69,4.80,5.04,5.44,5.99,6.41,6.76,7.02,7.19,7.14,6.86,6.40,5.82,5.28,4.68,4.30,4.16,4.14,4.14,4.21,4.28,4.33,4.32,4.32,4.29,4.23,4.21,4.26,4.29,4.32,4.32,4.23,4.12
24.52,24.42,24.39,24.35,24.31,24.37,24.44,24.32,23.89,23.33,22.75,22.24,21.62,21.48,21.47,21.47,21.42,21.31,21.05,20.80,20.75,20.78,20.78,20.75,20.68,20.64,20.65,20.65,20.64,20.62,20.65,20.66,20.65,20.59,20.45,20.31,20.10,19.85,19.69,19.86,19.96,19.98,19.93,19.83,19.84,19.91,20.00,19.94,19.73,19.50,19.33,19.28,19.24,19.19,19.12,19.03,18.97,18.82,18.50,18.10,18.06,18.57,18.75,18.63,18.46,18.37,18.38,18.41,18.44,18.56,18.44,18.31,18.23,18.16,18.20,16.78,15.39,15.41,16.47,16.73,16.74,16.75,16.78,16.71,16.79,15.94,12.78,12.80,12.86,12.94,13.02,13.10,13.16,13.24,13.33,13.39,13.43,13.43,13.28,12.92,12.92,12.99,12.98,12.85,12.73,12.75,12.69,12.64,12.77,13.04,13.17,12.96,12.36,12.03,9.46,8.03,8.04,8.01,7.85,7.80,7.81,7.82,7.82,7.82,7.82,7.82,7.81,7.81,7.80,7.80,7.81,7.75,7.69,7.62,7.54,7.48,7.44,7.41,7.37,7.30,7.25,7.31,7.40,7.42,7.53,7.42,7.30,7.25,7.21,7.22,7.24,7.33,7.63,7.79,7.89,7.94,7.98,7.93,7.72,7.56,7.49,7.43,7.43,7.41,7.39,7.40,7.37,7.38,7.41,7.42,7.39,7.26,6.96,6.61,6.44,6.41,6.39,6.39,6.42,6.43,6.42,6.38,6.35,6.41,6.38,6.25,6.15,6.25,6.35,6.39,6.41,6.43,6.47,6.51,6.53,6.55,6.59,6.59,6.58,6.57,6.56,6.54,6.56,6.57,6.56,6.50,6.48,6.45,6.23,5.66,5.49,5.09,4.79,4.74,4.82,4.86,4.81,4.73,4.70,4.75,4.77,4.75,4.72,4.87,4.93,4.99,5.25,6.24,7.12,7.58,7.77,7.93,8.00,7.64,7.06,6.41,5.66,5.17,4.62,4.16,4.23,4.19,4.22,4.28,4.36,4.33,4.31,4.28,4.20,4.10,4.18,4.28,4.34,4.34,4.25,4.11
24.55,24.46,24.42,24.37,24.31,24.34,24.40,24.38,24.08,23.60,23.03,22.49,21.99,21.77,21.66,21.59,21.50,21.36,21.09,20.81,20.67,20.72,20.75,20.74,20.69,20.62,20.69,20.76,20.80,20.84,21.00,21.04,20.99,20.86,20.58,20.29,19.94,19.60,19.49,19.66,19.81,19.88,19.89,19.91,19.93,19.99,20.07,19.95,19.70,19.43,19.26,19.38,19.39,19.32,19.23,19.15,19.05,18.76,18.47,18.30,18.40,18.71,18.70,18.49,18.37,18.36,18.39,18.46,18.53,18.58,18.46,18.34,18.27,18.23,18.30,16.51,14.48,13.94,16.22,16.74,16.75,16.77,16.80,16.79,16.52,15.39,12.69,12.77,12.87,12.96,13.04,13.13,13.20,13.28,13.36,13.43,13.50,13.54,13.51,13.37,12.99,12.98,12.96,12.80,12.71,12.73,12.76,12.83,13.00,13.10,13.01,12.64,12.07,11.93,9.97,8.48,7.92,7.87,7.82,7.80,7.80,7.81,7.81,7.81,7.81,7.81,7.80,7.80,7.80,7.81,7.83,7.74,7.69,7.66,7.63,7.51,7.45,7.39,7.33,7.25,7.30,7.37,7.43,7.50,7.49,7.38,7.28,7.23,7.26,7.30,7.39,7.54,7.76,7.86,7.94,7.99,8.01,8.01,7.92,7.84,7.76,7.61,7.49,7.45,7.43,7.41,7.37,7.40,7.44,7.45,7.42,7.32,7.04,6.67,6.43,6.38,6.38,6.37,6.33,6.43,6.44,6.41,6.37,6.38,6.33,6.21,6.11,6.15,6.26,6.36,6.42,6.42,6.45,6.50,6.53,6.56,6.59,6.57,6.58,6.59,6.58,6.57,6.56,6.56,6.57,6.55,6.41,6.24,5.99,5.55,5.16,4.87,4.74,4.76,4.84,4.81,4.75,4.70,4.76,4.77,4.70,4.69,4.83,4.92,4.95,4.98,5.17,5.89,6.87,7.77,8.54,9.17,9.73,8.74,7.42,6.47,5.85,5.41,4.85,4.31,4.23,4.23,4.23,4.22,4.16,4.21,4.28,4.30,4.27,4.24,4.27,4.31,4.33,4.28,4.21,4.07
24.55,24.47,24.42,24.36,24.29,24.30,24.34,24.36,24.16,23.75,23.22,22.69,22.29,22.04,21.87,21.73,21.60,21.39,21.11,20.83,20.61,20.67,20.72,20.72,20.69,20.60,20.69,20.82,20.95,21.05,21.27,21.32,21.24,21.04,20.71,20.28,19.84,19.47,19.35,19.50,19.69,19.84,19.87,19.92,19.87,19.88,19.97,19.80,19.55,19.29,19.16,19.36,19.40,19.35,19.30,19.29,19.14,18.79,18.54,18.51,18.70,18.76,18.60,18.38,18.32,18.35,18.41,18.48,18.56,18.56,18.45,18.36,18.30,18.32,17.92,15.99,13.86,12.98,15.30,16.21,16.59,16.79,16.81,16.85,16.03,14.50,12.69,12.75,12.86,12.97,13.06,13.16,13.23,13.32,13.39,13.47,13.55,13.62,13.63,13.56,13.00,12.92,12.88,12.75,12.67,12.70,12.83,13.00,13.12,13.05,12.74,12.31,11.89,11.87,10.23,8.71,7.85,7.78,7.78,7.79,7.80,7.80,7.80,7.80,7.80,7.79,7.78,7.79,7.79,7.80,7.83,7.74,7.70,7.69,7.67,7.51,7.43,7.35,7.28,7.24,7.35,7.41,7.46,7.53,7.44,7.34,7.26,7.23,7.30,7.36,7.50,7.67,7.83,7.92,7.98,8.02,8.04,8.06,8.05,8.03,7.97,7.79,7.65,7.58,7.52,7.42,7.39,7.43,7.46,7.46,7.44,7.38,7.14,6.77,6.43,6.36,6.37,6.37,6.30,6.41,6.43,6.41,6.39,6.37,6.32,6.23,6.15,6.16,6.24,6.35,6.42,6.42,6.44,6.49,6.53,6.55,6.57,6.55,6.57,6.59,6.60,6.59,6.57,6.57,6.57,6.54,6.30,6.04,5.75,5.41,4.92,4.74,4.73,4.79,4.84,4.76,4.70,4.70,4.80,4.78,4.70,4.71,4.90,4.95,4.96,4.98,5.11,5.60,6.62,7.80,9.01,10.13,10.57,9.17,7.49,6.43,5.98,5.59,5.03,4.45,4.24,4.25,4.23,4.18,4.08,4.15,4.23,4.27,4.28,4.31,4.33,4.34,4.32,4.25,4.16,3.99
24.52,24.43,24.36,24.31,24.25,24.24,24.25,24.20,24.07,23.70,23.25,22.83,22.50,22.29,22.10,21.91,21.74,21.42,21.12,20.86,20.59,20.62,20.67,20.69,20.66,20.58,20.59,20.78,21.07,21.26,21.39,21.43,21.33,21.09,20.81,20.32,19.86,19.53,19.34,19.39,19.65,19.90,19.90,19.81,19.59,19.50,19.59,19.41,19.22,19.07,19.02,19.14,19.18,19.24,19.33,19.43,19.23,18.95,18.76,18.74,18.92,18.66,18.43,18.32,18.34,18.37,18.42,18.47,18.49,18.46,18.41,18.35,18.32,18.41,16.76,15.06,13.67,12.88,13.26,14.80,16.16,16.81,16.80,16.89,15.17,13.02,12.69,12.73,12.83,12.95,13.07,13.19,13.25,13.34,13.44,13.51,13.58,13.66,13.60,13.30,12.89,12.76,12.72,12.68,12.63,12.70,12.92,13.13,13.08,12.81,12.34,11.97,11.87,11.86,9.96,8.47,7.86,7.78,7.75,7.77,7.78,7.78,7.78,7.78,7.78,7.78,7.77,7.78,7.79,7.79,7.81,7.76,7.75,7.71,7.62,7.46,7.37,7.27,7.20,7.31,7.39,7.45,7.48,7.48,7.40,7.31,7.25,7.25,7.32,7.41,7.53,7.67,7.82,7.95,8.01,8.04,8.06,8.06,8.07,8.06,8.03,7.98,7.94,7.84,7.67,7.43,7.45,7.46,7.45,7.44,7.45,7.44,7.27,6.94,6.46,6.35,6.36,6.39,6.36,6.34,6.34,6.37,6.41,6.40,6.39,6.34,6.31,6.33,6.36,6.39,6.42,6.46,6.49,6.50,6.51,6.52,6.53,6.54,6.53,6.55,6.61,6.59,6.60,6.59,6.55,6.42,6.12,5.83,5.54,5.20,4.86,4.75,4.77,4.83,4.78,4.71,4.69,4.72,4.81,4.75,4.80,4.88,4.93,4.97,4.99,4.99,5.07,5.44,6.42,7.61,9.01,10.59,9.89,8.46,7.09,6.25,6.01,5.68,5.14,4.56,4.28,4.24,4.21,4.18,4.19,4.19,4.17,4.15,4.18,4.25,4.33,4.36,4.33,4.25,4.07,3.85
24.45,24.35,24.31,24.27,24.20,24.15,24.11,24.10,24.01,23.70,23.32,23.00,22.66,22.45,22.24,22.00,21.74,21.41,21.10,20.82,20.55,20.57,20.62,20.66,20.64,20.56,20.52,20.66,20.95,21.30,21.41,21.41,21.31,21.15,20.92,20.32,19.77,19.44,19.30,19.34,19.65,19.95,19.92,19.64,19.32,19.17,19.23,19.16,19.10,19.03,18.99,19.03,19.19,19.25,19.32,19.44,19.17,19.01,18.93,18.92,18.96,18.59,18.38,18.33,18.37,18.41,18.46,18.50,18.52,18.43,18.38,18.33,18.30,18.38,16.65,14.88,13.56,12.98,12.83,13.66,14.46,14.85,14.85,14.85,13.86,12.70,12.69,12.70,12.80,12.92,13.05,13.19,13.27,13.35,13.44,13.53,13.62,13.66,13.48,12.98,12.76,12.67,12.66,12.69,12.74,12.83,13.00,13.12,12.98,12.46,12.09,11.88,11.84,11.86,9.69,8.24,7.91,7.83,7.77,7.75,7.75,7.77,7.77,7.77,7.77,7.77,7.76,7.77,7.77,7.78,7.79,7.72,7.68,7.62,7.55,7.41,7.32,7.25,7.24,7.36,7.42,7.47,7.50,7.46,7.39,7.29,7.25,7.30,7.37,7.47,7.59,7.73,7.86,7.97,8.03,8.05,8.05,8.06,8.06,8.07,8.06,8.06,8.03,7.97,7.27,5.48,5.93,6.87,7.48,7.46,7.49,7.45,7.35,7.10,6.49,6.37,5.28,4.43,4.64,4.87,5.81,6.37,6.38,6.39,6.39,6.38,6.38,6.39,6.41,6.42,6.44,6.49,6.50,6.50,6.51,6.51,6.52,6.52,6.51,6.52,6.56,6.58,6.60,6.58,6.48,6.25,5.94,5.67,5.38,4.99,4.77,4.74,4.78,4.82,4.75,4.68,4.69,4.74,4.78,4.76,4.85,4.93,4.95,4.99,5.01,5.05,5.20,5.60,6.46,7.51,8.54,9.33,8.84,7.84,6.86,6.21,5.99,5.63,5.04,4.44,4.29,4.26,4.22,4.19,4.19,4.13,4.12,4.13,4.15,4.17,4.18,4.17,4.17,4.16,3.99,3.76
24.37,24.27,24.26,24.22,24.15,24.04,23.97,24.03,23.97,23.70,23.39,23.13,22.79,22.57,22.34,22.05,21.70,21.39,21.08,20.78,20.51,20.51,20.57,20.62,20.63,20.55,20.47,20.54,20.79,21.27,21.38,21.36,21.28,21.21,20.99,20.28,19.66,19.32,19.27,19.32,19.66,20.01,19.95,19.46,19.09,18.92,18.95,18.99,19.04,19.04,19.01,19.01,19.27,19.30,19.29,19.40,19.11,19.06,19.07,19.04,18.89,18.52,18.36,18.36,18.40,18.46,18.49,18.52,18.55,18.43,18.37,18.30,18.25,18.28,16.86,15.00,13.54,13.10,12.84,12.79,12.81,12.83,12.83,12.74,12.70,12.70,12.68,12.69,12.77,12.89,13.02,13.17,13.28,13.36,13.44,13.55,13.65,13.60,13.30,12.70,12.65,12.60,12.62,12.74,12.91,12.99,13.07,13.09,12.89,12.17,11.92,11.86,11.79,11.49,9.32,8.07,7.98,7.90,7.81,7.75,7.73,7.75,7.76,7.76,7.76,7.76,7.75,7.75,7.76,7.77,7.77,7.68,7.59,7.52,7.48,7.36,7.27,7.25,7.31,7.40,7.44,7.49,7.51,7.45,7.38,7.28,7.27,7.35,7.44,7.54,7.67,7.80,7.91,8.00,8.05,8.06,8.05,8.06,8.06,8.07,8.09,8.09,8.07,8.05,6.98,4.00,4.43,6.07,7.21,7.27,7.48,7.43,7.41,7.23,6.53,6.39,4.43,2.87,3.28,3.73,5.28,6.19,6.24,6.35,6.37,6.39,6.41,6.41,6.43,6.44,6.47,6.51,6.50,6.50,6.51,6.51,6.52,6.51,6.51,6.50,6.51,6.55,6.60,6.55,6.37,6.07,5.77,5.51,5.21,4.80,4.70,4.73,4.78,4.79,4.71,4.67,4.70,4.77,4.76,4.80,4.89,4.96,4.97,5.02,5.04,5.16,5.44,5.86,6.52,7.33,7.90,7.77,7.74,7.25,6.65,6.20,5.96,5.49,4.85,4.29,4.29,4.27,4.24,4.21,4.16,4.07,4.09,4.13,4.14,4.09,4.01,3.97,3.99,4.04,3.89,3.69
24.32,24.23,24.18,24.13,24.06,23.97,23.91,23.99,23.94,23.71,23.40,23.08,22.81,22.58,22.35,22.08,21.65,21.37,21.09,20.80,20.49,20.45,20.50,20.57,20.62,20.54,20.46,20.52,20.76,21.17,21.30,21.34,21.31,21.21,20.88,20.14,19.57,19.33,19.32,19.35,19.72,20.09,20.03,19.28,19.03,19.00,19.02,19.04,19.00,19.03,19.12,19.24,19.39,19.31,19.21,19.28,19.16,19.13,19.08,18.92,18.54,18.38,18.35,18.39,18.44,18.49,18.50,18.49,18.48,18.42,18.34,18.25,18.17,18.09,17.22,15.50,13.83,13.04,12.87,12.83,12.82,12.81,12.80,12.72,12.69,12.69,12.70,12.68,12.75,12.86,12.99,13.14,13.25,13.36,13.47,13.56,13.63,13.39,13.00,12.65,12.62,12.53,12.58,12.82,13.18,13.05,13.09,13.15,12.90,12.26,11.94,11.84,11.62,9.56,8.55,8.14,8.05,7.97,7.88,7.80,7.74,7.72,7.74,7.75,7.75,7.74,7.74,7.74,7.75,7.76,7.76,7.67,7.57,7.48,7.42,7.32,7.24,7.27,7.37,7.44,7.48,7.50,7.50,7.45,7.31,7.27,7.30,7.38,7.52,7.63,7.75,7.86,7.97,8.02,8.06,8.08,8.10,8.10,8.10,8.10,8.11,8.12,8.12,8.10,7.77,6.81,4.86,5.04,5.69,6.14,7.17,7.41,7.46,7.28,6.60,6.44,5.83,5.39,5.53,5.64,5.30,5.26,5.69,6.33,6.37,6.36,6.37,6.42,6.39,6.44,6.47,6.46,6.47,6.49,6.50,6.51,6.52,6.52,6.51,6.50,6.50,6.51,6.53,6.45,6.22,5.90,5.64,5.25,4.87,4.67,4.71,4.79,4.80,4.72,4.65,4.67,4.74,4.78,4.75,4.89,4.98,5.02,5.02,5.06,5.11,5.43,5.95,6.20,6.36,6.75,7.08,6.93,6.83,6.65,6.40,6.11,5.94,5.14,4.53,4.28,4.28,4.26,4.23,4.20,4.17,4.14,4.14,4.14,4.10,4.01,3.98,3.94,3.90,3.87,3.74,3.62
24.26,24.17,24.10,24.04,23.98,23.90,23.84,23.90,23.92,23.74,23.45,23.13,22.88,22.62,22.39,22.12,21.68,21.39,21.12,20.84,20.56,20.43,20.45,20.52,20.59,20.52,20.43,20.46,20.66,21.06,21.19,21.26,21.25,21.12,20.66,20.00,19.50,19.30,19.36,19.32,19.68,20.09,20.10,19.27,19.03,19.03,19.04,19.06,19.00,19.00,19.09,19.28,19.38,19.33,19.24,19.23,19.19,19.18,19.02,18.70,18.36,18.33,18.37,18.41,18.45,18.49,18.47,18.45,18.43,18.39,18.31,18.20,18.08,17.94,17.46,16.38,15.20,14.36,13.67,13.35,13.08,12.82,12.81,12.74,12.72,12.73,12.71,12.69,12.73,12.83,12.96,13.11,13.21,13.34,13.46,13.55,13.53,13.19,12.80,12.63,12.58,12.51,12.56,12.79,13.20,13.01,13.06,13.17,12.96,12.41,12.01,11.67,11.05,8.67,8.22,8.18,8.12,8.04,7.95,7.87,7.79,7.73,7.73,7.73,7.73,7.73,7.73,7.73,7.73,7.74,7.75,7.65,7.53,7.43,7.35,7.24,7.23,7.31,7.44,7.52,7.55,7.53,7.48,7.41,7.29,7.28,7.34,7.43,7.59,7.70,7.81,7.92,7.99,8.03,8.06,8.08,8.10,8.10,8.11,8.11,8.11,8.12,8.13,8.11,8.08,7.97,6.17,5.92,5.96,5.91,6.81,7.18,7.34,7.23,6.71,6.59,6.49,6.46,6.52,6.47,5.76,5.47,5.81,6.27,6.36,6.37,6.38,6.41,6.39,6.44,6.47,6.46,6.48,6.48,6.50,6.51,6.52,6.52,6.52,6.51,6.50,6.49,6.50,6.42,6.20,5.75,5.49,5.08,4.70,4.62,4.74,4.80,4.78,4.67,4.61,4.69,4.77,4.82,4.86,4.97,5.04,5.07,5.06,5.08,5.39,5.94,6.50,6.43,6.36,6.50,6.66,6.57,6.50,6.37,6.18,5.93,5.67,4.85,4.36,4.27,4.26,4.25,4.22,4.19,4.18,4.17,4.16,4.14,4.11,3.99,3.95,3.90,3.84,3.78,3.67,3.54
24.19,24.09,24.00,23.96,23.90,23.84,23.78,23.77,23.90,23.78,23.53,23.25,22.97,22.70,22.44,22.17,21.77,21.44,21.15,20.89,20.68,20.45,20.41,20.47,20.53,20.49,20.39,20.38,20.52,20.96,21.06,21.15,21.15,20.98,20.38,19.86,19.46,19.24,19.39,19.25,19.57,20.04,20.16,19.37,19.08,19.03,19.02,19.06,19.03,18.97,18.96,19.20,19.30,19.35,19.33,19.22,19.20,19.21,18.91,18.40,18.29,18.35,18.40,18.43,18.43,18.46,18.43,18.40,18.39,18.36,18.29,18.16,17.99,17.81,17.61,17.52,17.28,16.61,15.00,14.21,13.53,12.86,12.87,12.77,12.77,12.80,12.72,12.70,12.72,12.79,12.93,13.08,13.18,13.31,13.43,13.53,13.39,13.01,12.67,12.62,12.53,12.53,12.57,12.68,13.04,12.90,12.99,13.16,13.05,12.59,12.11,11.38,10.23,8.47,8.18,8.19,8.18,8.10,8.02,7.94,7.85,7.77,7.71,7.71,7.71,7.72,7.71,7.71,7.72,7.73,7.74,7.63,7.49,7.36,7.26,7.12,7.23,7.37,7.49,7.62,7.65,7.58,7.46,7.36,7.29,7.31,7.38,7.50,7.65,7.76,7.87,7.96,8.00,8.04,8.06,8.07,8.07,8.08,8.09,8.11,8.12,8.10,8.11,8.11,8.08,8.02,8.07,8.07,7.43,6.28,6.41,6.83,7.10,7.12,6.84,6.82,6.66,6.58,6.67,6.56,6.50,6.45,6.37,6.19,6.33,6.40,6.41,6.38,6.43,6.44,6.46,6.50,6.51,6.49,6.49,6.51,6.53,6.52,6.53,6.52,6.50,6.49,6.48,6.45,6.28,5.63,5.34,4.96,4.65,4.64,4.79,4.79,4.72,4.63,4.59,4.71,4.80,4.86,5.03,5.05,5.08,5.11,5.10,5.09,5.82,6.62,7.07,6.58,6.47,6.48,6.53,6.53,6.56,6.31,5.99,5.69,5.22,4.60,4.29,4.26,4.23,4.23,4.19,4.17,4.18,4.16,4.15,4.15,4.14,4.01,3.92,3.85,3.79,3.74,3.66,3.47
24.13,24.05,23.95,23.86,23.81,23.75,23.67,23.59,23.82,23.74,23.50,23.24,22.96,22.61,22.33,22.12,21.79,21.41,21.18,21.01,20.74,20.45,20.38,20.42,20.49,20.47,20.38,20.34,20.46,20.92,21.06,21.15,21.15,20.98,20.40,19.89,19.48,19.25,19.42,19.26,19.56,20.02,20.15,19.78,19.53,19.31,19.07,19.06,19.09,19.21,19.38,19.46,19.47,19.36,19.25,19.23,19.27,19.10,18.76,18.39,18.35,18.39,16.63,14.60,14.67,17.79,18.52,18.40,18.36,18.31,18.21,18.08,17.93,17.79,17.60,17.44,17.21,16.81,16.08,15.71,15.01,13.91,13.02,12.86,12.81,12.78,12.76,12.71,12.70,12.76,12.87,12.98,13.07,13.21,13.39,13.54,13.12,12.80,12.63,12.58,12.54,12.56,12.62,12.72,12.93,12.84,12.85,12.87,12.65,10.85,10.01,9.50,8.91,8.18,8.07,8.09,8.11,8.10,8.07,8.00,7.92,7.84,7.76,7.72,7.70,7.70,7.70,7.70,7.73,7.76,7.73,7.56,7.44,7.34,7.23,7.19,7.32,7.43,7.50,7.61,7.57,7.50,7.41,7.31,7.31,7.35,7.44,7.57,7.71,7.83,7.92,7.98,8.01,8.03,8.04,8.05,8.06,8.07,8.08,8.10,8.10,8.05,8.06,8.08,8.08,8.07,8.08,8.07,7.82,7.37,7.35,7.39,7.39,7.31,7.12,7.00,6.85,6.74,6.72,6.65,6.58,6.50,6.41,6.30,6.34,6.40,6.44,6.43,6.47,6.47,6.46,6.47,6.58,6.51,6.48,6.50,6.53,6.54,6.55,6.54,6.52,6.49,6.46,6.27,5.91,5.49,5.06,4.77,4.64,4.69,4.79,4.76,4.68,4.63,4.68,4.78,4.83,4.89,5.09,5.12,5.15,5.17,5.21,5.80,6.73,7.38,7.53,7.15,6.76,6.53,6.46,6.50,6.49,6.22,5.86,5.45,4.75,4.41,4.28,4.25,4.22,4.21,4.19,4.17,4.15,4.14,4.12,4.13,4.13,4.01,3.91,3.77,3.63,3.55,3.57,3.48
24.05,23.99,23.88,23.77,23.73,23.67,23.58,23.46,23.72,23.69,23.49,23.23,22.93,22.56,22.29,22.10,21.84,21.45,21.24,21.09,20.80,20.44,20.34,20.38,20.45,20.45,20.37,20.30,20.38,20.84,21.02,21.13,21.13,20.98,20.45,19.89,19.48,19.32,19.60,19.51,19.74,20.07,20.15,20.05,19.89,19.59,19.19,19.08,19.15,19.39,19.67,19.68,19.59,19.38,19.21,19.23,19.28,19.02,18.68,18.40,18.40,17.39,14.83,12.40,12.38,16.04,17.82,18.39,18.33,18.30,18.17,18.03,17.88,17.73,17.54,17.34,17.13,16.91,16.69,16.53,15.95,14.84,13.62,13.28,13.01,12.80,12.79,12.74,12.72,12.74,12.81,12.86,12.96,13.14,13.33,13.39,12.90,12.67,12.59,12.54,12.56,12.59,12.64,12.70,12.71,12.74,12.74,12.52,11.85,9.61,8.70,8.35,8.04,7.96,7.97,7.99,8.02,8.05,8.06,8.02,7.97,7.90,7.82,7.75,7.71,7.68,7.68,7.68,7.73,7.77,7.69,7.50,7.40,7.31,7.20,7.26,7.39,7.48,7.52,7.58,7.50,7.43,7.36,7.27,7.33,7.39,7.50,7.64,7.77,7.88,7.95,7.99,8.01,8.02,8.03,8.04,8.05,8.06,8.07,8.08,8.09,8.04,8.02,8.04,8.06,8.08,8.08,8.07,8.04,8.01,7.90,7.74,7.55,7.38,7.27,7.10,6.97,6.86,6.74,6.67,6.63,6.56,6.46,6.38,6.38,6.40,6.44,6.46,6.51,6.51,6.48,6.47,6.63,6.52,6.47,6.50,6.52,6.55,6.56,6.57,6.47,5.55,5.68,5.80,5.60,5.24,4.82,4.64,4.64,4.72,4.77,4.71,4.65,4.66,4.77,4.82,4.86,4.94,5.14,5.17,5.20,5.26,5.45,6.48,7.39,7.86,7.84,7.57,6.97,6.59,6.44,6.42,6.37,6.14,5.75,5.20,4.44,4.29,4.27,4.25,4.21,4.20,4.19,4.17,4.14,4.12,4.10,4.11,4.11,4.01,3.82,3.65,3.51,3.45,3.49,3.46
23.95,23.90,23.81,23.72,23.64,23.57,23.49,23.39,23.60,23.63,23.50,23.22,22.86,22.58,22.33,22.11,21.94,21.61,21.33,21.09,20.85,20.42,20.30,20.33,20.40,20.43,20.36,20.27,20.30,20.69,20.93,21.07,21.10,20.98,20.56,19.87,19.44,19.48,20.00,20.11,20.19,20.22,20.14,20.12,20.11,19.88,19.39,19.10,19.21,19.49,19.78,19.84,19.64,19.39,19.22,19.20,19.18,18.97,18.69,18.44,18.46,14.90,12.99,12.51,12.20,12.76,15.98,18.38,18.30,18.34,18.19,18.03,17.86,17.60,17.40,17.21,17.03,16.85,16.61,16.39,16.08,15.62,14.87,14.18,13.44,12.87,12.83,12.80,12.77,12.75,12.75,12.72,12.87,13.10,13.24,12.99,12.75,12.62,12.56,12.53,12.57,12.61,12.64,12.61,12.34,12.61,12.67,12.10,10.47,9.09,8.53,8.22,7.82,7.84,7.86,7.89,7.92,7.95,7.97,7.99,7.99,7.97,7.89,7.81,7.74,7.69,7.67,7.67,7.73,7.75,7.58,7.46,7.36,7.26,7.17,7.31,7.40,7.49,7.55,7.52,7.43,7.36,7.30,7.25,7.35,7.45,7.56,7.70,7.83,7.93,7.97,7.98,7.99,8.00,8.01,8.03,8.03,8.05,8.06,8.07,8.08,8.08,8.00,7.98,8.01,8.04,8.06,8.06,8.03,7.97,7.88,7.75,7.53,7.30,7.20,7.08,7.02,6.92,6.73,6.59,6.66,6.65,6.51,6.39,6.43,6.41,6.41,6.50,6.53,6.55,6.53,6.50,6.66,6.53,6.46,6.49,6.51,6.53,6.56,6.59,6.33,3.24,3.79,4.89,5.36,4.83,4.62,4.60,4.68,4.74,4.71,4.64,4.63,4.72,4.86,4.82,4.88,5.04,5.18,5.21,5.23,5.39,5.86,7.10,7.68,7.91,7.92,7.78,7.08,6.69,6.52,6.29,6.21,6.08,5.67,4.93,4.37,4.27,4.26,4.25,4.22,4.19,4.18,4.17,4.13,4.10,4.10,4.10,4.08,4.01,3.61,3.45,3.47,3.47,3.44,3.39
23.84,23.79,23.72,23.63,23.56,23.49,23.41,23.33,23.44,23.54,23.48,23.20,22.85,22.61,22.38,22.14,21.92,21.64,21.37,21.12,20.89,20.49,20.29,20.26,20.35,20.39,20.33,20.23,20.20,20.41,20.79,21.00,21.05,20.94,20.62,19.96,19.47,19.40,19.97,20.32,20.36,20.21,20.07,20.08,20.18,20.04,19.55,19.14,19.20,19.46,19.73,19.71,19.51,19.34,19.23,19.19,19.07,18.83,18.62,18.39,17.83,14.34,12.74,12.55,12.35,14.72,17.05,18.35,18.29,18.31,17.96,17.60,17.26,16.85,17.03,16.96,16.78,16.64,16.47,16.27,16.04,15.76,15.30,14.79,14.13,13.50,13.19,12.90,12.80,12.77,12.74,12.71,12.77,12.88,12.95,12.79,12.67,12.58,12.52,12.47,12.46,12.47,12.49,12.42,11.97,11.88,11.58,10.79,9.28,8.65,8.39,8.15,7.78,7.79,7.81,7.82,7.83,7.85,7.87,7.89,7.92,7.93,7.90,7.85,7.79,7.72,7.69,7.68,7.68,7.64,7.50,7.40,7.30,7.23,7.22,7.36,7.43,7.49,7.53,7.48,7.40,7.34,7.30,7.26,7.35,7.50,7.66,7.78,7.89,7.94,7.96,7.97,7.98,7.99,8.00,8.01,8.03,8.04,8.05,8.06,8.07,8.08,7.99,7.94,7.95,7.98,8.01,8.00,7.97,7.94,7.95,7.77,7.53,7.30,7.19,7.04,6.96,6.83,6.58,6.46,6.56,6.59,6.49,6.43,6.45,6.44,6.44,6.51,6.51,6.50,6.50,6.50,6.56,6.57,6.53,6.48,6.51,6.55,6.57,6.30,5.45,3.21,4.10,5.08,5.20,4.75,4.62,4.65,4.73,4.74,4.68,4.63,4.65,4.76,4.89,4.89,4.99,5.16,5.21,5.23,5.28,5.51,6.07,7.43,7.83,7.88,7.81,7.70,7.19,6.82,6.55,6.25,6.13,5.96,5.44,4.58,4.32,4.26,4.26,4.26,4.21,4.17,4.17,4.17,4.13,4.10,4.08,4.06,3.98,3.72,3.52,3.46,3.50,3.51,3.47,3.41
23.73,23.69,23.62,23.53,23.47,23.41,23.34,23.26,23.28,23.42,23.44,23.18,22.86,22.63,22.40,22.16,21.90,21.66,21.41,21.16,20.94,20.59,20.31,20.20,20.29,20.35,20.30,20.19,20.11,20.16,20.66,20.95,21.01,20.88,20.66,20.03,19.48,19.31,19.89,20.42,20.46,20.21,20.00,20.03,20.20,20.17,19.77,19.35,19.33,19.50,19.66,19.53,19.37,19.28,19.24,19.17,18.95,18.70,18.57,18.28,16.75,14.13,12.86,12.60,12.57,17.17,18.39,18.33,18.30,18.21,17.66,17.10,16.57,15.99,16.49,16.53,16.37,16.31,16.25,16.12,15.94,15.72,15.47,15.19,14.73,14.15,13.62,13.10,12.88,12.81,12.75,12.71,12.68,12.66,12.67,12.65,12.61,12.54,12.45,12.39,12.31,12.30,12.31,12.21,11.60,11.03,10.31,9.40,8.33,8.27,8.22,8.06,7.77,7.77,7.77,7.77,7.77,7.77,7.79,7.81,7.84,7.86,7.88,7.88,7.83,7.76,7.71,7.68,7.62,7.52,7.44,7.34,7.25,7.22,7.29,7.41,7.46,7.49,7.49,7.45,7.38,7.34,7.31,7.28,7.37,7.57,7.75,7.85,7.94,7.94,7.95,7.96,7.97,7.98,7.99,8.00,8.02,8.03,8.04,8.05,8.06,8.07,7.99,7.92,7.89,7.92,7.95,7.93,7.90,7.84,7.62,7.27,7.13,7.17,7.17,7.02,6.90,6.73,6.44,6.36,6.46,6.50,6.46,6.45,6.45,6.45,6.46,6.50,6.47,6.45,6.45,6.49,6.47,6.59,6.57,6.47,6.52,6.57,6.58,5.94,4.39,3.73,4.80,5.39,5.04,4.72,4.66,4.71,4.76,4.72,4.65,4.64,4.70,4.82,4.91,5.01,5.16,5.29,5.25,5.26,5.34,5.58,6.12,7.58,7.86,7.76,7.60,7.49,7.19,6.86,6.52,6.21,6.05,5.77,5.15,4.29,4.28,4.26,4.26,4.26,4.20,4.16,4.16,4.15,4.12,4.11,4.05,3.97,3.83,3.45,3.49,3.51,3.51,3.53,3.53,3.44
23.63,23.60,23.53,23.42,23.38,23.33,23.26,23.19,23.16,23.26,23.30,23.15,22.87,22.61,22.38,22.16,21.96,21.74,21.48,21.23,21.03,20.72,20.38,20.19,20.22,20.30,20.27,20.20,20.13,20.09,20.62,20.95,21.03,20.85,20.65,19.92,19.38,19.35,20.00,20.41,20.53,20.39,20.02,20.06,20.21,20.29,20.24,20.19,20.02,19.87,19.71,19.42,19.33,19.29,19.25,19.15,18.86,18.68,18.63,18.01,14.66,13.59,13.03,12.75,12.82,17.22,18.40,18.38,18.36,17.93,17.30,16.65,16.00,15.26,15.49,15.54,15.54,15.66,15.80,15.82,15.74,15.56,15.34,15.10,14.81,14.47,14.07,13.58,13.18,12.93,12.81,12.68,12.60,12.56,12.58,12.59,12.58,12.47,12.35,12.26,12.14,12.12,12.13,12.00,11.23,10.24,9.21,8.39,8.08,8.03,7.95,7.87,7.79,7.77,7.78,7.79,7.79,7.79,7.80,7.80,7.81,7.82,7.82,7.82,7.80,7.79,7.76,7.66,7.56,7.47,7.41,7.24,7.18,7.23,7.36,7.44,7.50,7.51,7.46,7.40,7.32,7.31,7.32,7.29,7.46,7.65,7.80,7.90,7.92,7.93,7.93,7.95,7.95,7.97,7.98,7.99,8.01,8.02,8.03,8.04,8.05,8.06,8.02,7.92,7.84,7.86,7.89,7.86,7.79,7.46,5.89,4.93,5.33,6.48,7.14,7.05,6.92,6.70,6.39,6.38,6.43,6.44,6.41,6.40,6.39,6.40,6.41,6.41,6.43,6.42,6.43,6.45,6.47,6.50,6.50,6.48,6.51,6.57,6.57,5.54,3.23,4.36,5.11,5.21,4.82,4.66,4.67,4.72,4.74,4.68,4.59,4.64,4.78,4.94,4.92,5.28,5.49,5.48,5.33,5.35,5.41,5.54,5.84,7.28,7.60,7.45,7.16,7.04,6.79,6.57,6.36,6.12,5.91,5.37,4.75,4.27,4.27,4.24,4.23,4.22,4.19,4.19,4.16,4.11,4.09,4.14,4.03,3.79,3.53,3.48,3.53,3.50,3.46,3.50,3.61,3.46
23.53,23.49,23.43,23.33,23.29,23.24,23.18,23.10,23.03,23.12,23.19,23.11,22.86,22.66,22.42,22.16,21.98,21.77,21.53,21.29,21.07,20.81,20.41,20.16,20.16,20.25,20.24,20.19,20.12,20.07,20.57,20.88,20.96,20.84,20.57,19.81,19.34,19.42,20.00,20.30,20.43,20.35,20.05,20.08,20.16,20.28,20.39,20.44,20.21,19.94,19.67,19.43,19.39,19.36,19.25,19.03,18.81,18.72,18.00,16.37,13.90,13.43,13.14,13.45,15.14,17.73,18.43,18.39,18.27,17.72,17.02,16.31,15.62,14.96,14.99,14.97,15.00,15.18,15.34,15.46,15.40,15.18,15.04,14.91,14.74,14.51,14.21,13.82,13.43,13.12,12.92,12.69,12.60,12.53,12.52,12.54,12.46,12.34,12.21,12.11,12.00,11.96,11.95,11.79,10.87,9.70,8.64,7.94,7.91,7.89,7.83,7.79,7.80,7.76,7.78,7.80,7.81,7.81,7.81,7.81,7.81,7.81,7.81,7.80,7.80,7.80,7.75,7.64,7.53,7.44,7.38,7.19,7.17,7.27,7.41,7.47,7.50,7.48,7.41,7.36,7.29,7.30,7.35,7.37,7.57,7.73,7.84,7.90,7.91,7.92,7.93,7.94,7.95,7.96,7.97,7.98,7.99,8.01,8.02,8.03,8.04,8.05,8.04,7.94,7.83,7.80,7.83,7.79,7.63,7.10,5.18,4.04,4.16,5.35,7.10,7.08,6.92,6.67,6.37,6.41,6.39,6.36,6.36,6.37,6.36,6.34,6.34,6.30,5.19,5.78,6.44,6.43,6.44,6.44,6.43,6.45,6.49,6.54,6.03,4.75,3.02,4.78,5.16,5.00,4.70,4.66,4.72,4.73,4.71,4.67,4.64,4.72,4.89,5.06,5.03,5.49,5.68,5.56,5.43,5.41,5.45,5.54,5.70,6.62,6.98,6.94,6.70,6.60,6.47,6.34,6.21,6.04,5.75,5.06,4.47,4.26,4.26,4.23,4.21,4.20,4.18,4.19,4.15,4.10,4.07,4.09,3.93,3.70,3.48,3.54,3.58,3.56,3.51,3.45,3.55,3.52
23.41,23.38,23.34,23.26,23.21,23.16,23.09,23.00,22.89,22.99,23.10,23.06,22.83,22.75,22.52,22.15,21.97,21.77,21.57,21.35,21.08,20.85,20.42,20.13,20.10,20.19,20.20,20.16,20.10,20.07,20.51,20.75,20.84,20.85,20.45,19.71,19.34,19.50,19.92,20.14,20.22,20.19,20.10,20.07,20.10,20.19,20.35,20.34,20.11,19.83,19.59,19.50,19.51,19.46,19.25,18.85,18.79,18.79,17.01,14.02,13.93,13.50,13.29,14.53,18.56,18.47,18.46,18.36,18.07,17.52,16.78,16.02,15.36,14.92,14.77,14.64,14.63,14.79,14.86,15.05,14.98,14.66,14.63,14.65,14.56,14.38,14.15,13.92,13.64,13.35,13.06,12.72,12.64,12.53,12.46,12.50,12.31,12.17,12.07,11.94,11.88,11.81,11.77,11.58,10.50,9.32,8.38,7.83,7.78,7.80,7.80,7.79,7.79,7.76,7.77,7.80,7.82,7.83,7.83,7.83,7.83,7.82,7.82,7.82,7.82,7.80,7.71,7.63,7.52,7.41,7.34,7.16,7.19,7.32,7.45,7.50,7.48,7.42,7.35,7.32,7.28,7.30,7.38,7.49,7.68,7.81,7.87,7.89,7.90,7.93,7.93,7.92,7.94,7.95,7.96,7.97,7.98,8.00,8.01,8.02,8.03,8.04,8.05,7.97,7.84,7.74,7.77,7.73,7.44,6.73,5.06,4.02,3.46,4.08,7.07,7.09,6.91,6.64,6.38,6.43,6.32,6.25,6.29,6.34,6.33,6.29,6.26,6.18,3.37,4.81,6.40,6.33,6.38,6.38,6.38,6.40,6.46,6.49,5.22,3.82,3.40,5.08,5.07,4.77,4.65,4.69,4.78,4.75,4.67,4.68,4.73,4.85,5.01,5.16,5.20,5.67,5.77,5.57,5.53,5.45,5.47,5.56,5.66,5.77,6.16,6.34,6.24,6.19,6.19,6.15,6.08,5.98,5.58,4.81,4.28,4.25,4.25,4.22,4.21,4.19,4.17,4.16,4.14,4.11,4.05,4.00,3.81,3.64,3.58,3.60,3.63,3.67,3.63,3.40,3.43,3.60
23.29,23.29,23.28,23.21,23.13,23.06,23.00,22.92,22.82,22.86,22.94,22.96,22.81,22.75,22.57,22.25,21.96,21.75,21.59,21.37,20.99,20.78,20.38,20.09,20.04,20.14,20.18,20.16,20.09,19.99,20.18,20.49,20.78,20.91,20.69,19.85,19.37,19.46,19.63,19.69,19.95,20.18,20.09,20.04,20.01,20.11,20.33,20.20,19.96,19.72,19.55,19.53,19.59,19.48,19.20,18.84,18.86,18.86,17.16,14.33,14.14,13.74,14.82,16.81,18.60,18.49,18.55,18.26,17.42,16.62,16.14,15.57,14.95,14.53,14.37,14.21,14.09,14.05,14.15,14.30,14.27,14.06,14.02,13.98,14.00,14.04,13.96,13.76,13.54,13.31,13.07,12.73,12.59,12.42,12.28,12.23,12.11,12.00,11.89,11.78,11.72,11.65,11.57,11.27,10.12,8.98,8.20,7.82,7.77,7.80,7.80,7.79,7.77,7.75,7.76,7.79,7.81,7.84,7.84,7.84,7.84,7.84,7.84,7.84,7.83,7.79,7.65,7.55,7.45,7.35,7.25,7.21,7.27,7.35,7.43,7.47,7.44,7.37,7.29,7.25,7.25,7.29,7.40,7.59,7.73,7.82,7.87,7.90,7.91,7.91,7.92,7.93,7.93,7.93,7.94,7.96,7.97,7.98,8.00,8.01,8.02,8.03,8.04,7.99,7.88,7.74,7.72,7.67,7.14,6.07,5.13,4.45,4.92,6.15,7.16,7.10,6.75,6.45,6.40,6.29,6.05,6.01,6.18,6.25,6.30,6.28,6.25,6.24,5.23,4.69,4.14,3.80,6.06,6.39,6.38,6.38,6.43,6.45,5.92,5.21,4.71,5.16,4.96,4.74,4.69,4.74,4.75,4.69,4.64,4.66,4.70,4.86,4.99,5.09,5.53,5.68,5.69,5.62,5.56,5.50,5.50,5.55,5.64,5.73,5.91,6.01,6.01,5.99,6.05,6.05,6.02,5.99,5.21,4.59,4.27,4.25,4.26,4.22,4.20,4.20,4.16,4.16,4.13,4.09,4.05,3.94,3.73,3.61,3.62,3.55,3.69,3.85,3.90,3.73,3.46,3.47
23.21,23.19,23.19,23.14,23.04,22.96,22.91,22.84,22.74,22.74,22.80,22.87,22.78,22.72,22.54,22.25,21.95,21.74,21.59,21.38,21.01,20.79,20.42,20.12,20.00,20.09,20.15,20.14,20.07,19.96,19.97,20.32,20.73,20.96,20.89,20.12,19.59,19.51,19.54,19.49,19.83,20.23,20.24,20.04,19.96,20.05,20.27,20.12,19.86,19.65,19.56,19.62,19.66,19.45,19.14,18.88,18.94,18.31,16.69,14.65,14.33,14.00,15.87,18.27,18.68,18.56,18.61,18.09,16.76,15.73,15.38,15.03,14.59,14.19,13.95,13.75,13.57,13.40,13.43,13.48,13.48,13.42,13.41,13.32,13.37,13.48,13.52,13.40,13.30,13.17,13.01,12.72,12.55,12.35,12.18,12.05,11.95,11.83,11.72,11.62,11.57,11.49,11.37,11.02,9.90,8.88,8.22,7.88,7.75,7.78,7.79,7.79,7.76,7.75,7.76,7.78,7.80,7.83,7.85,7.86,7.86,7.86,7.86,7.86,7.83,7.76,7.58,7.47,7.38,7.29,7.20,7.25,7.32,7.39,7.44,7.47,7.42,7.34,7.27,7.24,7.29,7.36,7.49,7.69,7.79,7.85,7.88,7.90,7.90,7.90,7.92,7.93,7.92,7.93,7.94,7.95,7.95,7.97,7.99,8.00,8.01,8.02,8.03,8.00,7.91,7.76,7.68,7.55,6.95,5.89,5.36,5.16,6.08,7.31,7.21,7.01,6.62,6.35,6.37,6.10,5.86,5.86,6.04,6.12,6.25,6.29,6.28,6.27,6.26,5.09,3.82,3.47,6.00,6.36,6.35,6.36,6.40,6.42,6.18,5.79,5.40,5.12,4.84,4.71,4.71,4.77,4.72,4.64,4.61,4.66,4.70,4.84,5.05,5.30,5.69,5.69,5.66,5.66,5.59,5.55,5.54,5.56,5.62,5.68,5.76,5.82,5.87,5.89,5.96,5.97,5.93,5.82,4.86,4.41,4.26,4.24,4.24,4.22,4.20,4.19,4.16,4.14,4.11,4.07,4.03,3.86,3.68,3.60,3.62,3.56,3.84,4.08,4.15,3.99,3.57,3.45
23.19,23.07,23.06,23.03,22.94,22.88,22.83,22.75,22.66,22.63,22.68,22.79,22.72,22.63,22.43,22.14,21.93,21.73,21.56,21.38,21.16,20.90,20.56,20.22,19.98,20.06,20.11,20.10,20.04,19.96,19.92,20.25,20.69,20.98,21.03,20.57,20.03,19.66,19.69,19.59,19.87,20.33,20.57,20.10,19.95,20.01,20.14,20.11,19.81,19.63,19.63,19.78,19.71,19.37,19.05,18.97,19.03,16.96,15.40,14.98,14.50,14.29,16.30,18.70,18.78,18.70,18.65,17.83,16.07,14.83,14.48,14.39,14.29,13.93,13.52,13.26,13.07,12.88,12.70,12.58,12.60,12.72,12.78,12.69,12.63,12.65,12.76,12.79,12.86,12.91,12.86,12.68,12.53,12.35,12.17,11.98,11.81,11.68,11.57,11.47,11.44,11.34,11.17,10.84,9.88,9.09,8.47,8.02,7.71,7.75,7.78,7.78,7.75,7.76,7.76,7.77,7.80,7.82,7.85,7.87,7.88,7.88,7.88,7.88,7.82,7.68,7.51,7.38,7.30,7.24,7.20,7.29,7.36,7.43,7.50,7.49,7.43,7.35,7.30,7.32,7.42,7.53,7.65,7.79,7.86,7.89,7.90,7.89,7.86,7.92,7.93,7.92,7.90,7.94,7.94,7.93,7.93,7.96,7.97,7.99,8.00,8.01,8.03,8.02,7.96,7.80,7.65,7.36,6.90,6.30,5.78,6.22,6.86,7.33,7.24,6.78,6.51,6.37,6.27,5.86,5.78,5.82,5.88,5.93,6.16,6.32,6.36,6.26,6.25,6.13,5.97,5.91,6.27,6.30,6.30,6.32,6.36,6.39,5.87,5.37,5.32,4.92,4.71,4.66,4.72,4.78,4.69,4.59,4.58,4.71,4.74,4.81,5.20,5.87,5.64,5.68,5.71,5.69,5.64,5.62,5.60,5.60,5.62,5.62,5.73,5.81,5.83,5.91,5.93,5.92,5.79,5.41,4.56,4.29,4.26,4.23,4.20,4.22,4.20,4.17,4.14,4.11,4.08,4.05,3.98,3.76,3.67,3.60,3.56,3.63,4.10,4.36,4.37,4.17,3.78,3.57
23.08,22.98,22.97,22.94,22.88,22.83,22.78,22.68,22.59,22.51,22.52,22.66,22.62,22.53,22.35,22.09,21.84,21.69,21.54,21.38,21.23,21.00,20.65,20.26,19.94,19.99,20.05,20.06,20.03,19.94,19.89,20.20,20.59,20.86,21.20,21.02,20.58,20.08,19.83,19.68,19.92,20.35,20.64,20.10,19.96,19.98,19.98,19.89,19.72,19.68,19.75,19.86,19.53,19.24,19.07,18.97,17.72,16.31,15.41,15.07,14.75,16.14,17.72,18.79,18.79,18.21,17.36,16.12,14.58,13.51,13.40,13.57,13.70,13.46,13.07,12.83,12.68,12.52,12.43,12.36,12.35,12.38,12.39,12.35,12.27,12.23,12.33,12.33,12.45,12.55,12.54,12.50,12.39,12.26,12.12,11.95,11.79,11.64,11.48,11.32,11.22,11.13,11.00,10.73,10.06,9.46,8.93,8.45,7.99,7.90,7.82,7.76,7.74,7.75,7.75,7.77,7.79,7.81,7.84,7.86,7.88,7.90,7.90,7.86,7.77,7.61,7.46,7.33,7.23,7.17,7.24,7.31,7.38,7.46,7.53,7.50,7.41,7.36,7.36,7.39,7.51,7.62,7.72,7.83,7.91,7.91,7.90,7.89,7.89,7.91,7.91,7.90,7.93,7.93,7.93,7.93,7.94,7.95,7.95,7.97,7.99,8.00,8.01,8.02,7.98,7.84,7.68,7.45,7.13,6.73,6.31,6.85,7.26,7.36,7.24,6.65,6.44,6.29,5.98,5.78,5.77,5.80,5.81,5.81,6.03,6.22,6.32,6.29,6.29,6.33,6.33,6.28,6.29,6.29,6.28,6.30,6.35,5.91,5.54,5.29,5.12,4.77,4.68,4.68,4.72,4.71,4.63,4.60,4.65,4.79,4.83,4.92,5.27,5.79,5.62,5.66,5.70,5.70,5.68,5.67,5.64,5.63,5.64,5.63,5.74,5.81,5.82,5.92,5.94,5.93,5.68,4.92,4.40,4.26,4.24,4.22,4.19,4.20,4.18,4.15,4.14,4.11,4.09,4.04,3.91,3.68,3.65,3.63,3.62,3.76,4.29,4.52,4.44,4.20,3.85,3.66
