3.61,3.47,3.34,3.32,3.15,2.91,2.97,3.11,3.19,3.15,2.97,3.00,2.93,2.96,3.10,3.09,2.93,2.95,3.08,3.14,3.12,3.12,3.12,3.10,3.06,2.91,2.76,2.55,2.10,1.93,1.79,1.69,1.06,1.00,1.02,1.07,1.29,1.84,2.55,3.14,3.26,2.51,2.22,2.14,2.13,2.10,2.14,2.12,2.05,1.97,1.96,1.98,1.99,2.01,2.03,2.05,2.06,2.07,2.11,2.17,2.19,2.18,2.14,2.09,2.06,2.08,2.09,2.07,1.99,2.06,2.15,2.24,2.31,2.40,2.42,2.42,2.44,2.45,2.55,2.67,2.75,2.73,2.68,2.70,2.77,2.88,3.00,2.99,2.97,3.00,3.02,3.07,3.10,3.09,3.03,2.92,2.88,2.93,3.01,3.10,3.11,3.12,3.14,3.14,3.10,3.07,3.03,2.95,2.78,2.66,2.59,2.58,2.55,2.54,2.53,2.52,2.54,2.49,2.55,2.65,2.69,2.70,2.65,2.56,2.48,2.56,2.57,2.53,2.52,2.66,2.67,2.65,2.64,2.63,2.67,2.70,2.72,2.73,2.74,2.78,2.79,2.78,2.77,2.82,2.85,2.87,2.88,2.87,2.86,2.85,2.84,2.83,2.84,2.85,2.86,2.85,2.82,2.80,2.78,2.77,2.80,2.79,2.79,2.82,2.87,2.86,2.87,2.89,2.90,2.95,3.02,3.06,3.08,3.11,3.16,3.17,3.17,3.20,3.23,3.27,3.31,3.33,3.36,3.46,3.54,3.55,3.47,3.59,3.60,3.56,3.52,3.51,3.49,3.45,3.38,3.28,3.20,3.22,3.27,3.27,3.21,3.13,3.06,3.01,3.00,3.02,2.98,2.96,3.08,3.15,3.15,3.14,3.17,3.14,3.15,3.13,3.08,3.05,3.09,3.12,3.18,3.30,3.45,3.50,3.49,3.42,3.35,3.34,3.34,3.30,3.23,3.20,3.15,3.09,3.06,3.12,3.22,3.34,3.44,3.52,3.51,3.59,3.68,3.69,3.65,3.55,3.51,3.55,3.60,3.63,3.66,3.67,3.69,3.70,3.71,3.72
3.68,3.56,3.27,3.29,3.20,3.04,3.01,3.05,3.09,3.11,3.07,3.07,3.00,3.01,3.10,3.05,2.83,2.88,3.01,2.85,2.95,3.02,3.05,3.04,3.09,2.74,2.45,2.26,2.01,1.90,1.59,1.28,1.16,1.06,1.02,1.01,1.05,1.34,3.97,5.08,4.52,3.15,2.39,2.13,2.08,2.03,2.03,2.04,2.04,2.01,1.91,1.92,1.97,2.02,2.04,2.07,2.07,2.08,2.12,2.17,2.17,2.15,2.11,2.07,2.03,2.05,2.07,2.05,2.09,2.09,2.12,2.18,2.24,2.29,2.33,2.38,2.43,2.44,2.54,2.62,2.67,2.69,2.66,2.69,2.77,2.86,2.97,2.98,2.96,2.97,3.01,3.05,3.08,3.07,2.98,2.90,2.88,2.93,3.05,3.11,3.12,3.12,3.12,3.12,3.09,3.06,3.03,2.99,2.85,2.82,2.84,2.85,2.77,2.66,2.58,2.54,2.53,2.52,2.53,2.56,2.59,2.56,2.52,2.49,2.49,2.59,2.55,2.53,2.55,2.64,2.65,2.64,2.64,2.67,2.67,2.74,2.76,2.72,2.75,2.77,2.80,2.81,2.79,2.81,2.85,2.88,2.88,2.88,2.87,2.86,2.85,2.85,2.84,2.85,2.86,2.85,2.81,2.78,2.75,2.73,2.76,2.74,2.79,2.85,2.86,2.87,2.88,2.89,2.91,2.96,3.02,3.07,3.12,3.15,3.18,3.21,3.22,3.22,3.26,3.31,3.34,3.36,3.40,3.50,3.56,3.58,3.56,3.51,3.49,3.51,3.54,3.51,3.49,3.49,3.44,3.24,3.20,3.20,3.21,3.19,3.13,3.06,3.02,3.04,3.07,3.05,3.02,3.00,3.00,3.06,3.11,3.15,3.18,3.18,3.17,3.12,3.07,3.09,3.10,3.21,3.35,3.44,3.55,3.53,3.48,3.43,3.40,3.38,3.33,3.27,3.19,3.17,3.13,3.09,3.07,3.22,3.30,3.38,3.46,3.55,3.58,3.63,3.68,3.67,3.57,3.53,3.52,3.53,3.53,3.50,3.42,3.37,3.41,3.57,3.61,3.61
3.70,3.55,3.31,3.24,3.20,3.14,3.11,3.11,3.13,3.14,3.14,3.11,3.05,3.02,3.05,3.04,3.06,3.00,2.89,2.78,2.91,2.99,3.05,3.09,2.98,2.58,2.29,2.16,2.07,1.85,1.51,1.23,1.21,1.12,1.04,0.99,1.03,1.50,4.50,5.48,4.54,3.07,2.52,2.29,2.14,1.97,1.98,1.97,1.98,1.99,1.89,1.90,1.96,2.02,2.04,2.08,2.10,2.13,2.15,2.18,2.16,2.14,2.10,2.07,2.03,2.03,2.06,2.09,1.97,2.00,2.09,2.19,2.24,2.24,2.28,2.34,2.39,2.41,2.49,2.54,2.56,2.60,2.62,2.66,2.74,2.82,2.95,2.96,2.94,2.95,2.99,3.03,3.06,3.04,2.92,2.87,2.87,2.93,3.07,3.10,3.11,3.10,3.10,3.11,3.08,3.06,3.02,2.98,2.89,2.90,2.94,2.94,2.91,2.81,2.72,2.67,2.65,2.68,2.66,2.62,2.58,2.49,2.47,2.49,2.52,2.59,2.55,2.52,2.53,2.59,2.62,2.64,2.64,2.63,2.71,2.80,2.80,2.74,2.77,2.77,2.79,2.82,2.81,2.80,2.84,2.88,2.88,2.88,2.88,2.87,2.86,2.86,2.84,2.84,2.84,2.83,2.78,2.77,2.75,2.73,2.76,2.77,2.80,2.85,2.86,2.88,2.89,2.90,2.93,2.97,3.02,3.08,3.14,3.18,3.21,3.24,3.27,3.26,3.31,3.34,3.38,3.42,3.48,3.56,3.59,3.58,3.56,3.51,3.48,3.48,3.51,3.50,3.49,3.49,3.43,3.20,3.20,3.20,3.18,3.15,3.08,3.02,3.02,3.07,3.10,3.08,3.06,3.04,2.99,3.02,3.04,3.09,3.16,3.19,3.17,3.12,3.08,3.09,3.19,3.34,3.48,3.54,3.59,3.54,3.49,3.46,3.42,3.38,3.33,3.27,3.15,3.13,3.11,3.11,3.14,3.25,3.32,3.39,3.47,3.56,3.60,3.63,3.65,3.64,3.55,3.50,3.47,3.45,3.46,3.43,3.38,3.33,3.34,3.46,3.47,3.44
3.67,3.48,3.37,3.20,3.17,3.24,3.23,3.23,3.23,3.22,3.20,3.14,3.07,3.01,2.99,3.04,3.43,3.20,2.76,2.82,2.93,2.99,3.07,3.17,2.79,2.43,2.21,2.16,2.19,1.81,1.46,1.25,1.23,1.18,1.07,0.99,1.13,2.14,4.62,5.12,3.94,2.67,2.64,2.51,2.25,1.93,1.94,1.90,1.91,1.94,1.88,1.89,1.96,2.03,2.03,2.09,2.15,2.18,2.18,2.19,2.16,2.14,2.11,2.06,2.04,2.02,2.06,2.15,1.76,1.84,2.05,2.25,2.29,2.25,2.25,2.30,2.34,2.38,2.42,2.45,2.45,2.48,2.56,2.62,2.68,2.76,2.91,2.93,2.91,2.92,2.97,3.02,3.04,3.01,2.86,2.83,2.86,2.93,3.07,3.09,3.09,3.08,3.07,3.10,3.08,3.05,3.01,2.96,2.92,2.94,2.96,2.94,3.00,2.94,2.88,2.85,2.81,2.88,2.85,2.74,2.61,2.47,2.48,2.53,2.56,2.58,2.54,2.51,2.50,2.52,2.60,2.64,2.63,2.55,2.77,2.86,2.85,2.79,2.80,2.78,2.79,2.81,2.85,2.81,2.82,2.86,2.88,2.89,2.88,2.88,2.87,2.85,2.85,2.83,2.81,2.81,2.74,2.76,2.78,2.75,2.77,2.82,2.83,2.83,2.87,2.89,2.90,2.92,2.95,2.98,3.03,3.09,3.15,3.21,3.23,3.27,3.30,3.32,3.35,3.38,3.42,3.47,3.57,3.64,3.62,3.57,3.52,3.55,3.50,3.46,3.46,3.49,3.48,3.47,3.39,3.16,3.19,3.20,3.18,3.12,3.04,3.01,3.04,3.09,3.11,3.10,3.10,3.08,3.02,3.01,2.97,2.99,3.13,3.17,3.15,3.12,3.09,3.08,3.30,3.47,3.58,3.62,3.60,3.54,3.51,3.51,3.43,3.37,3.33,3.27,3.13,3.10,3.10,3.14,3.23,3.24,3.31,3.39,3.48,3.55,3.59,3.62,3.62,3.59,3.56,3.47,3.39,3.34,3.38,3.41,3.42,3.41,3.38,3.36,3.31,3.25
3.47,3.14,3.05,3.14,3.21,3.25,3.26,3.26,3.29,3.31,3.26,3.21,3.13,3.02,2.93,3.05,3.18,3.11,2.92,2.83,2.96,3.06,3.07,2.90,2.51,2.38,2.25,2.13,2.19,1.83,1.43,1.19,1.24,1.16,1.05,0.99,1.46,4.45,5.31,4.93,3.76,2.94,2.76,2.50,2.20,1.91,1.89,1.90,1.90,1.89,1.84,1.88,1.95,2.02,2.05,2.09,2.15,2.19,2.20,2.20,2.18,2.15,2.11,2.08,2.04,2.04,2.10,2.19,1.71,1.60,1.88,2.35,2.54,2.50,2.45,2.43,2.46,2.48,2.46,2.45,2.45,2.46,2.53,2.57,2.61,2.68,2.75,2.83,2.88,2.89,2.93,3.01,3.03,2.95,2.80,2.79,2.87,2.98,3.09,3.08,3.06,3.05,3.06,3.08,3.07,3.05,3.01,2.93,2.94,2.98,2.99,2.95,2.97,2.93,2.88,2.84,2.82,2.84,2.86,2.84,2.75,2.63,2.53,2.51,2.55,2.54,2.52,2.51,2.52,2.53,2.54,2.56,2.58,2.61,2.73,2.82,2.85,2.84,2.81,2.81,2.82,2.83,2.85,2.85,2.84,2.85,2.89,2.90,2.89,2.88,2.87,2.86,2.85,2.83,2.81,2.79,2.77,2.78,2.78,2.77,2.77,2.80,2.82,2.84,2.85,2.89,2.91,2.93,2.97,2.98,3.03,3.09,3.15,3.21,3.26,3.30,3.33,3.37,3.39,3.43,3.48,3.55,3.64,3.64,3.63,3.60,3.56,3.53,3.50,3.48,3.47,3.48,3.48,3.38,3.23,3.17,3.20,3.18,3.14,3.08,3.06,3.07,3.09,3.11,3.12,3.11,3.12,3.12,3.10,3.05,3.00,2.98,3.02,3.03,3.07,3.08,3.08,3.14,3.31,3.46,3.56,3.59,3.54,3.50,3.45,3.41,3.38,3.31,3.25,3.18,3.11,3.09,3.17,3.27,3.29,3.28,3.33,3.40,3.47,3.54,3.57,3.57,3.56,3.52,3.49,3.43,3.38,3.35,3.42,3.48,3.47,3.42,3.41,3.33,3.29,3.26
3.38,3.08,2.98,3.15,3.25,3.27,3.31,3.34,3.38,3.39,3.36,3.27,3.17,3.05,2.92,2.96,3.03,3.01,2.93,2.87,3.00,3.08,2.99,2.65,2.38,2.34,2.23,2.09,2.16,1.86,1.45,1.17,1.21,1.11,1.03,0.99,1.64,5.60,5.54,4.67,3.56,3.02,2.78,2.43,2.11,1.93,1.90,1.92,1.90,1.86,1.82,1.88,1.95,2.02,2.06,2.11,2.14,2.17,2.20,2.20,2.19,2.16,2.13,2.10,2.06,2.04,2.10,2.18,1.59,1.38,1.79,2.54,2.74,2.73,2.66,2.59,2.58,2.61,2.50,2.35,2.19,2.00,2.03,2.29,2.58,2.62,2.65,2.73,2.80,2.82,2.84,2.91,2.92,2.85,2.76,2.77,2.88,3.01,3.08,3.06,3.04,3.03,3.05,3.06,3.06,3.05,3.01,2.92,2.96,3.00,3.01,2.97,2.96,2.92,2.87,2.83,2.82,2.82,2.86,2.88,2.82,2.70,2.56,2.50,2.54,2.51,2.49,2.50,2.51,2.51,2.50,2.52,2.57,2.65,2.70,2.77,2.84,2.87,2.83,2.83,2.84,2.85,2.86,2.87,2.86,2.86,2.89,2.91,2.89,2.88,2.86,2.84,2.81,2.80,2.79,2.79,2.79,2.79,2.80,2.79,2.78,2.79,2.82,2.84,2.84,2.89,2.93,2.95,2.98,3.00,3.04,3.10,3.16,3.21,3.27,3.31,3.36,3.40,3.43,3.47,3.53,3.61,3.69,3.66,3.64,3.61,3.58,3.54,3.51,3.49,3.47,3.49,3.41,3.28,3.16,3.18,3.19,3.15,3.09,3.02,3.06,3.10,3.13,3.13,3.13,3.13,3.14,3.15,3.15,3.08,3.04,3.01,2.98,3.00,3.03,3.05,3.08,3.16,3.32,3.44,3.52,3.55,3.49,3.44,3.39,3.33,3.31,3.25,3.18,3.13,3.09,3.13,3.26,3.36,3.36,3.32,3.34,3.40,3.48,3.52,3.53,3.52,3.50,3.46,3.45,3.41,3.38,3.38,3.42,3.48,3.49,3.45,3.44,3.36,3.32,3.29
3.39,3.34,3.19,3.24,3.28,3.30,3.40,3.48,3.49,3.48,3.48,3.31,3.20,3.09,2.96,2.76,2.98,2.93,2.77,2.93,3.05,3.05,2.83,2.43,2.40,2.33,2.17,2.01,2.09,1.89,1.52,1.19,1.14,1.03,1.00,0.99,1.72,5.48,5.28,4.31,3.35,2.89,2.69,2.28,2.00,2.00,2.00,1.96,1.91,1.85,1.80,1.88,1.96,2.03,2.09,2.14,2.13,2.14,2.16,2.17,2.18,2.18,2.16,2.12,2.08,2.02,2.05,2.14,1.41,1.16,1.79,2.84,2.90,2.94,2.88,2.77,2.69,2.78,2.55,2.14,1.63,1.06,1.02,1.73,2.61,2.60,2.60,2.63,2.68,2.71,2.70,2.70,2.71,2.72,2.72,2.79,2.90,3.01,3.04,3.04,3.02,3.01,3.03,3.05,3.06,3.05,3.01,2.95,2.97,3.01,3.02,2.98,2.95,2.90,2.86,2.83,2.83,2.82,2.82,2.83,2.80,2.65,2.54,2.51,2.53,2.48,2.47,2.46,2.46,2.44,2.48,2.54,2.60,2.66,2.67,2.72,2.80,2.86,2.87,2.85,2.84,2.85,2.87,2.88,2.89,2.89,2.88,2.91,2.89,2.86,2.82,2.79,2.74,2.74,2.78,2.81,2.79,2.81,2.83,2.82,2.80,2.79,2.81,2.83,2.83,2.89,2.94,2.98,3.00,3.02,3.05,3.10,3.16,3.22,3.27,3.32,3.37,3.41,3.46,3.51,3.57,3.64,3.70,3.70,3.65,3.59,3.57,3.56,3.53,3.49,3.47,3.50,3.28,3.16,3.19,3.20,3.16,3.10,3.02,2.95,3.04,3.10,3.14,3.15,3.15,3.15,3.17,3.18,3.15,3.11,3.10,3.08,3.03,3.10,3.06,3.04,3.08,3.14,3.30,3.40,3.45,3.49,3.44,3.37,3.31,3.28,3.22,3.17,3.13,3.10,3.05,3.22,3.34,3.41,3.42,3.37,3.34,3.39,3.48,3.49,3.48,3.47,3.45,3.41,3.43,3.41,3.40,3.41,3.38,3.42,3.47,3.50,3.47,3.42,3.40,3.34
3.34,3.24,3.23,3.26,3.29,3.32,3.46,3.51,3.52,3.51,3.50,3.33,3.22,3.12,3.00,2.81,3.05,2.97,2.80,2.93,2.96,2.84,2.63,2.41,2.34,2.21,2.01,1.83,1.59,1.41,1.24,1.11,1.05,1.01,1.01,1.90,3.75,5.48,4.77,3.87,3.17,2.69,2.44,2.16,2.01,2.06,2.05,1.95,1.86,1.81,1.85,1.92,1.98,2.05,2.13,2.14,2.11,2.11,2.12,2.14,2.18,2.20,2.19,2.15,2.12,2.06,2.07,2.16,1.92,1.92,2.36,2.99,2.99,3.04,2.99,2.88,2.80,2.81,2.70,2.51,2.26,1.99,1.96,1.96,1.58,0.22,2.09,2.72,2.74,2.72,2.70,2.68,2.71,2.76,2.78,2.82,2.87,2.95,3.03,3.03,3.01,3.00,3.02,3.05,3.06,3.04,3.02,2.99,3.00,3.02,3.02,2.99,2.95,2.90,2.85,2.83,2.84,2.82,2.82,2.81,2.77,2.63,2.54,2.50,2.51,2.48,2.45,2.45,2.46,2.46,2.51,2.54,2.57,2.63,2.69,2.71,2.75,2.82,2.87,2.86,2.86,2.86,2.88,2.88,2.90,2.90,2.87,2.86,2.84,2.81,2.78,2.75,2.73,2.76,2.80,2.85,2.81,2.83,2.83,2.82,2.83,2.80,2.80,2.83,2.84,2.90,2.94,2.99,3.02,3.03,3.06,3.11,3.17,3.22,3.28,3.33,3.39,3.43,3.48,3.55,3.62,3.67,3.69,3.67,3.63,3.59,3.56,3.54,3.52,3.50,3.46,3.36,3.19,3.14,3.19,3.17,3.12,3.05,3.00,3.01,3.06,3.11,3.15,3.16,3.17,3.17,3.20,3.22,3.19,3.12,3.09,3.08,3.07,3.07,3.06,3.07,3.10,3.14,3.23,3.30,3.38,3.48,3.42,3.34,3.28,3.23,3.15,3.14,3.14,3.15,3.18,3.34,3.43,3.47,3.47,3.42,3.40,3.42,3.47,3.48,3.48,3.46,3.44,3.42,3.43,3.43,3.42,3.40,3.34,3.37,3.41,3.43,3.40,3.38,3.36,3.30
3.31,3.18,3.23,3.26,3.29,3.33,3.48,3.52,3.53,3.51,3.48,3.33,3.22,3.13,3.02,2.91,3.08,3.03,2.89,2.94,2.86,2.67,2.51,2.44,2.33,2.05,1.82,1.66,1.16,1.02,1.02,1.05,0.99,0.99,1.05,2.70,5.49,5.37,4.28,3.47,2.97,2.49,2.25,2.09,2.04,2.09,2.05,1.92,1.83,1.82,1.92,1.97,2.01,2.07,2.15,2.12,2.08,2.07,2.08,2.10,2.16,2.20,2.21,2.19,2.17,2.12,2.11,2.17,2.34,2.52,2.75,2.97,2.98,3.05,3.02,2.93,2.86,2.81,2.82,2.84,2.82,2.83,2.83,2.32,1.13,-0.89,1.90,2.82,2.83,2.78,2.76,2.74,2.75,2.80,2.84,2.84,2.84,2.88,2.99,3.00,2.97,2.96,2.98,3.03,3.05,3.04,3.02,3.05,3.04,3.03,3.01,3.00,2.95,2.89,2.85,2.83,2.84,2.83,2.82,2.79,2.74,2.60,2.53,2.50,2.49,2.46,2.44,2.44,2.46,2.49,2.53,2.54,2.55,2.60,2.69,2.70,2.72,2.78,2.86,2.87,2.87,2.87,2.88,2.89,2.90,2.90,2.87,2.80,2.78,2.77,2.75,2.72,2.73,2.77,2.82,2.87,2.82,2.83,2.83,2.81,2.84,2.80,2.80,2.83,2.85,2.89,2.94,2.99,3.03,3.04,3.07,3.12,3.18,3.23,3.28,3.34,3.40,3.45,3.50,3.60,3.67,3.69,3.67,3.63,3.61,3.58,3.54,3.52,3.51,3.49,3.44,3.22,3.13,3.14,3.18,3.14,3.08,3.02,3.00,3.07,3.09,3.13,3.16,3.17,3.18,3.20,3.24,3.26,3.23,3.13,3.08,3.08,3.10,3.04,3.07,3.09,3.11,3.12,3.16,3.21,3.31,3.45,3.39,3.31,3.25,3.19,3.11,3.12,3.16,3.22,3.30,3.44,3.50,3.52,3.51,3.45,3.45,3.45,3.46,3.47,3.48,3.46,3.43,3.44,3.43,3.45,3.45,3.42,3.33,3.34,3.36,3.36,3.34,3.32,3.30,3.26
3.37,3.33,3.19,3.22,3.26,3.30,3.42,3.49,3.50,3.47,3.41,3.29,3.19,3.10,3.02,3.01,2.99,3.06,3.10,2.96,2.76,2.66,2.59,2.49,2.49,1.80,1.44,1.10,1.04,1.00,1.00,1.01,1.00,1.00,1.28,3.17,5.69,4.95,3.94,3.21,2.73,2.31,2.21,2.15,2.10,2.05,1.96,1.85,1.84,1.93,2.00,2.05,2.08,2.10,2.10,2.05,2.03,2.02,2.02,2.06,2.11,2.16,2.21,2.24,2.23,2.20,2.16,2.12,2.27,2.38,2.49,2.62,2.75,2.87,2.92,2.89,2.81,2.78,2.82,2.85,2.83,2.84,2.84,2.72,2.43,1.94,2.64,2.89,2.93,2.95,2.93,2.89,2.84,2.79,2.84,2.85,2.85,2.85,2.89,2.89,2.88,2.87,2.86,2.97,3.03,3.03,3.03,3.12,3.08,3.04,3.01,3.00,2.95,2.89,2.85,2.85,2.85,2.83,2.82,2.79,2.72,2.52,2.48,2.48,2.45,2.40,2.43,2.46,2.49,2.53,2.53,2.56,2.58,2.59,2.64,2.69,2.73,2.75,2.80,2.86,2.88,2.87,2.89,2.90,2.91,2.90,2.85,2.77,2.75,2.74,2.72,2.70,2.72,2.76,2.81,2.83,2.77,2.81,2.82,2.81,2.83,2.81,2.81,2.83,2.84,2.88,2.93,2.99,3.03,3.05,3.08,3.12,3.18,3.24,3.29,3.35,3.41,3.46,3.57,3.70,3.75,3.70,3.65,3.60,3.56,3.54,3.49,3.52,3.50,3.45,3.36,3.14,3.13,3.15,3.16,3.08,3.04,3.01,3.02,3.09,3.12,3.14,3.16,3.18,3.19,3.24,3.28,3.29,3.25,3.15,3.12,3.11,3.09,3.11,3.11,3.10,3.08,3.07,3.10,3.16,3.24,3.34,3.34,3.26,3.19,3.15,3.12,3.12,3.20,3.30,3.31,3.47,3.53,3.54,3.50,3.44,3.46,3.47,3.46,3.46,3.45,3.44,3.43,3.43,3.47,3.48,3.51,3.52,3.39,3.35,3.33,3.30,3.29,3.27,3.25,3.23
3.41,3.36,3.25,3.23,3.24,3.28,3.36,3.42,3.43,3.39,3.32,3.25,3.16,3.05,2.96,3.07,3.01,3.08,3.11,2.83,2.68,2.61,2.58,2.52,2.19,1.70,1.26,0.99,1.00,0.98,0.98,0.98,0.98,1.00,1.72,3.20,5.60,4.46,3.64,3.01,2.54,2.22,2.21,2.17,2.09,1.97,1.89,1.86,1.90,1.99,2.04,2.08,2.10,2.10,2.07,2.02,1.99,1.97,1.99,2.02,2.03,2.09,2.18,2.26,2.27,2.26,2.22,2.16,2.22,2.26,2.29,2.34,2.48,2.65,2.79,2.85,2.75,2.80,2.82,2.83,2.85,2.85,2.85,2.85,2.84,2.80,2.86,2.91,2.95,2.97,3.00,2.94,2.86,2.82,2.83,2.88,2.89,2.90,2.93,2.92,2.92,2.90,2.88,2.92,2.95,2.94,2.95,3.00,2.98,2.98,2.98,2.99,2.93,2.88,2.85,2.86,2.85,2.83,2.80,2.76,2.66,2.46,2.45,2.46,2.41,2.37,2.43,2.48,2.52,2.56,2.56,2.57,2.59,2.61,2.63,2.68,2.72,2.75,2.78,2.83,2.87,2.89,2.89,2.90,2.91,2.89,2.84,2.78,2.74,2.71,2.68,2.69,2.70,2.76,2.81,2.80,2.77,2.80,2.81,2.79,2.81,2.80,2.80,2.82,2.84,2.86,2.93,2.99,3.03,3.06,3.09,3.13,3.18,3.24,3.30,3.36,3.42,3.49,3.61,3.74,3.77,3.72,3.66,3.60,3.55,3.50,3.46,3.46,3.45,3.39,3.24,3.13,3.15,3.18,3.15,3.07,3.02,3.02,3.05,3.12,3.14,3.16,3.19,3.22,3.27,3.31,3.32,3.30,3.26,3.20,3.16,3.14,3.14,3.16,3.15,3.13,3.12,3.08,3.09,3.12,3.17,3.26,3.27,3.21,3.15,3.12,3.11,3.16,3.25,3.33,3.34,3.46,3.54,3.56,3.52,3.47,3.48,3.48,3.46,3.44,3.43,3.44,3.45,3.45,3.50,3.50,3.52,3.55,3.47,3.39,3.32,3.27,3.26,3.25,3.24,3.22
3.46,3.35,3.35,3.27,3.23,3.26,3.30,3.34,3.33,3.29,3.23,3.20,3.13,3.00,2.90,3.11,3.08,3.09,3.03,2.65,2.63,2.55,2.52,2.49,1.71,1.24,1.03,1.00,1.00,0.98,0.97,0.97,0.96,0.99,2.39,3.60,5.37,3.97,3.37,2.83,2.38,2.19,2.21,2.16,2.04,1.88,1.84,1.90,1.98,2.03,2.05,2.09,2.09,2.07,2.06,2.00,1.96,1.95,1.98,2.01,1.96,2.02,2.15,2.25,2.29,2.31,2.29,2.24,2.19,2.16,2.14,2.13,2.21,2.42,2.66,2.79,2.71,2.84,2.81,2.81,2.87,2.86,2.86,2.85,2.83,2.79,2.85,2.91,2.94,2.94,3.02,2.93,2.87,2.87,2.82,2.90,2.95,2.99,3.03,3.01,3.00,2.99,2.95,2.91,2.86,2.84,2.84,2.82,2.83,2.89,2.94,2.97,2.90,2.85,2.84,2.86,2.85,2.81,2.78,2.72,2.59,2.43,2.43,2.43,2.37,2.35,2.43,2.50,2.54,2.58,2.60,2.59,2.59,2.64,2.64,2.66,2.71,2.77,2.78,2.80,2.85,2.90,2.90,2.91,2.90,2.87,2.84,2.81,2.76,2.69,2.65,2.69,2.68,2.75,2.81,2.78,2.78,2.79,2.79,2.78,2.80,2.79,2.79,2.81,2.84,2.86,2.92,2.99,3.03,3.07,3.11,3.14,3.19,3.25,3.30,3.36,3.44,3.53,3.63,3.73,3.77,3.73,3.68,3.63,3.56,3.48,3.44,3.38,3.39,3.31,3.12,3.14,3.19,3.20,3.15,3.07,3.01,3.03,3.10,3.16,3.17,3.20,3.23,3.28,3.37,3.39,3.35,3.30,3.28,3.27,3.22,3.19,3.21,3.21,3.18,3.17,3.18,3.13,3.10,3.08,3.11,3.21,3.20,3.16,3.13,3.12,3.11,3.22,3.30,3.34,3.37,3.43,3.53,3.59,3.56,3.51,3.50,3.48,3.45,3.42,3.42,3.44,3.48,3.49,3.53,3.51,3.51,3.55,3.54,3.44,3.33,3.25,3.25,3.24,3.24,3.23
3.58,3.53,3.40,3.28,3.25,3.28,3.31,3.31,3.29,3.26,3.20,3.17,3.11,3.09,3.12,3.12,3.10,3.07,2.95,2.69,2.63,2.52,2.34,2.05,1.41,1.12,1.01,1.00,0.99,1.03,1.05,1.03,0.96,1.01,3.16,4.61,5.12,3.77,3.25,2.75,2.33,2.20,2.14,2.07,1.97,1.87,1.92,1.96,2.02,2.07,2.10,2.11,2.08,2.05,2.01,1.94,1.96,2.02,2.08,2.11,2.08,2.09,2.14,2.16,2.24,2.30,2.33,2.33,2.28,2.22,2.16,2.12,2.21,2.35,2.52,2.68,2.77,2.85,2.82,2.82,2.88,2.87,2.87,2.84,2.80,2.79,2.85,2.90,2.93,2.94,2.97,2.91,2.87,2.87,2.87,2.91,2.96,3.01,3.08,3.08,3.04,3.01,3.00,2.99,2.98,2.97,2.96,2.92,2.82,2.81,2.82,2.82,2.77,2.73,2.74,2.79,2.80,2.77,2.76,2.71,2.51,2.43,2.43,2.41,2.34,2.31,2.41,2.51,2.57,2.61,2.62,2.63,2.64,2.66,2.67,2.69,2.71,2.73,2.76,2.80,2.83,2.86,2.90,2.91,2.90,2.88,2.87,2.84,2.80,2.74,2.69,2.70,2.71,2.77,2.80,2.78,2.77,2.77,2.78,2.79,2.79,2.79,2.80,2.80,2.84,2.86,2.92,2.98,3.03,3.07,3.11,3.15,3.19,3.25,3.32,3.39,3.47,3.55,3.60,3.67,3.71,3.71,3.67,3.63,3.58,3.52,3.47,3.37,3.26,3.18,3.14,3.17,3.18,3.15,3.09,3.02,3.03,3.08,3.16,3.23,3.23,3.26,3.31,3.38,3.38,3.39,3.36,3.31,3.31,3.29,3.29,3.28,3.29,3.31,3.26,3.24,3.24,3.19,3.14,3.11,3.12,3.16,3.14,3.13,3.15,3.20,3.23,3.26,3.30,3.33,3.34,3.39,3.48,3.53,3.51,3.50,3.48,3.44,3.39,3.42,3.40,3.44,3.51,3.51,3.50,3.50,3.55,3.60,3.50,3.42,3.34,3.27,3.22,3.25,3.25,3.23
3.53,3.45,3.40,3.28,3.25,3.28,3.29,3.26,3.20,3.17,3.19,3.19,3.10,3.06,3.09,3.12,3.14,3.02,2.85,2.71,2.62,2.53,2.22,1.66,1.27,1.04,1.00,1.01,1.03,1.05,1.07,1.11,1.23,1.81,3.84,5.06,4.55,3.42,3.01,2.64,2.31,2.19,2.09,1.99,1.92,1.90,1.98,2.02,2.07,2.11,2.12,2.10,2.06,1.99,1.92,1.95,2.03,2.09,2.12,2.16,2.20,2.20,2.17,2.13,2.19,2.26,2.32,2.37,2.35,2.30,2.22,2.16,2.19,2.28,2.41,2.57,2.75,2.81,2.81,2.84,2.90,2.89,2.89,2.83,2.77,2.78,2.84,2.89,2.94,2.96,2.94,2.90,2.87,2.87,2.89,2.92,2.97,3.02,3.09,3.09,3.06,3.03,3.03,3.04,3.03,3.04,3.04,3.00,2.88,2.82,2.78,2.71,2.71,2.69,2.68,2.69,2.70,2.68,2.68,2.64,2.48,2.44,2.43,2.39,2.31,2.29,2.41,2.51,2.58,2.63,2.65,2.66,2.67,2.68,2.70,2.71,2.72,2.72,2.76,2.79,2.82,2.85,2.89,2.90,2.89,2.89,2.88,2.86,2.83,2.78,2.72,2.70,2.72,2.77,2.81,2.78,2.77,2.77,2.78,2.79,2.78,2.79,2.80,2.81,2.84,2.86,2.91,2.97,3.03,3.07,3.11,3.17,3.23,3.28,3.35,3.42,3.50,3.57,3.58,3.62,3.65,3.65,3.65,3.62,3.58,3.53,3.48,3.37,3.21,3.13,3.16,3.18,3.17,3.12,3.06,3.02,3.06,3.12,3.20,3.29,3.29,3.31,3.36,3.42,3.38,3.38,3.36,3.34,3.33,3.33,3.34,3.35,3.36,3.37,3.32,3.30,3.30,3.25,3.19,3.15,3.14,3.16,3.15,3.15,3.18,3.25,3.29,3.29,3.30,3.32,3.33,3.36,3.43,3.49,3.48,3.47,3.46,3.41,3.36,3.40,3.40,3.46,3.53,3.53,3.52,3.53,3.57,3.61,3.48,3.40,3.33,3.27,3.23,3.28,3.28,3.25
3.31,3.12,3.34,3.27,3.23,3.26,3.24,3.19,3.07,3.03,3.20,3.25,3.10,2.89,2.80,3.13,3.17,2.96,2.71,2.72,2.61,2.58,2.17,1.30,1.03,1.00,1.01,1.02,1.11,1.05,1.02,1.22,1.82,3.13,4.71,4.94,3.65,2.91,2.66,2.47,2.30,2.16,2.06,1.94,1.88,1.95,2.02,2.07,2.12,2.14,2.11,2.08,2.01,1.91,1.80,2.03,2.17,2.18,2.11,2.15,2.33,2.35,2.24,2.16,2.14,2.19,2.28,2.36,2.40,2.38,2.33,2.26,2.18,2.23,2.33,2.47,2.66,2.72,2.80,2.87,2.93,2.91,2.90,2.81,2.72,2.77,2.83,2.89,2.94,2.99,2.92,2.88,2.86,2.86,2.89,2.93,2.98,3.02,3.05,3.05,3.04,3.04,3.03,3.04,3.03,3.04,3.06,3.05,2.99,2.92,2.81,2.65,2.72,2.74,2.67,2.55,2.54,2.56,2.55,2.52,2.49,2.46,2.44,2.38,2.28,2.30,2.41,2.52,2.59,2.65,2.68,2.69,2.70,2.71,2.72,2.73,2.73,2.72,2.77,2.77,2.80,2.84,2.88,2.88,2.88,2.88,2.87,2.88,2.85,2.80,2.74,2.67,2.69,2.77,2.82,2.79,2.77,2.78,2.78,2.77,2.78,2.79,2.80,2.82,2.84,2.86,2.89,2.95,3.03,3.07,3.10,3.18,3.29,3.33,3.37,3.45,3.53,3.58,3.56,3.57,3.57,3.56,3.61,3.59,3.55,3.52,3.49,3.37,3.23,3.16,3.18,3.17,3.15,3.09,3.05,3.08,3.10,3.16,3.24,3.32,3.34,3.36,3.39,3.41,3.37,3.36,3.37,3.38,3.35,3.37,3.38,3.39,3.40,3.39,3.36,3.36,3.36,3.31,3.25,3.20,3.18,3.19,3.23,3.21,3.22,3.27,3.30,3.29,3.30,3.32,3.34,3.34,3.39,3.45,3.48,3.43,3.42,3.40,3.38,3.36,3.42,3.51,3.56,3.55,3.61,3.60,3.59,3.58,3.49,3.37,3.30,3.26,3.27,3.34,3.33,3.28
3.32,3.09,3.32,3.33,3.24,3.16,3.15,3.25,3.13,3.08,3.30,3.24,3.18,3.07,2.97,3.05,3.08,2.92,2.70,2.67,2.59,2.51,2.08,1.25,1.03,1.01,1.00,1.01,1.06,1.02,1.21,1.41,1.81,2.84,4.29,4.47,3.24,2.62,2.37,2.26,2.19,2.09,1.97,1.93,1.95,2.01,2.07,2.12,2.14,2.12,2.09,2.03,1.95,1.91,1.94,2.21,2.25,2.16,2.05,2.10,2.26,2.34,2.33,2.25,2.19,2.16,2.20,2.30,2.36,2.38,2.38,2.34,2.27,2.25,2.24,2.30,2.49,2.51,2.72,2.88,2.92,2.92,2.89,2.80,2.71,2.76,2.83,2.88,2.93,2.96,2.91,2.86,2.84,2.85,2.89,2.93,2.99,3.04,3.05,3.05,3.04,3.04,3.04,3.03,3.04,3.05,3.06,3.06,3.03,2.93,2.62,2.06,2.20,2.60,2.78,2.69,2.59,2.46,2.45,2.47,2.47,2.46,2.42,2.37,2.32,2.35,2.41,2.50,2.60,2.67,2.70,2.72,2.73,2.73,2.74,2.75,2.76,2.76,2.76,2.80,2.83,2.85,2.86,2.87,2.87,2.88,2.89,2.86,2.84,2.80,2.76,2.70,2.70,2.75,2.78,2.77,2.77,2.78,2.78,2.77,2.76,2.79,2.80,2.80,2.82,2.83,2.88,2.93,2.98,3.09,3.15,3.23,3.32,3.37,3.39,3.49,3.56,3.56,3.53,3.54,3.55,3.55,3.56,3.54,3.52,3.50,3.48,3.27,3.18,3.17,3.19,3.16,3.12,3.07,3.04,3.09,3.14,3.21,3.28,3.35,3.39,3.42,3.43,3.41,3.37,3.39,3.40,3.40,3.40,3.38,3.36,3.37,3.43,3.42,3.43,3.42,3.41,3.37,3.28,3.19,3.15,3.18,3.23,3.22,3.21,3.24,3.32,3.31,3.32,3.35,3.35,3.34,3.36,3.39,3.43,3.39,3.39,3.40,3.41,3.42,3.46,3.50,3.52,3.53,3.58,3.57,3.57,3.56,3.47,3.35,3.29,3.27,3.28,3.33,3.34,3.32
3.36,3.15,3.31,3.37,3.27,3.13,3.15,3.27,3.19,3.17,3.41,3.23,3.20,3.18,3.12,3.01,3.04,2.90,2.70,2.68,2.58,2.45,2.01,1.27,1.04,1.01,1.00,1.00,1.02,1.00,1.51,1.61,1.91,2.69,3.85,3.98,2.95,2.46,2.19,2.10,2.08,1.99,1.92,1.95,2.01,2.07,2.12,2.15,2.15,2.11,2.07,1.99,1.91,1.90,2.03,2.31,2.25,2.10,2.00,2.08,2.19,2.30,2.36,2.30,2.26,2.18,2.16,2.24,2.30,2.36,2.40,2.41,2.37,2.30,2.21,2.18,2.32,2.35,2.62,2.83,2.88,2.93,2.86,2.76,2.70,2.76,2.81,2.87,2.91,2.94,2.88,2.85,2.83,2.85,2.90,2.94,3.00,3.05,3.05,3.05,3.05,3.04,3.04,3.03,3.04,3.05,3.06,3.07,3.05,2.94,2.50,1.68,1.79,2.47,2.84,2.75,2.60,2.38,2.37,2.45,2.46,2.46,2.41,2.37,2.36,2.40,2.42,2.49,2.59,2.69,2.73,2.74,2.75,2.76,2.77,2.78,2.79,2.79,2.77,2.82,2.84,2.84,2.85,2.85,2.86,2.87,2.89,2.84,2.82,2.80,2.77,2.74,2.74,2.74,2.76,2.77,2.77,2.78,2.79,2.77,2.75,2.79,2.80,2.79,2.80,2.81,2.88,2.93,2.96,3.08,3.18,3.26,3.33,3.40,3.42,3.51,3.59,3.55,3.51,3.51,3.53,3.54,3.53,3.51,3.50,3.47,3.41,3.18,3.15,3.18,3.19,3.14,3.09,3.06,3.06,3.12,3.18,3.24,3.31,3.38,3.43,3.45,3.44,3.41,3.38,3.42,3.43,3.42,3.45,3.41,3.36,3.37,3.44,3.45,3.48,3.48,3.45,3.40,3.28,3.18,3.14,3.18,3.24,3.24,3.22,3.22,3.31,3.31,3.33,3.37,3.36,3.34,3.33,3.34,3.38,3.36,3.38,3.41,3.44,3.49,3.50,3.49,3.47,3.49,3.53,3.53,3.53,3.52,3.43,3.34,3.29,3.29,3.31,3.32,3.34,3.35
3.41,3.32,3.32,3.35,3.33,3.28,3.34,3.20,3.20,3.33,3.50,3.25,3.08,3.07,3.16,3.08,3.13,2.93,2.69,2.83,2.59,2.41,2.01,1.38,1.04,1.00,1.00,0.99,1.01,1.04,1.62,1.78,2.25,3.16,3.65,3.49,2.81,2.52,2.22,2.07,2.00,1.85,1.94,2.02,2.07,2.10,2.14,2.14,2.12,2.09,2.05,1.98,1.91,1.90,2.00,2.18,2.10,1.99,1.97,2.09,2.17,2.23,2.26,2.25,2.35,2.29,2.21,2.20,2.23,2.31,2.38,2.43,2.44,2.39,2.31,2.22,2.17,2.32,2.47,2.63,2.78,2.92,2.78,2.69,2.70,2.74,2.79,2.84,2.90,2.95,2.84,2.84,2.85,2.87,2.91,2.96,3.02,3.06,3.05,3.05,3.05,3.05,3.04,3.04,3.04,3.06,3.07,3.08,3.04,2.96,2.58,1.83,1.74,2.44,2.78,2.60,2.50,2.32,2.34,2.44,2.46,2.45,2.41,2.39,2.39,2.43,2.47,2.50,2.56,2.69,2.74,2.77,2.78,2.79,2.80,2.81,2.82,2.82,2.82,2.82,2.81,2.81,2.83,2.83,2.84,2.83,2.83,2.80,2.80,2.80,2.79,2.79,2.79,2.77,2.78,2.83,2.77,2.81,2.82,2.77,2.76,2.79,2.80,2.79,2.78,2.84,2.91,2.96,2.99,3.04,3.15,3.25,3.33,3.40,3.45,3.52,3.58,3.58,3.50,3.47,3.47,3.50,3.52,3.53,3.53,3.44,3.18,3.16,3.18,3.19,3.18,3.12,3.06,3.07,3.13,3.18,3.22,3.27,3.33,3.41,3.45,3.44,3.42,3.40,3.41,3.43,3.43,3.42,3.46,3.46,3.44,3.43,3.45,3.48,3.49,3.50,3.49,3.37,3.23,3.17,3.18,3.24,3.27,3.29,3.26,3.21,3.25,3.27,3.33,3.38,3.35,3.34,3.32,3.32,3.34,3.36,3.40,3.45,3.49,3.53,3.55,3.48,3.41,3.42,3.47,3.48,3.48,3.44,3.35,3.33,3.31,3.32,3.36,3.31,3.35,3.39
3.37,3.33,3.32,3.35,3.35,3.31,3.22,3.15,3.22,3.34,3.43,3.27,3.13,3.11,3.19,3.19,3.00,2.80,2.72,2.93,2.62,2.45,2.12,1.55,1.06,1.00,1.00,1.00,1.04,1.21,1.54,1.69,2.11,2.82,3.09,2.94,2.52,2.39,2.16,2.00,1.92,1.87,2.00,2.07,2.11,2.12,2.13,2.10,2.07,2.05,2.06,1.98,1.91,1.89,1.96,2.01,1.96,1.93,1.95,2.08,2.14,2.18,2.21,2.24,2.32,2.35,2.32,2.26,2.25,2.25,2.30,2.38,2.44,2.44,2.40,2.32,2.23,2.27,2.32,2.43,2.59,2.72,2.70,2.71,2.77,2.83,2.85,2.87,2.89,2.90,2.81,2.82,2.83,2.85,2.92,2.97,3.02,3.06,3.05,3.05,3.05,3.05,3.04,3.04,3.05,3.06,3.07,3.08,3.06,3.00,2.77,2.36,2.27,2.54,2.63,2.46,2.38,2.27,2.32,2.42,2.43,2.45,2.42,2.40,2.42,2.47,2.51,2.54,2.59,2.68,2.76,2.80,2.81,2.82,2.83,2.83,2.84,2.85,2.86,2.84,2.81,2.81,2.82,2.82,2.82,2.82,2.81,2.80,2.80,2.80,2.80,2.81,2.84,2.82,2.80,2.79,2.80,2.85,2.86,2.82,2.84,2.83,2.83,2.83,2.81,2.85,2.92,2.99,3.04,3.08,3.18,3.27,3.35,3.43,3.48,3.51,3.53,3.53,3.51,3.45,3.43,3.45,3.47,3.49,3.48,3.38,3.16,3.18,3.19,3.18,3.15,3.08,3.07,3.11,3.17,3.22,3.26,3.30,3.35,3.40,3.43,3.43,3.41,3.41,3.42,3.41,3.41,3.41,3.44,3.45,3.44,3.43,3.44,3.47,3.46,3.45,3.42,3.32,3.23,3.20,3.23,3.31,3.33,3.32,3.30,3.25,3.24,3.27,3.29,3.30,3.34,3.34,3.32,3.30,3.32,3.32,3.38,3.44,3.49,3.52,3.53,3.48,3.42,3.43,3.44,3.44,3.42,3.38,3.33,3.32,3.34,3.38,3.43,3.36,3.37,3.40
3.31,3.28,3.32,3.34,3.36,3.31,3.07,3.15,3.24,3.30,3.31,3.28,3.22,3.19,3.23,3.31,2.82,2.63,2.74,2.96,2.63,2.51,2.23,1.69,1.08,0.99,0.99,0.99,1.07,1.50,1.47,1.54,1.83,2.24,2.46,2.42,2.20,2.20,2.06,1.93,1.86,1.95,2.07,2.11,2.13,2.14,2.10,2.05,2.01,2.01,2.09,1.95,1.87,1.87,1.92,1.86,1.85,1.88,1.94,2.06,2.11,2.15,2.19,2.25,2.27,2.37,2.43,2.35,2.30,2.21,2.21,2.31,2.40,2.47,2.47,2.43,2.37,2.25,2.20,2.25,2.37,2.47,2.61,2.75,2.87,2.94,2.93,2.92,2.88,2.81,2.78,2.79,2.81,2.84,2.93,2.98,3.02,3.06,3.06,3.05,3.05,3.05,3.05,3.04,3.05,3.06,3.07,3.08,3.08,3.03,2.98,2.94,2.90,2.66,2.45,2.33,2.26,2.22,2.29,2.39,2.39,2.44,2.43,2.42,2.44,2.50,2.54,2.59,2.63,2.68,2.78,2.82,2.84,2.84,2.85,2.86,2.87,2.88,2.89,2.86,2.83,2.81,2.80,2.80,2.81,2.81,2.81,2.81,2.80,2.80,2.81,2.83,2.88,2.87,2.81,2.73,2.83,2.88,2.89,2.88,2.92,2.87,2.86,2.87,2.84,2.86,2.94,3.03,3.10,3.15,3.23,3.31,3.38,3.48,3.51,3.49,3.46,3.46,3.51,3.45,3.40,3.40,3.41,3.44,3.40,3.30,3.20,3.20,3.20,3.17,3.10,3.05,3.10,3.16,3.20,3.24,3.29,3.33,3.37,3.39,3.40,3.41,3.42,3.42,3.42,3.39,3.38,3.38,3.40,3.41,3.42,3.42,3.43,3.44,3.41,3.37,3.33,3.27,3.27,3.26,3.28,3.38,3.38,3.35,3.32,3.31,3.26,3.29,3.26,3.22,3.31,3.33,3.31,3.29,3.30,3.28,3.35,3.41,3.46,3.50,3.50,3.48,3.46,3.47,3.43,3.40,3.37,3.33,3.34,3.32,3.37,3.45,3.49,3.43,3.40,3.40
3.32,3.30,3.27,3.26,3.30,3.36,3.39,3.36,3.34,3.30,3.23,3.22,3.20,3.24,3.34,3.32,2.83,2.63,2.64,2.63,2.53,2.42,2.06,1.46,1.08,0.99,0.97,0.98,1.07,1.36,1.41,1.54,1.77,2.11,2.27,2.24,2.09,2.09,1.97,1.91,1.94,2.04,2.10,2.14,2.15,2.11,2.08,2.02,2.00,2.05,2.11,1.77,1.68,1.76,1.90,1.91,1.86,1.86,1.95,2.03,2.07,2.15,2.24,2.27,2.30,2.38,2.44,2.43,2.41,2.31,2.24,2.23,2.29,2.39,2.46,2.48,2.46,2.36,2.29,2.24,2.24,2.42,2.54,2.69,2.84,2.94,2.91,2.88,2.83,2.73,2.73,2.75,2.81,2.88,2.94,2.99,3.02,3.04,3.05,3.05,3.05,3.05,3.05,3.05,3.05,3.07,3.08,3.07,3.05,3.02,2.98,2.90,2.69,2.50,2.35,2.25,2.18,2.19,2.27,2.35,2.37,2.42,2.43,2.44,2.47,2.52,2.57,2.61,2.66,2.71,2.78,2.83,2.86,2.87,2.88,2.88,2.89,2.89,2.90,2.87,2.85,2.84,2.84,2.83,2.83,2.82,2.80,2.80,2.80,2.81,2.82,2.83,2.86,2.82,2.76,2.73,2.77,2.81,2.83,2.83,2.84,2.84,2.84,2.85,2.85,2.85,2.97,3.13,3.28,3.21,3.29,3.38,3.46,3.53,3.49,3.44,3.41,3.41,3.44,3.42,3.40,3.38,3.37,3.36,3.30,3.23,3.21,3.22,3.19,3.15,3.10,3.11,3.17,3.21,3.23,3.27,3.31,3.35,3.37,3.37,3.38,3.39,3.40,3.42,3.42,3.39,3.38,3.38,3.39,3.41,3.40,3.40,3.42,3.41,3.38,3.33,3.28,3.27,3.33,3.36,3.38,3.43,3.41,3.35,3.32,3.35,3.34,3.33,3.28,3.25,3.28,3.23,3.26,3.29,3.28,3.30,3.35,3.41,3.45,3.48,3.47,3.47,3.47,3.46,3.40,3.38,3.37,3.36,3.32,3.37,3.42,3.45,3.46,3.43,3.41,3.39
3.27,3.26,3.24,3.22,3.24,3.33,3.58,3.59,3.53,3.41,3.26,3.22,3.20,3.23,3.26,3.19,2.78,2.59,2.54,2.43,2.28,2.26,1.98,1.36,1.05,0.98,0.96,1.00,1.13,1.34,1.44,1.60,1.79,2.05,2.16,2.14,2.03,1.98,1.91,1.92,1.99,2.08,2.12,2.14,2.13,2.06,2.04,2.00,2.02,2.06,2.02,1.62,1.49,1.58,1.77,1.85,1.87,1.90,1.97,2.03,2.07,2.17,2.27,2.28,2.33,2.40,2.45,2.46,2.45,2.39,2.30,2.23,2.26,2.31,2.39,2.47,2.49,2.45,2.39,2.30,2.24,2.35,2.40,2.53,2.70,2.79,2.83,2.82,2.77,2.68,2.69,2.71,2.79,2.90,2.96,3.01,3.03,3.04,3.05,3.05,3.04,3.04,3.04,3.04,3.04,3.05,3.05,3.05,3.02,3.00,2.92,2.75,2.53,2.38,2.27,2.19,2.17,2.21,2.27,2.33,2.36,2.39,2.44,2.48,2.50,2.55,2.59,2.64,2.69,2.73,2.79,2.85,2.89,2.90,2.92,2.93,2.92,2.89,2.89,2.87,2.88,2.88,2.88,2.86,2.84,2.83,2.81,2.81,2.81,2.82,2.84,2.83,2.83,2.79,2.75,2.74,2.76,2.78,2.81,2.82,2.82,2.84,2.85,2.84,2.84,2.86,2.99,3.21,3.42,3.33,3.35,3.42,3.50,3.53,3.47,3.42,3.38,3.36,3.39,3.38,3.37,3.36,3.33,3.29,3.23,3.20,3.24,3.23,3.19,3.14,3.12,3.17,3.21,3.24,3.25,3.29,3.34,3.36,3.35,3.34,3.35,3.37,3.39,3.41,3.41,3.39,3.37,3.37,3.38,3.40,3.38,3.38,3.40,3.39,3.33,3.28,3.26,3.30,3.38,3.44,3.49,3.51,3.49,3.41,3.37,3.39,3.41,3.37,3.32,3.28,3.28,3.23,3.24,3.27,3.28,3.32,3.36,3.40,3.43,3.46,3.44,3.46,3.47,3.44,3.37,3.36,3.38,3.39,3.36,3.43,3.47,3.47,3.44,3.43,3.42,3.39
3.17,3.19,3.22,3.22,3.18,3.23,3.65,3.84,3.81,3.62,3.37,3.26,3.23,3.15,3.01,2.94,2.68,2.52,2.44,2.33,1.89,1.35,1.01,0.99,0.99,0.98,0.98,1.04,1.26,1.42,1.53,1.70,1.88,2.04,2.12,2.10,2.00,1.87,1.89,1.94,2.02,2.09,2.14,2.12,2.07,2.00,1.99,2.01,2.04,2.04,1.85,1.49,1.31,1.33,1.55,1.69,1.87,1.98,2.00,2.05,2.10,2.20,2.30,2.29,2.36,2.42,2.44,2.44,2.44,2.45,2.40,2.31,2.28,2.23,2.29,2.39,2.46,2.52,2.48,2.41,2.34,2.27,2.22,2.30,2.45,2.51,2.70,2.74,2.70,2.67,2.65,2.68,2.77,2.90,2.97,3.02,3.04,3.06,3.06,3.04,3.03,3.02,3.02,3.03,3.01,3.00,3.01,3.01,3.00,2.96,2.80,2.51,2.40,2.30,2.21,2.16,2.22,2.28,2.30,2.31,2.35,2.34,2.44,2.52,2.53,2.57,2.62,2.66,2.71,2.76,2.80,2.87,2.92,2.92,2.97,3.00,2.96,2.87,2.87,2.88,2.92,2.94,2.91,2.88,2.85,2.84,2.84,2.84,2.83,2.84,2.85,2.83,2.79,2.78,2.77,2.76,2.78,2.79,2.82,2.86,2.86,2.87,2.86,2.84,2.81,2.86,3.02,3.27,3.54,3.50,3.42,3.43,3.50,3.48,3.46,3.42,3.38,3.31,3.33,3.32,3.32,3.33,3.31,3.21,3.18,3.21,3.27,3.24,3.18,3.14,3.16,3.23,3.23,3.25,3.28,3.32,3.36,3.35,3.33,3.31,3.33,3.36,3.39,3.40,3.38,3.37,3.37,3.37,3.37,3.39,3.37,3.36,3.37,3.37,3.28,3.23,3.25,3.33,3.43,3.53,3.59,3.61,3.61,3.52,3.44,3.42,3.45,3.42,3.36,3.31,3.31,3.31,3.25,3.23,3.29,3.32,3.36,3.39,3.41,3.41,3.43,3.46,3.46,3.42,3.35,3.35,3.38,3.41,3.44,3.48,3.50,3.49,3.44,3.44,3.43,3.40
3.34,3.24,3.17,3.12,3.12,3.18,3.31,3.56,3.64,3.61,3.52,3.41,3.29,3.13,2.94,2.77,2.63,2.57,2.46,2.08,1.51,1.12,0.96,1.00,1.00,0.99,1.06,1.20,1.47,1.51,1.62,1.79,1.98,2.05,2.07,2.00,1.88,1.88,1.94,2.00,2.06,2.12,2.12,2.09,2.05,2.01,1.96,2.01,1.93,1.69,1.38,1.28,1.29,1.39,1.58,1.75,1.82,1.91,2.02,2.08,2.07,2.17,2.31,2.32,2.38,2.40,2.41,2.42,2.42,2.42,2.41,2.38,2.34,2.27,2.23,2.26,2.37,2.45,2.48,2.47,2.42,2.33,2.26,2.26,2.33,2.48,2.62,2.66,2.65,2.61,2.60,2.63,2.74,2.90,3.03,3.04,3.05,3.06,3.06,3.05,3.04,3.03,3.02,3.02,2.98,2.96,2.95,2.95,2.90,2.76,2.58,2.38,2.28,2.23,2.23,2.24,2.29,2.31,2.33,2.35,2.35,2.36,2.45,2.54,2.59,2.65,2.70,2.74,2.78,2.82,2.87,2.88,2.91,3.01,3.03,3.02,2.97,2.89,2.85,2.93,3.00,3.03,2.99,2.91,2.87,2.86,2.87,2.88,2.87,2.86,2.85,2.83,2.81,2.80,2.79,2.79,2.81,2.83,2.87,2.92,2.94,2.96,2.96,2.97,3.02,2.90,2.99,3.26,3.56,3.49,3.47,3.50,3.54,3.49,3.47,3.44,3.40,3.36,3.31,3.28,3.27,3.27,3.27,3.23,3.22,3.22,3.22,3.19,3.14,3.13,3.20,3.24,3.24,3.25,3.30,3.34,3.36,3.33,3.30,3.29,3.34,3.36,3.39,3.40,3.38,3.38,3.38,3.37,3.37,3.38,3.36,3.34,3.33,3.26,3.24,3.26,3.31,3.39,3.51,3.60,3.66,3.69,3.68,3.55,3.48,3.49,3.45,3.40,3.37,3.34,3.30,3.24,3.23,3.24,3.25,3.29,3.33,3.37,3.39,3.40,3.41,3.42,3.41,3.37,3.35,3.39,3.43,3.46,3.48,3.51,3.52,3.51,3.46,3.44,3.41,3.39
3.74,3.46,3.22,3.05,3.04,3.10,3.07,3.28,3.41,3.47,3.52,3.45,3.29,3.11,2.93,2.68,2.61,2.60,2.46,1.93,1.25,0.99,0.96,1.02,1.02,1.01,1.10,1.26,1.40,1.55,1.70,1.87,2.04,2.03,2.00,1.92,1.81,1.91,1.99,2.05,2.09,2.12,2.09,2.05,2.02,2.00,1.95,2.04,1.86,1.42,1.05,1.14,1.32,1.51,1.68,1.84,1.85,1.89,2.03,2.07,2.05,2.16,2.30,2.34,2.38,2.39,2.38,2.39,2.40,2.40,2.40,2.41,2.38,2.32,2.23,2.19,2.30,2.36,2.44,2.48,2.46,2.40,2.33,2.26,2.26,2.41,2.52,2.58,2.58,2.55,2.54,2.60,2.73,2.90,3.07,3.06,3.05,3.05,3.06,3.05,3.05,3.04,3.03,3.01,2.98,2.94,2.90,2.87,2.75,2.57,2.39,2.27,2.21,2.21,2.25,2.31,2.34,2.36,2.39,2.40,2.38,2.38,2.45,2.54,2.63,2.71,2.76,2.81,2.86,2.90,2.93,2.90,2.93,3.07,3.07,3.03,2.97,2.90,2.83,2.96,3.03,3.04,3.01,2.92,2.88,2.87,2.88,2.91,2.90,2.87,2.85,2.84,2.83,2.83,2.82,2.82,2.84,2.86,2.91,2.98,3.02,3.04,3.05,3.10,3.19,3.03,3.09,3.31,3.57,3.50,3.53,3.57,3.59,3.52,3.49,3.46,3.43,3.41,3.31,3.27,3.24,3.23,3.25,3.25,3.25,3.24,3.19,3.15,3.12,3.15,3.24,3.24,3.22,3.24,3.29,3.34,3.35,3.32,3.29,3.29,3.35,3.37,3.39,3.41,3.37,3.38,3.39,3.38,3.37,3.37,3.35,3.32,3.29,3.20,3.25,3.32,3.39,3.44,3.58,3.67,3.72,3.74,3.70,3.57,3.50,3.52,3.46,3.40,3.38,3.36,3.30,3.23,3.24,3.25,3.22,3.26,3.30,3.34,3.37,3.38,3.37,3.37,3.36,3.33,3.36,3.42,3.47,3.49,3.52,3.54,3.55,3.53,3.49,3.44,3.41,3.39
4.52,3.96,3.46,3.08,2.93,2.97,3.07,3.08,3.10,3.14,3.24,3.26,3.15,3.07,3.01,2.73,2.63,2.58,2.42,1.98,1.24,0.99,0.98,1.04,1.05,1.05,1.06,1.09,1.21,1.53,1.78,1.94,2.03,1.96,1.92,1.88,1.85,1.94,2.01,2.06,2.08,2.07,2.05,2.02,1.98,1.96,1.96,2.11,1.87,1.33,1.03,1.13,1.41,1.71,1.86,2.01,2.01,1.99,2.01,1.98,2.09,2.17,2.24,2.36,2.36,2.36,2.36,2.37,2.38,2.38,2.38,2.38,2.37,2.41,2.34,2.26,2.24,2.28,2.36,2.42,2.45,2.46,2.42,2.35,2.27,2.23,2.38,2.47,2.50,2.50,2.47,2.59,2.74,2.90,3.06,3.06,3.05,3.06,3.05,3.05,3.05,3.04,3.03,3.01,3.00,2.97,2.91,2.77,2.55,2.39,2.28,2.20,2.23,2.26,2.30,2.34,2.36,2.45,2.48,2.47,2.45,2.41,2.43,2.51,2.64,2.72,2.79,2.86,2.93,2.99,3.00,2.98,2.99,3.06,3.05,3.02,2.96,2.86,2.80,2.94,2.96,2.91,2.91,2.90,2.86,2.84,2.87,2.90,2.89,2.88,2.87,2.87,2.86,2.86,2.85,2.85,2.88,2.90,2.95,3.03,3.10,3.11,3.15,3.21,3.26,3.33,3.42,3.50,3.55,3.53,3.61,3.66,3.64,3.58,3.53,3.49,3.46,3.45,3.37,3.30,3.25,3.24,3.26,3.27,3.28,3.26,3.20,3.13,3.14,3.20,3.26,3.18,3.17,3.20,3.24,3.28,3.33,3.32,3.30,3.32,3.36,3.39,3.42,3.42,3.36,3.37,3.39,3.39,3.38,3.37,3.34,3.30,3.24,3.24,3.33,3.43,3.50,3.49,3.64,3.74,3.78,3.76,3.64,3.55,3.50,3.49,3.48,3.43,3.40,3.37,3.30,3.35,3.34,3.29,3.22,3.26,3.26,3.29,3.35,3.33,3.32,3.31,3.31,3.34,3.38,3.45,3.49,3.52,3.54,3.57,3.57,3.55,3.51,3.47,3.43,3.40
4.82,4.50,4.18,3.70,3.26,2.99,3.06,3.04,3.02,3.10,3.36,3.40,3.32,3.23,3.11,2.72,2.57,2.54,2.44,1.99,1.31,1.04,1.00,1.05,1.05,1.07,1.04,1.07,1.29,1.60,1.81,1.93,1.97,1.85,1.85,1.88,1.90,1.97,2.03,2.05,2.03,2.01,2.00,1.96,1.94,1.97,2.06,2.19,2.08,1.79,1.64,1.63,1.74,1.90,2.06,2.12,2.08,2.07,2.12,2.10,2.11,2.15,2.22,2.29,2.29,2.31,2.34,2.34,2.33,2.35,2.35,2.35,2.37,2.42,2.38,2.31,2.29,2.31,2.32,2.35,2.42,2.46,2.44,2.40,2.34,2.28,2.35,2.41,2.44,2.45,2.42,2.56,2.73,2.87,2.95,2.99,3.01,3.02,3.02,3.05,3.05,3.04,3.03,3.02,3.05,2.92,2.70,2.58,2.41,2.29,2.25,2.27,2.32,2.32,2.33,2.36,2.36,2.44,2.49,2.50,2.50,2.45,2.45,2.52,2.64,2.72,2.80,2.87,2.92,2.97,2.98,2.96,2.97,3.00,3.00,2.97,2.91,2.84,2.81,2.90,2.91,2.88,2.89,2.89,2.86,2.85,2.87,2.88,2.89,2.90,2.90,2.90,2.90,2.89,2.88,2.89,2.91,2.93,2.99,3.07,3.15,3.18,3.23,3.28,3.32,3.47,3.56,3.58,3.56,3.58,3.65,3.67,3.64,3.62,3.56,3.52,3.49,3.46,3.42,3.36,3.28,3.23,3.28,3.29,3.29,3.26,3.20,3.11,3.13,3.20,3.25,3.14,3.12,3.15,3.21,3.24,3.29,3.30,3.30,3.31,3.34,3.38,3.41,3.43,3.35,3.36,3.38,3.39,3.39,3.36,3.32,3.29,3.26,3.33,3.41,3.48,3.53,3.56,3.69,3.79,3.82,3.78,3.67,3.58,3.52,3.49,3.47,3.44,3.42,3.40,3.37,3.39,3.37,3.33,3.29,3.24,3.25,3.27,3.29,3.28,3.27,3.27,3.30,3.37,3.39,3.45,3.50,3.52,3.55,3.56,3.56,3.55,3.52,3.47,3.43,3.36
4.91,4.93,4.88,4.42,3.75,3.15,3.05,3.04,3.02,3.13,3.50,3.57,3.52,3.38,3.14,2.69,2.52,2.52,2.45,2.01,1.42,1.11,1.01,1.06,1.19,1.15,1.09,1.15,1.47,1.69,1.83,1.89,1.89,1.75,1.80,1.89,1.95,1.99,2.03,2.02,1.98,1.94,1.94,1.91,1.92,2.00,2.17,2.26,2.31,2.32,2.31,2.20,2.10,2.10,2.24,2.22,2.13,2.13,2.22,2.24,2.10,2.10,2.19,2.21,2.20,2.26,2.30,2.30,2.29,2.31,2.31,2.30,2.36,2.41,2.39,2.35,2.36,2.35,2.28,2.28,2.39,2.44,2.45,2.44,2.42,2.38,2.36,2.37,2.39,2.40,2.37,2.52,2.69,2.80,2.83,2.91,2.95,2.96,2.97,3.03,3.03,3.03,3.03,3.01,3.06,2.82,2.47,2.39,2.30,2.22,2.24,2.37,2.41,2.38,2.37,2.38,2.36,2.41,2.46,2.50,2.53,2.48,2.47,2.53,2.63,2.71,2.79,2.84,2.87,2.91,2.91,2.91,2.90,2.91,2.94,2.91,2.86,2.81,2.85,2.86,2.87,2.87,2.88,2.88,2.86,2.86,2.87,2.87,2.90,2.92,2.92,2.92,2.92,2.92,2.92,2.92,2.94,2.97,3.03,3.11,3.19,3.25,3.30,3.34,3.39,3.56,3.63,3.62,3.58,3.63,3.67,3.66,3.63,3.64,3.59,3.55,3.52,3.46,3.46,3.40,3.30,3.22,3.29,3.30,3.28,3.24,3.20,3.09,3.11,3.17,3.22,3.12,3.08,3.11,3.18,3.21,3.26,3.28,3.28,3.29,3.32,3.36,3.40,3.42,3.35,3.35,3.37,3.39,3.40,3.35,3.30,3.28,3.31,3.42,3.48,3.51,3.55,3.64,3.74,3.81,3.84,3.80,3.73,3.63,3.55,3.50,3.46,3.45,3.44,3.43,3.45,3.41,3.40,3.38,3.35,3.23,3.26,3.27,3.23,3.24,3.22,3.24,3.30,3.40,3.39,3.44,3.49,3.51,3.54,3.55,3.54,3.53,3.50,3.45,3.40,3.31
4.75,4.77,4.74,4.66,4.32,3.73,3.00,2.96,3.00,3.04,3.09,3.41,3.46,3.22,2.81,2.60,2.72,2.61,2.36,2.18,1.64,1.22,0.98,1.12,1.37,1.59,1.69,1.68,1.67,1.78,1.85,1.86,1.80,1.79,1.86,1.93,1.98,2.03,2.01,1.97,1.92,1.86,1.91,1.91,1.94,2.03,2.15,2.25,2.30,2.31,2.31,2.29,2.29,2.30,2.34,2.30,2.20,2.11,2.06,2.05,2.00,2.00,2.05,2.12,2.15,2.19,2.22,2.24,2.28,2.26,2.25,2.26,2.35,2.37,2.36,2.35,2.36,2.31,2.20,2.21,2.36,2.39,2.42,2.44,2.46,2.44,2.42,2.41,2.38,2.33,2.32,2.44,2.57,2.69,2.77,2.87,2.89,2.89,2.91,2.94,2.95,2.97,2.99,2.97,2.78,2.57,2.40,2.35,2.22,2.21,2.27,2.36,2.40,2.42,2.44,2.45,2.38,2.39,2.42,2.45,2.51,2.51,2.49,2.52,2.59,2.69,2.72,2.72,2.73,2.77,2.79,2.79,2.79,2.80,2.82,2.82,2.80,2.81,2.97,2.89,2.86,2.86,2.87,2.87,2.86,2.86,2.86,2.86,2.91,2.94,2.94,2.95,2.95,2.95,2.95,2.96,2.97,3.01,3.07,3.15,3.23,3.31,3.36,3.41,3.50,3.62,3.65,3.65,3.65,3.65,3.67,3.67,3.64,3.61,3.58,3.55,3.52,3.48,3.48,3.35,3.25,3.23,3.27,3.26,3.21,3.16,3.13,3.11,3.08,3.10,3.17,3.21,3.12,3.10,3.16,3.20,3.23,3.24,3.25,3.28,3.30,3.33,3.36,3.38,3.33,3.35,3.39,3.41,3.35,3.30,3.28,3.31,3.41,3.48,3.55,3.61,3.67,3.74,3.78,3.81,3.83,3.81,3.78,3.69,3.59,3.52,3.50,3.48,3.48,3.48,3.51,3.47,3.46,3.43,3.35,3.27,3.28,3.27,3.26,3.30,3.22,3.26,3.35,3.41,3.40,3.45,3.49,3.51,3.52,3.52,3.51,3.50,3.46,3.40,3.30,3.24
4.62,4.62,4.64,4.72,4.63,4.22,3.32,3.00,2.96,2.99,2.92,3.24,3.33,3.10,2.69,2.70,2.87,2.69,2.35,2.18,1.75,1.38,1.17,1.19,1.49,1.67,1.73,1.73,1.80,1.84,1.84,1.81,1.77,1.82,1.89,1.95,1.99,2.01,1.96,1.90,1.86,1.85,1.92,1.95,1.99,2.08,2.15,2.23,2.28,2.31,2.33,2.33,2.35,2.37,2.36,2.33,2.20,2.05,1.94,1.94,1.92,1.86,1.80,1.84,2.03,2.12,2.15,2.17,2.23,2.20,2.20,2.25,2.34,2.35,2.34,2.33,2.33,2.26,2.14,2.14,2.28,2.31,2.34,2.38,2.43,2.46,2.46,2.44,2.40,2.34,2.30,2.35,2.45,2.57,2.67,2.78,2.82,2.83,2.84,2.84,2.83,2.82,2.83,2.80,2.57,2.40,2.32,2.27,2.21,2.23,2.29,2.35,2.40,2.44,2.48,2.49,2.41,2.39,2.40,2.43,2.48,2.50,2.50,2.51,2.55,2.61,2.62,2.62,2.62,2.64,2.67,2.67,2.67,2.69,2.73,2.75,2.76,2.78,2.96,2.91,2.87,2.86,2.86,2.86,2.86,2.86,2.86,2.86,2.92,2.96,2.97,2.97,2.98,2.98,2.98,2.99,3.01,3.04,3.11,3.19,3.26,3.35,3.42,3.48,3.57,3.65,3.67,3.67,3.70,3.67,3.66,3.66,3.63,3.60,3.58,3.55,3.53,3.50,3.47,3.32,3.23,3.25,3.26,3.22,3.16,3.12,3.15,3.16,3.10,3.08,3.13,3.20,3.15,3.12,3.15,3.19,3.20,3.23,3.26,3.29,3.30,3.31,3.34,3.36,3.33,3.35,3.39,3.39,3.32,3.28,3.30,3.36,3.46,3.50,3.56,3.63,3.70,3.76,3.79,3.84,3.87,3.83,3.81,3.70,3.61,3.56,3.53,3.53,3.53,3.53,3.54,3.54,3.51,3.45,3.36,3.32,3.30,3.28,3.27,3.30,3.23,3.26,3.33,3.39,3.40,3.45,3.48,3.50,3.49,3.49,3.48,3.47,3.42,3.33,3.26,3.24
4.50,4.48,4.58,4.65,4.74,4.65,3.92,3.13,2.92,2.96,2.94,3.06,3.16,3.03,2.75,2.94,2.97,2.76,2.41,2.07,1.78,1.65,1.50,1.31,1.71,1.82,1.81,1.78,1.90,1.88,1.82,1.76,1.77,1.83,1.91,1.98,2.00,1.96,1.89,1.83,1.81,1.89,1.97,2.02,2.07,2.12,2.17,2.21,2.26,2.31,2.38,2.33,2.32,2.33,2.33,2.34,2.14,1.94,1.85,1.89,1.85,1.68,1.48,1.41,1.86,2.05,2.10,2.10,2.15,2.13,2.16,2.25,2.34,2.34,2.33,2.31,2.28,2.19,2.10,2.09,2.16,2.20,2.22,2.28,2.37,2.43,2.48,2.47,2.44,2.40,2.30,2.26,2.33,2.46,2.52,2.66,2.74,2.77,2.78,2.74,2.68,2.62,2.59,2.52,2.41,2.30,2.23,2.16,2.24,2.28,2.30,2.35,2.41,2.45,2.49,2.51,2.45,2.39,2.39,2.42,2.43,2.46,2.49,2.51,2.52,2.50,2.51,2.53,2.55,2.52,2.55,2.55,2.54,2.58,2.64,2.69,2.72,2.73,2.84,2.93,2.91,2.85,2.85,2.85,2.86,2.86,2.86,2.87,2.94,2.98,2.99,3.00,3.01,3.01,3.01,3.02,3.04,3.09,3.15,3.22,3.30,3.39,3.47,3.56,3.61,3.66,3.67,3.70,3.75,3.69,3.64,3.62,3.61,3.62,3.58,3.55,3.53,3.51,3.46,3.29,3.23,3.29,3.27,3.19,3.10,3.10,3.25,3.23,3.16,3.11,3.11,3.11,3.17,3.18,3.14,3.19,3.18,3.24,3.31,3.30,3.30,3.31,3.33,3.35,3.33,3.36,3.36,3.34,3.29,3.30,3.36,3.42,3.46,3.49,3.55,3.60,3.67,3.73,3.80,3.89,3.94,3.88,3.82,3.69,3.60,3.60,3.55,3.58,3.59,3.58,3.57,3.60,3.55,3.46,3.36,3.36,3.33,3.29,3.24,3.24,3.25,3.24,3.25,3.34,3.40,3.45,3.47,3.48,3.46,3.45,3.46,3.45,3.39,3.26,3.27,3.29
4.36,4.40,4.51,4.60,4.69,4.68,4.37,3.41,3.05,3.01,2.96,2.88,2.91,2.88,2.80,2.97,2.96,2.88,2.73,2.50,2.14,1.97,1.83,1.66,1.77,1.81,1.82,1.82,1.84,1.78,1.76,1.78,1.82,1.88,1.95,1.97,1.93,1.88,1.83,1.81,1.84,1.91,1.98,2.04,2.11,2.17,2.23,2.28,2.34,2.39,2.43,2.43,2.38,2.32,2.32,2.33,2.24,2.06,1.86,1.84,1.76,1.65,1.54,1.47,1.59,1.78,1.95,2.05,2.08,2.08,2.16,2.29,2.34,2.33,2.32,2.27,2.17,2.09,2.07,2.08,2.12,2.19,2.21,2.20,2.22,2.32,2.39,2.42,2.43,2.42,2.36,2.33,2.34,2.38,2.45,2.54,2.60,2.63,2.64,2.63,2.63,2.59,2.51,2.42,2.32,2.24,2.19,2.23,2.28,2.31,2.32,2.34,2.41,2.46,2.50,2.53,2.50,2.43,2.39,2.39,2.39,2.41,2.45,2.47,2.46,2.46,2.51,2.54,2.53,2.53,2.55,2.54,2.55,2.57,2.61,2.65,2.71,2.76,2.79,2.86,2.87,2.85,2.86,2.84,2.85,2.86,2.86,2.88,2.95,3.00,3.02,3.03,3.04,3.04,3.05,3.06,3.08,3.12,3.18,3.26,3.34,3.43,3.51,3.59,3.66,3.64,3.68,3.73,3.75,3.71,3.67,3.63,3.59,3.58,3.57,3.55,3.53,3.50,3.35,3.27,3.26,3.27,3.24,3.14,3.13,3.19,3.26,3.24,3.21,3.17,3.14,3.13,3.11,3.11,3.14,3.16,3.21,3.27,3.31,3.30,3.31,3.31,3.32,3.34,3.34,3.36,3.35,3.32,3.30,3.35,3.40,3.44,3.48,3.50,3.54,3.58,3.63,3.70,3.76,3.84,3.89,3.87,3.73,3.64,3.61,3.63,3.60,3.60,3.62,3.64,3.66,3.64,3.57,3.49,3.40,3.36,3.36,3.33,3.27,3.28,3.28,3.26,3.26,3.29,3.35,3.42,3.45,3.45,3.44,3.44,3.43,3.40,3.31,3.30,3.28,3.24
4.23,4.29,4.42,4.54,4.63,4.66,4.49,3.52,3.08,2.99,2.96,2.78,2.78,2.83,2.89,3.00,2.98,2.97,2.94,2.79,2.44,2.23,2.06,1.89,1.81,1.81,1.83,1.84,1.77,1.73,1.76,1.82,1.87,1.93,1.96,1.95,1.88,1.81,1.80,1.83,1.89,1.94,2.00,2.05,2.11,2.17,2.23,2.29,2.34,2.38,2.41,2.44,2.38,2.32,2.33,2.33,2.31,2.18,1.97,1.87,1.75,1.68,1.65,1.59,1.52,1.62,1.78,1.89,1.99,2.04,2.14,2.27,2.32,2.31,2.27,2.20,2.08,2.03,2.04,2.07,2.13,2.21,2.23,2.20,2.16,2.22,2.30,2.36,2.40,2.43,2.41,2.40,2.38,2.35,2.40,2.43,2.48,2.53,2.54,2.55,2.57,2.53,2.42,2.32,2.25,2.20,2.19,2.27,2.30,2.32,2.34,2.35,2.41,2.46,2.51,2.54,2.54,2.46,2.41,2.40,2.40,2.42,2.45,2.48,2.47,2.46,2.51,2.53,2.52,2.55,2.57,2.56,2.56,2.58,2.60,2.63,2.68,2.75,2.74,2.78,2.81,2.83,2.85,2.84,2.85,2.86,2.87,2.89,2.97,3.02,3.04,3.06,3.07,3.07,3.08,3.09,3.11,3.16,3.22,3.30,3.39,3.46,3.55,3.62,3.66,3.63,3.68,3.73,3.75,3.71,3.68,3.63,3.58,3.56,3.55,3.54,3.51,3.44,3.27,3.27,3.28,3.25,3.19,3.13,3.19,3.28,3.29,3.27,3.25,3.23,3.18,3.16,3.09,3.09,3.14,3.14,3.25,3.31,3.32,3.30,3.32,3.32,3.33,3.33,3.33,3.35,3.33,3.32,3.34,3.41,3.44,3.46,3.49,3.51,3.53,3.57,3.61,3.66,3.72,3.78,3.83,3.82,3.66,3.62,3.64,3.67,3.65,3.63,3.64,3.68,3.71,3.67,3.60,3.51,3.43,3.38,3.37,3.34,3.29,3.30,3.29,3.29,3.28,3.24,3.30,3.36,3.41,3.42,3.42,3.42,3.40,3.36,3.27,3.31,3.27,3.21
4.13,4.13,4.33,4.43,4.55,4.56,4.10,3.34,2.95,2.86,2.95,2.83,2.86,2.94,3.01,3.02,3.04,3.03,2.97,2.86,2.64,2.40,2.14,1.90,1.81,1.84,1.86,1.83,1.69,1.78,1.84,1.88,1.92,1.96,1.94,1.90,1.84,1.75,1.83,1.91,1.95,1.98,2.01,2.04,2.08,2.11,2.14,2.18,2.21,2.24,2.27,2.30,2.31,2.32,2.35,2.33,2.33,2.30,2.23,2.00,1.85,1.80,1.80,1.80,1.77,1.67,1.57,1.55,1.90,2.02,2.10,2.19,2.26,2.27,2.17,2.05,2.02,2.03,2.01,2.06,2.20,2.28,2.32,2.30,2.24,2.16,2.20,2.27,2.34,2.41,2.45,2.46,2.44,2.40,2.35,2.35,2.41,2.47,2.47,2.50,2.49,2.42,2.29,2.21,2.22,2.23,2.23,2.27,2.30,2.33,2.36,2.39,2.39,2.46,2.52,2.55,2.56,2.49,2.46,2.47,2.49,2.51,2.52,2.54,2.58,2.50,2.49,2.51,2.55,2.58,2.62,2.61,2.60,2.61,2.62,2.63,2.64,2.66,2.68,2.70,2.73,2.77,2.84,2.89,2.89,2.87,2.87,2.90,2.98,3.04,3.07,3.08,3.09,3.10,3.11,3.13,3.15,3.19,3.26,3.35,3.42,3.50,3.58,3.62,3.55,3.62,3.67,3.71,3.75,3.71,3.67,3.63,3.60,3.57,3.51,3.52,3.48,3.29,3.26,3.29,3.29,3.23,3.13,3.19,3.28,3.35,3.34,3.32,3.30,3.28,3.25,3.19,3.13,3.13,3.17,3.13,3.29,3.35,3.34,3.31,3.32,3.33,3.34,3.34,3.29,3.30,3.31,3.34,3.43,3.46,3.46,3.47,3.49,3.51,3.55,3.57,3.59,3.63,3.69,3.74,3.75,3.71,3.64,3.66,3.71,3.75,3.70,3.65,3.67,3.70,3.71,3.68,3.61,3.53,3.47,3.47,3.38,3.31,3.27,3.28,3.27,3.33,3.34,3.22,3.25,3.28,3.33,3.40,3.41,3.38,3.34,3.33,3.34,3.29,3.22,3.22
4.14,4.14,4.28,4.36,4.42,4.32,3.84,3.29,2.98,2.88,2.94,2.81,2.90,3.01,3.05,3.04,3.04,3.01,2.92,2.78,2.58,2.28,2.03,1.92,1.88,1.88,1.85,1.78,1.73,1.81,1.89,1.94,1.95,1.94,1.90,1.84,1.78,1.76,1.85,1.92,1.95,1.98,2.00,2.03,2.05,2.05,2.08,2.11,2.14,2.16,2.19,2.22,2.25,2.27,2.30,2.31,2.32,2.34,2.33,2.17,2.05,1.96,1.94,2.02,1.99,1.89,1.73,1.60,1.89,2.00,2.05,2.10,2.20,2.17,2.09,2.01,2.00,2.02,2.05,2.12,2.23,2.30,2.35,2.34,2.27,2.20,2.20,2.21,2.25,2.33,2.40,2.43,2.45,2.44,2.40,2.37,2.37,2.37,2.36,2.41,2.37,2.29,2.24,2.23,2.26,2.27,2.27,2.29,2.32,2.34,2.37,2.41,2.42,2.46,2.51,2.56,2.59,2.52,2.49,2.52,2.60,2.60,2.60,2.60,2.61,2.58,2.55,2.56,2.57,2.59,2.60,2.61,2.62,2.64,2.63,2.62,2.63,2.64,2.65,2.65,2.66,2.69,2.76,2.79,2.81,2.82,2.84,2.87,2.93,2.99,3.05,3.08,3.11,3.13,3.14,3.16,3.18,3.23,3.30,3.39,3.47,3.54,3.61,3.62,3.56,3.62,3.67,3.71,3.72,3.67,3.65,3.63,3.60,3.57,3.52,3.51,3.44,3.26,3.29,3.30,3.27,3.21,3.19,3.26,3.33,3.37,3.35,3.33,3.32,3.31,3.29,3.25,3.20,3.18,3.17,3.15,3.22,3.30,3.34,3.32,3.31,3.32,3.34,3.33,3.28,3.28,3.32,3.38,3.46,3.48,3.48,3.48,3.50,3.53,3.56,3.58,3.60,3.62,3.67,3.70,3.70,3.67,3.69,3.73,3.78,3.82,3.77,3.75,3.75,3.76,3.74,3.67,3.60,3.55,3.51,3.47,3.40,3.32,3.26,3.26,3.29,3.37,3.39,3.29,3.26,3.26,3.30,3.34,3.34,3.32,3.32,3.33,3.33,3.26,3.26,3.32
4.13,4.13,4.22,4.29,4.25,4.05,3.65,3.25,3.00,2.90,2.94,2.79,2.94,3.06,3.06,3.04,3.02,2.96,2.84,2.65,2.42,2.11,1.91,1.94,1.94,1.91,1.82,1.73,1.79,1.85,1.93,1.98,1.97,1.91,1.86,1.79,1.73,1.80,1.87,1.91,1.93,1.95,1.98,2.01,2.02,2.01,2.04,2.07,2.09,2.12,2.15,2.17,2.19,2.22,2.24,2.29,2.32,2.36,2.39,2.33,2.25,2.14,2.09,2.22,2.19,2.13,2.00,1.80,1.93,2.01,2.04,2.06,2.15,2.08,2.02,2.00,1.99,2.03,2.12,2.20,2.26,2.33,2.39,2.35,2.27,2.24,2.23,2.18,2.17,2.23,2.31,2.37,2.43,2.47,2.45,2.41,2.35,2.29,2.27,2.33,2.27,2.20,2.21,2.28,2.31,2.31,2.30,2.32,2.35,2.36,2.38,2.41,2.45,2.47,2.51,2.58,2.61,2.55,2.53,2.58,2.70,2.68,2.66,2.64,2.63,2.64,2.63,2.62,2.61,2.61,2.59,2.60,2.63,2.67,2.64,2.62,2.63,2.64,2.64,2.62,2.61,2.63,2.68,2.69,2.72,2.76,2.79,2.82,2.86,2.92,3.00,3.06,3.11,3.14,3.16,3.19,3.21,3.27,3.34,3.42,3.50,3.57,3.61,3.61,3.59,3.62,3.67,3.70,3.68,3.62,3.64,3.63,3.59,3.56,3.54,3.48,3.38,3.26,3.32,3.30,3.24,3.18,3.28,3.34,3.37,3.37,3.35,3.35,3.34,3.33,3.31,3.31,3.27,3.22,3.17,3.17,3.15,3.24,3.33,3.33,3.31,3.32,3.33,3.31,3.27,3.28,3.34,3.42,3.48,3.50,3.50,3.50,3.52,3.54,3.56,3.59,3.62,3.63,3.65,3.66,3.66,3.67,3.76,3.80,3.84,3.88,3.84,3.85,3.83,3.79,3.76,3.66,3.60,3.56,3.53,3.46,3.41,3.34,3.27,3.26,3.32,3.39,3.42,3.37,3.30,3.28,3.28,3.29,3.28,3.29,3.32,3.34,3.28,3.24,3.32,3.42
3.85,3.86,4.05,4.10,4.01,3.79,3.51,3.11,2.87,2.82,2.94,2.85,2.97,3.08,3.10,3.02,2.97,2.88,2.74,2.52,2.22,2.04,1.94,1.91,1.93,1.83,1.77,1.78,1.84,1.92,1.95,1.95,1.92,1.86,1.82,1.79,1.80,1.87,1.87,1.88,1.90,1.92,1.95,1.98,2.00,2.01,2.04,2.07,2.09,2.12,2.15,2.17,2.19,2.22,2.25,2.30,2.35,2.41,2.46,2.39,2.33,2.28,2.26,2.31,2.28,2.30,2.26,2.14,2.10,2.10,2.15,2.21,2.16,2.10,2.05,2.01,1.99,2.09,2.20,2.26,2.28,2.48,2.46,2.35,2.23,2.20,2.24,2.22,2.18,2.13,2.19,2.28,2.37,2.43,2.46,2.43,2.39,2.35,2.33,2.33,2.30,2.25,2.22,2.27,2.34,2.36,2.35,2.36,2.38,2.40,2.41,2.41,2.47,2.49,2.53,2.59,2.62,2.54,2.56,2.64,2.72,2.71,2.65,2.62,2.63,2.59,2.61,2.64,2.67,2.67,2.68,2.68,2.67,2.66,2.65,2.65,2.66,2.65,2.64,2.63,2.64,2.66,2.66,2.68,2.71,2.72,2.72,2.75,2.81,2.86,2.91,2.96,3.02,3.07,3.11,3.17,3.22,3.29,3.35,3.40,3.46,3.52,3.54,3.56,3.65,3.62,3.62,3.63,3.65,3.64,3.63,3.61,3.58,3.55,3.53,3.41,3.30,3.30,3.33,3.28,3.21,3.17,3.31,3.38,3.40,3.39,3.38,3.37,3.36,3.35,3.34,3.33,3.31,3.29,3.27,3.18,3.17,3.21,3.27,3.31,3.36,3.32,3.29,3.28,3.22,3.34,3.42,3.45,3.51,3.54,3.54,3.53,3.53,3.55,3.57,3.60,3.62,3.66,3.65,3.64,3.66,3.76,3.82,3.83,3.85,3.88,3.88,3.88,3.82,3.74,3.72,3.64,3.59,3.54,3.50,3.50,3.41,3.35,3.35,3.37,3.35,3.38,3.41,3.36,3.37,3.35,3.32,3.29,3.34,3.36,3.33,3.28,3.20,3.32,3.40,3.45
3.61,3.59,3.78,3.83,3.74,3.54,3.30,2.96,2.80,2.81,2.93,2.89,3.00,3.11,3.13,3.04,2.98,2.83,2.59,2.30,2.10,2.00,1.94,1.90,1.86,1.80,1.79,1.83,1.91,1.97,1.96,1.92,1.87,1.81,1.81,1.83,1.86,1.91,1.89,1.88,1.89,1.91,1.94,1.97,1.99,2.02,2.04,2.07,2.09,2.12,2.15,2.17,2.19,2.22,2.25,2.30,2.36,2.43,2.48,2.39,2.35,2.34,2.35,2.35,2.34,2.38,2.38,2.29,2.25,2.25,2.30,2.35,2.22,2.13,2.06,2.02,2.02,2.12,2.22,2.27,2.30,2.51,2.47,2.36,2.24,2.19,2.24,2.27,2.25,2.16,2.16,2.23,2.30,2.36,2.42,2.42,2.41,2.40,2.38,2.36,2.34,2.30,2.27,2.28,2.36,2.39,2.39,2.41,2.42,2.44,2.44,2.43,2.46,2.50,2.55,2.60,2.62,2.52,2.57,2.69,2.74,2.77,2.68,2.60,2.60,2.58,2.59,2.64,2.68,2.71,2.71,2.70,2.69,2.67,2.67,2.68,2.69,2.70,2.67,2.66,2.67,2.67,2.65,2.68,2.71,2.71,2.70,2.73,2.78,2.82,2.86,2.91,2.96,3.01,3.06,3.14,3.20,3.28,3.35,3.41,3.47,3.48,3.49,3.53,3.65,3.62,3.60,3.60,3.61,3.62,3.61,3.60,3.57,3.55,3.46,3.36,3.30,3.34,3.32,3.25,3.20,3.23,3.38,3.42,3.43,3.41,3.41,3.40,3.39,3.38,3.36,3.35,3.34,3.33,3.32,3.26,3.23,3.22,3.24,3.29,3.35,3.32,3.30,3.30,3.28,3.39,3.44,3.46,3.51,3.55,3.58,3.59,3.58,3.60,3.62,3.63,3.64,3.66,3.64,3.64,3.69,3.84,3.90,3.91,3.89,3.87,3.91,3.88,3.80,3.70,3.67,3.62,3.57,3.51,3.47,3.48,3.41,3.38,3.41,3.42,3.38,3.39,3.40,3.35,3.40,3.35,3.30,3.29,3.38,3.39,3.35,3.29,3.22,3.36,3.43,3.47
3.39,3.33,3.45,3.51,3.47,3.30,3.03,2.80,2.78,2.86,2.92,2.92,3.04,3.14,3.15,3.09,3.04,2.79,2.40,2.03,2.02,1.98,1.93,1.88,1.74,1.80,1.85,1.88,1.98,2.00,1.96,1.89,1.83,1.77,1.83,1.89,1.91,1.92,1.93,1.91,1.89,1.92,1.94,1.97,1.99,2.02,2.05,2.07,2.10,2.13,2.15,2.17,2.19,2.22,2.25,2.29,2.35,2.42,2.46,2.35,2.32,2.35,2.39,2.36,2.38,2.40,2.39,2.34,2.40,2.42,2.47,2.48,2.30,2.18,2.08,2.03,2.06,2.14,2.21,2.26,2.32,2.45,2.45,2.38,2.29,2.20,2.23,2.33,2.37,2.27,2.20,2.20,2.22,2.27,2.34,2.38,2.42,2.43,2.42,2.41,2.36,2.34,2.34,2.31,2.37,2.42,2.44,2.45,2.46,2.47,2.48,2.48,2.45,2.51,2.58,2.63,2.60,2.50,2.58,2.72,2.76,2.84,2.72,2.60,2.55,2.58,2.58,2.61,2.67,2.74,2.72,2.70,2.69,2.68,2.70,2.70,2.73,2.78,2.72,2.69,2.68,2.68,2.64,2.67,2.71,2.73,2.72,2.74,2.76,2.80,2.84,2.89,2.93,2.97,3.02,3.09,3.16,3.26,3.36,3.43,3.50,3.43,3.45,3.54,3.62,3.64,3.61,3.58,3.57,3.56,3.58,3.59,3.57,3.55,3.34,3.31,3.36,3.37,3.30,3.20,3.21,3.36,3.49,3.47,3.45,3.44,3.43,3.42,3.41,3.40,3.39,3.37,3.36,3.35,3.34,3.39,3.32,3.26,3.22,3.26,3.29,3.32,3.34,3.36,3.42,3.44,3.44,3.45,3.50,3.55,3.61,3.65,3.66,3.67,3.68,3.68,3.66,3.64,3.63,3.65,3.74,3.90,3.99,4.00,3.95,3.86,3.92,3.87,3.78,3.68,3.63,3.59,3.53,3.48,3.46,3.43,3.41,3.42,3.44,3.43,3.42,3.43,3.40,3.33,3.43,3.31,3.23,3.28,3.40,3.39,3.36,3.33,3.31,3.38,3.45,3.48
3.37,3.28,3.30,3.28,3.22,3.13,3.01,2.90,2.89,2.90,2.88,2.78,2.98,3.17,3.21,3.13,2.89,2.51,2.17,2.05,2.00,1.96,1.90,1.80,1.80,1.84,1.89,1.95,2.01,1.98,1.91,1.84,1.78,1.86,1.89,1.91,1.92,1.93,1.94,1.94,1.93,1.92,1.94,1.97,1.99,2.02,2.05,2.07,2.10,2.13,2.15,2.17,2.20,2.23,2.25,2.29,2.35,2.41,2.47,2.47,2.42,2.38,2.36,2.35,2.36,2.37,2.37,2.36,2.42,2.43,2.46,2.48,2.39,2.23,2.16,2.16,2.20,2.16,2.15,2.20,2.28,2.38,2.41,2.39,2.33,2.25,2.30,2.39,2.45,2.42,2.34,2.29,2.25,2.23,2.25,2.31,2.37,2.41,2.43,2.42,2.39,2.37,2.37,2.35,2.39,2.44,2.49,2.49,2.50,2.51,2.52,2.53,2.51,2.57,2.63,2.66,2.61,2.60,2.66,2.75,2.79,2.80,2.73,2.67,2.66,2.66,2.67,2.70,2.75,2.81,2.78,2.76,2.73,2.71,2.70,2.68,2.69,2.71,2.68,2.68,2.69,2.70,2.70,2.77,2.80,2.79,2.75,2.75,2.75,2.76,2.79,2.88,2.93,2.97,3.02,3.08,3.17,3.26,3.34,3.40,3.46,3.47,3.49,3.53,3.57,3.59,3.60,3.60,3.57,3.55,3.55,3.55,3.54,3.49,3.36,3.34,3.36,3.33,3.26,3.24,3.31,3.42,3.47,3.49,3.48,3.46,3.46,3.45,3.44,3.43,3.41,3.39,3.38,3.36,3.36,3.41,3.38,3.34,3.30,3.26,3.34,3.37,3.35,3.34,3.45,3.45,3.43,3.43,3.47,3.50,3.57,3.62,3.62,3.68,3.64,3.62,3.63,3.60,3.63,3.65,3.71,3.85,3.91,3.97,4.00,3.99,3.89,3.81,3.74,3.67,3.62,3.56,3.53,3.50,3.49,3.48,3.47,3.47,3.48,3.50,3.50,3.49,3.47,3.41,3.43,3.34,3.30,3.35,3.33,3.29,3.29,3.32,3.32,3.37,3.46,3.52
3.37,3.28,3.20,3.17,3.12,3.07,3.05,2.97,2.95,2.93,2.85,2.72,2.89,3.06,3.11,2.94,2.63,2.28,2.03,2.06,1.97,1.94,1.88,1.79,1.84,1.88,1.93,1.99,2.01,1.94,1.86,1.80,1.79,1.92,1.94,1.92,1.92,1.94,1.95,1.96,1.96,1.94,1.95,1.97,1.99,2.02,2.05,2.07,2.10,2.13,2.15,2.17,2.20,2.23,2.25,2.28,2.34,2.40,2.47,2.54,2.47,2.43,2.40,2.37,2.39,2.37,2.36,2.39,2.44,2.46,2.46,2.45,2.39,2.27,2.24,2.27,2.32,2.22,2.18,2.19,2.24,2.30,2.36,2.37,2.34,2.27,2.35,2.44,2.50,2.50,2.39,2.33,2.28,2.25,2.22,2.26,2.31,2.37,2.42,2.43,2.42,2.41,2.40,2.39,2.41,2.47,2.52,2.54,2.55,2.55,2.57,2.59,2.57,2.62,2.66,2.67,2.62,2.66,2.72,2.78,2.81,2.80,2.77,2.75,2.75,2.74,2.75,2.78,2.83,2.88,2.85,2.82,2.79,2.76,2.72,2.69,2.69,2.70,2.71,2.71,2.71,2.71,2.73,2.83,2.88,2.88,2.84,2.79,2.78,2.77,2.79,2.89,2.95,3.00,3.04,3.11,3.19,3.27,3.34,3.39,3.45,3.51,3.53,3.52,3.52,3.54,3.57,3.59,3.57,3.55,3.54,3.53,3.51,3.43,3.36,3.37,3.36,3.30,3.24,3.30,3.38,3.46,3.46,3.50,3.51,3.49,3.48,3.47,3.46,3.45,3.43,3.41,3.39,3.38,3.38,3.43,3.40,3.37,3.33,3.28,3.38,3.40,3.37,3.35,3.42,3.45,3.45,3.44,3.43,3.46,3.53,3.57,3.58,3.64,3.60,3.58,3.60,3.59,3.65,3.67,3.70,3.79,3.86,3.94,4.01,4.02,3.88,3.77,3.70,3.66,3.62,3.56,3.54,3.54,3.53,3.53,3.52,3.53,3.55,3.56,3.55,3.53,3.49,3.45,3.41,3.36,3.35,3.37,3.29,3.28,3.31,3.35,3.31,3.33,3.41,3.48
3.40,3.35,3.17,3.25,3.25,3.17,3.18,2.99,2.96,2.94,2.82,2.79,2.75,2.76,2.76,2.41,2.24,2.12,2.04,2.03,1.95,1.90,1.88,1.86,1.88,1.94,1.98,2.00,1.96,1.89,1.80,1.79,1.89,1.95,1.95,1.93,1.92,1.94,1.95,1.97,1.98,1.98,1.96,1.97,2.00,2.02,2.05,2.07,2.10,2.13,2.15,2.17,2.20,2.23,2.25,2.27,2.33,2.39,2.46,2.53,2.47,2.50,2.56,2.46,2.48,2.43,2.39,2.44,2.48,2.50,2.47,2.39,2.26,2.26,2.30,2.36,2.42,2.35,2.31,2.25,2.17,2.22,2.31,2.34,2.31,2.25,2.38,2.46,2.50,2.50,2.32,2.29,2.32,2.35,2.30,2.25,2.25,2.31,2.40,2.46,2.46,2.44,2.44,2.45,2.44,2.48,2.55,2.58,2.59,2.60,2.62,2.67,2.64,2.67,2.68,2.65,2.63,2.68,2.75,2.81,2.84,2.86,2.85,2.84,2.83,2.82,2.83,2.86,2.91,2.95,2.92,2.89,2.86,2.82,2.79,2.76,2.76,2.78,2.82,2.77,2.73,2.71,2.74,2.82,2.96,3.04,3.01,2.87,2.84,2.84,2.86,2.92,3.02,3.06,3.10,3.17,3.23,3.30,3.36,3.41,3.49,3.53,3.54,3.52,3.48,3.50,3.52,3.54,3.57,3.55,3.53,3.52,3.49,3.34,3.36,3.38,3.35,3.27,3.27,3.36,3.44,3.47,3.45,3.52,3.53,3.51,3.51,3.50,3.49,3.48,3.45,3.43,3.41,3.40,3.41,3.44,3.40,3.33,3.30,3.33,3.39,3.41,3.41,3.41,3.33,3.44,3.50,3.48,3.37,3.42,3.48,3.52,3.54,3.53,3.56,3.58,3.59,3.62,3.68,3.71,3.72,3.72,3.83,3.90,3.94,3.94,3.91,3.77,3.69,3.65,3.63,3.59,3.58,3.58,3.57,3.55,3.55,3.59,3.63,3.59,3.57,3.52,3.47,3.42,3.36,3.37,3.37,3.32,3.29,3.38,3.44,3.42,3.26,3.27,3.29,3.34
3.43,3.38,3.26,3.33,3.33,3.22,3.12,3.01,2.99,2.98,2.94,2.88,2.73,2.64,2.61,2.36,2.22,2.11,2.03,1.99,1.89,1.87,1.89,1.91,1.96,1.99,1.99,1.97,1.89,1.82,1.79,1.83,1.94,1.97,1.96,1.93,1.92,1.94,1.96,1.97,1.99,2.00,1.99,1.99,2.00,2.02,2.05,2.07,2.10,2.13,2.15,2.18,2.20,2.23,2.25,2.27,2.32,2.38,2.45,2.52,2.46,2.49,2.55,2.45,2.45,2.43,2.43,2.50,2.50,2.49,2.43,2.35,2.29,2.34,2.39,2.43,2.47,2.44,2.39,2.31,2.23,2.25,2.29,2.31,2.30,2.29,2.43,2.52,2.54,2.50,2.36,2.31,2.33,2.37,2.30,2.27,2.28,2.32,2.39,2.50,2.50,2.48,2.47,2.47,2.48,2.51,2.56,2.60,2.61,2.60,2.63,2.69,2.69,2.70,2.68,2.65,2.69,2.74,2.79,2.85,2.91,2.93,2.93,2.92,2.92,2.90,2.92,2.95,2.98,3.01,2.98,2.95,2.92,2.89,2.86,2.84,2.83,2.86,2.91,2.90,2.87,2.83,2.80,2.90,3.03,3.11,3.11,2.96,2.92,2.91,2.93,2.97,3.03,3.08,3.13,3.20,3.30,3.38,3.43,3.46,3.53,3.55,3.55,3.53,3.48,3.47,3.47,3.49,3.52,3.53,3.55,3.50,3.41,3.35,3.39,3.37,3.32,3.27,3.32,3.41,3.48,3.50,3.50,3.52,3.53,3.54,3.53,3.52,3.51,3.50,3.47,3.45,3.43,3.42,3.43,3.45,3.37,3.31,3.32,3.40,3.49,3.50,3.48,3.44,3.38,3.43,3.48,3.51,3.47,3.41,3.43,3.46,3.50,3.53,3.57,3.59,3.60,3.62,3.67,3.70,3.71,3.70,3.80,3.82,3.83,3.84,3.84,3.74,3.69,3.67,3.63,3.60,3.60,3.60,3.59,3.58,3.58,3.59,3.61,3.57,3.54,3.47,3.41,3.39,3.37,3.36,3.35,3.34,3.38,3.47,3.51,3.48,3.38,3.32,3.28,3.28
3.46,3.39,3.34,3.40,3.37,3.23,3.05,3.05,3.02,3.02,3.05,2.94,2.73,2.59,2.53,2.40,2.26,2.12,2.00,1.93,1.85,1.86,1.91,1.96,2.03,2.03,1.99,1.92,1.82,1.77,1.79,1.87,1.97,1.98,1.96,1.94,1.93,1.94,1.96,1.98,1.99,2.01,2.02,2.01,2.01,2.02,2.05,2.08,2.10,2.13,2.15,2.18,2.20,2.23,2.25,2.27,2.31,2.37,2.44,2.51,2.45,2.46,2.49,2.42,2.38,2.41,2.47,2.54,2.52,2.48,2.41,2.34,2.34,2.43,2.47,2.49,2.50,2.50,2.43,2.37,2.32,2.32,2.31,2.30,2.30,2.33,2.47,2.57,2.58,2.50,2.43,2.35,2.34,2.37,2.31,2.32,2.33,2.36,2.41,2.52,2.55,2.53,2.49,2.49,2.52,2.54,2.58,2.61,2.62,2.62,2.64,2.70,2.74,2.73,2.68,2.65,2.75,2.79,2.83,2.88,2.98,3.01,3.01,3.01,3.00,2.99,3.00,3.03,3.06,3.08,3.05,3.02,2.99,2.96,2.94,2.91,2.91,2.94,2.99,3.03,3.03,2.99,2.89,3.01,3.09,3.15,3.17,3.05,3.00,2.98,3.00,3.04,3.06,3.11,3.17,3.23,3.36,3.46,3.51,3.51,3.55,3.55,3.55,3.54,3.50,3.46,3.44,3.45,3.46,3.50,3.53,3.46,3.35,3.38,3.41,3.36,3.30,3.29,3.37,3.45,3.51,3.55,3.55,3.53,3.54,3.57,3.56,3.55,3.53,3.51,3.49,3.47,3.45,3.44,3.44,3.43,3.34,3.32,3.38,3.47,3.57,3.59,3.54,3.47,3.46,3.42,3.45,3.52,3.56,3.43,3.41,3.44,3.48,3.56,3.59,3.61,3.62,3.61,3.64,3.67,3.69,3.69,3.75,3.74,3.73,3.75,3.76,3.71,3.69,3.69,3.63,3.61,3.61,3.61,3.61,3.60,3.59,3.58,3.57,3.54,3.50,3.42,3.36,3.37,3.38,3.36,3.35,3.38,3.48,3.54,3.54,3.52,3.50,3.40,3.32,3.27
3.46,3.39,3.31,3.39,3.34,3.18,3.06,3.11,3.07,3.00,2.97,2.82,2.72,2.63,2.54,2.42,2.25,2.06,1.90,1.83,1.87,1.91,1.95,1.98,2.03,2.00,1.95,1.88,1.79,1.79,1.85,1.91,1.96,1.98,1.97,1.96,1.95,1.93,1.95,1.97,2.00,2.02,2.03,2.04,2.03,2.02,2.05,2.08,2.10,2.13,2.15,2.18,2.20,2.23,2.25,2.27,2.31,2.36,2.43,2.50,2.48,2.46,2.43,2.38,2.28,2.35,2.46,2.49,2.48,2.48,2.47,2.43,2.39,2.45,2.48,2.50,2.51,2.48,2.43,2.40,2.41,2.40,2.42,2.37,2.32,2.32,2.48,2.58,2.60,2.53,2.49,2.42,2.38,2.37,2.38,2.40,2.43,2.45,2.48,2.55,2.61,2.61,2.55,2.52,2.55,2.58,2.59,2.60,2.65,2.68,2.70,2.75,2.76,2.75,2.70,2.65,2.75,2.82,2.86,2.91,3.02,3.08,3.09,3.09,3.08,3.07,3.09,3.12,3.14,3.14,3.11,3.09,3.06,3.03,3.01,2.98,2.98,3.01,3.08,3.16,3.19,3.15,3.06,3.10,3.12,3.16,3.19,3.08,3.06,3.07,3.08,3.13,3.18,3.23,3.28,3.32,3.43,3.50,3.53,3.54,3.53,3.53,3.55,3.56,3.52,3.48,3.44,3.42,3.42,3.43,3.41,3.39,3.39,3.40,3.39,3.33,3.29,3.37,3.40,3.45,3.51,3.58,3.61,3.59,3.59,3.58,3.58,3.57,3.56,3.53,3.51,3.49,3.46,3.46,3.43,3.31,3.33,3.41,3.48,3.52,3.58,3.59,3.56,3.52,3.48,3.44,3.43,3.46,3.51,3.50,3.50,3.50,3.53,3.56,3.60,3.63,3.63,3.63,3.62,3.63,3.64,3.65,3.69,3.69,3.69,3.72,3.72,3.70,3.70,3.69,3.65,3.61,3.61,3.63,3.62,3.62,3.59,3.56,3.54,3.53,3.44,3.38,3.37,3.40,3.34,3.36,3.42,3.48,3.54,3.55,3.53,3.52,3.50,3.47,3.42,3.33
3.44,3.38,3.28,3.31,3.25,3.12,3.08,3.08,3.01,2.93,2.88,2.76,2.71,2.66,2.56,2.34,2.17,2.00,1.86,1.85,1.91,1.96,2.00,2.01,2.02,1.97,1.90,1.85,1.82,1.87,1.91,1.93,1.94,1.99,1.98,1.97,1.96,1.93,1.95,1.97,2.00,2.02,2.04,2.05,2.05,2.04,2.05,2.08,2.10,2.13,2.15,2.18,2.20,2.23,2.25,2.28,2.31,2.35,2.42,2.48,2.47,2.43,2.39,2.35,2.27,2.34,2.43,2.46,2.47,2.50,2.51,2.50,2.46,2.47,2.49,2.51,2.51,2.45,2.42,2.42,2.43,2.43,2.45,2.42,2.37,2.33,2.43,2.53,2.58,2.55,2.52,2.48,2.44,2.42,2.45,2.45,2.48,2.53,2.56,2.61,2.67,2.68,2.62,2.55,2.58,2.62,2.66,2.66,2.71,2.74,2.76,2.80,2.80,2.77,2.71,2.66,2.77,2.85,2.90,2.97,3.10,3.16,3.18,3.17,3.15,3.16,3.18,3.20,3.21,3.21,3.18,3.16,3.13,3.09,3.08,3.05,3.05,3.08,3.17,3.27,3.32,3.31,3.23,3.19,3.16,3.17,3.22,3.15,3.15,3.15,3.16,3.22,3.30,3.35,3.38,3.42,3.48,3.51,3.54,3.55,3.54,3.53,3.55,3.56,3.55,3.50,3.47,3.44,3.39,3.41,3.39,3.39,3.42,3.41,3.36,3.32,3.33,3.41,3.43,3.48,3.53,3.60,3.65,3.65,3.64,3.62,3.61,3.60,3.58,3.55,3.53,3.50,3.47,3.43,3.37,3.31,3.36,3.46,3.55,3.60,3.62,3.62,3.60,3.55,3.50,3.48,3.45,3.42,3.45,3.48,3.50,3.52,3.55,3.58,3.61,3.63,3.62,3.63,3.62,3.62,3.63,3.63,3.65,3.67,3.68,3.68,3.71,3.72,3.71,3.69,3.66,3.62,3.62,3.63,3.64,3.62,3.58,3.55,3.51,3.46,3.40,3.38,3.37,3.36,3.36,3.41,3.48,3.55,3.57,3.55,3.53,3.52,3.50,3.49,3.47,3.41
3.43,3.37,3.24,3.20,3.13,3.04,3.11,3.00,2.90,2.82,2.77,2.72,2.70,2.68,2.59,2.20,2.05,1.93,1.86,1.93,1.96,2.01,2.05,2.04,2.00,1.93,1.86,1.83,1.88,1.97,1.98,1.95,1.93,2.00,1.98,1.97,1.97,1.93,1.94,1.97,2.00,2.02,2.04,2.06,2.07,2.08,2.06,2.08,2.10,2.13,2.15,2.18,2.20,2.23,2.25,2.28,2.30,2.34,2.41,2.46,2.45,2.40,2.35,2.32,2.31,2.35,2.39,2.42,2.46,2.51,2.54,2.54,2.52,2.49,2.49,2.51,2.50,2.43,2.42,2.42,2.42,2.43,2.44,2.45,2.44,2.35,2.34,2.44,2.54,2.56,2.53,2.53,2.52,2.51,2.51,2.48,2.52,2.59,2.64,2.69,2.73,2.74,2.70,2.60,2.61,2.67,2.75,2.77,2.79,2.80,2.82,2.85,2.84,2.79,2.72,2.67,2.79,2.89,2.95,3.04,3.20,3.25,3.26,3.24,3.23,3.24,3.27,3.28,3.27,3.28,3.25,3.22,3.19,3.15,3.15,3.13,3.12,3.16,3.26,3.36,3.44,3.47,3.41,3.27,3.20,3.20,3.25,3.25,3.24,3.23,3.24,3.31,3.42,3.47,3.49,3.52,3.53,3.52,3.53,3.57,3.56,3.55,3.54,3.55,3.57,3.52,3.52,3.48,3.39,3.42,3.42,3.43,3.45,3.41,3.32,3.33,3.39,3.42,3.47,3.52,3.56,3.60,3.68,3.71,3.70,3.67,3.63,3.62,3.59,3.57,3.55,3.51,3.47,3.37,3.29,3.38,3.41,3.49,3.60,3.69,3.68,3.67,3.63,3.57,3.52,3.54,3.49,3.41,3.40,3.42,3.46,3.51,3.55,3.60,3.62,3.62,3.61,3.61,3.62,3.63,3.63,3.62,3.61,3.66,3.67,3.64,3.73,3.75,3.73,3.69,3.67,3.63,3.62,3.64,3.65,3.61,3.58,3.54,3.48,3.35,3.39,3.40,3.36,3.30,3.41,3.49,3.55,3.60,3.59,3.56,3.53,3.52,3.50,3.48,3.48,3.49
3.38,3.33,3.17,3.09,3.04,3.04,3.12,2.92,2.85,2.82,2.76,2.74,2.73,2.60,2.34,2.09,1.95,1.89,1.91,1.98,2.04,2.07,2.06,2.01,1.96,1.87,1.85,1.90,1.99,2.01,1.99,1.96,1.93,1.98,1.98,1.98,1.98,1.93,1.94,1.97,1.99,2.01,2.04,2.06,2.07,2.09,2.09,2.09,2.10,2.13,2.15,2.18,2.20,2.23,2.26,2.28,2.29,2.33,2.40,2.45,2.43,2.40,2.35,2.31,2.34,2.38,2.41,2.43,2.44,2.46,2.50,2.53,2.48,2.48,2.49,2.49,2.46,2.42,2.44,2.45,2.43,2.44,2.45,2.46,2.46,2.44,2.41,2.43,2.48,2.52,2.52,2.56,2.57,2.56,2.56,2.57,2.58,2.61,2.68,2.73,2.78,2.79,2.74,2.62,2.62,2.66,2.71,2.76,2.82,2.86,2.88,2.88,2.89,2.86,2.79,2.73,2.84,2.96,3.06,3.16,3.27,3.33,3.34,3.32,3.30,3.32,3.35,3.35,3.34,3.35,3.32,3.29,3.26,3.23,3.22,3.20,3.20,3.24,3.34,3.45,3.54,3.60,3.60,3.30,3.19,3.19,3.25,3.31,3.32,3.31,3.33,3.41,3.53,3.56,3.54,3.50,3.49,3.51,3.53,3.56,3.57,3.57,3.56,3.55,3.56,3.55,3.54,3.52,3.49,3.45,3.46,3.47,3.45,3.37,3.38,3.40,3.43,3.44,3.49,3.55,3.61,3.65,3.70,3.75,3.77,3.75,3.71,3.66,3.60,3.56,3.54,3.50,3.39,3.33,3.35,3.45,3.57,3.63,3.68,3.77,3.74,3.72,3.66,3.57,3.53,3.51,3.48,3.43,3.37,3.45,3.47,3.50,3.55,3.62,3.62,3.62,3.62,3.62,3.62,3.62,3.61,3.58,3.64,3.64,3.64,3.65,3.72,3.75,3.75,3.72,3.68,3.66,3.65,3.64,3.64,3.60,3.56,3.49,3.41,3.39,3.41,3.38,3.36,3.38,3.48,3.57,3.62,3.64,3.62,3.57,3.53,3.51,3.49,3.48,3.47,3.46
3.36,3.30,3.14,3.03,3.01,3.05,3.07,2.86,2.81,2.80,2.73,2.72,2.66,2.47,2.16,1.99,1.90,1.90,1.96,2.02,2.08,2.08,2.04,1.97,1.90,1.86,1.89,1.98,2.06,2.05,2.02,1.97,1.93,1.98,1.98,1.99,1.99,1.93,1.94,1.96,1.98,2.01,2.03,2.05,2.08,2.09,2.11,2.11,2.11,2.13,2.16,2.18,2.20,2.23,2.26,2.28,2.29,2.32,2.39,2.44,2.42,2.38,2.34,2.31,2.36,2.40,2.42,2.43,2.43,2.44,2.48,2.52,2.48,2.48,2.48,2.46,2.44,2.43,2.47,2.48,2.46,2.45,2.46,2.47,2.49,2.54,2.50,2.46,2.46,2.50,2.54,2.59,2.62,2.63,2.63,2.65,2.65,2.66,2.72,2.77,2.83,2.84,2.79,2.69,2.65,2.65,2.68,2.72,2.81,2.87,2.91,2.91,2.94,2.93,2.87,2.80,2.87,3.00,3.13,3.24,3.32,3.38,3.40,3.40,3.38,3.40,3.43,3.43,3.41,3.42,3.39,3.35,3.32,3.31,3.30,3.27,3.28,3.33,3.43,3.54,3.64,3.73,3.77,3.48,3.36,3.31,3.29,3.38,3.41,3.40,3.41,3.48,3.57,3.58,3.54,3.48,3.48,3.50,3.53,3.56,3.57,3.58,3.57,3.56,3.56,3.57,3.57,3.55,3.52,3.46,3.49,3.49,3.44,3.35,3.42,3.45,3.46,3.47,3.52,3.58,3.64,3.70,3.74,3.79,3.81,3.80,3.77,3.68,3.63,3.59,3.52,3.45,3.36,3.36,3.44,3.52,3.66,3.70,3.72,3.78,3.75,3.73,3.66,3.58,3.55,3.50,3.48,3.46,3.42,3.47,3.47,3.49,3.55,3.57,3.59,3.61,3.63,3.63,3.62,3.61,3.60,3.58,3.63,3.64,3.66,3.70,3.75,3.77,3.77,3.75,3.70,3.67,3.65,3.63,3.62,3.58,3.51,3.43,3.38,3.42,3.40,3.38,3.39,3.46,3.55,3.63,3.68,3.67,3.64,3.59,3.54,3.51,3.49,3.47,3.46,3.43
3.36,3.28,3.15,3.03,3.04,3.10,2.94,2.81,2.78,2.76,2.67,2.66,2.50,2.27,2.06,1.89,1.91,1.95,2.00,2.06,2.08,2.05,1.99,1.92,1.82,1.92,2.01,2.06,2.09,2.08,2.04,1.99,1.96,1.98,1.99,2.00,2.00,1.94,1.94,1.95,1.98,2.00,2.03,2.05,2.07,2.10,2.12,2.13,2.13,2.13,2.16,2.18,2.20,2.23,2.26,2.28,2.29,2.32,2.38,2.42,2.40,2.36,2.31,2.31,2.38,2.40,2.41,2.42,2.44,2.45,2.47,2.49,2.51,2.49,2.45,2.42,2.46,2.46,2.50,2.51,2.49,2.47,2.47,2.49,2.54,2.64,2.59,2.54,2.50,2.49,2.60,2.62,2.65,2.71,2.71,2.72,2.73,2.74,2.75,2.81,2.86,2.88,2.86,2.82,2.73,2.67,2.64,2.63,2.74,2.83,2.90,2.95,3.00,3.00,2.95,2.87,2.86,2.99,3.15,3.29,3.34,3.39,3.45,3.48,3.47,3.49,3.50,3.50,3.48,3.49,3.46,3.42,3.39,3.40,3.37,3.35,3.36,3.42,3.52,3.63,3.73,3.83,3.92,3.84,3.75,3.59,3.40,3.46,3.51,3.51,3.48,3.54,3.52,3.51,3.50,3.47,3.50,3.50,3.52,3.54,3.55,3.58,3.59,3.57,3.56,3.57,3.59,3.56,3.46,3.47,3.50,3.49,3.44,3.34,3.43,3.47,3.48,3.51,3.54,3.60,3.66,3.73,3.79,3.85,3.85,3.81,3.79,3.67,3.68,3.64,3.48,3.37,3.38,3.47,3.58,3.62,3.66,3.69,3.71,3.73,3.70,3.67,3.63,3.60,3.58,3.51,3.48,3.49,3.54,3.48,3.46,3.49,3.53,3.44,3.52,3.60,3.64,3.66,3.63,3.61,3.61,3.61,3.58,3.67,3.75,3.78,3.83,3.81,3.80,3.78,3.72,3.66,3.62,3.60,3.57,3.55,3.40,3.36,3.43,3.44,3.38,3.39,3.46,3.54,3.63,3.69,3.71,3.71,3.67,3.61,3.55,3.50,3.48,3.47,3.45,3.41
3.29,3.26,3.11,3.04,3.04,3.05,2.87,2.71,2.71,2.75,2.71,2.57,2.36,2.16,2.00,1.94,1.99,2.04,2.07,2.09,2.06,2.00,1.93,1.87,1.90,1.99,2.05,2.09,2.10,2.10,2.06,2.01,1.98,1.97,1.99,2.01,2.01,1.98,1.95,1.95,1.98,2.00,2.03,2.05,2.07,2.10,2.12,2.14,2.15,2.15,2.16,2.18,2.21,2.23,2.26,2.28,2.29,2.32,2.37,2.40,2.39,2.31,2.25,2.31,2.39,2.42,2.44,2.45,2.46,2.47,2.49,2.50,2.52,2.51,2.49,2.47,2.46,2.43,2.46,2.49,2.48,2.48,2.49,2.51,2.55,2.61,2.62,2.55,2.52,2.62,2.66,2.67,2.69,2.73,2.77,2.79,2.81,2.82,2.82,2.85,2.90,2.91,2.87,2.84,2.81,2.80,2.77,2.70,2.71,2.78,2.88,2.97,3.02,3.05,3.04,3.00,2.97,3.04,3.16,3.29,3.34,3.40,3.46,3.51,3.54,3.57,3.57,3.56,3.55,3.56,3.52,3.49,3.46,3.47,3.44,3.42,3.44,3.51,3.61,3.71,3.77,3.82,3.89,3.83,3.76,3.64,3.48,3.48,3.50,3.50,3.50,3.55,3.54,3.53,3.53,3.53,3.51,3.51,3.53,3.54,3.55,3.58,3.59,3.60,3.58,3.59,3.55,3.50,3.47,3.48,3.51,3.49,3.44,3.40,3.47,3.50,3.50,3.52,3.57,3.62,3.68,3.75,3.82,3.86,3.85,3.80,3.74,3.67,3.64,3.55,3.41,3.40,3.46,3.58,3.70,3.69,3.70,3.71,3.71,3.70,3.68,3.67,3.66,3.63,3.61,3.54,3.53,3.56,3.59,3.56,3.54,3.54,3.54,3.46,3.50,3.56,3.60,3.65,3.59,3.58,3.59,3.57,3.58,3.72,3.82,3.81,3.81,3.79,3.78,3.76,3.73,3.67,3.62,3.58,3.54,3.46,3.39,3.39,3.42,3.39,3.40,3.45,3.53,3.61,3.73,3.75,3.75,3.75,3.70,3.64,3.58,3.52,3.48,3.46,3.45,3.43
3.23,3.23,3.06,3.03,3.03,2.98,2.81,2.60,2.61,2.69,2.68,2.43,2.22,2.06,1.97,2.00,2.05,2.10,2.12,2.09,2.04,1.96,1.89,1.86,2.00,2.05,2.08,2.10,2.11,2.12,2.09,2.03,1.99,1.97,1.99,2.01,2.02,2.01,1.96,1.95,1.98,2.00,2.02,2.04,2.07,2.09,2.12,2.14,2.16,2.17,2.17,2.18,2.21,2.24,2.26,2.28,2.30,2.32,2.35,2.39,2.36,2.27,2.21,2.32,2.39,2.43,2.45,2.47,2.48,2.49,2.50,2.51,2.52,2.53,2.53,2.51,2.46,2.39,2.41,2.44,2.45,2.47,2.51,2.54,2.55,2.57,2.62,2.56,2.56,2.74,2.73,2.72,2.73,2.76,2.82,2.85,2.88,2.90,2.89,2.90,2.94,2.94,2.89,2.86,2.91,2.93,2.91,2.82,2.76,2.79,2.88,2.97,3.04,3.09,3.12,3.13,3.11,3.11,3.19,3.28,3.31,3.39,3.46,3.52,3.58,3.62,3.61,3.60,3.61,3.62,3.59,3.55,3.53,3.54,3.51,3.49,3.52,3.59,3.67,3.76,3.77,3.76,3.80,3.72,3.68,3.62,3.53,3.49,3.48,3.48,3.51,3.57,3.58,3.57,3.58,3.61,3.52,3.53,3.54,3.54,3.55,3.57,3.60,3.61,3.59,3.58,3.50,3.46,3.50,3.51,3.51,3.49,3.47,3.47,3.51,3.52,3.53,3.53,3.58,3.64,3.71,3.77,3.83,3.85,3.83,3.77,3.69,3.67,3.57,3.46,3.37,3.46,3.56,3.69,3.78,3.75,3.74,3.72,3.71,3.69,3.67,3.69,3.69,3.66,3.64,3.58,3.59,3.62,3.63,3.63,3.63,3.61,3.57,3.51,3.50,3.52,3.56,3.60,3.56,3.55,3.54,3.51,3.60,3.77,3.85,3.81,3.78,3.77,3.75,3.72,3.72,3.67,3.61,3.56,3.50,3.39,3.40,3.41,3.40,3.37,3.44,3.51,3.58,3.66,3.79,3.79,3.78,3.79,3.73,3.67,3.60,3.54,3.48,3.47,3.46,3.46
3.22,3.15,2.97,2.99,2.97,2.88,2.76,2.54,2.47,2.45,2.38,2.15,2.02,1.99,2.00,2.03,2.05,2.08,2.08,2.04,1.99,1.91,1.88,1.95,2.04,2.07,2.09,2.10,2.12,2.14,2.12,2.07,2.01,1.98,2.00,2.02,2.01,2.03,1.96,1.95,1.97,1.99,2.02,2.04,2.06,2.09,2.11,2.14,2.16,2.18,2.18,2.19,2.21,2.24,2.26,2.28,2.30,2.32,2.35,2.37,2.31,2.28,2.30,2.36,2.39,2.42,2.44,2.45,2.46,2.47,2.48,2.49,2.50,2.52,2.53,2.52,2.48,2.39,2.36,2.36,2.36,2.44,2.51,2.55,2.55,2.58,2.57,2.59,2.66,2.76,2.77,2.75,2.76,2.80,2.84,2.88,2.92,2.96,2.98,2.97,2.99,2.97,2.92,2.97,3.02,3.03,3.03,3.02,2.97,2.93,2.92,2.97,3.07,3.14,3.20,3.24,3.24,3.24,3.27,3.28,3.25,3.36,3.45,3.51,3.55,3.59,3.60,3.62,3.65,3.68,3.64,3.62,3.61,3.61,3.58,3.56,3.60,3.66,3.68,3.67,3.64,3.61,3.60,3.54,3.54,3.54,3.50,3.49,3.48,3.49,3.54,3.63,3.64,3.63,3.64,3.67,3.58,3.54,3.54,3.56,3.55,3.57,3.59,3.60,3.60,3.49,3.48,3.51,3.55,3.53,3.49,3.49,3.52,3.53,3.53,3.54,3.55,3.56,3.57,3.65,3.73,3.79,3.81,3.82,3.79,3.74,3.67,3.60,3.51,3.44,3.45,3.53,3.72,3.81,3.79,3.78,3.75,3.74,3.72,3.71,3.69,3.71,3.71,3.69,3.65,3.64,3.66,3.69,3.69,3.68,3.67,3.66,3.66,3.57,3.55,3.53,3.50,3.50,3.55,3.51,3.45,3.44,3.65,3.77,3.81,3.77,3.75,3.75,3.73,3.70,3.67,3.65,3.60,3.52,3.43,3.43,3.41,3.39,3.39,3.44,3.52,3.56,3.60,3.69,3.75,3.78,3.80,3.81,3.76,3.70,3.64,3.57,3.51,3.51,3.50,3.49
3.16,3.03,2.93,2.93,2.89,2.79,2.67,2.45,2.34,2.26,2.17,2.03,1.98,1.98,2.02,2.05,2.07,2.07,2.05,1.99,1.94,1.91,1.93,2.01,2.07,2.09,2.10,2.11,2.14,2.16,2.14,2.09,2.03,1.99,2.00,2.01,2.02,2.04,1.96,1.94,1.96,1.99,2.01,2.04,2.06,2.08,2.11,2.13,2.16,2.18,2.19,2.20,2.22,2.24,2.26,2.28,2.30,2.32,2.34,2.36,2.30,2.27,2.30,2.37,2.40,2.42,2.42,2.43,2.45,2.46,2.46,2.47,2.49,2.50,2.51,2.51,2.45,2.38,2.33,2.31,2.34,2.42,2.51,2.55,2.55,2.56,2.57,2.62,2.69,2.77,2.81,2.80,2.81,2.85,2.88,2.91,2.96,3.01,3.05,3.06,3.03,3.00,2.98,3.04,3.08,3.11,3.11,3.09,3.08,3.08,3.06,3.01,3.07,3.17,2.48,1.65,3.20,3.35,3.36,3.35,3.31,3.37,3.41,3.46,3.53,3.58,3.59,3.60,3.62,3.64,3.63,3.62,3.63,3.62,3.61,3.59,3.60,3.62,3.59,3.58,3.55,3.52,3.52,3.49,3.51,3.52,3.50,3.52,3.52,3.53,3.58,3.68,3.69,3.69,3.70,3.74,3.71,3.60,3.55,3.58,3.57,3.56,3.55,3.55,3.53,3.48,3.51,3.55,3.55,3.51,3.49,3.50,3.54,3.58,3.54,3.54,3.55,3.56,3.58,3.65,3.72,3.78,3.78,3.77,3.75,3.70,3.64,3.54,3.47,3.45,3.50,3.61,3.80,3.87,3.83,3.81,3.78,3.76,3.74,3.72,3.73,3.75,3.74,3.72,3.68,3.69,3.71,3.72,3.73,3.71,3.71,3.71,3.69,3.62,3.60,3.55,3.49,3.50,3.52,3.46,3.41,3.47,3.65,3.74,3.77,3.74,3.72,3.72,3.71,3.67,3.64,3.62,3.55,3.47,3.43,3.43,3.40,3.40,3.44,3.51,3.57,3.59,3.61,3.69,3.72,3.76,3.79,3.80,3.78,3.73,3.66,3.60,3.53,3.53,3.50,3.50
3.08,2.90,2.92,2.86,2.80,2.71,2.55,2.35,2.21,2.11,2.02,2.00,2.01,2.02,2.03,2.07,2.09,2.08,2.03,1.95,1.89,1.92,2.00,2.07,2.09,2.11,2.12,2.13,2.15,2.17,2.16,2.11,2.06,2.01,2.00,2.00,2.02,2.06,1.97,1.93,1.96,1.99,2.01,2.04,2.06,2.08,2.11,2.13,2.15,2.17,2.20,2.21,2.23,2.24,2.26,2.28,2.30,2.31,2.32,2.34,2.31,2.26,2.27,2.38,2.42,2.42,2.41,2.42,2.44,2.44,2.45,2.46,2.47,2.47,2.49,2.49,2.41,2.36,2.30,2.30,2.35,2.42,2.51,2.55,2.55,2.54,2.60,2.65,2.69,2.76,2.83,2.86,2.87,2.89,2.92,2.95,3.00,3.05,3.11,3.14,3.08,3.03,3.06,3.08,3.12,3.16,3.18,3.11,3.14,3.23,3.23,3.08,3.07,3.19,1.46,-0.62,2.91,3.26,3.36,3.45,3.43,3.41,3.37,3.40,3.51,3.58,3.58,3.57,3.57,3.57,3.58,3.59,3.60,3.60,3.60,3.59,3.57,3.53,3.48,3.48,3.48,3.47,3.49,3.50,3.53,3.53,3.51,3.57,3.58,3.58,3.62,3.72,3.75,3.75,3.77,3.82,3.86,3.67,3.57,3.61,3.59,3.54,3.50,3.47,3.44,3.51,3.56,3.57,3.53,3.45,3.48,3.52,3.55,3.61,3.53,3.51,3.53,3.55,3.59,3.64,3.70,3.75,3.74,3.72,3.70,3.66,3.60,3.48,3.46,3.49,3.55,3.71,3.84,3.90,3.88,3.84,3.81,3.78,3.76,3.74,3.77,3.79,3.78,3.75,3.73,3.72,3.73,3.75,3.75,3.74,3.75,3.75,3.69,3.66,3.64,3.57,3.49,3.54,3.48,3.40,3.41,3.55,3.62,3.70,3.73,3.71,3.70,3.70,3.68,3.65,3.61,3.59,3.49,3.43,3.47,3.42,3.38,3.43,3.53,3.57,3.60,3.61,3.62,3.66,3.70,3.75,3.77,3.77,3.79,3.74,3.68,3.61,3.55,3.54,3.50,3.52
3.10,2.89,2.89,2.81,2.75,2.68,2.46,2.26,2.15,2.08,2.02,2.05,2.06,2.07,2.08,2.08,2.06,2.03,1.99,1.92,1.93,1.99,2.06,2.11,2.13,2.13,2.14,2.15,2.16,2.18,2.17,2.13,2.08,2.03,2.00,2.00,2.02,2.07,1.99,1.95,1.96,1.98,2.01,2.03,2.05,2.08,2.10,2.12,2.15,2.17,2.19,2.22,2.24,2.25,2.26,2.29,2.31,2.32,2.31,2.30,2.28,2.28,2.31,2.37,2.41,2.45,2.47,2.46,2.47,2.45,2.44,2.44,2.45,2.45,2.46,2.46,2.43,2.33,2.31,2.34,2.40,2.47,2.56,2.59,2.58,2.60,2.62,2.64,2.70,2.78,2.83,2.88,2.91,2.92,2.96,2.99,3.03,3.08,3.14,3.13,3.10,3.10,3.12,3.11,3.16,3.19,3.18,3.15,3.18,3.26,3.28,3.19,3.15,3.22,1.63,-0.69,0.54,0.83,2.13,3.46,3.48,3.46,3.45,3.45,3.46,3.53,3.58,3.61,3.63,3.63,3.60,3.57,3.56,3.56,3.52,3.54,3.53,3.50,3.48,3.50,3.51,3.52,3.54,3.57,3.59,3.59,3.58,3.62,3.62,3.62,3.65,3.72,3.80,3.83,3.85,3.89,3.93,3.79,3.66,3.60,3.60,3.50,3.45,3.45,3.48,3.55,3.58,3.56,3.51,3.42,3.47,3.52,3.53,3.49,3.50,3.51,3.52,3.53,3.55,3.47,3.52,3.71,3.69,3.68,3.65,3.60,3.53,3.48,3.50,3.55,3.61,3.72,3.85,3.91,3.91,3.88,3.84,3.81,3.78,3.76,3.78,3.82,3.82,3.79,3.81,3.78,3.77,3.78,3.78,3.77,3.78,3.76,3.69,3.66,3.63,3.58,3.53,3.49,3.47,3.43,3.42,3.46,3.60,3.68,3.70,3.68,3.67,3.67,3.66,3.63,3.60,3.50,3.46,3.46,3.46,3.41,3.44,3.50,3.55,3.48,3.52,3.55,3.58,3.60,3.69,3.74,3.74,3.70,3.71,3.66,3.62,3.59,3.56,3.55,3.57,3.60
3.08,2.84,2.85,2.80,2.74,2.63,2.38,2.21,2.11,2.07,2.05,2.11,2.12,2.11,2.11,2.09,2.04,1.99,1.95,1.92,1.98,2.04,2.10,2.14,2.16,2.15,2.16,2.18,2.18,2.19,2.18,2.16,2.11,2.05,2.01,2.00,2.02,2.07,2.01,1.97,1.95,1.98,2.00,2.02,2.05,2.07,2.10,2.12,2.14,2.17,2.19,2.22,2.24,2.25,2.27,2.29,2.31,2.32,2.30,2.25,2.26,2.30,2.34,2.36,2.40,2.46,2.49,2.50,2.50,2.48,2.47,2.46,2.44,2.45,2.45,2.44,2.41,2.33,2.35,2.41,2.47,2.52,2.60,2.63,2.63,2.65,2.65,2.66,2.71,2.78,2.84,2.90,2.94,2.95,2.99,3.03,3.07,3.11,3.14,3.12,3.12,3.14,3.18,3.17,3.22,3.23,3.21,3.20,3.22,3.28,3.32,3.29,3.23,3.25,2.18,0.49,0.54,-0.01,1.08,2.68,3.19,3.45,3.52,3.50,3.46,3.51,3.57,3.62,3.65,3.63,3.59,3.56,3.55,3.53,3.49,3.53,3.55,3.54,3.56,3.55,3.55,3.57,3.58,3.63,3.64,3.63,3.64,3.66,3.66,3.67,3.69,3.74,3.85,3.90,3.92,3.95,4.00,3.85,3.67,3.55,3.52,3.45,3.43,3.47,3.52,3.57,3.56,3.53,3.49,3.41,3.46,3.52,3.54,3.47,3.47,3.48,3.50,3.48,2.94,2.80,3.11,3.66,3.65,3.64,3.60,3.55,3.49,3.51,3.55,3.60,3.67,3.74,3.86,3.93,3.93,3.90,3.87,3.84,3.81,3.78,3.80,3.83,3.81,3.76,3.83,3.81,3.81,3.82,3.80,3.81,3.80,3.76,3.68,3.67,3.64,3.61,3.57,3.51,3.50,3.48,3.45,3.45,3.53,3.61,3.65,3.66,3.66,3.66,3.64,3.60,3.55,3.47,3.47,3.47,3.44,3.44,3.49,3.55,3.55,3.43,3.47,3.52,3.56,3.58,3.67,3.72,3.71,3.66,3.67,3.63,3.60,3.59,3.58,3.56,3.60,3.64
3.01,2.75,2.79,2.83,2.76,2.56,2.30,2.20,2.11,2.08,2.12,2.19,2.17,2.15,2.13,2.09,2.04,1.95,1.90,1.95,2.03,2.08,2.13,2.17,2.18,2.17,2.18,2.20,2.20,2.21,2.20,2.18,2.13,2.08,2.03,2.01,2.03,2.07,2.03,1.98,1.95,1.97,1.99,2.02,2.05,2.07,2.10,2.12,2.14,2.17,2.19,2.21,2.24,2.26,2.28,2.30,2.32,2.33,2.30,2.19,2.25,2.31,2.35,2.35,2.40,2.44,2.49,2.54,2.54,2.55,2.55,2.53,2.45,2.46,2.45,2.41,2.35,2.35,2.43,2.50,2.54,2.58,2.63,2.66,2.68,2.67,2.69,2.71,2.73,2.77,2.86,2.92,2.96,3.00,2.99,3.06,3.12,3.14,3.09,3.11,3.14,3.17,3.23,3.24,3.27,3.27,3.25,3.25,3.25,3.29,3.33,3.35,3.32,3.26,3.15,3.03,3.14,0.88,0.24,1.05,2.53,3.37,3.59,3.57,3.52,3.54,3.54,3.59,3.63,3.58,3.54,3.56,3.56,3.52,3.52,3.58,3.63,3.66,3.72,3.64,3.62,3.63,3.63,3.69,3.68,3.67,3.70,3.68,3.71,3.73,3.74,3.77,3.91,3.97,3.98,3.97,4.06,3.85,3.61,3.45,3.37,3.41,3.46,3.52,3.59,3.55,3.51,3.48,3.45,3.43,3.46,3.52,3.59,3.54,3.46,3.45,3.48,3.38,1.70,1.59,2.46,3.62,3.61,3.60,3.55,3.49,3.48,3.57,3.61,3.65,3.72,3.76,3.88,3.95,3.96,3.93,3.90,3.87,3.84,3.81,3.83,3.83,3.75,3.66,3.80,3.83,3.85,3.85,3.82,3.87,3.83,3.76,3.68,3.67,3.67,3.64,3.60,3.60,3.59,3.54,3.50,3.50,3.43,3.51,3.60,3.66,3.66,3.66,3.63,3.56,3.47,3.50,3.50,3.45,3.40,3.49,3.54,3.55,3.53,3.44,3.47,3.51,3.55,3.62,3.64,3.68,3.69,3.66,3.68,3.63,3.61,3.62,3.63,3.59,3.59,3.62
2.89,2.68,2.73,2.78,2.71,2.53,2.30,2.14,2.10,2.14,2.22,2.23,2.22,2.19,2.15,2.09,2.03,1.95,1.91,1.99,2.06,2.11,2.14,2.18,2.21,2.20,2.20,2.22,2.21,2.23,2.22,2.20,2.15,2.10,2.05,2.03,2.03,2.06,2.06,2.00,1.95,1.97,1.99,2.02,2.04,2.07,2.09,2.11,2.14,2.16,2.18,2.21,2.23,2.25,2.28,2.30,2.32,2.30,2.22,2.14,2.25,2.33,2.37,2.41,2.43,2.45,2.48,2.53,2.56,2.58,2.59,2.58,2.55,2.51,2.44,2.36,2.30,2.36,2.44,2.51,2.57,2.63,2.66,2.69,2.73,2.75,2.75,2.77,2.79,2.80,2.86,2.93,2.99,3.03,3.04,3.10,3.12,3.12,3.12,3.18,3.21,3.24,3.28,3.28,3.31,3.31,3.29,3.31,3.33,3.34,3.36,3.39,3.43,3.45,3.46,3.45,3.35,2.31,1.86,1.79,1.68,2.24,3.09,3.61,3.58,3.58,3.58,3.61,3.64,3.64,3.59,3.61,3.64,3.66,3.69,3.73,3.76,3.78,3.81,3.73,3.69,3.69,3.68,3.74,3.72,3.72,3.77,3.73,3.77,3.79,3.79,3.82,3.89,3.91,3.87,3.79,3.78,3.60,3.46,3.41,3.42,3.49,3.53,3.55,3.53,3.47,3.43,3.41,3.42,3.38,3.41,3.48,3.55,3.54,3.53,3.49,3.46,3.44,2.64,1.86,1.66,2.23,3.45,3.53,3.48,3.48,3.56,3.60,3.64,3.69,3.74,3.81,3.90,3.97,3.98,3.95,3.92,3.89,3.87,3.84,3.85,3.85,3.78,3.67,3.68,3.60,3.69,3.85,3.88,3.89,3.85,3.79,3.73,3.72,3.69,3.66,3.65,3.65,3.64,3.60,3.55,3.51,3.48,3.52,3.58,3.62,3.66,3.61,3.55,3.52,3.50,3.50,3.47,3.45,3.48,3.54,3.57,3.55,3.50,3.44,3.47,3.51,3.57,3.65,3.70,3.70,3.67,3.65,3.64,3.64,3.63,3.63,3.66,3.61,3.59,3.61
2.79,2.62,2.66,2.71,2.64,2.47,2.28,2.10,2.09,2.18,2.27,2.25,2.24,2.21,2.15,2.09,2.03,1.96,1.92,2.00,2.06,2.10,2.14,2.19,2.24,2.22,2.22,2.23,2.22,2.24,2.24,2.22,2.17,2.13,2.08,2.04,2.03,2.06,2.08,2.02,1.95,1.97,1.99,2.01,2.04,2.06,2.08,2.11,2.13,2.16,2.18,2.20,2.22,2.25,2.27,2.30,2.32,2.27,2.16,2.13,2.27,2.35,2.38,2.45,2.47,2.49,2.51,2.54,2.58,2.60,2.62,2.63,2.62,2.54,2.42,2.32,2.29,2.39,2.45,2.51,2.58,2.65,2.68,2.73,2.79,2.83,2.81,2.83,2.85,2.85,2.88,2.94,3.01,3.06,3.10,3.12,3.13,3.14,3.17,3.26,3.28,3.30,3.33,3.33,3.36,3.35,3.33,3.35,3.38,3.39,3.40,3.42,3.53,3.61,3.64,3.58,3.35,3.41,3.28,2.71,1.51,1.48,2.55,3.40,3.49,3.61,3.64,3.65,3.67,3.70,3.64,3.67,3.74,3.78,3.83,3.85,3.86,3.87,3.88,3.81,3.77,3.75,3.74,3.80,3.77,3.77,3.83,3.78,3.82,3.83,3.81,3.83,3.82,3.80,3.73,3.59,3.52,3.42,3.38,3.42,3.50,3.56,3.57,3.54,3.46,3.43,3.39,3.40,3.43,3.38,3.39,3.43,3.49,3.52,3.58,3.52,3.46,3.51,3.53,2.43,1.53,1.58,3.36,3.47,3.45,3.50,3.62,3.64,3.68,3.73,3.78,3.85,3.93,3.97,3.99,3.97,3.95,3.92,3.89,3.86,3.87,3.89,3.84,3.73,3.63,3.52,3.65,3.87,3.92,3.90,3.86,3.81,3.77,3.75,3.71,3.69,3.70,3.69,3.68,3.65,3.61,3.55,3.55,3.56,3.57,3.59,3.63,3.56,3.51,3.50,3.53,3.49,3.45,3.47,3.56,3.57,3.58,3.54,3.49,3.46,3.48,3.52,3.58,3.67,3.75,3.72,3.67,3.63,3.61,3.64,3.65,3.65,3.68,3.63,3.61,3.61
2.72,2.60,2.59,2.63,2.53,2.33,2.18,2.10,2.11,2.16,2.19,2.23,2.21,2.17,2.12,2.09,2.04,1.98,1.94,1.93,1.97,2.02,2.09,2.21,2.30,2.26,2.24,2.24,2.24,2.23,2.25,2.25,2.20,2.15,2.10,2.05,2.03,2.06,2.10,2.03,1.94,1.96,1.99,2.01,2.03,2.05,2.08,2.11,2.13,2.16,2.18,2.20,2.22,2.25,2.27,2.30,2.28,2.22,2.15,2.26,2.32,2.34,2.36,2.44,2.52,2.58,2.60,2.61,2.62,2.64,2.65,2.66,2.64,2.51,2.39,2.33,2.35,2.43,2.46,2.49,2.53,2.60,2.71,2.78,2.84,2.88,2.90,2.90,2.91,2.95,2.93,2.95,3.01,3.08,3.14,3.11,3.16,3.23,3.26,3.35,3.36,3.37,3.40,3.38,3.44,3.42,3.36,3.34,3.38,3.41,3.43,3.45,3.55,3.62,3.68,3.69,3.58,3.56,3.48,3.33,3.06,1.94,2.08,2.58,3.02,3.59,3.70,3.72,3.72,3.72,3.70,3.77,3.83,3.84,3.84,3.85,3.86,3.88,3.90,3.87,3.84,3.81,3.80,3.84,3.82,3.83,3.87,3.84,3.85,3.82,3.76,3.75,3.66,3.62,3.56,3.44,3.43,3.46,3.49,3.52,3.58,3.58,3.53,3.47,3.41,3.45,3.48,3.51,3.54,3.52,3.44,3.40,3.40,3.46,3.49,3.52,3.54,3.56,3.57,3.30,3.08,3.10,3.45,3.46,3.50,3.58,3.61,3.69,3.74,3.79,3.85,3.88,3.93,3.95,3.94,3.96,3.98,3.94,3.89,3.86,3.91,3.95,3.93,3.85,3.76,3.89,3.94,3.93,3.90,3.89,3.85,3.80,3.78,3.74,3.74,3.74,3.73,3.71,3.70,3.67,3.65,3.66,3.61,3.58,3.58,3.59,3.57,3.54,3.53,3.54,3.51,3.44,3.49,3.58,3.62,3.60,3.57,3.53,3.50,3.51,3.49,3.52,3.58,3.65,3.73,3.73,3.68,3.61,3.64,3.63,3.65,3.69,3.69,3.66,3.64,3.62
2.67,2.59,2.54,2.52,2.41,2.25,2.10,2.10,2.13,2.17,2.20,2.19,2.16,2.12,2.07,2.05,2.00,1.97,1.95,1.94,1.94,1.95,1.98,2.05,2.15,2.15,2.19,2.26,2.26,2.25,2.26,2.26,2.22,2.17,2.12,2.07,2.04,2.06,2.10,2.05,1.96,1.96,1.98,2.01,2.03,2.05,2.08,2.10,2.13,2.15,2.17,2.20,2.24,2.28,2.31,2.33,2.26,2.18,2.14,2.29,2.33,2.35,2.37,2.42,2.46,2.55,2.64,2.69,2.68,2.70,2.69,2.64,2.64,2.50,2.41,2.38,2.39,2.44,2.48,2.50,2.53,2.62,2.72,2.81,2.88,2.93,2.97,2.98,2.99,3.01,3.02,3.02,3.06,3.12,3.19,3.19,3.24,3.30,3.33,3.37,3.38,3.40,3.41,3.41,3.45,3.43,3.37,3.34,3.37,3.40,3.43,3.46,3.56,3.62,3.67,3.68,3.63,3.59,3.53,3.48,3.47,2.74,2.58,2.66,2.83,3.35,3.65,3.76,3.76,3.79,3.76,3.80,3.85,3.87,3.83,3.84,3.86,3.88,3.90,3.90,3.88,3.86,3.87,3.88,3.86,3.86,3.86,3.83,3.79,3.75,3.70,3.65,3.59,3.53,3.48,3.43,3.46,3.52,3.56,3.58,3.57,3.53,3.49,3.46,3.44,3.53,3.57,3.58,3.59,3.57,3.52,3.45,3.41,3.41,3.46,3.49,3.53,3.56,3.56,3.54,3.52,3.50,3.48,3.52,3.61,3.69,3.65,3.71,3.77,3.83,3.90,3.92,3.93,3.93,3.92,3.94,3.96,3.93,3.89,3.89,3.91,3.97,3.98,3.90,3.84,3.97,4.01,3.96,3.89,3.87,3.84,3.81,3.79,3.76,3.77,3.77,3.75,3.73,3.72,3.69,3.68,3.71,3.68,3.65,3.61,3.58,3.58,3.58,3.57,3.53,3.44,3.47,3.57,3.64,3.62,3.59,3.55,3.52,3.52,3.57,3.53,3.53,3.57,3.63,3.69,3.69,3.66,3.63,3.63,3.64,3.66,3.67,3.67,3.66,3.63,3.60
2.63,2.57,2.51,2.40,2.29,2.18,2.05,2.11,2.15,2.20,2.24,2.16,2.11,2.07,2.03,2.01,1.96,1.95,1.97,1.98,1.92,1.89,1.86,1.83,1.93,1.99,2.10,2.24,2.26,2.26,2.27,2.27,2.24,2.19,2.15,2.10,2.05,2.06,2.11,2.07,1.99,1.96,1.98,2.01,2.03,2.05,2.08,2.10,2.12,2.15,2.17,2.21,2.26,2.32,2.38,2.36,2.24,2.15,2.15,2.29,2.32,2.36,2.40,2.39,2.37,2.48,2.63,2.75,2.73,2.78,2.73,2.62,2.64,2.48,2.44,2.45,2.42,2.45,2.50,2.54,2.56,2.66,2.73,2.82,2.92,2.98,3.02,3.05,3.07,3.06,3.11,3.11,3.12,3.16,3.24,3.30,3.33,3.35,3.40,3.35,3.38,3.40,3.40,3.42,3.43,3.42,3.38,3.33,3.36,3.38,3.42,3.46,3.57,3.61,3.64,3.64,3.60,3.58,3.53,3.46,3.41,3.59,3.43,3.11,2.83,3.06,3.54,3.78,3.80,3.87,3.81,3.80,3.83,3.87,3.82,3.83,3.85,3.88,3.89,3.91,3.90,3.90,3.93,3.91,3.89,3.87,3.82,3.77,3.71,3.66,3.62,3.56,3.56,3.49,3.44,3.48,3.53,3.58,3.61,3.61,3.52,3.47,3.46,3.49,3.52,3.62,3.64,3.63,3.61,3.60,3.60,3.55,3.47,3.40,3.45,3.46,3.48,3.53,3.51,3.51,3.48,3.44,3.50,3.61,3.74,3.81,3.71,3.73,3.79,3.86,3.93,3.96,3.94,3.91,3.90,3.92,3.92,3.90,3.90,3.95,3.89,3.98,4.01,3.93,3.90,3.93,3.98,3.98,3.89,3.86,3.84,3.82,3.79,3.80,3.79,3.79,3.78,3.75,3.74,3.71,3.70,3.73,3.76,3.72,3.65,3.57,3.62,3.63,3.60,3.51,3.38,3.53,3.65,3.68,3.60,3.56,3.53,3.53,3.56,3.65,3.59,3.55,3.56,3.62,3.64,3.64,3.65,3.65,3.62,3.66,3.67,3.64,3.64,3.64,3.62,3.58
2.66,2.55,2.52,2.40,2.23,2.08,2.12,2.15,2.20,2.22,2.20,2.13,2.08,2.02,1.99,2.11,2.12,2.07,1.99,1.95,1.90,1.89,1.89,1.88,1.90,1.91,1.92,1.96,2.03,2.11,2.21,2.28,2.26,2.21,2.17,2.12,2.07,2.06,2.10,2.08,2.02,1.95,1.98,2.00,2.02,2.05,2.07,2.10,2.14,2.19,2.24,2.29,2.35,2.41,2.45,2.32,2.19,2.15,2.22,2.31,2.34,2.36,2.39,2.40,2.41,2.44,2.50,2.60,2.72,2.84,2.83,2.70,2.55,2.47,2.47,2.49,2.51,2.52,2.54,2.58,2.64,2.72,2.79,2.86,2.94,3.02,3.07,3.10,3.13,3.17,3.16,3.17,3.20,3.24,3.26,3.29,3.33,3.37,3.41,3.38,3.39,3.41,3.42,3.43,3.42,3.40,3.38,3.35,3.36,3.38,3.42,3.49,3.54,3.58,3.61,3.63,3.64,3.66,3.67,3.67,3.66,3.69,3.61,3.51,3.41,3.22,3.49,3.71,3.80,3.84,3.82,3.82,3.84,3.87,3.82,3.82,3.85,3.87,3.86,3.90,3.89,3.88,3.93,3.90,3.88,3.83,3.74,3.69,3.66,3.63,3.59,3.55,3.51,3.51,3.53,3.57,3.60,3.60,3.59,3.55,3.47,3.47,3.49,3.54,3.64,3.66,3.67,3.67,3.65,3.63,3.62,3.62,3.62,3.61,3.55,3.50,3.48,3.50,3.45,3.49,3.50,3.49,3.60,3.74,3.84,3.86,3.78,3.75,3.80,3.86,3.91,3.93,3.92,3.89,3.87,3.91,3.91,3.92,3.93,3.95,3.98,4.03,4.02,3.96,3.92,3.90,3.91,3.93,3.89,3.90,3.85,3.82,3.82,3.80,3.80,3.80,3.79,3.78,3.75,3.72,3.71,3.75,3.76,3.69,3.61,3.56,3.64,3.65,3.62,3.55,3.43,3.57,3.62,3.61,3.56,3.54,3.52,3.54,3.60,3.70,3.67,3.63,3.61,3.61,3.61,3.63,3.63,3.62,3.64,3.66,3.66,3.63,3.61,3.58,3.56,3.53
2.67,2.53,2.46,2.33,2.18,2.08,2.17,2.19,2.23,2.24,2.19,2.12,2.06,2.03,2.06,2.29,2.29,2.21,2.11,2.03,2.04,1.97,1.91,1.90,1.88,1.87,1.84,1.84,1.92,1.99,2.09,2.17,2.20,2.23,2.19,2.14,2.10,2.06,2.10,2.10,2.04,1.95,1.97,1.99,2.02,2.06,2.10,2.14,2.20,2.26,2.33,2.40,2.44,2.47,2.47,2.24,2.12,2.15,2.27,2.32,2.35,2.38,2.39,2.41,2.43,2.43,2.44,2.50,2.63,2.74,2.75,2.65,2.47,2.49,2.51,2.53,2.56,2.55,2.57,2.62,2.70,2.78,2.84,2.90,2.97,3.05,3.11,3.15,3.20,3.24,3.19,3.21,3.24,3.27,3.28,3.30,3.34,3.39,3.43,3.40,3.40,3.42,3.44,3.45,3.42,3.40,3.39,3.36,3.38,3.40,3.45,3.55,3.58,3.60,3.62,3.64,3.69,3.73,3.78,3.81,3.82,3.79,3.73,3.72,3.71,3.36,3.51,3.69,3.81,3.81,3.82,3.84,3.86,3.88,3.85,3.83,3.85,3.88,3.86,3.90,3.90,3.90,3.95,3.92,3.88,3.80,3.69,3.65,3.63,3.59,3.55,3.54,3.52,3.55,3.60,3.62,3.60,3.58,3.56,3.53,3.46,3.49,3.52,3.57,3.70,3.70,3.71,3.70,3.68,3.66,3.64,3.65,3.69,3.69,3.61,3.52,3.47,3.49,3.49,3.51,3.52,3.56,3.74,3.84,3.89,3.89,3.83,3.79,3.81,3.85,3.87,3.90,3.90,3.88,3.86,3.88,3.88,3.90,3.93,3.96,4.02,4.04,4.02,3.98,3.93,3.89,3.88,3.90,3.91,3.91,3.86,3.82,3.83,3.81,3.81,3.81,3.80,3.80,3.77,3.74,3.74,3.77,3.75,3.67,3.60,3.59,3.65,3.64,3.63,3.61,3.53,3.57,3.58,3.57,3.55,3.54,3.51,3.54,3.63,3.71,3.70,3.67,3.64,3.60,3.61,3.64,3.66,3.66,3.69,3.73,3.72,3.65,3.58,3.54,3.51,3.49
2.64,2.52,2.35,2.20,2.15,2.17,2.20,2.23,2.25,2.24,2.19,2.12,2.05,2.08,2.23,2.54,2.46,2.38,2.32,2.22,2.33,2.13,1.94,1.91,1.87,1.87,1.87,1.88,1.90,1.89,1.90,1.94,2.06,2.25,2.23,2.17,2.13,2.08,2.11,2.11,2.07,1.94,1.96,1.99,2.03,2.09,2.15,2.23,2.30,2.38,2.45,2.54,2.54,2.50,2.45,2.11,2.04,2.14,2.30,2.34,2.36,2.39,2.41,2.43,2.42,2.45,2.47,2.46,2.46,2.47,2.49,2.48,2.41,2.52,2.57,2.56,2.56,2.54,2.59,2.67,2.76,2.84,2.90,2.96,3.02,3.08,3.13,3.21,3.26,3.26,3.22,3.22,3.22,3.25,3.31,3.32,3.36,3.42,3.47,3.43,3.41,3.43,3.46,3.46,3.44,3.42,3.39,3.37,3.41,3.45,3.53,3.65,3.68,3.65,3.64,3.66,3.72,3.78,3.84,3.89,3.90,3.89,3.80,3.75,3.76,3.50,3.61,3.74,3.82,3.80,3.81,3.85,3.88,3.90,3.90,3.85,3.85,3.90,3.89,3.90,3.93,3.96,4.00,3.98,3.89,3.78,3.68,3.65,3.62,3.55,3.48,3.51,3.57,3.61,3.63,3.62,3.56,3.53,3.54,3.55,3.49,3.52,3.53,3.58,3.69,3.74,3.75,3.73,3.71,3.68,3.66,3.66,3.68,3.66,3.62,3.54,3.47,3.49,3.61,3.57,3.56,3.67,3.91,3.90,3.88,3.88,3.84,3.84,3.82,3.81,3.84,3.87,3.88,3.88,3.86,3.84,3.84,3.84,3.88,3.98,4.00,4.00,4.00,3.98,3.93,3.89,3.88,3.89,3.96,3.91,3.86,3.82,3.81,3.83,3.82,3.82,3.82,3.81,3.79,3.77,3.76,3.79,3.73,3.64,3.62,3.67,3.65,3.61,3.64,3.70,3.66,3.56,3.54,3.56,3.58,3.55,3.51,3.55,3.63,3.69,3.69,3.67,3.64,3.60,3.63,3.68,3.73,3.77,3.76,3.87,3.84,3.70,3.56,3.52,3.48,3.45
2.60,2.46,2.31,2.18,2.16,2.22,2.24,2.29,2.27,2.23,2.18,2.10,2.11,2.19,2.32,2.54,2.06,1.61,1.60,2.40,2.42,2.31,2.21,2.18,2.03,1.93,1.87,1.85,1.89,1.90,1.90,1.92,1.98,2.06,2.06,2.06,2.07,2.06,2.08,2.06,1.98,1.83,2.00,2.09,2.15,2.22,2.28,2.36,2.45,2.54,2.55,2.55,2.53,2.45,2.31,2.10,2.13,2.22,2.29,2.31,2.34,2.37,2.39,2.41,2.43,2.45,2.48,2.50,2.48,2.52,2.53,2.50,2.50,2.54,2.54,2.54,2.54,2.56,2.63,2.72,2.83,2.89,2.96,3.02,3.07,3.14,3.20,3.26,3.32,3.36,3.32,3.28,3.27,3.29,3.32,3.33,3.38,3.44,3.49,3.45,3.43,3.43,3.47,3.47,3.47,3.48,3.49,3.50,3.51,3.53,3.55,3.57,3.67,3.67,3.69,3.75,3.83,3.86,3.88,3.90,3.90,3.88,3.85,3.83,3.81,3.66,3.69,3.77,3.84,3.88,3.88,3.90,3.92,3.94,3.95,3.93,3.92,3.92,3.89,3.91,3.92,3.92,3.94,3.94,3.88,3.77,3.66,3.59,3.59,3.57,3.56,3.58,3.60,3.59,3.57,3.54,3.53,3.56,3.58,3.58,3.57,3.54,3.53,3.58,3.67,3.73,3.75,3.74,3.73,3.70,3.67,3.66,3.66,3.67,3.64,3.58,3.52,3.51,3.61,3.59,3.56,3.59,3.74,3.81,3.82,3.82,3.87,3.82,3.80,3.80,3.83,3.83,3.85,3.84,3.83,3.86,3.86,3.83,3.82,3.87,3.95,3.97,3.96,3.95,3.93,3.92,3.93,3.95,3.98,3.96,3.90,3.85,3.83,3.82,3.82,3.83,3.83,3.82,3.82,3.79,3.77,3.74,3.67,3.66,3.67,3.68,3.62,3.66,3.73,3.78,3.73,3.60,3.55,3.56,3.57,3.55,3.52,3.55,3.62,3.66,3.66,3.65,3.63,3.62,3.60,3.67,3.74,3.79,3.79,3.85,3.80,3.67,3.55,3.51,3.47,3.43
2.57,2.41,2.26,2.18,2.19,2.26,2.29,2.32,2.28,2.21,2.16,2.07,2.16,2.29,2.41,2.53,1.94,1.36,1.37,2.53,2.48,2.45,2.43,2.40,2.20,2.06,1.97,1.91,1.91,1.91,1.91,1.91,1.92,1.93,1.94,1.96,2.00,1.99,2.01,1.99,1.89,1.64,1.74,1.73,1.83,2.17,2.41,2.50,2.58,2.65,2.61,2.56,2.51,2.40,2.18,2.09,2.20,2.29,2.29,2.29,2.32,2.35,2.37,2.39,2.43,2.45,2.48,2.53,2.53,2.57,2.55,2.49,2.54,2.52,2.51,2.50,2.51,2.55,2.64,2.77,2.90,2.96,3.03,3.08,3.13,3.20,3.26,3.32,3.39,3.48,3.43,3.36,3.33,3.34,3.34,3.36,3.40,3.45,3.51,3.47,3.45,3.45,3.48,3.49,3.50,3.53,3.58,3.62,3.59,3.59,3.59,3.56,3.67,3.70,3.73,3.81,3.93,3.94,3.93,3.91,3.88,3.86,3.88,3.89,3.85,3.80,3.78,3.79,3.84,3.91,3.93,3.93,3.94,3.95,3.98,3.99,3.98,3.95,3.90,3.93,3.91,3.87,3.88,3.89,3.84,3.76,3.65,3.58,3.59,3.61,3.62,3.62,3.60,3.55,3.52,3.52,3.56,3.62,3.65,3.63,3.65,3.58,3.55,3.59,3.66,3.71,3.74,3.75,3.73,3.71,3.68,3.67,3.66,3.68,3.65,3.60,3.56,3.55,3.63,3.62,3.58,3.54,3.61,3.71,3.75,3.77,3.87,3.79,3.77,3.78,3.80,3.80,3.81,3.80,3.80,3.86,3.86,3.82,3.78,3.77,3.89,3.92,3.92,3.91,3.92,3.94,3.96,3.99,3.99,3.99,3.93,3.88,3.84,3.82,3.82,3.83,3.83,3.83,3.83,3.80,3.76,3.69,3.65,3.67,3.69,3.68,3.64,3.73,3.81,3.83,3.77,3.65,3.58,3.54,3.54,3.53,3.52,3.55,3.61,3.63,3.63,3.63,3.63,3.65,3.61,3.68,3.76,3.79,3.80,3.80,3.73,3.63,3.53,3.50,3.46,3.42
2.54,2.38,2.21,2.19,2.23,2.29,2.34,2.33,2.27,2.19,2.13,2.05,2.17,2.34,2.49,2.55,2.49,2.38,2.34,2.54,2.52,2.49,2.47,2.44,2.37,2.33,2.25,2.14,1.97,1.94,1.91,1.90,1.92,1.95,1.95,1.93,1.90,1.85,1.86,1.90,1.79,1.31,0.86,0.40,0.61,1.73,2.53,2.66,2.64,2.63,2.60,2.57,2.51,2.37,2.10,2.04,2.19,2.30,2.30,2.30,2.30,2.32,2.34,2.37,2.40,2.42,2.46,2.52,2.59,2.54,2.46,2.41,2.46,2.45,2.46,2.46,2.45,2.48,2.62,2.79,2.96,3.06,3.11,3.16,3.21,3.25,3.32,3.38,3.47,3.60,3.54,3.45,3.40,3.39,3.39,3.40,3.43,3.46,3.51,3.49,3.48,3.49,3.53,3.54,3.54,3.56,3.60,3.69,3.63,3.63,3.66,3.70,3.71,3.73,3.75,3.79,4.01,4.02,3.98,3.92,3.86,3.85,3.87,3.88,3.89,3.90,3.86,3.80,3.77,3.83,3.91,3.93,3.92,3.93,3.96,4.02,4.04,4.01,3.97,3.95,3.90,3.85,3.83,3.82,3.78,3.72,3.64,3.65,3.66,3.65,3.63,3.58,3.52,3.47,3.50,3.66,3.70,3.72,3.73,3.73,3.73,3.66,3.61,3.62,3.68,3.69,3.72,3.73,3.73,3.72,3.69,3.68,3.68,3.69,3.66,3.60,3.57,3.63,3.70,3.65,3.60,3.60,3.63,3.64,3.70,3.76,3.78,3.77,3.73,3.71,3.73,3.77,3.75,3.76,3.79,3.82,3.83,3.82,3.79,3.73,3.81,3.86,3.87,3.87,3.89,3.91,3.93,3.95,3.98,3.97,3.95,3.91,3.86,3.85,3.82,3.81,3.82,3.83,3.82,3.78,3.72,3.65,3.69,3.70,3.69,3.69,3.81,3.85,3.85,3.82,3.79,3.72,3.60,3.51,3.50,3.44,3.50,3.56,3.59,3.59,3.60,3.61,3.64,3.71,3.70,3.74,3.78,3.78,3.79,3.71,3.64,3.58,3.52,3.48,3.45,3.40
2.47,2.32,2.20,2.22,2.27,2.32,2.38,2.33,2.26,2.18,2.12,2.08,2.19,2.34,2.48,2.55,2.66,2.67,2.62,2.58,2.55,2.51,2.47,2.45,2.42,2.40,2.36,2.29,2.19,2.17,2.11,2.04,1.95,1.97,1.95,1.92,1.91,1.89,1.88,1.88,1.80,1.50,1.11,0.36,0.45,1.88,2.50,2.62,2.63,2.63,2.61,2.55,2.41,2.24,2.09,2.11,2.24,2.33,2.33,2.32,2.31,2.31,2.33,2.35,2.37,2.40,2.43,2.49,2.55,2.53,2.47,2.42,2.43,2.40,2.41,2.42,2.44,2.51,2.65,2.81,2.96,3.10,3.19,3.27,3.32,3.33,3.39,3.47,3.56,3.62,3.60,3.53,3.47,3.44,3.45,3.47,3.49,3.49,3.49,3.45,3.44,3.47,3.54,3.58,3.61,3.62,3.64,3.71,3.67,3.67,3.71,3.77,3.76,3.79,3.80,3.82,3.96,3.95,3.93,3.90,3.86,3.84,3.86,3.87,3.88,3.91,3.88,3.84,3.80,3.80,3.90,3.90,3.86,3.86,3.90,3.97,4.02,4.03,4.03,4.00,3.95,3.90,3.87,3.84,3.82,3.78,3.71,3.72,3.71,3.67,3.62,3.55,3.56,3.56,3.61,3.74,3.77,3.78,3.79,3.79,3.79,3.72,3.66,3.66,3.72,3.67,3.70,3.72,3.72,3.71,3.69,3.68,3.67,3.65,3.62,3.59,3.62,3.73,3.73,3.68,3.66,3.68,3.66,3.65,3.66,3.68,3.68,3.74,3.72,3.70,3.72,3.73,3.72,3.73,3.78,3.79,3.80,3.81,3.78,3.71,3.77,3.82,3.84,3.85,3.89,3.90,3.91,3.92,3.94,3.94,3.94,3.92,3.88,3.86,3.84,3.82,3.81,3.82,3.79,3.74,3.70,3.69,3.71,3.71,3.73,3.79,3.89,3.89,3.87,3.83,3.80,3.76,3.68,3.58,3.50,3.43,3.47,3.51,3.54,3.56,3.57,3.62,3.68,3.74,3.78,3.76,3.73,3.74,3.75,3.68,3.63,3.58,3.51,3.46,3.40,3.34
2.37,2.26,2.21,2.27,2.32,2.36,2.42,2.34,2.25,2.17,2.13,2.14,2.24,2.35,2.45,2.55,2.68,2.68,2.63,2.60,2.58,2.52,2.47,2.44,2.42,2.41,2.40,2.40,2.43,2.42,2.36,2.23,2.03,2.03,1.98,1.94,1.95,1.98,1.95,1.90,1.85,1.85,1.71,0.83,0.76,2.17,2.39,2.48,2.56,2.62,2.60,2.51,2.29,2.09,2.10,2.21,2.29,2.35,2.36,2.35,2.32,2.31,2.31,2.32,2.35,2.37,2.40,2.44,2.46,2.51,2.50,2.44,2.40,2.36,2.36,2.40,2.46,2.58,2.69,2.82,2.97,3.13,3.27,3.38,3.45,3.44,3.46,3.56,3.63,3.60,3.63,3.59,3.54,3.50,3.50,3.54,3.55,3.52,3.48,3.41,3.41,3.46,3.54,3.61,3.69,3.70,3.68,3.72,3.71,3.72,3.75,3.81,3.80,3.84,3.86,3.86,3.87,3.87,3.88,3.88,3.87,3.84,3.84,3.85,3.85,3.89,3.88,3.87,3.86,3.80,3.91,3.88,3.81,3.79,3.84,3.90,3.96,4.03,4.08,4.05,4.01,3.98,3.95,3.90,3.89,3.87,3.81,3.80,3.75,3.68,3.60,3.54,3.65,3.71,3.75,3.79,3.82,3.83,3.84,3.84,3.83,3.76,3.71,3.69,3.75,3.66,3.68,3.71,3.71,3.70,3.70,3.68,3.66,3.59,3.56,3.59,3.69,3.82,3.75,3.72,3.73,3.75,3.69,3.68,3.63,3.59,3.60,3.70,3.72,3.71,3.72,3.70,3.70,3.72,3.75,3.77,3.78,3.79,3.76,3.70,3.75,3.79,3.81,3.83,3.89,3.88,3.89,3.90,3.90,3.91,3.93,3.92,3.90,3.86,3.85,3.83,3.81,3.80,3.75,3.71,3.70,3.75,3.72,3.72,3.79,3.90,3.93,3.91,3.88,3.85,3.82,3.79,3.76,3.69,3.55,3.47,3.44,3.46,3.50,3.52,3.54,3.63,3.72,3.77,3.84,3.74,3.67,3.68,3.69,3.68,3.64,3.59,3.51,3.43,3.35,3.28
2.28,2.24,2.25,2.32,2.37,2.38,2.36,2.30,2.23,2.20,2.24,2.27,2.37,2.47,2.55,2.60,2.62,2.62,2.59,2.55,2.53,2.50,2.46,2.45,2.43,2.41,2.40,2.42,2.44,2.44,2.42,2.38,2.31,2.28,2.14,2.03,2.00,1.99,1.97,1.96,1.95,1.94,1.88,1.56,1.55,2.06,2.16,2.22,2.36,2.52,2.49,2.44,2.24,2.08,2.13,2.27,2.32,2.36,2.39,2.36,2.34,2.33,2.33,2.31,2.32,2.34,2.35,2.34,2.37,2.39,2.38,2.35,2.33,2.29,2.36,2.47,2.53,2.63,2.75,2.88,3.02,3.15,3.30,3.44,3.54,3.60,3.60,3.62,3.64,3.63,3.64,3.63,3.61,3.58,3.53,3.53,3.56,3.59,3.57,3.55,3.58,3.61,3.63,3.67,3.74,3.77,3.76,3.77,3.76,3.78,3.79,3.81,3.85,3.88,3.90,3.90,3.89,3.98,3.97,3.90,3.85,3.82,3.83,3.82,3.79,3.83,3.85,3.86,3.86,3.84,3.96,3.97,3.93,3.90,3.89,3.86,3.88,3.95,4.01,4.02,4.02,4.02,4.02,3.98,3.97,3.95,3.90,3.82,3.76,3.67,3.61,3.67,3.76,3.79,3.79,3.80,3.86,3.88,3.88,3.87,3.84,3.78,3.74,3.73,3.75,3.70,3.68,3.68,3.71,3.71,3.71,3.68,3.62,3.59,3.59,3.68,3.78,3.82,3.79,3.76,3.74,3.74,3.74,3.71,3.67,3.63,3.63,3.64,3.67,3.67,3.64,3.67,3.69,3.72,3.75,3.77,3.78,3.79,3.78,3.76,3.80,3.81,3.82,3.83,3.85,3.87,3.88,3.88,3.89,3.89,3.89,3.90,3.90,3.86,3.85,3.84,3.81,3.76,3.71,3.71,3.73,3.74,3.78,3.83,3.88,3.92,3.92,3.91,3.88,3.85,3.81,3.78,3.76,3.73,3.68,3.55,3.45,3.44,3.48,3.49,3.49,3.60,3.73,3.81,3.78,3.67,3.61,3.64,3.63,3.62,3.60,3.57,3.51,3.40,3.31,3.22
2.25,2.25,2.30,2.37,2.40,2.39,2.33,2.28,2.23,2.23,2.31,2.37,2.47,2.55,2.60,2.60,2.60,2.59,2.56,2.52,2.51,2.49,2.47,2.45,2.43,2.42,2.43,2.44,2.44,2.45,2.46,2.45,2.44,2.40,2.28,2.19,2.14,2.08,2.02,2.01,2.01,1.97,1.97,1.94,1.95,2.01,2.02,2.03,2.15,2.31,2.31,2.30,2.17,2.07,2.17,2.30,2.33,2.35,2.40,2.38,2.36,2.35,2.34,2.33,2.31,2.31,2.30,2.29,2.33,2.33,2.31,2.28,2.27,2.26,2.36,2.50,2.60,2.71,2.82,2.94,3.07,3.19,3.34,3.48,3.60,3.69,3.71,3.69,3.67,3.68,3.66,3.68,3.69,3.67,3.61,3.58,3.61,3.66,3.66,3.66,3.69,3.71,3.71,3.73,3.78,3.80,3.80,3.80,3.80,3.81,3.83,3.87,3.91,3.97,3.99,3.98,4.00,4.16,4.15,4.02,3.85,3.82,3.81,3.80,3.77,3.82,3.85,3.86,3.88,3.90,3.97,3.99,3.99,3.99,3.95,3.88,3.85,3.88,3.94,3.99,4.02,4.05,4.06,4.02,4.01,4.00,3.95,3.85,3.75,3.68,3.66,3.76,3.83,3.84,3.83,3.85,3.91,3.93,3.92,3.90,3.86,3.80,3.77,3.75,3.75,3.73,3.68,3.66,3.70,3.67,3.66,3.63,3.61,3.63,3.67,3.76,3.84,3.85,3.84,3.81,3.79,3.78,3.82,3.80,3.75,3.69,3.66,3.64,3.65,3.66,3.63,3.66,3.69,3.72,3.76,3.77,3.77,3.78,3.79,3.79,3.81,3.81,3.82,3.84,3.85,3.86,3.87,3.88,3.88,3.87,3.87,3.87,3.88,3.85,3.84,3.81,3.77,3.72,3.71,3.73,3.75,3.76,3.83,3.88,3.92,3.93,3.92,3.90,3.87,3.85,3.81,3.78,3.76,3.75,3.73,3.58,3.46,3.43,3.48,3.48,3.46,3.54,3.68,3.79,3.72,3.62,3.57,3.58,3.57,3.56,3.55,3.52,3.47,3.35,3.25,3.16
2.27,2.30,2.36,2.41,2.42,2.39,2.32,2.28,2.24,2.26,2.36,2.47,2.53,2.58,2.62,2.58,2.61,2.59,2.55,2.53,2.51,2.49,2.47,2.46,2.43,2.44,2.46,2.48,2.45,2.46,2.46,2.46,2.45,2.41,2.41,2.39,2.34,2.24,2.11,2.06,2.03,1.95,1.99,2.02,2.04,2.01,1.97,1.92,1.93,2.01,2.06,2.09,2.07,2.09,2.22,2.30,2.32,2.35,2.39,2.42,2.38,2.35,2.34,2.37,2.32,2.27,2.25,2.29,2.33,2.32,2.28,2.24,2.23,2.25,2.35,2.50,2.66,2.81,2.90,3.00,3.11,3.24,3.39,3.52,3.64,3.70,3.82,3.77,3.70,3.73,3.70,3.73,3.76,3.77,3.72,3.70,3.71,3.73,3.76,3.75,3.77,3.79,3.78,3.78,3.80,3.81,3.80,3.81,3.82,3.82,3.87,3.98,3.99,4.09,4.11,4.07,4.17,4.38,4.40,4.21,3.88,3.82,3.80,3.79,3.80,3.86,3.86,3.87,3.91,3.97,3.94,3.95,3.99,4.06,4.01,3.94,3.87,3.82,3.89,3.95,4.01,4.06,4.08,4.02,4.02,4.00,3.96,3.88,3.74,3.70,3.75,3.81,3.87,3.88,3.88,3.93,3.97,3.98,3.96,3.92,3.88,3.83,3.79,3.76,3.76,3.74,3.68,3.65,3.68,3.61,3.56,3.56,3.62,3.69,3.78,3.83,3.86,3.90,3.90,3.88,3.87,3.87,3.92,3.94,3.88,3.76,3.69,3.70,3.67,3.66,3.69,3.67,3.70,3.73,3.76,3.77,3.77,3.78,3.78,3.79,3.79,3.79,3.82,3.86,3.86,3.85,3.86,3.88,3.86,3.88,3.86,3.84,3.84,3.83,3.82,3.77,3.69,3.68,3.74,3.75,3.77,3.81,3.87,3.90,3.91,3.92,3.92,3.89,3.86,3.84,3.81,3.78,3.76,3.74,3.72,3.58,3.46,3.43,3.48,3.50,3.45,3.47,3.57,3.73,3.64,3.60,3.56,3.52,3.51,3.51,3.49,3.47,3.40,3.27,3.18,3.11
2.30,2.34,2.40,2.44,2.43,2.38,2.32,2.27,2.28,2.36,2.48,2.52,2.56,2.60,2.62,2.59,2.61,2.59,2.55,2.54,2.51,2.49,2.48,2.46,2.44,2.45,2.47,2.48,2.46,2.47,2.47,2.46,2.44,2.42,2.43,2.41,2.36,2.30,2.25,2.23,2.21,2.14,2.08,2.07,2.06,2.02,2.03,2.01,2.00,2.02,2.05,2.04,2.02,2.06,2.21,2.30,2.33,2.34,2.38,2.44,2.42,2.39,2.36,2.35,2.28,2.20,2.17,2.25,2.32,2.29,2.24,2.19,2.17,2.28,2.41,2.53,2.67,2.84,2.94,3.05,3.19,3.31,3.43,3.56,3.69,3.79,3.82,3.79,3.76,3.80,3.75,3.78,3.81,3.80,3.80,3.78,3.78,3.79,3.82,3.79,3.79,3.80,3.81,3.82,3.85,3.83,3.80,3.84,3.96,4.00,4.03,4.08,4.04,4.07,4.07,4.02,3.99,4.25,4.41,4.33,3.89,3.85,3.83,3.84,3.87,3.90,3.90,3.91,3.92,3.92,3.95,3.95,3.96,4.01,4.03,4.00,3.94,3.89,3.91,3.95,3.98,4.02,4.06,4.05,4.04,4.01,3.96,3.90,3.77,3.74,3.79,3.87,3.91,3.91,3.92,3.97,4.01,4.01,3.98,3.93,3.88,3.83,3.79,3.77,3.77,3.75,3.71,3.67,3.65,3.63,3.63,3.64,3.70,3.79,3.82,3.86,3.90,3.94,3.95,3.93,3.94,3.99,4.02,4.00,3.90,3.80,3.78,3.71,3.67,3.66,3.67,3.69,3.72,3.74,3.76,3.76,3.77,3.77,3.77,3.77,3.80,3.79,3.80,3.83,3.86,3.85,3.85,3.86,3.87,3.86,3.85,3.83,3.82,3.82,3.75,3.70,3.70,3.70,3.73,3.76,3.81,3.88,3.93,3.93,3.91,3.91,3.91,3.90,3.87,3.83,3.80,3.77,3.76,3.74,3.70,3.59,3.52,3.51,3.54,3.53,3.47,3.45,3.47,3.53,3.56,3.57,3.54,3.48,3.49,3.47,3.45,3.40,3.30,3.24,3.17,3.11
2.33,2.39,2.46,2.47,2.43,2.37,2.32,2.29,2.33,2.42,2.56,2.56,2.58,2.61,2.61,2.59,2.61,2.59,2.56,2.54,2.52,2.50,2.48,2.46,2.45,2.46,2.48,2.49,2.48,2.48,2.48,2.47,2.43,2.44,2.44,2.42,2.37,2.33,2.33,2.34,2.33,2.30,2.20,2.17,2.14,2.07,2.09,2.07,2.06,2.06,2.07,2.04,2.02,2.04,2.15,2.22,2.28,2.32,2.36,2.47,2.44,2.40,2.36,2.33,2.25,2.14,2.11,2.22,2.31,2.27,2.21,2.16,2.16,2.32,2.46,2.58,2.70,2.87,2.99,3.11,3.25,3.38,3.49,3.61,3.73,3.84,3.83,3.82,3.82,3.84,3.79,3.83,3.84,3.82,3.85,3.83,3.81,3.81,3.85,3.82,3.81,3.82,3.83,3.86,3.90,3.90,3.88,3.93,4.03,4.09,4.12,4.12,4.04,4.04,4.03,3.97,3.84,4.14,4.37,4.34,3.93,3.88,3.87,3.88,3.92,3.91,3.91,3.92,3.93,3.89,3.97,3.96,3.94,3.96,4.02,4.03,3.99,3.93,3.91,3.94,3.97,4.00,4.04,4.05,4.05,4.03,3.99,3.93,3.82,3.78,3.82,3.89,3.93,3.93,3.95,4.00,4.04,4.02,3.99,3.94,3.89,3.83,3.80,3.78,3.77,3.75,3.72,3.67,3.61,3.65,3.68,3.72,3.79,3.89,3.86,3.89,3.93,3.98,4.00,3.99,4.01,4.07,4.08,4.01,3.91,3.84,3.84,3.75,3.71,3.68,3.66,3.70,3.71,3.73,3.76,3.76,3.76,3.76,3.75,3.74,3.79,3.78,3.78,3.80,3.85,3.85,3.84,3.84,3.87,3.86,3.84,3.82,3.80,3.77,3.69,3.68,3.72,3.72,3.74,3.80,3.86,3.92,3.97,3.95,3.92,3.90,3.91,3.90,3.87,3.83,3.80,3.77,3.75,3.73,3.69,3.61,3.58,3.58,3.58,3.56,3.51,3.45,3.40,3.40,3.47,3.51,3.51,3.46,3.47,3.45,3.41,3.34,3.24,3.21,3.18,3.14
2.38,2.44,2.53,2.50,2.44,2.38,2.33,2.38,2.39,2.43,2.55,2.56,2.59,2.61,2.61,2.59,2.61,2.59,2.56,2.54,2.52,2.51,2.49,2.47,2.46,2.48,2.50,2.50,2.50,2.50,2.49,2.47,2.44,2.45,2.45,2.43,2.38,2.33,2.31,2.31,2.34,2.37,2.37,2.36,2.30,2.20,2.14,2.07,2.06,2.10,2.14,2.15,2.11,2.06,2.01,2.00,2.12,2.24,2.33,2.50,2.43,2.36,2.33,2.31,2.23,2.12,2.08,2.18,2.30,2.26,2.17,2.14,2.25,2.38,2.51,2.64,2.75,2.89,3.03,3.16,3.29,3.46,3.57,3.67,3.76,3.81,3.86,3.87,3.86,3.84,3.80,3.84,3.83,3.80,3.83,3.82,3.78,3.77,3.82,3.81,3.84,3.85,3.83,3.90,3.97,4.04,4.10,4.09,4.00,4.01,4.05,4.06,3.99,3.98,3.97,3.92,3.78,4.10,4.22,4.16,4.02,3.93,3.92,3.93,3.92,3.90,3.88,3.88,3.90,3.92,3.97,3.97,3.95,3.93,3.96,4.03,4.01,3.92,3.89,3.91,3.98,4.04,4.05,4.02,4.05,4.08,4.08,3.99,3.88,3.83,3.84,3.86,3.91,3.95,3.99,4.03,4.03,4.02,3.99,3.94,3.89,3.84,3.82,3.80,3.79,3.75,3.72,3.66,3.59,3.65,3.68,3.77,3.90,3.98,3.91,3.91,3.96,4.03,4.04,4.06,4.08,4.08,4.07,3.96,3.92,3.90,3.85,3.82,3.80,3.74,3.66,3.70,3.64,3.68,3.77,3.76,3.75,3.73,3.71,3.69,3.75,3.76,3.77,3.79,3.83,3.84,3.84,3.83,3.84,3.86,3.85,3.82,3.78,3.68,3.69,3.74,3.77,3.72,3.81,3.87,3.91,3.93,3.98,3.98,3.96,3.91,3.90,3.90,3.89,3.85,3.79,3.76,3.73,3.71,3.68,3.65,3.62,3.61,3.61,3.59,3.58,3.49,3.41,3.40,3.36,3.42,3.48,3.47,3.46,3.44,3.37,3.27,3.25,3.18,3.20,3.21
2.43,2.50,2.55,2.50,2.44,2.37,2.33,2.38,2.40,2.43,2.52,2.56,2.59,2.60,2.60,2.59,2.61,2.59,2.56,2.54,2.53,2.51,2.49,2.48,2.48,2.51,2.52,2.51,2.51,2.51,2.50,2.48,2.46,2.47,2.46,2.43,2.39,2.34,2.32,2.32,2.34,2.39,2.42,2.42,2.38,2.30,2.27,2.19,2.13,2.11,2.13,2.11,2.09,2.07,2.06,2.03,2.07,2.11,2.14,2.30,2.30,2.29,2.29,2.33,2.26,2.14,2.09,2.18,2.26,2.22,2.16,2.16,2.30,2.39,2.51,2.65,2.79,2.93,3.07,3.20,3.33,3.49,3.61,3.68,3.72,3.79,3.88,3.93,3.92,3.87,3.83,3.84,3.83,3.81,3.81,3.82,3.79,3.77,3.81,3.79,3.82,3.83,3.80,3.88,3.92,3.99,4.04,4.01,3.95,3.95,3.97,3.98,3.93,3.92,3.91,3.88,3.83,4.11,4.19,4.12,4.00,3.95,3.95,3.94,3.92,3.92,3.89,3.88,3.89,3.94,3.95,3.96,3.95,3.93,3.93,4.00,3.99,3.88,3.84,3.89,3.96,4.01,4.03,4.00,4.02,4.05,4.05,4.02,3.96,3.92,3.88,3.85,3.87,3.92,3.97,4.00,3.99,4.00,3.98,3.94,3.89,3.85,3.83,3.81,3.80,3.77,3.70,3.64,3.63,3.71,3.81,3.93,4.03,4.09,3.99,3.99,4.04,4.09,4.11,4.10,4.07,4.04,4.02,3.97,3.94,3.92,3.94,3.90,3.91,3.88,3.77,3.74,3.68,3.67,3.71,3.73,3.72,3.71,3.70,3.71,3.75,3.77,3.77,3.78,3.81,3.84,3.84,3.82,3.82,3.85,3.83,3.78,3.70,3.68,3.72,3.75,3.76,3.79,3.86,3.90,3.93,3.94,3.95,3.96,3.97,3.95,3.91,3.90,3.89,3.87,3.82,3.77,3.73,3.71,3.70,3.67,3.67,3.67,3.67,3.66,3.64,3.60,3.53,3.44,3.37,3.39,3.43,3.44,3.44,3.42,3.35,3.26,3.23,3.16,3.21,3.24
2.49,2.56,2.55,2.50,2.43,2.36,2.34,2.37,2.40,2.44,2.49,2.56,2.57,2.58,2.59,2.59,2.60,2.59,2.56,2.55,2.54,2.51,2.49,2.48,2.51,2.54,2.54,2.51,2.52,2.52,2.51,2.49,2.48,2.48,2.47,2.44,2.39,2.35,2.34,2.34,2.35,2.38,2.43,2.44,2.42,2.38,2.40,2.32,2.21,2.12,2.10,2.06,2.06,2.09,2.14,2.11,2.05,1.99,1.96,2.09,2.15,2.19,2.24,2.32,2.29,2.16,2.10,2.19,2.22,2.18,2.16,2.20,2.35,2.41,2.51,2.66,2.81,2.96,3.10,3.23,3.37,3.52,3.63,3.67,3.67,3.77,3.90,3.99,3.99,3.91,3.86,3.84,3.83,3.82,3.80,3.83,3.81,3.79,3.81,3.76,3.79,3.80,3.76,3.83,3.84,3.88,3.91,3.86,3.88,3.89,3.89,3.89,3.85,3.86,3.88,3.90,3.93,4.13,4.18,4.10,3.96,3.95,3.95,3.95,3.93,3.95,3.92,3.89,3.89,3.95,3.93,3.94,3.95,3.94,3.91,3.98,3.95,3.83,3.81,3.88,3.93,3.97,4.00,3.98,3.98,3.98,3.99,4.03,4.03,3.99,3.93,3.85,3.83,3.87,3.93,3.95,3.95,3.98,3.98,3.94,3.89,3.86,3.84,3.83,3.81,3.78,3.69,3.64,3.69,3.79,3.97,4.09,4.15,4.20,4.08,4.08,4.14,4.15,4.17,4.12,4.05,4.00,3.99,4.00,3.96,3.94,4.04,3.99,4.03,4.02,3.91,3.80,3.74,3.68,3.65,3.70,3.69,3.68,3.70,3.74,3.77,3.78,3.78,3.78,3.80,3.83,3.84,3.82,3.80,3.83,3.80,3.72,3.63,3.71,3.76,3.76,3.76,3.88,3.91,3.92,3.94,3.95,3.91,3.93,3.97,3.98,3.93,3.90,3.90,3.89,3.85,3.79,3.74,3.72,3.72,3.70,3.71,3.73,3.75,3.75,3.72,3.72,3.66,3.50,3.42,3.38,3.37,3.40,3.41,3.39,3.34,3.28,3.22,3.16,3.23,3.25
2.54,2.59,2.56,2.49,2.42,2.39,2.43,2.41,2.43,2.47,2.53,2.57,2.56,2.56,2.58,2.59,2.60,2.59,2.57,2.56,2.54,2.52,2.50,2.49,2.53,2.55,2.54,2.53,2.53,2.53,2.51,2.49,2.49,2.49,2.48,2.45,2.40,2.36,2.36,2.36,2.37,2.39,2.44,2.46,2.43,2.38,2.40,2.31,2.23,2.18,2.12,2.12,2.09,2.08,2.11,2.05,2.04,2.05,2.06,2.10,2.08,2.06,2.09,2.18,2.23,2.15,2.11,2.18,2.23,2.19,2.20,2.28,2.38,2.48,2.58,2.69,2.81,2.95,3.11,3.26,3.40,3.55,3.61,3.63,3.64,3.69,3.91,4.06,4.07,3.96,3.89,3.87,3.85,3.82,3.83,3.85,3.83,3.80,3.79,3.75,3.77,3.76,3.73,3.78,3.76,3.77,3.80,3.80,3.83,3.82,3.80,3.81,3.73,3.86,4.03,4.14,4.09,4.12,4.07,3.99,3.96,3.95,3.94,3.94,3.96,3.95,3.94,3.92,3.89,3.90,3.96,3.94,3.91,3.94,3.91,3.94,3.90,3.83,3.88,3.91,3.92,3.92,3.92,3.91,3.90,3.90,3.91,3.98,4.02,4.01,3.96,3.92,3.87,3.80,3.80,3.92,3.97,3.98,3.96,3.94,3.90,3.88,3.86,3.85,3.83,3.72,3.70,3.72,3.77,3.96,4.06,4.14,4.20,4.26,4.23,4.21,4.19,4.20,4.17,4.13,4.07,4.02,4.02,3.98,3.98,4.03,4.11,4.15,4.15,4.11,4.02,3.90,3.82,3.74,3.68,3.73,3.66,3.68,3.74,3.79,3.79,3.79,3.79,3.80,3.80,3.81,3.82,3.83,3.81,3.79,3.71,3.67,3.71,3.76,3.75,3.78,3.84,3.91,3.93,3.93,3.94,3.94,3.94,3.92,3.92,3.94,3.95,3.92,3.90,3.89,3.88,3.83,3.79,3.77,3.74,3.76,3.78,3.80,3.83,3.85,3.85,3.79,3.67,3.50,3.46,3.38,3.34,3.36,3.37,3.36,3.33,3.29,3.27,3.26,3.28,3.25
2.59,2.60,2.55,2.46,2.39,2.37,2.44,2.43,2.45,2.51,2.56,2.57,2.56,2.57,2.59,2.58,2.60,2.60,2.58,2.56,2.54,2.53,2.51,2.51,2.55,2.56,2.55,2.54,2.54,2.54,2.52,2.51,2.51,2.51,2.49,2.45,2.41,2.37,2.38,2.39,2.40,2.40,2.44,2.47,2.46,2.40,2.38,2.29,2.23,2.19,2.16,2.21,2.24,2.26,2.30,2.20,2.11,2.08,2.10,2.09,2.06,2.04,2.06,2.11,2.16,2.12,2.11,2.18,2.21,2.22,2.26,2.35,2.44,2.53,2.63,2.73,2.84,2.95,3.12,3.28,3.40,3.56,3.59,3.62,3.66,3.71,3.87,4.02,4.06,3.93,3.89,3.89,3.87,3.83,3.85,3.84,3.83,3.81,3.78,3.75,3.74,3.73,3.71,3.74,3.72,3.72,3.73,3.77,3.79,3.77,3.76,3.80,3.75,3.90,4.06,4.14,4.09,4.06,3.98,3.92,3.95,3.93,3.93,3.95,3.98,3.97,3.96,3.94,3.92,3.89,3.94,3.94,3.91,3.91,3.92,3.90,3.87,3.85,3.92,3.91,3.89,3.88,3.88,3.88,3.87,3.87,3.89,3.92,3.99,4.01,3.99,3.97,3.92,3.82,3.76,3.83,3.92,3.95,3.96,3.94,3.89,3.87,3.86,3.84,3.78,3.71,3.75,3.80,3.86,4.02,4.09,4.16,4.25,4.29,4.28,4.27,4.24,4.22,4.18,4.13,4.08,4.04,4.02,4.01,4.04,4.09,4.17,4.24,4.25,4.21,4.10,3.96,3.89,3.82,3.77,3.78,3.70,3.68,3.71,3.79,3.80,3.80,3.80,3.80,3.80,3.81,3.82,3.83,3.81,3.73,3.68,3.68,3.76,3.76,3.77,3.82,3.90,3.94,3.94,3.94,3.93,3.93,3.94,3.92,3.91,3.91,3.93,3.92,3.91,3.90,3.89,3.84,3.81,3.80,3.80,3.83,3.86,3.88,3.90,3.95,3.91,3.82,3.68,3.55,3.52,3.42,3.36,3.35,3.36,3.35,3.32,3.30,3.33,3.31,3.30,3.25
2.64,2.60,2.52,2.43,2.35,2.31,2.39,2.41,2.48,2.55,2.58,2.57,2.59,2.61,2.61,2.57,2.59,2.60,2.58,2.56,2.54,2.53,2.53,2.54,2.57,2.57,2.56,2.56,2.55,2.54,2.53,2.53,2.52,2.52,2.50,2.46,2.42,2.39,2.40,2.41,2.42,2.43,2.45,2.48,2.48,2.42,2.36,2.27,2.21,2.18,2.20,2.31,2.46,2.58,2.63,2.52,2.26,2.09,2.09,2.06,2.08,2.10,2.11,2.10,2.09,2.06,2.09,2.20,2.17,2.27,2.36,2.42,2.51,2.57,2.67,2.79,2.88,2.96,3.14,3.30,3.39,3.55,3.58,3.63,3.72,3.79,3.78,3.92,3.98,3.84,3.89,3.92,3.89,3.84,3.85,3.81,3.80,3.81,3.79,3.75,3.72,3.70,3.69,3.71,3.72,3.71,3.70,3.75,3.74,3.73,3.76,3.84,3.89,3.98,4.01,3.98,3.96,3.95,3.89,3.86,3.93,3.90,3.93,3.97,3.99,3.99,3.97,3.96,3.95,3.91,3.90,3.94,3.94,3.87,3.93,3.86,3.84,3.90,3.93,3.89,3.85,3.83,3.87,3.89,3.89,3.89,3.90,3.87,3.94,3.99,4.01,4.03,3.99,3.91,3.79,3.67,3.80,3.90,3.96,3.96,3.87,3.83,3.83,3.80,3.68,3.75,3.81,3.89,3.97,4.02,4.07,4.17,4.29,4.29,4.26,4.28,4.28,4.24,4.21,4.12,4.07,4.06,3.98,4.07,4.12,4.15,4.21,4.27,4.34,4.32,4.17,4.00,3.94,3.93,3.92,3.83,3.78,3.67,3.63,3.74,3.80,3.81,3.81,3.81,3.81,3.81,3.82,3.83,3.78,3.65,3.67,3.74,3.78,3.72,3.80,3.87,3.92,3.99,3.95,3.94,3.93,3.93,3.93,3.94,3.92,3.88,3.89,3.91,3.92,3.91,3.89,3.84,3.81,3.83,3.89,3.91,3.97,3.98,3.96,4.03,3.94,3.82,3.71,3.64,3.57,3.49,3.42,3.37,3.38,3.36,3.33,3.32,3.39,3.34,3.30,3.23
2.64,2.57,2.48,2.39,2.37,2.39,2.38,2.42,2.49,2.56,2.60,2.59,2.56,2.48,2.39,2.57,2.60,2.60,2.60,2.56,2.55,2.54,2.54,2.57,2.59,2.58,2.57,2.57,2.56,2.55,2.54,2.54,2.53,2.53,2.51,2.47,2.43,2.42,2.42,2.43,2.44,2.45,2.46,2.49,2.50,2.47,2.37,2.30,2.26,2.26,2.33,2.50,2.59,2.63,2.63,2.58,2.49,2.42,2.39,2.24,2.17,2.13,2.10,2.08,2.10,2.11,2.14,2.20,2.23,2.35,2.44,2.49,2.55,2.61,2.71,2.82,2.91,3.02,3.15,3.29,3.44,3.52,3.58,3.65,3.74,3.87,3.77,3.81,3.84,3.79,3.84,3.88,3.88,3.83,3.80,3.76,3.73,3.72,3.73,3.73,3.72,3.72,3.73,3.75,3.76,3.75,3.73,3.75,3.75,3.75,3.77,3.84,3.84,3.91,3.94,3.90,3.79,3.85,3.87,3.87,3.89,3.88,3.91,3.95,3.97,3.98,3.98,3.98,3.96,3.95,3.92,3.93,3.93,3.91,3.86,3.85,3.88,3.91,3.90,3.90,3.90,3.91,3.93,3.94,3.95,3.94,3.89,3.85,3.91,3.95,3.97,3.99,3.99,3.95,3.88,3.79,3.78,3.79,3.84,3.92,3.92,3.86,3.81,3.78,3.77,3.84,3.88,3.92,3.98,4.04,4.08,4.14,4.20,4.23,4.23,4.24,4.23,4.21,4.17,4.12,4.08,4.06,4.08,4.16,4.23,4.28,4.29,4.31,4.34,4.33,4.24,4.06,4.02,4.00,3.98,3.97,3.84,3.72,3.65,3.68,3.72,3.77,3.81,3.83,3.81,3.79,3.80,3.78,3.66,3.65,3.70,3.74,3.75,3.78,3.86,3.92,3.95,3.98,3.96,3.94,3.93,3.92,3.92,3.92,3.92,3.92,3.89,3.88,3.89,3.89,3.87,3.87,3.87,3.89,3.91,3.93,3.95,3.95,3.93,3.93,3.84,3.76,3.70,3.65,3.58,3.50,3.43,3.37,3.37,3.32,3.29,3.30,3.29,3.34,3.29,3.21
2.62,2.54,2.44,2.37,2.40,2.47,2.46,2.06,2.21,2.54,2.64,2.59,2.44,2.18,1.96,2.37,2.54,2.61,2.61,2.56,2.55,2.54,2.55,2.59,2.60,2.59,2.58,2.57,2.57,2.55,2.55,2.55,2.54,2.54,2.51,2.48,2.45,2.44,2.45,2.45,2.46,2.47,2.48,2.50,2.51,2.51,2.40,2.33,2.32,2.36,2.46,2.62,2.66,2.64,2.62,2.62,2.63,2.64,2.60,2.42,2.32,2.26,2.20,2.10,2.13,2.15,2.17,2.23,2.33,2.45,2.53,2.58,2.62,2.67,2.75,2.85,2.93,3.06,3.16,3.30,3.46,3.48,3.56,3.66,3.76,3.88,3.74,3.72,3.74,3.74,3.81,3.86,3.87,3.83,3.78,3.73,3.69,3.67,3.71,3.74,3.74,3.76,3.78,3.78,3.78,3.76,3.74,3.74,3.74,3.75,3.78,3.84,3.82,3.88,3.90,3.85,3.69,3.79,3.85,3.88,3.93,3.89,3.90,3.93,3.96,3.97,3.99,3.99,3.98,3.97,3.94,3.93,3.92,3.90,3.83,3.88,3.91,3.91,3.89,3.91,3.94,3.96,3.96,3.96,3.99,3.97,3.90,3.86,3.88,3.90,3.92,3.94,3.97,3.96,3.93,3.89,3.81,3.75,3.77,3.85,3.89,3.85,3.80,3.79,3.86,3.92,3.94,3.97,4.00,4.05,4.09,4.12,4.16,4.21,4.22,4.21,4.20,4.17,4.14,4.12,4.10,4.09,4.18,4.25,4.33,4.38,4.36,4.33,4.33,4.32,4.27,4.12,4.09,4.06,4.03,4.06,3.93,3.81,3.72,3.64,3.68,3.74,3.79,3.82,3.81,3.78,3.76,3.73,3.62,3.67,3.72,3.75,3.76,3.84,3.91,3.95,3.96,3.96,3.96,3.95,3.93,3.92,3.91,3.91,3.92,3.93,3.90,3.87,3.87,3.88,3.89,3.91,3.92,3.93,3.93,3.94,3.93,3.91,3.88,3.83,3.76,3.71,3.68,3.64,3.57,3.50,3.42,3.35,3.34,3.29,3.28,3.28,3.24,3.31,3.27,3.19
2.59,2.48,2.42,2.41,2.45,2.54,2.67,1.14,1.50,2.47,2.69,2.57,2.18,1.61,1.19,1.86,2.38,2.60,2.61,2.57,2.56,2.54,2.55,2.60,2.61,2.60,2.59,2.59,2.58,2.57,2.56,2.56,2.56,2.56,2.52,2.49,2.47,2.46,2.47,2.48,2.49,2.49,2.50,2.52,2.53,2.54,2.44,2.37,2.38,2.46,2.61,2.63,2.62,2.61,2.60,2.62,2.65,2.66,2.65,2.60,2.57,2.56,2.48,2.20,2.20,2.17,2.19,2.30,2.48,2.57,2.64,2.70,2.72,2.76,2.81,2.87,2.95,3.08,3.20,3.32,3.41,3.44,3.49,3.63,3.79,3.79,3.68,3.66,3.68,3.69,3.79,3.87,3.88,3.84,3.79,3.73,3.70,3.71,3.75,3.77,3.80,3.81,3.81,3.81,3.79,3.74,3.70,3.71,3.73,3.75,3.79,3.83,3.87,3.91,3.91,3.84,3.72,3.79,3.83,3.91,4.11,3.93,3.90,3.93,3.97,3.96,3.97,3.99,3.99,3.98,3.97,3.97,3.92,3.81,3.89,3.94,3.93,3.88,3.90,3.93,3.96,3.98,3.98,3.93,3.97,3.99,3.93,3.90,3.88,3.87,3.86,3.87,3.90,3.94,3.96,3.94,3.90,3.83,3.76,3.73,3.74,3.77,3.81,3.86,3.94,3.98,4.02,4.04,4.03,4.04,4.11,4.16,4.19,4.23,4.24,4.23,4.20,4.14,4.14,4.12,4.14,4.19,4.26,4.35,4.40,4.42,4.40,4.33,4.29,4.27,4.26,4.17,4.13,4.10,4.08,4.08,4.05,3.99,3.87,3.65,3.71,3.73,3.75,3.79,3.81,3.76,3.69,3.64,3.70,3.73,3.74,3.77,3.85,3.91,3.94,3.95,3.96,3.94,3.95,3.95,3.95,3.92,3.91,3.90,3.90,3.91,3.94,3.90,3.88,3.90,3.96,3.97,3.94,3.92,3.95,3.96,3.93,3.88,3.80,3.74,3.69,3.66,3.64,3.60,3.54,3.47,3.40,3.32,3.27,3.31,3.30,3.27,3.26,3.25,3.21,3.17
2.55,2.45,2.39,2.45,2.51,2.55,2.60,1.57,1.50,1.81,1.83,1.46,1.37,1.04,0.59,1.12,1.76,2.28,2.57,2.58,2.57,2.57,2.59,2.61,2.62,2.61,2.61,2.60,2.59,2.58,2.57,2.57,2.57,2.57,2.53,2.50,2.48,2.48,2.49,2.50,2.51,2.52,2.53,2.54,2.55,2.56,2.47,2.42,2.46,2.55,2.63,2.63,2.63,2.62,2.63,2.64,2.65,2.66,2.66,2.63,2.62,2.63,2.59,2.43,2.42,2.33,2.28,2.34,2.46,2.57,2.68,2.77,2.80,2.86,2.91,2.95,3.01,3.08,3.16,3.28,3.41,3.47,3.55,3.65,3.73,3.68,3.58,3.60,3.66,3.71,3.79,3.87,3.88,3.82,3.74,3.71,3.71,3.74,3.77,3.78,3.81,3.83,3.82,3.80,3.80,3.76,3.72,3.72,3.77,3.77,3.78,3.84,3.91,3.88,3.84,3.79,3.75,3.78,3.82,3.90,4.07,4.02,3.95,3.92,3.95,3.96,3.96,3.97,3.99,3.99,3.96,3.92,3.87,3.84,3.92,3.93,3.91,3.89,3.93,4.01,4.01,3.97,3.98,3.93,3.97,3.98,3.94,3.91,3.90,3.87,3.85,3.87,3.87,3.91,3.94,3.94,3.94,3.89,3.84,3.79,3.78,3.78,3.82,3.89,3.99,4.01,4.06,4.09,4.09,4.06,4.11,4.16,4.18,4.21,4.23,4.21,4.18,4.14,4.14,4.18,4.23,4.30,4.37,4.41,4.42,4.42,4.41,4.36,4.30,4.26,4.26,4.19,4.14,4.10,4.08,4.08,4.07,4.04,3.97,3.85,3.80,3.76,3.74,3.76,3.75,3.69,3.66,3.69,3.74,3.72,3.77,3.85,3.91,3.94,3.95,3.95,3.95,3.95,3.95,3.95,3.94,3.93,3.91,3.90,3.89,3.89,3.92,3.92,3.92,3.93,3.94,3.95,3.93,3.92,3.93,3.92,3.92,3.87,3.79,3.75,3.69,3.66,3.62,3.56,3.50,3.43,3.37,3.32,3.29,3.29,3.27,3.25,3.25,3.22,3.21,3.19
2.51,2.42,2.38,2.50,2.56,2.56,2.54,2.29,1.72,1.15,0.87,0.64,0.92,0.85,0.34,0.30,0.97,1.85,2.55,2.60,2.57,2.60,2.62,2.63,2.62,2.62,2.62,2.61,2.59,2.59,2.59,2.58,2.58,2.57,2.54,2.51,2.50,2.50,2.51,2.52,2.53,2.54,2.55,2.56,2.57,2.57,2.49,2.47,2.53,2.61,2.61,2.63,2.64,2.64,2.65,2.65,2.65,2.66,2.65,2.62,2.62,2.64,2.64,2.63,2.62,2.49,2.37,2.38,2.42,2.54,2.68,2.80,2.86,2.95,3.01,3.04,3.08,3.10,3.14,3.24,3.40,3.52,3.63,3.67,3.66,3.59,3.51,3.55,3.64,3.71,3.77,3.86,3.87,3.80,3.69,3.69,3.72,3.75,3.77,3.78,3.81,3.83,3.83,3.80,3.79,3.78,3.75,3.74,3.81,3.80,3.79,3.84,3.91,3.82,3.75,3.74,3.77,3.78,3.82,3.88,3.98,4.08,4.01,3.94,3.93,3.97,3.96,3.96,3.98,4.00,3.93,3.86,3.84,3.89,3.94,3.90,3.88,3.92,3.95,4.08,4.06,3.97,3.98,3.94,3.96,3.97,3.95,3.92,3.92,3.91,3.89,3.90,3.86,3.88,3.91,3.92,3.95,3.94,3.92,3.90,3.87,3.82,3.82,3.88,4.01,4.04,4.09,4.14,4.15,4.10,4.13,4.15,4.16,4.18,4.21,4.20,4.17,4.17,4.17,4.26,4.34,4.39,4.46,4.45,4.42,4.40,4.41,4.39,4.32,4.26,4.25,4.21,4.14,4.09,4.08,4.07,4.06,4.05,4.05,4.04,3.89,3.81,3.77,3.74,3.70,3.63,3.68,3.76,3.76,3.71,3.82,3.93,3.96,3.96,3.95,3.95,3.95,3.95,3.94,3.94,3.94,3.94,3.92,3.90,3.89,3.88,3.89,3.93,3.96,3.96,3.92,3.92,3.92,3.92,3.92,3.89,3.92,3.88,3.79,3.78,3.71,3.66,3.61,3.53,3.45,3.40,3.36,3.32,3.32,3.26,3.23,3.22,3.21,3.17,3.20,3.20
2.48,2.42,2.50,2.58,2.60,2.64,2.83,2.79,2.07,1.10,0.46,2.04,2.38,2.10,1.28,-0.67,-0.06,1.35,2.58,2.62,2.60,2.61,2.63,2.65,2.64,2.63,2.62,2.62,2.61,2.61,2.60,2.60,2.59,2.58,2.56,2.53,2.52,2.53,2.54,2.54,2.55,2.56,2.58,2.59,2.59,2.57,2.49,2.53,2.57,2.60,2.60,2.61,2.62,2.63,2.63,2.63,2.64,2.64,2.64,2.60,2.60,2.62,2.64,2.65,2.59,2.45,2.38,2.48,2.47,2.53,2.62,2.74,2.89,2.99,3.06,3.13,3.20,3.24,3.29,3.32,3.37,3.56,3.64,3.65,3.62,3.60,3.56,3.57,3.59,3.60,3.70,3.81,3.83,3.75,3.69,3.68,3.72,3.75,3.76,3.77,3.81,3.83,3.82,3.84,3.75,3.72,3.73,3.68,3.79,3.84,3.85,3.82,3.79,3.70,3.68,3.73,3.74,3.81,3.85,3.88,3.91,3.98,4.03,4.01,3.94,3.95,3.97,3.96,3.93,3.93,3.86,3.86,3.90,3.93,3.89,3.86,3.88,3.94,3.94,4.03,4.06,4.03,3.96,3.96,3.97,3.96,3.95,3.97,3.99,4.00,4.00,4.00,3.91,3.88,3.87,3.86,3.90,3.95,3.97,3.97,3.94,3.85,3.76,3.76,3.99,4.06,4.11,4.15,4.19,4.21,4.16,4.14,4.15,4.16,4.17,4.17,4.19,4.22,4.25,4.36,4.43,4.44,4.52,4.50,4.44,4.37,4.34,4.39,4.34,4.27,4.23,4.23,4.16,4.10,4.07,4.06,4.06,4.05,4.05,4.05,3.96,3.93,3.88,3.79,3.75,3.76,3.78,3.78,3.74,3.82,3.89,3.94,3.99,3.96,3.95,3.95,3.95,3.95,3.95,3.94,3.93,3.92,3.93,3.90,3.88,3.88,3.87,3.92,3.94,3.94,3.94,3.93,3.94,3.94,3.93,3.95,3.95,3.88,3.78,3.76,3.70,3.65,3.61,3.55,3.44,3.40,3.37,3.33,3.29,3.23,3.18,3.15,3.09,3.07,3.11,3.15
2.48,2.43,2.54,2.60,2.66,2.75,2.96,3.00,2.53,1.84,1.36,2.79,3.02,2.76,2.12,0.35,0.69,1.69,2.59,2.61,2.60,2.60,2.62,2.64,2.64,2.64,2.63,2.62,2.62,2.62,2.61,2.61,2.61,2.59,2.57,2.55,2.54,2.55,2.56,2.57,2.58,2.59,2.59,2.60,2.59,2.56,2.50,2.55,2.58,2.58,2.59,2.60,2.60,2.61,2.61,2.62,2.62,2.63,2.63,2.58,2.58,2.59,2.61,2.63,2.56,2.45,2.40,2.46,2.46,2.50,2.58,2.71,2.85,2.97,3.09,3.19,3.26,3.34,3.39,3.41,3.43,3.58,3.62,3.61,3.57,3.57,3.54,3.53,3.52,3.51,3.58,3.65,3.65,3.61,3.59,3.61,3.64,3.66,3.67,3.68,3.73,3.77,3.79,3.83,3.69,3.64,3.65,3.61,3.72,3.79,3.81,3.76,3.68,3.65,3.67,3.72,3.77,3.83,3.86,3.87,3.89,3.93,4.00,4.03,3.98,3.95,3.98,3.97,3.92,3.87,3.86,3.89,3.92,3.89,3.86,3.86,3.90,3.94,3.94,3.98,4.04,4.05,3.97,3.98,3.98,3.97,3.97,4.01,4.03,4.04,4.04,4.03,3.98,3.91,3.86,3.83,3.86,3.93,3.98,3.99,3.97,3.89,3.79,3.75,3.88,3.97,4.04,4.09,4.15,4.23,4.18,4.15,4.16,4.14,4.15,4.16,4.20,4.26,4.32,4.43,4.49,4.49,4.53,4.50,4.43,4.36,4.31,4.36,4.32,4.26,4.23,4.24,4.18,4.12,4.07,4.05,4.05,4.04,4.04,4.05,3.99,3.94,3.87,3.79,3.82,3.84,3.84,3.81,3.77,3.88,3.93,3.96,3.99,3.98,3.96,3.95,3.95,3.95,3.95,3.94,3.93,3.92,3.92,3.90,3.88,3.87,3.88,3.92,3.92,3.92,3.97,3.95,3.96,3.97,3.97,4.00,4.00,3.93,3.80,3.75,3.69,3.65,3.60,3.53,3.45,3.42,3.39,3.34,3.28,3.20,3.14,3.10,3.06,2.99,3.07,3.18
2.50,2.46,2.53,2.60,2.73,2.89,2.99,3.03,3.05,3.07,3.09,3.12,3.12,3.05,2.90,2.61,2.55,2.56,2.58,2.59,2.58,2.59,2.60,2.62,2.64,2.64,2.64,2.63,2.63,2.63,2.63,2.62,2.62,2.60,2.58,2.57,2.56,2.58,2.59,2.59,2.60,2.61,2.60,2.59,2.58,2.55,2.51,2.54,2.56,2.56,2.58,2.58,2.58,2.59,2.60,2.60,2.61,2.61,2.61,2.57,2.55,2.56,2.58,2.60,2.52,2.48,2.43,2.36,2.42,2.45,2.55,2.70,2.75,2.92,3.09,3.23,3.28,3.42,3.47,3.49,3.53,3.58,3.60,3.56,3.52,3.52,3.49,3.47,3.45,3.43,3.45,3.42,3.39,3.39,3.45,3.50,3.51,3.52,3.54,3.54,3.60,3.67,3.72,3.80,3.62,3.53,3.53,3.53,3.60,3.68,3.71,3.67,3.58,3.63,3.68,3.71,3.83,3.86,3.87,3.88,3.90,3.92,3.95,4.00,4.04,3.98,3.97,3.96,3.92,3.80,3.89,3.93,3.91,3.81,3.84,3.89,3.91,3.92,3.95,3.94,4.00,4.05,4.01,4.01,3.99,3.98,4.01,4.04,4.07,4.06,4.04,4.02,4.04,3.97,3.86,3.80,3.82,3.88,3.95,3.99,3.97,3.94,3.90,3.83,3.71,3.80,3.91,4.00,4.06,4.18,4.19,4.18,4.16,4.10,4.14,4.16,4.20,4.30,4.40,4.47,4.52,4.54,4.51,4.47,4.42,4.37,4.29,4.33,4.28,4.24,4.25,4.23,4.20,4.15,4.08,4.04,4.04,4.03,4.03,4.04,3.99,3.88,3.79,3.76,3.88,3.89,3.88,3.85,3.83,3.91,3.97,3.99,3.98,4.01,3.97,3.95,3.95,3.95,3.95,3.94,3.93,3.92,3.90,3.91,3.89,3.87,3.91,3.91,3.90,3.91,3.99,3.97,3.97,3.99,4.04,4.03,4.06,3.99,3.85,3.74,3.69,3.65,3.58,3.49,3.47,3.45,3.41,3.35,3.26,3.16,3.09,3.06,3.08,2.93,3.07,3.25
2.51,2.58,2.62,2.71,2.83,2.95,2.99,3.03,3.05,3.08,3.12,3.13,3.13,3.11,3.04,2.86,2.80,2.72,2.64,2.55,2.58,2.59,2.60,2.61,2.59,2.60,2.62,2.63,2.64,2.64,2.63,2.63,2.63,2.61,2.60,2.59,2.59,2.60,2.61,2.61,2.61,2.61,2.60,2.59,2.57,2.55,2.49,2.52,2.54,2.54,2.55,2.56,2.57,2.57,2.58,2.59,2.59,2.60,2.60,2.57,2.54,2.54,2.56,2.59,2.45,2.44,2.40,2.27,2.25,2.26,2.37,2.54,2.58,2.83,3.02,3.18,3.37,3.51,3.55,3.54,3.54,3.59,3.57,3.54,3.51,3.52,3.51,3.50,3.48,3.44,3.46,3.45,3.43,3.41,3.45,3.47,3.47,3.46,3.45,3.47,3.48,3.49,3.49,3.53,3.43,3.42,3.48,3.49,3.52,3.55,3.55,3.52,3.57,3.63,3.66,3.69,3.81,3.86,3.88,3.89,3.89,3.92,3.95,3.98,4.00,4.00,3.96,3.90,3.85,3.89,3.92,3.89,3.84,3.84,3.88,3.89,3.91,3.93,3.94,3.94,3.98,4.01,4.02,4.02,4.03,4.05,4.06,4.07,4.06,4.04,4.01,3.99,3.98,3.96,3.90,3.80,3.81,3.85,3.89,3.93,3.95,3.96,3.95,3.91,3.83,3.83,3.86,3.92,4.03,4.14,4.13,4.11,4.11,4.11,4.13,4.16,4.22,4.29,4.38,4.43,4.45,4.47,4.45,4.46,4.42,4.37,4.35,4.30,4.26,4.24,4.24,4.21,4.19,4.15,4.10,4.06,4.04,4.03,4.02,4.04,3.97,3.85,3.80,3.83,3.87,3.81,3.80,3.83,3.87,3.82,3.89,3.97,3.98,4.02,3.98,3.95,3.95,3.94,3.94,3.94,3.94,3.93,3.91,3.90,3.90,3.90,3.89,3.91,3.91,3.92,3.97,3.98,4.00,4.03,4.07,4.09,4.12,4.05,3.91,3.79,3.71,3.63,3.55,3.52,3.46,3.43,3.38,3.31,3.21,3.16,3.11,3.07,3.07,3.05,3.13,3.23
2.54,2.64,2.68,2.80,2.91,2.99,3.01,3.04,3.06,3.10,3.14,3.14,3.14,3.14,3.12,3.03,2.99,2.89,2.76,2.63,2.66,2.64,2.60,2.58,2.57,2.59,2.62,2.65,2.65,2.65,2.64,2.64,2.62,2.63,2.62,2.61,2.61,2.62,2.62,2.62,2.62,2.61,2.60,2.58,2.56,2.54,2.48,2.50,2.52,2.52,2.52,2.54,2.55,2.55,2.57,2.57,2.58,2.58,2.58,2.57,2.53,2.51,2.53,2.57,2.43,2.40,2.33,2.15,2.09,2.06,2.13,2.28,2.37,2.64,2.84,3.05,3.33,3.52,3.61,3.62,3.59,3.60,3.57,3.55,3.55,3.55,3.55,3.55,3.53,3.49,3.52,3.51,3.50,3.49,3.50,3.50,3.48,3.45,3.42,3.43,3.41,3.38,3.35,3.36,3.33,3.36,3.43,3.44,3.46,3.46,3.45,3.44,3.56,3.63,3.66,3.68,3.79,3.84,3.89,3.91,3.90,3.92,3.94,3.97,3.98,3.98,3.92,3.85,3.84,3.94,3.91,3.84,3.81,3.86,3.90,3.89,3.90,3.92,3.93,3.94,3.97,3.99,4.02,4.03,4.07,4.09,4.09,4.08,4.05,4.01,3.98,3.96,3.93,3.92,3.87,3.78,3.75,3.80,3.85,3.87,3.92,3.96,3.97,3.97,3.93,3.89,3.86,3.89,4.00,4.08,4.07,4.06,4.06,4.10,4.12,4.17,4.23,4.29,4.36,4.39,4.40,4.39,4.38,4.42,4.41,4.39,4.41,4.31,4.26,4.24,4.22,4.19,4.17,4.15,4.12,4.07,4.04,4.02,4.02,4.03,3.93,3.85,3.83,3.87,3.83,3.78,3.80,3.86,3.88,3.79,3.83,3.91,3.94,3.99,3.97,3.95,3.95,3.94,3.94,3.94,3.94,3.93,3.92,3.91,3.90,3.90,3.88,3.91,3.93,3.95,3.98,4.00,4.03,4.07,4.11,4.13,4.16,4.09,3.95,3.85,3.74,3.62,3.53,3.51,3.45,3.40,3.34,3.28,3.18,3.15,3.11,3.07,3.06,3.10,3.15,3.21
2.58,2.61,2.68,2.85,2.96,3.00,3.03,3.05,3.09,3.13,3.16,3.15,3.14,3.13,3.12,3.11,3.11,3.07,2.99,2.89,2.86,2.74,2.61,2.55,2.60,2.60,2.64,2.69,2.68,2.66,2.65,2.63,2.59,2.64,2.63,2.63,2.64,2.64,2.63,2.62,2.61,2.61,2.60,2.57,2.54,2.52,2.50,2.50,2.50,2.50,2.50,2.51,2.52,2.53,2.55,2.55,2.56,2.57,2.57,2.57,2.51,2.49,2.50,2.51,2.48,2.37,2.20,2.00,1.91,1.83,1.81,1.89,2.08,2.31,2.54,2.79,3.09,3.40,3.65,3.76,3.72,3.61,3.58,3.61,3.64,3.62,3.61,3.61,3.62,3.61,3.61,3.62,3.63,3.63,3.61,3.59,3.56,3.52,3.45,3.43,3.40,3.37,3.36,3.33,3.34,3.36,3.39,3.40,3.41,3.42,3.43,3.45,3.54,3.65,3.69,3.68,3.77,3.82,3.88,3.92,3.94,3.92,3.94,3.97,3.99,3.91,3.83,3.85,3.92,3.92,3.84,3.80,3.81,3.86,3.89,3.89,3.88,3.89,3.92,3.94,3.97,4.00,4.02,4.07,4.09,4.10,4.12,4.06,4.03,3.99,3.96,3.93,3.90,3.84,3.78,3.73,3.62,3.73,3.82,3.83,3.87,3.91,3.96,4.00,4.01,3.99,3.94,3.92,3.95,3.98,4.01,4.03,4.05,4.07,4.13,4.18,4.24,4.29,4.36,4.37,4.35,4.33,4.30,4.32,4.37,4.42,4.47,4.37,4.30,4.24,4.19,4.18,4.16,4.13,4.11,4.08,4.04,4.03,4.02,4.01,3.88,3.87,3.88,3.85,3.75,3.84,3.92,3.94,3.85,3.84,3.79,3.79,3.87,3.93,3.95,3.95,3.94,3.94,3.94,3.94,3.94,3.94,3.92,3.92,3.91,3.88,3.89,3.91,3.95,3.99,4.02,4.03,4.08,4.13,4.16,4.18,4.16,4.09,3.97,3.91,3.78,3.63,3.52,3.46,3.43,3.37,3.30,3.24,3.15,3.12,3.10,3.08,3.07,3.06,3.10,3.15
2.61,2.70,2.72,2.11,1.40,1.30,2.97,3.07,3.11,3.14,3.16,3.14,3.13,3.12,3.11,3.11,3.12,3.11,3.08,3.03,2.96,2.87,2.80,2.74,2.68,2.60,2.60,2.65,2.69,2.69,2.68,2.65,2.59,2.64,2.64,2.63,2.62,2.64,2.63,2.62,2.61,2.60,2.59,2.57,2.54,2.49,2.49,2.49,2.49,2.49,2.49,2.49,2.49,2.50,2.51,2.51,2.53,2.55,2.56,2.56,2.51,2.48,2.47,2.47,2.53,2.36,2.10,1.86,1.70,1.58,1.52,1.55,1.75,1.91,2.10,2.40,2.88,3.34,3.67,3.78,3.68,3.59,3.59,3.62,3.65,3.65,3.65,3.65,3.66,3.66,3.65,3.67,3.67,3.67,3.66,3.66,3.62,3.56,3.53,3.50,3.48,3.45,3.43,3.39,3.39,3.41,3.43,3.44,3.42,3.42,3.44,3.46,3.52,3.62,3.67,3.69,3.75,3.80,3.86,3.90,3.94,3.95,3.96,3.94,3.89,3.84,3.85,3.87,3.88,3.82,3.81,3.80,3.83,3.89,3.89,3.90,3.90,3.90,3.91,3.95,3.99,4.02,4.05,4.08,4.10,4.12,4.13,4.06,4.00,3.96,3.93,3.90,3.82,3.79,3.76,3.74,3.71,3.81,3.88,3.89,3.91,3.92,3.95,4.00,4.04,4.04,4.01,3.97,3.95,3.97,3.98,4.01,4.04,4.06,4.13,4.18,4.23,4.28,4.33,4.33,4.32,4.30,4.29,4.33,4.36,4.39,4.42,4.36,4.31,4.24,4.16,4.16,4.14,4.12,4.10,4.08,4.04,4.02,3.99,3.94,3.90,3.89,3.86,3.82,3.84,3.93,4.00,4.00,3.95,3.91,3.84,3.79,3.81,3.87,3.91,3.94,3.94,3.93,3.92,3.92,3.91,3.91,3.93,3.92,3.90,3.90,3.91,3.94,3.96,3.99,4.02,4.06,4.12,4.16,4.17,4.18,4.13,4.02,3.87,3.80,3.68,3.54,3.45,3.44,3.40,3.32,3.25,3.20,3.12,3.13,3.11,3.08,3.08,3.06,3.07,3.10
2.62,2.74,2.73,1.62,0.39,0.20,2.93,3.09,3.12,3.15,3.14,3.13,3.12,3.10,3.10,3.10,3.12,3.13,3.13,3.13,3.04,3.00,2.98,2.93,2.80,2.67,2.61,2.64,2.74,2.71,2.60,2.36,2.00,2.26,2.50,2.61,2.61,2.63,2.62,2.61,2.61,2.61,2.58,2.58,2.54,2.47,2.49,2.47,2.47,2.48,2.48,2.48,2.48,2.48,2.48,2.48,2.51,2.53,2.54,2.54,2.50,2.47,2.45,2.45,2.55,2.34,2.02,1.74,1.51,1.34,1.23,1.22,1.37,1.49,1.67,2.05,2.72,3.30,3.68,3.78,3.62,3.57,3.60,3.63,3.65,3.67,3.68,3.69,3.70,3.70,3.68,3.70,3.70,3.69,3.69,3.69,3.66,3.61,3.59,3.57,3.55,3.53,3.50,3.45,3.44,3.46,3.48,3.48,3.43,3.43,3.45,3.47,3.50,3.57,3.64,3.70,3.73,3.78,3.83,3.88,3.94,3.97,3.97,3.91,3.81,3.80,3.87,3.88,3.81,3.73,3.80,3.83,3.85,3.91,3.90,3.91,3.92,3.92,3.92,3.97,4.01,4.04,4.07,4.09,4.11,4.14,4.13,4.06,3.99,3.94,3.91,3.87,3.77,3.74,3.76,3.79,3.84,3.90,3.95,3.97,3.95,3.94,3.95,3.98,4.04,4.06,4.06,4.03,3.97,3.98,3.97,3.98,4.03,4.06,4.12,4.17,4.21,4.27,4.29,4.29,4.28,4.29,4.29,4.34,4.36,4.35,4.35,4.32,4.30,4.24,4.16,4.14,4.12,4.10,4.08,4.07,4.04,4.01,3.96,3.89,3.93,3.90,3.85,3.82,3.95,4.02,4.05,4.04,4.03,3.97,3.90,3.82,3.78,3.82,3.86,3.90,3.93,3.92,3.90,3.89,3.88,3.88,3.92,3.91,3.91,3.92,3.94,3.97,3.98,4.00,4.03,4.10,4.16,4.18,4.18,4.16,4.09,3.94,3.76,3.67,3.56,3.45,3.39,3.42,3.36,3.28,3.21,3.15,3.11,3.14,3.12,3.08,3.08,3.06,3.05,3.06
2.61,2.59,2.65,2.54,2.28,2.22,3.04,3.11,3.14,3.14,3.13,3.12,3.10,3.10,3.11,3.11,3.12,3.13,3.12,3.11,3.11,3.06,3.03,3.03,3.00,2.94,2.86,2.82,2.93,2.68,2.16,1.09,-0.55,0.60,1.88,2.59,2.61,2.62,2.61,2.60,2.62,2.66,2.61,2.58,2.52,2.44,2.48,2.46,2.46,2.46,2.46,2.46,2.46,2.46,2.46,2.46,2.47,2.49,2.52,2.53,2.50,2.46,2.45,2.48,2.49,2.28,1.98,1.68,1.38,1.13,0.95,0.87,0.92,1.04,1.34,1.89,2.70,3.31,3.66,3.73,3.60,3.59,3.63,3.66,3.68,3.71,3.72,3.73,3.74,3.74,3.72,3.73,3.72,3.71,3.74,3.66,3.65,3.66,3.62,3.60,3.58,3.56,3.54,3.48,3.46,3.47,3.48,3.48,3.47,3.44,3.44,3.50,3.48,3.50,3.57,3.68,3.71,3.76,3.81,3.86,3.91,3.95,3.93,3.87,3.81,3.86,3.88,3.82,3.73,3.74,3.84,3.87,3.87,3.89,3.91,3.93,3.95,3.97,3.98,4.00,4.03,4.07,4.09,4.10,4.12,4.14,4.15,4.08,4.00,3.93,3.88,3.83,3.79,3.73,3.75,3.91,3.94,3.96,3.99,4.02,4.00,4.00,3.95,3.92,3.99,4.03,4.07,4.08,4.05,4.01,3.98,3.96,3.97,4.04,4.08,4.15,4.21,4.24,4.25,4.24,4.24,4.27,4.30,4.33,4.33,4.33,4.33,4.30,4.26,4.22,4.19,4.11,4.10,4.09,4.08,4.05,4.00,3.95,3.92,3.92,3.92,3.84,3.84,3.95,4.04,4.05,4.05,4.03,4.01,3.98,3.94,3.88,3.81,3.81,3.76,3.80,3.91,3.91,3.89,3.85,3.84,3.87,3.89,3.93,3.95,3.93,3.95,3.99,4.01,4.03,4.06,4.11,4.17,4.19,4.17,4.13,4.04,3.89,3.69,3.57,3.45,3.40,3.39,3.37,3.28,3.24,3.18,3.10,3.16,3.17,3.11,3.03,3.04,3.05,3.04,3.04
2.69,2.57,2.53,2.33,2.14,2.21,3.05,3.13,3.14,3.13,3.12,3.10,3.09,3.09,3.11,3.11,3.13,3.13,3.13,3.12,3.15,3.10,3.06,3.07,3.07,3.08,3.13,3.20,3.27,3.04,2.50,1.47,-0.08,-0.58,0.71,1.84,2.19,2.57,2.59,2.60,2.63,2.68,2.64,2.59,2.54,2.49,2.48,2.45,2.44,2.44,2.44,2.44,2.44,2.44,2.44,2.45,2.44,2.45,2.48,2.48,2.49,2.47,2.45,2.49,2.38,2.16,1.89,1.60,1.29,1.00,0.76,0.59,0.49,0.56,1.04,1.84,2.77,3.45,3.68,3.68,3.58,3.60,3.66,3.68,3.69,3.72,3.75,3.77,3.78,3.79,3.76,3.77,3.76,3.75,3.73,3.67,3.70,3.73,3.66,3.63,3.60,3.58,3.55,3.50,3.47,3.49,3.51,3.51,3.53,3.53,3.54,3.58,3.52,3.48,3.52,3.61,3.66,3.71,3.77,3.82,3.86,3.89,3.86,3.83,3.84,3.87,3.83,3.76,3.73,3.77,3.85,3.89,3.90,3.90,3.92,3.95,3.97,3.99,3.99,4.03,4.07,4.11,4.11,4.13,4.14,4.14,4.12,4.05,3.96,3.90,3.85,3.83,3.78,3.78,3.84,3.96,3.97,3.97,4.00,4.04,4.06,4.07,4.01,3.94,3.98,4.01,4.06,4.09,4.10,4.08,4.02,3.97,3.95,3.99,4.05,4.13,4.18,4.20,4.20,4.20,4.22,4.27,4.29,4.31,4.31,4.31,4.30,4.28,4.25,4.21,4.17,4.12,4.08,4.06,4.06,4.03,3.97,3.94,3.93,3.92,3.91,3.87,3.92,4.05,4.10,4.09,4.06,4.03,4.01,3.98,3.96,3.93,3.90,3.83,3.76,3.77,3.85,3.87,3.86,3.83,3.83,3.85,3.84,3.90,3.94,3.94,3.96,4.02,4.05,4.06,4.07,4.09,4.18,4.23,4.20,4.13,3.98,3.79,3.61,3.48,3.39,3.35,3.33,3.30,3.23,3.18,3.13,3.10,3.15,3.14,3.06,2.98,2.99,3.01,3.02,3.02
2.82,2.63,2.41,1.58,0.97,1.18,3.01,3.14,3.14,3.12,3.11,3.08,3.07,3.08,3.10,3.12,3.13,3.14,3.15,3.15,3.18,3.13,3.08,3.08,3.06,3.15,3.40,3.68,3.67,3.59,3.26,2.76,2.03,-1.31,-0.66,0.70,1.53,2.49,2.57,2.60,2.66,2.69,2.67,2.62,2.58,2.56,2.48,2.44,2.42,2.42,2.42,2.42,2.42,2.42,2.42,2.43,2.43,2.43,2.43,2.42,2.48,2.49,2.47,2.47,2.24,2.02,1.79,1.50,1.22,0.91,0.62,0.36,0.08,0.10,0.79,1.85,2.90,3.64,3.72,3.61,3.56,3.60,3.67,3.70,3.70,3.72,3.78,3.81,3.82,3.83,3.80,3.80,3.81,3.79,3.69,3.71,3.78,3.82,3.71,3.66,3.62,3.59,3.56,3.51,3.48,3.51,3.56,3.56,3.61,3.65,3.68,3.70,3.60,3.50,3.48,3.54,3.61,3.66,3.71,3.75,3.81,3.81,3.77,3.79,3.88,3.85,3.75,3.72,3.77,3.83,3.85,3.90,3.93,3.92,3.93,3.97,4.00,4.00,3.97,4.06,4.13,4.15,4.13,4.15,4.17,4.14,4.07,4.00,3.90,3.85,3.83,3.85,3.77,3.86,3.97,3.97,3.95,3.96,3.99,4.04,4.11,4.14,4.09,4.02,3.99,3.99,4.02,4.07,4.11,4.14,4.08,4.00,3.95,3.93,4.02,4.10,4.14,4.15,4.16,4.16,4.21,4.28,4.26,4.28,4.29,4.28,4.27,4.26,4.24,4.19,4.14,4.14,4.06,4.03,4.03,4.00,3.95,3.96,3.97,3.92,3.89,3.94,4.04,4.13,4.15,4.12,4.08,4.05,4.02,3.98,3.96,3.98,4.01,3.88,3.81,3.78,3.78,3.81,3.82,3.82,3.83,3.83,3.80,3.84,3.90,3.93,3.97,4.05,4.08,4.09,4.08,4.06,4.18,4.28,4.26,4.14,3.90,3.68,3.51,3.40,3.36,3.29,3.24,3.23,3.20,3.10,3.07,3.13,3.11,3.08,3.00,2.92,2.95,2.97,2.99,3.01
2.89,2.84,2.74,2.44,2.24,2.35,3.07,3.12,3.11,3.10,3.08,3.07,3.07,3.08,3.11,3.12,3.13,3.15,3.17,3.18,3.16,3.13,3.09,3.06,3.04,3.28,3.51,3.65,3.66,3.65,3.56,3.39,3.09,1.83,0.39,-0.01,0.94,2.39,2.58,2.61,2.64,2.71,2.69,2.64,2.58,2.52,2.47,2.43,2.41,2.40,2.39,2.39,2.39,2.40,2.40,2.40,2.41,2.41,2.41,2.41,2.43,2.45,2.44,2.32,2.09,1.86,1.62,1.37,1.09,0.80,0.52,0.25,-0.02,0.23,0.98,2.06,3.19,3.64,3.65,3.56,3.55,3.61,3.67,3.70,3.72,3.73,3.76,3.80,3.85,3.87,3.85,3.82,3.80,3.80,3.82,3.84,3.89,3.90,3.76,3.70,3.65,3.62,3.59,3.55,3.55,3.57,3.59,3.61,3.65,3.68,3.71,3.70,3.64,3.62,3.58,3.54,3.57,3.58,3.63,3.68,3.70,3.76,3.80,3.82,3.84,3.78,3.76,3.78,3.83,3.89,3.91,3.93,3.94,3.93,3.94,3.98,3.99,3.95,4.00,4.11,4.18,4.19,4.16,4.17,4.16,4.10,4.02,3.95,3.84,3.81,3.84,3.85,3.90,3.96,4.00,3.99,3.99,3.98,4.00,4.04,4.02,4.04,4.08,4.08,4.01,4.01,4.01,4.03,4.06,4.12,4.11,4.06,4.00,3.96,3.97,3.99,4.03,4.11,4.13,4.17,4.23,4.28,4.27,4.30,4.29,4.26,4.26,4.23,4.22,4.19,4.15,4.11,4.07,4.04,4.01,3.96,3.99,3.98,3.95,3.92,3.97,4.01,4.05,4.10,4.15,4.13,4.10,4.07,4.04,4.00,3.98,3.96,3.96,3.94,3.88,3.84,3.83,3.80,3.82,3.82,3.82,3.82,3.81,3.85,3.87,3.85,3.90,3.99,4.03,4.05,4.11,4.07,4.08,4.16,4.27,4.09,3.78,3.54,3.43,3.33,3.32,3.27,3.22,3.18,3.11,3.07,3.07,3.09,3.07,3.02,2.94,2.88,2.90,2.93,2.95,2.97
2.92,2.93,2.92,2.92,2.93,2.97,3.06,3.06,3.05,3.03,3.03,3.04,3.06,3.08,3.10,3.11,3.12,3.15,3.17,3.18,3.15,3.12,3.10,3.08,3.13,3.40,3.58,3.63,3.66,3.70,3.74,3.75,3.70,3.60,1.75,0.77,1.44,2.52,2.60,2.59,2.63,2.70,2.68,2.64,2.58,2.50,2.46,2.42,2.40,2.40,2.39,2.38,2.38,2.38,2.38,2.38,2.38,2.38,2.38,2.38,2.39,2.41,2.38,2.18,1.95,1.70,1.46,1.23,0.96,0.69,0.41,0.14,-0.09,0.43,1.30,2.37,3.46,3.63,3.59,3.53,3.55,3.63,3.67,3.70,3.73,3.75,3.75,3.80,3.85,3.89,3.89,3.84,3.81,3.85,3.95,3.97,3.99,3.97,3.81,3.75,3.69,3.65,3.62,3.58,3.59,3.61,3.63,3.67,3.68,3.72,3.74,3.72,3.68,3.70,3.68,3.59,3.56,3.55,3.60,3.66,3.68,3.76,3.81,3.82,3.79,3.77,3.79,3.82,3.86,3.92,3.95,3.95,3.94,3.94,3.95,3.99,3.98,3.94,4.01,4.13,4.20,4.21,4.17,4.17,4.14,4.06,3.97,3.90,3.83,3.82,3.87,3.91,4.01,4.07,4.08,4.05,4.06,4.04,4.05,4.07,4.01,4.02,4.07,4.10,4.06,4.04,4.02,4.00,4.00,4.08,4.11,4.10,4.06,4.01,3.96,3.95,3.98,4.05,4.09,4.17,4.24,4.29,4.28,4.31,4.29,4.25,4.24,4.21,4.20,4.18,4.15,4.10,4.06,4.03,4.01,3.97,4.00,3.98,3.95,3.96,4.02,4.04,4.05,4.08,4.13,4.13,4.12,4.09,4.06,4.02,3.99,3.96,3.94,3.96,3.91,3.89,3.88,3.80,3.83,3.81,3.79,3.80,3.82,3.84,3.83,3.79,3.84,3.93,3.99,4.02,4.08,4.05,4.00,4.03,4.14,3.95,3.65,3.45,3.37,3.30,3.29,3.25,3.19,3.13,3.06,3.06,3.07,3.07,3.05,2.97,2.89,2.84,2.87,2.90,2.92,2.94
2.88,2.91,2.92,2.94,2.94,2.93,2.95,2.95,2.94,2.93,2.97,2.98,3.04,3.08,3.09,3.08,3.10,3.14,3.17,3.15,3.14,3.12,3.11,3.12,3.34,3.51,3.61,3.65,3.68,3.72,3.76,3.78,3.77,3.70,3.49,3.33,3.24,2.92,2.64,2.55,2.61,2.66,2.65,2.62,2.56,2.48,2.45,2.42,2.41,2.42,2.41,2.38,2.37,2.37,2.36,2.36,2.35,2.34,2.34,2.34,2.37,2.37,2.29,2.06,1.80,1.55,1.31,1.06,0.81,0.56,0.28,0.03,-0.12,0.72,1.74,2.79,3.71,3.60,3.53,3.52,3.58,3.64,3.67,3.71,3.74,3.76,3.77,3.78,3.82,3.89,3.94,3.85,3.84,3.95,4.07,4.08,4.08,4.02,3.86,3.80,3.74,3.68,3.64,3.62,3.62,3.63,3.67,3.74,3.73,3.76,3.78,3.75,3.70,3.75,3.76,3.71,3.59,3.56,3.62,3.72,3.77,3.82,3.82,3.79,3.75,3.83,3.84,3.84,3.86,3.92,3.96,3.95,3.93,3.94,3.99,3.99,3.97,3.96,4.01,4.10,4.18,4.22,4.16,4.16,4.10,4.02,3.92,3.84,3.86,3.89,3.93,4.03,4.12,4.18,4.20,4.16,4.17,4.16,4.14,4.13,4.12,4.09,4.07,4.08,4.14,4.08,4.04,3.98,3.92,4.01,4.08,4.12,4.12,4.09,4.02,4.00,4.00,3.98,4.04,4.13,4.22,4.28,4.29,4.31,4.30,4.27,4.20,4.19,4.18,4.16,4.15,4.11,4.04,4.00,4.01,4.04,3.99,3.96,3.97,4.03,4.03,4.03,4.03,4.06,4.09,4.13,4.13,4.11,4.08,4.04,4.01,3.97,3.94,3.93,3.91,3.92,3.93,3.81,3.84,3.80,3.75,3.78,3.83,3.82,3.78,3.74,3.78,3.86,3.95,4.00,3.97,3.98,3.94,3.88,3.83,3.68,3.52,3.40,3.33,3.32,3.26,3.21,3.15,3.07,3.07,3.07,3.08,3.08,3.05,2.94,2.85,2.82,2.84,2.89,2.91,2.91
2.87,2.90,2.92,2.93,2.94,2.94,2.94,2.94,2.94,2.94,2.94,2.96,2.98,3.00,3.00,3.03,3.05,3.08,3.10,3.12,3.12,3.11,3.09,3.12,3.44,3.57,3.64,3.68,3.71,3.75,3.78,3.81,3.83,3.77,3.76,3.74,3.64,3.38,2.98,2.75,2.67,2.69,2.65,2.61,2.54,2.44,2.48,2.45,2.42,2.41,2.39,2.39,2.38,2.36,2.35,2.35,2.35,2.35,2.34,2.30,2.37,2.32,2.15,1.92,1.67,1.42,1.18,0.93,0.68,0.42,0.16,0.01,0.26,1.24,2.25,3.11,3.63,3.54,3.53,3.55,3.59,3.64,3.65,3.69,3.75,3.77,3.78,3.79,3.82,3.86,3.90,3.89,3.92,3.99,4.09,4.07,4.03,3.97,3.92,3.85,3.77,3.70,3.66,3.66,3.69,3.72,3.75,3.79,3.78,3.80,3.79,3.72,3.73,3.76,3.77,3.74,3.67,3.62,3.68,3.79,3.85,3.84,3.80,3.77,3.76,3.83,3.84,3.84,3.86,3.90,3.92,3.91,3.92,3.97,4.01,4.01,4.00,3.99,4.02,4.08,4.13,4.16,4.12,4.08,4.01,3.94,3.88,3.87,3.89,3.94,4.01,4.12,4.23,4.30,4.32,4.31,4.28,4.22,4.19,4.19,4.17,4.14,4.12,4.12,4.13,4.10,4.11,4.08,4.03,4.04,4.06,4.09,4.11,4.12,4.10,4.07,4.05,4.01,4.02,4.09,4.19,4.26,4.28,4.31,4.30,4.27,4.22,4.18,4.16,4.14,4.13,4.09,4.03,4.01,4.02,4.01,3.98,3.99,4.02,4.06,4.05,4.04,4.04,4.04,4.07,4.11,4.12,4.11,4.10,4.06,4.02,3.99,3.95,3.90,3.91,3.91,3.88,3.82,3.80,3.76,3.73,3.73,3.79,3.78,3.76,3.75,3.77,3.83,3.92,3.97,3.91,3.91,3.86,3.79,3.71,3.57,3.44,3.37,3.33,3.28,3.24,3.20,3.15,3.06,3.10,3.14,3.15,3.10,3.02,2.93,2.87,2.85,2.85,2.89,2.90,2.92
2.87,2.89,2.92,2.93,2.94,2.95,2.94,2.94,2.95,2.95,2.93,2.94,2.93,2.92,2.93,2.98,3.01,3.02,3.03,3.08,3.10,3.08,3.08,3.17,3.50,3.61,3.66,3.71,3.74,3.77,3.81,3.84,3.87,3.83,3.80,3.79,3.78,3.74,3.23,2.89,2.75,2.73,2.68,2.62,2.52,2.41,2.50,2.48,2.44,2.40,2.38,2.39,2.38,2.36,2.34,2.34,2.35,2.35,2.34,2.29,2.35,2.25,2.02,1.79,1.54,1.29,1.04,0.79,0.56,0.29,0.07,0.08,0.73,1.77,2.73,3.38,3.53,3.50,3.53,3.57,3.59,3.63,3.63,3.67,3.74,3.78,3.78,3.79,3.80,3.82,3.88,3.95,3.99,4.02,4.08,4.06,3.99,3.94,3.95,3.87,3.78,3.71,3.68,3.70,3.75,3.79,3.83,3.84,3.83,3.83,3.79,3.70,3.75,3.76,3.76,3.76,3.74,3.69,3.74,3.84,3.89,3.84,3.78,3.75,3.78,3.82,3.83,3.84,3.86,3.88,3.89,3.89,3.92,3.99,4.03,4.04,4.03,4.02,4.04,4.07,4.09,4.10,4.07,4.00,3.92,3.87,3.86,3.90,3.93,4.00,4.10,4.21,4.34,4.41,4.44,4.46,4.38,4.29,4.24,4.23,4.20,4.19,4.18,4.17,4.13,4.13,4.16,4.18,4.15,4.09,4.05,4.04,4.08,4.14,4.16,4.15,4.11,4.07,4.01,4.05,4.14,4.23,4.26,4.29,4.29,4.27,4.25,4.18,4.15,4.13,4.11,4.06,4.03,4.03,4.03,3.98,3.99,4.03,4.06,4.07,4.07,4.06,4.05,4.03,4.05,4.09,4.11,4.12,4.11,4.07,4.04,4.00,3.95,3.88,3.90,3.89,3.84,3.84,3.78,3.75,3.71,3.66,3.73,3.72,3.72,3.75,3.77,3.82,3.89,3.93,3.87,3.84,3.79,3.71,3.62,3.49,3.40,3.34,3.31,3.25,3.22,3.18,3.14,3.08,3.14,3.19,3.19,3.11,3.00,2.93,2.91,2.90,2.87,2.89,2.91,2.93
2.87,2.89,2.92,2.93,2.94,2.94,2.93,2.94,2.95,2.94,2.92,2.93,2.93,2.93,2.92,2.94,2.96,2.98,3.01,3.05,3.07,3.05,3.15,3.41,3.54,3.61,3.66,3.71,3.77,3.80,3.83,3.87,3.90,3.88,3.83,3.80,3.81,3.79,3.06,2.78,2.83,2.78,2.78,2.68,2.54,2.43,2.49,2.49,2.47,2.43,2.40,2.38,2.36,2.35,2.35,2.33,2.33,2.33,2.33,2.33,2.29,2.13,1.88,1.65,1.41,1.16,0.92,0.66,0.42,0.17,0.09,0.37,1.27,2.25,3.10,3.58,3.49,3.48,3.51,3.54,3.56,3.59,3.61,3.64,3.70,3.80,3.76,3.75,3.76,3.77,3.95,4.03,4.04,4.05,4.09,4.06,4.04,4.01,3.92,3.79,3.74,3.73,3.72,3.72,3.77,3.83,3.88,3.90,3.88,3.82,3.77,3.74,3.76,3.76,3.76,3.75,3.72,3.74,3.81,3.86,3.84,3.80,3.75,3.73,3.78,3.82,3.84,3.85,3.86,3.85,3.89,3.91,3.94,3.98,4.02,4.06,4.07,4.05,4.05,4.08,4.09,4.07,4.01,3.93,3.87,3.86,3.90,3.95,4.01,4.09,4.20,4.31,4.41,4.52,4.58,4.56,4.46,4.35,4.26,4.20,4.19,4.21,4.22,4.21,4.18,4.18,4.18,4.22,4.27,4.15,4.05,4.02,4.06,4.14,4.18,4.21,4.20,4.13,4.03,4.00,4.05,4.15,4.21,4.27,4.29,4.28,4.28,4.21,4.17,4.13,4.08,4.04,4.07,4.05,4.00,4.00,4.05,4.06,4.06,4.07,4.08,4.08,4.07,4.06,4.04,4.06,4.10,4.11,4.09,4.09,4.06,4.02,3.96,3.89,3.89,3.89,3.88,3.89,3.85,3.79,3.70,3.57,3.65,3.62,3.64,3.74,3.77,3.83,3.88,3.88,3.86,3.80,3.75,3.66,3.53,3.43,3.41,3.36,3.28,3.23,3.17,3.12,3.11,3.13,3.20,3.19,3.15,3.08,3.01,2.96,2.95,2.94,2.92,2.94,2.93,2.94
2.87,2.89,2.91,2.93,2.94,2.93,2.93,2.93,2.94,2.93,2.92,2.92,2.93,2.94,2.93,2.92,2.92,2.96,2.99,3.02,3.03,3.06,3.21,3.51,3.58,3.61,3.65,3.72,3.77,3.81,3.85,3.89,3.93,3.94,3.88,3.84,3.81,3.58,3.00,2.81,2.86,2.81,2.82,2.72,2.58,2.46,2.48,2.51,2.50,2.47,2.43,2.39,2.37,2.35,2.34,2.33,2.32,2.32,2.32,2.35,2.22,2.01,1.77,1.52,1.27,1.04,0.79,0.54,0.30,0.06,0.18,0.76,1.73,2.70,3.34,3.58,3.43,3.50,3.53,3.54,3.55,3.58,3.61,3.63,3.66,3.73,3.70,3.71,3.74,3.79,3.97,4.01,4.01,4.01,4.06,4.07,4.07,4.03,3.90,3.78,3.74,3.75,3.76,3.75,3.79,3.85,3.91,3.95,3.90,3.83,3.76,3.73,3.75,3.74,3.73,3.73,3.76,3.80,3.84,3.84,3.77,3.73,3.68,3.69,3.75,3.79,3.82,3.84,3.83,3.82,3.88,3.91,3.93,3.98,4.03,4.08,4.11,4.09,4.08,4.09,4.08,4.04,3.97,3.89,3.87,3.88,3.90,3.97,4.09,4.20,4.29,4.40,4.50,4.61,4.66,4.61,4.48,4.38,4.29,4.21,4.21,4.22,4.25,4.26,4.26,4.25,4.27,4.30,4.33,4.19,4.09,4.04,4.04,4.13,4.17,4.21,4.23,4.19,4.10,4.05,4.05,4.09,4.14,4.21,4.23,4.21,4.21,4.17,4.11,4.07,4.07,4.06,4.06,4.05,4.03,4.05,4.09,4.08,4.07,4.07,4.08,4.08,4.08,4.07,4.05,4.06,4.08,4.10,4.10,4.09,4.07,4.04,3.98,3.92,3.90,3.91,3.93,3.94,3.91,3.85,3.76,3.64,3.67,3.62,3.61,3.67,3.71,3.80,3.84,3.83,3.81,3.77,3.69,3.59,3.48,3.40,3.38,3.33,3.25,3.16,3.12,3.11,3.12,3.17,3.20,3.19,3.14,3.08,3.02,2.99,2.98,2.97,2.96,2.96,2.95,2.96
2.87,2.89,2.91,2.94,2.94,2.93,2.92,2.93,2.93,2.92,2.91,2.92,2.94,2.95,2.94,2.92,2.91,2.93,2.97,2.99,2.99,3.07,3.26,3.54,3.61,3.61,3.64,3.72,3.77,3.82,3.88,3.92,3.95,3.98,3.94,3.89,3.78,3.27,2.99,2.89,2.88,2.84,2.83,2.75,2.62,2.49,2.49,2.53,2.54,2.50,2.46,2.43,2.39,2.36,2.32,2.33,2.33,2.32,2.32,2.35,2.14,1.90,1.66,1.39,1.15,0.91,0.67,0.42,0.18,-0.03,0.31,1.20,2.16,3.12,3.50,3.49,3.37,3.53,3.56,3.55,3.56,3.59,3.62,3.62,3.62,3.62,3.64,3.68,3.74,3.85,3.97,3.96,3.94,3.95,4.02,4.07,4.07,4.02,3.89,3.80,3.76,3.77,3.79,3.79,3.80,3.85,3.93,3.98,3.91,3.84,3.76,3.71,3.73,3.72,3.71,3.71,3.82,3.86,3.84,3.78,3.71,3.68,3.62,3.63,3.72,3.74,3.80,3.81,3.79,3.78,3.87,3.89,3.90,3.98,4.05,4.11,4.14,4.13,4.11,4.10,4.05,3.99,3.94,3.86,3.90,3.92,3.89,3.99,4.17,4.30,4.39,4.48,4.58,4.67,4.70,4.64,4.47,4.38,4.30,4.24,4.25,4.24,4.27,4.32,4.35,4.34,4.38,4.41,4.37,4.22,4.15,4.08,4.03,4.12,4.14,4.19,4.23,4.23,4.19,4.15,4.10,4.05,4.07,4.13,4.14,4.11,4.09,4.09,4.02,4.00,4.07,4.10,4.04,4.04,4.09,4.11,4.12,4.09,4.07,4.07,4.07,4.08,4.08,4.09,4.08,4.06,4.05,4.08,4.12,4.08,4.08,4.05,3.99,3.95,3.93,3.95,3.99,4.00,3.96,3.91,3.85,3.79,3.74,3.67,3.61,3.58,3.64,3.74,3.78,3.77,3.74,3.74,3.64,3.52,3.46,3.40,3.32,3.27,3.22,3.07,3.08,3.11,3.16,3.19,3.19,3.18,3.15,3.09,3.04,3.02,3.01,3.00,3.01,2.98,2.98,2.99
2.87,2.89,2.91,2.93,2.93,2.92,2.91,2.93,2.92,2.91,2.90,2.92,2.94,2.95,2.95,2.95,2.95,2.95,2.94,2.95,2.96,3.03,3.18,3.41,3.57,3.60,3.63,3.69,3.76,3.82,3.88,3.93,3.97,4.01,3.99,3.93,3.76,3.25,3.03,2.93,2.89,2.88,2.87,2.78,2.66,2.56,2.54,2.57,2.57,2.53,2.50,2.46,2.43,2.39,2.35,2.33,2.31,2.33,2.36,2.24,2.02,1.78,1.54,1.29,1.04,0.79,0.54,0.29,0.06,0.13,0.71,1.68,2.65,3.35,3.54,3.44,3.35,3.48,3.53,3.55,3.58,3.60,3.60,3.59,3.57,3.56,3.67,3.75,3.82,3.89,3.94,3.93,3.94,3.96,3.91,3.95,3.94,3.89,3.84,3.81,3.78,3.78,3.81,3.83,3.84,3.87,3.90,3.92,3.88,3.81,3.75,3.70,3.71,3.71,3.72,3.76,3.83,3.82,3.79,3.76,3.75,3.74,3.73,3.73,3.74,3.74,3.72,3.72,3.75,3.83,3.90,3.90,3.91,3.98,4.03,4.11,4.14,4.12,4.09,4.07,4.01,3.92,3.83,3.87,3.94,3.98,4.00,4.12,4.29,4.42,4.48,4.46,4.52,4.62,4.68,4.64,4.48,4.35,4.29,4.28,4.21,4.24,4.29,4.34,4.39,4.48,4.53,4.51,4.40,4.25,4.20,4.17,4.16,4.17,4.13,4.13,4.16,4.20,4.21,4.19,4.16,4.13,4.14,4.08,4.03,4.01,4.03,4.04,4.03,4.04,4.08,4.05,4.07,4.09,4.10,4.09,4.11,4.09,4.07,4.07,4.07,4.07,4.07,4.08,4.10,4.09,4.07,4.06,4.09,4.09,4.07,4.03,3.98,3.96,4.00,4.08,4.17,4.15,4.09,4.01,3.96,3.97,3.81,3.73,3.63,3.53,3.57,3.58,3.64,3.70,3.72,3.62,3.57,3.52,3.46,3.42,3.34,3.28,3.21,3.09,3.10,3.12,3.15,3.24,3.21,3.19,3.15,3.11,3.05,3.04,3.04,3.03,3.02,3.02,3.01,3.01
2.87,2.89,2.92,2.92,2.92,2.91,2.91,2.92,2.92,2.91,2.90,2.93,2.94,2.95,2.95,2.97,2.97,2.95,2.93,2.93,2.94,2.99,3.11,3.32,3.53,3.60,3.63,3.67,3.74,3.80,3.87,3.94,3.99,4.03,4.04,3.97,3.77,3.31,3.08,2.95,2.90,2.91,2.87,2.81,2.44,1.78,2.46,2.60,2.59,2.57,2.53,2.50,2.46,2.42,2.39,2.35,2.32,2.34,2.34,2.13,1.90,1.66,1.42,1.18,0.93,0.68,0.43,0.18,-0.04,0.34,1.13,2.15,3.14,3.49,3.52,3.40,3.33,3.39,3.47,3.54,3.58,3.59,3.58,3.55,3.53,3.55,3.67,3.77,3.86,3.92,3.92,3.91,3.94,3.98,3.85,3.86,3.84,3.82,3.80,3.80,3.80,3.81,3.83,3.86,3.87,3.87,3.86,3.85,3.83,3.78,3.73,3.70,3.69,3.71,3.74,3.79,3.81,3.77,3.75,3.76,3.79,3.78,3.78,3.78,3.76,3.74,3.72,3.73,3.75,3.82,3.90,3.91,3.92,3.98,4.03,4.10,4.12,4.09,4.06,4.02,3.97,3.89,3.80,3.90,4.00,4.06,4.09,4.22,4.37,4.47,4.49,4.43,4.45,4.52,4.57,4.56,4.44,4.33,4.29,4.32,4.23,4.29,4.35,4.40,4.44,4.51,4.58,4.55,4.42,4.28,4.24,4.22,4.22,4.22,4.16,4.11,4.09,4.13,4.19,4.21,4.21,4.21,4.18,4.09,4.02,4.00,4.04,4.06,4.07,4.08,4.07,4.03,4.09,4.13,4.13,4.09,4.10,4.09,4.08,4.07,4.07,4.07,4.07,4.07,4.10,4.10,4.09,4.07,4.07,4.09,4.07,4.02,3.98,4.01,4.11,4.24,4.33,4.28,4.21,4.13,4.09,4.13,3.94,3.81,3.68,3.56,3.57,3.52,3.55,3.62,3.65,3.56,3.53,3.51,3.46,3.42,3.35,3.28,3.22,3.11,3.13,3.16,3.21,3.26,3.22,3.19,3.16,3.13,3.06,3.06,3.05,3.05,3.03,3.04,3.04,3.03
2.87,2.89,2.92,2.91,2.91,2.90,2.91,2.92,2.91,2.90,2.91,2.93,2.94,2.94,2.94,2.97,2.97,2.94,2.92,2.93,2.95,2.95,3.04,3.26,3.49,3.61,3.65,3.66,3.70,3.75,3.85,3.95,4.00,4.05,4.08,4.02,3.80,3.45,3.13,2.96,2.92,2.92,2.83,2.86,1.94,0.12,2.24,2.61,2.60,2.60,2.57,2.53,2.49,2.46,2.44,2.38,2.37,2.35,2.28,2.04,1.79,1.54,1.30,1.06,0.82,0.57,0.33,0.08,-0.14,0.59,1.58,2.60,3.62,3.53,3.43,3.36,3.30,3.24,3.36,3.50,3.59,3.57,3.54,3.52,3.51,3.58,3.64,3.74,3.86,3.95,3.91,3.91,3.95,3.98,3.84,3.80,3.79,3.79,3.76,3.79,3.82,3.84,3.85,3.90,3.90,3.85,3.79,3.79,3.76,3.72,3.70,3.71,3.67,3.72,3.78,3.80,3.77,3.71,3.71,3.76,3.82,3.79,3.78,3.78,3.79,3.75,3.80,3.84,3.82,3.73,3.87,3.91,3.93,3.98,4.06,4.08,4.08,4.05,4.00,3.96,3.93,3.89,3.87,3.97,4.08,4.16,4.19,4.31,4.41,4.44,4.41,4.38,4.36,4.36,4.38,4.40,4.36,4.33,4.32,4.34,4.32,4.38,4.44,4.47,4.48,4.45,4.51,4.52,4.42,4.31,4.27,4.24,4.23,4.28,4.23,4.11,4.01,4.02,4.15,4.20,4.25,4.29,4.21,4.17,4.13,4.11,4.13,4.16,4.15,4.11,4.04,4.03,4.11,4.16,4.15,4.09,4.10,4.09,4.08,4.07,4.07,4.07,4.07,4.07,4.07,4.10,4.11,4.10,4.05,4.08,4.05,4.01,4.01,4.09,4.27,4.42,4.48,4.40,4.32,4.26,4.24,4.26,4.14,3.92,3.76,3.69,3.63,3.56,3.52,3.52,3.54,3.54,3.52,3.50,3.48,3.41,3.33,3.28,3.24,3.15,3.15,3.25,3.33,3.25,3.23,3.19,3.16,3.14,3.08,3.07,3.06,3.05,3.02,3.04,3.06,3.04
2.87,2.89,2.91,2.91,2.90,2.90,2.90,2.91,2.90,2.90,2.92,2.93,2.93,2.94,2.95,2.97,2.98,2.94,2.90,2.89,2.94,2.96,3.05,3.26,3.50,3.61,3.65,3.65,3.69,3.74,3.81,3.89,3.97,4.05,4.04,3.94,3.74,3.46,3.31,3.12,2.94,2.88,2.82,2.82,2.37,1.48,2.35,1.76,1.68,2.27,2.58,2.57,2.53,2.49,2.45,2.36,2.37,2.32,2.16,1.92,1.68,1.43,1.19,0.95,0.71,0.46,0.22,0.02,0.21,1.04,2.03,2.94,3.60,3.49,3.41,3.37,3.32,3.25,3.30,3.40,3.50,3.52,3.51,3.51,3.56,3.66,3.74,3.80,3.88,4.00,3.92,3.85,3.86,3.90,3.79,3.76,3.76,3.77,3.80,3.83,3.87,3.88,3.88,3.90,3.90,3.86,3.80,3.74,3.71,3.67,3.65,3.66,3.69,3.77,3.79,3.74,3.70,3.69,3.73,3.78,3.81,3.80,3.78,3.76,3.78,3.80,3.79,3.79,3.78,3.77,3.80,3.86,3.92,3.95,4.01,4.04,4.04,4.02,3.96,3.88,3.86,3.88,3.95,4.04,4.14,4.21,4.24,4.32,4.40,4.43,4.42,4.39,4.39,4.37,4.35,4.34,4.35,4.36,4.39,4.43,4.45,4.48,4.51,4.52,4.55,4.49,4.47,4.42,4.34,4.31,4.27,4.24,4.23,4.23,4.29,4.25,4.17,4.12,4.12,4.17,4.24,4.27,4.25,4.23,4.21,4.19,4.21,4.22,4.18,4.10,3.99,4.05,4.12,4.15,4.14,4.10,4.09,4.09,4.08,4.08,4.07,4.07,4.07,4.07,4.07,4.08,4.09,4.10,4.09,4.07,4.04,4.02,4.02,4.15,4.04,4.23,4.60,4.52,4.44,4.40,4.38,4.34,4.23,4.02,3.85,3.76,3.69,3.61,3.55,3.54,3.61,3.56,3.54,3.51,3.47,3.41,3.33,3.27,3.22,3.19,3.23,3.31,3.35,3.25,3.22,3.19,3.16,3.14,3.09,3.08,3.08,3.06,3.02,3.04,3.05,3.01
2.87,2.89,2.91,2.90,2.89,2.89,2.90,2.90,2.90,2.91,2.92,2.93,2.93,2.94,2.95,2.97,2.99,2.95,2.89,2.85,2.91,2.97,3.09,3.28,3.53,3.61,3.64,3.66,3.69,3.73,3.77,3.83,3.93,4.03,3.97,3.82,3.64,3.48,3.45,3.24,2.97,2.88,2.85,2.81,2.77,2.72,2.52,1.40,1.28,2.12,2.52,2.59,2.58,2.53,2.46,2.34,2.35,2.26,2.04,1.81,1.56,1.32,1.08,0.83,0.60,0.35,0.12,0.01,0.61,1.52,2.48,3.26,3.53,3.45,3.41,3.40,3.38,3.29,3.27,3.31,3.41,3.47,3.47,3.50,3.60,3.75,3.86,3.88,3.93,4.03,3.91,3.80,3.77,3.80,3.75,3.73,3.73,3.77,3.84,3.87,3.91,3.91,3.89,3.90,3.90,3.87,3.80,3.69,3.66,3.63,3.63,3.65,3.73,3.80,3.78,3.69,3.66,3.69,3.76,3.81,3.80,3.80,3.78,3.76,3.78,3.85,3.80,3.77,3.78,3.84,3.77,3.83,3.91,3.92,3.95,3.99,4.00,3.97,3.90,3.83,3.83,3.91,4.03,4.11,4.19,4.25,4.28,4.31,4.38,4.42,4.43,4.41,4.40,4.38,4.34,4.32,4.37,4.41,4.46,4.53,4.57,4.56,4.55,4.55,4.58,4.53,4.44,4.35,4.28,4.31,4.27,4.25,4.25,4.23,4.35,4.36,4.30,4.23,4.13,4.15,4.20,4.24,4.28,4.28,4.27,4.27,4.27,4.26,4.20,4.09,3.96,4.07,4.13,4.14,4.13,4.10,4.09,4.09,4.09,4.08,4.07,4.07,4.07,4.07,4.07,4.07,4.08,4.09,4.12,4.07,4.04,3.98,3.89,3.93,3.65,3.98,4.67,4.64,4.57,4.54,4.50,4.41,4.31,4.12,3.95,3.82,3.74,3.64,3.58,3.57,3.66,3.58,3.54,3.50,3.45,3.42,3.34,3.26,3.21,3.22,3.31,3.37,3.36,3.26,3.22,3.19,3.17,3.13,3.10,3.09,3.08,3.07,3.03,3.04,3.01,2.96
2.87,2.90,2.92,2.90,2.89,2.89,2.91,2.89,2.89,2.91,2.92,2.92,2.93,2.94,2.95,2.98,2.99,2.97,2.91,2.83,2.88,3.00,3.15,3.33,3.58,3.62,3.64,3.68,3.69,3.73,3.77,3.82,3.87,3.93,3.82,3.64,3.48,3.52,3.42,3.22,3.03,2.98,2.94,2.91,2.87,2.83,2.74,2.42,2.36,2.47,2.32,2.56,2.67,2.63,2.49,2.37,2.27,2.13,1.93,1.70,1.45,1.20,0.97,0.72,0.49,0.23,0.06,0.13,1.01,1.99,2.93,3.57,3.45,3.41,3.43,3.46,3.48,3.37,3.31,3.31,3.35,3.40,3.42,3.48,3.61,3.82,3.98,4.01,4.01,4.02,3.86,3.76,3.71,3.70,3.74,3.71,3.73,3.80,3.87,3.92,3.93,3.90,3.86,3.89,3.89,3.85,3.77,3.67,3.62,3.61,3.64,3.74,3.79,3.77,3.70,3.64,3.69,3.74,3.81,3.86,3.78,3.79,3.80,3.81,3.83,3.85,3.87,3.88,3.90,3.93,3.88,3.87,3.88,3.91,3.93,3.96,3.94,3.86,3.83,3.84,3.92,4.02,4.11,4.15,4.20,4.25,4.30,4.30,4.35,4.41,4.44,4.43,4.38,4.35,4.34,4.39,4.45,4.51,4.57,4.61,4.64,4.59,4.55,4.54,4.56,4.54,4.44,4.35,4.31,4.30,4.29,4.30,4.34,4.40,4.39,4.38,4.35,4.31,4.23,4.13,4.12,4.21,4.28,4.32,4.32,4.31,4.31,4.27,4.19,4.08,3.96,4.08,4.14,4.14,4.11,4.11,4.10,4.09,4.09,4.08,4.08,4.07,4.07,4.07,4.07,4.07,4.07,4.08,4.10,4.11,4.06,3.84,3.44,3.11,3.03,3.66,4.63,4.76,4.72,4.66,4.58,4.48,4.38,4.23,4.06,3.87,3.74,3.65,3.60,3.59,3.63,3.57,3.52,3.47,3.43,3.43,3.34,3.28,3.25,3.21,3.35,3.42,3.40,3.30,3.25,3.20,3.17,3.13,3.10,3.07,3.06,3.07,3.04,2.99,2.93,2.89
2.87,2.90,2.92,2.90,2.88,2.88,2.90,2.89,2.89,2.91,2.92,2.92,2.92,2.93,2.95,2.98,2.99,2.98,2.93,2.84,2.90,3.04,3.23,3.43,3.62,3.65,3.66,3.69,3.69,3.73,3.77,3.81,3.84,3.80,3.66,3.52,3.45,3.54,3.34,3.19,3.11,3.08,3.05,3.01,2.97,2.92,2.86,2.77,2.69,2.61,2.45,2.64,2.69,2.60,2.41,2.33,2.17,1.98,1.79,1.56,1.33,1.09,0.85,0.61,0.37,0.12,0.10,0.48,1.43,2.42,3.19,3.58,3.40,3.41,3.44,3.47,3.49,3.43,3.37,3.33,3.31,3.34,3.37,3.44,3.57,3.74,3.89,3.96,3.98,3.96,3.80,3.68,3.64,3.67,3.70,3.73,3.78,3.84,3.91,3.95,3.97,3.92,3.85,3.84,3.84,3.81,3.73,3.66,3.60,3.62,3.70,3.79,3.78,3.72,3.67,3.67,3.77,3.78,3.84,3.90,3.87,3.81,3.82,3.85,3.86,3.87,3.90,3.93,3.95,3.97,3.96,3.90,3.86,3.88,3.84,3.88,3.88,3.84,3.85,3.92,4.01,4.10,4.17,4.18,4.20,4.24,4.30,4.33,4.36,4.38,4.40,4.39,4.35,4.34,4.36,4.43,4.53,4.59,4.62,4.62,4.62,4.58,4.53,4.50,4.52,4.48,4.42,4.37,4.32,4.32,4.29,4.29,4.33,4.39,4.37,4.36,4.37,4.38,4.26,4.14,4.11,4.19,4.27,4.32,4.34,4.34,4.34,4.28,4.20,4.10,3.99,4.08,4.13,4.13,4.11,4.11,4.10,4.09,4.09,4.08,4.08,4.08,4.07,4.07,4.07,4.07,4.07,4.07,4.09,4.16,4.16,3.98,3.57,2.78,2.53,3.13,4.22,4.78,4.80,4.74,4.65,4.55,4.46,4.30,4.08,3.84,3.73,3.66,3.62,3.61,3.62,3.55,3.50,3.46,3.43,3.39,3.30,3.24,3.22,3.25,3.36,3.43,3.43,3.34,3.28,3.23,3.18,3.13,3.10,3.08,3.07,3.08,3.07,2.97,2.89,2.83
2.87,2.89,2.91,2.89,2.88,2.88,2.89,2.90,2.90,2.91,2.92,2.91,2.92,2.93,2.95,2.98,2.99,2.99,2.96,2.87,2.92,3.07,3.29,3.54,3.65,3.68,3.69,3.69,3.69,3.72,3.77,3.81,3.81,3.66,3.50,3.44,3.47,3.53,3.25,3.17,3.22,3.18,3.15,3.11,3.06,2.99,2.94,2.83,2.71,2.64,2.70,2.75,2.67,2.50,2.29,2.27,2.07,1.83,1.63,1.40,1.21,0.98,0.73,0.49,0.25,0.03,0.19,0.92,1.86,2.82,3.37,3.47,3.38,3.42,3.44,3.45,3.46,3.48,3.45,3.37,3.29,3.30,3.32,3.39,3.50,3.59,3.70,3.83,3.90,3.87,3.72,3.58,3.57,3.66,3.66,3.77,3.84,3.89,3.94,3.99,4.00,3.95,3.85,3.78,3.78,3.75,3.70,3.65,3.58,3.66,3.76,3.81,3.74,3.68,3.67,3.73,3.86,3.82,3.86,3.94,3.97,3.83,3.84,3.87,3.86,3.89,3.92,3.94,3.96,3.99,4.02,3.95,3.87,3.86,3.76,3.81,3.84,3.85,3.90,4.02,4.10,4.15,4.21,4.22,4.21,4.22,4.29,4.37,4.37,4.35,4.34,4.34,4.32,4.33,4.38,4.45,4.61,4.66,4.65,4.61,4.57,4.56,4.51,4.46,4.48,4.40,4.39,4.38,4.34,4.35,4.29,4.27,4.29,4.33,4.33,4.34,4.38,4.43,4.26,4.16,4.14,4.19,4.26,4.30,4.33,4.35,4.35,4.29,4.22,4.13,4.04,4.07,4.11,4.12,4.11,4.12,4.11,4.09,4.09,4.08,4.08,4.08,4.08,4.08,4.07,4.08,4.08,4.08,4.10,4.21,4.27,4.21,3.92,2.79,2.21,2.55,3.60,4.65,4.80,4.78,4.70,4.61,4.52,4.32,4.05,3.77,3.70,3.68,3.65,3.63,3.63,3.55,3.48,3.45,3.43,3.33,3.25,3.19,3.18,3.29,3.36,3.43,3.45,3.38,3.32,3.26,3.19,3.13,3.10,3.09,3.10,3.10,3.08,2.97,2.87,2.79
2.87,2.89,2.90,2.88,2.88,2.89,2.88,2.89,2.90,2.90,2.90,2.90,2.92,2.94,2.95,2.98,2.99,3.00,2.98,2.88,2.92,3.03,3.20,3.42,3.59,3.67,3.70,3.70,3.69,3.69,3.72,3.75,3.72,3.58,3.47,3.44,3.49,3.39,3.24,3.26,3.34,3.28,3.25,3.21,3.16,3.07,3.02,2.88,2.73,2.64,2.72,2.69,2.58,2.42,2.27,2.13,1.94,1.72,1.50,1.28,1.07,0.85,0.60,0.38,0.13,0.08,0.45,1.34,2.31,3.16,3.52,3.45,3.38,3.44,3.47,3.49,3.50,3.52,3.52,3.48,3.42,3.34,3.29,3.31,3.38,3.47,3.54,3.67,3.78,3.77,3.56,3.56,3.60,3.65,3.71,3.81,3.88,3.93,3.94,3.99,3.98,3.92,3.84,3.75,3.72,3.69,3.65,3.61,3.66,3.73,3.77,3.74,3.69,3.70,3.71,3.75,3.85,3.85,3.90,3.94,3.89,3.85,3.85,3.85,3.86,3.88,3.91,3.93,3.95,3.98,4.02,4.03,4.00,3.93,3.85,3.89,3.92,3.92,3.99,4.09,4.14,4.18,4.23,4.28,4.28,4.26,4.25,4.27,4.29,4.29,4.27,4.27,4.29,4.32,4.38,4.45,4.56,4.61,4.63,4.64,4.59,4.60,4.57,4.50,4.45,4.41,4.37,4.38,4.42,4.38,4.34,4.30,4.28,4.31,4.33,4.35,4.37,4.35,4.23,4.15,4.14,4.19,4.26,4.27,4.29,4.31,4.30,4.27,4.24,4.19,4.12,4.06,4.05,4.07,4.11,4.12,4.11,4.09,4.09,4.08,4.08,4.08,4.08,4.09,4.09,4.07,4.09,4.13,4.17,4.21,4.25,4.25,4.16,3.73,2.85,2.36,2.59,3.67,4.34,4.60,4.63,4.62,4.53,4.18,3.87,3.74,3.71,3.70,3.67,3.66,3.67,3.64,3.53,3.40,3.31,3.32,3.29,3.23,3.18,3.30,3.37,3.44,3.47,3.42,3.36,3.30,3.22,3.14,3.12,3.11,3.10,3.08,3.03,2.96,2.87,2.77
2.89,2.89,2.89,2.88,2.88,2.89,2.89,2.89,2.90,2.90,2.89,2.90,2.92,2.94,2.95,2.98,2.99,3.01,3.00,2.91,2.95,3.03,3.18,3.38,3.58,3.68,3.72,3.73,3.71,3.70,3.69,3.67,3.63,3.52,3.45,3.46,3.50,3.31,3.28,3.37,3.45,3.38,3.35,3.30,3.24,3.16,3.09,2.93,2.77,2.66,2.72,2.64,2.49,2.34,2.23,2.02,1.81,1.59,1.37,1.15,0.94,0.72,0.49,0.27,0.03,0.22,0.83,1.79,2.77,3.37,3.54,3.42,3.42,3.48,3.51,3.53,3.55,3.57,3.57,3.54,3.49,3.41,3.33,3.29,3.30,3.37,3.42,3.54,3.63,3.63,3.49,3.54,3.61,3.66,3.73,3.83,3.90,3.92,3.92,3.95,3.93,3.87,3.80,3.71,3.68,3.65,3.63,3.64,3.72,3.75,3.73,3.69,3.67,3.73,3.77,3.78,3.85,3.88,3.91,3.92,3.88,3.87,3.85,3.85,3.87,3.88,3.90,3.92,3.94,3.96,4.01,4.06,4.06,3.97,3.90,3.94,3.97,3.97,4.02,4.11,4.16,4.19,4.22,4.27,4.28,4.25,4.20,4.21,4.23,4.24,4.23,4.23,4.29,4.34,4.40,4.46,4.51,4.57,4.62,4.64,4.58,4.58,4.56,4.51,4.45,4.42,4.41,4.43,4.48,4.42,4.38,4.33,4.30,4.31,4.33,4.36,4.36,4.30,4.23,4.15,4.14,4.20,4.23,4.23,4.24,4.24,4.22,4.24,4.25,4.23,4.17,4.08,4.02,4.02,4.05,4.09,4.09,4.09,4.08,4.08,4.08,4.09,4.09,4.09,4.08,4.09,4.12,4.16,4.19,4.21,4.24,4.27,4.28,4.18,3.50,2.74,2.31,2.74,3.69,4.27,4.51,4.51,4.37,4.02,3.78,3.73,3.71,3.71,3.68,3.66,3.66,3.64,3.53,3.37,3.23,3.29,3.30,3.25,3.20,3.29,3.38,3.45,3.48,3.45,3.36,3.29,3.22,3.15,3.12,3.11,3.10,3.07,2.99,2.93,2.85,2.75
2.91,2.89,2.88,2.87,2.87,2.88,2.90,2.89,2.89,2.89,2.89,2.90,2.92,2.94,2.95,2.98,2.99,3.01,3.01,2.95,3.01,3.09,3.22,3.41,3.60,3.70,3.75,3.77,3.76,3.75,3.67,3.58,3.53,3.48,3.45,3.48,3.49,3.28,3.37,3.48,3.55,3.48,3.45,3.38,3.31,3.24,3.14,2.98,2.81,2.69,2.70,2.59,2.42,2.26,2.17,1.92,1.69,1.46,1.24,1.03,0.81,0.59,0.38,0.17,-0.05,0.43,1.30,2.27,3.25,3.48,3.45,3.40,3.51,3.53,3.56,3.59,3.61,3.62,3.61,3.57,3.51,3.50,3.42,3.33,3.28,3.30,3.35,3.42,3.46,3.45,3.51,3.53,3.60,3.70,3.71,3.84,3.89,3.88,3.87,3.88,3.85,3.81,3.74,3.67,3.65,3.64,3.65,3.73,3.75,3.72,3.67,3.65,3.67,3.78,3.83,3.82,3.86,3.89,3.89,3.89,3.93,3.89,3.85,3.84,3.87,3.88,3.89,3.91,3.93,3.95,3.99,4.03,4.04,3.99,3.92,3.96,3.99,3.99,3.99,4.09,4.15,4.17,4.20,4.21,4.19,4.17,4.15,4.19,4.18,4.19,4.21,4.22,4.31,4.39,4.44,4.49,4.47,4.55,4.63,4.63,4.55,4.52,4.50,4.48,4.48,4.45,4.50,4.54,4.53,4.47,4.43,4.38,4.33,4.32,4.32,4.36,4.37,4.29,4.25,4.17,4.15,4.21,4.19,4.18,4.16,4.14,4.12,4.19,4.25,4.26,4.20,4.13,4.04,3.96,3.94,4.05,4.07,4.08,4.07,4.07,4.09,4.10,4.10,4.10,4.06,4.13,4.18,4.18,4.16,4.19,4.23,4.27,4.29,4.18,4.16,3.65,2.71,1.85,2.88,3.81,4.35,4.32,4.05,3.86,3.77,3.75,3.71,3.71,3.67,3.63,3.60,3.57,3.48,3.34,3.20,3.23,3.28,3.26,3.22,3.26,3.38,3.45,3.49,3.49,3.33,3.23,3.19,3.18,3.10,3.08,3.08,3.05,2.96,2.89,2.81,2.74
2.92,2.92,2.91,2.90,2.89,2.88,2.89,2.89,2.89,2.88,2.89,2.90,2.92,2.94,2.96,2.98,2.99,3.01,3.00,2.95,3.00,3.10,3.25,3.43,3.58,3.65,3.70,3.73,3.74,3.74,3.69,3.63,3.61,3.52,3.51,3.54,3.58,3.52,3.55,3.61,3.65,3.58,3.55,3.47,3.39,3.32,3.18,3.02,2.86,2.72,2.66,2.50,2.39,2.28,2.13,1.86,1.62,1.38,1.14,0.92,0.69,0.47,0.25,0.03,0.12,0.77,1.72,2.72,3.46,3.51,3.44,3.42,3.54,3.57,3.61,3.64,3.66,3.67,3.62,3.56,3.52,3.52,3.47,3.40,3.33,3.27,3.29,3.36,3.43,3.45,3.49,3.52,3.59,3.69,3.74,3.80,3.82,3.81,3.79,3.80,3.78,3.74,3.68,3.61,3.61,3.65,3.70,3.73,3.72,3.71,3.69,3.67,3.67,3.77,3.84,3.87,3.88,3.92,3.94,3.94,3.93,3.88,3.85,3.84,3.86,3.90,3.90,3.91,3.92,3.94,3.97,3.97,3.96,3.91,3.88,3.91,3.94,3.95,3.99,4.01,4.06,4.13,4.19,4.15,4.13,4.11,4.10,4.15,4.17,4.19,4.23,4.32,4.40,4.46,4.50,4.52,4.51,4.56,4.60,4.60,4.52,4.48,4.50,4.52,4.48,4.50,4.56,4.60,4.58,4.55,4.50,4.43,4.36,4.33,4.31,4.32,4.31,4.24,4.16,4.15,4.16,4.17,4.11,4.10,4.08,4.06,4.02,4.09,4.16,4.20,4.19,4.16,4.09,4.02,3.98,3.98,4.02,4.06,4.08,4.07,4.06,4.05,4.06,4.07,4.09,4.15,4.17,4.16,4.14,4.17,4.21,4.25,4.27,4.17,4.20,4.02,3.55,2.85,2.95,3.53,4.06,4.08,3.91,3.83,3.78,3.75,3.70,3.66,3.62,3.58,3.57,3.48,3.39,3.31,3.25,3.31,3.32,3.27,3.21,3.26,3.33,3.40,3.45,3.43,3.30,3.22,3.16,3.12,3.05,3.04,3.04,3.02,2.94,2.86,2.78,2.70
2.93,2.94,2.92,2.92,2.90,2.88,2.89,2.89,2.88,2.87,2.88,2.90,2.92,2.94,2.96,2.97,2.98,2.99,2.98,2.96,3.01,3.12,3.27,3.45,3.55,3.60,3.64,3.68,3.71,3.71,3.68,3.65,3.66,3.58,3.57,3.60,3.67,3.71,3.70,3.72,3.73,3.66,3.63,3.55,3.46,3.39,3.25,3.07,2.88,2.71,2.60,2.42,2.37,2.30,2.07,1.81,1.55,1.30,1.05,0.82,0.59,0.36,0.14,-0.07,0.35,1.15,2.14,3.13,3.57,3.51,3.43,3.46,3.57,3.60,3.64,3.69,3.71,3.70,3.61,3.54,3.52,3.50,3.48,3.44,3.36,3.27,3.26,3.33,3.42,3.46,3.47,3.51,3.58,3.66,3.74,3.75,3.77,3.77,3.73,3.73,3.72,3.68,3.62,3.57,3.61,3.67,3.72,3.72,3.70,3.71,3.71,3.70,3.70,3.77,3.85,3.91,3.91,3.94,3.98,3.98,3.94,3.87,3.85,3.84,3.86,3.90,3.91,3.91,3.92,3.94,3.93,3.91,3.87,3.83,3.85,3.89,3.92,3.95,4.01,3.97,4.01,4.08,4.15,4.12,4.09,4.07,4.07,4.12,4.16,4.20,4.27,4.43,4.50,4.55,4.58,4.56,4.54,4.55,4.57,4.56,4.50,4.47,4.49,4.52,4.49,4.55,4.61,4.65,4.64,4.63,4.57,4.48,4.39,4.35,4.32,4.29,4.24,4.17,4.09,4.13,4.14,4.10,4.08,4.08,4.07,4.05,4.00,4.04,4.08,4.11,4.14,4.17,4.14,4.08,4.03,3.95,3.98,4.02,4.06,4.08,4.03,4.02,4.03,4.07,4.13,4.16,4.16,4.14,4.12,4.15,4.19,4.23,4.25,4.16,4.19,4.23,4.15,3.73,3.26,3.48,3.88,3.91,3.84,3.82,3.79,3.75,3.67,3.61,3.56,3.54,3.54,3.42,3.34,3.31,3.32,3.37,3.37,3.32,3.25,3.27,3.28,3.34,3.38,3.35,3.25,3.19,3.12,3.04,3.01,3.01,3.01,2.98,2.91,2.83,2.75,2.68
2.96,2.93,2.93,2.89,2.88,2.92,2.93,2.89,2.87,2.87,2.88,2.90,2.92,2.94,2.96,2.94,2.95,2.95,2.96,3.01,3.07,3.16,3.30,3.46,3.51,3.55,3.59,3.63,3.67,3.64,3.59,3.56,3.61,3.63,3.62,3.65,3.72,3.74,3.76,3.78,3.77,3.68,3.68,3.62,3.54,3.44,3.33,3.12,2.87,2.64,2.53,2.38,2.34,2.27,2.00,1.75,1.49,1.22,0.97,0.74,0.51,0.28,0.06,-0.13,0.70,1.62,2.59,3.47,3.52,3.42,3.42,3.53,3.60,3.62,3.68,3.73,3.76,3.71,3.59,3.51,3.51,3.43,3.41,3.38,3.34,3.31,3.28,3.34,3.42,3.47,3.44,3.49,3.55,3.61,3.67,3.73,3.76,3.75,3.70,3.66,3.66,3.63,3.57,3.57,3.66,3.71,3.70,3.67,3.70,3.72,3.73,3.74,3.77,3.82,3.87,3.92,3.93,3.95,3.97,3.97,3.96,3.90,3.85,3.84,3.88,3.88,3.91,3.93,3.93,3.92,3.86,3.83,3.80,3.76,3.87,3.92,3.97,4.02,4.04,4.02,4.03,4.05,4.08,4.13,4.12,4.09,4.09,4.12,4.14,4.21,4.36,4.56,4.63,4.68,4.68,4.60,4.54,4.51,4.51,4.51,4.47,4.47,4.46,4.45,4.51,4.59,4.66,4.71,4.71,4.72,4.62,4.52,4.43,4.37,4.35,4.27,4.17,4.07,4.12,4.12,4.07,4.00,4.15,4.19,4.20,4.18,4.13,4.10,4.02,3.98,4.03,4.11,4.15,4.13,4.07,4.02,3.96,3.94,3.99,4.10,4.02,4.01,4.05,4.13,4.14,4.14,4.13,4.11,4.10,4.14,4.18,4.22,4.24,4.15,4.18,4.21,4.19,4.07,3.93,3.90,3.92,3.89,3.86,3.82,3.77,3.73,3.63,3.55,3.51,3.52,3.52,3.43,3.37,3.37,3.42,3.40,3.44,3.44,3.38,3.29,3.24,3.27,3.29,3.22,3.20,3.13,3.03,2.95,2.98,2.99,2.96,2.91,2.86,2.77,2.74,2.69
2.98,2.96,3.01,2.97,2.93,2.92,2.93,2.93,2.92,2.91,2.92,2.91,2.91,2.92,2.93,2.93,2.92,2.94,2.97,3.01,3.10,3.20,3.31,3.42,3.45,3.49,3.53,3.57,3.61,3.58,3.54,3.54,3.59,3.64,3.65,3.67,3.69,3.69,3.71,3.72,3.73,3.71,3.71,3.67,3.60,3.49,3.21,2.98,2.78,2.61,2.50,2.40,2.32,2.19,1.93,1.66,1.39,1.13,0.88,0.65,0.41,0.18,0.05,0.17,1.13,2.10,2.97,3.61,3.50,3.43,3.44,3.50,3.58,3.62,3.69,3.76,3.78,3.68,3.55,3.46,3.40,3.35,3.35,3.35,3.34,3.35,3.38,3.42,3.45,3.47,3.44,3.46,3.50,3.55,3.62,3.69,3.74,3.74,3.69,3.63,3.61,3.59,3.56,3.61,3.69,3.70,3.65,3.61,3.70,3.73,3.75,3.78,3.80,3.84,3.89,3.94,3.98,3.99,3.97,3.95,3.96,3.92,3.87,3.85,3.87,3.89,3.91,3.92,3.93,3.91,3.83,3.80,3.81,3.84,3.92,3.96,4.01,4.06,4.10,4.09,4.05,4.02,4.06,4.07,4.07,4.08,4.10,4.11,4.13,4.22,4.38,4.56,4.65,4.71,4.71,4.64,4.54,4.49,4.46,4.45,4.45,4.44,4.43,4.44,4.51,4.57,4.64,4.68,4.70,4.67,4.60,4.54,4.47,4.36,4.32,4.21,4.10,4.07,4.12,4.08,4.05,4.08,4.20,4.24,4.25,4.25,4.21,4.16,4.05,3.98,3.99,4.03,4.09,4.12,4.11,4.09,4.02,3.98,3.98,4.03,3.98,3.99,4.04,4.09,4.12,4.12,4.10,4.09,4.09,4.13,4.17,4.21,4.23,4.16,4.18,4.19,4.18,4.12,4.09,4.00,3.91,3.88,3.86,3.82,3.76,3.68,3.57,3.54,3.52,3.51,3.51,3.46,3.44,3.45,3.46,3.47,3.50,3.48,3.40,3.32,3.24,3.21,3.21,3.21,3.18,3.08,3.00,2.97,2.97,2.94,2.89,2.84,2.81,2.72,2.66,2.62
3.00,3.01,3.11,3.07,2.98,2.91,2.93,2.97,2.96,2.94,2.96,2.92,2.90,2.89,2.91,2.92,2.91,2.94,2.98,2.98,3.10,3.21,3.30,3.37,3.40,3.43,3.47,3.51,3.55,3.52,3.52,3.55,3.59,3.61,3.66,3.67,3.64,3.62,3.63,3.63,3.65,3.72,3.74,3.70,3.63,3.50,3.03,2.80,2.67,2.59,2.48,2.45,2.30,2.09,1.87,1.55,1.29,1.04,0.79,0.55,0.31,0.09,0.08,0.59,1.59,2.56,3.30,3.66,3.49,3.47,3.46,3.46,3.56,3.61,3.70,3.77,3.79,3.63,3.52,3.40,3.28,3.27,3.33,3.35,3.36,3.41,3.49,3.51,3.49,3.49,3.47,3.45,3.45,3.49,3.57,3.65,3.71,3.72,3.67,3.60,3.56,3.55,3.58,3.66,3.70,3.66,3.60,3.57,3.69,3.75,3.78,3.81,3.82,3.86,3.91,3.97,4.03,4.03,3.98,3.93,3.94,3.94,3.89,3.86,3.86,3.92,3.92,3.92,3.92,3.88,3.81,3.80,3.85,3.97,3.99,4.01,4.05,4.10,4.16,4.16,4.09,4.02,4.06,4.01,4.02,4.06,4.11,4.09,4.12,4.23,4.38,4.52,4.64,4.69,4.69,4.66,4.53,4.47,4.42,4.39,4.43,4.40,4.40,4.43,4.48,4.53,4.58,4.63,4.66,4.58,4.56,4.54,4.49,4.34,4.28,4.14,4.05,4.10,4.10,4.04,4.08,4.21,4.24,4.26,4.27,4.28,4.26,4.20,4.11,4.03,3.99,3.97,4.04,4.10,4.14,4.16,4.10,4.06,4.01,3.95,3.95,3.98,4.01,4.04,4.10,4.09,4.07,4.06,4.08,4.12,4.15,4.19,4.22,4.19,4.18,4.07,3.89,3.78,3.97,3.97,3.90,3.88,3.86,3.82,3.75,3.62,3.51,3.56,3.55,3.51,3.51,3.49,3.52,3.52,3.49,3.54,3.54,3.47,3.38,3.34,3.25,3.17,3.15,3.21,3.15,3.04,2.98,2.99,2.95,2.87,2.81,2.77,2.75,2.67,2.58,2.54
3.01,3.01,3.07,3.04,2.99,2.94,2.91,2.92,2.89,2.88,2.95,2.94,2.93,2.93,2.93,2.93,2.92,2.94,2.96,2.89,2.92,3.06,3.21,3.32,3.34,3.37,3.41,3.45,3.49,3.47,3.50,3.56,3.61,3.57,3.61,3.61,3.55,3.54,3.53,3.53,3.55,3.65,3.74,3.73,3.57,3.23,2.95,2.73,2.61,2.55,2.44,2.42,2.25,2.00,1.76,1.46,1.20,0.95,0.69,0.44,0.20,0.03,0.18,0.97,2.03,2.99,3.55,3.56,3.46,3.51,3.57,3.62,3.66,3.66,3.70,3.75,3.75,3.57,3.47,3.38,3.29,3.29,3.38,3.44,3.46,3.52,3.51,3.52,3.53,3.54,3.55,3.47,3.43,3.45,3.44,3.57,3.64,3.65,3.60,3.57,3.55,3.58,3.66,3.68,3.65,3.61,3.60,3.64,3.71,3.74,3.77,3.80,3.86,3.89,3.93,3.98,4.02,4.01,3.99,3.95,3.91,3.91,3.90,3.87,3.85,3.89,3.94,3.94,3.90,3.82,3.76,3.84,3.96,4.01,4.05,4.07,4.10,4.13,4.19,4.19,4.18,4.16,4.16,4.08,4.07,4.07,4.06,4.10,4.13,4.21,4.35,4.48,4.60,4.57,4.55,4.62,4.45,4.40,4.40,4.40,4.36,4.36,4.37,4.39,4.43,4.48,4.53,4.58,4.62,4.57,4.53,4.46,4.38,4.30,4.21,4.15,4.13,4.12,4.07,4.13,4.19,4.22,4.23,4.26,4.28,4.29,4.29,4.23,4.17,4.11,4.04,4.00,4.08,4.13,4.15,4.18,4.17,4.15,4.11,4.03,3.99,4.01,4.03,4.02,4.06,4.05,4.04,4.04,4.06,4.10,4.14,4.17,4.21,4.23,4.18,3.34,2.11,1.80,3.31,3.90,3.91,3.89,3.86,3.77,3.67,3.58,3.52,3.55,3.55,3.55,3.54,3.54,3.55,3.54,3.53,3.55,3.52,3.44,3.33,3.27,3.22,3.17,3.13,3.08,3.05,2.99,2.91,2.86,2.91,2.87,2.78,2.70,2.71,2.63,2.57,2.58
3.02,3.03,3.06,3.03,3.00,2.96,2.92,2.91,2.88,2.87,2.93,2.93,2.92,2.94,2.96,2.94,2.93,2.93,2.92,2.84,2.82,2.92,3.05,3.16,3.20,3.28,3.35,3.39,3.43,3.44,3.49,3.56,3.61,3.54,3.55,3.54,3.47,3.46,3.42,3.42,3.46,3.59,3.73,3.73,3.53,3.16,2.94,2.73,2.58,2.50,2.45,2.38,2.18,1.91,1.65,1.36,1.11,0.86,0.59,0.33,0.09,0.10,0.49,1.44,2.47,3.27,3.63,3.50,3.48,3.56,3.64,3.70,3.74,3.72,3.72,3.74,3.74,3.56,3.46,3.40,3.34,3.35,3.45,3.51,3.53,3.56,3.52,3.53,3.56,3.57,3.59,3.54,3.50,3.47,3.41,3.48,3.52,3.52,3.50,3.54,3.56,3.62,3.69,3.65,3.62,3.60,3.61,3.67,3.72,3.75,3.77,3.80,3.87,3.92,3.95,3.98,3.99,3.99,3.99,3.96,3.91,3.90,3.90,3.88,3.85,3.88,3.91,3.91,3.87,3.79,3.80,3.91,4.02,4.06,4.11,4.14,4.16,4.19,4.22,4.21,4.22,4.21,4.16,4.09,4.09,4.08,4.05,4.11,4.14,4.21,4.31,4.40,4.50,4.51,4.51,4.53,4.39,4.37,4.38,4.38,4.32,4.34,4.36,4.37,4.39,4.43,4.48,4.53,4.57,4.52,4.46,4.38,4.30,4.24,4.19,4.16,4.15,4.14,4.11,4.19,4.24,4.23,4.24,4.27,4.28,4.30,4.31,4.26,4.23,4.18,4.12,4.06,4.12,4.15,4.16,4.20,4.20,4.19,4.17,4.11,4.04,4.00,3.99,4.00,4.01,4.02,4.02,4.01,4.04,4.08,4.12,4.16,4.19,4.23,3.86,2.83,1.64,1.58,3.24,3.90,3.92,3.90,3.82,3.76,3.67,3.55,3.52,3.54,3.56,3.57,3.57,3.54,3.54,3.55,3.56,3.54,3.47,3.38,3.28,3.20,3.18,3.14,3.09,3.01,3.00,2.94,2.87,2.82,2.86,2.84,2.77,2.69,2.67,2.59,2.59,2.68
3.04,3.07,3.06,3.03,3.00,2.97,2.95,2.94,2.92,2.90,2.89,2.89,2.89,2.93,3.01,2.95,2.95,2.91,2.85,2.83,2.78,2.79,2.84,2.92,2.98,3.16,3.29,3.33,3.37,3.43,3.50,3.56,3.59,3.51,3.49,3.45,3.39,3.38,3.31,3.30,3.38,3.52,3.71,3.69,3.52,3.26,3.00,2.77,2.57,2.44,2.52,2.34,2.09,1.82,1.53,1.26,1.02,0.76,0.48,0.23,-0.02,0.25,0.98,1.98,2.90,3.43,3.58,3.47,3.53,3.62,3.69,3.73,3.80,3.79,3.76,3.75,3.75,3.58,3.49,3.44,3.42,3.45,3.52,3.57,3.58,3.54,3.54,3.55,3.57,3.58,3.60,3.64,3.63,3.56,3.48,3.40,3.35,3.35,3.38,3.52,3.60,3.66,3.68,3.59,3.62,3.63,3.62,3.68,3.73,3.76,3.78,3.81,3.87,3.93,3.97,3.96,3.95,3.98,3.98,3.96,3.92,3.90,3.89,3.88,3.87,3.87,3.86,3.85,3.83,3.78,3.91,3.98,4.03,4.10,4.18,4.21,4.24,4.26,4.25,4.21,4.22,4.20,4.06,4.04,4.06,4.09,4.08,4.10,4.15,4.21,4.26,4.28,4.35,4.49,4.54,4.40,4.36,4.36,4.35,4.33,4.31,4.33,4.35,4.37,4.37,4.39,4.43,4.48,4.51,4.43,4.36,4.30,4.24,4.17,4.20,4.17,4.13,4.14,4.21,4.23,4.24,4.25,4.27,4.28,4.29,4.30,4.32,4.30,4.27,4.24,4.23,4.15,4.16,4.17,4.18,4.21,4.20,4.19,4.19,4.20,4.09,3.96,3.92,3.97,3.96,4.02,4.01,3.99,4.03,4.07,4.11,4.14,4.17,4.21,3.30,2.51,2.23,2.78,3.66,3.96,3.93,3.91,3.74,3.78,3.72,3.53,3.52,3.54,3.57,3.60,3.60,3.50,3.50,3.55,3.58,3.50,3.39,3.30,3.22,3.15,3.13,3.08,3.03,3.00,2.99,2.89,2.84,2.85,2.80,2.80,2.77,2.71,2.62,2.57,2.62,2.83
3.06,3.10,3.07,3.03,3.01,2.98,2.97,2.96,2.93,2.92,2.91,2.91,2.91,2.92,2.94,2.92,2.92,2.90,2.86,2.81,2.77,2.76,2.76,2.78,2.82,2.91,3.04,3.16,3.19,3.37,3.50,3.57,3.57,3.56,3.53,3.49,3.43,3.37,3.23,3.21,3.30,3.41,3.58,3.59,3.47,3.22,2.99,2.76,2.59,2.50,2.49,2.24,1.97,1.70,1.43,1.16,0.90,0.64,0.37,0.13,0.06,0.55,1.44,2.42,3.26,3.54,3.54,3.48,3.56,3.69,3.76,3.78,3.83,3.78,3.75,3.75,3.80,3.71,3.58,3.50,3.49,3.53,3.57,3.59,3.61,3.61,3.57,3.56,3.58,3.59,3.61,3.65,3.65,3.60,3.54,3.42,3.42,3.47,3.52,3.60,3.63,3.64,3.63,3.63,3.67,3.67,3.65,3.67,3.71,3.76,3.80,3.85,3.89,3.94,3.95,3.95,3.94,3.95,3.96,3.95,3.92,3.89,3.88,3.88,3.87,3.87,3.86,3.84,3.83,3.90,3.94,3.97,4.01,4.08,4.16,4.22,4.27,4.29,4.29,4.26,4.21,4.15,4.10,4.12,4.15,4.15,4.14,4.10,4.12,4.17,4.24,4.31,4.39,4.44,4.44,4.34,4.32,4.35,4.36,4.34,4.32,4.32,4.34,4.36,4.36,4.37,4.40,4.43,4.46,4.39,4.30,4.23,4.19,4.19,4.17,4.14,4.13,4.19,4.24,4.26,4.26,4.26,4.26,4.28,4.29,4.30,4.32,4.31,4.24,4.21,4.28,4.20,4.20,4.20,4.18,4.20,4.19,4.19,4.19,4.19,4.12,4.02,3.94,3.92,3.94,3.97,4.00,4.01,4.01,4.05,4.09,4.13,4.15,4.06,2.73,2.12,2.55,3.49,3.83,3.95,3.96,3.90,3.72,3.66,3.61,3.54,3.51,3.53,3.57,3.59,3.52,3.42,3.39,3.42,3.47,3.41,3.32,3.23,3.16,3.11,3.09,3.05,2.99,2.94,2.91,2.87,2.83,2.80,2.78,2.75,2.70,2.65,2.63,2.64,2.70,2.88
3.09,3.12,3.07,3.04,3.01,3.00,2.99,2.97,2.95,2.93,2.93,2.94,2.93,2.92,2.90,2.91,2.91,2.91,2.88,2.80,2.77,2.75,2.72,2.71,2.72,2.74,2.85,2.98,3.00,3.21,3.35,3.45,3.54,3.58,3.56,3.52,3.47,3.40,3.26,3.23,3.27,3.27,3.41,3.45,3.37,3.17,2.95,2.72,2.58,2.52,2.41,2.14,1.86,1.59,1.32,1.06,0.78,0.52,0.26,0.03,0.17,0.86,1.87,2.85,3.49,3.59,3.51,3.53,3.60,3.75,3.82,3.82,3.84,3.78,3.73,3.74,3.81,3.78,3.65,3.55,3.55,3.59,3.60,3.61,3.63,3.67,3.60,3.58,3.59,3.61,3.62,3.65,3.66,3.63,3.58,3.47,3.49,3.58,3.64,3.67,3.64,3.61,3.58,3.66,3.69,3.69,3.66,3.67,3.71,3.76,3.82,3.87,3.92,3.94,3.94,3.93,3.92,3.92,3.93,3.94,3.93,3.89,3.87,3.87,3.87,3.86,3.86,3.85,3.86,4.01,3.98,3.97,3.99,4.05,4.13,4.22,4.28,4.31,4.31,4.27,4.20,4.12,4.11,4.19,4.23,4.23,4.20,4.13,4.10,4.13,4.21,4.29,4.36,4.37,4.35,4.31,4.29,4.34,4.37,4.35,4.33,4.31,4.32,4.35,4.35,4.36,4.37,4.39,4.40,4.35,4.25,4.19,4.17,4.19,4.15,4.13,4.16,4.25,4.28,4.28,4.27,4.27,4.27,4.27,4.29,4.30,4.32,4.32,4.22,4.20,4.28,4.22,4.22,4.21,4.19,4.20,4.18,4.18,4.18,4.16,4.12,4.07,3.99,3.91,3.94,3.95,3.98,4.01,4.00,4.02,4.07,4.12,4.13,3.99,2.55,2.19,3.04,3.93,3.94,3.94,3.94,3.87,3.71,3.57,3.51,3.52,3.51,3.53,3.54,3.52,3.40,3.31,3.28,3.30,3.34,3.31,3.24,3.16,3.09,3.07,3.06,3.02,2.96,2.90,2.85,2.84,2.81,2.76,2.75,2.70,2.66,2.64,2.68,2.72,2.79,2.93
3.12,3.12,3.08,3.05,3.03,3.02,3.01,2.97,2.95,2.95,2.95,2.95,2.95,2.94,2.92,2.91,2.92,2.91,2.88,2.81,2.80,2.77,2.74,2.73,2.72,2.73,2.75,2.78,2.80,2.88,2.94,3.11,3.49,3.55,3.55,3.53,3.50,3.49,3.47,3.43,3.32,3.07,3.20,3.23,3.20,3.10,2.86,2.61,2.51,2.50,2.28,2.02,1.76,1.49,1.20,0.94,0.67,0.40,0.15,-0.08,0.32,1.18,2.26,3.28,3.50,3.51,3.52,3.63,3.65,3.78,3.84,3.81,3.83,3.78,3.72,3.69,3.73,3.72,3.66,3.61,3.59,3.61,3.60,3.61,3.65,3.69,3.66,3.62,3.60,3.62,3.63,3.66,3.66,3.65,3.61,3.53,3.57,3.65,3.71,3.69,3.62,3.57,3.56,3.64,3.67,3.67,3.67,3.69,3.71,3.78,3.85,3.88,3.96,3.94,3.92,3.92,3.91,3.90,3.90,3.91,3.94,3.90,3.86,3.85,3.86,3.85,3.85,3.87,3.94,4.07,4.06,4.01,3.98,4.02,4.11,4.19,4.25,4.29,4.31,4.23,4.16,4.11,4.08,4.24,4.30,4.30,4.28,4.20,4.13,4.11,4.12,4.15,4.22,4.27,4.29,4.30,4.24,4.31,4.36,4.36,4.34,4.32,4.32,4.33,4.37,4.35,4.36,4.36,4.34,4.28,4.22,4.20,4.21,4.15,4.14,4.18,4.25,4.32,4.33,4.29,4.27,4.27,4.28,4.27,4.28,4.29,4.30,4.30,4.25,4.21,4.22,4.18,4.18,4.19,4.21,4.22,4.19,4.17,4.14,4.08,4.09,4.12,4.09,4.00,3.95,3.95,3.97,3.99,4.00,4.00,4.07,4.12,4.13,4.05,3.07,3.05,3.83,3.96,3.97,3.92,3.85,3.80,3.71,3.55,3.46,3.47,3.53,3.54,3.47,3.35,3.23,3.16,3.17,3.19,3.20,3.21,3.15,3.08,3.04,3.05,3.03,3.00,2.95,2.87,2.83,2.79,2.76,2.74,2.69,2.66,2.69,2.75,2.78,2.81,2.91,2.98
3.15,3.14,3.08,3.05,3.04,3.04,3.03,2.98,2.97,2.97,2.97,2.98,2.97,2.96,2.94,2.93,2.92,2.92,2.91,2.87,2.87,2.84,2.81,2.80,2.77,2.74,2.74,2.77,2.78,2.83,2.92,3.17,3.66,3.61,3.60,3.57,3.52,3.52,3.52,3.50,3.41,3.23,3.23,3.20,3.13,3.02,2.77,2.60,2.53,2.47,2.19,1.90,1.63,1.37,1.09,0.83,0.56,0.29,0.08,0.09,0.75,1.68,2.68,3.55,3.54,3.48,3.50,3.63,3.69,3.78,3.83,3.82,3.79,3.73,3.67,3.65,3.66,3.69,3.63,3.59,3.61,3.63,3.61,3.62,3.67,3.70,3.68,3.65,3.63,3.63,3.65,3.66,3.66,3.65,3.61,3.58,3.62,3.69,3.70,3.66,3.58,3.50,3.46,3.60,3.66,3.68,3.69,3.70,3.74,3.80,3.84,3.87,3.93,3.91,3.90,3.90,3.89,3.89,3.88,3.88,3.90,3.90,3.86,3.84,3.88,3.87,3.88,3.93,4.01,4.09,4.13,4.09,4.04,4.01,4.09,4.18,4.25,4.29,4.24,4.19,4.14,4.11,4.15,4.26,4.30,4.31,4.30,4.25,4.21,4.16,4.12,4.15,4.20,4.22,4.25,4.30,4.28,4.33,4.36,4.35,4.35,4.34,4.33,4.33,4.35,4.34,4.34,4.32,4.27,4.23,4.22,4.20,4.17,4.12,4.17,4.22,4.27,4.33,4.33,4.31,4.29,4.27,4.27,4.27,4.28,4.28,4.30,4.30,4.25,4.20,4.17,4.13,4.14,4.17,4.20,4.20,4.17,4.14,4.08,3.97,4.02,4.08,4.11,4.08,4.02,3.99,3.94,3.91,3.96,3.99,4.02,4.05,4.08,4.03,3.59,3.62,4.02,4.00,4.00,3.92,3.80,3.71,3.65,3.54,3.46,3.46,3.51,3.50,3.41,3.26,3.09,3.08,3.11,3.14,3.12,3.11,3.09,3.07,3.04,3.04,3.00,2.97,2.93,2.88,2.83,2.78,2.75,2.74,2.69,2.63,2.67,2.79,2.84,2.87,2.91,2.92
3.17,3.15,3.08,3.06,3.06,3.06,3.03,3.00,2.98,2.99,3.00,3.00,3.00,2.98,2.96,2.94,2.93,2.93,2.95,2.96,2.95,2.93,2.91,2.89,2.84,2.78,2.77,2.81,2.82,2.86,3.03,3.37,3.82,3.67,3.65,3.62,3.55,3.54,3.54,3.54,3.51,3.45,3.32,3.20,3.08,2.93,2.68,2.61,2.56,2.41,2.10,1.78,1.51,1.25,0.98,0.72,0.45,0.18,0.02,0.35,1.26,2.23,3.09,3.72,3.57,3.47,3.47,3.58,3.69,3.76,3.80,3.82,3.75,3.67,3.63,3.62,3.60,3.66,3.60,3.57,3.62,3.65,3.63,3.64,3.68,3.72,3.69,3.67,3.66,3.64,3.66,3.65,3.64,3.63,3.61,3.62,3.67,3.70,3.65,3.62,3.53,3.43,3.37,3.54,3.64,3.70,3.72,3.72,3.78,3.81,3.83,3.86,3.89,3.88,3.88,3.89,3.88,3.87,3.86,3.86,3.85,3.89,3.86,3.85,3.90,3.90,3.93,4.00,4.07,4.09,4.18,4.19,4.12,4.03,4.09,4.18,4.25,4.28,4.16,4.16,4.13,4.12,4.23,4.26,4.29,4.30,4.31,4.28,4.28,4.23,4.15,4.18,4.20,4.20,4.22,4.30,4.33,4.35,4.35,4.34,4.36,4.35,4.33,4.32,4.33,4.33,4.32,4.27,4.20,4.18,4.21,4.19,4.13,4.12,4.21,4.25,4.27,4.32,4.32,4.32,4.31,4.27,4.27,4.28,4.28,4.28,4.29,4.31,4.25,4.18,4.13,4.09,4.12,4.16,4.19,4.17,4.14,4.11,4.04,3.89,3.94,4.02,4.09,4.13,4.10,4.03,3.92,3.84,3.91,3.96,3.96,3.97,4.01,3.99,4.02,4.03,4.03,4.05,4.02,3.92,3.77,3.63,3.58,3.52,3.48,3.48,3.48,3.44,3.35,3.21,3.00,3.04,3.08,3.10,3.08,3.04,3.06,3.07,3.06,3.03,2.99,2.94,2.91,2.90,2.84,2.78,2.75,2.74,2.69,2.60,2.66,2.80,2.88,2.91,2.89,2.84
3.16,3.13,3.09,3.07,3.07,3.08,3.03,3.01,3.00,3.01,3.03,3.02,3.00,2.99,2.97,2.96,2.93,2.94,2.99,3.05,3.05,3.05,3.02,2.97,2.97,2.90,2.87,2.86,2.85,2.86,3.25,3.65,3.67,3.64,3.66,3.65,3.61,3.62,3.59,3.58,3.57,3.54,3.34,3.10,2.92,2.81,2.62,2.58,2.46,2.23,1.99,1.71,1.42,1.13,0.85,0.59,0.33,0.08,0.02,0.66,1.71,2.71,3.43,3.60,3.52,3.47,3.46,3.48,3.60,3.71,3.77,3.79,3.73,3.65,3.63,3.62,3.58,3.58,3.57,3.56,3.57,3.69,3.68,3.66,3.66,3.73,3.71,3.68,3.67,3.66,3.67,3.65,3.61,3.57,3.61,3.66,3.68,3.65,3.57,3.55,3.49,3.44,3.44,3.47,3.59,3.67,3.71,3.76,3.79,3.81,3.83,3.84,3.86,3.86,3.87,3.87,3.87,3.86,3.86,3.85,3.85,3.82,3.81,3.85,3.91,3.96,4.00,4.05,4.09,4.13,4.21,4.25,4.23,4.14,4.17,4.21,4.21,4.19,4.17,4.13,4.14,4.19,4.25,4.26,4.28,4.30,4.30,4.29,4.27,4.25,4.21,4.16,4.18,4.18,4.20,4.26,4.34,4.34,4.32,4.33,4.34,4.34,4.34,4.33,4.32,4.31,4.27,4.23,4.21,4.19,4.16,4.16,4.19,4.23,4.27,4.27,4.27,4.31,4.31,4.31,4.30,4.30,4.27,4.27,4.28,4.28,4.28,4.30,4.24,4.17,4.13,4.13,4.15,4.18,4.19,4.16,4.12,4.15,4.14,3.98,3.92,3.92,3.98,4.07,4.10,4.09,4.02,3.94,3.90,3.90,3.94,3.98,3.97,4.00,4.01,4.02,4.03,4.06,4.04,3.94,3.79,3.64,3.52,3.51,3.51,3.50,3.46,3.40,3.34,3.23,3.05,3.06,3.07,3.09,3.09,3.07,3.08,3.07,3.06,3.05,2.99,2.93,2.89,2.86,2.83,2.80,2.76,2.72,2.58,2.62,2.71,2.82,2.89,2.92,2.90,2.85
3.16,3.12,3.12,3.10,3.09,3.09,3.04,3.02,3.02,3.03,3.05,3.04,3.02,3.00,2.99,2.97,2.94,2.96,3.03,3.10,3.11,3.12,3.09,3.02,3.03,2.98,2.95,2.93,2.89,2.95,3.39,3.75,3.62,3.64,3.67,3.59,3.35,2.91,3.07,3.32,3.50,3.52,3.28,3.02,2.84,2.75,2.62,2.55,2.37,2.09,1.85,1.59,1.31,1.02,0.74,0.46,0.20,0.06,0.23,1.14,2.17,3.07,3.62,3.54,3.51,3.49,3.47,3.46,3.57,3.67,3.74,3.76,3.71,3.66,3.63,3.61,3.57,3.55,3.59,3.64,3.67,3.75,3.73,3.68,3.66,3.75,3.73,3.70,3.68,3.67,3.66,3.62,3.58,3.56,3.64,3.69,3.67,3.63,3.58,3.58,3.55,3.51,3.49,3.48,3.58,3.66,3.71,3.76,3.79,3.82,3.83,3.83,3.84,3.85,3.86,3.87,3.86,3.85,3.84,3.83,3.80,3.79,3.80,3.86,3.96,4.00,4.06,4.09,4.12,4.16,4.22,4.26,4.26,4.22,4.23,4.22,4.20,4.16,4.16,4.14,4.19,4.26,4.28,4.28,4.30,4.31,4.30,4.29,4.27,4.26,4.23,4.15,4.18,4.17,4.17,4.22,4.31,4.31,4.31,4.31,4.32,4.33,4.33,4.33,4.33,4.27,4.23,4.22,4.21,4.17,4.16,4.18,4.24,4.27,4.30,4.28,4.27,4.31,4.31,4.30,4.30,4.30,4.28,4.27,4.27,4.28,4.29,4.29,4.23,4.18,4.17,4.15,4.18,4.20,4.19,4.15,4.12,4.14,4.13,4.03,3.95,3.92,3.95,4.02,4.06,4.09,4.07,4.02,3.96,3.93,3.98,4.02,4.03,4.04,4.03,4.02,4.01,3.99,3.99,3.92,3.80,3.63,3.52,3.53,3.53,3.49,3.41,3.36,3.31,3.24,3.11,3.07,3.07,3.08,3.10,3.09,3.09,3.07,3.05,3.05,2.99,2.93,2.88,2.83,2.82,2.78,2.73,2.65,2.58,2.66,2.77,2.87,2.97,2.93,2.89,2.83
3.16,3.12,3.15,3.15,3.12,3.09,3.04,3.04,3.05,3.06,3.07,3.06,3.04,3.02,3.01,2.98,2.95,2.99,3.07,3.11,3.13,3.15,3.12,3.04,3.04,3.03,3.03,3.02,2.94,3.09,3.46,3.73,3.64,3.66,3.67,3.46,2.87,1.63,2.15,2.85,3.34,3.44,3.16,2.95,2.81,2.72,2.68,2.52,2.28,1.97,1.69,1.43,1.18,0.93,0.63,0.33,0.07,0.10,0.59,1.72,2.65,3.35,3.70,3.53,3.52,3.51,3.50,3.50,3.58,3.65,3.71,3.74,3.67,3.67,3.63,3.58,3.56,3.54,3.66,3.79,3.87,3.83,3.79,3.72,3.68,3.77,3.74,3.71,3.69,3.66,3.63,3.56,3.55,3.59,3.69,3.69,3.64,3.61,3.66,3.68,3.68,3.63,3.54,3.53,3.61,3.67,3.71,3.73,3.80,3.85,3.85,3.82,3.84,3.84,3.86,3.88,3.85,3.82,3.82,3.80,3.72,3.80,3.81,3.89,4.03,4.04,4.11,4.14,4.15,4.21,4.22,4.25,4.26,4.26,4.27,4.23,4.20,4.18,4.13,4.19,4.26,4.31,4.32,4.33,4.32,4.32,4.31,4.30,4.28,4.26,4.23,4.15,4.20,4.16,4.13,4.18,4.24,4.28,4.30,4.30,4.31,4.32,4.32,4.33,4.34,4.20,4.19,4.22,4.22,4.14,4.18,4.23,4.28,4.27,4.31,4.29,4.27,4.30,4.30,4.30,4.30,4.30,4.30,4.28,4.27,4.28,4.30,4.26,4.21,4.20,4.23,4.18,4.21,4.22,4.18,4.15,4.16,4.10,4.05,4.04,4.02,4.00,3.98,3.97,4.00,4.05,4.09,4.10,4.06,4.04,4.06,4.09,4.14,4.11,4.07,4.03,3.97,3.87,3.89,3.89,3.80,3.60,3.57,3.57,3.53,3.44,3.35,3.31,3.27,3.24,3.19,3.08,3.06,3.08,3.10,3.09,3.10,3.07,3.04,3.06,2.99,2.93,2.87,2.82,2.79,2.75,2.66,2.56,2.65,2.73,2.83,2.94,3.10,2.93,2.85,2.81
2.67,3.13,3.14,3.15,3.13,3.09,3.06,3.06,3.08,3.09,3.09,3.08,3.06,3.04,3.02,2.94,2.96,3.02,3.09,3.13,3.15,3.14,3.12,3.08,3.04,3.06,3.09,3.08,3.02,3.23,3.50,3.68,3.66,3.67,3.68,3.60,3.31,2.43,2.47,2.79,3.13,3.21,3.09,2.97,2.85,2.72,2.65,2.43,2.16,1.87,1.59,1.31,1.05,0.79,0.51,0.23,-0.02,0.19,0.98,2.05,3.08,3.55,3.58,3.44,3.50,3.52,3.53,3.53,3.52,3.58,3.62,3.64,3.62,3.60,3.57,3.56,3.57,3.60,3.71,3.84,3.92,3.88,3.84,3.82,3.79,3.76,3.73,3.70,3.66,3.63,3.55,3.56,3.60,3.65,3.67,3.63,3.62,3.64,3.65,3.65,3.66,3.67,3.65,3.63,3.61,3.64,3.67,3.59,3.77,3.87,3.87,3.82,3.83,3.83,3.84,3.86,3.88,3.85,3.80,3.76,3.78,3.81,3.90,4.00,4.08,4.09,4.17,4.22,4.24,4.25,4.27,4.26,4.23,4.22,4.24,4.22,4.19,4.17,4.21,4.25,4.31,4.35,4.35,4.34,4.32,4.30,4.31,4.31,4.28,4.25,4.22,4.18,4.23,4.25,4.24,4.21,4.22,4.26,4.28,4.29,4.34,4.34,4.35,4.33,4.25,4.21,4.21,4.20,4.18,4.18,4.24,4.26,4.26,4.28,4.30,4.30,4.29,4.29,4.29,4.29,4.29,4.29,4.29,4.28,4.27,4.27,4.27,4.22,4.22,4.23,4.24,4.31,4.31,4.26,4.21,4.23,4.25,4.21,4.14,4.08,4.03,4.04,4.02,3.96,3.90,3.96,4.05,4.13,4.17,4.17,4.19,4.19,4.16,4.19,4.21,4.20,4.09,3.78,3.80,3.82,3.80,3.70,3.62,3.58,3.51,3.40,3.32,3.29,3.25,3.21,3.17,3.11,3.11,3.11,3.09,3.11,3.10,3.09,3.07,3.07,3.00,2.93,2.87,2.82,2.78,2.69,2.62,2.63,2.74,2.97,3.02,2.96,2.98,2.84,2.78,2.73
1.45,1.99,2.20,2.84,3.15,3.10,3.08,3.08,3.10,3.12,3.11,3.10,3.08,3.05,3.02,2.93,2.98,3.04,3.10,3.16,3.18,3.15,3.12,3.11,3.05,3.08,3.12,3.12,3.10,3.31,3.49,3.61,3.65,3.68,3.69,3.70,3.62,3.11,2.83,2.85,3.01,3.06,3.04,2.97,2.86,2.72,2.60,2.33,2.05,1.76,1.48,1.19,0.92,0.65,0.38,0.11,-0.01,0.40,1.41,2.46,3.38,3.64,3.47,3.39,3.48,3.53,3.56,3.56,3.51,3.54,3.55,3.55,3.56,3.54,3.53,3.53,3.57,3.63,3.75,3.86,3.94,3.89,3.87,3.88,3.86,3.75,3.70,3.66,3.62,3.59,3.52,3.58,3.65,3.67,3.64,3.60,3.64,3.68,3.67,3.64,3.65,3.69,3.72,3.68,3.63,3.63,3.63,3.54,3.72,3.83,3.85,3.82,3.82,3.82,3.83,3.86,3.89,3.86,3.79,3.74,3.82,3.85,3.97,4.08,4.12,4.13,4.21,4.26,4.29,4.30,4.33,4.28,4.22,4.19,4.23,4.23,4.22,4.21,4.30,4.32,4.35,4.38,4.37,4.36,4.32,4.30,4.31,4.31,4.28,4.25,4.23,4.22,4.27,4.33,4.35,4.28,4.26,4.26,4.26,4.28,4.33,4.34,4.32,4.28,4.21,4.22,4.21,4.19,4.18,4.24,4.30,4.30,4.27,4.28,4.31,4.31,4.30,4.27,4.28,4.29,4.29,4.29,4.29,4.28,4.27,4.26,4.24,4.22,4.25,4.28,4.31,4.44,4.44,4.38,4.32,4.35,4.35,4.31,4.24,4.16,4.08,4.08,4.07,4.02,3.88,3.91,4.02,4.15,4.24,4.27,4.29,4.28,4.22,4.26,4.35,4.39,4.31,4.02,4.03,3.94,3.81,3.76,3.66,3.58,3.48,3.35,3.29,3.27,3.24,3.19,3.15,3.12,3.13,3.14,3.12,3.13,3.12,3.10,3.09,3.07,3.01,2.94,2.87,2.81,2.75,2.66,2.63,2.49,1.34,2.62,3.20,3.01,2.86,2.75,2.69,2.65
-0.88,-0.94,-0.15,2.06,3.16,3.10,3.10,3.10,3.12,3.14,3.13,3.11,3.09,3.06,3.00,2.94,3.00,3.06,3.12,3.18,3.23,3.17,3.12,3.12,3.06,3.07,3.10,3.13,3.19,3.31,3.42,3.51,3.60,3.69,3.71,3.71,3.70,3.60,3.24,3.07,3.05,3.04,3.01,2.93,2.84,2.75,2.53,2.23,1.92,1.64,1.36,1.08,0.80,0.52,0.25,-0.02,0.13,0.79,1.88,2.99,3.50,3.55,3.38,3.42,3.47,3.54,3.58,3.58,3.56,3.55,3.52,3.49,3.51,3.51,3.50,3.50,3.55,3.62,3.76,3.87,3.90,3.85,3.85,3.87,3.86,3.74,3.64,3.59,3.56,3.53,3.55,3.63,3.67,3.65,3.60,3.65,3.71,3.74,3.71,3.67,3.65,3.67,3.71,3.66,3.67,3.64,3.59,3.61,3.62,3.70,3.79,3.84,3.80,3.80,3.82,3.85,3.89,3.83,3.78,3.76,3.82,3.95,4.03,4.09,4.13,4.17,4.21,4.24,4.28,4.36,4.39,4.34,4.25,4.20,4.26,4.26,4.29,4.35,4.41,4.39,4.39,4.40,4.39,4.36,4.33,4.31,4.30,4.32,4.28,4.27,4.27,4.25,4.30,4.39,4.44,4.39,4.36,4.30,4.27,4.28,4.26,4.29,4.23,4.17,4.22,4.23,4.19,4.19,4.27,4.30,4.35,4.36,4.32,4.27,4.33,4.34,4.31,4.25,4.27,4.27,4.27,4.28,4.29,4.29,4.28,4.25,4.22,4.29,4.30,4.35,4.47,4.55,4.61,4.61,4.58,4.54,4.45,4.40,4.36,4.31,4.18,4.12,4.14,4.17,3.98,3.93,4.00,4.12,4.23,4.31,4.36,4.36,4.33,4.32,4.50,4.65,4.70,4.73,4.75,4.32,3.85,3.75,3.69,3.58,3.45,3.32,3.27,3.25,3.22,3.18,3.14,3.13,3.13,3.15,3.20,3.16,3.14,3.12,3.10,3.07,3.01,2.94,2.86,2.78,2.69,2.67,2.71,2.05,-2.35,1.37,3.33,3.12,2.77,2.67,2.58,2.58
-0.27,-1.24,-0.90,0.30,0.82,1.03,2.45,2.97,3.15,3.16,3.14,3.12,3.11,3.06,2.97,2.97,3.02,3.08,3.13,3.21,3.21,3.16,3.12,3.12,3.07,3.07,3.09,3.12,3.19,3.27,3.34,3.42,3.51,3.60,3.66,3.70,3.73,3.73,3.52,3.32,3.15,3.03,3.00,2.91,2.81,2.69,2.43,2.13,1.83,1.52,1.24,0.95,0.67,0.39,0.12,-0.09,0.37,1.24,2.33,3.35,3.52,3.44,3.34,3.41,3.46,3.54,3.59,3.60,3.58,3.55,3.52,3.49,3.51,3.48,3.47,3.51,3.61,3.66,3.77,3.85,3.85,3.79,3.80,3.83,3.81,3.67,3.60,3.54,3.53,3.55,3.60,3.63,3.62,3.60,3.63,3.70,3.76,3.78,3.74,3.72,3.69,3.68,3.70,3.70,3.70,3.68,3.67,3.70,3.65,3.69,3.73,3.74,3.81,3.81,3.82,3.84,3.78,3.78,3.79,3.83,3.88,4.00,4.07,4.12,4.17,4.21,4.25,4.28,4.30,4.33,4.36,4.29,4.22,4.20,4.26,4.30,4.36,4.43,4.45,4.43,4.42,4.41,4.39,4.37,4.33,4.31,4.33,4.32,4.31,4.32,4.32,4.30,4.36,4.46,4.52,4.48,4.42,4.35,4.30,4.28,4.26,4.27,4.23,4.20,4.22,4.21,4.19,4.22,4.31,4.34,4.37,4.38,4.35,4.27,4.34,4.37,4.35,4.25,4.26,4.26,4.26,4.27,4.27,4.29,4.27,4.25,4.28,4.29,4.31,4.37,4.50,4.58,4.62,4.63,4.61,4.57,4.51,4.47,4.44,4.40,4.27,4.22,4.22,4.23,4.06,3.96,3.99,4.12,4.23,4.33,4.40,4.45,4.48,4.49,4.59,4.72,4.82,4.88,4.90,4.64,4.19,3.73,3.74,3.62,3.46,3.32,3.28,3.25,3.21,3.18,3.15,3.13,3.12,3.13,3.17,3.15,3.13,3.10,3.06,3.04,2.99,2.92,2.84,2.74,2.67,2.70,1.58,-0.90,-3.40,-1.31,1.26,2.94,2.71,2.59,2.57,2.63
1.01,-0.49,-0.63,-1.02,-1.39,-1.03,1.41,2.34,2.69,2.87,3.18,3.14,3.12,3.04,2.94,2.99,3.04,3.09,3.15,3.24,3.18,3.14,3.12,3.12,3.08,3.08,3.09,3.12,3.18,3.23,3.29,3.35,3.42,3.52,3.61,3.68,3.73,3.75,3.72,3.53,3.25,3.02,2.98,2.90,2.78,2.60,2.32,2.03,1.73,1.41,1.12,0.83,0.55,0.27,0.00,-0.08,0.67,1.72,2.76,3.58,3.50,3.34,3.29,3.40,3.46,3.54,3.60,3.63,3.58,3.55,3.52,3.51,3.51,3.46,3.46,3.53,3.65,3.70,3.79,3.83,3.81,3.74,3.74,3.77,3.74,3.59,3.55,3.51,3.51,3.60,3.64,3.61,3.58,3.57,3.68,3.76,3.81,3.82,3.77,3.77,3.73,3.70,3.70,3.74,3.72,3.73,3.77,3.78,3.72,3.71,3.69,3.63,3.81,3.82,3.81,3.80,3.69,3.74,3.82,3.90,3.95,4.02,4.09,4.14,4.20,4.25,4.29,4.32,4.33,4.29,4.29,4.23,4.18,4.21,4.27,4.33,4.41,4.48,4.47,4.47,4.45,4.42,4.39,4.36,4.33,4.32,4.36,4.32,4.34,4.36,4.35,4.35,4.41,4.51,4.57,4.54,4.47,4.39,4.33,4.29,4.25,4.25,4.26,4.25,4.23,4.18,4.19,4.26,4.35,4.36,4.37,4.39,4.37,4.26,4.33,4.40,4.39,4.27,4.26,4.26,4.26,4.26,4.25,4.28,4.26,4.26,4.33,4.30,4.32,4.37,4.48,4.56,4.59,4.60,4.60,4.56,4.55,4.52,4.48,4.45,4.33,4.30,4.29,4.24,4.11,3.99,4.01,4.13,4.23,4.34,4.43,4.52,4.61,4.65,4.66,4.74,4.85,4.89,4.91,4.88,4.55,3.80,3.82,3.69,3.52,3.36,3.30,3.25,3.22,3.18,3.15,3.13,3.11,3.11,3.12,3.13,3.11,3.06,3.02,3.00,2.96,2.89,2.80,2.70,2.68,2.23,-0.10,-3.72,-3.72,-3.39,-0.56,2.73,2.65,2.54,2.61,2.70
2.15,1.80,2.00,0.24,-0.99,-1.15,-0.49,-0.10,0.36,1.42,3.31,3.19,3.10,3.02,2.95,3.00,3.05,3.13,3.23,3.31,3.17,3.12,3.12,3.13,3.10,3.09,3.10,3.12,3.18,3.25,3.32,3.38,3.45,3.52,3.59,3.65,3.70,3.74,3.73,3.53,3.23,3.01,2.91,2.86,2.74,2.48,2.19,1.90,1.61,1.31,1.03,0.72,0.42,0.15,-0.09,0.23,1.15,2.25,3.21,3.45,3.41,3.27,3.20,3.38,3.45,3.54,3.62,3.67,3.61,3.56,3.53,3.52,3.48,3.47,3.48,3.51,3.55,3.68,3.79,3.83,3.80,3.73,3.69,3.68,3.66,3.55,3.48,3.51,3.57,3.63,3.61,3.58,3.59,3.65,3.74,3.80,3.86,3.88,3.83,3.78,3.74,3.72,3.73,3.73,3.74,3.76,3.79,3.81,3.81,3.75,3.68,3.65,3.65,3.72,3.73,3.68,3.71,3.78,3.89,3.96,3.95,4.03,4.09,4.15,4.21,4.26,4.31,4.33,4.31,4.25,4.19,4.18,4.20,4.25,4.30,4.35,4.40,4.45,4.48,4.50,4.48,4.44,4.39,4.34,4.35,4.36,4.34,4.33,4.34,4.33,4.34,4.38,4.42,4.50,4.55,4.52,4.46,4.40,4.33,4.25,4.19,4.25,4.27,4.25,4.21,4.18,4.23,4.31,4.37,4.37,4.38,4.40,4.38,4.27,4.33,4.40,4.41,4.34,4.28,4.27,4.26,4.25,4.22,4.26,4.27,4.27,4.31,4.37,4.36,4.34,4.35,4.42,4.53,4.59,4.58,4.56,4.56,4.51,4.45,4.41,4.30,4.26,4.22,4.15,4.05,4.05,4.11,4.17,4.22,4.40,4.48,4.55,4.66,4.71,4.73,4.75,4.80,4.88,4.89,4.86,4.68,4.25,3.98,3.84,3.70,3.51,3.35,3.29,3.25,3.20,3.10,3.11,3.11,3.09,3.08,3.09,3.07,3.03,2.99,2.94,2.92,2.83,2.73,2.68,2.75,-0.12,-2.72,-3.69,-3.68,-1.92,0.62,2.68,2.59,2.60,2.68,2.73
2.44,2.52,2.76,1.40,0.53,0.28,-0.11,-0.67,-0.69,0.08,1.62,1.62,2.22,2.75,2.97,3.02,3.07,3.16,3.27,3.32,3.16,3.12,3.12,3.12,3.11,3.12,3.13,3.12,3.14,3.20,3.26,3.33,3.41,3.47,3.53,3.60,3.66,3.71,3.71,3.53,3.25,3.01,2.91,2.83,2.66,2.36,2.06,1.77,1.48,1.19,0.91,0.61,0.31,0.05,-0.13,0.60,1.65,2.71,3.49,3.42,3.35,3.24,3.17,3.29,3.37,3.52,3.65,3.67,3.59,3.54,3.50,3.47,3.45,3.46,3.49,3.53,3.57,3.71,3.78,3.80,3.78,3.72,3.65,3.61,3.58,3.49,3.49,3.55,3.61,3.62,3.59,3.59,3.63,3.71,3.79,3.85,3.90,3.92,3.85,3.77,3.75,3.75,3.75,3.77,3.76,3.77,3.79,3.82,3.84,3.80,3.73,3.67,3.62,3.71,3.72,3.67,3.74,3.81,3.90,3.96,3.96,4.03,4.09,4.15,4.21,4.26,4.29,4.30,4.26,4.18,4.15,4.16,4.20,4.26,4.31,4.35,4.40,4.44,4.48,4.51,4.50,4.46,4.40,4.37,4.36,4.35,4.32,4.35,4.35,4.34,4.34,4.37,4.40,4.46,4.51,4.50,4.44,4.39,4.31,4.21,4.21,4.25,4.26,4.24,4.23,4.22,4.27,4.33,4.36,4.36,4.38,4.40,4.39,4.31,4.34,4.39,4.41,4.37,4.29,4.26,4.24,4.23,4.24,4.24,4.26,4.29,4.35,4.41,4.38,4.34,4.31,4.34,4.46,4.53,4.54,4.55,4.56,4.50,4.44,4.41,4.26,4.21,4.15,4.05,4.02,4.08,4.14,4.20,4.27,4.49,4.58,4.64,4.72,4.75,4.77,4.77,4.78,4.81,4.83,4.81,4.70,4.43,4.09,3.95,3.81,3.61,3.42,3.34,3.28,3.22,3.15,3.14,3.13,3.10,3.07,3.06,3.03,3.00,2.96,2.90,2.85,2.76,2.69,2.61,0.73,-2.07,-3.72,-3.68,-3.63,-0.56,1.69,2.65,2.62,2.66,2.72,2.76
2.21,2.26,2.37,2.48,2.67,2.63,1.65,-0.06,-0.90,-1.13,-1.11,-0.90,0.80,2.28,2.92,2.99,3.06,3.18,3.28,3.29,3.15,3.12,3.12,3.12,3.13,3.16,3.16,3.12,3.09,3.11,3.16,3.24,3.31,3.38,3.46,3.53,3.60,3.67,3.67,3.54,3.30,3.02,2.95,2.79,2.55,2.24,1.92,1.64,1.35,1.06,0.77,0.50,0.21,-0.03,-0.12,1.02,2.17,3.11,3.67,3.44,3.31,3.24,3.19,3.14,3.24,3.50,3.69,3.65,3.55,3.50,3.45,3.40,3.42,3.46,3.50,3.56,3.66,3.75,3.76,3.76,3.76,3.71,3.63,3.56,3.51,3.43,3.56,3.63,3.63,3.59,3.59,3.62,3.67,3.75,3.83,3.90,3.94,3.94,3.86,3.77,3.76,3.77,3.77,3.84,3.78,3.76,3.79,3.81,3.83,3.84,3.80,3.71,3.68,3.74,3.75,3.71,3.75,3.82,3.87,3.91,3.96,4.03,4.10,4.15,4.21,4.25,4.24,4.23,4.19,4.09,4.14,4.17,4.20,4.24,4.30,4.35,4.39,4.43,4.48,4.49,4.50,4.49,4.42,4.43,4.37,4.32,4.31,4.37,4.37,4.36,4.35,4.33,4.37,4.42,4.46,4.47,4.40,4.37,4.28,4.17,4.27,4.26,4.24,4.23,4.25,4.27,4.31,4.33,4.34,4.35,4.38,4.40,4.40,4.38,4.36,4.37,4.38,4.36,4.29,4.24,4.21,4.21,4.27,4.20,4.23,4.33,4.44,4.42,4.39,4.36,4.33,4.30,4.39,4.46,4.49,4.54,4.54,4.49,4.44,4.44,4.21,4.15,4.07,3.95,4.02,4.08,4.14,4.21,4.36,4.59,4.71,4.76,4.78,4.76,4.79,4.80,4.77,4.71,4.74,4.74,4.65,4.45,4.17,4.04,3.89,3.68,3.48,3.41,3.30,3.22,3.27,3.21,3.16,3.12,3.08,3.02,3.00,2.98,2.94,2.85,2.76,2.68,2.65,2.45,-2.53,-3.72,-3.70,-3.67,-3.49,0.71,2.68,2.63,2.71,2.71,2.75,2.78
2.24,2.24,2.26,2.26,2.36,2.41,2.14,1.53,1.19,0.73,-0.20,-0.85,-0.53,-0.15,0.15,1.20,2.29,3.02,3.32,3.18,3.13,3.12,3.12,3.13,3.17,3.18,3.17,3.15,3.11,3.10,3.10,3.13,3.21,3.28,3.36,3.43,3.50,3.57,3.57,3.44,3.21,2.98,2.91,2.70,2.41,2.12,1.82,1.51,1.21,0.92,0.64,0.36,0.09,0.06,0.49,1.55,2.64,3.35,3.53,3.37,3.33,3.26,3.18,3.15,3.20,3.31,3.41,3.44,3.43,3.41,3.39,3.38,3.42,3.46,3.52,3.57,3.63,3.69,3.69,3.68,3.68,3.65,3.57,3.52,3.52,3.55,3.58,3.60,3.60,3.58,3.62,3.65,3.70,3.77,3.89,3.93,3.92,3.86,3.78,3.77,3.78,3.79,3.78,3.79,3.81,3.80,3.78,3.80,3.82,3.83,3.80,3.73,3.65,3.71,3.73,3.68,3.64,3.80,3.90,3.95,3.96,4.03,4.10,4.14,4.16,4.17,4.16,4.13,4.12,4.13,4.14,4.18,4.22,4.24,4.28,4.34,4.38,4.42,4.47,4.48,4.46,4.44,4.44,4.41,4.38,4.36,4.36,4.39,4.39,4.38,4.37,4.35,4.37,4.40,4.44,4.45,4.40,4.31,4.25,4.24,4.29,4.21,4.21,4.25,4.28,4.29,4.28,4.29,4.33,4.34,4.35,4.37,4.37,4.36,4.34,4.33,4.32,4.29,4.23,4.21,4.22,4.25,4.25,4.18,4.23,4.35,4.43,4.40,4.37,4.36,4.35,4.36,4.40,4.43,4.45,4.51,4.49,4.43,4.36,4.29,4.13,4.05,3.97,3.90,3.92,3.99,4.04,4.09,4.14,4.69,4.84,4.83,4.83,4.82,4.82,4.80,4.77,4.71,4.65,4.55,4.42,4.27,4.14,4.04,3.91,3.73,3.56,3.44,3.35,3.29,3.26,3.18,3.13,3.09,3.05,3.01,3.00,2.93,2.82,2.78,2.69,2.68,1.86,-0.60,-3.09,-3.69,-3.70,-3.18,0.09,1.95,2.67,2.70,2.74,2.71,2.71,2.73
2.28,2.24,2.21,2.16,2.18,2.27,2.35,2.36,2.35,1.94,0.89,-0.06,-0.80,-1.25,-1.20,-0.03,1.08,1.85,2.47,3.30,3.17,3.17,3.20,3.22,3.22,3.19,3.17,3.15,3.12,3.10,3.07,3.07,3.12,3.18,3.25,3.33,3.40,3.47,3.47,3.33,3.12,2.96,2.85,2.60,2.29,1.99,1.70,1.39,1.08,0.79,0.50,0.22,0.02,0.21,1.04,2.08,3.05,3.52,3.44,3.35,3.34,3.30,3.23,3.20,3.18,3.20,3.26,3.32,3.35,3.35,3.35,3.37,3.42,3.47,3.52,3.57,3.60,3.64,3.64,3.63,3.61,3.58,3.51,3.51,3.55,3.61,3.59,3.56,3.56,3.58,3.63,3.66,3.70,3.77,3.88,3.90,3.86,3.80,3.74,3.77,3.79,3.79,3.79,3.77,3.81,3.82,3.79,3.80,3.81,3.80,3.77,3.71,3.64,3.71,3.74,3.69,3.60,3.77,3.88,3.94,3.96,4.03,4.08,4.10,4.10,4.08,4.08,4.07,4.08,4.15,4.16,4.19,4.23,4.25,4.28,4.33,4.37,4.42,4.46,4.46,4.44,4.42,4.45,4.41,4.40,4.40,4.42,4.42,4.41,4.40,4.38,4.37,4.37,4.40,4.42,4.42,4.36,4.28,4.25,4.28,4.27,4.21,4.23,4.28,4.32,4.31,4.26,4.25,4.30,4.28,4.31,4.33,4.34,4.33,4.30,4.28,4.25,4.23,4.19,4.20,4.23,4.26,4.25,4.19,4.23,4.32,4.38,4.35,4.34,4.32,4.30,4.36,4.38,4.39,4.41,4.48,4.40,4.32,4.23,4.12,4.03,3.94,3.88,3.86,3.86,3.90,3.94,3.95,3.90,4.55,4.83,4.90,4.87,4.86,4.83,4.80,4.74,4.68,4.58,4.43,4.27,4.15,4.10,4.01,3.89,3.74,3.58,3.47,3.42,3.37,3.29,3.18,3.11,3.06,3.03,2.99,2.97,2.88,2.74,2.71,2.67,1.84,0.03,-2.71,-3.50,-3.69,-3.09,-1.39,2.27,2.65,2.67,2.74,2.76,2.73,2.71,2.71
2.31,2.26,2.25,2.22,2.21,2.21,2.19,2.19,2.24,2.29,2.23,1.70,0.32,-0.60,-0.69,-0.52,-0.72,-0.68,0.46,3.74,3.30,3.28,3.40,3.44,3.27,3.18,3.14,3.14,3.13,3.11,3.09,3.06,3.04,3.09,3.15,3.22,3.30,3.37,3.36,3.22,3.04,2.97,2.77,2.50,2.19,1.87,1.56,1.27,0.97,0.67,0.34,0.06,0.01,0.43,1.51,2.62,3.36,3.60,3.43,3.39,3.36,3.35,3.35,3.30,3.17,3.20,3.27,3.30,3.32,3.32,3.34,3.38,3.43,3.49,3.52,3.55,3.58,3.62,3.64,3.62,3.57,3.50,3.48,3.52,3.60,3.62,3.57,3.50,3.50,3.59,3.62,3.65,3.68,3.72,3.78,3.80,3.77,3.74,3.77,3.77,3.77,3.77,3.79,3.78,3.78,3.80,3.82,3.82,3.81,3.76,3.69,3.64,3.63,3.76,3.80,3.73,3.68,3.73,3.79,3.86,3.94,4.02,4.04,4.03,4.01,4.00,4.02,4.06,4.10,4.13,4.19,4.21,4.23,4.27,4.31,4.33,4.36,4.42,4.45,4.43,4.45,4.47,4.42,4.43,4.43,4.45,4.48,4.45,4.43,4.42,4.40,4.39,4.39,4.40,4.41,4.37,4.25,4.26,4.28,4.26,4.19,4.25,4.31,4.34,4.35,4.35,4.25,4.19,4.22,4.16,4.24,4.29,4.29,4.28,4.24,4.21,4.19,4.16,4.18,4.20,4.22,4.23,4.26,4.23,4.22,4.24,4.27,4.26,4.28,4.24,4.14,4.29,4.31,4.33,4.38,4.43,4.24,4.11,4.01,3.92,3.90,3.83,3.81,3.84,3.83,3.83,3.83,3.78,3.63,4.10,4.64,4.95,4.89,4.89,4.84,4.77,4.68,4.62,4.52,4.38,4.23,4.10,4.06,3.94,3.81,3.69,3.53,3.50,3.50,3.48,3.39,3.21,3.10,3.04,3.00,2.97,2.92,2.82,2.70,2.65,2.71,-0.12,-3.19,-3.59,-3.68,-3.73,-1.66,2.16,2.60,2.65,2.68,2.73,2.77,2.77,2.77,2.74
2.49,2.38,2.34,2.26,2.21,2.19,2.16,2.19,2.22,2.27,2.30,2.12,1.29,0.45,0.04,0.68,-0.53,-0.97,0.16,3.31,3.11,3.20,3.34,3.38,3.22,3.16,3.13,3.12,3.11,3.10,3.08,3.06,3.05,3.05,3.07,3.13,3.20,3.27,3.26,3.15,3.00,2.94,2.67,2.38,2.07,1.77,1.46,1.15,0.84,0.54,0.24,-0.01,0.21,0.91,2.01,3.11,3.51,3.53,3.40,3.39,3.38,3.38,3.39,3.37,3.28,3.26,3.27,3.31,3.32,3.35,3.37,3.39,3.44,3.47,3.49,3.52,3.57,3.60,3.60,3.57,3.51,3.47,3.51,3.56,3.59,3.57,3.53,3.50,3.52,3.58,3.60,3.63,3.67,3.71,3.75,3.76,3.76,3.75,3.75,3.76,3.77,3.77,3.77,3.77,3.77,3.78,3.80,3.81,3.79,3.72,3.66,3.63,3.73,3.84,3.89,3.86,3.79,3.75,3.76,3.81,3.86,3.95,4.00,4.00,3.99,3.97,4.02,4.07,4.09,4.10,4.18,4.22,4.25,4.28,4.31,4.35,4.37,4.40,4.43,4.44,4.47,4.47,4.40,4.42,4.44,4.45,4.48,4.49,4.45,4.42,4.41,4.40,4.39,4.39,4.37,4.31,4.27,4.28,4.26,4.22,4.23,4.30,4.34,4.35,4.35,4.34,4.28,4.24,4.24,4.15,4.18,4.20,4.21,4.23,4.20,4.16,4.14,4.14,4.14,4.18,4.25,4.32,4.36,4.37,4.32,4.26,4.23,4.25,4.25,4.21,4.14,4.16,4.21,4.25,4.28,4.30,4.13,3.99,3.89,3.85,3.80,3.80,3.81,3.82,3.83,3.80,3.76,3.71,3.62,3.87,4.32,4.74,4.93,4.87,4.80,4.70,4.59,4.48,4.42,4.31,4.19,4.06,3.98,3.87,3.72,3.57,3.52,3.50,3.53,3.55,3.50,3.30,3.14,3.04,2.99,2.90,2.84,2.76,2.69,2.70,1.61,-1.23,-3.71,-3.56,-0.88,-0.29,0.74,2.68,2.69,2.70,2.72,2.75,2.78,2.79,2.79,2.78
2.69,2.54,2.45,2.32,2.23,2.19,2.16,2.21,2.22,2.21,2.18,2.24,2.04,1.45,0.87,1.90,0.25,-0.45,0.42,2.86,2.93,3.08,3.22,3.27,3.16,3.13,3.11,3.09,3.08,3.08,3.07,3.06,3.05,3.02,3.02,3.04,3.10,3.17,3.15,3.08,2.98,2.87,2.55,2.25,1.95,1.65,1.35,1.03,0.72,0.42,0.13,-0.01,0.49,1.42,2.51,3.49,3.59,3.45,3.39,3.39,3.40,3.41,3.43,3.43,3.39,3.32,3.28,3.31,3.32,3.36,3.38,3.38,3.43,3.44,3.46,3.50,3.55,3.59,3.58,3.53,3.48,3.46,3.55,3.59,3.57,3.52,3.50,3.53,3.55,3.57,3.57,3.61,3.66,3.72,3.74,3.75,3.77,3.77,3.73,3.75,3.76,3.76,3.76,3.77,3.77,3.77,3.77,3.79,3.75,3.69,3.65,3.68,3.84,3.93,3.97,3.97,3.90,3.79,3.76,3.77,3.78,3.87,3.94,3.98,3.97,3.96,4.04,4.07,4.07,4.08,4.16,4.22,4.27,4.28,4.32,4.36,4.39,4.39,4.42,4.46,4.48,4.46,4.39,4.42,4.43,4.45,4.47,4.50,4.46,4.43,4.42,4.40,4.39,4.36,4.32,4.28,4.30,4.28,4.24,4.21,4.29,4.34,4.35,4.35,4.34,4.32,4.30,4.28,4.25,4.16,4.13,4.13,4.15,4.19,4.17,4.13,4.10,4.12,4.11,4.17,4.28,4.41,4.46,4.49,4.41,4.29,4.25,4.28,4.23,4.18,4.15,4.06,4.12,4.16,4.17,4.15,4.02,3.89,3.80,3.79,3.74,3.79,3.82,3.79,3.82,3.76,3.70,3.66,3.66,3.72,4.01,4.43,4.83,4.80,4.72,4.62,4.50,4.35,4.30,4.23,4.13,4.02,3.90,3.79,3.62,3.44,3.50,3.47,3.50,3.56,3.56,3.36,3.17,3.03,2.95,2.84,2.76,2.71,2.60,2.26,0.08,-2.21,-3.43,-2.44,1.86,2.81,2.70,2.63,2.73,2.76,2.78,2.79,2.80,2.80,2.81,2.81
2.85,2.79,2.57,2.43,2.34,2.28,2.20,2.19,2.22,2.25,2.23,2.27,2.19,2.05,1.94,2.18,1.68,1.22,1.41,2.89,2.93,2.96,3.04,3.16,3.11,3.07,3.05,3.05,3.06,3.05,3.04,3.04,3.03,3.02,3.01,3.00,3.01,3.07,3.05,3.03,2.95,2.72,2.43,2.13,1.82,1.51,1.21,0.92,0.61,0.30,-0.01,0.13,0.84,1.88,2.96,3.56,3.57,3.45,3.42,3.45,3.46,3.48,3.48,3.45,3.41,3.36,3.32,3.29,3.32,3.34,3.33,3.31,3.38,3.41,3.44,3.48,3.53,3.57,3.58,3.54,3.49,3.54,3.60,3.57,3.51,3.50,3.52,3.56,3.59,3.59,3.54,3.58,3.65,3.72,3.77,3.77,3.78,3.78,3.74,3.74,3.75,3.76,3.76,3.78,3.76,3.75,3.75,3.73,3.68,3.66,3.71,3.83,3.93,3.99,4.01,4.00,3.96,3.91,3.84,3.79,3.75,3.78,3.85,3.91,3.94,3.98,4.07,4.07,4.03,4.07,4.13,4.20,4.26,4.29,4.33,4.36,4.39,4.43,4.47,4.46,4.46,4.46,4.43,4.44,4.44,4.45,4.47,4.45,4.45,4.44,4.42,4.38,4.36,4.30,4.26,4.29,4.29,4.23,4.23,4.29,4.33,4.33,4.33,4.32,4.30,4.28,4.25,4.23,4.21,4.16,4.13,4.12,4.13,4.17,4.16,4.14,4.11,4.08,4.12,4.19,4.31,4.45,4.52,4.52,4.40,4.29,4.42,4.38,4.25,4.15,4.14,4.09,4.07,4.08,4.07,4.01,3.90,3.80,3.73,3.71,3.77,3.80,3.80,3.77,3.72,3.68,3.62,3.60,3.66,3.71,3.78,3.96,4.29,4.62,4.61,4.54,4.44,4.28,4.18,4.10,4.03,3.94,3.83,3.68,3.50,3.36,3.40,3.34,3.36,3.43,3.48,3.28,3.09,2.94,2.87,2.80,2.68,2.66,2.27,0.22,-2.09,-3.31,-2.31,1.52,2.55,2.72,2.64,2.64,2.77,2.82,2.85,2.86,2.86,2.84,2.82,2.81
2.92,2.90,2.75,2.60,2.46,2.35,2.25,2.19,2.21,2.25,2.24,2.27,2.26,2.27,2.31,2.28,2.21,1.99,2.00,2.77,2.83,2.78,2.81,2.99,3.00,2.98,2.99,3.02,3.03,3.03,3.02,3.01,3.00,3.00,2.99,2.98,2.97,3.00,3.03,3.01,2.88,2.60,2.30,1.99,1.68,1.38,1.08,0.78,0.48,0.19,-0.09,0.40,1.27,2.35,3.40,3.59,3.54,3.47,3.48,3.50,3.52,3.53,3.51,3.47,3.44,3.39,3.35,3.34,3.40,3.39,3.35,3.31,3.32,3.36,3.41,3.45,3.51,3.56,3.55,3.53,3.54,3.59,3.58,3.54,3.49,3.49,3.58,3.61,3.61,3.59,3.54,3.56,3.64,3.75,3.77,3.77,3.79,3.79,3.76,3.75,3.74,3.75,3.76,3.78,3.78,3.76,3.73,3.68,3.67,3.72,3.81,3.92,4.01,4.05,4.07,4.05,3.99,4.01,3.97,3.90,3.82,3.78,3.84,3.90,3.93,4.00,4.08,4.05,3.98,4.04,4.09,4.17,4.25,4.29,4.34,4.36,4.38,4.43,4.47,4.45,4.44,4.44,4.44,4.43,4.44,4.45,4.46,4.44,4.43,4.43,4.40,4.37,4.32,4.27,4.26,4.29,4.25,4.23,4.28,4.36,4.36,4.34,4.33,4.31,4.29,4.27,4.24,4.22,4.20,4.17,4.15,4.14,4.14,4.16,4.16,4.15,4.12,4.07,4.11,4.20,4.30,4.42,4.49,4.46,4.33,4.24,4.39,4.35,4.25,4.15,4.10,4.08,4.04,3.99,3.93,3.89,3.75,3.70,3.70,3.70,3.77,3.78,3.75,3.70,3.61,3.57,3.53,3.53,3.58,3.65,3.68,3.79,4.03,4.34,4.37,4.36,4.33,4.20,4.06,3.98,3.92,3.86,3.77,3.63,3.47,3.34,3.30,3.26,3.25,3.27,3.32,3.18,3.04,2.91,2.80,2.72,2.66,2.69,1.95,-1.68,-3.20,-2.36,0.04,2.86,2.74,2.65,2.63,2.71,2.79,2.83,2.85,2.86,2.86,2.84,2.82,2.82
2.94,2.93,2.95,2.79,2.59,2.41,2.30,2.19,2.19,2.22,2.22,2.25,2.28,2.30,2.30,2.27,2.25,2.26,2.35,2.56,2.68,2.58,2.57,2.79,2.87,2.88,2.92,2.98,3.01,3.00,2.99,2.99,2.98,2.97,2.96,2.96,2.95,2.95,3.04,2.99,2.79,2.50,2.18,1.86,1.55,1.26,0.94,0.63,0.34,0.07,-0.12,0.75,1.76,2.81,3.79,3.59,3.50,3.50,3.54,3.56,3.58,3.57,3.54,3.49,3.47,3.41,3.39,3.44,3.53,3.49,3.41,3.34,3.26,3.31,3.36,3.41,3.48,3.55,3.51,3.51,3.60,3.61,3.54,3.49,3.49,3.50,3.65,3.67,3.63,3.57,3.57,3.56,3.64,3.78,3.76,3.77,3.79,3.80,3.77,3.76,3.75,3.74,3.75,3.77,3.81,3.78,3.70,3.63,3.71,3.82,3.92,3.98,4.07,4.10,4.12,4.12,4.01,4.10,4.12,4.06,3.93,3.82,3.87,3.92,3.92,4.00,4.08,4.03,3.94,3.99,4.05,4.14,4.23,4.29,4.33,4.34,4.37,4.42,4.46,4.45,4.44,4.42,4.43,4.42,4.42,4.44,4.46,4.44,4.42,4.40,4.38,4.36,4.26,4.27,4.30,4.28,4.19,4.26,4.36,4.42,4.39,4.36,4.33,4.31,4.29,4.27,4.24,4.22,4.20,4.17,4.18,4.17,4.15,4.17,4.17,4.16,4.13,4.08,4.10,4.19,4.28,4.36,4.42,4.35,4.23,4.17,4.25,4.27,4.25,4.17,4.04,4.06,4.02,3.90,3.77,3.78,3.61,3.61,3.69,3.72,3.76,3.73,3.68,3.60,3.50,3.45,3.45,3.46,3.46,3.56,3.65,3.76,3.92,4.02,4.07,4.13,4.17,4.11,3.94,3.85,3.81,3.77,3.70,3.61,3.49,3.35,3.21,3.20,3.15,3.09,3.13,3.07,3.00,2.89,2.74,2.62,2.68,2.67,1.48,-3.41,-3.54,-0.31,2.88,2.77,2.65,2.60,2.66,2.80,2.81,2.81,2.81,2.82,2.82,2.83,2.83,2.83
2.96,2.94,2.85,2.73,2.58,2.40,2.26,2.19,2.19,2.24,2.31,2.32,2.32,2.31,2.28,2.29,2.27,2.27,2.30,2.36,2.44,2.44,2.48,2.62,2.70,2.77,2.86,2.95,2.98,2.98,2.97,2.96,2.95,2.95,2.95,2.98,3.02,3.04,3.07,2.95,2.71,2.41,2.06,1.73,1.42,1.10,0.80,0.51,0.20,0.01,0.26,1.28,2.35,3.21,3.67,3.54,3.60,3.64,3.59,3.62,3.62,3.60,3.56,3.51,3.46,3.46,3.48,3.52,3.57,3.57,3.51,3.41,3.30,3.31,3.28,3.29,3.42,3.49,3.53,3.56,3.57,3.54,3.51,3.52,3.55,3.60,3.68,3.73,3.72,3.65,3.69,3.71,3.75,3.79,3.81,3.81,3.80,3.78,3.79,3.78,3.77,3.76,3.75,3.76,3.77,3.73,3.67,3.68,3.80,3.90,3.96,3.98,4.06,4.14,4.17,4.15,4.12,4.15,4.12,4.05,3.99,3.93,3.93,3.94,3.94,3.94,4.01,4.04,4.02,3.93,4.01,4.10,4.20,4.28,4.29,4.32,4.35,4.38,4.44,4.46,4.45,4.42,4.42,4.41,4.41,4.42,4.43,4.45,4.44,4.40,4.34,4.28,4.28,4.28,4.26,4.21,4.25,4.34,4.39,4.39,4.36,4.34,4.32,4.29,4.27,4.25,4.22,4.20,4.18,4.15,4.15,4.15,4.14,4.15,4.15,4.15,4.12,4.06,4.09,4.16,4.24,4.30,4.33,4.23,4.16,4.16,4.23,4.20,4.17,4.12,4.05,4.01,3.89,3.78,3.69,3.64,3.64,3.66,3.69,3.74,3.67,3.61,3.55,3.47,3.44,3.43,3.43,3.45,3.49,3.57,3.64,3.72,3.80,3.91,3.99,4.01,3.98,3.92,3.79,3.69,3.62,3.57,3.55,3.53,3.45,3.33,3.20,3.14,3.06,2.99,3.01,2.98,2.91,2.80,2.69,2.71,2.77,1.06,-1.89,-3.53,-0.51,1.76,2.81,2.71,2.63,2.67,2.75,2.81,2.83,2.82,2.82,2.82,2.82,2.83,2.83,2.83
2.97,2.94,2.75,2.65,2.52,2.37,2.24,2.22,2.22,2.28,2.37,2.38,2.35,2.32,2.29,2.31,2.27,2.26,2.27,2.26,2.31,2.35,2.40,2.48,2.58,2.69,2.80,2.90,2.94,2.95,2.95,2.95,2.96,2.95,2.97,3.01,3.06,3.11,3.07,2.91,2.65,2.36,2.00,1.67,1.34,0.98,0.67,0.37,0.11,0.08,0.72,1.79,2.83,3.52,3.60,3.52,3.63,3.68,3.61,3.66,3.68,3.64,3.56,3.50,3.46,3.48,3.52,3.55,3.58,3.61,3.57,3.48,3.37,3.32,3.27,3.28,3.43,3.49,3.55,3.57,3.53,3.52,3.53,3.55,3.59,3.65,3.72,3.77,3.78,3.72,3.78,3.80,3.80,3.79,3.82,3.83,3.81,3.79,3.80,3.80,3.78,3.77,3.75,3.74,3.73,3.71,3.69,3.74,3.88,3.97,4.01,4.02,4.08,4.16,4.18,4.15,4.16,4.17,4.11,4.05,4.03,4.00,3.96,3.95,3.96,3.91,3.96,4.02,4.05,3.97,4.00,4.07,4.15,4.22,4.26,4.31,4.34,4.37,4.42,4.47,4.46,4.42,4.40,4.40,4.40,4.41,4.42,4.44,4.43,4.37,4.29,4.26,4.28,4.26,4.24,4.23,4.33,4.40,4.41,4.37,4.34,4.32,4.30,4.27,4.25,4.23,4.20,4.18,4.16,4.14,4.12,4.12,4.13,4.12,4.14,4.13,4.09,4.02,4.04,4.12,4.19,4.23,4.23,4.15,4.13,4.17,4.22,4.12,4.09,4.06,3.98,3.91,3.78,3.68,3.62,3.54,3.63,3.66,3.66,3.68,3.56,3.49,3.44,3.40,3.39,3.40,3.40,3.42,3.48,3.55,3.62,3.66,3.68,3.74,3.84,3.87,3.83,3.78,3.66,3.57,3.50,3.41,3.43,3.43,3.39,3.31,3.19,3.11,3.01,2.92,2.92,2.92,2.85,2.76,2.70,2.78,2.69,0.07,-3.34,-1.79,1.63,2.84,2.74,2.67,2.67,2.74,2.80,2.82,2.83,2.83,2.82,2.82,2.82,2.83,2.83,2.83
2.95,2.91,2.66,2.53,2.41,2.30,2.24,2.26,2.30,2.34,2.38,2.43,2.38,2.33,2.32,2.33,2.23,2.22,2.28,2.30,2.30,2.31,2.32,2.36,2.51,2.64,2.74,2.82,2.88,2.91,2.93,2.96,3.00,3.00,3.03,3.05,3.07,3.15,3.05,2.87,2.63,2.33,2.00,1.69,1.33,0.90,0.53,0.22,0.08,0.30,1.26,2.26,3.19,3.72,3.59,3.52,3.56,3.60,3.61,3.66,3.75,3.69,3.55,3.46,3.46,3.47,3.49,3.54,3.57,3.60,3.58,3.53,3.49,3.33,3.32,3.40,3.52,3.55,3.56,3.53,3.47,3.56,3.59,3.60,3.63,3.67,3.74,3.79,3.80,3.78,3.82,3.80,3.79,3.79,3.78,3.82,3.83,3.82,3.80,3.81,3.80,3.78,3.76,3.72,3.71,3.73,3.76,3.83,3.93,4.02,4.07,4.09,4.14,4.16,4.15,4.12,4.14,4.16,4.12,4.06,4.05,4.03,3.97,3.95,3.99,3.93,3.92,3.95,4.02,4.10,4.03,4.04,4.08,4.12,4.24,4.32,4.37,4.39,4.40,4.46,4.47,4.43,4.37,4.38,4.39,4.40,4.40,4.43,4.38,4.31,4.26,4.29,4.27,4.21,4.21,4.35,4.43,4.44,4.42,4.37,4.33,4.30,4.28,4.26,4.23,4.21,4.19,4.16,4.14,4.12,4.09,4.10,4.11,4.09,4.14,4.12,4.04,3.96,3.95,4.07,4.15,4.15,4.10,4.11,4.17,4.23,4.21,4.03,4.01,3.97,3.82,3.76,3.67,3.60,3.56,3.50,3.58,3.61,3.59,3.53,3.45,3.38,3.36,3.38,3.34,3.37,3.38,3.38,3.45,3.51,3.57,3.60,3.57,3.53,3.63,3.71,3.72,3.68,3.55,3.49,3.44,3.31,3.34,3.33,3.30,3.27,3.19,3.10,2.99,2.90,2.87,2.88,2.82,2.77,2.77,2.83,2.42,-0.17,-2.56,2.11,2.72,2.76,2.68,2.65,2.78,2.80,2.80,2.83,2.81,2.82,2.83,2.83,2.82,2.83,2.83,2.83
2.91,2.76,2.58,2.48,2.37,2.27,2.26,2.24,2.31,2.38,2.37,2.41,2.41,2.38,2.36,2.33,2.26,2.26,2.28,2.25,2.27,2.29,2.32,2.37,2.48,2.55,2.66,2.79,2.86,2.92,2.99,3.05,3.08,3.09,3.12,3.14,3.15,3.13,3.04,2.89,2.68,2.38,2.11,1.78,1.40,0.96,0.58,0.15,0.18,0.75,1.74,2.76,3.41,3.66,3.55,3.56,3.60,3.64,3.66,3.71,3.79,3.71,3.55,3.47,3.47,3.48,3.50,3.52,3.55,3.58,3.57,3.53,3.49,3.39,3.40,3.49,3.59,3.60,3.58,3.54,3.50,3.58,3.59,3.59,3.61,3.65,3.71,3.75,3.77,3.79,3.78,3.80,3.82,3.82,3.81,3.83,3.83,3.82,3.81,3.80,3.82,3.80,3.73,3.70,3.69,3.74,3.82,3.87,3.94,4.01,4.06,4.09,4.09,4.01,3.98,4.01,4.10,4.13,4.12,4.08,4.06,4.04,3.98,3.97,4.01,4.00,3.97,3.96,3.99,4.02,4.02,4.04,4.09,4.15,4.20,4.28,4.37,4.43,4.44,4.45,4.42,4.38,4.36,4.38,4.39,4.40,4.41,4.39,4.33,4.29,4.29,4.29,4.25,4.27,4.33,4.41,4.43,4.43,4.40,4.37,4.33,4.29,4.26,4.24,4.21,4.19,4.17,4.14,4.12,4.10,4.07,4.07,4.08,4.06,4.11,4.13,4.09,4.00,3.94,3.98,4.05,4.09,4.08,4.11,4.15,4.17,4.15,4.03,3.94,3.86,3.78,3.65,3.60,3.60,3.58,3.48,3.47,3.48,3.49,3.46,3.40,3.38,3.37,3.37,3.35,3.36,3.35,3.36,3.40,3.46,3.53,3.55,3.54,3.54,3.58,3.63,3.66,3.62,3.53,3.51,3.47,3.33,3.26,3.23,3.23,3.23,3.17,3.09,3.01,2.94,2.91,2.91,2.87,2.85,2.87,2.92,2.74,1.55,0.48,2.76,2.80,2.70,2.67,2.75,2.83,2.85,2.86,2.86,2.85,2.84,2.83,2.83,2.83,2.83,2.83,2.83
2.87,2.67,2.53,2.45,2.34,2.25,2.27,2.24,2.32,2.41,2.39,2.42,2.46,2.46,2.41,2.34,2.31,2.31,2.29,2.20,2.25,2.29,2.33,2.39,2.46,2.50,2.61,2.75,2.83,2.91,3.02,3.12,3.18,3.21,3.21,3.21,3.21,3.13,3.03,2.91,2.74,2.47,2.23,1.90,1.50,1.08,0.69,0.24,0.44,1.27,2.23,3.20,3.58,3.59,3.52,3.60,3.66,3.68,3.70,3.73,3.78,3.70,3.56,3.51,3.50,3.50,3.51,3.52,3.54,3.57,3.56,3.53,3.48,3.44,3.48,3.56,3.62,3.62,3.59,3.54,3.52,3.58,3.59,3.58,3.58,3.63,3.69,3.72,3.75,3.78,3.75,3.82,3.86,3.86,3.86,3.84,3.83,3.82,3.81,3.79,3.82,3.80,3.70,3.68,3.69,3.77,3.88,3.92,3.96,4.01,4.05,4.09,4.06,3.91,3.86,3.94,4.07,4.11,4.12,4.10,4.09,4.06,4.01,4.01,4.06,4.08,4.04,4.00,3.98,3.95,4.01,4.05,4.10,4.18,4.16,4.25,4.37,4.46,4.48,4.44,4.38,4.34,4.35,4.38,4.39,4.40,4.40,4.34,4.30,4.30,4.31,4.28,4.25,4.34,4.44,4.44,4.42,4.40,4.38,4.36,4.33,4.29,4.25,4.22,4.19,4.17,4.15,4.12,4.10,4.08,4.06,4.05,4.06,4.04,4.08,4.13,4.14,4.05,3.97,3.93,3.96,4.02,4.04,4.09,4.11,4.10,4.09,4.02,3.87,3.78,3.76,3.60,3.57,3.59,3.60,3.49,3.37,3.37,3.41,3.41,3.37,3.39,3.39,3.37,3.38,3.34,3.32,3.34,3.37,3.42,3.48,3.51,3.51,3.57,3.56,3.58,3.60,3.57,3.53,3.53,3.50,3.38,3.20,3.15,3.16,3.17,3.13,3.08,3.02,2.98,2.96,2.95,2.93,2.93,2.97,3.02,3.04,3.00,2.91,2.85,2.73,2.66,2.70,2.86,2.86,2.89,2.91,2.89,2.88,2.86,2.84,2.83,2.84,2.83,2.83,2.83
2.86,2.81,2.54,2.42,2.32,2.25,2.28,2.31,2.38,2.45,2.49,2.53,2.56,2.55,2.49,2.44,2.37,2.37,2.36,2.20,2.27,2.31,2.34,2.38,2.47,2.55,2.64,2.72,2.75,2.83,2.96,3.11,3.28,3.37,3.30,3.22,3.20,3.14,3.05,2.94,2.80,2.63,2.38,2.04,1.68,1.33,0.92,0.72,1.05,1.85,2.79,3.49,3.66,3.57,3.55,3.63,3.69,3.71,3.69,3.69,3.66,3.61,3.59,3.62,3.59,3.55,3.52,3.53,3.55,3.56,3.55,3.52,3.49,3.46,3.52,3.58,3.58,3.56,3.52,3.48,3.48,3.54,3.57,3.57,3.56,3.58,3.69,3.74,3.74,3.71,3.79,3.88,3.92,3.91,3.92,3.82,3.81,3.83,3.81,3.80,3.73,3.70,3.72,3.67,3.77,3.88,3.95,3.99,4.02,4.05,4.08,4.09,4.08,4.00,3.96,4.00,4.08,4.13,4.13,4.12,4.15,4.10,4.07,4.09,4.14,4.13,4.14,4.08,4.01,3.98,4.04,4.07,4.10,4.16,4.13,4.25,4.38,4.46,4.50,4.46,4.41,4.37,4.36,4.37,4.39,4.39,4.35,4.29,4.31,4.33,4.30,4.23,4.33,4.42,4.45,4.42,4.39,4.37,4.35,4.33,4.31,4.29,4.25,4.21,4.18,4.15,4.13,4.11,4.08,4.06,4.04,4.03,4.03,4.02,4.04,4.10,4.13,4.12,4.07,3.97,3.92,3.93,3.90,4.00,4.05,4.04,4.02,3.93,3.83,3.76,3.71,3.66,3.58,3.56,3.57,3.56,3.38,3.35,3.39,3.41,3.36,3.40,3.43,3.42,3.43,3.34,3.31,3.32,3.35,3.39,3.44,3.47,3.46,3.52,3.54,3.57,3.58,3.54,3.51,3.50,3.48,3.42,3.20,3.13,3.10,3.08,3.04,3.03,3.03,3.03,3.01,2.99,2.98,3.00,3.06,3.08,3.04,2.95,2.85,2.76,2.65,2.67,2.77,2.91,2.90,2.89,2.89,2.89,2.91,2.90,2.88,2.86,2.85,2.83,2.83,2.83
2.72,2.72,2.50,2.37,2.28,2.26,2.29,2.36,2.43,2.51,2.60,2.64,2.65,2.63,2.57,2.53,2.47,2.44,2.40,2.29,2.36,2.40,2.42,2.45,2.54,2.59,2.66,2.74,2.77,2.83,2.92,3.03,3.17,3.28,3.27,3.24,3.21,3.16,3.10,3.00,2.88,2.75,2.55,2.26,1.94,1.60,1.22,1.24,1.66,2.39,3.27,3.61,3.63,3.54,3.57,3.67,3.72,3.72,3.68,3.66,3.62,3.60,3.62,3.67,3.64,3.60,3.57,3.56,3.57,3.57,3.55,3.51,3.49,3.52,3.55,3.56,3.49,3.47,3.46,3.46,3.47,3.49,3.54,3.56,3.55,3.56,3.66,3.69,3.69,3.73,3.84,3.93,3.98,3.98,3.95,3.82,3.79,3.81,3.82,3.74,3.68,3.66,3.69,3.77,3.87,3.95,4.01,4.04,4.07,4.09,4.11,4.11,4.11,4.07,4.07,4.09,4.13,4.15,4.16,4.18,4.21,4.16,4.14,4.14,4.15,4.15,4.17,4.13,4.05,3.99,4.02,4.04,4.06,4.09,4.13,4.25,4.36,4.44,4.47,4.46,4.44,4.40,4.38,4.38,4.38,4.36,4.29,4.29,4.31,4.30,4.29,4.30,4.41,4.45,4.44,4.42,4.37,4.34,4.32,4.30,4.28,4.27,4.24,4.20,4.17,4.14,4.11,4.09,4.06,4.04,4.02,4.00,4.00,4.00,4.01,4.05,4.10,4.13,4.10,4.02,3.95,3.89,3.86,3.92,3.95,3.95,3.96,3.85,3.78,3.74,3.74,3.69,3.59,3.54,3.51,3.50,3.39,3.36,3.38,3.41,3.41,3.43,3.45,3.45,3.45,3.35,3.30,3.30,3.32,3.36,3.40,3.43,3.44,3.48,3.52,3.55,3.56,3.55,3.52,3.50,3.47,3.44,3.28,3.14,3.05,2.99,2.97,3.00,3.03,3.05,3.03,3.02,3.03,3.05,3.08,3.09,3.01,2.91,2.81,2.70,2.69,2.76,2.86,2.92,2.90,2.89,2.88,2.88,2.90,2.89,2.88,2.87,2.85,2.85,2.84,2.84
2.54,2.53,2.45,2.30,2.24,2.27,2.31,2.39,2.48,2.58,2.71,2.75,2.74,2.70,2.65,2.60,2.57,2.52,2.45,2.43,2.47,2.51,2.53,2.56,2.64,2.64,2.69,2.78,2.84,2.87,2.90,2.94,2.99,3.09,3.21,3.25,3.22,3.19,3.15,3.07,2.96,2.86,2.72,2.50,2.22,1.89,1.56,1.77,2.25,2.91,3.67,3.64,3.55,3.50,3.59,3.70,3.73,3.72,3.67,3.65,3.63,3.63,3.65,3.69,3.66,3.65,3.63,3.59,3.59,3.58,3.54,3.50,3.49,3.58,3.58,3.50,3.39,3.40,3.43,3.46,3.47,3.44,3.50,3.53,3.54,3.56,3.61,3.60,3.63,3.80,3.89,3.98,4.04,4.04,3.98,3.84,3.77,3.77,3.83,3.67,3.66,3.67,3.66,3.92,3.98,4.02,4.06,4.09,4.12,4.14,4.14,4.14,4.14,4.14,4.16,4.20,4.18,4.17,4.21,4.25,4.26,4.24,4.21,4.17,4.12,4.15,4.18,4.16,4.10,3.99,3.99,4.00,4.00,4.00,4.13,4.23,4.33,4.41,4.40,4.45,4.46,4.43,4.40,4.39,4.38,4.32,4.25,4.32,4.29,4.25,4.28,4.42,4.48,4.46,4.42,4.41,4.35,4.32,4.30,4.28,4.26,4.24,4.22,4.20,4.17,4.13,4.10,4.07,4.05,4.02,4.00,3.98,3.97,3.98,3.98,4.00,4.05,4.13,4.10,4.07,4.00,3.89,3.86,3.86,3.85,3.86,3.91,3.79,3.73,3.73,3.79,3.70,3.60,3.51,3.44,3.40,3.39,3.37,3.37,3.41,3.46,3.47,3.47,3.47,3.46,3.38,3.32,3.28,3.29,3.33,3.37,3.40,3.43,3.45,3.50,3.53,3.54,3.57,3.53,3.51,3.48,3.45,3.38,3.17,3.00,2.92,2.90,2.97,3.03,3.06,3.05,3.05,3.07,3.08,3.08,3.06,2.98,2.89,2.78,2.67,2.79,2.89,2.93,2.92,2.89,2.88,2.88,2.87,2.87,2.87,2.87,2.86,2.86,2.87,2.86,2.85
2.47,2.47,2.39,2.29,2.25,2.28,2.37,2.46,2.53,2.63,2.82,2.86,2.83,2.78,2.72,2.68,2.63,2.58,2.55,2.55,2.57,2.59,2.61,2.64,2.71,2.80,2.86,2.89,2.93,2.91,2.96,3.03,3.10,3.16,3.21,3.24,3.24,3.25,3.21,3.13,3.03,2.93,2.81,2.66,2.48,2.27,2.10,2.28,2.70,3.25,3.71,3.63,3.55,3.52,3.58,3.63,3.70,3.73,3.69,3.60,3.59,3.64,3.70,3.72,3.69,3.66,3.64,3.63,3.61,3.55,3.52,3.53,3.59,3.60,3.54,3.46,3.43,3.48,3.52,3.53,3.51,3.45,3.51,3.53,3.51,3.51,3.53,3.58,3.68,3.81,3.92,4.00,4.04,4.04,3.97,3.88,3.80,3.74,3.68,3.67,3.69,3.74,3.82,3.95,4.04,4.09,4.12,4.14,4.17,4.16,4.14,4.14,4.18,4.17,4.18,4.21,4.18,4.22,4.24,4.25,4.27,4.27,4.21,4.17,4.16,4.16,4.17,4.15,4.11,4.08,4.07,4.02,3.99,4.03,4.06,4.16,4.27,4.35,4.32,4.37,4.41,4.42,4.40,4.37,4.33,4.31,4.31,4.28,4.28,4.30,4.36,4.42,4.46,4.44,4.40,4.39,4.35,4.31,4.28,4.26,4.24,4.22,4.20,4.17,4.15,4.12,4.09,4.06,4.03,4.00,3.98,3.96,3.94,3.95,3.96,3.96,4.01,4.12,4.11,4.08,4.03,3.96,3.88,3.90,3.92,3.90,3.86,3.82,3.76,3.73,3.74,3.66,3.55,3.46,3.39,3.35,3.36,3.34,3.35,3.42,3.43,3.43,3.43,3.45,3.47,3.46,3.37,3.29,3.31,3.31,3.35,3.39,3.40,3.47,3.52,3.53,3.54,3.56,3.54,3.51,3.49,3.45,3.29,3.12,2.99,2.92,2.85,2.95,3.02,3.04,3.06,3.07,3.09,3.10,3.10,3.06,2.98,2.86,2.76,2.75,2.87,2.93,2.93,2.91,2.88,2.87,2.87,2.87,2.86,2.86,2.86,2.86,2.85,2.86,2.85,2.85
2.48,2.45,2.36,2.30,2.28,2.30,2.40,2.52,2.55,2.64,2.89,2.95,2.93,2.88,2.82,2.74,2.66,2.63,2.63,2.64,2.65,2.67,2.70,2.74,2.80,2.89,2.97,3.03,3.01,2.99,3.02,3.08,3.16,3.20,3.22,3.24,3.26,3.29,3.27,3.20,3.09,2.99,2.89,2.83,2.76,2.65,2.58,2.74,3.11,3.53,3.71,3.59,3.55,3.57,3.62,3.67,3.71,3.72,3.69,3.61,3.61,3.65,3.71,3.72,3.71,3.69,3.67,3.65,3.59,3.54,3.54,3.58,3.62,3.57,3.50,3.46,3.47,3.54,3.57,3.58,3.57,3.51,3.52,3.53,3.52,3.51,3.50,3.60,3.73,3.84,3.95,4.00,4.02,4.00,3.93,3.85,3.76,3.68,3.62,3.66,3.72,3.80,3.90,3.97,4.08,4.14,4.17,4.20,4.21,4.18,4.15,4.15,4.23,4.21,4.20,4.21,4.22,4.26,4.27,4.27,4.27,4.29,4.23,4.19,4.21,4.18,4.17,4.16,4.14,4.14,4.13,4.08,4.05,4.07,4.06,4.12,4.20,4.27,4.27,4.30,4.35,4.39,4.37,4.34,4.32,4.31,4.32,4.28,4.31,4.36,4.40,4.40,4.44,4.42,4.38,4.36,4.33,4.30,4.27,4.23,4.22,4.20,4.17,4.15,4.13,4.10,4.08,4.05,4.01,3.99,3.96,3.94,3.92,3.93,3.93,3.92,3.97,4.12,4.11,4.07,4.03,3.99,3.89,3.91,3.90,3.86,3.82,3.79,3.75,3.71,3.69,3.61,3.50,3.43,3.38,3.34,3.37,3.37,3.36,3.41,3.39,3.40,3.41,3.43,3.47,3.49,3.40,3.28,3.30,3.30,3.34,3.38,3.40,3.51,3.55,3.55,3.54,3.55,3.54,3.52,3.48,3.41,3.18,3.04,2.95,2.89,2.80,2.91,2.99,3.02,3.06,3.08,3.09,3.11,3.11,3.06,2.98,2.86,2.76,2.82,2.92,2.95,2.94,2.90,2.87,2.87,2.87,2.87,2.86,2.86,2.86,2.86,2.85,2.85,2.85,2.85
2.57,2.47,2.37,2.34,2.32,2.33,2.41,2.57,2.54,2.59,2.91,3.02,3.04,3.01,2.93,2.78,2.67,2.66,2.70,2.71,2.73,2.74,2.78,2.85,2.91,2.90,3.02,3.19,3.08,3.11,3.09,3.09,3.18,3.20,3.24,3.27,3.28,3.32,3.33,3.27,3.16,3.05,2.97,3.00,3.04,3.04,2.99,3.16,3.47,3.73,3.63,3.53,3.56,3.64,3.71,3.79,3.75,3.69,3.66,3.69,3.68,3.67,3.66,3.69,3.73,3.73,3.70,3.65,3.54,3.54,3.59,3.64,3.59,3.50,3.48,3.50,3.53,3.55,3.58,3.61,3.63,3.60,3.52,3.53,3.58,3.56,3.53,3.65,3.79,3.87,3.96,3.99,3.98,3.93,3.83,3.77,3.66,3.58,3.66,3.64,3.75,3.86,3.91,3.96,4.09,4.18,4.22,4.25,4.23,4.19,4.16,4.16,4.26,4.27,4.22,4.19,4.29,4.29,4.29,4.30,4.28,4.30,4.26,4.25,4.27,4.21,4.19,4.19,4.19,4.17,4.17,4.17,4.16,4.12,4.13,4.12,4.13,4.16,4.27,4.26,4.30,4.34,4.30,4.32,4.33,4.32,4.29,4.32,4.39,4.43,4.42,4.37,4.42,4.41,4.36,4.32,4.31,4.28,4.25,4.20,4.18,4.17,4.15,4.13,4.10,4.08,4.06,4.03,4.01,3.97,3.94,3.92,3.90,3.91,3.90,3.88,3.93,4.11,4.11,4.04,3.99,3.97,3.91,3.87,3.80,3.75,3.79,3.71,3.70,3.70,3.64,3.56,3.45,3.40,3.40,3.37,3.43,3.45,3.42,3.36,3.35,3.37,3.40,3.43,3.46,3.48,3.39,3.27,3.27,3.32,3.34,3.37,3.43,3.57,3.59,3.58,3.56,3.54,3.55,3.53,3.47,3.33,3.07,2.95,2.88,2.81,2.74,2.86,2.95,3.00,3.05,3.07,3.09,3.11,3.11,3.05,2.98,2.87,2.77,2.87,2.94,2.97,2.96,2.90,2.87,2.86,2.86,2.86,2.85,2.85,2.85,2.85,2.86,2.86,2.86,2.86
2.62,2.46,2.37,2.35,2.37,2.41,2.46,2.52,2.59,2.73,2.98,3.05,3.05,3.04,2.99,2.84,2.73,2.73,2.78,2.79,2.80,2.83,2.87,2.95,3.02,2.98,3.09,3.26,3.19,3.19,3.17,3.15,3.19,3.22,3.26,3.27,3.27,3.30,3.34,3.35,3.32,3.29,3.26,3.28,3.30,3.30,3.28,3.43,3.63,3.74,3.60,3.62,3.68,3.74,3.79,3.85,3.80,3.73,3.69,3.70,3.69,3.67,3.66,3.67,3.68,3.67,3.64,3.60,3.57,3.61,3.64,3.61,3.52,3.49,3.51,3.55,3.57,3.60,3.59,3.58,3.58,3.56,3.55,3.53,3.50,3.48,3.49,3.54,3.65,3.80,3.91,3.93,3.91,3.85,3.78,3.66,3.60,3.61,3.67,3.77,3.89,3.97,3.99,4.04,4.15,4.23,4.27,4.28,4.24,4.19,4.16,4.17,4.27,4.25,4.25,4.28,4.32,4.31,4.31,4.31,4.29,4.29,4.28,4.27,4.26,4.25,4.26,4.27,4.27,4.23,4.23,4.25,4.26,4.26,4.22,4.20,4.19,4.19,4.24,4.28,4.28,4.28,4.30,4.34,4.32,4.30,4.30,4.37,4.43,4.44,4.41,4.36,4.40,4.39,4.36,4.31,4.27,4.25,4.23,4.19,4.16,4.14,4.12,4.10,4.08,4.05,4.03,4.01,3.98,3.95,3.93,3.90,3.88,3.89,3.87,3.85,3.86,3.93,3.94,3.92,3.92,3.94,3.91,3.88,3.84,3.79,3.77,3.67,3.62,3.57,3.51,3.41,3.41,3.41,3.42,3.44,3.50,3.51,3.48,3.41,3.36,3.37,3.39,3.42,3.45,3.39,3.32,3.27,3.26,3.30,3.33,3.40,3.51,3.58,3.59,3.57,3.55,3.53,3.52,3.50,3.41,3.24,3.00,2.87,2.77,2.68,2.73,2.84,2.94,3.01,3.02,3.05,3.07,3.09,3.10,3.04,2.98,2.88,2.80,2.83,2.93,2.98,2.96,2.88,2.87,2.87,2.87,2.87,2.86,2.86,2.86,2.86,2.87,2.86,2.85,2.84
2.65,2.42,2.38,2.36,2.40,2.47,2.50,2.50,2.63,2.83,3.01,3.03,3.04,3.04,3.02,2.91,2.81,2.80,2.84,2.86,2.88,2.91,2.97,3.06,3.12,3.07,3.13,3.26,3.27,3.25,3.22,3.20,3.19,3.25,3.28,3.28,3.27,3.29,3.34,3.39,3.43,3.45,3.47,3.48,3.49,3.48,3.47,3.60,3.70,3.70,3.57,3.69,3.76,3.79,3.82,3.85,3.81,3.74,3.70,3.70,3.69,3.67,3.66,3.66,3.64,3.61,3.59,3.58,3.61,3.66,3.65,3.57,3.48,3.50,3.54,3.58,3.60,3.63,3.60,3.56,3.54,3.54,3.57,3.54,3.47,3.45,3.47,3.46,3.52,3.70,3.83,3.85,3.82,3.77,3.71,3.58,3.58,3.66,3.71,3.87,3.99,4.06,4.08,4.13,4.22,4.28,4.31,4.29,4.24,4.19,4.17,4.18,4.28,4.25,4.28,4.35,4.34,4.34,4.32,4.31,4.31,4.30,4.30,4.28,4.26,4.29,4.31,4.33,4.32,4.30,4.30,4.32,4.34,4.37,4.30,4.28,4.25,4.23,4.22,4.29,4.28,4.26,4.30,4.34,4.31,4.29,4.32,4.41,4.44,4.44,4.40,4.33,4.38,4.38,4.35,4.29,4.25,4.22,4.20,4.18,4.14,4.12,4.10,4.08,4.05,4.03,4.01,3.98,3.96,3.94,3.91,3.89,3.86,3.86,3.84,3.81,3.79,3.79,3.81,3.84,3.87,3.91,3.90,3.89,3.88,3.84,3.77,3.66,3.55,3.47,3.42,3.32,3.38,3.42,3.43,3.51,3.56,3.57,3.53,3.45,3.39,3.38,3.40,3.42,3.42,3.31,3.26,3.26,3.26,3.30,3.35,3.44,3.56,3.56,3.56,3.56,3.54,3.52,3.51,3.44,3.32,3.14,2.92,2.79,2.69,2.63,2.76,2.86,2.96,3.04,3.03,3.03,3.04,3.06,3.07,3.03,2.97,2.89,2.81,2.76,2.89,2.95,2.94,2.88,2.87,2.87,2.87,2.87,2.87,2.87,2.87,2.87,2.87,2.86,2.84,2.81
2.62,2.33,2.36,2.36,2.40,2.48,2.49,2.55,2.67,2.83,2.95,2.93,2.99,3.02,2.99,3.00,2.93,2.89,2.90,2.94,2.95,3.00,3.08,3.16,3.20,3.15,3.11,3.13,3.28,3.21,3.20,3.21,3.20,3.29,3.31,3.31,3.30,3.31,3.33,3.35,3.39,3.44,3.48,3.51,3.52,3.49,3.49,3.56,3.61,3.60,3.56,3.66,3.72,3.74,3.73,3.75,3.72,3.69,3.68,3.69,3.68,3.67,3.66,3.68,3.62,3.59,3.60,3.65,3.67,3.65,3.59,3.50,3.50,3.52,3.56,3.60,3.62,3.64,3.62,3.58,3.55,3.60,3.55,3.56,3.59,3.56,3.52,3.48,3.48,3.54,3.69,3.71,3.71,3.69,3.61,3.60,3.63,3.70,3.78,3.90,3.99,4.08,4.18,4.23,4.30,4.32,4.31,4.27,4.22,4.17,4.16,4.22,4.29,4.30,4.32,4.36,4.36,4.34,4.33,4.33,4.33,4.33,4.29,4.28,4.31,4.32,4.31,4.30,4.31,4.34,4.36,4.38,4.41,4.41,4.37,4.34,4.30,4.24,4.25,4.27,4.29,4.31,4.32,4.31,4.32,4.34,4.37,4.39,4.43,4.43,4.38,4.31,4.36,4.36,4.34,4.29,4.23,4.19,4.16,4.16,4.13,4.09,4.07,4.05,4.03,4.00,3.98,3.96,3.93,3.91,3.89,3.86,3.84,3.82,3.81,3.78,3.76,3.79,3.81,3.88,3.91,3.88,3.87,3.89,3.88,3.85,3.80,3.68,3.52,3.42,3.42,3.37,3.38,3.41,3.46,3.54,3.59,3.58,3.54,3.48,3.44,3.42,3.42,3.43,3.32,3.28,3.26,3.25,3.25,3.35,3.44,3.50,3.52,3.48,3.51,3.54,3.54,3.52,3.52,3.35,3.14,3.01,2.82,2.69,2.68,2.76,2.86,2.92,3.02,3.11,3.13,3.02,3.00,3.02,3.04,3.02,2.98,2.89,2.77,2.66,2.76,2.84,2.89,2.91,2.87,2.87,2.88,2.88,2.88,2.88,2.88,2.88,2.88,2.85,2.81,2.78
2.51,2.32,2.35,2.40,2.46,2.51,2.51,2.60,2.73,2.86,2.97,3.01,3.06,3.06,3.02,3.06,3.03,3.00,2.99,3.01,3.03,3.10,3.19,3.27,3.29,3.24,3.21,3.23,3.26,3.23,3.22,3.23,3.25,3.28,3.27,3.24,3.21,3.21,3.24,3.28,3.34,3.42,3.49,3.53,3.55,3.53,3.54,3.59,3.62,3.61,3.57,3.65,3.70,3.70,3.67,3.68,3.69,3.68,3.67,3.67,3.67,3.65,3.64,3.65,3.61,3.60,3.64,3.69,3.68,3.61,3.54,3.51,3.55,3.54,3.55,3.59,3.63,3.66,3.65,3.63,3.62,3.61,3.60,3.64,3.69,3.70,3.64,3.57,3.51,3.49,3.60,3.62,3.60,3.57,3.56,3.61,3.68,3.75,3.82,3.90,3.98,4.08,4.18,4.26,4.30,4.31,4.28,4.22,4.16,4.15,4.19,4.24,4.30,4.34,4.36,4.38,4.37,4.36,4.36,4.36,4.36,4.36,4.32,4.30,4.33,4.35,4.33,4.32,4.32,4.35,4.37,4.40,4.42,4.42,4.41,4.38,4.33,4.26,4.23,4.27,4.31,4.32,4.31,4.28,4.31,4.36,4.38,4.37,4.41,4.42,4.38,4.30,4.34,4.35,4.33,4.28,4.22,4.17,4.14,4.12,4.10,4.07,4.04,4.02,4.00,3.98,3.96,3.93,3.91,3.89,3.86,3.84,3.82,3.80,3.78,3.77,3.78,3.84,3.85,3.88,3.88,3.84,3.83,3.86,3.82,3.75,3.72,3.60,3.47,3.38,3.39,3.37,3.35,3.38,3.46,3.56,3.58,3.56,3.52,3.46,3.43,3.41,3.39,3.37,3.27,3.24,3.21,3.20,3.23,3.33,3.42,3.47,3.46,3.41,3.43,3.47,3.52,3.52,3.47,3.24,3.00,2.90,2.74,2.69,2.74,2.85,2.94,3.02,3.08,3.10,3.06,2.97,2.95,2.97,2.99,2.98,2.94,2.89,2.81,2.70,2.70,2.75,2.83,2.89,2.87,2.88,2.89,2.89,2.89,2.89,2.88,2.87,2.85,2.81,2.78,2.74
2.38,2.33,2.35,2.45,2.52,2.55,2.53,2.65,2.78,2.89,3.02,3.15,3.17,3.12,3.05,3.12,3.12,3.10,3.08,3.08,3.13,3.20,3.29,3.37,3.37,3.32,3.35,3.40,3.24,3.27,3.25,3.24,3.30,3.23,3.17,3.12,3.08,3.06,3.12,3.18,3.26,3.39,3.50,3.56,3.58,3.58,3.59,3.63,3.66,3.66,3.59,3.65,3.68,3.67,3.63,3.64,3.68,3.69,3.66,3.64,3.65,3.63,3.61,3.62,3.60,3.63,3.68,3.71,3.65,3.55,3.51,3.54,3.59,3.55,3.54,3.57,3.63,3.68,3.69,3.69,3.69,3.62,3.68,3.73,3.78,3.83,3.77,3.67,3.56,3.49,3.53,3.56,3.52,3.47,3.54,3.63,3.72,3.80,3.85,3.89,3.98,4.07,4.15,4.26,4.27,4.27,4.24,4.15,4.10,4.15,4.22,4.25,4.31,4.37,4.40,4.38,4.38,4.38,4.39,4.39,4.39,4.37,4.35,4.33,4.34,4.38,4.36,4.35,4.34,4.35,4.37,4.40,4.42,4.41,4.43,4.40,4.35,4.27,4.20,4.29,4.32,4.31,4.29,4.25,4.31,4.36,4.37,4.34,4.39,4.41,4.37,4.29,4.33,4.34,4.32,4.26,4.21,4.16,4.12,4.09,4.08,4.04,4.02,4.00,3.98,3.95,3.93,3.91,3.88,3.86,3.84,3.82,3.80,3.79,3.76,3.78,3.83,3.89,3.89,3.87,3.84,3.80,3.79,3.82,3.73,3.61,3.58,3.49,3.40,3.35,3.35,3.34,3.31,3.35,3.45,3.56,3.55,3.52,3.48,3.42,3.40,3.38,3.34,3.28,3.23,3.19,3.16,3.15,3.19,3.28,3.36,3.41,3.41,3.35,3.34,3.39,3.47,3.51,3.38,3.11,2.87,2.78,2.67,2.73,2.78,2.72,2.56,2.96,3.13,3.05,2.92,2.90,2.90,2.91,2.94,2.92,2.89,2.88,2.87,2.80,2.68,2.68,2.75,2.84,2.86,2.89,2.90,2.90,2.90,2.89,2.88,2.85,2.82,2.78,2.74,2.70
2.37,2.34,2.35,2.43,2.51,2.55,2.54,2.65,2.77,2.89,3.00,3.12,3.17,3.14,3.07,3.15,3.10,3.08,3.11,3.15,3.23,3.31,3.40,3.48,3.47,3.44,3.41,3.37,3.25,3.26,3.25,3.23,3.21,3.07,3.00,2.95,2.91,2.94,3.00,3.05,3.13,3.28,3.52,3.64,3.67,3.63,3.56,3.63,3.66,3.64,3.66,3.68,3.66,3.62,3.60,3.69,3.73,3.70,3.64,3.63,3.64,3.61,3.57,3.58,3.64,3.68,3.69,3.64,3.57,3.52,3.52,3.55,3.58,3.59,3.59,3.59,3.60,3.67,3.70,3.71,3.73,3.75,3.77,3.78,3.78,3.79,3.77,3.74,3.69,3.59,3.49,3.56,3.59,3.57,3.57,3.69,3.76,3.82,3.88,3.92,3.97,4.04,4.13,4.23,4.24,4.24,4.20,4.09,4.12,4.19,4.26,4.30,4.34,4.39,4.39,4.36,4.41,4.42,4.42,4.43,4.43,4.38,4.33,4.33,4.38,4.41,4.38,4.35,4.34,4.36,4.37,4.38,4.40,4.42,4.42,4.39,4.31,4.22,4.27,4.30,4.29,4.27,4.26,4.29,4.28,4.30,4.35,4.30,4.36,4.39,4.36,4.28,4.31,4.32,4.31,4.25,4.20,4.15,4.10,4.06,4.06,4.03,4.00,3.97,3.95,3.93,3.91,3.88,3.86,3.84,3.81,3.80,3.80,3.79,3.78,3.83,3.88,3.91,3.91,3.89,3.84,3.76,3.67,3.66,3.60,3.49,3.38,3.37,3.34,3.36,3.42,3.37,3.31,3.30,3.33,3.40,3.43,3.44,3.42,3.39,3.36,3.31,3.26,3.20,3.18,3.16,3.14,3.13,3.12,3.20,3.28,3.34,3.34,3.29,3.25,3.28,3.37,3.45,3.14,2.90,2.75,2.66,2.72,2.82,2.39,1.13,-1.21,1.68,3.09,2.96,2.86,2.82,2.81,2.82,2.83,2.81,2.82,2.85,2.87,2.84,2.75,2.66,2.63,2.71,2.78,2.84,2.89,2.90,2.91,2.88,2.85,2.82,2.78,2.74,2.70,2.66
2.36,2.35,2.39,2.46,2.52,2.55,2.54,2.65,2.77,2.89,3.00,3.12,3.19,3.17,3.08,3.02,1.73,2.06,3.14,3.18,3.27,3.37,3.46,3.53,3.53,3.51,3.44,3.35,3.29,3.27,3.28,3.26,3.12,2.91,2.82,2.78,2.77,2.82,2.87,2.91,2.98,3.10,3.41,3.61,3.71,3.69,3.55,3.61,3.65,3.66,3.70,3.68,3.66,3.64,3.61,3.72,3.76,3.73,3.64,3.60,3.61,3.58,3.55,3.60,3.67,3.69,3.65,3.59,3.53,3.52,3.53,3.55,3.57,3.60,3.62,3.62,3.62,3.67,3.70,3.71,3.74,3.80,3.80,3.79,3.78,3.77,3.76,3.77,3.74,3.64,3.46,3.53,3.60,3.61,3.61,3.72,3.78,3.82,3.90,3.94,3.98,4.04,4.13,4.17,4.19,4.17,4.13,4.08,4.14,4.21,4.27,4.32,4.34,4.35,4.33,4.29,4.34,4.40,4.42,4.42,4.44,4.37,4.35,4.37,4.42,4.45,4.43,4.39,4.36,4.36,4.36,4.37,4.39,4.42,4.40,4.34,4.27,4.23,4.30,4.27,4.25,4.25,4.27,4.31,4.28,4.26,4.29,4.29,4.35,4.38,4.34,4.26,4.29,4.31,4.29,4.24,4.19,4.14,4.09,4.04,4.03,4.00,3.98,3.95,3.93,3.90,3.88,3.86,3.83,3.81,3.80,3.80,3.80,3.77,3.81,3.84,3.87,3.90,3.88,3.89,3.85,3.72,3.56,3.52,3.46,3.38,3.29,3.31,3.34,3.40,3.49,3.42,3.36,3.29,3.25,3.30,3.33,3.35,3.36,3.33,3.30,3.25,3.19,3.14,3.14,3.14,3.13,3.11,3.08,3.14,3.21,3.27,3.28,3.22,3.18,3.19,3.23,3.24,2.92,2.76,2.70,2.67,2.79,1.82,0.55,-0.87,-3.13,1.02,3.01,2.88,2.79,2.79,2.80,2.80,2.80,2.78,2.75,2.77,2.84,2.84,2.80,2.69,2.61,2.63,2.67,2.77,2.85,2.88,2.89,2.86,2.82,2.78,2.74,2.70,2.66,2.63
2.33,2.35,2.46,2.51,2.54,2.55,2.55,2.66,2.78,2.89,3.02,3.13,3.22,3.23,3.09,2.75,-0.85,0.12,3.16,3.16,3.25,3.38,3.48,3.54,3.57,3.54,3.44,3.33,3.34,3.30,3.34,3.30,3.02,2.75,2.65,2.63,2.65,2.69,2.73,2.78,2.82,2.87,3.17,3.48,3.70,3.77,3.58,3.58,3.64,3.71,3.73,3.65,3.67,3.70,3.65,3.72,3.79,3.77,3.66,3.57,3.55,3.54,3.56,3.65,3.69,3.65,3.59,3.55,3.54,3.53,3.54,3.56,3.56,3.58,3.62,3.65,3.67,3.69,3.69,3.70,3.73,3.75,3.77,3.78,3.78,3.76,3.75,3.76,3.74,3.64,3.45,3.48,3.54,3.59,3.65,3.72,3.77,3.83,3.91,3.97,4.02,4.08,4.13,4.08,4.13,4.09,4.02,4.12,4.16,4.21,4.27,4.33,4.31,4.27,4.22,4.18,4.17,4.33,4.37,4.37,4.43,4.37,4.39,4.44,4.47,4.50,4.50,4.45,4.39,4.34,4.36,4.37,4.38,4.41,4.37,4.25,4.23,4.31,4.31,4.20,4.18,4.24,4.32,4.30,4.28,4.24,4.20,4.29,4.35,4.37,4.33,4.24,4.26,4.29,4.28,4.24,4.18,4.13,4.08,4.03,3.98,3.97,3.96,3.93,3.90,3.88,3.85,3.83,3.81,3.79,3.80,3.81,3.80,3.74,3.83,3.82,3.80,3.86,3.81,3.87,3.85,3.70,3.45,3.37,3.31,3.28,3.30,3.29,3.38,3.48,3.54,3.50,3.44,3.32,3.21,3.27,3.25,3.28,3.29,3.26,3.22,3.18,3.14,3.11,3.13,3.12,3.11,3.09,3.07,3.08,3.14,3.20,3.22,3.16,3.11,3.10,3.07,2.90,2.73,2.68,2.72,2.80,2.88,-0.14,-2.60,-3.23,-3.42,0.90,2.90,2.81,2.72,2.82,2.85,2.85,2.84,2.81,2.67,2.66,2.77,2.81,2.83,2.78,2.69,2.59,2.53,2.66,2.80,2.85,2.85,2.82,2.78,2.74,2.69,2.66,2.63,2.59
2.36,2.39,2.49,2.53,2.57,2.61,2.63,2.70,2.79,2.90,3.02,3.14,3.22,3.22,2.94,1.74,-1.38,-0.10,3.02,3.06,3.14,3.33,3.48,3.52,3.57,3.52,3.45,3.38,3.39,3.37,3.34,3.21,2.91,2.62,2.50,2.48,2.52,2.56,2.62,2.68,2.77,2.90,3.16,3.44,3.66,3.74,3.61,3.60,3.63,3.68,3.70,3.69,3.66,3.66,3.69,3.70,3.70,3.70,3.68,3.56,3.53,3.55,3.61,3.68,3.65,3.59,3.54,3.54,3.55,3.55,3.55,3.57,3.57,3.58,3.61,3.66,3.69,3.70,3.70,3.70,3.72,3.74,3.76,3.77,3.77,3.75,3.74,3.70,3.64,3.56,3.49,3.54,3.61,3.64,3.60,3.69,3.77,3.84,3.92,4.00,4.07,4.12,4.13,4.08,4.05,4.05,4.07,4.12,4.16,4.21,4.27,4.32,4.30,4.27,4.23,4.22,4.22,4.26,4.33,4.39,4.40,4.41,4.44,4.47,4.50,4.53,4.52,4.48,4.43,4.41,4.39,4.37,4.37,4.36,4.26,4.24,4.26,4.29,4.24,4.23,4.28,4.35,4.40,4.37,4.32,4.27,4.22,4.20,4.26,4.32,4.32,4.22,4.23,4.27,4.28,4.22,4.17,4.12,4.07,4.02,3.96,3.93,3.92,3.91,3.88,3.85,3.83,3.81,3.80,3.80,3.80,3.81,3.81,3.81,3.82,3.81,3.78,3.74,3.69,3.71,3.71,3.61,3.36,3.29,3.26,3.27,3.31,3.34,3.43,3.51,3.54,3.49,3.45,3.38,3.29,3.27,3.25,3.26,3.26,3.19,3.15,3.13,3.11,3.10,3.10,3.11,3.10,3.08,3.06,3.05,3.09,3.14,3.17,3.10,3.05,3.01,2.94,2.75,2.72,2.75,2.81,2.72,-0.13,-2.10,-3.16,-2.93,-0.05,2.04,2.84,2.81,2.81,2.83,2.84,2.85,2.85,2.85,2.78,2.73,2.72,2.76,2.78,2.78,2.75,2.67,2.56,2.57,2.64,2.75,2.78,2.77,2.74,2.70,2.66,2.62,2.59,2.55
2.39,2.45,2.53,2.58,2.63,2.69,2.73,2.77,2.84,2.93,3.03,3.14,3.20,3.20,2.73,0.34,-1.83,-0.14,2.89,2.93,3.02,3.28,3.48,3.52,3.56,3.50,3.46,3.44,3.41,3.42,3.31,3.10,2.79,2.49,2.37,2.36,2.42,2.47,2.54,2.64,2.77,2.97,3.21,3.46,3.65,3.70,3.62,3.60,3.62,3.65,3.67,3.71,3.68,3.65,3.71,3.69,3.65,3.64,3.66,3.55,3.54,3.58,3.65,3.67,3.60,3.55,3.52,3.52,3.54,3.55,3.56,3.58,3.57,3.58,3.61,3.65,3.69,3.71,3.72,3.71,3.72,3.73,3.75,3.76,3.76,3.75,3.73,3.65,3.57,3.51,3.55,3.61,3.67,3.69,3.61,3.69,3.77,3.83,3.89,3.99,4.08,4.11,4.09,4.06,4.02,4.05,4.12,4.14,4.17,4.22,4.27,4.31,4.29,4.27,4.26,4.25,4.28,4.25,4.32,4.40,4.37,4.44,4.47,4.50,4.53,4.55,4.52,4.49,4.46,4.45,4.42,4.39,4.35,4.30,4.21,4.25,4.28,4.26,4.22,4.28,4.37,4.44,4.45,4.43,4.37,4.31,4.24,4.14,4.18,4.25,4.28,4.21,4.21,4.25,4.27,4.21,4.16,4.11,4.06,4.01,3.95,3.90,3.88,3.88,3.86,3.83,3.81,3.80,3.80,3.82,3.82,3.82,3.82,3.84,3.80,3.78,3.74,3.62,3.55,3.55,3.55,3.50,3.30,3.23,3.24,3.28,3.32,3.39,3.48,3.54,3.53,3.47,3.46,3.43,3.37,3.28,3.25,3.25,3.22,3.13,3.11,3.10,3.10,3.09,3.08,3.09,3.09,3.07,3.05,3.03,3.04,3.08,3.11,3.05,2.98,2.91,2.82,2.69,2.75,2.83,2.53,1.37,-2.50,-3.40,-2.92,-1.43,2.43,2.83,2.81,2.83,2.89,2.83,2.83,2.85,2.86,2.87,2.86,2.79,2.69,2.70,2.73,2.76,2.77,2.72,2.61,2.52,2.53,2.62,2.69,2.71,2.69,2.66,2.61,2.58,2.55,2.52
2.40,2.53,2.64,2.71,2.76,2.81,2.86,2.90,2.95,3.00,3.05,3.15,3.15,3.15,2.40,-1.72,-2.42,-0.07,2.80,2.76,2.87,3.21,3.48,3.55,3.56,3.48,3.47,3.49,3.41,3.43,3.25,2.97,2.66,2.36,2.28,2.31,2.38,2.45,2.53,2.67,2.87,3.10,3.32,3.58,3.71,3.63,3.58,3.56,3.58,3.63,3.66,3.71,3.73,3.74,3.73,3.71,3.68,3.63,3.57,3.54,3.59,3.64,3.65,3.57,3.54,3.54,3.52,3.46,3.47,3.52,3.55,3.56,3.52,3.58,3.62,3.64,3.66,3.75,3.76,3.75,3.73,3.74,3.74,3.75,3.76,3.77,3.71,3.61,3.53,3.51,3.63,3.69,3.72,3.74,3.75,3.77,3.77,3.78,3.81,3.91,3.98,4.01,4.00,4.00,4.06,4.11,4.15,4.20,4.20,4.21,4.25,4.31,4.27,4.27,4.27,4.27,4.35,4.36,4.36,4.37,4.38,4.44,4.48,4.51,4.53,4.55,4.52,4.49,4.46,4.43,4.47,4.41,4.31,4.21,4.27,4.29,4.26,4.22,4.28,4.34,4.41,4.46,4.47,4.46,4.44,4.38,4.26,4.16,4.12,4.14,4.19,4.18,4.18,4.23,4.25,4.20,4.15,4.10,4.05,3.99,3.95,3.89,3.85,3.83,3.84,3.81,3.79,3.79,3.82,3.84,3.84,3.84,3.83,3.80,3.74,3.71,3.64,3.47,3.39,3.39,3.41,3.38,3.27,3.22,3.26,3.33,3.33,3.42,3.52,3.55,3.50,3.48,3.48,3.45,3.40,3.34,3.25,3.21,3.18,3.11,3.10,3.11,3.10,3.10,3.09,3.08,3.07,3.06,3.03,3.02,3.00,3.02,3.06,2.98,2.90,2.79,2.71,2.76,2.84,2.92,1.52,-2.43,-3.19,-3.40,-1.50,2.01,2.70,2.80,2.84,2.88,2.92,2.84,2.81,2.82,2.85,2.87,2.86,2.80,2.70,2.63,2.67,2.71,2.72,2.71,2.65,2.57,2.50,2.46,2.59,2.63,2.63,2.60,2.55,2.53,2.51,2.50
2.47,2.61,2.78,2.85,2.90,2.95,3.01,3.04,3.07,3.10,3.11,3.16,3.14,3.13,2.49,-1.12,-2.20,-0.08,2.73,2.60,2.75,3.14,3.47,3.58,3.57,3.51,3.49,3.51,3.46,3.37,3.13,2.81,2.51,2.24,2.22,2.28,2.36,2.44,2.58,2.77,2.99,3.22,3.45,3.63,3.69,3.62,3.61,3.59,3.59,3.62,3.66,3.70,3.73,3.74,3.71,3.69,3.67,3.64,3.63,3.63,3.65,3.64,3.60,3.53,3.46,3.34,3.27,3.30,3.38,3.45,3.51,3.55,3.55,3.58,3.62,3.65,3.66,3.79,3.81,3.79,3.76,3.76,3.73,3.74,3.75,3.74,3.66,3.59,3.57,3.62,3.71,3.74,3.77,3.81,3.85,3.85,3.82,3.79,3.77,3.88,3.92,3.94,3.96,4.01,4.08,4.13,4.15,4.21,4.21,4.21,4.24,4.32,4.35,4.31,4.28,4.30,4.39,4.38,4.38,4.39,4.41,4.45,4.49,4.51,4.53,4.54,4.51,4.48,4.44,4.41,4.44,4.36,4.26,4.24,4.29,4.26,4.25,4.27,4.35,4.38,4.43,4.46,4.46,4.44,4.44,4.40,4.32,4.27,4.14,4.10,4.13,4.13,4.15,4.21,4.24,4.19,4.14,4.09,4.04,3.99,3.94,3.89,3.83,3.80,3.81,3.78,3.77,3.79,3.82,3.88,3.86,3.85,3.85,3.82,3.68,3.60,3.52,3.41,3.34,3.34,3.34,3.34,3.31,3.30,3.33,3.36,3.36,3.44,3.50,3.51,3.48,3.46,3.43,3.40,3.35,3.29,3.21,3.18,3.14,3.04,3.07,3.08,3.09,3.08,3.08,3.07,3.05,3.03,3.01,3.00,2.98,2.98,3.00,2.91,2.79,2.74,2.77,2.86,0.74,-0.02,-0.91,-3.38,-3.39,-1.67,0.72,2.81,2.75,2.82,2.88,2.91,2.92,2.87,2.85,2.85,2.88,2.88,2.87,2.84,2.75,2.63,2.66,2.66,2.66,2.66,2.66,2.61,2.53,2.44,2.48,2.53,2.56,2.55,2.49,2.50,2.49,2.48
2.56,2.69,2.90,2.96,3.01,3.07,3.13,3.17,3.20,3.21,3.18,3.18,3.15,3.14,2.73,0.45,-1.69,-0.35,2.29,2.45,2.67,3.10,3.47,3.60,3.58,3.54,3.52,3.51,3.52,3.29,2.98,2.66,2.35,2.13,2.16,2.26,2.35,2.44,2.65,2.89,3.12,3.35,3.57,3.65,3.64,3.63,3.66,3.64,3.61,3.62,3.66,3.70,3.72,3.72,3.69,3.67,3.64,3.66,3.72,3.74,3.71,3.62,3.52,3.50,3.34,3.10,2.99,3.14,3.31,3.40,3.47,3.54,3.60,3.59,3.63,3.67,3.67,3.82,3.84,3.82,3.80,3.78,3.74,3.73,3.73,3.69,3.60,3.59,3.64,3.75,3.79,3.80,3.83,3.89,3.93,3.93,3.89,3.83,3.77,3.85,3.88,3.90,3.94,4.02,4.09,4.12,4.15,4.19,4.20,4.22,4.26,4.34,4.43,4.36,4.31,4.33,4.40,4.37,4.39,4.43,4.45,4.47,4.49,4.52,4.53,4.54,4.50,4.46,4.43,4.39,4.37,4.28,4.23,4.29,4.28,4.23,4.25,4.35,4.39,4.41,4.43,4.44,4.43,4.42,4.41,4.40,4.38,4.38,4.20,4.10,4.10,4.09,4.13,4.19,4.23,4.19,4.14,4.09,4.05,4.01,3.96,3.92,3.85,3.79,3.77,3.75,3.77,3.79,3.83,3.92,3.88,3.87,3.88,3.84,3.62,3.49,3.42,3.37,3.32,3.31,3.31,3.32,3.35,3.39,3.40,3.39,3.39,3.44,3.45,3.45,3.45,3.41,3.36,3.32,3.27,3.21,3.17,3.16,3.11,2.97,3.03,3.05,3.05,3.06,3.06,3.06,3.04,3.01,2.98,2.97,2.96,2.95,2.93,2.83,2.70,2.74,2.77,2.37,-1.83,-3.39,-3.24,-2.89,-2.84,0.53,2.82,2.75,2.75,2.86,2.92,2.94,2.91,2.91,2.89,2.89,2.92,2.89,2.88,2.86,2.81,2.65,2.65,2.62,2.59,2.59,2.64,2.64,2.58,2.47,2.39,2.43,2.48,2.49,2.44,2.46,2.46,2.45
2.63,2.73,2.84,2.93,2.99,3.05,3.17,3.25,3.30,3.28,3.22,3.21,3.20,3.18,3.04,2.34,-1.12,-1.92,-0.26,2.38,2.76,3.25,3.58,3.62,3.53,3.56,3.55,3.51,3.53,3.19,2.84,2.50,2.19,2.07,2.14,2.25,2.36,2.55,2.78,3.01,3.24,3.47,3.69,3.67,3.59,3.58,3.65,3.66,3.65,3.65,3.65,3.69,3.71,3.69,3.67,3.62,3.63,3.68,3.73,3.74,3.70,3.59,3.45,3.36,3.10,2.98,3.03,3.23,3.36,3.45,3.53,3.58,3.60,3.59,3.65,3.72,3.76,3.84,3.86,3.85,3.83,3.82,3.79,3.75,3.69,3.61,3.61,3.63,3.70,3.81,3.83,3.84,3.87,3.92,3.95,3.98,3.97,3.94,3.88,3.80,3.87,3.94,3.96,4.00,4.08,4.12,4.12,4.15,4.18,4.25,4.32,4.37,4.41,4.41,4.39,4.37,4.36,4.38,4.42,4.45,4.46,4.48,4.49,4.51,4.52,4.53,4.50,4.46,4.41,4.37,4.28,4.27,4.29,4.29,4.22,4.27,4.35,4.41,4.39,4.39,4.41,4.42,4.40,4.40,4.39,4.38,4.37,4.38,4.28,4.20,4.15,4.15,4.14,4.18,4.22,4.23,4.22,4.20,4.19,4.18,4.18,4.17,4.00,3.79,3.72,3.83,3.85,3.86,3.89,3.90,3.90,3.89,3.85,3.79,3.58,3.45,3.38,3.35,3.28,3.29,3.33,3.37,3.38,3.37,3.39,3.42,3.40,3.38,3.39,3.40,3.39,3.32,3.30,3.26,3.22,3.20,3.19,3.18,3.15,3.06,2.99,2.98,2.98,2.99,3.05,3.05,3.03,3.00,2.97,2.94,2.94,2.91,2.82,2.76,2.79,2.91,2.20,-1.42,-2.88,-3.36,-2.40,0.23,0.94,2.07,2.77,2.83,2.88,2.96,3.00,3.00,2.97,2.96,2.94,2.92,2.92,2.89,2.85,2.81,2.77,2.72,2.64,2.59,2.55,2.50,2.56,2.58,2.57,2.52,2.45,2.37,2.38,2.43,2.43,2.43,2.42,2.43
2.66,2.75,2.83,2.93,3.00,3.06,3.18,3.27,3.34,3.36,3.32,3.29,3.28,3.27,3.23,3.21,0.60,-0.77,-0.36,1.72,2.57,3.28,3.66,3.65,3.56,3.58,3.59,3.54,3.45,3.07,2.71,2.37,2.04,2.03,2.14,2.28,2.44,2.66,2.89,3.12,3.35,3.57,3.70,3.66,3.59,3.59,3.65,3.67,3.68,3.68,3.66,3.69,3.69,3.67,3.64,3.61,3.64,3.69,3.72,3.70,3.65,3.58,3.47,3.31,2.97,2.94,3.10,3.33,3.43,3.51,3.57,3.61,3.60,3.62,3.69,3.77,3.82,3.84,3.85,3.84,3.82,3.80,3.78,3.73,3.66,3.61,3.66,3.71,3.78,3.86,3.89,3.91,3.93,3.96,4.00,4.00,4.00,3.97,3.92,3.82,3.87,3.93,3.94,3.95,4.04,4.09,4.11,4.13,4.18,4.25,4.32,4.38,4.37,4.40,4.40,4.36,4.39,4.42,4.44,4.45,4.47,4.47,4.48,4.49,4.51,4.52,4.49,4.44,4.38,4.31,4.26,4.28,4.30,4.26,4.24,4.33,4.40,4.43,4.39,4.38,4.39,4.40,4.38,4.37,4.37,4.36,4.36,4.36,4.32,4.24,4.19,4.20,4.14,4.15,4.18,4.20,4.25,4.26,4.26,4.27,4.28,4.28,4.08,3.84,3.78,3.90,3.92,3.92,3.92,3.93,3.94,3.91,3.84,3.71,3.53,3.41,3.35,3.31,3.27,3.29,3.34,3.39,3.39,3.36,3.37,3.40,3.39,3.35,3.35,3.35,3.33,3.26,3.24,3.21,3.19,3.20,3.21,3.20,3.16,3.10,3.01,2.95,2.93,2.95,3.00,3.03,3.02,2.99,2.95,2.91,2.90,2.86,2.77,2.78,1.81,1.09,0.08,-3.17,-3.35,-2.24,-0.28,2.03,2.64,2.75,2.80,2.93,2.96,3.01,3.03,3.03,3.01,2.99,2.96,2.94,2.92,2.89,2.83,2.79,2.78,2.75,2.66,2.59,2.54,2.47,2.47,2.51,2.54,2.54,2.48,2.39,2.37,2.40,2.41,2.42,2.41,2.42
2.66,2.78,2.86,2.94,3.01,3.08,3.19,3.24,3.34,3.43,3.48,3.42,3.40,3.38,3.35,3.29,3.24,2.52,1.44,0.62,2.18,3.23,3.71,3.70,3.65,3.61,3.63,3.60,3.31,2.94,2.61,2.26,1.89,2.00,2.16,2.35,2.55,2.76,3.00,3.22,3.44,3.65,3.63,3.63,3.63,3.64,3.66,3.68,3.71,3.71,3.68,3.69,3.68,3.65,3.61,3.63,3.69,3.71,3.68,3.64,3.57,3.58,3.56,3.32,2.95,2.95,3.18,3.46,3.51,3.56,3.60,3.62,3.59,3.68,3.76,3.81,3.84,3.82,3.81,3.80,3.77,3.74,3.73,3.68,3.64,3.67,3.74,3.82,3.88,3.91,3.97,4.00,4.01,4.03,4.06,4.01,3.97,3.94,3.88,3.89,3.90,3.89,3.87,3.87,3.95,4.04,4.11,4.13,4.18,4.23,4.29,4.35,4.31,4.35,4.34,4.33,4.47,4.47,4.44,4.43,4.48,4.46,4.45,4.45,4.48,4.51,4.46,4.39,4.33,4.23,4.30,4.31,4.27,4.21,4.31,4.39,4.42,4.41,4.40,4.39,4.39,4.38,4.37,4.34,4.34,4.34,4.35,4.33,4.30,4.25,4.20,4.24,4.13,4.12,4.13,4.12,4.24,4.28,4.28,4.29,4.28,4.27,4.11,3.92,3.91,3.97,3.98,3.96,3.94,4.00,4.00,3.95,3.83,3.60,3.47,3.39,3.32,3.25,3.28,3.30,3.33,3.38,3.37,3.36,3.34,3.33,3.37,3.33,3.32,3.30,3.28,3.25,3.18,3.16,3.19,3.21,3.22,3.20,3.15,3.10,3.08,2.97,2.90,2.91,2.92,3.00,3.02,2.98,2.93,2.89,2.85,2.81,2.76,2.88,0.00,-2.29,-3.24,-3.33,-3.35,-0.26,2.83,2.80,2.70,2.75,2.89,3.05,3.00,3.02,3.03,3.03,3.03,3.01,2.98,2.95,2.91,2.89,2.82,2.80,2.82,2.75,2.70,2.62,2.54,2.48,2.39,2.43,2.50,2.54,2.50,2.46,2.42,2.40,2.39,2.42,2.40,2.42
2.89,2.94,2.97,2.99,3.06,3.14,3.22,3.29,3.34,3.39,3.46,3.50,3.50,3.48,3.45,3.43,3.46,3.22,2.83,2.59,3.28,3.62,3.71,3.67,3.69,3.63,3.64,3.63,3.34,2.96,2.56,2.20,1.92,2.05,2.22,2.42,2.64,2.85,3.08,3.30,3.52,3.76,3.67,3.65,3.66,3.67,3.67,3.67,3.70,3.73,3.73,3.68,3.66,3.65,3.66,3.69,3.72,3.70,3.64,3.62,3.57,3.58,3.61,3.53,3.37,3.28,3.34,3.53,3.57,3.59,3.63,3.68,3.69,3.75,3.79,3.81,3.83,3.82,3.80,3.76,3.73,3.73,3.69,3.65,3.65,3.73,3.82,3.92,3.99,4.02,4.03,4.07,4.09,4.09,4.05,4.02,3.98,3.94,3.92,3.91,3.96,3.98,3.93,3.90,3.96,4.00,4.04,4.11,4.18,4.24,4.28,4.29,4.28,4.29,4.31,4.35,4.41,4.45,4.46,4.45,4.43,4.42,4.42,4.43,4.44,4.43,4.40,4.35,4.29,4.29,4.31,4.27,4.25,4.31,4.39,4.42,4.42,4.41,4.41,4.39,4.38,4.38,4.38,4.33,4.31,4.31,4.32,4.33,4.28,4.23,4.21,4.26,4.24,4.19,4.15,4.15,4.15,4.22,4.27,4.27,4.27,4.23,4.08,3.95,3.98,3.98,3.99,3.98,3.98,4.02,4.02,3.93,3.75,3.53,3.43,3.37,3.31,3.25,3.26,3.31,3.35,3.37,3.36,3.36,3.34,3.31,3.30,3.30,3.28,3.26,3.25,3.21,3.20,3.20,3.21,3.23,3.23,3.19,3.12,3.08,3.06,3.02,2.96,2.90,2.87,2.87,2.92,2.95,2.91,2.84,2.82,2.82,2.81,2.58,-0.80,-2.95,-3.32,-3.36,-0.58,1.68,2.85,2.71,2.78,2.87,2.96,3.02,2.99,3.01,3.03,3.03,3.02,3.02,3.00,2.96,2.90,2.89,2.88,2.87,2.83,2.73,2.65,2.59,2.55,2.50,2.40,2.38,2.41,2.47,2.50,2.49,2.47,2.44,2.41,2.38,2.40,2.46
3.06,3.08,3.08,3.08,3.14,3.23,3.27,3.33,3.36,3.39,3.45,3.54,3.56,3.55,3.54,3.55,3.59,3.62,3.70,3.86,3.95,3.84,3.71,3.67,3.71,3.67,3.65,3.60,3.31,2.94,2.55,2.22,2.01,2.11,2.28,2.49,2.72,2.94,3.16,3.38,3.58,3.78,3.68,3.66,3.67,3.68,3.67,3.67,3.69,3.73,3.74,3.67,3.64,3.66,3.71,3.73,3.72,3.67,3.62,3.65,3.63,3.65,3.68,3.68,3.65,3.53,3.48,3.58,3.61,3.61,3.65,3.72,3.77,3.81,3.83,3.83,3.83,3.83,3.78,3.73,3.71,3.71,3.65,3.64,3.69,3.80,3.87,4.00,4.10,4.12,4.11,4.15,4.16,4.12,4.06,4.04,3.99,3.95,3.96,3.97,4.04,4.06,4.01,3.97,3.99,3.99,4.00,4.08,4.17,4.23,4.25,4.24,4.25,4.23,4.27,4.33,4.35,4.41,4.45,4.45,4.40,4.39,4.40,4.40,4.41,4.36,4.34,4.31,4.29,4.33,4.30,4.26,4.28,4.39,4.43,4.43,4.42,4.42,4.40,4.39,4.39,4.38,4.38,4.34,4.30,4.29,4.31,4.32,4.25,4.22,4.23,4.28,4.32,4.27,4.20,4.17,4.11,4.18,4.23,4.22,4.23,4.17,4.07,4.00,4.03,4.01,4.01,4.02,4.02,4.03,4.00,3.87,3.65,3.46,3.40,3.37,3.33,3.26,3.27,3.33,3.37,3.36,3.34,3.34,3.32,3.29,3.26,3.27,3.26,3.24,3.23,3.20,3.21,3.22,3.23,3.23,3.23,3.17,3.10,3.05,3.04,3.05,3.01,2.92,2.85,2.80,2.84,2.90,2.87,2.81,2.81,2.87,2.95,2.66,-0.57,-2.75,-3.04,-1.97,1.59,2.85,2.77,2.70,2.87,2.97,3.02,3.01,2.98,3.00,3.03,3.04,3.01,3.02,3.01,2.97,2.90,2.90,2.93,2.92,2.85,2.74,2.64,2.58,2.55,2.51,2.42,2.37,2.38,2.43,2.49,2.50,2.50,2.48,2.44,2.37,2.41,2.48
3.10,3.18,3.21,3.24,3.29,3.36,3.37,3.37,3.40,3.44,3.48,3.52,3.54,3.55,3.58,3.66,3.68,3.69,3.72,3.77,3.81,3.75,3.70,3.72,3.70,3.73,3.67,3.49,3.15,2.84,2.59,2.38,2.19,2.19,2.34,2.55,2.80,3.04,3.25,3.46,3.61,3.65,3.63,3.66,3.68,3.67,3.68,3.68,3.69,3.70,3.66,3.63,3.65,3.70,3.77,3.74,3.68,3.62,3.62,3.74,3.78,3.79,3.78,3.71,3.67,3.63,3.61,3.60,3.61,3.61,3.66,3.74,3.80,3.85,3.88,3.88,3.82,3.81,3.76,3.71,3.70,3.65,3.61,3.67,3.80,3.90,3.89,4.05,4.20,4.20,4.22,4.25,4.21,4.12,4.09,4.07,4.02,3.97,3.97,4.08,4.14,4.15,4.12,4.10,4.06,4.02,4.01,4.04,4.15,4.18,4.19,4.20,4.20,4.17,4.18,4.23,4.27,4.34,4.40,4.43,4.41,4.38,4.37,4.37,4.37,4.34,4.28,4.29,4.34,4.34,4.26,4.29,4.38,4.44,4.41,4.41,4.41,4.41,4.39,4.40,4.39,4.38,4.39,4.37,4.32,4.31,4.35,4.30,4.25,4.23,4.25,4.30,4.35,4.36,4.31,4.20,4.14,4.14,4.14,4.14,4.14,4.08,4.08,4.08,4.03,4.05,4.07,4.08,4.06,4.02,3.90,3.73,3.54,3.39,3.41,3.42,3.38,3.30,3.33,3.37,3.38,3.37,3.33,3.30,3.29,3.28,3.24,3.23,3.24,3.25,3.24,3.22,3.21,3.22,3.22,3.20,3.19,3.14,3.08,3.04,3.02,3.02,3.02,3.00,2.88,2.84,2.83,2.83,2.81,2.82,2.85,2.98,3.25,3.40,1.35,-1.27,-2.36,1.80,2.60,2.74,2.72,2.86,2.99,3.03,3.04,3.04,2.99,3.00,3.02,3.04,3.02,3.01,3.01,2.98,2.91,2.94,2.96,2.94,2.88,2.80,2.71,2.61,2.53,2.51,2.47,2.43,2.42,2.43,2.48,2.50,2.50,2.49,2.46,2.42,2.43,2.45
3.20,3.27,3.31,3.33,3.39,3.45,3.46,3.48,3.51,3.53,3.55,3.53,3.54,3.57,3.62,3.67,3.69,3.71,3.73,3.75,3.77,3.74,3.73,3.76,3.70,3.74,3.64,3.39,3.10,2.84,2.63,2.46,2.32,2.27,2.42,2.64,2.87,3.11,3.34,3.55,3.69,3.66,3.65,3.67,3.70,3.71,3.69,3.68,3.68,3.67,3.65,3.67,3.72,3.75,3.76,3.70,3.66,3.61,3.60,3.84,3.86,3.86,3.84,3.77,3.73,3.70,3.68,3.65,3.62,3.62,3.67,3.75,3.82,3.86,3.90,3.91,3.82,3.81,3.75,3.70,3.67,3.63,3.67,3.77,3.88,3.95,3.95,4.03,4.13,4.20,4.28,4.31,4.28,4.18,4.09,4.08,4.06,4.05,4.05,4.12,4.16,4.17,4.15,4.15,4.14,4.11,4.07,4.05,4.13,4.15,4.15,4.16,4.15,4.11,4.10,4.15,4.20,4.27,4.35,4.40,4.40,4.36,4.35,4.34,4.32,4.28,4.28,4.30,4.32,4.26,4.29,4.33,4.39,4.43,4.42,4.41,4.41,4.40,4.38,4.39,4.39,4.38,4.38,4.37,4.34,4.34,4.35,4.26,4.24,4.26,4.28,4.33,4.36,4.37,4.34,4.27,4.21,4.14,4.11,4.14,4.17,4.10,4.10,4.11,4.05,4.08,4.09,4.07,4.01,3.90,3.76,3.61,3.47,3.40,3.40,3.42,3.41,3.34,3.36,3.36,3.35,3.34,3.31,3.27,3.25,3.24,3.21,3.19,3.22,3.24,3.22,3.18,3.20,3.21,3.19,3.14,3.13,3.11,3.08,3.06,3.01,3.01,3.01,2.97,2.88,2.82,2.83,2.87,2.88,2.91,2.96,3.06,3.23,3.47,2.45,0.97,0.27,2.70,2.82,2.79,2.84,2.98,3.02,3.07,3.10,3.09,2.97,2.97,3.01,3.05,3.02,3.00,3.00,2.98,2.95,3.00,2.99,2.96,2.92,2.86,2.79,2.70,2.61,2.53,2.47,2.42,2.40,2.40,2.40,2.42,2.46,2.49,2.50,2.51,2.49,2.48
3.31,3.36,3.40,3.42,3.47,3.54,3.54,3.60,3.62,3.64,3.65,3.58,3.57,3.60,3.66,3.67,3.69,3.72,3.74,3.75,3.77,3.76,3.77,3.79,3.71,3.74,3.60,3.32,3.10,2.89,2.69,2.52,2.41,2.36,2.52,2.73,2.94,3.19,3.42,3.64,3.77,3.71,3.69,3.70,3.73,3.75,3.72,3.69,3.67,3.66,3.66,3.74,3.78,3.79,3.74,3.67,3.68,3.64,3.59,3.90,3.91,3.89,3.88,3.82,3.79,3.75,3.73,3.73,3.65,3.64,3.68,3.75,3.82,3.85,3.91,3.92,3.82,3.80,3.75,3.68,3.63,3.63,3.75,3.86,3.94,3.99,4.02,4.01,4.04,4.18,4.30,4.33,4.32,4.25,4.10,4.08,4.10,4.13,4.12,4.15,4.16,4.16,4.15,4.16,4.20,4.18,4.13,4.07,4.12,4.13,4.12,4.12,4.12,4.07,4.05,4.09,4.14,4.21,4.30,4.37,4.37,4.35,4.34,4.32,4.27,4.24,4.29,4.31,4.28,4.20,4.33,4.37,4.38,4.41,4.43,4.41,4.40,4.39,4.37,4.37,4.38,4.39,4.36,4.37,4.37,4.37,4.34,4.23,4.25,4.29,4.32,4.36,4.37,4.37,4.35,4.33,4.29,4.16,4.11,4.16,4.22,4.14,4.11,4.10,4.07,4.10,4.08,4.02,3.91,3.74,3.62,3.50,3.42,3.43,3.40,3.41,3.42,3.37,3.37,3.33,3.30,3.29,3.28,3.25,3.22,3.20,3.17,3.16,3.19,3.21,3.18,3.13,3.17,3.18,3.13,3.09,3.07,3.07,3.08,3.07,3.00,3.01,2.99,2.93,2.87,2.80,2.84,2.94,2.97,3.01,3.07,3.11,3.13,3.33,3.13,2.95,2.86,2.78,2.82,2.89,2.99,3.08,3.03,3.08,3.13,3.12,2.96,2.96,3.01,3.06,3.03,3.00,2.99,3.00,3.01,3.05,3.01,2.98,2.95,2.90,2.85,2.79,2.69,2.55,2.45,2.38,2.36,2.37,2.32,2.34,2.39,2.47,2.54,2.58,2.56,2.54
3.40,3.46,3.50,3.50,3.54,3.62,3.62,3.63,3.68,3.74,3.80,3.74,3.71,3.71,3.72,3.71,3.74,3.76,3.78,3.79,3.80,3.82,3.83,3.81,3.79,3.76,3.63,3.42,3.22,3.02,2.82,2.62,2.42,2.45,2.62,2.84,3.05,3.29,3.51,3.66,3.72,3.70,3.73,3.74,3.76,3.77,3.77,3.72,3.69,3.70,3.74,3.77,3.78,3.76,3.73,3.70,3.78,3.77,3.65,3.82,3.88,3.89,3.85,3.78,3.78,3.75,3.75,3.81,3.71,3.70,3.71,3.73,3.78,3.81,3.83,3.84,3.82,3.75,3.68,3.62,3.59,3.72,3.81,3.88,3.94,4.00,4.04,4.07,4.12,4.19,4.26,4.26,4.25,4.23,4.15,4.09,4.09,4.13,4.14,4.15,4.16,4.16,4.17,4.18,4.19,4.17,4.14,4.11,4.12,4.14,4.14,4.10,4.14,4.13,4.09,4.06,4.12,4.17,4.25,4.33,4.35,4.33,4.31,4.27,4.24,4.28,4.29,4.27,4.26,4.31,4.37,4.39,4.38,4.38,4.40,4.41,4.40,4.39,4.36,4.35,4.35,4.36,4.38,4.40,4.38,4.36,4.34,4.27,4.29,4.32,4.34,4.37,4.37,4.37,4.35,4.29,4.31,4.19,4.14,4.18,4.22,4.11,4.02,3.99,4.04,4.07,4.01,3.88,3.72,3.57,3.51,3.45,3.42,3.46,3.45,3.43,3.41,3.39,3.31,3.28,3.26,3.25,3.24,3.21,3.21,3.21,3.20,3.19,3.19,3.17,3.12,3.06,3.10,3.09,3.03,3.04,3.05,3.05,3.05,3.03,2.95,2.97,2.97,2.91,2.86,2.80,2.83,2.93,2.99,3.04,3.09,3.09,3.05,3.05,2.95,2.85,2.79,2.83,2.87,2.98,3.10,3.14,3.01,2.98,2.98,3.00,2.97,3.03,3.07,3.08,3.05,3.02,3.04,3.09,3.15,3.09,3.02,2.94,2.86,2.81,2.78,2.73,2.65,2.52,2.41,2.36,2.35,2.36,2.34,2.31,2.34,2.42,2.55,2.62,2.64,2.62
3.50,3.55,3.58,3.58,3.62,3.68,3.69,3.67,3.73,3.82,3.87,3.80,3.77,3.79,3.82,3.85,3.85,3.85,3.85,3.81,3.82,3.86,3.87,3.81,3.83,3.79,3.68,3.51,3.33,3.14,2.95,2.73,2.46,2.53,2.70,2.90,3.12,3.34,3.57,3.69,3.71,3.71,3.76,3.78,3.78,3.79,3.78,3.74,3.73,3.76,3.78,3.78,3.76,3.74,3.74,3.78,3.83,3.82,3.75,3.78,3.86,3.88,3.83,3.77,3.77,3.77,3.81,3.88,3.78,3.74,3.73,3.74,3.75,3.76,3.77,3.78,3.76,3.69,3.65,3.63,3.66,3.79,3.85,3.90,3.95,4.01,4.06,4.10,4.14,4.18,4.23,4.19,4.18,4.20,4.14,4.12,4.13,4.14,4.15,4.16,4.16,4.17,4.18,4.20,4.19,4.18,4.17,4.16,4.15,4.17,4.17,4.12,4.13,4.13,4.12,4.09,4.09,4.12,4.20,4.29,4.32,4.31,4.27,4.24,4.24,4.28,4.25,4.25,4.29,4.37,4.37,4.38,4.38,4.37,4.39,4.40,4.40,4.39,4.37,4.33,4.34,4.36,4.39,4.43,4.42,4.39,4.36,4.29,4.32,4.35,4.37,4.38,4.38,4.38,4.35,4.26,4.27,4.19,4.14,4.16,4.18,4.06,3.96,3.93,3.94,3.98,3.89,3.72,3.55,3.47,3.45,3.45,3.45,3.48,3.48,3.43,3.35,3.24,3.24,3.23,3.22,3.20,3.20,3.19,3.20,3.22,3.24,3.23,3.18,3.13,3.09,3.03,3.07,3.06,3.02,3.02,3.03,3.02,3.01,2.99,2.91,2.93,2.93,2.87,2.81,2.79,2.85,2.95,3.02,3.07,3.09,3.07,2.99,2.90,2.82,2.78,2.78,2.86,2.94,3.05,3.13,3.13,2.99,2.92,2.91,2.94,2.96,3.03,3.06,3.06,3.05,3.04,3.09,3.17,3.22,3.10,2.99,2.88,2.78,2.73,2.71,2.67,2.60,2.49,2.39,2.37,2.40,2.45,2.47,2.41,2.36,2.38,2.53,2.63,2.69,2.71
3.60,3.65,3.66,3.67,3.69,3.73,3.75,3.71,3.79,3.87,3.86,3.79,3.78,3.85,3.96,4.06,4.00,3.97,3.93,3.81,3.84,3.89,3.88,3.80,3.84,3.83,3.75,3.60,3.44,3.26,3.08,2.84,2.52,2.60,2.76,2.95,3.16,3.37,3.60,3.72,3.74,3.75,3.79,3.81,3.81,3.79,3.74,3.74,3.78,3.82,3.80,3.78,3.73,3.71,3.77,3.90,3.84,3.82,3.87,3.78,3.84,3.86,3.83,3.79,3.77,3.83,3.91,3.95,3.86,3.76,3.74,3.76,3.73,3.72,3.73,3.72,3.65,3.64,3.63,3.68,3.79,3.85,3.88,3.92,3.98,4.04,4.07,4.10,4.13,4.16,4.19,4.13,4.11,4.14,4.10,4.17,4.19,4.17,4.16,4.16,4.17,4.19,4.20,4.22,4.21,4.20,4.21,4.20,4.20,4.22,4.22,4.15,4.10,4.08,4.13,4.18,4.06,4.06,4.16,4.26,4.29,4.31,4.24,4.22,4.28,4.25,4.19,4.25,4.37,4.40,4.36,4.35,4.36,4.37,4.38,4.39,4.40,4.39,4.37,4.33,4.34,4.38,4.40,4.46,4.46,4.45,4.41,4.31,4.34,4.38,4.39,4.37,4.38,4.40,4.35,4.23,4.18,4.15,4.12,4.11,4.09,3.99,3.93,3.89,3.79,3.85,3.74,3.56,3.38,3.42,3.43,3.47,3.51,3.48,3.48,3.42,3.25,2.97,3.16,3.20,3.19,3.16,3.16,3.17,3.18,3.22,3.28,3.27,3.18,3.11,3.09,3.02,3.06,3.09,3.07,3.01,3.00,2.99,2.97,2.96,2.88,2.90,2.89,2.82,2.72,2.79,2.89,2.99,3.06,3.08,3.07,3.03,2.96,2.83,2.73,2.73,2.82,2.88,3.03,3.10,3.12,3.07,2.96,2.89,2.89,2.92,2.94,3.00,3.02,3.02,3.04,3.07,3.16,3.23,3.24,3.09,2.94,2.80,2.69,2.66,2.64,2.59,2.53,2.46,2.39,2.42,2.51,2.60,2.68,2.59,2.43,2.34,2.49,2.62,2.72,2.79
3.70,3.74,3.73,3.74,3.76,3.79,3.78,3.76,3.82,3.89,3.87,3.81,3.83,3.91,4.01,4.02,4.03,4.03,4.01,3.95,3.90,3.91,3.90,3.83,3.84,3.78,3.69,3.58,3.46,3.33,3.17,2.97,2.77,2.85,2.96,3.08,3.22,3.40,3.61,3.72,3.77,3.81,3.86,3.86,3.83,3.78,3.77,3.81,3.82,3.81,3.77,3.75,3.77,3.80,3.83,3.92,3.88,3.84,3.83,3.82,3.85,3.86,3.84,3.82,3.84,3.86,3.90,3.97,3.94,3.86,3.79,3.73,3.71,3.69,3.67,3.65,3.64,3.65,3.75,3.83,3.85,3.88,3.90,3.94,4.00,4.05,4.08,4.10,4.14,4.17,4.16,4.14,4.14,4.14,4.12,4.19,4.20,4.19,4.18,4.18,4.19,4.20,4.21,4.22,4.21,4.21,4.21,4.21,4.25,4.30,4.30,4.24,4.10,4.12,4.13,4.10,4.12,4.13,4.20,4.26,4.25,4.23,4.22,4.23,4.24,4.22,4.26,4.33,4.39,4.38,4.36,4.34,4.34,4.35,4.35,4.37,4.37,4.36,4.34,4.35,4.36,4.39,4.44,4.43,4.45,4.46,4.45,4.34,4.32,4.34,4.36,4.35,4.36,4.34,4.28,4.19,4.14,4.10,4.10,4.11,4.04,4.03,3.94,3.83,3.76,3.75,3.62,3.46,3.38,3.44,3.50,3.54,3.56,3.53,3.30,3.15,3.04,2.92,3.02,3.11,3.15,3.14,3.13,3.15,3.17,3.19,3.21,3.26,3.23,3.15,3.04,3.02,3.04,3.06,3.06,3.01,2.99,2.96,2.93,2.92,2.90,2.84,2.79,2.78,2.81,2.88,2.95,3.02,3.09,3.08,3.05,2.99,2.91,2.79,2.77,2.87,3.03,3.07,3.11,3.13,3.12,3.09,3.01,2.95,2.93,2.94,2.96,3.00,3.01,3.00,3.03,3.04,3.08,3.13,3.14,3.06,2.94,2.80,2.69,2.64,2.61,2.56,2.49,2.42,2.53,2.58,2.61,2.65,2.72,2.72,2.63,2.51,2.48,2.60,2.73,2.83
3.72,3.77,3.78,3.81,3.83,3.83,3.80,3.80,3.86,3.91,3.88,3.85,3.89,3.97,4.04,3.99,4.04,4.07,4.07,4.00,3.94,3.91,3.89,3.85,3.84,3.75,3.66,3.57,3.47,3.37,3.24,3.09,2.96,3.06,3.14,3.22,3.32,3.47,3.64,3.74,3.80,3.88,3.92,3.89,3.85,3.80,3.83,3.86,3.84,3.79,3.74,3.75,3.81,3.86,3.87,3.91,3.89,3.85,3.80,3.84,3.85,3.85,3.84,3.83,3.88,3.88,3.90,3.98,3.98,3.92,3.81,3.71,3.70,3.66,3.63,3.61,3.64,3.69,3.83,3.91,3.89,3.90,3.92,3.97,4.02,4.05,4.08,4.11,4.14,4.16,4.15,4.15,4.15,4.15,4.15,4.20,4.22,4.21,4.22,4.22,4.22,4.22,4.24,4.25,4.23,4.23,4.24,4.23,4.31,4.36,4.38,4.32,4.19,4.19,4.16,4.10,4.16,4.17,4.20,4.22,4.20,4.19,4.21,4.23,4.24,4.24,4.32,4.38,4.39,4.36,4.36,4.34,4.32,4.32,4.33,4.34,4.34,4.34,4.33,4.36,4.38,4.41,4.47,4.43,4.43,4.45,4.44,4.34,4.30,4.32,4.35,4.33,4.32,4.28,4.21,4.13,4.09,4.05,4.05,4.06,3.97,3.98,3.90,3.77,3.70,3.67,3.55,3.43,3.37,3.47,3.55,3.59,3.58,3.53,3.15,2.97,2.93,2.94,2.98,3.06,3.11,3.12,3.12,3.16,3.18,3.19,3.19,3.24,3.25,3.17,3.03,3.02,3.01,3.03,3.04,3.01,2.98,2.94,2.90,2.89,2.86,2.79,2.76,2.79,2.89,2.96,3.01,3.04,3.07,3.04,2.99,2.93,2.86,2.77,2.81,2.95,3.12,3.14,3.13,3.12,3.12,3.11,3.03,3.00,2.98,2.96,2.97,2.99,3.00,3.01,3.02,3.01,3.01,3.02,3.03,3.00,2.90,2.79,2.68,2.62,2.59,2.52,2.46,2.43,2.60,2.66,2.67,2.70,2.76,2.81,2.78,2.67,2.56,2.63,2.76,2.88
3.62,3.69,3.80,3.87,3.89,3.86,3.83,3.83,3.88,3.91,3.88,3.89,3.95,4.02,4.06,4.00,4.00,4.06,4.08,3.94,3.93,3.89,3.86,3.85,3.85,3.76,3.67,3.57,3.47,3.37,3.27,3.16,3.08,3.19,3.30,3.39,3.49,3.59,3.71,3.79,3.85,3.94,3.94,3.89,3.85,3.87,3.92,3.88,3.82,3.76,3.74,3.81,3.85,3.86,3.88,3.86,3.87,3.85,3.82,3.81,3.84,3.84,3.83,3.84,3.88,3.89,3.91,3.94,3.99,3.93,3.82,3.71,3.69,3.63,3.62,3.63,3.65,3.77,3.84,3.88,3.90,3.92,3.95,3.99,4.03,4.06,4.08,4.11,4.13,4.13,4.16,4.14,4.15,4.18,4.18,4.22,4.24,4.24,4.26,4.29,4.25,4.25,4.30,4.29,4.27,4.27,4.29,4.28,4.38,4.42,4.42,4.40,4.39,4.32,4.25,4.19,4.16,4.16,4.13,4.11,4.17,4.22,4.21,4.22,4.28,4.33,4.38,4.39,4.37,4.37,4.35,4.33,4.31,4.30,4.30,4.31,4.31,4.32,4.36,4.36,4.38,4.42,4.47,4.46,4.44,4.39,4.34,4.30,4.29,4.32,4.35,4.33,4.29,4.21,4.12,4.03,4.02,4.00,3.98,3.95,3.86,3.79,3.77,3.73,3.59,3.59,3.58,3.50,3.38,3.49,3.58,3.62,3.59,3.48,3.06,2.92,2.96,3.07,3.09,3.07,3.07,3.10,3.16,3.19,3.21,3.23,3.23,3.23,3.21,3.17,3.10,3.02,3.00,3.00,3.01,3.00,2.97,2.93,2.88,2.85,2.72,2.75,2.82,2.89,2.95,3.03,3.06,3.05,2.99,2.93,2.88,2.84,2.81,2.77,2.83,2.95,3.05,3.06,3.05,3.06,3.09,3.13,3.01,3.05,3.06,2.97,2.94,2.95,3.00,3.05,3.03,2.98,2.93,2.90,2.90,2.87,2.83,2.75,2.66,2.59,2.57,2.50,2.44,2.49,2.56,2.62,2.68,2.74,2.80,2.85,2.87,2.84,2.75,2.73,2.81,2.91
3.57,3.63,3.69,3.78,3.84,3.87,3.86,3.86,3.90,3.93,3.93,3.94,4.00,4.05,4.06,4.00,4.00,4.04,4.04,3.89,3.92,3.87,3.84,3.88,3.79,3.70,3.60,3.50,3.40,3.31,3.22,3.17,3.17,3.28,3.39,3.49,3.59,3.69,3.80,3.88,3.96,4.01,3.97,3.94,3.94,3.95,3.92,3.85,3.78,3.75,3.80,3.85,3.86,3.85,3.85,3.86,3.86,3.82,3.78,3.81,3.84,3.85,3.84,3.84,3.85,3.88,3.89,3.89,3.92,3.87,3.79,3.69,3.63,3.62,3.61,3.66,3.80,3.86,3.88,3.89,3.89,3.92,3.95,4.00,4.06,4.11,4.12,4.14,4.17,4.18,4.18,4.17,4.19,4.22,4.24,4.25,4.26,4.28,4.31,4.34,4.29,4.26,4.29,4.29,4.29,4.30,4.32,4.32,4.42,4.48,4.49,4.46,4.45,4.41,4.34,4.26,4.20,4.19,4.15,4.13,4.18,4.20,4.19,4.22,4.31,4.36,4.39,4.38,4.36,4.35,4.34,4.32,4.29,4.27,4.28,4.29,4.31,4.33,4.34,4.35,4.37,4.41,4.46,4.46,4.42,4.37,4.31,4.28,4.28,4.31,4.33,4.29,4.22,4.13,4.06,4.04,3.99,3.95,3.91,3.85,3.77,3.67,3.62,3.57,3.48,3.44,3.48,3.49,3.43,3.43,3.50,3.52,3.50,3.41,3.07,2.98,3.02,3.09,3.09,3.08,3.08,3.09,3.13,3.15,3.17,3.19,3.20,3.21,3.20,3.16,3.12,3.08,3.04,3.02,3.01,3.01,2.97,2.88,2.79,2.76,2.73,2.80,2.88,2.94,2.98,3.04,3.03,2.98,2.91,2.81,2.75,2.74,2.76,2.77,2.80,2.87,2.95,2.99,2.99,3.01,3.07,3.12,3.02,3.01,3.00,2.95,2.93,2.96,3.01,3.04,3.01,2.98,2.91,2.83,2.77,2.74,2.73,2.66,2.58,2.57,2.55,2.53,2.53,2.55,2.59,2.65,2.72,2.79,2.84,2.87,2.88,2.88,2.86,2.86,2.94,3.02
3.56,3.58,3.57,3.67,3.77,3.85,3.85,3.87,3.91,3.95,3.98,3.99,4.05,4.08,4.06,4.01,4.02,4.03,4.00,3.86,3.91,3.85,3.84,3.91,3.74,3.62,3.52,3.43,3.33,3.24,3.18,3.18,3.25,3.36,3.47,3.58,3.69,3.79,3.89,3.99,4.07,4.09,4.02,4.02,4.04,4.02,3.90,3.81,3.76,3.77,3.86,3.86,3.85,3.84,3.83,3.86,3.84,3.79,3.76,3.80,3.85,3.86,3.85,3.84,3.83,3.85,3.86,3.83,3.83,3.81,3.75,3.66,3.58,3.63,3.64,3.71,3.92,3.93,3.92,3.90,3.89,3.91,3.95,4.01,4.08,4.15,4.16,4.18,4.21,4.22,4.20,4.22,4.25,4.27,4.32,4.29,4.30,4.32,4.34,4.36,4.32,4.28,4.29,4.31,4.31,4.33,4.36,4.37,4.46,4.52,4.53,4.50,4.47,4.46,4.40,4.30,4.21,4.21,4.18,4.17,4.20,4.16,4.16,4.23,4.34,4.36,4.38,4.37,4.35,4.34,4.33,4.31,4.28,4.25,4.26,4.27,4.31,4.35,4.31,4.32,4.35,4.40,4.45,4.45,4.41,4.36,4.31,4.27,4.27,4.29,4.29,4.23,4.13,4.05,4.03,4.05,3.96,3.91,3.84,3.75,3.68,3.57,3.48,3.42,3.38,3.32,3.41,3.49,3.48,3.38,3.40,3.42,3.40,3.34,3.12,3.06,3.09,3.09,3.07,3.09,3.09,3.08,3.09,3.11,3.12,3.14,3.15,3.18,3.17,3.15,3.12,3.15,3.09,3.04,3.01,2.99,2.94,2.82,2.71,2.68,2.58,2.79,2.97,2.99,2.99,3.02,2.97,2.89,2.83,2.72,2.67,2.70,2.77,2.80,2.78,2.79,2.84,2.91,2.93,2.98,3.04,3.10,3.01,2.95,2.92,2.91,2.93,2.98,3.02,3.03,2.99,2.99,2.89,2.76,2.66,2.64,2.63,2.58,2.52,2.56,2.55,2.58,2.62,2.61,2.64,2.70,2.77,2.83,2.88,2.89,2.88,2.89,2.95,2.98,3.07,3.13
3.60,3.55,3.55,3.63,3.70,3.74,3.73,3.81,3.88,3.94,4.02,4.04,4.09,4.11,4.08,4.07,4.07,4.03,3.95,3.88,3.88,3.87,3.87,3.89,3.72,3.57,3.45,3.35,3.25,3.21,3.22,3.26,3.34,3.44,3.55,3.66,3.77,3.87,3.98,4.08,4.15,4.18,4.16,4.13,4.09,4.02,3.86,3.82,3.81,3.82,3.83,3.83,3.83,3.83,3.81,3.81,3.77,3.76,3.80,3.80,3.86,3.88,3.86,3.86,3.84,3.83,3.80,3.76,3.76,3.76,3.70,3.62,3.62,3.68,3.75,3.82,3.90,3.93,3.93,3.93,3.93,3.93,3.97,4.02,4.09,4.15,4.19,4.22,4.23,4.22,4.26,4.30,4.34,4.38,4.41,4.36,4.35,4.36,4.35,4.33,4.32,4.32,4.32,4.39,4.42,4.44,4.45,4.44,4.46,4.49,4.50,4.48,4.46,4.42,4.36,4.25,4.10,4.17,4.19,4.19,4.21,4.15,4.18,4.26,4.34,4.35,4.36,4.35,4.33,4.32,4.29,4.28,4.28,4.26,4.27,4.30,4.34,4.36,4.30,4.27,4.31,4.38,4.45,4.44,4.42,4.39,4.35,4.30,4.28,4.25,4.20,4.11,4.03,4.01,4.02,4.00,3.95,3.88,3.79,3.68,3.58,3.50,3.43,3.37,3.33,3.38,3.50,3.55,3.49,3.41,3.35,3.35,3.37,3.31,3.19,3.13,3.09,3.04,3.08,3.09,3.08,3.06,3.07,3.07,3.08,3.09,3.11,3.13,3.13,3.10,3.07,3.14,3.11,3.06,3.00,2.89,2.80,2.72,2.70,2.71,1.72,2.48,3.13,3.09,2.97,2.95,2.90,2.82,2.71,2.70,2.77,2.87,2.94,2.88,2.82,2.77,2.75,2.81,2.89,2.95,2.99,3.06,2.94,2.89,2.87,2.88,2.95,3.00,3.04,3.04,2.97,2.95,2.85,2.73,2.63,2.64,2.58,2.55,2.58,2.59,2.63,2.68,2.69,2.67,2.70,2.75,2.81,2.87,2.89,2.88,2.89,2.92,2.98,3.04,3.13,3.21
3.63,3.59,3.59,3.63,3.65,3.65,3.68,3.77,3.85,3.91,3.98,4.03,4.10,4.13,4.13,4.13,4.11,4.01,3.91,3.89,3.84,3.85,3.87,3.85,3.70,3.52,3.38,3.28,3.23,3.24,3.28,3.35,3.42,3.53,3.63,3.74,3.85,3.97,4.10,4.22,4.29,4.30,4.28,4.22,4.13,4.01,3.84,3.83,3.84,3.84,3.81,3.80,3.80,3.80,3.78,3.74,3.71,3.73,3.80,3.83,3.89,3.89,3.86,3.82,3.81,3.80,3.77,3.72,3.73,3.73,3.69,3.63,3.64,3.76,3.83,3.87,3.90,3.92,3.94,3.95,3.94,3.93,3.98,4.04,4.10,4.15,4.20,4.22,4.23,4.24,4.30,4.35,4.42,4.48,4.47,4.40,4.38,4.39,4.39,4.35,4.34,4.35,4.39,4.46,4.49,4.49,4.47,4.45,4.46,4.46,4.45,4.44,4.43,4.38,4.30,4.20,4.10,4.17,4.19,4.19,4.21,4.17,4.21,4.27,4.33,4.34,4.35,4.34,4.32,4.30,4.28,4.26,4.26,4.26,4.27,4.30,4.33,4.34,4.30,4.22,4.24,4.33,4.41,4.41,4.40,4.39,4.37,4.29,4.24,4.17,4.08,4.03,4.00,3.99,3.97,3.92,3.88,3.81,3.71,3.60,3.51,3.44,3.39,3.36,3.35,3.44,3.55,3.60,3.53,3.44,3.34,3.32,3.33,3.27,3.17,3.10,3.06,3.03,3.07,3.09,3.07,3.04,3.03,3.02,3.03,3.04,3.06,3.08,3.09,3.07,3.04,3.05,3.07,3.02,2.92,2.81,2.72,2.71,2.18,0.72,-0.12,0.55,1.90,3.17,2.96,2.88,2.81,2.74,2.71,2.76,2.86,2.96,3.03,2.95,2.86,2.75,2.68,2.73,2.79,2.89,2.97,2.98,2.86,2.82,2.84,2.89,2.96,3.00,3.01,2.99,2.94,2.92,2.82,2.70,2.60,2.59,2.54,2.53,2.58,2.63,2.73,2.76,2.75,2.73,2.74,2.80,2.86,2.90,2.89,2.89,2.91,2.96,3.01,3.08,3.20,3.30
3.65,3.68,3.66,3.65,3.62,3.59,3.67,3.76,3.81,3.85,3.89,4.00,4.09,4.15,4.19,4.19,4.12,3.99,3.88,3.90,3.79,3.82,3.84,3.79,3.66,3.48,3.32,3.23,3.25,3.30,3.36,3.43,3.50,3.61,3.72,3.82,3.94,4.06,4.25,4.39,4.46,4.45,4.38,4.30,4.17,3.99,3.85,3.85,3.86,3.84,3.80,3.78,3.77,3.77,3.75,3.66,3.66,3.71,3.77,3.88,3.92,3.91,3.85,3.75,3.76,3.77,3.75,3.71,3.73,3.71,3.69,3.68,3.66,3.86,3.90,3.87,3.91,3.90,3.94,3.96,3.95,3.94,3.99,4.06,4.12,4.15,4.21,4.20,4.21,4.27,4.31,4.38,4.48,4.55,4.49,4.43,4.40,4.41,4.43,4.39,4.36,4.38,4.47,4.52,4.54,4.51,4.47,4.43,4.45,4.43,4.40,4.39,4.38,4.32,4.23,4.15,4.17,4.18,4.18,4.18,4.20,4.23,4.24,4.26,4.31,4.33,4.35,4.34,4.30,4.28,4.27,4.25,4.24,4.26,4.28,4.29,4.30,4.31,4.30,4.17,4.17,4.26,4.36,4.37,4.36,4.36,4.36,4.25,4.17,4.06,3.96,3.97,4.02,3.99,3.91,3.83,3.78,3.70,3.60,3.51,3.45,3.41,3.37,3.35,3.40,3.49,3.58,3.62,3.59,3.46,3.36,3.31,3.28,3.22,3.09,3.02,3.01,3.04,3.06,3.07,3.06,3.03,2.99,2.98,2.98,2.99,3.01,3.03,3.05,3.05,3.03,2.93,2.99,2.93,2.79,2.76,2.68,2.70,1.32,-2.38,-2.47,-2.27,-0.12,3.24,2.93,2.82,2.71,2.66,2.76,2.86,2.94,3.01,3.07,3.01,2.90,2.75,2.63,2.67,2.64,2.81,2.96,2.89,2.78,2.76,2.82,2.93,2.97,2.97,2.96,2.93,2.92,2.89,2.79,2.68,2.59,2.51,2.51,2.52,2.56,2.68,2.82,2.84,2.80,2.79,2.79,2.84,2.90,2.92,2.89,2.91,2.95,2.99,3.04,3.12,3.26,3.38
3.68,3.68,3.66,3.65,3.67,3.72,3.77,3.76,3.77,3.80,3.85,3.97,4.00,4.00,4.02,4.09,4.03,3.95,3.87,3.84,3.84,3.86,3.86,3.81,3.66,3.49,3.35,3.29,3.35,3.40,3.45,3.51,3.58,3.68,3.79,3.94,4.11,4.30,4.47,4.56,4.60,4.58,4.52,4.39,4.21,4.02,3.90,3.84,3.84,3.85,3.82,3.78,3.75,3.72,3.66,3.68,3.69,3.74,3.83,3.93,3.91,3.85,3.79,3.74,3.75,3.77,3.76,3.71,3.64,3.67,3.70,3.74,3.81,3.88,3.88,3.87,3.92,3.94,3.95,3.96,3.96,3.95,4.02,4.10,4.16,4.18,4.21,4.20,4.20,4.24,4.33,4.40,4.45,4.48,4.48,4.44,4.39,4.35,4.38,4.36,4.39,4.43,4.47,4.48,4.52,4.52,4.48,4.43,4.42,4.42,4.41,4.36,4.32,4.24,4.18,4.18,4.20,4.18,4.13,4.12,4.24,4.26,4.25,4.24,4.23,4.27,4.33,4.33,4.29,4.26,4.24,4.24,4.24,4.23,4.26,4.29,4.30,4.29,4.28,4.16,4.13,4.20,4.31,4.31,4.31,4.29,4.23,4.14,4.03,4.00,4.00,3.96,3.95,3.91,3.84,3.76,3.70,3.62,3.54,3.46,3.42,3.38,3.36,3.36,3.41,3.48,3.51,3.55,3.58,3.43,3.34,3.28,3.23,3.17,3.04,3.00,3.02,3.04,3.04,3.06,3.06,3.03,2.99,2.96,2.94,2.95,2.96,2.99,3.02,3.01,2.96,2.87,2.84,2.75,2.65,2.72,2.76,1.24,-0.79,-2.19,-2.30,-2.34,-0.37,3.00,2.83,2.76,2.73,2.76,2.90,2.92,2.99,3.05,3.08,3.05,2.99,2.87,2.72,2.65,2.65,2.69,2.76,2.79,2.75,2.81,2.89,2.95,2.98,2.91,2.88,2.89,2.89,2.84,2.74,2.64,2.55,2.50,2.52,2.54,2.55,2.66,2.78,2.84,2.85,2.85,2.84,2.88,2.91,2.90,2.91,2.94,2.99,3.03,3.07,3.15,3.31,3.43
3.69,3.68,3.67,3.65,3.70,3.79,3.86,3.77,3.75,3.78,3.84,3.94,3.94,3.93,3.94,4.01,3.98,3.93,3.88,3.80,3.88,3.91,3.88,3.78,3.63,3.48,3.38,3.34,3.42,3.47,3.52,3.59,3.66,3.79,3.94,4.11,4.33,4.54,4.67,4.73,4.73,4.72,4.65,4.48,4.27,4.07,3.94,3.86,3.83,3.85,3.84,3.79,3.72,3.67,3.63,3.68,3.70,3.76,3.85,3.94,3.89,3.82,3.76,3.73,3.75,3.76,3.75,3.69,3.61,3.66,3.73,3.80,3.89,3.88,3.86,3.87,3.94,3.97,3.98,3.98,3.98,3.97,4.05,4.12,4.17,4.19,4.20,4.20,4.21,4.22,4.33,4.39,4.41,4.41,4.44,4.43,4.38,4.33,4.34,4.35,4.41,4.45,4.46,4.47,4.52,4.52,4.49,4.44,4.40,4.40,4.39,4.33,4.25,4.17,4.17,4.20,4.20,4.18,4.14,4.15,4.29,4.30,4.28,4.23,4.18,4.22,4.28,4.29,4.27,4.23,4.22,4.23,4.23,4.20,4.24,4.29,4.30,4.27,4.26,4.16,4.12,4.14,4.24,4.22,4.22,4.18,4.10,4.03,3.95,3.96,4.01,3.91,3.87,3.83,3.77,3.69,3.61,3.54,3.48,3.43,3.38,3.37,3.34,3.33,3.39,3.43,3.43,3.46,3.50,3.35,3.29,3.21,3.11,3.06,2.97,2.95,2.97,2.99,3.01,3.04,3.05,3.03,2.98,2.94,2.92,2.91,2.92,2.94,2.98,2.98,2.91,2.82,2.74,2.66,2.63,2.75,1.97,-0.09,-1.87,-2.01,-2.15,-1.49,0.40,2.82,2.75,2.75,2.78,2.86,2.99,2.98,3.02,3.07,3.08,3.07,3.05,2.96,2.82,2.67,2.65,2.63,2.64,2.69,2.72,2.83,2.91,2.94,2.96,2.87,2.83,2.84,2.85,2.79,2.69,2.60,2.52,2.51,2.49,2.49,2.53,2.65,2.75,2.83,2.87,2.89,2.89,2.91,2.91,2.90,2.94,2.98,3.02,3.07,3.11,3.18,3.33,3.43
3.68,3.69,3.67,3.65,3.69,3.80,3.94,3.80,3.75,3.78,3.85,3.90,3.93,3.95,3.96,3.97,3.97,3.95,3.89,3.79,3.90,3.97,3.91,3.72,3.57,3.45,3.39,3.38,3.47,3.52,3.57,3.64,3.73,3.95,4.16,4.37,4.59,4.77,4.85,4.87,4.87,4.89,4.77,4.58,4.35,4.12,3.95,3.89,3.86,3.84,3.86,3.80,3.67,3.60,3.69,3.64,3.68,3.76,3.85,3.89,3.87,3.81,3.75,3.73,3.75,3.74,3.71,3.64,3.66,3.70,3.78,3.86,3.86,3.85,3.85,3.88,3.95,3.98,4.00,4.01,4.00,3.98,4.06,4.12,4.16,4.17,4.17,4.20,4.23,4.21,4.29,4.35,4.37,4.36,4.37,4.38,4.38,4.36,4.30,4.37,4.41,4.43,4.45,4.51,4.53,4.53,4.50,4.45,4.39,4.37,4.35,4.31,4.14,4.14,4.19,4.21,4.14,4.20,4.24,4.28,4.36,4.36,4.31,4.25,4.19,4.18,4.17,4.21,4.24,4.17,4.21,4.22,4.20,4.19,4.23,4.28,4.29,4.26,4.24,4.17,4.12,4.11,4.14,4.12,4.09,4.04,3.95,3.90,3.92,3.97,3.96,3.80,3.77,3.74,3.70,3.63,3.48,3.44,3.43,3.42,3.34,3.38,3.31,3.24,3.34,3.34,3.33,3.34,3.34,3.23,3.19,3.07,2.91,2.88,2.89,2.88,2.87,2.88,2.97,3.02,3.04,3.02,2.98,2.94,2.90,2.87,2.87,2.89,2.95,2.95,2.86,2.77,2.69,2.69,2.76,2.85,0.08,-1.25,-1.64,-1.84,-2.02,0.53,2.46,2.73,2.69,2.79,2.88,2.96,3.02,3.02,3.05,3.07,3.07,3.07,3.06,3.03,2.94,2.72,2.66,2.64,2.62,2.58,2.71,2.81,2.87,2.89,2.91,2.86,2.82,2.80,2.82,2.73,2.65,2.57,2.52,2.56,2.40,2.35,2.47,2.66,2.72,2.79,2.85,2.90,2.92,2.91,2.91,2.93,2.98,3.02,3.06,3.11,3.14,3.21,3.33,3.38
3.65,3.71,3.69,3.69,3.74,3.84,3.96,3.84,3.81,3.84,3.91,3.96,3.99,4.00,3.98,3.96,3.96,3.95,3.91,3.84,3.94,3.98,3.89,3.70,3.53,3.39,3.42,3.55,3.57,3.59,3.63,3.70,3.80,4.02,4.29,4.58,4.85,4.97,4.98,4.97,4.95,4.94,4.88,4.72,4.51,4.29,4.06,3.94,3.87,3.82,3.81,3.73,3.64,3.62,3.69,3.65,3.69,3.76,3.83,3.85,3.83,3.79,3.74,3.71,3.71,3.68,3.65,3.63,3.68,3.78,3.85,3.88,3.89,3.88,3.87,3.89,3.96,3.99,4.02,4.04,4.04,4.03,4.08,4.12,4.15,4.20,4.18,4.20,4.23,4.27,4.31,4.34,4.34,4.34,4.32,4.35,4.35,4.33,4.33,4.37,4.40,4.41,4.43,4.47,4.52,4.53,4.50,4.45,4.39,4.36,4.31,4.21,4.15,4.17,4.18,4.18,4.19,4.25,4.29,4.32,4.36,4.35,4.35,4.31,4.25,4.18,4.16,4.17,4.19,4.16,4.17,4.18,4.18,4.16,4.20,4.25,4.27,4.25,4.21,4.15,4.10,4.06,4.06,4.04,3.99,3.93,3.88,3.89,3.91,3.93,3.91,3.76,3.69,3.65,3.61,3.55,3.48,3.45,3.45,3.45,3.38,3.35,3.29,3.23,3.24,3.27,3.25,3.23,3.22,3.14,3.09,3.02,2.94,2.93,2.91,2.87,2.84,2.84,2.89,2.97,3.02,3.02,2.97,2.93,2.89,2.86,2.83,2.85,2.87,2.84,2.75,2.68,2.69,2.38,1.73,0.97,-0.59,-1.26,-1.29,-0.98,0.25,1.85,2.74,2.74,2.78,2.85,2.93,3.00,3.05,3.05,3.06,3.06,3.05,3.04,3.04,3.03,2.98,2.83,2.74,2.67,2.61,2.58,2.65,2.74,2.81,2.86,2.87,2.83,2.80,2.76,2.73,2.68,2.63,2.59,2.57,2.60,2.50,2.13,1.83,2.52,2.67,2.77,2.86,2.94,2.96,2.93,2.92,2.96,3.01,3.05,3.10,3.14,3.18,3.23,3.28,3.32
3.64,3.72,3.70,3.72,3.78,3.88,3.98,3.88,3.87,3.91,3.96,4.01,4.04,4.04,4.01,3.96,3.94,3.93,3.92,3.88,3.97,3.98,3.91,3.75,3.60,3.46,3.54,3.75,3.73,3.71,3.72,3.77,3.85,4.05,4.40,4.78,5.06,5.11,5.07,5.04,5.02,4.96,4.96,4.84,4.65,4.43,4.16,4.00,3.89,3.81,3.77,3.68,3.64,3.64,3.67,3.65,3.69,3.75,3.80,3.80,3.80,3.77,3.73,3.70,3.67,3.63,3.61,3.65,3.72,3.85,3.91,3.89,3.92,3.91,3.89,3.90,3.96,3.99,4.01,4.04,4.08,4.07,4.10,4.12,4.15,4.22,4.20,4.20,4.24,4.32,4.34,4.33,4.32,4.32,4.29,4.33,4.33,4.33,4.36,4.36,4.38,4.39,4.41,4.42,4.49,4.51,4.48,4.43,4.38,4.33,4.25,4.14,4.18,4.19,4.18,4.17,4.26,4.31,4.33,4.34,4.36,4.33,4.38,4.39,4.31,4.20,4.15,4.14,4.15,4.15,4.12,4.15,4.17,4.14,4.17,4.22,4.23,4.22,4.18,4.13,4.07,4.01,3.99,3.96,3.89,3.85,3.85,3.91,3.91,3.90,3.85,3.72,3.63,3.58,3.54,3.48,3.48,3.47,3.47,3.48,3.42,3.34,3.28,3.23,3.15,3.20,3.17,3.14,3.12,3.08,3.02,3.00,3.02,3.00,2.95,2.89,2.84,2.81,2.82,2.91,2.99,3.01,2.97,2.93,2.89,2.84,2.80,2.81,2.78,2.72,2.66,2.63,2.43,1.76,0.64,-0.67,-0.87,-0.76,-0.41,0.23,2.32,2.73,2.71,2.77,2.87,2.91,2.97,3.04,3.06,3.07,3.07,3.05,3.02,3.02,3.01,3.01,2.99,2.94,2.83,2.71,2.63,2.60,2.60,2.67,2.76,2.82,2.83,2.79,2.77,2.73,2.65,2.63,2.62,2.62,2.63,2.63,2.60,2.05,1.45,2.26,2.68,2.86,2.93,3.01,3.01,2.97,2.95,2.98,3.03,3.07,3.12,3.16,3.19,3.22,3.23,3.29
3.67,3.67,3.70,3.72,3.78,3.88,3.98,3.93,3.92,3.94,3.97,3.99,4.02,4.03,4.03,3.94,3.90,3.90,3.91,3.90,3.96,4.03,4.05,4.01,3.97,3.91,3.94,4.03,3.99,3.95,3.92,3.89,3.89,4.00,4.57,5.00,5.11,5.10,5.10,5.09,5.06,5.00,4.98,4.90,4.72,4.42,4.22,4.08,3.95,3.84,3.78,3.73,3.68,3.64,3.60,3.61,3.67,3.72,3.75,3.75,3.77,3.75,3.71,3.68,3.66,3.65,3.67,3.75,3.83,3.89,3.92,3.92,3.94,3.93,3.93,3.93,3.93,3.95,3.95,3.98,4.06,4.08,4.11,4.14,4.17,4.22,4.20,4.20,4.24,4.31,4.35,4.34,4.33,4.32,4.33,4.32,4.36,4.40,4.36,4.35,4.36,4.37,4.39,4.41,4.45,4.46,4.44,4.37,4.34,4.24,4.16,4.18,4.21,4.18,4.19,4.24,4.31,4.35,4.36,4.35,4.35,4.32,4.44,4.47,4.32,4.28,4.14,4.12,4.17,4.17,4.07,4.11,4.15,4.14,4.21,4.20,4.18,4.15,4.15,4.11,4.04,3.97,3.94,3.85,3.82,3.85,3.92,3.95,3.92,3.86,3.78,3.67,3.60,3.54,3.51,3.50,3.45,3.45,3.46,3.47,3.44,3.35,3.26,3.19,3.12,3.12,3.12,3.09,3.04,3.03,3.05,3.06,3.05,3.04,3.00,2.96,2.90,2.82,2.79,2.81,2.89,3.01,2.97,2.92,2.88,2.84,2.79,2.77,2.65,2.59,2.67,2.75,1.37,0.40,0.01,-0.49,-0.70,0.61,2.00,2.13,2.60,2.70,2.74,2.82,2.90,3.00,3.05,3.07,3.08,3.08,3.07,3.05,3.00,2.99,2.99,2.98,2.98,2.96,2.85,2.78,2.71,2.61,2.60,2.64,2.70,2.76,2.78,2.75,2.73,2.70,2.64,2.63,2.64,2.65,2.66,2.64,2.62,2.47,2.16,1.73,2.90,3.22,3.11,3.19,3.13,3.05,2.99,2.97,3.00,3.05,3.10,3.14,3.12,3.13,3.21,3.34
3.70,3.67,3.71,3.74,3.80,3.89,3.94,3.94,3.96,3.97,3.97,3.98,4.00,4.02,4.01,3.89,3.86,3.84,3.85,3.88,3.92,3.98,4.02,4.04,4.06,4.06,4.12,4.18,4.15,4.11,4.06,4.02,4.01,4.10,4.55,4.93,5.09,5.11,5.12,5.12,5.09,5.04,5.03,4.82,4.54,4.33,4.20,4.08,3.98,3.88,3.80,3.76,3.71,3.66,3.62,3.63,3.67,3.71,3.71,3.67,3.72,3.71,3.67,3.64,3.65,3.67,3.74,3.83,3.88,3.90,3.91,3.93,3.94,3.94,3.94,3.94,3.93,3.94,3.95,3.99,4.07,4.10,4.13,4.15,4.19,4.24,4.22,4.22,4.25,4.29,4.33,4.34,4.34,4.33,4.34,4.32,4.38,4.42,4.36,4.35,4.35,4.36,4.37,4.39,4.40,4.40,4.39,4.33,4.25,4.19,4.16,4.19,4.18,4.18,4.23,4.29,4.33,4.37,4.38,4.36,4.35,4.44,4.50,4.47,4.34,4.25,4.14,4.10,4.12,4.09,4.04,4.05,4.08,4.12,4.21,4.18,4.13,4.09,4.10,4.07,4.00,3.92,3.86,3.83,3.80,3.80,3.88,3.92,3.86,3.78,3.69,3.58,3.57,3.54,3.51,3.50,3.43,3.41,3.41,3.43,3.43,3.34,3.24,3.16,3.10,3.09,3.07,3.08,3.10,3.08,3.10,3.10,3.10,3.09,3.08,3.04,2.97,2.87,2.77,2.76,2.81,2.88,2.92,2.91,2.87,2.83,2.77,2.70,2.63,2.63,2.64,1.99,0.78,0.08,-0.10,-0.31,0.47,1.79,2.78,2.74,2.73,2.73,2.77,2.86,2.93,3.04,3.09,3.09,3.09,3.09,3.08,3.05,3.00,2.97,2.96,2.96,2.95,2.95,2.85,2.85,2.84,2.73,2.59,2.62,2.67,2.70,2.72,2.68,2.67,2.67,2.65,2.64,2.67,2.71,2.72,2.70,2.69,2.67,2.53,2.01,2.90,3.27,3.29,3.32,3.21,3.11,3.03,2.98,2.97,3.03,3.05,3.05,3.06,3.12,3.24,3.38
3.71,3.68,3.72,3.76,3.84,3.92,3.88,3.94,3.98,4.00,3.97,3.98,3.99,4.00,3.98,3.83,3.81,3.77,3.76,3.86,3.86,3.88,3.91,3.96,4.00,4.06,4.16,4.25,4.23,4.21,4.18,4.15,4.16,4.29,4.47,4.73,5.04,5.11,5.14,5.14,5.11,5.06,5.08,4.65,4.25,4.19,4.12,4.05,3.98,3.92,3.83,3.78,3.74,3.71,3.69,3.69,3.69,3.70,3.69,3.58,3.65,3.67,3.63,3.60,3.63,3.71,3.81,3.88,3.88,3.88,3.90,3.92,3.93,3.94,3.95,3.95,3.94,3.95,3.99,4.04,4.09,4.13,4.15,4.18,4.21,4.28,4.26,4.25,4.26,4.28,4.29,4.34,4.36,4.34,4.32,4.34,4.39,4.42,4.37,4.36,4.35,4.35,4.35,4.37,4.34,4.33,4.33,4.30,4.15,4.15,4.20,4.19,4.13,4.19,4.28,4.34,4.34,4.39,4.39,4.36,4.36,4.61,4.55,4.42,4.35,4.17,4.13,4.09,4.03,3.99,4.03,3.99,3.99,4.10,4.18,4.14,4.08,4.04,4.04,4.01,3.95,3.87,3.78,3.86,3.80,3.74,3.77,3.84,3.78,3.69,3.59,3.48,3.54,3.55,3.52,3.48,3.41,3.36,3.35,3.37,3.38,3.31,3.23,3.15,3.09,3.08,3.04,3.07,3.20,3.18,3.15,3.14,3.14,3.14,3.15,3.12,3.05,2.95,2.78,2.75,2.73,2.71,2.84,2.88,2.86,2.81,2.74,2.63,2.67,2.73,2.53,0.85,0.46,0.28,0.10,-0.03,2.07,2.79,2.73,2.67,2.79,2.79,2.81,2.88,2.95,3.05,3.10,3.10,3.09,3.09,3.08,3.06,3.00,2.95,2.94,2.93,2.93,2.92,2.84,2.90,2.96,2.87,2.60,2.61,2.66,2.66,2.67,2.61,2.60,2.63,2.66,2.66,2.71,2.77,2.80,2.79,2.77,2.75,2.72,2.67,2.80,3.15,3.45,3.43,3.27,3.16,3.07,2.99,2.95,3.01,2.99,2.94,3.01,3.15,3.28,3.37
3.69,3.64,3.73,3.77,3.82,3.87,3.92,3.92,3.93,3.94,3.94,3.95,3.95,3.94,3.90,3.80,3.73,3.73,3.77,3.82,3.74,3.75,3.80,3.87,3.94,3.99,4.04,4.09,4.13,4.17,4.21,4.27,4.36,4.53,4.73,4.89,4.99,5.05,5.10,5.10,5.08,5.07,4.88,4.45,4.12,4.08,4.02,3.96,3.92,3.88,3.82,3.80,3.78,3.76,3.77,3.77,3.74,3.72,3.70,3.66,3.65,3.66,3.67,3.68,3.65,3.77,3.88,3.87,3.86,3.86,3.88,3.91,3.92,3.94,3.93,3.92,3.95,3.97,4.01,4.06,4.10,4.15,4.18,4.21,4.23,4.24,4.22,4.29,4.35,4.35,4.28,4.31,4.33,4.33,4.36,4.37,4.40,4.41,4.38,4.37,4.36,4.35,4.35,4.35,4.35,4.33,4.28,4.19,4.16,4.17,4.18,4.16,4.20,4.27,4.32,4.35,4.34,4.36,4.34,4.34,4.42,4.57,4.54,4.40,4.23,4.18,4.13,4.10,4.07,4.05,4.06,4.00,3.96,3.99,4.08,4.09,4.08,4.07,4.04,3.96,3.88,3.85,3.88,3.90,3.82,3.73,3.70,3.76,3.73,3.66,3.58,3.54,3.56,3.52,3.47,3.42,3.37,3.33,3.31,3.30,3.30,3.25,3.20,3.15,3.09,3.06,3.05,3.08,3.15,3.18,3.16,3.14,3.14,3.16,3.14,3.12,3.08,2.99,2.88,2.81,2.75,2.71,2.77,2.80,2.77,2.71,2.65,2.71,2.77,2.43,1.58,0.91,0.64,0.43,0.56,1.78,2.51,2.77,2.78,2.79,2.82,2.81,2.81,2.86,2.90,3.01,3.07,3.09,3.10,3.10,3.09,3.06,3.01,2.95,2.92,2.91,2.90,2.89,2.83,2.71,2.63,2.66,2.70,2.67,2.66,2.69,2.73,2.66,2.64,2.66,2.66,2.72,2.81,2.87,2.89,2.88,2.86,2.83,2.79,2.72,2.77,3.09,3.40,3.39,3.28,3.17,3.08,3.00,2.95,2.91,2.92,2.96,3.03,3.13,3.27,2.60
3.65,3.61,3.71,3.76,3.80,3.85,3.91,3.87,3.88,3.91,3.92,3.93,3.93,3.90,3.85,3.77,3.70,3.71,3.77,3.77,3.69,3.69,3.74,3.81,3.87,3.91,3.94,3.97,4.04,4.10,4.17,4.25,4.38,4.55,4.75,4.86,4.90,4.96,5.02,5.03,5.02,5.05,4.60,4.22,4.00,3.98,3.93,3.90,3.88,3.87,3.82,3.81,3.80,3.80,3.83,3.81,3.78,3.76,3.74,3.71,3.66,3.68,3.73,3.75,3.70,3.78,3.86,3.85,3.86,3.87,3.88,3.90,3.92,3.92,3.90,3.89,3.94,3.97,4.02,4.07,4.10,4.17,4.21,4.24,4.24,4.21,4.21,4.29,4.36,4.34,4.28,4.29,4.30,4.32,4.38,4.39,4.41,4.41,4.38,4.37,4.37,4.36,4.35,4.34,4.34,4.29,4.22,4.14,4.18,4.17,4.16,4.17,4.26,4.31,4.35,4.37,4.37,4.37,4.35,4.36,4.45,4.50,4.46,4.34,4.18,4.19,4.16,4.13,4.12,4.11,4.09,4.02,3.95,3.93,4.00,4.04,4.05,4.04,3.99,3.92,3.88,3.88,3.96,3.94,3.85,3.74,3.66,3.68,3.67,3.62,3.58,3.57,3.55,3.48,3.42,3.37,3.33,3.29,3.26,3.24,3.22,3.20,3.16,3.12,3.07,3.05,3.07,3.09,3.12,3.17,3.16,3.14,3.15,3.15,3.13,3.11,3.07,3.00,2.95,2.87,2.78,2.73,2.75,2.77,2.74,2.70,2.66,2.73,2.61,2.07,1.18,1.01,0.94,0.98,1.39,2.72,2.74,2.76,2.81,2.85,2.85,2.84,2.84,2.87,2.88,2.98,3.02,3.05,3.10,3.10,3.10,3.07,3.01,2.95,2.91,2.88,2.87,2.86,2.36,2.24,2.38,2.62,2.78,2.74,2.69,2.71,2.75,2.68,2.66,2.67,2.69,2.79,2.90,2.98,2.98,2.96,2.94,2.90,2.85,2.78,2.77,3.06,3.36,3.35,3.27,3.17,3.07,2.98,2.94,2.87,2.89,2.94,2.93,3.05,2.56,1.15
3.58,3.59,3.65,3.72,3.79,3.84,3.82,3.78,3.84,3.92,3.92,3.93,3.94,3.90,3.81,3.73,3.71,3.73,3.74,3.71,3.69,3.71,3.74,3.77,3.80,3.84,3.87,3.91,3.95,3.99,4.03,4.09,4.19,4.34,4.49,4.63,4.75,4.83,4.91,4.92,4.93,5.01,4.23,3.94,3.89,3.89,3.86,3.85,3.86,3.86,3.83,3.81,3.80,3.81,3.85,3.83,3.82,3.82,3.82,3.74,3.67,3.72,3.81,3.80,3.78,3.76,3.76,3.81,3.89,3.91,3.90,3.91,3.93,3.90,3.86,3.86,3.92,3.97,4.02,4.06,4.10,4.20,4.25,4.26,4.25,4.20,4.24,4.26,4.27,4.25,4.28,4.27,4.28,4.32,4.38,4.41,4.41,4.41,4.39,4.38,4.37,4.37,4.36,4.35,4.30,4.22,4.15,4.17,4.20,4.15,4.13,4.23,4.30,4.32,4.35,4.39,4.43,4.43,4.42,4.43,4.47,4.38,4.30,4.24,4.19,4.19,4.20,4.20,4.19,4.16,4.13,4.05,3.97,3.92,3.96,3.97,3.97,3.94,3.86,3.90,3.94,3.97,3.99,3.96,3.87,3.76,3.66,3.61,3.60,3.60,3.59,3.56,3.51,3.43,3.37,3.34,3.29,3.25,3.21,3.17,3.16,3.16,3.11,3.06,3.03,3.08,3.10,3.11,3.13,3.15,3.15,3.15,3.14,3.12,3.13,3.09,3.02,2.97,2.97,2.93,2.84,2.75,2.77,2.79,2.78,2.77,2.79,2.66,2.15,1.65,1.38,1.16,1.36,1.96,2.63,2.66,2.72,2.78,2.83,2.86,2.87,2.89,2.90,2.91,2.90,2.95,2.96,2.98,3.09,3.11,3.10,3.07,3.01,2.96,2.91,2.87,2.85,2.83,1.40,1.46,2.25,2.77,2.85,2.82,2.77,2.73,2.74,2.68,2.65,2.67,2.76,2.86,3.00,3.08,3.07,3.05,3.02,2.97,2.89,2.85,2.82,3.07,3.33,3.31,3.26,3.15,3.03,2.93,2.91,2.91,2.90,2.86,2.69,2.88,1.05,-1.06
3.52,3.56,3.56,3.63,3.71,3.77,3.78,3.75,3.80,3.86,3.89,3.92,3.91,3.85,3.75,3.65,3.71,3.74,3.74,3.69,3.70,3.72,3.74,3.76,3.79,3.78,3.80,3.87,3.92,3.95,3.98,4.02,4.11,4.20,4.32,4.46,4.60,4.69,4.73,4.78,4.83,4.85,4.19,3.92,3.86,3.85,3.87,3.85,3.85,3.84,3.83,3.81,3.81,3.82,3.84,3.83,3.82,3.82,3.81,3.74,3.67,3.73,3.83,3.84,3.83,3.81,3.80,3.82,3.85,3.87,3.86,3.85,3.89,3.87,3.85,3.86,3.92,3.99,4.04,4.09,4.14,4.19,4.25,4.26,4.24,4.19,4.19,4.22,4.25,4.25,4.27,4.28,4.31,4.35,4.40,4.40,4.39,4.37,4.38,4.36,4.35,4.34,4.32,4.30,4.22,4.17,4.16,4.16,4.14,4.15,4.20,4.28,4.31,4.30,4.31,4.35,4.40,4.42,4.44,4.45,4.42,4.33,4.26,4.22,4.21,4.21,4.22,4.23,4.23,4.21,4.07,4.04,4.04,4.03,3.99,3.97,3.95,3.92,3.90,3.92,3.95,3.98,3.96,3.89,3.83,3.74,3.62,3.63,3.56,3.54,3.54,3.50,3.45,3.39,3.34,3.31,3.26,3.23,3.19,3.17,3.15,3.10,3.10,3.10,3.07,3.07,3.10,3.13,3.15,3.15,3.16,3.14,3.12,3.11,3.10,3.09,3.07,3.03,3.00,2.95,2.88,2.81,2.78,2.80,2.81,2.74,2.53,2.40,2.07,1.75,1.62,1.99,2.17,2.43,2.71,2.73,2.77,2.80,2.82,2.83,2.87,2.89,2.91,2.92,2.94,2.94,2.96,2.99,3.05,3.08,3.10,3.08,3.02,2.96,2.91,2.87,2.49,1.01,1.56,2.12,2.54,2.79,2.81,2.81,2.78,2.72,2.72,2.70,2.67,2.67,2.70,2.89,3.09,3.19,3.16,3.14,3.09,3.02,2.96,2.91,2.87,3.05,3.26,3.27,3.21,3.10,3.00,2.94,2.96,2.93,2.69,2.43,2.44,0.66,-0.84,-1.83
3.47,3.53,3.49,3.56,3.63,3.69,3.72,3.72,3.75,3.80,3.85,3.89,3.86,3.79,3.70,3.60,3.70,3.74,3.73,3.70,3.72,3.74,3.76,3.77,3.78,3.73,3.75,3.84,3.89,3.93,3.95,3.98,4.04,4.07,4.17,4.32,4.47,4.54,4.55,4.61,4.66,4.64,4.18,3.93,3.83,3.83,3.87,3.84,3.83,3.83,3.83,3.82,3.82,3.83,3.84,3.82,3.82,3.81,3.80,3.75,3.69,3.74,3.83,3.85,3.87,3.87,3.86,3.85,3.83,3.84,3.83,3.81,3.86,3.84,3.83,3.85,3.92,4.00,4.06,4.12,4.17,4.20,4.25,4.26,4.22,4.18,4.15,4.18,4.23,4.25,4.26,4.30,4.35,4.38,4.41,4.39,4.36,4.34,4.36,4.36,4.34,4.31,4.29,4.24,4.15,4.14,4.17,4.14,4.11,4.18,4.27,4.33,4.32,4.29,4.27,4.30,4.35,4.40,4.42,4.41,4.36,4.29,4.24,4.22,4.22,4.22,4.24,4.25,4.25,4.25,4.05,4.04,4.09,4.09,4.00,3.95,3.92,3.89,3.91,3.92,3.95,3.96,3.90,3.79,3.76,3.70,3.60,3.64,3.52,3.47,3.47,3.42,3.39,3.35,3.32,3.29,3.24,3.20,3.18,3.16,3.14,3.08,3.10,3.15,3.14,3.09,3.11,3.13,3.15,3.15,3.16,3.14,3.10,3.10,3.08,3.09,3.11,3.08,3.00,2.94,2.89,2.84,2.78,2.82,2.82,2.70,2.34,2.24,2.09,1.96,1.98,2.68,2.77,2.71,2.67,2.80,2.82,2.82,2.81,2.81,2.86,2.89,2.91,2.93,2.96,2.93,2.95,2.98,2.99,2.59,2.82,3.09,3.05,2.99,2.93,2.88,2.33,0.12,1.97,2.75,2.78,2.80,2.77,2.80,2.80,2.74,2.71,2.71,2.69,2.66,2.64,2.86,3.10,3.24,3.24,3.22,3.15,3.08,3.03,2.98,2.93,3.04,3.19,3.23,3.17,3.06,2.98,2.97,2.99,2.75,2.32,1.84,1.47,-1.33,-2.23,-2.24
3.39,3.49,3.50,3.55,3.59,3.61,3.61,3.67,3.72,3.74,3.77,3.80,3.76,3.70,3.66,3.64,3.69,3.71,3.71,3.74,3.77,3.79,3.81,3.81,3.78,3.73,3.76,3.84,3.86,3.90,3.93,3.95,3.98,3.99,4.09,4.22,4.35,4.39,4.38,4.36,4.34,4.33,4.09,3.90,3.79,3.80,3.81,3.78,3.80,3.86,3.88,3.87,3.86,3.84,3.82,3.81,3.81,3.81,3.79,3.75,3.71,3.75,3.82,3.82,3.89,3.92,3.94,3.95,3.89,3.88,3.86,3.84,3.82,3.82,3.83,3.85,3.89,4.01,4.07,4.13,4.21,4.24,4.26,4.24,4.21,4.17,4.15,4.18,4.21,4.20,4.26,4.34,4.39,4.41,4.40,4.37,4.35,4.33,4.34,4.39,4.37,4.33,4.28,4.14,4.15,4.16,4.16,4.10,4.18,4.26,4.33,4.36,4.33,4.30,4.27,4.26,4.29,4.36,4.33,4.28,4.30,4.25,4.21,4.19,4.22,4.24,4.25,4.26,4.27,4.27,4.16,4.11,4.07,4.02,3.94,3.87,3.84,3.84,3.79,3.87,3.94,3.94,3.82,3.70,3.64,3.62,3.62,3.60,3.48,3.41,3.38,3.33,3.35,3.34,3.31,3.29,3.22,3.18,3.16,3.15,3.11,3.13,3.15,3.18,3.19,3.19,3.12,3.09,3.13,3.17,3.17,3.15,3.12,3.06,3.07,3.07,3.06,3.02,2.96,2.90,2.82,2.75,2.79,2.84,2.78,2.64,2.48,2.38,2.22,2.27,2.61,2.75,2.68,2.67,2.75,2.87,2.84,2.84,2.83,2.82,2.86,2.89,2.91,2.92,2.94,2.93,2.91,2.91,2.93,0.93,1.85,3.11,3.15,3.06,2.99,2.95,2.79,2.20,2.64,2.77,2.75,2.83,2.83,2.83,2.84,2.84,2.76,2.72,2.68,2.66,2.64,2.72,2.92,3.15,3.33,3.29,3.21,3.14,3.09,3.04,3.00,3.04,3.13,3.19,3.13,3.06,3.02,3.01,2.96,2.05,1.62,0.99,-1.30,-2.00,-2.21,-2.20
3.38,3.41,3.40,3.45,3.49,3.50,3.50,3.58,3.64,3.68,3.69,3.73,3.69,3.64,3.61,3.67,3.70,3.71,3.73,3.77,3.78,3.79,3.78,3.76,3.72,3.68,3.68,3.73,3.79,3.85,3.88,3.91,3.95,3.90,3.99,4.12,4.22,4.23,4.21,4.17,4.12,4.09,3.97,3.83,3.74,3.73,3.74,3.73,3.81,3.92,3.89,3.89,3.87,3.85,3.84,3.83,3.82,3.81,3.79,3.75,3.74,3.77,3.81,3.82,3.90,3.93,3.95,3.98,3.94,3.94,3.92,3.90,3.87,3.86,3.86,3.86,3.87,3.94,4.03,4.11,4.17,4.19,4.19,4.18,4.17,4.14,4.15,4.20,4.23,4.21,4.25,4.30,4.34,4.36,4.38,4.37,4.35,4.33,4.32,4.37,4.34,4.28,4.21,4.14,4.15,4.15,4.14,4.17,4.26,4.31,4.33,4.34,4.35,4.32,4.29,4.25,4.25,4.29,4.28,4.25,4.26,4.24,4.20,4.18,4.18,4.20,4.23,4.24,4.25,4.26,4.17,4.09,4.01,3.90,3.84,3.84,3.84,3.83,3.76,3.80,3.85,3.85,3.73,3.61,3.57,3.60,3.67,3.61,3.48,3.37,3.31,3.31,3.32,3.31,3.29,3.27,3.22,3.17,3.16,3.16,3.14,3.16,3.18,3.19,3.22,3.22,3.16,3.11,3.10,3.17,3.17,3.15,3.13,3.09,3.07,3.04,3.01,2.97,2.89,2.82,2.76,2.76,2.84,2.85,2.78,2.68,2.60,2.48,2.45,2.56,2.78,2.72,2.68,2.72,2.82,2.91,2.86,2.84,2.85,2.84,2.85,2.87,2.90,2.92,2.93,2.89,2.87,2.86,2.88,1.32,1.57,2.47,3.12,3.03,3.00,2.97,2.94,2.88,2.85,2.81,2.79,2.83,2.85,2.86,2.89,2.90,2.80,2.75,2.71,2.69,2.67,2.70,2.83,3.02,3.23,3.30,3.26,3.20,3.15,3.11,3.06,3.08,3.12,3.15,3.09,3.06,3.03,2.87,2.03,1.36,0.55,-0.57,-2.20,-2.21,-2.20,-2.21
3.40,3.32,3.29,3.33,3.37,3.40,3.39,3.47,3.56,3.62,3.62,3.66,3.64,3.59,3.57,3.68,3.71,3.73,3.76,3.80,3.78,3.75,3.72,3.68,3.65,3.61,3.58,3.58,3.69,3.77,3.82,3.86,3.92,3.81,3.88,4.00,4.08,4.05,4.04,4.01,3.96,3.91,3.84,3.74,3.67,3.65,3.67,3.68,3.81,3.98,3.88,3.88,3.87,3.86,3.86,3.85,3.84,3.82,3.79,3.74,3.77,3.79,3.79,3.84,3.90,3.92,3.94,3.98,3.99,4.00,3.99,3.96,3.94,3.93,3.91,3.88,3.86,3.84,3.97,4.08,4.09,4.10,4.10,4.11,4.12,4.09,4.15,4.22,4.26,4.25,4.24,4.24,4.25,4.28,4.37,4.36,4.34,4.32,4.29,4.33,4.29,4.21,4.12,4.17,4.15,4.12,4.13,4.27,4.33,4.33,4.32,4.32,4.36,4.34,4.31,4.26,4.21,4.21,4.24,4.26,4.23,4.24,4.21,4.17,4.14,4.15,4.19,4.21,4.21,4.24,4.13,4.02,3.91,3.78,3.73,3.82,3.88,3.84,3.78,3.73,3.73,3.72,3.63,3.53,3.52,3.60,3.72,3.63,3.50,3.35,3.26,3.33,3.31,3.29,3.27,3.26,3.22,3.18,3.16,3.16,3.18,3.19,3.19,3.20,3.23,3.22,3.20,3.15,3.09,3.17,3.17,3.15,3.13,3.12,3.07,3.01,2.96,2.90,2.82,2.73,2.73,2.81,2.89,2.86,2.82,2.77,2.71,2.58,2.71,2.81,2.75,2.64,2.72,2.82,2.89,2.94,2.87,2.85,2.85,2.86,2.84,2.86,2.88,2.91,2.90,2.85,2.83,2.83,2.83,2.52,1.67,1.67,3.00,2.94,2.96,2.96,2.93,2.92,2.86,2.85,2.85,2.82,2.86,2.90,2.93,2.93,2.84,2.79,2.76,2.75,2.72,2.74,2.78,2.88,3.06,3.28,3.30,3.26,3.21,3.17,3.12,3.12,3.13,3.11,3.07,3.07,2.97,2.50,0.78,0.59,-0.68,-2.27,-2.26,-2.22,-2.22,-2.24
3.46,3.41,3.38,3.37,3.37,3.37,3.33,3.38,3.48,3.55,3.55,3.55,3.55,3.57,3.62,3.66,3.68,3.70,3.74,3.81,3.75,3.69,3.64,3.60,3.57,3.53,3.50,3.49,3.56,3.65,3.74,3.78,3.78,3.76,3.82,3.89,3.93,3.87,3.90,3.94,3.94,3.86,3.74,3.65,3.59,3.56,3.57,3.59,3.67,3.77,3.77,3.77,3.78,3.79,3.80,3.72,3.79,3.83,3.80,3.73,3.78,3.78,3.79,3.89,3.92,3.92,3.92,3.96,3.98,3.99,3.98,3.96,3.96,3.96,3.98,3.96,3.87,3.89,3.94,3.99,4.01,4.02,4.01,4.03,4.06,4.09,4.20,4.27,4.29,4.25,4.27,4.27,4.26,4.27,4.31,4.31,4.32,4.32,4.29,4.27,4.20,4.15,4.14,4.14,4.09,4.13,4.23,4.30,4.35,4.36,4.36,4.36,4.33,4.34,4.30,4.24,4.22,4.21,4.22,4.23,4.22,4.22,4.20,4.17,4.12,4.13,4.14,4.16,4.16,4.11,4.03,3.89,3.78,3.76,3.68,3.83,3.93,3.90,3.81,3.72,3.69,3.66,3.56,3.48,3.56,3.66,3.68,3.51,3.48,3.41,3.33,3.36,3.28,3.25,3.25,3.24,3.21,3.18,3.16,3.15,3.15,3.22,3.24,3.23,3.23,3.21,3.19,3.16,3.11,3.13,3.13,3.11,3.09,3.07,3.02,2.97,2.89,2.81,2.72,2.75,2.81,2.88,2.93,2.90,2.87,2.83,2.76,2.74,2.78,2.79,2.74,2.68,2.79,2.88,2.92,2.96,2.87,2.85,2.85,2.86,2.85,2.86,2.84,2.82,2.83,2.90,2.91,2.89,2.89,2.76,2.42,2.24,2.43,2.66,2.82,2.90,2.90,2.86,2.86,2.85,2.85,2.89,2.88,2.87,2.89,2.91,2.87,2.83,2.80,2.77,2.71,2.73,2.78,2.85,2.95,3.10,3.26,3.32,3.27,3.21,3.15,3.13,3.12,3.12,3.11,3.10,2.30,0.78,0.31,-0.86,-1.83,-2.36,-2.30,-2.25,-2.26,-2.30
3.48,3.46,3.45,3.43,3.41,3.39,3.35,3.37,3.44,3.50,3.51,3.49,3.50,3.53,3.60,3.65,3.65,3.67,3.70,3.75,3.69,3.63,3.57,3.54,3.49,3.46,3.45,3.45,3.44,3.57,3.68,3.73,3.67,3.70,3.73,3.76,3.77,3.76,3.83,3.90,3.92,3.86,3.73,3.66,3.61,3.55,3.53,3.54,3.57,3.60,3.63,3.67,3.70,3.72,3.73,3.63,3.71,3.78,3.78,3.72,3.77,3.77,3.77,3.91,3.91,3.90,3.91,3.94,3.97,3.97,3.96,3.96,3.96,3.96,4.00,4.00,3.91,3.94,3.96,3.97,3.96,3.98,3.99,4.01,4.04,4.07,4.17,4.25,4.29,4.27,4.30,4.29,4.28,4.27,4.29,4.29,4.31,4.31,4.28,4.21,4.15,4.14,4.14,4.10,4.10,4.18,4.29,4.33,4.37,4.38,4.38,4.38,4.33,4.33,4.29,4.22,4.21,4.22,4.22,4.22,4.21,4.21,4.20,4.17,4.13,4.12,4.12,4.12,4.09,4.00,3.91,3.81,3.74,3.75,3.64,3.80,3.91,3.87,3.78,3.69,3.64,3.61,3.54,3.46,3.57,3.67,3.65,3.46,3.43,3.43,3.40,3.35,3.27,3.25,3.24,3.23,3.20,3.18,3.16,3.15,3.13,3.20,3.24,3.24,3.22,3.20,3.18,3.16,3.12,3.10,3.10,3.10,3.08,3.02,2.99,2.92,2.84,2.75,2.72,2.80,2.88,2.93,2.95,2.92,2.89,2.84,2.78,2.78,2.77,2.76,2.75,2.72,2.79,2.86,2.92,2.94,2.85,2.83,2.83,2.85,2.86,2.84,2.80,2.76,2.82,2.96,2.99,2.95,2.93,2.89,2.82,2.64,2.37,2.63,2.77,2.85,2.89,2.84,2.87,2.87,2.87,2.92,2.89,2.87,2.87,2.89,2.88,2.85,2.84,2.81,2.74,2.73,2.77,2.83,2.91,3.01,3.18,3.28,3.27,3.21,3.17,3.15,3.15,3.16,3.17,2.42,1.11,-0.35,-0.67,-1.87,-2.43,-2.40,-2.31,-2.30,-2.33,-2.05
3.47,3.50,3.49,3.50,3.48,3.45,3.45,3.44,3.44,3.46,3.48,3.49,3.49,3.49,3.52,3.64,3.62,3.62,3.64,3.64,3.60,3.55,3.51,3.48,3.42,3.39,3.42,3.45,3.34,3.51,3.66,3.71,3.59,3.64,3.64,3.63,3.62,3.71,3.82,3.87,3.89,3.93,3.80,3.77,3.72,3.61,3.53,3.53,3.51,3.49,3.48,3.59,3.63,3.64,3.65,3.57,3.61,3.68,3.73,3.70,3.75,3.75,3.75,3.88,3.87,3.88,3.91,3.92,3.95,3.94,3.94,3.95,3.95,3.95,3.97,3.99,3.97,3.98,4.03,4.01,3.93,3.99,4.02,4.05,4.05,4.04,4.06,4.16,4.26,4.29,4.32,4.33,4.31,4.28,4.30,4.31,4.31,4.30,4.27,4.15,4.16,4.16,4.11,4.04,4.18,4.28,4.32,4.35,4.38,4.39,4.39,4.38,4.34,4.32,4.27,4.21,4.20,4.24,4.24,4.22,4.21,4.20,4.19,4.18,4.16,4.13,4.12,4.08,4.00,3.89,3.79,3.77,3.77,3.76,3.60,3.73,3.81,3.75,3.69,3.64,3.59,3.57,3.57,3.48,3.55,3.63,3.62,3.49,3.35,3.39,3.49,3.32,3.29,3.27,3.25,3.23,3.18,3.17,3.17,3.15,3.13,3.14,3.18,3.22,3.20,3.18,3.16,3.14,3.11,3.10,3.09,3.09,3.08,2.99,2.97,2.89,2.79,2.73,2.83,2.88,2.93,2.97,2.95,2.93,2.87,2.81,2.77,2.71,2.70,2.73,2.77,2.76,2.73,2.78,2.87,2.88,2.81,2.79,2.80,2.83,2.85,2.81,2.75,2.73,2.87,3.03,3.07,3.02,2.96,2.92,2.89,2.86,2.83,2.85,2.80,2.83,2.90,2.86,2.90,2.92,2.91,2.91,2.90,2.89,2.87,2.86,2.86,2.85,2.87,2.88,2.81,2.74,2.75,2.83,2.94,3.02,3.06,3.14,3.22,3.17,3.16,3.18,3.21,3.23,3.24,1.02,-0.60,-0.88,-2.14,-2.45,-2.49,-2.42,-2.27,-2.36,-2.42,-1.52
3.43,3.43,3.47,3.47,3.47,3.47,3.50,3.48,3.46,3.47,3.49,3.49,3.48,3.45,3.43,3.46,3.50,3.51,3.50,3.49,3.47,3.45,3.43,3.41,3.38,3.44,3.54,3.60,3.52,3.57,3.67,3.69,3.54,3.58,3.60,3.58,3.56,3.69,3.76,3.80,3.83,3.87,3.79,3.76,3.72,3.63,3.56,3.48,3.47,3.51,3.48,3.51,3.54,3.55,3.55,3.52,3.58,3.63,3.64,3.68,3.71,3.72,3.74,3.75,3.77,3.83,3.89,3.91,3.93,3.92,3.93,3.95,3.94,3.95,3.99,4.01,3.97,3.97,4.00,3.99,3.96,3.99,4.03,4.04,4.03,4.05,4.06,4.12,4.18,4.18,4.20,4.29,4.32,4.29,4.33,4.31,4.25,4.19,4.18,4.16,4.15,4.12,4.08,4.16,4.25,4.32,4.36,4.38,4.41,4.41,4.38,4.34,4.32,4.27,4.22,4.19,4.21,4.14,4.17,4.22,4.21,4.19,4.18,4.18,4.18,4.11,4.06,3.99,3.90,3.82,3.83,3.84,3.84,3.80,3.65,3.72,3.76,3.72,3.63,3.59,3.58,3.58,3.53,3.53,3.54,3.58,3.62,3.53,3.34,3.34,3.46,3.35,3.30,3.26,3.23,3.19,3.17,3.17,3.18,3.18,3.15,3.13,3.14,3.17,3.18,3.16,3.14,3.12,3.09,3.09,3.08,3.08,3.07,2.95,2.88,2.83,2.80,2.81,2.91,2.94,2.96,2.97,2.93,2.89,2.84,2.77,2.72,2.72,2.76,2.79,2.81,2.73,2.70,2.70,2.73,2.79,2.74,2.73,2.74,2.74,2.78,2.78,2.77,2.77,2.83,2.91,3.00,3.04,2.96,2.91,2.89,2.88,2.87,2.85,2.86,2.87,2.88,2.91,2.93,2.94,2.93,2.92,2.91,2.89,2.88,2.86,2.86,2.86,2.88,2.89,2.85,2.82,2.83,2.89,2.97,3.06,3.10,3.14,3.18,3.16,3.23,3.28,3.36,3.40,1.15,-0.41,-1.35,-1.86,-2.49,-2.62,-2.52,-2.38,-2.37,-2.45,-1.59,-0.01
3.44,3.42,3.48,3.46,3.46,3.49,3.52,3.50,3.48,3.48,3.50,3.50,3.48,3.44,3.39,3.35,3.41,3.42,3.40,3.38,3.37,3.37,3.38,3.38,3.37,3.49,3.63,3.72,3.69,3.63,3.65,3.64,3.51,3.54,3.56,3.54,3.53,3.68,3.72,3.75,3.78,3.81,3.76,3.74,3.71,3.65,3.57,3.46,3.47,3.56,3.52,3.49,3.49,3.50,3.46,3.50,3.58,3.61,3.59,3.67,3.66,3.69,3.72,3.63,3.68,3.76,3.83,3.86,3.90,3.90,3.92,3.95,3.93,3.95,4.00,4.01,3.96,3.96,3.97,3.98,3.98,3.98,4.02,4.02,4.01,4.06,4.08,4.10,4.11,4.11,4.12,4.25,4.31,4.30,4.33,4.28,4.18,4.11,4.15,4.17,4.13,4.09,4.10,4.26,4.31,4.34,4.39,4.43,4.44,4.42,4.37,4.30,4.29,4.23,4.17,4.16,4.20,4.09,4.12,4.21,4.20,4.19,4.17,4.17,4.16,4.07,3.98,3.89,3.83,3.82,3.90,3.90,3.85,3.80,3.71,3.72,3.73,3.69,3.59,3.57,3.60,3.61,3.56,3.56,3.53,3.53,3.59,3.55,3.37,3.34,3.42,3.36,3.32,3.29,3.25,3.20,3.17,3.18,3.20,3.21,3.17,3.13,3.11,3.13,3.16,3.14,3.12,3.10,3.08,3.08,3.06,3.06,3.03,2.89,2.82,2.81,2.85,2.91,2.97,2.99,2.98,2.96,2.89,2.84,2.79,2.75,2.72,2.77,2.82,2.85,2.84,2.73,2.68,2.64,2.62,2.70,2.67,2.67,2.68,2.66,2.74,2.78,2.80,2.81,2.81,2.82,2.93,3.04,2.96,2.91,2.89,2.88,2.86,2.84,2.91,2.91,2.88,2.94,2.96,2.95,2.94,2.93,2.92,2.90,2.88,2.87,2.85,2.87,2.88,2.89,2.88,2.87,2.91,2.96,3.03,3.12,3.17,3.19,3.20,3.22,3.33,3.42,3.34,2.81,-0.65,-1.52,-1.91,-2.59,-2.69,-2.66,-2.51,-2.36,-2.42,-1.98,-0.41,1.40
3.57,3.57,3.56,3.51,3.48,3.48,3.46,3.48,3.48,3.49,3.52,3.51,3.50,3.48,3.43,3.41,3.40,3.39,3.37,3.36,3.37,3.39,3.41,3.43,3.42,3.52,3.64,3.73,3.78,3.66,3.56,3.51,3.52,3.53,3.50,3.51,3.58,3.69,3.72,3.75,3.77,3.76,3.74,3.71,3.68,3.65,3.57,3.53,3.57,3.65,3.62,3.58,3.55,3.51,3.43,3.55,3.59,3.61,3.63,3.66,3.62,3.65,3.69,3.58,3.62,3.65,3.68,3.73,3.80,3.86,3.91,3.95,3.91,3.96,3.99,3.99,3.96,3.94,3.96,3.98,3.99,3.97,3.99,3.99,4.01,4.10,4.11,4.11,4.12,4.15,4.16,4.22,4.27,4.29,4.28,4.19,4.13,4.15,4.22,4.16,4.09,4.10,4.22,4.31,4.33,4.37,4.42,4.47,4.44,4.39,4.32,4.26,4.25,4.18,4.13,4.12,4.15,4.17,4.17,4.17,4.19,4.19,4.19,4.14,4.06,3.98,3.88,3.82,3.83,3.96,4.00,3.88,3.75,3.72,3.75,3.73,3.70,3.65,3.58,3.61,3.66,3.72,3.76,3.59,3.51,3.48,3.50,3.54,3.47,3.43,3.39,3.28,3.36,3.37,3.34,3.31,3.21,3.20,3.23,3.25,3.20,3.15,3.11,3.10,3.14,3.12,3.10,3.09,3.09,3.07,3.02,3.00,2.96,2.78,2.82,2.87,2.94,3.02,3.01,2.99,2.97,2.93,2.84,2.77,2.73,2.74,2.83,2.87,2.87,2.87,2.86,2.78,2.69,2.63,2.60,2.61,2.60,2.62,2.63,2.61,2.75,2.82,2.83,2.81,2.84,2.84,2.91,2.99,2.97,2.91,2.90,2.89,2.86,2.89,2.93,2.95,2.95,2.94,2.98,2.96,2.93,2.94,2.92,2.91,2.89,2.88,2.86,2.87,2.88,2.89,2.90,2.88,2.95,3.07,3.17,3.19,3.27,3.33,3.37,3.41,3.48,3.60,2.89,0.57,-1.37,-1.94,-2.25,-2.71,-2.78,-2.52,-2.41,-2.42,-2.32,-0.30,1.35,2.37
3.64,3.64,3.61,3.59,3.56,3.51,3.46,3.43,3.46,3.49,3.51,3.50,3.50,3.50,3.48,3.46,3.44,3.43,3.42,3.40,3.40,3.42,3.43,3.43,3.42,3.48,3.55,3.62,3.67,3.59,3.50,3.45,3.49,3.49,3.45,3.48,3.59,3.71,3.74,3.76,3.77,3.75,3.74,3.75,3.72,3.65,3.57,3.58,3.62,3.67,3.64,3.63,3.64,3.62,3.55,3.59,3.58,3.59,3.63,3.65,3.62,3.61,3.62,3.60,3.63,3.63,3.65,3.72,3.77,3.81,3.85,3.87,3.83,3.89,3.94,3.96,3.95,3.93,3.94,3.96,3.97,3.98,3.98,3.98,4.00,4.08,4.08,4.08,4.09,4.13,4.14,4.22,4.29,4.31,4.29,4.24,4.23,4.25,4.27,4.16,4.12,4.17,4.29,4.33,4.33,4.37,4.42,4.46,4.39,4.31,4.25,4.24,4.21,4.15,4.11,4.12,4.13,4.16,4.16,4.13,4.14,4.17,4.14,4.07,3.99,3.89,3.84,3.86,3.92,3.99,4.00,3.87,3.73,3.70,3.71,3.70,3.68,3.66,3.66,3.63,3.66,3.72,3.79,3.65,3.55,3.48,3.45,3.51,3.46,3.41,3.36,3.32,3.38,3.38,3.35,3.33,3.25,3.23,3.25,3.27,3.22,3.17,3.13,3.10,3.10,3.10,3.09,3.08,3.08,3.05,3.00,2.94,2.88,2.82,2.88,2.95,3.00,3.05,3.03,2.98,2.93,2.87,2.78,2.78,2.78,2.81,2.87,2.90,2.89,2.88,2.88,2.83,2.72,2.62,2.55,2.56,2.54,2.54,2.59,2.68,2.78,2.82,2.81,2.77,2.81,2.88,2.93,2.96,2.95,2.89,2.90,2.91,2.87,2.92,2.94,2.95,2.96,2.94,2.97,2.97,2.96,2.94,2.93,2.92,2.90,2.89,2.88,2.87,2.88,2.89,2.91,2.90,3.02,3.17,3.25,3.25,3.37,3.49,3.56,3.59,3.68,3.81,2.61,-1.02,-1.92,-2.28,-2.53,-2.77,-2.60,-2.44,-2.11,-1.43,-0.22,1.24,2.19,2.65
3.67,3.68,3.66,3.69,3.65,3.57,3.50,3.41,3.43,3.49,3.51,3.48,3.48,3.50,3.51,3.49,3.49,3.50,3.49,3.44,3.45,3.44,3.44,3.43,3.40,3.42,3.45,3.47,3.49,3.48,3.45,3.42,3.46,3.45,3.41,3.45,3.60,3.72,3.75,3.77,3.78,3.76,3.75,3.80,3.78,3.65,3.58,3.62,3.66,3.66,3.62,3.65,3.71,3.75,3.70,3.61,3.56,3.56,3.61,3.63,3.62,3.57,3.54,3.64,3.65,3.64,3.66,3.73,3.76,3.76,3.76,3.77,3.73,3.80,3.86,3.91,3.94,3.91,3.92,3.93,3.94,3.98,3.99,3.99,4.00,4.05,4.02,4.03,4.05,4.09,4.12,4.24,4.33,4.35,4.34,4.35,4.37,4.38,4.31,4.18,4.17,4.23,4.32,4.32,4.33,4.36,4.40,4.41,4.31,4.22,4.19,4.22,4.17,4.12,4.11,4.13,4.12,4.13,4.13,4.11,4.10,4.12,4.07,3.99,3.92,3.81,3.84,3.94,4.03,3.99,3.96,3.85,3.74,3.70,3.66,3.67,3.68,3.70,3.76,3.64,3.62,3.69,3.76,3.71,3.60,3.49,3.43,3.48,3.41,3.35,3.34,3.39,3.38,3.36,3.33,3.33,3.29,3.26,3.27,3.28,3.24,3.19,3.15,3.11,3.06,3.09,3.07,3.06,3.06,3.03,2.96,2.88,2.83,2.91,2.97,3.02,3.05,3.05,3.02,2.95,2.88,2.81,2.75,2.81,2.87,2.89,2.89,2.90,2.89,2.88,2.90,2.87,2.76,2.62,2.51,2.53,2.49,2.47,2.54,2.76,2.79,2.79,2.77,2.74,2.77,2.91,2.96,2.94,2.91,2.87,2.90,2.92,2.90,2.95,2.93,2.94,2.97,2.94,2.95,2.98,2.99,2.94,2.94,2.93,2.91,2.90,2.89,2.88,2.89,2.90,2.92,2.92,3.09,3.25,3.28,3.29,3.47,3.65,3.76,3.76,3.88,3.87,2.22,-2.19,-2.35,-2.56,-2.75,-2.79,-2.35,-2.42,-1.66,0.00,2.31,2.54,2.62,2.66
3.69,3.72,3.81,3.79,3.71,3.62,3.59,3.54,3.50,3.49,3.48,3.43,3.42,3.43,3.45,3.45,3.45,3.47,3.48,3.44,3.44,3.45,3.44,3.43,3.40,3.40,3.41,3.41,3.40,3.41,3.41,3.42,3.42,3.39,3.37,3.42,3.57,3.73,3.76,3.78,3.78,3.77,3.76,3.77,3.75,3.70,3.68,3.66,3.65,3.64,3.58,3.55,3.61,3.69,3.68,3.60,3.53,3.53,3.57,3.57,3.56,3.53,3.53,3.59,3.58,3.56,3.58,3.68,3.74,3.76,3.73,3.69,3.66,3.74,3.80,3.84,3.85,3.87,3.91,3.93,3.93,3.98,3.99,4.00,4.01,4.04,3.98,4.00,4.05,4.10,4.16,4.29,4.41,4.49,4.50,4.50,4.48,4.45,4.37,4.27,4.22,4.20,4.24,4.31,4.32,4.35,4.36,4.30,4.22,4.20,4.18,4.15,4.16,4.14,4.12,4.12,4.11,4.12,4.13,4.12,4.08,4.04,3.98,3.92,3.88,3.87,3.91,3.96,3.99,4.00,3.94,3.86,3.77,3.71,3.69,3.75,3.78,3.78,3.81,3.69,3.63,3.63,3.70,3.59,3.51,3.45,3.42,3.45,3.42,3.38,3.34,3.36,3.35,3.33,3.31,3.32,3.33,3.31,3.30,3.30,3.26,3.22,3.17,3.13,3.08,3.06,3.04,3.03,3.03,2.97,2.90,2.88,2.92,2.99,3.03,3.06,3.07,3.03,2.98,2.91,2.81,2.73,2.86,2.87,2.89,2.91,2.92,2.91,2.89,2.88,2.88,2.84,2.74,2.64,2.56,2.48,2.48,2.48,2.50,2.59,2.69,2.70,2.71,2.75,2.84,2.87,2.87,2.86,2.87,2.90,2.91,2.94,2.99,2.95,2.94,2.96,2.98,2.96,2.94,2.95,2.96,2.96,2.96,2.94,2.93,2.91,2.91,2.89,2.90,2.92,2.93,2.96,3.09,3.18,3.17,3.33,3.54,3.73,3.85,3.88,3.98,2.88,0.64,-2.31,-2.46,-2.66,-2.76,-2.68,-2.40,-2.50,-0.72,1.81,2.62,2.59,2.63,2.71
3.73,3.79,3.92,3.87,3.76,3.66,3.65,3.61,3.56,3.51,3.50,3.46,3.45,3.44,3.44,3.44,3.42,3.43,3.45,3.44,3.45,3.45,3.45,3.44,3.44,3.41,3.40,3.39,3.37,3.38,3.40,3.42,3.41,3.36,3.35,3.41,3.54,3.70,3.73,3.74,3.73,3.71,3.70,3.70,3.70,3.69,3.70,3.67,3.64,3.62,3.57,3.51,3.57,3.65,3.64,3.59,3.53,3.52,3.56,3.54,3.56,3.57,3.57,3.58,3.56,3.51,3.52,3.60,3.65,3.66,3.63,3.59,3.61,3.68,3.73,3.76,3.79,3.83,3.88,3.91,3.92,3.96,3.99,4.01,4.01,4.02,3.96,3.98,4.04,4.11,4.21,4.35,4.48,4.57,4.60,4.57,4.54,4.48,4.38,4.28,4.20,4.16,4.17,4.24,4.24,4.27,4.29,4.22,4.16,4.17,4.17,4.13,4.16,4.14,4.12,4.11,4.12,4.11,4.12,4.11,4.06,3.98,3.93,3.91,3.92,3.96,3.97,3.97,3.96,3.98,3.92,3.86,3.80,3.74,3.78,3.84,3.87,3.87,3.86,3.74,3.64,3.59,3.62,3.50,3.45,3.42,3.39,3.44,3.43,3.39,3.35,3.34,3.33,3.31,3.30,3.31,3.33,3.33,3.33,3.31,3.27,3.23,3.19,3.14,3.09,3.05,3.03,3.01,2.98,2.92,2.90,2.93,3.00,3.04,3.07,3.08,3.05,2.99,2.93,2.85,2.79,2.77,2.92,2.92,2.92,2.93,2.95,2.93,2.92,2.90,2.86,2.79,2.71,2.64,2.58,2.45,2.49,2.49,2.49,2.52,2.60,2.67,2.72,2.75,2.82,2.82,2.81,2.82,2.85,2.91,2.92,2.95,3.02,2.96,2.96,2.98,3.00,2.97,2.94,2.93,2.94,2.96,2.96,2.95,2.94,2.92,2.93,2.90,2.92,2.95,2.96,3.01,3.08,3.12,3.16,3.38,3.60,3.79,3.92,3.99,4.07,2.23,-0.40,-2.38,-2.55,-2.73,-2.74,-2.54,-2.44,-2.25,0.02,2.74,2.79,2.68,2.72,2.82
3.78,3.89,3.99,3.92,3.81,3.70,3.66,3.64,3.60,3.56,3.54,3.57,3.57,3.52,3.46,3.43,3.39,3.39,3.42,3.43,3.46,3.46,3.46,3.46,3.50,3.45,3.41,3.40,3.39,3.40,3.40,3.41,3.42,3.36,3.36,3.41,3.51,3.64,3.67,3.66,3.64,3.61,3.58,3.61,3.64,3.63,3.65,3.64,3.62,3.61,3.59,3.54,3.58,3.63,3.58,3.60,3.55,3.53,3.57,3.53,3.63,3.68,3.66,3.59,3.57,3.50,3.46,3.51,3.49,3.46,3.45,3.48,3.56,3.63,3.65,3.68,3.75,3.80,3.84,3.87,3.90,3.92,3.98,4.01,4.01,4.00,3.97,3.98,4.03,4.12,4.28,4.43,4.54,4.61,4.63,4.59,4.55,4.48,4.35,4.21,4.13,4.10,4.12,4.12,4.09,4.13,4.20,4.16,4.13,4.13,4.14,4.15,4.15,4.13,4.11,4.12,4.15,4.10,4.10,4.09,4.03,3.94,3.92,3.96,4.05,4.10,4.03,3.97,3.94,3.95,3.89,3.85,3.82,3.79,3.92,3.95,3.96,3.96,3.91,3.79,3.67,3.57,3.54,3.43,3.41,3.39,3.34,3.43,3.42,3.39,3.36,3.31,3.30,3.30,3.31,3.30,3.28,3.32,3.35,3.32,3.27,3.23,3.20,3.15,3.10,3.06,3.04,2.99,2.89,2.89,2.95,3.02,3.07,3.07,3.10,3.08,3.03,2.96,2.86,2.79,2.81,2.90,2.94,2.95,2.96,2.96,2.97,2.97,2.97,2.93,2.83,2.75,2.67,2.62,2.57,2.43,2.51,2.52,2.51,2.54,2.51,2.70,2.80,2.76,2.75,2.78,2.80,2.82,2.86,2.89,2.92,2.96,2.99,2.99,2.99,3.00,3.01,2.98,2.95,2.93,2.93,2.95,2.94,2.95,2.94,2.93,2.94,2.91,2.93,2.97,2.99,3.09,3.06,3.08,3.24,3.44,3.65,3.82,3.97,4.10,4.17,1.89,-0.99,-2.43,-2.61,-2.79,-2.70,-2.39,-2.48,-1.71,0.57,2.91,2.83,2.79,2.88,2.97
3.79,3.92,4.02,3.92,3.79,3.69,3.66,3.58,3.55,3.57,3.64,3.66,3.61,3.55,3.48,3.43,3.41,3.40,3.41,3.42,3.45,3.46,3.46,3.46,3.48,3.46,3.45,3.44,3.43,3.44,3.44,3.44,3.44,3.39,3.34,3.33,3.40,3.47,3.48,3.48,3.47,3.42,3.48,3.54,3.57,3.57,3.61,3.61,3.60,3.58,3.57,3.57,3.58,3.59,3.59,3.60,3.56,3.54,3.54,3.55,3.64,3.70,3.70,3.65,3.62,3.57,3.55,3.54,3.47,3.46,3.46,3.47,3.50,3.52,3.55,3.59,3.65,3.73,3.78,3.82,3.84,3.85,3.88,3.91,3.94,3.95,3.94,3.97,4.06,4.20,4.35,4.49,4.59,4.63,4.61,4.56,4.49,4.40,4.28,4.18,4.10,4.05,4.03,4.02,4.05,4.11,4.15,4.16,4.09,4.09,4.12,4.14,4.14,4.13,4.11,4.12,4.16,4.12,4.09,4.04,3.95,3.97,4.00,4.05,4.11,4.15,4.09,4.02,3.96,3.92,3.91,3.84,3.78,3.79,3.89,3.93,3.92,3.86,3.76,3.69,3.61,3.52,3.43,3.39,3.38,3.38,3.36,3.41,3.39,3.38,3.36,3.29,3.28,3.29,3.30,3.28,3.30,3.33,3.32,3.29,3.26,3.22,3.17,3.13,3.09,3.02,2.97,2.95,2.94,2.97,3.02,3.07,3.11,3.11,3.09,3.04,2.97,2.89,2.86,2.84,2.87,2.93,2.98,2.98,2.98,2.99,3.00,2.97,2.91,2.86,2.81,2.73,2.69,2.64,2.56,2.42,2.50,2.53,2.53,2.53,2.51,2.56,2.63,2.70,2.67,2.74,2.76,2.79,2.90,2.92,2.96,3.00,3.02,3.02,3.02,3.02,3.03,3.00,2.97,2.94,2.93,2.94,2.94,2.95,2.95,2.94,2.96,2.93,2.95,3.00,3.01,3.02,3.02,3.06,3.18,3.35,3.46,3.64,3.89,4.18,4.30,1.63,-1.48,-2.43,-2.62,-2.67,-2.57,-2.40,-2.52,0.01,2.07,3.07,2.96,2.94,3.04,3.10
3.79,3.90,4.00,3.89,3.76,3.68,3.64,3.54,3.51,3.57,3.71,3.72,3.67,3.59,3.51,3.42,3.41,3.41,3.42,3.43,3.45,3.46,3.46,3.45,3.44,3.46,3.47,3.46,3.46,3.46,3.47,3.47,3.45,3.42,3.35,3.31,3.32,3.33,3.31,3.32,3.32,3.29,3.40,3.47,3.50,3.52,3.58,3.58,3.57,3.56,3.56,3.60,3.59,3.57,3.58,3.58,3.56,3.52,3.50,3.57,3.66,3.73,3.74,3.70,3.66,3.64,3.62,3.58,3.48,3.48,3.50,3.51,3.50,3.46,3.48,3.55,3.60,3.66,3.72,3.76,3.78,3.79,3.81,3.84,3.88,3.91,3.92,3.98,4.10,4.28,4.43,4.56,4.64,4.64,4.59,4.53,4.42,4.30,4.21,4.14,4.07,4.01,3.97,3.95,4.01,4.06,4.09,4.13,4.07,4.07,4.10,4.12,4.11,4.10,4.10,4.12,4.15,4.13,4.09,4.03,3.93,4.02,4.09,4.13,4.16,4.18,4.12,4.05,4.00,3.93,3.94,3.84,3.74,3.76,3.80,3.84,3.82,3.75,3.61,3.57,3.52,3.45,3.36,3.36,3.43,3.41,3.26,3.26,3.24,3.27,3.31,3.28,3.27,3.28,3.28,3.27,3.30,3.32,3.31,3.27,3.24,3.20,3.15,3.11,3.08,2.98,2.94,2.95,2.99,3.04,3.09,3.12,3.13,3.13,3.06,2.99,2.91,2.85,2.87,2.90,2.93,2.96,3.02,3.01,3.01,3.02,3.03,2.97,2.88,2.81,2.78,2.73,2.71,2.66,2.56,2.41,2.47,2.53,2.55,2.54,2.51,2.47,2.52,2.64,2.62,2.71,2.76,2.81,2.93,2.96,3.00,3.04,3.06,3.05,3.04,3.05,3.05,3.02,2.99,2.95,2.93,2.94,2.94,2.95,2.95,2.96,2.97,2.95,2.95,2.98,3.00,2.96,2.97,3.01,3.07,3.22,3.26,3.46,3.81,4.22,4.26,1.31,-1.91,-2.44,-2.62,-2.56,-2.46,-2.44,-2.55,1.09,3.05,3.24,3.09,3.07,3.17,3.19
3.74,3.79,3.89,3.81,3.72,3.66,3.59,3.54,3.50,3.55,3.72,3.75,3.73,3.66,3.56,3.39,3.38,3.40,3.44,3.49,3.48,3.48,3.46,3.44,3.40,3.44,3.46,3.45,3.46,3.45,3.46,3.47,3.46,3.45,3.43,3.38,3.31,3.26,3.21,3.19,3.22,3.29,3.36,3.40,3.45,3.51,3.54,3.54,3.53,3.53,3.54,3.60,3.61,3.57,3.53,3.51,3.51,3.48,3.45,3.57,3.70,3.79,3.80,3.73,3.67,3.67,3.67,3.63,3.51,3.54,3.60,3.64,3.58,3.48,3.49,3.56,3.61,3.59,3.62,3.68,3.74,3.73,3.79,3.83,3.86,3.89,3.93,4.03,4.18,4.34,4.50,4.63,4.68,4.66,4.58,4.49,4.34,4.20,4.15,4.08,4.03,3.99,3.98,3.96,3.97,3.96,3.97,4.06,4.09,4.08,4.06,4.06,4.03,4.02,4.06,4.10,4.11,4.13,4.11,4.07,4.04,4.09,4.15,4.18,4.20,4.17,4.11,4.05,4.03,4.05,3.98,3.85,3.73,3.67,3.62,3.60,3.62,3.62,3.48,3.44,3.40,3.37,3.34,3.36,3.65,3.55,2.92,2.87,2.87,2.99,3.17,3.29,3.28,3.25,3.24,3.26,3.28,3.32,3.31,3.26,3.22,3.19,3.15,3.11,3.07,2.95,2.97,3.02,3.05,3.09,3.13,3.14,3.13,3.09,3.01,2.92,2.86,2.85,2.91,2.96,3.00,3.02,3.05,3.04,3.04,3.05,3.06,2.97,2.89,2.82,2.76,2.77,2.75,2.70,2.59,2.41,2.43,2.49,2.56,2.58,2.47,2.50,2.56,2.61,2.61,2.70,2.82,2.92,2.97,3.01,3.06,3.09,3.10,3.08,3.08,3.07,3.07,3.04,3.00,2.97,2.94,2.92,2.94,2.95,2.96,2.97,2.99,2.97,2.93,2.91,2.95,2.91,2.89,2.87,2.87,3.01,3.07,3.31,3.74,4.19,3.87,0.84,-2.22,-2.46,-2.63,-2.48,-2.39,-2.48,-2.56,0.87,2.96,3.43,3.24,3.16,3.23,3.23
3.75,3.74,3.77,3.71,3.63,3.57,3.52,3.49,3.52,3.61,3.76,3.77,3.78,3.74,3.61,3.42,3.39,3.42,3.47,3.50,3.48,3.47,3.46,3.45,3.42,3.44,3.44,3.42,3.41,3.40,3.41,3.42,3.41,3.42,3.44,3.42,3.36,3.35,3.27,3.24,3.25,3.27,3.26,3.31,3.38,3.42,3.47,3.51,3.53,3.54,3.56,3.59,3.58,3.53,3.45,3.47,3.48,3.48,3.50,3.61,3.70,3.75,3.77,3.73,3.66,3.67,3.68,3.64,3.55,3.53,3.57,3.65,3.70,3.62,3.58,3.59,3.62,3.58,3.60,3.66,3.71,3.69,3.76,3.80,3.83,3.87,3.95,4.10,4.25,4.37,4.52,4.63,4.68,4.64,4.55,4.43,4.25,4.12,4.11,4.05,4.01,3.99,3.98,3.96,3.95,3.93,3.93,3.99,4.01,4.01,4.01,4.03,4.02,4.04,4.07,4.10,4.11,4.16,4.19,4.24,4.32,4.28,4.24,4.20,4.19,4.14,4.12,4.09,4.05,3.99,3.94,3.83,3.72,3.64,3.56,3.55,3.58,3.60,3.44,3.41,3.38,3.36,3.41,3.54,3.15,2.65,2.38,2.62,2.51,2.40,2.45,2.79,3.16,3.27,3.25,3.26,3.25,3.30,3.31,3.28,3.22,3.18,3.14,3.08,3.04,3.02,3.06,3.11,3.13,3.17,3.17,3.14,3.09,3.02,2.93,2.90,2.90,2.92,2.96,3.00,3.03,3.05,3.07,3.05,3.04,3.04,3.07,2.97,2.88,2.82,2.79,2.78,2.75,2.71,2.62,2.44,2.42,2.47,2.54,2.57,2.47,2.52,2.58,2.59,2.55,2.62,2.76,2.91,3.01,3.04,3.09,3.13,3.13,3.12,3.10,3.09,3.08,3.05,3.02,2.98,2.95,2.92,2.93,2.95,2.96,2.96,3.00,2.94,2.89,2.86,2.85,2.87,2.88,2.87,2.83,2.92,2.94,3.07,3.35,3.78,2.70,0.05,-2.29,-2.46,-2.53,-2.44,-2.40,-2.48,-2.49,0.87,3.02,3.63,3.46,3.37,3.33,3.24
3.76,3.71,3.67,3.61,3.53,3.47,3.45,3.44,3.53,3.67,3.79,3.78,3.84,3.82,3.68,3.48,3.42,3.44,3.49,3.50,3.47,3.46,3.47,3.47,3.46,3.44,3.41,3.38,3.36,3.34,3.35,3.36,3.35,3.39,3.42,3.43,3.42,3.45,3.37,3.33,3.31,3.26,3.18,3.24,3.30,3.32,3.39,3.47,3.52,3.54,3.57,3.56,3.54,3.49,3.37,3.44,3.46,3.49,3.57,3.64,3.66,3.69,3.71,3.71,3.66,3.67,3.67,3.65,3.58,3.52,3.53,3.64,3.80,3.76,3.68,3.62,3.63,3.61,3.64,3.68,3.71,3.67,3.72,3.77,3.80,3.85,3.97,4.15,4.31,4.38,4.51,4.61,4.64,4.60,4.51,4.35,4.17,4.06,4.08,4.02,4.00,3.99,3.99,3.96,3.95,3.93,3.92,3.93,3.92,3.93,3.95,4.00,4.04,4.06,4.09,4.10,4.13,4.20,4.29,4.42,4.61,4.50,4.35,4.23,4.17,4.12,4.15,4.14,4.06,3.90,3.88,3.81,3.72,3.64,3.55,3.54,3.58,3.60,3.44,3.42,3.39,3.39,3.50,3.43,2.45,1.80,2.04,2.53,2.27,1.88,1.72,2.24,3.06,3.30,3.27,3.28,3.23,3.28,3.31,3.29,3.23,3.18,3.12,3.06,3.03,3.11,3.16,3.19,3.21,3.24,3.18,3.11,3.03,2.93,2.87,2.90,2.97,3.01,3.02,3.03,3.04,3.06,3.08,3.05,3.03,3.02,3.06,2.96,2.88,2.83,2.83,2.79,2.75,2.70,2.63,2.48,2.42,2.45,2.51,2.54,2.49,2.54,2.58,2.58,2.49,2.53,2.66,2.85,3.02,3.05,3.11,3.15,3.15,3.14,3.12,3.11,3.10,3.06,3.03,3.00,2.97,2.93,2.91,2.94,2.96,2.95,2.99,2.88,2.83,2.82,2.75,2.84,2.89,2.89,2.84,2.89,2.86,2.82,2.88,3.22,1.30,-0.82,-2.29,-2.45,-2.41,-2.41,-2.44,-2.45,-2.38,1.00,3.17,3.82,3.71,3.60,3.45,3.26
3.72,3.71,3.63,3.57,3.48,3.40,3.41,3.40,3.51,3.65,3.76,3.79,3.90,3.89,3.74,3.56,3.46,3.46,3.50,3.46,3.45,3.45,3.45,3.46,3.44,3.41,3.38,3.35,3.33,3.31,3.29,3.28,3.29,3.35,3.38,3.39,3.39,3.41,3.39,3.39,3.39,3.36,3.30,3.29,3.29,3.27,3.32,3.36,3.40,3.45,3.49,3.51,3.51,3.47,3.39,3.45,3.42,3.48,3.61,3.55,3.56,3.62,3.69,3.72,3.70,3.67,3.65,3.67,3.65,3.61,3.62,3.69,3.79,3.77,3.70,3.65,3.68,3.75,3.79,3.80,3.77,3.67,3.72,3.77,3.82,3.86,3.92,4.09,4.25,4.31,4.44,4.51,4.53,4.50,4.42,4.19,4.05,4.00,4.02,4.00,3.98,3.98,3.99,3.96,3.95,3.94,3.93,3.92,3.92,3.92,3.93,3.95,4.00,4.04,4.08,4.10,4.15,4.25,4.33,4.43,4.59,4.66,4.52,4.33,4.21,4.23,4.22,4.17,4.09,3.95,3.87,3.79,3.71,3.62,3.53,3.50,3.49,3.47,3.46,3.43,3.41,3.44,3.49,1.44,1.93,2.89,3.17,3.07,2.68,2.19,1.89,2.29,3.20,3.39,3.30,3.32,3.24,3.25,3.25,3.23,3.21,3.15,3.10,3.09,3.14,3.16,3.20,3.23,3.23,3.20,3.12,3.04,2.96,2.84,2.90,2.95,2.99,3.02,3.04,3.04,3.05,3.06,3.08,3.07,3.04,3.00,2.93,2.90,2.86,2.84,2.83,2.78,2.73,2.67,2.60,2.52,2.45,2.42,2.45,2.52,2.56,2.57,2.56,2.54,2.48,2.50,2.57,2.69,2.87,3.01,3.09,3.12,3.12,3.11,3.13,3.13,3.11,3.08,3.05,3.01,2.98,2.95,2.92,2.92,2.93,2.94,2.88,2.84,2.78,2.74,2.81,2.90,2.91,2.89,2.88,2.96,2.86,2.74,2.61,2.45,-0.03,-1.59,-2.26,-2.42,-2.40,-2.42,-2.44,-2.40,-2.17,1.45,3.56,4.03,3.98,3.80,3.64,3.42
3.68,3.67,3.60,3.54,3.44,3.36,3.38,3.40,3.51,3.64,3.72,3.78,3.87,3.88,3.79,3.65,3.50,3.47,3.49,3.45,3.45,3.45,3.45,3.44,3.42,3.39,3.36,3.33,3.30,3.29,3.27,3.25,3.24,3.32,3.36,3.37,3.35,3.35,3.36,3.37,3.39,3.39,3.36,3.35,3.34,3.31,3.32,3.31,3.32,3.36,3.38,3.44,3.45,3.43,3.40,3.44,3.44,3.47,3.52,3.49,3.53,3.61,3.69,3.74,3.73,3.67,3.63,3.65,3.64,3.64,3.67,3.72,3.77,3.76,3.70,3.68,3.77,3.89,3.93,3.94,3.92,3.85,3.85,3.87,3.87,3.85,3.90,4.05,4.19,4.26,4.37,4.39,4.40,4.42,4.37,4.19,4.06,3.99,3.99,3.98,3.97,3.97,3.97,3.96,3.95,3.95,3.94,3.91,3.91,3.91,3.91,3.92,3.99,4.01,4.03,4.06,4.15,4.24,4.33,4.45,4.58,4.67,4.57,4.41,4.30,4.30,4.26,4.19,4.10,3.97,3.86,3.77,3.69,3.60,3.52,3.49,3.47,3.44,3.45,3.45,3.46,3.51,3.53,1.66,2.39,3.47,3.67,3.44,3.13,2.76,2.51,2.75,3.42,3.53,3.40,3.35,3.27,3.25,3.23,3.20,3.20,3.16,3.14,3.16,3.22,3.22,3.24,3.24,3.21,3.14,3.05,2.99,2.93,2.86,2.94,2.97,2.98,3.00,3.03,3.04,3.02,3.01,3.03,3.03,3.00,2.95,2.88,2.88,2.85,2.82,2.79,2.76,2.71,2.65,2.59,2.56,2.46,2.42,2.44,2.51,2.58,2.59,2.57,2.56,2.52,2.52,2.55,2.61,2.73,2.90,3.03,3.09,3.09,3.10,3.12,3.13,3.11,3.09,3.06,3.03,2.99,2.96,2.94,2.91,2.89,2.89,2.81,2.76,2.75,2.79,2.88,2.93,2.92,2.89,2.88,2.95,2.82,2.67,2.51,2.23,-0.65,-1.96,-2.23,-2.38,-2.39,-2.40,-2.40,-2.30,-1.74,1.90,3.88,4.20,4.18,3.99,3.79,3.54
3.66,3.61,3.58,3.50,3.41,3.34,3.35,3.42,3.53,3.63,3.69,3.75,3.77,3.80,3.83,3.74,3.55,3.47,3.46,3.46,3.47,3.47,3.45,3.41,3.38,3.36,3.32,3.30,3.29,3.29,3.28,3.25,3.20,3.30,3.34,3.35,3.32,3.27,3.28,3.31,3.34,3.38,3.39,3.42,3.43,3.40,3.37,3.32,3.29,3.27,3.24,3.36,3.37,3.36,3.41,3.43,3.49,3.46,3.33,3.44,3.55,3.64,3.71,3.75,3.73,3.67,3.60,3.59,3.56,3.61,3.69,3.74,3.73,3.73,3.69,3.71,3.89,4.02,4.05,4.09,4.15,4.16,4.10,4.03,3.94,3.81,3.90,4.01,4.12,4.23,4.28,4.25,4.27,4.34,4.36,4.30,4.16,4.02,3.98,3.97,3.98,3.98,3.95,3.96,3.95,3.94,3.94,3.90,3.91,3.90,3.89,3.91,3.99,3.97,3.96,4.00,4.11,4.16,4.30,4.47,4.58,4.57,4.53,4.48,4.43,4.34,4.26,4.20,4.11,3.96,3.85,3.76,3.67,3.58,3.51,3.49,3.49,3.48,3.42,3.48,3.53,3.57,3.62,3.58,3.61,3.66,3.69,3.67,3.62,3.54,3.47,3.53,3.70,3.69,3.56,3.36,3.33,3.26,3.22,3.20,3.17,3.20,3.23,3.26,3.26,3.28,3.27,3.23,3.17,3.08,2.98,2.93,2.93,2.98,2.98,2.96,2.96,2.97,3.00,3.01,2.98,2.93,2.94,2.95,2.92,2.88,2.91,2.89,2.85,2.79,2.74,2.72,2.68,2.64,2.61,2.60,2.46,2.43,2.46,2.50,2.57,2.60,2.61,2.60,2.60,2.57,2.58,2.59,2.57,2.74,2.95,3.07,3.07,3.10,3.11,3.11,3.10,3.10,3.08,3.04,2.99,2.95,2.97,2.89,2.83,2.81,2.77,2.67,2.76,2.92,2.95,2.93,2.91,2.89,2.86,2.89,2.74,2.61,2.52,2.40,-0.72,-2.05,-2.21,-2.33,-2.39,-2.36,-2.34,-2.17,-1.16,2.35,4.14,4.34,4.35,4.16,3.90,3.63
3.65,3.60,3.55,3.43,3.36,3.35,3.36,3.45,3.57,3.64,3.66,3.71,3.73,3.74,3.72,3.61,3.51,3.47,3.48,3.47,3.48,3.45,3.41,3.38,3.35,3.34,3.32,3.31,3.30,3.30,3.29,3.27,3.22,3.29,3.32,3.29,3.25,3.28,3.30,3.24,3.18,3.26,3.31,3.34,3.38,3.41,3.40,3.40,3.39,3.36,3.35,3.40,3.42,3.42,3.44,3.40,3.43,3.43,3.41,3.52,3.61,3.67,3.71,3.71,3.66,3.62,3.58,3.55,3.53,3.57,3.63,3.68,3.70,3.68,3.68,3.73,3.86,4.07,4.11,4.11,4.14,4.17,4.14,4.10,4.04,3.93,3.91,3.99,4.09,4.15,4.15,4.10,4.11,4.19,4.25,4.27,4.14,3.99,3.94,3.91,3.92,3.94,3.96,3.96,3.95,3.94,3.93,3.89,3.90,3.89,3.90,3.94,3.97,3.96,3.96,4.00,4.16,4.23,4.32,4.43,4.54,4.59,4.58,4.55,4.53,4.45,4.34,4.24,4.14,3.97,3.83,3.72,3.63,3.58,3.52,3.50,3.50,3.51,3.51,3.56,3.59,3.60,3.63,3.62,3.62,3.63,3.66,3.68,3.65,3.59,3.53,3.52,3.66,3.62,3.49,3.33,3.29,3.24,3.22,3.24,3.24,3.22,3.23,3.25,3.29,3.28,3.25,3.19,3.11,3.00,2.93,2.94,3.00,3.04,2.99,2.95,2.93,2.92,2.95,2.96,2.94,2.90,2.86,2.88,2.87,2.86,2.89,2.85,2.81,2.77,2.72,2.70,2.65,2.61,2.58,2.55,2.47,2.45,2.47,2.52,2.57,2.60,2.61,2.61,2.62,2.60,2.57,2.56,2.58,2.62,2.74,2.90,3.05,3.06,3.09,3.11,3.11,3.03,3.02,3.00,2.97,2.96,2.88,2.85,2.80,2.74,2.75,2.79,2.85,2.92,2.92,2.92,2.92,2.92,2.93,2.97,2.79,2.62,2.49,2.30,-0.86,-2.13,-2.21,-2.29,-2.26,-2.30,-2.35,-2.11,-0.44,2.85,4.33,4.34,4.40,4.24,3.96,3.65
3.65,3.60,3.50,3.36,3.31,3.34,3.38,3.49,3.59,3.63,3.62,3.66,3.68,3.67,3.62,3.53,3.48,3.48,3.48,3.47,3.47,3.42,3.38,3.35,3.34,3.33,3.32,3.31,3.31,3.31,3.30,3.29,3.25,3.29,3.30,3.27,3.24,3.32,3.34,3.25,3.15,3.22,3.24,3.25,3.30,3.37,3.40,3.43,3.44,3.43,3.43,3.45,3.46,3.46,3.45,3.38,3.36,3.37,3.41,3.53,3.59,3.64,3.67,3.64,3.58,3.56,3.55,3.52,3.52,3.55,3.59,3.63,3.67,3.65,3.68,3.78,3.91,4.10,4.14,4.13,4.13,4.16,4.15,4.12,4.07,3.98,3.91,3.96,4.03,4.05,4.01,3.97,3.98,4.04,4.10,4.16,4.08,3.95,3.90,3.86,3.87,3.90,3.94,3.95,3.94,3.93,3.92,3.89,3.89,3.89,3.91,3.96,3.96,3.96,3.96,4.01,4.19,4.26,4.33,4.40,4.51,4.57,4.59,4.58,4.55,4.52,4.41,4.29,4.15,3.96,3.81,3.69,3.62,3.59,3.54,3.52,3.53,3.56,3.59,3.62,3.62,3.62,3.64,3.62,3.61,3.62,3.64,3.67,3.66,3.62,3.57,3.51,3.58,3.52,3.40,3.28,3.25,3.23,3.24,3.26,3.21,3.19,3.21,3.26,3.30,3.25,3.21,3.15,3.05,2.91,2.91,2.98,3.05,3.06,2.98,2.93,2.90,2.88,2.90,2.91,2.90,2.88,2.82,2.82,2.83,2.84,2.85,2.81,2.77,2.73,2.70,2.67,2.62,2.58,2.55,2.51,2.47,2.46,2.49,2.52,2.57,2.60,2.61,2.62,2.63,2.61,2.58,2.56,2.57,2.56,2.61,2.74,2.93,3.00,3.06,3.11,3.12,3.01,2.98,2.96,2.94,2.92,2.82,2.80,2.76,2.71,2.78,2.88,2.92,2.91,2.91,2.92,2.93,2.95,2.97,3.02,2.86,2.65,2.44,2.17,-0.98,-2.19,-2.21,-2.24,-2.17,-2.27,-2.38,-2.02,0.44,3.31,4.43,4.32,4.42,4.25,3.96,3.62
3.66,3.60,3.44,3.32,3.27,3.31,3.44,3.53,3.57,3.58,3.56,3.58,3.60,3.59,3.55,3.51,3.48,3.47,3.47,3.46,3.42,3.38,3.36,3.34,3.34,3.33,3.33,3.33,3.32,3.32,3.31,3.31,3.30,3.29,3.29,3.30,3.33,3.43,3.41,3.37,3.32,3.31,3.19,3.16,3.19,3.27,3.32,3.36,3.40,3.45,3.45,3.48,3.48,3.47,3.45,3.40,3.31,3.25,3.27,3.39,3.43,3.51,3.58,3.53,3.48,3.51,3.53,3.51,3.54,3.57,3.60,3.62,3.64,3.65,3.72,3.87,4.09,4.13,4.14,4.13,4.12,4.14,4.12,4.06,3.99,3.91,3.90,3.94,3.95,3.90,3.84,3.86,3.89,3.90,3.89,3.95,3.95,3.91,3.88,3.84,3.85,3.86,3.87,3.93,3.92,3.91,3.90,3.89,3.88,3.88,3.90,3.95,3.96,3.96,3.98,4.03,4.16,4.23,4.32,4.42,4.48,4.49,4.52,4.52,4.46,4.53,4.47,4.32,4.12,3.93,3.77,3.68,3.64,3.61,3.59,3.56,3.58,3.63,3.62,3.65,3.63,3.62,3.63,3.61,3.61,3.62,3.63,3.65,3.66,3.65,3.61,3.54,3.45,3.39,3.31,3.19,3.21,3.25,3.28,3.25,3.00,3.05,3.18,3.28,3.27,3.19,3.15,3.10,3.00,2.82,2.94,3.04,3.06,3.01,2.96,2.91,2.88,2.86,2.86,2.86,2.87,2.86,2.82,2.81,2.81,2.81,2.81,2.77,2.73,2.69,2.65,2.62,2.59,2.55,2.50,2.49,2.44,2.47,2.51,2.50,2.56,2.59,2.61,2.64,2.63,2.63,2.62,2.59,2.51,2.57,2.59,2.60,2.65,2.90,3.03,3.09,3.12,3.08,2.98,2.91,2.86,2.81,2.80,2.73,2.70,2.76,2.88,2.91,2.92,2.93,2.93,2.94,2.95,2.96,2.97,2.99,2.95,2.73,2.36,1.99,-1.05,-2.20,-2.20,-2.21,-2.15,-2.31,-2.43,-1.85,1.58,3.68,4.39,4.29,4.38,4.17,3.85,3.50
3.59,3.53,3.30,3.25,3.28,3.34,3.44,3.52,3.53,3.51,3.50,3.50,3.52,3.52,3.50,3.47,3.46,3.45,3.44,3.42,3.39,3.37,3.36,3.35,3.35,3.34,3.33,3.32,3.32,3.32,3.32,3.33,3.33,3.30,3.30,3.30,3.33,3.44,3.43,3.39,3.34,3.31,3.27,3.25,3.26,3.30,3.30,3.30,3.34,3.41,3.45,3.48,3.49,3.48,3.47,3.44,3.36,3.29,3.26,3.29,3.30,3.35,3.42,3.41,3.42,3.47,3.51,3.52,3.54,3.55,3.58,3.60,3.59,3.64,3.75,3.92,4.13,4.13,4.14,4.13,4.13,4.13,4.06,3.95,3.85,3.84,3.88,3.89,3.86,3.82,3.89,3.93,3.95,3.95,3.91,3.88,3.86,3.83,3.79,3.83,3.83,3.82,3.82,3.89,3.91,3.87,3.80,3.81,3.83,3.87,3.92,3.96,3.96,3.97,4.01,4.06,4.14,4.21,4.30,4.38,4.40,4.40,4.43,4.44,4.41,4.42,4.38,4.26,4.08,3.89,3.77,3.69,3.66,3.64,3.64,3.63,3.62,3.62,3.64,3.65,3.64,3.62,3.60,3.62,3.61,3.61,3.63,3.63,3.63,3.60,3.53,3.47,3.39,3.32,3.27,3.23,3.26,2.99,2.87,2.98,3.06,3.16,3.24,3.27,3.24,3.16,3.10,3.05,2.98,2.80,2.93,3.03,3.03,2.97,2.94,2.90,2.86,2.83,2.83,2.83,2.83,2.83,2.78,2.77,2.77,2.77,2.76,2.73,2.69,2.65,2.61,2.58,2.53,2.50,2.49,2.45,2.48,2.53,2.57,2.59,2.60,2.60,2.61,2.63,2.63,2.63,2.62,2.59,2.54,2.55,2.56,2.57,2.58,2.74,2.92,3.04,3.08,3.08,2.93,2.84,2.79,2.76,2.70,2.69,2.75,2.85,2.93,2.92,2.92,2.93,2.94,2.94,2.95,2.96,2.96,2.92,2.84,2.62,2.27,1.92,-1.08,-2.22,-2.21,-2.19,-2.14,-2.33,-2.45,-1.80,1.83,3.73,4.34,4.25,4.26,4.10,3.77,3.40
3.47,3.42,3.16,3.19,3.28,3.37,3.43,3.50,3.48,3.44,3.43,3.44,3.45,3.46,3.45,3.43,3.43,3.43,3.41,3.38,3.36,3.35,3.35,3.35,3.35,3.35,3.33,3.32,3.32,3.32,3.34,3.35,3.35,3.31,3.31,3.31,3.31,3.43,3.43,3.39,3.33,3.30,3.36,3.38,3.38,3.37,3.33,3.28,3.29,3.37,3.43,3.47,3.48,3.48,3.48,3.46,3.42,3.37,3.30,3.24,3.21,3.23,3.27,3.30,3.36,3.42,3.47,3.52,3.52,3.53,3.55,3.57,3.54,3.62,3.77,3.96,4.13,4.14,4.14,4.14,4.13,4.11,3.97,3.82,3.73,3.80,3.85,3.83,3.79,3.79,3.98,4.01,4.02,4.01,3.96,3.86,3.81,3.77,3.71,3.80,3.81,3.78,3.76,3.85,3.91,3.83,3.70,3.72,3.78,3.86,3.93,3.98,3.96,3.98,4.03,4.09,4.11,4.20,4.28,4.33,4.31,4.30,4.34,4.37,4.35,4.28,4.25,4.16,4.02,3.85,3.76,3.70,3.67,3.67,3.68,3.68,3.65,3.62,3.65,3.65,3.64,3.62,3.58,3.61,3.61,3.60,3.61,3.60,3.58,3.51,3.42,3.39,3.36,3.29,3.19,3.07,3.14,2.66,2.48,2.79,3.17,3.29,3.29,3.24,3.19,3.13,3.06,3.01,2.96,2.81,2.91,2.99,3.00,2.93,2.91,2.88,2.84,2.81,2.79,2.80,2.80,2.79,2.74,2.74,2.73,2.72,2.71,2.68,2.64,2.61,2.57,2.54,2.48,2.46,2.48,2.43,2.53,2.58,2.62,2.67,2.64,2.60,2.59,2.62,2.63,2.63,2.61,2.59,2.58,2.54,2.55,2.56,2.57,2.60,2.79,2.94,3.00,3.03,2.87,2.78,2.74,2.73,2.63,2.69,2.82,2.94,2.95,2.93,2.92,2.92,2.93,2.94,2.94,2.95,2.94,2.84,2.69,2.47,2.19,1.87,-1.05,-2.20,-2.22,-2.18,-2.14,-2.34,-2.45,-1.78,1.87,3.71,4.31,4.20,4.12,4.02,3.69,3.29
3.31,3.28,3.15,3.15,3.23,3.35,3.43,3.50,3.46,3.39,3.39,3.39,3.40,3.41,3.41,3.40,3.40,3.40,3.39,3.36,3.33,3.31,3.31,3.32,3.33,3.33,3.34,3.34,3.35,3.35,3.36,3.37,3.38,3.34,3.35,3.33,3.29,3.40,3.42,3.42,3.41,3.38,3.42,3.46,3.49,3.49,3.44,3.40,3.35,3.33,3.43,3.45,3.44,3.41,3.39,3.39,3.39,3.41,3.41,3.38,3.33,3.30,3.29,3.27,3.27,3.27,3.32,3.45,3.50,3.49,3.51,3.53,3.53,3.60,3.80,4.03,4.19,4.16,4.15,4.15,4.12,4.03,3.83,3.74,3.76,3.83,3.82,3.78,3.81,3.96,3.99,3.98,3.97,3.97,3.95,3.91,3.89,3.85,3.79,3.75,3.73,3.71,3.71,3.84,3.87,3.83,3.76,3.70,3.81,3.83,3.87,3.97,3.97,3.99,4.03,4.06,4.07,4.18,4.24,4.24,4.22,4.21,4.32,4.35,4.23,4.15,4.13,4.05,3.93,3.82,3.73,3.68,3.67,3.69,3.69,3.69,3.68,3.67,3.65,3.64,3.64,3.63,3.61,3.58,3.59,3.60,3.59,3.54,3.47,3.41,3.35,3.30,3.33,3.32,2.92,1.99,2.20,2.29,2.65,3.20,3.26,3.26,3.21,3.15,3.08,3.06,3.04,3.00,2.95,2.85,2.88,2.92,2.94,2.91,2.90,2.87,2.83,2.79,2.75,2.77,2.79,2.78,2.74,2.70,2.68,2.67,2.67,2.65,2.61,2.56,2.52,2.50,2.48,2.49,2.50,2.49,2.52,2.55,2.59,2.65,2.66,2.60,2.54,2.55,2.63,2.64,2.63,2.61,2.60,2.60,2.59,2.57,2.54,2.57,2.60,2.68,2.79,2.81,2.77,2.74,2.72,2.74,2.72,2.79,2.90,2.98,2.95,2.92,2.92,2.92,2.93,2.94,2.94,2.93,2.88,2.76,2.61,2.42,2.17,1.84,-0.82,-2.02,-2.20,-2.17,-2.17,-2.34,-2.43,-1.72,2.05,3.79,4.30,4.14,4.02,3.96,3.59,3.20
3.19,3.17,3.14,3.12,3.18,3.29,3.39,3.42,3.38,3.33,3.34,3.34,3.36,3.37,3.37,3.36,3.36,3.36,3.36,3.35,3.33,3.33,3.33,3.34,3.35,3.36,3.37,3.38,3.38,3.39,3.40,3.41,3.41,3.34,3.36,3.34,3.29,3.39,3.41,3.42,3.43,3.43,3.47,3.48,3.50,3.51,3.48,3.47,3.40,3.34,3.44,3.43,3.38,3.34,3.34,3.28,3.32,3.37,3.41,3.41,3.40,3.38,3.36,3.34,3.30,3.27,3.30,3.37,3.40,3.43,3.46,3.49,3.48,3.59,3.78,3.99,4.11,4.11,4.10,4.08,4.04,3.87,3.73,3.72,3.78,3.82,3.78,3.80,3.88,4.00,3.99,3.96,3.94,3.94,3.93,3.91,3.89,3.86,3.83,3.80,3.77,3.74,3.72,3.81,3.83,3.83,3.82,3.77,3.85,3.88,3.91,3.99,3.98,4.01,4.05,4.08,4.07,4.15,4.17,4.15,4.13,4.12,4.23,4.26,4.13,4.07,4.03,3.95,3.85,3.78,3.73,3.69,3.68,3.70,3.68,3.68,3.69,3.69,3.65,3.65,3.64,3.63,3.62,3.58,3.58,3.58,3.55,3.45,3.39,3.36,3.34,3.31,2.59,2.41,2.18,1.53,2.27,2.59,2.93,3.32,3.23,3.18,3.12,3.07,3.05,2.97,2.96,2.96,2.92,2.87,2.84,2.85,2.86,2.85,2.85,2.83,2.79,2.74,2.73,2.78,2.81,2.78,2.73,2.69,2.65,2.63,2.62,2.61,2.57,2.53,2.50,2.49,2.49,2.51,2.52,2.52,2.50,2.51,2.55,2.61,2.64,2.59,2.53,2.51,2.62,2.64,2.63,2.61,2.60,2.61,2.60,2.58,2.55,2.54,2.53,2.59,2.68,2.70,2.66,2.68,2.73,2.78,2.80,2.88,2.95,3.00,2.94,2.92,2.91,2.92,2.93,2.93,2.93,2.89,2.80,2.67,2.54,2.36,2.11,1.79,-0.86,-2.05,-2.20,-2.15,-2.28,-2.39,-2.41,-1.74,1.78,3.65,4.23,4.07,3.96,3.89,3.55,3.22
3.09,3.09,3.12,3.08,3.11,3.20,3.30,3.28,3.26,3.26,3.29,3.30,3.31,3.32,3.32,3.33,3.32,3.31,3.32,3.34,3.36,3.37,3.38,3.39,3.40,3.41,3.41,3.42,3.42,3.43,3.44,3.44,3.43,3.33,3.35,3.35,3.30,3.39,3.40,3.40,3.41,3.44,3.50,3.48,3.45,3.46,3.48,3.49,3.44,3.39,3.46,3.40,3.31,3.26,3.31,3.16,3.20,3.29,3.35,3.38,3.43,3.46,3.48,3.48,3.41,3.37,3.35,3.30,3.25,3.33,3.41,3.44,3.40,3.58,3.75,3.87,3.92,4.02,4.01,3.97,3.91,3.66,3.67,3.73,3.79,3.80,3.75,3.87,3.98,3.96,3.98,3.95,3.91,3.90,3.91,3.87,3.84,3.83,3.84,3.92,3.89,3.83,3.79,3.76,3.80,3.84,3.87,3.89,3.91,3.96,4.01,4.02,3.98,4.02,4.08,4.12,4.09,4.09,4.08,4.06,4.04,4.02,4.09,4.12,4.04,4.01,3.96,3.88,3.78,3.73,3.75,3.73,3.71,3.70,3.67,3.67,3.68,3.68,3.63,3.65,3.65,3.63,3.62,3.60,3.57,3.54,3.49,3.33,3.32,3.33,3.35,3.34,1.40,0.89,1.14,1.49,3.01,3.32,3.29,3.23,3.13,3.08,3.02,3.00,3.06,2.87,2.86,2.89,2.89,2.85,2.80,2.77,2.77,2.77,2.77,2.76,2.74,2.69,2.71,2.81,2.85,2.79,2.72,2.70,2.65,2.59,2.57,2.56,2.54,2.51,2.50,2.50,2.51,2.53,2.55,2.52,2.48,2.48,2.51,2.55,2.57,2.58,2.55,2.51,2.60,2.62,2.61,2.60,2.58,2.57,2.59,2.61,2.60,2.52,2.54,2.59,2.64,2.66,2.56,2.61,2.74,2.84,2.87,2.95,3.00,2.99,2.94,2.91,2.90,2.91,2.92,2.93,2.91,2.85,2.71,2.58,2.46,2.28,2.03,1.75,-1.09,-2.21,-2.20,-2.13,-2.45,-2.47,-2.39,-1.81,1.23,3.37,4.12,3.97,3.92,3.80,3.55,3.33
3.02,3.04,3.07,3.02,3.02,3.07,3.14,3.14,3.12,3.10,3.12,3.20,3.25,3.28,3.30,3.31,3.30,3.32,3.35,3.37,3.38,3.39,3.39,3.40,3.40,3.41,3.42,3.43,3.43,3.44,3.44,3.45,3.45,3.32,3.35,3.36,3.32,3.37,3.34,3.35,3.38,3.41,3.46,3.48,3.48,3.48,3.50,3.51,3.48,3.44,3.47,3.38,3.40,3.44,3.44,3.35,3.36,3.36,3.31,3.28,3.35,3.40,3.43,3.45,3.44,3.44,3.43,3.41,3.35,3.37,3.38,3.36,3.32,3.41,3.54,3.67,3.80,3.88,3.87,3.82,3.75,3.66,3.70,3.76,3.79,3.75,3.76,3.89,3.96,3.89,3.89,3.89,3.87,3.86,3.87,3.83,3.79,3.81,3.92,4.00,4.00,3.97,3.94,3.88,3.90,3.90,3.89,3.90,3.93,3.98,4.02,4.01,3.99,4.08,4.18,4.23,4.15,4.07,4.05,4.06,4.05,4.03,4.06,4.08,4.04,3.99,3.93,3.86,3.81,3.80,3.78,3.74,3.70,3.67,3.65,3.65,3.67,3.67,3.66,3.66,3.65,3.64,3.62,3.56,3.50,3.45,3.42,3.37,3.36,2.44,1.24,1.39,0.81,1.60,2.55,2.63,3.15,3.22,3.17,3.12,3.01,3.09,3.10,3.06,3.02,2.88,2.83,2.82,2.82,2.82,2.80,2.76,2.72,2.69,2.69,2.70,2.69,2.66,2.71,2.79,2.81,2.76,2.71,2.61,2.58,2.58,2.56,2.53,2.53,2.51,2.49,2.54,2.55,2.55,2.56,2.55,2.51,2.47,2.45,2.49,2.51,2.53,2.53,2.51,2.51,2.59,2.60,2.57,2.55,2.55,2.57,2.60,2.60,2.56,2.58,2.64,2.69,2.61,2.55,2.64,2.79,2.91,2.94,2.98,3.00,2.98,2.93,2.91,2.90,2.91,2.92,2.92,2.86,2.76,2.63,2.50,2.37,2.20,1.97,1.70,-1.19,-2.27,-2.20,-2.11,-2.46,-2.48,-2.40,-1.58,2.88,3.91,4.00,3.83,3.78,3.72,3.57,3.44
2.97,2.99,3.02,2.99,2.99,3.01,3.04,3.06,3.05,3.04,3.04,3.12,3.17,3.20,3.23,3.28,3.29,3.32,3.36,3.37,3.38,3.39,3.39,3.40,3.41,3.42,3.42,3.43,3.44,3.44,3.45,3.45,3.45,3.34,3.34,3.35,3.33,3.34,3.31,3.32,3.36,3.39,3.42,3.46,3.49,3.48,3.52,3.50,3.48,3.45,3.46,3.39,3.46,3.54,3.52,3.47,3.47,3.43,3.35,3.29,3.34,3.37,3.38,3.40,3.43,3.45,3.47,3.47,3.42,3.42,3.40,3.36,3.31,3.34,3.41,3.52,3.65,3.72,3.72,3.70,3.68,3.69,3.74,3.77,3.76,3.70,3.77,3.89,3.93,3.84,3.81,3.82,3.82,3.82,3.83,3.80,3.80,3.85,4.00,4.08,4.09,4.08,4.04,3.96,3.94,3.92,3.90,3.91,3.94,3.99,4.02,4.00,4.02,4.15,4.26,4.30,4.22,4.09,4.05,4.06,4.04,4.04,4.06,4.08,4.06,3.99,3.93,3.86,3.83,3.84,3.81,3.76,3.71,3.67,3.64,3.64,3.65,3.67,3.67,3.66,3.64,3.62,3.58,3.51,3.45,3.41,3.28,2.51,2.37,1.30,0.13,1.05,1.23,2.36,3.35,3.28,3.20,3.13,3.09,3.07,3.00,3.12,3.16,3.11,3.01,2.91,2.83,2.79,2.78,2.78,2.78,2.75,2.71,2.65,2.64,2.63,2.63,2.64,2.72,2.79,2.80,2.73,2.68,2.55,2.52,2.55,2.54,2.52,2.52,2.52,2.51,2.56,2.57,2.57,2.57,2.58,2.55,2.48,2.43,2.45,2.47,2.50,2.51,2.50,2.46,2.53,2.56,2.54,2.53,2.52,2.55,2.58,2.60,2.58,2.59,2.64,2.68,2.58,2.53,2.62,2.79,2.95,2.98,2.98,2.98,2.98,2.92,2.90,2.90,2.91,2.92,2.89,2.80,2.67,2.54,2.42,2.29,2.12,1.92,1.65,-1.25,-2.30,-2.19,-2.09,-2.46,-2.47,-2.39,-1.45,3.80,4.14,3.86,3.70,3.65,3.63,3.56,3.48
2.96,2.95,2.97,3.00,3.03,3.05,3.02,3.04,3.08,3.11,3.08,3.07,3.06,3.06,3.10,3.25,3.27,3.30,3.34,3.35,3.36,3.37,3.38,3.39,3.40,3.41,3.42,3.42,3.43,3.44,3.45,3.45,3.46,3.38,3.35,3.34,3.33,3.26,3.30,3.32,3.33,3.36,3.38,3.43,3.46,3.45,3.52,3.45,3.41,3.43,3.41,3.44,3.49,3.53,3.51,3.50,3.50,3.51,3.50,3.45,3.43,3.38,3.32,3.31,3.36,3.40,3.44,3.45,3.45,3.48,3.49,3.46,3.42,3.40,3.41,3.42,3.47,3.54,3.56,3.62,3.73,3.76,3.79,3.77,3.72,3.65,3.76,3.85,3.88,3.81,3.73,3.73,3.74,3.75,3.77,3.79,3.87,3.97,4.09,4.14,4.15,4.13,4.07,4.00,3.92,3.88,3.88,3.90,3.94,3.97,3.99,4.00,4.10,4.22,4.30,4.32,4.30,4.17,4.10,4.06,4.02,4.05,4.10,4.13,4.11,4.03,3.96,3.89,3.83,3.86,3.86,3.79,3.71,3.69,3.66,3.64,3.64,3.65,3.66,3.65,3.61,3.54,3.46,3.44,3.44,3.44,3.04,0.38,-0.09,-0.18,0.42,3.01,3.09,3.20,3.29,3.21,3.12,3.04,3.04,3.11,3.16,3.20,3.20,3.15,3.03,2.95,2.87,2.80,2.77,2.71,2.72,2.74,2.74,2.67,2.62,2.57,2.56,2.62,2.72,2.82,2.81,2.69,2.63,2.51,2.48,2.51,2.52,2.53,2.52,2.52,2.55,2.58,2.58,2.59,2.60,2.60,2.59,2.54,2.48,2.45,2.46,2.50,2.50,2.47,2.47,2.44,2.47,2.50,2.50,2.50,2.53,2.56,2.58,2.57,2.58,2.59,2.59,2.56,2.49,2.56,2.73,2.94,2.98,2.94,2.93,2.97,2.92,2.90,2.90,2.90,2.91,2.83,2.71,2.58,2.45,2.33,2.20,2.05,1.86,1.61,-1.26,-2.29,-2.17,-2.05,-2.43,-2.44,-2.36,-1.45,3.68,3.92,3.67,3.60,3.56,3.53,3.49,3.40
2.95,2.93,3.02,3.09,3.12,3.13,3.12,3.11,3.13,3.14,3.11,3.10,3.09,3.07,3.06,3.15,3.22,3.28,3.33,3.34,3.35,3.36,3.36,3.38,3.38,3.39,3.40,3.41,3.41,3.42,3.43,3.45,3.46,3.45,3.39,3.35,3.34,3.31,3.33,3.31,3.27,3.29,3.34,3.39,3.43,3.46,3.50,3.44,3.43,3.45,3.39,3.45,3.50,3.51,3.50,3.50,3.52,3.55,3.56,3.55,3.54,3.51,3.45,3.39,3.42,3.42,3.42,3.43,3.42,3.46,3.49,3.50,3.49,3.49,3.50,3.51,3.55,3.59,3.65,3.73,3.82,3.83,3.81,3.76,3.70,3.64,3.74,3.81,3.84,3.81,3.70,3.66,3.67,3.70,3.74,3.80,3.91,4.03,4.12,4.15,4.14,4.09,4.01,3.91,3.87,3.86,3.87,3.88,3.91,3.94,3.98,4.02,4.12,4.21,4.27,4.29,4.28,4.24,4.13,4.04,4.05,4.12,4.17,4.18,4.15,4.05,3.99,3.94,3.89,3.89,3.87,3.81,3.74,3.71,3.72,3.68,3.65,3.66,3.64,3.59,3.51,3.47,3.48,3.46,2.65,1.66,0.75,-0.58,0.74,1.59,2.01,3.38,3.36,3.28,3.21,3.17,3.14,3.13,3.14,3.17,3.19,3.19,3.19,3.16,3.05,2.97,2.87,2.80,2.78,2.69,2.66,2.67,2.70,2.69,2.62,2.56,2.54,2.58,2.63,2.72,2.74,2.67,2.58,2.46,2.45,2.50,2.54,2.51,2.53,2.56,2.58,2.59,2.59,2.60,2.61,2.60,2.57,2.53,2.49,2.45,2.45,2.46,2.47,2.47,2.47,2.42,2.42,2.44,2.48,2.45,2.41,2.43,2.51,2.49,2.52,2.54,2.54,2.49,2.49,2.52,2.61,2.78,2.97,2.92,2.89,2.97,2.92,2.89,2.89,2.89,2.86,2.75,2.63,2.50,2.37,2.24,2.11,1.97,1.80,1.55,-1.27,-2.26,-2.21,-2.35,-2.47,-2.40,-2.31,-1.47,3.37,3.72,3.56,3.52,3.47,3.43,3.38,3.32
2.95,2.94,3.08,3.16,3.19,3.19,3.21,3.18,3.17,3.16,3.15,3.14,3.12,3.08,3.04,3.06,3.16,3.25,3.31,3.32,3.33,3.34,3.34,3.35,3.36,3.37,3.38,3.39,3.40,3.41,3.42,3.44,3.47,3.51,3.45,3.39,3.36,3.37,3.37,3.31,3.24,3.25,3.31,3.36,3.40,3.45,3.47,3.45,3.45,3.46,3.37,3.46,3.50,3.49,3.49,3.49,3.53,3.57,3.59,3.62,3.64,3.64,3.60,3.50,3.50,3.45,3.42,3.43,3.41,3.44,3.47,3.50,3.53,3.57,3.60,3.63,3.67,3.70,3.78,3.86,3.90,3.89,3.82,3.75,3.69,3.63,3.70,3.74,3.77,3.78,3.67,3.61,3.61,3.65,3.71,3.80,3.92,4.04,4.10,4.11,4.09,4.03,3.93,3.82,3.83,3.84,3.86,3.86,3.87,3.91,3.97,4.02,4.10,4.17,4.22,4.25,4.25,4.28,4.17,4.05,4.09,4.20,4.25,4.24,4.18,4.08,4.02,3.99,3.96,3.92,3.88,3.84,3.79,3.75,3.78,3.71,3.66,3.65,3.60,3.52,3.44,3.43,3.52,3.55,1.73,-0.07,-0.80,-0.47,2.15,3.48,3.43,3.37,3.28,3.20,3.15,3.15,3.19,3.23,3.25,3.22,3.20,3.17,3.17,3.16,3.08,2.99,2.86,2.79,2.78,2.70,2.62,2.61,2.65,2.69,2.63,2.57,2.53,2.53,2.53,2.60,2.65,2.63,2.53,2.42,2.42,2.49,2.54,2.48,2.53,2.59,2.59,2.59,2.59,2.59,2.60,2.59,2.54,2.51,2.48,2.45,2.43,2.42,2.44,2.47,2.46,2.42,2.39,2.38,2.44,2.37,2.30,2.31,2.42,2.42,2.47,2.50,2.50,2.42,2.48,2.48,2.50,2.60,2.90,2.87,2.85,2.94,2.91,2.89,2.88,2.86,2.79,2.67,2.54,2.41,2.29,2.15,2.03,1.90,1.67,1.15,-1.38,-2.23,-2.25,-2.62,-2.49,-2.35,-1.97,-0.76,3.13,3.52,3.46,3.43,3.38,3.33,3.28,3.24
2.98,3.03,3.12,3.13,3.15,3.18,3.22,3.20,3.19,3.20,3.20,3.14,3.04,3.01,3.08,3.03,3.11,3.21,3.28,3.28,3.29,3.30,3.31,3.31,3.32,3.34,3.35,3.37,3.39,3.41,3.44,3.47,3.50,3.53,3.55,3.51,3.44,3.41,3.43,3.41,3.38,3.37,3.36,3.35,3.35,3.37,3.41,3.46,3.46,3.42,3.36,3.44,3.48,3.48,3.48,3.51,3.55,3.57,3.59,3.62,3.67,3.68,3.65,3.60,3.58,3.53,3.49,3.48,3.49,3.46,3.43,3.43,3.50,3.58,3.65,3.71,3.75,3.79,3.84,3.89,3.92,3.91,3.84,3.77,3.70,3.62,3.60,3.59,3.60,3.63,3.61,3.60,3.58,3.59,3.69,3.78,3.86,3.93,3.98,4.00,3.98,3.92,3.84,3.81,3.80,3.81,3.81,3.81,3.82,3.88,3.92,3.92,4.00,4.10,4.17,4.20,4.18,4.25,4.20,4.13,4.17,4.27,4.32,4.31,4.22,4.09,4.07,4.06,4.03,3.98,3.91,3.89,3.88,3.85,3.79,3.73,3.66,3.58,3.51,3.51,3.51,3.52,3.58,3.79,0.94,-0.34,1.66,2.36,3.11,3.43,3.37,3.29,3.19,3.15,3.16,3.22,3.28,3.30,3.28,3.24,3.21,3.18,3.17,3.17,3.12,3.01,2.88,2.79,2.77,2.74,2.66,2.60,2.58,2.62,2.61,2.58,2.54,2.49,2.43,2.47,2.53,2.55,2.44,2.42,2.43,2.47,2.50,2.48,2.53,2.58,2.57,2.55,2.55,2.55,2.55,2.53,2.49,2.46,2.43,2.42,2.42,2.41,2.40,2.39,2.43,2.42,2.38,2.33,2.30,2.23,2.25,2.29,2.33,2.42,2.45,2.48,2.51,2.47,2.42,2.43,2.47,2.50,2.64,2.70,2.76,2.86,2.90,2.89,2.87,2.82,2.71,2.58,2.45,2.33,2.20,2.07,1.94,1.81,1.31,-0.43,-1.84,-2.21,-2.21,-2.58,-2.46,-2.33,-0.65,2.40,3.30,3.37,3.32,3.28,3.27,3.28,3.25,3.17
2.97,3.06,3.15,3.14,3.14,3.16,3.19,3.19,3.20,3.21,3.22,3.17,3.09,3.07,3.11,3.01,3.11,3.19,3.24,3.25,3.26,3.27,3.28,3.30,3.31,3.33,3.35,3.37,3.40,3.43,3.46,3.49,3.53,3.56,3.59,3.58,3.50,3.46,3.46,3.46,3.47,3.47,3.47,3.46,3.44,3.43,3.48,3.54,3.53,3.45,3.36,3.43,3.47,3.48,3.47,3.52,3.56,3.58,3.58,3.61,3.67,3.70,3.68,3.63,3.62,3.56,3.52,3.53,3.56,3.52,3.47,3.44,3.48,3.59,3.68,3.75,3.81,3.85,3.88,3.92,3.95,3.93,3.85,3.79,3.73,3.68,3.63,3.59,3.56,3.57,3.54,3.53,3.54,3.57,3.65,3.70,3.74,3.78,3.81,3.83,3.81,3.77,3.72,3.74,3.76,3.77,3.77,3.76,3.76,3.79,3.81,3.82,3.87,3.99,4.08,4.11,4.13,4.22,4.24,4.24,4.28,4.36,4.37,4.32,4.23,4.14,4.13,4.12,4.10,4.06,3.97,3.92,3.89,3.86,3.79,3.74,3.67,3.60,3.54,3.56,3.64,3.73,3.76,3.84,1.84,1.16,2.95,3.41,3.44,3.39,3.32,3.24,3.20,3.20,3.22,3.27,3.33,3.33,3.29,3.24,3.21,3.19,3.17,3.14,3.11,2.97,2.86,2.79,2.77,2.75,2.68,2.61,2.55,2.53,2.54,2.54,2.52,2.48,2.40,2.40,2.42,2.43,2.38,2.39,2.42,2.45,2.48,2.51,2.55,2.58,2.57,2.54,2.52,2.51,2.51,2.48,2.45,2.42,2.41,2.40,2.40,2.40,2.37,2.33,2.38,2.40,2.34,2.25,2.21,2.18,2.24,2.30,2.33,2.43,2.45,2.48,2.50,2.46,2.41,2.39,2.41,2.45,2.51,2.54,2.65,2.82,2.89,2.88,2.84,2.75,2.62,2.49,2.37,2.24,2.11,1.98,1.86,1.74,1.05,-1.51,-2.12,-2.30,-2.37,-2.55,-2.41,-2.25,-0.18,3.38,3.29,3.30,3.27,3.23,3.23,3.28,3.26,3.17
2.94,3.05,3.17,3.15,3.14,3.14,3.14,3.16,3.19,3.21,3.22,3.20,3.21,3.20,3.15,3.01,3.11,3.19,3.21,3.21,3.23,3.25,3.27,3.29,3.31,3.33,3.35,3.38,3.41,3.45,3.48,3.51,3.55,3.58,3.61,3.61,3.56,3.52,3.46,3.48,3.54,3.55,3.61,3.63,3.61,3.59,3.61,3.66,3.63,3.53,3.37,3.42,3.46,3.48,3.46,3.53,3.57,3.59,3.58,3.61,3.65,3.69,3.69,3.63,3.63,3.57,3.54,3.58,3.61,3.60,3.56,3.50,3.46,3.58,3.69,3.77,3.84,3.90,3.91,3.93,3.98,3.94,3.87,3.81,3.78,3.76,3.73,3.67,3.60,3.56,3.47,3.44,3.49,3.57,3.60,3.59,3.60,3.62,3.61,3.64,3.62,3.60,3.59,3.64,3.70,3.72,3.71,3.71,3.70,3.67,3.67,3.71,3.73,3.86,3.96,4.01,4.07,4.18,4.27,4.34,4.42,4.44,4.39,4.30,4.22,4.22,4.20,4.18,4.17,4.14,4.05,3.95,3.87,3.81,3.77,3.74,3.70,3.66,3.65,3.65,3.81,3.99,4.00,3.77,3.64,3.57,3.53,3.44,3.40,3.35,3.29,3.20,3.26,3.29,3.30,3.30,3.36,3.33,3.27,3.22,3.21,3.20,3.16,3.10,3.07,2.89,2.81,2.79,2.77,2.74,2.70,2.64,2.54,2.46,2.47,2.48,2.49,2.49,2.43,2.36,2.31,2.29,2.34,2.36,2.39,2.44,2.49,2.55,2.58,2.59,2.57,2.54,2.49,2.47,2.47,2.43,2.41,2.40,2.40,2.39,2.38,2.38,2.34,2.29,2.32,2.35,2.27,2.15,2.14,2.20,2.27,2.32,2.36,2.44,2.46,2.48,2.49,2.43,2.43,2.36,2.32,2.44,2.45,2.40,2.52,2.79,2.87,2.87,2.80,2.67,2.54,2.41,2.28,2.16,2.03,1.90,1.80,1.64,0.77,-2.28,-2.30,-2.45,-2.64,-2.51,-2.36,-2.07,-0.12,3.11,3.17,3.27,3.28,3.24,3.24,3.28,3.29,3.19
2.97,3.06,3.08,3.08,3.08,3.10,3.12,3.14,3.17,3.19,3.21,3.21,3.21,3.21,3.19,3.03,3.08,3.15,3.20,3.21,3.23,3.25,3.27,3.29,3.31,3.34,3.37,3.40,3.43,3.46,3.49,3.53,3.57,3.60,3.64,3.65,3.63,3.56,3.50,3.50,3.55,3.60,3.67,3.79,3.85,3.78,3.71,3.71,3.69,3.63,3.53,3.52,3.53,3.53,3.47,3.53,3.54,3.55,3.58,3.63,3.70,3.71,3.67,3.64,3.59,3.57,3.59,3.66,3.72,3.70,3.62,3.53,3.51,3.62,3.71,3.79,3.88,3.93,3.95,3.95,3.95,3.92,3.87,3.83,3.81,3.80,3.79,3.76,3.71,3.68,3.65,3.61,3.59,3.58,3.54,3.51,3.49,3.47,3.43,3.47,3.49,3.52,3.54,3.57,3.59,3.61,3.61,3.61,3.61,3.62,3.65,3.71,3.72,3.80,3.87,3.92,3.98,4.08,4.18,4.28,4.37,4.40,4.38,4.33,4.29,4.32,4.30,4.28,4.25,4.21,4.15,4.08,4.02,3.97,3.91,3.87,3.81,3.78,3.97,3.93,3.87,3.82,3.77,3.65,3.55,3.48,3.42,3.37,3.35,3.33,3.30,3.25,3.28,3.29,3.27,3.27,3.36,3.27,3.15,3.11,3.18,3.15,3.09,3.04,3.03,2.93,2.83,2.77,2.76,2.71,2.71,2.69,2.63,2.56,2.50,2.47,2.46,2.47,2.45,2.38,2.32,2.27,2.25,2.34,2.40,2.44,2.50,2.56,2.59,2.59,2.57,2.54,2.51,2.46,2.42,2.40,2.39,2.39,2.38,2.38,2.37,2.36,2.35,2.32,2.25,2.19,2.15,2.13,2.14,2.19,2.29,2.36,2.38,2.47,2.50,2.50,2.48,2.45,2.43,2.39,2.36,2.36,2.41,2.43,2.48,2.58,2.71,2.83,2.83,2.72,2.59,2.46,2.33,2.19,2.06,1.93,1.81,0.56,-1.41,-2.37,-2.40,-2.51,-2.59,-2.45,-2.32,-0.30,1.78,2.98,3.15,3.24,3.25,3.22,3.21,3.21,3.19,3.12
2.97,3.04,3.02,3.02,3.04,3.07,3.10,3.12,3.15,3.17,3.20,3.21,3.21,3.22,3.21,3.07,3.07,3.13,3.20,3.21,3.24,3.26,3.28,3.30,3.33,3.35,3.38,3.42,3.45,3.47,3.51,3.54,3.58,3.62,3.66,3.69,3.68,3.60,3.52,3.51,3.57,3.64,3.71,3.93,4.08,4.04,3.93,3.80,3.72,3.70,3.70,3.68,3.67,3.64,3.54,3.58,3.56,3.54,3.56,3.63,3.68,3.68,3.64,3.60,3.57,3.58,3.64,3.72,3.80,3.77,3.67,3.56,3.58,3.67,3.75,3.83,3.91,3.95,3.96,3.95,3.92,3.88,3.84,3.83,3.82,3.82,3.83,3.82,3.80,3.78,3.78,3.74,3.69,3.64,3.57,3.53,3.50,3.46,3.41,3.44,3.49,3.53,3.56,3.57,3.58,3.58,3.59,3.59,3.61,3.63,3.68,3.74,3.77,3.81,3.85,3.90,3.96,4.06,4.17,4.27,4.37,4.41,4.41,4.40,4.39,4.40,4.37,4.35,4.31,4.25,4.22,4.18,4.13,4.09,4.02,3.98,3.91,3.88,4.07,4.00,3.86,3.71,3.62,3.54,3.47,3.41,3.37,3.33,3.33,3.33,3.31,3.28,3.28,3.27,3.24,3.20,3.30,3.18,3.07,3.04,3.12,3.09,3.04,2.99,2.99,2.93,2.83,2.77,2.76,2.72,2.75,2.76,2.74,2.65,2.53,2.46,2.43,2.42,2.45,2.41,2.34,2.28,2.22,2.32,2.38,2.44,2.51,2.55,2.57,2.57,2.56,2.53,2.50,2.45,2.40,2.40,2.38,2.38,2.37,2.36,2.36,2.35,2.34,2.31,2.14,2.08,2.07,2.09,2.13,2.19,2.32,2.41,2.43,2.50,2.53,2.52,2.48,2.45,2.43,2.41,2.38,2.32,2.36,2.43,2.46,2.47,2.63,2.82,2.84,2.72,2.58,2.43,2.28,2.13,1.98,1.84,0.98,-0.77,-2.59,-2.42,-2.51,-2.56,-2.53,-2.34,-1.22,1.20,2.80,2.96,3.13,3.22,3.20,3.14,3.17,3.14,3.10,3.06
2.91,2.96,2.97,2.99,3.02,3.05,3.07,3.10,3.13,3.15,3.18,3.20,3.22,3.22,3.22,3.13,3.09,3.13,3.20,3.22,3.24,3.26,3.28,3.31,3.35,3.36,3.38,3.42,3.46,3.49,3.53,3.57,3.60,3.64,3.68,3.71,3.73,3.64,3.53,3.52,3.58,3.66,3.73,4.04,4.31,4.37,4.28,3.93,3.74,3.75,3.89,3.90,3.90,3.84,3.69,3.69,3.64,3.55,3.49,3.60,3.58,3.59,3.59,3.51,3.58,3.62,3.68,3.75,3.83,3.81,3.71,3.60,3.67,3.74,3.81,3.89,3.93,3.95,3.93,3.90,3.87,3.79,3.80,3.80,3.81,3.83,3.84,3.84,3.84,3.84,3.84,3.81,3.78,3.74,3.70,3.68,3.66,3.63,3.59,3.61,3.65,3.66,3.66,3.67,3.67,3.67,3.68,3.70,3.70,3.72,3.77,3.82,3.87,3.89,3.93,3.99,4.04,4.13,4.24,4.34,4.42,4.48,4.51,4.52,4.52,4.48,4.43,4.39,4.35,4.27,4.27,4.24,4.20,4.16,4.09,4.06,4.01,3.94,3.91,3.83,3.74,3.65,3.55,3.46,3.39,3.36,3.37,3.34,3.36,3.35,3.32,3.31,3.27,3.24,3.19,3.08,3.15,3.07,3.01,3.02,3.01,3.02,3.00,2.97,2.98,2.88,2.82,2.78,2.76,2.77,2.82,2.88,2.89,2.73,2.56,2.45,2.39,2.35,2.42,2.43,2.39,2.31,2.26,2.28,2.34,2.43,2.54,2.51,2.53,2.55,2.54,2.51,2.47,2.43,2.40,2.41,2.39,2.37,2.35,2.34,2.34,2.34,2.31,2.22,1.98,2.03,2.03,2.03,2.11,2.20,2.34,2.46,2.53,2.53,2.55,2.54,2.50,2.44,2.44,2.42,2.39,2.33,2.31,2.40,2.45,2.47,2.66,2.85,2.82,2.65,2.48,2.30,2.13,1.95,1.78,1.61,-0.89,-2.42,-2.52,-2.44,-2.61,-2.60,-2.48,-2.17,1.22,2.35,2.74,3.05,3.12,3.22,3.13,2.99,3.10,3.08,3.04,3.00
2.97,3.00,3.01,3.03,3.04,3.06,3.06,3.08,3.11,3.13,3.16,3.18,3.20,3.22,3.20,3.12,3.08,3.12,3.20,3.23,3.25,3.26,3.27,3.31,3.35,3.37,3.40,3.44,3.47,3.51,3.54,3.57,3.60,3.63,3.67,3.71,3.73,3.68,3.60,3.56,3.59,3.65,3.74,3.93,3.56,2.45,2.46,3.30,3.76,3.77,3.93,3.94,3.91,3.85,3.80,3.81,3.78,3.70,3.61,3.64,3.61,3.59,3.59,3.58,3.64,3.69,3.73,3.78,3.82,3.74,3.67,3.67,3.76,3.85,3.90,3.93,3.91,3.89,3.86,3.84,3.83,3.78,3.77,3.75,3.73,3.77,3.79,3.81,3.82,3.83,3.83,3.81,3.79,3.77,3.75,3.74,3.73,3.72,3.71,3.70,3.72,3.75,3.75,3.75,3.76,3.76,3.75,3.75,3.76,3.78,3.82,3.87,3.93,3.98,4.03,4.09,4.11,4.18,4.28,4.39,4.46,4.53,4.55,4.56,4.56,4.54,4.47,4.41,4.37,4.31,4.29,4.28,4.24,4.18,4.12,4.06,4.01,3.94,3.87,3.77,3.69,3.60,3.50,3.41,3.38,3.40,3.44,3.37,3.34,3.33,3.32,3.27,3.24,3.22,3.18,3.10,3.11,3.07,3.06,3.06,3.00,2.98,2.94,2.91,2.89,2.83,2.78,2.77,2.81,2.84,2.85,2.89,2.90,2.77,2.62,2.50,2.39,2.32,2.34,2.36,2.36,2.34,2.30,2.27,2.30,2.35,2.41,2.43,2.48,2.51,2.51,2.47,2.44,2.41,2.40,2.40,2.39,2.36,2.35,2.34,2.33,2.29,2.22,2.11,2.02,2.00,1.99,2.01,2.08,2.21,2.33,2.45,2.58,2.58,2.58,2.56,2.52,2.43,2.43,2.42,2.40,2.34,2.35,2.38,2.40,2.40,2.41,2.56,2.39,1.91,1.27,1.24,1.31,1.42,1.34,-0.47,-1.99,-2.62,-2.54,-2.59,-2.62,-2.55,-1.79,0.14,1.91,2.67,3.00,3.18,3.20,3.18,3.06,2.96,3.05,3.02,2.99,2.94
3.02,3.04,3.05,3.06,3.06,3.07,3.07,3.08,3.10,3.12,3.14,3.17,3.19,3.21,3.20,3.11,3.07,3.11,3.19,3.22,3.24,3.25,3.26,3.30,3.33,3.37,3.40,3.44,3.47,3.51,3.54,3.56,3.59,3.62,3.66,3.70,3.74,3.71,3.65,3.60,3.59,3.66,3.76,3.83,2.93,0.92,1.00,2.79,3.79,3.79,3.92,3.93,3.89,3.86,3.88,3.91,3.90,3.84,3.75,3.71,3.68,3.62,3.59,3.65,3.70,3.75,3.78,3.80,3.78,3.66,3.64,3.57,2.96,3.19,3.62,3.94,3.88,3.83,3.79,3.79,3.81,3.79,3.75,3.69,3.66,3.69,3.73,3.75,3.78,3.80,3.80,3.79,3.77,3.77,3.76,3.76,3.76,3.77,3.77,3.75,3.77,3.79,3.81,3.82,3.83,3.82,3.79,3.80,3.80,3.82,3.85,3.89,3.95,4.02,4.08,4.14,4.15,4.20,4.30,4.40,4.47,4.54,4.56,4.56,4.57,4.56,4.50,4.43,4.37,4.34,4.30,4.29,4.26,4.19,4.12,4.05,3.99,3.93,3.84,3.74,3.64,3.55,3.49,3.40,3.41,3.46,3.50,3.42,3.36,3.34,3.32,3.22,3.21,3.19,3.17,3.14,3.09,3.09,3.10,3.09,3.00,2.94,2.90,2.86,2.82,2.80,2.75,2.76,2.86,2.90,2.87,2.86,2.86,2.77,2.65,2.52,2.40,2.31,2.27,2.28,2.32,2.35,2.32,2.28,2.27,2.28,2.28,2.35,2.43,2.47,2.47,2.44,2.40,2.39,2.39,2.39,2.38,2.36,2.35,2.33,2.29,2.22,2.12,2.03,2.07,1.99,1.98,2.02,2.07,2.22,2.31,2.43,2.60,2.60,2.60,2.58,2.54,2.43,2.41,2.41,2.40,2.35,2.38,2.35,2.34,2.32,2.16,2.22,1.91,1.22,0.31,0.41,0.63,0.74,0.34,-2.33,-2.70,-2.61,-2.58,-2.70,-2.61,-2.16,-0.68,2.22,2.35,2.88,3.26,3.30,3.30,3.19,3.06,2.98,3.00,2.96,2.94,2.89
3.00,3.02,3.04,3.05,3.07,3.08,3.10,3.11,3.12,3.14,3.15,3.17,3.18,3.20,3.20,3.13,3.07,3.09,3.15,3.17,3.20,3.22,3.24,3.27,3.30,3.32,3.35,3.39,3.42,3.46,3.50,3.54,3.58,3.62,3.66,3.70,3.74,3.74,3.66,3.60,3.61,3.70,3.78,3.86,3.16,1.56,1.64,3.04,3.81,3.79,3.89,3.91,3.91,3.91,3.90,3.91,3.90,3.89,3.86,3.86,3.83,3.71,3.59,3.67,3.70,3.78,3.84,3.83,3.66,3.65,3.69,2.99,-0.40,0.34,2.27,3.85,3.83,3.79,3.75,3.77,3.84,3.84,3.75,3.66,3.60,3.62,3.64,3.66,3.70,3.73,3.75,3.75,3.73,3.72,3.72,3.72,3.71,3.71,3.75,3.76,3.75,3.75,3.78,3.84,3.83,3.82,3.81,3.83,3.83,3.83,3.84,3.85,3.88,3.94,4.00,4.06,4.12,4.18,4.25,4.33,4.40,4.47,4.51,4.53,4.55,4.54,4.50,4.43,4.35,4.30,4.29,4.27,4.24,4.19,4.11,4.05,3.99,3.91,3.82,3.70,3.57,3.50,3.56,3.52,3.50,3.51,3.54,3.54,3.48,3.42,3.35,3.19,3.17,3.16,3.15,3.14,3.09,3.10,3.10,3.08,2.99,2.91,2.87,2.85,2.82,2.83,2.78,2.80,2.92,2.94,2.84,2.78,2.75,2.66,2.54,2.45,2.39,2.33,2.23,2.24,2.27,2.30,2.31,2.29,2.26,2.23,2.22,2.29,2.38,2.43,2.43,2.40,2.38,2.37,2.38,2.38,2.37,2.36,2.35,2.32,2.20,2.12,2.08,2.06,2.07,2.04,2.05,2.08,2.12,2.19,2.30,2.43,2.54,2.54,2.59,2.60,2.56,2.44,2.37,2.37,2.39,2.34,2.38,2.33,2.29,2.27,2.11,1.89,1.50,1.01,0.54,0.67,0.68,-0.19,-2.09,-2.65,-2.71,-2.69,-2.69,-2.66,-2.58,-0.85,1.34,2.59,2.88,3.18,3.34,3.36,3.41,3.33,3.23,3.11,2.93,2.92,2.89,2.85
2.98,2.99,3.02,3.03,3.05,3.07,3.09,3.10,3.12,3.13,3.15,3.16,3.18,3.20,3.19,3.13,3.07,3.07,3.10,3.11,3.14,3.17,3.20,3.23,3.26,3.29,3.33,3.37,3.40,3.45,3.49,3.54,3.58,3.62,3.66,3.70,3.74,3.76,3.68,3.63,3.63,3.73,3.81,3.89,3.42,2.31,2.31,3.29,3.83,3.80,3.88,3.93,3.93,3.92,3.91,3.90,3.90,3.90,3.90,3.91,3.90,3.77,3.63,3.71,3.72,3.78,3.81,3.75,3.62,3.66,2.87,1.05,-1.55,0.14,2.32,3.81,3.80,3.74,3.75,3.79,3.84,3.83,3.78,3.72,3.66,3.64,3.62,3.64,3.66,3.67,3.72,3.71,3.67,3.64,3.65,3.66,3.65,3.66,3.69,3.71,3.70,3.70,3.71,3.76,3.76,3.76,3.77,3.76,3.77,3.77,3.77,3.78,3.80,3.85,3.91,3.98,4.05,4.12,4.18,4.24,4.33,4.40,4.45,4.49,4.50,4.49,4.45,4.39,4.32,4.27,4.27,4.27,4.25,4.19,4.11,4.05,4.00,3.94,3.82,3.66,3.58,3.58,3.61,3.55,3.51,3.49,3.52,3.55,3.47,3.38,3.29,3.16,3.15,3.14,3.12,3.09,3.07,3.07,3.06,3.04,2.98,2.90,2.85,2.83,2.83,2.87,2.83,2.82,2.90,2.92,2.81,2.71,2.64,2.55,2.51,2.45,2.40,2.37,2.29,2.29,2.27,2.25,2.29,2.30,2.28,2.24,2.22,2.22,2.30,2.37,2.39,2.41,2.41,2.39,2.36,2.37,2.36,2.34,2.30,2.22,2.15,2.10,2.08,2.08,2.06,2.07,2.10,2.13,2.16,2.21,2.35,2.45,2.47,2.50,2.55,2.57,2.53,2.42,2.39,2.39,2.39,2.36,2.37,2.32,2.27,2.25,2.21,1.92,1.52,1.15,0.93,-0.41,-0.85,-1.51,-2.86,-2.80,-2.77,-2.75,-2.57,-1.84,-1.12,0.71,2.47,2.89,3.16,3.31,3.38,3.40,3.46,3.43,3.37,3.26,3.09,2.94,2.87,2.83
2.95,2.96,2.98,3.00,3.02,3.04,3.06,3.08,3.10,3.12,3.14,3.15,3.18,3.19,3.19,3.13,3.05,3.04,3.06,3.05,3.09,3.12,3.16,3.19,3.23,3.27,3.31,3.36,3.40,3.44,3.49,3.54,3.59,3.62,3.65,3.69,3.73,3.76,3.71,3.67,3.67,3.76,3.84,3.92,3.69,3.08,2.98,3.54,3.85,3.82,3.86,3.95,3.95,3.91,3.93,3.90,3.90,3.90,3.91,3.90,3.93,3.83,3.70,3.76,3.75,3.76,3.73,3.63,3.61,3.55,1.57,-1.34,-1.46,1.27,3.05,3.78,3.79,3.70,3.76,3.82,3.83,3.80,3.83,3.82,3.77,3.70,3.65,3.65,3.64,3.62,3.68,3.67,3.61,3.55,3.56,3.59,3.60,3.61,3.62,3.62,3.63,3.63,3.61,3.61,3.61,3.62,3.61,3.55,3.55,3.53,3.51,3.51,3.51,3.51,3.55,3.63,3.82,4.00,4.09,4.16,4.27,4.34,4.39,4.43,4.44,4.44,4.39,4.33,4.28,4.26,4.26,4.28,4.27,4.21,4.12,4.05,4.02,3.99,3.81,3.63,3.64,3.72,3.66,3.54,3.47,3.45,3.46,3.49,3.39,3.28,3.19,3.13,3.13,3.12,3.08,3.02,3.05,3.03,3.00,2.99,2.96,2.90,2.84,2.81,2.85,2.93,2.90,2.85,2.84,2.86,2.76,2.65,2.55,2.46,2.51,2.48,2.42,2.43,2.41,2.38,2.30,2.21,2.26,2.29,2.30,2.27,2.21,2.14,2.21,2.30,2.35,2.42,2.47,2.43,2.35,2.36,2.35,2.31,2.22,2.10,2.13,2.10,2.09,2.10,2.05,2.09,2.13,2.17,2.20,2.26,2.41,2.47,2.39,2.46,2.50,2.51,2.49,2.39,2.44,2.42,2.39,2.39,2.36,2.31,2.26,2.25,2.38,2.11,1.75,1.41,1.17,-2.07,-2.99,-2.90,-2.82,-2.86,-2.84,-2.71,-2.19,-0.62,0.99,2.33,3.11,3.15,3.31,3.36,3.39,3.44,3.47,3.52,3.49,3.41,3.35,3.04,2.89,2.83
2.93,2.94,2.95,2.97,2.99,3.01,3.03,3.05,3.07,3.08,3.11,3.12,3.14,3.17,3.18,3.13,3.03,3.01,3.03,3.03,3.07,3.11,3.15,3.19,3.22,3.25,3.29,3.33,3.36,3.41,3.46,3.51,3.57,3.61,3.64,3.68,3.72,3.75,3.66,3.65,3.71,3.77,3.86,3.92,3.87,3.68,3.56,3.75,3.86,3.81,3.77,3.90,3.95,3.92,3.90,3.90,3.91,3.91,3.91,3.90,3.92,3.88,3.81,3.79,3.80,3.73,3.64,3.59,3.64,1.78,-0.06,-0.86,0.47,2.53,3.54,3.76,3.69,3.71,3.81,3.87,3.85,3.84,3.86,3.85,3.83,3.79,3.72,3.66,3.62,3.59,3.63,3.63,3.62,3.61,3.61,3.60,3.58,3.58,3.61,3.56,3.58,3.57,3.49,3.29,3.02,2.73,2.42,2.10,1.79,1.48,1.16,0.86,0.56,0.25,-0.05,0.07,1.69,3.39,4.07,4.14,4.24,4.25,4.30,4.34,4.36,4.38,4.36,4.31,4.27,4.27,4.30,4.31,4.29,4.24,4.07,3.96,3.92,3.92,3.75,3.65,3.69,3.77,3.74,3.54,3.45,3.39,3.34,3.38,3.28,3.19,3.13,3.09,3.12,3.13,3.12,3.08,3.01,2.99,2.98,2.94,2.90,2.84,2.81,2.84,2.91,2.99,2.95,2.88,2.85,2.81,2.69,2.59,2.53,2.53,2.49,2.46,2.46,2.51,2.48,2.38,2.33,2.33,2.30,2.27,2.27,2.16,1.78,2.09,2.19,2.22,2.28,2.35,2.40,2.40,2.37,2.37,2.30,2.23,2.18,2.16,2.09,2.07,2.07,2.10,2.12,2.13,2.14,2.16,2.19,2.27,2.38,2.44,2.44,2.39,2.44,2.45,2.42,2.41,2.42,2.40,2.38,2.40,2.34,2.27,2.21,2.22,2.38,2.09,1.88,1.04,-1.57,-2.65,-2.93,-2.88,-2.86,-2.87,-2.84,-1.68,0.11,0.65,2.28,3.09,3.27,3.26,3.34,3.37,3.40,3.43,3.46,3.49,3.49,3.49,3.56,3.51,3.16,2.88
2.90,2.91,2.92,2.94,2.96,2.98,3.00,3.02,3.04,3.06,3.08,3.09,3.12,3.15,3.17,3.13,3.02,2.98,2.99,3.00,3.03,3.08,3.12,3.16,3.20,3.24,3.28,3.32,3.35,3.40,3.45,3.50,3.55,3.59,3.63,3.67,3.71,3.75,3.64,3.64,3.72,3.78,3.86,3.92,3.97,3.99,3.92,3.91,3.88,3.83,3.73,3.88,3.94,3.92,3.89,3.91,3.91,3.91,3.91,3.90,3.91,3.90,3.87,3.83,3.80,3.69,3.59,3.52,2.91,0.60,-0.60,0.02,2.11,3.36,3.77,3.73,3.65,3.75,3.84,3.88,3.86,3.87,3.87,3.86,3.83,3.81,3.73,3.66,3.61,3.59,3.60,3.62,3.66,3.68,3.66,3.64,3.60,3.58,3.62,3.55,3.58,3.58,3.49,3.28,3.00,2.71,2.39,2.05,1.73,1.41,1.09,0.78,0.46,0.14,-0.17,-0.06,1.61,3.35,4.04,4.09,4.16,4.16,4.23,4.27,4.29,4.32,4.31,4.28,4.26,4.26,4.29,4.28,4.26,4.21,4.01,3.89,3.84,3.81,3.67,3.66,3.73,3.80,3.76,3.57,3.44,3.35,3.27,3.28,3.20,3.12,3.07,3.04,3.09,3.12,3.12,3.10,3.00,2.96,2.94,2.91,2.87,2.80,2.81,2.88,2.94,2.99,2.95,2.88,2.83,2.75,2.64,2.56,2.52,2.54,2.48,2.48,2.52,2.58,2.52,2.43,2.39,2.40,2.34,2.27,2.24,2.13,1.75,1.65,1.92,2.18,2.23,2.29,2.33,2.36,2.36,2.34,2.24,2.17,2.16,2.18,2.10,2.08,2.08,2.10,2.16,2.16,2.16,2.19,2.23,2.30,2.36,2.42,2.45,2.37,2.40,2.41,2.39,2.42,2.43,2.41,2.39,2.40,2.34,2.25,2.18,2.17,2.25,1.37,0.74,-0.30,-2.97,-2.93,-2.89,-2.88,-2.90,-2.89,-2.07,-0.33,1.62,2.09,3.13,3.45,3.35,3.29,3.32,3.35,3.37,3.40,3.43,3.45,3.47,3.51,3.66,3.77,3.48,3.12
2.85,2.88,2.89,2.91,2.93,2.95,2.97,2.99,3.01,3.03,3.04,3.06,3.09,3.13,3.16,3.13,3.00,2.93,2.92,2.95,2.98,3.02,3.07,3.12,3.17,3.23,3.28,3.33,3.37,3.41,3.45,3.49,3.53,3.56,3.60,3.65,3.70,3.74,3.67,3.66,3.70,3.77,3.86,3.91,3.96,4.00,4.03,4.00,3.94,3.86,3.75,3.90,3.92,3.89,3.92,3.91,3.91,3.91,3.90,3.90,3.90,3.90,3.88,3.87,3.75,3.62,3.57,3.40,1.37,0.04,0.05,1.35,3.44,3.71,3.72,3.68,3.66,3.83,3.86,3.85,3.85,3.86,3.87,3.83,3.78,3.76,3.67,3.62,3.61,3.62,3.61,3.66,3.72,3.76,3.72,3.71,3.67,3.64,3.64,3.60,3.63,3.65,3.64,3.59,3.60,3.63,3.63,3.51,3.50,3.49,3.48,3.48,3.42,3.44,3.48,3.55,3.74,3.93,4.00,4.00,4.03,4.08,4.18,4.22,4.21,4.28,4.24,4.22,4.23,4.23,4.22,4.19,4.15,4.11,3.93,3.85,3.76,3.66,3.56,3.67,3.76,3.79,3.74,3.64,3.47,3.32,3.24,3.18,3.15,3.09,3.02,2.98,3.05,3.09,3.10,3.08,3.03,2.94,2.89,2.89,2.85,2.78,2.84,2.94,2.93,2.91,2.88,2.84,2.78,2.68,2.59,2.54,2.53,2.50,2.48,2.54,2.61,2.62,2.53,2.51,2.48,2.42,2.40,2.30,2.21,2.16,2.17,0.78,1.40,2.22,2.21,2.24,2.28,2.32,2.32,2.28,2.18,2.14,2.14,2.15,2.15,2.15,2.12,2.11,2.19,2.18,2.22,2.27,2.32,2.34,2.37,2.40,2.43,2.39,2.39,2.40,2.42,2.41,2.48,2.47,2.42,2.38,2.34,2.25,2.18,2.12,2.00,-0.10,-1.77,-2.67,-2.93,-2.88,-2.89,-2.91,-2.92,-2.92,-0.45,1.37,2.28,3.71,3.50,3.37,3.33,3.24,3.25,3.28,3.31,3.34,3.36,3.39,3.42,3.48,3.62,3.81,3.86,3.58
2.80,2.84,2.86,2.88,2.90,2.92,2.94,2.96,2.98,3.00,3.01,3.04,3.07,3.11,3.15,3.16,2.97,2.88,2.89,2.97,2.99,3.04,3.09,3.13,3.17,3.21,3.24,3.29,3.34,3.39,3.44,3.48,3.53,3.56,3.61,3.65,3.70,3.75,3.69,3.67,3.69,3.75,3.80,3.85,3.91,3.98,4.02,4.00,3.95,3.87,3.78,3.91,3.93,3.90,3.91,3.91,3.91,3.90,3.90,3.89,3.89,3.89,3.86,3.76,3.64,3.61,3.50,3.01,0.78,0.30,1.18,2.76,3.69,3.69,3.64,3.65,3.77,3.91,3.90,3.86,3.84,3.85,3.86,3.82,3.76,3.71,3.63,3.60,3.59,3.57,3.62,3.69,3.75,3.79,3.81,3.84,3.84,3.82,3.81,3.81,3.80,3.79,3.76,3.76,3.86,3.92,3.90,3.81,3.79,3.79,3.83,3.88,3.85,3.91,3.99,4.05,4.13,4.19,4.14,4.05,4.02,4.03,4.09,4.14,4.16,4.19,4.19,4.18,4.20,4.23,4.20,4.17,4.12,4.03,3.88,3.79,3.70,3.58,3.46,3.66,3.77,3.76,3.65,3.56,3.44,3.32,3.23,3.16,3.14,3.08,3.01,2.96,2.99,3.02,3.03,2.98,2.94,2.88,2.86,2.86,2.82,2.78,2.80,2.84,2.86,2.85,2.82,2.77,2.70,2.64,2.58,2.55,2.55,2.52,2.49,2.56,2.64,2.63,2.60,2.58,2.56,2.55,2.56,2.36,2.24,2.19,2.17,1.52,1.26,1.54,2.24,2.22,2.20,2.20,2.21,2.21,2.18,2.17,2.17,2.18,2.18,2.16,2.14,2.12,2.19,2.25,2.34,2.45,2.56,2.47,2.43,2.41,2.39,2.40,2.39,2.39,2.41,2.44,2.51,2.44,2.36,2.41,2.38,2.29,1.71,0.58,-0.64,-1.74,-2.51,-2.88,-2.88,-2.87,-2.90,-2.67,-1.98,-0.81,1.24,2.46,2.86,3.59,3.45,3.35,3.29,3.20,3.17,3.21,3.25,3.28,3.30,3.33,3.35,3.39,3.49,3.65,3.90,3.94
2.76,2.81,2.83,2.85,2.87,2.89,2.91,2.93,2.95,2.97,2.99,3.02,3.05,3.09,3.14,3.18,2.97,2.86,2.87,2.97,3.00,3.05,3.10,3.14,3.17,3.20,3.22,3.26,3.32,3.38,3.43,3.48,3.52,3.57,3.61,3.66,3.70,3.74,3.70,3.67,3.67,3.72,3.77,3.81,3.87,3.95,4.00,4.01,3.97,3.87,3.79,3.91,3.94,3.92,3.91,3.91,3.90,3.90,3.90,3.89,3.89,3.88,3.81,3.63,3.56,3.62,3.32,2.32,0.49,0.93,2.34,3.76,3.74,3.63,3.59,3.68,3.90,3.97,3.94,3.89,3.85,3.84,3.85,3.81,3.73,3.65,3.59,3.57,3.56,3.54,3.62,3.71,3.77,3.82,3.88,3.94,3.97,3.97,3.95,3.97,3.95,3.91,3.89,3.90,4.02,4.07,4.02,3.94,3.89,3.87,3.90,3.98,3.96,4.02,4.08,4.14,4.25,4.37,4.09,3.70,3.60,3.91,4.02,4.07,4.11,4.08,4.12,4.14,4.15,4.22,4.20,4.17,4.10,3.97,3.83,3.73,3.64,3.53,3.40,3.64,3.75,3.71,3.57,3.47,3.39,3.31,3.21,3.13,3.13,3.08,3.01,2.96,2.92,2.93,2.93,2.88,2.85,2.85,2.86,2.87,2.81,2.77,2.76,2.76,2.79,2.78,2.75,2.70,2.64,2.61,2.58,2.57,2.58,2.57,2.51,2.57,2.63,2.62,2.65,2.62,2.62,2.66,2.69,2.45,2.31,2.25,2.17,2.20,1.38,1.23,2.27,2.22,2.16,2.13,2.13,2.15,2.19,2.20,2.21,2.22,2.21,2.19,2.18,2.17,2.22,2.31,2.44,2.59,2.75,2.58,2.48,2.41,2.37,2.40,2.38,2.38,2.41,2.47,2.52,2.42,2.32,2.37,2.35,1.94,0.78,-1.06,-2.75,-2.91,-2.87,-2.84,-2.86,-2.88,-2.51,-1.80,-0.76,1.19,2.56,3.21,3.30,3.35,3.36,3.32,3.23,3.15,3.09,3.12,3.17,3.22,3.24,3.27,3.28,3.30,3.35,3.51,3.82,4.09
