2.91,2.91,2.92,2.90,2.87,2.83,2.83,2.82,2.81,2.81,2.78,2.78,2.80,2.85,2.93,3.01,3.03,3.04,3.07,3.08,3.11,3.13,3.12,3.12,3.12,3.09,3.04,3.04,3.02,3.02,3.03,3.05,3.05,3.06,3.08,3.09,3.17,3.21,3.23,3.27,3.36,3.43,3.46,3.47,3.47,3.51,3.54,3.56,3.56,3.59,3.61,3.60,3.58,3.59,3.70,3.82,3.90,3.92,3.93,3.93,3.93,3.94,3.94,3.95,3.95,3.93,3.90,3.71,3.44,3.26,3.21,3.27,3.27,3.23,3.17,3.09,3.23,3.30,3.30,3.24,3.11,3.13,3.22,3.27,3.16,3.17,3.14,3.13,3.17,3.20,3.20,3.23,3.28,3.33,3.33,3.34,3.35,3.36,3.42,3.43,3.42,3.43,3.51,3.52,3.51,3.52,3.55,3.60,3.62,3.67,3.78,3.14,2.53,2.64,4.04,4.11,4.01,4.25,4.24,3.12,0.51,0.16,0.16,0.16,0.13,0.14,0.14,0.12,0.12,0.08,0.08,0.09,0.10,0.10,0.10,0.10,0.10,0.10,0.11,0.15,0.20,0.20,0.15,0.12,0.11,0.14,0.19,0.19,0.18,0.17,0.16,0.15,0.14,0.14,0.15,0.12,0.12,0.12,0.11,0.12,0.11,0.12,0.12,0.11,0.15,0.13,0.10,0.10,0.13,0.12,0.12,0.13,0.09,0.17,0.14,0.08,0.11,0.11,0.14,0.14,0.12,0.14,0.13,0.11,0.10,0.13,0.10,0.09,0.08,0.07,0.15,0.14,0.12,0.10,0.12,0.11,0.02,-0.05,0.00,0.13,0.15,0.13,0.12,0.12,0.13,0.14,0.14,0.14,0.14,0.14,0.15,0.15,0.12,0.14,0.15,0.18,0.31,2.40,3.81,4.44,4.54,4.53,2.95,2.27,2.15,2.15,2.18,2.48,3.10,4.02,3.76,2.87,2.19,2.17,0.36,-0.35,-0.39,-0.40,-0.39,-0.39,-0.38,-0.38,-0.39,-0.40,-0.42,-0.43,-0.44,-0.44,-0.45,-0.45,-0.46,-0.47,-0.45,-0.45,-0.46,-0.47
3.07,3.05,3.04,3.02,2.99,2.97,2.93,2.89,2.86,2.87,2.77,2.74,2.76,2.81,2.89,2.96,2.99,3.01,3.08,3.10,3.12,3.14,3.14,3.14,3.15,3.13,3.10,3.11,3.09,3.08,3.08,3.09,3.05,3.06,3.07,3.06,3.08,3.09,3.13,3.19,3.29,3.35,3.40,3.43,3.43,3.47,3.51,3.54,3.54,3.56,3.57,3.54,3.53,3.58,3.70,3.82,3.89,3.89,3.90,3.90,3.90,3.90,3.91,3.93,3.93,3.93,3.90,3.65,3.35,3.18,3.20,3.26,3.23,3.17,3.11,3.07,3.29,3.36,3.36,3.31,3.08,3.12,3.31,3.46,3.31,3.30,3.21,3.13,3.15,3.15,3.17,3.21,3.24,3.30,3.29,3.28,3.28,3.31,3.36,3.40,3.43,3.45,3.46,3.49,3.50,3.49,3.54,3.56,3.56,3.58,3.70,3.94,4.02,4.02,4.01,4.10,3.98,4.18,4.20,3.28,1.16,0.52,0.59,0.74,0.52,0.69,0.55,0.17,0.12,0.08,0.08,0.10,0.11,0.09,0.10,0.11,0.11,0.08,0.09,0.16,0.24,0.28,0.16,0.11,0.10,0.11,0.21,0.21,0.20,0.19,0.18,0.16,0.14,0.14,0.15,0.13,0.13,0.13,0.11,0.12,0.13,0.14,0.14,0.11,0.15,0.13,0.09,0.08,0.12,0.12,0.11,0.10,0.09,0.17,0.13,0.08,0.10,0.11,0.13,0.13,0.12,0.15,0.13,0.10,0.10,0.14,0.12,0.11,0.10,0.09,0.18,0.17,0.14,0.12,0.15,0.13,-0.04,-0.15,0.03,0.14,0.18,0.22,0.29,0.51,0.48,0.56,0.73,0.85,0.85,0.80,0.74,0.70,0.92,0.84,1.17,0.86,0.95,2.70,3.90,4.44,4.52,4.50,4.47,4.44,4.44,4.41,4.40,4.40,4.40,4.38,4.38,4.38,4.39,4.11,1.01,0.20,-0.09,-0.37,-0.36,-0.36,-0.36,-0.36,-0.38,-0.38,-0.40,-0.41,-0.43,-0.43,-0.44,-0.44,-0.45,-0.46,-0.44,-0.45,-0.47,-0.46
3.22,3.25,3.24,3.22,3.19,3.17,3.14,3.09,3.05,3.05,2.94,2.92,2.94,2.97,2.99,2.97,2.95,2.96,3.01,3.01,3.04,3.08,3.11,3.12,3.13,3.13,3.13,3.15,3.14,3.12,3.12,3.15,3.13,3.14,3.15,3.16,3.15,3.15,3.17,3.20,3.22,3.22,3.29,3.37,3.41,3.45,3.49,3.52,3.53,3.55,3.50,3.50,3.53,3.61,3.70,3.80,3.85,3.86,3.87,3.86,3.87,3.87,3.89,3.89,3.90,3.90,3.85,3.55,3.30,3.20,3.23,3.25,3.21,3.15,3.13,3.18,3.35,3.41,3.41,3.34,3.09,3.04,3.31,3.68,3.65,3.66,3.57,3.42,3.27,3.18,3.18,3.18,3.16,3.17,3.21,3.24,3.28,3.32,3.35,3.37,3.38,3.38,3.37,3.41,3.44,3.46,3.47,3.46,3.47,3.53,3.66,3.84,3.85,3.84,3.88,4.03,3.86,3.90,4.03,3.95,2.87,2.49,3.05,4.03,2.75,3.76,4.45,0.36,0.14,0.12,0.12,0.13,0.12,0.11,0.12,0.15,0.14,0.07,0.08,0.16,0.25,0.26,0.13,0.10,0.10,0.12,0.15,0.19,0.20,0.18,0.17,0.15,0.14,0.13,0.14,0.17,0.16,0.14,0.12,0.13,0.14,0.16,0.17,0.13,0.16,0.14,0.10,0.08,0.12,0.12,0.10,0.09,0.09,0.15,0.12,0.07,0.10,0.10,0.13,0.13,0.12,0.15,0.13,0.11,0.12,0.16,0.17,0.16,0.14,0.13,0.21,0.18,0.15,0.15,0.16,0.14,0.06,0.01,0.10,0.23,0.39,0.65,1.16,2.60,2.43,2.92,3.99,4.76,4.76,4.46,4.06,3.74,3.78,3.72,3.95,4.28,3.44,3.90,4.25,4.41,4.44,4.38,4.34,4.32,4.31,4.29,4.27,4.27,4.28,4.28,4.26,4.27,4.28,4.20,3.41,2.89,1.47,-0.33,-0.33,-0.34,-0.34,-0.35,-0.36,-0.36,-0.38,-0.41,-0.43,-0.44,-0.44,-0.44,-0.45,-0.45,-0.45,-0.45,-0.46,-0.46
3.32,3.36,3.37,3.38,3.38,3.38,3.37,3.35,3.32,3.31,3.23,3.21,3.17,3.12,3.10,3.06,3.02,3.00,3.03,3.03,3.04,3.06,3.09,3.07,3.09,3.11,3.11,3.14,3.13,3.13,3.13,3.17,3.18,3.19,3.21,3.22,3.21,3.20,3.21,3.23,3.23,3.23,3.27,3.33,3.38,3.38,3.40,3.42,3.45,3.49,3.44,3.45,3.52,3.64,3.72,3.79,3.83,3.83,3.84,3.84,3.84,3.84,3.86,3.86,3.87,3.85,3.79,3.49,3.29,3.23,3.26,3.25,3.21,3.15,3.14,3.25,3.44,3.51,3.49,3.42,3.29,3.28,3.47,3.75,3.77,3.78,3.73,3.59,3.38,3.25,3.24,3.25,3.22,3.23,3.30,3.31,3.29,3.28,3.29,3.30,3.33,3.36,3.37,3.40,3.44,3.44,3.42,3.40,3.40,3.44,3.54,3.67,3.71,3.73,3.77,3.95,3.74,3.72,3.85,3.99,2.97,2.71,3.18,4.02,3.19,3.49,3.48,1.29,1.09,1.04,1.00,1.25,1.90,0.99,0.40,0.15,0.14,0.09,0.10,0.14,0.19,0.19,0.12,0.10,0.11,0.13,0.14,0.18,0.20,0.18,0.16,0.15,0.13,0.12,0.12,0.20,0.19,0.17,0.15,0.17,0.18,0.20,0.19,0.13,0.16,0.14,0.11,0.10,0.13,0.12,0.10,0.09,0.11,0.14,0.12,0.11,0.16,0.12,0.13,0.13,0.12,0.16,0.14,0.13,0.14,0.19,0.23,0.13,0.12,0.41,1.09,1.66,1.51,0.87,0.87,0.90,0.94,0.84,0.51,0.70,0.86,1.36,2.20,3.34,3.28,3.58,4.23,4.70,4.67,4.48,4.23,4.08,4.62,4.68,4.56,4.39,4.24,4.27,4.32,4.34,4.31,4.25,4.22,4.19,4.18,4.16,4.15,4.14,4.15,4.17,4.15,4.16,4.17,4.17,4.20,3.59,2.52,1.31,-0.19,-0.31,-0.32,-0.33,-0.34,-0.35,-0.36,-0.38,-0.43,-0.44,-0.44,-0.45,-0.45,-0.45,-0.45,-0.46,-0.46,-0.45
3.39,3.43,3.47,3.51,3.56,3.58,3.60,3.63,3.63,3.59,3.57,3.53,3.43,3.27,3.23,3.20,3.15,3.11,3.12,3.13,3.10,3.07,3.07,3.02,3.06,3.09,3.08,3.09,3.10,3.11,3.13,3.17,3.20,3.22,3.24,3.26,3.25,3.24,3.25,3.26,3.28,3.31,3.31,3.32,3.34,3.29,3.28,3.30,3.33,3.42,3.39,3.41,3.50,3.66,3.75,3.78,3.80,3.80,3.81,3.81,3.81,3.81,3.83,3.83,3.83,3.80,3.72,3.45,3.30,3.26,3.28,3.24,3.21,3.14,3.14,3.32,3.53,3.62,3.60,3.52,3.59,3.66,3.71,3.74,3.78,3.78,3.78,3.70,3.49,3.34,3.34,3.37,3.37,3.39,3.48,3.44,3.32,3.24,3.21,3.23,3.29,3.37,3.41,3.44,3.45,3.43,3.38,3.35,3.34,3.35,3.40,3.49,3.60,3.66,3.68,3.85,3.64,3.60,3.69,3.71,3.15,3.04,3.39,4.00,3.83,3.11,2.67,2.57,2.47,2.37,2.28,2.86,4.39,2.28,0.85,0.21,0.21,0.21,0.15,0.12,0.11,0.11,0.12,0.11,0.12,0.15,0.15,0.19,0.20,0.17,0.15,0.14,0.13,0.12,0.11,0.22,0.23,0.20,0.18,0.23,0.24,0.24,0.21,0.13,0.16,0.17,0.16,0.13,0.13,0.12,0.10,0.10,0.14,0.14,0.20,0.28,0.33,0.24,0.21,0.21,0.21,0.24,0.24,0.23,0.25,0.29,0.36,0.00,0.17,0.87,2.38,3.78,3.46,1.95,1.93,2.01,2.17,1.98,1.08,1.28,1.58,2.41,3.72,4.40,4.50,4.53,4.56,4.60,4.54,4.50,4.47,4.45,4.57,4.61,4.49,4.28,4.20,4.19,4.23,4.24,4.15,4.12,4.09,4.07,4.06,4.04,4.03,4.02,4.03,4.05,4.04,4.05,4.06,4.07,4.11,4.09,4.04,3.33,0.14,-0.18,-0.25,-0.31,-0.32,-0.35,-0.33,-0.35,-0.44,-0.44,-0.45,-0.45,-0.45,-0.45,-0.45,-0.46,-0.45,-0.44
3.43,3.50,3.56,3.61,3.66,3.72,3.73,3.73,3.69,3.63,3.56,3.51,3.44,3.37,3.39,3.41,3.43,3.42,3.31,3.36,3.32,3.25,3.20,3.15,3.15,3.14,3.10,3.02,3.03,3.04,3.07,3.11,3.16,3.19,3.22,3.24,3.24,3.26,3.29,3.32,3.35,3.37,3.38,3.38,3.39,3.37,3.36,3.38,3.42,3.46,3.42,3.43,3.46,3.49,3.58,3.66,3.73,3.79,3.78,3.78,3.78,3.78,3.79,3.77,3.78,3.72,3.55,3.37,3.32,3.32,3.32,3.25,3.18,3.14,3.19,3.39,3.59,3.67,3.69,3.68,3.71,3.72,3.74,3.76,3.77,3.77,3.77,3.73,3.60,3.41,3.43,3.47,3.48,3.51,3.60,3.58,3.51,3.46,3.43,3.41,3.43,3.47,3.42,3.42,3.41,3.40,3.42,3.43,3.43,3.44,3.48,3.57,3.64,3.66,3.61,3.63,3.59,3.61,3.66,3.63,3.39,3.30,3.47,3.83,3.75,3.29,2.99,2.89,2.79,2.68,2.59,2.75,3.24,2.45,2.35,2.42,2.40,2.51,0.91,0.16,0.12,0.13,0.15,0.15,0.14,0.17,0.17,0.17,0.17,0.17,0.15,0.13,0.13,0.15,0.19,0.25,0.25,0.23,0.23,0.28,0.28,0.27,0.25,0.21,0.17,0.62,0.75,0.20,0.17,0.13,0.14,0.22,0.46,0.65,2.04,3.23,2.75,2.37,2.37,2.41,2.34,2.34,2.38,2.42,2.44,2.44,2.43,1.89,1.75,2.19,2.85,3.36,3.24,2.68,2.61,2.54,2.36,2.01,1.48,1.75,2.10,2.88,3.98,4.31,4.38,4.40,4.43,4.46,4.39,4.36,4.32,4.28,4.42,4.43,4.33,4.17,4.07,4.07,4.08,4.08,4.03,4.00,3.97,3.95,3.93,3.92,3.91,3.90,3.90,3.95,3.93,3.93,3.95,3.97,4.02,4.01,3.94,3.61,2.51,2.56,2.65,-0.29,-0.30,-0.37,-0.32,-0.33,-0.45,-0.45,-0.45,-0.45,-0.45,-0.45,-0.45,-0.46,-0.45,-0.43
3.47,3.54,3.62,3.68,3.73,3.80,3.80,3.76,3.71,3.64,3.55,3.50,3.46,3.43,3.48,3.53,3.57,3.58,3.46,3.50,3.45,3.37,3.31,3.26,3.23,3.21,3.18,3.09,3.04,3.03,3.04,3.07,3.13,3.16,3.19,3.22,3.21,3.25,3.29,3.33,3.35,3.37,3.40,3.41,3.41,3.42,3.42,3.45,3.49,3.49,3.48,3.48,3.47,3.44,3.50,3.57,3.65,3.70,3.69,3.69,3.69,3.71,3.71,3.69,3.69,3.62,3.43,3.34,3.34,3.35,3.34,3.26,3.17,3.16,3.25,3.45,3.62,3.71,3.74,3.74,3.78,3.76,3.76,3.77,3.77,3.77,3.77,3.75,3.68,3.50,3.52,3.57,3.60,3.63,3.68,3.67,3.62,3.61,3.57,3.54,3.53,3.55,3.48,3.47,3.46,3.45,3.49,3.49,3.49,3.49,3.50,3.60,3.66,3.64,3.58,3.54,3.56,3.59,3.60,3.55,3.49,3.43,3.48,3.67,3.69,3.48,3.30,3.20,3.10,2.99,2.91,2.85,2.77,2.70,2.61,2.55,2.54,2.64,1.59,1.41,0.87,0.83,1.22,1.38,1.43,1.45,1.47,1.35,1.37,0.60,0.26,0.17,0.16,0.19,0.26,0.63,0.80,0.85,0.86,0.97,0.93,0.90,0.88,0.88,0.95,1.39,1.46,0.85,0.86,0.83,0.82,0.89,1.07,1.20,2.19,3.04,2.71,2.44,2.46,2.49,2.43,2.43,2.47,2.50,2.52,2.52,2.52,2.54,2.67,2.95,3.14,3.16,3.15,3.12,3.02,2.87,2.57,2.21,1.90,2.25,2.64,3.32,4.16,4.23,4.26,4.28,4.30,4.31,4.25,4.22,4.18,4.14,4.28,4.29,4.20,4.06,3.96,3.94,3.94,3.94,3.91,3.88,3.85,3.82,3.80,3.79,3.79,3.77,3.78,3.84,3.82,3.82,3.84,3.88,3.92,3.86,3.78,3.70,3.73,3.17,3.07,0.62,-0.08,-0.35,-0.31,-0.30,-0.45,-0.45,-0.45,-0.45,-0.45,-0.45,-0.46,-0.46,-0.44,-0.42
3.49,3.56,3.65,3.72,3.78,3.80,3.78,3.73,3.66,3.61,3.56,3.52,3.48,3.45,3.49,3.54,3.55,3.54,3.55,3.52,3.47,3.42,3.38,3.36,3.33,3.32,3.33,3.29,3.17,3.07,3.03,3.05,3.09,3.13,3.16,3.18,3.18,3.21,3.24,3.26,3.28,3.31,3.36,3.40,3.42,3.44,3.46,3.50,3.53,3.52,3.56,3.56,3.54,3.53,3.52,3.55,3.55,3.53,3.52,3.52,3.55,3.59,3.60,3.59,3.56,3.49,3.36,3.36,3.36,3.36,3.34,3.27,3.18,3.20,3.31,3.48,3.63,3.73,3.75,3.71,3.79,3.77,3.76,3.77,3.77,3.77,3.77,3.77,3.74,3.59,3.60,3.66,3.72,3.75,3.73,3.68,3.64,3.66,3.63,3.60,3.60,3.60,3.61,3.62,3.61,3.59,3.60,3.54,3.50,3.47,3.46,3.59,3.63,3.62,3.59,3.60,3.56,3.53,3.51,3.48,3.44,3.40,3.41,3.49,3.65,3.66,3.61,3.52,3.42,3.31,3.24,3.17,3.08,3.01,2.91,2.84,2.84,2.94,3.05,2.93,2.67,2.52,3.79,4.36,4.42,4.22,4.29,3.88,2.97,1.64,0.54,0.27,0.21,0.24,0.32,1.51,2.11,2.32,2.34,2.60,2.49,2.40,2.39,2.42,2.83,2.68,2.38,2.27,2.36,2.32,2.29,2.31,2.37,2.39,2.51,2.63,2.61,2.59,2.65,2.68,2.63,2.63,2.66,2.69,2.71,2.71,2.71,2.72,2.83,3.08,3.21,3.23,3.22,3.20,3.13,2.98,2.81,2.60,2.36,2.78,3.20,3.72,4.23,4.15,4.15,4.16,4.17,4.16,4.13,4.10,4.06,4.04,4.14,4.17,4.10,3.96,3.87,3.82,3.81,3.81,3.79,3.75,3.72,3.70,3.68,3.67,3.67,3.65,3.65,3.72,3.71,3.71,3.74,3.78,3.82,3.64,3.54,3.58,3.61,3.56,3.56,2.81,0.44,-0.28,-0.29,-0.26,-0.45,-0.46,-0.45,-0.44,-0.45,-0.45,-0.46,-0.45,-0.44,-0.42
3.54,3.60,3.66,3.72,3.77,3.77,3.77,3.73,3.67,3.62,3.58,3.54,3.49,3.46,3.50,3.55,3.55,3.53,3.53,3.50,3.45,3.41,3.40,3.39,3.37,3.36,3.35,3.33,3.23,3.15,3.11,3.11,3.13,3.16,3.21,3.26,3.26,3.26,3.29,3.33,3.30,3.29,3.31,3.35,3.40,3.42,3.44,3.46,3.49,3.50,3.54,3.55,3.54,3.54,3.55,3.58,3.59,3.57,3.58,3.56,3.55,3.56,3.55,3.55,3.51,3.46,3.41,3.41,3.43,3.42,3.36,3.29,3.21,3.26,3.40,3.52,3.64,3.71,3.75,3.78,3.83,3.80,3.77,3.77,3.77,3.77,3.77,3.76,3.75,3.68,3.69,3.71,3.73,3.74,3.72,3.68,3.68,3.72,3.70,3.67,3.65,3.64,3.64,3.64,3.64,3.64,3.65,3.59,3.57,3.54,3.43,3.52,3.55,3.56,3.55,3.52,3.48,3.46,3.47,3.49,3.45,3.44,3.45,3.48,3.55,3.54,3.54,3.54,3.55,3.52,3.51,3.47,3.38,3.32,3.21,3.13,3.13,3.25,3.48,3.09,2.61,2.94,3.97,4.35,4.42,4.43,4.55,4.40,3.90,3.22,2.72,2.62,2.11,1.70,1.96,2.04,2.21,2.49,2.83,2.94,2.77,2.66,2.64,2.67,3.01,2.88,2.68,2.68,2.75,2.72,2.71,2.72,2.74,2.74,2.75,2.77,2.80,2.80,2.83,2.85,2.84,2.84,2.86,2.88,2.89,2.89,2.89,2.90,2.99,3.21,3.30,3.30,3.29,3.29,3.24,3.10,2.98,2.89,2.85,3.32,3.62,3.90,4.16,4.06,4.05,4.06,4.06,4.04,4.00,3.96,3.90,3.85,4.00,4.03,3.96,3.83,3.76,3.71,3.69,3.68,3.64,3.63,3.60,3.57,3.55,3.54,3.54,3.53,3.53,3.61,3.60,3.61,3.64,3.70,3.74,3.58,3.49,3.51,3.53,3.53,3.53,3.18,2.12,2.12,0.35,-0.23,-0.45,-0.45,-0.45,-0.45,-0.45,-0.45,-0.45,-0.44,-0.42,-0.41
3.54,3.60,3.67,3.71,3.73,3.73,3.74,3.73,3.69,3.64,3.60,3.56,3.51,3.47,3.52,3.55,3.54,3.51,3.49,3.48,3.44,3.41,3.42,3.42,3.41,3.39,3.36,3.35,3.29,3.24,3.20,3.18,3.17,3.21,3.27,3.34,3.37,3.34,3.37,3.41,3.35,3.32,3.32,3.35,3.40,3.42,3.41,3.41,3.44,3.47,3.51,3.53,3.54,3.54,3.58,3.61,3.62,3.62,3.64,3.61,3.58,3.57,3.53,3.54,3.51,3.48,3.49,3.48,3.51,3.49,3.40,3.32,3.25,3.33,3.47,3.56,3.68,3.72,3.78,3.86,3.86,3.81,3.79,3.78,3.77,3.77,3.77,3.76,3.75,3.75,3.76,3.74,3.72,3.72,3.71,3.71,3.73,3.77,3.75,3.73,3.71,3.68,3.65,3.64,3.65,3.67,3.69,3.64,3.64,3.59,3.43,3.46,3.49,3.53,3.54,3.48,3.43,3.42,3.45,3.49,3.45,3.46,3.48,3.48,3.49,3.44,3.46,3.53,3.61,3.63,3.67,3.66,3.60,3.55,3.47,3.40,3.40,3.52,3.70,3.22,2.77,3.45,4.13,4.31,4.29,4.28,4.44,4.52,4.53,4.50,4.50,4.53,3.79,3.16,3.47,2.52,2.33,2.69,3.29,3.31,3.09,2.95,2.93,2.95,3.22,3.12,2.96,2.95,2.97,2.96,2.96,2.98,2.96,2.97,2.98,3.00,3.02,3.01,3.02,3.03,3.04,3.05,3.06,3.07,3.08,3.08,3.08,3.08,3.16,3.34,3.38,3.37,3.37,3.38,3.34,3.22,3.16,3.19,3.31,3.72,3.87,3.97,4.05,3.96,3.96,3.97,3.97,3.93,3.88,3.83,3.76,3.69,3.84,3.86,3.79,3.69,3.64,3.60,3.59,3.56,3.50,3.49,3.47,3.45,3.43,3.42,3.42,3.40,3.40,3.51,3.49,3.50,3.55,3.62,3.67,3.54,3.46,3.46,3.47,3.46,3.47,3.49,3.49,2.62,1.36,0.33,-0.18,-0.41,-0.45,-0.45,-0.45,-0.45,-0.45,-0.43,-0.42,-0.40
3.39,3.52,3.66,3.70,3.65,3.68,3.70,3.72,3.71,3.66,3.62,3.58,3.52,3.48,3.53,3.55,3.53,3.49,3.46,3.46,3.43,3.43,3.45,3.44,3.42,3.41,3.39,3.40,3.36,3.31,3.28,3.26,3.20,3.26,3.35,3.42,3.47,3.48,3.48,3.46,3.45,3.46,3.48,3.48,3.49,3.46,3.40,3.37,3.39,3.44,3.47,3.50,3.52,3.55,3.57,3.59,3.60,3.60,3.62,3.61,3.62,3.62,3.59,3.59,3.57,3.57,3.60,3.59,3.58,3.54,3.48,3.39,3.33,3.40,3.54,3.63,3.78,3.82,3.85,3.91,3.82,3.80,3.79,3.79,3.79,3.79,3.78,3.77,3.77,3.76,3.75,3.74,3.73,3.72,3.73,3.77,3.81,3.81,3.76,3.77,3.78,3.74,3.66,3.67,3.69,3.70,3.70,3.68,3.65,3.59,3.48,3.47,3.54,3.61,3.65,3.62,3.53,3.47,3.45,3.44,3.39,3.39,3.42,3.47,3.53,3.51,3.53,3.57,3.57,3.56,3.57,3.58,3.55,3.57,3.61,3.63,3.63,3.71,3.75,3.60,3.55,4.06,4.17,4.18,4.19,4.23,4.34,4.40,4.39,4.36,4.37,4.37,4.21,4.06,4.00,2.65,2.44,2.86,3.49,3.61,3.38,3.24,3.21,3.23,3.42,3.39,3.28,3.21,3.22,3.20,3.21,3.23,3.20,3.21,3.22,3.23,3.25,3.23,3.23,3.23,3.25,3.25,3.26,3.26,3.27,3.28,3.28,3.27,3.32,3.45,3.46,3.44,3.45,3.47,3.45,3.35,3.41,3.56,3.69,3.73,3.78,3.85,3.90,3.88,3.88,3.89,3.90,3.87,3.80,3.75,3.69,3.60,3.62,3.63,3.60,3.53,3.50,3.50,3.50,3.46,3.38,3.33,3.32,3.31,3.31,3.29,3.30,3.28,3.28,3.39,3.37,3.39,3.44,3.53,3.58,3.47,3.39,3.40,3.43,3.45,3.48,3.51,3.53,3.38,3.50,2.87,1.33,-0.27,-0.44,-0.45,-0.45,-0.45,-0.44,-0.43,-0.42,-0.40
3.37,3.47,3.59,3.62,3.60,3.65,3.67,3.69,3.70,3.68,3.63,3.59,3.54,3.49,3.54,3.55,3.52,3.48,3.45,3.43,3.43,3.44,3.47,3.47,3.46,3.45,3.44,3.43,3.39,3.35,3.31,3.27,3.21,3.29,3.40,3.48,3.55,3.59,3.59,3.56,3.55,3.56,3.57,3.56,3.55,3.52,3.48,3.47,3.49,3.51,3.52,3.53,3.54,3.52,3.56,3.57,3.57,3.59,3.61,3.61,3.61,3.60,3.60,3.60,3.61,3.62,3.64,3.63,3.62,3.59,3.54,3.45,3.36,3.41,3.54,3.64,3.74,3.83,3.89,3.89,3.80,3.79,3.79,3.79,3.79,3.79,3.79,3.78,3.78,3.76,3.77,3.76,3.74,3.73,3.79,3.83,3.84,3.82,3.81,3.81,3.79,3.75,3.69,3.70,3.72,3.74,3.74,3.72,3.65,3.56,3.50,3.50,3.60,3.70,3.76,3.74,3.63,3.55,3.50,3.51,3.48,3.51,3.54,3.55,3.58,3.55,3.53,3.55,3.56,3.57,3.58,3.58,3.58,3.58,3.61,3.62,3.62,3.65,3.69,3.71,3.83,4.22,4.11,4.08,4.10,4.18,4.26,4.30,4.31,4.30,4.28,4.26,4.27,4.27,4.17,3.30,3.16,3.39,3.73,3.81,3.64,3.53,3.50,3.51,3.63,3.61,3.53,3.48,3.48,3.46,3.47,3.48,3.43,3.44,3.45,3.45,3.47,3.45,3.44,3.44,3.45,3.46,3.45,3.44,3.43,3.44,3.44,3.42,3.44,3.52,3.51,3.50,3.50,3.51,3.50,3.46,3.53,3.65,3.69,3.70,3.74,3.78,3.82,3.81,3.82,3.84,3.83,3.80,3.72,3.68,3.62,3.54,3.49,3.47,3.44,3.39,3.36,3.37,3.36,3.32,3.27,3.20,3.19,3.19,3.16,3.17,3.17,3.17,3.18,3.26,3.23,3.28,3.38,3.50,3.50,3.45,3.40,3.38,3.43,3.46,3.49,3.52,3.55,3.63,3.66,3.24,2.39,0.95,0.19,-0.25,-0.45,-0.45,-0.43,-0.43,-0.43,-0.40
3.40,3.45,3.49,3.52,3.57,3.61,3.64,3.66,3.68,3.70,3.65,3.61,3.56,3.50,3.55,3.55,3.51,3.47,3.44,3.40,3.42,3.46,3.49,3.51,3.51,3.51,3.49,3.46,3.42,3.37,3.31,3.24,3.23,3.33,3.44,3.53,3.61,3.66,3.68,3.66,3.64,3.63,3.63,3.62,3.60,3.59,3.59,3.62,3.64,3.64,3.62,3.61,3.58,3.49,3.55,3.55,3.56,3.59,3.60,3.60,3.57,3.56,3.60,3.61,3.63,3.65,3.66,3.64,3.65,3.64,3.59,3.52,3.38,3.40,3.52,3.61,3.65,3.79,3.88,3.84,3.79,3.78,3.78,3.78,3.79,3.80,3.80,3.79,3.79,3.75,3.78,3.79,3.76,3.75,3.85,3.88,3.86,3.83,3.87,3.84,3.79,3.75,3.73,3.73,3.75,3.78,3.80,3.76,3.64,3.54,3.51,3.55,3.65,3.77,3.86,3.83,3.74,3.63,3.58,3.64,3.65,3.71,3.73,3.68,3.65,3.57,3.52,3.51,3.57,3.63,3.64,3.63,3.62,3.59,3.55,3.52,3.49,3.50,3.59,3.70,3.86,4.14,4.00,3.98,4.04,4.13,4.19,4.22,4.25,4.27,4.20,4.18,4.17,4.16,4.16,4.10,4.06,4.01,3.95,3.95,3.86,3.79,3.76,3.76,3.80,3.78,3.74,3.72,3.72,3.70,3.70,3.70,3.64,3.65,3.65,3.65,3.66,3.64,3.64,3.63,3.63,3.64,3.61,3.58,3.56,3.56,3.58,3.54,3.52,3.56,3.55,3.54,3.53,3.53,3.53,3.54,3.58,3.60,3.54,3.65,3.70,3.74,3.76,3.76,3.78,3.79,3.78,3.74,3.65,3.61,3.56,3.49,3.40,3.34,3.30,3.26,3.23,3.23,3.20,3.17,3.17,3.10,3.10,3.08,3.03,3.07,3.06,3.08,3.11,3.14,3.10,3.20,3.35,3.49,3.44,3.46,3.43,3.37,3.44,3.48,3.51,3.54,3.56,3.63,3.68,3.75,3.67,2.61,1.18,0.23,-0.21,-0.43,-0.43,-0.43,-0.43,-0.41
3.42,3.45,3.49,3.52,3.55,3.58,3.61,3.63,3.65,3.67,3.66,3.63,3.58,3.53,3.57,3.54,3.50,3.46,3.43,3.40,3.42,3.46,3.49,3.52,3.56,3.56,3.53,3.49,3.42,3.37,3.33,3.30,3.32,3.41,3.50,3.55,3.62,3.64,3.65,3.66,3.67,3.68,3.69,3.69,3.67,3.65,3.67,3.69,3.70,3.75,3.70,3.68,3.66,3.64,3.66,3.62,3.62,3.64,3.55,3.51,3.49,3.50,3.56,3.59,3.64,3.67,3.66,3.66,3.69,3.68,3.64,3.57,3.48,3.45,3.46,3.47,3.60,3.67,3.71,3.72,3.74,3.77,3.79,3.79,3.79,3.80,3.81,3.81,3.83,3.75,3.78,3.80,3.78,3.77,3.88,3.91,3.90,3.88,3.88,3.86,3.83,3.80,3.74,3.75,3.77,3.79,3.81,3.75,3.66,3.60,3.61,3.62,3.68,3.76,3.83,3.84,3.75,3.70,3.71,3.77,3.82,3.83,3.81,3.78,3.77,3.72,3.68,3.67,3.68,3.68,3.66,3.62,3.58,3.56,3.56,3.55,3.53,3.56,3.58,3.61,3.67,3.79,3.80,3.87,3.97,4.09,4.12,4.15,4.18,4.19,4.14,4.11,4.08,4.03,3.99,3.92,3.89,3.85,3.82,3.86,3.78,3.76,3.76,3.70,3.71,3.68,3.67,3.69,3.66,3.64,3.64,3.64,3.59,3.58,3.57,3.55,3.53,3.54,3.56,3.56,3.55,3.55,3.51,3.50,3.50,3.49,3.48,3.46,3.46,3.47,3.46,3.46,3.46,3.47,3.48,3.48,3.51,3.53,3.52,3.60,3.65,3.69,3.72,3.74,3.75,3.75,3.74,3.69,3.60,3.53,3.47,3.39,3.30,3.23,3.19,3.19,3.19,3.20,3.20,3.20,3.22,3.16,3.16,3.17,3.15,3.17,3.19,3.19,3.19,3.20,3.22,3.28,3.37,3.43,3.44,3.47,3.47,3.42,3.37,3.47,3.53,3.55,3.58,3.64,3.68,3.74,3.77,3.43,3.39,3.95,4.69,-0.35,-0.44,-0.44,-0.43,-0.41
3.43,3.46,3.48,3.51,3.54,3.56,3.59,3.60,3.62,3.64,3.65,3.64,3.60,3.56,3.57,3.54,3.49,3.45,3.42,3.41,3.42,3.45,3.48,3.53,3.57,3.57,3.54,3.50,3.43,3.38,3.33,3.31,3.39,3.48,3.54,3.58,3.61,3.62,3.64,3.66,3.69,3.70,3.71,3.71,3.70,3.70,3.72,3.72,3.71,3.77,3.77,3.75,3.74,3.74,3.73,3.69,3.67,3.68,3.56,3.46,3.42,3.43,3.52,3.57,3.63,3.66,3.66,3.67,3.69,3.70,3.67,3.61,3.55,3.52,3.49,3.47,3.58,3.59,3.60,3.65,3.69,3.73,3.76,3.77,3.78,3.80,3.81,3.83,3.85,3.76,3.79,3.80,3.78,3.83,3.91,3.93,3.92,3.90,3.89,3.87,3.86,3.84,3.78,3.78,3.79,3.81,3.83,3.73,3.65,3.63,3.68,3.66,3.70,3.75,3.80,3.83,3.79,3.79,3.84,3.90,3.94,3.92,3.89,3.89,3.88,3.84,3.81,3.79,3.76,3.73,3.70,3.66,3.62,3.61,3.61,3.59,3.56,3.58,3.55,3.54,3.57,3.61,3.69,3.81,3.93,4.04,4.07,4.09,4.11,4.10,4.08,4.05,4.01,3.96,3.89,3.84,3.80,3.76,3.74,3.78,3.71,3.71,3.73,3.66,3.66,3.64,3.63,3.66,3.63,3.61,3.59,3.58,3.54,3.50,3.50,3.50,3.46,3.48,3.50,3.50,3.48,3.50,3.45,3.44,3.46,3.47,3.41,3.41,3.43,3.44,3.43,3.42,3.42,3.44,3.46,3.46,3.47,3.48,3.49,3.53,3.59,3.65,3.68,3.71,3.72,3.72,3.69,3.62,3.54,3.45,3.37,3.31,3.30,3.24,3.22,3.23,3.22,3.26,3.27,3.28,3.30,3.25,3.25,3.25,3.24,3.21,3.23,3.23,3.22,3.27,3.29,3.33,3.38,3.43,3.46,3.47,3.47,3.45,3.37,3.43,3.50,3.56,3.60,3.64,3.68,3.71,3.72,3.70,3.46,3.66,3.96,0.51,-0.19,-0.42,-0.43,-0.41
3.43,3.46,3.48,3.50,3.53,3.55,3.57,3.58,3.58,3.60,3.63,3.64,3.63,3.58,3.56,3.53,3.48,3.44,3.41,3.41,3.41,3.43,3.47,3.51,3.54,3.54,3.52,3.48,3.44,3.39,3.33,3.30,3.44,3.51,3.55,3.60,3.58,3.61,3.63,3.66,3.70,3.70,3.70,3.69,3.69,3.72,3.74,3.72,3.68,3.69,3.80,3.84,3.82,3.80,3.76,3.74,3.73,3.69,3.63,3.47,3.36,3.35,3.47,3.54,3.59,3.63,3.65,3.66,3.67,3.68,3.68,3.63,3.61,3.61,3.62,3.61,3.59,3.56,3.57,3.63,3.64,3.67,3.70,3.73,3.77,3.79,3.81,3.84,3.85,3.78,3.79,3.78,3.77,3.93,3.94,3.93,3.92,3.90,3.89,3.88,3.87,3.87,3.84,3.82,3.83,3.84,3.85,3.69,3.61,3.63,3.73,3.69,3.70,3.72,3.75,3.81,3.85,3.91,3.99,4.03,4.00,3.98,3.98,3.98,3.97,3.93,3.90,3.87,3.81,3.80,3.78,3.75,3.74,3.74,3.72,3.66,3.58,3.56,3.48,3.49,3.55,3.60,3.68,3.78,3.89,3.99,4.04,4.04,4.03,4.01,4.02,3.99,3.97,3.93,3.87,3.84,3.80,3.74,3.70,3.71,3.65,3.64,3.66,3.67,3.65,3.64,3.63,3.62,3.63,3.59,3.57,3.54,3.46,3.40,3.44,3.48,3.42,3.45,3.46,3.44,3.41,3.48,3.44,3.43,3.45,3.48,3.38,3.40,3.44,3.45,3.46,3.41,3.40,3.44,3.48,3.45,3.45,3.45,3.45,3.42,3.52,3.61,3.64,3.69,3.70,3.69,3.64,3.55,3.48,3.36,3.27,3.27,3.40,3.39,3.37,3.38,3.33,3.38,3.40,3.41,3.44,3.40,3.36,3.33,3.30,3.19,3.19,3.19,3.21,3.34,3.32,3.35,3.41,3.48,3.50,3.47,3.44,3.44,3.44,3.36,3.44,3.57,3.62,3.63,3.67,3.64,3.53,3.40,3.28,3.08,2.77,2.33,0.39,-0.36,-0.44,-0.41
3.42,3.44,3.47,3.49,3.51,3.53,3.55,3.57,3.58,3.61,3.61,3.62,3.62,3.60,3.56,3.52,3.47,3.43,3.39,3.39,3.40,3.41,3.45,3.48,3.49,3.49,3.48,3.45,3.42,3.36,3.31,3.28,3.45,3.53,3.57,3.62,3.62,3.64,3.65,3.66,3.68,3.68,3.67,3.66,3.66,3.69,3.68,3.66,3.64,3.69,3.77,3.80,3.80,3.81,3.84,3.83,3.79,3.73,3.64,3.49,3.34,3.28,3.41,3.51,3.58,3.62,3.64,3.61,3.61,3.62,3.63,3.60,3.60,3.62,3.65,3.65,3.65,3.61,3.58,3.57,3.57,3.56,3.57,3.62,3.70,3.73,3.76,3.80,3.84,3.81,3.78,3.77,3.79,3.94,3.95,3.94,3.92,3.91,3.90,3.89,3.88,3.89,3.88,3.86,3.85,3.82,3.74,3.72,3.72,3.75,3.79,3.75,3.74,3.76,3.78,3.81,3.89,4.01,4.11,4.12,4.08,4.06,4.06,4.07,4.06,4.03,3.99,3.94,3.88,3.88,3.83,3.79,3.82,3.81,3.79,3.74,3.67,3.65,3.57,3.54,3.53,3.49,3.63,3.77,3.87,3.93,3.95,3.97,3.95,3.92,3.93,3.93,3.93,3.93,3.93,3.94,3.90,3.87,3.88,3.84,3.81,3.77,3.74,3.75,3.73,3.70,3.66,3.65,3.63,3.63,3.64,3.64,3.58,3.53,3.53,3.54,3.53,3.56,3.57,3.57,3.56,3.59,3.53,3.48,3.45,3.45,3.47,3.51,3.55,3.54,3.52,3.50,3.50,3.53,3.56,3.54,3.53,3.53,3.52,3.47,3.55,3.63,3.66,3.71,3.73,3.69,3.61,3.52,3.43,3.34,3.31,3.36,3.41,3.40,3.39,3.39,3.37,3.40,3.41,3.41,3.42,3.42,3.39,3.37,3.36,3.20,3.16,3.17,3.24,3.41,3.43,3.43,3.45,3.48,3.47,3.46,3.45,3.44,3.45,3.40,3.39,3.46,3.63,3.62,3.60,3.54,3.42,3.28,3.18,2.96,2.65,2.37,1.49,2.00,3.33,-0.44
3.41,3.43,3.45,3.48,3.50,3.51,3.54,3.56,3.58,3.61,3.60,3.61,3.62,3.61,3.55,3.50,3.46,3.42,3.38,3.37,3.38,3.39,3.42,3.44,3.43,3.44,3.45,3.42,3.39,3.34,3.30,3.31,3.47,3.54,3.59,3.63,3.65,3.66,3.66,3.66,3.65,3.65,3.65,3.64,3.64,3.65,3.63,3.61,3.62,3.71,3.74,3.75,3.77,3.80,3.88,3.87,3.82,3.76,3.65,3.51,3.34,3.22,3.35,3.47,3.55,3.60,3.60,3.56,3.56,3.56,3.57,3.57,3.58,3.62,3.66,3.66,3.68,3.66,3.61,3.56,3.53,3.49,3.49,3.53,3.61,3.65,3.69,3.75,3.80,3.81,3.78,3.78,3.84,3.95,3.95,3.94,3.93,3.92,3.91,3.90,3.90,3.90,3.91,3.90,3.88,3.82,3.67,3.75,3.81,3.85,3.85,3.81,3.81,3.82,3.83,3.84,3.94,4.08,4.20,4.20,4.16,4.15,4.15,4.16,4.14,4.12,4.08,4.02,3.96,3.94,3.87,3.82,3.87,3.86,3.84,3.80,3.76,3.73,3.65,3.59,3.53,3.40,3.58,3.74,3.83,3.85,3.85,3.87,3.87,3.86,3.86,3.87,3.89,3.93,3.99,4.02,3.99,3.99,4.03,3.96,3.95,3.89,3.83,3.83,3.81,3.75,3.71,3.70,3.65,3.67,3.69,3.69,3.66,3.63,3.61,3.60,3.62,3.66,3.66,3.67,3.68,3.66,3.60,3.53,3.47,3.45,3.55,3.61,3.62,3.61,3.58,3.56,3.57,3.60,3.62,3.60,3.59,3.58,3.57,3.51,3.57,3.64,3.68,3.73,3.74,3.68,3.59,3.50,3.38,3.33,3.35,3.43,3.41,3.39,3.38,3.38,3.38,3.39,3.40,3.39,3.39,3.42,3.41,3.38,3.34,3.19,3.14,3.17,3.26,3.43,3.48,3.47,3.46,3.47,3.45,3.45,3.45,3.44,3.45,3.45,3.39,3.38,3.56,3.58,3.52,3.43,3.32,3.21,3.10,2.90,2.63,2.43,2.34,2.73,3.07,0.07
3.39,3.41,3.43,3.46,3.48,3.50,3.53,3.55,3.57,3.59,3.60,3.62,3.64,3.63,3.51,3.47,3.46,3.44,3.40,3.35,3.34,3.36,3.39,3.39,3.38,3.40,3.42,3.40,3.36,3.33,3.34,3.44,3.51,3.56,3.61,3.64,3.65,3.64,3.64,3.64,3.63,3.63,3.62,3.62,3.61,3.60,3.62,3.62,3.63,3.75,3.72,3.71,3.73,3.77,3.79,3.80,3.79,3.75,3.71,3.56,3.36,3.22,3.30,3.42,3.51,3.56,3.54,3.48,3.51,3.52,3.50,3.53,3.54,3.59,3.62,3.61,3.64,3.65,3.65,3.65,3.59,3.54,3.52,3.51,3.47,3.51,3.60,3.68,3.72,3.74,3.76,3.82,3.92,3.95,3.96,3.95,3.94,3.93,3.93,3.91,3.90,3.92,3.93,3.94,3.92,3.86,3.76,3.79,3.83,3.86,3.88,3.87,3.89,3.91,3.91,3.90,4.00,4.12,4.21,4.22,4.23,4.24,4.25,4.25,4.24,4.20,4.16,4.09,4.03,3.98,3.89,3.84,3.87,3.88,3.87,3.86,3.83,3.77,3.67,3.63,3.58,3.42,3.56,3.69,3.75,3.75,3.73,3.76,3.80,3.84,3.84,3.83,3.85,3.92,4.01,4.05,4.04,4.04,4.06,3.99,3.99,3.94,3.89,3.88,3.84,3.79,3.76,3.77,3.72,3.67,3.64,3.62,3.60,3.60,3.61,3.63,3.66,3.70,3.67,3.66,3.70,3.64,3.59,3.53,3.49,3.53,3.57,3.61,3.62,3.61,3.58,3.56,3.56,3.57,3.60,3.59,3.58,3.57,3.57,3.48,3.55,3.64,3.69,3.73,3.72,3.65,3.55,3.45,3.35,3.35,3.40,3.41,3.40,3.39,3.38,3.37,3.37,3.38,3.39,3.38,3.38,3.40,3.41,3.33,3.16,3.13,3.16,3.21,3.25,3.30,3.38,3.41,3.42,3.46,3.47,3.45,3.43,3.42,3.43,3.48,3.46,3.40,3.33,3.45,3.41,3.33,3.24,3.16,3.03,2.84,2.63,2.51,2.38,2.37,2.42,2.50
3.37,3.40,3.42,3.44,3.47,3.49,3.51,3.53,3.56,3.59,3.61,3.63,3.64,3.63,3.56,3.50,3.47,3.46,3.42,3.40,3.39,3.38,3.36,3.35,3.36,3.37,3.38,3.37,3.35,3.32,3.35,3.50,3.54,3.58,3.62,3.64,3.65,3.65,3.64,3.63,3.61,3.60,3.60,3.59,3.59,3.57,3.58,3.61,3.65,3.76,3.72,3.71,3.71,3.73,3.73,3.75,3.72,3.64,3.63,3.53,3.34,3.19,3.29,3.38,3.46,3.51,3.48,3.44,3.45,3.47,3.50,3.53,3.59,3.63,3.62,3.55,3.57,3.59,3.60,3.61,3.58,3.58,3.57,3.56,3.51,3.51,3.56,3.61,3.63,3.69,3.71,3.77,3.86,3.95,3.96,3.95,3.94,3.93,3.93,3.92,3.92,3.94,3.95,3.96,3.91,3.82,3.79,3.83,3.88,3.91,3.93,3.90,3.94,3.96,3.94,3.97,4.05,4.14,4.22,4.24,4.26,4.29,4.32,4.34,4.33,4.28,4.23,4.17,4.11,4.05,3.96,3.89,3.88,3.88,3.88,3.88,3.86,3.82,3.69,3.64,3.61,3.49,3.60,3.66,3.67,3.65,3.74,3.81,3.83,3.83,3.81,3.81,3.82,3.86,3.96,4.03,4.04,4.05,4.08,4.04,4.03,3.99,3.93,3.92,3.88,3.84,3.82,3.83,3.78,3.72,3.70,3.69,3.65,3.64,3.61,3.60,3.64,3.69,3.67,3.68,3.71,3.61,3.55,3.50,3.47,3.52,3.58,3.59,3.60,3.61,3.57,3.55,3.55,3.56,3.58,3.58,3.58,3.56,3.54,3.50,3.57,3.64,3.66,3.68,3.64,3.58,3.50,3.41,3.36,3.39,3.42,3.40,3.38,3.38,3.37,3.36,3.36,3.36,3.37,3.38,3.37,3.38,3.36,3.26,3.13,3.12,3.07,2.98,2.90,2.90,2.58,2.94,3.38,3.41,3.47,3.45,3.43,3.43,3.40,3.44,3.42,3.36,3.28,3.32,3.26,3.20,3.17,3.13,3.00,2.83,2.67,2.58,2.43,2.30,2.27,2.35
3.36,3.39,3.41,3.43,3.46,3.48,3.49,3.52,3.55,3.59,3.61,3.62,3.63,3.64,3.63,3.54,3.49,3.48,3.45,3.46,3.45,3.41,3.35,3.33,3.35,3.36,3.36,3.35,3.34,3.32,3.36,3.54,3.56,3.59,3.61,3.63,3.65,3.66,3.65,3.63,3.60,3.59,3.58,3.57,3.57,3.54,3.54,3.59,3.68,3.76,3.74,3.72,3.71,3.69,3.69,3.70,3.64,3.50,3.51,3.44,3.29,3.15,3.29,3.34,3.41,3.45,3.43,3.40,3.39,3.44,3.52,3.56,3.65,3.69,3.64,3.51,3.51,3.52,3.52,3.51,3.54,3.60,3.63,3.62,3.61,3.58,3.56,3.56,3.56,3.65,3.66,3.67,3.74,3.93,3.95,3.95,3.94,3.93,3.94,3.94,3.94,3.95,3.97,3.98,3.88,3.75,3.82,3.89,3.94,3.96,3.98,3.92,3.97,3.99,3.96,4.04,4.07,4.15,4.22,4.25,4.26,4.31,4.38,4.43,4.41,4.35,4.30,4.24,4.18,4.12,4.03,3.95,3.89,3.88,3.89,3.89,3.89,3.86,3.72,3.65,3.63,3.58,3.64,3.65,3.61,3.57,3.80,3.90,3.90,3.83,3.78,3.80,3.79,3.79,3.88,3.98,4.01,4.04,4.10,4.10,4.08,4.03,3.97,3.96,3.93,3.89,3.87,3.88,3.83,3.80,3.80,3.81,3.76,3.71,3.62,3.57,3.61,3.64,3.67,3.70,3.70,3.58,3.50,3.46,3.45,3.48,3.57,3.58,3.58,3.62,3.57,3.55,3.55,3.56,3.56,3.57,3.57,3.55,3.51,3.54,3.60,3.63,3.61,3.62,3.55,3.50,3.44,3.37,3.40,3.42,3.43,3.41,3.38,3.37,3.36,3.36,3.35,3.34,3.36,3.37,3.36,3.37,3.28,3.19,3.14,3.12,2.93,2.66,2.42,2.39,1.72,2.46,3.35,3.37,3.45,3.44,3.44,3.44,3.38,3.32,3.29,3.28,3.29,3.20,3.11,3.07,3.09,3.08,2.96,2.84,2.72,2.64,2.49,2.36,2.26,2.19
3.36,3.39,3.41,3.43,3.46,3.48,3.50,3.52,3.54,3.57,3.59,3.61,3.62,3.63,3.63,3.58,3.53,3.50,3.46,3.47,3.47,3.45,3.42,3.41,3.42,3.42,3.41,3.37,3.32,3.31,3.37,3.49,3.56,3.58,3.59,3.62,3.63,3.65,3.66,3.65,3.62,3.60,3.58,3.56,3.55,3.53,3.56,3.63,3.73,3.78,3.76,3.75,3.72,3.70,3.68,3.59,3.53,3.52,3.49,3.29,3.15,3.13,3.25,3.32,3.37,3.37,3.31,3.29,3.39,3.50,3.57,3.58,3.61,3.64,3.66,3.63,3.63,3.61,3.54,3.44,3.47,3.53,3.58,3.61,3.62,3.61,3.61,3.62,3.61,3.61,3.60,3.58,3.60,3.79,3.84,3.90,3.96,3.98,3.95,3.95,3.95,3.97,3.99,3.96,3.87,3.79,3.88,3.99,4.00,3.99,4.01,4.01,4.01,4.00,4.01,4.08,4.05,4.10,4.20,4.25,4.26,4.31,4.37,4.41,4.43,4.39,4.33,4.27,4.21,4.15,4.07,3.99,3.92,3.91,3.89,3.89,3.88,3.84,3.72,3.62,3.58,3.62,3.66,3.64,3.64,3.72,3.87,3.93,3.92,3.90,3.87,3.87,3.84,3.81,3.82,3.86,3.94,4.03,4.10,4.13,4.11,4.07,4.01,4.00,3.97,3.94,3.92,3.93,3.86,3.86,3.88,3.91,3.90,3.79,3.74,3.71,3.65,3.59,3.58,3.59,3.57,3.48,3.48,3.50,3.51,3.47,3.54,3.56,3.58,3.62,3.59,3.55,3.54,3.55,3.55,3.56,3.55,3.53,3.50,3.58,3.53,3.49,3.51,3.51,3.52,3.48,3.41,3.38,3.42,3.43,3.42,3.40,3.38,3.36,3.35,3.35,3.34,3.34,3.34,3.35,3.35,3.37,3.24,3.11,3.05,3.05,2.76,2.41,2.08,1.80,2.52,3.07,3.36,3.38,3.39,3.41,3.42,3.41,3.39,2.71,2.77,3.17,3.22,3.12,3.05,3.00,2.97,2.89,2.87,2.83,2.77,2.72,2.54,2.42,2.34,2.26
3.36,3.38,3.40,3.43,3.45,3.47,3.49,3.51,3.53,3.55,3.57,3.59,3.61,3.63,3.63,3.59,3.56,3.52,3.46,3.47,3.47,3.46,3.45,3.46,3.47,3.46,3.44,3.39,3.34,3.35,3.42,3.48,3.57,3.59,3.60,3.62,3.63,3.64,3.66,3.66,3.64,3.62,3.60,3.57,3.55,3.54,3.59,3.68,3.79,3.80,3.78,3.76,3.74,3.71,3.68,3.58,3.51,3.50,3.47,3.19,3.07,3.12,3.23,3.30,3.33,3.29,3.22,3.23,3.37,3.50,3.55,3.56,3.57,3.61,3.65,3.67,3.67,3.65,3.59,3.50,3.51,3.54,3.55,3.56,3.60,3.61,3.63,3.65,3.65,3.64,3.61,3.58,3.57,3.70,3.72,3.81,3.91,3.93,3.93,3.94,3.96,3.98,4.01,3.93,3.84,3.81,3.96,4.01,4.01,4.01,4.03,4.09,4.08,4.07,4.09,4.11,4.08,4.11,4.17,4.24,4.25,4.30,4.35,4.38,4.42,4.40,4.36,4.31,4.25,4.18,4.10,4.02,3.95,3.92,3.90,3.89,3.88,3.83,3.72,3.63,3.59,3.66,3.66,3.66,3.72,3.84,3.91,3.93,3.93,3.93,3.92,3.93,3.91,3.89,3.87,3.88,3.93,3.99,4.04,4.06,4.08,4.08,4.06,4.04,4.01,3.99,3.97,3.96,3.91,3.94,3.97,4.00,4.01,3.93,3.90,3.88,3.81,3.73,3.67,3.61,3.56,3.49,3.51,3.53,3.53,3.47,3.52,3.55,3.59,3.63,3.61,3.55,3.53,3.55,3.56,3.55,3.52,3.50,3.50,3.54,3.43,3.37,3.42,3.44,3.49,3.46,3.41,3.40,3.43,3.43,3.42,3.41,3.38,3.35,3.34,3.34,3.34,3.33,3.33,3.33,3.34,3.29,3.17,3.08,3.05,2.93,2.59,2.20,1.96,2.13,3.05,3.36,3.37,3.38,3.38,3.40,3.41,3.30,2.87,2.26,2.48,3.01,3.08,3.05,3.02,2.96,2.87,2.78,2.77,2.74,2.71,2.73,2.58,2.47,2.39,2.32
3.34,3.37,3.39,3.41,3.44,3.46,3.48,3.51,3.53,3.54,3.56,3.58,3.60,3.62,3.63,3.58,3.56,3.55,3.46,3.47,3.46,3.45,3.44,3.48,3.50,3.50,3.47,3.40,3.39,3.44,3.50,3.51,3.59,3.62,3.63,3.62,3.63,3.64,3.65,3.66,3.67,3.65,3.62,3.60,3.58,3.59,3.64,3.74,3.84,3.83,3.80,3.77,3.75,3.72,3.70,3.65,3.57,3.46,3.43,3.15,3.04,3.13,3.25,3.28,3.28,3.23,3.14,3.21,3.34,3.43,3.47,3.51,3.55,3.59,3.62,3.64,3.66,3.65,3.65,3.67,3.64,3.61,3.54,3.47,3.54,3.59,3.62,3.65,3.69,3.71,3.70,3.67,3.64,3.64,3.59,3.67,3.79,3.81,3.87,3.94,3.97,3.98,4.05,3.90,3.79,3.81,4.05,3.98,3.98,4.01,4.05,4.15,4.17,4.19,4.21,4.12,4.16,4.15,4.14,4.21,4.25,4.29,4.32,4.34,4.40,4.40,4.39,4.35,4.29,4.21,4.12,4.04,3.98,3.92,3.90,3.89,3.87,3.81,3.73,3.67,3.64,3.71,3.65,3.72,3.84,3.92,3.91,3.91,3.92,3.92,3.93,3.96,3.98,4.00,4.03,4.02,3.97,3.94,3.93,3.91,3.99,4.08,4.12,4.09,4.05,4.04,4.01,3.96,3.99,4.02,4.05,4.09,4.11,4.13,4.11,4.08,4.06,4.03,3.91,3.76,3.65,3.60,3.57,3.56,3.54,3.46,3.50,3.55,3.59,3.63,3.64,3.56,3.52,3.55,3.57,3.53,3.47,3.45,3.52,3.41,3.29,3.26,3.33,3.39,3.45,3.45,3.42,3.44,3.45,3.44,3.44,3.42,3.37,3.35,3.33,3.32,3.34,3.33,3.31,3.30,3.32,3.14,3.07,3.10,3.14,2.77,2.42,2.02,2.04,3.29,3.32,3.34,3.37,3.38,3.40,3.42,3.41,3.14,1.88,1.94,2.38,2.81,2.88,2.99,3.03,2.95,2.78,2.75,2.69,2.60,2.55,2.68,2.60,2.52,2.44,2.37
3.33,3.35,3.38,3.40,3.42,3.45,3.47,3.49,3.51,3.53,3.55,3.57,3.59,3.61,3.62,3.60,3.58,3.55,3.49,3.47,3.47,3.46,3.44,3.46,3.46,3.46,3.44,3.40,3.43,3.47,3.51,3.54,3.60,3.63,3.64,3.64,3.64,3.64,3.65,3.66,3.67,3.66,3.64,3.62,3.60,3.56,3.62,3.71,3.78,3.79,3.77,3.75,3.72,3.70,3.67,3.63,3.56,3.44,3.18,3.07,3.06,3.14,3.26,3.22,3.18,3.13,3.08,3.21,3.29,3.37,3.44,3.49,3.54,3.57,3.60,3.63,3.64,3.64,3.66,3.70,3.73,3.70,3.64,3.59,3.61,3.52,3.53,3.58,3.65,3.67,3.70,3.70,3.69,3.71,3.67,3.69,3.74,3.72,3.74,3.80,3.85,3.85,3.87,3.88,3.88,3.90,4.03,3.99,3.99,4.02,4.08,4.19,4.25,4.20,4.08,4.10,4.17,4.18,4.16,4.16,4.24,4.27,4.28,4.30,4.34,4.38,4.39,4.35,4.31,4.23,4.14,4.06,4.00,3.94,3.90,3.88,3.85,3.78,3.68,3.67,3.70,3.71,3.62,3.73,3.87,3.92,3.91,3.91,3.92,3.93,3.94,3.98,4.02,4.05,4.10,4.14,4.12,4.08,4.04,3.98,4.00,4.04,4.08,4.11,4.08,4.06,4.04,4.04,4.08,4.12,4.15,4.18,4.19,4.17,4.16,4.16,4.17,4.08,3.94,3.77,3.62,3.59,3.60,3.60,3.57,3.52,3.52,3.52,3.52,3.52,3.55,3.52,3.52,3.55,3.56,3.50,3.48,3.51,3.58,3.16,3.07,3.10,3.19,3.44,3.42,3.38,3.39,3.46,3.44,3.43,3.43,3.41,3.38,3.37,3.34,3.31,3.31,3.32,3.31,3.28,3.24,3.13,3.09,3.06,2.97,2.60,2.19,1.93,2.14,3.35,3.36,3.36,3.39,3.42,3.42,3.43,3.13,2.50,1.80,1.99,2.31,2.59,2.70,2.79,2.82,2.80,2.74,2.71,2.66,2.58,2.51,2.55,2.49,2.49,2.48,2.44
3.32,3.34,3.36,3.39,3.41,3.43,3.46,3.48,3.50,3.52,3.54,3.56,3.58,3.60,3.62,3.61,3.58,3.54,3.52,3.48,3.47,3.47,3.45,3.44,3.43,3.43,3.42,3.41,3.46,3.49,3.52,3.57,3.61,3.63,3.64,3.65,3.65,3.64,3.65,3.66,3.67,3.67,3.66,3.64,3.61,3.55,3.62,3.69,3.72,3.74,3.73,3.72,3.69,3.67,3.64,3.59,3.54,3.42,2.99,3.00,3.08,3.15,3.26,3.17,3.10,3.06,3.05,3.21,3.25,3.32,3.43,3.48,3.53,3.56,3.59,3.64,3.63,3.64,3.67,3.73,3.80,3.80,3.76,3.71,3.69,3.55,3.52,3.57,3.62,3.63,3.67,3.71,3.73,3.76,3.73,3.73,3.73,3.70,3.67,3.71,3.75,3.77,3.75,3.85,3.92,3.96,4.01,4.00,4.01,4.04,4.11,4.23,4.30,4.21,4.02,4.12,4.19,4.21,4.18,4.15,4.25,4.25,4.23,4.24,4.27,4.33,4.34,4.32,4.30,4.24,4.15,4.07,4.01,3.96,3.90,3.87,3.83,3.74,3.65,3.68,3.74,3.71,3.64,3.76,3.90,3.93,3.92,3.92,3.93,3.93,3.95,4.00,4.05,4.10,4.16,4.23,4.23,4.20,4.15,4.07,4.05,4.05,4.07,4.10,4.10,4.06,4.06,4.10,4.16,4.20,4.23,4.25,4.23,4.18,4.18,4.20,4.22,4.09,3.93,3.76,3.61,3.61,3.64,3.64,3.61,3.57,3.54,3.51,3.48,3.45,3.51,3.51,3.53,3.55,3.54,3.47,3.48,3.49,3.35,2.88,2.85,3.00,3.20,3.48,3.40,3.36,3.39,3.47,3.43,3.41,3.41,3.41,3.38,3.38,3.35,3.31,3.29,3.30,3.30,3.26,3.15,3.12,3.11,3.01,2.76,2.39,1.97,1.96,2.45,3.34,3.38,3.38,3.40,3.44,3.43,3.43,2.91,2.03,1.84,2.06,2.26,2.42,2.57,2.63,2.66,2.67,2.68,2.68,2.64,2.58,2.51,2.46,2.39,2.42,2.47,2.46
3.31,3.33,3.35,3.38,3.40,3.42,3.44,3.47,3.49,3.51,3.53,3.55,3.57,3.59,3.61,3.60,3.58,3.55,3.56,3.49,3.47,3.47,3.46,3.43,3.42,3.43,3.43,3.41,3.46,3.51,3.54,3.59,3.63,3.62,3.62,3.64,3.66,3.66,3.66,3.66,3.66,3.67,3.68,3.65,3.59,3.58,3.67,3.72,3.70,3.67,3.67,3.67,3.66,3.64,3.61,3.55,3.50,3.40,2.96,2.97,3.07,3.17,3.24,3.15,3.06,3.03,3.07,3.19,3.22,3.30,3.41,3.46,3.51,3.55,3.59,3.66,3.65,3.66,3.69,3.77,3.85,3.88,3.87,3.82,3.76,3.73,3.71,3.68,3.64,3.58,3.61,3.67,3.72,3.75,3.75,3.77,3.80,3.82,3.76,3.72,3.73,3.79,3.80,3.80,3.85,3.94,3.98,4.00,4.02,4.07,4.15,4.27,4.29,4.22,4.13,4.21,4.27,4.26,4.21,4.20,4.27,4.22,4.17,4.18,4.18,4.20,4.22,4.23,4.24,4.20,4.15,4.09,4.02,3.97,3.92,3.88,3.82,3.68,3.68,3.72,3.75,3.71,3.76,3.87,3.95,3.94,3.93,3.93,3.94,3.94,3.96,4.03,4.08,4.14,4.23,4.25,4.24,4.23,4.22,4.20,4.15,4.13,4.11,4.06,4.07,4.03,4.04,4.12,4.20,4.24,4.27,4.26,4.20,4.16,4.18,4.20,4.18,4.05,3.89,3.76,3.69,3.68,3.69,3.67,3.64,3.61,3.57,3.55,3.52,3.49,3.55,3.55,3.54,3.53,3.48,3.43,3.49,3.30,2.57,2.59,2.66,2.98,3.49,3.47,3.40,3.41,3.46,3.46,3.42,3.39,3.39,3.40,3.38,3.36,3.34,3.31,3.31,3.27,3.28,3.25,3.08,3.08,3.09,2.91,2.51,2.12,1.75,2.26,3.19,3.38,3.39,3.39,3.39,3.41,3.43,3.42,2.85,1.97,1.95,2.14,2.25,2.34,2.49,2.57,2.59,2.58,2.58,2.65,2.62,2.60,2.56,2.45,2.33,2.31,2.34,2.38
3.29,3.32,3.34,3.36,3.39,3.41,3.43,3.46,3.48,3.50,3.52,3.54,3.56,3.58,3.60,3.60,3.57,3.54,3.55,3.50,3.48,3.47,3.46,3.44,3.43,3.42,3.41,3.44,3.48,3.53,3.56,3.59,3.63,3.61,3.60,3.61,3.63,3.63,3.64,3.65,3.66,3.67,3.68,3.64,3.58,3.63,3.70,3.72,3.69,3.66,3.65,3.63,3.62,3.61,3.58,3.53,3.42,3.24,2.94,3.00,3.10,3.17,3.21,3.13,3.02,2.97,3.04,3.15,3.19,3.26,3.38,3.44,3.49,3.54,3.59,3.64,3.67,3.68,3.73,3.81,3.90,3.95,3.92,3.85,3.88,3.87,3.85,3.81,3.73,3.67,3.68,3.67,3.66,3.69,3.72,3.75,3.79,3.84,3.81,3.79,3.81,3.86,3.85,3.82,3.82,3.86,3.92,3.97,4.03,4.08,4.13,4.21,4.17,4.16,4.20,4.29,4.31,4.29,4.25,4.24,4.29,4.22,4.16,4.16,4.14,4.17,4.19,4.19,4.17,4.14,4.12,4.09,4.04,3.99,3.94,3.88,3.80,3.67,3.72,3.76,3.77,3.72,3.83,3.92,3.96,3.96,3.94,3.94,3.95,3.95,3.98,4.06,4.12,4.18,4.26,4.26,4.27,4.27,4.26,4.26,4.19,4.18,4.18,4.13,4.13,4.06,4.04,4.11,4.17,4.19,4.19,4.18,4.17,4.14,4.15,4.17,4.14,4.05,3.88,3.75,3.72,3.76,3.74,3.70,3.67,3.64,3.60,3.57,3.56,3.54,3.58,3.59,3.58,3.54,3.46,3.46,3.54,3.26,2.23,2.37,2.44,2.84,3.54,3.43,3.37,3.41,3.48,3.46,3.41,3.37,3.36,3.38,3.38,3.36,3.34,3.32,3.30,3.27,3.24,3.18,3.06,3.11,3.02,2.75,2.30,1.88,2.20,2.83,3.40,3.40,3.40,3.41,3.41,3.42,3.42,3.02,2.53,2.14,2.16,2.23,2.29,2.36,2.46,2.48,2.51,2.54,2.58,2.62,2.60,2.58,2.54,2.47,2.32,2.26,2.27,2.30
3.28,3.30,3.33,3.35,3.37,3.40,3.42,3.44,3.47,3.49,3.51,3.53,3.55,3.57,3.59,3.59,3.57,3.54,3.52,3.51,3.49,3.47,3.47,3.45,3.43,3.40,3.39,3.47,3.51,3.55,3.58,3.59,3.63,3.61,3.59,3.58,3.58,3.59,3.61,3.63,3.65,3.66,3.66,3.63,3.56,3.68,3.72,3.72,3.69,3.66,3.64,3.60,3.57,3.58,3.55,3.51,3.34,3.04,2.92,3.04,3.14,3.18,3.17,3.10,2.98,2.92,3.01,3.11,3.15,3.23,3.34,3.43,3.46,3.53,3.60,3.62,3.68,3.72,3.77,3.86,3.94,4.00,3.95,3.87,3.99,3.96,3.95,3.92,3.85,3.82,3.78,3.71,3.62,3.65,3.68,3.72,3.76,3.81,3.85,3.87,3.90,3.94,3.90,3.87,3.81,3.78,3.86,3.94,4.02,4.07,4.09,4.13,4.06,4.09,4.26,4.37,4.35,4.31,4.28,4.29,4.31,4.24,4.17,4.16,4.15,4.17,4.19,4.19,4.12,4.09,4.08,4.07,4.04,3.98,3.93,3.86,3.77,3.70,3.78,3.80,3.78,3.74,3.88,3.95,3.97,3.97,3.94,3.95,3.96,3.97,3.99,4.09,4.16,4.21,4.28,4.28,4.30,4.31,4.29,4.28,4.22,4.24,4.28,4.24,4.23,4.14,4.08,4.10,4.13,4.13,4.10,4.08,4.13,4.11,4.12,4.13,4.09,4.04,3.87,3.75,3.75,3.84,3.79,3.73,3.70,3.67,3.62,3.60,3.59,3.60,3.60,3.64,3.63,3.56,3.45,3.50,3.51,3.11,2.04,2.17,2.30,2.77,3.50,3.40,3.36,3.40,3.48,3.46,3.39,3.35,3.33,3.36,3.37,3.37,3.35,3.32,3.29,3.26,3.19,3.11,3.07,3.14,2.93,2.55,2.11,1.67,2.78,3.40,3.42,3.42,3.41,3.42,3.43,3.42,3.29,2.54,2.18,2.34,2.36,2.31,2.34,2.40,2.43,2.40,2.45,2.54,2.62,2.62,2.60,2.56,2.52,2.49,2.33,2.25,2.23,2.24
3.27,3.29,3.31,3.34,3.36,3.38,3.41,3.43,3.45,3.48,3.50,3.52,3.54,3.56,3.57,3.59,3.58,3.56,3.53,3.53,3.50,3.47,3.47,3.46,3.43,3.40,3.40,3.48,3.52,3.56,3.59,3.61,3.64,3.63,3.61,3.59,3.58,3.58,3.58,3.58,3.60,3.62,3.62,3.59,3.56,3.71,3.74,3.73,3.70,3.67,3.64,3.60,3.57,3.56,3.53,3.49,3.27,2.89,2.94,3.06,3.15,3.18,3.12,3.04,2.99,2.98,3.01,3.05,3.11,3.19,3.28,3.41,3.43,3.51,3.60,3.64,3.70,3.75,3.82,3.90,3.96,3.98,3.96,3.93,3.97,3.96,3.96,3.94,3.91,3.93,3.89,3.83,3.77,3.78,3.76,3.72,3.69,3.76,3.80,3.86,3.92,3.97,3.96,3.91,3.88,3.88,3.91,3.92,3.93,3.96,4.04,4.10,4.16,4.24,4.34,4.45,4.40,4.34,4.32,4.32,4.29,4.26,4.22,4.18,4.23,4.22,4.22,4.24,4.23,4.10,4.00,3.95,3.95,3.84,3.80,3.73,3.66,3.79,3.84,3.82,3.77,3.77,3.90,3.96,3.97,3.97,3.95,3.95,3.96,3.98,4.00,4.12,4.20,4.26,4.29,4.29,4.31,4.32,4.31,4.24,4.27,4.37,4.43,4.27,4.40,4.40,4.30,4.15,4.14,4.11,4.08,4.07,4.02,4.06,4.09,4.08,4.04,3.99,3.89,3.84,3.88,3.87,3.81,3.76,3.73,3.70,3.64,3.63,3.63,3.63,3.62,3.68,3.63,3.50,3.45,3.54,2.89,2.08,1.82,1.91,2.66,3.29,3.47,3.44,3.44,3.46,3.47,3.43,3.38,3.33,3.31,3.33,3.34,3.35,3.35,3.33,3.31,3.22,3.15,3.10,3.09,3.05,2.77,2.35,1.89,1.57,2.76,3.41,3.42,3.42,3.41,3.42,3.43,3.35,2.56,2.30,2.27,2.32,2.26,2.30,2.38,2.42,2.38,2.51,2.60,2.66,2.72,2.76,2.71,2.64,2.57,2.49,2.42,2.32,2.26,2.27
3.26,3.28,3.30,3.32,3.35,3.37,3.39,3.42,3.44,3.47,3.49,3.51,3.53,3.55,3.56,3.58,3.58,3.57,3.53,3.53,3.50,3.48,3.47,3.46,3.44,3.42,3.42,3.49,3.53,3.56,3.60,3.62,3.63,3.63,3.62,3.60,3.59,3.58,3.57,3.57,3.57,3.58,3.58,3.58,3.59,3.71,3.73,3.71,3.68,3.66,3.63,3.60,3.57,3.55,3.50,3.44,3.20,2.85,2.97,3.07,3.14,3.16,3.09,2.97,2.95,2.99,3.02,3.02,3.08,3.16,3.24,3.39,3.42,3.51,3.61,3.67,3.72,3.78,3.85,3.92,3.96,3.96,3.96,3.95,3.95,3.95,3.95,3.95,3.94,3.98,3.95,3.91,3.88,3.87,3.84,3.78,3.74,3.76,3.76,3.82,3.89,3.94,3.94,3.92,3.92,3.94,3.95,3.93,3.92,3.93,3.99,4.03,4.13,4.22,4.28,4.38,4.37,4.36,4.35,4.36,4.30,4.30,4.27,4.22,4.28,4.26,4.26,4.28,4.32,4.12,3.98,3.91,3.89,3.78,3.73,3.69,3.68,3.84,3.86,3.84,3.82,3.85,3.96,3.98,3.97,3.97,3.95,3.96,3.97,3.99,4.02,4.15,4.25,4.30,4.31,4.31,4.31,4.31,4.30,4.26,4.39,4.54,4.57,4.34,4.47,4.49,4.41,4.27,4.28,4.21,4.14,4.09,3.98,4.02,4.04,4.03,4.00,3.96,3.90,3.90,3.97,3.89,3.83,3.79,3.75,3.72,3.67,3.66,3.66,3.66,3.65,3.66,3.59,3.47,3.49,2.94,2.09,1.46,1.60,2.17,3.02,3.51,3.44,3.46,3.47,3.47,3.45,3.39,3.35,3.31,3.28,3.30,3.31,3.33,3.34,3.33,3.30,3.16,3.10,3.11,3.12,2.90,2.56,2.14,1.82,2.12,2.98,3.40,3.42,3.42,3.41,3.41,3.41,3.30,2.13,2.15,2.31,2.28,2.21,2.32,2.41,2.46,2.43,2.58,2.65,2.70,2.76,2.81,2.78,2.73,2.68,2.60,2.51,2.40,2.31,2.27
3.24,3.27,3.29,3.31,3.34,3.36,3.38,3.41,3.43,3.46,3.48,3.50,3.52,3.53,3.56,3.57,3.58,3.56,3.54,3.52,3.50,3.49,3.47,3.47,3.46,3.45,3.47,3.51,3.54,3.57,3.61,3.63,3.61,3.63,3.63,3.61,3.60,3.59,3.58,3.57,3.56,3.55,3.57,3.60,3.64,3.70,3.69,3.66,3.65,3.63,3.62,3.60,3.57,3.56,3.47,3.36,3.15,2.90,3.01,3.09,3.13,3.13,3.05,2.89,2.88,2.97,3.05,3.02,3.07,3.14,3.22,3.36,3.43,3.52,3.63,3.69,3.74,3.81,3.88,3.92,3.95,3.94,3.94,3.94,3.94,3.94,3.95,3.95,3.94,3.97,3.96,3.96,3.96,3.93,3.92,3.91,3.88,3.81,3.73,3.75,3.82,3.88,3.87,3.91,3.95,3.97,4.00,3.98,3.97,3.97,3.96,3.91,3.99,4.08,4.13,4.19,4.29,4.35,4.39,4.41,4.33,4.33,4.32,4.27,4.31,4.30,4.29,4.32,4.38,4.14,4.01,3.94,3.85,3.77,3.71,3.73,3.81,3.87,3.83,3.85,3.92,3.97,4.04,4.00,3.95,3.96,3.95,3.96,3.98,4.01,4.05,4.19,4.28,4.33,4.32,4.32,4.31,4.28,4.25,4.34,4.58,4.74,4.71,4.44,4.46,4.46,4.45,4.44,4.52,4.40,4.25,4.12,3.99,3.97,3.97,3.96,3.96,3.94,3.90,3.93,4.01,3.91,3.86,3.82,3.78,3.73,3.70,3.69,3.69,3.69,3.69,3.61,3.52,3.46,3.55,1.85,1.14,1.17,1.37,2.84,3.38,3.48,3.42,3.45,3.47,3.45,3.41,3.35,3.31,3.27,3.26,3.27,3.29,3.30,3.32,3.32,3.28,3.07,3.06,3.14,3.13,2.71,2.30,1.92,1.85,3.19,3.38,3.40,3.42,3.42,3.43,3.40,3.38,3.26,1.95,2.09,2.30,2.21,2.22,2.35,2.45,2.52,2.57,2.61,2.64,2.69,2.75,2.80,2.83,2.84,2.84,2.79,2.62,2.50,2.39,2.25
3.23,3.25,3.28,3.30,3.32,3.35,3.37,3.40,3.42,3.45,3.47,3.49,3.51,3.52,3.54,3.56,3.57,3.56,3.53,3.52,3.51,3.50,3.48,3.47,3.44,3.44,3.49,3.55,3.57,3.58,3.59,3.60,3.60,3.61,3.62,3.62,3.61,3.60,3.59,3.59,3.61,3.63,3.61,3.61,3.66,3.71,3.70,3.66,3.63,3.61,3.58,3.55,3.53,3.52,3.45,3.20,2.98,2.93,3.04,3.13,3.13,3.06,3.00,2.92,2.88,2.89,2.97,2.98,3.06,3.14,3.21,3.31,3.42,3.51,3.61,3.72,3.77,3.82,3.87,3.91,3.95,3.94,3.93,3.93,3.93,3.93,3.94,3.95,3.95,3.96,3.94,3.94,3.94,3.93,3.94,3.94,3.92,3.85,3.74,3.77,3.81,3.81,3.80,3.84,3.89,3.93,3.97,3.99,4.01,4.04,4.05,3.98,4.01,4.03,4.02,4.06,4.17,4.24,4.29,4.35,4.35,4.36,4.36,4.36,4.34,4.33,4.34,4.35,4.37,4.20,4.07,3.96,3.87,3.83,3.77,3.78,3.86,3.86,3.81,3.89,4.06,4.21,4.22,4.17,4.09,4.03,3.98,3.98,3.99,4.03,4.08,4.22,4.31,4.34,4.34,4.33,4.32,4.30,4.30,4.47,4.65,4.73,4.68,4.50,4.50,4.50,4.49,4.48,4.59,4.48,4.40,4.37,4.25,4.10,4.01,3.98,3.98,3.98,3.92,3.93,4.01,3.93,3.89,3.85,3.80,3.74,3.73,3.72,3.72,3.72,3.69,3.60,3.51,3.49,3.59,1.58,0.84,0.95,1.12,2.98,3.48,3.49,3.46,3.48,3.42,3.39,3.37,3.29,3.31,3.28,3.25,3.25,3.26,3.27,3.27,3.24,3.16,3.09,3.12,3.13,2.96,2.57,2.13,2.15,2.77,3.34,3.39,3.38,3.40,3.42,3.42,3.40,3.07,2.28,1.87,2.03,2.19,2.21,2.27,2.38,2.46,2.51,2.55,2.59,2.63,2.68,2.74,2.79,2.80,2.81,2.82,2.81,2.75,2.70,2.58,2.38
3.22,3.24,3.26,3.29,3.31,3.34,3.36,3.39,3.41,3.44,3.46,3.48,3.50,3.51,3.53,3.55,3.56,3.55,3.53,3.52,3.52,3.51,3.48,3.47,3.42,3.43,3.50,3.59,3.63,3.63,3.61,3.60,3.60,3.60,3.60,3.62,3.62,3.61,3.60,3.61,3.64,3.66,3.62,3.60,3.67,3.71,3.70,3.66,3.62,3.59,3.55,3.52,3.50,3.48,3.40,3.08,2.88,2.97,3.07,3.15,3.11,3.00,2.94,2.93,2.89,2.88,2.95,2.99,3.07,3.13,3.19,3.29,3.40,3.48,3.56,3.69,3.78,3.83,3.87,3.91,3.94,3.93,3.92,3.92,3.92,3.92,3.93,3.94,3.95,3.94,3.93,3.92,3.92,3.91,3.94,3.95,3.94,3.87,3.78,3.80,3.82,3.80,3.80,3.83,3.87,3.91,3.93,3.97,4.01,4.06,4.10,4.04,4.05,4.03,4.00,4.01,4.09,4.14,4.19,4.28,4.33,4.34,4.37,4.40,4.37,4.37,4.38,4.38,4.34,4.22,4.09,3.97,3.88,3.84,3.80,3.83,3.89,3.85,3.84,3.96,4.17,4.37,4.31,4.25,4.17,4.08,4.02,4.01,4.03,4.07,4.11,4.24,4.31,4.33,4.32,4.31,4.31,4.31,4.36,4.59,4.69,4.70,4.63,4.50,4.50,4.50,4.50,4.50,4.62,4.53,4.50,4.52,4.44,4.22,4.07,3.99,3.97,3.97,3.90,3.90,3.97,3.91,3.89,3.87,3.83,3.76,3.75,3.75,3.74,3.73,3.67,3.56,3.51,3.39,2.82,1.13,0.57,0.90,1.59,3.17,3.52,3.49,3.49,3.48,3.40,3.35,3.33,3.23,3.27,3.25,3.23,3.22,3.24,3.24,3.22,3.15,3.06,3.09,3.14,3.09,2.81,2.49,1.97,2.24,3.39,3.42,3.40,3.39,3.40,3.42,3.43,3.29,2.73,1.68,1.86,2.02,2.13,2.22,2.33,2.41,2.46,2.50,2.53,2.57,2.62,2.67,2.72,2.76,2.77,2.78,2.79,2.81,2.83,2.83,2.74,2.53
3.21,3.23,3.25,3.27,3.30,3.33,3.35,3.38,3.40,3.42,3.45,3.47,3.49,3.51,3.52,3.54,3.55,3.55,3.55,3.53,3.51,3.50,3.50,3.47,3.43,3.44,3.52,3.64,3.73,3.74,3.70,3.66,3.61,3.59,3.59,3.60,3.62,3.62,3.62,3.62,3.63,3.62,3.57,3.57,3.66,3.70,3.68,3.66,3.62,3.59,3.55,3.52,3.49,3.46,3.29,3.02,2.90,3.02,3.11,3.12,3.06,2.96,2.87,2.88,2.92,2.99,3.07,3.08,3.10,3.13,3.17,3.30,3.38,3.41,3.45,3.60,3.75,3.82,3.87,3.90,3.94,3.91,3.90,3.90,3.90,3.91,3.93,3.94,3.94,3.93,3.92,3.91,3.90,3.89,3.92,3.94,3.93,3.85,3.86,3.87,3.88,3.89,3.94,3.93,3.92,3.90,3.87,3.90,3.96,4.02,4.05,4.08,4.11,4.13,4.11,4.09,4.05,4.04,4.08,4.22,4.22,4.25,4.31,4.38,4.40,4.42,4.42,4.39,4.28,4.16,4.04,3.95,3.90,3.77,3.81,3.89,3.92,3.85,3.96,4.09,4.24,4.41,4.25,4.17,4.13,4.09,4.09,4.07,4.10,4.15,4.14,4.22,4.26,4.27,4.25,4.24,4.26,4.31,4.43,4.68,4.65,4.64,4.60,4.42,4.42,4.42,4.44,4.52,4.59,4.54,4.51,4.52,4.49,4.30,4.13,3.99,3.91,3.86,3.82,3.83,3.87,3.81,3.83,3.85,3.84,3.79,3.78,3.77,3.75,3.72,3.58,3.47,3.49,3.06,0.63,0.32,0.34,1.14,3.26,3.48,3.50,3.49,3.52,3.46,3.39,3.35,3.30,3.18,3.18,3.18,3.19,3.20,3.24,3.22,3.16,3.09,3.02,3.06,3.07,2.97,2.75,2.49,1.81,2.06,3.41,3.43,3.42,3.42,3.42,3.43,3.44,3.00,2.36,1.81,1.95,2.07,2.16,2.25,2.39,2.41,2.44,2.48,2.52,2.55,2.60,2.66,2.70,2.72,2.73,2.75,2.76,2.78,2.81,2.82,2.80,2.72
3.19,3.22,3.24,3.26,3.29,3.32,3.34,3.36,3.39,3.41,3.43,3.46,3.48,3.50,3.51,3.53,3.54,3.55,3.54,3.54,3.52,3.50,3.49,3.49,3.44,3.46,3.54,3.65,3.73,3.75,3.73,3.70,3.67,3.63,3.60,3.59,3.61,3.64,3.64,3.63,3.63,3.61,3.54,3.51,3.57,3.60,3.61,3.61,3.59,3.56,3.54,3.51,3.48,3.45,3.13,2.95,2.93,3.06,3.16,3.10,3.01,2.93,2.85,2.94,3.00,3.05,3.11,3.13,3.17,3.20,3.23,3.29,3.33,3.37,3.45,3.62,3.75,3.80,3.84,3.90,3.94,3.90,3.88,3.89,3.89,3.91,3.93,3.93,3.93,3.92,3.91,3.90,3.90,3.91,3.95,3.96,3.93,3.85,3.86,3.90,3.95,4.00,4.05,4.04,4.02,3.99,3.93,3.95,3.96,3.96,3.99,4.05,4.10,4.13,4.15,4.14,4.09,4.07,4.11,4.19,4.15,4.13,4.17,4.27,4.30,4.33,4.35,4.32,4.20,4.11,4.02,3.94,3.92,3.82,3.89,3.95,3.92,3.94,4.06,4.16,4.24,4.31,4.20,4.15,4.11,4.09,4.10,4.11,4.13,4.16,4.17,4.24,4.25,4.24,4.22,4.21,4.25,4.31,4.42,4.59,4.57,4.54,4.50,4.38,4.39,4.40,4.43,4.50,4.54,4.53,4.51,4.48,4.44,4.24,4.05,3.93,3.91,3.92,3.90,3.89,3.89,3.81,3.77,3.76,3.76,3.73,3.75,3.73,3.70,3.65,3.51,3.49,3.16,2.17,-0.04,-0.04,0.33,1.42,3.61,3.54,3.51,3.51,3.52,3.45,3.39,3.33,3.28,3.20,3.12,3.11,3.14,3.15,3.21,3.19,3.10,3.00,3.03,3.10,3.01,2.80,2.53,2.16,2.21,2.70,3.42,3.42,3.43,3.43,3.43,3.43,3.42,2.73,2.05,1.92,2.05,2.11,2.19,2.32,2.41,2.41,2.43,2.46,2.50,2.54,2.59,2.64,2.69,2.68,2.69,2.71,2.72,2.74,2.78,2.80,2.81,2.79
3.18,3.20,3.23,3.25,3.28,3.31,3.33,3.35,3.38,3.40,3.42,3.45,3.47,3.49,3.50,3.52,3.54,3.54,3.53,3.53,3.52,3.50,3.49,3.49,3.45,3.48,3.57,3.65,3.70,3.72,3.72,3.72,3.71,3.68,3.63,3.59,3.60,3.66,3.67,3.64,3.62,3.59,3.50,3.44,3.46,3.49,3.51,3.53,3.54,3.52,3.51,3.49,3.46,3.41,2.98,2.90,2.97,3.09,3.20,3.08,2.97,2.90,2.87,3.04,3.09,3.11,3.14,3.18,3.23,3.29,3.31,3.29,3.29,3.35,3.47,3.63,3.73,3.76,3.79,3.87,3.93,3.88,3.86,3.88,3.88,3.92,3.92,3.92,3.93,3.91,3.90,3.90,3.90,3.94,3.99,3.98,3.93,3.85,3.85,3.92,4.03,4.12,4.14,4.13,4.13,4.10,4.03,4.04,3.99,3.95,3.97,4.02,4.05,4.10,4.15,4.15,4.13,4.14,4.18,4.19,4.10,4.03,4.04,4.14,4.15,4.21,4.25,4.24,4.13,4.07,3.99,3.93,3.93,3.89,3.98,3.99,3.92,4.04,4.15,4.21,4.22,4.19,4.16,4.13,4.11,4.08,4.09,4.13,4.15,4.15,4.20,4.26,4.25,4.22,4.20,4.21,4.24,4.29,4.36,4.45,4.47,4.44,4.38,4.34,4.36,4.39,4.43,4.46,4.51,4.53,4.51,4.46,4.35,4.14,3.95,3.86,3.93,4.02,4.01,3.98,3.94,3.84,3.73,3.68,3.67,3.65,3.68,3.66,3.61,3.56,3.46,3.54,2.71,1.06,-0.30,-0.28,0.51,1.88,3.57,3.53,3.53,3.54,3.52,3.44,3.38,3.32,3.26,3.21,3.09,3.08,3.10,3.12,3.17,3.16,3.05,2.95,3.07,3.13,2.94,2.60,2.28,1.97,2.75,3.41,3.42,3.42,3.42,3.43,3.44,3.44,3.27,2.45,1.83,2.01,2.14,2.16,2.24,2.38,2.40,2.40,2.42,2.45,2.49,2.53,2.58,2.63,2.67,2.65,2.66,2.67,2.69,2.71,2.75,2.78,2.79,2.80
3.17,3.19,3.22,3.24,3.27,3.29,3.32,3.34,3.36,3.39,3.41,3.43,3.46,3.48,3.50,3.51,3.53,3.54,3.53,3.52,3.52,3.51,3.48,3.42,3.45,3.52,3.61,3.61,3.63,3.64,3.65,3.66,3.66,3.65,3.65,3.64,3.65,3.69,3.67,3.62,3.58,3.50,3.38,3.31,3.34,3.38,3.40,3.42,3.44,3.45,3.45,3.43,3.39,3.29,2.96,2.95,3.05,3.13,3.15,3.06,2.95,2.89,2.98,3.11,3.20,3.24,3.26,3.28,3.29,3.32,3.37,3.31,3.38,3.41,3.42,3.46,3.57,3.64,3.70,3.78,3.84,3.87,3.87,3.86,3.88,3.92,3.92,3.92,3.91,3.90,3.89,3.91,3.94,3.99,3.97,3.95,3.92,3.90,3.88,3.96,4.10,4.22,4.19,4.17,4.18,4.18,4.15,4.13,4.14,4.13,4.09,4.07,4.00,4.00,4.07,4.12,4.14,4.17,4.20,4.22,4.18,4.12,4.07,4.03,3.99,4.08,4.15,4.16,4.11,4.03,3.95,3.87,3.82,3.92,3.98,3.95,3.90,4.13,4.22,4.24,4.22,4.18,4.16,4.13,4.11,4.10,4.08,4.13,4.16,4.18,4.21,4.25,4.26,4.24,4.22,4.24,4.20,4.19,4.23,4.30,4.34,4.37,4.35,4.26,4.27,4.33,4.38,4.39,4.51,4.54,4.55,4.48,4.24,4.04,3.92,3.88,3.94,4.02,4.01,3.97,3.93,3.86,3.77,3.70,3.64,3.51,3.54,3.51,3.47,3.45,3.47,3.62,2.15,-0.30,-0.61,-0.53,1.21,3.13,3.52,3.58,3.59,3.57,3.53,3.46,3.40,3.35,3.28,3.13,3.14,3.15,3.16,3.18,3.16,3.10,3.06,3.07,3.14,3.02,2.73,2.37,2.07,2.76,3.20,3.41,3.42,3.43,3.42,3.41,3.43,3.43,2.58,2.08,1.94,2.10,2.16,2.23,2.31,2.39,2.39,2.38,2.40,2.43,2.47,2.51,2.56,2.62,2.65,2.62,2.63,2.65,2.67,2.69,2.73,2.75,2.76,2.74
3.17,3.18,3.21,3.23,3.26,3.28,3.30,3.33,3.35,3.37,3.40,3.42,3.44,3.47,3.49,3.50,3.52,3.53,3.53,3.51,3.52,3.51,3.49,3.42,3.47,3.56,3.64,3.61,3.61,3.62,3.63,3.63,3.64,3.65,3.66,3.67,3.67,3.69,3.68,3.62,3.57,3.44,3.30,3.22,3.24,3.26,3.28,3.30,3.33,3.35,3.36,3.36,3.29,3.09,2.95,2.99,3.09,3.16,3.11,3.04,2.95,2.92,3.07,3.19,3.31,3.38,3.36,3.35,3.35,3.38,3.42,3.41,3.47,3.45,3.40,3.43,3.50,3.55,3.60,3.66,3.73,3.79,3.82,3.82,3.87,3.91,3.92,3.91,3.90,3.89,3.90,3.93,3.98,4.01,3.97,3.93,3.92,3.93,3.92,4.01,4.13,4.24,4.23,4.21,4.21,4.22,4.20,4.17,4.19,4.21,4.18,4.15,4.08,4.06,4.09,4.07,4.10,4.14,4.18,4.21,4.21,4.18,4.12,4.05,4.00,4.05,4.07,4.06,4.01,3.95,3.91,3.89,3.87,3.98,3.99,3.95,3.95,4.18,4.25,4.24,4.21,4.18,4.15,4.13,4.12,4.12,4.11,4.13,4.16,4.18,4.21,4.25,4.26,4.25,4.23,4.25,4.20,4.17,4.18,4.19,4.21,4.24,4.27,4.22,4.19,4.24,4.29,4.31,4.48,4.55,4.55,4.45,4.10,3.96,3.90,3.92,3.97,4.01,3.99,3.96,3.91,3.85,3.76,3.70,3.64,3.54,3.53,3.46,3.41,3.45,3.53,3.69,2.64,0.66,-0.51,0.56,2.30,3.63,3.55,3.59,3.62,3.60,3.55,3.48,3.43,3.39,3.32,3.14,3.20,3.20,3.20,3.23,3.17,3.09,3.07,3.11,3.15,2.86,2.49,2.10,1.76,3.05,3.39,3.40,3.42,3.43,3.42,3.41,3.32,2.96,2.21,2.01,2.09,2.16,2.18,2.28,2.37,2.40,2.38,2.36,2.38,2.41,2.45,2.49,2.55,2.59,2.61,2.58,2.60,2.62,2.64,2.68,2.71,2.72,2.72,2.68
3.17,3.17,3.20,3.22,3.25,3.27,3.29,3.31,3.34,3.36,3.38,3.41,3.43,3.45,3.48,3.49,3.51,3.52,3.52,3.51,3.52,3.52,3.50,3.46,3.51,3.58,3.65,3.64,3.63,3.62,3.63,3.64,3.66,3.67,3.67,3.68,3.67,3.69,3.68,3.64,3.59,3.39,3.25,3.16,3.15,3.14,3.16,3.19,3.21,3.23,3.25,3.28,3.18,2.83,2.95,3.04,3.12,3.18,3.08,3.00,2.96,2.98,3.15,3.27,3.44,3.53,3.44,3.40,3.42,3.45,3.48,3.56,3.56,3.46,3.40,3.49,3.50,3.50,3.50,3.52,3.60,3.67,3.72,3.77,3.86,3.90,3.91,3.90,3.89,3.90,3.93,3.97,4.01,4.02,3.99,3.94,3.92,3.95,3.98,4.06,4.13,4.19,4.26,4.26,4.24,4.21,4.19,4.18,4.19,4.22,4.24,4.25,4.24,4.23,4.18,4.02,4.03,4.08,4.13,4.17,4.19,4.21,4.19,4.15,4.14,4.08,4.01,3.94,3.86,3.84,3.88,3.95,4.01,4.06,4.00,3.98,4.05,4.20,4.25,4.22,4.18,4.17,4.15,4.15,4.15,4.15,4.18,4.15,4.15,4.18,4.22,4.25,4.25,4.23,4.22,4.24,4.22,4.19,4.17,4.09,4.06,4.09,4.15,4.22,4.11,4.12,4.17,4.20,4.41,4.54,4.55,4.38,3.94,3.87,3.91,3.98,4.02,4.00,3.97,3.94,3.89,3.81,3.73,3.67,3.65,3.68,3.61,3.48,3.42,3.51,3.62,3.76,3.89,3.24,-0.13,2.57,3.67,3.60,3.63,3.58,3.62,3.63,3.57,3.51,3.45,3.42,3.36,3.19,3.25,3.24,3.23,3.26,3.20,3.12,3.07,3.09,3.13,2.68,2.23,1.79,1.37,2.99,3.40,3.40,3.42,3.42,3.43,3.42,3.14,2.18,2.06,2.16,2.26,2.22,2.19,2.31,2.40,2.41,2.37,2.34,2.36,2.40,2.43,2.47,2.53,2.56,2.55,2.54,2.58,2.60,2.61,2.67,2.69,2.70,2.68,2.62
3.19,3.18,3.21,3.22,3.23,3.26,3.28,3.30,3.33,3.35,3.37,3.39,3.42,3.44,3.46,3.49,3.50,3.51,3.51,3.50,3.52,3.50,3.42,3.44,3.56,3.64,3.66,3.66,3.66,3.65,3.65,3.65,3.66,3.67,3.68,3.69,3.69,3.69,3.70,3.71,3.69,3.35,3.22,3.18,3.13,3.11,3.10,3.10,3.11,3.12,3.14,3.15,3.08,2.88,3.00,3.08,3.13,3.14,3.07,2.98,2.98,3.08,3.25,3.41,3.55,3.63,3.61,3.57,3.54,3.57,3.64,3.65,3.62,3.57,3.54,3.56,3.56,3.52,3.51,3.54,3.55,3.59,3.64,3.69,3.78,3.83,3.85,3.87,3.90,3.93,3.95,3.98,4.01,4.01,3.92,3.89,3.93,3.99,4.01,4.03,4.09,4.17,4.25,4.25,4.23,4.21,4.18,4.18,4.20,4.23,4.26,4.29,4.31,4.31,4.27,4.23,4.19,4.16,4.13,4.07,4.13,4.16,4.18,4.17,4.17,4.14,4.10,4.04,3.97,3.98,4.01,4.05,4.09,4.10,4.02,4.00,4.06,4.21,4.24,4.23,4.20,4.17,4.14,4.13,4.13,4.14,4.19,4.17,4.16,4.18,4.22,4.24,4.24,4.22,4.20,4.21,4.19,4.17,4.16,4.14,4.10,4.07,4.06,4.05,4.02,4.06,4.10,4.13,4.34,4.40,4.35,4.18,3.87,3.81,3.85,3.92,3.97,3.98,3.96,3.92,3.86,3.79,3.71,3.64,3.60,3.62,3.54,3.42,3.38,3.50,3.67,3.77,3.86,3.64,2.34,3.29,3.62,3.54,3.56,3.61,3.64,3.64,3.60,3.53,3.48,3.42,3.35,3.29,3.30,3.27,3.26,3.29,3.18,3.13,3.13,3.10,2.87,2.45,1.99,1.91,2.63,3.24,3.40,3.40,3.41,3.42,3.44,3.42,3.17,2.37,2.17,2.24,2.33,2.28,2.20,2.26,2.32,2.36,2.42,2.35,2.35,2.40,2.42,2.46,2.52,2.54,2.50,2.51,2.54,2.55,2.58,2.64,2.66,2.64,2.62,2.60
3.23,3.22,3.23,3.23,3.23,3.26,3.27,3.29,3.31,3.34,3.36,3.38,3.41,3.43,3.45,3.48,3.49,3.50,3.51,3.50,3.51,3.48,3.38,3.45,3.58,3.66,3.67,3.68,3.68,3.67,3.66,3.66,3.67,3.68,3.69,3.70,3.70,3.69,3.71,3.72,3.60,3.34,3.23,3.19,3.16,3.09,3.07,3.05,3.04,3.03,3.05,3.03,2.98,2.94,3.04,3.11,3.13,3.11,3.05,2.97,3.01,3.16,3.35,3.52,3.64,3.72,3.73,3.72,3.68,3.70,3.77,3.74,3.69,3.67,3.66,3.64,3.63,3.59,3.56,3.57,3.54,3.55,3.58,3.63,3.70,3.74,3.78,3.83,3.88,3.91,3.94,3.96,3.98,4.00,3.89,3.88,3.95,4.04,4.04,4.03,4.06,4.14,4.22,4.24,4.22,4.20,4.18,4.19,4.22,4.25,4.28,4.33,4.38,4.37,4.33,4.35,4.30,4.25,4.18,4.08,4.13,4.15,4.15,4.16,4.17,4.18,4.16,4.12,4.09,4.10,4.11,4.13,4.16,4.13,4.05,4.00,4.04,4.17,4.21,4.22,4.22,4.19,4.15,4.14,4.13,4.13,4.18,4.18,4.17,4.18,4.22,4.24,4.24,4.22,4.19,4.18,4.16,4.15,4.16,4.17,4.12,4.08,4.05,4.02,3.99,4.01,4.03,4.03,4.22,4.24,4.17,4.02,3.82,3.77,3.81,3.89,3.93,3.95,3.94,3.90,3.83,3.76,3.69,3.62,3.56,3.56,3.47,3.38,3.38,3.52,3.71,3.80,3.84,3.86,3.80,3.69,3.57,3.48,3.47,3.60,3.64,3.64,3.62,3.56,3.51,3.43,3.36,3.37,3.34,3.31,3.29,3.30,3.18,3.15,3.18,3.17,2.85,2.28,2.01,2.34,3.40,3.39,3.40,3.40,3.40,3.42,3.43,3.33,3.03,2.49,2.29,2.31,2.37,2.31,2.22,2.23,2.26,2.27,2.37,2.33,2.34,2.39,2.40,2.45,2.51,2.51,2.46,2.48,2.50,2.52,2.56,2.62,2.62,2.60,2.57,2.57
3.30,3.29,3.26,3.24,3.24,3.28,3.28,3.28,3.30,3.32,3.35,3.37,3.39,3.42,3.44,3.46,3.48,3.50,3.51,3.50,3.50,3.47,3.41,3.50,3.57,3.63,3.67,3.67,3.68,3.69,3.69,3.67,3.68,3.70,3.71,3.71,3.72,3.69,3.70,3.62,3.24,3.35,3.29,3.22,3.26,3.10,3.06,3.03,3.00,2.97,2.97,2.93,2.91,3.01,3.08,3.13,3.14,3.09,2.99,2.97,3.04,3.20,3.45,3.57,3.71,3.80,3.80,3.86,3.83,3.82,3.83,3.82,3.80,3.78,3.75,3.71,3.71,3.71,3.68,3.61,3.60,3.57,3.57,3.60,3.61,3.63,3.69,3.75,3.81,3.84,3.87,3.90,3.91,3.96,3.92,3.93,3.99,4.09,4.08,4.07,4.07,4.11,4.18,4.22,4.22,4.19,4.16,4.20,4.23,4.26,4.29,4.38,4.42,4.41,4.34,4.33,4.33,4.32,4.30,4.26,4.24,4.16,4.11,4.11,4.15,4.17,4.16,4.16,4.21,4.19,4.18,4.19,4.22,4.15,4.07,3.99,3.94,4.04,4.15,4.21,4.24,4.23,4.18,4.18,4.16,4.12,4.14,4.17,4.18,4.19,4.23,4.23,4.23,4.21,4.18,4.16,4.13,4.14,4.18,4.16,4.14,4.12,4.14,4.20,4.06,3.98,3.93,3.91,4.01,4.04,4.00,3.91,3.80,3.76,3.82,3.89,3.90,3.91,3.90,3.86,3.79,3.75,3.67,3.59,3.53,3.50,3.41,3.36,3.41,3.59,3.76,3.84,3.86,3.83,3.71,3.62,3.53,3.44,3.37,3.54,3.62,3.64,3.63,3.58,3.55,3.48,3.40,3.41,3.38,3.35,3.32,3.30,3.20,3.18,3.23,3.29,3.18,2.19,2.45,3.22,3.40,3.38,3.38,3.40,3.40,3.40,3.39,3.08,2.63,2.49,2.44,2.39,2.35,2.31,2.25,2.26,2.21,2.13,2.18,2.26,2.32,2.36,2.39,2.44,2.48,2.48,2.42,2.47,2.47,2.50,2.55,2.59,2.57,2.55,2.54,2.54
3.31,3.31,3.30,3.29,3.29,3.29,3.28,3.29,3.32,3.33,3.34,3.36,3.38,3.40,3.43,3.45,3.48,3.49,3.50,3.49,3.50,3.48,3.42,3.53,3.60,3.64,3.67,3.67,3.69,3.69,3.70,3.69,3.69,3.70,3.71,3.72,3.73,3.69,3.64,3.53,3.24,3.35,3.33,3.25,3.20,3.09,3.05,3.02,3.00,2.97,2.93,2.91,2.94,3.06,3.12,3.16,3.14,3.05,2.95,3.02,3.11,3.26,3.56,3.67,3.80,3.91,3.94,3.99,3.94,3.88,3.85,3.83,3.85,3.88,3.86,3.78,3.78,3.79,3.78,3.74,3.73,3.68,3.64,3.61,3.57,3.61,3.66,3.71,3.75,3.77,3.81,3.85,3.87,3.90,3.87,3.91,4.00,4.13,4.11,4.09,4.08,4.10,4.14,4.20,4.21,4.19,4.17,4.21,4.24,4.27,4.30,4.37,4.39,4.36,4.33,4.32,4.33,4.33,4.33,4.32,4.29,4.26,4.23,4.20,4.22,4.16,4.13,4.15,4.22,4.23,4.24,4.23,4.23,4.17,4.10,4.02,3.95,3.99,4.06,4.11,4.13,4.16,4.19,4.21,4.21,4.18,4.15,4.14,4.16,4.20,4.23,4.23,4.21,4.19,4.17,4.14,4.13,4.16,4.20,4.16,4.15,4.17,4.20,4.23,4.14,4.06,4.00,3.94,3.91,3.90,3.87,3.82,3.76,3.75,3.82,3.89,3.88,3.87,3.83,3.79,3.75,3.70,3.63,3.56,3.49,3.39,3.32,3.35,3.47,3.65,3.81,3.88,3.86,3.75,3.61,3.51,3.43,3.36,3.26,3.37,3.44,3.50,3.56,3.58,3.57,3.51,3.45,3.45,3.42,3.38,3.32,3.24,3.19,3.22,3.27,3.29,3.24,2.17,2.52,3.38,3.40,3.38,3.37,3.37,3.39,3.39,3.14,2.86,2.62,2.53,2.49,2.45,2.42,2.38,2.32,2.29,2.20,2.08,2.12,2.18,2.22,2.25,2.31,2.42,2.44,2.44,2.43,2.43,2.43,2.48,2.54,2.56,2.53,2.52,2.52,2.50
3.31,3.32,3.33,3.34,3.34,3.31,3.30,3.32,3.34,3.33,3.34,3.35,3.37,3.39,3.41,3.44,3.47,3.49,3.50,3.48,3.50,3.48,3.42,3.55,3.62,3.66,3.67,3.68,3.69,3.70,3.70,3.71,3.70,3.71,3.72,3.73,3.74,3.70,3.59,3.45,3.33,3.35,3.34,3.27,3.14,3.08,3.04,3.01,3.00,2.97,2.90,2.92,2.99,3.09,3.15,3.17,3.13,3.03,2.93,3.07,3.20,3.34,3.64,3.76,3.90,4.00,4.05,4.10,4.02,3.92,3.85,3.83,3.88,3.94,3.95,3.85,3.85,3.87,3.87,3.87,3.86,3.81,3.73,3.64,3.57,3.62,3.66,3.68,3.70,3.71,3.77,3.81,3.83,3.84,3.83,3.89,4.01,4.16,4.13,4.11,4.10,4.10,4.12,4.17,4.20,4.20,4.18,4.22,4.25,4.28,4.30,4.35,4.33,4.31,4.31,4.31,4.32,4.32,4.32,4.34,4.33,4.35,4.35,4.30,4.30,4.17,4.10,4.12,4.20,4.25,4.27,4.25,4.21,4.18,4.13,4.07,4.00,3.98,4.00,4.01,4.01,4.05,4.16,4.21,4.23,4.23,4.17,4.13,4.15,4.21,4.23,4.23,4.20,4.17,4.16,4.13,4.14,4.18,4.21,4.17,4.17,4.21,4.25,4.24,4.20,4.16,4.10,4.01,3.88,3.81,3.76,3.74,3.73,3.71,3.78,3.85,3.84,3.82,3.75,3.71,3.70,3.63,3.57,3.52,3.44,3.28,3.25,3.36,3.53,3.70,3.84,3.89,3.82,3.66,3.52,3.41,3.35,3.31,3.22,3.24,3.28,3.36,3.45,3.54,3.55,3.52,3.50,3.47,3.43,3.39,3.31,3.20,3.18,3.25,3.29,3.26,3.16,2.30,2.64,3.38,3.40,3.39,3.36,3.35,3.37,3.37,2.90,2.69,2.69,2.57,2.52,2.51,2.49,2.44,2.37,2.31,2.19,2.07,2.10,2.17,2.20,2.21,2.22,2.36,2.38,2.39,2.42,2.38,2.40,2.45,2.52,2.52,2.50,2.50,2.50,2.47
3.31,3.33,3.33,3.34,3.35,3.35,3.35,3.35,3.34,3.32,3.36,3.37,3.38,3.39,3.40,3.43,3.46,3.48,3.48,3.48,3.45,3.44,3.47,3.56,3.63,3.67,3.69,3.69,3.70,3.70,3.70,3.71,3.71,3.72,3.73,3.73,3.71,3.79,3.61,3.34,3.40,3.34,3.29,3.25,3.20,3.08,3.03,3.00,2.97,2.94,2.90,2.95,3.05,3.11,3.19,3.18,3.12,3.04,2.97,3.12,3.29,3.45,3.64,3.81,3.95,4.03,4.05,4.16,4.09,3.95,3.81,3.82,3.86,3.90,3.93,3.92,3.95,3.95,3.96,3.97,3.94,3.92,3.84,3.75,3.72,3.69,3.66,3.65,3.69,3.71,3.76,3.78,3.77,3.83,3.89,3.97,4.06,4.15,4.15,4.14,4.13,4.13,4.13,4.15,4.18,4.19,4.20,4.23,4.27,4.30,4.33,4.31,4.29,4.28,4.28,4.30,4.32,4.32,4.32,4.34,4.33,4.35,4.36,4.33,4.33,4.19,4.09,4.09,4.21,4.21,4.22,4.21,4.16,4.13,4.12,4.12,4.11,4.08,4.06,4.01,3.94,3.88,4.02,4.10,4.15,4.21,4.21,4.16,4.16,4.21,4.22,4.23,4.19,4.14,4.12,4.11,4.15,4.20,4.23,4.19,4.22,4.24,4.24,4.24,4.21,4.18,4.15,4.10,3.98,3.81,3.72,3.71,3.74,3.62,3.62,3.66,3.66,3.75,3.67,3.61,3.64,3.57,3.51,3.44,3.36,3.22,3.27,3.40,3.57,3.70,3.78,3.77,3.68,3.53,3.40,3.40,3.41,3.42,3.41,3.33,3.30,3.28,3.30,3.39,3.41,3.43,3.46,3.43,3.39,3.35,3.30,3.23,3.23,3.27,3.28,3.17,2.78,2.94,3.20,3.41,3.40,3.39,3.37,3.36,3.35,3.36,2.90,2.69,2.70,2.58,2.59,2.58,2.55,2.48,2.37,2.30,2.21,2.11,2.09,2.41,2.60,2.52,2.10,2.18,2.24,2.31,2.36,2.34,2.38,2.44,2.49,2.47,2.50,2.48,2.46,2.45
3.37,3.38,3.35,3.34,3.35,3.36,3.37,3.37,3.36,3.35,3.38,3.38,3.38,3.40,3.41,3.43,3.45,3.47,3.48,3.48,3.43,3.43,3.50,3.58,3.64,3.67,3.68,3.70,3.70,3.71,3.71,3.71,3.72,3.73,3.72,3.71,3.68,3.64,3.51,3.38,3.46,3.37,3.30,3.24,3.19,3.10,3.03,2.98,2.95,2.93,2.92,3.00,3.11,3.15,3.19,3.16,3.11,3.05,3.01,3.16,3.33,3.49,3.65,3.82,3.93,3.98,3.98,4.05,4.02,3.92,3.81,3.82,3.85,3.89,3.92,3.95,3.98,3.99,4.00,4.01,4.00,3.95,3.88,3.82,3.79,3.76,3.72,3.70,3.72,3.73,3.75,3.77,3.81,3.86,3.88,3.95,4.04,4.11,4.15,4.15,4.14,4.14,4.15,4.15,4.17,4.19,4.21,4.24,4.27,4.29,4.30,4.27,4.26,4.26,4.27,4.29,4.31,4.31,4.32,4.34,4.34,4.35,4.36,4.36,4.34,4.19,4.07,4.05,4.17,4.17,4.16,4.13,4.10,4.06,4.08,4.11,4.13,4.12,4.11,4.06,3.98,3.91,3.98,4.01,4.03,4.09,4.16,4.14,4.17,4.22,4.22,4.22,4.18,4.13,4.10,4.12,4.16,4.21,4.23,4.22,4.25,4.25,4.24,4.24,4.22,4.19,4.17,4.12,3.97,3.81,3.74,3.75,3.77,3.64,3.59,3.58,3.55,3.61,3.55,3.53,3.58,3.49,3.44,3.37,3.28,3.20,3.29,3.45,3.62,3.72,3.72,3.66,3.56,3.43,3.38,3.41,3.44,3.44,3.44,3.36,3.30,3.26,3.25,3.31,3.28,3.31,3.36,3.35,3.33,3.30,3.26,3.20,3.30,3.32,3.29,3.19,2.92,3.27,3.42,3.41,3.40,3.39,3.38,3.36,3.28,2.80,2.54,2.56,2.69,2.61,2.63,2.64,2.61,2.53,2.42,2.34,2.25,2.16,2.10,2.54,2.76,2.66,2.28,2.29,2.21,2.19,2.26,2.28,2.35,2.42,2.45,2.44,2.47,2.44,2.41,2.40
3.46,3.45,3.38,3.35,3.35,3.36,3.37,3.38,3.39,3.40,3.40,3.38,3.39,3.43,3.44,3.43,3.44,3.46,3.48,3.47,3.43,3.43,3.53,3.62,3.65,3.66,3.67,3.69,3.71,3.72,3.72,3.72,3.72,3.73,3.71,3.67,3.64,3.34,3.33,3.51,3.50,3.44,3.35,3.25,3.15,3.13,3.03,2.96,2.94,2.93,2.97,3.06,3.17,3.21,3.16,3.13,3.09,3.06,3.06,3.19,3.34,3.49,3.66,3.80,3.89,3.90,3.86,3.85,3.87,3.87,3.83,3.81,3.85,3.88,3.92,3.95,3.97,4.00,4.02,4.01,4.04,3.95,3.88,3.85,3.81,3.83,3.82,3.79,3.79,3.77,3.74,3.79,3.90,3.90,3.84,3.88,3.98,4.05,4.13,4.14,4.13,4.14,4.16,4.17,4.17,4.19,4.22,4.25,4.27,4.27,4.23,4.23,4.24,4.25,4.27,4.29,4.30,4.30,4.32,4.34,4.36,4.35,4.36,4.38,4.34,4.19,4.07,4.02,4.11,4.14,4.09,4.03,4.02,3.98,4.01,4.06,4.09,4.12,4.15,4.14,4.09,4.06,4.00,3.93,3.90,3.93,4.06,4.10,4.16,4.23,4.23,4.20,4.16,4.12,4.08,4.13,4.18,4.22,4.24,4.27,4.26,4.25,4.24,4.23,4.23,4.21,4.17,4.10,3.90,3.81,3.79,3.83,3.83,3.74,3.66,3.57,3.50,3.45,3.41,3.45,3.53,3.39,3.37,3.29,3.20,3.20,3.30,3.50,3.69,3.76,3.65,3.56,3.46,3.37,3.41,3.45,3.44,3.41,3.38,3.35,3.31,3.27,3.26,3.28,3.17,3.16,3.22,3.24,3.27,3.26,3.20,3.14,3.37,3.38,3.32,3.28,3.36,3.42,3.43,3.41,3.40,3.41,3.39,3.36,3.16,1.92,1.98,2.35,2.67,2.66,2.65,2.68,2.67,2.58,2.49,2.39,2.30,2.22,2.11,2.60,2.77,2.70,2.65,2.59,2.26,2.07,2.16,2.19,2.31,2.38,2.40,2.42,2.42,2.40,2.37,2.34
3.48,3.48,3.44,3.42,3.41,3.37,3.37,3.38,3.39,3.40,3.41,3.40,3.41,3.43,3.42,3.44,3.47,3.48,3.48,3.50,3.51,3.52,3.55,3.61,3.63,3.65,3.66,3.68,3.69,3.71,3.72,3.74,3.73,3.73,3.71,3.64,3.47,3.28,3.29,3.40,3.41,3.38,3.33,3.28,3.23,3.15,3.05,2.97,2.93,2.94,2.99,3.08,3.17,3.23,3.16,3.11,3.08,3.08,3.09,3.23,3.34,3.45,3.65,3.79,3.86,3.88,3.87,3.89,3.84,3.82,3.83,3.81,3.85,3.89,3.92,3.96,3.98,4.00,4.00,3.99,4.01,3.97,3.94,3.91,3.87,3.89,3.87,3.84,3.84,3.85,3.79,3.77,3.83,3.92,3.94,3.99,4.03,4.02,4.11,4.12,4.10,4.12,4.15,4.17,4.16,4.14,4.12,4.17,4.22,4.24,4.20,4.21,4.23,4.24,4.27,4.29,4.29,4.30,4.32,4.34,4.36,4.36,4.37,4.38,4.34,4.23,4.11,4.05,4.13,4.09,4.00,3.95,3.98,4.03,4.07,4.06,4.02,4.05,4.10,4.10,4.09,4.11,4.10,4.05,3.99,3.97,4.00,3.92,3.94,4.05,4.10,4.17,4.19,4.16,4.10,4.15,4.21,4.24,4.25,4.26,4.25,4.24,4.23,4.23,4.23,4.21,4.13,3.98,3.85,3.80,3.82,3.84,3.78,3.72,3.66,3.61,3.56,3.51,3.44,3.42,3.45,3.32,3.26,3.22,3.19,3.25,3.41,3.62,3.78,3.82,3.60,3.45,3.32,3.24,3.33,3.41,3.42,3.40,3.38,3.35,3.32,3.31,3.34,3.30,3.22,3.20,3.20,3.11,3.18,3.24,3.23,3.16,3.35,3.42,3.42,3.39,3.43,3.42,3.41,3.40,3.39,3.38,3.38,3.12,2.56,2.02,2.18,2.49,2.73,2.75,2.74,2.72,2.65,2.54,2.47,2.37,2.26,2.20,2.48,2.72,2.78,2.74,2.70,2.66,2.56,2.50,2.49,2.19,2.18,2.21,2.26,2.40,2.38,2.34,2.32,2.34
3.51,3.50,3.49,3.48,3.46,3.40,3.40,3.40,3.39,3.40,3.41,3.42,3.42,3.43,3.42,3.45,3.48,3.49,3.49,3.49,3.52,3.55,3.58,3.60,3.61,3.63,3.65,3.66,3.68,3.69,3.71,3.74,3.74,3.74,3.70,3.59,3.32,3.26,3.29,3.32,3.31,3.30,3.29,3.27,3.23,3.15,3.05,2.97,2.92,2.96,3.03,3.11,3.18,3.21,3.13,3.08,3.07,3.11,3.16,3.31,3.41,3.48,3.63,3.75,3.81,3.84,3.87,3.88,3.81,3.79,3.84,3.82,3.86,3.89,3.92,3.95,3.97,3.99,3.98,3.97,3.98,3.99,3.98,3.96,3.93,3.94,3.91,3.88,3.89,3.90,3.81,3.78,3.83,3.95,4.02,4.06,4.06,4.02,4.10,4.11,4.10,4.10,4.15,4.16,4.14,4.09,4.04,4.11,4.17,4.20,4.19,4.20,4.22,4.24,4.26,4.28,4.29,4.30,4.32,4.34,4.36,4.37,4.37,4.38,4.31,4.20,4.11,4.07,4.12,4.02,3.96,3.96,3.99,4.08,4.11,4.09,4.03,4.03,4.04,4.05,4.06,4.10,4.14,4.11,4.06,4.02,4.01,3.89,3.86,3.94,3.98,4.08,4.13,4.14,4.11,4.16,4.22,4.26,4.26,4.26,4.24,4.23,4.23,4.23,4.23,4.20,4.09,3.89,3.81,3.81,3.83,3.84,3.78,3.73,3.69,3.65,3.62,3.58,3.49,3.43,3.41,3.33,3.24,3.19,3.21,3.32,3.54,3.72,3.82,3.82,3.53,3.34,3.22,3.18,3.29,3.37,3.39,3.37,3.37,3.35,3.35,3.36,3.37,3.32,3.25,3.23,3.20,3.06,3.11,3.18,3.20,3.18,3.31,3.40,3.44,3.44,3.47,3.44,3.42,3.40,3.38,3.37,3.36,2.94,2.18,2.24,2.41,2.62,2.80,2.82,2.77,2.70,2.61,2.50,2.42,2.32,2.20,2.19,2.69,2.79,2.80,2.78,2.75,2.72,2.73,2.73,2.63,2.17,2.11,2.12,2.17,2.32,2.30,2.28,2.29,2.34
3.53,3.52,3.51,3.50,3.48,3.47,3.46,3.43,3.40,3.40,3.41,3.42,3.42,3.43,3.44,3.45,3.46,3.47,3.51,3.44,3.45,3.52,3.60,3.59,3.59,3.61,3.63,3.64,3.66,3.68,3.70,3.71,3.73,3.72,3.66,3.51,3.20,3.29,3.33,3.28,3.21,3.21,3.23,3.20,3.13,3.11,3.04,2.94,2.88,3.01,3.08,3.15,3.19,3.14,3.06,3.02,3.05,3.16,3.28,3.44,3.55,3.60,3.60,3.68,3.72,3.77,3.85,3.82,3.79,3.81,3.86,3.85,3.86,3.89,3.91,3.92,3.95,3.97,3.97,3.96,3.98,3.99,4.00,4.00,4.00,3.99,3.93,3.90,3.94,3.88,3.81,3.82,3.91,4.02,4.07,4.08,4.07,4.05,4.10,4.14,4.14,4.10,4.16,4.15,4.11,4.05,4.00,4.06,4.11,4.14,4.17,4.20,4.22,4.24,4.26,4.28,4.29,4.30,4.32,4.34,4.36,4.37,4.38,4.38,4.26,4.10,4.05,4.08,4.05,3.92,3.97,4.06,4.05,4.13,4.13,4.13,4.15,4.09,4.00,3.97,4.00,4.03,4.08,4.10,4.10,4.08,4.10,4.03,3.98,3.94,3.86,3.94,3.98,4.03,4.10,4.14,4.22,4.28,4.27,4.25,4.24,4.23,4.22,4.22,4.22,4.16,4.02,3.82,3.80,3.84,3.84,3.81,3.83,3.79,3.76,3.72,3.68,3.64,3.57,3.49,3.42,3.45,3.30,3.24,3.28,3.42,3.69,3.81,3.82,3.76,3.42,3.23,3.17,3.21,3.30,3.36,3.36,3.34,3.34,3.33,3.40,3.42,3.34,3.31,3.26,3.23,3.20,3.09,3.07,3.07,3.11,3.20,3.27,3.30,3.36,3.42,3.47,3.48,3.45,3.40,3.38,3.37,3.32,2.84,2.08,2.60,2.65,2.75,2.89,2.87,2.72,2.62,2.55,2.48,2.35,2.21,2.12,2.20,2.70,2.80,2.83,2.83,2.80,2.77,2.76,2.70,2.52,2.12,2.12,2.14,2.14,2.17,2.16,2.21,2.27,2.32
3.56,3.55,3.54,3.52,3.51,3.50,3.49,3.46,3.44,3.44,3.44,3.43,3.43,3.44,3.44,3.46,3.46,3.47,3.49,3.44,3.48,3.59,3.70,3.60,3.59,3.60,3.61,3.62,3.64,3.66,3.68,3.70,3.72,3.70,3.61,3.44,3.23,3.26,3.30,3.29,3.22,3.16,3.14,3.12,3.08,3.03,3.00,2.95,2.92,3.04,3.11,3.16,3.17,3.11,3.03,3.04,3.11,3.21,3.34,3.49,3.61,3.69,3.68,3.70,3.68,3.70,3.78,3.71,3.75,3.81,3.86,3.88,3.88,3.89,3.91,3.92,3.95,3.96,3.96,3.95,3.98,3.99,4.01,4.02,4.02,4.01,3.98,3.95,3.93,3.84,3.80,3.85,3.99,4.08,4.13,4.13,4.10,4.09,4.11,4.13,4.12,4.07,4.11,4.09,4.04,4.00,3.99,4.02,4.09,4.15,4.15,4.19,4.21,4.23,4.25,4.27,4.28,4.30,4.32,4.34,4.36,4.38,4.37,4.32,4.14,4.04,4.03,4.04,3.99,3.98,4.03,4.09,4.12,4.17,4.18,4.18,4.17,4.10,4.05,4.03,4.03,4.03,4.01,4.02,4.05,4.07,4.10,4.07,4.04,4.00,3.93,3.95,3.94,3.93,3.93,4.01,4.10,4.17,4.21,4.24,4.23,4.22,4.23,4.26,4.29,4.12,3.90,3.77,3.83,3.75,3.73,3.78,3.80,3.79,3.77,3.76,3.74,3.70,3.64,3.57,3.49,3.44,3.32,3.28,3.37,3.58,3.74,3.82,3.75,3.53,3.27,3.17,3.17,3.24,3.33,3.34,3.33,3.32,3.32,3.32,3.39,3.39,3.31,3.25,3.23,3.22,3.18,3.06,3.04,3.10,3.19,3.26,3.30,3.35,3.40,3.44,3.48,3.48,3.47,3.44,3.40,3.34,2.93,2.45,2.17,2.61,2.76,2.86,2.92,2.90,2.75,2.61,2.50,2.41,2.30,2.19,2.14,2.22,2.55,2.66,2.73,2.79,2.83,2.82,2.80,2.62,2.25,2.07,2.09,2.12,2.14,2.16,2.18,2.20,2.22,2.27
3.58,3.58,3.56,3.55,3.53,3.53,3.51,3.50,3.48,3.48,3.47,3.44,3.43,3.45,3.45,3.46,3.46,3.47,3.48,3.45,3.52,3.65,3.76,3.61,3.58,3.59,3.59,3.61,3.62,3.64,3.66,3.68,3.69,3.67,3.54,3.35,3.28,3.24,3.27,3.31,3.24,3.12,3.06,3.05,3.04,2.96,2.95,2.95,2.96,3.07,3.14,3.17,3.15,3.08,3.01,3.07,3.16,3.24,3.38,3.52,3.66,3.76,3.75,3.72,3.66,3.66,3.72,3.64,3.71,3.79,3.84,3.89,3.87,3.89,3.91,3.92,3.94,3.95,3.94,3.94,3.97,3.99,4.02,4.04,4.03,4.02,4.02,4.00,3.91,3.81,3.80,3.90,4.06,4.15,4.18,4.17,4.14,4.12,4.13,4.13,4.10,4.04,4.06,4.03,4.00,3.97,3.98,3.99,4.08,4.15,4.12,4.17,4.21,4.23,4.25,4.26,4.28,4.30,4.32,4.34,4.36,4.38,4.35,4.25,4.04,4.01,4.02,4.00,3.94,4.05,4.09,4.10,4.17,4.20,4.21,4.21,4.17,4.10,4.12,4.11,4.08,4.04,3.97,3.96,3.99,4.04,4.07,4.07,4.06,4.05,4.02,4.01,3.95,3.88,3.80,3.89,3.97,4.03,4.08,4.17,4.18,4.20,4.24,4.28,4.31,4.04,3.78,3.74,3.84,3.65,3.61,3.74,3.76,3.76,3.77,3.78,3.77,3.74,3.70,3.64,3.54,3.39,3.31,3.33,3.46,3.72,3.77,3.78,3.63,3.31,3.14,3.11,3.17,3.26,3.33,3.31,3.29,3.29,3.31,3.32,3.36,3.36,3.28,3.18,3.18,3.16,3.11,3.01,3.02,3.15,3.27,3.31,3.34,3.40,3.44,3.45,3.47,3.47,3.48,3.47,3.43,3.32,2.67,2.25,2.38,2.66,2.86,2.95,2.94,2.90,2.77,2.61,2.46,2.34,2.26,2.19,2.17,2.23,2.38,2.49,2.60,2.70,2.80,2.82,2.75,2.46,2.02,2.03,2.07,2.11,2.16,2.18,2.24,2.26,2.28,2.32
3.58,3.58,3.58,3.57,3.56,3.56,3.54,3.53,3.51,3.50,3.49,3.47,3.47,3.46,3.45,3.46,3.46,3.47,3.46,3.45,3.53,3.63,3.69,3.58,3.57,3.58,3.58,3.59,3.61,3.62,3.64,3.66,3.65,3.62,3.46,3.21,3.28,3.28,3.28,3.27,3.21,3.13,3.07,3.02,2.97,2.93,2.89,2.92,3.01,3.09,3.16,3.17,3.12,3.04,3.07,3.14,3.20,3.25,3.41,3.55,3.69,3.78,3.72,3.69,3.69,3.72,3.74,3.71,3.72,3.72,3.73,3.80,3.83,3.87,3.90,3.91,3.93,3.93,3.92,3.94,3.97,4.00,4.01,4.02,4.02,4.03,4.02,3.97,3.88,3.81,3.88,3.98,4.08,4.21,4.24,4.21,4.16,4.12,4.15,4.15,4.10,4.01,4.04,4.03,4.03,4.02,3.97,4.00,4.05,4.10,4.09,4.15,4.19,4.22,4.24,4.26,4.28,4.30,4.32,4.34,4.36,4.37,4.32,4.18,4.01,4.03,4.03,3.96,3.91,4.06,4.12,4.14,4.16,4.17,4.18,4.18,4.16,4.12,4.14,4.15,4.12,4.05,4.00,3.98,3.98,3.97,3.99,4.00,4.02,4.05,4.06,4.08,4.05,3.99,3.92,3.89,3.85,3.82,3.82,3.96,4.01,4.13,4.25,4.26,4.12,3.88,3.72,3.74,3.74,3.57,3.55,3.68,3.73,3.74,3.74,3.74,3.75,3.74,3.74,3.67,3.49,3.31,3.30,3.36,3.52,3.78,3.79,3.63,3.41,3.22,3.06,3.05,3.12,3.20,3.20,3.23,3.26,3.29,3.33,3.34,3.35,3.32,3.25,3.15,3.08,2.98,2.91,2.96,3.06,3.17,3.25,3.31,3.37,3.41,3.44,3.44,3.44,3.45,3.46,3.48,3.46,3.34,2.99,2.77,2.81,2.98,3.03,3.01,2.94,2.81,2.73,2.61,2.47,2.33,2.21,2.17,2.16,2.18,2.23,2.32,2.43,2.52,2.60,2.70,2.41,2.10,2.00,2.05,2.11,2.17,2.22,2.22,2.33,2.52,2.69,2.70
3.58,3.58,3.58,3.57,3.57,3.57,3.56,3.55,3.53,3.53,3.52,3.50,3.49,3.48,3.47,3.47,3.47,3.47,3.46,3.48,3.54,3.60,3.63,3.61,3.58,3.57,3.57,3.58,3.60,3.61,3.62,3.64,3.63,3.56,3.39,3.18,3.24,3.27,3.26,3.22,3.18,3.11,3.05,2.99,2.92,2.86,2.89,2.96,3.05,3.13,3.16,3.13,3.07,2.99,3.08,3.16,3.21,3.26,3.43,3.57,3.71,3.79,3.72,3.70,3.72,3.75,3.76,3.75,3.74,3.74,3.74,3.76,3.79,3.81,3.83,3.88,3.92,3.91,3.92,3.95,3.98,4.01,4.02,4.02,4.02,4.03,4.01,3.95,3.85,3.85,3.93,4.02,4.09,4.19,4.18,4.17,4.16,4.14,4.13,4.11,4.06,4.01,4.04,4.05,4.03,4.00,3.94,3.99,4.05,4.08,4.07,4.12,4.18,4.22,4.24,4.26,4.27,4.29,4.31,4.32,4.33,4.32,4.23,4.05,4.00,4.03,4.01,3.95,3.99,4.09,4.13,4.14,4.16,4.16,4.17,4.17,4.17,4.14,4.16,4.17,4.14,4.07,4.05,4.02,4.00,3.98,3.98,3.94,3.94,3.98,4.02,4.05,4.06,4.03,3.99,3.95,3.88,3.80,3.77,3.83,3.85,3.95,4.07,4.07,3.91,3.76,3.71,3.78,3.72,3.58,3.54,3.61,3.69,3.71,3.71,3.72,3.72,3.72,3.72,3.63,3.43,3.28,3.33,3.46,3.63,3.81,3.69,3.49,3.28,3.14,3.08,3.09,3.13,3.15,3.10,3.13,3.17,3.20,3.26,3.31,3.35,3.33,3.23,3.15,3.03,2.92,2.87,2.96,3.09,3.18,3.25,3.32,3.37,3.40,3.41,3.42,3.42,3.43,3.44,3.45,3.47,3.37,3.21,3.10,3.10,3.13,3.11,3.05,2.94,2.79,2.70,2.58,2.45,2.32,2.22,2.21,2.20,2.18,2.18,2.23,2.28,2.35,2.44,2.53,2.23,2.00,2.02,2.10,2.16,2.23,2.28,2.28,2.47,2.67,2.82,2.84
3.58,3.57,3.57,3.57,3.57,3.57,3.56,3.56,3.56,3.56,3.55,3.53,3.51,3.50,3.49,3.48,3.48,3.47,3.48,3.52,3.55,3.57,3.58,3.66,3.60,3.55,3.56,3.57,3.58,3.59,3.60,3.62,3.62,3.50,3.34,3.22,3.18,3.24,3.23,3.17,3.15,3.08,3.02,2.96,2.89,2.79,2.91,3.03,3.10,3.16,3.14,3.08,3.00,2.94,3.08,3.17,3.22,3.27,3.45,3.60,3.72,3.79,3.72,3.74,3.76,3.77,3.78,3.77,3.77,3.79,3.81,3.76,3.76,3.74,3.74,3.84,3.89,3.90,3.91,3.96,3.99,4.02,4.03,4.03,4.03,4.02,3.99,3.92,3.82,3.90,3.98,4.05,4.11,4.13,4.07,4.09,4.14,4.17,4.09,4.04,4.01,4.02,4.05,4.06,4.03,3.96,3.89,3.97,4.05,4.08,4.05,4.08,4.15,4.21,4.23,4.26,4.27,4.28,4.29,4.30,4.30,4.24,4.10,3.90,4.00,4.02,3.97,3.94,4.11,4.13,4.12,4.13,4.17,4.17,4.17,4.17,4.17,4.17,4.17,4.17,4.16,4.11,4.11,4.07,4.04,4.05,4.02,3.90,3.84,3.87,3.93,3.98,4.01,4.03,4.04,4.03,3.97,3.89,3.82,3.76,3.70,3.73,3.80,3.80,3.70,3.67,3.72,3.83,3.76,3.65,3.57,3.56,3.66,3.68,3.68,3.69,3.69,3.70,3.67,3.56,3.36,3.28,3.39,3.58,3.76,3.81,3.53,3.35,3.20,3.07,3.15,3.18,3.16,3.10,3.04,3.03,3.04,3.08,3.14,3.24,3.35,3.35,3.22,3.16,3.00,2.91,2.92,3.00,3.10,3.19,3.27,3.33,3.36,3.37,3.38,3.39,3.41,3.42,3.40,3.41,3.46,3.40,3.35,3.32,3.29,3.18,3.14,3.06,2.94,2.81,2.68,2.55,2.42,2.31,2.25,2.28,2.27,2.20,2.17,2.18,2.17,2.19,2.31,2.33,2.14,2.02,2.08,2.17,2.23,2.29,2.34,2.33,2.63,2.75,2.80,2.85
3.58,3.57,3.57,3.57,3.57,3.56,3.56,3.56,3.56,3.56,3.55,3.54,3.54,3.53,3.53,3.51,3.51,3.51,3.51,3.52,3.51,3.51,3.53,3.58,3.56,3.54,3.55,3.56,3.57,3.57,3.57,3.57,3.56,3.46,3.34,3.24,3.18,3.19,3.23,3.24,3.15,3.08,3.01,2.96,2.93,2.87,2.97,3.07,3.13,3.16,3.10,3.03,2.98,2.95,3.10,3.19,3.26,3.32,3.49,3.63,3.73,3.77,3.72,3.74,3.77,3.78,3.79,3.79,3.78,3.81,3.85,3.81,3.80,3.76,3.74,3.81,3.83,3.86,3.90,3.93,3.99,4.01,4.02,4.02,4.04,4.00,3.94,3.87,3.81,3.95,4.05,4.11,4.11,4.09,4.00,4.00,4.06,4.09,4.10,4.04,4.01,4.03,4.06,4.10,4.09,4.04,3.96,4.03,4.09,4.11,4.08,4.11,4.13,4.15,4.16,4.21,4.23,4.24,4.26,4.27,4.26,4.19,4.07,3.95,4.02,4.00,3.99,4.01,4.13,4.13,4.12,4.12,4.17,4.18,4.16,4.16,4.16,4.17,4.17,4.18,4.16,4.12,4.13,4.12,4.10,4.08,4.01,3.94,3.90,3.90,3.88,3.84,3.86,3.91,3.97,3.99,3.99,3.97,3.94,3.88,3.82,3.77,3.74,3.73,3.72,3.66,3.66,3.75,3.77,3.70,3.63,3.59,3.63,3.64,3.65,3.66,3.66,3.65,3.59,3.46,3.30,3.33,3.49,3.67,3.80,3.79,3.49,3.29,3.14,3.02,3.12,3.19,3.18,3.11,3.06,3.06,3.03,3.01,3.01,3.09,3.21,3.25,3.18,3.05,2.91,2.86,2.90,2.98,3.10,3.19,3.27,3.36,3.35,3.35,3.35,3.37,3.38,3.39,3.38,3.38,3.40,3.34,3.33,3.33,3.30,3.18,3.13,3.06,2.95,2.81,2.68,2.55,2.43,2.33,2.33,2.35,2.33,2.27,2.22,2.18,2.16,2.19,2.24,2.19,2.10,2.06,2.13,2.22,2.29,2.35,2.38,2.38,2.62,2.74,2.79,2.84
3.58,3.57,3.57,3.57,3.57,3.56,3.56,3.56,3.56,3.56,3.55,3.55,3.55,3.55,3.55,3.53,3.53,3.54,3.51,3.51,3.49,3.48,3.50,3.52,3.53,3.53,3.53,3.54,3.55,3.54,3.52,3.53,3.52,3.46,3.37,3.28,3.18,3.18,3.22,3.22,3.12,3.07,3.01,2.95,2.93,2.93,3.01,3.10,3.16,3.14,3.06,2.99,2.96,2.99,3.12,3.21,3.29,3.39,3.55,3.67,3.73,3.75,3.74,3.76,3.78,3.80,3.81,3.81,3.80,3.82,3.87,3.87,3.85,3.81,3.80,3.87,3.83,3.83,3.86,3.88,3.92,3.97,4.00,4.02,4.04,3.97,3.90,3.85,3.84,3.98,4.08,4.14,4.13,4.02,3.91,3.91,3.96,4.00,4.04,4.03,4.00,4.01,4.06,4.09,4.11,4.11,4.07,4.13,4.17,4.19,4.16,4.16,4.12,4.11,4.14,4.19,4.18,4.19,4.21,4.22,4.21,4.12,4.02,3.97,4.02,3.98,3.99,4.06,4.13,4.13,4.12,4.12,4.16,4.17,4.16,4.15,4.16,4.17,4.18,4.18,4.17,4.13,4.14,4.14,4.13,4.10,4.04,3.99,3.96,3.94,3.88,3.82,3.83,3.87,3.91,3.92,3.95,3.98,3.99,3.95,3.92,3.85,3.78,3.77,3.77,3.70,3.66,3.68,3.75,3.74,3.70,3.65,3.61,3.61,3.62,3.63,3.64,3.62,3.54,3.42,3.30,3.40,3.58,3.74,3.81,3.69,3.42,3.23,3.10,3.03,3.13,3.18,3.15,3.07,3.05,3.05,3.02,2.97,2.94,2.96,3.03,3.07,3.07,2.91,2.84,2.84,2.90,2.95,3.09,3.19,3.28,3.36,3.34,3.34,3.34,3.35,3.35,3.36,3.37,3.36,3.34,3.32,3.31,3.29,3.25,3.13,3.07,2.99,2.90,2.79,2.68,2.54,2.43,2.37,2.39,2.41,2.39,2.34,2.27,2.20,2.18,2.18,2.20,2.11,2.07,2.10,2.18,2.27,2.35,2.40,2.44,2.46,2.63,2.72,2.78,2.83
3.58,3.57,3.57,3.57,3.57,3.56,3.56,3.56,3.56,3.56,3.55,3.55,3.55,3.55,3.54,3.54,3.55,3.55,3.50,3.48,3.47,3.46,3.47,3.48,3.52,3.53,3.52,3.51,3.51,3.48,3.47,3.50,3.50,3.48,3.42,3.32,3.21,3.22,3.18,3.11,3.07,3.05,2.99,2.93,2.88,2.97,3.04,3.13,3.19,3.10,3.02,2.96,2.96,3.05,3.13,3.22,3.33,3.48,3.63,3.71,3.74,3.75,3.77,3.78,3.81,3.82,3.82,3.82,3.82,3.85,3.89,3.93,3.92,3.90,3.93,4.04,3.92,3.82,3.78,3.81,3.79,3.89,3.98,4.03,4.03,3.94,3.88,3.88,3.93,3.97,4.05,4.14,4.16,3.92,3.81,3.80,3.84,3.89,3.93,3.98,3.99,3.97,4.03,4.05,4.11,4.17,4.20,4.27,4.30,4.31,4.31,4.23,4.12,4.10,4.17,4.17,4.12,4.11,4.13,4.14,4.14,4.02,3.94,3.98,3.98,3.93,3.97,4.09,4.13,4.14,4.12,4.12,4.14,4.14,4.15,4.15,4.15,4.17,4.18,4.19,4.18,4.14,4.15,4.14,4.13,4.12,4.09,4.05,4.01,3.97,3.93,3.93,3.93,3.90,3.85,3.79,3.83,3.91,3.98,3.99,3.97,3.96,3.95,3.91,3.86,3.79,3.71,3.63,3.68,3.75,3.78,3.74,3.58,3.58,3.58,3.59,3.61,3.61,3.52,3.42,3.36,3.48,3.67,3.79,3.76,3.48,3.34,3.17,3.07,3.12,3.19,3.16,3.07,2.98,2.99,3.01,2.99,2.96,2.92,2.86,2.81,2.81,2.86,2.75,2.80,2.87,2.92,2.92,3.04,3.18,3.28,3.34,3.36,3.37,3.36,3.34,3.33,3.34,3.36,3.35,3.31,3.34,3.30,3.22,3.13,3.03,2.96,2.86,2.76,2.76,2.67,2.52,2.43,2.46,2.44,2.44,2.43,2.40,2.33,2.27,2.20,2.16,2.17,2.09,2.08,2.14,2.25,2.32,2.40,2.46,2.51,2.59,2.64,2.70,2.76,2.82
3.57,3.57,3.57,3.57,3.57,3.56,3.56,3.56,3.56,3.55,3.55,3.55,3.55,3.55,3.54,3.54,3.55,3.56,3.53,3.53,3.52,3.51,3.49,3.50,3.51,3.51,3.48,3.46,3.46,3.46,3.45,3.42,3.41,3.41,3.39,3.35,3.24,3.25,3.21,3.12,3.06,3.01,2.93,2.88,2.91,3.01,3.09,3.13,3.13,3.04,2.97,2.95,3.00,3.11,3.18,3.26,3.37,3.50,3.64,3.71,3.74,3.77,3.82,3.81,3.83,3.84,3.83,3.82,3.84,3.88,3.92,3.98,4.00,4.02,4.05,4.10,4.02,3.95,3.91,3.87,3.75,3.84,3.90,3.90,3.95,3.89,3.89,3.92,3.96,4.00,4.05,4.11,4.12,3.92,3.81,3.79,3.82,3.85,3.90,3.96,3.98,3.97,4.00,4.10,4.20,4.27,4.29,4.30,4.33,4.34,4.30,4.24,4.18,4.16,4.18,4.13,4.07,4.04,4.03,4.02,4.00,3.96,3.95,3.98,3.96,3.97,4.02,4.11,4.15,4.14,4.12,4.12,4.14,4.14,4.14,4.14,4.14,4.17,4.18,4.19,4.18,4.15,4.17,4.16,4.14,4.13,4.09,4.05,4.02,4.01,4.00,3.98,3.97,3.95,3.90,3.85,3.85,3.87,3.89,3.88,3.91,3.95,3.97,3.96,3.93,3.87,3.79,3.72,3.68,3.65,3.68,3.74,3.68,3.68,3.68,3.69,3.71,3.63,3.51,3.44,3.47,3.63,3.76,3.75,3.60,3.42,3.27,3.11,3.05,3.15,3.17,3.09,3.00,2.93,2.94,2.97,2.97,2.96,2.96,2.89,2.81,2.76,2.75,2.74,2.77,2.85,2.95,2.99,3.10,3.23,3.32,3.35,3.37,3.35,3.35,3.36,3.34,3.35,3.32,3.25,3.14,3.14,3.15,3.14,3.12,3.09,3.02,2.89,2.74,2.66,2.60,2.51,2.47,2.50,2.49,2.49,2.49,2.46,2.39,2.32,2.26,2.19,2.14,2.08,2.05,2.09,2.23,2.38,2.44,2.49,2.55,2.59,2.63,2.69,2.75,2.81
3.57,3.57,3.57,3.57,3.57,3.56,3.56,3.56,3.56,3.55,3.55,3.55,3.55,3.55,3.54,3.54,3.55,3.57,3.56,3.57,3.57,3.55,3.52,3.52,3.51,3.49,3.46,3.44,3.43,3.43,3.42,3.38,3.34,3.34,3.36,3.37,3.28,3.29,3.24,3.14,3.06,2.98,2.89,2.87,2.95,3.05,3.12,3.13,3.06,2.99,2.93,2.96,3.05,3.16,3.23,3.32,3.41,3.52,3.66,3.72,3.76,3.80,3.86,3.84,3.85,3.86,3.84,3.83,3.86,3.91,3.96,4.04,4.08,4.11,4.14,4.13,4.11,4.07,4.02,3.93,3.76,3.82,3.83,3.80,3.87,3.86,3.89,3.94,3.99,4.02,4.05,4.07,4.05,3.93,3.83,3.80,3.81,3.84,3.89,3.94,3.97,3.97,3.97,4.13,4.26,4.32,4.34,4.35,4.38,4.38,4.30,4.24,4.22,4.21,4.18,4.10,4.03,3.98,3.94,3.90,3.87,3.91,3.96,3.99,3.97,4.02,4.07,4.12,4.16,4.14,4.12,4.12,4.16,4.13,4.13,4.13,4.13,4.16,4.18,4.19,4.18,4.17,4.19,4.17,4.15,4.13,4.08,4.04,4.03,4.03,4.06,4.02,4.00,3.98,3.95,3.92,3.89,3.86,3.83,3.78,3.84,3.91,3.95,3.96,3.95,3.91,3.86,3.81,3.71,3.61,3.61,3.70,3.73,3.72,3.73,3.75,3.77,3.62,3.49,3.46,3.56,3.76,3.84,3.70,3.47,3.38,3.21,3.08,3.05,3.15,3.12,3.01,2.92,2.87,2.89,2.92,2.94,2.95,2.95,2.87,2.80,2.71,2.65,2.74,2.76,2.85,2.98,3.08,3.18,3.28,3.35,3.36,3.37,3.34,3.35,3.38,3.35,3.36,3.28,3.13,2.96,2.94,2.99,3.06,3.11,3.13,3.06,2.92,2.74,2.61,2.56,2.52,2.50,2.51,2.51,2.51,2.52,2.51,2.46,2.38,2.30,2.22,2.14,2.11,2.06,2.09,2.25,2.44,2.48,2.52,2.58,2.58,2.61,2.66,2.73,2.78
3.57,3.57,3.57,3.57,3.56,3.56,3.56,3.56,3.56,3.55,3.55,3.55,3.55,3.54,3.54,3.54,3.55,3.57,3.56,3.57,3.57,3.55,3.52,3.53,3.53,3.50,3.47,3.49,3.45,3.39,3.37,3.44,3.36,3.32,3.34,3.39,3.34,3.33,3.27,3.17,3.07,2.97,2.94,2.96,3.02,3.09,3.13,3.10,3.03,2.97,2.95,3.02,3.12,3.18,3.28,3.36,3.44,3.54,3.69,3.77,3.82,3.86,3.88,3.85,3.87,3.89,3.86,3.86,3.89,3.95,4.03,4.10,4.14,4.16,4.17,4.16,4.15,4.09,4.01,3.92,3.87,3.86,3.82,3.78,3.82,3.86,3.87,3.92,4.01,4.02,4.06,4.02,3.90,3.90,3.84,3.81,3.82,3.84,3.88,3.92,3.94,3.92,3.92,4.06,4.18,4.24,4.30,4.48,4.52,4.47,4.39,4.25,4.21,4.19,4.17,4.12,4.03,3.95,3.88,3.80,3.83,3.89,3.96,4.04,4.04,4.08,4.11,4.13,4.15,4.12,4.13,4.16,4.18,4.14,4.13,4.12,4.13,4.16,4.19,4.19,4.18,4.18,4.19,4.19,4.16,4.12,4.07,4.04,4.03,4.05,4.06,4.04,4.02,4.00,3.96,3.95,3.93,3.91,3.86,3.75,3.77,3.83,3.89,3.88,3.83,3.83,3.86,3.87,3.80,3.74,3.66,3.58,3.54,3.56,3.62,3.67,3.66,3.52,3.47,3.50,3.60,3.86,3.90,3.72,3.46,3.34,3.16,3.10,3.09,3.08,3.00,2.91,2.84,2.81,2.83,2.86,2.92,2.93,2.76,2.70,2.67,2.62,2.58,2.67,2.78,2.91,3.04,3.16,3.26,3.32,3.35,3.35,3.35,3.35,3.35,3.34,3.32,3.33,3.20,2.99,2.81,2.85,2.91,2.98,3.04,3.05,2.98,2.88,2.77,2.69,2.62,2.56,2.52,2.48,2.44,2.44,2.48,2.52,2.54,2.43,2.30,2.22,2.23,2.21,2.19,2.25,2.42,2.51,2.56,2.58,2.60,2.60,2.59,2.62,2.67,2.71
3.57,3.57,3.57,3.57,3.56,3.56,3.56,3.56,3.56,3.55,3.55,3.55,3.55,3.54,3.54,3.54,3.55,3.57,3.56,3.57,3.56,3.55,3.54,3.54,3.54,3.51,3.48,3.48,3.45,3.40,3.38,3.47,3.39,3.35,3.36,3.38,3.32,3.30,3.25,3.17,3.06,2.97,2.97,3.02,3.09,3.16,3.15,3.09,3.01,2.95,2.98,3.06,3.14,3.21,3.29,3.37,3.47,3.58,3.73,3.80,3.85,3.89,3.87,3.82,3.86,3.88,3.82,3.87,3.90,3.95,4.04,4.13,4.16,4.19,4.21,4.20,4.17,4.11,4.03,3.96,3.96,3.93,3.87,3.81,3.81,3.84,3.85,3.87,3.95,3.93,3.96,3.92,3.84,3.86,3.84,3.83,3.83,3.85,3.87,3.91,3.92,3.89,3.91,4.00,4.09,4.17,4.27,4.47,4.54,4.54,4.50,4.32,4.20,4.16,4.15,4.12,4.02,3.93,3.84,3.76,3.83,3.90,3.98,4.05,4.08,4.11,4.13,4.14,4.12,4.11,4.12,4.15,4.16,4.13,4.12,4.12,4.13,4.16,4.19,4.19,4.19,4.20,4.20,4.19,4.16,4.11,4.06,4.04,4.04,4.05,4.05,4.05,4.03,4.00,3.96,3.95,3.95,3.93,3.87,3.74,3.70,3.73,3.77,3.74,3.70,3.73,3.78,3.82,3.82,3.80,3.74,3.65,3.58,3.56,3.59,3.63,3.63,3.56,3.54,3.57,3.65,3.83,3.80,3.64,3.44,3.31,3.22,3.20,3.17,3.07,2.95,2.85,2.78,2.75,2.76,2.78,2.84,2.84,2.71,2.65,2.60,2.57,2.58,2.68,2.80,2.94,3.08,3.21,3.30,3.34,3.35,3.35,3.35,3.35,3.35,3.34,3.32,3.26,3.09,2.88,2.72,2.79,2.85,2.91,2.98,3.00,2.92,2.83,2.75,2.67,2.63,2.60,2.57,2.51,2.45,2.43,2.44,2.47,2.50,2.39,2.29,2.26,2.34,2.35,2.32,2.36,2.50,2.56,2.60,2.61,2.62,2.62,2.60,2.63,2.65,2.64
3.57,3.57,3.57,3.57,3.56,3.56,3.56,3.56,3.56,3.55,3.55,3.55,3.55,3.54,3.54,3.54,3.55,3.57,3.56,3.57,3.56,3.56,3.56,3.54,3.54,3.52,3.47,3.44,3.45,3.42,3.42,3.50,3.43,3.40,3.38,3.36,3.28,3.26,3.22,3.15,3.04,2.97,2.99,3.07,3.15,3.22,3.17,3.09,3.01,2.94,3.01,3.07,3.13,3.23,3.28,3.36,3.48,3.62,3.75,3.81,3.87,3.90,3.82,3.77,3.82,3.84,3.76,3.88,3.90,3.94,4.01,4.12,4.15,4.20,4.24,4.23,4.19,4.13,4.07,4.02,4.03,4.01,3.94,3.85,3.81,3.83,3.83,3.83,3.87,3.82,3.81,3.82,3.84,3.83,3.84,3.84,3.84,3.86,3.87,3.89,3.89,3.87,3.91,3.94,4.01,4.12,4.25,4.38,4.51,4.60,4.60,4.40,4.21,4.12,4.13,4.11,4.01,3.92,3.83,3.75,3.85,3.93,4.00,4.05,4.09,4.12,4.14,4.14,4.09,4.10,4.11,4.12,4.13,4.12,4.11,4.11,4.13,4.16,4.19,4.20,4.20,4.21,4.21,4.19,4.15,4.09,4.06,4.04,4.05,4.05,4.03,4.05,4.03,4.00,3.96,3.93,3.95,3.94,3.86,3.73,3.64,3.64,3.67,3.61,3.60,3.63,3.68,3.72,3.79,3.82,3.83,3.80,3.72,3.64,3.61,3.62,3.64,3.66,3.65,3.66,3.71,3.75,3.63,3.53,3.43,3.29,3.33,3.33,3.26,3.09,2.95,2.83,2.75,2.71,2.67,2.69,2.71,2.72,2.70,2.65,2.56,2.54,2.61,2.73,2.83,2.96,3.11,3.24,3.33,3.36,3.36,3.36,3.36,3.35,3.34,3.34,3.33,3.18,2.98,2.78,2.67,2.75,2.79,2.85,2.92,2.97,2.88,2.78,2.70,2.62,2.62,2.64,2.62,2.56,2.50,2.45,2.42,2.40,2.40,2.32,2.29,2.33,2.45,2.49,2.44,2.44,2.54,2.60,2.62,2.64,2.64,2.64,2.62,2.65,2.65,2.58
3.57,3.57,3.57,3.56,3.56,3.56,3.56,3.56,3.55,3.55,3.55,3.55,3.55,3.54,3.54,3.54,3.55,3.56,3.56,3.57,3.56,3.55,3.54,3.53,3.54,3.52,3.47,3.45,3.43,3.41,3.41,3.47,3.39,3.36,3.35,3.36,3.30,3.24,3.18,3.11,3.00,3.01,3.04,3.11,3.19,3.20,3.14,3.07,3.01,2.94,2.95,3.00,3.08,3.18,3.26,3.34,3.44,3.56,3.64,3.72,3.75,3.73,3.67,3.65,3.72,3.78,3.80,3.87,3.89,3.90,3.93,4.01,4.06,4.10,4.14,4.20,4.22,4.18,4.11,4.03,4.00,3.94,3.87,3.81,3.80,3.89,3.95,3.98,3.98,3.88,3.85,3.82,3.81,3.85,3.84,3.84,3.85,3.87,3.85,3.84,3.83,3.80,3.87,3.92,3.99,4.08,4.21,4.34,4.47,4.54,4.53,4.42,4.26,4.12,4.04,4.07,3.98,3.89,3.83,3.82,3.87,3.97,4.04,4.06,4.11,4.12,4.13,4.14,4.15,4.15,4.12,4.09,4.10,4.14,4.12,4.11,4.13,4.16,4.19,4.20,4.21,4.23,4.22,4.18,4.14,4.09,4.06,4.06,4.06,4.07,4.04,4.05,4.03,3.99,3.95,3.90,3.89,3.86,3.77,3.65,3.64,3.71,3.81,3.88,3.71,3.65,3.62,3.59,3.66,3.73,3.77,3.77,3.75,3.72,3.71,3.72,3.72,3.73,3.73,3.73,3.74,3.70,3.63,3.52,3.41,3.27,3.33,3.38,3.31,3.09,2.99,2.89,2.81,2.75,2.68,2.62,2.58,2.57,2.56,2.56,2.52,2.51,2.58,2.84,2.92,3.03,3.17,3.31,3.36,3.37,3.36,3.35,3.35,3.35,3.35,3.33,3.24,3.07,2.86,2.70,2.70,2.75,2.80,2.84,2.85,2.92,2.82,2.73,2.65,2.55,2.59,2.63,2.64,2.60,2.56,2.51,2.46,2.42,2.43,2.40,2.35,2.35,2.43,2.55,2.54,2.53,2.56,2.61,2.63,2.64,2.66,2.67,2.66,2.64,2.61,2.57
3.57,3.57,3.56,3.56,3.56,3.56,3.56,3.56,3.55,3.55,3.55,3.55,3.54,3.54,3.54,3.54,3.55,3.56,3.56,3.57,3.57,3.55,3.53,3.52,3.54,3.52,3.48,3.45,3.43,3.41,3.40,3.44,3.36,3.34,3.35,3.35,3.31,3.23,3.14,3.07,3.01,3.06,3.11,3.16,3.22,3.17,3.11,3.05,3.00,2.94,2.94,2.98,3.04,3.13,3.22,3.31,3.40,3.49,3.54,3.63,3.65,3.60,3.55,3.54,3.60,3.69,3.76,3.82,3.85,3.86,3.88,3.94,3.96,4.00,4.06,4.13,4.18,4.16,4.09,4.00,3.96,3.88,3.81,3.79,3.85,3.94,4.00,4.03,4.03,3.96,3.94,3.90,3.86,3.85,3.84,3.82,3.82,3.86,3.83,3.81,3.79,3.79,3.86,3.91,3.96,4.04,4.18,4.31,4.41,4.47,4.46,4.41,4.28,4.13,4.01,4.01,3.94,3.87,3.83,3.86,3.91,4.01,4.07,4.08,4.12,4.14,4.14,4.15,4.18,4.18,4.14,4.10,4.10,4.12,4.11,4.10,4.12,4.14,4.18,4.20,4.23,4.25,4.22,4.18,4.12,4.08,4.06,4.06,4.07,4.07,4.06,4.05,4.02,3.98,3.93,3.86,3.83,3.78,3.69,3.62,3.67,3.77,3.89,4.00,3.86,3.74,3.65,3.59,3.63,3.66,3.68,3.69,3.72,3.73,3.75,3.77,3.78,3.79,3.79,3.79,3.77,3.71,3.65,3.55,3.41,3.26,3.33,3.42,3.37,3.12,3.04,2.94,2.86,2.79,2.71,2.60,2.52,2.47,2.45,2.49,2.49,2.51,2.59,2.88,3.00,3.11,3.24,3.36,3.38,3.38,3.36,3.35,3.34,3.35,3.35,3.31,3.15,2.96,2.78,2.66,2.69,2.73,2.79,2.82,2.83,2.90,2.80,2.71,2.64,2.52,2.60,2.65,2.67,2.65,2.60,2.53,2.47,2.45,2.49,2.48,2.43,2.41,2.45,2.55,2.54,2.54,2.57,2.62,2.64,2.65,2.67,2.68,2.67,2.62,2.58,2.60
3.57,3.57,3.56,3.56,3.56,3.56,3.56,3.56,3.55,3.55,3.55,3.54,3.54,3.54,3.54,3.55,3.55,3.56,3.55,3.57,3.57,3.56,3.53,3.51,3.53,3.52,3.48,3.45,3.43,3.41,3.39,3.40,3.33,3.35,3.36,3.34,3.30,3.22,3.10,3.01,3.08,3.11,3.18,3.23,3.23,3.15,3.08,3.01,2.96,2.93,2.97,2.98,3.01,3.09,3.17,3.25,3.33,3.41,3.44,3.57,3.57,3.49,3.46,3.44,3.48,3.56,3.65,3.73,3.77,3.80,3.85,3.90,3.87,3.91,3.98,4.04,4.09,4.09,4.02,3.92,3.93,3.82,3.75,3.79,3.97,3.96,3.96,3.98,4.04,4.06,4.08,4.05,3.97,3.84,3.85,3.79,3.75,3.85,3.82,3.79,3.79,3.82,3.89,3.91,3.94,4.01,4.14,4.27,4.36,4.39,4.38,4.35,4.27,4.15,4.02,3.91,3.89,3.85,3.82,3.85,3.98,4.05,4.09,4.12,4.14,4.15,4.17,4.18,4.17,4.19,4.17,4.14,4.12,4.06,4.07,4.09,4.10,4.12,4.16,4.20,4.24,4.26,4.21,4.16,4.11,4.07,4.07,4.07,4.06,4.06,4.09,4.05,4.02,3.97,3.90,3.81,3.77,3.71,3.63,3.65,3.72,3.81,3.89,3.98,4.07,3.91,3.76,3.74,3.69,3.62,3.57,3.57,3.63,3.68,3.73,3.78,3.81,3.82,3.84,3.84,3.80,3.78,3.70,3.59,3.45,3.25,3.32,3.43,3.41,3.17,3.08,2.98,2.89,2.83,2.76,2.64,2.52,2.43,2.39,2.43,2.49,2.55,2.66,2.86,3.05,3.20,3.32,3.38,3.39,3.38,3.37,3.36,3.34,3.33,3.34,3.29,3.05,2.87,2.74,2.66,2.64,2.69,2.75,2.82,2.86,2.91,2.81,2.73,2.66,2.54,2.63,2.69,2.72,2.72,2.62,2.50,2.45,2.47,2.60,2.57,2.54,2.51,2.50,2.46,2.43,2.46,2.56,2.63,2.64,2.65,2.67,2.69,2.65,2.60,2.59,2.68
3.57,3.57,3.56,3.56,3.56,3.56,3.56,3.56,3.55,3.55,3.55,3.54,3.54,3.54,3.54,3.55,3.56,3.56,3.55,3.56,3.57,3.56,3.53,3.50,3.52,3.53,3.50,3.45,3.43,3.41,3.41,3.42,3.39,3.40,3.40,3.34,3.26,3.16,3.07,3.04,3.11,3.15,3.21,3.24,3.18,3.09,3.02,3.00,3.03,3.03,3.04,3.02,3.00,3.03,3.11,3.17,3.22,3.27,3.32,3.42,3.44,3.39,3.39,3.39,3.41,3.46,3.52,3.62,3.65,3.71,3.80,3.88,3.90,3.94,3.95,3.93,3.97,3.99,3.97,3.89,3.85,3.77,3.76,3.82,3.96,3.93,3.92,3.96,4.05,4.14,4.06,4.00,4.00,3.95,3.94,3.87,3.80,3.86,3.83,3.83,3.84,3.86,3.89,3.90,3.92,3.97,4.11,4.22,4.29,4.32,4.29,4.27,4.21,4.12,4.00,3.89,3.80,3.81,3.87,3.92,4.00,4.06,4.09,4.12,4.16,4.18,4.20,4.22,4.23,4.23,4.19,4.16,4.16,4.14,4.13,4.12,4.11,4.07,4.10,4.11,4.11,4.15,4.17,4.15,4.11,4.08,4.08,4.08,4.07,4.07,4.09,4.05,4.00,3.93,3.86,3.77,3.71,3.63,3.57,3.66,3.80,3.90,3.96,4.00,3.95,3.87,3.79,3.73,3.72,3.70,3.67,3.63,3.56,3.62,3.70,3.77,3.81,3.85,3.88,3.87,3.83,3.79,3.73,3.64,3.51,3.31,3.28,3.33,3.33,3.23,3.08,2.98,2.91,2.86,2.79,2.69,2.56,2.46,2.43,2.49,2.55,2.63,2.71,2.88,3.06,3.22,3.34,3.38,3.38,3.38,3.36,3.35,3.33,3.34,3.30,3.18,2.92,2.74,2.65,2.64,2.66,2.68,2.71,2.75,2.81,2.86,2.79,2.71,2.64,2.59,2.68,2.73,2.75,2.76,2.63,2.53,2.48,2.50,2.57,2.57,2.56,2.55,2.53,2.51,2.47,2.47,2.53,2.54,2.58,2.61,2.64,2.64,2.60,2.60,2.61,2.62
3.57,3.57,3.56,3.56,3.56,3.56,3.56,3.55,3.55,3.55,3.55,3.54,3.54,3.54,3.54,3.55,3.56,3.56,3.55,3.56,3.57,3.56,3.53,3.50,3.52,3.53,3.53,3.46,3.43,3.42,3.42,3.44,3.44,3.44,3.40,3.32,3.19,3.10,3.07,3.09,3.14,3.18,3.22,3.21,3.12,3.02,2.98,3.02,3.10,3.11,3.10,3.07,3.03,3.00,3.05,3.09,3.12,3.14,3.21,3.28,3.31,3.31,3.33,3.36,3.37,3.38,3.42,3.50,3.54,3.62,3.76,3.85,3.93,3.98,3.98,3.91,3.88,3.91,3.91,3.85,3.77,3.72,3.76,3.86,3.94,3.89,3.89,3.94,4.06,4.19,4.09,4.04,4.09,4.12,4.07,3.97,3.89,3.91,3.88,3.87,3.88,3.88,3.87,3.88,3.90,3.95,4.07,4.16,4.22,4.24,4.21,4.18,4.14,4.07,3.97,3.85,3.73,3.78,3.92,3.98,4.03,4.07,4.10,4.12,4.16,4.19,4.22,4.24,4.26,4.22,4.18,4.16,4.17,4.21,4.20,4.17,4.14,4.06,4.08,4.05,4.00,4.05,4.11,4.11,4.10,4.09,4.09,4.08,4.08,4.08,4.09,4.04,3.97,3.90,3.81,3.73,3.65,3.58,3.55,3.68,3.87,3.98,4.01,4.02,3.88,3.88,3.86,3.73,3.74,3.77,3.76,3.70,3.51,3.55,3.65,3.75,3.80,3.87,3.89,3.88,3.84,3.79,3.74,3.68,3.56,3.39,3.28,3.24,3.24,3.22,3.06,2.96,2.91,2.87,2.82,2.73,2.60,2.50,2.47,2.56,2.62,2.69,2.77,2.89,3.08,3.24,3.35,3.38,3.37,3.36,3.36,3.34,3.32,3.33,3.25,3.05,2.80,2.64,2.59,2.62,2.69,2.69,2.69,2.72,2.77,2.80,2.76,2.68,2.62,2.64,2.71,2.74,2.74,2.75,2.62,2.54,2.52,2.52,2.54,2.56,2.57,2.57,2.54,2.58,2.54,2.50,2.50,2.48,2.54,2.58,2.60,2.61,2.57,2.60,2.62,2.59
3.57,3.56,3.56,3.56,3.56,3.56,3.55,3.55,3.55,3.55,3.54,3.54,3.54,3.54,3.54,3.55,3.56,3.56,3.55,3.56,3.57,3.56,3.54,3.51,3.48,3.50,3.53,3.46,3.43,3.42,3.43,3.46,3.48,3.42,3.33,3.24,3.08,3.06,3.10,3.15,3.17,3.23,3.21,3.16,3.09,2.98,3.03,3.11,3.15,3.15,3.15,3.14,3.11,3.04,3.02,3.04,3.06,3.05,3.11,3.15,3.19,3.25,3.31,3.34,3.35,3.34,3.34,3.37,3.44,3.57,3.74,3.83,3.93,4.03,4.08,4.06,3.90,3.83,3.80,3.78,3.67,3.65,3.76,3.91,3.91,3.85,3.87,3.95,4.08,4.22,4.28,4.32,4.36,4.40,4.23,4.10,4.04,4.03,3.98,3.92,3.87,3.83,3.78,3.84,3.89,3.93,4.04,4.09,4.13,4.16,4.13,4.10,4.07,4.02,3.93,3.79,3.75,3.81,3.92,4.01,4.06,4.09,4.10,4.14,4.14,4.17,4.19,4.20,4.18,4.13,4.10,4.10,4.15,4.20,4.24,4.24,4.19,4.17,4.16,4.08,4.00,4.03,4.03,4.03,4.06,4.10,4.09,4.08,4.09,4.09,4.08,4.01,3.94,3.85,3.77,3.68,3.62,3.60,3.62,3.74,3.91,3.99,4.00,4.01,3.99,4.06,4.03,3.83,3.78,3.79,3.79,3.72,3.51,3.44,3.56,3.72,3.76,3.85,3.87,3.85,3.82,3.78,3.73,3.68,3.61,3.49,3.37,3.23,3.12,3.05,2.99,2.92,2.86,2.83,2.84,2.76,2.63,2.52,2.51,2.65,2.68,2.73,2.83,2.91,3.10,3.27,3.37,3.36,3.35,3.35,3.34,3.33,3.32,3.29,3.14,2.90,2.72,2.64,2.60,2.62,2.70,2.74,2.76,2.79,2.82,2.71,2.67,2.64,2.62,2.67,2.67,2.67,2.67,2.65,2.54,2.53,2.53,2.54,2.55,2.57,2.59,2.59,2.56,2.70,2.64,2.55,2.51,2.54,2.57,2.56,2.55,2.59,2.61,2.60,2.61,2.67
3.57,3.56,3.56,3.56,3.56,3.56,3.55,3.55,3.55,3.55,3.54,3.54,3.54,3.54,3.54,3.55,3.56,3.55,3.55,3.56,3.56,3.56,3.54,3.51,3.48,3.49,3.51,3.45,3.44,3.44,3.46,3.48,3.47,3.38,3.26,3.15,3.05,3.07,3.12,3.18,3.22,3.23,3.18,3.11,3.05,2.97,3.05,3.14,3.20,3.20,3.20,3.20,3.18,3.11,3.09,3.13,3.13,3.06,3.07,3.08,3.12,3.17,3.26,3.31,3.32,3.32,3.32,3.34,3.43,3.55,3.68,3.77,3.88,3.99,4.05,3.99,3.83,3.78,3.75,3.72,3.64,3.68,3.80,3.93,3.91,3.83,3.87,3.99,4.13,4.28,4.35,4.39,4.41,4.43,4.28,4.17,4.12,4.09,4.06,4.01,3.96,3.89,3.80,3.83,3.83,3.84,3.95,4.01,4.06,4.07,4.05,4.01,4.00,3.97,3.90,3.76,3.79,3.86,3.96,4.02,4.07,4.07,4.09,4.12,4.13,4.15,4.17,4.16,4.12,4.08,4.06,4.06,4.11,4.14,4.19,4.22,4.21,4.21,4.18,4.10,4.03,4.06,4.00,3.99,4.02,4.04,4.06,4.06,4.08,4.10,4.05,3.98,3.90,3.82,3.74,3.64,3.58,3.56,3.61,3.82,3.91,3.95,3.92,3.81,4.01,4.18,4.22,4.09,4.02,3.90,3.79,3.67,3.48,3.41,3.51,3.66,3.73,3.82,3.82,3.80,3.77,3.73,3.68,3.63,3.59,3.53,3.42,3.28,3.14,3.03,2.97,2.87,2.80,2.80,2.83,2.76,2.64,2.58,2.68,2.80,2.85,2.89,2.95,3.02,3.18,3.33,3.41,3.36,3.35,3.34,3.33,3.33,3.36,3.25,3.04,2.79,2.67,2.59,2.57,2.61,2.71,2.77,2.82,2.84,2.81,2.70,2.66,2.63,2.63,2.66,2.65,2.63,2.61,2.58,2.51,2.54,2.56,2.55,2.55,2.58,2.60,2.60,2.58,2.74,2.68,2.57,2.53,2.56,2.56,2.57,2.60,2.64,2.64,2.59,2.58,2.71
3.57,3.56,3.56,3.56,3.56,3.56,3.55,3.55,3.55,3.55,3.54,3.54,3.54,3.54,3.54,3.55,3.55,3.55,3.55,3.56,3.56,3.55,3.54,3.51,3.48,3.48,3.49,3.45,3.45,3.46,3.48,3.50,3.44,3.33,3.19,3.06,3.06,3.10,3.15,3.20,3.25,3.20,3.14,3.07,3.02,2.99,3.06,3.16,3.24,3.25,3.25,3.25,3.24,3.19,3.19,3.26,3.24,3.12,3.09,3.07,3.07,3.11,3.21,3.28,3.30,3.30,3.32,3.34,3.44,3.54,3.61,3.69,3.80,3.91,3.95,3.83,3.73,3.73,3.72,3.66,3.64,3.76,3.87,3.93,3.93,3.82,3.88,4.02,4.17,4.33,4.37,4.37,4.36,4.36,4.27,4.21,4.16,4.12,4.12,4.11,4.07,4.01,3.87,3.84,3.78,3.74,3.86,3.93,3.97,3.99,3.96,3.94,3.94,3.93,3.87,3.77,3.83,3.92,4.00,4.03,4.05,4.05,4.06,4.09,4.12,4.14,4.15,4.12,4.07,4.05,4.04,4.04,4.06,4.06,4.11,4.17,4.21,4.23,4.18,4.12,4.08,4.10,3.99,3.97,3.98,3.97,4.01,4.03,4.07,4.09,4.02,3.94,3.86,3.78,3.71,3.60,3.54,3.52,3.59,3.90,3.90,3.89,3.82,3.55,3.99,4.26,4.38,4.38,4.31,4.02,3.77,3.60,3.43,3.41,3.30,3.22,3.33,3.71,3.77,3.74,3.71,3.67,3.60,3.54,3.51,3.52,3.43,3.33,3.22,3.09,2.98,2.84,2.76,2.78,2.80,2.76,2.67,2.67,2.89,2.98,3.07,3.11,3.10,3.17,3.29,3.40,3.46,3.37,3.36,3.34,3.33,3.33,3.40,3.20,2.94,2.71,2.64,2.54,2.53,2.60,2.70,2.79,2.86,2.86,2.78,2.71,2.66,2.65,2.64,2.63,2.62,2.60,2.56,2.53,2.51,2.56,2.59,2.57,2.56,2.58,2.61,2.61,2.60,2.74,2.68,2.58,2.55,2.56,2.53,2.58,2.67,2.70,2.65,2.56,2.55,2.71
3.56,3.56,3.56,3.56,3.56,3.55,3.55,3.55,3.55,3.55,3.54,3.54,3.54,3.54,3.54,3.54,3.55,3.55,3.55,3.56,3.56,3.55,3.54,3.51,3.48,3.47,3.46,3.46,3.47,3.49,3.50,3.50,3.38,3.29,3.17,3.06,3.10,3.14,3.20,3.24,3.21,3.16,3.10,3.05,3.03,3.06,3.10,3.17,3.26,3.30,3.30,3.30,3.29,3.25,3.29,3.32,3.31,3.27,3.26,3.21,3.14,3.10,3.20,3.23,3.22,3.24,3.30,3.32,3.39,3.46,3.53,3.62,3.70,3.77,3.80,3.73,3.69,3.67,3.65,3.63,3.67,3.83,3.93,3.96,3.98,3.87,3.86,3.93,4.03,4.24,4.28,4.26,4.22,4.24,4.22,4.22,4.22,4.21,4.21,4.17,4.15,4.14,4.02,3.96,3.89,3.83,3.82,3.81,3.84,3.89,3.94,3.94,3.93,3.88,3.81,3.83,3.87,3.94,4.01,4.04,4.03,4.03,4.06,4.09,4.12,4.13,4.11,4.07,4.04,4.04,4.04,4.05,4.05,4.05,4.08,4.12,4.16,4.27,4.21,4.18,4.16,4.12,4.01,3.97,3.97,3.97,3.96,3.98,4.01,4.05,4.03,3.92,3.83,3.74,3.65,3.56,3.54,3.58,3.69,3.94,3.96,3.96,3.86,3.50,3.95,4.24,4.38,4.38,4.24,3.91,3.66,3.50,3.31,3.38,1.77,0.07,0.18,3.01,3.67,3.63,3.62,3.56,3.45,3.37,3.33,3.36,3.31,3.27,3.23,3.18,3.07,2.97,2.90,2.85,2.83,2.82,2.85,2.92,3.03,3.22,3.36,3.43,3.42,3.39,3.45,3.47,3.44,3.40,3.38,3.35,3.34,3.33,3.34,3.13,2.87,2.66,2.64,2.52,2.48,2.52,2.62,2.73,2.78,2.77,2.73,2.67,2.63,2.62,2.62,2.60,2.58,2.55,2.54,2.56,2.56,2.58,2.60,2.59,2.58,2.59,2.61,2.63,2.64,2.71,2.66,2.60,2.58,2.57,2.56,2.58,2.61,2.59,2.56,2.56,2.59,2.65
3.56,3.56,3.56,3.56,3.56,3.55,3.55,3.55,3.55,3.55,3.54,3.54,3.54,3.54,3.54,3.54,3.54,3.55,3.55,3.56,3.56,3.55,3.54,3.52,3.49,3.46,3.44,3.46,3.47,3.49,3.50,3.46,3.33,3.22,3.14,3.09,3.14,3.19,3.24,3.26,3.17,3.11,3.06,3.05,3.07,3.11,3.15,3.21,3.28,3.35,3.36,3.35,3.34,3.31,3.35,3.36,3.37,3.38,3.38,3.31,3.23,3.17,3.22,3.20,3.19,3.22,3.28,3.28,3.33,3.39,3.44,3.54,3.63,3.68,3.68,3.66,3.68,3.63,3.59,3.60,3.68,3.86,3.97,3.99,3.99,3.90,3.88,3.91,3.97,4.15,4.19,4.17,4.14,4.17,4.19,4.21,4.23,4.24,4.24,4.21,4.20,4.22,4.09,4.02,3.94,3.87,3.85,3.81,3.80,3.83,3.89,3.90,3.89,3.84,3.79,3.86,3.89,3.96,4.02,4.05,4.02,4.03,4.05,4.08,4.11,4.10,4.07,4.04,4.03,4.03,4.04,4.04,4.04,4.03,4.05,4.08,4.12,4.22,4.20,4.18,4.17,4.13,4.04,4.00,3.98,3.95,3.90,3.92,3.95,3.97,3.97,3.85,3.76,3.69,3.61,3.52,3.53,3.56,3.64,3.84,3.85,3.80,3.68,3.43,3.72,3.93,4.11,4.28,4.12,3.78,3.52,3.39,3.26,3.39,1.12,-1.30,-1.27,1.36,2.90,3.53,3.49,3.43,3.33,3.26,3.23,3.24,3.18,3.16,3.15,3.15,3.10,3.06,3.02,2.98,2.95,2.95,3.03,3.14,3.22,3.43,3.60,3.72,3.76,3.59,3.61,3.62,3.57,3.51,3.44,3.38,3.36,3.36,3.26,3.04,2.83,2.67,2.68,2.54,2.49,2.50,2.55,2.65,2.68,2.68,2.67,2.63,2.62,2.61,2.61,2.59,2.55,2.52,2.52,2.58,2.57,2.58,2.59,2.59,2.58,2.59,2.61,2.64,2.67,2.70,2.65,2.61,2.59,2.56,2.58,2.58,2.57,2.55,2.58,2.61,2.62,2.62
3.56,3.56,3.56,3.56,3.56,3.55,3.55,3.55,3.55,3.54,3.54,3.54,3.54,3.54,3.54,3.53,3.54,3.55,3.55,3.55,3.56,3.56,3.55,3.52,3.49,3.46,3.44,3.44,3.46,3.48,3.47,3.38,3.27,3.15,3.10,3.13,3.19,3.24,3.28,3.26,3.14,3.07,3.04,3.06,3.14,3.16,3.21,3.26,3.32,3.41,3.42,3.41,3.39,3.36,3.37,3.39,3.41,3.45,3.45,3.39,3.33,3.30,3.30,3.20,3.20,3.24,3.25,3.21,3.27,3.31,3.34,3.43,3.59,3.62,3.58,3.62,3.70,3.61,3.53,3.57,3.68,3.87,3.99,4.02,3.96,3.93,3.93,3.95,3.99,4.09,4.10,4.11,4.13,4.15,4.17,4.19,4.21,4.23,4.23,4.21,4.22,4.26,4.10,4.03,3.95,3.88,3.93,3.92,3.85,3.80,3.84,3.82,3.80,3.79,3.81,3.86,3.90,3.97,4.03,4.05,4.01,4.02,4.05,4.07,4.10,4.06,4.02,4.02,4.03,4.03,4.03,4.03,4.02,4.02,4.03,4.05,4.08,4.10,4.13,4.14,4.14,4.14,4.07,4.04,4.00,3.90,3.83,3.85,3.88,3.88,3.84,3.74,3.67,3.63,3.57,3.49,3.50,3.48,3.44,3.61,3.58,3.44,3.30,3.35,3.33,3.34,3.60,4.11,3.96,3.60,3.36,3.28,3.29,3.42,1.26,-1.07,-1.21,-1.17,1.53,3.43,3.35,3.27,3.23,3.20,3.18,3.16,3.05,3.01,3.01,3.03,3.09,3.11,3.13,3.15,3.16,3.17,3.23,3.33,3.45,3.62,3.79,3.97,4.10,3.77,3.77,3.84,3.86,3.70,3.54,3.43,3.39,3.40,3.17,2.95,2.80,2.74,2.75,2.60,2.55,2.54,2.50,2.55,2.58,2.58,2.58,2.57,2.62,2.63,2.61,2.60,2.54,2.50,2.52,2.60,2.56,2.55,2.56,2.59,2.59,2.59,2.60,2.64,2.69,2.69,2.66,2.62,2.59,2.54,2.59,2.60,2.56,2.58,2.69,2.71,2.67,2.62
3.57,3.56,3.56,3.56,3.56,3.55,3.55,3.55,3.55,3.54,3.54,3.54,3.54,3.54,3.55,3.54,3.54,3.55,3.55,3.55,3.56,3.56,3.55,3.52,3.49,3.47,3.46,3.45,3.47,3.47,3.43,3.34,3.20,3.14,3.14,3.17,3.22,3.28,3.28,3.22,3.14,3.06,3.04,3.07,3.13,3.20,3.25,3.31,3.37,3.44,3.49,3.49,3.47,3.47,3.46,3.46,3.49,3.52,3.54,3.47,3.40,3.36,3.39,3.36,3.32,3.29,3.29,3.25,3.25,3.27,3.30,3.36,3.47,3.50,3.50,3.55,3.61,3.57,3.55,3.63,3.71,3.79,3.84,3.88,3.91,3.94,3.97,4.01,4.06,4.06,4.07,4.08,4.11,4.13,4.14,4.16,4.18,4.21,4.21,4.19,4.18,4.19,4.07,4.05,4.00,3.93,3.91,3.89,3.85,3.85,3.95,3.84,3.81,3.83,3.87,3.88,3.92,3.98,4.02,4.03,4.00,4.01,4.04,4.06,4.05,4.03,4.02,4.02,4.02,4.02,4.02,4.01,4.01,4.00,4.00,4.02,4.05,4.06,4.10,4.11,4.10,4.09,4.05,4.05,4.01,3.91,3.89,3.84,3.82,3.82,3.80,3.71,3.65,3.58,3.44,3.44,3.49,3.50,3.47,3.53,3.43,3.31,3.23,3.26,3.23,3.22,3.37,3.68,3.62,3.44,3.29,3.22,3.33,1.75,0.18,-0.86,-0.93,0.97,2.56,3.37,3.37,3.28,3.25,3.22,3.19,3.16,3.08,3.01,2.95,2.90,2.92,3.00,3.08,3.15,3.24,3.32,3.42,3.53,3.63,3.76,3.89,4.05,4.20,4.08,4.10,4.15,4.16,4.00,3.78,3.60,3.47,3.35,3.14,2.96,2.83,2.76,2.73,2.68,2.61,2.55,2.53,2.52,2.55,2.56,2.56,2.57,2.60,2.61,2.61,2.62,2.59,2.57,2.58,2.64,2.60,2.57,2.56,2.57,2.58,2.52,2.55,2.61,2.65,2.65,2.64,2.59,2.53,2.55,2.57,2.58,2.59,2.67,2.73,2.73,2.71,2.69
3.56,3.56,3.56,3.56,3.56,3.55,3.55,3.55,3.55,3.54,3.54,3.54,3.54,3.54,3.55,3.54,3.53,3.54,3.55,3.55,3.55,3.56,3.55,3.52,3.49,3.48,3.48,3.47,3.48,3.45,3.38,3.28,3.15,3.15,3.18,3.21,3.26,3.30,3.27,3.18,3.14,3.06,3.03,3.06,3.11,3.24,3.30,3.35,3.42,3.48,3.54,3.55,3.55,3.55,3.53,3.53,3.55,3.59,3.63,3.55,3.48,3.46,3.50,3.52,3.45,3.38,3.36,3.32,3.28,3.27,3.30,3.31,3.37,3.41,3.44,3.48,3.53,3.53,3.57,3.67,3.70,3.71,3.73,3.77,3.87,3.96,4.03,4.07,4.10,4.04,4.04,4.06,4.09,4.11,4.12,4.14,4.16,4.18,4.19,4.16,4.13,4.11,4.03,4.05,4.04,3.99,3.91,3.88,3.86,3.90,4.01,3.84,3.82,3.86,3.91,3.91,3.94,3.99,4.02,4.01,3.99,4.01,4.03,4.04,4.01,4.01,4.01,4.01,4.01,4.00,4.00,4.00,3.99,3.99,3.98,3.99,4.02,4.04,4.08,4.08,4.06,4.04,4.03,4.04,4.01,3.92,3.92,3.84,3.79,3.78,3.77,3.69,3.62,3.53,3.38,3.42,3.48,3.50,3.48,3.46,3.34,3.25,3.21,3.19,3.14,3.13,3.20,3.33,3.34,3.28,3.22,3.08,2.67,0.41,-0.52,-0.54,-0.25,2.68,3.33,3.32,3.37,3.31,3.29,3.25,3.22,3.18,3.11,3.02,2.92,2.85,2.85,2.92,3.01,3.12,3.26,3.42,3.56,3.68,3.78,3.88,3.99,4.13,4.27,4.31,4.33,4.37,4.38,4.26,4.04,3.83,3.61,3.37,3.15,3.00,2.89,2.81,2.78,2.78,2.67,2.56,2.58,2.53,2.53,2.54,2.54,2.58,2.60,2.61,2.63,2.65,2.62,2.60,2.61,2.66,2.63,2.61,2.59,2.58,2.59,2.48,2.50,2.57,2.59,2.60,2.61,2.56,2.49,2.56,2.54,2.56,2.64,2.74,2.75,2.74,2.74,2.75
3.55,3.56,3.56,3.56,3.55,3.55,3.55,3.55,3.55,3.54,3.54,3.54,3.54,3.53,3.54,3.53,3.53,3.54,3.54,3.54,3.55,3.56,3.55,3.52,3.50,3.50,3.50,3.48,3.49,3.42,3.30,3.18,3.15,3.19,3.23,3.25,3.30,3.29,3.24,3.17,3.13,3.04,3.00,3.02,3.09,3.30,3.35,3.39,3.46,3.52,3.59,3.61,3.60,3.57,3.56,3.57,3.61,3.68,3.71,3.64,3.61,3.61,3.62,3.63,3.58,3.52,3.50,3.45,3.39,3.36,3.35,3.28,3.35,3.38,3.39,3.40,3.47,3.49,3.54,3.65,3.63,3.68,3.71,3.75,3.87,3.98,4.08,4.12,4.07,4.02,4.03,4.05,4.07,4.08,4.10,4.12,4.14,4.16,4.18,4.14,4.07,4.02,4.00,4.02,4.05,4.04,3.97,3.93,3.91,3.91,3.94,3.79,3.79,3.84,3.90,3.95,3.97,4.00,4.02,4.00,3.99,4.01,4.02,4.01,4.00,4.00,4.00,3.99,3.99,3.99,3.98,3.98,3.97,3.97,3.97,3.98,4.00,4.01,4.05,4.05,4.03,4.01,4.00,4.00,3.98,3.93,3.89,3.84,3.79,3.76,3.75,3.67,3.57,3.49,3.48,3.47,3.44,3.42,3.42,3.43,3.37,3.30,3.22,3.12,3.03,3.03,3.10,3.18,3.20,3.12,3.13,2.75,0.63,-0.03,-0.32,-0.02,1.15,2.89,3.26,3.25,3.32,3.34,3.33,3.30,3.26,3.22,3.13,3.02,2.96,2.97,2.97,2.94,2.95,3.03,3.21,3.42,3.60,3.75,3.90,4.00,4.13,4.25,4.35,4.34,4.38,4.42,4.46,4.44,4.32,4.13,3.87,3.55,3.26,3.08,2.99,2.95,2.97,2.91,2.74,2.60,2.67,2.60,2.55,2.50,2.48,2.58,2.60,2.64,2.68,2.67,2.62,2.57,2.55,2.60,2.64,2.66,2.64,2.61,2.64,2.49,2.47,2.52,2.52,2.53,2.54,2.53,2.50,2.55,2.49,2.56,2.71,2.74,2.75,2.75,2.76,2.76
3.53,3.54,3.55,3.55,3.55,3.55,3.55,3.55,3.54,3.54,3.54,3.54,3.54,3.53,3.53,3.53,3.53,3.54,3.54,3.54,3.55,3.56,3.55,3.52,3.51,3.51,3.50,3.48,3.46,3.36,3.24,3.20,3.19,3.22,3.26,3.28,3.31,3.27,3.20,3.15,3.11,3.08,3.06,3.05,3.06,3.23,3.26,3.33,3.43,3.49,3.54,3.57,3.58,3.58,3.58,3.59,3.62,3.67,3.69,3.66,3.66,3.68,3.69,3.68,3.65,3.62,3.61,3.57,3.52,3.49,3.47,3.40,3.40,3.38,3.39,3.46,3.52,3.50,3.52,3.62,3.61,3.65,3.67,3.71,3.83,3.97,4.10,4.15,4.05,4.01,4.01,4.03,4.05,4.06,4.08,4.10,4.12,4.14,4.16,4.11,4.05,3.99,3.99,4.00,4.03,4.04,4.02,3.97,3.95,3.94,3.92,3.80,3.81,3.86,3.91,3.96,4.01,4.02,4.02,4.00,3.99,4.00,4.00,3.99,3.99,3.99,3.98,3.98,3.98,3.97,3.97,3.96,3.96,3.96,3.95,3.95,3.97,3.99,4.02,4.02,4.00,3.98,3.97,3.96,3.94,3.90,3.84,3.80,3.78,3.76,3.74,3.65,3.54,3.47,3.47,3.46,3.43,3.41,3.40,3.39,3.37,3.32,3.24,3.12,3.02,3.00,3.03,3.08,3.11,3.10,3.17,2.73,0.29,0.03,-0.10,0.47,2.33,3.04,3.23,3.26,3.32,3.33,3.33,3.31,3.29,3.26,3.10,3.01,2.98,3.00,3.02,2.99,2.93,2.92,3.15,3.39,3.59,3.77,3.93,4.06,4.21,4.34,4.43,4.45,4.45,4.45,4.44,4.43,4.36,4.21,3.95,3.57,3.32,3.13,3.02,2.99,3.04,3.02,2.84,2.69,2.76,2.70,2.58,2.51,2.53,2.60,2.59,2.61,2.65,2.62,2.61,2.55,2.51,2.56,2.64,2.67,2.66,2.62,2.55,2.54,2.56,2.56,2.50,2.47,2.48,2.50,2.51,2.50,2.51,2.62,2.76,2.74,2.77,2.80,2.82,2.86
3.52,3.53,3.54,3.55,3.55,3.55,3.55,3.55,3.54,3.54,3.54,3.54,3.54,3.53,3.53,3.52,3.53,3.54,3.54,3.54,3.55,3.56,3.55,3.52,3.53,3.52,3.49,3.47,3.43,3.31,3.22,3.26,3.25,3.26,3.29,3.31,3.31,3.24,3.17,3.12,3.10,3.13,3.13,3.10,3.05,3.14,3.17,3.25,3.38,3.43,3.47,3.50,3.55,3.60,3.59,3.60,3.62,3.63,3.65,3.66,3.67,3.70,3.72,3.71,3.70,3.69,3.69,3.67,3.64,3.62,3.60,3.55,3.47,3.41,3.42,3.55,3.58,3.51,3.50,3.57,3.60,3.62,3.63,3.66,3.79,3.94,4.10,4.15,4.03,4.00,3.99,4.01,4.03,4.04,4.06,4.08,4.09,4.12,4.12,4.09,4.03,3.97,3.98,3.99,4.00,4.03,4.05,4.00,3.98,3.96,3.90,3.83,3.84,3.88,3.92,3.96,4.04,4.05,4.01,4.01,3.99,3.98,3.98,3.98,3.98,3.97,3.97,3.97,3.96,3.96,3.95,3.94,3.94,3.94,3.93,3.93,3.94,3.96,3.99,3.99,3.97,3.96,3.95,3.93,3.90,3.85,3.78,3.76,3.76,3.76,3.72,3.61,3.51,3.45,3.43,3.42,3.42,3.41,3.38,3.36,3.35,3.33,3.27,3.15,3.06,3.01,2.99,3.01,3.05,3.13,3.14,2.62,0.53,0.27,0.26,1.09,3.24,3.15,3.21,3.29,3.32,3.30,3.30,3.31,3.30,3.28,3.07,3.01,2.99,2.98,3.03,3.01,2.91,2.83,3.09,3.34,3.57,3.77,3.95,4.10,4.26,4.40,4.50,4.56,4.54,4.48,4.42,4.37,4.31,4.20,3.95,3.55,3.36,3.16,3.03,3.00,3.07,3.10,2.94,2.78,2.81,2.77,2.61,2.53,2.61,2.63,2.57,2.57,2.59,2.56,2.59,2.52,2.48,2.53,2.63,2.67,2.67,2.61,2.45,2.61,2.67,2.62,2.51,2.42,2.44,2.48,2.50,2.45,2.57,2.71,2.79,2.74,2.81,2.86,2.91,2.99
3.50,3.51,3.52,3.53,3.54,3.55,3.55,3.55,3.54,3.54,3.54,3.54,3.54,3.53,3.52,3.52,3.53,3.53,3.54,3.54,3.55,3.56,3.55,3.51,3.51,3.51,3.49,3.46,3.43,3.38,3.32,3.25,3.27,3.29,3.32,3.34,3.29,3.21,3.13,3.08,3.15,3.16,3.17,3.17,3.16,3.24,3.24,3.25,3.30,3.36,3.41,3.47,3.54,3.61,3.60,3.61,3.62,3.64,3.65,3.64,3.65,3.66,3.66,3.66,3.72,3.76,3.72,3.71,3.67,3.65,3.64,3.62,3.56,3.50,3.48,3.56,3.54,3.49,3.47,3.51,3.54,3.54,3.56,3.63,3.79,3.89,3.99,4.04,3.99,4.00,3.99,3.99,4.01,4.01,4.03,4.05,4.08,4.10,4.03,4.02,4.01,3.98,3.99,3.98,3.99,4.01,4.03,4.03,3.99,3.90,3.78,3.86,3.89,3.87,3.85,3.96,4.04,4.04,4.01,4.02,3.99,3.97,3.97,3.96,3.96,3.96,3.95,3.95,3.95,3.94,3.93,3.93,3.93,3.92,3.92,3.92,3.93,3.94,3.96,3.96,3.94,3.93,3.92,3.90,3.85,3.79,3.73,3.70,3.69,3.68,3.68,3.52,3.43,3.41,3.39,3.36,3.35,3.35,3.35,3.35,3.36,3.35,3.29,3.18,3.11,3.06,3.03,3.02,3.03,3.16,2.56,1.40,0.68,0.49,1.38,2.58,3.18,3.12,3.21,3.29,3.29,3.21,3.26,3.28,3.26,3.20,3.09,3.04,2.98,2.86,2.87,2.87,2.83,2.83,3.06,3.28,3.54,3.81,4.01,4.12,4.26,4.38,4.48,4.59,4.60,4.58,4.52,4.43,4.29,4.12,3.88,3.58,3.38,3.19,3.09,3.05,3.04,3.06,2.94,2.79,2.72,2.71,2.61,2.57,2.63,2.62,2.60,2.59,2.57,2.52,2.49,2.48,2.48,2.49,2.61,2.67,2.66,2.59,2.48,2.66,2.72,2.66,2.51,2.37,2.42,2.48,2.46,2.48,2.66,2.79,2.84,2.82,2.92,3.00,3.08,3.14
3.48,3.49,3.50,3.52,3.53,3.54,3.54,3.54,3.54,3.54,3.54,3.54,3.54,3.53,3.52,3.52,3.52,3.53,3.54,3.54,3.55,3.55,3.54,3.50,3.50,3.49,3.48,3.45,3.42,3.40,3.36,3.28,3.32,3.34,3.35,3.34,3.27,3.18,3.12,3.10,3.18,3.18,3.19,3.20,3.22,3.29,3.30,3.30,3.33,3.37,3.37,3.42,3.48,3.52,3.57,3.61,3.62,3.63,3.65,3.66,3.62,3.58,3.61,3.66,3.76,3.81,3.76,3.74,3.70,3.68,3.66,3.65,3.64,3.59,3.55,3.59,3.63,3.58,3.52,3.49,3.50,3.48,3.51,3.59,3.67,3.75,3.82,3.88,3.93,3.96,3.97,3.98,3.99,3.99,4.02,4.04,4.04,4.02,3.93,3.95,3.98,3.98,3.99,3.98,3.98,3.99,4.00,4.01,3.96,3.87,3.76,3.87,3.87,3.85,3.85,3.97,4.03,4.03,4.00,4.01,3.98,3.97,3.96,3.95,3.94,3.94,3.94,3.93,3.93,3.92,3.92,3.91,3.91,3.90,3.90,3.90,3.91,3.92,3.93,3.93,3.91,3.91,3.89,3.86,3.81,3.75,3.68,3.66,3.64,3.61,3.61,3.46,3.39,3.38,3.36,3.30,3.28,3.28,3.30,3.31,3.33,3.33,3.29,3.21,3.16,3.10,3.05,3.02,3.05,3.05,2.24,1.01,0.88,0.73,1.93,3.20,3.13,3.13,3.21,3.28,3.27,3.17,3.18,3.22,3.24,3.21,3.17,3.11,3.01,2.85,2.81,2.80,2.80,2.84,3.03,3.23,3.47,3.75,4.10,4.21,4.30,4.38,4.47,4.56,4.60,4.59,4.53,4.43,4.31,4.11,3.88,3.65,3.44,3.23,3.11,3.05,2.98,2.98,2.92,2.81,2.67,2.62,2.58,2.58,2.62,2.61,2.61,2.60,2.56,2.48,2.45,2.48,2.50,2.50,2.57,2.60,2.58,2.53,2.49,2.67,2.72,2.63,2.46,2.36,2.42,2.47,2.44,2.54,2.76,2.88,2.91,2.90,3.00,3.10,3.18,3.23
3.46,3.48,3.49,3.50,3.51,3.52,3.53,3.54,3.54,3.54,3.54,3.53,3.53,3.54,3.52,3.52,3.52,3.53,3.54,3.55,3.54,3.53,3.52,3.49,3.49,3.47,3.45,3.42,3.40,3.36,3.33,3.34,3.39,3.40,3.37,3.32,3.25,3.15,3.12,3.16,3.19,3.19,3.20,3.21,3.25,3.32,3.35,3.39,3.44,3.44,3.36,3.36,3.38,3.33,3.54,3.61,3.62,3.61,3.64,3.68,3.60,3.49,3.57,3.70,3.81,3.85,3.81,3.76,3.72,3.70,3.67,3.64,3.71,3.67,3.60,3.64,3.82,3.78,3.64,3.51,3.46,3.43,3.47,3.54,3.47,3.55,3.61,3.70,3.85,3.91,3.95,3.97,3.96,3.97,4.01,4.03,4.00,3.88,3.83,3.88,3.95,3.96,3.98,3.99,3.99,3.97,3.97,3.97,3.92,3.86,3.82,3.87,3.82,3.81,3.90,3.99,4.03,4.03,4.01,3.99,3.97,3.96,3.95,3.94,3.93,3.92,3.92,3.92,3.91,3.90,3.90,3.90,3.89,3.89,3.88,3.88,3.88,3.89,3.90,3.90,3.88,3.88,3.86,3.82,3.79,3.74,3.64,3.63,3.60,3.55,3.52,3.42,3.39,3.37,3.32,3.24,3.20,3.19,3.22,3.23,3.27,3.28,3.27,3.26,3.21,3.13,3.05,3.01,3.09,2.82,2.12,1.29,1.11,0.99,2.03,3.14,3.10,3.17,3.23,3.26,3.25,3.17,3.10,3.13,3.23,3.29,3.29,3.21,3.09,2.94,2.82,2.78,2.79,2.86,2.99,3.21,3.36,3.63,4.21,4.36,4.39,4.40,4.45,4.50,4.54,4.53,4.46,4.37,4.35,4.17,3.94,3.75,3.54,3.29,3.10,2.99,2.89,2.86,2.87,2.83,2.66,2.52,2.52,2.56,2.58,2.60,2.59,2.59,2.56,2.44,2.47,2.50,2.53,2.55,2.51,2.49,2.45,2.43,2.48,2.66,2.67,2.54,2.35,2.39,2.44,2.45,2.44,2.62,2.87,2.99,2.99,2.98,3.08,3.16,3.22,3.26
3.44,3.46,3.47,3.48,3.49,3.51,3.52,3.53,3.54,3.54,3.54,3.53,3.53,3.53,3.52,3.52,3.52,3.53,3.51,3.51,3.51,3.51,3.50,3.47,3.44,3.44,3.44,3.44,3.39,3.35,3.34,3.37,3.40,3.39,3.36,3.30,3.22,3.17,3.14,3.14,3.19,3.19,3.20,3.23,3.32,3.37,3.40,3.43,3.46,3.51,3.44,3.44,3.44,3.35,3.47,3.51,3.51,3.53,3.61,3.57,3.47,3.45,3.74,3.82,3.87,3.88,3.84,3.80,3.75,3.71,3.66,3.63,3.66,3.63,3.62,3.75,3.85,3.86,3.83,3.79,3.65,3.57,3.53,3.51,3.45,3.49,3.54,3.59,3.65,3.73,3.80,3.87,3.92,3.95,3.98,3.94,3.85,3.74,3.80,3.87,3.92,3.94,3.95,3.97,3.98,3.98,3.98,3.93,3.87,3.84,3.88,3.88,3.79,3.81,3.96,4.02,4.03,4.02,4.00,3.98,3.96,3.95,3.94,3.93,3.93,3.92,3.91,3.90,3.89,3.89,3.88,3.88,3.88,3.87,3.87,3.87,3.86,3.87,3.88,3.87,3.86,3.86,3.82,3.79,3.75,3.70,3.60,3.57,3.53,3.48,3.48,3.43,3.41,3.38,3.31,3.25,3.18,3.13,3.13,3.15,3.20,3.22,3.22,3.21,3.19,3.13,3.08,3.07,3.17,2.55,1.92,1.51,1.33,2.02,2.66,3.04,3.05,3.07,3.09,3.10,3.10,3.02,3.00,3.04,3.13,3.20,3.27,3.21,3.08,2.93,2.81,2.75,2.74,2.77,2.88,3.07,3.21,3.40,3.74,3.89,3.96,4.06,4.23,4.37,4.45,4.43,4.33,4.24,4.16,4.04,3.90,3.75,3.57,3.37,3.20,3.06,2.92,2.79,2.73,2.69,2.59,2.52,2.54,2.58,2.58,2.60,2.61,2.56,2.49,2.46,2.48,2.51,2.54,2.54,2.50,2.50,2.49,2.45,2.43,2.51,2.51,2.45,2.35,2.39,2.42,2.45,2.53,2.72,2.93,3.03,3.04,3.03,3.08,3.14,3.18,3.21
3.43,3.44,3.45,3.46,3.48,3.49,3.50,3.51,3.53,3.54,3.54,3.53,3.53,3.53,3.51,3.51,3.52,3.51,3.49,3.48,3.49,3.49,3.47,3.44,3.42,3.42,3.44,3.44,3.37,3.34,3.36,3.40,3.43,3.40,3.35,3.30,3.19,3.17,3.15,3.14,3.19,3.20,3.21,3.26,3.38,3.42,3.45,3.47,3.50,3.57,3.54,3.56,3.57,3.45,3.48,3.47,3.45,3.47,3.56,3.48,3.40,3.46,3.81,3.83,3.88,3.90,3.87,3.83,3.78,3.71,3.66,3.65,3.64,3.63,3.68,3.86,3.89,3.93,3.98,4.02,3.84,3.71,3.62,3.54,3.48,3.48,3.52,3.54,3.51,3.60,3.68,3.76,3.84,3.90,3.94,3.90,3.80,3.68,3.78,3.85,3.89,3.91,3.93,3.94,3.96,3.97,3.97,3.88,3.84,3.85,3.92,3.88,3.79,3.83,3.99,4.03,4.02,4.01,3.99,3.98,3.95,3.94,3.93,3.93,3.92,3.91,3.90,3.89,3.88,3.88,3.87,3.86,3.86,3.86,3.85,3.85,3.84,3.84,3.85,3.84,3.83,3.83,3.79,3.75,3.71,3.66,3.56,3.52,3.49,3.46,3.46,3.44,3.42,3.38,3.31,3.27,3.20,3.15,3.12,3.09,3.12,3.15,3.16,3.14,3.15,3.12,3.10,3.12,3.06,2.36,1.88,1.77,1.79,2.77,3.05,2.97,3.03,3.04,2.99,2.95,2.93,2.88,2.89,2.95,3.02,3.09,3.21,3.17,3.04,2.89,2.77,2.72,2.70,2.73,2.84,2.99,3.10,3.23,3.42,3.53,3.63,3.77,3.97,4.16,4.28,4.31,4.26,4.12,3.96,3.88,3.80,3.69,3.54,3.40,3.27,3.13,2.97,2.78,2.67,2.60,2.53,2.50,2.52,2.55,2.55,2.59,2.58,2.51,2.44,2.47,2.50,2.53,2.54,2.53,2.50,2.51,2.51,2.48,2.42,2.41,2.40,2.37,2.35,2.39,2.41,2.48,2.63,2.79,2.95,3.05,3.08,3.07,3.09,3.12,3.15,3.18
3.42,3.43,3.44,3.45,3.46,3.47,3.48,3.49,3.51,3.52,3.53,3.53,3.53,3.52,3.50,3.51,3.50,3.49,3.47,3.45,3.46,3.45,3.38,3.42,3.42,3.42,3.42,3.42,3.34,3.34,3.38,3.44,3.47,3.42,3.36,3.31,3.20,3.12,3.11,3.15,3.20,3.20,3.24,3.31,3.42,3.47,3.50,3.53,3.56,3.60,3.65,3.74,3.80,3.69,3.60,3.54,3.49,3.45,3.47,3.42,3.45,3.57,3.67,3.67,3.78,3.89,3.90,3.88,3.81,3.72,3.67,3.76,3.69,3.69,3.79,3.95,3.96,3.98,4.06,4.17,3.99,3.85,3.75,3.69,3.60,3.54,3.55,3.56,3.50,3.58,3.59,3.62,3.70,3.79,3.87,3.93,3.91,3.75,3.79,3.82,3.85,3.87,3.89,3.92,3.94,3.95,3.94,3.81,3.83,3.90,3.92,3.84,3.86,3.92,3.99,4.03,4.02,4.00,3.99,3.97,3.95,3.94,3.93,3.92,3.91,3.90,3.90,3.89,3.87,3.87,3.86,3.85,3.84,3.84,3.84,3.83,3.83,3.82,3.82,3.81,3.80,3.79,3.75,3.71,3.67,3.63,3.53,3.53,3.53,3.51,3.48,3.44,3.40,3.37,3.33,3.31,3.30,3.29,3.24,3.05,3.04,3.08,3.11,3.06,3.10,3.08,3.09,3.13,2.61,2.33,2.12,2.10,2.64,2.98,3.01,2.97,3.07,3.13,2.97,2.81,2.75,2.74,2.78,2.83,2.90,2.97,3.06,3.05,2.95,2.78,2.69,2.68,2.71,2.79,2.91,3.01,3.07,3.17,3.39,3.40,3.47,3.55,3.64,3.81,3.98,4.17,4.26,4.01,3.76,3.66,3.61,3.53,3.42,3.34,3.27,3.19,3.03,2.88,2.75,2.62,2.49,2.44,2.43,2.44,2.47,2.58,2.49,2.43,2.43,2.46,2.50,2.54,2.55,2.52,2.49,2.49,2.50,2.50,2.50,2.43,2.36,2.32,2.35,2.37,2.43,2.55,2.73,2.81,2.94,3.05,3.11,3.09,3.10,3.12,3.15,3.20
3.41,3.42,3.43,3.44,3.45,3.46,3.47,3.48,3.50,3.51,3.52,3.52,3.53,3.52,3.50,3.50,3.49,3.48,3.44,3.44,3.46,3.46,3.43,3.43,3.42,3.42,3.42,3.41,3.37,3.38,3.43,3.49,3.47,3.41,3.35,3.31,3.23,3.13,3.11,3.15,3.19,3.20,3.29,3.39,3.48,3.52,3.55,3.58,3.61,3.61,3.72,3.84,3.88,3.78,3.67,3.62,3.59,3.55,3.54,3.48,3.50,3.56,3.58,3.62,3.71,3.78,3.79,3.80,3.78,3.76,3.74,3.76,3.71,3.77,3.89,4.00,4.03,4.05,4.09,4.15,4.03,3.93,3.85,3.79,3.68,3.66,3.69,3.68,3.59,3.60,3.60,3.60,3.64,3.70,3.76,3.83,3.87,3.80,3.76,3.77,3.80,3.82,3.85,3.89,3.92,3.92,3.90,3.83,3.86,3.90,3.89,3.85,3.90,3.95,3.98,4.02,4.01,4.00,3.98,3.96,3.94,3.93,3.92,3.91,3.91,3.90,3.89,3.88,3.87,3.86,3.85,3.84,3.83,3.83,3.82,3.82,3.81,3.79,3.79,3.79,3.78,3.75,3.71,3.67,3.63,3.57,3.51,3.52,3.52,3.51,3.49,3.43,3.39,3.36,3.34,3.33,3.37,3.40,3.33,3.11,3.09,3.08,3.04,3.02,3.06,3.08,3.13,3.17,2.67,2.47,2.31,2.33,2.97,3.04,3.02,3.02,3.10,3.11,2.99,2.85,2.75,2.70,2.70,2.72,2.76,2.85,2.91,2.90,2.82,2.70,2.68,2.67,2.71,2.77,2.85,2.86,3.03,3.25,3.38,3.37,3.40,3.44,3.48,3.59,3.71,3.84,3.91,3.82,3.59,3.45,3.36,3.28,3.23,3.18,3.14,3.11,3.02,2.91,2.81,2.70,2.57,2.50,2.43,2.36,2.32,2.41,2.40,2.41,2.44,2.45,2.51,2.54,2.53,2.48,2.47,2.47,2.47,2.46,2.48,2.40,2.32,2.28,2.32,2.32,2.43,2.61,2.81,2.91,2.99,3.05,3.08,3.06,3.05,3.06,3.10,3.16
3.40,3.41,3.42,3.43,3.44,3.46,3.47,3.47,3.48,3.50,3.51,3.51,3.52,3.52,3.50,3.48,3.48,3.47,3.41,3.45,3.47,3.49,3.50,3.45,3.43,3.42,3.42,3.41,3.41,3.44,3.49,3.54,3.46,3.40,3.34,3.30,3.27,3.16,3.12,3.15,3.19,3.21,3.34,3.48,3.54,3.57,3.60,3.63,3.65,3.63,3.78,3.89,3.91,3.82,3.72,3.70,3.71,3.70,3.65,3.59,3.55,3.54,3.52,3.61,3.66,3.67,3.68,3.72,3.74,3.78,3.80,3.74,3.75,3.85,3.98,4.02,4.09,4.12,4.12,4.11,4.05,4.00,3.93,3.85,3.75,3.79,3.83,3.81,3.70,3.65,3.63,3.63,3.61,3.63,3.66,3.72,3.79,3.81,3.74,3.73,3.76,3.79,3.81,3.86,3.90,3.90,3.86,3.87,3.88,3.88,3.85,3.87,3.92,3.96,3.97,4.00,4.00,3.99,3.97,3.96,3.93,3.92,3.92,3.91,3.90,3.89,3.88,3.88,3.86,3.85,3.84,3.84,3.83,3.82,3.81,3.80,3.79,3.77,3.77,3.76,3.75,3.72,3.68,3.64,3.58,3.51,3.51,3.51,3.51,3.49,3.50,3.43,3.38,3.35,3.34,3.34,3.43,3.49,3.43,3.22,3.20,3.12,3.01,3.01,3.04,3.11,3.18,3.20,2.86,2.65,2.52,2.56,3.10,3.06,3.05,3.08,3.12,3.06,3.01,2.92,2.80,2.70,2.66,2.63,2.64,2.73,2.75,2.74,2.70,2.64,2.67,2.68,2.70,2.75,2.76,2.61,2.93,3.35,3.38,3.36,3.36,3.38,3.39,3.44,3.48,3.48,3.48,3.58,3.41,3.24,3.12,3.06,3.04,3.02,2.99,2.97,2.97,2.89,2.83,2.76,2.67,2.57,2.46,2.33,2.22,2.26,2.32,2.39,2.43,2.43,2.50,2.53,2.51,2.44,2.45,2.45,2.45,2.42,2.43,2.34,2.27,2.25,2.28,2.28,2.44,2.66,2.87,3.00,3.04,3.04,3.03,3.03,3.00,3.00,3.04,3.12
3.39,3.40,3.42,3.43,3.43,3.44,3.46,3.47,3.48,3.49,3.50,3.51,3.51,3.50,3.48,3.46,3.45,3.45,3.46,3.50,3.52,3.52,3.50,3.48,3.45,3.43,3.41,3.40,3.47,3.53,3.55,3.53,3.46,3.40,3.33,3.27,3.26,3.13,3.09,3.15,3.24,3.26,3.39,3.53,3.60,3.63,3.65,3.65,3.64,3.70,3.79,3.89,3.93,3.87,3.78,3.77,3.80,3.82,3.76,3.70,3.65,3.61,3.59,3.61,3.63,3.68,3.74,3.73,3.69,3.70,3.74,3.75,3.83,3.92,3.99,4.04,4.11,4.15,4.19,4.20,4.14,4.08,3.96,3.85,3.86,3.88,3.88,3.85,3.77,3.72,3.71,3.68,3.62,3.64,3.66,3.69,3.71,3.71,3.74,3.72,3.74,3.83,3.82,3.82,3.85,3.87,3.78,3.85,3.88,3.86,3.79,3.90,3.95,3.96,3.96,3.98,3.99,3.98,3.97,3.95,3.92,3.91,3.91,3.90,3.89,3.89,3.88,3.87,3.85,3.85,3.84,3.83,3.82,3.81,3.80,3.79,3.78,3.77,3.75,3.73,3.72,3.70,3.66,3.61,3.55,3.51,3.50,3.49,3.49,3.49,3.47,3.47,3.41,3.32,3.21,3.34,3.46,3.54,3.55,3.43,3.35,3.23,3.10,3.06,3.08,3.17,3.20,3.09,2.94,2.80,2.83,2.98,3.07,3.04,3.06,3.09,3.08,3.02,2.96,2.89,2.81,2.75,2.74,2.71,2.66,2.62,2.60,2.60,2.61,2.64,2.64,2.67,2.74,2.80,2.72,2.07,2.57,3.37,3.39,3.38,3.38,3.38,3.38,3.42,3.37,3.29,3.22,3.19,3.10,3.02,3.00,3.05,3.00,2.96,2.88,2.79,2.79,2.78,2.75,2.71,2.66,2.61,2.55,2.49,2.43,2.39,2.35,2.32,2.33,2.38,2.42,2.45,2.45,2.41,2.44,2.45,2.45,2.43,2.38,2.25,2.21,2.23,2.23,2.34,2.52,2.70,2.84,2.96,3.00,3.01,3.01,3.00,3.02,2.99,2.98,3.07
3.39,3.39,3.41,3.42,3.43,3.44,3.45,3.46,3.47,3.48,3.49,3.50,3.50,3.48,3.46,3.46,3.45,3.45,3.50,3.55,3.57,3.57,3.53,3.49,3.49,3.48,3.46,3.44,3.52,3.58,3.59,3.53,3.46,3.40,3.32,3.26,3.29,3.21,3.19,3.23,3.28,3.26,3.36,3.49,3.55,3.58,3.61,3.62,3.63,3.75,3.82,3.88,3.92,3.91,3.85,3.84,3.86,3.89,3.84,3.80,3.76,3.74,3.72,3.71,3.68,3.68,3.73,3.71,3.68,3.69,3.76,3.79,3.89,3.94,3.97,4.02,4.11,4.17,4.22,4.26,4.23,4.18,4.07,3.95,3.97,3.98,3.94,3.88,3.84,3.80,3.79,3.79,3.77,3.78,3.71,3.66,3.64,3.67,3.72,3.70,3.72,3.81,3.81,3.82,3.81,3.80,3.78,3.85,3.86,3.83,3.81,3.93,3.97,3.97,3.95,3.97,3.98,3.98,3.96,3.95,3.92,3.91,3.90,3.90,3.89,3.88,3.87,3.86,3.85,3.84,3.83,3.82,3.82,3.81,3.79,3.78,3.77,3.76,3.75,3.75,3.74,3.68,3.65,3.61,3.55,3.51,3.51,3.51,3.50,3.49,3.46,3.47,3.41,3.30,3.20,3.38,3.51,3.58,3.58,3.50,3.40,3.29,3.17,3.08,3.14,3.21,3.22,3.10,3.04,2.98,3.03,3.14,3.05,3.04,3.07,3.09,3.04,2.97,2.91,2.85,2.79,2.75,2.77,2.76,2.70,2.60,2.56,2.54,2.57,2.65,2.64,2.68,2.73,2.77,2.75,2.35,2.77,3.38,3.39,3.38,3.38,3.38,3.37,3.38,3.08,2.92,2.91,2.90,2.89,2.88,2.91,2.98,2.92,2.91,2.86,2.78,2.74,2.72,2.67,2.62,2.60,2.59,2.56,2.53,2.52,2.46,2.39,2.34,2.32,2.33,2.31,2.34,2.37,2.37,2.41,2.43,2.42,2.38,2.28,2.19,2.18,2.20,2.21,2.38,2.54,2.67,2.79,2.91,2.95,2.97,2.97,2.98,2.99,2.95,2.94,3.06
3.38,3.39,3.40,3.41,3.42,3.43,3.44,3.45,3.46,3.47,3.48,3.49,3.49,3.46,3.42,3.46,3.46,3.46,3.55,3.60,3.62,3.61,3.56,3.50,3.54,3.56,3.54,3.50,3.56,3.60,3.61,3.54,3.45,3.38,3.31,3.25,3.35,3.38,3.39,3.37,3.29,3.23,3.28,3.36,3.42,3.45,3.52,3.57,3.64,3.80,3.86,3.88,3.89,3.96,3.91,3.89,3.90,3.93,3.91,3.88,3.88,3.90,3.88,3.86,3.78,3.70,3.66,3.69,3.69,3.74,3.82,3.85,3.94,3.94,3.91,3.95,4.09,4.17,4.24,4.29,4.32,4.30,4.22,4.11,4.09,4.07,4.00,3.92,3.90,3.87,3.88,3.93,4.01,4.01,3.80,3.64,3.58,3.68,3.70,3.69,3.70,3.75,3.78,3.83,3.78,3.72,3.82,3.85,3.81,3.80,3.88,3.97,3.99,3.97,3.94,3.96,3.97,3.97,3.96,3.94,3.91,3.90,3.90,3.89,3.88,3.87,3.87,3.86,3.84,3.83,3.82,3.82,3.81,3.79,3.78,3.77,3.75,3.74,3.76,3.80,3.79,3.66,3.66,3.63,3.57,3.50,3.53,3.55,3.54,3.50,3.45,3.44,3.38,3.31,3.28,3.47,3.57,3.59,3.55,3.47,3.40,3.32,3.21,3.07,3.19,3.25,3.24,3.19,3.14,3.17,3.17,3.11,3.03,3.07,3.09,3.06,2.99,2.93,2.87,2.82,2.76,2.72,2.78,2.80,2.75,2.63,2.59,2.54,2.55,2.66,2.68,2.69,2.69,2.70,2.84,3.20,3.36,3.38,3.39,3.39,3.38,3.37,3.37,3.34,2.67,2.42,2.57,2.67,2.73,2.78,2.82,2.85,2.82,2.87,2.91,2.90,2.79,2.69,2.58,2.51,2.50,2.52,2.51,2.50,2.52,2.50,2.45,2.40,2.36,2.29,2.17,2.20,2.28,2.31,2.38,2.41,2.38,2.29,2.13,2.15,2.16,2.17,2.20,2.42,2.53,2.61,2.73,2.84,2.90,2.92,2.93,2.96,2.92,2.89,2.93,3.07
3.37,3.38,3.39,3.40,3.41,3.42,3.43,3.44,3.45,3.46,3.47,3.49,3.47,3.43,3.46,3.49,3.50,3.52,3.58,3.64,3.66,3.63,3.57,3.53,3.52,3.53,3.55,3.56,3.60,3.62,3.61,3.56,3.47,3.40,3.34,3.32,3.39,3.40,3.46,3.50,3.37,3.32,3.35,3.38,3.36,3.42,3.50,3.54,3.57,3.68,3.77,3.82,3.87,3.95,3.87,3.83,3.84,3.89,3.95,3.94,3.98,4.05,4.06,4.01,3.95,3.88,3.83,3.77,3.75,3.77,3.80,3.78,3.87,3.94,3.99,4.02,4.11,4.17,4.23,4.27,4.30,4.34,4.30,4.22,4.16,4.13,4.05,3.97,3.93,3.94,3.96,4.02,4.09,4.14,3.97,3.81,3.73,3.73,3.72,3.69,3.68,3.70,3.71,3.72,3.72,3.74,3.84,3.84,3.81,3.83,3.93,3.99,4.00,3.98,3.95,3.95,3.97,3.96,3.95,3.93,3.90,3.89,3.89,3.88,3.88,3.87,3.86,3.84,3.83,3.83,3.82,3.81,3.80,3.79,3.77,3.74,3.71,3.73,3.75,3.76,3.75,3.70,3.68,3.64,3.58,3.53,3.55,3.53,3.53,3.52,3.50,3.43,3.35,3.33,3.42,3.55,3.60,3.58,3.52,3.44,3.37,3.28,3.20,3.15,3.28,3.32,3.30,3.26,3.21,3.20,3.15,3.08,3.04,3.04,3.00,2.95,2.94,2.89,2.84,2.79,2.74,2.74,2.77,2.78,2.73,2.66,2.60,2.58,2.58,2.59,2.66,2.68,2.71,2.74,2.73,3.16,3.33,3.33,3.38,3.37,3.37,3.37,3.23,2.30,2.13,2.23,2.40,2.43,2.59,2.67,2.68,2.68,2.65,2.73,2.78,2.78,2.75,2.69,2.59,2.47,2.41,2.39,2.38,2.38,2.39,2.43,2.42,2.42,2.43,2.40,2.30,2.27,2.24,2.20,2.16,2.21,2.21,2.15,2.14,2.13,2.11,2.16,2.35,2.43,2.50,2.58,2.67,2.79,2.85,2.87,2.87,2.88,2.77,2.78,2.87,3.00
3.37,3.38,3.38,3.39,3.40,3.42,3.42,3.43,3.44,3.46,3.47,3.48,3.46,3.43,3.49,3.52,3.54,3.56,3.59,3.65,3.66,3.64,3.58,3.55,3.51,3.52,3.57,3.60,3.64,3.64,3.60,3.56,3.48,3.39,3.34,3.35,3.43,3.42,3.49,3.58,3.44,3.40,3.41,3.40,3.36,3.45,3.51,3.53,3.52,3.59,3.67,3.73,3.79,3.89,3.81,3.79,3.81,3.88,3.98,3.99,4.05,4.15,4.19,4.13,4.07,4.01,3.95,3.83,3.81,3.81,3.81,3.76,3.81,3.90,3.97,4.00,4.08,4.15,4.20,4.25,4.28,4.34,4.35,4.30,4.21,4.17,4.10,4.02,3.98,4.00,4.02,4.06,4.11,4.18,4.06,3.94,3.84,3.78,3.75,3.71,3.69,3.67,3.67,3.67,3.71,3.78,3.86,3.82,3.81,3.86,3.98,4.01,4.01,3.98,3.95,3.94,3.96,3.96,3.94,3.92,3.89,3.89,3.88,3.88,3.87,3.86,3.85,3.84,3.83,3.82,3.81,3.80,3.80,3.78,3.74,3.70,3.68,3.71,3.73,3.73,3.72,3.72,3.69,3.65,3.59,3.54,3.55,3.52,3.51,3.52,3.51,3.41,3.34,3.35,3.49,3.58,3.58,3.54,3.49,3.42,3.34,3.25,3.19,3.22,3.34,3.37,3.35,3.31,3.26,3.20,3.14,3.08,3.08,3.03,2.93,2.86,2.87,2.84,2.81,2.77,2.72,2.74,2.76,2.75,2.72,2.68,2.61,2.61,2.61,2.58,2.68,2.70,2.69,2.70,2.82,3.20,3.33,3.32,3.35,3.35,3.36,3.31,3.00,1.70,1.81,2.08,2.24,2.26,2.45,2.53,2.53,2.51,2.51,2.59,2.65,2.65,2.66,2.64,2.53,2.39,2.26,2.21,2.24,2.27,2.27,2.32,2.36,2.40,2.43,2.44,2.39,2.33,2.27,2.19,2.10,2.14,2.15,2.12,2.18,2.13,2.09,2.16,2.43,2.42,2.47,2.55,2.62,2.73,2.80,2.82,2.82,2.85,2.69,2.71,2.81,2.93
3.35,3.37,3.38,3.39,3.39,3.41,3.42,3.43,3.44,3.45,3.46,3.47,3.47,3.46,3.52,3.57,3.58,3.56,3.58,3.61,3.62,3.63,3.63,3.58,3.55,3.56,3.60,3.63,3.68,3.65,3.59,3.54,3.46,3.37,3.31,3.32,3.48,3.44,3.48,3.55,3.48,3.47,3.46,3.45,3.43,3.57,3.59,3.55,3.50,3.54,3.57,3.57,3.61,3.76,3.70,3.76,3.84,3.89,4.00,4.03,4.09,4.18,4.26,4.20,4.14,4.07,3.99,3.88,3.84,3.85,3.88,3.83,3.75,3.77,3.84,3.84,4.00,4.08,4.15,4.22,4.25,4.29,4.33,4.32,4.23,4.20,4.14,4.09,4.09,4.07,4.05,4.04,4.04,4.09,4.05,3.98,3.91,3.84,3.77,3.75,3.73,3.68,3.68,3.71,3.78,3.85,3.88,3.79,3.81,3.90,4.03,4.02,4.00,3.97,3.95,3.94,3.95,3.95,3.93,3.91,3.89,3.88,3.87,3.87,3.86,3.85,3.84,3.83,3.82,3.81,3.81,3.80,3.79,3.74,3.69,3.66,3.67,3.69,3.71,3.72,3.71,3.69,3.70,3.67,3.61,3.53,3.54,3.52,3.49,3.47,3.47,3.40,3.36,3.37,3.43,3.52,3.50,3.46,3.44,3.39,3.29,3.20,3.17,3.29,3.35,3.40,3.40,3.34,3.28,3.20,3.14,3.12,3.14,3.03,2.89,2.79,2.78,2.77,2.79,2.77,2.70,2.71,2.73,2.72,2.70,2.68,2.61,2.62,2.64,2.66,2.76,2.76,2.62,2.56,3.22,3.34,3.37,3.35,3.32,3.32,3.34,3.14,2.62,1.78,1.83,1.98,2.09,2.21,2.32,2.37,2.36,2.35,2.38,2.46,2.50,2.50,2.52,2.50,2.39,2.21,2.02,1.98,2.09,2.17,2.15,2.18,2.24,2.29,2.35,2.38,2.40,2.41,2.39,2.35,2.28,2.26,2.25,2.25,2.26,2.18,2.13,2.18,2.39,2.38,2.43,2.51,2.59,2.67,2.75,2.77,2.79,2.87,2.72,2.69,2.75,2.84
3.35,3.36,3.37,3.38,3.39,3.40,3.41,3.42,3.43,3.44,3.45,3.47,3.48,3.49,3.55,3.61,3.63,3.62,3.63,3.62,3.60,3.59,3.59,3.60,3.59,3.61,3.66,3.70,3.71,3.65,3.58,3.54,3.46,3.35,3.30,3.34,3.44,3.43,3.45,3.50,3.51,3.51,3.51,3.50,3.50,3.60,3.62,3.59,3.55,3.57,3.52,3.51,3.56,3.69,3.66,3.71,3.80,3.90,4.00,4.06,4.12,4.18,4.20,4.15,4.10,4.04,3.96,3.84,3.84,3.89,3.92,3.91,3.86,3.87,3.87,3.83,3.93,3.97,4.03,4.12,4.19,4.24,4.28,4.29,4.23,4.19,4.13,4.10,4.13,4.13,4.10,4.08,4.06,4.06,4.05,4.02,3.96,3.89,3.82,3.81,3.81,3.78,3.73,3.77,3.84,3.90,3.85,3.77,3.81,3.92,4.04,4.03,3.99,3.96,3.96,3.94,3.95,3.94,3.93,3.90,3.88,3.87,3.86,3.86,3.86,3.85,3.84,3.82,3.82,3.81,3.80,3.78,3.75,3.68,3.64,3.63,3.65,3.68,3.70,3.71,3.70,3.67,3.67,3.65,3.60,3.55,3.55,3.48,3.45,3.47,3.45,3.40,3.35,3.34,3.37,3.44,3.41,3.38,3.37,3.32,3.25,3.21,3.24,3.35,3.40,3.42,3.39,3.34,3.25,3.16,3.13,3.17,3.17,3.06,2.93,2.83,2.78,2.76,2.76,2.74,2.70,2.72,2.72,2.72,2.71,2.66,2.64,2.65,2.67,2.69,2.77,2.79,2.81,2.93,3.33,3.36,3.37,3.36,3.33,3.33,3.33,2.89,2.03,1.78,1.86,1.97,2.05,2.10,2.15,2.18,2.18,2.18,2.24,2.31,2.35,2.37,2.39,2.39,2.30,2.14,1.97,1.90,1.98,2.10,2.19,2.19,2.23,2.23,2.22,2.27,2.32,2.36,2.38,2.37,2.37,2.36,2.33,2.31,2.31,2.22,2.15,2.15,2.28,2.33,2.38,2.45,2.54,2.61,2.72,2.78,2.80,2.78,2.73,2.72,2.75,2.81
3.34,3.35,3.36,3.37,3.38,3.39,3.40,3.41,3.42,3.43,3.45,3.46,3.48,3.51,3.58,3.63,3.66,3.68,3.67,3.64,3.60,3.56,3.56,3.63,3.64,3.67,3.73,3.77,3.72,3.65,3.59,3.54,3.47,3.35,3.31,3.38,3.40,3.43,3.44,3.45,3.51,3.53,3.54,3.54,3.55,3.61,3.63,3.63,3.61,3.60,3.50,3.49,3.55,3.64,3.62,3.65,3.75,3.88,3.96,4.06,4.13,4.16,4.11,4.07,4.03,3.99,3.90,3.80,3.85,3.92,3.96,3.98,4.01,4.00,3.95,3.87,3.89,3.90,3.93,4.01,4.11,4.16,4.21,4.24,4.21,4.17,4.11,4.10,4.14,4.16,4.15,4.12,4.08,4.04,4.04,4.04,4.01,3.95,3.88,3.87,3.88,3.87,3.77,3.81,3.89,3.92,3.81,3.75,3.79,3.89,4.01,4.02,3.97,3.95,3.96,3.93,3.94,3.93,3.92,3.89,3.87,3.86,3.85,3.86,3.85,3.84,3.83,3.82,3.81,3.80,3.79,3.75,3.69,3.63,3.60,3.61,3.63,3.66,3.69,3.70,3.69,3.66,3.64,3.62,3.59,3.56,3.56,3.46,3.43,3.46,3.43,3.39,3.34,3.31,3.31,3.36,3.33,3.31,3.31,3.23,3.22,3.25,3.32,3.41,3.45,3.43,3.38,3.32,3.22,3.13,3.14,3.21,3.18,3.09,2.98,2.89,2.82,2.77,2.74,2.72,2.70,2.73,2.71,2.71,2.71,2.64,2.67,2.69,2.69,2.69,2.75,2.67,2.89,3.32,3.35,3.36,3.36,3.36,3.35,3.34,3.20,2.54,1.54,1.77,1.88,1.97,2.03,1.98,1.99,2.00,2.01,2.02,2.09,2.15,2.21,2.24,2.26,2.27,2.21,2.10,1.95,1.84,1.89,2.04,2.24,2.23,2.24,2.20,2.14,2.18,2.23,2.28,2.33,2.36,2.42,2.42,2.40,2.36,2.34,2.27,2.18,2.13,2.19,2.28,2.33,2.39,2.47,2.55,2.68,2.78,2.80,2.68,2.72,2.75,2.76,2.79
3.33,3.34,3.35,3.36,3.37,3.38,3.39,3.40,3.41,3.42,3.45,3.46,3.47,3.49,3.57,3.58,3.64,3.70,3.69,3.69,3.66,3.62,3.60,3.67,3.70,3.73,3.76,3.77,3.71,3.65,3.59,3.57,3.49,3.39,3.37,3.42,3.40,3.46,3.45,3.41,3.46,3.50,3.55,3.58,3.60,3.63,3.66,3.66,3.63,3.60,3.57,3.55,3.57,3.62,3.58,3.64,3.71,3.75,3.82,3.96,4.05,4.07,4.00,3.98,3.97,3.91,3.79,3.80,3.89,3.97,4.01,4.05,4.08,4.06,4.02,3.99,3.98,3.97,3.95,3.92,3.96,3.99,4.07,4.17,4.17,4.12,4.09,4.09,4.11,4.13,4.15,4.14,4.09,4.04,4.03,4.03,4.01,3.98,3.93,3.91,3.89,3.87,3.77,3.83,3.89,3.89,3.78,3.74,3.74,3.77,3.84,3.97,3.95,3.93,3.94,3.94,3.93,3.93,3.91,3.88,3.87,3.85,3.85,3.85,3.84,3.84,3.82,3.81,3.80,3.80,3.76,3.69,3.62,3.58,3.58,3.59,3.62,3.64,3.67,3.68,3.67,3.64,3.63,3.60,3.56,3.56,3.53,3.48,3.44,3.40,3.37,3.39,3.36,3.32,3.31,3.31,3.27,3.25,3.25,3.16,3.23,3.31,3.38,3.45,3.48,3.45,3.38,3.27,3.16,3.18,3.21,3.21,3.15,3.09,3.02,2.94,2.85,2.83,2.80,2.76,2.70,2.68,2.65,2.65,2.67,2.68,2.70,2.66,2.62,2.59,2.70,2.08,2.33,3.31,3.32,3.33,3.35,3.36,3.33,3.34,2.59,1.87,1.59,1.80,1.91,1.95,1.94,1.90,1.91,1.87,1.85,1.88,1.96,2.01,2.06,2.11,2.12,2.15,2.12,2.04,1.91,1.78,1.85,2.03,2.21,2.21,2.23,2.22,2.21,2.23,2.19,2.16,2.18,2.26,2.36,2.40,2.42,2.41,2.36,2.32,2.26,2.21,2.19,2.21,2.27,2.33,2.38,2.47,2.57,2.69,2.76,2.65,2.68,2.73,2.78,2.81
3.33,3.33,3.34,3.35,3.36,3.38,3.38,3.39,3.41,3.42,3.44,3.45,3.47,3.49,3.56,3.56,3.61,3.69,3.71,3.71,3.69,3.66,3.64,3.70,3.74,3.77,3.79,3.76,3.71,3.64,3.60,3.61,3.49,3.40,3.38,3.43,3.42,3.45,3.43,3.40,3.40,3.45,3.52,3.57,3.59,3.64,3.68,3.69,3.67,3.61,3.60,3.61,3.64,3.68,3.64,3.65,3.68,3.69,3.75,3.86,3.92,3.93,3.90,3.90,3.90,3.87,3.77,3.83,3.91,3.98,4.03,4.09,4.14,4.12,4.08,4.06,4.01,4.02,4.01,3.97,3.96,3.92,3.97,4.06,4.06,4.06,4.06,4.07,4.08,4.10,4.13,4.12,4.07,4.02,4.02,4.02,4.01,4.00,3.96,3.94,3.90,3.83,3.80,3.85,3.87,3.84,3.76,3.72,3.72,3.73,3.74,3.85,3.85,3.85,3.90,3.94,3.93,3.92,3.91,3.87,3.86,3.84,3.84,3.85,3.84,3.83,3.82,3.80,3.80,3.76,3.70,3.63,3.57,3.55,3.55,3.58,3.60,3.63,3.65,3.67,3.66,3.62,3.59,3.57,3.56,3.54,3.50,3.46,3.42,3.38,3.35,3.39,3.38,3.34,3.31,3.28,3.23,3.21,3.22,3.18,3.27,3.36,3.43,3.49,3.49,3.44,3.35,3.23,3.13,3.20,3.24,3.20,3.13,3.08,3.02,2.95,2.88,2.86,2.85,2.82,2.79,2.77,2.69,2.66,2.67,2.72,2.72,2.62,2.47,2.31,2.26,2.16,2.59,3.33,3.33,3.32,3.33,3.34,3.33,3.33,2.33,1.61,1.66,1.86,1.93,1.96,1.96,1.94,1.96,1.87,1.79,1.82,1.85,1.86,1.91,1.98,2.01,2.05,2.02,1.93,1.81,1.77,1.91,2.08,2.18,2.18,2.21,2.23,2.25,2.25,2.21,2.16,2.12,2.14,2.29,2.36,2.40,2.39,2.36,2.33,2.30,2.27,2.24,2.24,2.26,2.29,2.31,2.37,2.46,2.57,2.65,2.60,2.63,2.68,2.74,2.78
3.32,3.33,3.34,3.34,3.35,3.37,3.38,3.38,3.40,3.41,3.43,3.44,3.47,3.53,3.56,3.56,3.59,3.66,3.73,3.71,3.70,3.69,3.68,3.72,3.76,3.80,3.82,3.75,3.70,3.64,3.62,3.65,3.49,3.40,3.38,3.42,3.45,3.40,3.39,3.40,3.33,3.38,3.46,3.53,3.56,3.63,3.69,3.73,3.72,3.61,3.60,3.66,3.74,3.78,3.76,3.69,3.66,3.69,3.73,3.76,3.78,3.78,3.81,3.82,3.84,3.84,3.80,3.87,3.92,3.97,4.03,4.10,4.19,4.18,4.13,4.09,4.02,4.04,4.08,4.09,4.06,3.94,3.90,3.93,3.90,4.00,4.02,4.02,4.04,4.06,4.08,4.07,4.03,4.00,4.00,4.00,4.00,3.99,3.97,3.97,3.90,3.76,3.86,3.88,3.84,3.78,3.74,3.71,3.72,3.74,3.69,3.69,3.69,3.74,3.84,3.93,3.93,3.92,3.90,3.86,3.85,3.83,3.83,3.84,3.83,3.82,3.81,3.80,3.79,3.71,3.63,3.57,3.53,3.52,3.54,3.56,3.58,3.61,3.64,3.65,3.64,3.60,3.54,3.55,3.56,3.51,3.45,3.41,3.38,3.37,3.35,3.39,3.41,3.38,3.31,3.26,3.20,3.17,3.19,3.26,3.33,3.40,3.47,3.52,3.50,3.41,3.31,3.20,3.11,3.19,3.24,3.20,3.13,3.06,3.00,2.94,2.90,2.88,2.89,2.90,2.93,2.93,2.78,2.69,2.70,2.74,2.75,2.57,2.28,1.93,1.61,2.65,3.34,3.36,3.36,3.33,3.31,3.32,3.33,3.30,2.28,1.60,1.74,1.92,1.95,1.98,2.03,2.06,2.10,1.94,1.79,1.81,1.78,1.73,1.75,1.84,1.91,1.95,1.91,1.80,1.67,1.80,2.02,2.16,2.16,2.16,2.19,2.24,2.27,2.26,2.27,2.21,2.11,2.00,2.21,2.31,2.34,2.34,2.34,2.33,2.32,2.32,2.32,2.33,2.30,2.27,2.25,2.26,2.36,2.44,2.49,2.55,2.58,2.62,2.68,2.73
3.36,3.36,3.35,3.35,3.35,3.36,3.37,3.38,3.39,3.40,3.43,3.47,3.52,3.57,3.62,3.62,3.63,3.65,3.67,3.69,3.69,3.69,3.71,3.74,3.78,3.81,3.80,3.73,3.68,3.67,3.66,3.65,3.45,3.44,3.48,3.50,3.48,3.41,3.36,3.33,3.24,3.36,3.42,3.45,3.51,3.55,3.62,3.66,3.65,3.59,3.55,3.63,3.74,3.76,3.75,3.70,3.71,3.79,3.82,3.82,3.79,3.77,3.82,3.80,3.82,3.82,3.77,3.89,3.94,3.98,4.03,4.09,4.15,4.18,4.16,4.10,4.04,4.07,4.11,4.13,4.11,4.06,4.03,4.00,3.96,3.97,3.96,3.95,3.98,4.04,4.06,4.04,4.01,3.98,3.98,3.98,3.98,3.98,3.97,3.97,3.92,3.81,3.89,3.88,3.82,3.77,3.86,3.84,3.84,3.81,3.72,3.63,3.66,3.72,3.75,3.74,3.80,3.86,3.89,3.85,3.85,3.82,3.82,3.83,3.82,3.81,3.79,3.76,3.71,3.64,3.57,3.52,3.50,3.50,3.52,3.54,3.57,3.59,3.62,3.64,3.63,3.59,3.53,3.53,3.51,3.41,3.39,3.38,3.37,3.37,3.36,3.42,3.44,3.42,3.37,3.33,3.26,3.22,3.23,3.28,3.37,3.43,3.47,3.49,3.45,3.38,3.27,3.17,3.16,3.21,3.22,3.18,3.12,3.05,2.99,2.93,2.88,2.86,2.87,2.89,2.90,2.90,2.79,2.75,2.77,2.79,2.72,2.42,2.05,1.73,1.68,2.72,3.35,3.36,3.35,3.35,3.36,3.35,3.31,2.44,1.87,1.66,1.77,1.92,1.98,2.02,2.06,2.12,2.18,2.08,1.98,1.96,1.78,1.73,1.75,1.80,1.79,1.84,1.83,1.76,1.67,1.79,1.97,2.10,2.13,2.14,2.17,2.20,2.22,2.24,2.24,2.20,2.10,1.96,2.16,2.25,2.26,2.23,2.21,2.22,2.25,2.29,2.31,2.34,2.34,2.34,2.33,2.34,2.36,2.36,2.37,2.44,2.50,2.55,2.59,2.61
3.38,3.38,3.37,3.36,3.36,3.36,3.37,3.37,3.38,3.40,3.44,3.50,3.56,3.62,3.72,3.70,3.68,3.68,3.66,3.67,3.68,3.71,3.74,3.78,3.82,3.82,3.78,3.72,3.67,3.66,3.66,3.60,3.39,3.45,3.55,3.57,3.53,3.44,3.38,3.33,3.23,3.31,3.34,3.36,3.43,3.48,3.56,3.60,3.60,3.57,3.52,3.59,3.70,3.74,3.73,3.74,3.80,3.93,3.93,3.89,3.81,3.75,3.80,3.79,3.81,3.82,3.79,3.91,3.95,3.98,4.03,4.08,4.13,4.19,4.23,4.17,4.10,4.12,4.16,4.18,4.18,4.15,4.11,4.06,4.01,3.97,3.93,3.92,3.92,4.00,4.01,3.99,3.98,3.96,3.96,3.96,3.96,3.97,3.98,3.95,3.90,3.86,3.92,3.88,3.82,3.80,3.92,3.91,3.90,3.86,3.77,3.66,3.69,3.70,3.66,3.64,3.70,3.77,3.81,3.78,3.82,3.81,3.81,3.83,3.82,3.80,3.76,3.71,3.64,3.57,3.51,3.48,3.47,3.48,3.50,3.53,3.56,3.58,3.60,3.62,3.62,3.55,3.51,3.51,3.48,3.38,3.37,3.37,3.37,3.37,3.37,3.42,3.45,3.45,3.42,3.39,3.32,3.26,3.26,3.32,3.42,3.47,3.47,3.47,3.42,3.34,3.25,3.18,3.20,3.23,3.21,3.16,3.10,3.04,2.98,2.93,2.87,2.86,2.87,2.88,2.88,2.88,2.81,2.79,2.82,2.83,2.64,2.27,1.87,1.62,2.08,2.91,3.36,3.36,3.35,3.36,3.38,3.35,3.22,1.92,1.64,1.72,1.81,1.92,2.00,2.06,2.12,2.21,2.24,2.17,2.09,2.05,1.83,1.77,1.77,1.78,1.73,1.78,1.80,1.76,1.71,1.79,1.93,2.05,2.11,2.12,2.16,2.17,2.18,2.22,2.23,2.19,2.10,1.98,2.15,2.19,2.16,2.13,2.12,2.15,2.18,2.21,2.26,2.31,2.34,2.37,2.38,2.39,2.38,2.35,2.33,2.39,2.43,2.46,2.49,2.53
3.39,3.39,3.39,3.39,3.38,3.37,3.36,3.37,3.37,3.39,3.46,3.54,3.60,3.66,3.85,3.78,3.74,3.74,3.69,3.67,3.70,3.74,3.77,3.84,3.88,3.85,3.76,3.72,3.65,3.63,3.60,3.48,3.33,3.43,3.57,3.62,3.60,3.50,3.46,3.45,3.33,3.24,3.21,3.24,3.31,3.41,3.50,3.55,3.56,3.55,3.51,3.54,3.61,3.72,3.72,3.80,3.94,4.10,4.09,3.97,3.83,3.72,3.75,3.79,3.81,3.83,3.89,3.94,3.96,3.99,4.03,4.08,4.12,4.23,4.34,4.32,4.20,4.20,4.23,4.24,4.25,4.20,4.16,4.11,4.05,4.00,3.97,3.93,3.86,3.92,3.92,3.92,3.95,3.94,3.94,3.94,3.95,3.95,4.00,3.90,3.85,3.92,3.94,3.85,3.85,3.90,3.90,3.90,3.89,3.87,3.86,3.83,3.80,3.70,3.58,3.66,3.65,3.64,3.64,3.61,3.76,3.80,3.80,3.82,3.81,3.78,3.72,3.64,3.57,3.50,3.46,3.44,3.44,3.46,3.49,3.51,3.54,3.56,3.59,3.62,3.59,3.47,3.49,3.50,3.48,3.42,3.38,3.38,3.38,3.38,3.38,3.39,3.43,3.46,3.44,3.43,3.38,3.32,3.30,3.37,3.46,3.49,3.47,3.46,3.39,3.30,3.24,3.26,3.25,3.24,3.20,3.14,3.10,3.04,2.99,2.94,2.88,2.88,2.88,2.88,2.88,2.90,2.85,2.83,2.83,2.84,2.50,2.12,1.76,1.62,2.92,3.28,3.35,3.36,3.34,3.35,3.37,3.30,3.04,1.83,1.63,1.77,1.89,1.93,2.03,2.12,2.20,2.32,2.27,2.19,2.11,2.07,1.93,1.86,1.83,1.79,1.73,1.82,1.83,1.80,1.79,1.78,1.88,2.00,2.08,2.08,2.15,2.16,2.14,2.19,2.22,2.19,2.12,2.04,2.20,2.13,2.05,2.04,2.11,2.13,2.09,2.06,2.15,2.21,2.28,2.35,2.39,2.40,2.44,2.45,2.42,2.40,2.38,2.35,2.37,2.50
3.41,3.41,3.41,3.40,3.40,3.40,3.39,3.39,3.39,3.41,3.49,3.57,3.62,3.67,3.79,3.81,3.84,3.84,3.73,3.71,3.73,3.78,3.83,3.89,3.89,3.84,3.77,3.72,3.68,3.64,3.58,3.48,3.36,3.47,3.60,3.65,3.64,3.59,3.53,3.47,3.39,3.33,3.27,3.24,3.25,3.33,3.38,3.40,3.43,3.48,3.54,3.57,3.60,3.69,3.71,3.80,3.92,4.02,4.07,4.00,3.88,3.79,3.79,3.77,3.78,3.82,3.88,3.94,3.97,3.99,4.01,4.07,4.13,4.24,4.34,4.33,4.25,4.22,4.23,4.28,4.29,4.24,4.18,4.11,4.05,4.01,3.98,3.96,3.94,3.96,3.91,3.88,3.88,3.86,3.90,3.92,3.92,3.94,3.95,3.89,3.87,3.94,3.88,3.85,3.88,3.93,3.91,3.90,3.89,3.88,3.87,3.87,3.84,3.77,3.69,3.70,3.65,3.61,3.59,3.60,3.67,3.67,3.68,3.76,3.77,3.72,3.65,3.58,3.51,3.46,3.43,3.41,3.42,3.44,3.47,3.50,3.52,3.55,3.57,3.57,3.54,3.50,3.51,3.53,3.52,3.47,3.42,3.39,3.38,3.39,3.39,3.39,3.44,3.48,3.46,3.45,3.35,3.28,3.31,3.41,3.48,3.49,3.47,3.44,3.35,3.28,3.24,3.25,3.24,3.22,3.18,3.13,3.10,3.04,3.00,2.96,2.91,2.91,2.90,2.89,2.88,2.84,2.84,2.85,2.81,2.63,2.30,1.93,1.90,2.45,3.20,3.34,3.34,3.35,3.37,3.38,3.38,3.08,2.19,1.71,1.72,1.87,1.98,2.02,2.08,2.17,2.26,2.30,2.25,2.18,2.13,2.11,2.05,1.97,1.83,1.69,1.68,1.80,1.84,1.82,1.80,1.83,1.87,1.95,2.05,2.05,2.13,2.14,2.11,2.17,2.21,2.14,2.07,2.09,2.15,2.11,2.09,2.12,2.14,2.16,2.16,2.15,2.18,2.20,2.21,2.25,2.32,2.37,2.42,2.46,2.47,2.46,2.44,2.41,2.42,2.46
3.42,3.43,3.42,3.41,3.41,3.42,3.42,3.41,3.42,3.45,3.53,3.61,3.66,3.68,3.72,3.80,3.87,3.88,3.75,3.74,3.77,3.83,3.89,3.91,3.88,3.83,3.79,3.72,3.71,3.66,3.58,3.51,3.42,3.51,3.63,3.68,3.69,3.67,3.59,3.49,3.47,3.44,3.36,3.28,3.24,3.28,3.28,3.28,3.32,3.41,3.55,3.59,3.60,3.65,3.69,3.78,3.86,3.90,4.01,3.99,3.93,3.86,3.82,3.75,3.76,3.81,3.87,3.93,3.97,3.98,3.99,4.07,4.15,4.23,4.30,4.32,4.28,4.22,4.22,4.29,4.31,4.26,4.19,4.10,4.05,4.01,4.00,4.00,4.03,4.00,3.93,3.88,3.85,3.81,3.86,3.89,3.90,3.91,3.89,3.88,3.90,3.93,3.81,3.86,3.91,3.94,3.92,3.91,3.89,3.88,3.87,3.88,3.86,3.84,3.81,3.75,3.68,3.62,3.59,3.62,3.61,3.56,3.57,3.69,3.69,3.64,3.58,3.51,3.44,3.41,3.39,3.39,3.40,3.43,3.45,3.48,3.51,3.53,3.56,3.54,3.50,3.53,3.54,3.55,3.54,3.51,3.46,3.41,3.39,3.40,3.40,3.40,3.45,3.48,3.47,3.45,3.31,3.25,3.34,3.44,3.49,3.49,3.45,3.40,3.30,3.26,3.25,3.23,3.22,3.20,3.17,3.12,3.09,3.03,3.00,2.97,2.94,2.94,2.92,2.90,2.88,2.80,2.84,2.87,2.77,2.42,2.08,1.71,2.02,3.23,3.34,3.36,3.35,3.35,3.39,3.41,3.30,2.74,1.49,1.63,1.81,1.95,2.03,2.09,2.14,2.22,2.31,2.27,2.23,2.18,2.14,2.15,2.15,2.08,1.87,1.62,1.66,1.81,1.85,1.83,1.82,1.89,1.88,1.91,2.01,2.01,2.08,2.10,2.10,2.14,2.18,2.09,2.03,2.12,2.09,2.09,2.14,2.22,2.19,2.20,2.23,2.26,2.26,2.23,2.19,2.19,2.25,2.32,2.37,2.44,2.49,2.50,2.50,2.50,2.49,2.45
3.43,3.42,3.42,3.42,3.43,3.44,3.43,3.43,3.45,3.50,3.56,3.69,3.75,3.72,3.76,3.72,3.72,3.74,3.72,3.76,3.82,3.87,3.90,3.90,3.87,3.84,3.79,3.72,3.68,3.65,3.61,3.58,3.50,3.56,3.65,3.72,3.76,3.74,3.65,3.56,3.59,3.48,3.41,3.38,3.38,3.35,3.30,3.30,3.33,3.38,3.45,3.51,3.57,3.62,3.66,3.70,3.75,3.80,3.89,3.92,3.91,3.84,3.75,3.73,3.76,3.82,3.87,3.93,3.95,3.98,4.03,4.10,4.16,4.19,4.23,4.32,4.28,4.23,4.21,4.24,4.26,4.22,4.16,4.10,4.06,4.03,4.02,4.05,4.10,4.00,3.96,3.95,3.94,3.88,3.83,3.84,3.86,3.81,3.83,3.88,3.90,3.87,3.76,3.87,3.94,3.94,3.93,3.91,3.90,3.89,3.89,3.90,3.88,3.87,3.85,3.83,3.74,3.70,3.68,3.67,3.63,3.57,3.56,3.58,3.55,3.55,3.51,3.45,3.40,3.38,3.36,3.37,3.39,3.41,3.43,3.47,3.50,3.52,3.57,3.55,3.50,3.49,3.52,3.53,3.53,3.51,3.50,3.46,3.42,3.40,3.42,3.42,3.43,3.45,3.49,3.40,3.30,3.30,3.40,3.47,3.48,3.47,3.42,3.32,3.23,3.24,3.25,3.22,3.18,3.19,3.18,3.13,3.05,3.03,3.01,2.99,2.97,2.96,2.94,2.91,2.88,2.88,2.90,2.87,2.71,2.34,1.78,1.46,1.93,3.31,3.37,3.39,3.39,3.38,3.39,3.40,2.89,2.15,1.60,1.73,1.88,1.96,1.98,2.06,2.16,2.26,2.32,2.29,2.23,2.18,2.17,2.19,2.20,2.17,1.99,1.76,1.78,1.92,1.92,1.87,1.90,1.94,1.91,1.91,1.96,1.95,1.96,2.02,2.10,2.12,2.11,2.07,2.06,2.11,2.04,2.08,2.17,2.26,2.21,2.21,2.25,2.30,2.36,2.38,2.32,2.26,2.25,2.25,2.29,2.35,2.40,2.45,2.50,2.53,2.54,2.52
3.44,3.43,3.43,3.43,3.43,3.43,3.43,3.44,3.47,3.53,3.63,3.75,3.80,3.76,3.80,3.76,3.71,3.68,3.70,3.77,3.83,3.88,3.91,3.89,3.86,3.84,3.80,3.74,3.71,3.69,3.67,3.64,3.58,3.58,3.63,3.71,3.76,3.75,3.69,3.64,3.69,3.56,3.48,3.47,3.49,3.42,3.37,3.38,3.41,3.41,3.41,3.46,3.53,3.56,3.61,3.64,3.67,3.74,3.82,3.86,3.86,3.81,3.72,3.75,3.78,3.81,3.85,3.90,3.94,4.01,4.08,4.15,4.16,4.18,4.22,4.29,4.25,4.24,4.22,4.21,4.21,4.19,4.15,4.10,4.07,4.04,4.05,4.09,4.15,4.04,4.00,3.99,3.98,3.93,3.88,3.85,3.83,3.79,3.84,3.90,3.91,3.84,3.79,3.89,3.94,3.93,3.93,3.92,3.90,3.89,3.90,3.91,3.90,3.89,3.90,3.90,3.82,3.77,3.74,3.72,3.67,3.62,3.59,3.56,3.53,3.52,3.48,3.42,3.37,3.35,3.34,3.35,3.37,3.39,3.41,3.45,3.51,3.54,3.54,3.52,3.49,3.51,3.52,3.52,3.51,3.51,3.51,3.48,3.44,3.42,3.42,3.43,3.43,3.44,3.44,3.32,3.29,3.34,3.43,3.48,3.47,3.43,3.37,3.27,3.22,3.25,3.30,3.30,3.26,3.27,3.22,3.13,3.07,3.06,3.03,2.99,2.96,2.94,2.93,2.92,2.90,2.96,2.95,2.89,2.68,2.20,1.68,1.84,2.50,3.35,3.38,3.39,3.40,3.40,3.41,3.39,2.65,1.83,1.71,1.81,1.92,2.00,2.02,2.09,2.21,2.30,2.33,2.29,2.24,2.21,2.20,2.23,2.24,2.25,2.16,2.02,2.02,2.02,2.01,1.98,1.96,2.03,2.00,1.96,1.96,1.94,1.94,2.00,2.08,2.07,2.07,2.08,2.08,2.05,2.06,2.16,2.25,2.28,2.22,2.24,2.28,2.34,2.41,2.45,2.38,2.32,2.32,2.31,2.29,2.29,2.32,2.32,2.40,2.47,2.52,2.54
3.43,3.44,3.44,3.44,3.43,3.42,3.43,3.45,3.50,3.57,3.73,3.79,3.81,3.81,3.83,3.84,3.76,3.67,3.68,3.77,3.82,3.86,3.91,3.88,3.85,3.84,3.82,3.78,3.76,3.76,3.75,3.70,3.66,3.60,3.59,3.67,3.72,3.73,3.73,3.74,3.79,3.65,3.57,3.56,3.59,3.50,3.47,3.49,3.52,3.47,3.41,3.43,3.48,3.49,3.56,3.57,3.61,3.71,3.79,3.80,3.79,3.77,3.71,3.80,3.82,3.80,3.81,3.85,3.95,4.05,4.15,4.21,4.16,4.19,4.25,4.26,4.20,4.24,4.25,4.19,4.16,4.16,4.15,4.11,4.07,4.06,4.08,4.13,4.19,4.10,4.04,4.01,3.99,3.96,3.96,3.90,3.82,3.80,3.88,3.93,3.90,3.80,3.86,3.91,3.92,3.91,3.93,3.92,3.90,3.90,3.91,3.93,3.91,3.92,3.95,3.97,3.91,3.84,3.79,3.76,3.72,3.69,3.65,3.59,3.57,3.53,3.48,3.42,3.36,3.32,3.31,3.33,3.35,3.38,3.39,3.44,3.51,3.58,3.50,3.46,3.49,3.57,3.53,3.51,3.50,3.50,3.49,3.48,3.47,3.45,3.40,3.43,3.44,3.43,3.36,3.24,3.28,3.37,3.46,3.50,3.46,3.39,3.31,3.24,3.23,3.29,3.37,3.42,3.39,3.38,3.28,3.13,3.11,3.11,3.05,2.98,2.94,2.90,2.91,2.93,2.95,3.04,2.99,2.92,2.69,2.09,1.72,2.55,3.37,3.36,3.38,3.39,3.39,3.41,3.44,3.32,2.47,1.67,1.80,1.87,1.96,2.05,2.13,2.16,2.27,2.33,2.34,2.29,2.24,2.23,2.24,2.26,2.28,2.31,2.33,2.33,2.30,2.13,2.10,2.12,2.02,2.13,2.11,2.05,1.99,1.96,1.98,2.01,2.04,2.01,2.03,2.09,2.08,1.98,2.12,2.28,2.34,2.29,2.23,2.27,2.33,2.38,2.43,2.49,2.42,2.38,2.43,2.45,2.33,2.27,2.24,2.18,2.27,2.37,2.45,2.52
3.39,3.41,3.43,3.44,3.45,3.43,3.43,3.47,3.55,3.68,3.73,3.79,3.81,3.79,3.75,3.74,3.72,3.69,3.70,3.79,3.83,3.86,3.91,3.87,3.85,3.83,3.81,3.81,3.82,3.81,3.79,3.76,3.71,3.66,3.63,3.61,3.63,3.70,3.74,3.75,3.80,3.69,3.66,3.67,3.68,3.61,3.58,3.58,3.58,3.49,3.52,3.52,3.50,3.53,3.58,3.58,3.60,3.66,3.76,3.80,3.77,3.72,3.73,3.82,3.85,3.84,3.83,3.88,3.98,4.11,4.21,4.22,4.22,4.25,4.28,4.27,4.22,4.23,4.23,4.18,4.13,4.13,4.13,4.12,4.08,4.07,4.11,4.17,4.23,4.20,4.12,4.04,3.99,3.97,3.94,3.90,3.85,3.80,3.86,3.88,3.85,3.77,3.82,3.88,3.91,3.91,3.94,3.92,3.91,3.91,3.92,3.93,3.93,3.95,3.98,3.96,3.90,3.85,3.83,3.81,3.79,3.78,3.75,3.70,3.64,3.58,3.49,3.39,3.39,3.35,3.32,3.32,3.33,3.41,3.40,3.41,3.49,3.57,3.49,3.47,3.51,3.54,3.52,3.50,3.49,3.49,3.48,3.48,3.47,3.46,3.42,3.42,3.43,3.40,3.28,3.27,3.33,3.41,3.47,3.49,3.44,3.36,3.28,3.21,3.28,3.35,3.40,3.40,3.39,3.37,3.31,3.23,3.12,3.02,3.00,3.01,2.99,2.95,2.93,2.93,2.98,3.05,3.01,2.94,2.82,2.58,2.38,2.88,3.38,3.37,3.36,3.37,3.38,3.39,3.40,2.45,1.88,1.73,1.90,1.94,2.01,2.20,2.46,2.29,2.27,2.31,2.34,2.29,2.25,2.25,2.28,2.30,2.32,2.31,2.33,2.36,2.24,2.17,2.18,2.20,2.16,2.21,2.20,2.18,2.15,2.10,2.08,2.08,2.07,2.01,2.05,2.07,2.08,2.07,2.18,2.30,2.33,2.29,2.25,2.31,2.36,2.40,2.44,2.48,2.46,2.45,2.47,2.44,2.34,2.35,2.41,2.38,2.39,2.37,2.37,2.43
3.36,3.38,3.41,3.43,3.44,3.44,3.44,3.49,3.60,3.74,3.73,3.78,3.80,3.77,3.71,3.68,3.69,3.72,3.74,3.80,3.83,3.87,3.91,3.86,3.84,3.81,3.79,3.80,3.84,3.83,3.80,3.79,3.76,3.73,3.68,3.62,3.61,3.68,3.70,3.71,3.77,3.71,3.73,3.76,3.77,3.71,3.68,3.66,3.64,3.55,3.61,3.60,3.56,3.58,3.61,3.61,3.62,3.66,3.75,3.78,3.74,3.69,3.76,3.85,3.88,3.87,3.86,3.92,4.02,4.14,4.25,4.24,4.26,4.29,4.30,4.27,4.22,4.23,4.22,4.17,4.13,4.12,4.11,4.08,4.08,4.07,4.10,4.16,4.23,4.24,4.16,4.07,4.01,3.97,3.94,3.90,3.85,3.82,3.86,3.84,3.80,3.79,3.83,3.86,3.88,3.89,3.90,3.91,3.91,3.92,3.93,3.95,3.95,3.96,3.98,3.96,3.90,3.87,3.86,3.86,3.85,3.86,3.84,3.79,3.71,3.63,3.52,3.43,3.45,3.38,3.34,3.33,3.33,3.40,3.36,3.37,3.44,3.49,3.46,3.48,3.52,3.52,3.50,3.49,3.48,3.48,3.47,3.47,3.47,3.46,3.44,3.41,3.41,3.36,3.23,3.29,3.37,3.44,3.47,3.47,3.41,3.33,3.25,3.22,3.33,3.39,3.41,3.40,3.38,3.36,3.33,3.28,3.13,2.98,2.96,2.99,3.02,2.97,2.96,2.97,2.99,3.04,3.00,2.94,2.89,2.84,2.85,3.12,3.36,3.37,3.36,3.36,3.38,3.38,3.37,2.03,1.61,1.80,1.95,1.98,2.07,2.31,2.64,2.47,2.41,2.38,2.35,2.28,2.26,2.28,2.32,2.34,2.36,2.35,2.35,2.36,2.23,2.23,2.25,2.27,2.27,2.28,2.26,2.26,2.26,2.21,2.16,2.12,2.08,2.02,2.06,2.07,2.09,2.15,2.20,2.29,2.32,2.28,2.25,2.33,2.38,2.43,2.48,2.48,2.49,2.48,2.45,2.42,2.40,2.45,2.54,2.53,2.51,2.45,2.40,2.43
3.33,3.35,3.37,3.39,3.41,3.44,3.46,3.52,3.63,3.75,3.74,3.77,3.78,3.74,3.70,3.66,3.69,3.76,3.82,3.81,3.84,3.89,3.91,3.87,3.82,3.79,3.77,3.77,3.81,3.81,3.79,3.77,3.80,3.79,3.76,3.72,3.69,3.67,3.62,3.59,3.70,3.72,3.77,3.83,3.86,3.82,3.78,3.75,3.72,3.64,3.67,3.68,3.67,3.64,3.66,3.64,3.66,3.72,3.75,3.73,3.69,3.68,3.82,3.89,3.90,3.90,3.91,3.97,4.05,4.15,4.25,4.27,4.28,4.30,4.30,4.24,4.22,4.22,4.20,4.14,4.14,4.13,4.07,4.01,4.07,4.04,4.07,4.11,4.15,4.19,4.15,4.10,4.04,3.97,3.94,3.87,3.82,3.87,3.88,3.80,3.78,3.87,3.91,3.86,3.85,3.86,3.82,3.88,3.91,3.92,3.94,3.97,3.96,3.94,3.94,3.96,3.92,3.90,3.89,3.90,3.91,3.92,3.91,3.86,3.78,3.67,3.58,3.53,3.54,3.42,3.37,3.37,3.37,3.33,3.27,3.29,3.36,3.33,3.39,3.46,3.52,3.51,3.50,3.48,3.47,3.47,3.46,3.46,3.46,3.46,3.46,3.40,3.35,3.29,3.22,3.32,3.42,3.46,3.46,3.44,3.36,3.27,3.23,3.29,3.40,3.42,3.40,3.39,3.37,3.34,3.32,3.28,3.16,3.01,2.93,2.94,3.02,2.96,3.02,3.05,3.00,3.00,2.96,2.92,2.88,2.83,3.10,3.25,3.32,3.35,3.36,3.37,3.37,3.37,3.35,2.12,1.73,1.86,1.96,2.01,2.14,2.38,2.67,2.70,2.71,2.57,2.37,2.26,2.29,2.32,2.36,2.39,2.40,2.42,2.40,2.33,2.26,2.29,2.31,2.32,2.34,2.32,2.30,2.29,2.29,2.28,2.23,2.15,2.06,2.04,2.08,2.08,2.11,2.21,2.15,2.25,2.30,2.28,2.24,2.32,2.39,2.47,2.55,2.50,2.49,2.44,2.36,2.37,2.49,2.58,2.61,2.63,2.64,2.61,2.57,2.54
3.35,3.35,3.35,3.36,3.38,3.41,3.46,3.55,3.65,3.73,3.73,3.74,3.73,3.69,3.65,3.63,3.68,3.77,3.83,3.84,3.85,3.86,3.84,3.80,3.77,3.76,3.75,3.75,3.78,3.78,3.77,3.77,3.80,3.82,3.82,3.77,3.75,3.71,3.67,3.64,3.68,3.67,3.69,3.75,3.82,3.81,3.84,3.82,3.76,3.74,3.75,3.75,3.74,3.73,3.73,3.71,3.72,3.77,3.75,3.76,3.74,3.73,3.81,3.90,3.93,3.93,3.96,4.03,4.08,4.14,4.20,4.22,4.30,4.32,4.28,4.22,4.17,4.16,4.15,4.10,4.07,4.07,4.05,4.03,4.07,4.01,4.01,4.05,4.08,4.14,4.11,4.06,4.01,3.96,3.89,3.84,3.85,3.90,3.84,3.84,3.88,3.94,3.99,3.95,3.92,3.91,3.90,3.88,3.88,3.89,3.92,3.95,3.95,3.93,3.92,3.95,3.94,3.93,3.92,3.93,3.99,3.99,3.99,3.99,3.83,3.69,3.58,3.53,3.54,3.48,3.43,3.41,3.40,3.37,3.32,3.33,3.38,3.39,3.36,3.42,3.51,3.48,3.49,3.48,3.47,3.46,3.46,3.45,3.45,3.45,3.45,3.39,3.29,3.22,3.25,3.35,3.43,3.46,3.45,3.39,3.30,3.24,3.23,3.31,3.40,3.41,3.39,3.38,3.35,3.33,3.31,3.28,3.18,3.04,2.93,2.92,3.04,2.98,3.01,3.04,3.01,3.01,3.02,3.02,2.99,2.93,3.09,3.20,3.26,3.29,3.30,3.33,3.33,3.15,2.42,1.89,1.81,1.96,2.05,2.07,2.26,2.51,2.74,2.77,2.78,2.72,2.61,2.57,2.58,2.47,2.39,2.43,2.45,2.45,2.40,2.33,2.30,2.32,2.32,2.32,2.36,2.38,2.36,2.32,2.29,2.27,2.23,2.13,2.04,2.06,2.02,2.07,2.16,2.26,2.23,2.28,2.31,2.30,2.34,2.37,2.42,2.47,2.54,2.53,2.52,2.47,2.39,2.43,2.54,2.62,2.66,2.67,2.68,2.67,2.66,2.68
3.36,3.34,3.33,3.34,3.35,3.38,3.46,3.57,3.65,3.70,3.72,3.71,3.69,3.66,3.61,3.62,3.69,3.77,3.83,3.87,3.86,3.83,3.78,3.73,3.72,3.72,3.71,3.71,3.74,3.75,3.75,3.76,3.78,3.83,3.85,3.82,3.79,3.76,3.73,3.71,3.69,3.65,3.64,3.68,3.75,3.75,3.83,3.85,3.80,3.83,3.82,3.81,3.81,3.81,3.79,3.78,3.79,3.81,3.76,3.78,3.79,3.78,3.79,3.90,3.93,3.94,3.98,4.05,4.08,4.11,4.14,4.17,4.29,4.31,4.25,4.19,4.12,4.10,4.08,4.06,4.01,4.02,4.03,4.05,4.06,3.98,3.97,4.00,4.02,4.08,4.05,4.02,3.99,3.96,3.84,3.83,3.88,3.90,3.82,3.89,3.97,3.99,4.06,4.03,3.99,3.97,4.00,3.90,3.86,3.87,3.89,3.91,3.91,3.90,3.90,3.93,3.94,3.94,3.93,3.97,4.03,4.02,4.01,4.03,3.83,3.69,3.59,3.53,3.54,3.53,3.49,3.46,3.47,3.43,3.38,3.37,3.40,3.44,3.34,3.38,3.47,3.43,3.48,3.48,3.46,3.45,3.45,3.44,3.44,3.44,3.43,3.35,3.23,3.19,3.29,3.38,3.43,3.45,3.43,3.34,3.25,3.22,3.25,3.33,3.39,3.39,3.38,3.36,3.34,3.32,3.30,3.27,3.20,3.06,2.94,2.91,3.04,3.00,3.00,3.01,3.01,3.02,3.04,3.07,3.06,2.95,3.00,3.10,3.19,3.21,3.24,3.28,3.23,2.87,1.72,1.73,1.88,2.03,2.12,2.16,2.38,2.63,2.79,2.81,2.81,2.82,2.81,2.82,2.82,2.64,2.49,2.53,2.54,2.47,2.39,2.34,2.33,2.34,2.32,2.32,2.37,2.42,2.41,2.36,2.30,2.26,2.19,2.11,2.04,2.06,2.00,2.09,2.22,2.29,2.31,2.32,2.31,2.32,2.42,2.43,2.43,2.46,2.51,2.56,2.54,2.49,2.44,2.49,2.56,2.62,2.67,2.69,2.70,2.71,2.73,2.78
3.31,3.31,3.35,3.37,3.35,3.37,3.45,3.54,3.61,3.65,3.70,3.69,3.68,3.67,3.64,3.69,3.74,3.78,3.85,3.89,3.85,3.79,3.74,3.70,3.66,3.65,3.65,3.66,3.69,3.70,3.70,3.74,3.74,3.76,3.82,3.89,3.80,3.77,3.76,3.75,3.75,3.72,3.70,3.68,3.66,3.63,3.70,3.77,3.81,3.86,3.87,3.88,3.87,3.86,3.86,3.86,3.86,3.86,3.79,3.76,3.77,3.80,3.78,3.85,3.87,3.89,3.94,3.98,4.03,4.05,4.05,4.13,4.24,4.25,4.19,4.15,4.10,4.05,4.02,3.99,3.99,4.00,4.01,4.01,4.01,3.97,3.97,3.99,3.97,3.98,3.97,3.97,3.98,3.95,3.85,3.85,3.88,3.85,3.88,3.94,3.99,4.02,4.05,4.05,4.04,4.04,4.07,3.97,3.91,3.88,3.83,3.85,3.82,3.83,3.88,3.88,3.89,3.90,3.93,3.99,3.98,3.94,3.89,3.85,3.74,3.70,3.64,3.58,3.55,3.55,3.54,3.56,3.64,3.52,3.40,3.34,3.38,3.40,3.35,3.33,3.34,3.36,3.46,3.48,3.46,3.43,3.43,3.43,3.42,3.42,3.40,3.25,3.21,3.25,3.32,3.38,3.43,3.43,3.37,3.30,3.20,3.21,3.30,3.38,3.38,3.37,3.35,3.34,3.33,3.31,3.29,3.26,3.22,3.09,2.97,2.92,2.98,3.02,3.00,2.97,2.96,3.00,2.95,2.98,2.97,2.68,2.81,2.98,3.10,3.14,3.17,3.22,2.99,2.48,1.99,1.90,1.96,2.05,2.08,2.28,2.51,2.69,2.78,2.80,2.81,2.81,2.82,2.83,2.83,2.80,2.78,2.79,2.70,2.48,2.35,2.33,2.34,2.33,2.34,2.37,2.41,2.46,2.43,2.38,2.33,2.30,2.11,2.05,2.09,2.04,2.08,2.19,2.28,2.29,2.33,2.33,2.33,2.36,2.42,2.44,2.43,2.43,2.47,2.57,2.55,2.49,2.45,2.50,2.54,2.57,2.60,2.67,2.73,2.76,2.76,2.75
3.29,3.30,3.33,3.34,3.34,3.37,3.45,3.54,3.61,3.64,3.68,3.67,3.64,3.63,3.64,3.71,3.76,3.81,3.88,3.85,3.80,3.74,3.68,3.63,3.59,3.56,3.55,3.63,3.68,3.70,3.70,3.68,3.69,3.72,3.77,3.84,3.79,3.77,3.78,3.79,3.79,3.65,3.68,3.73,3.68,3.66,3.68,3.71,3.75,3.81,3.85,3.87,3.89,3.91,3.91,3.91,3.90,3.87,3.80,3.81,3.85,3.88,3.88,3.90,3.88,3.87,3.90,3.93,3.95,3.99,4.05,4.13,4.21,4.20,4.13,4.08,4.06,4.01,3.96,3.94,3.97,4.00,4.02,4.01,4.00,3.99,3.99,4.00,3.99,3.95,3.93,3.92,3.91,3.87,3.85,3.87,3.87,3.78,3.90,3.97,4.01,4.03,4.04,4.05,4.05,4.06,4.08,4.02,3.97,3.91,3.81,3.85,3.81,3.80,3.82,3.80,3.83,3.86,3.89,3.96,3.91,3.86,3.80,3.76,3.70,3.70,3.67,3.61,3.57,3.55,3.57,3.60,3.63,3.52,3.39,3.32,3.34,3.36,3.35,3.32,3.31,3.34,3.38,3.37,3.37,3.40,3.42,3.41,3.39,3.37,3.33,3.22,3.22,3.30,3.37,3.40,3.43,3.41,3.33,3.26,3.20,3.24,3.33,3.38,3.36,3.33,3.32,3.31,3.30,3.29,3.27,3.26,3.23,3.11,2.98,2.91,2.97,3.00,2.95,2.87,2.81,2.79,2.83,2.74,2.57,2.43,2.60,2.78,2.92,2.99,3.04,3.10,2.81,2.30,2.11,2.00,2.02,2.09,2.14,2.35,2.59,2.75,2.80,2.80,2.81,2.83,2.84,2.84,2.85,2.86,2.87,2.87,2.79,2.63,2.52,2.47,2.39,2.39,2.39,2.41,2.45,2.47,2.44,2.39,2.33,2.24,2.09,2.07,2.10,2.05,2.16,2.26,2.30,2.31,2.33,2.36,2.38,2.40,2.45,2.47,2.45,2.44,2.48,2.53,2.53,2.51,2.50,2.53,2.54,2.55,2.57,2.62,2.72,2.76,2.76,2.75
3.29,3.29,3.29,3.30,3.32,3.38,3.45,3.55,3.63,3.65,3.66,3.64,3.60,3.59,3.64,3.72,3.78,3.83,3.90,3.79,3.73,3.69,3.63,3.55,3.52,3.48,3.46,3.63,3.70,3.73,3.71,3.61,3.65,3.68,3.71,3.74,3.76,3.77,3.78,3.81,3.81,3.44,3.49,3.65,3.66,3.73,3.71,3.68,3.67,3.73,3.80,3.83,3.87,3.94,3.95,3.94,3.92,3.88,3.80,3.89,3.95,3.98,4.01,3.99,3.92,3.87,3.88,3.88,3.87,3.93,4.07,4.15,4.18,4.15,4.08,4.01,4.02,3.97,3.92,3.91,3.96,4.02,4.04,4.02,4.00,4.01,4.00,4.01,4.04,3.95,3.91,3.86,3.81,3.78,3.85,3.88,3.85,3.73,3.91,4.00,4.02,4.02,4.03,4.04,4.04,4.04,4.06,4.05,4.02,3.95,3.82,3.88,3.85,3.79,3.75,3.73,3.78,3.81,3.84,3.89,3.83,3.78,3.73,3.70,3.70,3.70,3.68,3.64,3.60,3.57,3.59,3.60,3.55,3.49,3.38,3.30,3.29,3.33,3.35,3.35,3.34,3.34,3.29,3.23,3.25,3.36,3.40,3.38,3.35,3.32,3.24,3.21,3.25,3.34,3.43,3.43,3.42,3.38,3.31,3.22,3.22,3.29,3.36,3.37,3.33,3.30,3.27,3.27,3.27,3.26,3.25,3.24,3.23,3.12,2.98,2.91,2.98,2.95,2.87,2.77,2.64,2.53,2.69,2.44,2.05,2.19,2.37,2.55,2.70,2.79,2.88,2.94,2.68,2.24,2.15,2.06,2.07,2.14,2.24,2.41,2.64,2.79,2.82,2.81,2.83,2.85,2.86,2.85,2.87,2.86,2.86,2.86,2.84,2.81,2.76,2.67,2.46,2.49,2.48,2.45,2.49,2.47,2.43,2.38,2.31,2.14,2.11,2.11,2.11,2.08,2.25,2.31,2.31,2.32,2.34,2.39,2.42,2.43,2.49,2.50,2.49,2.48,2.51,2.49,2.50,2.54,2.58,2.57,2.56,2.56,2.56,2.57,2.69,2.73,2.75,2.77
3.30,3.29,3.29,3.30,3.33,3.40,3.48,3.57,3.63,3.64,3.63,3.60,3.58,3.61,3.67,3.74,3.80,3.84,3.84,3.77,3.72,3.68,3.67,3.55,3.45,3.46,3.56,3.63,3.69,3.73,3.72,3.66,3.68,3.65,3.64,3.68,3.72,3.73,3.75,3.79,3.80,2.36,1.94,2.13,2.57,3.59,3.77,3.74,3.72,3.74,3.76,3.76,3.79,3.90,3.94,3.93,3.90,3.87,3.86,3.90,3.96,4.01,4.08,4.09,4.03,3.95,3.90,3.91,3.88,3.89,3.96,4.02,4.08,4.09,4.06,3.99,4.00,3.96,3.92,3.91,3.99,4.02,4.02,4.00,3.98,4.00,4.01,4.01,4.00,3.94,3.90,3.85,3.81,3.84,3.90,3.89,3.83,3.78,3.91,3.95,3.98,4.02,4.02,4.02,4.03,4.04,4.05,4.03,4.01,3.99,3.97,3.98,3.95,3.89,3.82,3.77,3.74,3.73,3.73,3.75,3.74,3.73,3.72,3.73,3.70,3.70,3.68,3.64,3.67,3.62,3.60,3.58,3.53,3.51,3.38,3.32,3.35,3.39,3.40,3.43,3.44,3.39,3.29,3.26,3.26,3.26,3.29,3.32,3.34,3.33,3.22,3.23,3.28,3.34,3.41,3.43,3.39,3.33,3.26,3.15,3.25,3.34,3.39,3.36,3.31,3.28,3.25,3.22,3.21,3.20,3.20,3.19,3.18,3.04,2.95,2.91,2.94,2.94,2.91,2.83,2.71,2.58,2.49,2.15,1.80,1.96,2.17,2.32,2.44,2.51,2.58,2.69,2.59,2.31,2.15,2.07,2.09,2.18,2.32,2.56,2.71,2.78,2.80,2.82,2.86,2.88,2.88,2.86,2.87,2.86,2.85,2.85,2.81,2.81,2.80,2.75,2.66,2.63,2.57,2.52,2.54,2.48,2.45,2.38,2.26,2.11,2.14,2.12,2.09,2.16,2.31,2.34,2.33,2.34,2.36,2.42,2.45,2.46,2.51,2.55,2.55,2.55,2.57,2.49,2.52,2.54,2.54,2.52,2.55,2.58,2.59,2.62,2.64,2.68,2.73,2.78
3.31,3.30,3.29,3.31,3.35,3.42,3.51,3.57,3.62,3.65,3.62,3.56,3.56,3.64,3.69,3.74,3.81,3.84,3.79,3.74,3.70,3.67,3.63,3.52,3.44,3.48,3.61,3.63,3.69,3.72,3.73,3.71,3.71,3.66,3.63,3.67,3.69,3.68,3.70,3.74,3.76,2.42,1.98,2.02,2.23,3.37,3.72,3.79,3.78,3.77,3.77,3.76,3.77,3.85,3.89,3.89,3.88,3.87,3.91,3.93,3.97,4.03,4.09,4.12,4.09,4.02,3.94,3.94,3.90,3.88,3.91,3.96,4.00,4.03,4.02,3.96,3.99,3.97,3.93,3.90,4.00,4.01,4.00,3.98,3.96,3.98,3.99,3.99,3.98,3.95,3.92,3.86,3.81,3.86,3.91,3.87,3.81,3.82,3.89,3.91,3.95,4.02,4.01,4.01,4.02,4.03,4.05,4.01,4.00,4.01,4.05,4.02,3.99,3.95,3.89,3.84,3.77,3.72,3.69,3.65,3.67,3.66,3.67,3.70,3.69,3.68,3.65,3.63,3.68,3.64,3.63,3.62,3.53,3.46,3.35,3.33,3.39,3.41,3.44,3.50,3.55,3.46,3.38,3.34,3.31,3.25,3.25,3.27,3.29,3.29,3.22,3.27,3.32,3.37,3.40,3.42,3.36,3.29,3.21,3.13,3.27,3.37,3.39,3.35,3.30,3.26,3.23,3.19,3.17,3.15,3.14,3.14,3.13,2.97,2.92,2.92,2.90,2.90,2.89,2.83,2.71,2.55,2.10,1.73,1.57,1.72,1.94,2.08,2.17,2.23,2.29,2.45,2.46,2.31,2.15,2.10,2.14,2.26,2.41,2.65,2.74,2.76,2.77,2.80,2.84,2.86,2.86,2.88,2.87,2.85,2.84,2.84,2.81,2.82,2.81,2.79,2.79,2.74,2.68,2.63,2.59,2.53,2.46,2.34,2.18,2.11,2.15,2.13,2.12,2.25,2.35,2.36,2.34,2.36,2.39,2.45,2.48,2.50,2.54,2.59,2.60,2.61,2.63,2.52,2.57,2.62,2.57,2.54,2.58,2.60,2.61,2.64,2.61,2.65,2.71,2.77
3.31,3.31,3.30,3.33,3.39,3.44,3.53,3.57,3.59,3.68,3.62,3.54,3.55,3.67,3.70,3.73,3.79,3.82,3.75,3.69,3.69,3.64,3.51,3.46,3.48,3.55,3.63,3.64,3.69,3.72,3.74,3.75,3.75,3.72,3.70,3.72,3.69,3.63,3.63,3.68,3.70,3.63,3.62,3.33,2.66,3.06,3.56,3.84,3.86,3.81,3.83,3.82,3.79,3.79,3.80,3.83,3.86,3.87,3.95,3.98,4.00,4.03,4.06,4.09,4.10,4.08,3.99,3.98,3.92,3.90,3.92,3.97,3.96,3.96,3.96,3.93,3.99,3.99,3.95,3.90,3.98,3.99,3.98,3.96,3.93,3.95,3.97,3.97,3.95,3.98,3.95,3.88,3.80,3.86,3.87,3.82,3.79,3.86,3.85,3.88,3.95,4.02,4.00,4.00,4.00,4.01,4.04,4.00,3.99,4.01,4.06,3.99,3.98,3.98,3.97,3.93,3.86,3.78,3.70,3.60,3.60,3.58,3.57,3.62,3.68,3.64,3.60,3.59,3.61,3.62,3.69,3.71,3.55,3.34,3.28,3.32,3.41,3.41,3.46,3.58,3.67,3.57,3.54,3.47,3.39,3.31,3.29,3.23,3.20,3.20,3.24,3.33,3.39,3.41,3.40,3.39,3.33,3.24,3.16,3.15,3.30,3.38,3.37,3.34,3.29,3.25,3.21,3.17,3.13,3.10,3.09,3.08,3.08,2.90,2.89,2.93,2.88,2.82,2.81,2.76,2.64,2.42,1.52,1.19,1.35,1.49,1.69,1.82,1.90,1.94,2.01,2.20,2.29,2.24,2.14,2.12,2.22,2.38,2.52,2.69,2.73,2.72,2.73,2.75,2.76,2.77,2.81,2.91,2.86,2.84,2.83,2.83,2.84,2.82,2.80,2.80,2.83,2.80,2.79,2.76,2.66,2.61,2.46,2.26,2.08,2.16,2.14,2.15,2.22,2.35,2.37,2.37,2.36,2.37,2.43,2.48,2.51,2.53,2.57,2.62,2.64,2.66,2.68,2.55,2.68,2.76,2.67,2.60,2.62,2.62,2.61,2.65,2.61,2.64,2.70,2.76
3.31,3.31,3.31,3.34,3.42,3.47,3.58,3.61,3.61,3.64,3.61,3.56,3.58,3.69,3.74,3.79,3.80,3.77,3.70,3.65,3.63,3.58,3.46,3.40,3.48,3.57,3.62,3.64,3.69,3.72,3.75,3.74,3.76,3.75,3.76,3.77,3.72,3.67,3.67,3.68,3.63,3.68,3.73,3.63,3.31,3.47,3.71,3.86,3.88,3.88,3.87,3.85,3.83,3.81,3.84,3.85,3.85,3.85,3.85,3.91,3.97,4.01,4.03,4.04,4.06,4.07,4.05,3.99,3.94,3.91,3.94,4.02,4.05,4.04,4.00,3.93,3.95,3.95,3.92,3.90,3.96,3.98,3.97,3.93,3.92,3.94,3.95,3.96,3.96,3.95,3.86,3.81,3.83,3.87,3.82,3.82,3.87,3.92,3.88,3.92,3.95,3.96,3.97,4.00,4.01,4.00,4.01,3.99,3.99,4.01,4.05,3.98,3.97,3.97,3.96,3.92,3.89,3.85,3.80,3.70,3.73,3.63,3.54,3.53,3.54,3.53,3.53,3.56,3.61,3.66,3.68,3.64,3.50,3.35,3.32,3.37,3.47,3.44,3.52,3.65,3.72,3.60,3.58,3.55,3.50,3.42,3.36,3.25,3.19,3.20,3.29,3.33,3.38,3.42,3.42,3.36,3.29,3.22,3.17,3.19,3.30,3.36,3.37,3.33,3.28,3.24,3.19,3.15,3.12,3.08,3.05,3.03,2.99,2.90,2.86,2.86,2.89,2.84,2.58,2.39,2.25,1.57,1.04,0.94,1.13,1.30,1.45,1.55,1.62,1.70,1.90,2.12,2.22,2.18,2.17,2.18,2.28,2.44,2.60,2.70,2.71,2.71,2.72,2.73,2.73,2.74,2.78,2.84,2.81,2.81,2.82,2.81,2.83,2.83,2.82,2.81,2.81,2.80,2.77,2.72,2.62,2.50,2.37,2.23,2.12,2.18,2.15,2.18,2.28,2.38,2.38,2.38,2.39,2.40,2.46,2.50,2.53,2.56,2.60,2.65,2.68,2.69,2.66,2.72,2.81,2.83,2.76,2.70,2.69,2.66,2.62,2.68,2.65,2.63,2.65,2.70
3.31,3.30,3.32,3.37,3.45,3.51,3.61,3.64,3.62,3.60,3.59,3.59,3.62,3.71,3.77,3.82,3.80,3.72,3.65,3.61,3.57,3.51,3.41,3.36,3.47,3.57,3.62,3.65,3.69,3.73,3.75,3.75,3.77,3.78,3.79,3.80,3.75,3.74,3.73,3.69,3.61,3.63,3.68,3.73,3.75,3.79,3.82,3.85,3.87,3.91,3.89,3.88,3.88,3.87,3.88,3.88,3.86,3.84,3.79,3.85,3.92,3.96,3.99,4.00,4.03,4.06,4.06,3.99,3.95,3.94,3.97,4.04,4.13,4.13,4.06,3.96,3.94,3.92,3.90,3.90,3.94,3.98,3.96,3.91,3.91,3.92,3.93,3.94,3.95,3.92,3.79,3.77,3.86,3.86,3.79,3.83,3.92,3.95,3.91,3.94,3.95,3.92,3.96,3.99,4.01,4.00,3.98,3.99,4.00,4.01,4.03,3.97,3.97,3.96,3.93,3.89,3.89,3.90,3.87,3.81,3.87,3.70,3.54,3.49,3.44,3.43,3.46,3.51,3.57,3.64,3.62,3.54,3.42,3.35,3.36,3.43,3.52,3.49,3.61,3.72,3.76,3.63,3.61,3.61,3.58,3.50,3.41,3.27,3.20,3.22,3.32,3.31,3.36,3.41,3.41,3.32,3.25,3.19,3.16,3.19,3.27,3.33,3.35,3.31,3.27,3.22,3.18,3.14,3.10,3.06,3.02,2.98,2.91,2.90,2.87,2.85,2.89,2.83,2.47,2.15,1.84,0.79,0.62,0.71,0.90,1.09,1.20,1.28,1.35,1.46,1.80,2.05,2.16,2.15,2.19,2.24,2.36,2.52,2.67,2.71,2.70,2.69,2.71,2.71,2.71,2.72,2.74,2.77,2.77,2.78,2.79,2.79,2.82,2.83,2.82,2.80,2.79,2.79,2.74,2.66,2.55,2.40,2.27,2.20,2.17,2.17,2.17,2.23,2.32,2.38,2.39,2.39,2.41,2.43,2.48,2.52,2.56,2.59,2.64,2.68,2.72,2.71,2.63,2.84,2.90,2.88,2.84,2.78,2.74,2.69,2.64,2.69,2.68,2.63,2.62,2.66
3.29,3.29,3.35,3.42,3.49,3.56,3.59,3.61,3.60,3.55,3.56,3.59,3.65,3.72,3.77,3.78,3.75,3.69,3.63,3.58,3.53,3.45,3.36,3.33,3.43,3.55,3.64,3.65,3.69,3.74,3.77,3.77,3.79,3.80,3.80,3.78,3.77,3.82,3.82,3.75,3.68,3.66,3.64,3.64,3.68,3.73,3.77,3.80,3.82,3.86,3.86,3.92,3.97,3.95,3.91,3.90,3.90,3.88,3.85,3.85,3.85,3.87,3.94,3.96,4.02,4.06,4.01,3.98,3.98,3.98,4.00,4.02,4.14,4.18,4.15,4.08,4.02,3.96,3.92,3.90,3.89,3.97,3.96,3.90,3.90,3.90,3.91,3.92,3.93,3.89,3.81,3.82,3.88,3.79,3.83,3.88,3.91,3.94,3.92,3.91,3.91,3.92,3.98,3.98,3.99,4.00,3.98,4.00,4.01,4.01,4.00,3.97,3.97,3.95,3.91,3.88,3.89,3.88,3.87,3.90,3.97,3.78,3.58,3.53,3.48,3.40,3.38,3.40,3.41,3.49,3.48,3.40,3.29,3.29,3.37,3.46,3.51,3.55,3.70,3.78,3.77,3.68,3.66,3.61,3.57,3.51,3.41,3.28,3.24,3.27,3.32,3.28,3.30,3.34,3.35,3.28,3.20,3.14,3.12,3.13,3.23,3.30,3.32,3.26,3.25,3.22,3.17,3.13,3.09,3.05,3.00,2.95,2.86,2.86,2.95,2.98,2.85,2.77,2.65,2.24,1.43,0.35,0.33,0.49,0.68,0.83,0.92,1.00,1.08,1.20,1.67,1.97,2.11,2.15,2.21,2.31,2.50,2.67,2.72,2.72,2.70,2.69,2.69,2.68,2.70,2.70,2.70,2.72,2.74,2.75,2.76,2.79,2.83,2.82,2.80,2.77,2.77,2.77,2.73,2.63,2.49,2.36,2.23,2.17,2.21,2.13,2.20,2.30,2.36,2.34,2.39,2.40,2.42,2.46,2.50,2.54,2.58,2.62,2.67,2.71,2.74,2.71,2.63,2.82,2.89,2.90,2.88,2.82,2.75,2.69,2.67,2.68,2.68,2.67,2.66,2.66
3.30,3.31,3.39,3.46,3.53,3.61,3.60,3.59,3.59,3.58,3.56,3.61,3.68,3.74,3.78,3.75,3.70,3.64,3.56,3.52,3.48,3.43,3.37,3.34,3.40,3.51,3.62,3.65,3.68,3.74,3.79,3.79,3.80,3.81,3.81,3.82,3.83,3.96,3.98,3.91,3.81,3.73,3.69,3.68,3.69,3.73,3.74,3.75,3.78,3.83,3.84,3.89,3.94,3.94,3.93,3.95,3.96,3.93,3.91,3.89,3.88,3.87,3.91,3.91,3.95,3.99,3.97,4.00,4.03,4.05,4.04,4.03,4.11,4.17,4.17,4.10,4.02,3.98,3.94,3.92,3.93,3.92,3.90,3.89,3.92,3.91,3.90,3.89,3.91,3.82,3.81,3.84,3.85,3.73,3.83,3.90,3.91,3.92,3.91,3.89,3.90,3.95,3.99,3.97,3.97,3.99,3.98,3.97,3.97,3.97,3.97,3.96,3.95,3.92,3.88,3.87,3.86,3.84,3.84,3.89,3.94,3.78,3.63,3.57,3.51,3.44,3.41,3.40,3.37,3.39,3.38,3.33,3.26,3.32,3.40,3.48,3.55,3.62,3.73,3.77,3.76,3.70,3.66,3.59,3.54,3.50,3.39,3.26,3.24,3.28,3.20,3.18,3.21,3.26,3.29,3.24,3.16,3.09,3.03,3.03,3.09,3.18,3.25,3.25,3.23,3.20,3.16,3.12,3.07,3.02,2.96,2.90,2.86,2.85,2.95,3.01,2.87,2.77,2.67,1.93,0.58,0.03,0.10,0.29,0.46,0.57,0.64,0.73,0.89,1.18,1.64,1.96,2.12,2.18,2.25,2.38,2.57,2.76,2.86,2.76,2.71,2.69,2.67,2.66,2.68,2.68,2.68,2.71,2.72,2.73,2.74,2.76,2.80,2.80,2.78,2.74,2.78,2.76,2.69,2.58,2.41,2.30,2.22,2.19,2.22,2.17,2.30,2.40,2.44,2.41,2.44,2.44,2.44,2.48,2.54,2.57,2.61,2.65,2.69,2.74,2.74,2.72,2.77,2.86,2.88,2.89,2.90,2.84,2.78,2.73,2.70,2.68,2.70,2.71,2.70,2.66
3.32,3.35,3.42,3.50,3.56,3.65,3.62,3.59,3.58,3.63,3.58,3.63,3.70,3.75,3.79,3.71,3.64,3.58,3.49,3.46,3.44,3.43,3.41,3.37,3.38,3.46,3.58,3.65,3.69,3.74,3.80,3.81,3.81,3.82,3.84,3.87,3.90,4.09,4.15,4.08,3.94,3.80,3.77,3.76,3.73,3.75,3.72,3.72,3.76,3.80,3.82,3.85,3.87,3.90,3.94,4.00,4.02,3.98,3.97,3.95,3.94,3.92,3.89,3.87,3.87,3.90,3.94,4.02,4.08,4.10,4.08,4.06,4.07,4.13,4.17,4.08,4.00,3.98,3.97,3.95,3.99,3.87,3.83,3.88,3.94,3.92,3.88,3.86,3.87,3.74,3.80,3.84,3.80,3.69,3.83,3.90,3.91,3.90,3.88,3.87,3.90,3.98,3.99,3.96,3.95,3.96,3.97,3.94,3.92,3.93,3.94,3.94,3.92,3.89,3.86,3.85,3.82,3.79,3.80,3.85,3.86,3.77,3.67,3.60,3.54,3.51,3.48,3.44,3.38,3.34,3.31,3.29,3.27,3.38,3.41,3.48,3.60,3.68,3.72,3.74,3.74,3.70,3.64,3.56,3.50,3.48,3.35,3.23,3.23,3.24,3.03,3.05,3.12,3.19,3.24,3.19,3.13,3.04,2.94,2.93,2.95,3.04,3.16,3.23,3.21,3.19,3.15,3.10,3.05,2.99,2.91,2.85,2.88,2.84,2.93,3.01,2.93,2.80,2.53,1.39,-0.35,-0.24,-0.10,0.08,0.24,0.30,0.37,0.47,0.74,1.25,1.67,1.99,2.17,2.22,2.31,2.45,2.62,2.82,3.02,2.81,2.74,2.71,2.66,2.64,2.65,2.66,2.67,2.69,2.70,2.71,2.73,2.72,2.75,2.77,2.75,2.72,2.79,2.74,2.65,2.52,2.35,2.24,2.22,2.23,2.23,2.24,2.41,2.51,2.52,2.53,2.51,2.49,2.48,2.51,2.57,2.61,2.64,2.67,2.72,2.77,2.73,2.74,2.95,2.91,2.87,2.88,2.90,2.86,2.81,2.76,2.72,2.70,2.72,2.75,2.73,2.65
3.34,3.40,3.46,3.53,3.60,3.64,3.59,3.60,3.60,3.53,3.55,3.63,3.71,3.75,3.73,3.65,3.59,3.52,3.46,3.42,3.44,3.43,3.37,3.40,3.43,3.48,3.54,3.65,3.72,3.76,3.80,3.83,3.84,3.85,3.87,3.91,3.97,4.07,4.09,4.04,3.94,3.83,3.82,3.82,3.79,3.80,3.75,3.74,3.77,3.72,3.76,3.81,3.86,3.88,3.91,3.94,3.98,4.02,3.98,3.97,3.97,3.96,3.94,3.92,3.90,3.88,3.86,3.88,3.94,3.99,4.02,4.07,4.10,4.10,4.08,4.05,3.99,3.98,3.98,3.97,3.98,3.95,3.90,3.86,3.84,3.84,3.84,3.82,3.76,3.78,3.83,3.80,3.73,3.80,3.86,3.89,3.89,3.88,3.86,3.86,3.90,3.98,3.93,3.92,3.95,3.98,3.96,3.93,3.91,3.90,3.87,3.84,3.87,3.87,3.83,3.80,3.76,3.74,3.76,3.82,3.85,3.79,3.71,3.64,3.58,3.52,3.49,3.46,3.41,3.38,3.35,3.31,3.25,3.31,3.33,3.40,3.54,3.67,3.66,3.70,3.75,3.69,3.61,3.54,3.47,3.40,3.21,3.23,3.14,2.94,2.85,2.91,3.07,3.21,3.22,3.15,3.13,3.05,2.93,2.95,2.91,2.92,2.99,3.11,3.13,3.14,3.13,3.07,3.01,2.97,2.91,2.86,2.87,2.90,2.97,3.04,3.04,2.81,1.77,0.47,-0.57,-0.47,-0.30,-0.15,-0.03,0.05,0.10,0.28,0.67,1.29,1.78,2.10,2.24,2.27,2.37,2.49,2.64,2.80,2.95,2.92,2.87,2.82,2.78,2.67,2.64,2.64,2.64,2.65,2.66,2.70,2.72,2.71,2.73,2.73,2.72,2.71,2.73,2.71,2.62,2.48,2.35,2.22,2.22,2.22,2.19,2.32,2.48,2.56,2.57,2.59,2.59,2.57,2.57,2.58,2.55,2.59,2.65,2.70,2.75,2.75,2.72,2.76,2.98,2.93,2.89,2.87,2.88,2.91,2.86,2.80,2.76,2.73,2.75,2.77,2.74,2.66
3.35,3.43,3.49,3.56,3.61,3.61,3.57,3.58,3.58,3.50,3.55,3.64,3.71,3.72,3.67,3.60,3.53,3.46,3.42,3.43,3.46,3.45,3.40,3.45,3.48,3.50,3.54,3.65,3.72,3.76,3.80,3.85,3.86,3.88,3.90,3.94,4.00,4.04,4.05,4.03,3.96,3.89,3.89,3.90,3.88,3.86,3.81,3.78,3.77,3.71,3.75,3.80,3.85,3.86,3.88,3.90,3.94,4.00,3.96,3.97,3.99,3.97,3.81,3.92,3.94,3.91,3.86,3.85,3.88,3.91,3.94,4.04,4.05,4.04,4.02,4.02,3.98,3.98,3.98,3.97,3.97,3.99,3.94,3.86,3.81,3.82,3.81,3.79,3.74,3.80,3.82,3.76,3.68,3.84,3.88,3.88,3.87,3.86,3.84,3.85,3.89,3.94,3.89,3.89,3.94,3.98,3.94,3.92,3.92,3.91,3.86,3.82,3.83,3.83,3.80,3.76,3.70,3.69,3.74,3.81,3.81,3.75,3.67,3.60,3.56,3.51,3.48,3.46,3.42,3.35,3.30,3.27,3.24,3.26,3.28,3.34,3.47,3.62,3.61,3.66,3.72,3.69,3.60,3.51,3.42,3.32,3.16,3.25,3.06,2.67,2.67,2.77,3.03,3.23,3.18,3.13,3.13,3.08,3.00,3.02,2.95,2.92,2.94,3.04,3.06,3.08,3.07,3.04,3.00,2.94,2.91,2.89,2.87,2.93,3.00,3.06,3.10,2.93,1.18,-0.30,-0.75,-0.65,-0.48,-0.36,-0.28,-0.21,-0.16,0.17,0.74,1.45,1.96,2.20,2.30,2.34,2.47,2.55,2.67,2.80,2.88,2.95,2.92,2.87,2.83,2.74,2.69,2.65,2.64,2.65,2.65,2.67,2.69,2.68,2.69,2.68,2.67,2.67,2.67,2.66,2.56,2.41,2.30,2.24,2.23,2.22,2.21,2.37,2.52,2.59,2.61,2.62,2.64,2.66,2.67,2.67,2.60,2.64,2.69,2.74,2.75,2.74,2.75,2.81,2.96,2.93,2.89,2.88,2.90,2.94,2.89,2.84,2.80,2.78,2.78,2.78,2.76,2.69
3.37,3.44,3.52,3.57,3.60,3.58,3.56,3.54,3.53,3.52,3.57,3.66,3.70,3.67,3.61,3.54,3.47,3.40,3.39,3.49,3.50,3.48,3.49,3.52,3.52,3.53,3.56,3.65,3.71,3.75,3.81,3.88,3.88,3.90,3.94,3.97,3.97,3.99,4.02,4.02,3.99,3.96,3.97,3.99,4.00,3.92,3.88,3.83,3.77,3.76,3.79,3.81,3.83,3.83,3.86,3.87,3.90,3.92,3.92,3.94,4.00,3.95,3.51,3.88,3.99,3.97,3.94,3.91,3.88,3.85,3.85,3.97,3.92,3.94,3.99,3.97,3.97,3.98,3.97,3.96,3.98,3.99,3.95,3.89,3.85,3.84,3.80,3.77,3.78,3.80,3.78,3.70,3.65,3.82,3.89,3.89,3.85,3.84,3.83,3.84,3.86,3.86,3.85,3.88,3.93,3.96,3.90,3.91,3.95,3.97,3.91,3.85,3.81,3.77,3.75,3.72,3.65,3.65,3.71,3.82,3.75,3.66,3.57,3.49,3.49,3.48,3.47,3.47,3.40,3.26,3.18,3.18,3.22,3.23,3.24,3.30,3.40,3.52,3.57,3.62,3.67,3.71,3.59,3.47,3.35,3.25,3.19,3.29,2.97,2.43,2.51,2.63,2.99,3.25,3.12,3.13,3.14,3.14,3.13,3.15,3.06,3.01,3.00,3.01,3.00,2.99,2.99,3.00,3.01,2.92,2.89,2.92,2.88,2.93,3.00,3.07,3.11,3.14,0.76,-0.94,-0.89,-0.77,-0.65,-0.57,-0.52,-0.46,-0.40,0.15,0.92,1.70,2.20,2.31,2.35,2.44,2.61,2.65,2.73,2.81,2.81,2.91,2.89,2.85,2.83,2.86,2.77,2.70,2.67,2.70,2.65,2.63,2.64,2.64,2.64,2.63,2.61,2.61,2.62,2.60,2.47,2.30,2.21,2.29,2.26,2.24,2.28,2.41,2.54,2.61,2.63,2.63,2.68,2.73,2.77,2.79,2.72,2.74,2.78,2.78,2.72,2.74,2.82,2.89,2.88,2.90,2.88,2.90,2.96,2.95,2.91,2.87,2.84,2.84,2.80,2.79,2.78,2.73
3.40,3.46,3.57,3.62,3.59,3.56,3.50,3.48,3.51,3.55,3.60,3.67,3.68,3.63,3.57,3.48,3.45,3.46,3.48,3.52,3.52,3.51,3.51,3.54,3.57,3.59,3.61,3.67,3.69,3.75,3.82,3.87,3.84,3.90,3.96,3.99,3.97,3.98,3.99,4.00,3.99,3.99,4.00,4.02,4.03,3.96,3.91,3.85,3.80,3.82,3.81,3.80,3.82,3.86,3.86,3.84,3.84,3.86,3.89,3.92,3.97,3.96,3.78,3.19,2.76,2.60,2.78,3.76,3.94,3.91,3.88,3.92,3.87,3.87,3.90,3.93,3.93,3.95,3.97,3.96,3.98,3.99,3.96,3.90,3.89,3.87,3.79,3.74,3.80,3.80,3.76,3.70,3.67,3.74,3.88,3.89,3.83,3.82,3.81,3.83,3.85,3.83,3.83,3.86,3.92,3.95,3.86,3.88,3.94,3.96,3.89,3.83,3.81,3.77,3.69,3.68,3.69,3.72,3.74,3.74,3.59,3.51,3.46,3.43,3.43,3.43,3.43,3.41,3.35,3.23,3.19,3.20,3.23,3.26,3.28,3.31,3.35,3.40,3.46,3.54,3.61,3.59,3.53,3.46,3.34,3.18,3.23,2.75,2.36,2.21,2.32,2.85,3.15,3.22,3.15,3.18,3.18,3.17,3.18,3.17,3.12,3.08,3.07,3.05,3.00,2.98,2.97,2.98,2.98,2.95,2.94,2.95,2.98,3.14,3.16,3.12,3.04,1.17,-0.37,-1.10,-1.01,-0.90,-0.80,-0.75,-0.72,-0.65,-0.40,0.29,1.16,1.94,2.29,2.39,2.45,2.54,2.68,2.72,2.80,2.89,2.92,2.89,2.86,2.84,2.85,2.90,2.79,2.73,2.73,2.73,2.66,2.62,2.61,2.60,2.56,2.55,2.54,2.53,2.51,2.43,2.35,2.28,2.25,2.29,2.28,2.27,2.31,2.40,2.51,2.58,2.62,2.65,2.70,2.75,2.80,2.84,2.84,2.87,2.88,2.85,2.78,2.83,2.92,3.01,3.03,2.94,2.95,2.98,2.98,2.98,2.96,2.91,2.86,2.85,2.82,2.82,2.78,2.68
3.43,3.49,3.61,3.64,3.58,3.53,3.45,3.45,3.50,3.57,3.63,3.67,3.65,3.58,3.53,3.45,3.45,3.51,3.54,3.54,3.54,3.54,3.54,3.56,3.60,3.63,3.65,3.69,3.74,3.79,3.84,3.86,3.83,3.90,3.96,3.98,3.97,3.97,3.97,3.98,3.99,4.00,4.01,4.03,4.04,3.99,3.94,3.88,3.84,3.86,3.81,3.80,3.83,3.91,3.90,3.85,3.83,3.85,3.88,3.90,3.93,3.95,3.96,2.96,2.34,2.16,2.50,3.74,4.00,3.98,3.92,3.90,3.85,3.83,3.84,3.90,3.88,3.91,3.94,3.94,3.98,3.99,3.96,3.91,3.91,3.87,3.77,3.73,3.81,3.78,3.74,3.71,3.71,3.68,3.84,3.85,3.80,3.80,3.79,3.81,3.82,3.80,3.81,3.84,3.90,3.93,3.84,3.85,3.91,3.93,3.84,3.82,3.82,3.77,3.68,3.65,3.72,3.75,3.73,3.66,3.49,3.42,3.40,3.39,3.39,3.40,3.39,3.36,3.27,3.21,3.20,3.22,3.25,3.28,3.31,3.32,3.33,3.32,3.37,3.45,3.52,3.47,3.46,3.40,3.29,3.16,3.18,2.29,1.85,1.99,2.13,2.98,3.24,3.18,3.18,3.23,3.22,3.21,3.21,3.19,3.16,3.14,3.13,3.11,3.05,3.01,2.99,2.98,2.98,3.01,3.01,3.02,3.15,3.35,3.31,3.18,2.98,-0.31,-1.20,-1.22,-1.12,-1.03,-0.96,-0.93,-0.91,-0.84,-0.32,0.51,1.42,2.17,2.36,2.49,2.58,2.65,2.75,2.81,2.88,2.96,3.00,2.91,2.86,2.85,2.88,2.93,2.82,2.77,2.76,2.73,2.67,2.61,2.58,2.57,2.52,2.50,2.49,2.48,2.43,2.32,2.26,2.25,2.28,2.26,2.27,2.30,2.35,2.42,2.50,2.56,2.62,2.67,2.72,2.77,2.83,2.88,2.93,2.96,2.95,2.89,2.87,2.93,3.02,3.10,3.12,3.01,3.02,3.04,3.00,3.00,2.99,2.94,2.88,2.87,2.84,2.83,2.78,2.67
3.46,3.53,3.62,3.62,3.54,3.49,3.43,3.46,3.53,3.58,3.66,3.66,3.61,3.53,3.48,3.46,3.47,3.51,3.56,3.54,3.54,3.56,3.57,3.58,3.62,3.65,3.67,3.71,3.90,3.95,3.90,3.87,3.88,3.91,3.92,3.92,3.96,3.96,3.96,3.96,3.98,4.00,4.01,4.02,4.03,4.00,3.96,3.91,3.87,3.86,3.79,3.81,3.88,3.99,4.00,3.95,3.92,3.93,3.89,3.87,3.88,3.90,3.90,3.73,3.63,3.75,4.11,4.01,4.05,4.04,3.97,3.95,3.88,3.86,3.86,3.86,3.83,3.84,3.87,3.92,3.97,4.00,3.98,3.93,3.89,3.84,3.77,3.76,3.81,3.72,3.71,3.73,3.76,3.70,3.75,3.77,3.76,3.78,3.77,3.77,3.78,3.78,3.79,3.83,3.88,3.90,3.81,3.82,3.85,3.86,3.77,3.80,3.82,3.80,3.73,3.66,3.71,3.68,3.61,3.58,3.51,3.45,3.40,3.36,3.36,3.36,3.37,3.33,3.15,3.19,3.22,3.24,3.27,3.27,3.29,3.31,3.32,3.33,3.34,3.34,3.35,3.37,3.39,3.25,3.17,3.21,2.99,2.05,1.60,1.75,1.94,2.90,3.19,3.15,3.22,3.28,3.26,3.23,3.22,3.19,3.17,3.18,3.20,3.18,3.15,3.12,3.07,3.01,3.06,3.11,3.13,3.19,3.41,3.53,3.43,3.24,2.96,-0.51,-1.36,-1.31,-1.22,-1.14,-1.12,-1.10,-1.07,-1.05,-0.10,0.84,1.71,2.41,2.43,2.61,2.74,2.79,2.84,2.90,2.96,3.00,3.02,2.98,2.95,2.92,2.90,2.97,2.88,2.81,2.74,2.65,2.64,2.61,2.57,2.56,2.58,2.53,2.49,2.46,2.41,2.32,2.25,2.22,2.28,2.17,2.22,2.34,2.45,2.50,2.52,2.56,2.63,2.70,2.74,2.79,2.85,2.90,2.94,2.97,2.94,2.89,3.00,3.04,3.08,3.10,3.07,3.10,3.07,3.04,3.02,3.02,3.00,2.96,2.92,2.91,2.86,2.82,2.77,2.72
3.51,3.58,3.62,3.58,3.50,3.44,3.43,3.47,3.54,3.61,3.65,3.62,3.55,3.47,3.43,3.48,3.53,3.55,3.58,3.57,3.57,3.58,3.60,3.61,3.64,3.66,3.72,3.93,4.08,4.04,3.93,3.91,3.92,3.93,3.92,3.89,3.95,3.95,3.94,3.92,3.92,4.00,4.02,4.02,4.03,3.99,3.95,3.91,3.85,3.80,3.76,3.84,3.96,4.01,4.03,4.00,3.99,3.99,3.93,3.90,3.89,3.89,3.86,3.89,3.92,4.03,4.23,4.02,4.02,4.02,3.98,3.98,3.94,3.92,3.91,3.89,3.86,3.83,3.81,3.84,3.89,3.89,3.87,3.84,3.80,3.78,3.78,3.80,3.81,3.70,3.72,3.75,3.75,3.67,3.67,3.69,3.71,3.72,3.74,3.75,3.75,3.75,3.78,3.82,3.87,3.88,3.78,3.79,3.81,3.79,3.74,3.80,3.82,3.81,3.76,3.71,3.66,3.60,3.55,3.56,3.49,3.44,3.40,3.35,3.34,3.34,3.30,3.22,3.13,3.19,3.22,3.25,3.28,3.28,3.29,3.31,3.31,3.32,3.32,3.31,3.30,3.31,3.30,3.20,3.17,3.17,2.14,1.53,1.35,1.65,2.49,3.01,3.17,3.17,3.26,3.29,3.27,3.25,3.23,3.20,3.18,3.21,3.26,3.26,3.23,3.19,3.12,3.04,3.05,3.09,3.15,3.28,3.50,3.61,3.25,2.36,0.92,-0.99,-1.43,-1.37,-1.30,-1.26,-1.25,-1.23,-1.14,-0.82,0.30,1.28,2.05,2.52,2.56,2.72,2.83,2.87,2.91,2.96,2.98,2.99,3.01,3.00,3.00,2.98,2.96,2.97,2.88,2.80,2.72,2.60,2.60,2.59,2.56,2.51,2.52,2.48,2.46,2.44,2.38,2.28,2.23,2.23,2.24,2.18,2.26,2.39,2.53,2.58,2.58,2.63,2.70,2.73,2.77,2.81,2.86,2.93,2.96,2.98,2.96,2.94,3.10,3.13,3.14,3.15,3.14,3.19,3.16,3.11,3.09,3.03,2.98,2.95,2.93,2.89,2.85,2.80,2.77,2.80
3.55,3.63,3.61,3.54,3.46,3.40,3.44,3.49,3.55,3.63,3.62,3.57,3.49,3.41,3.40,3.51,3.59,3.61,3.63,3.63,3.63,3.63,3.64,3.64,3.66,3.67,3.77,4.19,4.23,4.11,3.96,3.96,3.96,3.97,3.94,3.90,3.95,3.94,3.91,3.88,3.87,4.00,4.03,4.02,4.02,3.97,3.93,3.89,3.82,3.74,3.75,3.89,4.03,4.01,4.02,4.03,4.04,4.03,3.99,3.95,3.93,3.90,3.83,3.85,3.87,3.89,3.91,3.95,3.97,3.97,3.98,3.99,4.00,3.99,3.96,3.95,3.91,3.85,3.79,3.77,3.80,3.77,3.74,3.74,3.71,3.74,3.80,3.84,3.79,3.69,3.74,3.77,3.71,3.62,3.61,3.62,3.64,3.65,3.70,3.71,3.71,3.72,3.76,3.81,3.84,3.84,3.74,3.77,3.76,3.73,3.72,3.80,3.82,3.81,3.77,3.75,3.60,3.52,3.52,3.56,3.46,3.42,3.39,3.34,3.31,3.30,3.22,3.12,3.15,3.19,3.23,3.27,3.29,3.30,3.30,3.31,3.30,3.30,3.30,3.30,3.28,3.26,3.21,3.18,3.13,2.85,1.16,0.97,1.18,1.74,3.17,3.16,3.16,3.22,3.28,3.29,3.28,3.27,3.24,3.21,3.19,3.24,3.31,3.33,3.28,3.22,3.14,3.06,3.02,3.04,3.15,3.34,3.52,3.62,2.94,1.25,-1.41,-1.48,-1.47,-1.41,-1.36,-1.38,-1.36,-1.34,-1.13,-0.41,0.78,1.76,2.38,2.60,2.70,2.81,2.88,2.93,2.97,2.99,2.98,2.97,3.00,3.00,3.03,3.04,3.02,2.97,2.88,2.79,2.70,2.60,2.58,2.58,2.56,2.47,2.43,2.41,2.42,2.41,2.34,2.23,2.22,2.24,2.19,2.25,2.34,2.47,2.61,2.66,2.66,2.71,2.77,2.75,2.80,2.83,2.88,2.95,2.98,2.98,2.98,3.01,3.17,3.18,3.19,3.21,3.25,3.26,3.24,3.21,3.18,3.06,2.98,2.94,2.92,2.86,2.82,2.77,2.79,2.90
3.56,3.58,3.54,3.51,3.48,3.40,3.45,3.51,3.58,3.66,3.58,3.54,3.47,3.38,3.45,3.55,3.64,3.69,3.73,3.73,3.73,3.73,3.73,3.68,3.69,3.70,3.79,4.25,4.25,4.12,4.00,3.99,4.02,4.03,4.04,4.03,3.98,3.90,3.88,3.90,3.92,3.95,3.98,4.00,4.01,3.97,3.93,3.89,3.84,3.79,3.86,3.95,4.01,4.01,4.01,4.02,4.03,4.03,3.99,3.96,3.95,3.94,3.89,3.88,3.83,3.81,3.86,3.90,3.93,3.94,3.94,3.96,3.97,3.99,4.00,4.00,3.95,3.90,3.86,3.83,3.81,3.78,3.77,3.78,3.78,3.82,3.86,3.84,3.71,3.70,3.75,3.74,3.65,3.58,3.57,3.58,3.59,3.60,3.63,3.65,3.67,3.70,3.75,3.79,3.78,3.72,3.68,3.71,3.70,3.68,3.73,3.80,3.82,3.81,3.75,3.64,3.53,3.48,3.47,3.50,3.44,3.40,3.35,3.27,3.24,3.24,3.22,3.20,3.24,3.21,3.25,3.29,3.29,3.29,3.30,3.30,3.29,3.29,3.29,3.27,3.23,3.17,3.15,3.19,2.57,1.12,0.72,0.73,1.47,2.60,3.17,3.16,3.20,3.28,3.31,3.31,3.29,3.26,3.24,3.21,3.21,3.26,3.32,3.32,3.24,3.17,3.11,3.06,3.01,3.08,3.24,3.42,3.54,3.54,2.48,0.63,-1.51,-1.51,-1.47,-1.45,-1.45,-1.46,-1.45,-1.39,-0.97,0.23,1.45,2.25,2.64,2.69,2.84,2.90,2.96,3.01,2.99,3.01,3.01,3.01,3.04,3.02,3.00,3.01,3.03,3.01,2.97,2.88,2.79,2.79,2.69,2.63,2.57,2.50,2.45,2.42,2.41,2.38,2.27,2.22,2.22,2.23,2.21,2.39,2.51,2.62,2.73,2.73,2.77,2.81,2.80,2.77,2.86,2.90,2.92,2.95,2.97,2.97,3.03,3.14,3.14,3.14,3.16,3.21,3.27,3.27,3.28,3.29,3.27,3.22,3.08,2.99,2.93,2.86,2.78,2.80,2.87,2.92
3.55,3.54,3.52,3.49,3.45,3.41,3.47,3.54,3.60,3.63,3.54,3.48,3.43,3.42,3.50,3.58,3.66,3.73,3.80,3.83,3.84,3.84,3.84,3.80,3.73,3.76,3.93,4.27,4.21,4.10,4.03,4.04,4.08,4.10,4.14,4.17,4.05,3.92,3.89,3.92,3.97,3.93,3.95,3.99,3.99,3.95,3.93,3.89,3.85,3.83,3.94,3.99,4.00,4.01,4.00,4.01,4.03,4.04,3.99,3.97,3.97,3.97,3.94,3.93,3.87,3.83,3.85,3.85,3.87,3.90,3.91,3.92,3.95,3.97,3.99,4.00,3.98,3.97,3.94,3.88,3.84,3.83,3.83,3.83,3.85,3.90,3.90,3.83,3.70,3.70,3.73,3.70,3.60,3.53,3.53,3.54,3.54,3.55,3.60,3.60,3.62,3.69,3.70,3.73,3.70,3.65,3.64,3.66,3.65,3.66,3.73,3.80,3.82,3.82,3.76,3.55,3.47,3.44,3.43,3.43,3.40,3.36,3.30,3.22,3.19,3.19,3.22,3.25,3.26,3.23,3.27,3.30,3.29,3.29,3.29,3.29,3.27,3.27,3.28,3.26,3.21,3.09,3.13,3.21,2.30,0.24,0.38,0.49,1.56,3.05,3.14,3.15,3.22,3.30,3.32,3.33,3.29,3.26,3.25,3.22,3.25,3.29,3.31,3.31,3.22,3.13,3.07,3.06,3.02,3.10,3.23,3.39,3.52,3.07,1.76,0.02,-1.56,-1.51,-1.46,-1.46,-1.49,-1.52,-1.52,-1.23,-0.45,1.02,2.13,2.65,2.82,2.85,2.98,3.01,3.03,3.04,3.01,3.03,3.05,3.05,3.06,3.02,2.98,2.98,3.01,3.01,2.97,2.87,2.78,2.84,2.84,2.78,2.69,2.58,2.49,2.45,2.40,2.31,2.21,2.20,2.19,2.19,2.24,2.48,2.63,2.74,2.80,2.80,2.84,2.87,2.87,2.86,2.91,2.94,2.95,2.96,3.00,3.00,3.07,3.16,3.09,3.10,3.14,3.20,3.28,3.25,3.28,3.32,3.34,3.29,3.16,3.05,2.96,2.87,2.79,2.82,2.88,2.91
3.53,3.49,3.54,3.49,3.37,3.43,3.49,3.57,3.60,3.54,3.49,3.40,3.40,3.51,3.56,3.60,3.66,3.75,3.86,3.92,3.95,3.96,3.96,3.99,3.78,3.85,4.17,4.24,4.12,4.06,4.06,4.09,4.14,4.19,4.25,4.29,4.16,3.99,3.92,3.94,4.00,3.93,3.95,3.98,3.97,3.91,3.92,3.90,3.83,3.85,3.98,4.02,4.00,4.01,3.99,4.01,4.05,4.05,4.01,3.98,3.98,3.99,3.98,4.00,3.96,3.91,3.87,3.80,3.81,3.85,3.88,3.90,3.92,3.94,3.94,3.95,3.99,4.05,4.04,3.92,3.88,3.91,3.92,3.91,3.94,3.97,3.92,3.82,3.73,3.70,3.70,3.65,3.57,3.49,3.50,3.50,3.50,3.52,3.62,3.58,3.58,3.67,3.63,3.62,3.61,3.61,3.60,3.61,3.62,3.65,3.72,3.79,3.81,3.83,3.80,3.46,3.41,3.39,3.38,3.36,3.34,3.30,3.25,3.20,3.16,3.16,3.21,3.27,3.23,3.26,3.28,3.29,3.28,3.28,3.28,3.27,3.26,3.26,3.27,3.26,3.19,3.02,3.12,3.24,2.26,0.03,0.11,0.25,1.50,3.18,3.09,3.15,3.22,3.28,3.32,3.35,3.30,3.26,3.25,3.22,3.29,3.31,3.31,3.30,3.22,3.10,3.04,3.07,3.05,3.09,3.16,3.27,3.48,2.30,0.82,-0.58,-1.57,-1.48,-1.44,-1.46,-1.52,-1.56,-1.57,-0.91,0.36,1.92,2.81,2.98,2.95,3.07,3.10,3.12,3.09,3.04,3.02,3.05,3.09,3.11,3.07,3.00,2.97,2.96,2.96,2.96,2.90,2.78,2.69,2.77,3.02,3.01,2.87,2.71,2.55,2.50,2.39,2.22,2.15,2.18,2.14,2.13,2.28,2.51,2.73,2.83,2.82,2.88,2.88,2.91,2.96,3.00,2.96,2.98,2.99,2.98,3.04,3.06,3.08,3.10,3.04,3.05,3.11,3.20,3.28,3.21,3.25,3.32,3.37,3.31,3.23,3.12,3.01,2.89,2.83,2.82,2.84,2.87
3.50,3.46,3.50,3.47,3.40,3.45,3.52,3.57,3.57,3.50,3.44,3.40,3.43,3.53,3.57,3.62,3.68,3.75,3.82,3.92,4.00,4.05,4.07,4.09,4.07,4.13,4.22,4.17,4.14,4.16,4.18,4.19,4.22,4.24,4.29,4.34,4.27,4.04,3.98,4.05,4.04,3.99,3.99,3.98,3.93,3.93,3.93,3.91,3.89,3.93,4.00,4.01,3.99,3.99,3.99,4.02,4.04,4.05,4.00,3.99,3.99,3.99,3.99,4.01,3.98,3.95,3.97,3.90,3.87,3.86,3.86,3.85,3.89,3.91,3.92,3.93,3.95,3.99,4.01,4.00,4.02,3.99,3.96,3.96,3.99,3.98,3.92,3.83,3.71,3.66,3.63,3.61,3.60,3.63,3.60,3.54,3.49,3.53,3.54,3.50,3.50,3.57,3.57,3.59,3.60,3.59,3.56,3.56,3.55,3.56,3.66,3.70,3.74,3.79,3.80,3.59,3.54,3.50,3.45,3.40,3.38,3.29,3.21,3.17,3.12,3.14,3.19,3.22,3.16,3.25,3.28,3.27,3.27,3.27,3.27,3.26,3.25,3.25,3.25,3.25,3.19,3.06,3.18,2.00,0.59,-0.23,-0.11,1.30,2.52,3.14,3.13,3.20,3.23,3.24,3.27,3.35,3.30,3.25,3.25,3.24,3.29,3.30,3.30,3.29,3.15,3.07,3.04,3.05,3.06,3.12,3.19,3.27,3.42,0.78,-0.65,-1.19,-1.56,-1.46,-1.46,-1.50,-1.55,-1.60,-1.33,-0.37,1.10,2.68,3.05,3.09,3.06,3.11,3.11,3.12,3.09,3.03,3.03,3.10,3.12,3.09,3.04,2.97,2.95,2.94,2.91,2.89,2.82,2.74,2.72,2.86,2.99,2.93,2.83,2.79,2.80,2.65,2.39,2.13,2.17,2.16,2.17,2.22,2.35,2.58,2.80,2.91,2.88,2.85,2.90,2.96,3.02,3.06,3.05,3.09,3.10,3.02,3.03,3.02,3.03,3.03,2.99,3.02,3.04,3.09,3.16,3.14,3.17,3.22,3.26,3.25,3.21,3.10,2.95,2.82,2.83,2.87,2.91,2.93
3.46,3.46,3.45,3.43,3.43,3.47,3.54,3.56,3.53,3.45,3.39,3.40,3.46,3.53,3.56,3.64,3.71,3.77,3.81,3.91,4.01,4.09,4.14,4.18,4.27,4.31,4.28,4.19,4.20,4.25,4.29,4.29,4.30,4.31,4.34,4.37,4.30,4.07,4.03,4.11,4.06,4.02,4.01,3.99,3.93,3.95,3.93,3.91,3.92,3.97,4.00,3.99,3.98,3.97,4.00,4.03,4.05,4.04,3.99,3.99,3.99,3.98,4.00,4.01,4.00,4.00,4.03,3.96,3.92,3.90,3.89,3.84,3.88,3.88,3.88,3.90,3.91,3.93,3.96,4.03,4.09,4.03,3.99,4.00,4.03,3.99,3.94,3.85,3.73,3.65,3.59,3.57,3.59,3.69,3.65,3.58,3.53,3.56,3.51,3.44,3.43,3.49,3.53,3.57,3.59,3.58,3.58,3.57,3.52,3.52,3.60,3.62,3.67,3.74,3.79,3.74,3.65,3.58,3.51,3.44,3.38,3.27,3.17,3.13,3.08,3.12,3.17,3.19,3.16,3.23,3.25,3.25,3.26,3.27,3.25,3.24,3.24,3.24,3.24,3.22,3.19,3.11,2.68,0.82,-0.58,-0.45,-0.13,2.03,3.18,3.11,3.17,3.24,3.24,3.21,3.24,3.33,3.29,3.24,3.24,3.26,3.29,3.29,3.28,3.27,3.10,3.04,3.03,3.05,3.09,3.16,3.22,3.27,3.29,-0.22,-1.58,-1.56,-1.53,-1.43,-1.48,-1.54,-1.59,-1.64,-0.99,0.25,1.80,3.24,3.23,3.17,3.12,3.12,3.11,3.10,3.06,3.01,3.01,3.09,3.11,3.07,3.00,2.94,2.92,2.91,2.88,2.83,2.75,2.71,2.73,2.88,2.92,2.86,2.78,2.77,2.88,2.66,2.34,2.10,2.19,2.15,2.20,2.31,2.42,2.65,2.84,2.95,2.93,2.85,2.91,2.99,3.06,3.11,3.14,3.19,3.18,3.06,3.06,3.03,3.02,3.01,2.96,2.98,2.98,2.98,3.03,3.05,3.08,3.12,3.15,3.17,3.15,3.04,2.89,2.78,2.85,2.92,2.96,2.96
3.42,3.49,3.39,3.37,3.45,3.51,3.56,3.54,3.49,3.42,3.35,3.41,3.48,3.53,3.53,3.62,3.73,3.81,3.83,3.90,3.96,4.05,4.17,4.26,4.32,4.34,4.34,4.38,4.30,4.32,4.38,4.36,4.40,4.40,4.40,4.38,4.22,4.08,4.04,4.08,4.07,4.02,4.01,4.02,3.99,3.98,3.92,3.88,3.90,3.95,3.97,3.96,3.94,3.94,4.03,4.06,4.06,4.04,4.00,3.97,3.97,3.99,4.02,4.02,4.05,4.06,4.03,3.94,3.97,4.01,4.00,3.87,3.89,3.86,3.82,3.84,3.88,3.88,3.90,3.96,4.02,4.03,4.03,4.03,4.04,4.02,3.97,3.89,3.81,3.72,3.60,3.52,3.51,3.59,3.59,3.61,3.64,3.65,3.59,3.45,3.37,3.41,3.53,3.56,3.58,3.62,3.69,3.66,3.58,3.54,3.57,3.53,3.60,3.69,3.77,3.88,3.73,3.60,3.53,3.45,3.33,3.21,3.13,3.09,3.05,3.11,3.17,3.22,3.29,3.21,3.20,3.22,3.23,3.26,3.24,3.23,3.23,3.24,3.21,3.17,3.16,3.20,1.21,-0.18,-0.81,-0.61,0.21,2.14,3.13,3.11,3.21,3.27,3.26,3.23,3.23,3.25,3.24,3.21,3.20,3.28,3.29,3.29,3.27,3.23,3.08,3.01,3.01,3.08,3.15,3.20,3.25,3.25,3.04,-0.30,-1.56,-1.50,-1.46,-1.41,-1.48,-1.57,-1.64,-1.68,-0.50,0.99,2.43,3.48,3.34,3.19,3.10,3.10,3.07,3.03,2.99,2.96,2.96,3.02,3.04,3.02,2.97,2.90,2.87,2.86,2.85,2.80,2.71,2.68,2.71,2.77,2.81,2.81,2.73,2.59,2.69,2.44,2.22,2.16,2.21,2.15,2.23,2.37,2.49,2.70,2.83,2.91,2.96,2.93,2.94,3.00,3.08,3.16,3.24,3.27,3.23,3.11,3.15,3.13,3.10,3.06,2.96,2.94,2.91,2.88,2.85,2.94,2.97,2.99,3.04,3.03,3.01,2.92,2.82,2.80,2.89,2.93,2.94,2.96
3.42,3.43,3.37,3.38,3.46,3.52,3.54,3.51,3.46,3.40,3.39,3.45,3.51,3.53,3.52,3.60,3.70,3.80,3.87,3.90,3.95,4.03,4.13,4.18,4.30,4.34,4.32,4.35,4.34,4.38,4.42,4.42,4.42,4.41,4.39,4.34,4.11,4.04,4.03,4.03,4.03,4.01,4.00,4.00,4.00,3.93,3.84,3.84,3.92,3.95,3.93,3.94,3.95,3.96,4.00,4.06,4.07,4.03,4.01,3.98,3.98,4.00,4.03,4.04,4.07,4.09,4.03,3.93,3.94,3.97,3.97,3.91,3.92,3.90,3.85,3.83,3.83,3.83,3.86,3.92,3.95,4.00,4.04,4.05,4.04,4.02,4.01,3.99,3.95,3.80,3.70,3.62,3.56,3.57,3.54,3.55,3.58,3.58,3.59,3.56,3.50,3.44,3.56,3.57,3.59,3.64,3.70,3.65,3.58,3.54,3.55,3.51,3.53,3.56,3.60,3.71,3.63,3.58,3.54,3.43,3.26,3.15,3.08,3.03,3.02,3.12,3.19,3.23,3.29,3.25,3.25,3.25,3.23,3.22,3.21,3.21,3.22,3.22,3.13,3.10,3.15,3.26,0.30,-0.85,-1.04,-0.69,1.41,2.61,3.09,3.13,3.26,3.28,3.26,3.23,3.23,3.24,3.24,3.23,3.21,3.20,3.16,3.16,3.18,3.16,3.08,3.03,3.05,3.16,3.21,3.23,3.28,2.88,0.87,-0.92,-1.51,-1.46,-1.44,-1.42,-1.47,-1.55,-1.56,-1.22,0.12,1.62,2.87,3.42,3.25,3.12,3.05,3.05,3.00,2.93,2.88,2.86,2.88,2.89,2.92,2.92,2.88,2.83,2.80,2.79,2.80,2.76,2.67,2.63,2.65,2.67,2.70,2.73,2.67,2.51,2.50,2.29,2.17,2.18,2.16,2.17,2.26,2.40,2.55,2.72,2.80,2.86,2.91,2.94,2.97,3.02,3.10,3.24,3.33,3.32,3.25,3.17,3.24,3.26,3.23,3.15,3.04,3.00,2.95,2.89,2.87,2.92,2.90,2.90,2.92,2.92,2.90,2.86,2.82,2.83,2.92,2.95,2.95,2.96
3.41,3.35,3.36,3.41,3.47,3.52,3.50,3.47,3.43,3.39,3.42,3.48,3.52,3.53,3.51,3.57,3.67,3.78,3.89,3.91,3.97,4.04,4.07,4.07,4.26,4.33,4.27,4.28,4.35,4.41,4.45,4.45,4.41,4.40,4.35,4.24,4.02,4.01,4.01,3.99,3.98,3.99,3.97,3.96,3.97,3.86,3.78,3.82,3.95,3.96,3.91,3.93,3.98,3.98,3.96,4.04,4.08,4.02,4.02,4.00,4.00,4.02,4.04,4.05,4.09,4.10,4.03,3.93,3.91,3.91,3.92,3.93,3.95,3.94,3.90,3.84,3.80,3.79,3.81,3.86,3.89,3.97,4.03,4.05,4.03,4.01,4.03,4.06,4.06,3.88,3.83,3.76,3.66,3.60,3.52,3.49,3.49,3.48,3.55,3.65,3.64,3.50,3.60,3.57,3.58,3.65,3.68,3.61,3.56,3.53,3.54,3.51,3.47,3.44,3.43,3.49,3.50,3.53,3.52,3.39,3.21,3.11,3.04,2.99,3.02,3.13,3.20,3.23,3.26,3.30,3.31,3.29,3.26,3.20,3.20,3.20,3.20,3.18,3.05,3.05,3.02,2.71,-0.48,-1.36,-1.09,-0.27,2.66,3.07,3.06,3.16,3.31,3.29,3.25,3.22,3.22,3.25,3.26,3.27,3.23,3.11,3.03,3.03,3.07,3.08,3.07,3.06,3.12,3.28,3.29,3.26,3.22,2.35,-1.35,-1.55,-1.48,-1.44,-1.44,-1.44,-1.48,-1.53,-1.44,-0.61,0.82,2.20,3.16,3.27,3.12,3.04,3.01,2.99,2.93,2.82,2.76,2.74,2.77,2.75,2.78,2.80,2.77,2.75,2.72,2.72,2.73,2.71,2.62,2.58,2.58,2.57,2.60,2.64,2.60,2.46,2.33,2.18,2.14,2.20,2.12,2.18,2.28,2.41,2.58,2.72,2.77,2.81,2.85,2.92,3.00,3.05,3.12,3.32,3.39,3.34,3.26,3.23,3.32,3.38,3.35,3.24,3.14,3.10,3.02,2.94,2.95,2.92,2.86,2.82,2.82,2.82,2.82,2.82,2.84,2.87,2.95,2.96,2.96,2.96
3.31,3.32,3.39,3.46,3.51,3.51,3.48,3.44,3.39,3.35,3.32,3.41,3.50,3.51,3.49,3.54,3.64,3.75,3.86,3.94,4.04,4.10,4.08,4.07,4.20,4.26,4.25,4.31,4.35,4.40,4.43,4.44,4.41,4.37,4.22,3.98,4.02,4.03,4.01,3.99,3.97,3.97,3.95,3.92,3.89,3.83,3.88,3.94,3.96,3.96,3.94,3.96,4.00,4.02,3.97,4.02,4.05,4.01,4.02,4.00,4.01,4.04,4.05,4.08,4.09,4.07,4.02,3.93,3.91,3.90,3.91,3.95,3.96,3.95,3.92,3.88,3.85,3.77,3.73,3.77,3.87,3.94,3.98,4.00,3.97,3.94,3.97,4.00,4.02,3.98,3.99,3.93,3.79,3.73,3.65,3.59,3.54,3.47,3.45,3.51,3.55,3.56,3.64,3.57,3.52,3.54,3.61,3.56,3.54,3.54,3.53,3.50,3.46,3.42,3.39,3.40,3.41,3.39,3.35,3.29,3.18,3.11,3.05,3.02,3.12,3.16,3.19,3.22,3.27,3.31,3.31,3.30,3.31,3.27,3.26,3.22,3.15,3.13,3.06,3.10,2.35,-0.50,-1.37,-1.55,-0.34,2.22,2.97,3.03,3.06,3.20,3.33,3.27,3.24,3.22,3.23,3.26,3.28,3.27,3.21,3.12,3.06,3.02,3.00,3.05,3.03,3.07,3.26,3.55,3.36,3.25,2.81,1.57,-1.35,-1.56,-1.50,-1.45,-1.46,-1.51,-1.53,-1.54,-1.30,0.03,1.70,2.70,3.05,3.09,3.06,3.05,3.02,2.94,2.86,2.76,2.67,2.60,2.60,2.61,2.62,2.63,2.65,2.68,2.65,2.64,2.64,2.55,2.54,2.54,2.54,2.54,2.55,2.55,2.52,2.43,2.20,2.14,2.15,2.17,2.17,2.22,2.29,2.41,2.57,2.64,2.71,2.77,2.83,2.89,2.98,3.07,3.18,3.33,3.34,3.30,3.27,3.32,3.40,3.42,3.38,3.29,3.25,3.21,3.13,3.05,3.00,2.93,2.84,2.81,2.82,2.80,2.78,2.79,2.83,2.90,2.95,2.96,2.96,2.96
3.26,3.33,3.41,3.48,3.52,3.49,3.45,3.39,3.32,3.27,3.25,3.31,3.41,3.50,3.49,3.52,3.60,3.71,3.83,3.94,4.05,4.11,4.10,4.11,4.18,4.21,4.21,4.30,4.35,4.38,4.40,4.41,4.40,4.32,4.13,3.90,4.01,4.03,4.01,3.99,3.97,3.96,3.93,3.88,3.82,3.82,3.93,3.99,3.98,3.97,3.96,3.99,4.02,4.03,4.01,4.03,4.03,3.99,4.03,4.03,4.02,4.02,4.03,4.06,4.07,4.05,4.01,3.94,3.91,3.90,3.90,3.93,3.96,3.95,3.91,3.88,3.84,3.75,3.69,3.69,3.84,3.91,3.93,3.91,3.87,3.87,3.89,3.91,3.93,3.96,4.04,4.04,3.94,3.87,3.79,3.72,3.64,3.56,3.48,3.46,3.47,3.50,3.58,3.53,3.50,3.50,3.53,3.52,3.53,3.54,3.52,3.49,3.44,3.40,3.37,3.34,3.32,3.27,3.22,3.20,3.14,3.08,3.05,3.07,3.14,3.17,3.20,3.22,3.27,3.30,3.30,3.30,3.33,3.29,3.27,3.23,3.15,3.09,3.08,3.16,2.55,0.17,-0.79,-1.41,-0.13,3.19,3.06,3.04,3.10,3.22,3.30,3.27,3.24,3.23,3.24,3.29,3.29,3.25,3.18,3.11,3.05,2.99,2.97,3.00,3.04,3.13,3.36,3.67,3.34,3.05,2.00,0.26,-1.41,-1.52,-1.49,-1.46,-1.50,-1.53,-1.56,-1.41,-0.84,0.67,2.16,2.86,2.94,2.95,2.99,3.01,2.99,2.93,2.87,2.78,2.68,2.59,2.54,2.53,2.50,2.47,2.48,2.54,2.54,2.54,2.55,2.45,2.47,2.50,2.50,2.50,2.50,2.49,2.45,2.36,2.16,2.14,2.16,2.18,2.25,2.28,2.33,2.43,2.58,2.64,2.71,2.77,2.83,2.87,2.97,3.09,3.21,3.30,3.28,3.27,3.29,3.36,3.42,3.45,3.41,3.35,3.33,3.31,3.23,3.13,3.07,2.99,2.90,2.84,2.81,2.78,2.80,2.83,2.86,2.89,2.93,2.96,2.96,2.95
3.24,3.37,3.45,3.49,3.50,3.46,3.42,3.34,3.24,3.15,3.21,3.19,3.29,3.50,3.50,3.51,3.57,3.68,3.79,3.90,4.01,4.09,4.12,4.16,4.19,4.18,4.16,4.27,4.34,4.36,4.37,4.38,4.39,4.24,4.06,3.95,3.99,4.02,4.01,3.98,3.96,3.94,3.90,3.83,3.76,3.82,3.93,4.00,4.00,3.99,3.98,4.01,4.04,4.03,4.08,4.07,4.02,3.96,4.06,4.08,4.04,3.99,4.01,4.00,4.02,4.04,3.99,3.93,3.91,3.90,3.89,3.88,3.94,3.93,3.89,3.84,3.78,3.74,3.68,3.63,3.80,3.88,3.87,3.80,3.76,3.78,3.80,3.80,3.80,3.84,4.00,4.10,4.09,4.02,3.93,3.85,3.77,3.71,3.60,3.48,3.38,3.36,3.45,3.48,3.50,3.50,3.46,3.49,3.53,3.55,3.51,3.48,3.41,3.37,3.37,3.29,3.23,3.17,3.13,3.12,3.09,3.05,3.05,3.12,3.12,3.18,3.22,3.23,3.28,3.30,3.30,3.31,3.35,3.28,3.25,3.23,3.18,3.07,3.11,3.22,3.37,3.52,0.82,-1.02,-0.30,3.12,2.98,3.07,3.17,3.22,3.24,3.27,3.25,3.23,3.26,3.33,3.29,3.22,3.15,3.08,3.01,2.97,2.94,2.92,3.08,3.23,3.44,3.67,3.25,2.71,0.89,-1.42,-1.50,-1.47,-1.46,-1.48,-1.54,-1.52,-1.58,-1.19,-0.15,1.32,2.33,2.78,2.84,2.84,2.91,2.94,2.95,2.94,2.94,2.85,2.75,2.66,2.57,2.50,2.42,2.33,2.26,2.37,2.41,2.44,2.46,2.39,2.41,2.44,2.46,2.46,2.46,2.46,2.41,2.27,2.18,2.17,2.17,2.21,2.35,2.36,2.39,2.47,2.60,2.70,2.75,2.79,2.84,2.86,2.97,3.10,3.22,3.25,3.21,3.25,3.31,3.37,3.42,3.45,3.44,3.40,3.37,3.40,3.32,3.19,3.15,3.09,3.01,2.92,2.80,2.75,2.86,2.92,2.91,2.85,2.91,2.95,2.96,2.94
3.32,3.41,3.46,3.49,3.48,3.43,3.37,3.30,3.26,3.27,3.26,3.23,3.25,3.35,3.40,3.45,3.54,3.64,3.72,3.88,4.05,4.14,4.11,4.13,4.16,4.18,4.21,4.25,4.26,4.25,4.27,4.36,4.38,4.12,3.94,3.97,4.00,4.01,3.99,3.97,3.95,3.96,3.86,3.75,3.74,3.89,3.97,4.01,4.01,4.00,4.00,4.03,4.06,4.05,4.10,4.14,4.12,4.04,4.04,4.01,3.99,4.00,4.05,4.00,3.99,4.00,4.00,3.99,3.96,3.93,3.90,3.86,3.88,3.89,3.87,3.81,3.76,3.71,3.66,3.65,3.78,3.81,3.76,3.69,3.67,3.73,3.72,3.71,3.74,3.77,3.84,3.91,3.94,3.92,2.45,2.01,2.37,2.78,3.51,3.63,3.55,3.49,3.46,3.41,3.40,3.41,3.41,3.44,3.51,3.54,3.49,3.44,3.39,3.37,3.37,3.32,3.25,3.17,3.12,3.12,3.04,2.98,3.02,3.16,3.19,3.20,3.22,3.24,3.28,3.29,3.29,3.31,3.36,3.28,3.24,3.19,3.11,3.05,3.14,3.26,3.36,3.43,2.38,1.63,1.83,3.04,3.05,3.11,3.17,3.21,3.24,3.26,3.22,3.19,3.22,3.29,3.25,3.19,3.14,3.05,2.99,2.98,2.97,2.95,3.12,3.23,3.34,3.41,2.97,1.18,-0.50,-1.50,-1.52,-1.47,-1.47,-1.51,-1.53,-1.56,-1.41,-0.74,0.52,2.01,2.53,2.69,2.72,2.81,2.85,2.88,2.88,2.86,2.88,2.83,2.77,2.70,2.58,2.45,2.37,2.32,2.30,2.32,2.33,2.32,2.30,2.31,2.36,2.40,2.42,2.42,2.42,2.41,2.32,2.16,2.15,2.14,2.17,2.24,2.39,2.40,2.44,2.56,2.76,2.84,2.87,2.87,2.86,2.90,2.99,3.07,3.13,3.20,3.20,3.27,3.33,3.35,3.38,3.36,3.34,3.34,3.33,3.31,3.29,3.25,3.19,3.10,3.02,2.93,2.85,2.75,2.78,2.82,2.85,2.84,2.88,2.87,2.87,2.91
3.37,3.44,3.47,3.47,3.45,3.39,3.33,3.30,3.30,3.36,3.33,3.29,3.28,3.30,3.36,3.40,3.48,3.57,3.62,3.81,4.00,4.12,4.11,4.09,4.13,4.20,4.26,4.27,4.25,4.22,4.24,4.32,4.27,4.02,3.89,3.98,4.00,3.99,3.97,3.95,3.94,3.92,3.81,3.72,3.77,3.96,4.01,4.02,4.03,4.02,4.01,4.04,4.07,4.07,4.12,4.19,4.18,4.07,4.03,3.97,3.97,4.01,4.02,3.98,3.98,3.99,4.00,4.00,3.98,3.96,3.94,3.90,3.87,3.87,3.85,3.80,3.75,3.67,3.64,3.69,3.78,3.72,3.66,3.62,3.61,3.68,3.68,3.66,3.70,3.71,3.72,3.75,3.80,3.82,2.12,1.64,2.04,2.31,3.36,3.71,3.71,3.62,3.53,3.43,3.38,3.37,3.37,3.37,3.44,3.48,3.44,3.39,3.36,3.37,3.40,3.35,3.26,3.18,3.12,3.11,3.01,2.97,3.03,3.19,3.23,3.22,3.23,3.25,3.29,3.27,3.28,3.32,3.37,3.28,3.22,3.15,3.06,3.06,3.19,3.29,3.35,3.35,3.28,3.18,3.07,2.98,3.10,3.14,3.16,3.18,3.23,3.25,3.20,3.14,3.17,3.24,3.21,3.16,3.11,3.01,2.97,2.96,2.96,2.97,3.12,3.20,3.26,3.24,2.73,0.27,-1.29,-1.54,-1.51,-1.47,-1.49,-1.54,-1.55,-1.58,-1.17,-0.22,1.15,2.42,2.62,2.63,2.65,2.77,2.81,2.84,2.84,2.82,2.83,2.81,2.78,2.72,2.57,2.44,2.39,2.37,2.35,2.30,2.29,2.26,2.21,2.26,2.29,2.32,2.36,2.38,2.38,2.33,2.22,2.10,2.13,2.14,2.20,2.32,2.46,2.46,2.52,2.69,2.93,2.99,2.98,2.95,2.93,2.98,3.03,3.05,3.08,3.17,3.19,3.25,3.30,3.30,3.30,3.26,3.25,3.28,3.31,3.27,3.28,3.28,3.20,3.09,3.00,2.93,2.85,2.74,2.76,2.81,2.86,2.87,2.86,2.81,2.80,2.87
3.39,3.45,3.47,3.46,3.42,3.34,3.31,3.33,3.38,3.42,3.41,3.40,3.39,3.38,3.40,3.37,3.39,3.45,3.48,3.65,3.82,3.99,4.13,4.06,4.13,4.23,4.32,4.34,4.34,4.32,4.29,4.25,4.01,3.92,3.93,3.97,3.98,3.96,3.95,3.93,3.91,3.80,3.75,3.77,3.86,4.01,4.03,4.03,4.04,4.04,4.03,4.04,4.07,4.10,4.12,4.22,4.20,4.05,4.02,3.98,4.00,4.01,3.91,3.94,3.99,4.02,3.99,3.95,3.97,4.00,4.00,4.01,3.93,3.86,3.81,3.80,3.75,3.63,3.62,3.75,3.80,3.62,3.56,3.62,3.62,3.65,3.67,3.68,3.70,3.68,3.64,3.63,3.68,3.71,3.48,3.45,3.28,2.50,3.13,3.65,3.86,3.74,3.66,3.57,3.48,3.39,3.34,3.26,3.31,3.36,3.33,3.34,3.35,3.41,3.47,3.37,3.27,3.18,3.12,3.10,2.99,3.03,3.12,3.21,3.24,3.25,3.27,3.28,3.29,3.27,3.28,3.33,3.38,3.28,3.20,3.10,3.03,3.12,3.24,3.32,3.34,3.30,3.20,3.09,3.00,2.96,3.13,3.14,3.13,3.14,3.22,3.26,3.17,3.08,3.10,3.15,3.15,3.11,3.04,2.96,2.93,2.90,2.89,2.98,3.05,3.13,3.22,3.23,2.55,0.32,-1.16,-1.52,-1.48,-1.46,-1.51,-1.58,-1.61,-1.56,-0.80,0.41,1.73,2.45,2.56,2.61,2.66,2.70,2.80,2.83,2.84,2.84,2.81,2.78,2.76,2.73,2.53,2.49,2.52,2.51,2.39,2.34,2.31,2.27,2.21,2.24,2.20,2.20,2.24,2.32,2.35,2.23,2.11,2.10,2.14,2.16,2.28,2.47,2.58,2.54,2.64,2.85,3.12,3.16,3.10,3.05,3.08,3.11,3.08,3.07,3.10,3.19,3.16,3.17,3.19,3.22,3.16,3.18,3.20,3.22,3.31,3.30,3.30,3.28,3.17,3.05,2.97,2.88,2.79,2.73,2.82,2.92,2.97,2.94,2.83,2.77,2.77,2.80
3.41,3.46,3.46,3.43,3.38,3.30,3.30,3.36,3.42,3.43,3.43,3.43,3.43,3.43,3.43,3.43,3.44,3.45,3.44,3.53,3.63,3.77,3.93,3.95,4.12,4.28,4.39,4.41,4.43,4.43,4.42,4.40,3.95,3.88,3.95,4.00,3.99,3.96,3.92,3.89,3.89,3.77,3.72,3.74,3.83,3.96,4.05,4.07,4.05,4.05,4.06,4.07,4.09,4.12,4.14,4.18,4.18,4.11,4.07,4.01,4.02,4.04,3.98,3.98,4.01,4.01,3.97,3.94,3.96,3.97,3.96,4.01,3.93,3.85,3.80,3.77,3.73,3.64,3.64,3.75,3.72,3.63,3.62,3.67,3.67,3.67,3.68,3.68,3.70,3.67,3.63,3.60,3.59,3.59,3.64,3.70,3.59,3.12,3.42,3.74,3.89,3.80,3.74,3.67,3.59,3.51,3.44,3.34,3.31,3.30,3.26,3.27,3.29,3.33,3.38,3.40,3.31,3.21,3.11,3.03,2.97,3.07,3.18,3.22,3.25,3.27,3.29,3.31,3.31,3.27,3.29,3.34,3.39,3.27,3.16,3.07,3.06,3.18,3.26,3.31,3.31,3.25,3.12,3.01,2.98,3.07,3.18,3.13,3.09,3.08,3.14,3.16,3.12,3.07,3.06,3.15,3.16,3.12,3.05,2.93,2.89,2.86,2.87,2.98,2.98,3.05,2.84,2.17,1.15,-0.43,-1.35,-1.50,-1.47,-1.48,-1.53,-1.55,-1.46,-1.11,-0.17,1.03,2.15,2.50,2.54,2.57,2.61,2.61,2.75,2.80,2.81,2.82,2.78,2.77,2.77,2.73,2.56,2.56,2.60,2.60,2.50,2.44,2.37,2.30,2.23,2.21,2.18,2.16,2.15,2.15,2.19,2.16,2.14,2.15,2.10,2.17,2.32,2.50,2.64,2.63,2.73,2.93,3.16,3.20,3.14,3.12,3.18,3.18,3.13,3.11,3.13,3.16,3.18,3.15,3.12,3.11,3.07,3.10,3.13,3.13,3.16,3.20,3.25,3.24,3.15,3.02,2.91,2.81,2.73,2.76,2.86,2.95,2.98,2.98,2.84,2.78,2.77,2.77
3.43,3.45,3.43,3.39,3.33,3.28,3.30,3.38,3.45,3.43,3.44,3.44,3.45,3.46,3.46,3.51,3.51,3.48,3.43,3.46,3.49,3.57,3.70,3.82,4.03,4.24,4.40,4.48,4.52,4.53,4.51,4.43,3.92,3.88,3.98,4.05,4.02,3.97,3.91,3.86,3.86,3.74,3.70,3.70,3.76,3.87,4.06,4.13,4.07,4.07,4.09,4.10,4.11,4.13,4.15,4.14,4.14,4.16,4.11,4.06,4.06,4.09,4.07,4.03,4.02,4.01,3.97,3.93,3.94,3.93,3.91,3.98,3.91,3.85,3.80,3.74,3.70,3.65,3.67,3.73,3.62,3.65,3.69,3.71,3.71,3.70,3.69,3.69,3.70,3.66,3.63,3.59,3.54,3.51,3.54,3.58,3.62,3.65,3.71,3.81,3.85,3.81,3.79,3.75,3.70,3.64,3.56,3.46,3.37,3.30,3.23,3.24,3.24,3.24,3.27,3.38,3.32,3.22,3.09,2.97,2.98,3.12,3.22,3.23,3.25,3.28,3.31,3.33,3.32,3.27,3.29,3.35,3.38,3.24,3.11,3.05,3.11,3.24,3.29,3.30,3.28,3.20,3.05,2.96,3.01,3.19,3.23,3.14,3.07,3.05,3.06,3.05,3.06,3.06,3.03,3.14,3.15,3.11,3.06,2.91,2.86,2.83,2.85,2.97,2.93,2.92,2.36,1.02,-0.22,-1.17,-1.55,-1.48,-1.47,-1.50,-1.53,-1.48,-1.27,-0.58,0.48,1.58,2.45,2.52,2.53,2.55,2.56,2.55,2.69,2.75,2.76,2.78,2.76,2.77,2.77,2.71,2.60,2.63,2.66,2.66,2.59,2.53,2.42,2.32,2.26,2.21,2.20,2.16,2.09,2.00,2.05,2.13,2.19,2.19,2.07,2.18,2.35,2.52,2.66,2.71,2.82,2.98,3.16,3.19,3.16,3.17,3.24,3.21,3.16,3.14,3.16,3.15,3.21,3.16,3.09,3.04,3.00,3.03,3.05,3.04,2.98,3.07,3.16,3.19,3.12,2.98,2.84,2.72,2.68,2.80,2.90,2.96,2.98,2.99,2.85,2.79,2.77,2.77
3.44,3.44,3.40,3.35,3.29,3.28,3.34,3.41,3.45,3.44,3.45,3.45,3.45,3.47,3.49,3.54,3.54,3.50,3.47,3.49,3.50,3.53,3.57,3.63,3.67,3.86,4.19,4.51,4.59,4.55,4.33,3.90,3.89,3.97,4.05,4.10,4.11,4.02,3.95,3.86,3.71,3.70,3.68,3.66,3.66,3.73,4.07,4.23,4.15,4.09,4.09,4.11,4.12,4.11,4.12,4.10,4.11,4.14,4.07,4.14,4.18,4.15,4.10,4.04,4.04,4.04,4.00,3.91,3.91,3.90,3.88,3.94,3.89,3.85,3.81,3.76,3.63,3.65,3.69,3.69,3.54,3.64,3.71,3.73,3.72,3.70,3.70,3.70,3.70,3.66,3.63,3.61,3.60,3.58,3.52,3.48,3.47,3.51,3.55,3.63,3.69,3.73,3.74,3.75,3.74,3.73,3.71,3.59,3.51,3.44,3.35,3.30,3.24,3.21,3.20,3.18,3.20,3.16,3.05,2.95,3.10,3.19,3.23,3.24,3.26,3.28,3.32,3.33,3.28,3.28,3.31,3.34,3.30,3.16,3.06,3.07,3.19,3.32,3.35,3.33,3.26,3.13,3.00,3.02,3.14,3.27,3.26,3.19,3.15,3.14,3.05,3.01,3.01,3.01,3.02,3.06,3.05,3.01,2.95,2.90,2.83,2.80,2.83,2.95,2.97,2.64,1.76,0.39,-0.44,-1.21,-1.53,-1.48,-1.46,-1.51,-1.44,-1.29,-1.07,-0.13,0.97,1.88,2.42,2.45,2.55,2.61,2.61,2.58,2.63,2.65,2.68,2.73,2.75,2.77,2.71,2.60,2.58,2.65,2.68,2.66,2.57,2.48,2.40,2.34,2.32,2.33,2.30,2.22,2.12,2.04,2.13,2.17,2.19,2.18,2.09,2.22,2.40,2.53,2.59,2.73,2.86,2.99,3.13,3.14,3.16,3.19,3.23,3.20,3.16,3.15,3.18,3.22,3.25,3.24,3.18,3.09,2.99,2.97,2.97,2.93,2.83,2.92,3.01,3.07,3.07,2.93,2.74,2.62,2.65,2.83,2.92,2.98,3.01,2.96,2.79,2.75,2.78,2.82
3.44,3.42,3.38,3.32,3.26,3.24,3.33,3.41,3.44,3.44,3.46,3.47,3.47,3.49,3.53,3.57,3.56,3.52,3.50,3.54,3.56,3.57,3.57,3.59,3.58,3.69,3.93,4.20,4.31,4.28,4.06,3.65,3.83,3.94,4.02,4.09,4.15,4.07,3.96,3.83,3.68,3.71,3.71,3.70,3.71,3.74,3.97,4.08,4.03,4.04,4.07,4.09,4.10,4.09,4.07,4.07,4.08,4.10,4.04,4.16,4.21,4.17,4.11,4.04,4.02,4.00,3.98,3.92,3.92,3.90,3.88,3.90,3.86,3.84,3.80,3.72,3.64,3.68,3.70,3.64,3.59,3.67,3.72,3.74,3.72,3.71,3.70,3.70,3.69,3.64,3.62,3.62,3.62,3.61,3.54,3.48,3.46,3.48,3.46,3.48,3.53,3.59,3.63,3.68,3.71,3.73,3.78,3.59,3.36,3.29,3.51,3.40,3.33,3.27,3.21,3.14,3.16,3.13,3.06,2.97,3.17,3.23,3.23,3.25,3.26,3.29,3.32,3.33,3.27,3.28,3.30,3.29,3.23,3.08,3.06,3.13,3.27,3.35,3.37,3.32,3.22,3.09,2.96,3.07,3.24,3.35,3.30,3.23,3.19,3.18,3.10,3.04,3.01,2.99,2.98,2.99,2.99,2.94,2.87,2.85,2.80,2.75,2.75,2.82,2.87,2.32,1.40,0.29,-0.85,-1.38,-1.54,-1.49,-1.47,-1.54,-1.31,-0.94,-0.56,0.41,1.42,2.12,2.41,2.44,2.53,2.58,2.59,2.57,2.59,2.59,2.61,2.68,2.70,2.74,2.68,2.57,2.59,2.66,2.66,2.62,2.58,2.46,2.38,2.34,2.35,2.36,2.33,2.26,2.15,2.04,2.14,2.17,2.17,2.17,2.13,2.24,2.36,2.44,2.53,2.70,2.84,2.95,3.06,3.08,3.17,3.21,3.20,3.17,3.15,3.17,3.21,3.27,3.27,3.27,3.24,3.13,3.02,2.98,2.93,2.86,2.80,2.83,2.88,2.93,2.95,2.84,2.69,2.62,2.70,2.89,2.97,3.02,3.01,2.88,2.74,2.74,2.79,2.83
3.44,3.41,3.35,3.29,3.24,3.17,3.30,3.39,3.43,3.45,3.47,3.49,3.50,3.51,3.58,3.60,3.58,3.54,3.51,3.60,3.65,3.66,3.65,3.63,3.64,3.65,3.66,3.68,3.83,3.85,3.75,3.57,3.75,3.85,3.93,4.04,4.18,4.10,3.94,3.78,3.72,3.76,3.77,3.79,3.84,3.84,3.81,3.78,3.80,3.94,4.02,4.06,4.07,4.07,4.03,4.04,4.06,4.05,4.02,4.14,4.19,4.16,4.11,4.04,3.98,3.93,3.92,3.94,3.94,3.92,3.88,3.85,3.82,3.81,3.78,3.64,3.70,3.73,3.69,3.60,3.72,3.73,3.73,3.74,3.73,3.72,3.70,3.69,3.68,3.63,3.62,3.62,3.62,3.62,3.56,3.53,3.52,3.53,3.42,3.36,3.36,3.42,3.47,3.56,3.62,3.68,3.81,3.52,3.04,2.96,3.66,3.48,3.42,3.37,3.29,3.21,3.16,3.13,3.10,3.00,3.21,3.24,3.22,3.25,3.27,3.30,3.32,3.32,3.27,3.28,3.27,3.24,3.17,2.99,3.08,3.23,3.33,3.34,3.37,3.30,3.16,3.05,2.94,3.10,3.32,3.43,3.34,3.26,3.21,3.19,3.17,3.11,3.05,2.99,2.92,2.92,2.94,2.91,2.81,2.78,2.75,2.69,2.64,2.63,2.67,1.99,1.17,0.47,-1.35,-1.63,-1.55,-1.50,-1.51,-1.55,-1.14,-0.49,0.14,1.00,1.85,2.33,2.40,2.46,2.48,2.51,2.53,2.53,2.58,2.55,2.55,2.63,2.63,2.68,2.67,2.61,2.63,2.66,2.61,2.56,2.59,2.45,2.36,2.33,2.35,2.32,2.31,2.27,2.19,2.01,2.12,2.14,2.14,2.14,2.18,2.25,2.27,2.30,2.47,2.64,2.77,2.88,2.96,3.02,3.18,3.24,3.15,3.13,3.14,3.18,3.24,3.32,3.26,3.29,3.28,3.15,3.09,3.03,2.93,2.82,2.84,2.78,2.76,2.77,2.79,2.74,2.67,2.68,2.80,2.95,3.03,3.06,3.00,2.79,2.70,2.74,2.80,2.82
3.38,3.37,3.30,3.25,3.21,3.15,3.21,3.29,3.38,3.46,3.49,3.51,3.53,3.55,3.60,3.63,3.61,3.56,3.52,3.72,3.76,3.74,3.72,3.71,3.74,3.74,3.71,3.69,3.76,3.80,3.76,3.64,3.77,3.82,3.88,3.97,4.08,4.00,3.85,3.71,3.67,3.80,3.84,3.87,3.93,3.94,3.92,3.87,3.83,3.93,3.90,3.91,3.96,4.04,4.03,4.04,4.02,3.97,4.01,4.10,4.13,4.09,4.05,4.02,3.97,3.93,3.93,3.93,3.92,3.90,3.88,3.85,3.83,3.82,3.78,3.67,3.73,3.73,3.68,3.60,3.73,3.73,3.73,3.74,3.73,3.71,3.70,3.69,3.67,3.63,3.62,3.62,3.62,3.60,3.55,3.52,3.51,3.50,3.45,3.41,3.40,3.40,3.35,3.41,3.47,3.53,3.60,3.55,3.24,2.76,2.21,1.78,2.24,2.92,3.42,3.31,3.28,3.24,3.18,3.06,3.13,3.17,3.20,3.23,3.28,3.30,3.32,3.32,3.27,3.27,3.25,3.21,3.15,3.04,3.14,3.28,3.37,3.41,3.35,3.24,3.10,2.98,3.01,3.18,3.32,3.33,3.30,3.28,3.25,3.22,3.22,3.16,3.11,3.05,3.01,2.97,2.91,2.87,2.84,2.84,2.78,2.68,2.55,2.45,2.41,1.87,0.69,-0.97,-1.57,-1.62,-1.56,-1.52,-1.58,-0.93,-0.47,0.00,0.76,1.53,2.06,2.30,2.30,2.38,2.40,2.42,2.47,2.52,2.61,2.58,2.51,2.49,2.60,2.66,2.68,2.66,2.63,2.63,2.61,2.55,2.48,2.37,2.31,2.31,2.35,2.29,2.25,2.20,2.13,2.02,2.08,2.07,2.08,2.16,2.20,2.25,2.31,2.38,2.45,2.57,2.68,2.78,2.88,2.96,3.10,3.16,3.10,3.12,3.13,3.17,3.26,3.39,3.35,3.30,3.23,3.15,3.12,3.05,2.95,2.85,2.80,2.73,2.70,2.69,2.68,2.66,2.62,2.64,2.75,2.85,2.90,2.95,2.98,2.89,2.69,2.70,2.78,2.81
3.33,3.32,3.25,3.21,3.20,3.16,3.17,3.24,3.34,3.43,3.47,3.51,3.55,3.59,3.63,3.65,3.63,3.60,3.61,3.79,3.83,3.82,3.80,3.79,3.81,3.80,3.76,3.74,3.75,3.78,3.78,3.71,3.78,3.81,3.84,3.89,3.96,3.89,3.78,3.68,3.69,3.85,3.91,3.94,3.99,3.99,3.98,3.93,3.88,3.94,3.87,3.85,3.90,3.99,4.00,4.02,4.01,3.96,4.01,4.06,4.07,4.03,4.00,3.98,3.93,3.90,3.91,3.91,3.90,3.89,3.87,3.85,3.84,3.80,3.74,3.70,3.74,3.71,3.66,3.64,3.74,3.74,3.73,3.74,3.73,3.70,3.70,3.70,3.66,3.63,3.62,3.62,3.61,3.57,3.53,3.51,3.50,3.48,3.45,3.43,3.41,3.39,3.32,3.34,3.38,3.40,3.41,3.50,3.37,2.87,1.98,1.56,2.12,2.92,3.53,3.40,3.39,3.34,3.26,3.16,3.13,3.16,3.18,3.19,3.25,3.26,3.28,3.30,3.27,3.25,3.22,3.17,3.12,3.10,3.22,3.34,3.41,3.44,3.33,3.20,3.07,2.98,3.10,3.23,3.30,3.27,3.28,3.29,3.27,3.25,3.25,3.19,3.14,3.11,3.08,2.98,2.90,2.86,2.86,2.89,2.83,2.70,2.53,2.38,2.27,1.88,0.53,-1.78,-1.69,-1.61,-1.55,-1.56,-1.63,-0.50,0.09,0.52,1.30,1.92,2.22,2.29,2.25,2.34,2.35,2.37,2.42,2.52,2.64,2.62,2.54,2.46,2.59,2.63,2.68,2.71,2.63,2.62,2.59,2.52,2.40,2.34,2.31,2.31,2.32,2.26,2.21,2.15,2.09,2.05,2.06,2.04,2.07,2.22,2.26,2.33,2.39,2.43,2.47,2.56,2.64,2.72,2.83,2.88,3.01,3.09,3.07,3.11,3.13,3.17,3.25,3.39,3.39,3.30,3.21,3.15,3.13,3.04,2.94,2.85,2.75,2.69,2.65,2.63,2.57,2.60,2.59,2.61,2.68,2.75,2.77,2.82,2.87,2.85,2.66,2.67,2.76,2.80
3.30,3.24,3.18,3.18,3.20,3.21,3.21,3.26,3.33,3.36,3.42,3.50,3.58,3.64,3.66,3.67,3.65,3.66,3.78,3.79,3.85,3.89,3.88,3.86,3.85,3.83,3.83,3.82,3.81,3.82,3.82,3.78,3.80,3.82,3.82,3.80,3.81,3.76,3.72,3.71,3.80,3.89,3.95,3.99,4.01,3.99,3.98,3.96,3.94,3.97,3.95,3.92,3.91,3.91,3.91,3.98,4.02,4.02,4.00,4.02,4.01,3.97,3.94,3.90,3.86,3.84,3.86,3.89,3.89,3.88,3.87,3.85,3.85,3.74,3.64,3.72,3.71,3.66,3.66,3.73,3.76,3.75,3.74,3.73,3.74,3.70,3.69,3.69,3.66,3.63,3.62,3.62,3.60,3.53,3.52,3.51,3.49,3.46,3.45,3.42,3.40,3.41,3.41,3.38,3.36,3.32,3.26,3.34,3.39,3.37,3.31,3.26,3.37,3.51,3.61,3.49,3.48,3.42,3.34,3.31,3.24,3.20,3.15,3.11,3.17,3.19,3.22,3.24,3.26,3.21,3.17,3.11,3.06,3.19,3.32,3.40,3.43,3.42,3.30,3.18,3.08,3.08,3.23,3.27,3.27,3.27,3.27,3.28,3.29,3.28,3.26,3.18,3.16,3.15,3.12,2.94,2.91,2.88,2.85,2.92,2.89,2.77,2.60,2.43,2.28,2.08,0.79,-1.78,-1.71,-1.59,-1.55,-1.61,-1.67,-0.33,0.53,1.11,1.75,2.14,2.28,2.30,2.28,2.34,2.34,2.34,2.39,2.56,2.65,2.69,2.66,2.56,2.58,2.59,2.67,2.75,2.65,2.63,2.57,2.47,2.37,2.37,2.36,2.33,2.26,2.24,2.19,2.11,2.06,2.13,2.06,2.05,2.14,2.32,2.38,2.50,2.52,2.45,2.53,2.62,2.67,2.71,2.81,2.81,2.90,3.00,3.05,3.10,3.13,3.17,3.23,3.31,3.38,3.31,3.20,3.16,3.11,3.00,2.90,2.81,2.69,2.64,2.63,2.60,2.47,2.57,2.59,2.58,2.57,2.62,2.66,2.66,2.64,2.63,2.61,2.67,2.74,2.78
3.24,3.15,3.19,3.26,3.30,3.33,3.34,3.33,3.33,3.35,3.42,3.49,3.54,3.58,3.59,3.67,3.65,3.64,3.83,3.81,3.85,3.90,3.92,3.91,3.89,3.88,3.87,3.86,3.85,3.86,3.87,3.88,3.89,3.87,3.83,3.80,3.77,3.75,3.72,3.72,3.82,3.88,3.93,3.97,4.00,4.01,3.99,3.98,3.98,3.99,3.98,3.94,3.92,3.96,3.95,3.98,3.99,3.98,3.98,3.99,3.99,3.98,3.95,3.90,3.89,3.89,3.87,3.88,3.87,3.87,3.87,3.85,3.81,3.72,3.66,3.72,3.66,3.69,3.76,3.81,3.78,3.72,3.69,3.69,3.72,3.70,3.69,3.68,3.65,3.63,3.62,3.61,3.58,3.52,3.50,3.49,3.48,3.45,3.43,3.41,3.34,3.27,3.38,3.40,3.39,3.34,3.26,3.30,3.31,3.33,3.39,3.43,3.46,3.51,3.56,3.53,3.54,3.50,3.47,3.49,3.39,3.31,3.25,3.18,3.17,3.15,3.15,3.18,3.21,3.18,3.12,3.08,3.12,3.24,3.36,3.44,3.44,3.37,3.26,3.13,3.06,3.16,3.25,3.28,3.28,3.29,3.30,3.32,3.31,3.28,3.24,3.18,3.19,3.19,3.11,2.94,2.90,2.89,2.88,2.96,2.95,2.85,2.72,2.65,2.51,1.10,-0.60,-1.79,-1.71,-1.61,-1.60,-1.41,-0.38,0.43,1.00,1.49,2.06,2.27,2.32,2.30,2.26,2.30,2.35,2.35,2.38,2.58,2.67,2.68,2.64,2.59,2.56,2.59,2.66,2.75,2.74,2.69,2.61,2.51,2.42,2.38,2.35,2.31,2.23,2.18,2.14,2.10,2.07,2.09,2.05,2.09,2.20,2.39,2.49,2.69,2.71,2.60,2.71,2.73,2.73,2.74,2.77,2.79,2.89,2.97,2.98,3.04,3.10,3.12,3.12,3.19,3.28,3.22,3.13,3.08,3.04,2.97,2.87,2.75,2.67,2.62,2.60,2.57,2.47,2.57,2.60,2.60,2.60,2.61,2.62,2.62,2.62,2.61,2.63,2.66,2.71,2.76
3.18,3.11,3.23,3.34,3.39,3.43,3.45,3.41,3.37,3.38,3.46,3.48,3.50,3.52,3.54,3.65,3.65,3.62,3.85,3.82,3.85,3.90,3.93,3.95,3.93,3.91,3.90,3.88,3.88,3.88,3.91,3.96,3.97,3.93,3.87,3.81,3.76,3.76,3.74,3.74,3.81,3.85,3.89,3.93,3.97,4.01,3.99,3.99,4.00,4.01,3.99,3.95,3.94,4.02,4.00,3.99,3.97,3.96,3.98,3.98,3.98,3.97,3.94,3.90,3.93,3.94,3.90,3.88,3.86,3.86,3.87,3.85,3.76,3.70,3.70,3.71,3.62,3.73,3.85,3.87,3.79,3.70,3.65,3.65,3.69,3.68,3.68,3.67,3.65,3.62,3.61,3.59,3.56,3.50,3.49,3.48,3.47,3.44,3.42,3.40,3.30,3.17,3.34,3.42,3.43,3.37,3.30,3.30,3.25,3.22,3.25,3.29,3.33,3.39,3.47,3.54,3.54,3.54,3.56,3.62,3.53,3.46,3.38,3.30,3.22,3.15,3.12,3.14,3.18,3.16,3.11,3.10,3.21,3.30,3.40,3.46,3.44,3.32,3.21,3.10,3.07,3.24,3.27,3.29,3.31,3.32,3.34,3.36,3.34,3.28,3.21,3.17,3.20,3.19,3.08,2.95,2.91,2.91,2.92,2.99,3.00,2.95,2.88,2.89,2.78,0.22,-1.89,-1.80,-1.70,-1.65,-1.49,-0.89,0.87,1.16,1.43,1.81,2.29,2.35,2.34,2.28,2.23,2.27,2.35,2.35,2.36,2.56,2.65,2.64,2.60,2.58,2.55,2.59,2.66,2.73,2.80,2.72,2.64,2.55,2.48,2.40,2.34,2.28,2.21,2.13,2.10,2.09,2.08,2.04,2.05,2.13,2.27,2.46,2.62,2.84,2.87,2.73,2.84,2.81,2.80,2.80,2.78,2.80,2.90,2.96,2.93,2.99,3.05,3.03,2.99,3.07,3.16,3.12,3.04,2.99,2.95,2.92,2.84,2.71,2.67,2.61,2.57,2.53,2.47,2.57,2.60,2.62,2.64,2.63,2.61,2.62,2.63,2.63,2.63,2.65,2.69,2.75
3.14,3.21,3.30,3.36,3.40,3.44,3.46,3.47,3.47,3.52,3.53,3.50,3.50,3.55,3.57,3.61,3.64,3.69,3.80,3.83,3.86,3.90,3.94,3.95,3.94,3.92,3.90,3.89,3.90,3.90,3.92,3.98,4.02,4.00,3.93,3.85,3.78,3.78,3.79,3.79,3.79,3.81,3.82,3.85,3.89,3.94,3.96,3.98,4.00,4.02,4.02,3.98,3.96,4.01,4.02,4.01,4.01,4.03,4.05,4.01,3.95,3.90,3.84,3.90,3.94,3.96,3.95,3.90,3.87,3.87,3.87,3.84,3.71,3.70,3.73,3.68,3.61,3.75,3.87,3.85,3.79,3.73,3.68,3.64,3.62,3.61,3.61,3.62,3.63,3.62,3.61,3.58,3.53,3.49,3.48,3.47,3.45,3.42,3.41,3.39,3.36,3.33,3.41,3.46,3.45,3.39,3.37,3.35,3.30,3.23,3.17,3.15,3.21,3.30,3.39,3.42,3.44,3.47,3.54,3.64,3.66,3.63,3.55,3.44,3.35,3.27,3.22,3.20,3.21,3.20,3.22,3.26,3.34,3.42,3.48,3.47,3.38,3.28,3.17,3.13,3.18,3.28,3.31,3.34,3.35,3.37,3.38,3.40,3.37,3.28,3.18,3.17,3.12,3.07,3.02,2.99,2.94,2.93,2.97,3.00,3.02,3.08,3.13,3.09,3.02,0.33,-1.90,-1.81,-1.68,-1.67,-0.89,0.46,1.21,1.48,1.75,2.03,2.30,2.33,2.27,2.22,2.21,2.29,2.33,2.31,2.30,2.39,2.51,2.55,2.53,2.50,2.56,2.60,2.63,2.66,2.69,2.66,2.62,2.57,2.52,2.47,2.35,2.24,2.19,2.13,2.10,2.10,2.08,1.97,2.06,2.19,2.36,2.56,2.77,2.87,2.86,2.80,2.78,2.79,2.85,2.92,2.95,2.90,2.93,2.97,2.99,2.95,2.92,2.89,2.89,2.95,3.05,3.02,2.94,2.87,2.85,2.84,2.80,2.73,2.68,2.62,2.53,2.45,2.42,2.57,2.62,2.63,2.63,2.69,2.69,2.67,2.66,2.63,2.57,2.60,2.67,2.73
3.13,3.28,3.34,3.38,3.41,3.44,3.47,3.49,3.52,3.57,3.58,3.56,3.56,3.60,3.58,3.59,3.64,3.71,3.76,3.79,3.83,3.88,3.95,3.95,3.94,3.92,3.91,3.90,3.91,3.92,3.94,3.99,4.01,3.99,3.94,3.86,3.80,3.82,3.84,3.84,3.79,3.77,3.77,3.79,3.81,3.89,3.90,3.91,3.93,4.00,4.00,3.99,3.98,4.02,4.02,4.02,4.04,4.06,4.07,4.02,3.96,3.91,3.85,3.91,3.94,3.95,3.95,3.90,3.88,3.88,3.85,3.74,3.69,3.71,3.72,3.65,3.69,3.81,3.88,3.85,3.80,3.75,3.70,3.65,3.60,3.59,3.58,3.58,3.59,3.59,3.59,3.55,3.50,3.48,3.48,3.46,3.44,3.42,3.40,3.38,3.38,3.40,3.44,3.46,3.44,3.39,3.37,3.35,3.31,3.25,3.19,3.15,3.17,3.22,3.29,3.30,3.33,3.37,3.45,3.55,3.59,3.64,3.65,3.57,3.46,3.38,3.33,3.30,3.29,3.30,3.33,3.37,3.43,3.50,3.51,3.46,3.36,3.27,3.14,3.16,3.26,3.33,3.38,3.39,3.39,3.41,3.43,3.43,3.39,3.29,3.18,3.15,3.09,3.02,3.00,2.96,2.94,2.96,3.00,3.01,3.07,3.22,3.36,3.30,2.63,0.08,-1.87,-1.73,-1.68,-1.71,-0.52,1.36,1.65,1.86,2.04,2.20,2.35,2.34,2.28,2.25,2.27,2.33,2.34,2.30,2.29,2.37,2.45,2.45,2.44,2.44,2.55,2.59,2.58,2.56,2.63,2.61,2.58,2.55,2.54,2.47,2.33,2.24,2.20,2.12,2.11,2.09,2.06,2.01,2.11,2.25,2.44,2.66,2.90,2.94,2.90,2.85,2.78,2.81,2.90,3.01,3.10,3.04,3.00,3.01,3.03,2.92,2.84,2.83,2.85,2.82,2.88,2.86,2.81,2.76,2.76,2.77,2.77,2.73,2.68,2.60,2.50,2.43,2.46,2.58,2.64,2.66,2.66,2.70,2.69,2.68,2.67,2.66,2.59,2.58,2.61,2.64
3.14,3.32,3.37,3.39,3.42,3.44,3.46,3.50,3.54,3.58,3.61,3.64,3.66,3.66,3.58,3.59,3.64,3.71,3.72,3.72,3.76,3.85,3.95,3.94,3.93,3.93,3.92,3.90,3.93,3.94,3.95,4.00,3.98,3.95,3.92,3.87,3.83,3.87,3.90,3.89,3.82,3.73,3.73,3.74,3.72,3.85,3.82,3.80,3.84,3.96,3.98,3.99,4.01,4.04,4.00,4.04,4.07,4.08,4.07,4.02,3.99,3.96,3.92,3.93,3.92,3.92,3.92,3.89,3.89,3.88,3.82,3.60,3.69,3.73,3.70,3.63,3.81,3.88,3.89,3.86,3.81,3.76,3.72,3.67,3.62,3.61,3.58,3.56,3.54,3.55,3.56,3.53,3.48,3.47,3.47,3.45,3.42,3.41,3.39,3.37,3.39,3.43,3.44,3.44,3.42,3.39,3.34,3.32,3.30,3.28,3.25,3.22,3.18,3.17,3.19,3.18,3.21,3.27,3.33,3.39,3.42,3.57,3.69,3.68,3.55,3.49,3.44,3.40,3.40,3.42,3.44,3.46,3.49,3.55,3.53,3.46,3.35,3.26,3.12,3.18,3.33,3.38,3.47,3.46,3.43,3.45,3.47,3.46,3.39,3.29,3.19,3.14,3.07,3.02,3.00,2.90,2.93,2.99,3.03,3.01,3.13,3.36,3.57,3.51,1.90,-0.39,-1.82,-1.62,-1.70,-1.65,-0.18,1.98,2.11,2.24,2.29,2.32,2.40,2.38,2.32,2.32,2.37,2.39,2.37,2.32,2.30,2.43,2.41,2.37,2.35,2.40,2.50,2.57,2.52,2.45,2.59,2.57,2.54,2.53,2.53,2.42,2.31,2.25,2.23,2.12,2.11,2.07,2.04,2.10,2.17,2.31,2.51,2.75,3.02,3.03,2.97,2.90,2.82,2.86,2.95,3.08,3.23,3.18,3.10,3.05,3.05,2.91,2.82,2.82,2.84,2.70,2.69,2.68,2.67,2.66,2.68,2.71,2.73,2.72,2.67,2.56,2.46,2.44,2.54,2.61,2.67,2.70,2.69,2.66,2.64,2.65,2.69,2.70,2.65,2.58,2.53,2.52
3.21,3.34,3.38,3.39,3.42,3.44,3.46,3.50,3.55,3.58,3.63,3.66,3.68,3.68,3.68,3.70,3.73,3.73,3.67,3.71,3.76,3.80,3.84,3.84,3.89,3.92,3.93,3.92,3.94,3.95,3.95,3.99,3.97,3.93,3.88,3.84,3.81,3.90,3.94,3.94,3.94,3.82,3.77,3.75,3.71,3.74,3.70,3.71,3.80,3.92,3.94,3.94,3.98,4.09,4.04,4.05,4.06,4.05,4.05,4.02,3.97,3.93,3.95,3.92,3.91,3.91,3.91,3.89,3.86,3.83,3.79,3.67,3.72,3.72,3.71,3.76,3.85,3.88,3.87,3.83,3.81,3.77,3.73,3.68,3.64,3.61,3.59,3.57,3.56,3.57,3.58,3.54,3.44,3.46,3.45,3.43,3.41,3.40,3.39,3.38,3.42,3.49,3.42,3.41,3.40,3.37,3.32,3.29,3.29,3.28,3.20,3.18,3.17,3.17,3.18,3.17,3.16,3.19,3.23,3.28,3.35,3.45,3.52,3.54,3.52,3.51,3.53,3.55,3.46,3.48,3.50,3.52,3.55,3.58,3.53,3.46,3.37,3.24,3.18,3.26,3.40,3.46,3.54,3.51,3.47,3.49,3.51,3.47,3.40,3.29,3.19,3.12,3.07,3.03,3.02,2.95,2.99,3.04,3.07,3.05,3.26,3.53,3.72,3.69,0.99,-0.97,-1.86,-1.67,-1.76,0.01,1.53,2.23,2.29,2.31,2.35,2.39,2.40,2.40,2.35,2.34,2.40,2.41,2.39,2.39,2.41,2.46,2.38,2.39,2.43,2.43,2.42,2.48,2.46,2.40,2.48,2.47,2.47,2.49,2.49,2.40,2.32,2.24,2.17,2.12,2.14,2.09,2.04,2.11,2.19,2.39,2.60,2.78,2.99,3.05,3.01,2.93,2.86,2.90,3.01,3.14,3.22,3.22,3.14,3.10,3.13,3.12,3.02,2.94,2.85,2.65,2.64,2.64,2.63,2.61,2.66,2.63,2.63,2.66,2.58,2.46,2.44,2.46,2.48,2.62,2.68,2.67,2.63,2.60,2.58,2.62,2.66,2.62,2.62,2.60,2.59,2.59
3.27,3.35,3.38,3.39,3.42,3.44,3.46,3.50,3.55,3.59,3.64,3.67,3.69,3.70,3.74,3.78,3.79,3.78,3.73,3.76,3.77,3.77,3.78,3.80,3.86,3.89,3.88,3.92,3.96,3.96,3.95,3.97,3.97,3.89,3.83,3.82,3.86,3.94,3.97,3.97,3.99,3.90,3.88,3.87,3.84,3.80,3.74,3.71,3.74,3.83,3.85,3.88,3.94,4.05,4.05,4.06,4.06,4.04,4.04,4.02,3.98,3.93,3.96,3.93,3.91,3.90,3.89,3.88,3.85,3.80,3.75,3.70,3.73,3.70,3.70,3.85,3.88,3.88,3.85,3.81,3.80,3.77,3.73,3.69,3.65,3.62,3.61,3.60,3.56,3.57,3.59,3.56,3.48,3.48,3.45,3.42,3.41,3.39,3.38,3.36,3.40,3.49,3.38,3.39,3.38,3.35,3.29,3.27,3.28,3.26,3.17,3.14,3.15,3.18,3.19,3.18,3.17,3.18,3.19,3.22,3.26,3.32,3.36,3.40,3.45,3.47,3.53,3.58,3.50,3.53,3.56,3.58,3.59,3.60,3.54,3.46,3.37,3.23,3.22,3.31,3.44,3.54,3.61,3.57,3.53,3.53,3.55,3.49,3.40,3.30,3.19,3.10,3.06,3.04,3.01,2.99,3.04,3.09,3.11,3.08,3.34,3.47,3.49,3.54,0.10,-1.46,-1.84,-1.68,-1.38,1.13,2.52,2.43,2.41,2.37,2.39,2.43,2.41,2.41,2.36,2.36,2.40,2.42,2.42,2.44,2.48,2.48,2.41,2.42,2.44,2.43,2.37,2.41,2.40,2.36,2.39,2.38,2.40,2.43,2.44,2.38,2.32,2.23,2.13,2.13,2.15,2.11,2.07,2.14,2.21,2.42,2.64,2.78,2.94,3.02,3.02,2.97,2.89,2.94,3.06,3.18,3.22,3.22,3.17,3.15,3.19,3.22,3.12,3.01,2.89,2.70,2.70,2.67,2.62,2.57,2.62,2.56,2.54,2.56,2.49,2.38,2.40,2.47,2.47,2.59,2.64,2.63,2.57,2.55,2.54,2.57,2.61,2.56,2.59,2.61,2.62,2.61
3.34,3.34,3.37,3.40,3.42,3.44,3.46,3.51,3.56,3.60,3.65,3.67,3.69,3.72,3.76,3.80,3.82,3.85,3.91,3.86,3.80,3.76,3.78,3.83,3.83,3.80,3.79,3.89,3.97,3.97,3.94,3.95,3.97,3.84,3.77,3.84,3.97,4.00,3.99,3.98,3.96,3.98,4.05,4.12,4.12,4.05,3.96,3.79,3.63,3.68,3.69,3.78,3.89,3.90,4.03,4.06,4.05,4.06,4.03,4.02,4.00,3.98,3.97,3.96,3.93,3.89,3.88,3.87,3.85,3.77,3.67,3.71,3.71,3.66,3.67,3.88,3.89,3.87,3.84,3.80,3.76,3.75,3.73,3.70,3.66,3.62,3.63,3.62,3.55,3.57,3.58,3.59,3.59,3.56,3.45,3.41,3.40,3.37,3.36,3.33,3.34,3.40,3.35,3.37,3.37,3.33,3.27,3.25,3.26,3.24,3.14,3.10,3.12,3.17,3.23,3.22,3.26,3.25,3.22,3.23,3.15,3.18,3.24,3.27,3.33,3.37,3.42,3.47,3.51,3.55,3.60,3.63,3.62,3.60,3.55,3.48,3.37,3.23,3.24,3.32,3.45,3.63,3.67,3.65,3.60,3.58,3.59,3.51,3.41,3.30,3.20,3.10,3.05,3.02,2.98,3.02,3.09,3.13,3.13,3.10,3.36,3.15,2.80,3.00,-0.75,-1.82,-1.78,-1.67,-0.51,1.62,2.70,2.60,2.45,2.41,2.43,2.45,2.42,2.39,2.38,2.38,2.39,2.43,2.44,2.47,2.51,2.52,2.53,2.46,2.40,2.41,2.35,2.37,2.36,2.32,2.33,2.31,2.32,2.35,2.39,2.37,2.30,2.20,2.11,2.13,2.13,2.13,2.14,2.20,2.23,2.42,2.62,2.73,2.85,2.94,3.00,2.99,2.93,2.97,3.11,3.22,3.23,3.18,3.18,3.20,3.22,3.22,3.12,3.04,2.98,2.86,2.87,2.79,2.65,2.53,2.56,2.53,2.47,2.42,2.39,2.29,2.34,2.45,2.49,2.52,2.55,2.55,2.51,2.49,2.49,2.52,2.54,2.50,2.57,2.61,2.63,2.61
3.32,3.33,3.37,3.40,3.42,3.44,3.47,3.51,3.57,3.62,3.66,3.68,3.70,3.75,3.79,3.83,3.85,3.88,3.92,3.91,3.85,3.82,3.84,3.85,3.84,3.83,3.83,3.88,3.91,3.91,3.90,3.94,3.91,3.82,3.79,3.87,3.99,4.00,3.99,3.98,3.98,3.99,4.09,4.19,4.18,4.13,4.08,3.97,3.83,3.71,3.66,3.72,3.80,3.83,3.91,3.97,4.00,4.01,4.01,4.03,4.02,3.98,3.97,3.95,3.92,3.89,3.88,3.85,3.79,3.73,3.69,3.73,3.70,3.70,3.77,3.89,3.88,3.87,3.85,3.83,3.78,3.74,3.71,3.68,3.65,3.64,3.62,3.60,3.57,3.58,3.60,3.62,3.63,3.60,3.52,3.46,3.41,3.37,3.33,3.32,3.32,3.31,3.31,3.31,3.31,3.30,3.24,3.25,3.26,3.22,3.12,3.13,3.11,3.14,3.24,3.28,3.32,3.34,3.33,3.26,3.20,3.20,3.21,3.19,3.21,3.28,3.34,3.41,3.48,3.55,3.61,3.64,3.63,3.61,3.56,3.49,3.40,3.30,3.25,3.28,3.37,3.51,3.61,3.70,3.70,3.62,3.60,3.51,3.42,3.33,3.21,3.12,3.05,3.01,3.02,3.13,3.22,3.29,3.30,3.21,2.60,1.86,1.20,0.84,-1.28,-1.85,-1.80,-1.54,1.16,2.40,2.77,2.65,2.48,2.48,2.47,2.44,2.41,2.38,2.40,2.42,2.43,2.44,2.44,2.48,2.52,2.54,2.52,2.48,2.45,2.47,2.42,2.41,2.36,2.29,2.33,2.29,2.25,2.24,2.28,2.31,2.18,2.09,2.11,2.11,2.08,2.11,2.18,2.24,2.32,2.45,2.56,2.64,2.73,2.84,2.93,2.96,2.89,3.01,3.12,3.17,3.16,3.17,3.20,3.23,3.25,3.21,3.14,3.07,3.01,2.90,2.93,2.82,2.68,2.61,2.60,2.53,2.47,2.45,2.44,2.33,2.30,2.34,2.41,2.45,2.48,2.48,2.47,2.45,2.45,2.46,2.46,2.48,2.55,2.61,2.61,2.51
3.30,3.32,3.36,3.39,3.41,3.44,3.48,3.52,3.58,3.64,3.67,3.69,3.72,3.77,3.81,3.85,3.87,3.89,3.92,3.93,3.89,3.87,3.91,3.88,3.88,3.88,3.88,3.87,3.85,3.86,3.88,3.91,3.85,3.80,3.81,3.89,3.98,4.00,3.99,3.98,3.99,4.00,4.12,4.23,4.21,4.18,4.16,4.12,4.02,3.78,3.70,3.71,3.75,3.77,3.81,3.89,3.95,3.96,3.99,4.02,4.01,3.97,3.95,3.93,3.91,3.89,3.87,3.84,3.74,3.70,3.72,3.74,3.71,3.76,3.85,3.89,3.87,3.85,3.85,3.83,3.80,3.75,3.70,3.66,3.64,3.65,3.62,3.58,3.58,3.60,3.62,3.64,3.65,3.62,3.57,3.49,3.41,3.35,3.30,3.30,3.29,3.23,3.28,3.26,3.26,3.26,3.22,3.25,3.25,3.21,3.12,3.16,3.11,3.14,3.26,3.33,3.38,3.42,3.42,3.30,3.27,3.24,3.20,3.14,3.12,3.18,3.27,3.37,3.46,3.55,3.60,3.63,3.63,3.61,3.56,3.50,3.43,3.38,3.28,3.26,3.30,3.39,3.51,3.67,3.73,3.62,3.62,3.55,3.47,3.38,3.24,3.17,3.08,3.05,3.12,3.27,3.38,3.45,3.48,3.42,2.22,0.98,-0.13,-1.08,-1.67,-1.83,-1.55,-0.59,2.62,3.01,2.82,2.68,2.54,2.55,2.52,2.46,2.43,2.39,2.42,2.45,2.46,2.46,2.46,2.48,2.52,2.54,2.51,2.50,2.51,2.52,2.49,2.47,2.39,2.31,2.35,2.28,2.20,2.16,2.20,2.23,2.10,2.04,2.11,2.07,2.05,2.12,2.22,2.28,2.40,2.47,2.52,2.58,2.65,2.76,2.86,2.92,2.87,3.03,3.11,3.13,3.11,3.16,3.21,3.25,3.27,3.21,3.16,3.11,3.04,2.92,2.95,2.82,2.70,2.68,2.63,2.52,2.46,2.46,2.44,2.35,2.27,2.26,2.33,2.39,2.39,2.40,2.42,2.40,2.41,2.40,2.40,2.46,2.54,2.60,2.57,2.41
3.28,3.28,3.33,3.38,3.41,3.43,3.49,3.54,3.60,3.67,3.68,3.70,3.74,3.79,3.82,3.86,3.88,3.90,3.90,3.90,3.89,3.91,3.99,3.99,3.98,3.95,3.89,3.83,3.83,3.86,3.87,3.82,3.81,3.77,3.79,3.89,3.97,3.98,3.97,3.97,3.98,4.05,4.15,4.23,4.24,4.20,4.17,4.14,4.08,3.90,3.86,3.83,3.79,3.73,3.78,3.84,3.88,3.89,3.97,3.99,3.97,3.93,3.90,3.89,3.88,3.87,3.85,3.80,3.72,3.70,3.73,3.72,3.76,3.82,3.87,3.88,3.84,3.84,3.83,3.80,3.79,3.78,3.73,3.66,3.62,3.65,3.62,3.59,3.59,3.62,3.64,3.66,3.68,3.66,3.58,3.46,3.35,3.26,3.28,3.26,3.23,3.20,3.25,3.24,3.22,3.20,3.21,3.23,3.25,3.23,3.14,3.13,3.14,3.19,3.27,3.35,3.43,3.45,3.42,3.35,3.30,3.27,3.24,3.16,3.10,3.11,3.20,3.34,3.43,3.54,3.57,3.58,3.60,3.56,3.52,3.48,3.46,3.47,3.38,3.33,3.31,3.31,3.36,3.46,3.54,3.55,3.65,3.66,3.59,3.47,3.30,3.26,3.21,3.21,3.35,3.46,3.54,3.60,3.67,3.82,3.09,1.52,-0.37,-1.79,-1.81,-1.86,-0.55,2.48,3.23,3.10,2.87,2.73,2.64,2.62,2.58,2.54,2.51,2.48,2.48,2.47,2.44,2.47,2.51,2.51,2.50,2.51,2.54,2.54,2.54,2.53,2.52,2.50,2.47,2.43,2.41,2.27,2.20,2.19,2.20,2.13,2.12,2.13,2.12,2.01,2.09,2.17,2.24,2.30,2.42,2.48,2.53,2.63,2.72,2.75,2.79,2.87,2.93,3.01,3.09,3.14,3.15,3.17,3.22,3.27,3.29,3.24,3.20,3.15,3.08,2.96,2.91,2.79,2.69,2.68,2.62,2.48,2.39,2.36,2.32,2.29,2.30,2.31,2.31,2.30,2.29,2.31,2.35,2.37,2.38,2.37,2.38,2.45,2.53,2.55,2.49,2.34
3.30,3.28,3.33,3.39,3.42,3.43,3.49,3.55,3.62,3.68,3.69,3.72,3.77,3.81,3.85,3.88,3.90,3.91,3.90,3.89,3.91,3.94,3.96,3.99,4.00,3.97,3.91,3.88,3.89,3.89,3.85,3.80,3.80,3.78,3.78,3.83,3.90,3.93,3.95,3.97,3.99,4.08,4.17,4.22,4.23,4.21,4.19,4.18,4.15,4.05,4.00,3.92,3.85,3.84,3.81,3.88,3.91,3.88,3.97,3.97,3.92,3.87,3.86,3.86,3.85,3.84,3.84,3.74,3.71,3.72,3.74,3.69,3.79,3.86,3.88,3.86,3.83,3.81,3.80,3.78,3.78,3.77,3.74,3.69,3.65,3.64,3.62,3.61,3.61,3.64,3.65,3.68,3.71,3.70,3.58,3.46,3.36,3.26,3.27,3.27,3.26,3.23,3.25,3.18,3.15,3.16,3.21,3.18,3.20,3.21,3.18,3.13,3.17,3.23,3.30,3.38,3.46,3.44,3.37,3.31,3.26,3.24,3.22,3.16,3.07,3.05,3.14,3.30,3.41,3.50,3.54,3.54,3.54,3.49,3.44,3.42,3.42,3.45,3.42,3.40,3.38,3.37,3.38,3.42,3.46,3.46,3.58,3.63,3.59,3.49,3.38,3.38,3.37,3.40,3.51,3.65,3.72,3.77,3.83,3.97,3.38,1.30,-1.12,-1.91,-1.87,-0.88,1.05,3.47,3.37,3.12,2.92,2.80,2.73,2.72,2.67,2.61,2.58,2.57,2.55,2.53,2.50,2.50,2.53,2.53,2.52,2.53,2.55,2.54,2.53,2.52,2.50,2.50,2.48,2.45,2.39,2.26,2.22,2.22,2.17,2.11,2.14,2.16,2.12,2.03,2.13,2.22,2.29,2.34,2.46,2.53,2.59,2.69,2.78,2.78,2.81,2.89,2.93,2.99,3.03,3.06,3.07,3.06,3.12,3.20,3.27,3.25,3.21,3.16,3.09,2.95,2.86,2.73,2.62,2.54,2.49,2.37,2.30,2.29,2.32,2.34,2.35,2.32,2.26,2.26,2.27,2.28,2.31,2.32,2.33,2.35,2.39,2.44,2.54,2.52,2.42,2.30
3.34,3.28,3.34,3.40,3.44,3.44,3.50,3.57,3.64,3.68,3.70,3.75,3.80,3.83,3.87,3.89,3.91,3.92,3.90,3.89,3.96,3.98,3.88,3.95,3.97,3.96,3.94,3.96,3.98,3.93,3.84,3.79,3.82,3.80,3.78,3.77,3.82,3.88,3.92,3.96,3.99,4.11,4.18,4.21,4.21,4.21,4.22,4.22,4.21,4.19,4.10,3.98,3.91,3.99,3.86,3.95,3.99,3.91,3.99,3.95,3.88,3.82,3.83,3.83,3.82,3.82,3.82,3.68,3.71,3.75,3.74,3.67,3.81,3.89,3.89,3.84,3.82,3.79,3.77,3.76,3.76,3.73,3.72,3.73,3.69,3.63,3.62,3.63,3.64,3.66,3.67,3.70,3.73,3.74,3.58,3.47,3.39,3.31,3.28,3.31,3.33,3.28,3.26,3.11,3.07,3.14,3.21,3.13,3.14,3.19,3.23,3.16,3.19,3.27,3.34,3.39,3.46,3.41,3.29,3.21,3.18,3.18,3.18,3.15,3.04,3.01,3.10,3.27,3.39,3.47,3.50,3.49,3.47,3.40,3.35,3.33,3.35,3.37,3.42,3.46,3.48,3.48,3.47,3.47,3.45,3.40,3.48,3.55,3.54,3.49,3.47,3.52,3.56,3.60,3.64,3.82,3.89,3.93,3.98,4.00,3.22,0.64,-2.00,-1.79,-1.69,0.58,2.81,3.51,3.32,3.11,2.97,2.89,2.83,2.84,2.77,2.68,2.67,2.65,2.64,2.62,2.58,2.54,2.52,2.53,2.56,2.58,2.56,2.52,2.50,2.50,2.47,2.47,2.46,2.42,2.33,2.25,2.25,2.25,2.13,2.13,2.16,2.15,2.11,2.10,2.18,2.27,2.35,2.38,2.52,2.60,2.67,2.76,2.85,2.84,2.88,2.94,2.92,2.97,2.98,2.95,2.94,2.91,2.98,3.09,3.20,3.25,3.20,3.15,3.06,2.92,2.79,2.67,2.52,2.36,2.32,2.24,2.20,2.24,2.38,2.41,2.40,2.33,2.21,2.27,2.29,2.28,2.27,2.28,2.28,2.33,2.40,2.41,2.54,2.48,2.35,2.28
3.36,3.32,3.37,3.41,3.45,3.50,3.55,3.60,3.65,3.69,3.71,3.77,3.81,3.84,3.88,3.90,3.92,3.93,3.93,3.92,3.99,4.01,3.91,3.95,3.96,3.94,3.93,3.96,3.98,3.96,3.88,3.78,3.76,3.75,3.74,3.77,3.84,3.85,3.83,3.83,3.94,4.07,4.14,4.17,4.17,4.20,4.24,4.27,4.28,4.20,4.04,3.99,3.99,3.99,3.94,4.02,4.07,4.04,4.04,3.96,3.88,3.83,3.82,3.81,3.82,3.81,3.77,3.72,3.74,3.74,3.71,3.76,3.84,3.89,3.89,3.85,3.80,3.77,3.75,3.74,3.71,3.70,3.71,3.70,3.62,3.60,3.60,3.62,3.65,3.67,3.70,3.73,3.76,3.74,3.65,3.52,3.40,3.37,3.42,3.43,3.41,3.37,3.31,3.19,3.13,3.13,3.16,3.15,3.19,3.23,3.23,3.16,3.18,3.25,3.34,3.40,3.40,3.32,3.20,3.13,3.12,3.11,3.12,3.13,3.02,3.03,3.14,3.29,3.40,3.46,3.46,3.42,3.36,3.27,3.21,3.19,3.21,3.26,3.35,3.41,3.46,3.50,3.57,3.61,3.61,3.58,3.60,3.61,3.62,3.62,3.66,3.73,3.78,3.81,3.80,3.93,3.96,3.98,4.00,4.04,1.18,-1.01,-1.99,-1.86,0.43,2.30,3.39,3.56,3.35,3.14,3.03,3.02,3.00,2.88,2.82,2.78,2.75,2.73,2.69,2.65,2.60,2.55,2.53,2.52,2.54,2.59,2.51,2.50,2.50,2.49,2.45,2.45,2.43,2.38,2.31,2.26,2.24,2.21,2.12,2.12,2.13,2.13,2.13,2.15,2.25,2.34,2.41,2.45,2.62,2.70,2.76,2.85,2.95,2.94,2.93,2.95,2.96,3.03,3.03,2.97,2.90,2.79,2.88,2.99,3.02,3.10,3.14,3.10,2.98,2.82,2.74,2.60,2.42,2.24,2.19,2.16,2.16,2.20,2.28,2.33,2.35,2.35,2.32,2.37,2.36,2.30,2.22,2.25,2.25,2.25,2.26,2.26,2.34,2.34,2.32,2.35
3.37,3.36,3.40,3.45,3.49,3.55,3.59,3.62,3.65,3.71,3.73,3.78,3.83,3.84,3.89,3.91,3.90,3.89,3.92,3.92,3.98,4.01,3.94,3.95,3.94,3.93,3.92,3.95,3.97,3.93,3.85,3.77,3.80,3.79,3.79,3.82,3.87,3.82,3.78,3.79,3.89,3.98,4.04,4.08,4.11,4.18,4.23,4.28,4.31,4.16,4.01,4.02,4.09,4.04,4.03,4.08,4.11,4.07,4.03,3.95,3.89,3.88,3.90,3.84,3.82,3.79,3.75,3.76,3.77,3.73,3.68,3.82,3.87,3.89,3.89,3.85,3.80,3.76,3.73,3.71,3.68,3.68,3.68,3.67,3.61,3.58,3.58,3.61,3.65,3.70,3.75,3.79,3.79,3.76,3.70,3.56,3.44,3.46,3.55,3.55,3.50,3.43,3.34,3.23,3.16,3.13,3.11,3.16,3.22,3.25,3.22,3.16,3.17,3.20,3.25,3.33,3.32,3.23,3.11,3.06,3.05,3.05,3.07,3.09,2.98,3.05,3.22,3.40,3.52,3.51,3.43,3.32,3.23,3.16,3.13,3.14,3.18,3.23,3.30,3.35,3.41,3.49,3.59,3.66,3.70,3.72,3.73,3.74,3.76,3.81,3.88,3.95,4.04,4.12,4.14,4.29,3.66,2.79,2.10,2.22,-0.50,-1.89,-1.90,-1.60,1.89,3.38,3.71,3.58,3.39,3.21,3.13,3.13,3.09,2.94,2.88,2.86,2.83,2.82,2.75,2.68,2.62,2.56,2.52,2.52,2.54,2.57,2.49,2.49,2.50,2.48,2.44,2.44,2.41,2.35,2.29,2.27,2.23,2.18,2.12,2.15,2.11,2.10,2.15,2.19,2.28,2.36,2.42,2.49,2.65,2.75,2.83,2.95,3.04,3.01,2.96,2.94,2.98,3.02,3.02,2.96,2.88,2.77,2.82,2.86,2.84,2.92,2.98,2.97,2.89,2.73,2.67,2.53,2.34,2.15,2.12,2.10,2.12,2.17,2.20,2.25,2.29,2.32,2.34,2.40,2.40,2.34,2.26,2.28,2.24,2.21,2.20,2.20,2.27,2.31,2.34,2.41
3.38,3.40,3.46,3.51,3.56,3.61,3.62,3.62,3.64,3.74,3.75,3.80,3.84,3.84,3.90,3.92,3.87,3.81,3.85,3.87,3.93,3.97,3.97,3.95,3.92,3.91,3.91,3.95,3.94,3.84,3.75,3.78,3.93,3.94,3.92,3.91,3.88,3.78,3.78,3.85,3.87,3.84,3.87,3.94,4.04,4.14,4.18,4.25,4.31,4.10,4.00,4.08,4.19,4.17,4.13,4.12,4.08,4.01,3.96,3.93,3.93,3.98,4.07,3.92,3.80,3.75,3.77,3.79,3.79,3.72,3.65,3.83,3.88,3.89,3.88,3.86,3.80,3.75,3.70,3.68,3.69,3.66,3.63,3.63,3.67,3.59,3.57,3.60,3.65,3.73,3.84,3.87,3.82,3.80,3.72,3.59,3.50,3.58,3.65,3.65,3.58,3.44,3.34,3.24,3.17,3.14,3.09,3.17,3.23,3.25,3.18,3.18,3.17,3.14,3.09,3.19,3.22,3.14,3.02,3.00,2.99,2.99,3.00,3.01,2.91,3.06,3.32,3.60,3.76,3.61,3.39,3.19,3.08,3.06,3.12,3.19,3.25,3.27,3.28,3.29,3.34,3.45,3.54,3.62,3.71,3.80,3.87,3.92,3.98,4.05,4.13,4.18,4.35,4.54,4.67,4.92,2.98,0.37,-1.75,-1.48,-1.84,-1.97,-1.72,-1.02,2.69,3.82,3.75,3.60,3.42,3.32,3.26,3.21,3.10,3.00,2.94,2.91,2.90,2.92,2.82,2.71,2.63,2.57,2.51,2.52,2.55,2.53,2.48,2.48,2.49,2.46,2.45,2.46,2.42,2.34,2.29,2.26,2.20,2.14,2.12,2.22,2.11,2.06,2.17,2.20,2.27,2.33,2.39,2.50,2.62,2.74,2.88,3.05,3.13,3.05,2.97,2.94,2.99,2.96,2.93,2.92,2.89,2.85,2.79,2.72,2.66,2.72,2.73,2.76,2.77,2.65,2.57,2.44,2.27,2.08,2.11,2.09,2.10,2.14,2.13,2.18,2.21,2.23,2.27,2.34,2.39,2.41,2.38,2.34,2.24,2.19,2.20,2.23,2.32,2.37,2.41,2.46
3.42,3.45,3.50,3.55,3.61,3.67,3.69,3.69,3.69,3.73,3.75,3.80,3.84,3.85,3.89,3.88,3.85,3.83,3.88,3.90,3.93,3.96,3.98,3.95,3.93,3.91,3.90,3.89,3.89,3.82,3.78,3.85,3.96,4.00,3.97,3.92,3.90,3.85,3.85,3.87,3.85,3.83,3.85,3.89,3.94,4.00,4.05,4.11,4.14,3.98,4.01,4.10,4.17,4.16,4.15,4.11,4.06,4.00,3.96,3.94,3.95,4.00,4.09,3.95,3.80,3.74,3.80,3.81,3.79,3.73,3.70,3.85,3.89,3.89,3.87,3.86,3.81,3.75,3.70,3.66,3.64,3.65,3.63,3.60,3.63,3.53,3.53,3.57,3.61,3.72,3.85,3.89,3.83,3.78,3.68,3.57,3.52,3.57,3.64,3.64,3.55,3.41,3.33,3.25,3.18,3.15,3.19,3.24,3.27,3.26,3.21,3.17,3.14,3.10,3.08,3.15,3.13,3.07,3.01,3.01,2.97,2.94,2.92,2.90,3.00,1.29,0.39,0.80,2.14,3.13,3.31,3.12,3.02,3.07,3.13,3.20,3.27,3.33,3.35,3.35,3.36,3.41,3.46,3.55,3.67,3.78,3.87,3.98,4.08,4.17,4.26,4.35,4.47,4.61,4.76,5.00,4.20,2.55,0.34,-1.70,-1.97,-1.97,-1.32,0.90,3.24,3.91,3.81,3.65,3.47,3.40,3.36,3.29,3.18,3.05,2.97,2.94,2.95,2.95,2.85,2.75,2.67,2.59,2.54,2.55,2.58,2.55,2.49,2.49,2.51,2.51,2.46,2.44,2.39,2.34,2.34,2.32,2.24,2.17,2.18,2.20,2.15,2.13,2.19,2.19,2.26,2.33,2.40,2.51,2.59,2.73,2.88,3.01,3.03,2.99,2.94,2.91,2.88,2.90,2.94,2.97,2.94,2.85,2.77,2.71,2.67,2.64,2.59,2.58,2.58,2.52,2.45,2.33,2.20,2.05,2.07,2.09,2.12,2.15,2.16,2.14,2.15,2.17,2.21,2.28,2.33,2.36,2.37,2.38,2.34,2.30,2.27,2.22,2.33,2.40,2.45,2.49
3.46,3.49,3.54,3.60,3.66,3.72,3.77,3.79,3.78,3.77,3.78,3.81,3.84,3.85,3.88,3.86,3.85,3.87,3.92,3.94,3.94,3.95,3.98,3.95,3.93,3.91,3.89,3.85,3.84,3.80,3.81,3.93,4.01,4.06,4.03,3.93,3.93,3.94,3.93,3.91,3.87,3.86,3.87,3.88,3.86,3.90,3.95,3.98,3.98,3.92,4.02,4.10,4.14,4.15,4.15,4.10,4.05,4.00,3.96,3.95,3.97,4.01,4.10,3.96,3.81,3.76,3.85,3.83,3.79,3.75,3.75,3.85,3.88,3.87,3.86,3.87,3.82,3.76,3.70,3.64,3.60,3.63,3.61,3.57,3.58,3.49,3.48,3.53,3.58,3.70,3.80,3.83,3.78,3.73,3.63,3.57,3.54,3.57,3.61,3.58,3.50,3.39,3.33,3.27,3.21,3.18,3.28,3.30,3.30,3.28,3.24,3.18,3.13,3.10,3.11,3.13,3.06,3.02,3.01,3.00,2.95,2.92,2.89,2.87,3.10,-0.01,-1.80,-1.40,0.38,2.57,3.21,3.06,3.00,3.09,3.14,3.20,3.28,3.37,3.40,3.41,3.41,3.41,3.43,3.52,3.63,3.72,3.86,4.01,4.14,4.25,4.36,4.49,4.58,4.67,4.83,5.02,5.17,4.22,1.82,-1.63,-1.97,-1.98,-1.21,1.60,3.48,3.99,3.88,3.71,3.54,3.48,3.44,3.38,3.27,3.12,3.02,2.97,2.98,2.95,2.88,2.80,2.71,2.62,2.59,2.59,2.61,2.59,2.52,2.52,2.54,2.57,2.51,2.45,2.38,2.34,2.36,2.33,2.26,2.21,2.23,2.19,2.19,2.20,2.20,2.18,2.24,2.31,2.40,2.50,2.57,2.70,2.85,2.95,2.93,2.90,2.87,2.83,2.76,2.85,2.95,3.02,2.98,2.87,2.77,2.71,2.69,2.58,2.50,2.46,2.43,2.38,2.32,2.22,2.12,2.05,2.06,2.09,2.13,2.18,2.21,2.16,2.14,2.16,2.17,2.22,2.28,2.31,2.34,2.39,2.40,2.39,2.34,2.21,2.33,2.41,2.47,2.50
3.48,3.54,3.58,3.64,3.71,3.78,3.86,3.94,3.98,3.90,3.88,3.85,3.83,3.82,3.86,3.90,3.90,3.90,3.97,3.98,3.97,3.96,3.95,3.93,3.91,3.89,3.85,3.83,3.79,3.76,3.82,4.03,4.12,4.16,4.09,3.96,3.98,4.01,4.01,3.98,3.96,3.94,3.93,3.91,3.85,3.91,3.95,3.93,3.90,3.97,4.02,4.08,4.14,4.16,4.14,4.10,4.05,4.00,3.96,3.97,4.00,4.04,4.09,3.94,3.84,3.82,3.90,3.84,3.80,3.79,3.79,3.80,3.80,3.85,3.89,3.88,3.82,3.77,3.70,3.63,3.58,3.58,3.57,3.54,3.50,3.48,3.45,3.47,3.57,3.64,3.66,3.65,3.65,3.63,3.61,3.59,3.59,3.60,3.54,3.47,3.40,3.37,3.37,3.31,3.26,3.25,3.32,3.32,3.32,3.32,3.30,3.24,3.19,3.17,3.17,3.15,3.04,3.00,3.00,2.95,2.91,2.93,2.97,3.01,3.18,0.15,-1.59,-1.56,-1.26,2.01,3.10,3.01,3.04,3.12,3.17,3.22,3.28,3.36,3.42,3.45,3.46,3.51,3.54,3.59,3.62,3.63,3.86,4.00,4.15,4.31,4.43,4.60,4.72,4.82,4.94,5.06,5.16,3.66,0.51,-1.74,-1.98,-2.02,-1.79,-0.73,3.08,4.14,3.98,3.78,3.63,3.55,3.52,3.48,3.36,3.26,3.13,3.03,2.97,2.93,2.90,2.84,2.76,2.65,2.65,2.66,2.66,2.64,2.59,2.56,2.58,2.65,2.64,2.52,2.41,2.33,2.29,2.22,2.22,2.25,2.24,2.19,2.20,2.22,2.22,2.17,2.22,2.28,2.36,2.46,2.54,2.65,2.77,2.86,2.84,2.77,2.70,2.67,2.67,2.80,2.94,3.01,2.97,2.94,2.82,2.73,2.70,2.56,2.48,2.42,2.36,2.24,2.18,2.08,2.03,2.09,2.08,2.10,2.15,2.21,2.30,2.29,2.29,2.26,2.18,2.19,2.23,2.27,2.30,2.31,2.39,2.42,2.36,2.19,2.32,2.41,2.45,2.45
3.55,3.59,3.63,3.69,3.77,3.83,3.94,4.03,4.07,4.03,3.97,3.91,3.88,3.89,3.93,3.93,3.90,3.90,3.98,3.97,3.96,3.94,3.93,3.91,3.90,3.87,3.84,3.81,3.77,3.80,3.88,4.01,4.15,4.21,4.17,4.07,4.06,4.06,4.05,4.03,4.02,4.01,4.00,3.97,3.92,3.95,3.97,3.95,3.90,3.99,4.00,4.04,4.09,4.13,4.12,4.09,4.05,4.00,3.96,3.98,4.03,4.07,4.05,3.92,3.87,3.89,3.92,3.81,3.85,3.90,3.93,3.94,3.87,3.84,3.84,3.82,3.80,3.76,3.70,3.64,3.61,3.58,3.54,3.50,3.47,3.46,3.43,3.45,3.57,3.67,3.64,3.62,3.63,3.59,3.58,3.60,3.63,3.61,3.53,3.45,3.39,3.38,3.38,3.34,3.30,3.29,3.36,3.35,3.33,3.31,3.30,3.27,3.23,3.23,3.24,3.17,3.06,3.04,3.06,2.99,2.95,2.98,3.03,2.91,1.55,-0.38,-1.38,-1.09,0.42,2.41,3.05,3.02,3.08,3.13,3.17,3.22,3.29,3.35,3.42,3.47,3.50,3.55,3.57,3.62,3.64,3.63,3.85,3.98,4.12,4.28,4.47,4.64,4.79,4.93,5.03,5.14,5.21,3.12,-0.83,-1.88,-2.00,-2.02,-1.60,-0.01,3.35,4.26,4.08,3.88,3.71,3.62,3.56,3.50,3.40,3.32,3.23,3.12,3.01,2.97,2.94,2.88,2.78,2.72,2.74,2.73,2.70,2.73,2.67,2.62,2.61,2.66,2.63,2.53,2.43,2.35,2.27,2.20,2.22,2.26,2.23,2.19,2.23,2.26,2.25,2.23,2.24,2.27,2.33,2.41,2.49,2.60,2.70,2.77,2.77,2.67,2.59,2.60,2.70,2.82,2.93,2.98,2.91,2.88,2.80,2.72,2.65,2.51,2.46,2.39,2.29,2.17,2.13,2.07,2.04,2.07,2.09,2.11,2.16,2.23,2.30,2.31,2.32,2.30,2.23,2.26,2.26,2.27,2.29,2.27,2.39,2.41,2.33,2.22,2.35,2.42,2.43,2.38
3.64,3.65,3.68,3.74,3.82,3.87,4.01,4.08,4.11,4.13,4.03,3.97,3.96,4.00,4.05,3.96,3.90,3.89,3.98,3.93,3.93,3.92,3.90,3.89,3.88,3.86,3.84,3.80,3.78,3.86,3.95,3.98,4.15,4.24,4.25,4.21,4.15,4.09,4.07,4.06,4.06,4.07,4.05,4.02,4.01,3.99,4.00,3.99,3.95,4.00,3.97,3.98,4.03,4.08,4.07,4.07,4.05,4.01,3.97,4.00,4.06,4.09,3.99,3.89,3.92,3.96,3.92,3.80,3.91,4.04,4.10,4.13,4.00,3.88,3.81,3.78,3.77,3.74,3.69,3.66,3.67,3.60,3.52,3.46,3.46,3.44,3.42,3.45,3.57,3.72,3.69,3.65,3.66,3.60,3.57,3.60,3.64,3.60,3.54,3.46,3.40,3.38,3.38,3.37,3.34,3.33,3.38,3.39,3.35,3.30,3.30,3.30,3.27,3.28,3.30,3.21,3.11,3.10,3.13,3.07,3.01,3.03,3.07,2.70,-0.45,-1.05,-1.16,-0.44,3.03,3.09,3.03,3.05,3.11,3.12,3.16,3.22,3.30,3.35,3.43,3.48,3.52,3.56,3.58,3.63,3.66,3.65,3.84,3.97,4.09,4.25,4.49,4.65,4.83,5.00,5.12,5.22,4.94,2.30,-2.02,-2.02,-2.01,-1.93,-0.99,1.92,3.89,4.35,4.17,3.98,3.78,3.67,3.59,3.51,3.43,3.37,3.31,3.22,3.06,3.03,2.99,2.90,2.79,2.79,2.82,2.78,2.73,2.80,2.73,2.67,2.63,2.64,2.58,2.51,2.45,2.38,2.25,2.20,2.23,2.25,2.19,2.19,2.25,2.30,2.29,2.30,2.27,2.26,2.30,2.36,2.44,2.54,2.62,2.68,2.71,2.58,2.50,2.56,2.76,2.85,2.93,2.94,2.85,2.78,2.75,2.70,2.59,2.47,2.42,2.34,2.23,2.13,2.10,2.10,2.08,2.04,2.09,2.12,2.17,2.23,2.27,2.28,2.29,2.30,2.28,2.36,2.31,2.27,2.30,2.26,2.38,2.37,2.27,2.28,2.39,2.43,2.40,2.30
3.71,3.71,3.73,3.78,3.83,3.83,3.94,4.01,4.06,4.11,3.99,3.95,3.99,4.06,4.15,4.04,3.96,3.95,3.97,3.87,3.87,3.88,3.86,3.80,3.82,3.82,3.79,3.76,3.82,3.90,3.98,4.06,4.15,4.23,4.26,4.25,4.21,4.13,4.06,4.00,3.99,4.00,4.00,4.01,4.04,3.96,4.02,4.05,4.03,4.05,3.99,3.98,4.00,3.99,3.93,3.96,4.01,4.03,3.99,4.02,4.05,4.03,3.92,3.93,3.97,3.97,3.89,3.93,4.01,4.09,4.17,4.19,4.16,4.13,4.09,3.98,3.76,3.70,3.69,3.67,3.70,3.64,3.56,3.49,3.45,3.45,3.43,3.47,3.59,3.77,3.76,3.72,3.72,3.69,3.65,3.60,3.54,3.53,3.54,3.45,3.38,3.37,3.39,3.39,3.40,3.39,3.36,3.39,3.40,3.40,3.38,3.32,3.36,3.38,3.35,3.26,3.16,3.13,3.13,3.12,3.02,3.05,2.94,2.29,-0.29,-0.81,-0.91,-0.21,2.99,3.02,3.01,3.07,3.14,3.13,3.16,3.21,3.27,3.34,3.42,3.50,3.55,3.57,3.58,3.53,3.53,3.63,3.76,4.02,4.25,4.42,4.57,4.69,4.84,5.00,5.11,5.20,2.25,-0.62,-2.01,-2.01,-2.00,-1.32,0.50,3.90,4.38,4.38,4.16,3.95,3.83,3.74,3.64,3.54,3.45,3.39,3.31,3.20,3.07,3.01,2.97,2.89,2.78,2.75,2.74,2.72,2.69,2.71,2.68,2.65,2.62,2.60,2.56,2.51,2.46,2.36,2.18,2.24,2.25,2.21,2.16,2.28,2.33,2.30,2.23,2.28,2.32,2.30,2.27,2.31,2.37,2.46,2.54,2.58,2.60,2.50,2.48,2.60,2.80,2.88,2.88,2.85,2.87,2.84,2.74,2.61,2.47,2.43,2.37,2.29,2.20,2.10,2.07,2.08,2.10,2.11,2.08,2.09,2.14,2.21,2.26,2.24,2.26,2.28,2.30,2.33,2.30,2.31,2.40,2.35,2.32,2.27,2.25,2.34,2.42,2.41,2.34,2.24
3.78,3.78,3.79,3.82,3.84,3.84,3.92,3.97,4.00,4.05,3.96,3.95,4.01,4.09,4.21,4.12,4.05,4.02,4.00,3.93,3.90,3.88,3.84,3.76,3.78,3.80,3.77,3.75,3.82,3.89,3.96,4.05,4.15,4.22,4.26,4.24,4.19,4.11,4.03,3.96,3.93,3.94,3.95,3.98,4.02,3.96,4.04,4.09,4.09,4.09,4.03,4.02,4.01,3.94,3.89,3.93,3.98,4.01,3.98,4.00,3.99,3.95,3.89,3.97,4.01,3.98,3.93,4.02,4.08,4.13,4.18,4.20,4.23,4.27,4.26,4.16,3.95,3.87,3.80,3.69,3.69,3.64,3.57,3.51,3.46,3.45,3.44,3.48,3.60,3.75,3.78,3.76,3.75,3.74,3.69,3.62,3.55,3.55,3.54,3.45,3.39,3.39,3.41,3.43,3.43,3.42,3.36,3.39,3.41,3.41,3.40,3.38,3.43,3.44,3.38,3.30,3.21,3.15,3.14,3.14,3.04,3.09,2.64,1.37,-0.21,-0.58,-0.16,0.99,3.01,3.01,3.01,3.07,3.13,3.13,3.16,3.21,3.26,3.33,3.40,3.47,3.50,3.49,3.48,3.42,3.43,3.55,3.63,4.04,4.38,4.56,4.64,4.76,4.91,5.06,5.16,5.21,0.98,-1.99,-2.00,-2.01,-1.93,-0.65,1.76,4.83,4.63,4.42,4.19,3.96,3.83,3.76,3.68,3.57,3.46,3.41,3.32,3.19,3.06,3.00,2.95,2.88,2.77,2.72,2.71,2.71,2.70,2.67,2.64,2.63,2.62,2.57,2.54,2.51,2.45,2.34,2.18,2.27,2.24,2.18,2.22,2.40,2.44,2.37,2.26,2.30,2.34,2.32,2.28,2.30,2.32,2.38,2.44,2.48,2.49,2.44,2.47,2.61,2.78,2.84,2.82,2.80,2.88,2.82,2.68,2.54,2.42,2.38,2.31,2.23,2.15,2.04,2.03,2.08,2.14,2.17,2.13,2.15,2.18,2.20,2.26,2.21,2.22,2.26,2.29,2.31,2.30,2.36,2.48,2.42,2.32,2.27,2.28,2.39,2.43,2.38,2.30,2.22
3.83,3.84,3.86,3.86,3.86,3.89,3.96,3.96,3.93,3.94,3.94,3.97,4.02,4.10,4.21,4.19,4.15,4.12,4.09,4.08,4.01,3.92,3.84,3.74,3.76,3.79,3.78,3.76,3.80,3.85,3.90,3.96,4.15,4.22,4.23,4.20,4.09,4.05,3.99,3.92,3.87,3.87,3.89,3.93,3.98,4.00,4.06,4.11,4.14,4.13,4.10,4.09,4.04,3.93,3.93,3.97,3.98,3.96,3.96,3.93,3.89,3.86,3.91,4.03,4.03,4.00,4.03,4.07,4.13,4.15,4.16,4.18,4.22,4.29,4.34,4.33,4.30,4.22,4.02,3.72,3.64,3.59,3.54,3.51,3.49,3.45,3.44,3.49,3.59,3.68,3.76,3.78,3.75,3.76,3.70,3.67,3.66,3.67,3.54,3.47,3.43,3.42,3.46,3.47,3.45,3.41,3.39,3.39,3.38,3.36,3.36,3.48,3.49,3.45,3.38,3.33,3.25,3.18,3.15,3.15,3.06,3.14,2.19,-0.01,-0.20,-0.36,1.01,3.05,3.08,3.04,3.03,3.05,3.10,3.12,3.17,3.21,3.26,3.30,3.37,3.40,3.39,3.34,3.30,3.30,3.35,3.43,3.43,4.05,4.50,4.66,4.71,4.87,5.03,5.17,5.27,5.25,1.00,-1.99,-2.00,-2.00,-1.80,0.08,2.84,4.83,4.68,4.48,4.25,3.99,3.79,3.76,3.70,3.59,3.47,3.42,3.32,3.17,3.04,2.98,2.93,2.86,2.77,2.71,2.71,2.75,2.77,2.68,2.61,2.62,2.61,2.53,2.51,2.49,2.42,2.32,2.25,2.29,2.20,2.15,2.38,2.53,2.58,2.50,2.36,2.38,2.34,2.32,2.32,2.35,2.31,2.31,2.34,2.39,2.38,2.40,2.47,2.60,2.72,2.76,2.75,2.78,2.87,2.71,2.58,2.49,2.41,2.31,2.24,2.17,2.08,1.94,1.99,2.09,2.18,2.21,2.22,2.27,2.26,2.21,2.25,2.19,2.19,2.23,2.28,2.29,2.32,2.42,2.54,2.46,2.39,2.35,2.35,2.42,2.41,2.35,2.27,2.23
3.89,3.89,3.91,3.92,3.93,3.97,3.98,3.98,3.98,3.98,4.00,4.00,4.03,4.10,4.21,4.17,4.15,4.14,4.13,4.12,4.04,3.95,3.88,3.83,3.80,3.80,3.83,3.81,3.79,3.79,3.82,3.88,3.98,4.05,4.08,4.07,4.05,4.05,4.01,3.95,3.91,3.89,3.89,3.92,3.96,3.96,4.04,4.11,4.13,4.07,4.10,4.12,4.11,4.04,4.03,4.03,4.01,3.96,3.98,3.93,3.90,3.93,4.02,4.08,4.02,3.98,4.04,4.12,4.17,4.18,4.16,4.16,4.22,4.26,4.29,4.29,4.27,4.26,4.19,4.07,4.02,3.87,3.67,3.51,3.52,3.51,3.52,3.54,3.58,3.69,3.78,3.79,3.74,3.76,3.73,3.71,3.71,3.71,3.61,3.52,3.46,3.43,3.43,3.49,3.49,3.43,3.39,3.38,3.36,3.34,3.33,3.50,3.50,3.44,3.37,3.31,3.24,3.17,3.12,3.09,3.11,2.28,1.14,0.15,0.00,0.87,2.11,3.13,3.05,3.07,3.09,3.09,3.08,3.13,3.16,3.18,3.23,3.28,3.31,3.34,3.33,3.25,3.21,3.22,3.26,3.28,3.33,3.60,3.78,3.94,4.39,4.81,4.98,5.06,5.07,1.80,-0.74,-1.98,-2.00,-2.01,-0.93,1.27,3.65,4.79,4.65,4.50,4.31,4.07,3.85,3.71,3.59,3.49,3.42,3.39,3.30,3.16,3.02,2.94,2.87,2.81,2.76,2.73,2.73,2.76,2.77,2.75,2.67,2.64,2.59,2.49,2.47,2.43,2.35,2.27,2.29,2.25,2.21,2.26,2.44,2.63,2.61,2.50,2.39,2.43,2.40,2.36,2.35,2.37,2.32,2.32,2.34,2.33,2.31,2.31,2.38,2.50,2.61,2.62,2.65,2.70,2.73,2.59,2.48,2.43,2.43,2.30,2.18,2.09,2.03,1.98,2.03,2.12,2.23,2.31,2.34,2.34,2.34,2.32,2.25,2.27,2.26,2.25,2.27,2.29,2.35,2.45,2.56,2.45,2.35,2.33,2.37,2.43,2.39,2.31,2.26,2.31
3.97,3.96,3.97,3.97,3.99,4.05,4.03,4.04,4.06,4.04,4.06,4.04,4.04,4.09,4.17,4.11,4.10,4.13,4.14,4.13,4.06,3.98,3.92,3.91,3.84,3.82,3.86,3.85,3.80,3.76,3.76,3.82,3.84,3.90,3.94,3.96,4.02,4.06,4.04,3.98,3.96,3.92,3.91,3.93,3.95,3.93,4.01,4.08,4.11,4.03,4.08,4.12,4.14,4.15,4.16,4.13,4.06,4.00,4.02,3.96,3.95,4.02,4.12,4.11,4.02,3.96,4.03,4.13,4.19,4.19,4.16,4.15,4.21,4.23,4.23,4.24,4.23,4.25,4.29,4.31,4.28,4.11,3.87,3.66,3.66,3.60,3.59,3.60,3.59,3.68,3.76,3.77,3.73,3.75,3.73,3.73,3.74,3.73,3.65,3.56,3.49,3.44,3.43,3.49,3.50,3.45,3.38,3.37,3.35,3.33,3.33,3.49,3.48,3.42,3.36,3.29,3.23,3.17,3.11,3.07,3.16,1.73,0.50,0.40,0.23,1.83,2.88,3.08,3.05,3.12,3.14,3.11,3.06,3.13,3.14,3.14,3.18,3.25,3.24,3.25,3.24,3.16,3.14,3.16,3.18,3.21,3.30,3.33,3.33,3.47,4.13,4.75,4.94,4.97,4.87,-0.62,-1.96,-1.98,-1.97,-1.76,0.05,2.35,4.25,4.69,4.57,4.45,4.30,4.12,3.92,3.71,3.54,3.43,3.36,3.30,3.22,3.12,2.99,2.90,2.83,2.77,2.73,2.73,2.74,2.75,2.77,2.79,2.72,2.66,2.58,2.47,2.43,2.37,2.31,2.26,2.31,2.22,2.24,2.34,2.49,2.65,2.59,2.48,2.41,2.45,2.44,2.39,2.35,2.35,2.34,2.37,2.37,2.31,2.29,2.28,2.32,2.41,2.49,2.51,2.57,2.61,2.59,2.50,2.42,2.41,2.45,2.29,2.15,2.05,1.99,2.01,2.07,2.16,2.28,2.41,2.43,2.40,2.40,2.41,2.29,2.34,2.33,2.28,2.28,2.29,2.37,2.46,2.51,2.40,2.31,2.32,2.40,2.43,2.37,2.29,2.26,2.34
4.04,4.07,4.05,4.03,4.05,4.13,4.11,4.14,4.17,4.14,4.10,4.07,4.06,4.07,4.04,3.99,4.00,4.06,4.09,4.10,4.05,4.00,3.97,3.95,3.87,3.84,3.85,3.89,3.84,3.77,3.74,3.80,3.77,3.80,3.86,3.92,3.99,4.05,4.05,4.02,4.02,3.98,3.98,3.98,3.96,3.93,3.96,4.02,4.06,4.05,4.06,4.07,4.12,4.25,4.34,4.28,4.17,4.09,4.09,4.04,4.05,4.11,4.19,4.12,4.03,3.98,4.01,4.05,4.15,4.18,4.14,4.13,4.17,4.18,4.18,4.19,4.20,4.21,4.24,4.26,4.26,4.25,4.20,4.12,4.02,3.77,3.65,3.63,3.62,3.62,3.65,3.69,3.73,3.71,3.70,3.73,3.75,3.71,3.64,3.58,3.52,3.46,3.50,3.48,3.46,3.43,3.37,3.35,3.34,3.34,3.37,3.45,3.43,3.38,3.35,3.28,3.22,3.16,3.11,3.12,3.24,1.89,0.73,0.64,0.45,2.13,3.06,3.03,3.12,3.21,3.18,3.10,3.05,3.10,3.12,3.08,3.05,3.22,3.15,3.11,3.11,3.06,3.10,3.12,3.15,3.25,3.36,3.47,3.52,3.61,4.04,4.70,4.92,4.92,4.67,-0.65,-1.96,-1.99,-1.86,-1.00,1.12,3.15,4.47,4.50,4.38,4.28,4.19,4.09,3.96,3.79,3.62,3.45,3.26,3.12,3.04,3.00,2.94,2.85,2.79,2.74,2.69,2.70,2.71,2.73,2.76,2.80,2.74,2.67,2.58,2.48,2.43,2.34,2.30,2.32,2.29,2.22,2.25,2.37,2.51,2.53,2.47,2.43,2.43,2.43,2.43,2.39,2.30,2.22,2.38,2.46,2.44,2.33,2.38,2.36,2.34,2.33,2.38,2.45,2.50,2.52,2.49,2.44,2.42,2.44,2.46,2.30,2.17,2.05,1.97,1.99,2.11,2.21,2.33,2.47,2.47,2.44,2.44,2.46,2.38,2.38,2.35,2.33,2.32,2.31,2.38,2.41,2.36,2.27,2.28,2.36,2.44,2.42,2.35,2.29,2.27,2.28
4.10,4.12,4.13,4.14,4.17,4.21,4.20,4.23,4.25,4.24,4.20,4.15,4.11,4.06,4.00,3.98,3.99,4.01,3.98,4.00,3.99,3.97,3.95,3.91,3.88,3.87,3.87,3.92,3.94,3.89,3.84,3.84,3.79,3.80,3.83,3.85,3.89,3.97,4.00,4.01,4.07,4.05,4.04,4.02,3.98,3.96,3.98,4.03,4.08,4.06,4.03,4.02,4.04,4.10,4.23,4.23,4.21,4.22,4.15,4.08,4.11,4.20,4.21,4.14,4.07,4.00,3.95,3.96,4.04,4.08,4.07,4.10,4.12,4.13,4.13,4.14,4.16,4.18,4.19,4.21,4.22,4.25,4.26,4.21,4.09,3.80,3.68,3.66,3.65,3.60,3.61,3.63,3.65,3.67,3.66,3.68,3.70,3.67,3.62,3.58,3.53,3.47,3.51,3.49,3.45,3.42,3.38,3.33,3.33,3.34,3.34,3.39,3.36,3.30,3.25,3.24,3.21,3.15,3.12,3.17,2.58,1.65,0.98,0.96,1.65,2.64,3.08,3.05,3.17,3.25,3.21,3.13,3.07,3.07,3.08,3.05,3.02,3.14,3.07,3.02,3.01,3.00,3.04,3.14,3.27,3.41,3.52,3.65,3.74,3.88,4.23,4.74,4.91,4.05,1.59,-1.23,-1.94,-1.99,-1.73,-0.10,2.32,3.82,4.33,4.23,4.13,4.03,3.96,3.93,3.85,3.74,3.62,3.47,3.30,3.15,3.03,2.94,2.87,2.78,2.70,2.65,2.62,2.65,2.66,2.69,2.72,2.76,2.72,2.68,2.61,2.51,2.43,2.34,2.30,2.31,2.26,2.25,2.29,2.36,2.45,2.44,2.47,2.48,2.46,2.46,2.43,2.38,2.31,2.24,2.40,2.47,2.46,2.38,2.45,2.39,2.34,2.34,2.36,2.37,2.40,2.43,2.41,2.40,2.40,2.41,2.40,2.30,2.18,2.08,2.01,2.05,2.14,2.21,2.29,2.43,2.49,2.49,2.49,2.51,2.49,2.41,2.37,2.36,2.36,2.40,2.43,2.41,2.33,2.30,2.34,2.41,2.45,2.41,2.29,2.31,2.36,2.34
4.14,4.15,4.19,4.24,4.28,4.27,4.29,4.31,4.32,4.33,4.30,4.24,4.15,4.06,3.99,3.99,4.00,3.98,3.88,3.90,3.92,3.93,3.92,3.87,3.89,3.91,3.91,3.97,4.04,4.03,3.96,3.89,3.84,3.84,3.83,3.79,3.81,3.88,3.92,3.97,4.09,4.09,4.09,4.06,4.00,4.02,4.03,4.08,4.12,4.08,4.03,3.99,3.96,3.92,4.06,4.13,4.23,4.34,4.18,4.11,4.17,4.26,4.22,4.16,4.11,4.03,3.90,3.88,3.94,3.98,3.99,4.05,4.06,4.07,4.09,4.09,4.12,4.13,4.15,4.16,4.17,4.21,4.23,4.19,4.05,3.80,3.70,3.68,3.67,3.59,3.60,3.59,3.57,3.62,3.62,3.63,3.63,3.61,3.58,3.55,3.52,3.48,3.51,3.50,3.45,3.41,3.38,3.32,3.33,3.33,3.29,3.32,3.29,3.22,3.15,3.20,3.18,3.14,3.12,3.15,1.83,1.37,1.25,1.31,2.94,3.12,3.06,3.09,3.20,3.25,3.23,3.17,3.11,3.05,3.05,3.05,3.02,3.06,3.01,2.96,2.93,2.96,2.98,3.17,3.40,3.59,3.72,3.83,3.98,4.19,4.52,4.81,4.61,2.66,-1.82,-1.88,-1.94,-1.89,-1.37,0.86,3.39,4.31,4.07,3.96,3.88,3.78,3.72,3.72,3.67,3.64,3.58,3.49,3.37,3.23,3.06,2.92,2.82,2.72,2.61,2.54,2.52,2.57,2.60,2.63,2.66,2.70,2.68,2.67,2.63,2.53,2.42,2.33,2.30,2.29,2.24,2.29,2.33,2.36,2.39,2.38,2.48,2.53,2.47,2.50,2.43,2.38,2.34,2.31,2.41,2.46,2.47,2.45,2.52,2.41,2.35,2.38,2.37,2.30,2.31,2.35,2.33,2.36,2.36,2.35,2.33,2.29,2.18,2.11,2.08,2.12,2.17,2.19,2.24,2.34,2.49,2.52,2.53,2.56,2.58,2.44,2.38,2.39,2.41,2.50,2.50,2.43,2.34,2.37,2.43,2.45,2.44,2.39,2.25,2.33,2.45,2.43
4.18,4.20,4.21,4.23,4.27,4.29,4.31,4.34,4.37,4.39,4.31,4.23,4.14,4.06,3.98,3.99,4.01,4.00,3.92,3.92,3.91,3.90,3.90,3.94,3.93,3.93,3.95,4.05,4.04,4.00,3.95,3.92,3.90,3.88,3.87,3.87,3.87,3.88,3.89,3.90,3.92,4.01,4.07,4.07,4.01,4.06,4.08,4.14,4.21,4.17,4.13,4.08,4.03,4.00,4.08,4.18,4.27,4.32,4.12,4.17,4.24,4.27,4.18,4.15,4.11,4.05,3.95,3.91,3.94,3.93,3.90,3.90,3.95,4.00,4.05,4.11,4.07,4.09,4.11,4.11,4.12,4.17,4.21,4.19,4.03,3.87,3.77,3.69,3.61,3.57,3.62,3.62,3.55,3.57,3.56,3.58,3.60,3.56,3.52,3.50,3.49,3.51,3.48,3.46,3.44,3.41,3.38,3.33,3.31,3.30,3.26,3.27,3.25,3.20,3.14,3.16,3.15,3.16,3.07,2.71,1.92,1.61,1.54,1.70,2.96,3.05,3.05,3.15,3.21,3.22,3.21,3.20,3.17,3.15,3.12,3.08,3.06,3.04,2.97,2.94,2.95,2.97,2.98,3.15,3.41,3.69,3.89,4.03,4.19,4.43,4.74,4.86,2.74,-0.05,-1.72,-1.87,-1.96,-1.29,0.25,1.89,3.54,4.06,3.84,3.79,3.77,3.71,3.62,3.50,3.44,3.43,3.41,3.38,3.30,3.23,3.12,2.99,2.87,2.75,2.61,2.45,2.33,2.44,2.49,2.54,2.58,2.61,2.60,2.59,2.56,2.48,2.32,2.29,2.28,2.26,2.27,2.36,2.39,2.39,2.42,2.40,2.43,2.45,2.43,2.45,2.42,2.40,2.39,2.40,2.48,2.49,2.49,2.52,2.55,2.44,2.38,2.38,2.34,2.33,2.34,2.34,2.28,2.24,2.27,2.29,2.25,2.22,2.15,2.11,2.13,2.22,2.24,2.24,2.24,2.27,2.41,2.48,2.53,2.56,2.59,2.47,2.43,2.44,2.47,2.52,2.49,2.41,2.34,2.41,2.45,2.46,2.42,2.33,2.36,2.42,2.46,2.42
4.15,4.19,4.23,4.25,4.26,4.28,4.31,4.35,4.38,4.39,4.30,4.22,4.15,4.07,3.99,4.03,4.06,4.06,4.00,3.99,3.94,3.90,3.93,3.96,3.94,3.94,3.99,4.08,4.05,4.00,3.96,3.94,3.93,3.90,3.89,3.91,3.90,3.89,3.89,3.89,3.87,3.96,4.02,4.05,4.04,4.08,4.13,4.20,4.28,4.26,4.21,4.16,4.11,4.08,4.15,4.25,4.32,4.31,4.14,4.23,4.29,4.26,4.18,4.18,4.18,4.14,4.07,4.01,3.95,3.90,3.85,3.84,3.87,3.89,3.92,4.02,4.01,4.05,4.09,4.10,4.07,4.13,4.17,4.15,3.98,3.88,3.80,3.71,3.61,3.59,3.65,3.65,3.59,3.56,3.56,3.55,3.53,3.52,3.47,3.46,3.48,3.49,3.47,3.46,3.43,3.41,3.37,3.34,3.30,3.27,3.25,3.25,3.22,3.18,3.15,3.17,3.15,3.19,3.06,2.46,2.04,1.83,1.92,2.36,3.03,3.08,3.09,3.16,3.19,3.19,3.20,3.21,3.20,3.20,3.17,3.13,3.08,3.03,2.97,2.95,2.96,2.95,2.96,3.09,3.33,3.68,4.00,4.18,4.37,4.60,4.85,4.73,1.75,-1.33,-1.71,-1.87,-1.92,-0.76,1.52,2.81,3.63,3.83,3.69,3.67,3.67,3.63,3.56,3.45,3.37,3.33,3.28,3.21,3.18,3.15,3.08,2.99,2.88,2.79,2.66,2.49,2.35,2.39,2.40,2.42,2.46,2.50,2.51,2.51,2.48,2.41,2.27,2.28,2.27,2.26,2.34,2.41,2.42,2.40,2.44,2.40,2.42,2.43,2.42,2.43,2.42,2.42,2.43,2.45,2.53,2.53,2.51,2.53,2.53,2.48,2.45,2.45,2.41,2.38,2.36,2.32,2.25,2.20,2.23,2.24,2.19,2.17,2.14,2.13,2.16,2.28,2.30,2.30,2.29,2.30,2.36,2.40,2.46,2.53,2.55,2.49,2.47,2.49,2.53,2.55,2.46,2.37,2.35,2.43,2.45,2.44,2.39,2.32,2.40,2.43,2.43,2.41
4.04,4.15,4.24,4.27,4.25,4.25,4.30,4.35,4.37,4.35,4.28,4.22,4.15,4.08,4.02,4.10,4.15,4.14,4.10,4.10,3.99,3.92,4.01,3.95,3.93,3.96,4.01,4.08,4.05,4.02,3.99,3.97,3.95,3.91,3.90,3.93,3.90,3.91,3.92,3.92,3.91,3.93,3.95,3.99,4.07,4.09,4.17,4.26,4.34,4.35,4.29,4.24,4.20,4.17,4.25,4.34,4.36,4.31,4.23,4.31,4.32,4.25,4.22,4.26,4.29,4.30,4.25,4.15,3.97,3.86,3.84,3.86,3.82,3.75,3.74,3.86,3.92,4.02,4.10,4.11,4.02,4.09,4.12,4.07,3.93,3.85,3.79,3.73,3.65,3.64,3.68,3.70,3.68,3.59,3.61,3.53,3.44,3.48,3.41,3.45,3.47,3.43,3.48,3.47,3.43,3.39,3.36,3.34,3.30,3.26,3.24,3.24,3.19,3.16,3.17,3.20,3.20,3.25,3.09,2.35,2.19,2.05,2.39,3.22,3.14,3.17,3.17,3.14,3.15,3.17,3.19,3.20,3.21,3.19,3.20,3.18,3.11,3.04,3.00,2.98,2.96,2.91,2.92,2.98,3.19,3.59,4.05,4.31,4.53,4.72,4.87,4.45,1.46,-1.49,-1.75,-1.86,-1.81,-0.29,2.50,3.65,3.68,3.61,3.60,3.58,3.57,3.56,3.55,3.54,3.43,3.33,3.17,2.99,3.00,3.01,2.98,2.93,2.87,2.84,2.75,2.64,2.53,2.41,2.32,2.28,2.30,2.37,2.42,2.43,2.40,2.33,2.27,2.28,2.28,2.29,2.45,2.46,2.42,2.39,2.43,2.40,2.42,2.44,2.43,2.42,2.41,2.44,2.48,2.48,2.56,2.57,2.53,2.49,2.48,2.52,2.55,2.56,2.56,2.44,2.36,2.30,2.24,2.22,2.23,2.20,2.15,2.12,2.15,2.16,2.19,2.32,2.34,2.36,2.39,2.41,2.34,2.27,2.32,2.48,2.48,2.50,2.51,2.54,2.59,2.58,2.41,2.31,2.37,2.44,2.44,2.40,2.36,2.34,2.37,2.39,2.39,2.40
4.07,4.12,4.22,4.25,4.22,4.23,4.28,4.33,4.36,4.36,4.31,4.29,4.25,4.20,4.13,4.19,4.21,4.19,4.13,4.13,4.05,4.01,4.05,4.00,4.00,4.04,4.08,4.10,4.07,4.04,4.02,3.99,3.96,3.94,3.94,3.95,3.93,3.94,3.95,3.95,3.95,3.96,3.98,3.99,4.02,4.03,4.11,4.22,4.34,4.40,4.40,4.37,4.34,4.31,4.35,4.37,4.33,4.24,4.29,4.33,4.29,4.23,4.26,4.29,4.32,4.33,4.32,4.30,4.17,4.06,4.01,3.92,3.80,3.76,3.79,3.84,3.83,3.87,3.93,3.97,3.96,4.00,4.00,3.96,3.86,3.84,3.82,3.78,3.72,3.69,3.68,3.67,3.65,3.70,3.67,3.59,3.51,3.43,3.43,3.46,3.46,3.42,3.43,3.46,3.44,3.38,3.33,3.31,3.28,3.25,3.24,3.26,3.27,3.27,3.25,3.19,3.24,3.13,2.87,2.53,2.38,2.59,2.93,3.21,3.12,3.17,3.17,3.12,3.14,3.16,3.18,3.20,3.20,3.17,3.18,3.18,3.13,3.04,3.00,2.98,2.97,3.01,2.98,2.99,3.08,3.31,3.82,4.26,4.67,4.97,4.98,2.15,-0.19,-1.53,-1.71,-1.84,-0.79,0.75,2.31,3.43,3.49,3.45,3.44,3.44,3.44,3.43,3.43,3.43,3.36,3.31,3.21,3.09,3.03,2.93,2.86,2.80,2.75,2.73,2.70,2.66,2.61,2.52,2.43,2.36,2.31,2.30,2.26,2.30,2.32,2.29,2.27,2.22,2.22,2.28,2.38,2.43,2.41,2.40,2.42,2.42,2.43,2.44,2.45,2.44,2.44,2.47,2.50,2.50,2.60,2.61,2.58,2.56,2.54,2.58,2.60,2.60,2.61,2.51,2.43,2.35,2.27,2.22,2.20,2.19,2.18,2.19,2.18,2.16,2.20,2.36,2.41,2.44,2.46,2.46,2.42,2.43,2.50,2.60,2.58,2.57,2.54,2.51,2.52,2.52,2.41,2.35,2.42,2.45,2.44,2.40,2.37,2.44,2.45,2.43,2.41,2.41
4.09,4.11,4.19,4.21,4.19,4.22,4.27,4.31,4.35,4.37,4.35,4.35,4.34,4.31,4.26,4.28,4.27,4.23,4.15,4.13,4.09,4.06,4.07,4.04,4.07,4.10,4.13,4.11,4.09,4.06,4.04,4.01,3.98,3.97,3.97,3.97,3.95,3.97,3.98,3.98,3.98,4.00,4.02,4.02,4.01,4.01,4.07,4.17,4.29,4.38,4.43,4.44,4.43,4.42,4.42,4.37,4.30,4.22,4.34,4.34,4.29,4.24,4.29,4.32,4.35,4.37,4.38,4.41,4.30,4.20,4.12,3.98,3.85,3.82,3.85,3.83,3.77,3.78,3.81,3.84,3.84,3.88,3.89,3.86,3.82,3.83,3.83,3.80,3.76,3.71,3.68,3.65,3.65,3.79,3.72,3.64,3.55,3.40,3.46,3.48,3.46,3.43,3.40,3.44,3.43,3.37,3.33,3.29,3.26,3.24,3.24,3.28,3.33,3.33,3.28,3.20,3.28,3.09,2.80,2.72,2.58,2.96,3.26,3.18,3.12,3.15,3.15,3.11,3.13,3.14,3.17,3.19,3.18,3.15,3.16,3.16,3.14,3.02,3.00,2.99,2.98,3.01,3.01,3.01,3.03,3.12,3.58,4.20,4.76,4.95,4.21,0.49,-1.22,-1.57,-1.66,-1.29,0.23,1.53,2.24,3.22,3.34,3.33,3.32,3.31,3.31,3.31,3.30,3.30,3.27,3.25,3.20,3.13,3.05,2.87,2.74,2.66,2.59,2.57,2.59,2.61,2.62,2.57,2.51,2.44,2.36,2.29,2.22,2.26,2.30,2.29,2.29,2.20,2.20,2.28,2.33,2.40,2.41,2.40,2.42,2.44,2.43,2.43,2.46,2.45,2.47,2.51,2.54,2.52,2.60,2.62,2.62,2.62,2.59,2.62,2.64,2.64,2.64,2.55,2.48,2.41,2.31,2.22,2.19,2.18,2.18,2.21,2.20,2.18,2.21,2.35,2.42,2.46,2.48,2.49,2.46,2.53,2.63,2.70,2.69,2.65,2.59,2.53,2.48,2.46,2.40,2.39,2.45,2.45,2.43,2.41,2.43,2.53,2.52,2.48,2.45,2.47
4.12,4.13,4.17,4.17,4.16,4.22,4.25,4.29,4.34,4.38,4.40,4.40,4.41,4.41,4.40,4.36,4.33,4.28,4.18,4.12,4.07,4.05,4.07,4.06,4.11,4.15,4.15,4.13,4.10,4.08,4.06,4.03,4.00,4.00,4.00,3.99,3.98,3.99,4.00,4.01,4.02,4.04,4.07,4.09,4.06,4.03,4.07,4.10,4.14,4.23,4.32,4.40,4.45,4.47,4.44,4.34,4.28,4.32,4.37,4.33,4.30,4.30,4.31,4.36,4.40,4.42,4.44,4.44,4.33,4.21,4.11,4.05,3.99,3.95,3.90,3.81,3.75,3.77,3.78,3.73,3.62,3.71,3.77,3.79,3.84,3.82,3.80,3.77,3.73,3.69,3.65,3.64,3.67,3.82,3.76,3.66,3.54,3.38,3.52,3.50,3.47,3.48,3.39,3.40,3.40,3.38,3.37,3.30,3.26,3.24,3.25,3.29,3.33,3.31,3.22,3.23,3.33,3.21,2.99,2.91,2.78,3.03,3.24,3.19,3.15,3.13,3.11,3.09,3.12,3.11,3.15,3.17,3.15,3.13,3.13,3.13,3.12,3.00,3.01,3.01,2.97,2.86,2.97,3.06,3.11,3.11,3.33,4.14,4.77,4.48,1.97,0.02,-1.13,-1.63,-1.62,0.15,1.18,1.86,2.42,3.09,3.24,3.27,3.25,3.20,3.20,3.19,3.17,3.16,3.16,3.14,3.09,3.03,3.02,2.84,2.65,2.49,2.38,2.34,2.38,2.46,2.51,2.52,2.53,2.51,2.46,2.40,2.38,2.38,2.38,2.38,2.35,2.25,2.23,2.28,2.33,2.38,2.40,2.40,2.42,2.44,2.43,2.42,2.43,2.43,2.50,2.56,2.58,2.54,2.55,2.61,2.66,2.64,2.63,2.63,2.67,2.71,2.64,2.54,2.50,2.46,2.36,2.26,2.22,2.19,2.15,2.15,2.21,2.24,2.25,2.27,2.32,2.38,2.44,2.48,2.43,2.54,2.66,2.75,2.78,2.72,2.68,2.62,2.47,2.41,2.40,2.42,2.46,2.44,2.39,2.44,2.55,2.59,2.56,2.52,2.53,2.59
4.17,4.17,4.18,4.20,4.22,4.23,4.30,4.32,4.34,4.39,4.40,4.40,4.41,4.42,4.43,4.39,4.35,4.31,4.21,4.10,4.06,4.05,4.04,4.08,4.14,4.17,4.17,4.15,4.12,4.10,4.08,4.05,4.02,4.02,4.02,4.01,4.01,4.02,4.03,4.04,4.06,4.09,4.12,4.14,4.13,4.10,4.12,4.12,4.11,4.20,4.29,4.36,4.41,4.47,4.42,4.33,4.30,4.35,4.36,4.33,4.33,4.36,4.39,4.40,4.43,4.47,4.49,4.47,4.35,4.22,4.11,4.06,4.06,4.04,3.99,3.91,3.81,3.80,3.78,3.70,3.63,3.67,3.67,3.65,3.73,3.76,3.76,3.73,3.70,3.66,3.62,3.62,3.68,3.74,3.72,3.65,3.55,3.45,3.51,3.51,3.51,3.53,3.42,3.43,3.42,3.38,3.35,3.28,3.23,3.22,3.24,3.29,3.31,3.27,3.22,3.28,3.32,3.25,3.14,3.05,3.05,3.16,3.21,3.15,3.13,3.08,3.06,3.07,3.11,3.13,3.15,3.15,3.11,3.10,3.09,3.09,3.10,3.03,3.02,2.99,2.90,2.71,2.73,2.80,2.88,2.93,2.99,4.12,4.85,4.20,0.88,-0.58,-1.34,-1.66,-1.62,0.70,1.59,2.09,2.65,3.07,3.14,3.15,3.16,3.15,3.10,3.07,3.05,3.05,3.05,3.02,2.98,2.91,2.88,2.75,2.63,2.54,2.47,2.39,2.38,2.39,2.40,2.40,2.43,2.45,2.45,2.44,2.44,2.45,2.45,2.42,2.38,2.28,2.23,2.23,2.27,2.34,2.39,2.41,2.43,2.44,2.43,2.41,2.41,2.48,2.55,2.63,2.69,2.71,2.68,2.67,2.66,2.63,2.63,2.63,2.68,2.76,2.67,2.59,2.54,2.48,2.40,2.30,2.22,2.18,2.18,2.19,2.24,2.28,2.29,2.28,2.33,2.37,2.40,2.41,2.41,2.50,2.62,2.74,2.75,2.72,2.67,2.59,2.45,2.40,2.42,2.45,2.46,2.44,2.39,2.43,2.54,2.63,2.58,2.56,2.59,2.69
4.23,4.20,4.20,4.24,4.27,4.24,4.34,4.36,4.35,4.39,4.37,4.38,4.39,4.41,4.43,4.41,4.37,4.32,4.21,4.09,4.07,4.06,4.03,4.11,4.16,4.18,4.18,4.17,4.14,4.12,4.10,4.07,4.04,4.05,4.04,4.03,4.04,4.04,4.05,4.07,4.10,4.13,4.17,4.20,4.20,4.18,4.18,4.16,4.13,4.21,4.30,4.33,4.36,4.45,4.39,4.34,4.33,4.36,4.34,4.33,4.35,4.40,4.46,4.43,4.47,4.53,4.55,4.50,4.38,4.24,4.11,4.06,4.11,4.12,4.08,4.04,3.90,3.85,3.79,3.71,3.69,3.67,3.59,3.51,3.61,3.68,3.68,3.67,3.66,3.63,3.59,3.60,3.67,3.64,3.66,3.62,3.56,3.53,3.51,3.53,3.57,3.58,3.45,3.48,3.46,3.39,3.32,3.26,3.21,3.20,3.23,3.28,3.27,3.24,3.24,3.34,3.31,3.29,3.27,3.18,3.29,3.26,3.19,3.14,3.11,3.05,3.02,3.05,3.10,3.14,3.14,3.11,3.05,3.07,3.05,3.05,3.07,3.07,3.01,2.94,2.81,2.56,2.44,2.46,2.56,2.64,2.39,3.76,4.50,3.62,0.27,-1.09,-1.59,-1.59,-1.30,1.14,1.92,2.33,2.84,3.06,3.04,3.04,3.06,3.10,3.01,2.96,2.94,2.94,2.94,2.92,2.86,2.79,2.73,2.67,2.64,2.63,2.62,2.52,2.43,2.36,2.31,2.29,2.32,2.36,2.40,2.46,2.48,2.51,2.50,2.44,2.42,2.32,2.24,2.20,2.22,2.29,2.35,2.40,2.42,2.44,2.43,2.40,2.39,2.53,2.60,2.69,2.79,2.87,2.82,2.72,2.64,2.61,2.61,2.62,2.69,2.76,2.68,2.63,2.57,2.50,2.42,2.33,2.22,2.17,2.21,2.26,2.28,2.31,2.33,2.31,2.38,2.38,2.36,2.35,2.42,2.45,2.56,2.71,2.71,2.70,2.64,2.54,2.43,2.42,2.44,2.47,2.46,2.44,2.41,2.44,2.52,2.65,2.60,2.59,2.63,2.73
4.28,4.25,4.25,4.25,4.25,4.24,4.34,4.36,4.33,4.29,4.30,4.33,4.37,4.42,4.45,4.42,4.37,4.30,4.16,4.10,4.09,4.09,4.08,4.21,4.22,4.20,4.20,4.19,4.16,4.14,4.11,4.09,4.08,4.07,4.06,4.05,4.06,4.07,4.08,4.10,4.13,4.16,4.21,4.25,4.26,4.24,4.22,4.20,4.18,4.23,4.38,4.38,4.33,4.38,4.33,4.33,4.35,4.37,4.31,4.32,4.35,4.39,4.45,4.48,4.53,4.58,4.59,4.53,4.40,4.26,4.13,4.08,4.12,4.15,4.15,4.14,4.00,3.93,3.88,3.83,3.73,3.67,3.60,3.55,3.57,3.54,3.49,3.49,3.59,3.62,3.58,3.57,3.61,3.59,3.57,3.53,3.51,3.53,3.55,3.58,3.63,3.64,3.46,3.52,3.52,3.42,3.34,3.29,3.22,3.18,3.19,3.19,3.22,3.26,3.31,3.38,3.39,3.38,3.36,3.34,3.30,3.24,3.21,3.24,3.17,3.11,3.07,3.06,3.08,3.06,3.08,3.09,3.03,3.06,3.07,3.05,3.02,3.05,2.97,2.83,2.64,2.43,2.22,2.18,2.23,2.14,0.80,1.86,2.26,1.51,0.39,-1.03,-1.60,-1.13,0.37,2.16,2.59,2.68,2.86,2.94,2.94,2.96,2.99,2.99,2.96,2.90,2.85,2.83,2.85,2.82,2.75,2.70,2.69,2.71,2.69,2.65,2.62,2.57,2.48,2.40,2.35,2.33,2.28,2.26,2.30,2.40,2.50,2.52,2.50,2.47,2.47,2.41,2.33,2.25,2.22,2.19,2.24,2.32,2.36,2.41,2.43,2.42,2.40,2.47,2.56,2.66,2.76,2.83,2.74,2.63,2.56,2.57,2.60,2.61,2.63,2.64,2.61,2.55,2.53,2.50,2.43,2.31,2.26,2.25,2.26,2.29,2.33,2.34,2.35,2.36,2.40,2.38,2.37,2.41,2.47,2.44,2.47,2.59,2.67,2.66,2.57,2.46,2.40,2.45,2.46,2.46,2.45,2.40,2.47,2.53,2.57,2.65,2.60,2.57,2.59,2.65
4.31,4.28,4.28,4.29,4.31,4.33,4.35,4.34,4.30,4.26,4.29,4.30,4.33,4.38,4.42,4.38,4.32,4.23,4.12,4.10,4.09,4.10,4.15,4.25,4.25,4.23,4.22,4.21,4.18,4.16,4.13,4.11,4.11,4.09,4.08,4.08,4.08,4.09,4.11,4.13,4.16,4.19,4.24,4.29,4.32,4.29,4.25,4.23,4.24,4.26,4.39,4.40,4.35,4.32,4.31,4.34,4.36,4.35,4.29,4.32,4.35,4.38,4.42,4.48,4.54,4.58,4.60,4.52,4.37,4.19,4.05,4.07,4.12,4.13,4.12,4.10,4.05,3.98,3.93,3.90,3.79,3.72,3.67,3.63,3.57,3.50,3.44,3.45,3.53,3.53,3.53,3.56,3.59,3.57,3.51,3.49,3.50,3.51,3.55,3.59,3.63,3.63,3.49,3.56,3.55,3.46,3.41,3.36,3.30,3.24,3.22,3.19,3.24,3.30,3.37,3.42,3.45,3.43,3.40,3.39,3.30,3.24,3.24,3.29,3.22,3.17,3.15,3.14,3.12,3.04,3.05,3.06,3.01,3.03,3.05,3.05,3.03,3.04,2.93,2.75,2.52,2.28,2.04,1.92,1.78,1.36,-0.38,0.13,0.61,0.46,-0.24,-1.21,-1.43,-0.52,1.65,2.65,2.81,2.79,2.85,2.86,2.90,2.93,2.96,2.96,2.90,2.85,2.81,2.76,2.77,2.73,2.68,2.63,2.64,2.71,2.71,2.66,2.61,2.57,2.49,2.42,2.38,2.37,2.31,2.28,2.28,2.35,2.46,2.48,2.47,2.45,2.45,2.42,2.38,2.34,2.29,2.24,2.25,2.29,2.30,2.33,2.38,2.41,2.42,2.44,2.53,2.63,2.72,2.74,2.65,2.56,2.51,2.54,2.58,2.59,2.59,2.58,2.56,2.49,2.47,2.46,2.41,2.30,2.28,2.28,2.30,2.33,2.36,2.41,2.46,2.48,2.48,2.44,2.43,2.47,2.47,2.44,2.46,2.53,2.59,2.56,2.48,2.41,2.40,2.48,2.47,2.45,2.43,2.44,2.52,2.57,2.59,2.64,2.59,2.57,2.60,2.65
4.33,4.30,4.30,4.36,4.45,4.46,4.37,4.31,4.28,4.27,4.31,4.27,4.26,4.31,4.36,4.32,4.22,4.13,4.09,4.09,4.07,4.10,4.23,4.26,4.27,4.25,4.23,4.22,4.20,4.18,4.15,4.13,4.13,4.12,4.11,4.12,4.11,4.12,4.14,4.17,4.19,4.22,4.26,4.31,4.39,4.34,4.29,4.27,4.28,4.31,4.35,4.41,4.41,4.27,4.32,4.36,4.37,4.32,4.26,4.30,4.34,4.36,4.40,4.45,4.51,4.56,4.56,4.48,4.30,4.07,3.91,4.04,4.11,4.08,4.02,3.98,4.07,4.02,3.95,3.92,3.85,3.81,3.79,3.75,3.62,3.51,3.49,3.50,3.46,3.38,3.45,3.56,3.62,3.56,3.47,3.47,3.50,3.47,3.52,3.56,3.58,3.58,3.55,3.59,3.57,3.50,3.52,3.46,3.41,3.36,3.28,3.26,3.29,3.35,3.41,3.46,3.48,3.45,3.40,3.35,3.28,3.27,3.28,3.29,3.26,3.23,3.25,3.27,3.19,3.07,3.02,3.01,3.01,2.99,3.00,3.04,3.07,3.04,2.90,2.68,2.42,2.13,1.90,1.67,1.24,0.40,-1.27,-1.47,-0.64,0.14,-1.38,-1.54,-1.15,0.19,2.66,2.76,2.74,2.75,2.82,2.81,2.89,2.94,2.96,2.98,2.85,2.83,2.81,2.73,2.69,2.65,2.62,2.60,2.58,2.69,2.70,2.65,2.61,2.54,2.46,2.41,2.41,2.39,2.39,2.36,2.32,2.30,2.37,2.40,2.41,2.40,2.37,2.38,2.41,2.44,2.42,2.39,2.35,2.30,2.23,2.21,2.29,2.38,2.44,2.42,2.51,2.61,2.67,2.63,2.55,2.50,2.49,2.50,2.55,2.56,2.56,2.56,2.53,2.44,2.39,2.37,2.36,2.31,2.27,2.28,2.35,2.36,2.39,2.50,2.63,2.65,2.60,2.55,2.53,2.54,2.44,2.46,2.50,2.51,2.47,2.41,2.38,2.38,2.44,2.50,2.48,2.43,2.41,2.54,2.57,2.58,2.60,2.62,2.58,2.59,2.64,2.69
4.30,4.29,4.30,4.34,4.39,4.41,4.38,4.33,4.29,4.28,4.26,4.23,4.21,4.23,4.24,4.17,4.10,4.06,4.08,4.08,4.10,4.16,4.26,4.27,4.29,4.28,4.25,4.23,4.22,4.19,4.17,4.16,4.15,4.14,4.13,4.13,4.13,4.15,4.17,4.20,4.21,4.25,4.29,4.34,4.41,4.38,4.34,4.33,4.33,4.36,4.39,4.42,4.39,4.24,4.35,4.38,4.34,4.26,4.27,4.29,4.32,4.34,4.37,4.41,4.43,4.45,4.44,4.37,4.23,4.08,3.98,4.09,4.15,4.11,4.05,4.04,4.05,4.00,3.97,3.96,3.92,3.91,3.89,3.84,3.75,3.66,3.60,3.54,3.45,3.40,3.43,3.45,3.45,3.42,3.40,3.44,3.49,3.50,3.48,3.49,3.53,3.59,3.58,3.60,3.58,3.53,3.53,3.50,3.47,3.42,3.32,3.25,3.31,3.40,3.48,3.52,3.51,3.46,3.38,3.32,3.33,3.32,3.29,3.28,3.28,3.29,3.30,3.30,3.26,3.22,3.17,3.13,3.10,3.04,3.05,3.06,3.03,2.99,2.80,2.58,2.34,2.05,1.81,1.57,0.73,-0.85,-1.42,-1.45,-1.13,-0.86,-1.46,-1.56,-0.12,1.71,2.64,2.68,2.71,2.72,2.75,2.79,2.91,2.95,2.95,2.97,2.90,2.84,2.78,2.71,2.68,2.62,2.59,2.60,2.65,2.70,2.69,2.65,2.60,2.53,2.47,2.44,2.42,2.38,2.38,2.35,2.31,2.28,2.32,2.31,2.28,2.24,2.21,2.25,2.32,2.38,2.41,2.41,2.42,2.42,2.35,2.32,2.33,2.32,2.30,2.31,2.40,2.51,2.59,2.51,2.45,2.45,2.47,2.48,2.52,2.53,2.53,2.53,2.51,2.52,2.48,2.39,2.30,2.34,2.34,2.34,2.36,2.36,2.44,2.57,2.68,2.65,2.60,2.57,2.58,2.59,2.52,2.52,2.52,2.49,2.45,2.44,2.43,2.43,2.46,2.48,2.47,2.44,2.42,2.55,2.57,2.58,2.59,2.61,2.55,2.59,2.65,2.69
4.26,4.28,4.29,4.31,4.33,4.35,4.37,4.34,4.29,4.28,4.23,4.20,4.18,4.16,4.13,4.08,4.04,4.04,4.08,4.06,4.12,4.20,4.27,4.27,4.30,4.30,4.27,4.25,4.24,4.21,4.20,4.19,4.17,4.16,4.15,4.15,4.16,4.18,4.20,4.22,4.24,4.29,4.33,4.37,4.42,4.42,4.39,4.37,4.38,4.40,4.42,4.40,4.35,4.25,4.36,4.36,4.31,4.26,4.29,4.29,4.29,4.30,4.31,4.33,4.34,4.33,4.33,4.25,4.14,4.05,4.02,4.10,4.16,4.13,4.08,4.08,4.03,4.00,4.00,3.99,3.97,3.98,3.95,3.90,3.85,3.78,3.70,3.62,3.54,3.47,3.44,3.40,3.35,3.35,3.38,3.42,3.47,3.51,3.47,3.46,3.50,3.59,3.60,3.61,3.60,3.58,3.56,3.51,3.49,3.45,3.34,3.28,3.36,3.46,3.53,3.56,3.52,3.45,3.37,3.30,3.32,3.30,3.27,3.27,3.29,3.31,3.32,3.32,3.29,3.30,3.26,3.21,3.18,3.10,3.09,3.08,3.03,2.92,2.69,2.47,2.24,1.96,1.72,1.11,-0.06,-1.58,-1.51,-1.44,-1.43,-1.47,-1.52,-1.12,0.81,2.61,2.62,2.62,2.67,2.70,2.69,2.76,2.88,2.92,2.91,2.93,2.87,2.79,2.73,2.69,2.67,2.60,2.57,2.59,2.65,2.66,2.66,2.64,2.60,2.52,2.49,2.46,2.43,2.38,2.37,2.34,2.29,2.28,2.29,2.25,2.21,2.17,2.15,2.19,2.25,2.30,2.35,2.39,2.44,2.47,2.44,2.42,2.39,2.33,2.27,2.28,2.32,2.41,2.49,2.41,2.40,2.42,2.44,2.45,2.49,2.51,2.51,2.51,2.49,2.57,2.52,2.40,2.30,2.37,2.39,2.38,2.37,2.36,2.47,2.59,2.67,2.64,2.59,2.59,2.61,2.62,2.58,2.57,2.54,2.49,2.44,2.43,2.44,2.45,2.47,2.47,2.47,2.45,2.43,2.55,2.56,2.56,2.58,2.59,2.53,2.57,2.64,2.69
4.22,4.27,4.28,4.27,4.27,4.29,4.34,4.33,4.29,4.27,4.22,4.20,4.17,4.11,4.03,4.06,4.09,4.09,4.08,4.03,4.12,4.23,4.26,4.27,4.29,4.30,4.29,4.27,4.26,4.24,4.21,4.21,4.20,4.19,4.18,4.17,4.19,4.21,4.23,4.25,4.27,4.31,4.36,4.40,4.41,4.45,4.42,4.41,4.43,4.44,4.41,4.33,4.28,4.32,4.35,4.31,4.30,4.35,4.32,4.30,4.27,4.24,4.19,4.21,4.22,4.22,4.22,4.13,4.03,3.99,4.01,4.06,4.14,4.14,4.09,4.09,4.01,4.02,4.04,4.01,4.00,3.98,3.95,3.91,3.88,3.83,3.79,3.77,3.77,3.60,3.49,3.41,3.35,3.39,3.43,3.43,3.42,3.48,3.52,3.48,3.49,3.59,3.60,3.62,3.64,3.65,3.61,3.50,3.47,3.44,3.34,3.37,3.43,3.51,3.57,3.56,3.49,3.41,3.34,3.29,3.23,3.18,3.19,3.25,3.28,3.30,3.31,3.30,3.27,3.28,3.27,3.25,3.25,3.14,3.12,3.13,3.09,2.81,2.57,2.34,2.11,1.87,1.63,0.11,-1.25,-1.55,-1.51,-1.45,-1.43,-1.48,-1.53,0.01,1.61,2.62,2.59,2.59,2.64,2.68,2.67,2.73,2.80,2.83,2.84,2.85,2.73,2.67,2.65,2.67,2.63,2.59,2.56,2.54,2.53,2.53,2.59,2.64,2.60,2.51,2.50,2.48,2.44,2.39,2.38,2.32,2.26,2.32,2.27,2.24,2.23,2.23,2.23,2.23,2.21,2.19,2.25,2.31,2.36,2.41,2.46,2.49,2.48,2.44,2.39,2.36,2.28,2.29,2.35,2.36,2.40,2.39,2.39,2.43,2.46,2.48,2.49,2.50,2.47,2.55,2.48,2.37,2.38,2.42,2.40,2.38,2.38,2.37,2.49,2.57,2.58,2.60,2.58,2.60,2.63,2.63,2.61,2.59,2.57,2.53,2.45,2.36,2.39,2.45,2.47,2.47,2.47,2.45,2.44,2.56,2.54,2.54,2.57,2.58,2.51,2.52,2.59,2.66
4.24,4.26,4.26,4.25,4.25,4.27,4.34,4.33,4.29,4.28,4.23,4.20,4.17,4.12,4.04,4.04,4.06,4.06,4.03,4.03,4.09,4.15,4.19,4.18,4.24,4.30,4.32,4.29,4.27,4.26,4.24,4.23,4.22,4.21,4.20,4.20,4.22,4.25,4.26,4.28,4.30,4.34,4.38,4.41,4.42,4.45,4.44,4.42,4.41,4.45,4.40,4.33,4.30,4.36,4.34,4.33,4.35,4.39,4.36,4.34,4.31,4.27,4.22,4.17,4.13,4.11,4.11,4.04,3.98,3.97,4.01,4.06,4.11,4.12,4.10,4.09,4.04,4.03,4.03,4.03,4.03,4.01,3.99,3.96,3.92,3.89,3.84,3.81,3.80,3.69,3.60,3.53,3.47,3.40,3.41,3.39,3.37,3.44,3.46,3.44,3.46,3.56,3.58,3.62,3.65,3.67,3.65,3.54,3.47,3.42,3.36,3.42,3.50,3.55,3.58,3.55,3.47,3.37,3.31,3.32,3.30,3.22,3.18,3.21,3.22,3.25,3.28,3.29,3.27,3.27,3.26,3.25,3.23,3.14,3.10,3.08,2.99,2.71,2.45,2.21,1.98,1.76,1.53,-0.15,-1.50,-1.51,-1.48,-1.44,-1.45,-1.50,-1.57,0.89,2.21,2.58,2.55,2.57,2.60,2.62,2.63,2.64,2.70,2.74,2.75,2.71,2.64,2.62,2.63,2.65,2.56,2.55,2.54,2.53,2.53,2.51,2.54,2.57,2.52,2.51,2.51,2.49,2.45,2.39,2.32,2.28,2.27,2.31,2.28,2.28,2.30,2.32,2.34,2.36,2.33,2.27,2.28,2.29,2.30,2.33,2.41,2.46,2.48,2.49,2.47,2.44,2.38,2.37,2.37,2.35,2.34,2.35,2.38,2.42,2.45,2.48,2.50,2.50,2.46,2.51,2.44,2.36,2.37,2.38,2.39,2.39,2.39,2.42,2.48,2.50,2.50,2.56,2.58,2.62,2.64,2.64,2.64,2.64,2.59,2.49,2.36,2.34,2.40,2.47,2.45,2.44,2.45,2.47,2.47,2.50,2.49,2.51,2.55,2.55,2.48,2.49,2.54,2.59
4.27,4.26,4.25,4.24,4.24,4.26,4.33,4.33,4.29,4.31,4.25,4.20,4.17,4.14,4.06,4.04,4.03,4.02,4.00,4.04,4.05,4.08,4.12,4.09,4.18,4.28,4.33,4.30,4.28,4.27,4.26,4.25,4.24,4.23,4.23,4.23,4.25,4.28,4.29,4.31,4.34,4.35,4.39,4.42,4.42,4.43,4.45,4.43,4.38,4.44,4.38,4.34,4.34,4.38,4.33,4.35,4.39,4.40,4.40,4.39,4.36,4.33,4.26,4.15,4.08,4.04,4.03,3.97,3.95,3.96,4.00,4.05,4.07,4.09,4.10,4.10,4.07,4.03,4.01,4.02,4.03,4.03,4.02,4.00,3.97,3.94,3.89,3.83,3.78,3.76,3.69,3.63,3.56,3.41,3.39,3.36,3.35,3.40,3.38,3.38,3.43,3.50,3.52,3.58,3.64,3.68,3.67,3.56,3.47,3.40,3.39,3.47,3.55,3.59,3.58,3.53,3.44,3.34,3.30,3.36,3.42,3.34,3.25,3.22,3.16,3.20,3.24,3.25,3.25,3.24,3.24,3.23,3.19,3.13,3.09,3.01,2.86,2.61,2.35,2.09,1.85,1.64,1.13,-0.40,-1.53,-1.47,-1.44,-1.43,-1.46,-1.45,-1.21,1.63,2.62,2.54,2.50,2.55,2.56,2.57,2.59,2.56,2.62,2.67,2.67,2.60,2.58,2.59,2.62,2.62,2.50,2.51,2.53,2.53,2.56,2.51,2.51,2.50,2.46,2.51,2.51,2.47,2.43,2.39,2.27,2.25,2.29,2.28,2.30,2.33,2.37,2.41,2.45,2.49,2.47,2.41,2.37,2.32,2.27,2.28,2.35,2.40,2.45,2.49,2.51,2.50,2.49,2.47,2.43,2.36,2.31,2.32,2.37,2.41,2.42,2.47,2.50,2.49,2.45,2.46,2.41,2.36,2.37,2.34,2.36,2.39,2.40,2.47,2.46,2.44,2.44,2.52,2.57,2.61,2.62,2.63,2.66,2.68,2.60,2.43,2.27,2.33,2.42,2.47,2.43,2.39,2.43,2.47,2.49,2.45,2.45,2.48,2.53,2.52,2.45,2.45,2.48,2.51
4.30,4.31,4.30,4.28,4.25,4.22,4.29,4.32,4.33,4.35,4.29,4.23,4.18,4.13,4.05,4.06,4.05,4.03,4.07,4.04,4.02,4.05,4.11,4.09,4.09,4.14,4.22,4.26,4.28,4.29,4.28,4.28,4.26,4.25,4.25,4.26,4.28,4.30,4.32,4.34,4.37,4.36,4.37,4.38,4.39,4.41,4.41,4.40,4.38,4.40,4.32,4.33,4.37,4.37,4.27,4.29,4.34,4.38,4.40,4.42,4.42,4.38,4.26,4.18,4.11,4.06,4.03,3.97,3.96,3.97,3.98,3.99,4.02,4.06,4.09,4.08,4.02,4.00,3.99,3.95,4.01,4.02,4.02,4.02,4.01,3.99,3.94,3.88,3.81,3.76,3.68,3.57,3.46,3.46,3.42,3.41,3.40,3.37,3.32,3.35,3.39,3.39,3.36,3.42,3.56,3.69,3.60,3.51,3.41,3.38,3.45,3.54,3.59,3.61,3.58,3.49,3.40,3.34,3.34,3.43,3.55,3.57,3.50,3.36,3.18,3.17,3.16,3.14,3.16,3.17,3.21,3.21,3.12,3.08,3.09,3.00,2.77,2.54,2.25,1.97,1.72,1.50,-0.36,-1.25,-1.51,-1.47,-1.42,-1.44,-1.48,-1.10,0.62,2.10,2.57,2.51,2.50,2.50,2.54,2.57,2.58,2.59,2.63,2.62,2.60,2.64,2.62,2.60,2.59,2.57,2.50,2.53,2.55,2.54,2.54,2.51,2.52,2.53,2.51,2.46,2.43,2.39,2.34,2.33,2.30,2.30,2.31,2.26,2.33,2.36,2.38,2.42,2.46,2.52,2.56,2.58,2.55,2.48,2.41,2.36,2.36,2.33,2.35,2.40,2.46,2.49,2.51,2.53,2.52,2.47,2.43,2.40,2.39,2.38,2.33,2.38,2.43,2.45,2.44,2.42,2.41,2.42,2.43,2.37,2.36,2.37,2.40,2.49,2.46,2.45,2.46,2.46,2.50,2.51,2.52,2.57,2.63,2.68,2.60,2.41,2.27,2.35,2.42,2.45,2.41,2.30,2.37,2.45,2.46,2.47,2.48,2.48,2.48,2.50,2.41,2.41,2.44,2.45
4.19,4.27,4.25,4.21,4.18,4.15,4.22,4.27,4.30,4.34,4.29,4.22,4.16,4.10,4.05,4.06,4.06,4.03,4.06,4.04,4.03,4.05,4.09,4.09,4.08,4.10,4.16,4.20,4.22,4.24,4.27,4.30,4.28,4.27,4.28,4.30,4.32,4.33,4.35,4.36,4.37,4.38,4.37,4.37,4.37,4.39,4.38,4.38,4.38,4.34,4.30,4.33,4.37,4.33,4.27,4.29,4.33,4.36,4.41,4.46,4.46,4.41,4.29,4.22,4.16,4.10,4.05,4.00,3.98,3.97,3.96,3.93,3.97,3.99,4.00,4.03,3.96,3.96,3.95,3.92,3.98,4.00,4.00,4.01,4.01,4.00,3.97,3.91,3.81,3.75,3.66,3.55,3.46,3.47,3.46,3.46,3.48,3.53,3.41,3.39,3.37,3.32,3.32,3.38,3.50,3.60,3.50,3.47,3.42,3.42,3.51,3.59,3.63,3.62,3.55,3.46,3.36,3.34,3.39,3.52,3.55,3.53,3.47,3.37,3.27,3.23,3.18,3.13,3.12,3.13,3.16,3.17,3.11,3.09,3.10,2.97,2.69,2.44,2.15,1.89,1.46,0.57,-1.10,-1.54,-1.48,-1.44,-1.42,-1.46,-1.48,-0.95,1.27,2.24,2.52,2.48,2.52,2.53,2.58,2.62,2.61,2.60,2.60,2.59,2.58,2.63,2.61,2.59,2.56,2.52,2.50,2.55,2.56,2.54,2.54,2.51,2.52,2.55,2.55,2.48,2.42,2.37,2.31,2.30,2.31,2.32,2.32,2.28,2.37,2.39,2.39,2.43,2.48,2.55,2.63,2.67,2.63,2.54,2.48,2.46,2.44,2.39,2.36,2.37,2.40,2.39,2.44,2.50,2.52,2.51,2.51,2.48,2.44,2.41,2.36,2.37,2.38,2.39,2.41,2.40,2.41,2.42,2.40,2.37,2.36,2.37,2.39,2.47,2.45,2.44,2.45,2.43,2.45,2.46,2.47,2.48,2.51,2.54,2.47,2.34,2.30,2.38,2.42,2.41,2.35,2.34,2.41,2.49,2.51,2.53,2.50,2.46,2.43,2.48,2.39,2.36,2.36,2.36
3.99,4.18,4.13,4.08,4.07,4.08,4.12,4.17,4.23,4.31,4.25,4.18,4.11,4.07,4.05,4.06,4.05,4.03,4.01,4.03,4.05,4.07,4.08,4.10,4.11,4.12,4.14,4.12,4.13,4.17,4.25,4.33,4.30,4.29,4.30,4.33,4.36,4.37,4.37,4.36,4.36,4.40,4.39,4.37,4.38,4.37,4.35,4.37,4.39,4.27,4.30,4.34,4.34,4.28,4.30,4.33,4.35,4.35,4.42,4.49,4.49,4.43,4.33,4.27,4.21,4.14,4.10,4.04,4.01,3.98,3.94,3.87,3.93,3.90,3.87,3.95,3.89,3.90,3.91,3.91,3.96,3.97,3.97,3.98,3.99,4.00,3.99,3.93,3.80,3.73,3.64,3.56,3.51,3.48,3.51,3.52,3.59,3.81,3.59,3.47,3.38,3.28,3.36,3.40,3.44,3.45,3.39,3.44,3.47,3.49,3.56,3.63,3.65,3.61,3.51,3.43,3.33,3.34,3.44,3.60,3.48,3.34,3.26,3.30,3.39,3.33,3.26,3.19,3.11,3.12,3.12,3.11,3.14,3.13,3.10,2.93,2.61,2.32,2.05,1.83,1.12,-0.82,-1.37,-1.50,-1.45,-1.41,-1.43,-1.48,-1.45,-0.88,1.22,2.20,2.47,2.45,2.54,2.60,2.67,2.70,2.67,2.58,2.55,2.57,2.60,2.61,2.57,2.56,2.53,2.47,2.50,2.57,2.58,2.54,2.53,2.50,2.52,2.56,2.57,2.53,2.45,2.37,2.31,2.29,2.31,2.33,2.32,2.33,2.41,2.41,2.41,2.45,2.50,2.59,2.68,2.72,2.65,2.53,2.53,2.56,2.56,2.51,2.43,2.37,2.34,2.25,2.33,2.41,2.47,2.50,2.56,2.56,2.52,2.49,2.44,2.40,2.35,2.33,2.38,2.39,2.39,2.38,2.32,2.34,2.36,2.38,2.39,2.41,2.42,2.43,2.43,2.40,2.42,2.45,2.44,2.38,2.33,2.32,2.29,2.25,2.33,2.42,2.43,2.37,2.27,2.44,2.51,2.56,2.62,2.61,2.53,2.44,2.39,2.46,2.39,2.31,2.25,2.25
3.84,3.95,3.97,3.98,4.00,3.99,4.02,4.09,4.16,4.24,4.22,4.15,4.07,4.01,4.03,4.04,4.04,4.02,4.03,4.05,4.07,4.08,4.10,4.14,4.15,4.15,4.14,4.13,4.16,4.19,4.22,4.25,4.25,4.28,4.32,4.36,4.36,4.36,4.36,4.36,4.35,4.37,4.38,4.38,4.38,4.36,4.35,4.36,4.36,4.27,4.33,4.33,4.29,4.25,4.29,4.32,4.34,4.37,4.42,4.44,4.46,4.45,4.38,4.34,4.27,4.19,4.14,4.06,4.05,4.05,4.04,4.02,3.99,3.93,3.87,3.86,3.86,3.85,3.87,3.90,3.88,3.90,3.91,3.91,3.92,3.94,3.94,3.90,3.80,3.72,3.63,3.57,3.56,3.54,3.63,3.67,3.73,3.90,3.75,3.63,3.53,3.45,3.45,3.44,3.42,3.42,3.46,3.48,3.52,3.57,3.62,3.66,3.65,3.59,3.48,3.39,3.39,3.44,3.52,3.63,3.50,3.36,3.28,3.31,3.38,3.39,3.29,3.17,3.19,3.17,3.14,3.13,3.15,3.23,3.03,2.85,2.72,2.38,2.02,1.77,0.98,-1.30,-1.46,-1.48,-1.45,-1.43,-1.46,-1.51,-0.81,0.50,1.57,2.21,2.47,2.52,2.54,2.69,2.77,2.78,2.74,2.65,2.62,2.61,2.61,2.60,2.56,2.55,2.55,2.52,2.51,2.55,2.56,2.54,2.52,2.51,2.53,2.55,2.57,2.52,2.44,2.35,2.28,2.32,2.33,2.31,2.30,2.36,2.43,2.43,2.42,2.46,2.55,2.61,2.67,2.70,2.64,2.55,2.57,2.62,2.61,2.59,2.56,2.50,2.40,2.35,2.36,2.37,2.38,2.40,2.46,2.50,2.51,2.53,2.53,2.50,2.47,2.45,2.44,2.43,2.40,2.36,2.33,2.33,2.36,2.39,2.40,2.40,2.42,2.42,2.41,2.41,2.42,2.44,2.45,2.42,2.41,2.34,2.31,2.34,2.40,2.43,2.41,2.34,2.24,2.46,2.55,2.60,2.65,2.62,2.62,2.58,2.51,2.44,2.36,2.31,2.27,2.25
3.77,3.80,3.83,3.88,3.93,3.94,3.96,4.02,4.10,4.17,4.17,4.11,4.04,3.99,4.02,4.03,4.02,4.03,4.05,4.07,4.09,4.10,4.11,4.16,4.16,4.15,4.14,4.13,4.18,4.19,4.18,4.20,4.23,4.27,4.31,4.35,4.35,4.34,4.34,4.35,4.36,4.36,4.37,4.38,4.38,4.35,4.36,4.34,4.30,4.29,4.34,4.31,4.26,4.26,4.31,4.34,4.37,4.40,4.38,4.38,4.41,4.43,4.37,4.38,4.32,4.24,4.17,4.09,4.09,4.11,4.12,4.11,4.04,3.96,3.89,3.84,3.86,3.82,3.82,3.87,3.80,3.83,3.85,3.85,3.86,3.89,3.90,3.87,3.79,3.68,3.62,3.59,3.60,3.59,3.67,3.74,3.83,3.94,3.83,3.72,3.64,3.57,3.52,3.51,3.47,3.44,3.48,3.51,3.56,3.63,3.68,3.69,3.65,3.56,3.46,3.37,3.41,3.49,3.57,3.65,3.53,3.39,3.31,3.31,3.37,3.41,3.34,3.22,3.25,3.20,3.16,3.15,3.17,3.25,2.96,2.72,2.63,2.41,2.08,1.47,0.35,-1.56,-1.50,-1.47,-1.45,-1.45,-1.49,-1.14,-0.04,1.37,1.83,2.26,2.49,2.56,2.58,2.74,2.83,2.86,2.83,2.71,2.67,2.65,2.63,2.62,2.57,2.55,2.54,2.51,2.49,2.52,2.53,2.51,2.51,2.52,2.54,2.56,2.56,2.51,2.44,2.35,2.28,2.35,2.33,2.31,2.33,2.40,2.46,2.45,2.44,2.48,2.57,2.62,2.66,2.67,2.64,2.59,2.62,2.68,2.66,2.66,2.67,2.62,2.52,2.49,2.45,2.40,2.35,2.35,2.39,2.41,2.45,2.50,2.54,2.54,2.54,2.53,2.50,2.47,2.42,2.38,2.34,2.31,2.35,2.39,2.39,2.40,2.41,2.41,2.40,2.42,2.42,2.43,2.45,2.46,2.44,2.34,2.33,2.41,2.44,2.43,2.38,2.31,2.26,2.47,2.57,2.62,2.66,2.62,2.70,2.71,2.65,2.53,2.42,2.36,2.32,2.25
3.80,3.75,3.74,3.77,3.84,3.93,3.95,3.98,4.03,4.10,4.11,4.07,4.03,4.02,4.03,4.01,4.02,4.05,4.08,4.10,4.11,4.11,4.13,4.16,4.15,4.14,4.13,4.12,4.21,4.19,4.14,4.18,4.26,4.25,4.24,4.28,4.31,4.32,4.32,4.33,4.37,4.37,4.37,4.38,4.37,4.35,4.36,4.29,4.19,4.33,4.33,4.28,4.25,4.34,4.37,4.40,4.45,4.46,4.30,4.32,4.35,4.36,4.29,4.38,4.36,4.28,4.20,4.13,4.14,4.17,4.17,4.12,4.07,4.00,3.93,3.92,3.90,3.80,3.76,3.81,3.73,3.76,3.80,3.81,3.78,3.86,3.86,3.84,3.80,3.63,3.61,3.64,3.65,3.62,3.59,3.71,3.87,3.89,3.82,3.76,3.69,3.63,3.56,3.62,3.62,3.53,3.46,3.52,3.60,3.68,3.74,3.71,3.63,3.54,3.45,3.36,3.38,3.49,3.61,3.66,3.55,3.43,3.33,3.31,3.36,3.41,3.42,3.37,3.30,3.20,3.16,3.18,3.24,3.17,2.88,2.53,2.27,2.37,2.26,0.87,-0.92,-1.53,-1.49,-1.46,-1.46,-1.47,-1.52,-0.24,0.91,1.60,2.00,2.35,2.51,2.58,2.68,2.75,2.85,2.93,2.95,2.76,2.72,2.69,2.67,2.68,2.61,2.56,2.49,2.43,2.47,2.49,2.48,2.45,2.50,2.53,2.56,2.58,2.56,2.49,2.44,2.39,2.34,2.37,2.30,2.34,2.42,2.43,2.50,2.48,2.47,2.51,2.55,2.61,2.64,2.64,2.63,2.65,2.69,2.73,2.72,2.72,2.75,2.75,2.70,2.66,2.63,2.52,2.39,2.37,2.33,2.29,2.30,2.39,2.46,2.52,2.55,2.55,2.54,2.51,2.49,2.44,2.37,2.27,2.32,2.38,2.37,2.40,2.40,2.40,2.40,2.44,2.42,2.43,2.45,2.47,2.42,2.33,2.36,2.46,2.46,2.41,2.31,2.26,2.36,2.47,2.57,2.64,2.66,2.62,2.76,2.84,2.82,2.75,2.60,2.49,2.39,2.24
3.83,3.80,3.79,3.79,3.82,3.85,3.91,3.95,3.99,4.08,4.07,4.02,3.98,3.98,4.05,4.02,4.02,4.07,4.10,4.11,4.12,4.13,4.15,4.14,4.13,4.12,4.12,4.14,4.18,4.17,4.14,4.15,4.25,4.25,4.24,4.28,4.30,4.29,4.29,4.32,4.37,4.37,4.38,4.38,4.37,4.34,4.35,4.30,4.24,4.34,4.30,4.28,4.30,4.35,4.38,4.41,4.44,4.45,4.36,4.32,4.30,4.29,4.25,4.31,4.31,4.26,4.22,4.17,4.18,4.19,4.18,4.12,4.07,4.01,3.96,3.96,3.92,3.81,3.73,3.74,3.70,3.77,3.81,3.81,3.79,3.84,3.85,3.82,3.77,3.68,3.63,3.64,3.70,3.68,3.62,3.67,3.75,3.79,3.84,3.81,3.76,3.70,3.61,3.65,3.64,3.56,3.48,3.57,3.65,3.72,3.76,3.70,3.62,3.53,3.46,3.38,3.37,3.46,3.58,3.61,3.55,3.45,3.35,3.31,3.34,3.41,3.43,3.38,3.26,3.19,3.17,3.20,3.22,3.04,2.83,2.54,2.21,1.98,1.81,0.36,-1.33,-1.50,-1.48,-1.45,-1.45,-1.49,-1.56,0.04,1.32,1.90,2.22,2.47,2.56,2.61,2.71,2.74,2.83,2.92,2.95,2.76,2.71,2.70,2.69,2.70,2.60,2.52,2.49,2.51,2.53,2.50,2.47,2.45,2.49,2.50,2.50,2.50,2.53,2.49,2.42,2.38,2.39,2.37,2.35,2.39,2.46,2.48,2.52,2.50,2.50,2.56,2.60,2.63,2.64,2.65,2.66,2.69,2.75,2.79,2.78,2.80,2.83,2.84,2.81,2.75,2.69,2.60,2.53,2.51,2.45,2.39,2.36,2.37,2.34,2.42,2.48,2.50,2.52,2.54,2.55,2.52,2.45,2.38,2.36,2.34,2.32,2.38,2.38,2.38,2.40,2.42,2.43,2.44,2.45,2.46,2.32,2.32,2.38,2.45,2.43,2.37,2.31,2.30,2.39,2.49,2.59,2.63,2.60,2.60,2.73,2.82,2.81,2.64,2.61,2.58,2.51,2.35
3.84,3.86,3.85,3.84,3.83,3.80,3.88,3.92,3.95,4.04,4.03,3.97,3.94,3.96,4.06,4.02,4.03,4.09,4.12,4.13,4.13,4.14,4.15,4.13,4.11,4.10,4.12,4.15,4.13,4.13,4.14,4.13,4.24,4.26,4.27,4.30,4.30,4.27,4.28,4.31,4.36,4.35,4.37,4.38,4.36,4.34,4.31,4.30,4.30,4.33,4.26,4.29,4.35,4.34,4.37,4.39,4.41,4.42,4.42,4.32,4.26,4.24,4.22,4.25,4.25,4.23,4.22,4.19,4.20,4.20,4.18,4.12,4.06,4.02,3.99,3.99,3.94,3.83,3.74,3.72,3.72,3.81,3.84,3.81,3.80,3.82,3.82,3.80,3.75,3.73,3.65,3.65,3.74,3.75,3.67,3.63,3.64,3.69,3.83,3.84,3.81,3.76,3.66,3.66,3.63,3.57,3.52,3.62,3.70,3.75,3.76,3.68,3.60,3.52,3.46,3.41,3.38,3.44,3.52,3.55,3.53,3.47,3.38,3.32,3.34,3.41,3.42,3.34,3.21,3.18,3.20,3.22,3.17,2.89,2.72,2.53,2.20,1.60,1.06,-0.25,-1.52,-1.48,-1.47,-1.45,-1.45,-1.48,-1.27,0.35,1.60,2.16,2.43,2.56,2.59,2.60,2.70,2.70,2.79,2.89,2.93,2.76,2.72,2.72,2.72,2.69,2.58,2.50,2.51,2.60,2.60,2.53,2.49,2.49,2.50,2.49,2.45,2.45,2.51,2.48,2.40,2.37,2.42,2.38,2.40,2.44,2.48,2.52,2.55,2.53,2.54,2.60,2.64,2.65,2.65,2.66,2.68,2.72,2.78,2.83,2.85,2.87,2.90,2.91,2.88,2.80,2.72,2.66,2.64,2.64,2.56,2.50,2.45,2.38,2.28,2.34,2.40,2.43,2.47,2.54,2.58,2.58,2.53,2.50,2.42,2.34,2.31,2.37,2.36,2.37,2.39,2.39,2.42,2.43,2.44,2.43,2.25,2.32,2.41,2.44,2.40,2.34,2.33,2.36,2.42,2.51,2.62,2.65,2.59,2.62,2.68,2.75,2.74,2.52,2.59,2.63,2.58,2.44
3.79,3.84,3.87,3.90,3.92,3.89,3.91,3.90,3.89,3.90,3.95,3.93,3.93,3.99,4.06,4.01,4.04,4.12,4.14,4.14,4.13,4.13,4.14,4.12,4.10,4.09,4.11,4.10,4.05,4.05,4.09,4.15,4.25,4.30,4.32,4.34,4.32,4.29,4.30,4.31,4.31,4.29,4.33,4.37,4.35,4.34,4.25,4.25,4.33,4.33,4.23,4.26,4.34,4.34,4.34,4.35,4.37,4.38,4.39,4.29,4.24,4.23,4.18,4.22,4.21,4.19,4.18,4.18,4.16,4.17,4.17,4.12,4.06,4.02,4.01,4.03,3.95,3.87,3.83,3.85,3.87,3.89,3.86,3.79,3.74,3.76,3.76,3.76,3.77,3.70,3.66,3.68,3.75,3.78,3.71,3.65,3.64,3.65,3.71,3.78,3.83,3.82,3.70,3.64,3.58,3.53,3.58,3.66,3.73,3.76,3.72,3.65,3.58,3.51,3.46,3.43,3.40,3.41,3.43,3.47,3.46,3.48,3.45,3.36,3.36,3.41,3.38,3.27,3.16,3.15,3.24,3.26,3.05,2.73,2.47,2.33,2.19,1.47,-0.23,-1.23,-1.52,-1.46,-1.46,-1.46,-1.48,-1.38,-0.01,1.04,1.78,2.25,2.55,2.54,2.53,2.53,2.58,2.63,2.75,2.86,2.89,2.80,2.81,2.81,2.77,2.67,2.58,2.55,2.58,2.62,2.62,2.61,2.60,2.61,2.58,2.52,2.48,2.48,2.51,2.43,2.39,2.38,2.40,2.43,2.45,2.49,2.52,2.54,2.57,2.58,2.59,2.62,2.64,2.65,2.66,2.68,2.71,2.73,2.79,2.85,2.90,2.90,2.91,2.90,2.85,2.77,2.71,2.67,2.64,2.64,2.59,2.56,2.53,2.48,2.41,2.35,2.35,2.37,2.39,2.45,2.50,2.54,2.56,2.58,2.53,2.47,2.43,2.42,2.35,2.34,2.35,2.32,2.38,2.40,2.39,2.33,2.30,2.39,2.46,2.45,2.38,2.31,2.35,2.44,2.46,2.52,2.66,2.75,2.73,2.70,2.63,2.60,2.59,2.51,2.56,2.56,2.49,2.36
3.73,3.79,3.84,3.89,3.93,3.92,3.95,3.94,3.91,3.91,3.95,3.93,3.92,3.95,4.03,4.04,4.09,4.15,4.16,4.17,4.15,4.13,4.13,4.11,4.08,4.08,4.09,4.09,4.04,4.04,4.09,4.17,4.26,4.33,4.36,4.37,4.35,4.32,4.30,4.30,4.29,4.28,4.32,4.34,4.31,4.27,4.23,4.27,4.34,4.28,4.24,4.28,4.34,4.33,4.33,4.35,4.35,4.35,4.36,4.30,4.25,4.22,4.17,4.22,4.22,4.21,4.20,4.21,4.18,4.17,4.17,4.13,4.09,4.04,4.01,4.03,3.95,3.90,3.90,3.95,3.99,3.97,3.91,3.83,3.78,3.75,3.72,3.73,3.78,3.68,3.68,3.72,3.75,3.76,3.72,3.67,3.64,3.65,3.67,3.72,3.78,3.82,3.70,3.60,3.54,3.53,3.62,3.71,3.76,3.75,3.70,3.62,3.53,3.49,3.50,3.47,3.43,3.39,3.38,3.40,3.38,3.37,3.36,3.33,3.37,3.39,3.32,3.19,3.14,3.15,3.24,3.22,2.95,2.62,2.31,2.10,1.92,1.39,-0.66,-1.54,-1.49,-1.45,-1.44,-1.46,-1.50,-1.30,0.70,1.51,2.02,2.41,2.61,2.57,2.56,2.57,2.57,2.59,2.68,2.76,2.79,2.79,2.82,2.82,2.77,2.63,2.57,2.59,2.64,2.68,2.63,2.65,2.67,2.65,2.61,2.55,2.51,2.50,2.50,2.43,2.43,2.43,2.42,2.46,2.48,2.52,2.57,2.57,2.58,2.60,2.61,2.63,2.64,2.66,2.67,2.69,2.75,2.77,2.81,2.85,2.88,2.87,2.88,2.87,2.82,2.74,2.70,2.67,2.65,2.63,2.58,2.56,2.54,2.50,2.43,2.37,2.33,2.33,2.37,2.38,2.41,2.44,2.48,2.53,2.54,2.53,2.52,2.49,2.42,2.38,2.37,2.34,2.36,2.38,2.38,2.35,2.37,2.45,2.48,2.44,2.36,2.33,2.40,2.49,2.51,2.54,2.70,2.81,2.79,2.76,2.69,2.67,2.68,2.69,2.55,2.49,2.43,2.33
3.68,3.72,3.79,3.85,3.90,3.93,3.98,3.98,3.98,3.99,3.99,3.96,3.90,3.87,3.99,4.07,4.13,4.17,4.17,4.19,4.17,4.13,4.12,4.09,4.07,4.06,4.07,4.10,4.09,4.08,4.11,4.19,4.27,4.35,4.40,4.40,4.37,4.34,4.30,4.29,4.30,4.31,4.32,4.30,4.26,4.17,4.24,4.32,4.33,4.21,4.28,4.32,4.33,4.31,4.33,4.35,4.34,4.31,4.33,4.32,4.27,4.21,4.18,4.23,4.26,4.26,4.24,4.28,4.23,4.19,4.18,4.16,4.12,4.06,4.01,4.03,3.95,3.94,3.97,4.01,4.09,4.06,3.97,3.89,3.87,3.76,3.69,3.69,3.79,3.67,3.71,3.75,3.74,3.71,3.72,3.69,3.65,3.66,3.67,3.68,3.72,3.78,3.68,3.56,3.51,3.54,3.67,3.75,3.77,3.74,3.68,3.58,3.48,3.48,3.55,3.52,3.45,3.40,3.36,3.35,3.29,3.22,3.20,3.27,3.37,3.36,3.25,3.12,3.14,3.16,3.21,3.15,2.86,2.52,2.19,1.86,1.53,1.23,-0.67,-1.50,-1.45,-1.43,-1.42,-1.46,-1.47,-1.14,1.11,1.86,2.28,2.59,2.63,2.62,2.65,2.67,2.62,2.58,2.60,2.63,2.65,2.75,2.79,2.79,2.74,2.58,2.56,2.61,2.70,2.74,2.63,2.69,2.71,2.65,2.61,2.58,2.54,2.50,2.47,2.46,2.49,2.49,2.46,2.48,2.49,2.55,2.62,2.59,2.60,2.61,2.62,2.63,2.63,2.65,2.67,2.69,2.80,2.82,2.84,2.85,2.83,2.82,2.83,2.83,2.79,2.72,2.70,2.68,2.66,2.61,2.56,2.54,2.53,2.47,2.40,2.38,2.35,2.31,2.37,2.33,2.31,2.33,2.35,2.42,2.48,2.54,2.58,2.57,2.52,2.46,2.42,2.41,2.35,2.36,2.40,2.42,2.44,2.49,2.49,2.42,2.34,2.38,2.46,2.53,2.54,2.56,2.74,2.85,2.80,2.80,2.82,2.85,2.89,2.95,2.55,2.41,2.39,2.35
3.73,3.75,3.74,3.77,3.83,3.89,3.93,3.96,3.99,4.01,4.00,3.96,3.91,3.85,3.86,3.95,4.03,4.08,4.10,4.16,4.15,4.12,4.10,4.07,4.04,4.05,4.08,4.10,4.09,4.11,4.16,4.22,4.30,4.38,4.42,4.41,4.38,4.35,4.32,4.30,4.31,4.32,4.32,4.30,4.26,4.24,4.30,4.32,4.28,4.19,4.27,4.32,4.32,4.29,4.31,4.33,4.34,4.34,4.31,4.30,4.27,4.23,4.24,4.27,4.29,4.28,4.26,4.32,4.31,4.28,4.24,4.23,4.12,4.08,4.07,4.04,4.00,4.01,4.04,4.06,4.09,4.07,4.01,3.94,3.89,3.78,3.71,3.69,3.71,3.71,3.69,3.68,3.69,3.65,3.71,3.70,3.66,3.67,3.67,3.69,3.71,3.73,3.66,3.56,3.54,3.61,3.72,3.77,3.76,3.71,3.63,3.53,3.50,3.53,3.59,3.55,3.52,3.48,3.41,3.31,3.28,3.25,3.24,3.25,3.24,3.20,3.16,3.14,3.14,3.20,3.29,3.20,2.80,2.41,2.08,1.78,1.25,-0.41,-1.24,-1.50,-1.44,-1.41,-1.45,-1.51,-1.00,0.31,1.50,2.15,2.52,2.67,2.64,2.65,2.68,2.72,2.73,2.71,2.64,2.60,2.62,2.64,2.66,2.67,2.64,2.54,2.55,2.60,2.67,2.71,2.67,2.66,2.66,2.66,2.64,2.60,2.56,2.51,2.46,2.48,2.47,2.47,2.48,2.55,2.57,2.57,2.58,2.60,2.67,2.65,2.62,2.62,2.63,2.65,2.67,2.71,2.79,2.81,2.83,2.85,2.88,2.86,2.81,2.77,2.76,2.71,2.68,2.66,2.64,2.59,2.53,2.53,2.52,2.45,2.37,2.32,2.37,2.44,2.35,2.37,2.39,2.39,2.35,2.35,2.37,2.41,2.47,2.49,2.50,2.50,2.48,2.44,2.44,2.45,2.47,2.48,2.52,2.53,2.51,2.45,2.36,2.42,2.49,2.53,2.53,2.65,2.76,2.84,2.86,2.88,2.90,2.91,2.93,3.03,2.66,2.49,2.46,2.49
3.79,3.80,3.76,3.76,3.82,3.86,3.88,3.93,3.98,4.01,4.00,3.96,3.91,3.86,3.83,3.89,3.94,3.97,3.99,4.09,4.12,4.12,4.11,4.10,4.07,4.08,4.10,4.11,4.10,4.14,4.20,4.26,4.34,4.40,4.42,4.42,4.39,4.36,4.33,4.31,4.31,4.33,4.33,4.29,4.23,4.30,4.34,4.32,4.25,4.20,4.27,4.30,4.30,4.27,4.29,4.31,4.33,4.34,4.31,4.31,4.29,4.26,4.27,4.26,4.29,4.32,4.32,4.36,4.38,4.37,4.34,4.29,4.17,4.13,4.12,4.04,4.04,4.05,4.06,4.06,4.07,4.07,4.03,3.96,3.88,3.79,3.73,3.70,3.69,3.73,3.69,3.66,3.66,3.62,3.68,3.67,3.64,3.66,3.67,3.69,3.69,3.69,3.61,3.56,3.59,3.67,3.76,3.77,3.74,3.68,3.60,3.51,3.54,3.58,3.60,3.59,3.56,3.52,3.45,3.34,3.34,3.30,3.25,3.21,3.17,3.14,3.14,3.17,3.15,3.25,3.34,3.24,2.78,2.36,1.99,1.42,0.43,-1.36,-1.53,-1.48,-1.43,-1.42,-1.49,-1.17,-0.23,1.26,1.88,2.40,2.67,2.71,2.68,2.69,2.71,2.74,2.77,2.73,2.66,2.61,2.61,2.60,2.60,2.60,2.58,2.51,2.54,2.59,2.64,2.67,2.65,2.62,2.62,2.63,2.61,2.59,2.55,2.51,2.48,2.49,2.47,2.47,2.50,2.57,2.61,2.60,2.57,2.62,2.67,2.63,2.60,2.63,2.62,2.64,2.67,2.71,2.75,2.79,2.82,2.86,2.91,2.90,2.83,2.78,2.76,2.72,2.67,2.65,2.63,2.58,2.53,2.52,2.50,2.43,2.35,2.32,2.38,2.47,2.34,2.41,2.44,2.43,2.37,2.34,2.33,2.35,2.39,2.39,2.44,2.47,2.47,2.45,2.48,2.50,2.51,2.53,2.57,2.56,2.52,2.47,2.39,2.44,2.50,2.54,2.56,2.73,2.81,2.87,2.93,2.96,2.99,2.98,2.97,3.02,2.71,2.55,2.52,2.57
3.84,3.85,3.85,3.85,3.86,3.84,3.82,3.89,3.97,3.98,3.98,3.94,3.91,3.91,3.92,3.91,3.89,3.86,3.83,3.98,4.07,4.12,4.17,4.18,4.15,4.13,4.13,4.13,4.13,4.17,4.23,4.29,4.38,4.40,4.40,4.42,4.40,4.38,4.35,4.32,4.30,4.34,4.35,4.29,4.16,4.32,4.34,4.30,4.24,4.24,4.26,4.27,4.28,4.26,4.26,4.28,4.30,4.32,4.33,4.36,4.36,4.32,4.27,4.20,4.26,4.36,4.43,4.42,4.44,4.47,4.46,4.35,4.28,4.23,4.16,4.03,4.07,4.03,4.01,4.02,4.00,4.03,4.01,3.94,3.85,3.80,3.74,3.71,3.71,3.74,3.72,3.69,3.66,3.60,3.61,3.60,3.59,3.62,3.65,3.67,3.67,3.63,3.53,3.57,3.65,3.73,3.78,3.78,3.72,3.65,3.58,3.54,3.59,3.62,3.60,3.64,3.59,3.52,3.47,3.46,3.45,3.37,3.26,3.16,3.15,3.18,3.21,3.22,3.18,3.30,3.37,3.25,2.82,2.37,1.93,0.73,-1.03,-1.54,-1.52,-1.44,-1.41,-1.47,-1.53,-0.39,0.89,1.64,2.25,2.60,2.72,2.70,2.76,2.74,2.73,2.74,2.76,2.66,2.65,2.65,2.63,2.63,2.62,2.60,2.57,2.50,2.52,2.57,2.61,2.63,2.58,2.58,2.57,2.55,2.53,2.54,2.51,2.48,2.51,2.49,2.49,2.50,2.52,2.55,2.61,2.63,2.62,2.63,2.61,2.56,2.56,2.66,2.60,2.63,2.66,2.67,2.66,2.76,2.82,2.86,2.92,2.96,2.91,2.84,2.80,2.74,2.68,2.65,2.63,2.58,2.55,2.52,2.48,2.42,2.37,2.38,2.39,2.37,2.35,2.44,2.46,2.43,2.41,2.41,2.39,2.36,2.33,2.26,2.32,2.37,2.39,2.44,2.48,2.51,2.54,2.57,2.59,2.57,2.53,2.47,2.43,2.44,2.49,2.57,2.64,2.80,2.88,2.94,3.01,3.05,3.07,3.06,3.01,2.93,2.70,2.58,2.55,2.59
3.92,3.94,3.92,3.91,3.91,3.92,3.89,3.90,3.93,3.93,3.91,3.89,3.90,3.91,3.91,3.94,3.94,3.90,3.89,3.93,3.95,4.00,4.11,4.13,4.18,4.19,4.15,4.14,4.15,4.20,4.26,4.32,4.38,4.38,4.38,4.39,4.38,4.37,4.35,4.33,4.31,4.34,4.30,4.24,4.22,4.32,4.30,4.25,4.23,4.27,4.29,4.31,4.31,4.27,4.24,4.26,4.27,4.29,4.32,4.32,4.37,4.42,4.37,4.30,4.29,4.35,4.49,4.46,4.48,4.50,4.49,4.35,4.26,4.22,4.17,4.08,4.14,4.12,4.07,4.00,3.96,3.99,3.95,3.86,3.82,3.82,3.76,3.71,3.71,3.72,3.68,3.64,3.62,3.59,3.59,3.59,3.58,3.59,3.61,3.59,3.58,3.60,3.55,3.62,3.70,3.76,3.79,3.77,3.70,3.61,3.54,3.56,3.62,3.63,3.58,3.58,3.54,3.48,3.44,3.42,3.44,3.43,3.37,3.25,3.15,3.15,3.17,3.18,3.20,3.30,3.26,3.04,2.63,2.20,1.72,0.43,-1.40,-1.57,-1.54,-1.49,-1.46,-1.51,-1.55,-0.10,1.43,2.17,2.60,2.75,2.78,2.77,2.82,2.82,2.80,2.79,2.80,2.65,2.63,2.63,2.61,2.56,2.57,2.57,2.55,2.57,2.53,2.55,2.58,2.59,2.56,2.55,2.54,2.52,2.49,2.48,2.48,2.49,2.51,2.45,2.54,2.61,2.61,2.63,2.65,2.65,2.63,2.61,2.61,2.61,2.62,2.65,2.61,2.64,2.65,2.64,2.64,2.73,2.81,2.87,2.89,2.95,2.93,2.87,2.79,2.74,2.71,2.67,2.63,2.58,2.54,2.50,2.46,2.40,2.39,2.40,2.40,2.38,2.37,2.44,2.46,2.43,2.41,2.42,2.42,2.41,2.39,2.33,2.32,2.32,2.34,2.44,2.49,2.52,2.55,2.59,2.60,2.58,2.54,2.50,2.45,2.46,2.49,2.56,2.70,2.84,2.93,3.01,3.09,3.13,3.15,3.15,3.11,2.94,2.81,2.70,2.67,2.68
3.99,4.02,3.99,3.97,3.98,4.02,3.97,3.94,3.92,3.91,3.86,3.85,3.87,3.89,3.90,3.96,3.97,3.96,3.97,3.92,3.88,3.91,4.03,4.06,4.16,4.20,4.15,4.15,4.17,4.22,4.29,4.36,4.37,4.37,4.37,4.36,4.36,4.36,4.35,4.34,4.31,4.33,4.26,4.23,4.29,4.32,4.25,4.21,4.23,4.29,4.32,4.34,4.33,4.28,4.24,4.24,4.25,4.25,4.28,4.28,4.38,4.50,4.48,4.42,4.35,4.37,4.53,4.50,4.51,4.53,4.49,4.34,4.22,4.18,4.16,4.12,4.21,4.21,4.14,4.02,3.96,3.95,3.89,3.81,3.83,3.84,3.77,3.72,3.73,3.70,3.65,3.60,3.58,3.58,3.59,3.60,3.60,3.58,3.58,3.53,3.51,3.57,3.59,3.67,3.74,3.79,3.79,3.75,3.67,3.58,3.53,3.59,3.64,3.63,3.58,3.54,3.50,3.46,3.41,3.37,3.39,3.45,3.43,3.30,3.14,3.12,3.14,3.17,3.24,3.29,3.13,2.81,2.42,2.00,1.25,-0.06,-1.54,-1.57,-1.57,-1.54,-1.52,-1.54,-1.20,0.32,1.84,2.60,2.86,2.85,2.81,2.80,2.85,2.87,2.86,2.82,2.77,2.63,2.60,2.60,2.57,2.49,2.52,2.53,2.53,2.61,2.55,2.56,2.57,2.56,2.53,2.52,2.51,2.51,2.47,2.44,2.47,2.51,2.50,2.44,2.58,2.70,2.70,2.71,2.69,2.68,2.67,2.63,2.66,2.69,2.69,2.65,2.63,2.65,2.64,2.61,2.63,2.72,2.81,2.86,2.87,2.92,2.93,2.87,2.77,2.74,2.73,2.69,2.63,2.58,2.51,2.47,2.43,2.38,2.41,2.41,2.41,2.40,2.39,2.43,2.45,2.43,2.41,2.42,2.43,2.45,2.44,2.41,2.35,2.30,2.32,2.43,2.48,2.52,2.56,2.59,2.60,2.57,2.54,2.52,2.46,2.49,2.51,2.56,2.74,2.85,2.96,3.05,3.14,3.21,3.23,3.24,3.19,3.00,3.05,3.01,2.82,2.47
4.06,4.05,4.06,4.08,4.10,4.12,4.08,4.02,3.98,3.95,3.90,3.85,3.82,3.84,3.89,3.94,3.96,3.97,4.01,4.02,3.99,3.97,3.97,3.94,4.03,4.09,4.11,4.15,4.20,4.25,4.31,4.37,4.37,4.37,4.37,4.36,4.35,4.34,4.34,4.34,4.32,4.30,4.29,4.29,4.30,4.29,4.22,4.22,4.30,4.30,4.31,4.32,4.31,4.26,4.29,4.27,4.24,4.21,4.19,4.28,4.41,4.52,4.56,4.54,4.49,4.47,4.52,4.50,4.54,4.54,4.47,4.30,4.16,4.10,4.10,4.17,4.24,4.24,4.19,4.12,4.05,3.95,3.88,3.87,3.91,3.82,3.77,3.78,3.82,3.71,3.65,3.61,3.57,3.57,3.59,3.62,3.64,3.63,3.61,3.56,3.53,3.56,3.63,3.72,3.78,3.79,3.78,3.70,3.60,3.56,3.61,3.63,3.65,3.64,3.59,3.55,3.51,3.47,3.42,3.39,3.31,3.33,3.30,3.18,3.12,3.09,3.16,3.29,3.34,3.26,2.96,2.57,2.22,1.81,0.13,-1.17,-1.54,-1.55,-1.58,-1.57,-1.56,-1.55,0.09,1.24,2.09,2.74,2.90,2.82,2.75,2.76,2.83,2.86,2.87,2.78,2.54,2.54,2.54,2.55,2.54,2.49,2.48,2.48,2.49,2.56,2.59,2.62,2.61,2.56,2.46,2.47,2.49,2.49,2.44,2.45,2.51,2.54,2.49,2.53,2.63,2.71,2.75,2.74,2.73,2.76,2.80,2.78,2.80,2.77,2.72,2.67,2.66,2.67,2.65,2.60,2.61,2.74,2.79,2.81,2.86,2.88,2.86,2.81,2.76,2.75,2.74,2.72,2.66,2.57,2.48,2.42,2.38,2.35,2.43,2.41,2.41,2.43,2.41,2.42,2.42,2.41,2.41,2.42,2.44,2.45,2.45,2.43,2.42,2.39,2.36,2.37,2.46,2.53,2.58,2.58,2.57,2.54,2.53,2.52,2.48,2.53,2.57,2.63,2.76,2.82,2.92,3.02,3.13,3.29,3.35,3.31,3.24,3.19,3.61,3.71,3.02,1.45
4.13,4.12,4.15,4.17,4.19,4.18,4.15,4.10,4.05,4.03,4.00,3.95,3.92,3.89,3.90,3.90,3.91,3.94,3.99,4.02,4.02,4.00,4.00,3.96,4.00,4.02,4.02,4.07,4.15,4.22,4.29,4.38,4.38,4.38,4.37,4.36,4.34,4.33,4.33,4.32,4.31,4.24,4.27,4.32,4.32,4.27,4.24,4.27,4.32,4.31,4.30,4.30,4.32,4.37,4.33,4.29,4.26,4.25,4.22,4.26,4.36,4.48,4.54,4.53,4.51,4.49,4.47,4.50,4.54,4.53,4.46,4.35,4.20,4.12,4.11,4.20,4.26,4.25,4.20,4.15,4.09,3.97,3.89,3.88,3.95,3.86,3.81,3.81,3.81,3.71,3.65,3.61,3.57,3.58,3.60,3.63,3.67,3.68,3.63,3.55,3.53,3.59,3.67,3.74,3.78,3.77,3.73,3.65,3.56,3.54,3.64,3.64,3.66,3.66,3.62,3.57,3.53,3.48,3.44,3.40,3.34,3.29,3.22,3.14,3.10,3.10,3.17,3.26,3.26,3.12,2.80,2.40,2.00,1.08,-0.52,-1.50,-1.53,-1.55,-1.57,-1.58,-1.42,-0.87,0.82,1.80,2.43,2.91,2.88,2.79,2.73,2.73,2.77,2.79,2.80,2.72,2.50,2.48,2.50,2.52,2.53,2.48,2.46,2.45,2.47,2.54,2.61,2.64,2.63,2.60,2.53,2.53,2.53,2.51,2.48,2.49,2.54,2.55,2.49,2.59,2.66,2.71,2.74,2.75,2.77,2.82,2.88,2.93,2.88,2.82,2.76,2.71,2.71,2.70,2.66,2.63,2.68,2.75,2.76,2.76,2.80,2.83,2.79,2.77,2.77,2.75,2.74,2.70,2.64,2.56,2.47,2.42,2.40,2.38,2.42,2.38,2.39,2.43,2.42,2.42,2.40,2.39,2.41,2.43,2.45,2.46,2.45,2.45,2.44,2.42,2.40,2.37,2.46,2.53,2.56,2.54,2.52,2.48,2.45,2.43,2.43,2.48,2.55,2.65,2.78,2.86,2.97,3.08,3.20,3.36,3.42,3.42,3.41,3.46,3.89,3.42,2.51,1.12
4.21,4.21,4.23,4.25,4.25,4.21,4.20,4.17,4.13,4.12,4.11,4.11,4.08,4.01,3.94,3.87,3.87,3.91,3.95,3.98,4.01,4.04,4.05,4.04,4.00,3.97,3.94,3.95,4.08,4.15,4.23,4.37,4.38,4.37,4.37,4.37,4.34,4.33,4.31,4.30,4.29,4.17,4.23,4.33,4.34,4.25,4.29,4.33,4.34,4.33,4.30,4.29,4.34,4.52,4.37,4.30,4.30,4.33,4.30,4.24,4.30,4.42,4.46,4.45,4.47,4.46,4.41,4.49,4.54,4.52,4.45,4.41,4.28,4.18,4.16,4.22,4.27,4.24,4.18,4.15,4.10,4.00,3.91,3.88,3.97,3.92,3.86,3.81,3.76,3.71,3.66,3.60,3.57,3.59,3.60,3.64,3.68,3.71,3.65,3.54,3.52,3.63,3.70,3.74,3.75,3.74,3.68,3.61,3.53,3.52,3.63,3.64,3.67,3.68,3.65,3.59,3.54,3.49,3.45,3.41,3.40,3.29,3.17,3.13,3.07,3.13,3.17,3.15,3.08,2.93,2.64,2.25,1.76,0.14,-0.96,-1.47,-1.51,-1.54,-1.57,-1.59,-1.21,0.10,1.29,2.19,2.79,3.07,2.84,2.74,2.71,2.71,2.69,2.71,2.71,2.66,2.54,2.45,2.46,2.49,2.52,2.47,2.45,2.44,2.46,2.54,2.61,2.63,2.64,2.65,2.65,2.64,2.59,2.54,2.53,2.55,2.56,2.55,2.50,2.64,2.70,2.71,2.71,2.76,2.82,2.86,2.93,3.06,2.92,2.84,2.79,2.77,2.78,2.72,2.69,2.70,2.78,2.76,2.73,2.71,2.73,2.76,2.74,2.74,2.78,2.75,2.72,2.66,2.59,2.55,2.47,2.44,2.44,2.45,2.39,2.36,2.38,2.42,2.44,2.42,2.39,2.39,2.40,2.43,2.46,2.47,2.46,2.48,2.44,2.43,2.42,2.39,2.48,2.53,2.53,2.48,2.46,2.42,2.37,2.33,2.36,2.41,2.51,2.64,2.80,2.93,3.05,3.18,3.29,3.42,3.48,3.55,3.63,3.74,3.94,2.73,1.47,0.11
4.26,4.26,4.27,4.28,4.27,4.22,4.20,4.19,4.18,4.17,4.21,4.21,4.21,4.20,4.10,4.03,3.97,3.93,3.89,3.93,3.98,4.02,4.06,4.06,4.04,4.02,4.00,3.99,4.02,4.03,4.08,4.21,4.25,4.30,4.35,4.37,4.34,4.32,4.30,4.28,4.28,4.23,4.30,4.35,4.29,4.31,4.32,4.36,4.40,4.37,4.34,4.32,4.41,4.69,4.44,4.41,4.41,4.36,4.31,4.29,4.31,4.35,4.37,4.37,4.43,4.45,4.41,4.50,4.49,4.45,4.41,4.33,4.31,4.26,4.22,4.25,4.26,4.23,4.20,4.18,4.13,4.04,3.99,3.97,3.96,3.96,3.92,3.85,3.77,3.73,3.69,3.63,3.56,3.59,3.61,3.64,3.69,3.72,3.65,3.57,3.57,3.67,3.67,3.69,3.68,3.65,3.64,3.56,3.54,3.58,3.64,3.66,3.65,3.65,3.66,3.64,3.58,3.52,3.47,3.43,3.43,3.30,3.18,3.15,3.11,3.11,3.03,2.91,2.84,2.73,2.46,2.05,1.47,-0.58,-1.27,-1.43,-1.47,-1.53,-1.56,-1.59,-1.06,0.79,1.71,2.55,3.03,2.99,2.79,2.66,2.63,2.68,2.69,2.66,2.67,2.66,2.61,2.50,2.43,2.40,2.41,2.35,2.48,2.51,2.49,2.57,2.62,2.63,2.63,2.64,2.66,2.66,2.61,2.54,2.53,2.56,2.56,2.56,2.59,2.67,2.73,2.75,2.77,2.85,2.90,2.93,2.96,2.97,2.93,2.89,2.85,2.84,2.86,2.81,2.79,2.81,2.83,2.76,2.74,2.75,2.74,2.70,2.71,2.74,2.74,2.72,2.68,2.62,2.56,2.53,2.46,2.45,2.46,2.48,2.46,2.43,2.43,2.44,2.43,2.40,2.38,2.39,2.40,2.45,2.47,2.47,2.47,2.47,2.48,2.42,2.37,2.43,2.50,2.55,2.53,2.44,2.39,2.42,2.45,2.45,2.49,2.48,2.53,2.62,2.68,2.80,2.97,3.16,3.35,3.52,3.61,3.70,3.80,3.90,2.92,1.52,0.40,0.10
4.29,4.29,4.30,4.29,4.27,4.24,4.22,4.22,4.21,4.21,4.26,4.27,4.27,4.28,4.21,4.17,4.10,4.01,3.94,3.95,3.96,3.98,4.02,4.05,4.05,4.05,4.04,4.03,4.01,4.00,4.02,4.10,4.14,4.20,4.26,4.30,4.29,4.27,4.26,4.24,4.24,4.28,4.34,4.33,4.23,4.34,4.34,4.37,4.42,4.41,4.39,4.38,4.48,4.77,4.57,4.55,4.52,4.42,4.33,4.32,4.32,4.33,4.33,4.35,4.40,4.41,4.36,4.46,4.43,4.38,4.36,4.28,4.31,4.30,4.27,4.29,4.28,4.25,4.21,4.18,4.11,4.05,4.03,4.02,3.97,4.02,3.99,3.90,3.81,3.77,3.72,3.65,3.60,3.63,3.61,3.63,3.68,3.71,3.62,3.59,3.60,3.60,3.61,3.63,3.63,3.62,3.60,3.55,3.57,3.61,3.65,3.67,3.66,3.65,3.66,3.65,3.62,3.56,3.50,3.45,3.39,3.27,3.16,3.13,3.13,3.12,2.99,2.76,2.61,2.52,2.27,1.63,0.42,-1.12,-1.43,-1.41,-1.43,-1.51,-1.56,-1.22,-0.32,1.28,2.03,2.79,3.14,2.92,2.78,2.61,2.57,2.61,2.62,2.57,2.60,2.64,2.62,2.51,2.41,2.36,2.36,2.33,2.48,2.53,2.51,2.59,2.62,2.63,2.64,2.65,2.67,2.65,2.58,2.50,2.54,2.56,2.57,2.58,2.63,2.68,2.74,2.78,2.83,2.91,2.97,2.98,2.96,2.91,2.93,2.92,2.90,2.90,2.92,2.89,2.89,2.92,2.91,2.81,2.76,2.75,2.74,2.67,2.70,2.73,2.71,2.69,2.65,2.60,2.54,2.50,2.45,2.47,2.50,2.53,2.54,2.53,2.52,2.50,2.46,2.42,2.39,2.38,2.40,2.47,2.48,2.48,2.47,2.47,2.49,2.42,2.35,2.47,2.53,2.55,2.51,2.40,2.40,2.46,2.53,2.59,2.64,2.61,2.64,2.69,2.72,2.83,2.97,3.16,3.36,3.53,3.65,3.77,3.89,3.99,2.58,0.68,0.09,0.10
4.28,4.30,4.31,4.29,4.25,4.26,4.25,4.25,4.24,4.24,4.28,4.27,4.25,4.26,4.26,4.29,4.25,4.17,4.10,4.05,3.95,3.89,3.95,4.01,4.04,4.05,4.06,4.08,4.06,4.05,4.06,4.06,4.04,4.05,4.10,4.17,4.19,4.20,4.19,4.18,4.18,4.31,4.34,4.28,4.15,4.33,4.35,4.36,4.39,4.43,4.46,4.48,4.55,4.76,4.76,4.73,4.65,4.51,4.37,4.32,4.33,4.35,4.34,4.39,4.39,4.34,4.26,4.37,4.35,4.31,4.28,4.27,4.29,4.29,4.30,4.36,4.33,4.29,4.23,4.14,4.05,4.03,4.03,4.03,4.01,4.08,4.05,3.96,3.86,3.82,3.73,3.68,3.67,3.68,3.61,3.61,3.65,3.66,3.57,3.62,3.59,3.42,3.51,3.55,3.60,3.64,3.57,3.59,3.61,3.63,3.67,3.68,3.68,3.68,3.66,3.64,3.65,3.62,3.55,3.47,3.28,3.19,3.13,3.07,3.14,3.18,3.03,2.72,2.42,2.29,2.07,1.00,-1.37,-1.47,-1.43,-1.39,-1.40,-1.49,-1.55,-0.48,0.99,1.55,2.26,2.90,3.14,2.87,2.78,2.61,2.52,2.52,2.48,2.45,2.51,2.59,2.57,2.48,2.38,2.35,2.38,2.42,2.47,2.51,2.54,2.62,2.62,2.63,2.64,2.65,2.67,2.62,2.51,2.42,2.57,2.56,2.58,2.61,2.61,2.67,2.73,2.79,2.87,2.94,3.01,3.01,2.95,2.88,2.90,2.93,2.95,2.95,2.96,2.97,3.00,3.04,3.02,2.91,2.79,2.72,2.72,2.68,2.70,2.72,2.70,2.64,2.64,2.62,2.56,2.46,2.43,2.50,2.57,2.58,2.64,2.65,2.64,2.60,2.53,2.46,2.40,2.36,2.38,2.47,2.49,2.49,2.48,2.48,2.49,2.42,2.37,2.52,2.58,2.54,2.45,2.36,2.47,2.54,2.62,2.73,2.80,2.81,2.82,2.86,2.94,2.99,3.06,3.17,3.31,3.46,3.61,3.77,3.92,4.01,1.16,0.14,0.09,0.09
4.27,4.29,4.30,4.29,4.26,4.24,4.26,4.26,4.26,4.26,4.27,4.26,4.26,4.25,4.25,4.27,4.26,4.22,4.19,4.19,4.08,4.00,4.01,4.02,3.98,3.99,4.04,4.08,4.09,4.09,4.09,4.09,4.09,4.10,4.12,4.14,4.12,4.13,4.16,4.20,4.24,4.33,4.30,4.24,4.22,4.34,4.35,4.37,4.41,4.46,4.50,4.49,4.51,4.70,4.77,4.69,4.55,4.43,4.36,4.39,4.39,4.35,4.32,4.36,4.36,4.33,4.30,4.33,4.30,4.27,4.25,4.22,4.27,4.30,4.32,4.34,4.32,4.29,4.23,4.12,4.01,4.03,4.05,4.04,4.03,4.08,4.06,4.01,3.96,3.93,3.86,3.79,3.74,3.66,3.62,3.62,3.64,3.67,3.63,3.66,3.56,3.29,3.39,3.44,3.53,3.60,3.51,3.57,3.62,3.65,3.65,3.66,3.67,3.66,3.65,3.66,3.65,3.64,3.60,3.54,3.26,3.15,3.12,3.13,3.18,3.23,3.09,2.79,2.47,2.23,1.55,0.26,-1.57,-1.49,-1.45,-1.42,-1.42,-1.51,-1.56,-0.33,1.31,1.82,2.46,2.91,3.04,2.85,2.76,2.62,2.54,2.52,2.46,2.41,2.43,2.44,2.39,2.42,2.38,2.35,2.38,2.47,2.50,2.54,2.58,2.61,2.62,2.63,2.64,2.65,2.64,2.56,2.50,2.49,2.57,2.54,2.61,2.71,2.77,2.86,2.95,2.94,2.86,2.91,3.00,3.01,2.96,2.91,2.92,2.95,2.98,3.02,3.01,2.99,3.01,3.08,3.10,2.93,2.81,2.74,2.74,2.70,2.71,2.72,2.69,2.65,2.64,2.60,2.54,2.48,2.50,2.56,2.62,2.64,2.70,2.71,2.69,2.64,2.59,2.53,2.53,2.55,2.56,2.56,2.52,2.49,2.49,2.46,2.42,2.41,2.45,2.56,2.56,2.50,2.44,2.44,2.49,2.56,2.67,2.81,2.92,2.98,2.98,2.96,2.97,2.99,3.03,3.12,3.26,3.39,3.59,3.83,3.69,2.40,0.67,0.09,0.09,0.09
4.27,4.29,4.29,4.29,4.28,4.24,4.28,4.28,4.27,4.27,4.26,4.26,4.26,4.25,4.25,4.25,4.25,4.25,4.25,4.28,4.20,4.12,4.11,4.06,3.97,3.96,4.02,4.06,4.09,4.11,4.12,4.12,4.15,4.16,4.17,4.15,4.12,4.12,4.17,4.24,4.31,4.33,4.26,4.20,4.27,4.34,4.35,4.38,4.42,4.46,4.50,4.46,4.45,4.60,4.71,4.61,4.46,4.37,4.35,4.45,4.44,4.35,4.33,4.34,4.34,4.33,4.32,4.29,4.26,4.25,4.24,4.19,4.23,4.29,4.33,4.31,4.30,4.27,4.20,4.10,4.00,4.03,4.05,4.05,4.05,4.08,4.07,4.04,4.03,4.03,3.96,3.88,3.80,3.67,3.65,3.64,3.63,3.66,3.68,3.59,3.39,3.16,3.25,3.38,3.50,3.57,3.48,3.57,3.64,3.66,3.63,3.65,3.65,3.64,3.64,3.65,3.64,3.64,3.62,3.51,3.23,3.12,3.13,3.18,3.18,3.19,3.04,2.75,2.42,2.05,0.89,-0.52,-1.58,-1.46,-1.44,-1.44,-1.45,-1.53,-1.18,0.15,1.69,2.20,2.67,2.89,2.92,2.82,2.74,2.65,2.59,2.55,2.47,2.41,2.38,2.34,2.26,2.36,2.36,2.33,2.34,2.48,2.50,2.54,2.59,2.61,2.62,2.63,2.64,2.65,2.62,2.51,2.49,2.55,2.55,2.55,2.65,2.79,2.91,3.01,3.12,3.08,2.90,2.93,3.00,3.00,2.97,2.95,2.95,2.97,3.02,3.08,3.03,3.01,3.04,3.10,3.14,2.97,2.84,2.76,2.75,2.73,2.75,2.74,2.71,2.68,2.64,2.59,2.54,2.52,2.57,2.61,2.65,2.68,2.75,2.75,2.74,2.70,2.65,2.62,2.66,2.71,2.71,2.64,2.56,2.51,2.50,2.44,2.39,2.43,2.52,2.58,2.53,2.46,2.43,2.50,2.51,2.59,2.71,2.86,3.00,3.09,3.08,3.03,2.97,2.96,2.99,3.06,3.18,3.27,3.41,3.52,3.17,1.18,0.31,0.10,0.10,0.09
4.31,4.29,4.27,4.28,4.31,4.28,4.33,4.30,4.26,4.25,4.25,4.25,4.25,4.25,4.25,4.24,4.24,4.24,4.25,4.26,4.25,4.25,4.27,4.15,4.07,4.05,4.05,4.01,4.03,4.07,4.11,4.14,4.19,4.20,4.21,4.22,4.24,4.25,4.27,4.31,4.33,4.31,4.23,4.18,4.23,4.31,4.34,4.37,4.41,4.43,4.42,4.39,4.38,4.43,4.56,4.51,4.43,4.39,4.38,4.47,4.45,4.37,4.40,4.38,4.35,4.32,4.27,4.25,4.26,4.27,4.28,4.22,4.16,4.22,4.30,4.29,4.25,4.21,4.14,4.06,4.05,4.03,4.03,4.04,4.05,4.06,4.06,4.04,4.01,4.07,4.00,3.91,3.82,3.74,3.70,3.66,3.64,3.65,3.70,3.29,2.95,2.99,3.08,3.43,3.59,3.54,3.53,3.58,3.64,3.67,3.64,3.65,3.64,3.63,3.61,3.61,3.61,3.63,3.55,3.26,3.17,3.15,3.17,3.19,3.07,2.96,2.75,2.46,2.11,1.58,0.02,-1.41,-1.56,-1.44,-1.39,-1.42,-1.50,-1.56,0.05,1.50,2.45,2.82,2.89,2.84,2.78,2.80,2.73,2.69,2.66,2.61,2.54,2.49,2.43,2.35,2.25,2.30,2.27,2.24,2.25,2.36,2.38,2.45,2.55,2.60,2.61,2.62,2.63,2.64,2.60,2.49,2.49,2.55,2.51,2.59,2.71,2.84,2.94,3.04,3.15,3.16,3.07,3.08,3.01,2.98,2.99,3.00,2.99,3.01,3.05,3.08,3.02,3.06,3.11,3.13,3.12,3.05,2.90,2.76,2.75,2.76,2.82,2.84,2.78,2.75,2.65,2.59,2.59,2.58,2.61,2.63,2.65,2.69,2.76,2.78,2.80,2.81,2.75,2.75,2.77,2.78,2.75,2.68,2.61,2.56,2.52,2.40,2.43,2.50,2.56,2.60,2.51,2.44,2.44,2.52,2.56,2.62,2.72,2.87,2.99,3.06,3.06,3.02,2.98,2.93,2.93,2.99,3.06,3.04,2.87,2.40,1.87,0.33,0.17,0.13,0.13,0.09
4.33,4.28,4.28,4.30,4.31,4.31,4.33,4.30,4.26,4.25,4.25,4.25,4.25,4.24,4.24,4.23,4.23,4.23,4.26,4.24,4.25,4.28,4.32,4.20,4.15,4.12,4.10,4.02,4.06,4.09,4.12,4.12,4.15,4.17,4.19,4.23,4.29,4.30,4.32,4.35,4.35,4.32,4.24,4.17,4.17,4.25,4.29,4.33,4.35,4.36,4.33,4.31,4.32,4.35,4.43,4.40,4.38,4.40,4.42,4.49,4.47,4.41,4.44,4.41,4.38,4.34,4.27,4.26,4.27,4.28,4.26,4.20,4.17,4.20,4.25,4.23,4.21,4.17,4.12,4.07,4.07,4.04,4.04,4.07,4.06,4.07,4.07,4.05,4.02,4.02,3.94,3.88,3.85,3.79,3.73,3.66,3.61,3.66,3.22,2.84,2.68,2.83,3.28,3.54,3.58,3.51,3.53,3.59,3.63,3.65,3.63,3.63,3.62,3.61,3.60,3.59,3.59,3.56,3.44,3.15,3.14,3.14,3.12,3.05,2.86,2.66,2.45,2.19,1.81,0.51,-0.81,-1.62,-1.53,-1.42,-1.34,-1.39,-1.39,-0.56,1.16,2.23,2.66,2.85,2.84,2.77,2.73,2.76,2.75,2.75,2.72,2.67,2.62,2.56,2.49,2.40,2.30,2.31,2.26,2.21,2.20,2.26,2.28,2.36,2.48,2.54,2.58,2.60,2.61,2.60,2.48,2.46,2.51,2.56,2.51,2.66,2.79,2.90,2.98,3.07,3.17,3.22,3.20,3.16,3.07,3.03,3.03,3.04,3.02,3.04,3.07,3.06,3.04,3.09,3.13,3.13,3.08,3.09,3.01,2.91,2.88,2.87,2.88,2.87,2.83,2.81,2.66,2.59,2.60,2.63,2.61,2.62,2.64,2.67,2.71,2.76,2.81,2.85,2.83,2.81,2.82,2.83,2.79,2.72,2.64,2.58,2.52,2.42,2.48,2.55,2.59,2.57,2.47,2.47,2.51,2.55,2.58,2.62,2.70,2.84,2.96,3.02,3.02,2.99,2.96,2.90,2.88,2.89,2.89,2.75,2.44,1.91,1.40,0.14,0.13,0.15,0.15,0.13
4.37,4.27,4.29,4.31,4.32,4.33,4.30,4.29,4.27,4.25,4.25,4.24,4.24,4.24,4.23,4.22,4.22,4.23,4.27,4.22,4.23,4.27,4.33,4.24,4.21,4.19,4.15,4.07,4.11,4.13,4.12,4.07,4.08,4.11,4.16,4.21,4.30,4.33,4.35,4.38,4.37,4.34,4.27,4.18,4.11,4.17,4.23,4.27,4.28,4.28,4.23,4.23,4.27,4.30,4.32,4.31,4.33,4.40,4.45,4.50,4.49,4.45,4.47,4.44,4.41,4.36,4.28,4.28,4.29,4.27,4.23,4.17,4.20,4.20,4.18,4.17,4.16,4.15,4.13,4.09,4.08,4.06,4.07,4.10,4.07,4.09,4.09,4.07,4.03,3.93,3.86,3.85,3.87,3.82,3.75,3.64,3.59,3.70,2.59,2.37,2.47,2.68,3.57,3.64,3.54,3.48,3.50,3.58,3.61,3.61,3.60,3.61,3.61,3.60,3.59,3.58,3.57,3.47,3.30,3.11,3.12,3.12,3.05,2.87,2.61,2.36,2.16,1.93,1.52,-0.66,-1.53,-1.58,-1.49,-1.40,-1.31,-1.38,-1.24,0.71,2.10,2.64,2.65,2.66,2.69,2.71,2.71,2.72,2.78,2.80,2.78,2.74,2.69,2.62,2.55,2.47,2.35,2.33,2.28,2.22,2.18,2.20,2.19,2.27,2.39,2.45,2.53,2.58,2.59,2.55,2.36,2.44,2.53,2.55,2.54,2.73,2.88,2.97,3.04,3.10,3.19,3.26,3.29,3.21,3.16,3.10,3.07,3.09,3.07,3.08,3.08,3.04,3.06,3.10,3.12,3.10,3.03,3.10,3.12,3.09,3.04,2.97,2.93,2.89,2.87,2.85,2.69,2.60,2.61,2.67,2.61,2.62,2.64,2.64,2.65,2.73,2.80,2.84,2.88,2.85,2.85,2.86,2.83,2.76,2.66,2.58,2.52,2.47,2.52,2.58,2.60,2.53,2.44,2.52,2.61,2.59,2.61,2.62,2.68,2.78,2.89,2.94,2.95,2.94,2.94,2.88,2.82,2.78,2.72,2.46,2.10,1.69,1.35,0.13,0.13,0.15,0.18,0.19
4.51,4.35,4.31,4.32,4.34,4.31,4.28,4.26,4.25,4.24,4.24,4.23,4.23,4.22,4.22,4.21,4.21,4.22,4.24,4.22,4.23,4.27,4.33,4.24,4.21,4.20,4.19,4.17,4.17,4.14,4.10,4.10,4.08,4.06,4.08,4.14,4.26,4.31,4.36,4.39,4.38,4.36,4.30,4.23,4.15,4.10,4.14,4.18,4.19,4.20,4.16,4.17,4.21,4.25,4.28,4.32,4.35,4.37,4.41,4.42,4.45,4.49,4.50,4.47,4.43,4.37,4.32,4.31,4.31,4.30,4.28,4.23,4.20,4.16,4.13,4.13,4.14,4.15,4.15,4.14,4.06,4.05,4.10,4.14,4.02,4.06,4.06,4.02,3.97,3.89,3.85,3.84,3.85,3.81,3.68,3.62,3.65,3.76,2.40,2.11,2.23,2.44,3.51,3.60,3.51,3.43,3.40,3.47,3.51,3.54,3.55,3.58,3.59,3.59,3.57,3.57,3.55,3.41,3.20,3.07,3.10,3.13,3.02,2.70,2.42,2.16,1.92,1.67,1.33,-0.86,-1.65,-1.59,-1.47,-1.40,-1.44,-1.54,-1.25,1.06,2.23,2.63,2.60,2.61,2.64,2.67,2.70,2.73,2.81,2.84,2.86,2.86,2.78,2.62,2.56,2.51,2.38,2.33,2.31,2.30,2.29,2.29,2.21,2.22,2.30,2.34,2.46,2.52,2.53,2.49,2.44,2.51,2.55,2.54,2.62,2.75,2.91,3.03,3.09,3.15,3.21,3.27,3.30,3.25,3.20,3.14,3.10,3.19,3.22,3.18,3.14,3.13,3.07,3.05,3.06,3.07,3.01,3.05,3.07,3.06,3.03,2.94,2.92,2.92,2.88,2.79,2.70,2.67,2.69,2.72,2.71,2.69,2.68,2.70,2.66,2.71,2.74,2.75,2.83,2.84,2.87,2.87,2.78,2.77,2.68,2.56,2.46,2.51,2.57,2.60,2.58,2.48,2.51,2.62,2.70,2.69,2.69,2.72,2.72,2.69,2.66,2.73,2.81,2.88,2.92,2.80,2.74,2.71,2.66,2.35,2.00,1.59,1.25,0.12,0.12,0.15,0.17,0.24
4.51,4.37,4.33,4.34,4.36,4.31,4.28,4.26,4.24,4.23,4.23,4.22,4.22,4.21,4.21,4.20,4.21,4.21,4.22,4.21,4.23,4.27,4.32,4.25,4.22,4.21,4.22,4.22,4.23,4.19,4.14,4.13,4.09,4.05,4.04,4.09,4.21,4.29,4.34,4.37,4.36,4.36,4.33,4.28,4.22,4.13,4.13,4.13,4.11,4.11,4.09,4.11,4.15,4.19,4.23,4.28,4.32,4.34,4.37,4.39,4.44,4.50,4.52,4.50,4.44,4.38,4.35,4.34,4.32,4.32,4.31,4.28,4.21,4.16,4.13,4.13,4.12,4.15,4.18,4.18,4.10,4.07,4.10,4.13,4.04,4.06,4.05,4.00,3.95,3.86,3.84,3.83,3.81,3.78,3.64,3.63,3.51,2.96,2.03,1.86,2.18,2.79,3.52,3.56,3.50,3.45,3.37,3.38,3.41,3.43,3.42,3.53,3.57,3.57,3.57,3.55,3.45,3.29,3.11,3.00,3.11,3.11,2.92,2.55,2.27,1.98,1.75,1.34,0.23,-1.23,-1.70,-1.60,-1.49,-1.48,-1.56,-1.32,-0.43,1.69,2.44,2.63,2.57,2.57,2.59,2.60,2.64,2.73,2.80,2.85,2.88,2.89,2.85,2.66,2.58,2.52,2.40,2.32,2.33,2.39,2.43,2.39,2.30,2.28,2.30,2.32,2.39,2.45,2.47,2.47,2.50,2.55,2.57,2.58,2.68,2.78,2.91,3.02,3.08,3.13,3.18,3.25,3.30,3.28,3.24,3.18,3.16,3.26,3.29,3.23,3.18,3.18,3.10,3.09,3.08,3.06,3.01,3.01,3.03,3.03,2.99,2.92,2.92,2.92,2.87,2.77,2.72,2.73,2.78,2.80,2.79,2.77,2.76,2.79,2.74,2.74,2.72,2.70,2.79,2.81,2.81,2.78,2.71,2.71,2.65,2.54,2.46,2.56,2.62,2.62,2.55,2.44,2.58,2.68,2.74,2.75,2.74,2.78,2.76,2.68,2.63,2.65,2.68,2.73,2.78,2.70,2.66,2.63,2.58,2.29,1.95,1.61,1.36,0.32,0.16,0.14,0.17,0.27
4.39,4.36,4.35,4.36,4.38,4.32,4.30,4.26,4.24,4.22,4.22,4.21,4.21,4.20,4.20,4.19,4.20,4.21,4.19,4.21,4.23,4.26,4.31,4.25,4.22,4.21,4.22,4.23,4.28,4.27,4.22,4.17,4.11,4.08,4.05,4.04,4.16,4.26,4.31,4.31,4.29,4.32,4.33,4.33,4.33,4.26,4.20,4.12,4.04,4.01,4.03,4.06,4.10,4.14,4.16,4.20,4.26,4.31,4.33,4.40,4.46,4.50,4.53,4.52,4.46,4.40,4.38,4.35,4.33,4.33,4.32,4.30,4.22,4.18,4.18,4.16,4.09,4.14,4.21,4.23,4.19,4.12,4.08,4.08,4.10,4.09,4.06,4.02,3.95,3.86,3.85,3.82,3.77,3.74,3.63,3.67,3.20,1.41,1.51,1.60,2.31,3.66,3.60,3.52,3.52,3.53,3.40,3.32,3.30,3.28,3.22,3.46,3.53,3.56,3.57,3.52,3.29,3.13,3.03,2.92,3.16,3.05,2.75,2.42,2.17,1.84,1.64,0.95,-1.64,-1.75,-1.69,-1.61,-1.54,-1.61,-1.66,-0.76,1.10,2.56,2.73,2.66,2.56,2.52,2.56,2.52,2.54,2.71,2.76,2.84,2.86,2.84,2.92,2.74,2.60,2.49,2.41,2.28,2.36,2.50,2.59,2.49,2.46,2.42,2.39,2.37,2.33,2.35,2.41,2.48,2.55,2.56,2.59,2.67,2.72,2.80,2.88,2.96,3.03,3.06,3.13,3.21,3.28,3.31,3.26,3.24,3.26,3.30,3.27,3.23,3.21,3.20,3.15,3.21,3.18,3.07,3.02,2.98,2.99,3.00,2.93,2.91,2.91,2.90,2.85,2.77,2.74,2.79,2.88,2.88,2.86,2.85,2.87,2.93,2.87,2.82,2.75,2.69,2.76,2.76,2.69,2.61,2.61,2.59,2.55,2.52,2.52,2.61,2.67,2.63,2.52,2.41,2.64,2.72,2.73,2.77,2.75,2.80,2.79,2.73,2.78,2.69,2.56,2.49,2.55,2.58,2.59,2.57,2.48,2.26,1.95,1.74,1.66,0.70,0.25,0.13,0.16,0.28
4.40,4.38,4.38,4.39,4.39,4.30,4.28,4.25,4.22,4.21,4.21,4.20,4.20,4.19,4.19,4.19,4.19,4.20,4.19,4.21,4.23,4.25,4.28,4.26,4.23,4.22,4.23,4.25,4.28,4.28,4.24,4.19,4.14,4.10,4.04,4.00,4.12,4.21,4.24,4.23,4.20,4.20,4.24,4.27,4.25,4.22,4.20,4.17,4.12,4.07,4.02,3.98,3.97,4.00,4.06,4.14,4.20,4.24,4.26,4.32,4.39,4.45,4.48,4.49,4.46,4.42,4.40,4.36,4.34,4.33,4.31,4.31,4.26,4.25,4.23,4.15,4.11,4.16,4.22,4.23,4.19,4.14,4.11,4.10,4.09,4.07,4.05,4.03,3.98,3.90,3.87,3.83,3.76,3.67,3.66,3.47,2.75,1.12,1.26,1.55,2.39,3.67,3.54,3.55,3.61,3.64,3.50,3.39,3.34,3.28,3.18,3.28,3.29,3.31,3.36,3.32,3.16,3.07,3.04,3.03,3.17,3.05,2.75,2.35,2.00,1.71,0.78,-0.65,-1.85,-1.81,-1.70,-1.60,-1.53,-1.67,-1.40,-0.04,2.06,2.61,2.66,2.63,2.59,2.52,2.54,2.48,2.48,2.59,2.65,2.74,2.79,2.82,2.90,2.74,2.58,2.47,2.44,2.43,2.48,2.56,2.62,2.60,2.57,2.55,2.55,2.58,2.48,2.42,2.43,2.52,2.56,2.55,2.56,2.60,2.71,2.77,2.81,2.87,2.96,3.02,3.09,3.19,3.28,3.26,3.24,3.25,3.26,3.21,3.23,3.22,3.21,3.20,3.21,3.27,3.21,3.06,3.07,2.99,2.97,2.95,2.90,2.90,2.89,2.86,2.81,2.78,2.83,2.88,2.90,2.90,2.93,2.94,2.99,3.07,3.05,2.95,2.83,2.74,2.77,2.76,2.70,2.65,2.65,2.57,2.55,2.55,2.58,2.64,2.65,2.58,2.51,2.55,2.70,2.74,2.75,2.79,2.78,2.83,2.80,2.73,2.87,2.74,2.61,2.51,2.45,2.54,2.51,2.46,2.42,2.24,2.01,1.82,1.67,1.44,0.36,0.12,0.15,0.22
4.39,4.39,4.40,4.42,4.40,4.28,4.27,4.24,4.22,4.21,4.20,4.19,4.19,4.18,4.18,4.18,4.18,4.19,4.19,4.21,4.23,4.25,4.26,4.26,4.24,4.23,4.24,4.26,4.27,4.27,4.24,4.19,4.14,4.09,4.04,3.99,4.10,4.15,4.15,4.12,4.11,4.10,4.14,4.17,4.15,4.16,4.18,4.18,4.16,4.12,4.04,3.96,3.91,3.92,3.97,4.05,4.12,4.15,4.18,4.24,4.31,4.38,4.42,4.45,4.46,4.44,4.41,4.36,4.34,4.32,4.30,4.30,4.28,4.27,4.24,4.14,4.13,4.17,4.20,4.21,4.18,4.16,4.13,4.10,4.07,4.06,4.05,4.02,3.98,3.93,3.88,3.82,3.74,3.63,3.69,3.10,2.03,0.91,1.01,1.71,2.71,3.62,3.51,3.60,3.70,3.73,3.59,3.47,3.38,3.29,3.18,3.16,3.13,3.14,3.18,3.16,3.07,3.03,3.06,3.13,3.17,3.05,2.74,2.29,1.87,1.57,0.12,-1.80,-1.92,-1.83,-1.72,-1.62,-1.57,-1.73,-0.79,0.89,2.62,2.57,2.57,2.59,2.60,2.52,2.52,2.47,2.45,2.51,2.56,2.64,2.72,2.77,2.83,2.70,2.56,2.48,2.51,2.58,2.61,2.64,2.67,2.69,2.65,2.64,2.66,2.72,2.58,2.48,2.47,2.54,2.54,2.52,2.51,2.54,2.68,2.72,2.74,2.79,2.91,2.97,3.07,3.17,3.24,3.21,3.22,3.25,3.26,3.17,3.21,3.22,3.20,3.19,3.23,3.28,3.22,3.09,3.12,3.02,2.96,2.93,2.89,2.90,2.88,2.84,2.79,2.79,2.88,2.93,2.93,2.90,2.97,3.02,3.08,3.18,3.17,3.06,2.91,2.79,2.79,2.77,2.72,2.68,2.66,2.57,2.56,2.59,2.63,2.66,2.62,2.55,2.52,2.65,2.73,2.75,2.77,2.82,2.81,2.86,2.84,2.79,2.94,2.79,2.65,2.55,2.44,2.52,2.46,2.39,2.36,2.23,2.06,1.89,1.70,1.48,0.59,0.20,0.14,0.16
4.32,4.38,4.42,4.42,4.38,4.29,4.25,4.23,4.21,4.20,4.19,4.18,4.18,4.17,4.17,4.17,4.16,4.17,4.19,4.21,4.23,4.25,4.26,4.27,4.25,4.23,4.24,4.27,4.26,4.23,4.21,4.17,4.09,4.07,4.05,4.02,4.10,4.07,4.00,3.96,4.04,4.03,4.04,4.04,4.02,4.07,4.10,4.11,4.11,4.11,4.10,4.06,4.01,3.98,3.91,3.93,3.99,4.04,4.11,4.14,4.20,4.28,4.35,4.43,4.44,4.42,4.38,4.33,4.32,4.31,4.29,4.28,4.24,4.21,4.17,4.11,4.15,4.17,4.16,4.15,4.16,4.14,4.10,4.06,4.06,4.08,4.05,3.99,3.92,3.91,3.87,3.80,3.72,3.64,3.74,2.41,0.80,0.69,0.76,2.26,3.48,3.56,3.55,3.67,3.77,3.80,3.68,3.55,3.43,3.31,3.19,3.17,3.14,3.12,3.11,3.05,3.06,3.06,3.07,3.16,3.17,3.03,2.71,2.24,1.80,1.41,-0.09,-1.97,-1.95,-1.85,-1.75,-1.69,-1.73,-1.81,0.45,2.19,2.49,2.47,2.51,2.54,2.55,2.52,2.53,2.51,2.48,2.47,2.50,2.58,2.63,2.65,2.68,2.61,2.56,2.56,2.64,2.72,2.77,2.78,2.75,2.72,2.69,2.69,2.70,2.69,2.57,2.51,2.51,2.55,2.49,2.46,2.47,2.52,2.61,2.64,2.66,2.72,2.86,2.93,3.04,3.12,3.16,3.18,3.21,3.24,3.25,3.22,3.26,3.22,3.16,3.14,3.18,3.22,3.22,3.18,3.17,3.07,2.98,2.93,2.91,2.90,2.87,2.84,2.81,2.83,2.88,2.94,2.97,2.89,2.96,3.05,3.14,3.23,3.19,3.11,2.97,2.83,2.81,2.78,2.73,2.67,2.62,2.56,2.58,2.63,2.66,2.65,2.61,2.57,2.57,2.62,2.71,2.76,2.79,2.84,2.84,2.90,2.95,2.97,2.97,2.81,2.67,2.58,2.57,2.50,2.45,2.39,2.30,2.21,2.09,1.94,1.77,1.60,1.03,0.46,0.12,0.13
4.30,4.37,4.39,4.39,4.36,4.29,4.26,4.23,4.21,4.19,4.18,4.17,4.17,4.16,4.16,4.16,4.16,4.17,4.19,4.21,4.23,4.25,4.26,4.28,4.25,4.24,4.25,4.26,4.23,4.20,4.17,4.12,4.06,4.03,4.01,4.02,4.07,4.01,3.98,4.01,4.11,4.11,4.10,4.08,4.05,4.04,4.00,3.99,4.02,4.06,4.08,4.07,4.04,4.02,3.95,3.94,3.94,3.94,3.95,4.01,4.09,4.18,4.23,4.31,4.34,4.34,4.34,4.33,4.32,4.32,4.30,4.24,4.19,4.16,4.13,4.11,4.17,4.18,4.15,4.13,4.17,4.16,4.12,4.08,4.11,4.13,4.06,3.96,3.92,3.92,3.87,3.79,3.72,3.70,2.51,1.19,0.32,0.46,1.80,3.02,3.64,3.55,3.60,3.72,3.81,3.81,3.70,3.57,3.45,3.32,3.20,3.15,3.15,3.13,3.08,3.02,3.06,3.09,3.10,3.09,3.06,2.95,2.64,2.12,1.71,0.35,-1.06,-2.03,-1.97,-1.87,-1.81,-1.79,-1.76,-0.81,1.25,2.50,2.48,2.46,2.51,2.54,2.53,2.49,2.55,2.56,2.55,2.56,2.58,2.59,2.61,2.62,2.61,2.58,2.56,2.60,2.73,2.79,2.81,2.81,2.79,2.80,2.78,2.76,2.72,2.64,2.54,2.53,2.55,2.55,2.55,2.57,2.59,2.61,2.63,2.66,2.67,2.70,2.81,2.86,2.94,3.03,3.10,3.14,3.17,3.21,3.25,3.28,3.28,3.22,3.16,3.14,3.17,3.15,3.13,3.13,3.13,3.06,2.99,2.93,2.90,2.87,2.84,2.80,2.80,2.91,2.96,2.98,2.97,2.89,2.99,3.07,3.14,3.20,3.16,3.09,2.99,2.87,2.85,2.81,2.75,2.67,2.60,2.56,2.61,2.66,2.68,2.67,2.61,2.58,2.59,2.62,2.71,2.75,2.78,2.82,2.87,2.92,2.97,3.01,2.96,2.84,2.70,2.60,2.60,2.53,2.46,2.36,2.25,2.23,2.12,2.00,1.89,1.74,1.22,0.56,0.10,0.11
4.29,4.35,4.35,4.34,4.35,4.31,4.27,4.23,4.20,4.17,4.17,4.16,4.16,4.16,4.15,4.16,4.16,4.17,4.19,4.21,4.23,4.25,4.26,4.29,4.26,4.24,4.25,4.23,4.20,4.17,4.12,4.06,4.03,3.98,3.97,4.02,4.03,3.97,4.00,4.11,4.21,4.22,4.20,4.16,4.12,4.05,3.93,3.89,3.94,3.99,4.03,4.04,4.04,4.03,4.01,3.98,3.94,3.87,3.81,3.88,3.98,4.06,4.09,4.16,4.21,4.24,4.28,4.32,4.33,4.33,4.31,4.20,4.15,4.12,4.10,4.12,4.18,4.18,4.15,4.12,4.18,4.18,4.14,4.12,4.17,4.19,4.07,3.94,3.92,3.93,3.86,3.78,3.73,3.76,1.10,-0.01,0.09,0.23,3.02,3.71,3.60,3.56,3.64,3.76,3.82,3.80,3.71,3.59,3.46,3.33,3.21,3.13,3.16,3.15,3.07,3.02,3.06,3.12,3.12,2.99,2.92,2.85,2.57,2.01,1.45,-0.87,-2.10,-2.06,-1.99,-1.89,-1.87,-1.87,-1.69,0.48,1.86,2.48,2.51,2.48,2.52,2.54,2.53,2.48,2.57,2.61,2.63,2.67,2.70,2.63,2.61,2.64,2.57,2.58,2.59,2.64,2.79,2.81,2.82,2.81,2.82,2.87,2.85,2.82,2.74,2.60,2.51,2.55,2.59,2.56,2.65,2.73,2.76,2.74,2.72,2.76,2.74,2.72,2.77,2.81,2.84,2.92,3.05,3.10,3.13,3.17,3.24,3.33,3.27,3.21,3.17,3.17,3.17,3.09,3.04,3.05,3.06,3.03,2.98,2.92,2.87,2.84,2.80,2.78,2.81,3.01,3.06,3.04,2.98,2.91,3.02,3.08,3.12,3.16,3.13,3.06,2.99,2.92,2.88,2.83,2.76,2.67,2.59,2.57,2.63,2.68,2.69,2.67,2.61,2.59,2.62,2.66,2.72,2.74,2.76,2.80,2.89,2.93,2.97,3.00,2.93,2.87,2.74,2.63,2.60,2.57,2.46,2.32,2.21,2.26,2.14,2.06,2.01,1.89,1.36,0.71,0.21,0.09
4.24,4.33,4.32,4.31,4.33,4.32,4.28,4.23,4.19,4.17,4.15,4.15,4.15,4.14,4.14,4.14,4.15,4.17,4.19,4.21,4.23,4.25,4.26,4.29,4.26,4.24,4.23,4.20,4.20,4.16,4.09,4.04,3.93,3.94,3.99,4.03,4.01,4.03,4.10,4.17,4.18,4.18,4.17,4.15,4.13,4.13,4.05,3.99,3.96,3.89,3.92,3.95,3.96,3.97,3.99,4.01,4.01,3.98,3.93,3.92,3.90,3.90,3.94,4.02,4.09,4.15,4.20,4.24,4.28,4.29,4.28,4.21,4.13,4.08,4.08,4.12,4.09,4.14,4.17,4.16,4.20,4.15,4.11,4.11,4.19,4.20,4.11,3.99,3.92,3.86,3.82,3.78,3.75,3.81,0.93,-0.26,-0.14,0.01,2.92,3.64,3.58,3.62,3.70,3.73,3.75,3.75,3.68,3.59,3.48,3.35,3.23,3.16,3.20,3.18,3.09,3.08,3.11,3.12,3.07,2.93,2.80,2.69,2.52,2.07,0.27,-1.39,-2.12,-2.08,-2.02,-1.95,-1.92,-1.81,-1.32,1.38,2.27,2.45,2.47,2.49,2.50,2.50,2.52,2.58,2.62,2.64,2.66,2.69,2.75,2.68,2.70,2.76,2.65,2.66,2.66,2.68,2.75,2.75,2.77,2.78,2.79,2.83,2.82,2.79,2.72,2.59,2.55,2.58,2.60,2.60,2.72,2.85,2.89,2.89,2.99,2.97,2.91,2.85,2.83,2.85,2.86,2.91,3.00,3.02,3.05,3.11,3.17,3.24,3.24,3.21,3.19,3.20,3.19,3.12,3.06,3.04,3.00,2.95,2.91,2.89,2.85,2.82,2.81,2.83,2.91,3.03,3.07,3.06,3.03,3.00,3.02,3.05,3.08,3.09,3.07,3.03,2.98,2.93,2.88,2.82,2.74,2.64,2.53,2.59,2.66,2.69,2.67,2.61,2.58,2.62,2.70,2.76,2.77,2.77,2.77,2.81,2.89,2.92,2.96,2.99,2.90,2.82,2.77,2.71,2.62,2.60,2.49,2.36,2.23,2.18,2.13,2.09,2.07,2.05,1.67,1.64,1.78,0.11
4.18,4.25,4.25,4.27,4.30,4.31,4.28,4.23,4.18,4.17,4.14,4.14,4.14,4.14,4.13,4.14,4.15,4.17,4.19,4.21,4.23,4.25,4.26,4.28,4.27,4.25,4.22,4.18,4.17,4.11,4.04,4.01,3.89,3.94,4.01,4.02,4.03,4.08,4.14,4.19,4.15,4.15,4.14,4.13,4.12,4.14,4.09,4.05,4.01,3.92,3.93,3.92,3.90,3.88,3.92,3.96,4.00,4.00,3.98,3.96,3.91,3.88,3.89,3.93,3.97,4.03,4.11,4.17,4.22,4.24,4.23,4.19,4.14,4.10,4.08,4.09,4.07,4.13,4.18,4.17,4.19,4.14,4.11,4.13,4.22,4.19,4.10,4.00,3.90,3.82,3.77,3.76,3.52,2.24,0.25,-0.50,-0.02,1.28,3.15,3.59,3.58,3.67,3.72,3.70,3.69,3.69,3.63,3.57,3.47,3.36,3.24,3.17,3.20,3.18,3.11,3.10,3.19,3.18,3.07,2.89,2.70,2.56,2.32,1.67,-0.80,-1.82,-2.14,-2.10,-2.05,-1.99,-1.97,-1.58,-0.36,1.91,2.44,2.44,2.45,2.49,2.50,2.51,2.54,2.65,2.65,2.67,2.69,2.71,2.77,2.76,2.79,2.82,2.72,2.73,2.72,2.71,2.73,2.74,2.75,2.75,2.76,2.79,2.79,2.76,2.69,2.57,2.58,2.59,2.60,2.65,2.79,2.93,2.99,3.01,3.11,3.08,3.01,2.93,2.91,2.95,2.94,2.95,2.99,2.99,3.01,3.05,3.11,3.16,3.16,3.16,3.17,3.21,3.18,3.12,3.07,3.05,2.99,2.93,2.89,2.87,2.83,2.81,2.83,2.89,2.97,3.03,3.06,3.08,3.07,3.04,3.00,3.02,3.05,3.05,3.01,2.98,2.95,2.91,2.88,2.80,2.70,2.61,2.54,2.62,2.68,2.69,2.64,2.59,2.62,2.72,2.84,2.90,2.85,2.82,2.81,2.84,2.90,2.92,2.95,2.98,2.90,2.83,2.77,2.72,2.63,2.61,2.51,2.38,2.23,2.14,2.14,2.12,2.08,2.12,1.90,1.76,1.70,0.47
4.11,4.13,4.16,4.21,4.26,4.28,4.28,4.24,4.18,4.16,4.14,4.13,4.13,4.13,4.13,4.14,4.15,4.17,4.19,4.21,4.23,4.25,4.26,4.28,4.29,4.27,4.22,4.17,4.11,4.03,3.96,3.96,3.92,3.98,4.02,4.01,4.08,4.10,4.15,4.19,4.12,4.11,4.11,4.10,4.09,4.09,4.09,4.09,4.07,4.03,4.01,3.95,3.85,3.76,3.82,3.88,3.92,3.97,4.00,4.00,3.99,3.97,3.92,3.88,3.84,3.87,4.01,4.09,4.14,4.18,4.18,4.15,4.17,4.15,4.11,4.04,4.09,4.15,4.18,4.16,4.17,4.14,4.14,4.17,4.27,4.15,4.05,3.97,3.89,3.82,3.73,3.72,3.08,-0.57,-0.83,-0.73,0.38,3.70,3.62,3.56,3.58,3.70,3.71,3.65,3.63,3.62,3.58,3.52,3.46,3.37,3.25,3.19,3.18,3.17,3.14,3.11,3.28,3.28,3.13,2.89,2.63,2.45,2.01,0.92,-1.77,-2.19,-2.14,-2.10,-2.09,-2.01,-2.02,-1.22,1.07,2.16,2.42,2.44,2.46,2.49,2.53,2.55,2.59,2.71,2.69,2.69,2.71,2.73,2.75,2.87,2.89,2.82,2.80,2.80,2.77,2.74,2.74,2.76,2.76,2.74,2.72,2.75,2.76,2.73,2.65,2.56,2.61,2.58,2.60,2.72,2.87,2.99,3.07,3.11,3.10,3.10,3.04,2.98,2.99,3.08,3.07,3.04,3.04,3.01,3.00,3.01,3.04,3.08,3.04,3.07,3.14,3.20,3.15,3.10,3.07,3.07,3.00,2.96,2.91,2.85,2.81,2.79,2.86,2.95,3.00,3.00,3.05,3.08,3.08,3.03,2.96,2.99,3.04,3.04,2.94,2.91,2.89,2.87,2.86,2.78,2.66,2.57,2.60,2.67,2.70,2.68,2.61,2.60,2.71,2.88,3.04,3.06,2.94,2.89,2.88,2.88,2.91,2.91,2.94,2.97,2.92,2.88,2.77,2.65,2.63,2.61,2.53,2.39,2.22,2.13,2.17,2.13,2.06,2.12,2.07,1.80,1.56,1.08
4.14,4.15,4.18,4.20,4.21,4.17,4.18,4.19,4.19,4.15,4.13,4.11,4.11,4.12,4.12,4.13,4.15,4.17,4.18,4.19,4.19,4.20,4.21,4.24,4.25,4.21,4.15,4.11,4.03,3.97,3.93,3.90,3.93,3.98,4.00,3.97,4.07,4.14,4.16,4.13,4.09,4.08,4.07,4.07,4.08,4.06,4.07,4.07,4.06,4.04,4.03,4.01,3.96,3.87,3.89,3.85,3.83,3.87,3.94,3.98,3.99,3.98,3.97,3.95,3.93,3.92,3.94,3.96,3.98,4.05,4.12,4.13,4.14,4.13,4.10,4.05,4.10,4.16,4.18,4.16,4.15,4.11,4.10,4.11,4.13,4.09,4.02,3.94,3.85,3.74,3.72,3.33,2.10,-0.95,-1.11,-0.54,0.92,3.71,3.62,3.55,3.57,3.68,3.61,3.59,3.58,3.56,3.53,3.47,3.41,3.34,3.25,3.18,3.15,3.15,3.16,3.11,3.21,3.22,3.14,3.02,2.72,2.35,1.14,-1.04,-2.08,-2.21,-2.17,-2.12,-2.06,-2.03,-1.52,-0.30,1.68,2.22,2.31,2.33,2.43,2.51,2.51,2.55,2.64,2.77,2.72,2.72,2.74,2.76,2.77,2.90,2.90,2.81,2.79,2.83,2.84,2.84,2.87,2.83,2.80,2.77,2.77,2.76,2.74,2.70,2.65,2.60,2.61,2.63,2.68,2.79,2.96,3.03,3.07,3.09,3.09,3.06,3.08,3.11,3.08,3.14,3.12,3.13,3.19,3.16,3.13,3.11,3.10,3.09,3.05,3.05,3.07,3.08,3.08,3.06,3.04,3.03,3.04,2.98,2.93,2.85,2.74,2.79,2.89,2.98,3.02,3.00,3.02,3.05,3.07,3.02,2.97,2.98,3.00,3.00,2.95,2.90,2.86,2.84,2.79,2.70,2.61,2.57,2.64,2.69,2.69,2.63,2.57,2.68,2.85,3.00,3.10,3.15,3.03,2.92,2.88,2.92,2.90,2.92,2.95,2.97,2.95,2.93,2.81,2.68,2.61,2.55,2.50,2.44,2.36,2.25,2.17,2.12,2.09,2.10,2.11,1.91,1.60,1.17
4.16,4.17,4.20,4.21,4.18,4.10,4.09,4.11,4.14,4.13,4.11,4.10,4.10,4.11,4.11,4.12,4.13,4.14,4.15,4.15,4.15,4.15,4.17,4.20,4.21,4.18,4.11,4.04,3.96,3.92,3.90,3.87,3.94,3.98,3.98,3.96,4.07,4.16,4.15,4.08,4.06,4.05,4.04,4.05,4.06,4.04,4.04,4.05,4.04,4.05,4.04,4.05,4.04,3.97,3.96,3.88,3.82,3.84,3.88,3.92,3.95,3.98,3.99,4.00,3.99,3.96,3.93,3.91,3.90,3.96,4.05,4.10,4.11,4.09,4.06,4.04,4.11,4.15,4.16,4.14,4.12,4.07,4.06,4.06,4.03,4.02,3.97,3.89,3.81,3.70,3.73,3.32,2.21,0.27,-0.08,0.52,1.84,3.65,3.61,3.54,3.55,3.63,3.53,3.53,3.52,3.49,3.48,3.42,3.36,3.31,3.26,3.17,3.13,3.14,3.16,3.12,3.16,3.17,3.15,3.09,2.82,2.01,0.21,-2.29,-2.26,-2.22,-2.19,-2.15,-2.07,-2.03,-0.97,0.63,2.15,2.34,2.31,2.32,2.43,2.53,2.51,2.55,2.66,2.80,2.75,2.76,2.78,2.79,2.82,2.91,2.91,2.82,2.82,2.89,2.92,2.94,2.98,2.92,2.85,2.81,2.80,2.76,2.72,2.69,2.66,2.65,2.62,2.66,2.75,2.86,3.03,3.08,3.09,3.09,3.09,3.05,3.11,3.19,3.16,3.19,3.20,3.24,3.32,3.28,3.24,3.20,3.16,3.12,3.10,3.08,3.04,3.00,3.02,3.02,3.00,2.98,3.03,2.99,2.94,2.85,2.73,2.83,2.93,3.00,3.02,3.00,3.01,3.02,3.04,3.01,2.98,2.97,2.96,2.96,2.95,2.89,2.84,2.81,2.74,2.63,2.58,2.60,2.69,2.70,2.66,2.60,2.57,2.74,2.92,3.04,3.10,3.17,3.11,2.98,2.91,2.98,2.94,2.95,2.97,2.97,2.98,2.96,2.85,2.71,2.64,2.58,2.54,2.51,2.49,2.38,2.21,2.14,2.12,2.07,2.13,2.01,1.73,1.34
4.18,4.21,4.23,4.23,4.20,4.10,4.02,3.98,4.00,4.06,4.06,4.08,4.09,4.09,4.11,4.10,4.08,4.06,4.06,4.07,4.08,4.10,4.14,4.16,4.18,4.17,4.13,3.99,3.92,3.87,3.85,3.89,3.95,3.97,3.97,3.98,4.08,4.15,4.12,4.04,4.03,4.02,4.02,4.02,4.03,4.02,4.02,4.02,4.03,4.06,4.05,4.06,4.06,4.04,4.03,4.00,3.97,3.93,3.82,3.81,3.86,3.94,3.96,4.00,4.01,4.00,4.00,3.99,3.96,3.94,3.96,4.04,4.08,4.02,3.96,4.02,4.12,4.12,4.10,4.08,4.06,4.01,4.01,4.02,3.98,3.94,3.87,3.80,3.74,3.70,3.77,3.95,4.12,3.98,3.07,2.98,3.39,3.58,3.59,3.54,3.51,3.53,3.50,3.48,3.45,3.43,3.43,3.37,3.31,3.28,3.28,3.17,3.14,3.13,3.13,3.13,3.13,3.14,3.14,3.08,2.92,1.27,-0.78,-2.32,-2.27,-2.23,-2.21,-2.19,-2.15,-2.00,-0.35,1.55,2.44,2.56,2.50,2.45,2.47,2.52,2.53,2.56,2.63,2.76,2.77,2.80,2.83,2.84,2.91,2.92,2.90,2.88,2.89,2.97,3.00,3.03,3.08,3.02,2.92,2.84,2.80,2.76,2.72,2.70,2.70,2.70,2.64,2.68,2.77,2.90,3.09,3.15,3.14,3.10,3.13,3.09,3.12,3.17,3.19,3.23,3.32,3.40,3.40,3.36,3.32,3.27,3.23,3.19,3.24,3.19,3.09,2.98,2.97,2.97,2.94,2.93,2.95,2.97,2.92,2.86,2.83,2.93,2.98,2.99,3.00,3.00,3.00,2.99,2.98,2.97,2.96,2.95,2.95,2.94,2.94,2.87,2.82,2.78,2.73,2.57,2.57,2.68,2.75,2.69,2.61,2.59,2.67,2.80,2.90,2.97,3.03,3.10,3.17,3.07,3.00,3.08,3.06,3.04,3.00,2.95,3.02,2.97,2.86,2.75,2.75,2.74,2.68,2.62,2.60,2.51,2.31,2.20,2.16,2.03,2.11,2.12,2.01,1.77
4.20,4.21,4.17,4.15,4.12,4.05,3.98,3.94,3.94,3.98,3.99,4.00,4.01,4.02,4.02,4.01,4.00,4.00,4.00,4.02,4.03,4.05,4.08,4.11,4.15,4.12,4.03,3.92,3.89,3.85,3.83,3.92,3.93,3.93,3.93,3.97,4.04,4.08,4.10,4.08,4.01,3.99,3.99,4.00,4.01,4.00,4.00,4.01,4.03,4.07,4.07,4.05,4.02,4.04,4.06,4.04,4.04,4.05,3.91,3.89,3.90,3.90,3.86,3.92,3.96,3.99,4.01,4.03,4.00,3.98,4.00,4.07,4.07,4.00,3.93,3.96,4.05,4.05,4.03,4.03,4.00,3.97,3.97,3.97,3.93,3.92,3.83,3.73,3.67,3.71,3.87,4.16,4.47,4.44,3.83,3.63,3.68,3.56,3.61,3.57,3.52,3.48,3.42,3.42,3.41,3.41,3.39,3.32,3.28,3.28,3.30,3.17,3.11,3.10,3.12,3.11,3.10,3.11,3.12,3.09,2.36,0.21,-1.68,-2.34,-2.30,-2.26,-2.23,-2.22,-2.22,-1.01,0.49,1.75,2.37,2.60,2.59,2.54,2.55,2.59,2.64,2.66,2.68,2.74,2.79,2.84,2.87,2.88,2.91,2.91,2.89,2.88,2.93,3.03,3.09,3.13,3.18,3.03,2.95,2.87,2.79,2.77,2.68,2.67,2.71,2.70,2.66,2.71,2.80,2.90,3.10,3.19,3.19,3.16,3.16,3.22,3.25,3.27,3.30,3.28,3.35,3.43,3.47,3.44,3.34,3.29,3.28,3.28,3.27,3.22,3.14,3.04,2.98,2.95,2.92,2.90,2.91,2.92,2.91,2.88,2.87,2.95,2.97,2.99,3.01,3.01,3.00,2.98,2.96,2.95,2.95,2.94,2.93,2.93,2.92,2.87,2.82,2.77,2.71,2.59,2.61,2.69,2.73,2.66,2.56,2.55,2.67,2.78,2.84,2.89,2.95,3.03,3.14,3.11,3.11,3.21,3.24,3.20,3.06,2.91,2.95,2.93,2.84,2.76,2.74,2.77,2.73,2.68,2.66,2.59,2.40,2.25,2.16,2.12,2.13,2.16,2.12,1.95
4.22,4.18,4.09,4.03,4.00,3.98,3.94,3.93,3.93,3.93,3.95,3.93,3.92,3.92,3.91,3.91,3.92,3.94,3.95,3.97,3.98,4.00,4.02,4.06,4.12,4.06,3.92,3.85,3.86,3.83,3.83,3.93,3.90,3.89,3.91,3.96,3.99,4.01,4.07,4.11,3.98,3.98,3.98,3.98,3.98,3.98,3.98,4.00,4.04,4.08,4.09,4.04,3.99,4.02,4.07,4.06,4.09,4.15,4.02,4.01,3.97,3.89,3.79,3.85,3.91,3.95,3.99,4.04,4.03,4.04,4.07,4.11,4.08,4.00,3.93,3.91,3.96,3.97,3.97,3.98,3.95,3.93,3.93,3.92,3.88,3.89,3.80,3.68,3.63,3.74,3.97,4.23,4.39,4.08,3.89,3.74,3.63,3.56,3.64,3.62,3.55,3.45,3.36,3.36,3.38,3.38,3.34,3.28,3.26,3.28,3.29,3.17,3.08,3.07,3.12,3.08,3.06,3.07,3.10,3.09,1.39,-0.93,-2.40,-2.35,-2.33,-2.28,-2.25,-2.17,-1.92,0.17,1.27,1.76,2.21,2.57,2.63,2.62,2.64,2.66,2.76,2.78,2.75,2.74,2.82,2.87,2.91,2.92,2.90,2.90,2.88,2.87,2.96,3.10,3.17,3.21,3.24,3.03,2.97,2.89,2.78,2.78,2.65,2.65,2.71,2.68,2.69,2.76,2.83,2.89,3.08,3.19,3.23,3.22,3.20,3.35,3.38,3.37,3.41,3.34,3.35,3.42,3.50,3.49,3.36,3.32,3.34,3.36,3.28,3.24,3.19,3.11,3.00,2.95,2.93,2.91,2.89,2.88,2.89,2.90,2.89,2.93,2.94,2.97,3.01,3.02,3.00,2.98,2.96,2.93,2.94,2.93,2.92,2.92,2.90,2.87,2.83,2.75,2.66,2.64,2.66,2.69,2.69,2.63,2.53,2.54,2.67,2.76,2.78,2.82,2.88,2.97,3.08,3.13,3.18,3.28,3.38,3.30,3.10,2.88,2.87,2.88,2.83,2.75,2.70,2.76,2.76,2.73,2.70,2.65,2.48,2.29,2.17,2.21,2.16,2.18,2.18,2.09
4.18,4.08,3.99,3.92,3.90,3.90,3.91,3.95,4.01,4.06,4.04,3.93,3.85,3.85,3.86,3.89,3.90,3.91,3.91,3.92,3.93,3.94,3.96,4.01,4.07,4.01,3.85,3.83,3.77,3.78,3.85,3.89,3.86,3.89,3.94,3.99,3.94,3.97,4.01,4.00,3.92,4.04,4.05,4.00,3.95,3.96,3.98,4.01,4.05,4.08,4.04,4.03,4.04,4.06,4.06,4.05,4.07,4.12,4.04,4.03,4.03,4.01,3.95,3.92,3.91,3.90,3.90,4.01,4.01,4.05,4.13,4.13,4.07,4.01,3.95,3.90,3.87,3.87,3.89,3.92,3.89,3.88,3.87,3.86,3.84,3.79,3.72,3.66,3.67,3.80,4.04,4.21,4.21,3.94,3.80,3.69,3.62,3.63,3.70,3.66,3.58,3.49,3.37,3.33,3.32,3.31,3.30,3.31,3.29,3.25,3.21,3.15,3.09,3.06,3.07,3.01,3.00,3.01,3.03,3.04,-0.52,-2.04,-2.44,-2.39,-2.35,-2.31,-2.29,-1.87,-0.07,0.98,1.50,1.79,2.12,2.50,2.61,2.64,2.67,2.74,2.86,2.89,2.86,2.87,2.90,2.93,2.94,2.94,2.93,2.93,2.92,2.91,3.01,3.14,3.20,3.21,3.19,3.07,2.98,2.88,2.79,2.77,2.72,2.71,2.72,2.70,2.78,2.85,2.90,2.91,3.02,3.09,3.14,3.19,3.30,3.40,3.42,3.41,3.43,3.41,3.40,3.42,3.43,3.43,3.42,3.41,3.40,3.40,3.34,3.28,3.22,3.13,3.06,3.01,3.02,3.04,2.96,2.89,2.88,2.88,2.86,2.87,2.86,2.89,2.96,3.02,2.99,2.97,2.96,2.92,2.94,2.93,2.90,2.90,2.89,2.86,2.81,2.71,2.60,2.64,2.70,2.72,2.67,2.58,2.60,2.68,2.78,2.81,2.74,2.75,2.83,2.90,3.00,3.08,3.12,3.11,3.25,3.11,2.97,2.90,2.87,2.87,2.83,2.77,2.71,2.74,2.75,2.74,2.71,2.65,2.48,2.33,2.23,2.20,2.14,2.18,2.24,2.23
4.05,3.98,3.92,3.85,3.80,3.84,3.89,3.96,4.06,4.15,4.09,3.99,3.89,3.85,3.83,3.83,3.84,3.86,3.87,3.87,3.88,3.90,3.91,3.98,4.01,3.94,3.81,3.81,3.73,3.77,3.84,3.84,3.85,3.90,3.97,4.03,4.00,4.00,4.00,3.98,3.91,4.03,4.03,3.98,3.94,3.99,4.00,4.02,4.05,4.09,4.03,4.04,4.08,4.10,4.08,4.07,4.08,4.09,4.06,4.06,4.06,4.06,4.04,3.98,3.94,3.91,3.90,3.95,3.98,4.05,4.13,4.12,4.06,4.01,3.96,3.91,3.88,3.86,3.85,3.84,3.79,3.81,3.82,3.81,3.79,3.70,3.65,3.65,3.71,3.89,4.10,4.15,4.03,3.84,3.73,3.66,3.63,3.66,3.70,3.68,3.61,3.52,3.39,3.33,3.32,3.34,3.32,3.33,3.28,3.23,3.21,3.16,3.11,3.05,3.01,3.00,2.96,2.96,2.67,1.63,-1.58,-2.49,-2.46,-2.42,-2.37,-2.36,-2.33,-1.69,0.84,1.60,1.91,2.07,2.28,2.53,2.64,2.70,2.76,2.86,2.97,3.01,2.99,2.99,2.99,3.01,3.02,2.99,2.98,2.96,2.95,2.95,3.02,3.14,3.18,3.17,3.15,3.07,2.98,2.88,2.79,2.75,2.75,2.73,2.72,2.77,2.88,2.95,2.99,3.00,3.06,3.09,3.14,3.22,3.33,3.39,3.41,3.41,3.44,3.46,3.44,3.41,3.37,3.32,3.34,3.35,3.35,3.41,3.37,3.33,3.26,3.18,3.12,3.08,3.07,3.07,2.99,2.91,2.89,2.89,2.87,2.87,2.85,2.86,2.91,2.96,2.92,2.92,2.94,2.92,2.94,2.93,2.90,2.88,2.86,2.84,2.77,2.65,2.60,2.68,2.72,2.71,2.64,2.58,2.66,2.77,2.86,2.85,2.77,2.77,2.82,2.86,2.91,2.98,3.01,2.97,3.05,2.96,2.90,2.92,2.86,2.87,2.83,2.76,2.68,2.73,2.74,2.75,2.73,2.66,2.54,2.42,2.30,2.20,2.18,2.19,2.23,2.25
3.86,3.87,3.88,3.81,3.72,3.79,3.86,3.96,4.09,4.22,4.12,4.07,4.00,3.90,3.83,3.75,3.74,3.79,3.83,3.81,3.83,3.85,3.88,3.95,3.93,3.87,3.80,3.78,3.74,3.77,3.80,3.78,3.87,3.91,3.99,4.10,4.15,4.08,4.04,4.02,3.91,3.96,3.96,3.94,3.94,4.05,4.05,4.03,4.05,4.11,4.04,4.06,4.12,4.13,4.11,4.11,4.10,4.07,4.08,4.07,4.07,4.07,4.07,4.05,4.00,3.96,3.95,3.87,3.94,4.04,4.10,4.07,4.05,4.01,3.97,3.94,3.94,3.90,3.82,3.74,3.66,3.73,3.77,3.76,3.74,3.62,3.60,3.64,3.75,4.00,4.16,4.08,3.84,3.77,3.68,3.65,3.65,3.67,3.68,3.68,3.64,3.54,3.41,3.33,3.35,3.42,3.38,3.33,3.25,3.22,3.26,3.19,3.13,3.04,2.95,3.05,2.94,2.92,2.10,-0.72,-2.08,-2.49,-2.49,-2.45,-2.41,-2.43,-2.36,-1.60,1.11,2.09,2.44,2.51,2.60,2.62,2.68,2.77,2.88,3.01,3.09,3.13,3.14,3.11,3.09,3.12,3.12,3.05,3.03,2.99,2.97,2.97,3.00,3.11,3.12,3.10,3.11,3.03,2.97,2.89,2.79,2.72,2.76,2.74,2.72,2.87,2.98,3.04,3.09,3.14,3.16,3.15,3.20,3.29,3.31,3.34,3.36,3.39,3.43,3.50,3.48,3.41,3.32,3.20,3.18,3.18,3.23,3.40,3.40,3.36,3.31,3.25,3.19,3.15,3.09,3.01,2.99,2.93,2.91,2.92,2.91,2.91,2.87,2.84,2.85,2.85,2.82,2.84,2.89,2.93,2.95,2.93,2.90,2.87,2.83,2.81,2.72,2.58,2.65,2.74,2.74,2.68,2.60,2.63,2.72,2.84,2.93,2.90,2.84,2.83,2.84,2.82,2.81,2.85,2.88,2.85,2.81,2.82,2.89,2.94,2.86,2.85,2.82,2.75,2.64,2.73,2.75,2.75,2.75,2.66,2.63,2.54,2.39,2.19,2.25,2.22,2.17,2.18
3.74,3.70,3.73,3.70,3.63,3.67,3.75,3.87,4.00,4.08,4.09,4.04,3.96,3.85,3.77,3.71,3.69,3.72,3.75,3.74,3.74,3.76,3.81,3.83,3.84,3.83,3.79,3.71,3.75,3.78,3.78,3.74,3.84,3.94,4.04,4.16,4.26,4.17,4.11,4.10,4.03,3.99,3.94,3.92,3.94,3.99,3.97,3.99,4.04,4.03,4.07,4.15,4.20,4.15,4.12,4.12,4.10,4.08,4.07,4.07,4.07,4.07,4.08,4.06,4.02,3.98,3.96,3.93,3.95,4.00,4.03,3.99,3.96,3.95,3.95,3.92,3.93,3.92,3.87,3.80,3.73,3.72,3.68,3.64,3.63,3.61,3.65,3.71,3.77,3.91,3.99,3.94,3.78,3.71,3.61,3.61,3.65,3.69,3.70,3.69,3.63,3.49,3.41,3.40,3.46,3.54,3.47,3.38,3.29,3.24,3.26,3.23,3.17,3.06,2.93,2.95,2.89,2.27,0.78,-1.88,-2.34,-2.50,-2.51,-2.49,-2.47,-2.49,-1.56,0.15,1.69,2.43,2.65,2.64,2.65,2.68,2.68,2.75,2.88,3.01,3.09,3.14,3.16,3.17,3.11,3.11,3.10,3.01,3.00,3.03,3.03,3.02,3.04,3.06,3.04,3.01,3.00,3.00,2.97,2.89,2.79,2.79,2.79,2.79,2.81,2.89,3.03,3.12,3.17,3.20,3.21,3.21,3.25,3.32,3.38,3.38,3.38,3.39,3.41,3.44,3.44,3.37,3.25,3.18,3.14,3.14,3.15,3.17,3.16,3.16,3.16,3.16,3.14,3.10,3.04,2.96,2.91,2.86,2.90,2.95,2.92,2.90,2.88,2.88,2.89,2.88,2.83,2.84,2.89,2.91,2.87,2.88,2.90,2.87,2.82,2.74,2.66,2.61,2.70,2.75,2.73,2.66,2.55,2.67,2.82,2.93,2.95,2.91,2.88,2.89,2.92,2.94,2.95,2.93,2.88,2.82,2.80,2.81,2.85,2.90,2.91,2.90,2.83,2.73,2.67,2.75,2.76,2.75,2.74,2.71,2.68,2.58,2.42,2.27,2.25,2.20,2.16,2.13
3.74,3.61,3.63,3.63,3.58,3.57,3.64,3.76,3.88,3.94,4.00,3.99,3.91,3.80,3.73,3.68,3.66,3.67,3.71,3.69,3.68,3.71,3.77,3.75,3.77,3.77,3.74,3.68,3.76,3.78,3.77,3.74,3.85,3.97,4.09,4.20,4.31,4.21,4.14,4.12,4.09,4.01,3.94,3.91,3.92,3.93,3.93,3.97,4.03,3.99,4.06,4.15,4.19,4.13,4.11,4.11,4.11,4.09,4.08,4.07,4.07,4.07,4.10,4.07,4.04,4.01,3.97,3.97,3.99,4.01,4.01,3.98,3.93,3.92,3.91,3.87,3.89,3.90,3.89,3.84,3.79,3.73,3.67,3.61,3.60,3.65,3.71,3.76,3.79,3.84,3.85,3.81,3.72,3.64,3.57,3.59,3.66,3.70,3.70,3.65,3.54,3.41,3.44,3.47,3.53,3.59,3.52,3.42,3.32,3.27,3.27,3.22,3.15,3.04,2.94,2.90,2.84,1.46,-0.70,-2.60,-2.55,-2.56,-2.56,-2.54,-2.53,-1.99,-0.37,1.64,2.25,2.68,2.78,2.72,2.68,2.69,2.68,2.74,2.88,3.00,3.09,3.14,3.17,3.23,3.12,3.11,3.09,3.02,3.02,3.07,3.08,3.07,3.07,3.06,3.03,2.98,2.94,2.95,2.93,2.87,2.81,2.85,2.83,2.84,2.89,2.93,3.07,3.16,3.21,3.22,3.23,3.24,3.28,3.37,3.46,3.43,3.39,3.37,3.37,3.38,3.40,3.36,3.26,3.22,3.15,3.11,3.09,3.04,3.03,3.04,3.06,3.08,3.09,3.04,2.98,2.92,2.86,2.85,2.93,2.99,2.91,2.89,2.89,2.91,2.93,2.92,2.87,2.87,2.90,2.90,2.82,2.84,2.87,2.85,2.78,2.70,2.65,2.66,2.75,2.76,2.72,2.64,2.54,2.73,2.89,2.97,2.96,2.93,2.92,2.94,2.99,3.00,3.05,3.01,2.92,2.83,2.81,2.80,2.83,2.89,2.94,2.91,2.82,2.72,2.70,2.75,2.76,2.75,2.73,2.72,2.71,2.61,2.44,2.32,2.24,2.20,2.17,2.12
3.90,3.64,3.60,3.60,3.58,3.52,3.54,3.62,3.72,3.78,3.86,3.89,3.84,3.74,3.69,3.65,3.64,3.66,3.70,3.65,3.66,3.71,3.78,3.75,3.75,3.70,3.64,3.72,3.77,3.76,3.76,3.82,3.89,4.01,4.12,4.19,4.28,4.18,4.11,4.09,4.06,4.02,3.97,3.92,3.88,3.89,3.92,3.96,4.00,3.99,3.99,4.03,4.06,4.05,4.08,4.09,4.10,4.10,4.08,4.07,4.06,4.07,4.12,4.09,4.07,4.04,4.00,4.01,4.07,4.08,4.03,4.07,3.98,3.92,3.87,3.79,3.82,3.84,3.86,3.87,3.83,3.78,3.75,3.72,3.70,3.75,3.78,3.79,3.81,3.80,3.76,3.72,3.67,3.56,3.55,3.60,3.66,3.70,3.69,3.53,3.35,3.27,3.52,3.55,3.55,3.53,3.50,3.41,3.34,3.31,3.30,3.18,3.06,2.98,2.97,2.95,2.82,0.41,-2.41,-2.67,-2.67,-2.66,-2.64,-2.60,-2.61,-0.70,1.37,2.78,2.78,2.81,2.78,2.73,2.68,2.67,2.68,2.75,2.89,2.98,3.08,3.14,3.18,3.26,3.13,3.09,3.10,3.10,3.11,3.11,3.12,3.12,3.10,3.10,3.09,3.04,2.94,2.88,2.83,2.81,2.83,2.88,2.88,2.90,2.94,3.00,3.10,3.16,3.19,3.19,3.20,3.21,3.30,3.45,3.54,3.49,3.40,3.32,3.30,3.33,3.36,3.38,3.37,3.33,3.22,3.12,3.05,3.06,3.04,3.01,3.00,3.02,3.04,2.96,2.90,2.89,2.87,2.94,3.02,3.03,2.90,2.88,2.91,2.94,2.96,2.95,2.94,2.93,2.92,2.89,2.81,2.81,2.82,2.78,2.71,2.69,2.70,2.74,2.79,2.77,2.70,2.62,2.59,2.83,2.92,2.95,2.95,2.96,2.96,3.00,3.02,2.97,3.10,3.10,3.01,2.90,2.87,2.80,2.81,2.90,2.94,2.88,2.78,2.72,2.73,2.73,2.74,2.73,2.71,2.70,2.70,2.61,2.45,2.32,2.22,2.21,2.21,2.15
3.96,3.73,3.66,3.64,3.61,3.54,3.56,3.60,3.65,3.70,3.70,3.72,3.73,3.69,3.65,3.63,3.64,3.67,3.69,3.66,3.67,3.71,3.76,3.76,3.75,3.72,3.70,3.78,3.78,3.74,3.74,3.85,3.89,3.98,4.07,4.12,4.19,4.12,4.06,4.03,3.99,3.99,3.94,3.89,3.90,3.96,4.02,4.07,4.08,3.98,3.97,4.00,4.03,4.01,4.03,4.05,4.08,4.09,4.10,4.10,4.08,4.07,4.12,4.12,4.11,4.07,4.03,4.06,4.08,4.04,3.97,3.93,3.90,3.87,3.86,3.85,3.83,3.78,3.76,3.77,3.78,3.77,3.76,3.76,3.76,3.79,3.80,3.81,3.81,3.79,3.74,3.68,3.62,3.52,3.56,3.62,3.67,3.69,3.68,3.51,3.35,3.34,3.55,3.56,3.53,3.51,3.47,3.40,3.35,3.33,3.31,3.17,3.08,3.04,3.05,3.16,1.70,-0.72,-2.76,-2.73,-2.72,-2.71,-2.70,-2.66,-2.52,-0.03,2.02,2.95,2.84,2.81,2.77,2.73,2.72,2.69,2.72,2.79,2.89,2.96,3.05,3.12,3.18,3.23,3.14,3.12,3.13,3.15,3.11,3.13,3.15,3.14,3.11,3.12,3.12,3.08,3.00,2.92,2.84,2.83,2.87,2.90,2.92,2.95,3.00,3.06,3.14,3.18,3.20,3.20,3.23,3.24,3.31,3.42,3.50,3.45,3.36,3.29,3.30,3.34,3.39,3.42,3.41,3.36,3.27,3.20,3.16,3.15,3.08,3.05,3.04,3.04,3.04,2.99,2.94,2.91,2.91,2.98,3.03,3.04,2.98,2.94,2.94,2.96,2.98,3.00,2.93,2.90,2.90,2.90,2.86,2.84,2.80,2.73,2.71,2.71,2.74,2.77,2.79,2.75,2.69,2.62,2.59,2.80,2.89,2.92,2.93,2.95,2.96,2.99,3.02,3.00,3.08,3.07,2.99,2.89,2.87,2.80,2.79,2.85,2.91,2.86,2.77,2.70,2.70,2.73,2.73,2.72,2.69,2.68,2.66,2.59,2.47,2.35,2.25,2.21,2.20,2.18
3.97,3.83,3.76,3.71,3.67,3.60,3.62,3.63,3.62,3.64,3.58,3.59,3.63,3.66,3.64,3.63,3.64,3.67,3.67,3.67,3.68,3.71,3.75,3.77,3.76,3.76,3.80,3.85,3.79,3.72,3.72,3.86,3.87,3.93,4.00,4.05,4.08,4.04,4.00,3.97,3.93,3.93,3.89,3.88,3.94,4.03,4.12,4.19,4.18,3.99,3.98,4.01,4.03,3.98,3.99,4.03,4.05,4.06,4.11,4.13,4.11,4.09,4.12,4.15,4.13,4.09,4.06,4.09,4.07,4.00,3.90,3.78,3.80,3.80,3.80,3.85,3.81,3.75,3.69,3.68,3.70,3.72,3.74,3.77,3.80,3.81,3.82,3.82,3.80,3.78,3.73,3.66,3.57,3.50,3.56,3.63,3.68,3.68,3.66,3.51,3.41,3.45,3.57,3.55,3.52,3.49,3.43,3.38,3.36,3.35,3.31,3.19,3.14,3.13,3.11,3.06,0.31,-1.79,-2.80,-2.78,-2.76,-2.75,-2.75,-2.66,-1.92,0.67,2.41,2.89,2.81,2.78,2.76,2.74,2.75,2.71,2.75,2.82,2.89,2.95,3.01,3.09,3.16,3.17,3.14,3.14,3.16,3.17,3.11,3.15,3.18,3.16,3.13,3.13,3.14,3.11,3.04,2.95,2.87,2.86,2.90,2.91,2.95,3.00,3.05,3.11,3.17,3.20,3.22,3.23,3.26,3.28,3.32,3.36,3.42,3.39,3.32,3.28,3.32,3.35,3.42,3.46,3.43,3.38,3.33,3.30,3.28,3.24,3.13,3.11,3.10,3.06,3.05,3.03,2.98,2.93,2.97,3.02,3.04,3.05,3.07,3.03,3.01,3.00,3.01,3.03,2.91,2.85,2.87,2.90,2.91,2.87,2.80,2.68,2.70,2.73,2.76,2.79,2.77,2.72,2.67,2.63,2.60,2.75,2.83,2.87,2.89,2.91,2.93,2.96,2.99,3.01,3.04,3.02,2.95,2.86,2.85,2.79,2.76,2.79,2.87,2.84,2.76,2.68,2.66,2.71,2.71,2.70,2.68,2.65,2.62,2.58,2.50,2.38,2.28,2.21,2.18,2.21
3.91,3.93,3.87,3.82,3.81,3.75,3.72,3.68,3.63,3.60,3.62,3.64,3.67,3.69,3.70,3.68,3.67,3.65,3.63,3.65,3.70,3.75,3.79,3.81,3.82,3.84,3.87,3.89,3.84,3.77,3.74,3.82,3.82,3.87,3.93,3.97,3.98,3.95,3.92,3.89,3.86,3.84,3.86,3.91,3.97,4.07,4.15,4.22,4.24,4.11,4.06,4.06,4.06,3.99,4.03,4.04,4.02,3.98,4.08,4.12,4.15,4.17,4.19,4.15,4.10,4.07,4.07,4.10,4.07,3.99,3.89,3.79,3.76,3.66,3.56,3.56,3.62,3.75,3.80,3.71,3.57,3.61,3.68,3.75,3.79,3.80,3.82,3.82,3.77,3.73,3.70,3.62,3.52,3.48,3.53,3.62,3.69,3.66,3.59,3.51,3.50,3.56,3.59,3.55,3.51,3.46,3.38,3.37,3.39,3.39,3.36,3.25,3.23,3.24,3.03,1.72,-1.12,-2.57,-2.83,-2.82,-2.81,-2.80,-2.80,-2.45,0.27,1.93,2.69,2.81,2.78,2.75,2.76,2.77,2.72,2.71,2.75,2.83,2.91,2.96,3.03,3.07,3.09,3.09,3.12,3.13,3.14,3.15,3.16,3.20,3.20,3.17,3.14,3.13,3.13,3.10,3.00,2.88,2.87,2.89,2.90,2.90,2.95,3.00,3.04,3.09,3.19,3.22,3.24,3.27,3.27,3.32,3.33,3.31,3.31,3.32,3.29,3.28,3.36,3.35,3.42,3.46,3.46,3.48,3.44,3.42,3.38,3.23,3.18,3.16,3.13,3.07,3.02,2.98,2.94,2.93,3.07,3.09,3.09,3.10,3.12,3.17,3.17,3.13,3.05,3.00,2.91,2.86,2.86,2.87,2.89,2.86,2.77,2.63,2.65,2.72,2.77,2.78,2.74,2.66,2.60,2.60,2.64,2.71,2.76,2.77,2.75,2.73,2.80,2.86,2.90,2.94,2.95,2.92,2.87,2.83,2.80,2.72,2.69,2.71,2.76,2.83,2.79,2.69,2.62,2.61,2.62,2.65,2.67,2.62,2.61,2.57,2.50,2.41,2.33,2.23,2.19,2.25
3.90,3.97,3.93,3.91,3.91,3.85,3.83,3.79,3.74,3.73,3.73,3.76,3.80,3.85,3.83,3.82,3.77,3.72,3.68,3.73,3.77,3.83,3.90,3.85,3.87,3.90,3.93,3.93,3.87,3.82,3.79,3.79,3.77,3.80,3.84,3.86,3.86,3.85,3.84,3.82,3.79,3.81,3.86,3.93,3.99,4.08,4.17,4.22,4.22,4.14,4.11,4.12,4.11,4.03,4.05,4.04,4.01,3.98,4.05,4.07,4.09,4.11,4.17,4.14,4.10,4.08,4.09,4.11,4.06,3.98,3.87,3.78,3.75,3.55,3.30,3.19,3.23,3.30,3.22,3.03,3.50,3.56,3.63,3.75,3.79,3.81,3.83,3.81,3.75,3.72,3.68,3.60,3.50,3.44,3.41,3.50,3.62,3.65,3.60,3.56,3.57,3.63,3.60,3.55,3.51,3.46,3.39,3.40,3.41,3.40,3.35,3.31,3.29,3.31,2.80,-0.22,-2.16,-2.88,-2.87,-2.86,-2.85,-2.83,-2.41,-1.22,1.30,2.38,2.75,2.76,2.77,2.76,2.78,2.77,2.69,2.71,2.75,2.82,2.90,2.96,3.02,3.05,3.07,3.09,3.11,3.12,3.14,3.16,3.19,3.21,3.21,3.20,3.15,3.16,3.14,3.07,2.98,2.87,2.88,2.90,2.89,2.93,3.00,3.05,3.09,3.12,3.18,3.22,3.25,3.29,3.31,3.36,3.36,3.33,3.32,3.34,3.31,3.29,3.33,3.32,3.39,3.45,3.47,3.53,3.48,3.46,3.41,3.23,3.24,3.20,3.14,3.05,2.99,2.96,2.95,2.99,3.11,3.13,3.13,3.13,3.15,3.23,3.24,3.19,3.09,2.97,2.89,2.86,2.87,2.88,2.91,2.85,2.72,2.58,2.65,2.73,2.77,2.74,2.67,2.60,2.63,2.70,2.74,2.74,2.77,2.76,2.72,2.71,2.76,2.80,2.83,2.84,2.83,2.81,2.80,2.81,2.76,2.69,2.66,2.67,2.67,2.77,2.75,2.66,2.57,2.56,2.58,2.62,2.66,2.63,2.62,2.58,2.50,2.43,2.36,2.27,2.22,2.28
3.92,3.97,3.97,3.98,4.00,3.92,3.95,3.93,3.91,3.95,3.89,3.91,3.99,4.08,4.00,3.98,3.92,3.83,3.79,3.85,3.88,3.94,4.05,3.91,3.92,3.95,3.97,3.95,3.89,3.89,3.87,3.77,3.72,3.72,3.74,3.73,3.73,3.73,3.74,3.75,3.71,3.81,3.88,3.94,3.99,4.08,4.18,4.20,4.15,4.11,4.15,4.19,4.18,4.10,4.08,4.02,4.00,4.01,4.03,4.00,3.97,3.98,4.09,4.11,4.11,4.11,4.12,4.11,4.06,3.96,3.84,3.76,3.75,3.46,3.05,2.79,2.73,2.59,2.25,1.96,3.46,3.56,3.59,3.74,3.79,3.83,3.82,3.78,3.73,3.71,3.67,3.59,3.50,3.38,3.25,3.33,3.52,3.63,3.66,3.64,3.63,3.65,3.61,3.56,3.51,3.47,3.44,3.44,3.44,3.40,3.33,3.37,3.35,3.34,2.44,-2.43,-2.93,-2.91,-2.90,-2.90,-2.87,-2.85,-1.78,0.57,1.63,2.34,2.67,2.73,2.76,2.80,2.80,2.75,2.66,2.71,2.74,2.80,2.87,2.96,3.00,3.04,3.09,3.13,3.11,3.12,3.14,3.18,3.19,3.19,3.21,3.23,3.16,3.20,3.14,3.03,2.96,2.91,2.91,2.90,2.88,2.98,3.07,3.14,3.18,3.17,3.16,3.21,3.26,3.29,3.37,3.40,3.40,3.37,3.39,3.41,3.36,3.29,3.25,3.27,3.35,3.42,3.46,3.53,3.48,3.45,3.40,3.25,3.30,3.24,3.12,3.01,2.97,2.95,2.99,3.07,3.13,3.15,3.15,3.15,3.17,3.25,3.25,3.21,3.13,2.93,2.86,2.87,2.90,2.92,2.94,2.83,2.67,2.54,2.68,2.75,2.76,2.70,2.58,2.54,2.70,2.87,2.87,2.80,2.82,2.81,2.75,2.78,2.76,2.76,2.76,2.73,2.69,2.69,2.73,2.78,2.74,2.67,2.65,2.66,2.59,2.68,2.68,2.59,2.52,2.55,2.57,2.59,2.63,2.66,2.64,2.58,2.50,2.44,2.39,2.30,2.26,2.31
3.88,3.92,3.94,3.96,3.95,3.88,3.92,3.91,3.90,3.93,3.88,3.93,4.01,4.08,3.99,3.97,3.94,3.90,3.88,3.93,3.99,4.04,4.07,3.95,3.96,3.98,3.98,3.92,3.94,3.94,3.90,3.79,3.75,3.72,3.66,3.57,3.58,3.60,3.63,3.65,3.61,3.74,3.82,3.88,3.93,4.05,4.13,4.13,4.08,4.08,4.16,4.18,4.16,4.11,4.07,4.02,4.00,4.01,4.04,4.01,4.00,4.02,4.06,4.07,4.07,4.06,4.05,4.20,4.19,4.03,3.81,3.75,3.76,3.44,2.94,2.47,2.36,2.04,1.70,1.71,3.39,3.55,3.59,3.74,3.78,3.83,3.82,3.77,3.72,3.67,3.63,3.57,3.51,3.47,3.38,3.39,3.45,3.46,3.54,3.59,3.64,3.66,3.63,3.57,3.53,3.49,3.44,3.50,3.53,3.52,3.49,3.63,3.52,2.91,1.31,-2.53,-2.94,-2.94,-2.94,-2.93,-2.90,-2.87,-1.69,0.82,1.67,2.33,2.64,2.67,2.76,2.83,2.83,2.78,2.71,2.71,2.74,2.79,2.85,2.93,2.98,3.03,3.07,3.07,3.10,3.14,3.17,3.19,3.18,3.18,3.18,3.16,3.13,3.11,3.07,3.00,2.89,2.91,2.90,2.90,2.96,3.07,3.12,3.17,3.21,3.22,3.22,3.26,3.29,3.29,3.36,3.34,3.33,3.35,3.36,3.37,3.33,3.28,3.26,3.25,3.27,3.29,3.31,3.39,3.41,3.39,3.35,3.29,3.28,3.22,3.12,3.00,2.97,2.96,3.01,3.12,3.17,3.17,3.17,3.18,3.21,3.21,3.21,3.23,3.25,3.08,2.97,2.92,2.90,2.92,2.84,2.73,2.64,2.60,2.71,2.76,2.74,2.65,2.49,2.63,2.77,2.86,2.91,2.86,2.89,2.88,2.81,2.81,2.81,2.79,2.76,2.71,2.71,2.73,2.74,2.73,2.68,2.62,2.61,2.64,2.61,2.64,2.63,2.59,2.53,2.53,2.49,2.50,2.58,2.64,2.59,2.51,2.44,2.38,2.37,2.34,2.32,2.33
3.85,3.88,3.91,3.92,3.91,3.85,3.88,3.89,3.89,3.92,3.87,3.92,4.00,4.04,3.95,3.93,3.92,3.92,3.93,3.96,4.05,4.10,4.06,3.99,3.99,4.00,3.98,3.95,4.00,3.98,3.91,3.82,3.77,3.72,3.63,3.49,3.50,3.51,3.52,3.53,3.52,3.64,3.73,3.80,3.87,3.99,4.04,4.04,4.01,4.04,4.13,4.15,4.13,4.09,4.05,4.02,4.01,4.04,4.08,4.05,4.04,4.03,4.02,4.04,4.04,4.03,4.01,4.19,4.21,4.03,3.77,3.75,3.76,3.42,2.85,2.26,2.02,1.64,1.60,2.19,3.43,3.58,3.63,3.74,3.79,3.84,3.82,3.76,3.70,3.63,3.57,3.52,3.49,3.48,3.44,3.43,3.43,3.41,3.48,3.54,3.60,3.62,3.62,3.58,3.54,3.51,3.48,3.57,3.63,3.67,3.72,3.90,3.53,2.11,-0.27,-2.65,-2.94,-2.95,-2.96,-2.95,-2.94,-2.35,-0.94,1.09,1.76,2.36,2.65,2.70,2.79,2.85,2.84,2.79,2.74,2.72,2.76,2.81,2.85,2.91,2.95,3.00,3.04,3.03,3.10,3.16,3.18,3.16,3.18,3.20,3.18,3.14,3.12,3.07,3.02,2.96,2.86,2.91,2.90,2.94,3.04,3.14,3.17,3.20,3.24,3.27,3.27,3.29,3.30,3.26,3.29,3.27,3.29,3.33,3.30,3.32,3.31,3.29,3.28,3.27,3.25,3.23,3.22,3.28,3.31,3.29,3.26,3.26,3.21,3.16,3.08,2.97,2.97,2.97,3.04,3.15,3.17,3.18,3.18,3.19,3.22,3.20,3.21,3.27,3.32,3.21,3.09,2.99,2.92,2.90,2.77,2.67,2.62,2.65,2.74,2.76,2.72,2.63,2.51,2.71,2.82,2.85,2.92,2.92,2.94,2.92,2.85,2.87,2.87,2.85,2.80,2.72,2.76,2.77,2.75,2.72,2.67,2.60,2.58,2.60,2.59,2.58,2.55,2.53,2.51,2.52,2.46,2.45,2.52,2.57,2.52,2.46,2.40,2.34,2.36,2.37,2.37,2.39
3.82,3.83,3.87,3.89,3.88,3.83,3.84,3.86,3.89,3.90,3.84,3.87,3.93,3.97,3.88,3.86,3.87,3.90,3.93,3.95,4.04,4.08,4.01,4.03,4.02,4.00,3.98,4.04,4.06,3.99,3.90,3.84,3.76,3.73,3.66,3.53,3.52,3.47,3.40,3.36,3.46,3.53,3.60,3.68,3.79,3.89,3.93,3.94,3.94,4.01,4.06,4.09,4.09,4.05,4.02,4.01,4.04,4.11,4.15,4.14,4.09,4.02,3.99,4.03,4.05,4.04,4.01,4.07,4.10,3.96,3.71,3.75,3.75,3.39,2.80,2.19,1.72,1.42,2.05,3.58,3.60,3.65,3.71,3.77,3.81,3.87,3.82,3.73,3.66,3.58,3.50,3.44,3.41,3.42,3.43,3.46,3.50,3.51,3.50,3.48,3.49,3.53,3.58,3.56,3.55,3.56,3.56,3.67,3.74,3.84,4.04,4.18,3.33,0.85,-2.43,-2.81,-2.91,-2.95,-2.97,-2.99,-2.98,-1.15,0.65,1.38,1.93,2.42,2.72,2.84,2.88,2.84,2.82,2.80,2.76,2.76,2.80,2.85,2.87,2.89,2.93,2.97,3.00,3.03,3.09,3.16,3.16,3.10,3.18,3.24,3.23,3.18,3.16,3.08,3.00,2.92,2.89,2.91,2.93,3.01,3.13,3.20,3.23,3.25,3.28,3.32,3.31,3.30,3.27,3.19,3.15,3.19,3.26,3.31,3.21,3.26,3.31,3.33,3.32,3.33,3.32,3.27,3.19,3.20,3.18,3.14,3.13,3.15,3.10,3.07,3.02,2.94,2.96,3.00,3.08,3.15,3.13,3.18,3.18,3.17,3.20,3.24,3.27,3.31,3.34,3.29,3.20,3.08,2.94,2.84,2.75,2.65,2.62,2.71,2.77,2.75,2.69,2.64,2.68,2.80,2.84,2.85,2.91,2.99,2.96,2.91,2.89,2.95,2.96,2.94,2.89,2.78,2.83,2.81,2.77,2.76,2.71,2.62,2.56,2.56,2.52,2.47,2.43,2.40,2.43,2.51,2.48,2.45,2.45,2.42,2.44,2.43,2.40,2.34,2.34,2.37,2.42,2.49
3.77,3.79,3.82,3.85,3.85,3.81,3.80,3.84,3.88,3.88,3.82,3.83,3.87,3.89,3.82,3.83,3.85,3.87,3.93,3.97,4.03,4.05,3.99,4.03,4.02,4.01,4.02,4.09,4.07,3.98,3.89,3.85,3.78,3.74,3.70,3.65,3.62,3.54,3.45,3.40,3.46,3.46,3.48,3.53,3.61,3.76,3.85,3.89,3.91,3.96,3.97,3.99,4.02,4.01,4.02,4.02,4.05,4.11,4.19,4.19,4.12,4.02,3.98,4.03,4.04,4.02,4.01,4.03,4.05,3.95,3.78,3.76,3.73,3.36,2.75,2.14,1.56,1.30,2.10,3.81,3.68,3.72,3.80,3.88,3.98,3.98,3.85,3.69,3.61,3.57,3.58,3.56,3.51,3.47,3.41,3.43,3.48,3.51,3.55,3.54,3.53,3.56,3.60,3.60,3.58,3.59,3.67,3.75,3.69,3.74,4.07,4.25,2.55,-0.11,-2.68,-2.76,-2.85,-2.91,-2.96,-2.97,-2.00,-0.16,1.35,1.90,2.19,2.51,2.76,2.91,2.92,2.87,2.86,2.86,2.84,2.83,2.84,2.83,2.83,2.89,2.95,2.98,3.01,3.02,3.08,3.13,3.14,3.09,3.20,3.21,3.14,3.07,3.11,3.06,2.96,2.90,2.92,2.89,2.95,3.05,3.16,3.24,3.28,3.31,3.32,3.32,3.33,3.30,3.23,3.16,3.14,3.16,3.21,3.27,3.23,3.24,3.27,3.30,3.29,3.30,3.33,3.31,3.24,3.23,3.20,3.16,3.13,3.10,3.06,3.04,3.01,2.97,3.00,3.05,3.12,3.17,3.19,3.19,3.19,3.19,3.19,3.22,3.27,3.31,3.31,3.28,3.17,3.03,2.90,2.80,2.71,2.65,2.66,2.76,2.78,2.73,2.66,2.64,2.74,2.83,2.86,2.87,2.91,2.97,2.94,2.93,2.98,3.05,3.06,3.04,2.97,2.85,2.89,2.86,2.84,2.86,2.75,2.68,2.60,2.53,2.54,2.47,2.41,2.39,2.43,2.48,2.47,2.45,2.46,2.43,2.43,2.43,2.41,2.39,2.38,2.39,2.43,2.49
