20.73,20.74,20.82,20.88,20.84,20.85,20.92,20.98,20.99,21.05,21.13,21.19,21.33,21.52,21.84,22.57,24.43,24.60,24.56,24.52,24.52,24.51,24.62,24.73,24.79,24.77,24.81,24.82,24.81,24.80,24.78,24.76,24.63,24.29,23.87,23.85,24.01,24.04,23.30,20.59,17.90,16.17,16.20,16.22,16.34,16.46,16.51,16.39,16.32,16.46,17.35,19.91,23.32,25.03,25.38,24.88,24.40,24.00,23.83,23.87,23.91,23.91,23.92,23.92,23.90,23.87,23.82,23.77,23.72,23.67,23.57,23.49,23.43,23.41,23.41,23.38,23.43,23.61,23.70,23.86,23.93,23.89,23.89,23.89,23.89,23.88,23.88,23.87,23.86,23.86,23.85,23.84,23.83,23.84,23.84,23.82,23.76,23.73,23.69,23.63,23.48,23.40,23.25,23.06,23.15,23.31,23.37,23.36,23.34,23.10,23.00,23.11,23.40,23.52,23.51,23.47,23.34,22.98,22.68,22.45,22.33,22.34,22.22,22.00,21.94,22.01,21.67,21.44,20.27,18.15,15.38,13.61,11.75,10.08,8.78,7.65,6.20,5.18,4.96,6.08,6.42,6.60,7.26,9.06,12.95,13.57,13.28,13.14,13.54,13.25,11.41,9.12,4.61,4.16,4.02,4.03,4.23,6.65,6.32,6.08,5.98,3.22,2.02,1.59,1.58,1.60,1.59,1.59,1.60,1.70,2.45,4.86,7.69,10.03,11.66,8.94,6.68,4.30,1.90,1.61,1.58,1.58,1.57,1.58,1.58,1.58,1.57,1.56,1.56,1.56,1.57,1.57,1.58,1.57,1.56,1.56,1.54,1.68,1.74,1.95,2.52,3.91,3.78,3.72,3.76,3.79,3.80,3.77,3.72,3.70,3.74,3.76,3.79,3.86,3.97,3.95,3.97,4.05,4.07,4.02,3.97,3.95,3.97,4.00,4.07,3.97,3.73,0.45,0.20,0.20,0.21,0.23,0.24,0.25,0.26,0.27,0.29,0.31,0.33,0.36,0.38,0.38,0.38,0.44,0.68,1.85,3.29,3.33,3.43,3.42,3.51,3.52,3.44,3.31,3.26,3.26
20.67,20.69,20.75,20.77,20.72,20.75,20.86,21.03,21.02,21.03,21.06,21.12,21.13,21.27,21.54,22.27,24.46,24.62,24.57,24.53,24.54,24.54,24.65,24.77,24.83,24.82,24.85,24.86,24.86,24.85,24.83,24.84,24.75,24.46,23.86,23.78,23.88,23.86,23.21,20.35,17.75,16.18,16.20,16.24,16.39,16.57,16.71,16.72,16.62,16.63,17.37,19.89,23.28,25.02,25.40,24.88,24.38,23.95,23.77,23.84,23.87,23.87,23.87,23.87,23.87,23.85,23.81,23.76,23.71,23.68,23.65,23.59,23.51,23.44,23.41,23.38,23.39,23.46,23.56,23.74,23.84,23.85,23.85,23.90,23.90,23.89,23.90,23.88,23.86,23.85,23.86,23.83,23.82,23.80,23.78,23.76,23.69,23.63,23.59,23.56,23.36,23.21,23.18,23.26,23.32,23.35,23.35,23.34,23.35,23.20,23.12,23.12,23.19,23.14,23.11,23.13,23.17,23.16,23.03,22.81,22.63,22.57,22.44,22.29,22.19,22.15,21.97,21.86,21.28,19.97,17.71,15.05,13.12,11.57,10.15,8.78,7.22,6.20,6.05,7.01,7.72,8.29,8.90,9.80,12.27,12.30,11.64,11.33,12.14,12.91,12.51,11.79,12.96,6.28,4.06,4.05,4.50,6.04,6.22,5.95,5.55,2.33,1.73,1.58,1.58,1.61,1.58,1.58,1.60,2.26,4.44,6.78,9.50,11.77,12.42,9.90,8.22,6.47,4.29,6.10,4.76,3.53,1.58,1.58,1.57,1.57,1.56,1.57,1.57,1.56,1.56,1.57,1.57,1.57,1.56,1.55,1.56,1.56,1.55,1.64,1.94,2.52,2.59,3.05,3.82,3.74,3.75,3.75,3.74,3.73,3.73,3.72,3.71,3.71,3.79,3.77,3.89,4.07,4.03,3.98,3.98,4.00,4.01,4.05,4.04,3.95,3.84,1.18,0.43,0.20,0.21,0.23,0.24,0.25,0.26,0.27,0.29,0.31,0.33,0.35,0.37,0.37,0.34,0.30,0.33,0.96,1.83,2.49,2.88,3.37,3.41,3.43,3.41,3.30,3.24,3.25
20.60,20.64,20.69,20.66,20.64,20.68,20.82,21.07,21.04,21.00,21.00,21.06,21.04,21.11,21.35,22.10,24.35,24.50,24.48,24.50,24.57,24.60,24.71,24.81,24.86,24.88,24.89,24.89,24.90,24.90,24.89,24.90,24.84,24.58,23.83,23.70,23.75,23.68,23.13,20.14,17.65,16.26,16.20,16.26,16.46,16.69,16.90,17.05,17.00,16.91,17.47,19.90,23.26,25.05,25.45,24.91,24.38,23.90,23.72,23.80,23.83,23.83,23.82,23.82,23.83,23.82,23.80,23.75,23.70,23.69,23.71,23.67,23.59,23.48,23.42,23.39,23.37,23.33,23.43,23.59,23.72,23.78,23.79,23.87,23.88,23.87,23.89,23.86,23.83,23.83,23.84,23.81,23.78,23.75,23.72,23.68,23.61,23.52,23.45,23.44,23.22,23.07,23.17,23.45,23.46,23.36,23.30,23.30,23.33,23.29,23.25,23.18,23.09,22.92,22.88,22.89,22.95,23.06,23.01,22.82,22.64,22.59,22.46,22.30,22.18,22.10,21.97,21.96,21.87,21.25,19.52,16.47,14.62,13.14,11.46,9.92,8.40,7.52,7.49,8.44,9.46,10.22,10.55,10.41,11.17,10.80,10.00,9.44,10.47,11.62,12.70,13.31,12.83,6.63,4.49,4.40,4.71,5.69,5.91,5.66,5.17,1.74,1.58,1.59,1.59,1.61,1.57,1.63,1.85,2.76,6.37,8.77,10.96,12.45,12.18,10.35,9.70,8.85,7.06,7.39,5.96,5.38,2.58,1.82,1.62,1.56,1.56,1.57,1.57,1.56,1.56,1.56,1.57,1.56,1.55,1.55,1.57,1.56,1.55,1.54,1.54,1.55,1.57,2.32,3.87,3.70,3.59,3.66,3.77,3.77,3.73,3.70,3.67,3.62,3.66,3.62,3.78,4.01,3.94,3.92,3.96,4.02,4.03,4.08,4.00,3.92,3.86,2.08,0.72,0.20,0.21,0.23,0.24,0.25,0.26,0.27,0.29,0.31,0.33,0.35,0.37,0.37,0.32,0.25,0.19,0.32,0.92,1.61,2.30,3.32,3.29,3.32,3.34,3.27,3.24,3.26
20.50,20.57,20.63,20.59,20.66,20.71,20.81,21.10,21.01,20.96,20.96,20.98,21.05,21.06,21.48,22.52,24.38,24.47,24.43,24.47,24.67,24.75,24.81,24.86,24.88,24.91,24.91,24.91,24.92,24.93,24.94,24.91,24.78,24.50,23.76,23.64,23.69,23.62,23.06,20.14,17.83,16.53,16.22,16.34,16.54,16.76,16.98,17.18,17.32,17.30,17.77,20.00,23.31,25.15,25.62,25.03,24.46,23.90,23.65,23.72,23.77,23.78,23.78,23.77,23.78,23.79,23.77,23.75,23.73,23.69,23.68,23.67,23.64,23.52,23.45,23.40,23.36,23.34,23.33,23.42,23.54,23.65,23.69,23.74,23.76,23.76,23.79,23.76,23.74,23.74,23.73,23.71,23.68,23.67,23.66,23.58,23.49,23.37,23.23,23.13,22.98,23.08,23.27,23.42,23.40,23.31,23.27,23.27,23.25,23.23,23.20,23.17,23.12,23.09,23.10,23.08,23.04,23.03,22.99,22.90,22.82,22.79,22.65,22.52,22.35,22.13,21.89,21.76,21.71,21.23,19.54,17.92,16.63,14.98,12.69,11.20,9.97,9.28,9.43,10.84,11.78,12.00,11.47,10.28,10.04,9.72,9.37,9.13,9.31,9.96,11.14,12.23,12.21,7.93,6.23,5.93,6.10,6.03,5.09,4.61,2.20,1.62,1.59,1.59,1.59,1.60,1.59,2.16,3.00,4.73,7.90,10.05,11.23,11.63,11.55,11.13,11.01,10.83,10.36,10.17,10.53,10.05,7.62,2.99,1.82,1.58,1.57,1.56,1.56,1.56,1.56,1.57,1.56,1.57,1.56,1.55,1.55,1.56,1.55,1.55,1.55,1.55,1.55,1.75,2.04,1.99,3.00,3.34,3.78,3.73,3.73,3.74,3.74,3.71,3.67,3.58,3.59,3.69,3.72,3.78,3.88,3.97,4.01,4.01,3.97,3.92,3.83,3.51,1.07,0.20,0.21,0.23,0.24,0.25,0.26,0.27,0.29,0.32,0.34,0.35,0.36,0.36,0.30,0.22,0.15,0.26,0.45,0.97,1.91,3.30,3.27,3.24,3.24,3.24,3.25,3.28
20.45,20.50,20.56,20.50,20.56,20.68,20.84,21.06,21.02,21.00,20.99,20.99,21.05,21.04,21.30,22.20,24.44,24.60,24.57,24.61,24.77,24.82,24.86,24.88,24.89,24.90,24.89,24.88,24.88,24.89,24.92,24.84,24.61,24.23,23.66,23.59,23.64,23.56,23.00,20.28,18.08,16.72,16.24,16.42,16.60,16.78,16.96,17.13,17.31,17.41,17.95,19.94,23.43,25.30,25.72,25.11,24.52,23.92,23.63,23.66,23.71,23.73,23.73,23.72,23.73,23.74,23.74,23.74,23.73,23.69,23.66,23.65,23.63,23.54,23.46,23.38,23.32,23.32,23.33,23.32,23.38,23.50,23.58,23.62,23.63,23.64,23.66,23.65,23.64,23.63,23.63,23.63,23.63,23.63,23.63,23.56,23.37,23.19,23.04,22.93,23.02,23.22,23.38,23.43,23.35,23.27,23.24,23.24,23.20,23.17,23.17,23.16,23.15,23.15,23.12,23.10,23.07,23.02,22.97,22.92,22.88,22.86,22.75,22.65,22.51,22.30,22.09,21.94,21.84,21.46,20.33,19.61,18.89,17.57,15.31,12.88,11.62,11.26,11.83,13.65,14.10,13.66,12.57,11.10,9.81,9.30,9.09,8.95,8.85,9.09,9.79,10.57,10.72,8.16,6.74,6.33,6.61,6.33,5.19,4.07,1.58,1.58,1.60,1.60,1.61,1.68,2.28,3.49,4.59,7.11,9.67,10.88,11.36,11.42,11.37,11.39,11.49,11.55,11.49,11.25,11.97,11.58,9.68,7.06,4.34,2.75,2.02,1.64,1.58,1.57,1.57,1.57,1.56,1.56,1.56,1.56,1.55,1.56,1.55,1.55,1.55,1.55,1.55,1.55,1.56,1.55,2.73,3.24,3.78,3.72,3.74,3.73,3.72,3.72,3.70,3.63,3.60,3.61,3.64,3.71,3.82,3.93,4.01,4.02,4.00,3.93,3.82,3.52,0.77,0.20,0.21,0.23,0.24,0.25,0.26,0.27,0.30,0.32,0.34,0.35,0.36,0.34,0.27,0.19,0.14,0.23,0.27,0.55,1.16,3.30,2.80,2.88,3.13,3.18,3.20,3.25
20.40,20.45,20.48,20.40,20.41,20.61,20.88,20.98,21.05,21.06,21.05,21.04,21.06,21.03,20.99,21.57,24.50,24.80,24.80,24.80,24.86,24.85,24.87,24.89,24.89,24.89,24.87,24.84,24.82,24.82,24.86,24.73,24.40,23.88,23.54,23.54,23.61,23.51,22.94,20.47,18.29,16.83,16.26,16.48,16.63,16.76,16.87,17.00,17.13,17.35,18.03,19.81,23.57,25.45,25.79,25.18,24.55,23.95,23.63,23.62,23.65,23.68,23.68,23.66,23.68,23.69,23.71,23.72,23.72,23.70,23.66,23.62,23.59,23.56,23.48,23.37,23.28,23.30,23.37,23.27,23.25,23.35,23.45,23.50,23.51,23.51,23.52,23.54,23.52,23.51,23.53,23.56,23.60,23.62,23.60,23.59,23.26,23.01,22.86,22.81,23.21,23.40,23.48,23.45,23.31,23.25,23.23,23.21,23.15,23.12,23.13,23.16,23.18,23.15,23.07,23.04,23.06,23.02,22.96,22.90,22.87,22.86,22.79,22.74,22.65,22.51,22.40,22.30,22.10,21.82,21.44,21.31,21.12,20.33,18.48,14.75,13.40,13.40,14.45,16.47,16.23,15.11,13.61,12.16,9.96,9.21,8.98,8.83,8.73,8.63,8.64,8.75,8.90,7.86,7.10,6.71,6.70,6.68,3.51,1.60,1.59,1.59,1.62,1.61,1.64,1.83,3.77,4.79,6.86,9.61,11.42,11.44,11.41,11.49,11.42,11.41,11.54,11.63,11.54,11.48,11.86,12.24,12.48,12.65,7.86,4.61,2.92,2.01,1.79,1.66,1.59,1.57,1.56,1.55,1.55,1.57,1.56,1.56,1.56,1.55,1.56,1.55,1.54,1.55,1.56,1.55,1.56,1.56,1.60,1.81,3.77,3.69,3.64,3.66,3.72,3.72,3.70,3.66,3.62,3.68,3.77,3.89,4.01,4.07,4.04,3.95,3.83,0.51,0.21,0.20,0.21,0.23,0.24,0.25,0.26,0.27,0.30,0.32,0.34,0.35,0.35,0.31,0.24,0.18,0.15,0.21,0.23,0.26,0.31,0.30,1.90,2.41,3.00,3.10,3.13,3.20
20.38,20.43,20.45,20.35,20.38,20.52,20.75,21.01,21.06,21.06,21.09,21.15,21.15,21.10,21.02,21.59,24.57,24.89,24.87,24.84,24.86,24.85,24.88,24.93,24.97,25.00,24.93,24.88,24.88,24.87,24.86,24.61,24.18,23.68,23.46,23.46,23.54,23.51,23.05,20.24,17.85,16.44,16.26,16.37,16.45,16.51,16.57,16.69,16.82,16.97,17.68,19.92,23.46,25.36,25.79,25.19,24.52,23.90,23.58,23.57,23.60,23.63,23.64,23.64,23.65,23.68,23.69,23.70,23.70,23.66,23.63,23.60,23.59,23.61,23.67,23.61,23.47,23.31,23.35,23.33,23.29,23.28,23.32,23.37,23.40,23.42,23.45,23.48,23.43,23.40,23.43,23.55,23.58,23.59,23.59,23.56,23.20,22.93,22.85,23.01,23.34,23.43,23.39,23.30,23.23,23.22,23.21,23.18,23.12,23.10,23.11,23.14,23.17,23.15,23.12,23.08,23.03,23.00,22.92,22.85,22.82,22.81,22.74,22.70,22.64,22.57,22.54,22.44,22.28,22.06,21.79,21.65,21.36,20.87,19.91,16.62,16.01,16.38,16.94,16.91,16.09,14.61,12.59,10.26,9.43,9.07,8.87,8.69,8.58,8.51,8.48,8.41,8.22,7.62,7.12,6.80,6.81,7.93,4.07,1.61,1.60,1.58,1.61,1.61,1.75,2.56,5.89,8.10,9.91,11.11,11.42,11.36,11.37,11.44,11.43,11.44,11.50,11.54,11.53,11.50,11.71,11.85,11.89,11.97,9.84,8.12,6.75,5.38,4.77,2.97,1.79,1.58,1.57,1.56,1.55,1.56,1.57,1.57,1.57,1.57,1.55,1.55,1.55,1.55,1.55,1.56,1.56,1.55,1.57,1.67,2.15,2.26,2.61,3.38,3.60,3.67,3.68,3.68,3.67,3.67,3.71,3.81,3.97,4.06,4.03,3.94,3.84,1.17,0.42,0.20,0.21,0.23,0.24,0.25,0.27,0.28,0.30,0.32,0.33,0.34,0.35,0.29,0.24,0.20,0.18,0.18,0.16,0.16,0.18,0.22,0.62,1.51,2.50,3.03,3.06,3.14
20.37,20.42,20.42,20.31,20.36,20.50,20.68,20.86,20.99,21.05,21.08,21.12,21.15,21.10,21.03,21.61,24.61,24.91,24.89,24.85,24.86,24.84,24.87,24.91,24.97,25.01,24.93,24.88,24.88,24.88,24.87,24.54,24.05,23.56,23.37,23.38,23.46,23.44,23.04,20.06,17.59,16.24,16.26,16.32,16.37,16.41,16.44,16.54,16.65,16.72,17.40,19.90,23.37,25.32,25.83,25.21,24.52,23.86,23.53,23.54,23.56,23.58,23.59,23.59,23.61,23.65,23.66,23.66,23.67,23.64,23.61,23.58,23.57,23.60,23.75,23.75,23.59,23.32,23.33,23.33,23.31,23.26,23.26,23.27,23.31,23.37,23.45,23.48,23.41,23.34,23.34,23.43,23.43,23.44,23.45,23.52,23.08,22.82,22.87,23.26,23.45,23.43,23.32,23.18,23.17,23.18,23.17,23.13,23.09,23.07,23.07,23.09,23.12,23.11,23.13,23.09,23.02,23.01,22.88,22.80,22.76,22.76,22.71,22.67,22.62,22.56,22.56,22.49,22.37,22.22,22.02,21.86,21.55,21.26,20.89,18.85,18.56,18.57,18.19,16.78,15.39,13.61,11.49,9.24,9.15,9.02,8.84,8.64,8.53,8.44,8.38,8.25,7.95,7.58,7.26,7.02,7.00,8.51,3.52,1.61,1.60,1.58,1.59,1.61,2.17,3.92,8.43,10.63,11.54,11.71,11.39,11.34,11.38,11.43,11.45,11.49,11.50,11.51,11.53,11.51,11.60,11.62,11.56,11.60,11.08,10.50,9.64,8.23,6.19,4.28,3.82,3.20,2.33,1.78,1.56,1.57,1.57,1.56,1.57,1.57,1.56,1.56,1.56,1.55,1.55,1.56,1.56,1.56,1.57,1.58,1.56,1.56,1.95,3.23,3.54,3.65,3.67,3.68,3.69,3.66,3.67,3.74,3.90,4.04,4.00,3.92,3.80,1.83,0.64,0.20,0.21,0.23,0.24,0.25,0.27,0.28,0.30,0.31,0.32,0.33,0.34,0.28,0.24,0.23,0.23,0.20,0.15,0.12,0.12,0.18,0.23,0.83,2.28,2.89,2.98,3.07
20.38,20.40,20.38,20.29,20.35,20.53,20.67,20.53,20.86,21.02,21.02,20.94,21.03,21.02,21.01,21.63,24.60,24.87,24.85,24.84,24.86,24.83,24.82,24.85,24.90,24.93,24.86,24.81,24.82,24.85,24.91,24.55,24.01,23.51,23.28,23.30,23.36,23.31,22.89,19.92,17.52,16.24,16.29,16.34,16.40,16.45,16.51,16.57,16.62,16.60,17.20,19.71,23.30,25.36,25.90,25.22,24.53,23.83,23.48,23.51,23.52,23.53,23.53,23.53,23.54,23.60,23.60,23.61,23.64,23.62,23.60,23.57,23.54,23.52,23.72,23.78,23.65,23.34,23.29,23.29,23.30,23.31,23.27,23.20,23.22,23.34,23.53,23.55,23.46,23.34,23.25,23.17,23.16,23.14,23.19,23.48,22.90,22.68,22.92,23.55,23.52,23.42,23.27,23.10,23.11,23.12,23.10,23.07,23.05,23.02,23.02,23.02,23.03,23.01,23.08,23.08,23.02,23.04,22.86,22.74,22.70,22.70,22.68,22.65,22.58,22.50,22.46,22.43,22.39,22.30,22.12,21.92,21.69,21.49,21.37,21.47,21.05,19.89,18.09,16.01,14.08,12.08,10.31,9.14,9.14,9.07,8.91,8.70,8.58,8.41,8.34,8.29,8.10,7.74,7.52,7.39,7.30,2.88,1.78,1.58,1.58,1.59,1.58,1.61,3.00,6.78,11.85,12.34,11.62,11.35,11.33,11.38,11.42,11.45,11.47,11.55,11.57,11.55,11.55,11.52,11.55,11.55,11.53,11.57,11.53,11.66,11.53,10.61,8.51,7.01,6.65,6.95,4.09,2.28,1.59,1.62,1.56,1.54,1.55,1.57,1.58,1.57,1.56,1.55,1.55,1.57,1.58,1.59,1.58,1.55,1.55,1.56,1.60,1.68,1.69,3.70,3.68,3.65,3.70,3.64,3.65,3.71,3.81,3.99,3.95,3.90,3.70,2.57,0.86,0.20,0.21,0.23,0.25,0.26,0.27,0.28,0.30,0.31,0.32,0.33,0.32,0.28,0.26,0.27,0.30,0.25,0.21,0.17,0.14,0.18,0.22,0.33,0.96,2.68,2.89,2.99
20.38,20.40,20.36,20.25,20.35,20.50,20.64,20.67,20.83,20.90,20.90,20.86,20.93,20.91,20.89,21.52,24.51,24.85,24.86,24.84,24.84,24.84,24.79,24.78,24.83,24.85,24.80,24.76,24.75,24.79,24.83,24.57,24.09,23.53,23.23,23.25,23.40,23.43,22.88,20.10,17.66,16.24,16.29,16.33,16.38,16.43,16.48,16.54,16.58,16.60,17.18,19.42,23.04,25.24,25.92,25.28,24.56,23.82,23.45,23.47,23.48,23.48,23.47,23.47,23.49,23.55,23.58,23.60,23.62,23.61,23.59,23.56,23.53,23.50,23.59,23.60,23.51,23.33,23.26,23.25,23.26,23.26,23.25,23.23,23.23,23.26,23.34,23.38,23.39,23.37,23.32,23.14,23.20,23.13,23.00,23.08,22.79,22.67,22.76,23.00,22.97,22.92,22.87,22.86,23.01,22.95,22.95,22.99,23.01,22.89,22.92,22.99,23.01,22.96,22.99,22.99,22.95,22.92,22.83,22.77,22.72,22.71,22.67,22.62,22.59,22.56,22.45,22.40,22.35,22.27,22.16,22.02,21.90,21.70,21.44,21.60,21.32,20.20,18.21,15.56,13.19,11.23,9.89,9.33,9.35,9.32,9.28,9.25,9.10,8.65,8.40,8.31,8.22,7.94,7.71,7.54,3.97,1.98,1.60,1.59,1.58,1.57,1.76,4.23,6.72,9.79,11.97,11.96,11.52,11.44,11.38,11.42,11.45,11.46,11.47,11.57,11.58,11.54,11.50,11.51,11.55,11.55,11.53,11.55,11.54,11.65,11.65,11.26,10.31,9.41,9.15,9.43,8.34,6.90,5.08,3.96,6.61,3.19,2.14,1.56,1.57,1.57,1.56,1.56,1.55,1.56,1.59,1.59,1.57,1.55,1.57,1.56,1.55,1.56,1.56,2.44,3.17,3.57,3.68,3.66,3.63,3.66,3.79,3.94,3.94,3.92,3.82,3.28,3.15,2.34,1.65,2.16,2.90,2.29,2.52,2.08,0.82,0.43,0.33,0.33,0.33,0.31,0.30,0.31,0.32,0.29,0.25,0.20,0.16,0.14,0.21,0.28,0.57,1.40,2.98,2.99
20.39,20.42,20.35,20.22,20.35,20.50,20.63,20.81,20.81,20.81,20.81,20.82,20.85,20.84,20.84,21.48,24.43,24.83,24.87,24.84,24.83,24.86,24.78,24.73,24.77,24.77,24.76,24.73,24.71,24.76,24.75,24.58,24.19,23.57,23.19,23.20,23.41,23.50,22.82,20.20,17.77,16.29,16.28,16.32,16.35,16.40,16.45,16.50,16.54,16.59,17.13,19.13,22.76,25.11,25.95,25.36,24.59,23.81,23.42,23.43,23.45,23.44,23.42,23.42,23.46,23.50,23.55,23.59,23.60,23.59,23.57,23.54,23.51,23.48,23.50,23.45,23.39,23.35,23.25,23.23,23.22,23.21,23.27,23.25,23.23,23.21,23.19,23.23,23.29,23.34,23.34,23.15,23.24,23.15,22.91,22.80,22.74,22.74,22.74,22.69,22.66,22.64,22.66,22.72,22.91,22.81,22.80,22.87,22.89,22.73,22.78,22.87,22.90,22.88,22.89,22.89,22.86,22.78,22.79,22.77,22.74,22.72,22.66,22.60,22.61,22.63,22.46,22.39,22.32,22.24,22.19,22.13,22.09,21.89,21.51,21.45,21.33,20.45,18.56,15.52,12.96,11.05,9.92,9.59,9.64,9.67,9.77,9.90,9.80,9.22,8.78,8.51,8.32,8.12,7.86,7.66,1.65,1.61,1.61,1.60,1.64,1.90,3.19,6.35,10.27,11.89,11.69,11.48,11.43,11.52,11.42,11.46,11.48,11.47,11.49,11.57,11.57,11.53,11.48,11.51,11.55,11.56,11.53,11.52,11.50,11.52,11.55,11.55,11.52,11.14,11.04,11.40,11.66,10.79,8.63,6.69,7.71,5.93,3.67,1.98,1.56,1.56,1.56,1.56,1.56,1.56,1.59,1.59,1.56,1.55,1.57,1.56,1.54,1.55,1.56,1.93,2.72,3.54,3.67,3.68,3.62,3.62,3.75,3.88,3.92,3.93,3.91,3.83,3.30,2.48,1.97,2.44,3.15,4.01,4.33,3.69,1.84,1.24,1.08,1.03,0.78,0.72,0.66,0.57,0.48,0.35,0.29,0.24,0.19,0.14,0.20,0.26,0.32,0.36,3.08,3.01
20.46,20.47,20.37,20.23,20.38,20.57,20.73,20.79,20.80,20.81,20.81,20.82,20.86,20.91,20.98,21.63,24.39,24.79,24.85,24.84,24.82,24.89,24.80,24.72,24.73,24.73,24.77,24.77,24.75,24.78,24.70,24.59,24.26,23.61,23.13,23.12,23.31,23.35,22.61,20.02,17.79,16.45,16.26,16.30,16.34,16.38,16.42,16.46,16.49,16.51,17.01,18.87,22.53,25.01,25.99,25.45,24.60,23.78,23.37,23.40,23.43,23.41,23.39,23.40,23.46,23.48,23.51,23.56,23.58,23.58,23.55,23.51,23.47,23.45,23.55,23.48,23.39,23.39,23.26,23.20,23.18,23.22,23.41,23.24,23.17,23.20,23.24,23.22,23.18,23.16,23.17,23.16,23.22,23.17,23.02,22.88,22.82,22.94,23.12,23.20,23.08,23.02,22.97,22.91,22.86,22.75,22.69,22.67,22.64,22.56,22.53,22.52,22.53,22.72,22.79,22.79,22.74,22.65,22.68,22.70,22.70,22.70,22.67,22.62,22.63,22.67,22.47,22.38,22.32,22.26,22.20,22.25,22.21,22.04,21.71,21.37,21.37,20.86,19.38,16.40,14.18,12.28,10.81,9.94,10.04,10.22,10.44,10.66,10.81,10.51,9.89,9.11,8.35,8.21,5.32,2.47,1.63,1.61,1.61,1.60,1.85,3.52,6.89,10.18,12.29,11.73,11.45,11.38,11.40,11.43,11.44,11.50,11.52,11.51,11.57,11.57,11.54,11.52,11.52,11.49,11.52,11.54,11.52,11.50,11.49,11.49,11.50,11.50,11.47,11.37,11.33,11.39,11.42,11.50,11.26,10.96,11.18,11.92,8.38,4.89,1.55,1.56,1.56,1.55,1.56,1.57,1.59,1.57,1.56,1.56,1.56,1.55,1.54,1.55,1.55,1.64,2.52,3.65,3.64,3.68,3.64,3.60,3.64,3.78,3.87,3.87,3.81,3.79,3.23,2.96,3.04,3.37,4.01,4.30,4.44,4.48,4.52,4.45,4.43,4.12,2.77,2.47,2.08,1.80,0.97,0.48,0.33,0.27,0.23,0.24,0.18,0.19,0.24,0.24,0.66,3.06
20.52,20.52,20.42,20.35,20.46,20.62,20.76,20.78,20.80,20.80,20.80,20.83,20.87,20.93,21.01,21.63,24.34,24.76,24.82,24.80,24.77,24.83,24.77,24.71,24.72,24.72,24.74,24.72,24.70,24.74,24.63,24.53,24.21,23.54,23.05,23.02,23.21,23.27,22.46,20.02,17.80,16.40,16.25,16.28,16.32,16.35,16.38,16.42,16.44,16.46,16.85,18.31,22.14,24.81,25.96,25.58,24.67,23.81,23.38,23.38,23.42,23.42,23.41,23.42,23.46,23.48,23.51,23.55,23.56,23.57,23.55,23.51,23.45,23.41,23.51,23.46,23.41,23.46,23.35,23.24,23.18,23.19,23.36,23.24,23.20,23.23,23.25,23.19,23.15,23.15,23.16,23.16,23.18,23.13,23.04,22.93,22.90,23.02,23.19,23.27,23.22,23.14,23.08,23.05,23.00,22.90,22.82,22.75,22.67,22.59,22.59,22.63,22.67,22.79,22.82,22.77,22.67,22.58,22.52,22.51,22.53,22.58,22.63,22.63,22.62,22.60,22.42,22.35,22.33,22.34,22.37,22.36,22.30,22.14,21.87,21.54,21.39,21.07,20.20,18.14,15.83,13.90,12.34,11.05,10.46,10.62,10.99,11.31,11.59,11.74,11.37,10.67,10.06,8.58,4.72,1.71,1.62,1.61,1.60,1.78,2.54,4.93,8.82,11.43,12.30,11.53,11.40,11.39,11.42,11.44,11.48,11.51,11.52,11.54,11.58,11.55,11.54,11.55,11.58,11.53,11.52,11.51,11.51,11.52,11.53,11.52,11.52,11.55,11.47,11.44,11.40,11.35,11.31,11.52,11.76,11.96,12.07,12.07,8.93,5.51,1.91,1.62,1.56,1.55,1.55,1.57,1.57,1.56,1.56,1.56,1.55,1.54,1.55,1.56,1.55,1.55,2.08,3.66,3.59,3.68,3.68,3.63,3.58,3.71,3.77,3.78,3.75,3.75,3.45,3.42,3.61,3.83,4.20,4.31,4.36,4.45,4.46,4.38,4.35,4.17,3.40,3.22,3.02,3.06,2.44,1.76,0.84,0.31,0.27,0.26,0.19,0.18,0.20,0.18,0.20,3.08
20.58,20.58,20.50,20.50,20.55,20.65,20.76,20.78,20.80,20.80,20.80,20.83,20.87,20.94,21.00,21.60,24.26,24.68,24.75,24.73,24.70,24.74,24.69,24.67,24.71,24.71,24.68,24.63,24.61,24.65,24.55,24.44,24.11,23.42,22.95,22.92,23.13,23.23,22.35,20.09,17.82,16.29,16.24,16.26,16.29,16.32,16.35,16.38,16.40,16.43,16.69,17.63,21.68,24.49,25.79,25.64,24.73,23.88,23.42,23.37,23.42,23.44,23.44,23.44,23.47,23.50,23.53,23.55,23.54,23.56,23.55,23.51,23.45,23.38,23.43,23.42,23.44,23.55,23.48,23.34,23.22,23.17,23.22,23.24,23.27,23.29,23.27,23.15,23.16,23.20,23.19,23.14,23.12,23.08,23.03,22.99,22.99,23.04,23.11,23.16,23.22,23.14,23.10,23.15,23.19,23.10,23.02,22.95,22.82,22.71,22.79,22.91,23.00,22.96,22.89,22.78,22.65,22.55,22.38,22.32,22.35,22.45,22.57,22.62,22.59,22.48,22.37,22.32,22.34,22.43,22.57,22.46,22.37,22.23,22.02,21.81,21.44,21.20,20.96,20.12,17.66,15.73,14.15,12.54,11.05,11.01,11.46,11.89,12.23,12.85,12.90,12.57,12.46,9.47,5.43,2.78,1.80,1.64,1.68,2.22,3.66,6.81,10.24,11.54,11.51,11.35,11.42,11.43,11.45,11.50,11.52,11.51,11.53,11.55,11.56,11.51,11.55,11.60,11.63,11.59,11.53,11.49,11.50,11.56,11.58,11.57,11.57,11.62,11.49,11.44,11.39,11.32,11.28,11.27,11.38,11.59,11.85,11.85,9.65,6.14,2.57,1.72,1.56,1.56,1.55,1.55,1.54,1.55,1.56,1.55,1.55,1.55,1.55,1.58,1.55,1.56,1.59,2.02,3.56,3.67,3.73,3.69,3.56,3.65,3.67,3.68,3.71,3.72,3.76,3.83,3.93,4.04,4.11,4.17,4.27,4.40,4.39,4.28,4.23,4.23,4.20,4.21,4.22,4.22,4.14,3.40,1.59,0.44,0.31,0.25,0.21,0.19,0.18,0.15,0.15,0.13
20.63,20.63,20.55,20.53,20.60,20.69,20.76,20.78,20.79,20.80,20.82,20.85,20.88,20.94,21.17,21.88,23.90,24.23,24.34,24.42,24.50,24.58,24.48,24.46,24.60,24.59,24.53,24.48,24.46,24.50,24.43,24.33,23.95,23.17,22.80,22.84,23.11,23.23,22.29,20.11,17.89,16.37,16.25,16.28,16.30,16.34,16.37,16.40,16.44,16.47,16.63,17.16,21.19,23.59,24.67,24.98,24.60,23.92,23.47,23.39,23.45,23.48,23.48,23.48,23.49,23.53,23.55,23.57,23.57,23.57,23.54,23.50,23.45,23.39,23.41,23.44,23.51,23.65,23.73,23.73,23.63,23.45,23.13,23.21,23.29,23.33,23.38,23.23,23.19,23.16,23.10,23.08,23.09,23.09,23.07,23.06,23.05,23.03,23.02,23.00,23.00,23.02,23.05,23.08,23.08,23.05,23.02,22.97,22.86,22.88,22.95,23.03,23.09,23.04,22.95,22.84,22.76,22.77,22.61,22.51,22.51,22.60,22.47,22.40,22.37,22.35,22.36,22.36,22.37,22.42,22.53,22.49,22.45,22.35,22.20,22.05,21.72,21.42,21.18,20.94,19.50,17.78,16.08,14.60,12.90,11.82,11.68,12.35,12.66,13.15,13.51,13.92,14.72,13.73,12.49,10.00,4.32,2.05,2.81,4.88,6.71,8.51,10.63,11.45,11.46,11.40,11.42,11.43,11.45,11.49,11.54,11.57,11.58,11.56,11.51,11.54,11.58,11.62,11.64,11.56,11.51,11.50,11.54,11.56,11.55,11.53,11.53,11.55,11.48,11.44,11.40,11.37,11.31,11.28,11.31,11.43,11.64,11.68,9.87,6.91,3.71,2.08,1.58,1.56,1.55,1.55,1.55,1.56,1.56,1.55,1.56,1.56,1.56,1.58,1.56,1.54,1.55,2.01,3.71,3.68,3.76,3.78,3.64,3.61,3.63,3.66,3.69,3.70,3.77,3.80,3.82,3.89,3.98,4.11,4.26,4.37,4.34,4.21,4.16,4.21,4.24,4.33,4.30,4.23,4.20,3.95,3.21,2.56,0.33,0.28,0.25,0.23,0.19,0.14,0.13,0.15
20.70,20.68,20.59,20.60,20.67,20.73,20.77,20.78,20.79,20.80,20.83,20.86,20.89,20.92,21.33,22.20,23.49,23.75,23.90,24.07,24.24,24.38,24.24,24.21,24.41,24.44,24.40,24.35,24.33,24.37,24.32,24.17,23.75,22.98,22.69,22.78,23.03,23.13,22.44,20.13,17.87,16.39,16.25,16.29,16.32,16.35,16.37,16.39,16.42,16.45,16.53,16.78,20.75,22.77,23.57,24.07,24.12,23.79,23.50,23.40,23.47,23.50,23.51,23.51,23.52,23.55,23.58,23.59,23.58,23.57,23.53,23.48,23.44,23.40,23.41,23.47,23.60,23.78,23.90,23.96,23.89,23.65,23.15,23.17,23.22,23.27,23.37,23.28,23.24,23.18,23.11,23.11,23.09,23.09,23.10,23.06,23.04,23.00,22.96,22.91,22.89,22.95,23.00,23.01,22.99,22.99,22.98,22.95,22.87,22.91,22.94,22.98,23.04,23.01,22.94,22.85,22.80,22.91,22.76,22.67,22.67,22.74,22.56,22.48,22.42,22.35,22.36,22.37,22.42,22.48,22.54,22.55,22.51,22.45,22.36,22.23,21.94,21.61,21.34,21.35,20.66,19.43,18.00,16.66,14.82,13.24,12.46,12.59,13.04,13.52,14.04,14.74,15.80,15.85,15.95,13.62,7.92,5.14,5.38,7.27,9.54,10.06,11.02,11.40,11.41,11.43,11.44,11.45,11.48,11.52,11.59,11.60,11.59,11.56,11.52,11.58,11.60,11.61,11.62,11.54,11.52,11.55,11.62,11.62,11.54,11.50,11.50,11.50,11.46,11.46,11.45,11.41,11.33,11.30,11.30,11.35,11.46,11.51,10.26,7.99,5.12,2.90,1.91,1.56,1.56,1.56,1.56,1.56,1.57,1.56,1.56,1.55,1.56,1.58,1.56,1.54,1.54,1.85,3.78,3.72,3.78,3.81,3.72,3.64,3.63,3.67,3.73,3.79,3.84,3.85,3.85,3.90,3.95,4.10,4.25,4.36,4.31,4.16,4.13,4.23,4.35,4.46,4.42,4.35,4.34,4.33,3.64,3.05,0.89,0.36,0.29,0.25,0.21,0.15,0.12,0.15
20.77,20.71,20.63,20.72,20.77,20.79,20.79,20.79,20.78,20.81,20.84,20.86,20.89,20.88,21.48,22.56,23.03,23.23,23.43,23.67,23.92,24.13,23.97,23.92,24.15,24.26,24.29,24.26,24.22,24.25,24.20,23.97,23.51,22.84,22.64,22.73,22.88,22.93,22.78,20.14,17.78,16.37,16.26,16.30,16.33,16.35,16.35,16.35,16.36,16.37,16.39,16.49,20.37,22.02,22.48,22.92,23.31,23.51,23.51,23.40,23.48,23.50,23.52,23.54,23.57,23.58,23.61,23.61,23.59,23.56,23.52,23.46,23.41,23.41,23.41,23.52,23.71,23.92,23.97,24.04,24.00,23.79,23.28,23.11,23.07,23.12,23.24,23.30,23.31,23.28,23.22,23.22,23.12,23.10,23.12,22.99,22.96,22.94,22.93,22.88,22.90,22.93,22.94,22.94,22.94,22.90,22.89,22.88,22.84,22.82,22.78,22.77,22.83,22.88,22.87,22.82,22.80,22.97,22.82,22.79,22.82,22.87,22.82,22.85,22.73,22.45,22.36,22.37,22.49,22.62,22.61,22.61,22.58,22.53,22.49,22.36,22.10,21.77,21.46,21.37,21.17,20.70,19.90,18.72,16.79,15.24,13.76,12.60,13.40,13.98,14.50,15.06,15.76,15.91,15.98,15.80,14.95,11.16,10.39,11.15,12.19,11.48,11.43,11.39,11.36,11.42,11.49,11.50,11.52,11.57,11.69,11.62,11.57,11.57,11.58,11.62,11.61,11.58,11.55,11.53,11.56,11.64,11.72,11.71,11.57,11.49,11.47,11.47,11.43,11.50,11.53,11.46,11.33,11.32,11.34,11.36,11.30,11.34,10.83,9.37,6.85,4.55,2.53,1.56,1.57,1.57,1.56,1.57,1.58,1.59,1.56,1.54,1.55,1.58,1.55,1.55,1.55,1.57,1.70,3.81,3.79,3.77,3.78,3.72,3.67,3.71,3.83,3.98,3.96,3.96,3.99,4.07,4.03,4.12,4.26,4.35,4.30,4.16,4.15,4.29,4.53,4.59,4.59,4.57,4.56,4.56,4.48,3.67,2.33,0.49,0.31,0.27,0.22,0.17,0.12,0.12
20.88,20.81,20.72,20.81,20.91,20.90,20.83,20.81,20.81,20.80,20.81,20.84,20.89,20.88,21.51,22.56,22.78,23.00,23.22,23.44,23.67,23.91,23.71,23.62,23.84,23.85,23.88,23.96,24.00,23.84,23.87,23.82,23.44,22.62,22.53,22.76,22.93,22.92,22.86,20.10,17.72,16.36,16.27,16.28,16.29,16.30,16.29,16.29,16.29,16.29,16.35,16.61,20.21,22.16,23.00,23.47,23.75,23.70,23.57,23.48,23.54,23.57,23.57,23.57,23.60,23.61,23.62,23.62,23.60,23.58,23.53,23.46,23.40,23.39,23.45,23.62,23.79,23.89,23.94,24.02,23.97,23.75,23.43,23.29,23.20,23.14,23.11,23.07,23.09,23.12,23.17,23.21,23.17,23.12,23.07,22.97,23.07,23.18,23.21,23.14,23.07,23.06,23.07,23.12,23.17,23.05,22.96,22.92,22.91,22.80,22.78,22.78,22.79,22.83,22.82,22.79,22.75,22.80,22.76,22.79,22.85,22.89,22.88,22.89,22.83,22.68,22.52,22.33,22.35,22.48,22.48,22.63,22.66,22.64,22.61,22.52,22.33,22.02,21.68,21.46,21.27,21.12,20.82,20.13,18.73,17.04,15.24,13.79,14.28,14.55,14.98,15.50,15.89,15.96,15.99,16.01,15.84,14.24,14.17,14.31,14.01,12.58,11.73,11.41,11.41,11.48,11.56,11.56,11.58,11.63,11.65,11.58,11.60,11.66,11.63,11.64,11.61,11.57,11.55,11.57,11.64,11.71,11.75,11.74,11.65,11.54,11.47,11.48,11.51,11.55,11.53,11.43,11.35,11.33,11.32,11.32,11.36,11.33,11.17,10.47,8.92,6.30,4.57,3.27,1.59,1.55,1.57,1.58,1.58,1.57,1.57,1.56,1.56,1.56,1.55,1.55,1.55,1.56,1.57,3.81,3.77,3.77,3.88,3.78,3.70,3.77,3.99,4.21,4.22,4.21,4.22,4.23,4.19,4.22,4.28,4.33,4.28,4.15,4.18,4.36,4.54,4.55,4.54,4.52,4.52,4.51,4.50,4.13,3.43,2.48,0.67,0.29,0.24,0.19,0.18,0.16
20.99,20.92,20.84,20.93,21.04,21.02,20.93,20.90,20.90,20.87,20.85,20.88,20.97,20.95,21.51,22.46,22.60,22.82,23.02,23.21,23.40,23.65,23.43,23.30,23.47,23.36,23.35,23.49,23.59,23.31,23.41,23.52,23.25,22.43,22.43,22.77,22.95,22.89,22.86,20.04,17.70,16.42,16.34,16.31,16.29,16.28,16.27,16.27,16.26,16.26,16.33,16.65,20.09,22.47,23.75,24.16,24.32,23.94,23.62,23.55,23.60,23.62,23.61,23.61,23.63,23.63,23.62,23.62,23.61,23.58,23.53,23.47,23.41,23.40,23.49,23.67,23.82,23.83,23.88,23.97,23.92,23.72,23.55,23.46,23.34,23.21,23.10,22.96,22.95,22.99,23.05,23.12,23.13,23.08,22.98,22.93,23.14,23.32,23.39,23.32,23.22,23.17,23.18,23.24,23.33,23.18,23.05,23.00,23.01,22.89,22.87,22.88,22.85,22.84,22.83,22.79,22.73,22.68,22.71,22.76,22.82,22.86,22.89,22.89,22.89,22.87,22.69,22.38,22.27,22.32,22.33,22.59,22.69,22.71,22.70,22.64,22.51,22.27,21.95,21.63,21.31,21.33,21.39,21.12,20.23,18.66,16.79,15.15,15.17,15.12,15.41,15.84,15.99,16.00,16.03,16.06,16.09,16.13,16.60,16.48,15.53,13.87,12.45,11.71,11.48,11.54,11.61,11.64,11.65,11.64,11.60,11.56,11.62,11.70,11.66,11.64,11.61,11.59,11.62,11.65,11.71,11.74,11.74,11.72,11.68,11.57,11.48,11.49,11.56,11.58,11.52,11.41,11.37,11.35,11.31,11.29,11.39,11.33,11.36,11.24,10.56,7.83,5.04,3.44,1.64,1.54,1.58,1.58,1.57,1.57,1.59,1.58,1.56,1.54,1.55,1.55,1.56,1.58,1.55,3.81,3.75,3.77,3.92,3.82,3.73,3.81,4.06,4.36,4.41,4.40,4.38,4.35,4.30,4.28,4.29,4.31,4.25,4.14,4.22,4.42,4.53,4.52,4.50,4.50,4.49,4.47,4.47,4.47,4.21,2.90,1.40,0.55,0.27,0.23,0.23,0.19
21.11,21.05,20.99,21.08,21.16,21.19,21.17,21.13,21.10,21.07,21.04,21.06,21.22,21.15,21.50,22.22,22.54,22.67,22.80,22.95,23.11,23.30,23.13,22.98,22.98,22.73,22.64,22.70,22.77,22.57,22.73,22.89,22.79,22.31,22.35,22.71,22.87,22.77,22.72,19.95,17.77,16.64,16.55,16.42,16.37,16.36,16.35,16.34,16.34,16.33,16.35,16.44,19.99,22.97,24.68,24.84,24.96,24.22,23.67,23.60,23.63,23.64,23.63,23.62,23.63,23.62,23.62,23.62,23.62,23.57,23.52,23.48,23.46,23.45,23.53,23.62,23.71,23.75,23.80,23.87,23.87,23.78,23.63,23.57,23.47,23.37,23.34,23.12,23.05,22.97,22.83,22.89,22.94,22.90,22.81,22.81,23.06,23.22,23.29,23.30,23.27,23.23,23.21,23.21,23.28,23.20,23.15,23.14,23.18,23.17,23.13,23.10,23.10,22.98,22.93,22.86,22.78,22.72,22.70,22.68,22.68,22.75,22.80,22.83,22.91,22.99,22.84,22.59,22.36,22.20,22.17,22.46,22.59,22.67,22.74,22.69,22.61,22.50,22.30,21.96,21.34,21.27,21.41,21.34,20.83,19.92,18.45,16.67,15.98,15.71,15.76,15.94,16.01,16.03,16.11,16.16,16.15,16.10,16.45,16.72,16.58,15.65,14.07,12.56,11.60,11.59,11.61,11.76,11.75,11.57,11.57,11.58,11.60,11.63,11.67,11.62,11.59,11.65,11.81,11.81,11.76,11.71,11.67,11.64,11.60,11.52,11.48,11.53,11.54,11.53,11.50,11.44,11.39,11.37,11.33,11.29,11.33,11.31,11.31,11.36,11.26,8.86,6.15,3.77,1.87,1.57,1.56,1.56,1.56,1.61,1.59,1.57,1.55,1.55,1.56,1.56,1.57,1.59,1.56,1.86,3.75,3.77,3.84,3.86,3.80,3.79,3.93,4.34,4.42,4.42,4.40,4.35,4.28,4.27,4.29,4.29,4.22,4.16,4.25,4.44,4.56,4.54,4.56,4.56,4.53,4.53,4.52,4.51,4.45,4.16,3.14,2.61,0.30,0.28,0.24,0.20
21.24,21.15,21.12,21.25,21.36,21.40,21.38,21.34,21.31,21.27,21.24,21.24,21.40,21.25,21.38,21.85,22.20,22.35,22.44,22.51,22.58,22.71,22.58,22.40,22.28,22.18,22.03,22.06,22.18,22.21,22.33,22.43,22.41,22.22,22.29,22.59,22.75,22.61,22.10,19.37,17.55,16.79,16.76,16.64,16.56,16.50,16.42,16.42,16.41,16.41,16.44,16.56,19.95,23.11,25.28,26.05,26.27,24.77,23.72,23.64,23.68,23.68,23.66,23.65,23.65,23.64,23.63,23.63,23.62,23.58,23.51,23.47,23.46,23.44,23.55,23.62,23.67,23.72,23.80,23.90,23.94,23.89,23.83,23.74,23.64,23.55,23.50,23.28,23.19,23.08,22.89,22.87,22.84,22.76,22.68,22.79,23.00,23.12,23.18,23.22,23.23,23.22,23.20,23.20,23.24,23.22,23.20,23.22,23.29,23.27,23.22,23.21,23.24,23.14,23.09,23.01,22.92,22.86,22.82,22.74,22.67,22.68,22.70,22.75,22.85,22.95,22.87,22.70,22.48,22.27,22.10,22.31,22.46,22.58,22.71,22.75,22.70,22.61,22.46,22.19,21.68,21.33,21.26,21.47,21.24,20.73,19.70,18.19,16.89,16.27,16.03,16.00,16.00,16.04,16.09,16.12,16.11,16.06,16.21,16.52,16.73,16.26,15.10,13.86,12.74,11.88,11.79,11.90,11.89,11.70,11.64,11.69,11.70,11.67,11.65,11.60,11.64,11.75,11.89,11.83,11.75,11.67,11.61,11.58,11.55,11.52,11.50,11.51,11.51,11.51,11.48,11.42,11.40,11.39,11.36,11.32,11.31,11.29,11.29,11.36,11.39,10.27,8.50,6.64,4.93,1.81,1.55,1.55,1.57,1.61,1.59,1.57,1.57,1.57,1.56,1.57,1.58,1.59,1.56,1.57,3.64,3.68,3.80,3.89,3.86,3.80,3.84,4.17,4.25,4.28,4.30,4.31,4.20,4.24,4.28,4.27,4.18,4.14,4.27,4.50,4.68,4.71,4.70,4.66,4.60,4.57,4.55,4.54,4.54,4.53,3.81,3.20,1.05,0.29,0.25,0.22
21.38,21.26,21.24,21.44,21.58,21.62,21.58,21.54,21.51,21.48,21.45,21.43,21.54,21.31,21.23,21.42,21.76,21.97,22.05,22.03,22.02,22.08,21.97,21.76,21.55,21.66,21.50,21.51,21.71,21.97,22.05,22.08,22.09,22.13,22.25,22.47,22.60,22.39,21.24,18.60,17.20,16.87,16.92,16.85,16.78,16.67,16.52,16.50,16.49,16.49,16.54,16.75,19.93,23.12,25.75,27.44,27.68,25.38,23.77,23.68,23.74,23.72,23.70,23.68,23.68,23.66,23.65,23.65,23.63,23.60,23.52,23.46,23.45,23.42,23.56,23.64,23.67,23.72,23.83,24.00,24.07,24.03,24.04,23.93,23.83,23.74,23.64,23.46,23.36,23.25,23.08,22.96,22.82,22.65,22.58,22.80,22.94,23.01,23.06,23.12,23.15,23.16,23.17,23.19,23.21,23.22,23.23,23.27,23.38,23.31,23.28,23.29,23.35,23.31,23.27,23.18,23.08,23.02,22.98,22.87,22.73,22.65,22.62,22.67,22.75,22.82,22.84,22.74,22.60,22.39,22.10,22.17,22.31,22.48,22.65,22.81,22.77,22.66,22.54,22.37,22.07,21.47,21.11,21.50,21.53,21.30,20.68,19.57,17.84,16.81,16.25,16.03,15.99,16.04,16.04,16.04,16.06,16.02,15.98,16.19,16.52,16.41,15.85,15.23,14.19,12.43,12.19,12.15,12.10,11.96,11.76,11.81,11.80,11.73,11.63,11.61,11.70,11.84,11.92,11.79,11.71,11.63,11.56,11.53,11.53,11.53,11.53,11.48,11.48,11.48,11.46,11.40,11.41,11.40,11.38,11.35,11.31,11.28,11.30,11.31,11.31,11.59,10.94,10.00,8.08,2.51,1.75,1.60,1.58,1.60,1.58,1.58,1.59,1.59,1.56,1.58,1.59,1.58,1.56,1.56,3.51,3.59,3.77,3.91,3.91,3.84,3.79,3.98,4.03,4.10,4.18,4.25,4.12,4.18,4.25,4.23,4.14,4.12,4.31,4.62,4.85,4.92,4.87,4.77,4.68,4.62,4.59,4.57,4.57,4.57,4.55,3.65,2.61,0.45,0.30,0.25
21.49,21.41,21.44,21.69,21.78,21.80,21.78,21.75,21.72,21.68,21.65,21.62,21.69,21.38,21.08,20.99,21.34,21.64,21.75,21.75,21.75,21.74,21.59,21.37,21.16,21.12,21.16,21.25,21.40,21.66,21.86,21.94,21.97,22.02,22.24,22.41,22.42,21.91,19.98,17.74,16.76,16.69,16.79,16.86,16.91,16.89,16.78,16.60,16.57,16.59,16.62,16.66,19.91,23.16,26.16,28.61,28.25,25.62,23.86,23.72,23.76,23.75,23.73,23.72,23.72,23.70,23.68,23.66,23.64,23.61,23.54,23.49,23.47,23.47,23.55,23.64,23.71,23.75,23.90,24.09,24.18,24.16,24.14,24.14,24.02,23.89,23.97,23.84,23.73,23.56,23.33,23.23,23.00,22.74,22.59,22.70,22.85,22.89,22.92,23.02,23.05,23.02,23.05,23.16,23.22,23.23,23.24,23.28,23.39,23.41,23.44,23.48,23.50,23.38,23.32,23.25,23.18,23.10,23.11,23.06,22.97,22.83,22.69,22.64,22.61,22.62,22.71,22.63,22.55,22.45,22.29,22.14,22.20,22.38,22.59,22.73,22.71,22.63,22.50,22.32,22.11,21.71,21.30,21.08,21.39,21.35,20.89,20.02,18.80,17.27,16.34,16.02,16.03,16.04,16.04,16.04,16.05,16.01,15.99,16.06,16.21,16.34,16.26,15.92,15.22,14.07,13.61,13.02,12.63,12.48,11.94,11.84,11.76,11.68,11.65,11.68,11.72,11.77,11.82,11.75,11.68,11.61,11.55,11.50,11.59,11.57,11.51,11.48,11.45,11.45,11.44,11.42,11.44,11.41,11.37,11.35,11.34,11.30,11.26,11.27,11.34,11.39,11.04,10.31,8.86,5.62,3.24,1.98,1.56,1.56,1.58,1.58,1.59,1.58,1.55,1.57,1.58,1.57,1.54,1.55,1.86,2.64,3.85,3.88,3.95,3.92,3.84,3.94,3.98,4.05,4.14,4.20,4.10,4.14,4.18,4.16,4.08,4.12,4.51,5.02,5.12,5.04,4.94,4.84,4.76,4.70,4.66,4.61,4.59,4.61,4.58,4.27,3.59,2.09,0.56,0.27
21.62,21.57,21.63,21.83,21.90,21.90,21.88,21.86,21.85,21.83,21.82,21.81,21.79,21.32,20.86,20.67,20.92,21.28,21.44,21.45,21.45,21.40,21.26,21.09,20.94,20.87,20.99,21.10,21.22,21.50,21.74,21.85,21.90,21.98,22.24,22.36,22.10,21.15,18.86,17.18,16.51,16.50,16.63,16.75,16.87,16.93,16.90,16.78,16.73,16.70,16.71,16.79,20.02,23.24,26.21,28.71,28.68,25.93,23.99,23.76,23.78,23.78,23.77,23.74,23.73,23.72,23.70,23.68,23.65,23.63,23.54,23.49,23.50,23.56,23.68,23.79,23.83,23.81,23.96,24.09,24.16,24.17,24.19,24.23,24.12,24.00,24.08,23.99,23.87,23.71,23.50,23.29,23.06,22.80,22.62,22.67,22.78,22.80,22.82,22.93,22.93,22.84,22.81,22.91,23.05,23.13,23.20,23.28,23.36,23.43,23.47,23.49,23.50,23.38,23.33,23.29,23.24,23.15,23.18,23.16,23.09,22.96,22.78,22.65,22.56,22.53,22.58,22.53,22.50,22.49,22.46,22.25,22.17,22.26,22.54,22.66,22.67,22.58,22.41,22.26,22.12,21.89,21.51,21.01,21.17,21.23,20.89,20.09,19.05,17.57,16.61,16.23,16.20,16.05,16.00,16.00,16.02,15.99,15.98,15.99,16.06,16.28,16.51,16.36,15.80,14.88,14.37,13.62,13.10,12.86,12.26,12.02,11.86,11.74,11.72,11.74,11.76,11.77,11.77,11.69,11.65,11.60,11.54,11.54,11.59,11.55,11.48,11.45,11.44,11.44,11.44,11.44,11.43,11.40,11.38,11.36,11.36,11.34,11.27,11.25,11.32,11.34,11.17,10.60,9.46,7.44,4.52,2.51,1.56,1.56,1.56,1.59,1.59,1.57,1.57,1.58,1.58,1.56,1.54,1.56,1.57,2.13,3.88,3.85,3.93,3.95,3.90,3.94,3.96,4.02,4.09,4.14,4.11,4.14,4.16,4.13,4.04,4.13,4.65,5.29,5.27,5.14,5.02,4.92,4.84,4.79,4.73,4.68,4.63,4.64,4.61,4.56,4.13,2.90,1.29,0.54
21.77,21.74,21.83,21.87,21.95,21.94,21.88,21.90,21.92,21.94,21.96,21.98,21.87,21.13,20.59,20.45,20.52,20.92,21.12,21.14,21.13,21.06,20.97,20.88,20.85,20.85,20.96,21.04,21.16,21.47,21.70,21.79,21.86,21.98,22.24,22.30,21.66,20.17,17.85,16.86,16.40,16.30,16.43,16.56,16.68,16.80,16.92,17.03,16.97,16.84,16.80,17.10,20.25,23.35,25.98,27.91,29.00,26.30,24.17,23.81,23.82,23.84,23.81,23.77,23.73,23.74,23.73,23.70,23.67,23.66,23.54,23.48,23.53,23.67,23.93,24.06,24.03,23.88,23.99,24.01,24.03,24.09,24.19,24.21,24.15,24.06,24.00,23.93,23.83,23.73,23.59,23.16,23.02,22.83,22.69,22.71,22.72,22.73,22.77,22.85,22.81,22.63,22.48,22.47,22.73,22.93,23.11,23.25,23.27,23.37,23.37,23.36,23.38,23.33,23.30,23.30,23.29,23.17,23.20,23.17,23.11,23.06,22.89,22.70,22.58,22.53,22.46,22.44,22.46,22.52,22.61,22.48,22.19,22.13,22.49,22.59,22.64,22.51,22.28,22.19,22.11,22.00,21.75,21.24,20.88,20.96,20.71,19.85,18.70,17.72,17.02,16.62,16.51,16.06,15.92,15.93,15.97,15.96,15.94,15.96,16.03,16.22,16.62,16.57,16.01,15.00,14.55,14.00,13.51,13.13,12.70,12.32,12.07,11.92,11.83,11.81,11.82,11.81,11.77,11.63,11.63,11.60,11.53,11.64,11.54,11.48,11.45,11.39,11.44,11.45,11.45,11.45,11.38,11.38,11.39,11.39,11.36,11.38,11.31,11.24,11.25,11.40,11.32,10.87,9.91,8.15,5.70,4.70,1.58,1.57,1.55,1.59,1.61,1.56,1.59,1.60,1.58,1.55,1.55,1.58,1.57,1.89,2.78,3.79,3.87,3.94,3.97,3.97,3.98,4.00,4.04,4.08,4.15,4.18,4.19,4.14,4.03,4.13,4.74,5.46,5.32,5.21,5.10,5.00,4.92,4.87,4.81,4.76,4.71,4.65,4.63,4.57,4.48,4.38,2.46,1.00
21.92,21.89,21.94,21.88,22.12,22.38,22.55,22.58,22.54,22.50,22.46,22.38,21.91,21.14,20.64,20.49,20.52,20.70,20.83,20.90,20.89,20.98,20.90,20.84,20.87,20.84,21.00,21.12,21.24,21.51,21.62,21.79,21.97,22.14,22.27,21.96,20.76,18.86,17.36,16.63,16.31,16.28,16.39,16.54,16.70,16.88,17.06,17.17,17.03,17.23,17.86,18.83,21.29,24.00,26.60,28.73,29.14,27.86,26.13,24.61,23.90,23.83,23.82,23.80,23.78,23.74,23.73,23.71,23.66,23.64,23.57,23.53,23.54,23.67,23.92,24.02,24.02,23.98,23.99,23.99,23.99,24.01,24.02,24.07,24.10,24.05,23.89,23.78,23.66,23.53,23.37,23.13,22.92,22.83,22.85,22.78,22.73,22.73,22.77,22.83,22.86,22.81,22.73,22.69,22.79,22.88,23.01,23.12,23.18,23.29,23.34,23.36,23.39,23.35,23.32,23.30,23.28,23.19,23.23,23.19,23.12,23.06,22.94,22.81,22.65,22.51,22.49,22.44,22.47,22.56,22.64,22.57,22.38,22.21,22.18,22.47,22.56,22.46,22.27,22.19,22.12,22.04,21.89,21.59,20.96,20.74,20.48,19.96,19.25,18.68,18.06,17.41,16.80,16.32,16.16,16.08,15.94,16.00,15.98,15.97,16.03,16.17,16.32,16.26,15.86,15.08,14.98,14.82,14.52,13.99,13.02,12.25,11.91,11.87,11.84,11.84,11.82,11.77,11.72,11.62,11.57,11.61,11.72,11.81,11.64,11.53,11.48,11.45,11.47,11.46,11.45,11.46,11.41,11.38,11.38,11.39,11.38,11.39,11.34,11.30,11.30,11.31,11.35,11.12,10.40,8.82,6.93,5.04,2.91,1.55,1.55,1.59,1.59,1.56,1.59,1.59,1.57,1.55,1.57,1.57,1.57,1.69,2.13,3.90,3.89,3.99,4.14,4.13,4.12,4.11,4.11,4.14,4.19,4.21,4.19,4.12,4.02,4.17,4.80,5.52,5.40,5.29,5.18,5.08,5.01,4.96,4.90,4.84,4.79,4.73,4.63,4.57,4.53,4.49,3.69,2.78
22.06,22.04,22.07,21.97,22.33,22.76,23.10,23.21,23.22,23.16,23.00,22.67,21.90,21.14,20.68,20.54,20.56,20.59,20.66,20.73,20.74,20.91,20.86,20.82,20.88,20.90,21.06,21.19,21.30,21.50,21.63,21.89,22.14,22.30,22.24,21.38,19.75,17.83,17.02,16.46,16.25,16.27,16.38,16.52,16.70,16.90,17.11,17.24,17.40,18.13,19.40,20.85,22.70,24.81,27.11,29.33,29.23,29.00,27.75,25.66,24.42,24.11,24.01,24.06,24.29,24.08,24.03,23.96,23.82,23.69,23.64,23.59,23.56,23.65,23.88,23.97,23.98,24.03,23.98,23.97,23.98,23.96,23.88,23.95,24.03,24.00,23.79,23.66,23.53,23.38,23.22,23.13,22.87,22.84,22.98,22.86,22.79,22.77,22.79,22.82,22.90,22.95,22.95,22.90,22.88,22.86,22.89,22.95,23.01,23.16,23.28,23.36,23.38,23.37,23.35,23.32,23.28,23.22,23.25,23.22,23.15,23.10,23.01,22.92,22.77,22.56,22.51,22.45,22.49,22.58,22.65,22.64,22.54,22.32,22.03,22.29,22.46,22.44,22.29,22.19,22.13,22.04,21.89,21.67,21.01,20.67,20.48,20.32,19.98,19.65,19.10,18.34,17.41,16.79,16.45,16.24,16.06,16.20,16.17,16.15,16.19,16.25,16.19,16.14,16.02,15.74,15.79,15.80,15.60,14.97,13.49,12.34,11.86,11.84,11.86,11.90,11.83,11.72,11.66,11.60,11.57,11.65,11.81,11.85,11.67,11.54,11.49,11.49,11.49,11.47,11.46,11.47,11.42,11.39,11.39,11.41,11.42,11.43,11.40,11.37,11.35,11.23,11.33,11.28,10.83,9.62,8.22,5.92,3.84,1.58,1.57,1.58,1.58,1.57,1.60,1.58,1.56,1.55,1.57,1.56,1.56,1.57,1.69,3.97,3.91,4.01,4.23,4.28,4.26,4.22,4.19,4.19,4.22,4.23,4.19,4.10,4.05,4.26,4.90,5.58,5.47,5.36,5.25,5.16,5.09,5.04,4.98,4.93,4.87,4.80,4.65,4.57,4.54,4.52,4.53,3.38
22.20,22.19,22.22,22.22,22.57,22.98,23.36,23.66,23.93,23.96,23.58,22.73,21.81,21.10,20.69,20.57,20.65,20.68,20.70,20.71,20.73,20.83,20.84,20.84,20.89,21.09,21.13,21.20,21.31,21.38,21.83,22.17,22.39,22.45,22.08,20.36,18.59,17.33,16.89,16.42,16.25,16.28,16.38,16.50,16.63,16.78,16.98,17.18,18.35,19.95,21.70,23.28,24.69,25.85,27.34,29.39,29.25,29.28,28.57,27.07,25.75,24.92,24.55,24.75,25.62,25.05,24.87,24.69,24.28,23.85,23.76,23.68,23.58,23.60,23.81,23.90,23.93,23.99,23.95,23.95,23.97,23.98,23.82,23.89,23.93,23.87,23.73,23.62,23.49,23.35,23.23,23.16,22.87,22.85,23.02,22.92,22.93,22.86,22.80,22.83,22.92,23.00,23.04,23.03,22.97,22.86,22.77,22.72,22.75,22.96,23.18,23.32,23.32,23.39,23.40,23.37,23.31,23.26,23.27,23.26,23.24,23.23,23.10,23.06,22.97,22.78,22.51,22.48,22.51,22.57,22.65,22.70,22.62,22.43,22.18,22.02,22.33,22.47,22.33,22.21,22.16,21.95,21.62,21.24,20.97,20.84,20.91,21.09,20.95,20.54,20.08,19.50,18.62,17.62,16.81,16.39,16.44,16.68,16.64,16.61,16.62,16.59,16.40,16.42,16.76,17.44,17.25,17.03,16.73,16.11,14.23,12.76,12.02,11.85,11.92,12.01,11.87,11.68,11.58,11.55,11.68,11.76,11.72,11.64,11.54,11.49,11.48,11.48,11.48,11.49,11.49,11.47,11.42,11.43,11.46,11.48,11.48,11.50,11.50,11.47,11.39,11.21,11.22,11.24,11.12,10.63,9.46,8.06,5.88,1.77,1.62,1.56,1.57,1.60,1.60,1.57,1.55,1.55,1.55,1.55,1.56,1.56,1.61,2.20,3.93,3.99,4.14,4.40,4.39,4.34,4.28,4.22,4.23,4.23,4.19,4.10,4.12,4.44,5.07,5.67,5.55,5.44,5.33,5.24,5.18,5.12,5.07,5.02,4.96,4.86,4.71,4.59,4.51,4.51,4.53,4.32
22.36,22.35,22.39,22.52,22.91,23.29,23.63,23.98,24.32,24.48,24.30,23.67,22.35,21.56,21.05,20.75,20.68,20.72,20.72,20.72,20.75,20.82,20.84,20.85,20.87,21.04,21.10,21.17,21.26,21.35,21.83,22.15,22.30,22.18,21.00,19.32,17.89,16.99,16.65,16.34,16.24,16.28,16.39,16.50,16.61,16.74,16.94,17.46,19.44,21.69,23.66,24.79,26.41,27.51,28.41,29.36,29.19,29.20,28.84,27.94,26.54,25.67,25.20,25.28,26.05,25.65,25.39,25.02,24.46,24.08,23.96,23.77,23.56,23.56,23.76,23.84,23.86,23.89,23.86,23.85,23.86,23.86,23.74,23.75,23.74,23.69,23.60,23.51,23.40,23.31,23.24,23.11,22.87,22.84,22.98,22.94,22.92,22.88,22.83,22.82,22.89,22.94,23.00,23.04,23.00,22.87,22.75,22.66,22.61,22.77,23.00,23.21,23.32,23.36,23.40,23.38,23.31,23.22,23.26,23.28,23.29,23.32,23.20,23.15,23.11,23.01,22.80,22.56,22.47,22.51,22.56,22.68,22.68,22.56,22.33,22.04,22.23,22.37,22.35,22.22,21.98,21.75,21.52,21.28,21.35,21.32,21.34,21.41,21.32,20.99,20.60,20.11,19.37,18.41,17.43,16.83,16.86,17.07,17.05,16.98,16.87,16.66,16.42,16.45,17.25,19.13,18.85,18.65,18.31,17.59,16.08,14.93,13.55,12.26,11.87,11.90,11.82,11.69,11.60,11.63,11.73,11.71,11.59,11.53,11.48,11.45,11.45,11.51,11.54,11.54,11.52,11.50,11.48,11.51,11.54,11.56,11.53,11.51,11.51,11.49,11.44,11.23,11.19,11.20,11.21,11.12,10.50,9.21,6.90,3.35,2.30,1.76,1.57,1.58,1.60,1.57,1.55,1.55,1.56,1.56,1.56,1.56,1.58,1.78,4.00,4.01,4.07,4.36,4.46,4.43,4.33,4.23,4.23,4.22,4.17,4.10,4.13,4.70,5.29,5.67,5.64,5.52,5.41,5.32,5.26,5.20,5.15,5.10,5.05,4.92,4.86,4.77,4.70,4.71,4.78,4.84
22.52,22.51,22.57,22.82,23.24,23.60,23.91,24.25,24.57,24.83,24.94,24.69,23.07,22.17,21.53,21.05,20.80,20.76,20.74,20.74,20.77,20.82,20.84,20.85,20.85,20.93,21.04,21.13,21.23,21.41,21.78,22.03,22.04,21.61,19.60,18.26,17.33,16.70,16.40,16.26,16.23,16.28,16.37,16.47,16.57,16.67,16.89,17.92,20.60,23.36,25.45,26.21,27.96,29.08,29.50,29.28,29.09,29.00,28.89,28.49,27.13,26.39,25.89,25.74,26.15,25.99,25.67,25.16,24.53,24.29,24.15,23.85,23.53,23.53,23.70,23.76,23.75,23.72,23.70,23.68,23.68,23.67,23.60,23.54,23.50,23.47,23.43,23.36,23.29,23.25,23.21,23.02,22.86,22.83,22.92,22.94,22.89,22.87,22.85,22.81,22.84,22.86,22.92,23.00,22.98,22.88,22.77,22.66,22.54,22.60,22.80,23.06,23.30,23.30,23.36,23.36,23.29,23.20,23.27,23.31,23.33,23.39,23.29,23.25,23.23,23.21,23.13,22.67,22.45,22.45,22.46,22.64,22.72,22.68,22.48,22.18,22.14,22.22,22.32,22.18,21.78,21.60,21.56,21.55,21.84,21.85,21.73,21.60,21.51,21.28,20.94,20.50,19.92,19.12,18.11,17.39,17.28,17.43,17.41,17.44,17.44,17.11,16.88,16.90,17.95,20.59,20.30,20.21,19.87,19.12,18.13,17.43,15.51,13.10,11.92,11.79,11.74,11.69,11.64,11.72,11.73,11.63,11.48,11.47,11.45,11.42,11.43,11.54,11.59,11.59,11.56,11.53,11.56,11.58,11.62,11.64,11.57,11.52,11.49,11.48,11.43,11.24,11.17,11.16,11.22,11.36,11.32,9.99,7.75,5.28,3.23,2.06,1.57,1.56,1.60,1.57,1.55,1.55,1.57,1.56,1.56,1.57,1.56,1.59,4.07,4.03,4.03,4.26,4.48,4.51,4.39,4.24,4.24,4.21,4.16,4.10,4.12,4.91,5.46,5.66,5.72,5.60,5.48,5.39,5.34,5.29,5.23,5.19,5.14,5.00,5.05,5.02,4.95,4.99,5.12,5.22
22.66,22.68,22.77,22.96,23.42,23.83,24.15,24.47,24.66,24.84,24.93,24.77,23.72,22.80,22.12,21.70,21.50,20.94,20.74,20.76,20.79,20.81,20.83,20.85,20.86,20.91,20.96,21.13,21.42,21.76,21.80,21.91,21.51,20.15,18.07,17.23,16.76,16.40,16.29,16.25,16.23,16.22,16.24,16.26,16.29,16.33,16.68,18.68,21.88,24.75,26.97,28.55,29.09,29.34,29.34,29.14,28.87,28.80,28.67,28.32,27.60,27.08,26.53,26.09,25.99,25.60,25.22,24.84,24.47,24.27,24.14,23.87,23.57,23.56,23.61,23.54,23.43,23.38,23.35,23.32,23.30,23.27,23.20,23.13,23.13,23.15,23.12,23.14,23.15,23.12,23.05,22.85,22.78,22.79,22.87,22.92,22.91,22.88,22.84,22.80,22.81,22.84,22.88,22.93,22.94,22.86,22.79,22.72,22.60,22.54,22.61,22.82,23.10,23.21,23.26,23.28,23.29,23.32,23.41,23.41,23.38,23.40,23.36,23.39,23.38,23.28,23.17,22.79,22.54,22.43,22.43,22.58,22.66,22.72,22.72,22.40,22.11,22.00,22.00,21.91,21.76,21.86,22.06,22.14,22.16,22.09,21.97,21.84,21.68,21.45,21.11,20.66,20.15,19.53,18.71,18.02,17.68,17.74,17.62,18.53,20.00,19.90,19.83,19.84,20.16,20.95,20.86,20.83,20.69,20.30,19.50,18.81,17.49,15.42,12.69,11.93,11.69,11.68,11.69,11.62,11.61,11.57,11.50,11.45,11.45,11.46,11.48,11.51,11.54,11.57,11.58,11.59,11.58,11.60,11.67,11.72,11.61,11.54,11.49,11.39,11.18,11.06,11.07,11.11,11.16,11.22,11.29,10.43,8.73,6.46,4.38,2.72,1.56,1.57,1.59,1.56,1.55,1.56,1.56,1.56,1.56,1.56,1.56,1.56,1.99,2.95,4.07,4.15,4.44,4.58,4.52,4.27,4.27,4.23,4.17,4.11,4.18,4.82,5.37,5.68,5.77,5.67,5.56,5.47,5.42,5.37,5.33,5.28,5.22,5.21,5.31,5.29,5.26,5.36,5.48,5.60
22.81,22.84,22.96,23.16,23.56,23.93,24.24,24.53,24.62,24.68,24.66,24.48,23.79,23.13,22.58,22.19,21.93,21.18,20.82,20.76,20.77,20.79,20.83,20.85,20.85,20.86,20.99,21.24,21.55,21.82,21.83,21.51,20.52,18.72,17.08,16.60,16.42,16.26,16.24,16.24,16.25,16.28,16.34,16.32,16.33,16.58,17.40,19.92,23.05,25.79,27.93,29.51,29.52,29.36,29.16,28.97,28.67,28.62,28.43,28.02,27.55,27.11,26.59,26.08,25.73,25.23,24.88,24.61,24.36,24.17,24.00,23.82,23.66,23.65,23.62,23.46,23.28,23.21,23.16,23.13,23.11,23.06,23.00,22.94,22.94,22.96,22.94,22.93,22.94,22.93,22.87,22.72,22.74,22.78,22.83,22.89,22.95,22.91,22.85,22.81,22.79,22.81,22.83,22.85,22.86,22.79,22.76,22.75,22.69,22.59,22.58,22.67,22.85,23.13,23.30,23.41,23.45,23.37,23.47,23.51,23.54,23.64,23.72,23.59,23.43,23.31,23.20,22.95,22.69,22.50,22.42,22.48,22.58,22.68,22.73,22.47,22.12,21.93,21.92,21.96,21.98,22.17,22.40,22.50,22.42,22.32,22.19,22.02,21.77,21.54,21.12,20.56,20.04,19.50,18.89,18.68,19.05,19.05,18.94,19.76,21.10,21.10,21.10,21.10,21.10,21.10,21.10,21.10,21.06,20.90,20.39,19.77,18.93,17.46,14.74,12.74,11.88,11.67,11.64,11.61,11.59,11.57,11.53,11.48,11.48,11.50,11.52,11.54,11.54,11.57,11.59,11.59,11.60,11.63,11.71,11.75,11.60,11.50,11.48,11.37,11.06,10.93,11.00,11.09,11.14,11.15,11.23,10.83,9.74,7.82,5.52,3.14,1.78,1.57,1.57,1.56,1.56,1.56,1.56,1.56,1.56,1.56,1.55,1.57,1.63,2.40,3.67,4.02,4.41,4.68,4.69,4.30,4.29,4.25,4.19,4.14,4.21,4.75,5.30,5.69,5.78,5.76,5.66,5.55,5.50,5.46,5.43,5.38,5.34,5.52,5.58,5.58,5.60,5.72,5.83,5.94
22.97,23.01,23.13,23.38,23.66,23.94,24.21,24.48,24.51,24.41,24.21,23.90,23.44,23.24,22.97,22.56,22.16,21.47,20.97,20.72,20.73,20.77,20.83,20.85,20.82,20.79,21.09,21.41,21.63,21.66,21.86,20.91,19.21,17.31,16.49,16.27,16.24,16.24,16.23,16.23,16.30,16.43,16.61,16.57,16.61,17.25,18.81,21.49,24.14,26.57,28.49,29.45,29.41,29.21,28.98,28.77,28.48,28.43,28.17,27.63,27.11,26.66,26.22,25.80,25.39,24.90,24.62,24.43,24.22,24.01,23.76,23.71,23.80,23.76,23.71,23.49,23.26,23.17,23.08,23.07,23.05,23.01,22.94,22.92,22.90,22.88,22.86,22.72,22.70,22.70,22.68,22.63,22.74,22.78,22.78,22.86,22.98,22.96,22.87,22.82,22.78,22.76,22.76,22.77,22.74,22.69,22.70,22.75,22.80,22.71,22.67,22.61,22.56,23.05,23.44,23.70,23.74,23.37,23.47,23.60,23.79,24.07,24.32,23.84,23.42,23.32,23.21,23.12,22.90,22.61,22.43,22.36,22.48,22.60,22.59,22.43,22.15,21.99,22.03,22.26,22.38,22.50,22.61,22.69,22.63,22.54,22.39,22.16,21.80,21.55,21.01,20.28,19.68,19.13,18.74,19.36,21.15,21.13,21.08,21.08,21.11,21.11,21.11,21.11,21.10,21.09,21.10,21.11,21.11,21.08,20.94,20.41,19.96,19.29,17.74,14.05,12.27,11.66,11.51,11.66,11.66,11.61,11.56,11.57,11.55,11.54,11.57,11.62,11.57,11.60,11.60,11.56,11.60,11.66,11.74,11.75,11.55,11.42,11.46,11.39,11.05,10.83,10.97,11.10,11.13,11.13,11.15,11.19,10.77,9.32,6.67,3.81,2.16,1.56,1.56,1.57,1.57,1.57,1.58,1.56,1.55,1.55,1.54,1.60,1.72,2.15,2.94,3.89,4.39,4.80,4.89,4.32,4.30,4.27,4.23,4.19,4.23,4.70,5.25,5.69,5.78,5.87,5.77,5.62,5.59,5.55,5.54,5.49,5.49,5.89,5.86,5.88,5.96,6.08,6.18,6.25
23.12,23.23,23.49,23.74,23.92,24.06,24.21,24.40,24.41,24.10,23.78,23.63,23.29,23.24,23.10,22.81,22.62,22.11,21.49,20.97,20.73,20.79,20.82,20.81,20.80,21.00,21.25,21.43,21.51,21.50,20.50,19.10,17.81,17.01,16.39,16.24,16.24,16.25,16.23,16.25,16.36,16.57,16.86,16.98,17.09,17.98,20.02,22.92,25.37,27.56,29.15,29.42,29.39,29.16,28.87,28.63,28.33,28.18,27.83,27.23,26.73,26.23,25.81,25.42,24.96,24.62,24.35,24.13,23.93,23.86,23.74,23.75,23.80,23.63,23.52,23.24,22.98,22.91,22.88,22.88,22.85,22.76,22.74,22.70,22.68,22.69,22.69,22.67,22.67,22.66,22.64,22.59,22.72,22.78,22.77,22.80,22.92,22.91,22.86,22.81,22.77,22.74,22.73,22.73,22.70,22.70,22.72,22.76,22.80,22.81,22.81,22.72,22.58,22.80,23.11,23.38,23.52,23.32,23.46,23.62,24.03,24.86,24.96,24.48,23.84,23.31,23.17,23.13,22.97,22.72,22.49,22.41,22.39,22.40,22.43,22.33,22.23,22.16,22.10,22.03,22.28,22.47,22.61,22.73,22.67,22.51,22.26,21.89,21.38,20.91,20.40,19.88,19.40,20.05,20.17,20.42,21.14,21.13,21.11,21.11,21.11,21.11,21.11,21.12,21.11,21.11,21.10,21.10,21.11,21.10,21.05,20.76,20.41,19.96,19.27,16.73,14.26,12.60,12.12,11.75,11.68,11.67,11.63,11.61,11.58,11.57,11.58,11.62,11.58,11.59,11.62,11.63,11.63,11.67,11.64,11.53,11.38,11.27,11.31,11.29,11.10,11.03,11.12,11.18,11.16,11.13,11.16,11.26,11.15,10.47,7.41,4.25,2.45,1.57,1.57,1.57,1.56,1.56,1.56,1.57,1.56,1.56,1.57,1.62,1.98,2.61,3.40,4.03,4.35,4.62,4.69,4.33,4.32,4.28,4.21,4.12,4.23,4.80,5.33,5.67,5.70,5.84,5.80,5.70,5.68,5.64,5.62,5.72,5.94,6.16,6.17,6.19,6.24,6.31,6.30,6.29
23.27,23.41,23.73,23.93,24.05,24.12,24.18,24.29,24.30,23.78,23.30,23.27,23.03,23.09,23.08,22.96,22.95,22.65,22.07,21.38,20.80,20.83,20.81,20.82,20.89,21.13,21.33,21.40,21.23,20.67,19.07,17.71,16.91,16.77,16.33,16.23,16.24,16.26,16.24,16.26,16.39,16.61,16.94,17.30,17.62,18.81,21.24,24.21,26.63,28.55,29.67,29.49,29.41,29.14,28.80,28.51,28.20,27.91,27.47,26.88,26.37,25.86,25.46,25.11,24.73,24.37,24.13,23.92,23.72,23.69,23.64,23.70,23.75,23.57,23.11,22.78,22.63,22.66,22.71,22.74,22.67,22.54,22.50,22.46,22.46,22.48,22.51,22.58,22.61,22.61,22.60,22.54,22.68,22.77,22.77,22.74,22.82,22.84,22.83,22.80,22.77,22.73,22.71,22.71,22.68,22.72,22.75,22.75,22.78,22.86,22.88,22.80,22.62,22.61,22.85,23.11,23.29,23.27,23.44,23.63,24.18,25.33,25.35,24.80,24.02,23.32,23.15,23.12,22.99,22.78,22.54,22.42,22.32,22.29,22.33,22.31,22.38,22.36,22.22,21.96,22.15,22.37,22.57,22.69,22.60,22.41,22.08,21.59,20.99,20.41,20.12,19.99,19.70,20.75,21.08,21.09,21.10,21.10,21.11,21.11,21.11,21.11,21.12,21.12,21.12,21.12,21.10,21.10,21.11,21.10,21.10,21.00,20.76,20.45,20.22,18.76,16.25,14.00,12.88,11.94,11.73,11.71,11.68,11.64,11.60,11.59,11.59,11.62,11.58,11.57,11.60,11.65,11.63,11.61,11.50,11.34,11.27,11.20,11.22,11.23,11.16,11.18,11.23,11.23,11.18,11.12,11.17,11.27,11.33,11.17,8.23,5.12,3.35,1.57,1.57,1.57,1.56,1.55,1.55,1.57,1.57,1.56,1.59,1.62,2.21,3.03,3.83,4.18,4.32,4.46,4.51,4.34,4.34,4.29,4.19,4.10,4.27,4.94,5.44,5.64,5.64,5.94,5.93,5.80,5.77,5.69,5.67,5.87,6.23,6.31,6.38,6.41,6.41,6.42,6.35,6.28
23.42,23.51,23.76,23.85,23.99,24.08,24.11,24.16,24.16,23.42,22.76,22.77,22.58,22.70,22.84,22.94,23.05,23.03,22.72,22.05,20.98,20.89,20.81,20.90,21.14,21.11,21.28,21.29,20.69,18.77,17.57,17.02,16.80,16.61,16.34,16.27,16.26,16.25,16.26,16.26,16.34,16.51,16.78,17.46,18.22,19.82,22.48,25.29,27.96,29.53,29.97,29.73,29.50,29.18,28.80,28.41,28.08,27.60,27.10,26.62,26.05,25.61,25.22,24.93,24.83,24.15,23.97,23.87,23.64,23.50,23.43,23.51,23.64,23.63,22.36,21.98,22.16,22.45,22.60,22.66,22.56,22.35,22.20,22.18,22.22,22.27,22.30,22.43,22.51,22.56,22.55,22.47,22.62,22.74,22.77,22.65,22.68,22.74,22.78,22.79,22.77,22.72,22.70,22.70,22.68,22.75,22.76,22.74,22.72,22.82,22.87,22.83,22.69,22.55,22.72,22.92,23.08,23.22,23.40,23.60,24.16,25.28,25.34,24.59,23.81,23.34,23.16,23.06,22.94,22.78,22.56,22.36,22.31,22.31,22.33,22.43,22.61,22.62,22.44,22.16,22.00,22.17,22.44,22.53,22.39,22.21,21.82,21.23,20.66,20.17,20.39,20.91,20.91,21.04,21.10,21.12,21.10,21.11,21.11,21.11,21.11,21.12,21.12,21.12,21.13,21.13,21.12,21.10,21.09,21.09,21.10,21.08,20.96,20.70,20.31,19.70,18.18,16.09,13.84,12.27,11.81,11.71,11.70,11.65,11.63,11.61,11.59,11.59,11.57,11.52,11.52,11.57,11.56,11.44,11.29,11.19,11.26,11.26,11.25,11.24,11.22,11.23,11.26,11.24,11.17,11.11,11.17,11.20,11.22,11.19,9.18,6.72,5.25,1.56,1.55,1.58,1.58,1.57,1.56,1.58,1.57,1.55,1.57,1.60,2.41,3.38,4.15,4.33,4.31,4.32,4.35,4.36,4.35,4.29,4.20,4.14,4.38,5.16,5.57,5.60,5.63,6.27,6.21,5.92,5.86,5.68,5.66,5.89,6.25,6.29,6.46,6.49,6.42,6.35,6.28,6.21
23.59,23.66,23.81,23.89,24.00,24.08,24.12,24.14,24.16,23.75,23.12,22.47,22.44,22.54,22.68,22.82,22.96,23.04,22.84,22.20,21.05,20.92,20.80,20.97,21.39,21.23,20.98,20.37,19.30,17.72,17.01,16.76,16.67,16.52,16.33,16.26,16.25,16.25,16.26,16.34,16.46,16.64,16.93,17.53,18.82,20.91,23.66,26.05,28.43,29.68,29.86,29.61,29.42,29.15,28.77,28.27,27.77,27.30,26.84,26.39,25.86,25.48,25.01,24.59,24.43,24.08,23.95,23.78,23.47,23.18,23.16,23.30,23.50,23.63,22.41,21.89,21.82,21.84,21.88,22.24,22.42,22.27,21.95,21.95,22.02,22.09,22.18,22.28,22.39,22.46,22.49,22.41,22.50,22.61,22.69,22.65,22.68,22.69,22.71,22.77,22.76,22.71,22.68,22.68,22.70,22.76,22.77,22.73,22.72,22.76,22.81,22.82,22.80,22.67,22.64,22.73,22.92,23.13,23.28,23.48,23.86,24.50,24.54,24.03,23.52,23.23,23.08,22.97,22.81,22.62,22.48,22.47,22.43,22.36,22.30,22.41,22.54,22.58,22.50,22.32,22.03,22.06,22.24,22.35,22.26,21.76,21.25,20.92,20.83,20.63,20.80,21.13,21.13,21.11,21.11,21.11,21.10,21.11,21.11,21.11,21.12,21.12,21.12,21.13,21.13,21.13,21.13,21.12,21.11,21.12,21.12,21.12,21.04,20.88,20.62,20.12,19.05,17.45,15.41,13.27,12.13,11.70,11.70,11.67,11.65,11.63,11.61,11.61,11.61,11.55,11.47,11.41,11.35,11.29,11.22,11.17,11.20,11.22,11.22,11.21,11.20,11.20,11.22,11.20,11.14,11.09,11.13,11.14,11.16,11.21,9.58,7.01,5.37,1.57,1.55,1.58,1.58,1.57,1.56,1.57,1.57,1.56,1.57,1.57,2.00,2.86,3.88,4.24,4.26,4.25,4.27,4.33,4.35,4.29,4.20,4.16,4.38,5.19,5.60,5.61,5.65,6.11,6.15,6.00,5.93,5.87,5.86,5.97,6.19,6.33,6.45,6.45,6.37,6.29,6.22,6.15
23.78,23.83,23.88,23.97,24.04,24.10,24.14,24.16,24.18,24.18,23.66,22.47,22.42,22.43,22.50,22.60,22.72,22.85,22.71,22.15,21.08,20.93,20.82,21.04,21.52,21.19,20.45,19.22,17.85,17.00,16.75,16.63,16.55,16.46,16.32,16.24,16.23,16.25,16.27,16.43,16.60,16.83,17.18,17.71,19.49,22.03,24.84,26.91,28.75,29.63,29.66,29.43,29.33,29.10,28.72,28.16,27.52,27.07,26.64,26.18,25.72,25.38,24.82,24.26,24.03,24.04,23.92,23.66,23.25,22.85,22.90,23.11,23.37,23.60,22.73,22.09,21.66,21.34,21.22,21.76,22.17,22.14,21.75,21.76,21.83,21.93,22.06,22.14,22.26,22.36,22.41,22.35,22.38,22.46,22.58,22.62,22.68,22.65,22.65,22.75,22.76,22.71,22.67,22.66,22.70,22.75,22.74,22.71,22.72,22.72,22.75,22.81,22.87,22.83,22.62,22.60,22.79,23.01,23.15,23.32,23.51,23.66,23.67,23.47,23.25,23.09,22.93,22.82,22.65,22.48,22.42,22.62,22.56,22.40,22.26,22.34,22.41,22.47,22.51,22.43,22.14,22.00,22.02,22.16,22.15,21.36,20.75,20.72,21.08,21.16,21.17,21.15,21.11,21.13,21.11,21.10,21.10,21.11,21.11,21.11,21.12,21.12,21.13,21.13,21.13,21.13,21.14,21.14,21.14,21.14,21.14,21.13,21.10,21.03,20.94,20.38,19.66,18.61,17.07,14.55,12.73,11.84,11.71,11.68,11.67,11.64,11.63,11.64,11.64,11.55,11.41,11.26,11.16,11.18,11.19,11.17,11.14,11.16,11.17,11.17,11.17,11.17,11.18,11.17,11.13,11.08,11.09,11.08,11.11,11.22,9.83,7.10,5.08,1.58,1.56,1.57,1.58,1.58,1.56,1.56,1.56,1.57,1.57,1.55,1.56,2.20,3.38,4.11,4.22,4.22,4.23,4.30,4.36,4.29,4.20,4.16,4.36,5.18,5.60,5.62,5.66,5.88,6.01,6.05,5.98,6.05,6.05,6.06,6.13,6.39,6.42,6.37,6.30,6.23,6.16,6.08
23.99,24.04,24.06,24.09,24.12,24.14,24.16,24.17,24.17,24.18,23.99,23.43,22.52,22.27,22.17,22.08,22.14,22.27,22.20,21.81,21.03,20.90,20.95,21.13,21.25,20.43,19.26,18.00,16.98,16.73,16.61,16.56,16.51,16.40,16.28,16.22,16.22,16.25,16.31,16.44,16.69,17.05,17.48,18.41,20.51,23.19,26.00,28.47,29.33,29.58,29.54,29.39,29.32,29.05,28.64,28.15,27.76,27.12,26.52,26.05,25.66,25.33,24.71,24.16,24.20,23.95,23.75,23.43,22.94,22.55,22.73,23.02,23.28,23.49,23.27,22.73,22.13,21.74,21.50,21.42,21.50,21.68,21.70,21.64,21.69,21.80,21.89,22.01,22.14,22.25,22.31,22.28,22.29,22.33,22.39,22.40,22.54,22.61,22.66,22.76,22.78,22.80,22.73,22.60,22.64,22.61,22.60,22.64,22.71,22.73,22.76,22.79,22.83,22.85,22.81,22.72,22.64,22.78,22.99,23.16,23.29,23.37,23.40,23.27,23.11,22.94,22.58,22.45,22.50,22.60,22.59,22.74,22.62,22.40,22.21,22.21,22.28,22.37,22.43,22.43,22.31,22.02,21.84,21.99,22.05,21.40,20.91,20.94,21.13,21.18,21.16,21.14,21.15,21.14,21.12,21.10,21.10,21.11,21.11,21.11,21.11,21.12,21.12,21.13,21.13,21.13,21.14,21.14,21.13,21.13,21.13,21.13,21.12,21.10,21.08,20.60,20.32,19.73,18.41,16.24,14.17,12.61,11.74,11.69,11.64,11.62,11.63,11.64,11.50,11.39,11.30,11.22,11.21,11.18,11.16,11.13,11.07,11.11,11.14,11.17,11.20,11.20,11.24,11.26,11.23,11.12,11.11,11.08,11.08,11.19,10.04,7.84,5.06,1.60,1.57,1.58,1.59,1.59,1.56,1.57,1.56,1.55,1.55,1.55,1.56,1.86,2.64,4.11,4.27,4.23,4.21,4.30,4.38,4.30,4.18,4.14,4.39,5.19,5.59,5.59,5.61,5.83,5.95,5.99,5.95,5.99,6.03,6.07,6.15,6.43,6.37,6.30,6.24,6.16,6.09,6.02
24.17,24.22,24.24,24.23,24.22,24.21,24.21,24.21,24.20,24.19,24.10,23.77,22.53,22.18,22.01,21.84,21.78,21.78,21.72,21.49,21.01,20.89,21.03,21.18,21.04,19.85,18.50,17.32,16.56,16.57,16.53,16.50,16.44,16.33,16.26,16.23,16.27,16.37,16.47,16.54,16.71,17.08,17.73,19.20,21.66,24.56,27.41,29.36,29.64,29.57,29.46,29.38,29.37,29.09,28.66,28.20,27.78,27.16,26.56,26.09,25.73,25.30,24.71,24.25,24.27,23.91,23.62,23.26,22.76,22.36,22.58,22.91,23.20,23.42,23.50,23.13,22.58,22.11,21.63,21.27,21.17,21.33,21.50,21.49,21.54,21.65,21.74,21.90,22.04,22.16,22.23,22.22,22.21,22.22,22.25,22.27,22.40,22.50,22.59,22.71,22.77,22.80,22.73,22.61,22.61,22.57,22.57,22.62,22.71,22.75,22.79,22.83,22.85,22.85,22.88,22.80,22.64,22.63,22.85,23.01,23.12,23.20,23.16,23.01,22.84,22.66,22.50,22.48,22.59,22.72,22.73,22.79,22.66,22.44,22.23,22.16,22.18,22.26,22.35,22.38,22.31,22.07,21.83,21.79,21.86,21.37,21.00,21.00,21.13,21.18,21.19,21.17,21.11,21.12,21.11,21.10,21.10,21.11,21.11,21.11,21.11,21.12,21.12,21.12,21.13,21.13,21.14,21.13,21.13,21.13,21.13,21.13,21.13,21.12,21.09,20.68,20.62,20.30,19.25,17.49,15.44,13.64,12.34,11.77,11.63,11.59,11.57,11.49,11.36,11.28,11.23,11.20,11.21,11.16,11.13,11.13,11.07,11.10,11.15,11.20,11.23,11.23,11.31,11.39,11.41,11.28,11.16,11.08,11.08,11.19,10.26,8.43,5.52,2.19,1.64,1.57,1.58,1.59,1.57,1.56,1.55,1.55,1.54,1.55,1.56,1.67,2.21,4.11,4.30,4.24,4.20,4.32,4.40,4.31,4.19,4.15,4.38,5.17,5.62,5.70,5.79,6.04,6.12,6.11,6.10,6.13,6.17,6.32,6.62,7.13,6.55,6.23,6.16,6.10,6.02,5.96
24.33,24.39,24.43,24.39,24.34,24.30,24.27,24.27,24.24,24.19,24.06,23.70,22.48,22.14,21.98,21.78,21.57,21.37,21.27,21.18,21.01,20.90,21.09,21.21,20.89,19.42,18.03,16.99,16.44,16.48,16.48,16.42,16.34,16.27,16.25,16.26,16.37,16.55,16.71,16.71,16.70,16.99,17.96,20.07,22.91,26.07,28.97,29.82,29.78,29.58,29.42,29.38,29.45,29.18,28.74,28.29,27.67,27.18,26.70,26.23,25.90,25.28,24.79,24.47,24.28,23.89,23.53,23.13,22.66,22.23,22.45,22.80,23.12,23.38,23.51,23.37,23.00,22.45,21.66,21.25,21.06,21.05,21.21,21.31,21.40,21.48,21.60,21.80,21.95,22.07,22.18,22.16,22.11,22.11,22.15,22.20,22.26,22.35,22.47,22.62,22.72,22.74,22.71,22.67,22.61,22.59,22.61,22.65,22.70,22.76,22.85,22.90,22.90,22.82,22.87,22.85,22.73,22.53,22.71,22.85,22.98,23.10,22.94,22.72,22.48,22.32,22.59,22.78,22.85,22.84,22.85,22.80,22.68,22.50,22.30,22.16,22.09,22.14,22.26,22.29,22.20,22.12,21.94,21.59,21.62,21.31,21.03,20.95,21.10,21.17,21.24,21.23,21.00,21.08,21.10,21.10,21.10,21.11,21.11,21.11,21.11,21.12,21.12,21.12,21.13,21.13,21.13,21.13,21.13,21.12,21.12,21.12,21.12,21.10,21.02,20.68,20.67,20.50,19.78,18.43,16.58,14.83,13.32,11.89,11.64,11.55,11.46,11.25,11.21,11.20,11.19,11.18,11.19,11.12,11.12,11.14,11.12,11.12,11.19,11.25,11.25,11.26,11.38,11.55,11.65,11.52,11.23,11.08,11.09,11.23,10.49,8.93,6.29,3.19,1.76,1.56,1.58,1.60,1.58,1.56,1.55,1.55,1.54,1.55,1.56,1.56,1.99,4.11,4.32,4.24,4.20,4.34,4.41,4.32,4.22,4.20,4.35,5.14,5.68,5.90,6.12,6.41,6.43,6.36,6.36,6.39,6.42,6.74,7.39,8.26,6.88,6.16,6.08,6.04,5.96,5.91
24.54,24.68,24.74,24.63,24.58,24.54,24.48,24.39,24.38,24.30,24.09,23.67,22.58,22.18,21.97,21.79,21.59,21.39,21.25,21.13,20.99,20.89,21.12,21.25,20.95,19.77,18.19,16.97,16.33,16.37,16.40,16.37,16.32,16.25,16.25,16.28,16.43,16.67,16.88,16.93,16.98,17.49,18.98,21.34,23.89,26.74,29.49,29.78,29.74,29.68,29.62,29.47,29.48,29.23,28.81,28.33,27.63,27.13,26.69,26.24,25.85,25.22,24.81,24.57,24.34,23.90,23.51,23.06,22.52,22.17,22.42,22.77,23.10,23.36,23.50,23.46,23.18,22.63,21.94,21.38,20.95,20.72,20.94,21.15,21.28,21.39,21.52,21.69,21.83,21.97,22.10,22.11,22.04,22.03,22.09,22.19,22.23,22.29,22.39,22.51,22.53,22.54,22.57,22.61,22.59,22.56,22.57,22.63,22.71,22.77,22.81,22.84,22.83,22.78,22.80,22.83,22.80,22.64,22.58,22.67,22.79,22.83,22.63,22.72,22.81,22.80,22.89,22.97,22.95,22.88,22.84,22.81,22.75,22.63,22.44,22.15,22.08,22.06,22.07,22.19,22.17,22.15,22.05,21.77,21.58,21.32,21.09,20.96,21.01,21.07,21.12,21.13,21.06,21.09,21.10,21.10,21.10,21.10,21.11,21.11,21.11,21.11,21.12,21.12,21.13,21.13,21.13,21.13,21.12,21.12,21.11,21.11,21.11,21.09,20.98,20.68,20.63,20.47,19.96,19.32,17.56,15.80,14.33,12.92,11.88,11.43,11.34,11.30,11.25,11.22,11.21,11.20,11.21,11.14,11.14,11.16,11.12,11.13,11.18,11.23,11.28,11.36,11.49,11.65,11.78,11.84,11.35,11.07,11.06,11.30,10.87,9.35,7.15,4.95,2.31,1.70,1.58,1.58,1.57,1.56,1.53,1.51,1.51,1.55,1.57,1.57,1.99,4.21,4.28,4.22,4.20,4.33,4.43,4.36,4.23,4.15,4.31,4.96,5.43,5.72,6.14,6.30,6.47,6.44,6.12,6.23,6.51,6.67,6.73,7.09,6.51,6.12,5.96,5.94,5.89,5.85
24.77,24.98,25.07,24.88,24.81,24.76,24.66,24.52,24.52,24.42,24.20,23.77,22.57,22.19,22.00,21.82,21.62,21.42,21.28,21.15,20.99,20.88,21.11,21.25,21.01,20.09,18.23,16.88,16.26,16.29,16.32,16.31,16.28,16.23,16.24,16.30,16.46,16.71,16.94,17.16,17.37,18.07,19.89,22.43,24.60,26.95,29.37,29.68,29.72,29.75,29.73,29.53,29.53,29.29,28.86,28.31,27.60,27.11,26.68,26.26,25.81,25.19,24.82,24.60,24.34,23.89,23.45,22.93,22.34,21.96,22.25,22.69,23.11,23.41,23.52,23.51,23.31,22.82,22.17,21.53,20.97,20.61,20.82,21.03,21.20,21.35,21.46,21.60,21.74,21.89,22.03,22.06,21.99,21.97,22.03,22.16,22.18,22.23,22.30,22.39,22.38,22.40,22.45,22.53,22.57,22.53,22.54,22.59,22.68,22.75,22.78,22.78,22.77,22.73,22.73,22.78,22.83,22.74,22.60,22.58,22.61,22.59,22.50,22.77,23.02,23.08,23.07,23.09,23.02,22.90,22.83,22.83,22.81,22.73,22.55,22.21,22.07,21.98,21.94,22.05,22.08,22.11,22.09,21.92,21.62,21.37,21.17,21.02,20.97,21.01,21.04,21.07,21.10,21.10,21.10,21.10,21.10,21.10,21.11,21.11,21.11,21.11,21.12,21.12,21.12,21.13,21.13,21.12,21.12,21.12,21.11,21.11,21.07,20.98,20.85,20.71,20.65,20.50,20.16,19.97,18.43,16.77,15.32,13.85,12.39,11.59,11.31,11.30,11.24,11.21,11.20,11.20,11.23,11.17,11.15,11.17,11.13,11.14,11.16,11.21,11.30,11.43,11.57,11.71,11.87,12.04,11.50,11.11,11.05,11.35,11.14,10.11,8.43,6.60,3.09,1.95,1.59,1.57,1.56,1.56,1.53,1.49,1.47,1.55,1.57,1.58,1.99,4.29,4.28,4.23,4.21,4.31,4.44,4.39,4.25,4.12,4.30,4.77,5.13,5.39,5.79,5.88,6.07,6.11,5.80,5.87,6.21,6.31,6.12,6.13,6.07,5.94,5.81,5.80,5.78,5.77
25.02,25.29,25.42,25.13,25.05,24.95,24.81,24.66,24.64,24.57,24.42,24.05,22.39,22.14,22.08,21.87,21.66,21.47,21.37,21.26,21.03,20.87,21.05,21.20,21.07,20.35,18.10,16.67,16.25,16.25,16.25,16.24,16.24,16.22,16.23,16.30,16.45,16.65,16.82,17.39,17.88,18.76,20.64,23.26,24.91,26.50,28.38,29.48,29.73,29.76,29.72,29.57,29.58,29.36,28.88,28.19,27.58,27.11,26.69,26.27,25.78,25.22,24.81,24.52,24.27,23.87,23.33,22.72,22.10,21.53,21.91,22.54,23.16,23.55,23.55,23.52,23.38,23.02,22.34,21.70,21.15,20.80,20.91,20.97,21.16,21.38,21.44,21.56,21.69,21.83,21.94,22.03,21.98,21.95,21.97,22.08,22.09,22.15,22.21,22.27,22.32,22.33,22.36,22.42,22.54,22.52,22.50,22.52,22.60,22.70,22.73,22.73,22.73,22.70,22.67,22.71,22.81,22.85,22.83,22.64,22.43,22.39,22.61,22.89,23.05,23.07,23.07,23.09,23.04,22.93,22.81,22.86,22.86,22.78,22.61,22.39,22.07,21.92,21.92,21.86,21.91,21.98,22.03,22.03,21.79,21.48,21.26,21.15,21.00,21.01,21.02,21.04,21.10,21.10,21.10,21.10,21.10,21.10,21.11,21.11,21.11,21.11,21.12,21.12,21.12,21.12,21.12,21.12,21.12,21.11,21.11,21.10,20.97,20.75,20.56,20.78,20.78,20.61,20.39,20.27,19.14,17.75,16.28,14.64,13.28,12.15,11.41,11.20,11.16,11.16,11.16,11.18,11.22,11.19,11.16,11.15,11.15,11.14,11.15,11.20,11.33,11.46,11.59,11.73,11.89,12.06,11.68,11.25,11.07,11.40,11.28,11.36,10.30,8.08,4.22,2.35,1.61,1.57,1.57,1.56,1.56,1.51,1.41,1.52,1.57,1.58,1.99,4.30,4.30,4.28,4.27,4.30,4.44,4.40,4.26,4.13,4.32,4.58,4.75,4.84,4.92,5.02,5.07,5.18,5.37,5.21,5.38,5.54,5.57,5.49,5.53,5.57,5.58,5.59,5.62,5.65
25.25,25.50,25.58,25.34,25.21,25.01,24.77,24.59,24.60,24.56,24.45,24.12,22.55,22.19,22.09,21.92,21.70,21.53,21.41,21.26,21.02,20.87,21.00,21.14,21.05,20.37,18.25,16.83,16.32,16.24,16.24,16.23,16.23,16.23,16.23,16.32,16.48,16.69,16.87,17.29,18.00,19.20,21.12,23.56,24.94,26.17,27.73,29.41,29.74,29.79,29.78,29.66,29.67,29.41,28.95,28.36,27.59,27.10,26.68,26.26,25.82,25.19,24.70,24.35,24.05,23.70,23.02,22.30,21.74,21.50,22.07,22.74,23.29,23.60,23.55,23.51,23.43,23.21,22.49,21.83,21.29,20.97,21.04,20.94,21.02,21.22,21.40,21.55,21.68,21.81,21.92,22.00,22.00,21.94,21.88,22.05,22.07,22.10,22.14,22.19,22.23,22.25,22.28,22.34,22.45,22.43,22.42,22.46,22.52,22.63,22.65,22.64,22.64,22.60,22.64,22.71,22.81,22.87,22.86,22.74,22.57,22.44,22.53,22.80,22.97,22.99,23.02,23.04,23.00,22.90,22.76,22.82,22.81,22.71,22.53,22.38,22.13,21.94,21.86,21.85,21.82,21.89,22.03,22.20,21.89,21.58,21.35,21.22,21.06,21.01,21.00,21.02,21.04,21.09,21.10,21.10,21.10,21.10,21.10,21.11,21.11,21.11,21.11,21.12,21.12,21.12,21.12,21.11,21.11,21.11,21.11,21.03,20.84,20.62,20.60,20.82,20.79,20.64,20.49,20.34,19.70,18.50,16.83,15.01,14.10,12.91,11.76,11.13,11.13,11.14,11.15,11.17,11.20,11.20,11.17,11.15,11.16,11.15,11.15,11.19,11.28,11.43,11.57,11.71,11.85,11.98,11.59,11.15,10.97,11.34,11.29,11.77,11.46,10.11,4.02,2.21,1.64,1.58,1.58,1.58,1.58,1.55,1.50,1.51,1.55,1.58,1.91,3.76,4.18,4.35,4.33,4.31,4.43,4.44,4.34,4.22,4.34,4.56,4.68,4.70,4.74,4.86,4.94,5.06,5.25,5.09,5.16,5.25,5.29,5.28,5.38,5.50,5.56,5.46,5.48,5.50
25.44,25.64,25.66,25.49,25.31,25.03,24.73,24.50,24.47,24.41,24.28,23.96,22.68,22.24,22.06,21.91,21.70,21.55,21.41,21.23,21.01,20.87,20.98,21.09,21.01,20.37,18.45,17.06,16.43,16.25,16.24,16.23,16.23,16.24,16.23,16.34,16.52,16.73,16.92,17.14,18.01,19.49,21.44,23.62,24.89,25.94,27.26,29.36,29.75,29.82,29.85,29.76,29.75,29.47,29.05,28.57,27.63,27.11,26.69,26.26,25.85,25.18,24.61,24.17,23.82,23.49,22.74,21.99,21.52,21.67,22.38,23.03,23.45,23.66,23.55,23.50,23.47,23.38,22.62,21.94,21.41,21.09,21.12,20.91,20.87,21.04,21.36,21.54,21.68,21.80,21.90,21.97,22.01,21.93,21.83,21.99,22.04,22.06,22.08,22.13,22.14,22.17,22.21,22.28,22.37,22.34,22.37,22.42,22.46,22.57,22.57,22.55,22.57,22.53,22.62,22.72,22.80,22.86,22.84,22.81,22.72,22.53,22.43,22.64,22.82,22.87,22.94,22.97,22.94,22.84,22.69,22.73,22.70,22.60,22.42,22.32,22.18,21.99,21.82,21.85,21.77,21.80,21.99,22.28,21.96,21.68,21.45,21.28,21.13,21.03,21.00,21.01,20.99,21.08,21.10,21.10,21.10,21.10,21.10,21.10,21.11,21.11,21.11,21.11,21.12,21.12,21.11,21.11,21.11,21.11,21.11,20.94,20.70,20.54,20.64,20.78,20.73,20.62,20.54,20.35,20.12,19.08,17.24,15.32,14.80,13.65,12.19,11.09,11.11,11.14,11.16,11.17,11.17,11.20,11.19,11.15,11.17,11.15,11.16,11.18,11.22,11.38,11.53,11.66,11.77,11.86,11.47,11.01,10.80,11.17,11.26,11.94,12.26,11.93,3.59,1.99,1.68,1.61,1.58,1.59,1.59,1.59,1.59,1.52,1.55,1.58,1.80,3.05,4.00,4.41,4.39,4.33,4.44,4.47,4.42,4.32,4.37,4.58,4.67,4.66,4.71,4.87,5.02,5.14,5.24,5.13,5.12,5.12,5.13,5.21,5.35,5.51,5.57,5.37,5.39,5.38
25.50,25.61,25.59,25.43,25.27,25.06,24.78,24.47,24.18,23.89,23.56,23.15,22.51,22.19,21.97,21.75,21.55,21.44,21.32,21.19,21.01,20.89,20.99,21.08,20.98,20.43,18.67,17.29,16.55,16.31,16.25,16.23,16.24,16.24,16.25,16.37,16.53,16.67,16.82,17.09,17.97,19.46,21.44,23.33,24.74,25.92,27.15,29.34,29.78,29.89,29.94,29.90,29.78,29.55,29.20,28.71,27.75,27.22,26.79,26.35,25.83,25.32,24.67,24.04,23.66,23.26,22.73,22.22,21.88,22.25,22.84,23.36,23.70,23.79,23.60,23.50,23.49,23.47,22.72,22.04,21.49,21.11,20.99,20.81,20.77,20.94,21.38,21.51,21.66,21.79,21.88,21.95,21.98,21.96,21.90,21.80,21.93,21.99,22.03,22.11,22.07,22.09,22.16,22.27,22.39,22.35,22.39,22.47,22.47,22.51,22.51,22.52,22.58,22.58,22.63,22.71,22.78,22.78,22.74,22.72,22.69,22.62,22.42,22.40,22.49,22.63,22.82,22.87,22.82,22.69,22.52,22.51,22.48,22.42,22.36,22.28,22.18,22.05,21.90,21.74,21.77,21.72,21.75,22.01,21.99,21.81,21.59,21.39,21.20,21.10,21.05,21.03,21.04,21.10,21.11,21.10,21.10,21.10,21.10,21.10,21.11,21.11,21.11,21.11,21.11,21.11,21.11,21.11,21.11,21.11,21.10,20.80,20.59,20.51,20.49,20.53,20.50,20.48,20.52,20.36,20.15,19.20,17.51,15.70,15.17,14.19,12.74,11.11,11.16,11.19,11.21,11.19,11.15,11.19,11.17,11.12,11.16,11.13,11.16,11.20,11.22,11.29,11.41,11.53,11.64,11.69,11.41,10.86,10.45,10.68,11.20,11.88,12.41,12.62,3.31,1.88,1.73,1.65,1.59,1.59,1.59,1.59,1.59,1.57,1.58,1.58,1.67,2.16,3.74,4.42,4.42,4.39,4.47,4.51,4.48,4.41,4.43,4.61,4.69,4.67,4.71,4.93,5.15,5.32,5.39,5.35,5.26,5.18,5.16,5.30,5.44,5.55,5.55,5.37,5.40,5.40
25.48,25.48,25.39,25.22,25.07,24.88,24.65,24.38,24.11,23.81,23.45,23.01,22.49,22.26,22.02,21.74,21.56,21.39,21.27,21.14,20.99,20.90,20.97,21.03,20.96,20.66,19.03,17.59,16.69,16.38,16.26,16.23,16.24,16.24,16.25,16.37,16.50,16.62,16.73,17.05,17.79,19.16,21.32,23.04,24.55,25.76,26.89,29.29,29.81,29.93,30.01,29.99,29.86,29.66,29.33,28.82,27.98,27.39,26.91,26.43,25.82,25.34,24.69,24.05,23.68,23.29,22.89,22.60,22.52,22.91,23.36,23.71,23.90,23.96,23.70,23.55,23.51,23.51,22.89,22.24,21.60,21.06,20.93,20.77,20.69,20.83,21.40,21.51,21.65,21.77,21.87,21.94,21.97,21.97,21.91,21.78,21.81,21.95,22.08,22.13,22.06,22.08,22.17,22.29,22.33,22.29,22.30,22.33,22.35,22.41,22.45,22.51,22.58,22.59,22.58,22.64,22.71,22.68,22.63,22.60,22.59,22.61,22.47,22.39,22.36,22.40,22.58,22.62,22.61,22.56,22.42,22.42,22.37,22.32,22.30,22.23,22.17,22.07,21.94,21.76,21.75,21.65,21.61,21.79,21.85,21.81,21.67,21.46,21.25,21.16,21.09,21.06,21.08,21.10,21.11,21.11,21.10,21.10,21.10,21.10,21.11,21.11,21.11,21.11,21.11,21.11,21.11,21.11,21.11,21.08,20.90,20.62,20.47,20.41,20.31,20.34,20.36,20.43,20.55,20.38,20.16,19.33,17.86,16.13,15.57,14.70,13.23,11.16,11.18,11.20,11.20,11.18,11.14,11.19,11.19,11.15,11.17,11.13,11.16,11.19,11.20,11.25,11.31,11.40,11.50,11.52,11.35,10.82,10.30,10.27,11.13,11.81,12.36,12.77,3.21,1.87,1.79,1.70,1.62,1.60,1.59,1.59,1.59,1.58,1.58,1.58,1.62,1.84,3.85,4.41,4.43,4.37,4.47,4.53,4.52,4.45,4.40,4.57,4.66,4.67,4.72,4.96,5.14,5.27,5.34,5.38,5.28,5.18,5.18,5.35,5.47,5.54,5.52,5.41,5.40,5.40
25.41,25.29,25.12,24.94,24.77,24.60,24.43,24.26,24.17,24.01,23.70,23.23,22.57,22.40,22.16,21.81,21.66,21.39,21.23,21.11,20.96,20.91,20.92,20.95,20.96,20.99,19.47,17.94,16.85,16.46,16.27,16.23,16.24,16.25,16.24,16.34,16.46,16.57,16.66,17.01,17.52,18.70,21.11,22.75,24.32,25.52,26.56,29.24,29.82,29.97,30.05,30.06,29.96,29.79,29.45,28.90,28.26,27.60,27.03,26.51,25.82,25.27,24.68,24.14,23.81,23.48,23.15,23.07,23.32,23.60,23.91,24.06,24.08,24.14,23.84,23.62,23.53,23.52,23.10,22.49,21.73,21.00,20.90,20.76,20.61,20.72,21.42,21.52,21.63,21.74,21.85,21.95,21.98,21.96,21.90,21.85,21.71,21.92,22.17,22.15,22.08,22.11,22.21,22.32,22.23,22.18,22.13,22.10,22.16,22.28,22.39,22.49,22.55,22.57,22.50,22.53,22.61,22.56,22.50,22.46,22.46,22.55,22.54,22.50,22.36,22.17,22.29,22.29,22.36,22.44,22.38,22.38,22.32,22.26,22.24,22.19,22.14,22.06,21.95,21.87,21.71,21.58,21.53,21.60,21.63,21.74,21.71,21.51,21.28,21.20,21.13,21.09,21.11,21.09,21.12,21.13,21.10,21.10,21.10,21.10,21.10,21.11,21.11,21.11,21.11,21.11,21.11,21.10,21.10,21.02,20.59,20.42,20.33,20.26,20.14,20.19,20.28,20.43,20.61,20.41,20.16,19.46,18.25,16.57,15.98,15.18,13.70,11.25,11.20,11.17,11.15,11.14,11.13,11.19,11.22,11.20,11.18,11.14,11.14,11.15,11.16,11.23,11.23,11.28,11.37,11.35,11.29,10.86,10.29,9.91,11.05,11.73,12.22,12.58,3.25,1.93,1.84,1.75,1.66,1.61,1.60,1.59,1.58,1.57,1.56,1.56,1.61,1.77,4.29,4.38,4.44,4.31,4.46,4.55,4.55,4.45,4.33,4.49,4.60,4.65,4.74,4.97,5.06,5.10,5.17,5.30,5.22,5.16,5.20,5.36,5.47,5.51,5.50,5.46,5.41,5.39
25.23,25.08,24.92,24.76,24.60,24.44,24.31,24.28,24.32,24.26,23.83,22.93,22.54,22.45,22.28,21.98,21.69,21.51,21.33,21.18,21.07,20.93,20.89,20.91,20.93,20.96,19.91,18.52,17.23,16.59,16.32,16.23,16.23,16.24,16.23,16.35,16.44,16.48,16.55,16.87,17.28,18.19,20.11,22.03,24.00,25.44,26.47,29.27,29.85,30.01,30.09,30.02,29.90,29.78,29.51,28.98,28.38,27.87,27.27,26.55,25.79,25.19,24.67,24.24,23.94,23.66,23.38,23.32,23.58,23.93,24.13,24.22,24.25,24.31,24.04,23.72,23.49,23.45,23.34,22.68,21.84,21.09,20.86,20.74,20.62,20.73,21.42,21.54,21.63,21.73,21.83,21.91,21.94,21.93,21.88,21.83,21.74,21.77,21.89,22.05,22.00,22.01,22.05,22.07,22.02,22.00,21.99,22.00,22.02,22.10,22.19,22.29,22.38,22.44,22.49,22.52,22.51,22.43,22.38,22.34,22.36,22.47,22.47,22.42,22.33,22.24,22.27,22.17,22.11,22.14,22.27,22.20,22.22,22.24,22.21,22.18,22.11,22.02,21.95,21.87,21.66,21.54,21.50,21.52,21.55,21.67,21.62,21.36,21.13,21.09,21.09,21.10,21.08,21.08,21.05,21.02,21.01,21.09,21.10,21.10,21.10,21.10,21.10,21.10,21.10,21.10,21.10,21.09,20.98,20.74,20.38,20.32,20.26,20.20,20.21,20.26,20.32,20.41,20.51,20.50,20.22,19.50,18.34,16.91,16.23,15.47,14.25,12.26,11.35,11.11,11.11,11.13,11.12,11.16,11.19,11.20,11.19,11.15,11.10,11.00,10.87,11.18,11.21,11.27,11.40,11.39,11.41,11.22,10.70,9.81,11.05,11.72,12.18,11.89,5.17,2.31,1.85,1.78,1.70,1.64,1.60,1.59,1.57,1.57,1.56,1.56,1.58,1.65,4.13,4.31,4.50,4.45,4.46,4.56,4.59,4.50,4.37,4.50,4.62,4.68,4.76,4.99,4.97,4.92,5.02,5.23,5.17,5.13,5.22,5.38,5.43,5.45,5.47,5.48,5.42,5.40
25.09,24.93,24.78,24.63,24.47,24.33,24.24,24.28,24.37,24.40,23.92,22.73,22.53,22.49,22.40,22.19,21.90,21.79,21.67,21.47,21.11,20.92,20.86,20.87,20.91,20.97,20.34,19.06,17.59,16.79,16.37,16.24,16.23,16.23,16.23,16.32,16.37,16.38,16.47,16.78,17.19,17.96,19.41,21.28,23.53,25.26,26.39,29.26,29.97,30.16,30.20,30.04,29.87,29.75,29.52,29.08,28.54,28.10,27.46,26.61,25.83,25.19,24.69,24.33,24.08,23.86,23.65,23.63,23.88,24.22,24.36,24.41,24.44,24.49,24.22,23.82,23.49,23.42,23.44,22.79,21.95,21.18,20.83,20.73,20.63,20.74,21.40,21.54,21.64,21.72,21.81,21.87,21.85,21.83,21.81,21.82,21.81,21.74,21.73,21.88,21.92,21.92,21.92,21.94,21.89,21.87,21.87,21.90,21.94,22.03,22.13,22.22,22.28,22.35,22.47,22.51,22.46,22.31,22.25,22.23,22.27,22.38,22.37,22.33,22.29,22.29,22.29,22.16,22.06,22.07,22.30,22.10,22.12,22.17,22.13,22.12,22.06,22.01,21.95,21.86,21.64,21.52,21.48,21.48,21.46,21.52,21.45,21.21,21.06,21.04,21.07,21.11,21.10,21.07,21.00,20.95,20.95,21.03,21.08,21.08,21.05,21.09,21.07,21.03,21.01,21.00,20.97,20.90,20.74,20.48,20.23,20.25,20.24,20.22,20.29,20.32,20.36,20.39,20.43,20.55,20.33,19.70,18.67,17.40,16.64,15.76,14.58,12.96,11.49,11.10,11.10,11.13,11.11,11.14,11.17,11.19,11.20,11.02,10.87,10.68,10.51,11.20,11.34,11.41,11.51,11.50,11.52,11.44,10.93,9.71,11.01,11.67,12.12,11.63,5.62,2.86,1.85,1.77,1.70,1.64,1.60,1.58,1.57,1.59,1.57,1.57,1.57,1.57,4.04,4.33,4.55,4.54,4.48,4.56,4.61,4.55,4.42,4.52,4.64,4.72,4.79,4.97,4.87,4.76,4.91,5.16,5.12,5.11,5.23,5.36,5.38,5.41,5.45,5.49,5.44,5.41
25.02,24.85,24.70,24.54,24.39,24.27,24.23,24.27,24.30,24.40,23.94,22.66,22.53,22.52,22.51,22.46,22.31,22.29,22.32,22.03,21.04,20.90,20.84,20.83,20.89,21.04,20.75,19.55,17.94,17.06,16.42,16.23,16.24,16.24,16.24,16.25,16.25,16.27,16.44,16.72,17.27,18.07,19.07,20.50,22.88,24.93,26.34,29.23,30.20,30.46,30.39,30.14,29.89,29.68,29.46,29.22,28.76,28.26,27.57,26.70,25.96,25.29,24.76,24.41,24.25,24.10,23.99,24.01,24.21,24.46,24.58,24.65,24.67,24.66,24.39,23.92,23.53,23.43,23.35,22.82,22.07,21.27,20.79,20.72,20.64,20.75,21.37,21.52,21.64,21.72,21.78,21.82,21.72,21.66,21.69,21.83,21.91,21.85,21.73,21.63,21.83,21.81,21.84,21.94,21.85,21.81,21.79,21.81,21.93,22.10,22.25,22.31,22.28,22.30,22.42,22.52,22.50,22.18,22.13,22.13,22.17,22.26,22.24,22.22,22.23,22.28,22.35,22.28,22.24,22.29,22.49,22.09,22.00,22.02,21.98,22.00,22.02,22.01,21.96,21.85,21.68,21.54,21.47,21.50,21.36,21.27,21.17,21.08,21.11,21.07,21.09,21.14,21.15,21.08,20.99,20.93,20.92,20.91,21.03,21.02,20.94,21.06,20.99,20.88,20.80,20.76,20.69,20.50,20.34,20.24,20.14,20.21,20.27,20.31,20.37,20.37,20.39,20.39,20.38,20.55,20.49,20.10,19.32,18.08,17.26,16.06,14.65,13.27,11.60,11.14,11.13,11.14,11.11,11.14,11.15,11.16,11.21,10.72,10.39,10.14,10.03,11.32,11.66,11.71,11.71,11.69,11.61,11.50,10.95,9.59,10.90,11.58,12.04,11.83,7.66,3.64,1.81,1.74,1.66,1.61,1.58,1.58,1.59,1.60,1.59,1.58,1.58,1.56,1.73,3.12,4.59,4.56,4.51,4.55,4.60,4.60,4.48,4.55,4.68,4.79,4.82,4.91,4.73,4.62,4.87,5.11,5.08,5.10,5.24,5.30,5.32,5.37,5.44,5.51,5.46,5.42
24.96,24.78,24.62,24.47,24.31,24.23,24.21,24.26,24.28,24.34,23.88,22.66,22.56,22.56,22.57,22.56,22.52,22.55,22.62,22.47,21.87,21.27,20.96,20.85,20.88,20.99,20.90,19.90,18.35,17.21,16.44,16.22,16.24,16.24,16.28,16.30,16.28,16.27,16.39,16.76,17.29,17.92,18.62,19.81,21.96,24.08,25.90,28.86,29.90,30.27,30.32,30.21,29.97,29.74,29.52,29.29,28.81,28.32,27.69,26.92,26.10,25.35,24.71,24.28,24.17,24.04,24.08,24.20,24.37,24.70,24.82,24.86,24.84,24.76,24.47,24.04,23.65,23.44,23.39,23.02,22.33,21.46,20.83,20.70,20.61,20.73,21.36,21.51,21.60,21.65,21.67,21.69,21.67,21.70,21.76,21.87,21.92,21.87,21.78,21.67,21.66,21.67,21.77,21.91,21.74,21.69,21.69,21.74,21.84,21.97,22.10,22.14,22.10,22.21,22.28,22.33,22.32,22.17,22.12,22.09,22.09,22.16,22.17,22.17,22.18,22.22,22.26,22.24,22.27,22.35,22.49,22.23,22.13,22.04,21.88,21.80,21.82,21.87,21.90,21.82,21.69,21.59,21.50,21.37,21.34,21.27,21.18,21.12,21.11,21.12,21.15,21.18,21.15,21.11,20.99,20.89,20.86,20.86,20.91,20.89,20.83,20.85,20.76,20.65,20.58,20.58,20.45,20.29,20.20,20.21,20.22,20.28,20.33,20.36,20.41,20.39,20.39,20.39,20.36,20.44,20.48,20.32,19.84,18.96,17.91,16.49,14.93,13.52,11.65,11.13,11.11,11.16,11.20,11.20,11.22,11.26,11.32,10.34,9.85,9.67,9.70,10.85,11.50,11.75,11.74,11.73,11.63,11.52,10.95,9.50,10.08,11.09,11.95,12.07,10.06,4.57,1.79,1.69,1.60,1.59,1.58,1.58,1.58,1.59,1.58,1.57,1.57,1.57,1.57,2.56,3.91,4.62,4.52,4.55,4.62,4.63,4.53,4.52,4.61,4.75,4.82,4.73,4.55,4.52,4.82,5.06,5.07,5.10,5.21,5.24,5.27,5.33,5.42,5.53,5.48,5.44
24.91,24.71,24.55,24.39,24.24,24.19,24.20,24.25,24.27,24.29,23.81,22.67,22.58,22.59,22.60,22.62,22.66,22.73,22.79,22.79,22.63,21.70,21.12,20.87,20.86,20.90,20.92,20.15,18.77,17.38,16.53,16.25,16.24,16.25,16.31,16.35,16.34,16.29,16.33,16.74,17.20,17.67,18.13,19.11,20.98,23.12,25.27,28.00,29.38,30.03,30.23,30.27,30.06,29.83,29.61,29.38,28.90,28.42,27.86,27.18,26.29,25.40,24.61,24.10,24.03,24.00,24.21,24.43,24.58,24.90,25.04,25.06,24.99,24.82,24.55,24.17,23.77,23.45,23.43,23.22,22.62,21.70,20.95,20.69,20.59,20.74,21.33,21.49,21.55,21.57,21.58,21.59,21.66,21.74,21.83,21.89,21.90,21.87,21.82,21.75,21.55,21.56,21.68,21.79,21.62,21.60,21.63,21.69,21.76,21.82,21.91,21.94,21.90,22.07,22.11,22.12,22.13,22.16,22.13,22.07,22.04,22.09,22.13,22.15,22.16,22.17,22.18,22.18,22.25,22.35,22.43,22.33,22.25,22.10,21.85,21.69,21.66,21.72,21.80,21.77,21.69,21.62,21.50,21.26,21.33,21.29,21.22,21.16,21.11,21.17,21.20,21.17,21.09,21.08,20.96,20.85,20.81,20.81,20.78,20.75,20.73,20.64,20.55,20.45,20.38,20.39,20.26,20.17,20.16,20.24,20.30,20.35,20.38,20.40,20.43,20.41,20.39,20.37,20.35,20.32,20.42,20.42,20.22,19.74,18.54,16.99,15.33,13.79,11.82,11.20,11.16,11.24,11.31,11.30,11.33,11.31,11.09,9.94,9.44,9.36,9.52,10.34,11.22,11.70,11.75,11.73,11.65,11.54,11.02,9.69,9.41,10.64,11.86,12.24,12.02,5.33,1.76,1.64,1.56,1.58,1.59,1.58,1.57,1.57,1.57,1.57,1.57,1.57,1.56,2.07,3.35,4.61,4.52,4.56,4.63,4.66,4.57,4.50,4.55,4.68,4.80,4.60,4.42,4.43,4.77,5.00,5.06,5.10,5.18,5.20,5.23,5.30,5.41,5.54,5.50,5.45
24.84,24.65,24.46,24.31,24.20,24.17,24.20,24.23,24.26,24.26,23.77,22.66,22.60,22.59,22.60,22.64,22.69,22.74,22.78,22.80,22.77,22.09,21.34,20.87,20.81,20.80,20.73,20.22,19.21,17.70,16.85,16.38,16.22,16.26,16.31,16.35,16.37,16.35,16.27,16.50,16.86,17.25,17.59,18.37,19.98,22.07,24.28,25.92,28.49,29.91,30.19,30.33,30.14,29.93,29.72,29.52,29.16,28.68,28.14,27.52,26.62,25.42,24.42,23.84,23.87,24.18,24.57,24.88,25.01,25.02,25.19,25.22,25.08,24.85,24.64,24.30,23.87,23.43,23.40,23.36,22.92,22.08,21.26,20.75,20.65,20.85,21.20,21.42,21.48,21.52,21.62,21.63,21.66,21.71,21.78,21.84,21.85,21.84,21.81,21.78,21.67,21.60,21.53,21.47,21.51,21.65,21.68,21.68,21.74,21.76,21.75,21.75,21.79,21.87,21.93,21.98,22.03,22.08,22.12,22.10,22.08,22.13,22.19,22.19,22.18,22.17,22.19,22.14,22.18,22.27,22.33,22.27,22.24,22.17,22.02,21.86,21.66,21.58,21.62,21.64,21.62,21.56,21.44,21.26,21.28,21.24,21.19,21.15,21.17,21.21,21.17,21.06,20.88,20.86,20.81,20.78,20.79,20.73,20.67,20.63,20.60,20.55,20.48,20.37,20.26,20.18,20.20,20.23,20.28,20.33,20.35,20.39,20.41,20.41,20.41,20.40,20.37,20.33,20.31,20.27,20.27,20.26,20.22,20.16,19.10,17.63,15.94,14.18,12.36,11.58,11.39,11.48,11.46,11.49,11.52,11.17,9.81,9.52,9.46,9.53,9.68,9.98,10.82,11.49,11.75,11.74,11.66,11.56,11.30,10.70,9.53,10.53,11.75,12.22,12.56,5.51,1.70,1.59,1.57,1.59,1.60,1.59,1.58,1.56,1.56,1.57,1.56,1.56,1.56,1.70,2.48,4.40,4.50,4.57,4.64,4.69,4.58,4.51,4.51,4.59,4.74,4.70,4.47,4.39,4.71,4.95,5.05,5.09,5.12,5.15,5.18,5.25,5.38,5.56,5.51,5.47
24.75,24.57,24.39,24.24,24.16,24.15,24.19,24.22,24.23,24.11,23.61,22.68,22.64,22.63,22.64,22.67,22.74,22.77,22.80,22.81,22.82,22.46,21.62,20.97,20.81,20.80,20.63,20.23,19.45,18.04,17.16,16.53,16.23,16.28,16.32,16.36,16.40,16.41,16.29,16.37,16.62,17.01,17.54,18.29,19.55,21.21,23.07,24.49,27.12,28.94,29.77,30.18,30.17,30.04,29.86,29.68,29.41,28.97,28.50,27.94,26.84,25.45,24.46,24.03,24.23,24.66,25.09,25.36,25.41,25.31,25.37,25.33,25.16,24.92,24.70,24.42,24.04,23.55,23.43,23.39,23.07,22.38,21.60,21.01,20.93,21.09,20.99,21.39,21.50,21.53,21.61,21.61,21.63,21.65,21.69,21.74,21.75,21.76,21.76,21.74,21.69,21.62,21.53,21.43,21.48,21.52,21.54,21.57,21.68,21.68,21.63,21.64,21.73,21.78,21.83,21.87,21.90,21.95,22.03,22.07,22.10,22.12,22.15,22.17,22.15,22.11,22.13,22.11,22.15,22.21,22.24,22.21,22.19,22.14,22.05,21.92,21.67,21.53,21.52,21.56,21.54,21.45,21.34,21.25,21.22,21.16,21.11,21.07,21.04,21.11,21.11,21.02,20.85,20.75,20.72,20.73,20.74,20.67,20.59,20.53,20.49,20.45,20.35,20.27,20.22,20.19,20.25,20.32,20.36,20.39,20.40,20.41,20.41,20.41,20.39,20.37,20.32,20.28,20.25,20.21,20.17,20.15,20.13,20.05,19.10,17.83,16.34,14.66,12.95,11.97,11.60,11.65,11.63,11.64,11.43,10.81,9.53,9.53,9.60,9.72,9.86,9.97,10.56,11.24,11.76,11.74,11.67,11.59,11.46,11.20,9.54,10.40,11.61,12.12,12.76,7.34,3.21,1.58,1.59,1.59,1.59,1.59,1.58,1.57,1.57,1.57,1.56,1.56,1.56,1.57,2.10,3.72,4.41,4.60,4.64,4.71,4.63,4.55,4.51,4.54,4.69,4.72,4.55,4.46,4.68,4.90,5.01,5.05,5.08,5.10,5.13,5.21,5.37,5.57,5.53,5.50
24.64,24.48,24.31,24.17,24.12,24.14,24.18,24.21,24.19,23.91,23.38,22.71,22.70,22.71,22.71,22.72,22.80,22.82,22.82,22.82,22.83,22.78,21.93,21.13,20.84,20.85,20.59,20.22,19.60,18.40,17.45,16.67,16.26,16.31,16.34,16.39,16.43,16.45,16.34,16.30,16.43,16.86,17.69,18.48,19.38,20.45,21.77,23.39,25.54,27.54,29.10,29.92,30.16,30.16,30.01,29.84,29.65,29.27,28.91,28.39,27.01,25.51,24.65,24.47,24.87,25.30,25.68,25.87,25.82,25.69,25.56,25.41,25.23,25.00,24.74,24.53,24.23,23.74,23.49,23.38,23.14,22.64,21.93,21.34,21.31,21.36,20.76,21.34,21.54,21.56,21.56,21.55,21.58,21.59,21.58,21.60,21.63,21.66,21.68,21.66,21.65,21.63,21.59,21.54,21.48,21.32,21.30,21.42,21.60,21.58,21.53,21.56,21.68,21.74,21.77,21.77,21.76,21.80,21.90,22.01,22.09,22.08,22.08,22.11,22.10,22.04,22.07,22.08,22.12,22.17,22.17,22.17,22.13,22.07,22.03,21.92,21.69,21.52,21.46,21.49,21.44,21.33,21.24,21.23,21.15,21.07,21.02,20.97,20.82,20.94,21.02,21.01,20.90,20.69,20.66,20.69,20.68,20.61,20.53,20.45,20.39,20.36,20.21,20.17,20.23,20.31,20.36,20.41,20.43,20.42,20.44,20.42,20.40,20.39,20.36,20.33,20.27,20.22,20.18,20.13,20.10,20.06,19.97,19.66,18.76,17.71,16.49,15.05,13.47,12.33,11.78,11.77,11.78,11.75,11.23,10.40,9.75,9.74,9.82,9.93,10.04,10.15,10.39,10.99,11.73,11.74,11.69,11.63,11.57,11.42,9.50,10.21,11.39,11.97,12.78,9.81,5.36,1.59,1.61,1.59,1.58,1.58,1.57,1.59,1.58,1.57,1.56,1.57,1.57,1.57,1.87,2.86,4.31,4.64,4.65,4.74,4.72,4.60,4.52,4.51,4.64,4.71,4.65,4.59,4.65,4.85,4.95,5.00,5.03,5.05,5.08,5.18,5.35,5.59,5.55,5.52
24.45,24.31,24.23,24.18,24.13,24.13,24.16,24.14,24.17,23.59,22.98,22.80,22.85,22.82,22.78,22.76,22.81,22.84,22.84,22.82,22.81,22.80,22.15,21.38,20.86,20.85,20.73,20.28,19.60,18.93,17.73,16.84,16.36,16.34,16.38,16.42,16.44,16.41,16.29,16.35,16.38,16.59,17.25,17.91,18.90,19.92,20.88,22.25,24.37,26.22,27.79,29.55,30.04,30.19,30.13,29.96,29.79,29.62,29.32,28.68,27.23,25.91,25.29,25.29,25.66,26.04,26.30,26.42,26.39,26.28,25.84,25.47,25.23,25.03,24.81,24.61,24.35,23.98,23.51,23.38,23.15,22.67,21.91,21.38,21.31,21.30,20.79,21.05,21.28,21.42,21.45,21.48,21.50,21.49,21.47,21.49,21.52,21.53,21.54,21.54,21.56,21.54,21.51,21.48,21.47,21.36,21.35,21.36,21.30,21.32,21.43,21.52,21.52,21.59,21.72,21.75,21.70,21.72,21.80,21.90,21.99,22.07,22.12,22.18,22.17,22.11,22.22,22.13,22.09,22.10,22.12,22.12,22.11,22.08,22.03,21.89,21.68,21.52,21.42,21.34,21.32,21.31,21.32,21.33,21.24,21.08,20.95,20.89,20.82,20.82,20.87,20.92,20.91,20.68,20.66,20.69,20.62,20.58,20.47,20.35,20.26,20.26,20.25,20.29,20.34,20.36,20.40,20.43,20.44,20.43,20.43,20.39,20.37,20.36,20.33,20.28,20.22,20.16,20.09,20.03,19.97,19.78,19.46,19.07,17.65,16.16,14.78,13.60,12.70,12.14,11.88,11.83,11.80,11.75,11.51,10.96,9.96,9.96,10.04,10.15,10.26,10.37,10.56,10.92,11.41,11.77,11.72,11.70,11.68,11.50,9.44,9.35,10.34,11.73,12.64,10.12,8.05,1.65,1.59,1.58,1.58,1.59,1.58,1.58,1.58,1.57,1.57,1.57,1.57,1.57,1.67,2.02,4.59,4.66,4.64,4.74,4.77,4.67,4.55,4.50,4.65,4.70,4.69,4.69,4.71,4.85,4.92,4.96,4.98,5.01,5.03,5.14,5.34,5.61,5.53,5.51
24.51,24.30,24.18,24.20,24.17,24.17,24.19,24.18,24.18,23.43,22.78,22.84,22.91,22.86,22.81,22.78,22.80,22.84,22.84,22.81,22.78,22.79,22.35,21.64,20.91,20.85,20.81,20.36,19.67,19.20,17.87,16.96,16.49,16.37,16.40,16.41,16.40,16.37,16.29,16.39,16.42,16.53,16.94,17.41,18.34,19.26,19.98,21.04,23.19,25.10,26.85,29.18,29.90,30.19,30.21,30.08,29.92,29.95,29.71,28.95,27.53,26.44,26.02,26.11,26.47,26.78,26.90,26.93,26.89,26.63,26.07,25.60,25.29,25.07,24.84,24.60,24.34,24.04,23.55,23.38,23.20,22.84,22.23,21.66,21.38,21.20,20.82,20.82,21.02,21.23,21.32,21.35,21.37,21.37,21.36,21.38,21.39,21.40,21.41,21.41,21.43,21.43,21.42,21.40,21.41,21.36,21.35,21.33,21.20,21.23,21.34,21.40,21.35,21.45,21.64,21.72,21.70,21.67,21.72,21.79,21.87,21.97,22.07,22.12,22.13,22.13,22.25,22.13,22.06,22.06,22.12,22.11,22.10,22.06,22.00,21.83,21.63,21.48,21.39,21.27,21.28,21.31,21.34,21.36,21.29,21.10,20.92,20.82,20.80,20.72,20.74,20.80,20.83,20.61,20.58,20.60,20.57,20.54,20.40,20.28,20.22,20.24,20.31,20.37,20.41,20.41,20.43,20.44,20.44,20.42,20.40,20.36,20.33,20.31,20.28,20.22,20.16,20.09,20.00,19.82,19.64,19.38,19.01,18.57,17.03,15.10,13.43,12.66,12.24,12.04,11.93,11.85,11.81,11.74,11.69,11.35,10.17,10.19,10.27,10.37,10.48,10.59,10.73,10.96,11.30,11.76,11.73,11.71,11.67,11.43,9.52,8.96,9.76,11.53,12.45,10.03,7.39,1.65,1.58,1.58,1.58,1.59,1.58,1.58,1.57,1.57,1.58,1.57,1.57,1.57,1.56,1.61,4.68,4.66,4.67,4.74,4.80,4.72,4.60,4.51,4.60,4.66,4.70,4.72,4.72,4.84,4.88,4.91,4.93,4.96,4.99,5.10,5.32,5.62,5.51,5.49
24.85,24.47,24.18,24.24,24.24,24.26,24.30,24.32,24.22,23.45,22.80,22.82,22.85,22.82,22.78,22.77,22.77,22.83,22.83,22.79,22.73,22.74,22.53,21.90,20.99,20.86,20.82,20.46,19.83,19.18,17.84,17.04,16.62,16.40,16.41,16.37,16.33,16.31,16.32,16.43,16.57,16.70,16.79,16.96,17.69,18.47,19.06,19.76,22.01,24.22,26.30,28.81,29.73,30.15,30.26,30.22,30.04,30.26,30.06,29.21,27.92,27.12,26.83,26.94,27.30,27.51,27.48,27.40,27.32,26.73,26.23,25.80,25.43,25.12,24.81,24.50,24.19,23.90,23.58,23.39,23.28,23.17,22.94,22.19,21.52,21.05,20.83,20.65,20.77,21.00,21.17,21.16,21.20,21.23,21.24,21.25,21.26,21.27,21.28,21.28,21.27,21.30,21.31,21.30,21.32,21.32,21.32,21.32,21.31,21.32,21.26,21.19,21.20,21.33,21.51,21.67,21.75,21.64,21.65,21.69,21.74,21.78,21.89,21.92,21.96,22.06,22.17,22.09,22.05,22.07,22.16,22.14,22.10,22.03,21.93,21.74,21.51,21.39,21.34,21.27,21.33,21.34,21.32,21.31,21.28,21.11,20.91,20.75,20.74,20.65,20.62,20.64,20.66,20.47,20.41,20.44,20.51,20.50,20.33,20.25,20.28,20.33,20.36,20.41,20.44,20.46,20.45,20.44,20.42,20.39,20.35,20.33,20.29,20.25,20.21,20.14,20.07,20.00,19.90,19.49,19.10,18.84,18.64,18.18,16.96,14.57,12.45,12.29,12.12,12.02,11.93,11.84,11.80,11.73,11.78,11.57,10.38,10.44,10.51,10.59,10.69,10.79,10.91,11.11,11.42,11.73,11.72,11.66,11.52,11.21,9.75,9.11,9.72,11.39,12.22,10.82,6.56,1.58,1.58,1.59,1.59,1.58,1.56,1.58,1.57,1.57,1.58,1.57,1.58,1.57,1.56,1.62,4.47,4.62,4.74,4.74,4.81,4.76,4.67,4.56,4.46,4.59,4.67,4.69,4.69,4.80,4.84,4.87,4.89,4.91,4.94,5.06,5.30,5.64,5.51,5.45
25.10,24.69,24.34,24.23,24.26,24.30,24.32,24.34,24.30,23.48,22.77,22.80,22.79,22.77,22.77,22.79,22.82,22.85,22.83,22.78,22.73,22.77,22.62,22.07,21.20,20.87,20.81,20.61,20.12,19.17,18.06,17.11,16.52,16.39,16.37,16.34,16.33,16.34,16.40,16.55,16.71,16.85,16.97,17.10,17.66,18.13,18.36,18.91,21.21,23.55,25.73,28.15,28.72,29.04,29.35,29.78,30.08,30.39,30.26,29.59,28.49,27.89,27.66,27.73,27.99,28.13,27.99,27.76,27.51,26.91,26.38,25.93,25.53,25.09,24.85,24.57,24.30,24.06,23.84,23.57,23.36,23.24,23.21,22.53,21.79,21.19,20.90,20.74,20.75,20.80,20.85,20.90,20.95,20.99,21.00,20.99,20.96,20.94,20.93,20.94,20.95,20.99,21.05,21.14,21.22,21.25,21.26,21.29,21.33,21.32,21.29,21.27,21.26,21.24,21.35,21.51,21.65,21.61,21.65,21.68,21.70,21.74,21.82,21.85,21.87,21.93,22.06,22.01,22.01,22.08,22.20,22.11,22.02,21.88,21.68,21.54,21.43,21.39,21.40,21.34,21.34,21.27,21.19,21.17,21.21,21.11,20.95,20.78,20.65,20.62,20.57,20.50,20.50,20.39,20.34,20.34,20.37,20.44,20.31,20.26,20.31,20.36,20.40,20.43,20.45,20.45,20.44,20.41,20.37,20.33,20.30,20.27,20.22,20.17,20.12,20.06,19.85,19.58,19.28,18.83,18.55,18.39,18.28,18.12,17.65,16.62,15.12,13.37,12.34,12.00,11.91,11.84,11.79,11.72,11.74,11.56,10.67,10.68,10.73,10.81,10.91,11.00,11.10,11.29,11.54,11.70,11.62,11.40,11.04,10.51,9.59,9.09,9.36,10.46,11.78,11.87,7.95,2.82,1.62,1.60,1.60,1.58,1.56,1.58,1.58,1.58,1.57,1.58,1.58,1.57,1.56,1.58,2.58,4.73,4.80,4.75,4.81,4.79,4.74,4.66,4.57,4.58,4.59,4.59,4.61,4.66,4.76,4.83,4.85,4.85,4.89,5.03,5.28,5.62,5.53,5.45
25.26,24.90,24.53,24.25,24.27,24.32,24.34,24.33,24.33,23.51,22.80,22.83,22.79,22.78,22.81,22.86,22.90,22.87,22.82,22.76,22.73,22.77,22.65,22.18,21.39,20.90,20.80,20.74,20.36,19.20,18.40,17.26,16.44,16.39,16.33,16.33,16.35,16.41,16.51,16.67,16.84,17.00,17.16,17.30,17.69,17.90,17.83,18.20,20.37,22.69,24.88,27.14,27.45,27.76,28.27,29.08,29.76,30.24,30.28,29.84,29.04,28.63,28.44,28.44,28.56,28.62,28.43,28.11,27.72,27.15,26.56,26.06,25.61,25.09,24.92,24.70,24.46,24.26,24.10,23.76,23.45,23.29,23.35,22.82,22.10,21.42,21.00,20.84,20.74,20.67,20.61,20.71,20.76,20.80,20.81,20.79,20.73,20.68,20.66,20.67,20.71,20.76,20.86,21.01,21.15,21.20,21.22,21.24,21.23,21.24,21.29,21.34,21.33,21.22,21.22,21.36,21.53,21.59,21.66,21.68,21.69,21.73,21.79,21.82,21.83,21.84,21.96,21.94,21.97,22.06,22.16,22.00,21.87,21.70,21.48,21.41,21.40,21.42,21.44,21.38,21.32,21.20,21.09,21.05,21.11,21.05,20.95,20.81,20.60,20.58,20.50,20.39,20.35,20.30,20.28,20.26,20.26,20.36,20.29,20.27,20.35,20.39,20.43,20.45,20.44,20.41,20.40,20.37,20.32,20.28,20.24,20.19,20.15,20.09,19.93,19.77,19.45,19.04,18.61,18.18,18.06,18.02,18.01,18.11,18.22,18.35,17.60,15.04,12.68,11.99,11.89,11.83,11.78,11.72,11.69,11.55,11.04,10.93,10.95,11.03,11.13,11.22,11.30,11.44,11.56,11.33,11.19,10.97,10.57,9.91,9.45,9.08,9.05,9.61,11.33,12.50,9.21,4.12,1.77,1.62,1.60,1.58,1.56,1.58,1.58,1.58,1.57,1.58,1.58,1.57,1.55,1.55,1.56,4.88,4.84,4.77,4.81,4.83,4.81,4.76,4.69,4.60,4.55,4.54,4.56,4.56,4.67,4.74,4.76,4.77,4.82,4.94,5.15,5.44,5.41,5.39
25.26,25.03,24.76,24.36,24.25,24.29,24.36,24.29,24.22,23.57,23.02,23.03,22.94,22.92,22.97,23.05,23.08,22.92,22.79,22.71,22.68,22.68,22.58,22.17,21.45,20.94,20.82,20.79,20.47,19.34,18.92,17.60,16.49,16.42,16.34,16.35,16.41,16.50,16.64,16.80,16.96,17.13,17.29,17.46,17.70,17.78,17.65,17.70,19.32,21.31,23.35,25.34,25.85,26.42,27.13,27.94,28.58,29.49,29.93,29.76,29.46,29.23,29.07,28.95,28.87,28.87,28.75,28.46,28.00,27.48,26.86,26.23,25.65,25.21,25.07,24.88,24.67,24.47,24.27,23.88,23.54,23.35,23.30,23.05,22.49,21.79,21.17,20.85,20.74,20.72,20.68,20.66,20.71,20.72,20.67,20.61,20.61,20.60,20.58,20.55,20.58,20.60,20.63,20.71,20.85,20.84,20.81,20.82,20.86,21.00,21.16,21.28,21.33,21.32,21.18,21.22,21.42,21.57,21.69,21.70,21.68,21.73,21.81,21.87,21.90,21.88,21.90,21.90,21.96,22.01,21.94,21.74,21.59,21.49,21.46,21.47,21.49,21.48,21.43,21.34,21.25,21.16,21.08,21.03,20.97,20.89,20.83,20.79,20.66,20.49,20.40,20.35,20.19,20.21,20.21,20.21,20.21,20.22,20.23,20.29,20.39,20.42,20.43,20.42,20.39,20.36,20.34,20.31,20.26,20.21,20.18,20.10,20.10,20.01,19.49,18.98,18.64,18.32,17.95,17.68,17.71,17.82,17.94,18.10,18.24,18.45,18.41,17.68,13.21,11.97,11.88,11.82,11.78,11.71,11.67,11.64,11.55,11.22,11.16,11.25,11.35,11.44,11.50,11.55,11.33,10.11,9.97,10.19,10.26,9.72,9.52,9.17,8.95,9.23,10.89,12.00,9.48,4.97,2.31,1.71,1.58,1.58,1.57,1.58,1.58,1.57,1.57,1.56,1.58,1.57,1.55,1.55,1.55,4.88,4.86,4.81,4.84,4.86,4.85,4.81,4.73,4.69,4.65,4.62,4.61,4.59,4.57,4.55,4.55,4.68,4.71,4.74,4.78,4.85,4.90,5.16
25.20,25.01,24.79,24.48,24.27,24.24,24.25,24.00,23.91,23.52,23.18,23.14,23.04,23.06,23.14,23.22,23.18,22.97,22.81,22.73,22.76,22.67,22.46,22.03,21.43,20.95,20.83,20.78,20.50,19.60,19.16,18.02,16.91,16.46,16.38,16.41,16.49,16.61,16.77,16.94,17.11,17.26,17.42,17.58,17.65,17.63,17.54,17.49,18.37,19.89,21.81,23.77,24.77,25.41,26.00,26.78,27.28,28.36,29.20,29.52,29.43,29.40,29.33,29.20,29.03,29.08,29.05,28.80,28.30,27.81,27.22,26.57,25.93,25.41,25.15,24.95,24.77,24.58,24.37,24.03,23.71,23.50,23.38,23.17,22.80,22.26,21.54,20.96,20.80,20.79,20.79,20.85,20.85,20.80,20.69,20.57,20.57,20.56,20.54,20.53,20.55,20.56,20.59,20.66,20.76,20.73,20.72,20.73,20.75,20.92,21.02,21.09,21.22,21.29,21.24,21.26,21.36,21.44,21.61,21.72,21.77,21.77,21.91,22.02,22.00,21.88,21.86,21.86,21.87,21.86,21.74,21.60,21.48,21.43,21.45,21.50,21.51,21.48,21.42,21.32,21.24,21.18,21.12,21.06,20.87,20.76,20.72,20.72,20.66,20.48,20.35,20.26,20.16,20.10,20.09,20.11,20.13,20.14,20.18,20.26,20.35,20.43,20.40,20.37,20.33,20.30,20.27,20.23,20.18,20.14,20.11,19.90,19.70,19.39,18.73,18.30,17.95,17.68,17.50,17.46,17.59,17.77,17.94,18.11,18.28,18.44,18.31,17.48,13.82,12.31,11.87,11.82,11.77,11.71,11.66,11.64,11.70,11.42,11.37,11.32,11.08,10.76,10.71,10.72,10.54,9.68,9.60,9.79,9.91,9.61,9.54,9.24,8.96,8.97,9.90,11.12,9.39,5.87,4.11,3.03,2.12,1.58,1.58,1.58,1.58,1.57,1.56,1.56,1.57,1.57,1.56,1.57,1.56,4.46,4.60,4.87,4.86,4.88,4.87,4.83,4.79,4.75,4.71,4.68,4.67,4.64,4.58,4.53,4.53,4.60,4.60,4.59,4.58,4.57,4.60,4.77
25.10,24.92,24.74,24.56,24.30,24.18,24.07,23.61,23.54,23.41,23.29,23.19,23.12,23.19,23.30,23.35,23.25,23.02,22.84,22.78,22.88,22.68,22.30,21.84,21.37,20.95,20.84,20.75,20.51,19.94,19.33,18.50,17.49,16.49,16.44,16.48,16.58,16.72,16.89,17.08,17.24,17.38,17.52,17.65,17.57,17.48,17.46,17.40,17.53,18.52,20.27,22.26,23.85,24.51,24.91,25.61,25.93,27.02,28.18,28.99,29.00,29.27,29.38,29.30,29.10,29.23,29.29,29.09,28.58,28.13,27.60,26.98,26.31,25.65,25.24,24.99,24.83,24.67,24.45,24.17,23.91,23.69,23.50,23.24,23.07,22.76,21.99,21.15,20.89,20.88,20.91,21.11,21.07,20.94,20.77,20.58,20.55,20.53,20.52,20.53,20.54,20.56,20.61,20.68,20.74,20.71,20.74,20.75,20.59,20.57,20.78,20.87,21.05,21.21,21.33,21.37,21.34,21.28,21.49,21.74,21.89,21.85,22.08,22.21,22.12,21.88,21.83,21.81,21.76,21.68,21.58,21.53,21.47,21.44,21.46,21.52,21.50,21.46,21.41,21.30,21.25,21.21,21.16,21.09,20.80,20.65,20.61,20.64,20.62,20.51,20.32,20.17,20.17,19.99,19.95,19.99,20.04,20.07,20.14,20.21,20.28,20.43,20.36,20.31,20.27,20.23,20.20,20.13,20.08,20.05,19.99,19.62,19.12,18.53,17.82,17.65,17.33,17.11,17.17,17.37,17.56,17.77,17.95,18.03,18.18,18.25,17.74,16.16,14.51,12.84,11.88,11.81,11.76,11.71,11.65,11.60,11.64,11.46,11.43,11.22,10.59,9.77,9.60,9.60,9.59,9.60,9.60,9.59,9.58,9.56,9.54,9.31,9.02,8.80,8.77,10.15,9.20,6.87,6.50,4.81,2.88,1.60,1.57,1.58,1.58,1.57,1.56,1.56,1.55,1.56,1.57,1.59,1.57,4.00,4.32,4.95,4.89,4.88,4.87,4.84,4.84,4.80,4.76,4.73,4.73,4.68,4.64,4.60,4.58,4.54,4.51,4.48,4.46,4.45,4.42,4.36
24.99,24.82,24.64,24.46,24.26,24.10,23.90,23.44,23.39,23.31,23.23,23.17,23.08,23.16,23.25,23.29,23.24,23.05,22.88,22.78,22.80,22.47,22.09,21.68,21.30,20.99,20.86,20.77,20.67,20.51,19.95,19.16,17.98,16.48,16.47,16.53,16.64,16.78,16.93,17.09,17.23,17.37,17.51,17.48,17.44,17.41,17.40,17.37,17.40,17.82,18.79,20.50,22.23,23.40,24.07,24.38,24.68,25.34,25.93,26.36,26.83,28.19,28.93,29.10,28.99,29.04,29.05,28.96,28.75,28.47,27.97,27.39,26.76,26.10,25.55,25.17,24.96,24.87,24.55,24.29,24.05,23.81,23.55,23.26,23.11,22.94,22.47,21.64,21.17,20.99,21.02,21.28,21.23,21.07,20.87,20.67,20.55,20.51,20.50,20.52,20.54,20.57,20.63,20.72,20.73,20.73,20.79,20.81,20.65,20.61,20.65,20.75,20.92,21.14,21.35,21.45,21.44,21.41,21.45,21.69,22.00,22.21,22.41,22.38,22.19,21.91,21.79,21.73,21.65,21.57,21.54,21.57,21.59,21.58,21.53,21.54,21.50,21.45,21.39,21.25,21.20,21.16,21.11,21.04,20.88,20.64,20.51,20.54,20.53,20.47,20.31,20.13,20.05,19.97,19.88,19.84,19.91,19.98,20.10,20.23,20.35,20.42,20.31,20.23,20.18,20.15,20.08,19.87,19.83,19.93,19.43,18.90,18.33,17.67,16.86,16.92,16.94,16.98,17.12,17.33,17.53,17.74,17.75,17.00,16.87,16.84,16.65,16.12,15.58,13.57,12.03,11.77,11.73,11.70,11.63,11.50,11.23,10.45,10.21,10.14,9.93,9.65,9.60,9.60,9.58,9.59,9.59,9.59,9.59,9.61,9.57,9.42,9.19,8.94,8.80,9.86,9.58,8.13,6.82,5.81,3.46,1.58,1.58,1.57,1.58,1.58,1.57,1.57,1.56,1.56,1.57,1.58,1.58,4.78,4.86,5.00,4.96,4.92,4.89,4.85,4.83,4.79,4.75,4.72,4.71,4.69,4.66,4.65,4.65,4.63,4.60,4.57,4.55,4.53,4.50,4.44
24.84,24.67,24.50,24.32,24.15,23.93,23.66,23.30,23.27,23.22,23.17,23.13,23.07,23.15,23.22,23.24,23.20,23.07,22.93,22.83,22.81,22.56,22.22,21.88,21.55,21.08,20.97,20.86,20.75,20.76,20.24,19.51,18.30,16.65,16.56,16.58,16.67,16.81,16.95,17.09,17.22,17.34,17.42,17.38,17.36,17.35,17.34,17.32,17.37,17.50,17.91,18.98,20.35,21.61,22.46,22.74,23.00,23.43,23.73,23.99,24.81,26.67,27.97,28.64,28.84,28.86,28.88,28.88,28.83,28.64,28.23,27.73,27.15,26.51,25.86,25.42,25.18,25.09,24.72,24.44,24.19,23.94,23.66,23.37,23.18,23.04,22.80,22.12,21.55,21.25,21.26,21.45,21.36,21.18,20.97,20.76,20.59,20.51,20.50,20.52,20.55,20.58,20.65,20.74,20.71,20.75,20.84,20.87,20.70,20.65,20.65,20.73,20.86,21.13,21.40,21.55,21.55,21.54,21.46,21.61,21.92,22.30,22.54,22.45,22.20,21.89,21.70,21.66,21.61,21.57,21.61,21.70,21.74,21.71,21.63,21.56,21.49,21.43,21.35,21.21,21.16,21.11,21.05,20.97,20.87,20.63,20.44,20.39,20.41,20.38,20.27,20.10,19.94,19.92,19.82,19.75,19.77,19.88,20.01,20.15,20.29,20.35,20.24,20.15,20.05,19.90,19.62,19.20,19.02,19.05,18.33,17.76,17.31,16.89,16.37,16.55,16.73,16.91,17.09,17.17,17.17,17.23,17.16,16.36,16.18,16.12,16.11,16.10,16.10,14.49,12.74,11.67,11.37,11.13,10.99,10.87,10.58,9.85,9.61,9.61,9.59,9.59,9.60,9.59,9.57,9.57,9.58,9.59,9.61,9.66,9.60,9.50,9.34,9.12,8.83,9.43,9.54,8.86,7.47,6.83,4.85,2.74,1.58,1.57,1.58,1.58,1.58,1.59,1.57,1.56,1.56,1.57,1.58,4.48,4.68,5.06,5.01,4.95,4.90,4.86,4.81,4.78,4.74,4.71,4.71,4.69,4.68,4.67,4.67,4.66,4.67,4.66,4.64,4.64,4.62,4.55
24.67,24.50,24.32,24.14,23.96,23.67,23.35,23.18,23.17,23.15,23.11,23.07,23.07,23.15,23.21,23.20,23.15,23.07,22.98,22.91,22.89,22.92,22.68,22.41,22.11,21.20,21.16,21.02,20.76,20.71,20.23,19.54,18.45,16.99,16.73,16.62,16.66,16.80,16.93,17.07,17.20,17.28,17.27,17.34,17.32,17.29,17.27,17.24,17.43,17.55,17.60,17.70,18.22,19.15,20.10,20.71,20.92,21.28,21.55,21.88,22.94,24.73,26.51,27.93,28.65,28.68,28.76,28.84,28.83,28.63,28.38,28.01,27.50,26.88,26.19,25.73,25.47,25.35,24.97,24.62,24.32,24.06,23.83,23.57,23.29,23.06,22.97,22.58,22.03,21.66,21.62,21.61,21.47,21.28,21.07,20.85,20.65,20.53,20.50,20.53,20.56,20.59,20.66,20.73,20.69,20.79,20.90,20.92,20.75,20.69,20.68,20.78,20.99,21.18,21.49,21.67,21.67,21.67,21.55,21.50,21.66,22.11,22.49,22.42,22.16,21.84,21.57,21.58,21.62,21.68,21.78,21.93,21.91,21.83,21.76,21.57,21.47,21.38,21.28,21.18,21.12,21.06,20.99,20.88,20.78,20.62,20.41,20.21,20.26,20.25,20.20,20.08,19.85,19.83,19.79,19.71,19.63,19.75,19.87,19.99,20.12,20.22,20.16,20.08,19.90,19.51,18.84,18.13,17.67,17.42,16.71,16.20,16.07,16.19,16.33,16.51,16.70,16.90,17.07,16.89,16.47,16.24,16.21,16.11,16.08,16.09,16.10,16.09,16.06,15.60,14.01,11.51,10.69,10.01,9.72,9.71,9.70,9.64,9.62,9.61,9.58,9.60,9.59,9.57,9.56,9.56,9.57,9.58,9.63,9.71,9.63,9.55,9.48,9.34,8.86,8.87,9.06,9.09,8.47,7.88,7.20,6.73,1.58,1.57,1.58,1.58,1.59,1.61,1.56,1.54,1.54,1.55,1.57,3.12,3.80,5.14,5.03,4.96,4.90,4.85,4.79,4.77,4.73,4.70,4.70,4.68,4.67,4.66,4.65,4.64,4.71,4.73,4.74,4.78,4.76,4.67
24.49,24.32,24.14,23.96,23.79,23.52,23.25,23.17,23.15,23.14,23.11,23.08,23.08,23.11,23.14,23.16,23.11,23.02,22.97,22.96,22.98,23.02,22.92,22.81,22.69,22.32,22.06,21.46,20.78,20.69,20.37,19.82,18.87,17.54,17.15,16.77,16.64,16.78,16.91,17.05,17.15,17.20,17.21,17.26,17.25,17.22,17.21,17.27,17.41,17.50,17.52,17.54,17.73,18.07,18.32,18.34,18.73,19.16,19.44,19.68,20.55,22.07,24.09,26.02,27.13,27.97,28.52,28.80,28.81,28.60,28.37,28.08,27.69,27.21,26.56,26.10,25.78,25.50,24.95,24.64,24.43,24.23,24.02,23.82,23.55,23.26,23.03,22.84,22.44,22.07,21.84,21.82,21.58,21.39,21.20,21.00,20.81,20.63,20.53,20.54,20.57,20.61,20.66,20.72,20.74,20.85,20.96,20.99,20.81,20.72,20.74,20.86,21.02,20.91,21.36,21.51,21.66,21.67,21.60,21.56,21.63,21.88,22.19,22.10,21.88,21.67,21.55,21.63,21.71,21.77,21.87,21.91,21.84,21.71,21.55,21.45,21.43,21.36,21.25,21.15,21.07,21.00,20.92,20.82,20.73,20.62,20.45,20.23,20.14,20.07,20.03,19.96,19.79,19.72,19.71,19.69,19.61,19.65,19.76,19.89,20.02,20.12,19.60,19.16,18.75,18.27,17.70,17.02,16.48,16.16,15.96,15.84,15.91,16.11,16.31,16.51,16.47,16.41,16.50,16.41,16.21,16.09,16.08,16.05,16.06,16.05,16.03,15.93,13.64,12.50,11.53,10.41,10.04,9.73,9.61,9.62,9.63,9.64,9.63,9.62,9.59,9.60,9.59,9.58,9.58,9.55,9.56,9.58,9.61,9.67,9.61,9.57,9.51,9.36,8.90,8.79,8.92,9.03,8.67,8.04,7.47,7.12,1.61,1.58,1.58,1.58,1.59,1.63,1.58,1.55,1.54,1.54,1.57,1.92,3.18,5.15,5.05,5.01,4.95,4.86,4.75,4.72,4.68,4.66,4.65,4.62,4.62,4.60,4.58,4.57,4.61,4.63,4.63,4.64,4.64,4.60
24.30,24.14,23.97,23.79,23.61,23.39,23.20,23.19,23.17,23.14,23.11,23.08,23.09,23.07,23.09,23.12,23.09,23.05,23.03,23.03,23.05,23.08,23.08,23.08,23.10,23.15,22.81,21.89,20.86,20.70,20.56,20.13,19.36,18.30,17.72,16.99,16.65,16.76,16.89,17.02,17.10,17.16,17.21,17.19,17.18,17.16,17.16,17.29,17.39,17.44,17.47,17.48,17.49,17.34,17.05,16.70,17.14,17.62,17.97,18.23,18.74,19.79,21.65,23.72,25.19,26.72,27.85,28.53,28.72,28.48,28.29,28.08,27.80,27.45,26.92,26.49,26.09,25.63,25.01,24.71,24.54,24.39,24.21,24.01,23.76,23.46,23.14,23.02,22.77,22.44,22.11,21.91,21.74,21.54,21.36,21.18,21.01,20.79,20.62,20.57,20.59,20.62,20.66,20.72,20.79,20.91,21.02,21.04,20.87,20.76,20.79,20.90,21.00,20.75,21.16,21.33,21.60,21.65,21.63,21.62,21.63,21.70,21.90,21.82,21.67,21.58,21.57,21.71,21.79,21.83,21.91,21.80,21.71,21.57,21.39,21.36,21.38,21.34,21.23,21.14,21.02,20.94,20.86,20.76,20.69,20.61,20.47,20.24,20.04,19.94,19.89,19.84,19.73,19.65,19.66,19.66,19.62,19.59,19.69,19.85,19.93,19.67,18.79,18.07,17.50,16.98,16.51,16.00,15.56,15.32,15.50,15.67,15.86,16.05,16.21,16.38,16.21,16.03,16.05,16.05,16.03,16.03,16.04,16.01,15.98,15.91,15.59,14.70,11.41,10.01,9.60,9.60,9.60,9.60,9.61,9.63,9.64,9.65,9.65,9.63,9.61,9.60,9.59,9.59,9.60,9.54,9.55,9.57,9.59,9.62,9.58,9.56,9.51,9.38,9.01,8.75,8.73,8.81,8.64,8.06,7.63,7.35,2.53,1.75,1.58,1.58,1.59,1.63,1.60,1.57,1.54,1.54,1.56,1.58,2.71,4.94,4.85,4.89,4.92,4.87,4.68,4.69,4.68,4.66,4.65,4.61,4.59,4.57,4.53,4.51,4.52,4.53,4.53,4.51,4.52,4.51
24.07,23.97,23.79,23.61,23.42,23.28,23.23,23.26,23.23,23.16,23.10,23.07,23.08,23.06,23.05,23.07,23.12,23.24,23.26,23.19,23.10,23.12,23.10,23.10,23.14,23.19,23.09,22.23,21.08,20.74,20.81,20.48,19.97,19.46,18.58,17.37,16.72,16.74,16.88,16.98,17.10,17.22,17.31,17.17,17.11,17.09,17.11,17.30,17.36,17.39,17.41,17.42,17.40,17.06,16.74,16.73,16.88,17.28,17.87,18.43,18.29,18.49,19.38,20.84,22.62,24.45,26.31,27.76,28.48,28.19,28.12,27.99,27.77,27.51,27.23,26.87,26.38,25.76,25.30,24.90,24.63,24.50,24.40,24.08,23.84,23.64,23.37,23.09,22.91,22.74,22.50,22.18,22.03,21.93,21.59,21.42,21.26,21.05,20.82,20.62,20.61,20.63,20.67,20.73,20.85,20.97,21.08,21.10,20.92,20.82,20.84,20.88,20.85,20.79,21.03,21.17,21.42,21.61,21.65,21.67,21.67,21.67,21.72,21.68,21.64,21.64,21.70,21.79,21.84,21.85,21.86,21.56,21.46,21.43,21.38,21.34,21.35,21.31,21.22,21.14,20.99,20.88,20.79,20.72,20.66,20.59,20.43,20.19,19.99,19.89,19.83,19.76,19.65,19.68,19.64,19.61,19.64,19.58,19.66,19.89,19.86,18.47,17.53,16.81,16.24,15.73,15.26,15.16,15.20,15.27,15.48,15.69,15.83,15.88,15.89,15.94,15.95,15.95,15.97,15.98,15.98,15.98,15.98,15.95,15.77,15.54,14.33,11.21,10.10,9.69,9.60,9.60,9.60,9.60,9.61,9.63,9.65,9.66,9.66,9.66,9.64,9.59,9.58,9.60,9.61,9.54,9.54,9.56,9.57,9.56,9.53,9.50,9.48,9.43,9.26,8.71,8.41,8.36,8.27,7.94,7.63,7.19,6.46,2.25,1.59,1.59,1.59,1.62,1.60,1.58,1.56,1.53,1.56,1.58,2.48,4.24,4.18,4.41,4.72,4.87,4.55,4.71,4.76,4.75,4.75,4.67,4.64,4.59,4.51,4.50,4.47,4.46,4.46,4.44,4.45,4.45
23.77,23.74,23.62,23.47,23.36,23.27,23.22,23.23,23.17,23.12,23.10,23.09,23.09,23.05,23.06,23.12,23.23,23.34,23.31,23.19,23.08,23.13,23.11,23.09,23.12,23.27,23.26,22.53,21.41,20.76,20.81,20.65,20.36,20.02,19.64,18.28,17.17,16.73,16.87,17.01,17.08,17.13,17.20,17.09,17.03,17.05,17.15,17.28,17.31,17.33,17.35,17.39,17.15,16.86,16.70,16.77,16.85,17.08,17.48,17.87,17.79,17.82,18.36,19.41,20.84,22.42,24.38,26.08,27.09,27.22,27.15,26.97,26.83,27.02,26.90,26.84,26.64,26.12,25.76,25.32,24.98,24.80,24.67,24.35,24.09,23.88,23.66,23.30,23.03,22.85,22.72,22.43,22.21,22.09,21.83,21.65,21.52,21.32,21.05,20.74,20.68,20.67,20.70,20.78,20.91,21.03,21.14,21.16,20.97,20.94,20.90,20.87,20.86,20.87,20.99,21.24,21.47,21.65,21.67,21.68,21.70,21.70,21.69,21.65,21.65,21.71,21.79,21.82,21.85,21.87,21.89,21.63,21.46,21.38,21.39,21.35,21.34,21.29,21.19,21.06,20.93,20.83,20.75,20.68,20.64,20.52,20.33,20.10,19.99,19.88,19.78,19.70,19.64,19.69,19.64,19.59,19.60,19.59,19.55,19.28,18.57,17.10,16.05,15.46,15.16,14.98,14.81,14.91,15.09,15.26,15.39,15.56,15.66,15.70,15.72,15.77,15.82,15.86,15.88,15.84,15.77,15.67,15.57,15.51,15.38,15.23,14.38,12.11,10.12,9.60,9.60,9.60,9.60,9.60,9.61,9.62,9.64,9.67,9.68,9.68,9.66,9.58,9.58,9.60,9.60,9.61,9.57,9.54,9.53,9.51,9.48,9.45,9.42,9.37,9.16,8.64,8.30,8.15,8.01,7.81,7.59,7.28,6.85,2.46,1.59,1.59,1.60,1.61,1.60,1.59,1.58,1.54,1.56,1.57,2.37,3.97,3.94,4.13,4.18,3.98,3.49,3.64,4.07,4.50,4.68,4.67,4.64,4.60,4.54,4.52,4.49,4.48,4.48,4.47,4.44,4.42
23.47,23.50,23.47,23.36,23.35,23.28,23.20,23.17,23.07,23.07,23.10,23.12,23.09,23.04,23.07,23.19,23.34,23.37,23.27,23.12,23.01,23.11,23.10,23.07,23.08,23.34,23.35,22.79,21.80,20.80,20.74,20.74,20.62,20.34,20.64,19.35,17.84,16.81,16.88,17.04,17.05,17.00,17.02,16.99,16.94,17.02,17.22,17.24,17.26,17.27,17.30,17.36,16.87,16.71,16.75,16.82,16.90,16.97,17.04,17.13,17.32,17.40,17.82,18.53,19.41,20.55,22.33,24.02,25.17,25.82,25.73,25.50,25.50,26.20,26.23,26.52,26.72,26.45,26.19,25.77,25.42,25.21,25.01,24.72,24.42,24.16,23.97,23.58,23.18,22.92,22.85,22.65,22.44,22.23,22.06,21.88,21.78,21.60,21.30,20.90,20.80,20.76,20.79,20.89,21.01,21.12,21.22,21.23,21.07,21.12,21.01,20.92,20.95,20.99,21.27,21.49,21.61,21.72,21.69,21.69,21.72,21.74,21.70,21.65,21.67,21.76,21.84,21.83,21.83,21.86,21.92,21.79,21.53,21.36,21.38,21.37,21.32,21.25,21.15,20.97,20.87,20.78,20.71,20.65,20.61,20.43,20.21,20.04,20.03,19.88,19.75,19.67,19.65,19.60,19.50,19.43,19.46,19.46,19.19,18.23,16.78,15.67,14.63,14.24,14.29,14.48,14.69,14.88,15.07,15.23,15.28,15.38,15.45,15.51,15.60,15.68,15.73,15.75,15.75,15.65,15.49,15.29,15.10,15.00,14.99,14.98,14.86,14.39,10.67,9.64,9.60,9.60,9.60,9.60,9.60,9.62,9.64,9.67,9.68,9.69,9.68,9.58,9.59,9.59,9.59,9.69,9.59,9.51,9.48,9.45,9.43,9.40,9.35,9.26,8.95,8.58,8.29,8.07,7.83,7.70,7.57,7.44,7.33,2.93,1.78,1.60,1.60,1.60,1.60,1.60,1.59,1.55,1.56,1.55,2.25,3.87,3.85,3.93,3.60,2.92,2.26,2.34,3.22,4.18,4.57,4.52,4.52,4.51,4.50,4.53,4.52,4.51,4.52,4.53,4.44,4.41
23.37,23.36,23.35,23.32,23.31,23.27,23.20,23.13,23.07,23.07,23.09,23.10,23.08,23.06,23.07,23.12,23.24,23.18,23.05,22.95,22.95,23.00,23.05,23.08,23.07,23.15,23.18,22.88,22.19,21.06,20.79,20.73,20.68,20.56,20.64,20.06,18.92,17.58,17.02,16.95,17.01,17.05,16.95,16.89,16.91,17.01,17.17,17.18,17.19,17.23,17.25,17.17,16.82,16.74,16.80,16.87,16.95,17.02,17.08,17.12,17.14,17.11,17.32,17.74,18.25,19.06,20.46,21.81,22.75,23.33,23.27,23.39,23.85,24.58,24.88,25.32,25.77,26.03,25.92,25.82,25.81,25.84,25.61,25.23,24.85,24.53,24.31,24.01,23.64,23.26,22.91,22.69,22.58,22.43,22.27,22.11,22.07,21.99,21.79,21.42,21.38,21.34,21.39,21.53,21.57,21.55,21.52,21.54,21.68,21.64,21.57,21.48,21.39,21.23,21.51,21.70,21.75,21.80,21.76,21.71,21.68,21.68,21.61,21.59,21.64,21.75,21.79,21.79,21.76,21.76,21.82,21.69,21.55,21.43,21.35,21.35,21.24,21.15,21.08,20.97,20.86,20.77,20.69,20.61,20.54,20.31,20.19,20.24,20.14,19.95,19.81,19.70,19.58,18.95,18.40,18.32,18.80,18.35,17.25,15.90,14.71,14.32,14.11,14.12,14.27,14.47,14.64,14.78,14.93,15.07,15.18,15.26,15.27,15.29,15.49,15.47,15.44,15.40,15.34,15.21,15.14,15.10,15.05,14.97,14.98,14.98,14.94,14.68,11.36,9.98,9.60,9.60,9.60,9.60,9.60,9.61,9.63,9.66,9.68,9.70,9.71,9.65,9.60,9.59,9.59,9.59,9.55,9.51,9.45,9.38,9.40,9.36,9.27,9.12,8.82,8.56,8.36,8.19,7.98,7.85,7.70,7.55,7.41,7.28,3.17,1.60,1.60,1.61,1.58,1.58,1.58,1.56,1.56,1.56,1.78,2.37,3.57,2.72,2.15,1.95,1.78,1.78,2.23,2.85,3.36,3.38,3.61,3.82,3.92,4.32,4.40,4.45,4.50,4.48,4.40,4.38
23.39,23.36,23.35,23.36,23.37,23.30,23.18,23.10,23.06,23.07,23.08,23.08,23.06,23.08,23.08,23.08,23.09,23.03,22.94,22.90,22.95,22.97,23.04,23.08,23.07,23.07,23.09,22.96,22.52,21.51,20.90,20.70,20.70,20.69,20.67,20.51,19.79,18.52,17.17,16.91,16.94,16.99,16.86,16.82,16.90,17.01,17.11,17.12,17.15,17.17,17.15,16.95,16.78,16.78,16.85,16.93,17.00,17.06,17.09,17.10,17.05,16.95,17.06,17.33,17.65,18.18,19.12,20.03,20.64,20.98,20.85,21.25,22.13,22.94,23.33,23.93,24.61,25.21,25.19,25.44,25.87,26.30,26.20,25.76,25.33,24.98,24.76,24.43,24.07,23.65,23.22,22.94,22.77,22.58,22.41,22.29,22.19,22.09,21.92,21.62,21.63,21.59,21.60,21.67,21.69,21.64,21.63,21.68,21.80,21.77,21.69,21.59,21.53,21.50,21.69,21.77,21.82,21.85,21.89,21.81,21.69,21.62,21.53,21.51,21.57,21.69,21.76,21.74,21.69,21.66,21.72,21.59,21.52,21.43,21.31,21.33,21.19,21.07,21.01,20.94,20.82,20.74,20.67,20.58,20.42,20.36,20.36,20.36,20.17,19.87,19.66,19.54,19.52,18.36,17.26,16.82,17.21,16.33,15.26,14.28,13.62,13.66,13.86,14.04,14.21,14.39,14.53,14.65,14.78,14.91,15.00,15.05,15.10,15.17,15.30,15.26,15.21,15.15,15.08,15.00,14.98,14.99,15.01,14.97,14.97,14.98,14.98,14.85,12.77,10.73,9.60,9.60,9.60,9.60,9.60,9.61,9.63,9.65,9.68,9.70,9.71,9.66,9.60,9.58,9.58,9.54,9.57,9.60,9.56,9.44,9.42,9.35,9.23,9.06,8.82,8.63,8.46,8.30,8.11,7.95,7.79,7.63,7.49,7.33,3.84,1.62,1.64,1.61,1.57,1.56,1.57,1.57,1.56,1.56,1.56,1.69,3.42,1.99,1.55,1.55,1.59,1.55,1.73,2.06,2.43,2.76,3.19,3.50,3.65,4.22,3.68,3.88,4.32,4.38,4.31,4.32
23.51,23.48,23.46,23.47,23.49,23.34,23.14,23.09,23.07,23.07,23.06,23.05,23.03,23.08,23.11,23.07,22.91,22.91,22.93,22.95,23.02,23.02,23.05,23.07,23.09,23.08,23.08,23.03,22.78,22.12,21.06,20.68,20.67,20.74,20.71,20.72,20.49,19.63,17.32,16.92,16.85,16.83,16.76,16.78,16.92,17.03,17.05,17.06,17.11,17.11,17.01,16.72,16.77,16.83,16.91,16.98,17.05,17.07,17.07,17.05,17.03,16.91,17.01,17.26,17.52,17.82,18.25,18.62,18.80,18.74,18.48,19.08,20.34,21.27,21.62,22.36,23.27,24.05,24.08,24.68,25.65,26.64,26.76,26.29,25.84,25.52,25.30,24.84,24.45,24.10,23.76,23.38,23.01,22.69,22.49,22.43,22.35,22.28,22.17,22.00,22.10,22.06,21.99,21.93,21.89,21.80,21.83,21.95,22.04,22.01,21.90,21.81,21.76,21.81,21.81,21.71,21.64,21.90,22.06,21.96,21.74,21.56,21.45,21.40,21.46,21.60,21.73,21.70,21.62,21.57,21.60,21.50,21.45,21.38,21.26,21.29,21.16,21.02,20.93,20.90,20.76,20.68,20.63,20.57,20.26,20.58,20.72,20.41,20.11,19.66,19.32,19.21,19.46,17.83,16.07,14.98,14.81,13.51,13.24,13.26,13.38,13.61,13.84,13.99,14.10,14.23,14.37,14.50,14.62,14.74,14.76,14.74,14.92,15.13,15.04,15.03,15.01,14.98,14.97,14.99,14.97,14.97,14.99,14.99,14.98,14.98,14.98,14.93,14.81,11.82,9.60,9.60,9.60,9.60,9.60,9.60,9.62,9.64,9.67,9.69,9.70,9.63,9.60,9.57,9.56,9.53,9.65,9.77,9.78,9.60,9.48,9.36,9.23,9.06,8.92,8.78,8.60,8.42,8.23,8.03,7.85,7.70,7.58,7.44,3.94,1.62,1.70,1.60,1.56,1.56,1.56,1.56,1.57,1.55,1.54,1.56,1.62,1.56,1.54,1.55,1.58,1.56,1.56,1.58,1.62,1.61,1.62,1.63,1.63,1.62,1.94,2.86,4.02,4.23,4.19,4.24
23.71,23.68,23.65,23.65,23.63,23.43,23.18,23.10,23.09,23.14,23.19,23.20,23.07,23.08,23.09,23.06,22.95,22.96,22.97,22.99,23.05,23.02,23.12,23.16,23.08,23.09,23.09,23.04,22.90,22.59,21.22,20.72,20.70,20.74,20.71,20.72,20.69,20.31,18.81,17.42,16.82,16.73,16.69,16.78,16.90,16.98,16.99,17.02,17.08,16.99,16.82,16.74,16.81,16.88,16.96,17.03,17.04,17.04,17.02,17.00,16.98,16.87,16.97,17.22,17.47,17.79,18.20,18.42,18.30,18.04,17.69,17.95,18.74,19.58,19.89,20.50,21.35,22.28,22.98,23.71,24.69,25.78,26.24,26.62,26.56,26.23,25.90,25.40,24.80,24.39,24.27,23.99,23.73,23.35,22.97,22.75,22.53,22.35,22.23,22.16,22.16,22.08,22.02,22.00,21.86,21.77,21.77,21.86,22.03,21.91,21.81,21.76,21.72,21.55,21.16,20.82,21.15,21.52,21.81,21.87,21.74,21.53,21.32,21.29,21.34,21.44,21.63,21.62,21.55,21.48,21.44,21.43,21.39,21.33,21.23,21.19,21.13,21.03,20.91,20.82,20.69,20.58,20.48,20.38,20.26,20.47,20.51,20.08,19.08,18.16,17.42,17.01,17.08,15.70,14.28,13.45,13.44,13.04,13.04,13.15,13.29,13.51,13.71,13.85,14.05,14.39,14.69,14.67,14.61,14.64,14.68,14.81,14.99,15.13,15.11,15.07,15.04,14.99,14.93,14.98,14.97,14.96,14.97,14.97,14.96,14.96,14.97,14.98,14.95,12.45,10.25,9.60,9.60,9.60,9.60,9.60,9.61,9.64,9.66,9.67,9.66,9.62,9.65,9.78,9.97,10.03,9.96,9.91,9.85,9.73,9.62,9.50,9.34,9.15,9.00,8.83,8.64,8.45,8.24,8.08,7.93,7.80,7.69,7.68,5.85,4.66,1.64,1.59,1.57,1.57,1.57,1.57,1.57,1.56,1.56,1.55,1.56,1.56,1.56,1.56,1.56,1.56,1.56,1.57,1.58,1.57,1.57,1.57,1.57,1.55,1.65,2.09,2.57,2.65,2.78,3.38
23.89,23.87,23.85,23.84,23.77,23.52,23.21,23.08,23.14,23.22,23.27,23.24,23.08,23.04,23.05,23.05,23.01,23.01,23.02,23.04,23.08,23.03,23.14,23.18,23.08,23.11,23.10,23.06,22.99,22.89,21.46,20.85,20.73,20.73,20.72,20.74,20.81,20.75,20.00,18.15,17.03,16.63,16.65,16.78,16.87,16.92,16.94,16.98,16.99,16.86,16.71,16.79,16.86,16.93,16.99,17.04,17.01,16.99,16.97,16.95,16.93,16.82,16.92,17.17,17.43,17.77,18.16,18.26,17.92,17.54,17.18,17.18,17.56,18.19,18.52,18.96,19.58,20.43,21.54,22.41,23.42,24.58,25.32,26.20,26.58,26.54,26.36,25.92,25.22,24.76,24.72,24.50,24.31,23.97,23.54,23.20,22.88,22.62,22.44,22.36,22.30,22.19,22.14,22.10,21.88,21.78,21.75,21.83,22.08,21.96,21.83,21.74,21.67,21.35,21.02,20.82,20.76,21.17,21.56,21.76,21.74,21.51,21.24,21.20,21.22,21.27,21.50,21.53,21.48,21.39,21.26,21.37,21.31,21.19,21.09,21.01,21.01,20.96,20.84,20.69,20.58,20.48,20.37,20.26,20.28,20.37,20.10,19.27,17.79,16.53,15.54,14.90,14.70,13.79,12.92,12.47,12.61,12.81,12.96,13.08,13.23,13.52,13.92,14.24,14.59,15.12,15.48,15.05,14.64,14.60,14.67,14.84,15.02,15.15,15.20,15.13,15.08,15.01,14.92,14.97,14.96,14.94,14.94,14.95,14.94,14.93,14.95,15.00,14.96,12.92,10.79,9.60,9.60,9.60,9.60,9.60,9.60,9.63,9.64,9.67,9.75,9.85,9.91,10.06,10.28,10.37,10.19,10.04,9.94,9.86,9.76,9.62,9.44,9.23,9.05,8.85,8.67,8.50,8.30,8.16,8.02,7.89,7.80,7.85,7.36,6.66,2.03,1.63,1.58,1.57,1.57,1.57,1.58,1.58,1.56,1.55,1.57,1.58,1.58,1.57,1.55,1.56,1.57,1.57,1.59,1.57,1.57,1.57,1.58,1.57,1.59,1.59,1.58,1.57,1.55,2.80
24.00,24.02,24.04,24.03,23.92,23.60,23.22,23.02,23.23,23.31,23.25,23.08,23.01,22.95,22.96,23.03,23.04,23.04,23.06,23.08,23.10,23.08,23.06,23.07,23.11,23.18,23.14,23.08,23.01,22.88,21.84,21.10,20.73,20.69,20.75,20.79,20.83,20.81,20.49,19.25,17.68,16.55,16.67,16.79,16.84,16.86,16.89,16.96,16.80,16.72,16.77,16.84,16.91,16.97,16.99,16.97,16.96,16.94,16.92,16.91,16.88,16.77,16.88,17.13,17.38,17.76,18.07,18.04,17.61,17.24,16.98,16.95,17.12,17.36,17.83,18.05,18.20,18.49,19.46,20.52,21.68,22.88,23.78,24.44,25.27,26.09,26.58,26.34,25.77,25.28,25.07,24.81,24.60,24.42,24.25,23.87,23.56,23.24,22.94,22.68,22.64,22.56,22.45,22.30,22.00,21.91,21.86,21.95,22.28,22.32,22.10,21.83,21.62,21.31,20.98,20.70,20.60,20.92,21.33,21.65,21.74,21.51,21.27,21.17,21.11,21.09,21.33,21.45,21.44,21.29,21.05,21.33,21.15,20.87,20.73,20.69,20.73,20.73,20.66,20.48,20.41,20.36,20.32,20.30,20.32,20.29,19.40,17.61,16.16,14.81,13.85,13.18,12.58,12.49,12.44,12.49,12.67,12.77,12.89,13.01,13.21,13.70,14.79,15.61,16.25,16.91,17.06,15.74,14.72,14.70,14.75,14.73,14.94,15.23,15.26,15.20,15.12,15.03,14.94,14.96,14.95,14.93,14.91,14.94,14.92,14.91,14.93,14.98,14.94,13.14,11.04,9.60,9.60,9.60,9.60,9.60,9.60,9.62,9.62,9.73,10.06,10.53,10.55,10.45,10.35,10.34,10.24,10.15,10.07,9.98,9.88,9.71,9.50,9.27,9.02,8.83,8.71,8.61,8.47,8.29,8.12,7.99,7.94,7.86,7.80,6.46,3.94,1.74,1.58,1.57,1.56,1.56,1.61,1.59,1.56,1.55,1.59,1.57,1.57,1.57,1.55,1.55,1.56,1.57,1.58,1.57,1.57,1.57,1.57,1.58,1.57,1.57,1.56,1.55,1.56,1.75
24.02,24.08,24.11,24.12,23.97,23.55,23.09,22.97,23.14,23.20,23.14,23.00,22.98,22.95,22.96,23.01,23.05,23.07,23.09,23.10,23.10,23.07,23.03,23.06,23.16,23.20,23.19,23.13,23.03,22.87,22.29,21.59,20.99,20.67,20.73,20.81,20.84,20.84,20.91,20.06,18.63,17.28,16.78,16.77,16.78,16.81,16.86,16.88,16.76,16.74,16.82,16.89,16.93,16.95,16.95,16.92,16.91,16.89,16.87,16.86,16.83,16.72,16.83,17.08,17.33,17.75,17.88,17.72,17.31,16.99,16.89,16.92,17.03,17.16,17.37,17.31,17.20,17.30,17.95,18.68,19.62,20.74,21.73,22.51,23.50,24.49,25.10,25.60,25.80,25.58,25.00,25.03,24.81,24.63,24.51,24.32,24.05,23.72,23.39,23.12,23.05,22.94,22.78,22.53,22.21,22.22,22.11,22.03,22.28,22.23,21.90,21.57,21.38,21.10,20.79,20.60,20.55,20.86,21.20,21.51,21.67,21.46,21.26,21.10,21.00,21.00,21.14,21.23,21.23,21.11,20.87,21.09,20.99,20.81,20.72,20.63,20.63,20.64,20.62,20.52,20.42,20.35,20.27,20.09,19.43,18.74,17.55,15.83,14.35,13.25,12.64,12.34,12.03,12.16,12.28,12.42,12.57,12.65,13.16,13.91,14.78,15.59,16.83,17.53,17.90,18.25,17.95,16.60,15.48,15.08,14.75,14.59,14.82,15.20,15.24,15.23,15.16,15.06,14.96,14.94,14.94,14.92,14.90,14.92,14.90,14.89,14.88,14.88,14.83,13.54,11.69,9.94,9.64,9.60,9.60,9.65,9.85,10.37,10.45,10.40,10.49,10.76,10.74,10.62,10.49,10.42,10.44,10.33,10.15,10.01,9.86,9.67,9.48,9.31,9.11,8.98,8.88,8.81,8.74,8.54,8.44,8.36,8.24,8.12,8.09,7.30,6.21,4.90,5.05,5.13,5.13,5.21,4.93,3.41,2.05,1.57,1.58,1.56,1.56,1.57,1.55,1.55,1.56,1.57,1.58,1.58,1.57,1.57,1.57,1.57,1.56,1.56,1.57,1.55,1.56,1.56
24.01,24.10,24.14,24.17,23.98,23.47,22.94,22.93,23.03,23.03,23.00,22.96,22.97,22.98,22.98,23.00,23.06,23.09,23.10,23.10,23.08,23.06,23.04,23.09,23.20,23.21,23.24,23.18,23.04,22.86,22.69,22.13,21.40,20.77,20.72,20.80,20.83,20.85,21.21,20.68,19.60,18.26,17.04,16.79,16.73,16.77,16.82,16.80,16.77,16.80,16.87,16.93,16.92,16.91,16.89,16.87,16.86,16.84,16.82,16.81,16.78,16.68,16.78,17.03,17.30,17.73,17.67,17.37,17.02,16.79,16.84,16.95,17.04,17.10,16.97,16.68,16.45,16.50,16.84,17.17,17.80,18.75,19.74,20.61,21.59,22.49,23.05,24.33,25.38,25.53,24.71,25.16,24.97,24.78,24.66,24.65,24.43,24.11,23.80,23.58,23.43,23.31,23.09,22.77,22.44,22.52,22.33,22.05,22.12,21.92,21.58,21.26,21.13,20.87,20.58,20.50,20.54,20.52,21.09,21.37,21.56,21.38,21.26,21.03,20.91,20.93,20.95,20.99,21.00,20.94,20.77,20.85,20.86,20.85,20.82,20.66,20.61,20.61,20.62,20.61,20.34,20.16,19.92,19.43,18.01,16.62,15.30,14.03,12.68,11.95,11.76,11.88,12.00,12.13,12.25,12.40,12.62,12.89,13.94,15.36,16.82,17.83,18.89,19.28,19.27,19.22,18.52,17.46,16.42,15.56,14.73,14.45,14.70,15.13,15.18,15.26,15.20,15.08,14.98,14.92,14.93,14.92,14.90,14.90,14.87,14.85,14.80,14.73,14.66,13.90,12.37,10.44,9.71,9.66,9.70,9.84,10.26,11.22,11.37,11.13,10.91,10.85,10.79,10.73,10.64,10.52,10.64,10.48,10.19,10.00,9.82,9.62,9.48,9.38,9.25,9.19,9.07,8.95,9.00,8.78,8.75,8.72,8.54,8.41,8.30,8.28,8.33,8.34,8.85,9.03,9.03,9.13,8.61,5.76,3.19,2.30,1.88,1.86,1.79,1.65,1.56,1.56,1.56,1.57,1.58,1.58,1.57,1.57,1.57,1.55,1.55,1.56,1.57,1.56,1.56,1.55
23.96,24.07,24.17,24.20,24.00,23.47,22.92,22.92,23.01,22.97,22.91,22.92,22.98,22.98,23.00,23.04,23.08,23.09,23.10,23.08,23.06,23.12,23.15,23.16,23.18,23.19,23.19,23.14,23.02,22.88,22.77,22.51,22.07,21.44,20.83,20.73,20.79,20.89,21.04,20.86,20.24,19.23,17.94,16.99,16.72,16.74,16.79,16.75,16.79,16.85,16.90,16.89,16.88,16.86,16.84,16.82,16.81,16.79,16.77,16.76,16.73,16.63,16.74,17.00,17.29,17.63,17.45,17.08,16.78,16.78,16.87,16.98,17.00,16.77,16.50,16.34,16.31,16.45,16.87,17.29,17.75,18.30,19.02,19.20,19.66,20.30,20.87,22.28,23.49,24.10,24.11,24.95,24.97,24.95,24.88,24.79,24.54,24.28,24.08,23.95,23.65,23.54,23.33,22.97,22.69,22.49,22.14,21.75,21.48,21.29,21.05,20.88,20.82,20.58,20.52,20.52,20.55,20.52,20.73,21.09,21.35,21.25,21.31,21.06,20.87,20.85,20.80,20.92,20.95,20.92,20.94,20.94,20.99,21.00,20.94,20.77,20.64,20.61,20.63,20.60,19.54,18.76,18.00,16.86,15.44,14.01,12.91,12.26,11.94,11.77,11.78,11.86,11.91,12.02,12.26,12.79,13.73,15.12,16.74,17.94,18.58,18.88,19.14,19.19,19.11,18.98,18.60,18.01,17.19,16.11,14.69,14.34,14.61,15.08,15.14,15.25,15.21,15.11,15.00,14.91,14.91,14.91,14.88,14.83,14.77,14.69,14.60,14.50,14.41,13.72,12.57,11.14,9.82,10.00,10.34,10.67,11.11,11.30,11.29,11.17,11.04,10.97,10.92,10.85,10.76,10.60,10.52,10.37,10.16,9.98,9.84,9.73,9.64,9.55,9.44,9.51,9.10,8.62,9.13,8.82,8.67,8.60,8.53,8.46,8.38,8.32,8.25,8.14,8.50,8.64,8.64,8.71,8.62,7.81,6.95,6.30,4.63,4.57,3.85,2.64,1.71,1.60,1.57,1.57,1.55,1.56,1.57,1.57,1.55,1.54,1.54,1.56,1.57,1.57,1.57,1.56
23.94,24.05,24.17,24.20,23.93,23.40,22.91,22.94,23.03,22.99,22.92,22.90,22.99,23.00,23.02,23.05,23.08,23.08,23.07,23.07,23.06,23.11,23.17,23.19,23.16,23.16,23.17,23.14,23.04,22.93,22.82,22.66,22.29,21.62,20.87,20.70,20.76,20.87,20.92,20.86,20.58,20.02,19.13,17.61,16.91,16.71,16.76,16.76,16.81,16.86,16.88,16.84,16.83,16.81,16.79,16.77,16.75,16.74,16.72,16.71,16.68,16.58,16.69,16.96,17.28,17.43,17.17,16.85,16.69,16.79,16.85,16.83,16.70,16.48,16.27,16.20,16.24,16.36,16.77,17.21,17.63,18.03,18.54,18.43,18.53,18.80,19.07,20.22,21.50,22.59,23.37,24.46,24.81,25.01,25.00,24.93,24.62,24.39,24.24,24.13,23.82,23.68,23.45,23.07,22.74,22.39,21.97,21.51,21.07,20.82,20.72,20.67,20.60,20.46,20.52,20.56,20.54,20.50,20.62,20.89,21.14,21.22,21.34,21.10,20.86,20.77,20.69,20.81,20.88,20.93,21.08,21.02,21.04,21.03,20.95,20.75,20.63,20.59,20.58,20.42,18.61,17.08,15.72,14.31,13.30,12.36,11.73,11.52,11.61,11.67,11.74,11.88,12.17,12.66,13.46,14.36,15.28,16.92,18.30,19.07,19.26,19.27,19.16,19.05,18.92,18.74,18.51,18.24,17.64,16.55,14.85,14.30,14.52,15.02,15.09,15.20,15.21,15.12,14.97,14.87,14.85,14.82,14.76,14.67,14.58,14.48,14.37,14.28,14.21,13.62,12.68,11.53,10.38,10.67,11.02,11.25,11.52,11.40,11.31,11.28,11.29,11.10,11.00,10.91,10.78,10.60,10.46,10.33,10.19,10.06,9.97,9.79,9.51,9.02,7.78,8.76,9.11,8.55,9.19,8.84,8.61,8.51,8.48,8.39,8.07,7.38,6.61,6.81,7.48,7.80,7.87,7.99,8.06,8.17,8.20,7.84,5.90,5.82,5.39,4.83,3.60,2.83,2.11,1.65,1.57,1.56,1.57,1.57,1.56,1.55,1.55,1.56,1.58,1.57,1.57,1.56
23.94,24.05,24.15,24.19,23.80,23.29,22.92,22.98,23.07,23.07,23.00,22.89,23.01,23.04,23.05,23.05,23.06,23.05,23.04,23.04,23.08,23.05,23.13,23.18,23.15,23.12,23.17,23.16,23.09,22.99,22.85,22.62,22.17,21.44,20.84,20.70,20.74,20.82,20.85,20.73,20.70,20.68,20.54,18.55,17.25,16.67,16.71,16.80,16.85,16.84,16.81,16.79,16.78,16.76,16.74,16.72,16.70,16.69,16.67,16.66,16.63,16.53,16.65,16.93,17.27,17.14,16.85,16.66,16.71,16.82,16.80,16.54,16.21,16.22,16.21,16.21,16.22,16.25,16.58,17.00,17.46,17.90,18.26,18.16,18.02,17.83,17.54,18.16,19.46,21.03,22.52,23.76,24.54,25.00,25.03,25.05,24.66,24.44,24.31,24.17,23.95,23.75,23.47,23.07,22.62,22.25,21.82,21.33,20.83,20.47,20.49,20.54,20.42,20.42,20.57,20.60,20.51,20.46,20.56,20.71,20.94,21.26,21.36,21.14,20.87,20.68,20.63,20.66,20.78,20.97,21.20,21.09,21.03,20.98,20.89,20.63,20.59,20.58,20.48,20.10,17.59,15.17,13.17,11.76,11.49,11.45,11.49,11.55,11.59,11.61,11.65,11.91,12.70,13.87,15.56,16.82,17.16,18.39,18.92,19.10,19.11,19.15,19.00,18.86,18.71,18.50,18.30,18.23,17.85,16.91,15.16,14.32,14.42,14.95,15.03,15.14,15.19,15.12,14.91,14.81,14.74,14.66,14.55,14.44,14.33,14.22,14.13,14.07,14.06,13.58,12.71,11.68,11.28,11.58,11.73,11.66,11.59,11.50,11.41,11.44,11.63,11.24,11.05,10.90,10.74,10.53,10.44,10.35,10.27,10.21,10.17,9.81,9.16,7.95,4.71,3.45,3.03,4.25,9.19,8.83,8.58,8.45,8.41,8.22,7.45,5.71,3.80,4.63,5.97,6.62,6.81,7.05,7.08,7.25,7.51,7.77,7.90,8.01,8.12,7.94,6.92,5.03,3.08,1.85,1.61,1.56,1.57,1.59,1.59,1.58,1.57,1.58,1.59,1.58,1.56,1.57
23.89,23.99,24.06,24.01,23.66,23.22,22.91,23.03,23.13,23.16,23.11,23.00,23.09,23.18,23.17,23.06,23.01,23.08,23.12,23.11,23.07,23.07,23.09,23.09,23.06,23.04,23.11,23.12,23.07,22.98,22.85,22.68,22.36,21.80,21.29,20.88,20.71,20.80,20.97,20.98,20.87,20.75,20.76,19.75,18.16,17.01,16.77,16.80,16.80,16.79,16.76,16.74,16.73,16.71,16.69,16.68,16.66,16.64,16.62,16.61,16.59,16.51,16.61,16.87,17.20,16.89,16.70,16.65,16.71,16.57,16.48,16.34,16.21,16.22,16.22,16.23,16.23,16.24,16.41,16.79,17.25,17.70,18.12,18.14,18.04,17.88,17.70,17.79,18.14,19.29,21.32,23.18,24.12,24.81,25.02,24.97,24.66,24.51,24.41,24.22,23.88,23.60,23.27,22.89,22.59,22.26,21.86,21.44,21.04,20.81,20.76,20.78,20.50,20.49,20.54,20.58,20.62,20.68,20.98,21.02,21.10,21.26,21.24,21.02,20.77,20.59,20.56,20.51,20.63,20.86,21.02,21.00,20.90,20.81,20.76,20.56,20.59,20.56,20.39,20.04,15.27,12.83,12.02,11.49,11.43,11.43,11.46,11.50,11.53,12.08,12.74,13.48,14.37,15.48,16.91,17.89,18.05,18.55,18.75,18.88,18.96,18.89,18.73,18.57,18.39,18.21,18.01,17.86,17.47,16.64,15.12,14.34,14.38,14.84,14.91,15.01,15.06,15.00,14.79,14.62,14.51,14.41,14.29,14.17,14.06,13.96,13.85,13.69,13.29,12.88,12.43,11.97,11.79,11.87,11.86,11.79,11.82,11.66,11.52,11.45,11.43,11.20,11.02,10.88,10.76,10.64,10.46,10.47,10.22,9.11,7.09,6.01,5.45,4.99,3.62,3.10,2.95,3.99,8.09,8.33,7.24,5.85,5.18,4.98,4.67,3.98,3.23,3.56,4.09,4.80,5.45,5.77,6.06,6.44,6.82,7.10,7.16,7.17,7.34,7.48,7.17,6.73,6.22,6.36,8.21,6.78,4.72,3.57,1.58,1.58,1.58,1.57,1.57,1.58,1.56,1.57
23.84,23.92,23.97,23.86,23.55,23.16,22.89,23.07,23.19,23.24,23.21,23.10,23.12,23.23,23.23,23.10,23.04,23.15,23.19,23.16,23.09,23.08,23.06,23.03,22.99,22.97,23.04,23.07,23.05,22.99,22.86,22.72,22.50,22.13,21.76,21.10,20.72,20.79,21.10,21.16,20.99,20.80,20.85,20.55,19.11,17.62,16.78,16.78,16.75,16.73,16.71,16.69,16.68,16.66,16.65,16.63,16.61,16.59,16.57,16.56,16.54,16.48,16.58,16.80,17.03,16.69,16.59,16.60,16.59,16.37,16.26,16.22,16.23,16.23,16.23,16.24,16.24,16.25,16.29,16.61,17.04,17.50,17.95,18.13,18.09,17.94,17.82,17.60,17.42,18.19,20.26,22.57,23.58,24.49,24.95,24.88,24.66,24.59,24.52,24.26,23.85,23.47,23.08,22.69,22.49,22.24,21.93,21.59,21.27,21.12,20.96,20.92,20.73,20.67,20.62,20.66,20.76,20.90,21.07,21.12,21.20,21.22,21.15,20.96,20.74,20.54,20.49,20.39,20.49,20.67,20.75,20.78,20.69,20.60,20.58,20.45,20.50,20.46,20.27,19.96,15.15,12.34,11.36,11.37,11.40,11.42,11.68,12.16,12.21,13.14,14.22,15.24,16.12,16.95,17.91,18.54,18.58,18.63,18.64,18.73,18.82,18.69,18.50,18.29,18.07,17.89,17.71,17.50,17.13,16.47,15.19,14.41,14.29,14.58,14.80,14.87,14.92,14.88,14.70,14.41,14.26,14.14,14.01,13.87,13.75,13.62,13.48,13.27,12.73,12.44,12.29,12.21,12.14,12.11,12.01,11.90,11.94,11.74,11.58,11.45,11.32,11.20,11.05,10.81,10.50,10.24,9.40,9.75,10.18,8.40,5.12,3.43,3.06,3.08,2.96,2.94,2.96,3.67,7.38,8.01,6.38,4.19,2.99,2.91,2.90,2.91,2.91,2.91,2.92,3.49,4.61,4.98,5.43,5.94,6.23,6.23,6.35,6.46,6.71,7.00,7.08,7.45,7.77,7.96,7.93,6.94,5.43,5.00,3.04,2.78,2.61,2.19,1.75,1.58,1.57,1.57
23.78,23.86,23.89,23.78,23.49,23.11,22.85,23.08,23.21,23.30,23.29,23.16,23.06,23.14,23.20,23.19,23.17,23.26,23.25,23.19,23.17,23.08,23.04,23.01,22.98,22.88,22.96,23.01,23.02,23.04,22.87,22.71,22.55,22.38,22.28,21.39,20.79,20.79,21.23,21.21,21.03,20.83,20.77,20.69,20.10,18.68,16.74,16.72,16.70,16.68,16.66,16.64,16.63,16.61,16.60,16.58,16.56,16.54,16.52,16.51,16.49,16.45,16.55,16.69,16.69,16.56,16.54,16.47,16.29,16.26,16.24,16.24,16.24,16.25,16.25,16.25,16.26,16.26,16.27,16.48,16.83,17.29,17.75,18.12,18.15,17.97,17.81,17.65,17.63,18.15,19.46,21.90,22.85,23.97,24.79,24.77,24.66,24.68,24.63,24.30,23.89,23.40,22.90,22.47,22.29,22.19,22.02,21.80,21.53,21.34,21.20,21.18,21.29,21.08,20.96,20.93,20.99,21.18,21.24,21.23,21.18,21.14,21.08,21.00,20.81,20.55,20.40,20.33,20.34,20.37,20.35,20.36,20.33,20.32,20.35,20.26,20.26,20.21,20.08,19.84,18.68,14.89,11.43,11.39,11.37,11.35,12.29,14.01,14.11,15.15,16.27,17.24,17.94,18.15,18.38,18.55,18.61,18.66,18.68,18.70,18.69,18.59,18.33,18.03,17.75,17.53,17.40,17.17,16.91,16.53,15.45,14.59,14.09,14.09,14.68,14.74,14.78,14.76,14.64,14.19,13.98,13.83,13.67,13.51,13.37,13.18,12.98,12.81,12.58,12.47,12.41,12.35,12.27,12.29,12.18,11.98,11.86,11.70,11.56,11.45,11.37,11.28,11.17,10.65,9.76,8.99,6.57,6.14,3.93,3.80,3.28,3.03,2.95,2.94,2.92,2.93,2.96,3.14,3.68,3.68,3.41,3.09,2.93,2.91,2.91,2.91,2.91,2.91,2.93,3.03,3.26,3.65,4.05,4.41,4.72,5.04,5.53,6.10,6.50,6.63,6.43,6.49,6.56,6.76,7.18,7.38,7.30,7.47,7.74,6.62,5.89,4.19,2.56,1.56,1.57,1.57
23.71,23.77,23.82,23.68,23.36,22.99,22.80,23.09,23.21,23.29,23.31,23.29,23.30,23.33,23.31,23.27,23.22,23.29,23.27,23.20,23.15,23.06,23.01,22.99,22.96,22.86,22.92,22.98,23.00,22.97,22.79,22.66,22.54,22.42,22.22,21.46,20.88,20.73,20.97,21.01,20.96,20.88,20.79,20.79,20.57,19.36,17.24,17.00,16.91,16.82,16.71,16.60,16.58,16.56,16.54,16.53,16.51,16.49,16.47,16.46,16.44,16.41,16.52,16.63,16.52,16.40,16.38,16.34,16.24,16.24,16.25,16.25,16.25,16.26,16.26,16.26,16.27,16.28,16.28,16.37,16.65,17.08,17.54,18.02,18.15,18.04,17.86,17.68,17.94,18.60,19.65,21.41,22.33,23.51,24.45,24.42,24.21,24.21,24.15,23.77,23.29,22.90,22.58,22.33,22.19,22.14,22.05,21.90,21.70,21.52,21.41,21.37,21.38,21.23,21.15,21.14,21.17,21.27,21.30,21.31,21.31,21.29,21.26,21.24,21.05,20.68,20.33,20.26,20.24,20.22,20.18,20.14,20.08,20.05,20.07,20.03,20.04,20.00,19.90,19.72,18.63,15.03,11.64,11.40,12.51,14.08,15.51,16.35,16.00,16.75,17.48,17.99,18.36,18.44,18.50,18.57,18.63,18.68,18.70,18.70,18.66,18.59,18.36,18.10,17.77,17.33,17.06,16.84,16.61,16.31,15.63,14.81,14.17,13.89,14.18,14.58,14.70,14.68,14.55,14.01,13.70,13.49,13.34,13.29,13.12,12.95,12.80,12.71,12.61,12.57,12.54,12.50,12.34,12.28,12.16,11.97,11.80,11.68,11.65,11.64,11.48,10.28,8.63,8.23,9.60,8.72,5.96,4.83,2.94,3.01,2.95,2.92,2.91,2.91,2.90,2.90,2.92,2.97,3.02,2.96,2.93,2.92,2.92,2.91,2.91,2.91,2.91,2.91,2.92,2.92,2.98,3.18,3.39,3.67,3.85,4.78,5.36,6.02,6.45,6.27,5.58,5.79,6.05,6.31,6.57,6.95,7.02,7.04,7.07,7.00,6.50,5.66,5.32,4.61,4.30,3.23
23.62,23.67,23.73,23.58,23.20,22.87,22.76,23.10,23.19,23.24,23.29,23.38,23.53,23.50,23.41,23.30,23.24,23.29,23.27,23.20,23.12,23.03,22.98,22.96,22.94,22.86,22.90,22.96,23.00,22.93,22.75,22.62,22.52,22.40,22.08,21.53,21.02,20.68,20.66,20.78,20.89,20.92,20.84,20.88,20.82,19.77,17.75,17.30,17.14,16.98,16.79,16.60,16.57,16.55,16.54,16.52,16.49,16.46,16.43,16.41,16.39,16.37,16.47,16.55,16.40,16.27,16.24,16.25,16.25,16.25,16.26,16.26,16.26,16.27,16.27,16.28,16.29,16.29,16.29,16.30,16.48,16.88,17.33,17.87,18.13,18.11,17.92,17.74,18.28,19.14,20.03,21.03,21.92,23.09,24.02,23.91,23.59,23.55,23.49,23.10,22.62,22.38,22.28,22.22,22.14,22.11,22.07,21.98,21.84,21.68,21.60,21.55,21.50,21.39,21.37,21.37,21.38,21.40,21.37,21.42,21.48,21.48,21.49,21.48,21.26,20.79,20.28,20.20,20.16,20.12,20.07,19.99,19.89,19.81,19.80,19.77,19.79,19.78,19.70,19.59,17.97,15.04,12.49,12.05,14.24,17.07,18.61,18.32,17.60,18.00,18.27,18.33,18.40,18.47,18.53,18.59,18.65,18.69,18.72,18.71,18.68,18.63,18.45,18.25,17.88,17.22,16.74,16.50,16.29,16.02,15.71,15.00,14.31,13.81,13.68,14.41,14.64,14.60,14.47,13.82,13.45,13.20,13.07,13.11,12.94,12.82,12.75,12.73,12.71,12.67,12.65,12.61,12.38,12.23,12.09,11.95,11.81,11.62,11.29,11.25,11.59,9.24,5.99,4.24,2.94,2.92,2.94,2.94,2.93,2.94,2.91,2.90,2.91,2.91,2.89,2.89,2.90,2.91,2.92,2.91,2.91,2.92,2.93,2.91,2.91,2.91,2.91,2.92,2.91,2.91,2.91,2.91,2.93,3.12,3.17,2.98,2.92,2.91,3.13,3.66,4.82,5.29,5.80,6.12,6.09,6.25,6.21,6.17,6.34,7.20,6.96,7.00,7.30,7.56,7.04,5.17
23.49,23.53,23.59,23.42,22.98,22.75,22.81,23.09,23.12,23.13,23.16,23.23,23.37,23.33,23.25,23.18,23.19,23.26,23.29,23.25,23.15,23.04,22.96,22.92,22.93,22.87,22.89,23.00,23.12,23.11,22.93,22.70,22.52,22.41,22.19,21.81,21.28,20.74,20.61,20.74,20.85,20.90,20.83,20.96,20.70,19.55,17.65,17.24,17.11,17.02,16.91,16.82,16.77,16.74,16.70,16.66,16.60,16.53,16.44,16.36,16.34,16.32,16.35,16.36,16.29,16.26,16.25,16.26,16.26,16.26,16.27,16.27,16.28,16.28,16.28,16.29,16.30,16.30,16.30,16.31,16.41,16.67,17.12,17.63,18.03,18.19,18.00,17.89,18.58,19.42,20.03,20.95,21.75,22.71,23.35,23.03,22.79,22.73,22.70,22.52,22.35,22.25,22.17,22.14,22.17,22.19,22.13,22.02,21.91,21.79,21.76,21.73,21.65,21.47,21.45,21.44,21.46,21.59,21.60,21.62,21.63,21.59,21.62,21.51,21.17,20.64,20.26,20.14,20.07,20.01,19.92,19.89,19.80,19.68,19.57,19.39,19.44,19.46,19.42,19.42,18.83,17.33,15.85,15.42,17.13,17.96,18.24,18.17,17.99,18.16,18.29,18.35,18.40,18.46,18.53,18.60,18.66,18.73,18.76,18.76,18.72,18.68,18.54,18.38,18.03,17.32,16.52,16.18,15.98,15.76,15.47,14.99,14.41,13.87,13.63,14.27,14.52,14.56,14.45,13.48,13.28,13.19,13.03,13.00,12.95,12.90,12.86,12.82,12.89,12.77,12.63,12.52,12.34,12.17,12.08,12.07,12.11,11.43,8.96,7.39,5.09,4.51,3.67,3.10,2.91,2.91,2.92,2.93,2.93,2.93,2.93,2.92,2.92,2.93,2.92,2.94,2.94,2.93,2.93,2.91,2.90,2.90,2.91,2.91,2.90,2.91,2.92,2.91,2.91,2.91,2.91,2.90,2.90,2.95,2.97,2.94,2.91,2.91,2.98,3.13,3.37,3.51,3.91,4.45,4.96,5.34,5.65,5.95,6.09,6.24,6.12,6.16,6.34,6.58,6.68,6.36
23.43,23.44,23.42,23.13,22.71,22.56,22.66,22.86,22.83,22.77,22.80,23.00,23.17,23.16,23.12,23.10,23.10,23.17,23.23,23.24,23.15,23.03,22.94,22.90,22.91,22.87,22.94,23.05,23.17,23.27,22.90,22.66,22.51,22.39,22.25,22.00,21.47,20.80,20.60,20.71,20.86,20.92,20.82,21.20,20.67,19.27,17.45,17.16,17.06,16.99,16.92,16.86,16.80,16.75,16.70,16.64,16.58,16.51,16.42,16.34,16.31,16.29,16.28,16.28,16.26,16.26,16.26,16.27,16.28,16.28,16.28,16.29,16.29,16.30,16.30,16.30,16.31,16.32,16.32,16.32,16.37,16.52,16.92,17.39,17.89,18.21,18.08,18.09,18.71,19.50,20.21,21.10,21.72,22.43,22.86,22.56,22.38,22.33,22.31,22.23,22.20,22.17,22.14,22.12,22.16,22.20,22.15,22.04,21.92,21.77,21.76,21.75,21.65,21.53,21.58,21.57,21.52,21.62,21.66,21.70,21.70,21.64,21.61,21.35,20.92,20.44,20.17,20.02,19.93,19.87,19.77,19.72,19.61,19.47,19.33,19.16,19.13,19.09,19.03,19.07,18.89,18.32,17.72,17.53,18.40,18.30,18.09,18.12,18.15,18.22,18.29,18.36,18.40,18.47,18.54,18.60,18.67,18.74,18.77,18.77,18.73,18.70,18.62,18.54,18.26,17.56,16.59,16.00,15.66,15.46,15.20,14.88,14.43,13.95,13.60,13.93,14.08,14.15,14.16,13.36,13.22,13.17,13.06,13.01,13.01,13.02,12.99,12.90,12.92,12.78,12.60,12.45,12.36,12.28,11.61,10.41,8.99,10.34,8.03,5.26,2.91,2.90,2.89,2.89,2.91,2.90,2.91,2.92,2.93,2.93,2.94,2.93,2.93,2.94,2.94,2.95,2.95,2.94,2.92,2.92,2.90,2.89,2.91,2.91,2.91,2.91,2.91,2.91,2.91,2.91,2.91,2.91,2.89,2.89,2.90,2.92,2.92,2.91,2.92,2.92,2.90,2.91,3.14,3.52,3.96,4.90,5.43,5.87,5.88,5.45,5.54,5.62,5.66,5.69,6.03,6.33
23.42,23.39,23.24,22.76,22.42,22.31,22.37,22.49,22.39,22.23,22.29,22.71,22.93,22.99,23.02,23.05,22.99,23.04,23.13,23.19,23.15,23.01,22.92,22.89,22.90,22.87,23.03,23.11,23.18,23.41,22.72,22.53,22.51,22.35,22.28,22.14,21.62,20.85,20.59,20.70,20.88,20.96,20.81,21.55,20.69,18.97,17.17,17.06,16.99,16.92,16.85,16.78,16.71,16.64,16.57,16.51,16.46,16.42,16.38,16.34,16.30,16.27,16.25,16.25,16.27,16.28,16.28,16.28,16.29,16.29,16.30,16.30,16.30,16.31,16.32,16.32,16.32,16.33,16.33,16.34,16.34,16.40,16.72,17.16,17.73,18.18,18.15,18.33,18.71,19.44,20.51,21.42,21.78,22.20,22.49,22.37,22.23,22.19,22.19,22.13,22.11,22.13,22.15,22.15,22.13,22.17,22.14,22.05,21.90,21.68,21.66,21.65,21.55,21.57,21.76,21.75,21.57,21.53,21.62,21.69,21.71,21.65,21.52,21.05,20.56,20.21,20.04,19.86,19.76,19.70,19.62,19.50,19.37,19.22,19.08,19.01,18.87,18.70,18.57,18.60,18.43,18.43,18.58,18.78,18.59,18.27,18.08,18.12,18.16,18.21,18.27,18.35,18.41,18.49,18.55,18.60,18.67,18.72,18.75,18.75,18.71,18.68,18.68,18.71,18.54,17.90,16.86,15.92,15.34,15.14,14.92,14.69,14.40,14.03,13.58,13.45,13.43,13.52,13.67,13.40,13.22,13.14,13.13,13.10,13.11,13.16,13.15,12.96,12.85,12.73,12.57,12.39,12.41,12.49,10.83,7.55,3.58,3.19,3.00,2.92,2.93,2.89,2.88,2.90,2.93,2.90,2.91,2.91,2.92,2.94,2.94,2.94,2.94,2.94,2.95,2.94,2.93,2.93,2.90,2.91,2.90,2.90,2.91,2.91,2.91,2.91,2.90,2.91,2.90,2.91,2.92,2.92,2.91,2.90,2.90,2.92,2.93,2.92,2.92,2.93,2.91,2.92,2.92,2.92,2.93,2.92,3.49,4.15,4.66,4.71,5.14,5.29,5.16,4.86,5.17,5.47
23.45,23.31,23.02,22.62,22.29,22.12,22.07,22.06,21.96,21.81,21.86,22.25,22.67,22.81,22.86,22.89,22.87,22.95,23.00,23.01,22.98,22.95,22.91,22.91,22.97,23.02,23.15,23.23,23.18,22.88,22.58,22.50,22.48,22.35,22.10,21.85,21.43,20.90,20.64,20.75,20.84,20.89,20.93,20.84,20.01,18.58,16.95,16.89,16.84,16.79,16.74,16.69,16.64,16.59,16.54,16.49,16.45,16.41,16.37,16.33,16.29,16.26,16.25,16.25,16.26,16.27,16.28,16.29,16.30,16.30,16.31,16.31,16.31,16.32,16.33,16.33,16.34,16.34,16.34,16.35,16.35,16.38,16.53,16.95,17.50,18.01,18.24,18.34,18.62,19.43,20.78,21.49,21.82,22.15,22.34,22.25,22.18,22.16,22.15,22.13,22.11,22.10,22.10,22.11,22.11,22.13,22.15,22.12,22.02,21.80,21.69,21.64,21.63,21.85,22.11,22.07,21.77,21.53,21.57,21.61,21.55,21.32,21.03,20.58,20.18,19.91,19.78,19.68,19.58,19.48,19.41,19.35,19.23,19.08,18.93,18.75,18.66,18.56,18.43,18.37,18.25,18.22,18.27,18.38,18.54,18.36,18.15,18.08,18.14,18.18,18.23,18.31,18.39,18.47,18.53,18.56,18.58,18.65,18.69,18.70,18.67,18.66,18.65,18.66,18.51,18.04,17.26,16.25,15.37,14.79,14.61,14.40,14.20,13.99,13.73,13.60,13.47,13.41,13.47,13.35,13.28,13.24,13.24,13.25,13.19,13.15,13.09,12.92,12.81,12.76,12.65,12.13,9.79,7.88,7.41,4.69,3.20,3.02,2.93,2.89,2.90,2.89,2.89,2.90,2.91,2.90,2.91,2.91,2.92,2.93,2.92,2.92,2.92,2.93,2.94,2.94,2.94,2.93,2.92,2.92,2.91,2.91,2.90,2.89,2.90,2.91,2.91,2.92,2.91,2.91,2.91,2.92,2.91,2.91,2.91,2.91,2.92,2.91,2.92,2.92,2.92,2.91,2.92,2.92,2.93,2.92,3.12,3.49,3.91,4.05,4.59,4.69,4.43,4.11,4.06,4.34
23.36,23.15,22.71,22.25,21.92,21.73,21.64,21.58,21.54,21.47,21.57,21.97,22.51,22.66,22.70,22.72,22.72,22.81,22.83,22.82,22.83,22.79,22.77,22.81,22.93,23.07,23.15,23.14,22.95,22.41,22.36,22.40,22.42,22.31,21.82,21.49,21.17,20.85,20.68,20.78,20.81,20.83,20.95,20.26,19.28,18.07,16.90,16.79,16.74,16.70,16.66,16.63,16.59,16.55,16.51,16.47,16.43,16.39,16.36,16.32,16.28,16.26,16.25,16.25,16.25,16.26,16.27,16.28,16.30,16.31,16.31,16.32,16.32,16.33,16.34,16.35,16.35,16.36,16.36,16.36,16.37,16.37,16.41,16.77,17.28,17.83,18.28,18.27,18.59,19.56,21.11,21.64,21.89,22.12,22.23,22.17,22.15,22.13,22.12,22.13,22.09,22.08,22.07,22.08,22.09,22.11,22.14,22.14,22.07,21.88,21.72,21.66,21.74,22.05,22.30,22.23,21.88,21.51,21.44,21.39,21.21,20.83,20.51,20.13,19.83,19.65,19.57,19.52,19.41,19.29,19.22,19.16,19.06,18.93,18.78,18.58,18.50,18.41,18.29,18.17,18.12,18.06,18.03,18.07,18.38,18.36,18.22,18.08,18.11,18.15,18.20,18.27,18.36,18.43,18.48,18.50,18.52,18.58,18.62,18.63,18.62,18.62,18.61,18.60,18.50,18.23,17.69,16.66,15.51,14.56,14.32,14.15,14.03,13.92,13.79,13.68,13.51,13.40,13.40,13.37,13.36,13.35,13.33,13.33,13.23,13.16,13.08,12.94,12.79,11.97,10.93,9.86,8.04,5.15,3.85,2.99,2.96,2.91,2.88,2.88,2.89,2.89,2.89,2.90,2.90,2.89,2.90,2.91,2.91,2.92,2.92,2.92,2.92,2.92,2.93,2.93,2.93,2.92,2.93,2.92,2.91,2.90,2.89,2.89,2.90,2.91,2.92,2.91,2.92,2.91,2.90,2.91,2.91,2.91,2.91,2.91,2.91,2.91,2.91,2.92,2.92,2.91,2.92,2.92,2.92,2.91,2.91,3.05,3.33,3.47,3.97,4.02,3.75,3.52,3.23,3.67
23.11,22.87,22.26,21.55,21.21,21.08,21.05,21.00,21.13,21.24,21.48,21.95,22.50,22.58,22.55,22.53,22.53,22.58,22.58,22.61,22.71,22.49,22.45,22.55,22.75,22.97,22.96,22.75,22.40,22.03,22.05,22.20,22.32,22.20,21.41,21.06,20.82,20.63,20.71,20.79,20.79,20.77,20.81,19.90,18.47,17.41,17.09,16.81,16.73,16.69,16.65,16.61,16.58,16.54,16.50,16.46,16.42,16.38,16.34,16.31,16.27,16.25,16.24,16.24,16.24,16.25,16.26,16.27,16.28,16.30,16.31,16.32,16.33,16.35,16.36,16.36,16.36,16.37,16.37,16.37,16.38,16.38,16.39,16.62,17.05,17.63,18.25,18.09,18.64,19.89,21.51,21.92,22.01,22.11,22.18,22.15,22.12,22.11,22.10,22.09,22.06,22.07,22.06,22.04,22.08,22.11,22.11,22.07,22.04,21.92,21.76,21.73,21.90,22.16,22.27,22.17,21.88,21.45,21.21,20.96,20.61,20.13,19.92,19.71,19.54,19.44,19.43,19.37,19.25,19.13,19.04,18.92,18.85,18.76,18.64,18.53,18.42,18.28,18.13,18.02,18.04,17.96,17.88,17.91,18.05,18.25,18.28,18.14,18.08,18.12,18.18,18.24,18.32,18.35,18.40,18.44,18.46,18.50,18.53,18.55,18.56,18.57,18.56,18.54,18.51,18.48,18.16,17.15,15.82,14.51,14.06,13.96,13.88,13.79,13.74,13.65,13.57,13.52,13.50,13.48,13.49,13.46,13.38,13.32,13.22,13.18,13.14,13.01,12.79,9.99,6.60,4.11,3.53,3.19,3.00,2.93,2.92,2.89,2.88,2.89,2.91,2.89,2.90,2.90,2.90,2.89,2.90,2.90,2.90,2.91,2.92,2.94,2.95,2.93,2.92,2.92,2.91,2.91,2.94,2.92,2.89,2.88,2.88,2.91,2.91,2.91,2.91,2.89,2.90,2.91,2.90,2.90,2.91,2.91,2.91,2.92,2.90,2.90,2.91,2.92,2.91,2.92,2.91,2.91,2.90,2.92,2.91,2.93,2.98,3.01,3.24,3.24,3.14,3.17,3.32,3.51
22.66,22.36,21.72,21.00,20.76,20.68,20.65,20.62,20.86,21.05,21.31,21.74,22.29,22.38,22.36,22.36,22.40,22.39,22.44,22.54,22.62,22.44,22.27,22.26,22.43,22.53,22.40,22.14,21.80,21.46,21.49,21.70,21.84,21.67,20.98,20.78,20.71,20.65,20.70,20.72,20.73,20.60,20.16,19.07,17.87,17.17,17.13,16.78,16.71,16.68,16.64,16.60,16.56,16.52,16.49,16.45,16.41,16.37,16.33,16.30,16.26,16.25,16.24,16.24,16.24,16.24,16.25,16.26,16.27,16.29,16.30,16.31,16.32,16.34,16.35,16.35,16.36,16.38,16.38,16.39,16.39,16.40,16.40,16.50,16.84,17.37,17.98,17.79,18.76,20.23,21.59,21.92,22.04,22.13,22.16,22.12,22.09,22.07,22.06,22.06,22.03,22.04,22.05,22.04,22.08,22.08,22.06,22.02,21.97,21.87,21.76,21.75,21.88,21.81,21.71,21.52,21.19,20.61,20.44,20.30,20.08,19.76,19.62,19.49,19.39,19.31,19.28,19.20,19.12,19.02,18.91,18.79,18.70,18.63,18.54,18.41,18.29,18.17,18.05,17.94,17.93,17.84,17.75,17.77,17.79,17.95,18.12,18.21,18.08,18.09,18.13,18.18,18.23,18.27,18.31,18.36,18.40,18.43,18.45,18.45,18.46,18.49,18.50,18.48,18.40,18.22,17.78,16.84,15.59,14.32,13.99,13.92,13.87,13.82,13.77,13.70,13.65,13.62,13.60,13.57,13.55,13.48,13.37,13.23,13.18,13.15,12.50,10.55,8.48,6.30,4.34,2.94,2.92,2.92,2.92,2.91,2.90,2.89,2.89,2.89,2.89,2.89,2.89,2.90,2.90,2.90,2.91,2.92,2.92,2.93,2.93,2.94,2.95,2.94,2.93,2.92,2.92,2.92,2.94,2.92,2.90,2.90,2.90,2.92,2.91,2.91,2.91,2.90,2.90,2.90,2.90,2.90,2.90,2.91,2.91,2.92,2.90,2.91,2.92,2.92,2.91,2.92,2.93,2.92,2.91,2.91,2.92,2.92,2.92,2.92,3.01,3.03,3.03,3.13,3.32,3.48
22.18,21.84,21.23,20.57,20.44,20.40,20.37,20.35,20.62,20.86,21.11,21.43,22.00,22.13,22.16,22.20,22.28,22.22,22.31,22.45,22.49,22.29,22.00,21.89,22.01,22.02,21.75,21.46,21.19,20.92,20.95,21.16,21.29,21.11,20.67,20.63,20.69,20.73,20.74,20.65,20.54,20.17,19.21,18.12,17.36,17.03,17.05,16.75,16.69,16.66,16.63,16.59,16.55,16.51,16.47,16.43,16.40,16.36,16.32,16.29,16.25,16.24,16.24,16.24,16.24,16.24,16.24,16.25,16.26,16.27,16.28,16.30,16.31,16.33,16.33,16.35,16.36,16.38,16.39,16.39,16.40,16.41,16.41,16.42,16.66,17.10,17.64,17.60,18.94,20.53,21.57,21.85,22.03,22.14,22.13,22.08,22.05,22.02,22.02,22.03,22.01,22.02,22.03,22.04,22.06,22.03,22.00,21.96,21.87,21.73,21.61,21.58,21.61,21.28,21.03,20.76,20.40,19.77,19.71,19.70,19.64,19.52,19.44,19.35,19.27,19.20,19.14,19.05,18.99,18.92,18.80,18.68,18.58,18.51,18.45,18.28,18.16,18.07,17.98,17.87,17.81,17.72,17.66,17.66,17.57,17.63,17.87,18.16,18.02,18.04,18.07,18.11,18.15,18.20,18.23,18.27,18.32,18.36,18.35,18.33,18.33,18.35,18.32,18.24,18.05,17.66,17.02,16.19,15.17,14.16,13.98,13.93,13.92,13.91,13.83,13.78,13.73,13.70,13.69,13.63,13.56,13.44,13.21,12.84,12.60,12.18,11.03,8.20,4.37,3.10,2.94,2.94,2.94,2.92,2.93,2.93,2.89,2.89,2.89,2.89,2.89,2.90,2.89,2.90,2.92,2.91,2.92,2.93,2.94,2.94,2.93,2.94,2.95,2.96,2.94,2.93,2.92,2.92,2.94,2.92,2.92,2.92,2.91,2.92,2.91,2.90,2.91,2.91,2.90,2.90,2.91,2.90,2.90,2.91,2.91,2.92,2.91,2.92,2.92,2.92,2.91,2.92,2.93,2.93,2.92,2.91,2.92,2.92,2.91,2.91,2.93,2.96,3.02,3.14,3.30,3.46
21.79,21.49,20.94,20.43,20.35,20.32,20.29,20.28,20.38,20.60,20.80,20.92,21.63,21.84,21.93,22.03,22.17,22.09,22.13,22.19,22.13,21.65,21.36,21.26,21.32,21.47,21.03,20.73,20.63,20.58,20.66,20.74,20.79,20.79,20.77,20.82,20.85,20.86,21.02,20.62,19.90,18.90,17.67,17.09,16.99,16.92,16.71,16.72,16.67,16.64,16.61,16.58,16.54,16.50,16.46,16.42,16.38,16.34,16.31,16.28,16.24,16.23,16.24,16.24,16.24,16.24,16.24,16.24,16.25,16.26,16.27,16.28,16.30,16.31,16.32,16.33,16.35,16.37,16.38,16.39,16.40,16.41,16.42,16.43,16.55,16.81,17.24,17.91,19.32,20.66,21.41,21.74,21.98,22.10,22.08,22.04,22.00,21.98,21.98,22.00,22.03,22.02,22.01,22.00,22.00,21.95,21.93,21.86,21.64,21.31,20.99,20.76,20.63,20.47,20.35,20.10,19.76,19.54,19.51,19.48,19.46,19.44,19.38,19.28,19.19,19.14,19.05,18.95,18.89,18.83,18.71,18.58,18.49,18.41,18.31,18.17,18.07,17.96,17.85,17.77,17.72,17.67,17.63,17.57,17.42,17.40,17.51,17.70,17.80,17.92,17.99,18.03,18.11,18.16,18.17,18.17,18.19,18.24,18.15,18.12,18.13,18.04,17.73,17.37,16.94,16.40,15.59,15.02,14.56,14.18,14.04,14.02,14.03,14.02,13.93,13.86,13.81,13.77,13.74,13.65,13.51,13.22,12.65,11.49,10.17,7.95,6.26,4.16,3.26,2.99,2.95,2.94,3.02,2.98,2.98,3.00,2.91,2.90,2.91,2.92,2.91,2.95,2.92,2.92,2.96,2.95,2.94,2.92,2.92,2.93,2.94,2.94,2.94,2.94,2.94,2.92,2.92,2.92,2.92,2.92,2.92,2.91,2.90,2.91,2.90,2.90,2.90,2.90,2.91,2.91,2.91,2.91,2.91,2.92,2.92,2.92,2.91,2.91,2.91,2.91,2.91,2.91,2.92,2.93,2.93,2.92,2.92,2.92,2.92,2.91,2.92,2.93,2.98,3.11,3.26,3.41
21.38,21.15,20.68,20.31,20.26,20.25,20.22,20.21,20.22,20.41,20.58,20.61,21.12,21.35,21.58,21.82,21.78,21.60,21.54,21.51,21.37,20.95,20.78,20.74,20.77,20.88,20.66,20.50,20.48,20.53,20.68,20.72,20.72,20.76,20.89,20.72,20.54,20.45,20.33,19.64,18.67,17.68,16.95,16.73,16.76,16.78,16.71,16.79,16.67,16.60,16.59,16.56,16.52,16.49,16.45,16.41,16.37,16.34,16.30,16.27,16.23,16.23,16.23,16.24,16.24,16.24,16.24,16.24,16.24,16.25,16.26,16.27,16.29,16.30,16.31,16.32,16.34,16.35,16.37,16.38,16.39,16.41,16.42,16.43,16.55,16.82,17.26,18.35,19.68,20.67,21.07,21.74,21.98,22.10,22.07,22.01,21.98,21.96,21.96,22.00,22.01,22.00,22.02,22.09,22.19,22.09,21.96,21.77,21.45,20.81,20.28,19.95,19.85,19.82,19.79,19.66,19.47,19.47,19.48,19.44,19.39,19.37,19.30,19.20,19.12,19.05,18.96,18.86,18.80,18.73,18.62,18.50,18.40,18.30,18.19,18.08,17.97,17.86,17.76,17.71,17.62,17.58,17.55,17.48,17.35,17.28,17.25,17.29,17.41,17.50,17.63,17.77,17.81,17.76,17.71,17.71,17.77,17.78,17.63,17.51,17.40,17.09,16.63,16.22,15.83,15.40,14.85,14.50,14.31,14.23,14.13,14.11,14.10,14.08,14.00,13.93,13.86,13.80,13.74,13.68,13.24,12.44,11.10,8.74,8.59,6.37,3.97,2.92,3.00,3.04,3.01,2.95,2.99,2.97,3.02,3.07,3.00,2.97,2.96,2.95,2.91,2.94,2.93,2.94,2.96,2.95,2.94,2.92,2.91,2.95,2.96,2.94,2.93,2.93,2.93,2.92,2.92,2.92,2.91,2.92,2.93,2.93,2.93,2.93,2.93,2.93,2.92,2.91,2.92,2.92,2.92,2.91,2.93,2.94,2.94,2.94,2.92,2.91,2.92,2.92,2.91,2.91,2.92,2.93,2.93,2.92,2.92,2.92,2.92,2.91,2.92,2.93,2.95,3.04,3.19,3.34
20.97,20.83,20.43,20.21,20.19,20.18,20.16,20.15,20.12,20.26,20.41,20.42,20.54,20.75,21.16,21.56,21.23,20.90,20.73,20.61,20.42,20.26,20.24,20.28,20.32,20.31,20.50,20.58,20.57,20.65,20.87,20.92,20.89,20.87,20.97,20.39,19.94,19.69,19.08,18.11,17.14,16.54,16.72,16.77,16.62,16.62,16.90,16.90,16.68,16.57,16.56,16.55,16.51,16.47,16.44,16.41,16.37,16.33,16.29,16.26,16.23,16.23,16.23,16.23,16.23,16.23,16.24,16.24,16.24,16.24,16.25,16.26,16.27,16.29,16.30,16.31,16.33,16.34,16.36,16.37,16.38,16.39,16.41,16.42,16.62,17.02,17.54,18.86,20.02,20.61,20.62,21.74,21.98,22.11,22.08,22.00,21.98,21.96,21.96,22.01,21.97,21.94,22.00,22.17,22.44,22.27,21.97,21.62,21.25,20.26,19.52,19.18,19.25,19.31,19.34,19.37,19.41,19.50,19.56,19.50,19.39,19.29,19.19,19.12,19.04,18.95,18.87,18.78,18.71,18.63,18.53,18.43,18.31,18.20,18.10,18.00,17.87,17.76,17.69,17.66,17.51,17.46,17.45,17.39,17.33,17.21,17.07,16.93,16.93,16.91,17.12,17.39,17.35,17.14,17.02,17.04,17.17,17.09,16.90,16.67,16.36,15.79,15.26,14.94,14.76,14.59,14.53,14.38,14.29,14.30,14.23,14.20,14.16,14.11,14.05,14.00,13.90,13.80,13.71,13.66,12.77,11.23,8.93,5.30,3.58,3.00,2.98,2.92,3.12,3.17,3.10,2.97,2.90,2.94,3.04,3.14,3.13,3.06,3.03,2.98,2.89,2.90,2.92,2.94,2.95,2.93,2.93,2.92,2.95,3.05,2.99,2.94,2.92,2.91,2.91,2.92,2.93,2.93,2.90,2.92,2.94,2.98,3.03,3.09,3.13,3.08,2.96,2.93,2.92,2.94,2.96,2.98,2.98,2.99,3.00,3.02,3.03,2.99,2.96,2.94,2.90,2.92,2.94,2.93,2.92,2.92,2.92,2.92,2.91,2.92,2.93,2.94,2.93,2.95,3.10,3.25
20.54,20.54,20.40,20.19,20.17,20.15,20.11,20.07,20.05,20.18,20.31,20.31,20.25,20.30,20.49,20.71,20.54,20.40,20.33,20.30,20.23,20.22,20.28,20.39,20.55,20.68,20.83,20.86,20.79,20.73,20.75,20.62,20.33,19.92,19.49,18.89,18.42,18.13,17.72,17.36,16.92,16.57,16.55,16.63,16.63,16.63,16.67,16.66,16.57,16.52,16.52,16.52,16.50,16.46,16.43,16.39,16.36,16.32,16.28,16.24,16.23,16.23,16.23,16.23,16.23,16.23,16.23,16.23,16.23,16.23,16.24,16.25,16.26,16.28,16.29,16.30,16.31,16.33,16.34,16.35,16.36,16.38,16.40,16.40,16.75,17.31,17.86,19.32,20.41,20.75,20.25,19.59,20.88,21.88,22.21,21.94,21.93,21.94,21.97,22.02,21.82,21.46,20.65,19.63,19.70,19.78,19.80,19.78,19.78,19.49,19.32,19.49,20.02,19.99,19.85,19.73,19.65,19.62,19.58,19.47,19.34,19.22,19.01,18.84,18.81,18.87,18.75,18.76,18.67,18.52,18.45,18.34,18.22,18.10,18.00,17.90,17.83,17.76,17.73,17.74,17.62,17.53,17.44,17.31,17.25,17.18,17.07,16.92,16.84,16.75,16.77,16.83,16.83,16.60,16.46,16.38,16.31,16.12,15.97,15.79,15.56,15.27,15.01,14.85,14.71,14.53,14.51,14.45,14.39,14.38,14.38,14.29,14.21,14.14,14.06,13.96,13.88,13.72,13.35,12.03,10.05,7.57,5.34,3.80,3.19,2.99,2.97,2.93,3.09,3.15,3.08,2.93,2.92,3.02,3.09,3.10,3.06,3.01,2.97,2.93,2.89,2.90,2.92,2.93,2.94,2.95,2.92,2.94,3.57,6.61,3.47,2.95,2.93,2.94,2.94,2.94,2.96,2.97,2.90,2.94,3.02,3.46,5.38,8.43,9.48,9.74,3.01,2.98,2.97,3.08,3.63,4.89,3.49,3.24,3.90,5.45,7.17,5.91,5.09,3.03,2.97,2.95,2.94,2.94,2.92,2.91,2.92,2.92,2.91,2.93,2.93,2.93,2.93,2.94,3.03,3.16
20.11,20.21,20.26,20.11,20.07,20.03,19.98,19.95,19.94,20.03,20.12,20.13,20.03,20.02,20.08,20.17,20.13,20.12,20.11,20.08,20.03,20.16,20.29,20.44,20.64,20.92,20.86,20.72,20.53,20.31,19.90,19.57,19.23,18.79,18.22,17.76,17.44,17.21,16.93,16.91,16.81,16.64,16.47,16.51,16.57,16.59,16.56,16.55,16.54,16.52,16.48,16.49,16.47,16.45,16.41,16.38,16.34,16.30,16.27,16.23,16.23,16.23,16.23,16.23,16.23,16.23,16.23,16.23,16.23,16.23,16.23,16.24,16.25,16.26,16.28,16.29,16.30,16.32,16.33,16.34,16.35,16.37,16.38,16.50,16.95,17.54,17.92,19.02,19.79,19.88,19.18,17.94,19.24,20.29,20.69,20.43,20.45,20.51,20.59,20.67,20.52,20.18,19.31,18.18,18.39,18.88,19.20,19.36,19.48,19.52,19.61,19.90,20.39,20.32,20.11,19.93,19.80,19.68,19.43,19.19,19.02,18.96,18.78,18.64,18.66,18.81,18.68,18.72,18.63,18.46,18.40,18.25,18.12,18.00,17.90,17.82,17.78,17.77,17.79,17.82,17.72,17.59,17.43,17.26,17.16,17.12,17.04,16.90,16.81,16.68,16.57,16.49,16.47,16.25,16.10,15.94,15.75,15.53,15.40,15.24,15.07,14.96,14.87,14.80,14.71,14.56,14.55,14.55,14.51,14.43,14.45,14.33,14.23,14.15,14.06,13.98,13.93,13.86,13.50,11.08,7.83,5.12,2.94,2.98,2.96,2.96,2.95,2.92,3.04,3.09,3.03,2.91,2.94,3.07,3.10,3.04,2.99,2.97,2.93,2.90,2.89,2.91,2.92,2.93,2.96,3.11,3.97,5.01,6.55,8.95,5.01,3.42,2.98,2.95,2.94,2.95,2.99,3.05,3.16,3.98,4.99,6.54,8.88,11.54,11.80,11.05,4.19,3.43,3.79,4.39,5.49,7.45,6.53,8.54,7.99,9.50,10.18,7.29,5.68,3.08,3.00,2.96,2.95,2.94,2.92,2.91,2.91,2.92,2.92,2.93,2.92,2.92,2.93,2.94,2.98,3.08
19.69,19.84,19.98,19.97,19.87,19.79,19.75,19.77,19.77,19.77,19.80,19.87,19.91,19.95,19.98,20.01,20.07,20.14,20.11,19.98,19.83,20.07,20.27,20.41,20.56,21.02,20.52,20.03,19.67,19.25,18.14,17.59,17.42,17.42,17.20,17.11,17.11,17.11,16.85,16.82,16.81,16.73,16.50,16.44,16.44,16.50,16.58,16.61,16.62,16.55,16.45,16.45,16.44,16.43,16.41,16.37,16.33,16.29,16.25,16.22,16.22,16.23,16.23,16.23,16.23,16.23,16.23,16.23,16.23,16.23,16.23,16.23,16.24,16.25,16.27,16.28,16.29,16.30,16.32,16.33,16.34,16.35,16.37,16.73,17.27,17.69,17.67,17.76,17.90,17.74,17.21,16.91,16.92,16.98,17.07,17.10,17.15,17.28,17.45,17.61,17.77,17.91,17.98,18.13,18.91,20.01,20.59,20.72,20.69,20.58,20.53,20.44,20.27,20.19,20.06,19.94,19.83,19.66,19.08,18.61,18.38,18.46,18.51,18.54,18.63,18.77,18.65,18.66,18.58,18.44,18.37,18.19,18.02,17.89,17.82,17.75,17.72,17.78,17.89,17.91,17.78,17.62,17.44,17.27,17.07,17.00,16.95,16.89,16.86,16.73,16.57,16.43,16.34,16.13,15.96,15.78,15.58,15.45,15.29,15.12,14.97,14.90,14.87,14.83,14.78,14.70,14.68,14.71,14.64,14.46,14.40,14.31,14.22,14.14,14.07,14.05,14.08,14.28,14.32,10.98,6.26,3.72,2.94,2.96,2.93,2.91,2.90,2.90,2.96,2.98,2.96,2.91,2.94,3.10,3.09,2.96,2.93,2.93,2.91,2.90,2.89,2.94,2.94,2.93,3.01,3.55,6.76,10.38,13.25,14.15,8.27,4.49,3.10,2.94,2.93,2.96,3.01,3.19,3.84,6.65,10.03,13.65,16.82,18.59,17.08,12.96,7.74,4.36,6.61,7.62,9.38,11.37,13.73,15.59,17.27,18.71,17.04,10.42,7.01,3.08,2.99,2.95,2.94,2.93,2.92,2.91,2.91,2.92,2.93,2.92,2.91,2.92,2.93,2.94,2.95,3.02
19.46,19.58,19.70,19.65,19.67,19.69,19.69,19.63,19.69,19.71,19.74,19.85,19.90,19.98,19.92,19.74,19.60,19.59,19.68,19.68,19.42,19.35,19.57,19.53,19.14,19.43,19.08,18.72,18.45,18.22,17.51,17.15,17.06,17.12,16.98,17.01,17.05,17.01,16.80,16.77,16.76,16.73,16.60,16.44,16.40,16.41,16.46,16.53,16.55,16.49,16.40,16.41,16.41,16.40,16.39,16.36,16.32,16.28,16.24,16.22,16.22,16.22,16.22,16.22,16.22,16.23,16.23,16.23,16.23,16.23,16.23,16.23,16.23,16.24,16.25,16.26,16.28,16.29,16.31,16.32,16.33,16.35,16.43,16.98,17.52,17.83,17.70,17.58,17.48,17.28,16.97,16.80,16.69,16.64,16.65,16.61,16.64,16.62,16.39,15.88,15.73,15.62,15.58,16.05,18.60,20.31,20.98,20.99,20.96,20.71,20.59,20.47,20.29,20.20,19.97,19.46,18.83,18.59,18.42,18.35,18.42,18.62,18.62,18.66,18.70,18.71,18.64,18.59,18.50,18.38,18.21,17.93,17.86,17.87,17.85,17.78,17.73,17.79,17.92,17.93,17.78,17.60,17.37,17.08,17.02,16.97,16.91,16.83,16.78,16.67,16.56,16.47,16.41,16.19,16.02,15.86,15.69,15.55,15.40,15.25,15.12,15.03,14.96,14.93,14.90,14.81,14.68,14.66,14.61,14.50,14.42,14.38,14.32,13.74,11.89,12.40,13.48,14.40,14.56,13.37,8.59,5.79,2.93,2.92,2.91,2.91,2.92,2.92,2.91,2.94,2.94,2.92,2.92,3.02,3.06,3.02,2.97,2.93,2.90,2.90,2.91,3.07,5.52,7.27,9.86,9.39,11.48,13.62,15.37,16.35,11.18,7.43,4.02,3.08,3.14,6.80,8.59,11.00,11.07,13.34,15.00,16.75,19.07,19.85,18.83,15.64,12.06,15.27,11.89,11.81,13.58,16.21,17.39,18.70,19.84,20.33,18.56,12.08,8.75,3.06,2.97,2.94,2.93,2.93,2.92,2.92,2.91,2.91,2.92,2.92,2.91,2.96,3.00,2.93,2.94,3.08
19.29,19.38,19.48,19.40,19.53,19.66,19.68,19.53,19.63,19.70,19.78,19.88,19.94,19.95,19.79,19.43,18.99,18.86,19.07,19.26,19.00,18.55,18.71,18.54,17.83,17.96,17.82,17.62,17.45,17.42,17.17,17.01,16.96,17.01,16.91,16.99,17.02,16.91,16.74,16.72,16.71,16.70,16.68,16.47,16.38,16.35,16.35,16.43,16.46,16.42,16.36,16.37,16.37,16.37,16.36,16.34,16.30,16.27,16.24,16.22,16.22,16.22,16.22,16.22,16.22,16.23,16.23,16.23,16.23,16.23,16.23,16.23,16.23,16.23,16.24,16.25,16.26,16.28,16.29,16.30,16.31,16.36,16.55,17.25,17.76,17.95,17.80,17.60,17.38,17.17,17.01,16.81,16.73,16.68,16.63,16.47,16.43,16.25,15.72,14.75,14.32,13.96,13.73,14.36,18.50,20.50,21.13,21.03,21.00,20.69,20.53,20.42,20.24,19.74,19.40,18.68,17.82,17.69,17.97,18.29,18.54,18.64,18.63,18.73,18.75,18.66,18.55,18.45,18.38,18.29,18.12,17.79,17.77,17.85,17.88,17.82,17.75,17.78,17.87,17.86,17.73,17.56,17.30,16.94,16.97,16.95,16.88,16.78,16.69,16.60,16.54,16.49,16.46,16.24,16.08,15.94,15.80,15.66,15.53,15.39,15.26,15.13,15.02,14.99,14.96,14.86,14.69,14.62,14.59,14.55,14.47,14.41,14.15,12.89,9.38,10.38,12.43,14.15,14.70,15.46,11.34,8.46,3.33,2.92,2.90,2.92,2.94,2.93,2.89,2.91,2.93,2.92,2.91,2.94,3.01,3.06,2.99,2.93,2.95,3.21,3.81,4.37,7.07,8.32,11.66,15.09,16.36,17.05,17.55,17.98,14.54,8.61,5.04,4.06,4.45,8.19,9.88,13.51,17.72,19.35,19.45,19.33,19.95,19.96,19.70,18.17,16.06,16.47,15.95,16.28,17.79,20.48,20.59,20.74,20.79,20.53,19.24,13.59,9.88,3.06,2.96,2.93,2.94,2.95,2.94,2.93,2.91,2.91,2.99,3.29,3.46,3.71,3.93,3.93,3.92,4.04
19.22,19.28,19.40,19.46,19.61,19.71,19.70,19.50,19.55,19.78,19.96,19.95,20.02,19.73,19.44,19.09,18.21,17.94,18.20,18.60,18.69,17.89,17.75,17.73,17.60,17.74,17.68,17.50,17.30,17.28,17.09,16.93,16.86,16.91,16.81,16.91,16.93,16.81,16.70,16.68,16.67,16.65,16.64,16.55,16.43,16.34,16.33,16.33,16.37,16.36,16.32,16.32,16.32,16.33,16.33,16.32,16.29,16.25,16.23,16.22,16.22,16.22,16.22,16.22,16.22,16.22,16.22,16.22,16.22,16.22,16.23,16.23,16.23,16.23,16.23,16.24,16.25,16.27,16.28,16.29,16.30,16.40,16.86,17.58,17.98,18.05,17.91,17.69,17.44,17.19,16.97,16.66,16.47,16.25,16.03,15.83,15.64,15.40,15.08,14.67,14.42,14.17,14.09,14.97,19.42,20.83,21.13,20.96,20.88,20.73,20.59,20.39,19.88,17.81,17.38,17.31,17.37,17.81,18.33,18.63,18.51,17.89,18.12,18.49,18.69,18.58,18.18,18.13,18.14,18.18,18.28,18.14,17.92,17.80,17.86,17.86,17.78,17.68,17.59,17.57,17.59,17.47,17.27,17.04,16.91,16.89,16.87,16.77,16.66,16.57,16.49,16.41,16.32,16.17,16.03,15.90,15.79,15.69,15.57,15.43,15.25,15.04,14.92,14.86,14.82,14.78,14.75,14.70,14.65,14.60,14.56,14.28,13.17,10.87,7.03,8.18,10.45,12.92,14.82,15.34,13.25,9.94,6.05,3.03,2.90,2.93,2.94,2.90,2.90,2.91,2.93,2.92,2.89,2.92,2.94,2.95,2.92,2.92,3.44,4.87,8.47,10.74,11.20,12.50,15.28,18.65,19.17,19.31,19.41,19.48,17.82,11.91,7.91,8.63,10.42,12.10,15.02,18.40,19.41,19.72,19.69,19.64,19.82,19.83,19.85,19.55,19.09,19.24,19.17,19.31,19.74,20.46,20.48,20.51,20.57,20.62,20.32,15.42,9.30,3.19,2.95,2.94,2.98,3.01,3.00,2.99,2.96,2.97,3.39,5.19,6.37,7.48,8.51,9.30,9.17,8.81
19.24,19.19,19.14,19.16,19.21,19.19,19.13,19.14,19.10,19.07,19.02,18.96,18.99,18.75,18.56,18.36,17.72,17.51,17.63,17.99,18.40,17.58,17.33,17.34,17.44,17.54,17.52,17.39,17.21,17.14,17.01,16.85,16.75,16.78,16.75,16.85,16.85,16.72,16.64,16.63,16.62,16.61,16.60,16.56,16.46,16.36,16.31,16.29,16.31,16.31,16.29,16.28,16.28,16.29,16.29,16.29,16.27,16.24,16.22,16.22,16.22,16.22,16.22,16.22,16.22,16.22,16.22,16.22,16.22,16.22,16.22,16.23,16.23,16.23,16.23,16.23,16.24,16.25,16.27,16.28,16.33,16.54,17.17,17.82,18.10,18.06,17.89,17.70,17.46,17.22,16.97,16.64,16.42,16.13,15.83,15.60,15.37,16.37,17.40,17.28,17.22,17.15,17.20,17.82,20.41,21.07,21.13,20.97,20.85,20.12,19.03,18.26,18.01,16.63,16.79,17.32,17.88,18.36,18.61,18.39,17.83,17.15,17.49,17.98,18.35,18.44,18.16,18.14,18.16,18.22,18.33,18.31,18.04,17.81,17.79,17.85,17.81,17.68,17.53,17.46,17.46,17.37,17.23,17.08,16.90,16.83,16.80,16.74,16.67,16.61,16.51,16.38,16.26,16.13,16.01,15.89,15.78,15.67,15.54,15.40,15.24,15.07,14.97,14.89,14.83,14.82,14.76,14.52,14.17,13.76,13.28,12.75,11.31,9.28,6.24,7.42,9.73,11.85,14.55,15.25,14.46,11.51,7.60,4.02,3.16,2.92,2.92,2.89,2.89,2.90,2.91,2.91,2.92,2.94,2.95,3.13,3.73,5.02,8.11,8.92,11.85,13.95,15.36,16.65,18.13,20.06,20.20,20.14,20.09,20.07,18.71,14.13,10.91,11.13,12.60,14.97,17.80,20.06,20.01,19.91,19.82,19.78,19.79,19.81,19.92,20.01,20.06,20.06,20.15,20.19,20.23,20.31,20.30,20.32,20.42,20.60,20.74,17.15,10.62,4.44,3.93,4.17,4.45,4.58,4.47,4.56,5.67,6.45,6.59,6.72,7.47,8.00,8.44,9.14,8.76,8.36
19.24,19.04,18.77,18.64,18.57,18.39,18.29,18.58,18.45,17.99,17.59,17.50,17.47,17.46,17.47,17.48,17.40,17.32,17.24,17.43,18.11,17.43,17.18,17.19,17.32,17.33,17.34,17.27,17.14,17.01,16.94,16.78,16.64,16.64,16.71,16.81,16.77,16.62,16.59,16.58,16.57,16.56,16.56,16.54,16.48,16.40,16.31,16.28,16.26,16.25,16.25,16.24,16.25,16.25,16.25,16.25,16.25,16.23,16.21,16.21,16.22,16.22,16.22,16.22,16.22,16.22,16.22,16.22,16.22,16.22,16.22,16.22,16.22,16.22,16.22,16.22,16.23,16.24,16.26,16.27,16.39,16.73,17.47,17.99,18.14,18.03,17.80,17.67,17.47,17.24,17.00,16.68,16.48,16.18,15.85,15.59,15.39,18.12,20.91,21.02,21.17,21.31,21.45,21.56,21.36,21.24,21.14,20.97,20.63,19.04,16.69,15.26,15.60,16.02,17.02,18.05,18.84,19.03,18.76,17.87,16.91,16.47,16.84,17.36,17.88,18.29,18.33,18.30,18.30,18.32,18.32,18.38,18.14,17.85,17.70,17.80,17.82,17.74,17.58,17.45,17.36,17.28,17.19,17.09,16.91,16.77,16.70,16.70,16.70,16.67,16.54,16.37,16.23,16.12,16.00,15.89,15.76,15.64,15.48,15.35,15.25,15.16,15.10,15.00,14.92,14.91,14.68,14.11,13.34,12.40,11.27,10.60,9.16,7.66,4.58,4.51,9.62,10.95,14.00,15.16,15.25,13.32,9.60,5.52,3.58,2.91,2.89,2.89,2.87,2.88,2.89,2.90,2.98,2.98,3.13,3.76,5.39,8.29,11.74,14.74,16.68,18.56,19.94,20.52,20.43,20.36,20.31,20.22,20.17,20.20,18.45,15.86,14.41,14.91,15.87,17.80,19.29,20.03,20.05,20.00,19.90,19.82,19.80,19.84,19.93,19.97,19.94,19.85,19.96,19.96,19.95,20.10,20.08,20.16,20.32,20.52,20.81,18.78,12.88,6.20,5.58,6.14,6.71,6.95,6.68,6.91,9.49,11.27,11.05,8.88,9.01,8.70,8.33,8.87,8.16,7.71
18.49,18.25,18.05,17.85,17.82,17.77,17.70,17.72,17.70,17.53,17.36,17.30,17.27,17.28,17.31,17.34,17.26,17.18,17.11,17.15,17.44,17.25,17.05,17.00,17.11,17.12,17.13,17.11,17.03,16.87,16.80,16.65,16.53,16.56,16.64,16.74,16.71,16.56,16.54,16.54,16.53,16.51,16.51,16.50,16.47,16.40,16.31,16.28,16.25,16.24,16.23,16.22,16.22,16.22,16.22,16.22,16.23,16.22,16.21,16.21,16.21,16.21,16.21,16.21,16.22,16.22,16.22,16.22,16.22,16.22,16.22,16.22,16.22,16.22,16.22,16.22,16.22,16.23,16.24,16.25,16.49,17.01,17.64,17.75,17.88,17.90,17.59,17.66,17.50,17.27,17.07,16.73,16.54,16.29,16.03,15.79,15.65,17.27,19.50,21.07,21.52,21.59,21.56,21.52,21.39,21.26,21.15,20.18,17.11,16.15,15.37,15.48,16.74,17.89,18.50,18.82,18.80,18.17,17.85,17.69,17.35,16.60,16.86,17.17,17.72,18.41,18.44,18.38,18.29,18.21,18.17,18.15,17.94,17.72,17.62,17.72,17.74,17.69,17.60,17.51,17.42,17.31,17.19,17.06,16.90,16.80,16.71,16.62,16.55,16.53,16.46,16.37,16.26,16.15,16.06,15.96,15.83,15.71,15.58,15.47,15.37,15.29,15.14,15.01,14.91,14.78,13.44,12.34,11.27,10.13,8.86,8.16,6.86,5.34,4.54,4.50,5.88,8.66,12.44,14.94,15.21,14.19,11.98,7.90,4.68,2.91,2.89,2.90,2.88,2.88,2.89,2.93,2.94,3.03,5.14,10.69,11.88,12.74,14.13,15.72,17.27,19.39,20.29,20.52,20.43,20.48,20.49,20.43,20.34,20.28,19.61,18.62,18.04,18.17,18.52,19.21,19.74,20.02,20.03,19.96,19.90,19.86,19.83,19.76,19.74,19.69,19.59,19.49,19.66,19.76,19.78,19.75,19.76,19.99,20.25,20.44,20.80,20.03,16.15,11.12,9.69,9.64,9.75,9.66,9.19,9.05,9.64,9.94,9.57,8.52,8.42,8.22,8.03,8.13,7.81,7.59
17.80,17.65,17.50,17.33,17.31,17.31,17.28,17.17,17.20,17.19,17.14,17.09,17.06,17.11,17.17,17.21,17.12,17.04,16.97,16.93,16.97,17.08,16.92,16.82,16.90,16.91,16.92,16.92,16.88,16.72,16.66,16.54,16.45,16.48,16.57,16.67,16.64,16.51,16.50,16.49,16.48,16.47,16.46,16.45,16.44,16.40,16.32,16.27,16.25,16.22,16.21,16.21,16.22,16.22,16.22,16.22,16.22,16.22,16.21,16.21,16.21,16.21,16.21,16.21,16.22,16.22,16.22,16.22,16.22,16.22,16.22,16.22,16.22,16.22,16.22,16.22,16.22,16.22,16.23,16.30,16.65,17.27,17.87,17.79,17.82,17.84,17.53,17.57,17.40,17.16,16.94,16.58,16.40,16.13,16.18,17.33,17.33,18.19,19.68,21.33,21.73,21.74,21.64,21.52,21.41,21.27,21.08,19.95,16.64,15.61,15.77,16.68,17.94,18.94,18.91,18.67,18.32,17.58,17.39,17.82,17.94,16.95,16.93,17.02,17.56,18.40,18.44,18.41,18.32,18.22,18.16,18.06,17.81,17.59,17.56,17.64,17.67,17.64,17.58,17.52,17.42,17.28,17.13,16.98,16.88,16.85,16.75,16.55,16.43,16.39,16.35,16.31,16.25,16.15,16.07,15.98,15.86,15.75,15.62,15.50,15.40,15.30,15.14,15.04,14.76,14.00,12.00,10.50,9.15,7.95,7.50,6.20,5.36,4.51,4.51,4.50,5.01,6.99,10.83,14.36,15.20,14.90,13.61,10.33,5.86,4.14,2.88,2.90,2.88,2.88,2.90,2.95,2.93,3.02,5.59,10.14,14.84,15.28,15.90,16.82,18.06,19.91,20.47,20.53,20.46,20.53,20.57,20.53,20.43,20.29,20.19,20.05,19.95,19.93,19.96,20.03,20.06,20.05,20.05,19.98,19.93,19.87,19.80,19.73,19.74,19.68,19.54,19.40,19.34,19.33,19.33,19.29,19.31,19.68,20.08,20.35,20.77,20.68,17.46,12.78,11.25,10.88,10.72,10.50,10.02,9.73,9.35,8.98,8.64,8.30,8.12,7.98,7.85,7.71,7.57,7.36
17.20,17.25,17.16,17.12,17.05,17.04,17.05,16.96,16.99,16.99,16.96,16.87,16.84,16.95,17.05,17.08,16.98,16.91,16.83,16.76,16.70,16.93,16.79,16.65,16.69,16.70,16.71,16.72,16.69,16.57,16.52,16.44,16.39,16.41,16.51,16.61,16.58,16.46,16.45,16.44,16.43,16.42,16.42,16.40,16.39,16.38,16.35,16.27,16.24,16.22,16.20,16.22,16.23,16.23,16.23,16.23,16.23,16.23,16.22,16.21,16.21,16.21,16.21,16.21,16.21,16.21,16.21,16.21,16.21,16.22,16.22,16.22,16.22,16.22,16.22,16.22,16.22,16.22,16.22,16.42,16.86,17.50,18.16,18.15,18.02,17.84,17.64,17.41,17.16,16.89,16.60,16.21,16.03,15.67,16.30,20.39,20.60,21.10,21.66,21.81,21.78,21.76,21.69,21.58,21.43,21.27,20.93,20.38,19.58,17.70,18.11,19.00,19.19,19.08,18.12,17.48,17.33,17.30,17.44,18.29,18.68,17.54,17.07,16.94,17.40,18.25,18.32,18.39,18.41,18.37,18.29,18.13,17.75,17.49,17.51,17.58,17.61,17.59,17.52,17.47,17.35,17.19,17.02,16.86,16.85,16.91,16.80,16.52,16.35,16.26,16.21,16.18,16.17,16.09,16.02,15.94,15.83,15.75,15.60,15.46,15.33,15.18,15.09,15.09,14.46,12.49,10.36,8.60,6.97,5.62,4.79,4.68,4.59,4.50,4.51,4.51,4.56,5.85,9.15,13.39,15.23,15.40,14.38,12.83,8.49,6.77,2.88,2.89,2.88,2.88,2.90,2.94,2.96,2.94,4.29,7.72,13.98,15.67,16.95,18.06,19.09,20.09,20.47,20.56,20.52,20.52,20.54,20.51,20.41,20.23,20.10,19.99,19.95,20.00,20.03,20.21,20.23,20.12,20.10,20.06,19.99,19.86,19.69,19.74,19.93,19.97,19.82,19.61,19.01,18.65,18.58,18.71,18.71,19.22,19.81,20.24,20.73,20.67,16.54,10.79,9.94,9.56,9.39,9.24,8.98,8.78,8.58,8.43,8.33,8.21,8.13,8.00,7.82,7.65,7.47,7.02
16.95,16.99,16.93,16.93,16.85,16.82,16.80,16.75,16.77,16.76,16.72,16.66,16.68,16.80,16.91,16.94,16.85,16.77,16.69,16.61,16.54,16.61,16.52,16.45,16.48,16.49,16.50,16.51,16.50,16.46,16.39,16.33,16.30,16.34,16.44,16.53,16.51,16.41,16.40,16.39,16.38,16.37,16.37,16.35,16.35,16.34,16.32,16.28,16.24,16.22,16.21,16.23,16.23,16.24,16.24,16.24,16.24,16.26,16.25,16.23,16.21,16.21,16.21,16.21,16.21,16.21,16.21,16.21,16.21,16.21,16.21,16.21,16.21,16.21,16.22,16.22,16.23,16.25,16.27,16.65,17.29,18.15,19.34,19.66,19.79,19.79,19.57,19.24,19.03,18.61,17.81,16.36,16.05,15.65,16.44,21.11,21.46,21.69,21.87,21.86,21.83,21.77,21.67,21.50,21.12,20.72,20.30,19.91,19.63,18.81,18.94,18.94,18.25,18.04,17.50,17.20,17.23,17.43,17.88,18.67,19.09,18.49,17.53,16.93,16.99,17.68,18.35,18.47,18.48,18.49,18.55,18.47,18.12,17.69,17.38,17.46,17.52,17.52,17.47,17.40,17.24,17.08,16.95,16.85,16.88,16.87,16.68,16.33,16.15,16.11,16.14,16.16,16.12,16.04,15.96,15.88,15.79,15.68,15.52,15.39,15.31,15.28,15.06,14.24,12.81,10.85,8.79,6.86,5.73,4.81,4.52,4.50,4.51,4.51,4.51,4.51,4.51,5.04,6.80,12.65,14.75,15.75,15.55,15.25,11.13,7.99,5.14,2.88,2.88,2.89,2.90,3.08,5.46,8.17,9.95,11.41,15.80,17.31,18.37,19.17,19.80,20.14,20.29,20.35,20.39,20.45,20.38,20.33,20.25,20.07,20.05,20.02,20.02,20.09,20.21,20.34,20.35,20.24,20.02,19.99,19.95,19.88,19.80,19.83,19.94,19.93,19.79,19.60,19.19,18.84,18.52,18.18,18.26,18.78,19.47,20.13,20.58,19.98,16.60,11.94,9.74,9.41,9.23,9.05,8.80,8.65,8.52,8.42,8.33,8.27,8.52,7.89,6.84,6.21,5.61,5.24
16.75,16.76,16.71,16.73,16.66,16.60,16.56,16.54,16.56,16.54,16.49,16.46,16.54,16.66,16.77,16.80,16.71,16.63,16.55,16.48,16.40,16.34,16.31,16.30,16.31,16.32,16.32,16.33,16.33,16.34,16.28,16.23,16.22,16.27,16.37,16.44,16.43,16.37,16.36,16.35,16.34,16.33,16.32,16.31,16.30,16.29,16.28,16.27,16.24,16.22,16.22,16.23,16.24,16.24,16.24,16.24,16.25,16.29,16.29,16.26,16.22,16.21,16.21,16.21,16.21,16.21,16.21,16.21,16.21,16.21,16.21,16.21,16.21,16.22,16.24,16.25,16.26,16.30,16.38,16.93,17.81,18.96,20.46,21.08,21.53,21.75,21.51,21.12,20.91,20.42,19.38,17.45,17.09,16.73,17.47,21.44,21.82,21.86,21.84,21.84,21.86,21.70,21.46,21.17,20.65,20.15,19.78,19.54,19.41,19.32,19.06,18.37,17.29,17.16,17.10,17.16,17.34,17.65,18.31,18.98,19.36,19.16,18.08,17.05,16.64,17.06,18.10,18.43,18.53,18.58,18.75,18.76,18.46,17.93,17.34,17.36,17.43,17.45,17.41,17.34,17.15,17.01,16.92,16.86,16.90,16.76,16.45,16.06,15.89,15.91,16.02,16.11,16.06,15.98,15.91,15.83,15.72,15.59,15.48,15.39,15.35,15.43,15.02,13.23,10.92,9.16,7.64,5.64,4.51,4.50,4.49,4.51,4.52,4.51,4.51,4.52,4.51,4.50,4.97,11.03,13.81,15.84,16.45,16.92,13.76,9.42,6.05,3.12,2.99,3.31,3.83,4.68,7.32,10.02,13.05,15.73,17.95,18.94,19.58,19.98,20.21,20.11,20.09,20.13,20.22,20.31,20.20,20.14,20.09,19.95,20.02,20.05,20.08,20.15,20.27,20.33,20.34,20.25,19.93,19.92,19.91,19.91,19.91,19.90,19.92,19.87,19.75,19.61,19.38,19.06,18.57,17.85,17.85,18.33,19.12,19.98,20.22,19.13,16.67,13.25,9.72,9.43,9.24,9.02,8.79,8.66,8.61,8.53,8.44,8.49,9.20,8.01,6.03,5.04,4.10,3.82
16.56,16.53,16.51,16.54,16.47,16.38,16.31,16.31,16.34,16.33,16.29,16.25,16.40,16.53,16.62,16.66,16.57,16.49,16.42,16.34,16.26,16.25,16.25,16.25,16.25,16.24,16.24,16.23,16.23,16.22,16.23,16.22,16.20,16.21,16.30,16.35,16.35,16.32,16.31,16.30,16.29,16.28,16.27,16.27,16.25,16.24,16.23,16.22,16.22,16.22,16.22,16.23,16.24,16.24,16.24,16.24,16.28,16.31,16.32,16.30,16.25,16.22,16.21,16.20,16.21,16.21,16.21,16.21,16.21,16.21,16.21,16.21,16.22,16.26,16.30,16.34,16.37,16.40,16.61,17.29,18.49,20.01,21.13,21.88,22.59,23.03,22.88,22.42,22.08,21.72,21.26,20.72,20.53,20.47,20.73,21.56,21.74,21.81,21.83,21.81,21.86,21.41,20.79,20.21,19.87,19.70,19.69,19.71,19.55,18.68,17.88,17.30,17.05,17.07,17.22,17.42,17.67,17.96,18.57,19.14,19.36,19.00,18.74,17.49,16.54,16.44,17.10,18.06,18.51,18.60,18.75,18.81,18.59,18.14,17.57,17.30,17.33,17.37,17.35,17.27,17.11,17.01,16.94,16.90,16.92,16.49,15.99,15.63,15.57,15.55,15.74,15.98,15.95,15.89,15.84,15.76,15.59,15.48,15.57,15.57,15.48,15.58,14.91,12.10,8.90,7.35,5.46,4.72,4.50,4.49,4.50,4.52,4.52,4.52,4.51,4.52,4.51,4.51,4.71,7.43,11.88,15.34,16.52,16.71,16.36,13.11,8.58,4.25,3.37,6.67,8.17,11.38,13.31,16.59,18.66,19.47,19.98,20.09,20.10,20.07,20.02,19.94,19.92,19.95,20.01,20.03,20.00,19.98,19.97,19.97,20.03,20.04,20.08,20.12,20.01,20.01,20.01,19.99,19.90,19.89,19.90,19.92,19.95,19.91,19.91,19.87,19.80,19.75,19.41,19.07,18.65,18.01,17.47,17.81,18.72,19.72,19.37,18.13,16.41,13.88,9.77,9.47,9.25,9.03,8.86,8.72,8.78,8.77,8.72,9.06,10.50,8.76,5.99,4.09,3.63,3.59
16.42,16.38,16.32,16.34,16.29,16.22,16.18,16.19,16.22,16.21,16.18,16.16,16.28,16.40,16.49,16.51,16.43,16.35,16.29,16.25,16.21,16.22,16.23,16.23,16.23,16.22,16.21,16.21,16.20,16.19,16.22,16.22,16.21,16.20,16.25,16.28,16.29,16.27,16.27,16.25,16.25,16.24,16.24,16.23,16.23,16.22,16.22,16.21,16.21,16.22,16.22,16.23,16.24,16.24,16.24,16.26,16.30,16.34,16.35,16.34,16.29,16.25,16.22,16.21,16.21,16.21,16.21,16.21,16.21,16.23,16.26,16.28,16.30,16.35,16.38,16.42,16.48,16.58,16.88,18.07,19.64,21.13,21.77,22.72,23.57,23.98,23.56,22.78,22.33,22.05,21.81,21.64,21.54,21.56,21.66,21.61,21.71,21.74,21.74,21.69,21.25,20.71,20.21,19.86,19.75,19.61,19.26,18.83,18.58,17.88,17.41,17.48,18.13,18.39,18.23,18.05,18.02,18.32,18.78,19.16,19.25,18.95,18.95,17.92,16.73,15.97,16.23,17.56,18.31,18.49,18.61,18.64,18.51,18.15,17.60,17.25,17.23,17.27,17.28,17.21,17.10,17.01,16.96,16.94,16.94,16.55,16.11,15.80,15.58,15.37,15.60,15.99,15.96,15.86,15.82,15.79,15.75,15.66,15.76,15.75,15.59,15.47,14.72,11.45,8.07,6.77,4.73,4.49,4.50,4.50,4.51,4.53,4.53,4.53,4.52,4.53,4.52,4.51,4.59,6.31,10.60,13.59,16.07,16.87,16.39,14.29,10.73,6.28,7.52,12.65,13.25,15.39,17.27,19.26,20.22,20.34,20.36,20.24,20.06,19.93,19.90,19.87,19.86,19.87,19.91,19.96,19.95,19.91,19.88,19.95,20.02,20.05,20.05,20.03,19.92,19.92,19.92,19.91,19.92,19.89,19.88,19.90,19.95,19.92,19.90,19.87,19.84,19.83,19.59,19.15,18.60,18.07,17.15,17.20,17.82,18.55,18.12,17.03,15.67,13.60,9.82,9.52,9.29,9.07,8.93,8.83,8.90,8.92,8.95,9.54,11.08,10.05,8.12,3.66,3.47,3.48
16.31,16.26,16.16,16.16,16.13,16.11,16.11,16.12,16.15,16.14,16.13,16.13,16.18,16.27,16.35,16.37,16.30,16.22,16.19,16.18,16.19,16.20,16.21,16.22,16.22,16.22,16.21,16.21,16.20,16.21,16.22,16.22,16.22,16.22,16.20,16.23,16.24,16.23,16.22,16.21,16.21,16.21,16.21,16.21,16.21,16.21,16.21,16.22,16.22,16.22,16.22,16.23,16.24,16.24,16.25,16.29,16.32,16.36,16.39,16.39,16.34,16.29,16.25,16.22,16.20,16.20,16.21,16.21,16.22,16.27,16.33,16.38,16.43,16.48,16.49,16.55,16.67,16.87,17.30,19.11,20.98,22.25,22.49,23.56,24.41,24.63,23.86,22.69,22.15,21.91,21.73,21.51,21.46,21.47,21.54,21.63,21.67,21.62,21.55,21.45,20.41,19.92,19.75,19.79,19.86,19.58,18.64,17.59,17.26,17.23,17.47,18.31,19.69,20.14,19.51,18.78,18.38,18.66,18.94,19.09,19.09,18.94,18.95,18.33,17.09,15.65,15.52,16.98,17.96,18.33,18.39,18.35,18.29,18.03,17.51,17.18,17.14,17.17,17.20,17.15,17.09,17.02,16.98,16.98,16.96,16.75,16.50,16.24,15.79,15.42,15.62,16.02,15.96,15.87,15.82,15.87,16.02,15.95,15.99,15.91,15.65,15.21,14.24,10.96,7.71,4.48,4.48,4.49,4.50,4.51,4.52,4.53,4.54,4.54,4.53,4.54,4.53,4.52,4.53,4.52,9.16,11.54,15.37,17.02,15.32,14.39,12.97,9.52,13.23,17.30,19.90,20.40,20.21,20.06,19.95,19.91,20.00,19.95,19.80,19.72,19.82,19.84,19.85,19.85,19.89,20.01,19.99,19.89,19.82,19.91,19.99,20.05,20.02,19.92,19.91,19.93,19.93,19.93,19.95,19.92,19.87,19.86,19.95,19.92,19.90,19.88,19.86,19.89,19.82,19.31,18.65,18.26,16.92,16.56,16.72,17.01,16.70,15.88,14.73,12.94,9.88,9.57,9.34,9.14,9.01,8.96,9.00,9.02,9.14,9.92,11.28,11.44,10.97,3.40,3.40,3.40
16.20,16.18,16.15,16.14,16.12,16.13,16.15,16.15,16.15,16.14,16.14,16.14,16.12,16.17,16.22,16.24,16.19,16.17,16.17,16.17,16.18,16.19,16.20,16.21,16.21,16.21,16.20,16.20,16.20,16.21,16.22,16.22,16.21,16.21,16.21,16.22,16.22,16.22,16.21,16.22,16.22,16.22,16.22,16.22,16.22,16.22,16.22,16.22,16.22,16.23,16.23,16.23,16.24,16.25,16.27,16.31,16.35,16.39,16.42,16.43,16.38,16.34,16.30,16.26,16.22,16.25,16.28,16.31,16.34,16.40,16.45,16.50,16.55,16.61,16.91,17.27,17.63,17.98,18.89,20.64,22.09,22.98,24.09,24.28,24.23,23.96,23.39,22.31,21.82,21.57,21.36,21.35,21.37,21.42,21.49,21.56,21.44,21.13,20.74,20.39,20.07,20.03,20.04,19.94,19.53,18.60,17.88,17.46,17.27,18.59,19.52,20.01,20.06,19.88,19.43,18.99,18.69,18.72,18.77,18.87,18.94,18.90,18.92,18.64,17.68,16.23,15.69,16.09,17.09,18.07,18.12,17.96,17.76,17.49,17.15,17.07,17.10,17.12,17.11,17.08,17.06,17.05,17.04,17.01,17.01,16.95,16.88,16.77,16.37,17.09,16.59,15.48,15.37,15.80,15.97,16.01,16.07,16.04,16.02,15.76,15.25,14.69,11.23,9.37,5.25,4.47,4.48,4.48,4.49,4.50,4.52,4.53,4.54,4.54,4.53,4.54,4.53,4.52,4.52,4.53,5.71,9.49,14.43,15.39,14.83,14.93,15.55,16.28,17.61,18.92,19.72,19.84,19.71,19.64,19.59,19.58,19.69,19.73,19.72,19.71,19.75,19.73,19.87,20.01,20.11,20.24,20.18,20.01,19.87,19.93,19.99,20.02,20.00,19.93,19.92,19.95,19.96,19.95,19.99,19.95,19.85,19.82,19.94,19.93,19.91,19.88,19.87,19.91,19.94,20.07,20.24,20.30,17.14,16.13,15.97,15.78,15.22,14.64,13.81,12.47,10.15,9.72,9.43,9.22,9.10,9.06,9.10,9.11,9.16,9.69,11.09,11.61,11.52,3.36,3.29,3.26
16.14,16.14,16.14,16.13,16.12,16.13,16.15,16.15,16.14,16.14,16.15,16.14,16.10,16.12,16.15,16.15,16.13,16.14,16.15,16.15,16.16,16.18,16.19,16.19,16.20,16.20,16.20,16.20,16.20,16.21,16.22,16.21,16.21,16.21,16.21,16.21,16.21,16.21,16.21,16.22,16.22,16.22,16.22,16.22,16.22,16.22,16.22,16.22,16.23,16.23,16.23,16.23,16.23,16.26,16.30,16.34,16.37,16.41,16.45,16.47,16.43,16.39,16.34,16.30,16.27,16.32,16.40,16.47,16.51,16.54,16.54,16.59,16.74,17.08,17.55,18.11,18.66,19.17,20.30,21.79,23.00,23.84,24.82,24.37,23.75,23.21,22.80,21.88,21.48,21.28,21.12,21.23,21.29,21.33,21.28,21.11,20.92,20.60,20.26,20.03,20.04,19.78,19.57,19.45,19.01,18.22,17.74,17.69,18.05,19.66,20.52,20.61,20.04,19.54,19.13,18.82,18.62,18.57,18.53,18.62,18.73,18.75,18.73,18.61,17.87,16.57,15.82,15.60,16.37,17.44,17.64,17.44,17.09,16.91,17.04,17.01,17.05,17.05,17.03,17.03,17.03,17.04,17.04,17.02,17.03,17.04,17.06,17.06,16.84,17.81,17.29,15.90,15.43,15.86,16.04,16.08,16.09,16.12,15.93,15.48,14.55,12.66,9.58,7.87,4.51,4.48,4.48,4.48,4.48,4.49,4.51,4.52,4.53,4.54,4.53,4.54,4.53,4.52,4.53,4.65,5.64,9.14,14.01,15.64,15.69,16.01,17.16,19.43,19.56,19.50,19.43,19.41,19.38,19.38,19.38,19.42,19.56,19.69,19.70,19.68,19.70,19.66,19.86,20.08,20.25,20.36,20.31,20.11,19.92,19.94,19.98,20.00,19.98,19.95,19.93,19.97,19.98,19.98,19.99,19.96,19.88,19.86,19.96,19.93,19.91,19.88,19.88,19.94,20.00,20.39,20.90,21.10,17.09,15.73,15.35,14.90,14.21,13.63,12.92,11.90,10.35,9.87,9.56,9.35,9.21,9.16,9.18,9.17,9.17,9.48,10.94,11.69,11.82,3.28,3.21,3.19
16.12,16.14,16.15,16.12,16.12,16.13,16.13,16.14,16.13,16.14,16.14,16.14,16.11,16.13,16.13,16.11,16.11,16.12,16.13,16.14,16.15,16.17,16.18,16.18,16.19,16.20,16.20,16.20,16.21,16.21,16.21,16.21,16.20,16.20,16.20,16.21,16.21,16.22,16.22,16.22,16.22,16.22,16.22,16.22,16.22,16.22,16.23,16.23,16.23,16.23,16.22,16.22,16.23,16.27,16.32,16.36,16.40,16.44,16.48,16.50,16.47,16.43,16.39,16.35,16.33,16.41,16.57,16.69,16.72,16.71,16.60,16.63,16.98,17.89,18.41,19.06,19.76,20.45,21.52,22.54,23.73,24.82,24.69,23.82,22.99,22.39,22.08,21.40,21.11,21.03,21.03,21.16,21.23,21.19,20.91,20.26,20.10,20.05,20.13,20.36,20.33,19.16,18.35,18.31,18.31,18.46,18.23,18.27,19.61,20.43,20.47,20.11,19.62,19.10,18.61,18.28,18.16,18.20,18.23,18.34,18.46,18.48,18.41,18.25,17.67,16.68,15.91,15.52,15.79,16.44,16.95,16.80,16.29,16.31,17.19,17.01,16.97,16.97,16.97,16.98,17.00,17.00,16.99,16.99,17.03,17.03,17.05,17.11,17.20,17.59,17.70,17.28,16.13,16.04,16.05,16.08,16.10,16.19,15.73,15.08,13.55,9.13,5.87,4.61,4.51,4.49,4.48,4.48,4.48,4.49,4.50,4.51,4.53,4.54,4.54,4.53,4.53,4.53,4.55,4.89,8.49,10.46,14.12,17.77,17.89,17.63,17.83,18.99,19.07,19.05,19.04,19.11,19.22,19.28,19.32,19.41,19.62,19.82,19.74,19.63,19.68,19.65,19.81,20.07,20.32,20.37,20.37,20.18,19.96,19.95,19.97,19.98,19.98,19.96,19.94,19.98,20.01,20.02,19.95,19.96,19.96,19.98,19.99,19.93,19.89,19.88,19.91,20.00,20.00,20.28,20.63,20.65,16.77,15.36,14.87,14.35,13.64,12.86,12.05,11.24,10.48,10.01,9.74,9.54,9.32,9.24,9.25,9.22,9.17,9.27,10.82,11.68,11.87,3.17,3.17,3.18
16.14,16.14,16.14,16.14,16.13,16.13,16.13,16.13,16.13,16.13,16.13,16.14,16.11,16.12,16.12,16.11,16.12,16.11,16.12,16.13,16.15,16.16,16.17,16.17,16.19,16.20,16.20,16.21,16.21,16.21,16.21,16.20,16.19,16.19,16.19,16.20,16.21,16.22,16.22,16.22,16.22,16.23,16.23,16.23,16.23,16.23,16.23,16.23,16.23,16.22,16.22,16.21,16.21,16.25,16.31,16.36,16.42,16.46,16.50,16.53,16.52,16.48,16.40,16.36,16.44,16.43,16.63,16.90,17.16,17.44,17.64,17.90,18.32,19.05,19.49,20.20,21.08,22.01,22.85,23.64,24.18,24.36,24.08,23.05,22.17,21.61,21.41,21.09,20.97,20.97,21.01,21.08,20.90,20.69,20.47,20.24,20.26,20.14,19.84,19.34,19.18,18.55,18.16,18.41,19.58,19.12,18.57,18.52,19.51,20.06,19.97,19.58,19.16,18.58,18.25,18.04,17.96,18.08,18.07,18.12,18.18,18.21,18.19,17.87,17.33,16.65,16.16,15.57,15.51,15.87,16.34,16.42,16.28,16.46,17.16,17.07,17.03,17.00,16.97,16.97,16.97,16.94,16.94,17.02,17.07,17.04,17.02,17.07,17.18,17.40,17.31,16.90,16.33,15.97,15.86,15.91,16.03,15.91,15.38,13.90,11.82,6.56,4.99,4.50,4.51,4.52,4.50,4.48,4.48,4.50,4.50,4.51,4.52,4.53,4.53,4.53,4.53,4.84,7.02,13.82,14.59,15.39,17.26,18.67,18.36,18.12,18.24,18.77,18.88,18.91,18.98,19.15,19.37,19.49,19.63,19.77,19.86,19.97,19.90,19.79,19.74,19.68,19.72,19.88,20.12,20.26,20.34,20.24,20.06,19.96,19.97,19.97,19.97,19.96,20.00,20.02,20.03,20.02,20.00,19.99,19.98,19.99,20.02,19.91,19.86,19.88,19.94,19.92,19.93,20.10,20.31,20.36,18.54,16.31,14.70,14.09,13.40,12.66,11.93,11.24,10.62,10.29,9.99,9.70,9.42,9.32,9.30,9.26,9.20,9.25,10.70,11.59,10.62,3.62,3.35,3.46
16.15,16.14,16.13,16.15,16.14,16.13,16.13,16.12,16.12,16.12,16.12,16.13,16.12,16.12,16.12,16.11,16.12,16.11,16.11,16.13,16.15,16.16,16.16,16.16,16.18,16.19,16.20,16.21,16.21,16.21,16.20,16.20,16.19,16.19,16.18,16.20,16.21,16.22,16.22,16.22,16.23,16.23,16.23,16.23,16.23,16.23,16.23,16.23,16.22,16.22,16.23,16.25,16.27,16.28,16.32,16.40,16.46,16.49,16.53,16.56,16.56,16.51,16.42,16.50,16.93,17.14,17.49,17.89,18.29,18.83,19.12,19.48,19.95,20.46,20.81,21.60,22.59,23.51,23.98,24.36,24.26,23.71,23.35,22.34,21.53,21.06,20.96,20.90,20.90,20.92,20.93,20.92,20.63,20.37,20.21,20.09,20.07,19.85,19.30,18.45,18.43,18.57,18.79,19.28,20.83,19.85,19.01,18.79,19.27,19.58,19.43,19.09,18.74,18.23,18.04,17.91,17.86,18.01,17.96,17.94,17.95,17.98,17.99,17.60,17.12,16.71,16.43,15.70,15.35,15.41,15.70,16.14,16.32,16.54,16.94,17.07,17.04,16.97,16.92,16.92,16.90,16.85,16.85,16.96,17.04,17.01,16.98,17.01,17.06,17.07,16.71,16.25,16.16,15.77,15.63,15.67,15.75,15.44,14.66,12.88,10.33,4.79,4.50,4.50,4.52,4.54,4.51,4.49,4.49,4.50,4.49,4.50,4.51,4.53,4.52,4.52,4.53,4.97,7.07,13.14,17.14,19.29,19.65,19.21,18.60,18.42,18.53,18.66,18.77,18.90,19.08,19.31,19.60,19.76,19.94,20.09,20.05,20.07,20.02,19.92,19.80,19.71,19.66,19.73,19.93,20.18,20.30,20.27,20.13,19.99,19.97,19.97,19.96,19.96,20.03,20.04,20.03,20.03,20.05,20.03,20.00,19.99,20.04,19.93,19.88,19.93,20.02,19.89,19.89,19.96,20.05,20.10,19.46,16.83,14.63,13.98,13.28,12.58,11.91,11.30,10.73,10.44,10.12,9.79,9.51,9.40,9.37,9.35,9.37,9.61,10.81,11.58,10.10,4.45,3.73,3.72
16.14,16.14,16.13,16.14,16.14,16.14,16.12,16.11,16.11,16.12,16.12,16.12,16.12,16.12,16.11,16.11,16.13,16.12,16.11,16.12,16.13,16.15,16.15,16.15,16.16,16.17,16.19,16.20,16.21,16.22,16.20,16.20,16.19,16.18,16.18,16.19,16.21,16.22,16.22,16.23,16.23,16.23,16.23,16.23,16.23,16.23,16.22,16.22,16.22,16.23,16.26,16.37,16.47,16.42,16.39,16.51,16.52,16.52,16.55,16.59,16.61,16.50,16.48,16.94,18.27,19.34,20.11,20.60,20.90,21.53,21.34,21.46,21.95,22.35,22.61,23.49,24.42,24.78,24.67,24.18,23.59,22.99,22.44,21.81,21.31,21.01,20.97,20.94,20.91,20.85,20.72,20.62,20.55,20.53,20.36,19.48,18.94,18.54,18.26,18.17,18.89,20.00,20.98,21.58,21.62,20.61,19.70,19.15,19.06,19.11,18.93,18.67,18.42,18.28,18.10,17.97,17.93,17.99,17.91,17.87,17.86,17.86,17.82,17.57,17.26,16.95,16.68,15.98,15.42,15.10,14.97,16.00,16.32,16.32,16.35,16.96,16.92,16.79,16.75,16.77,16.76,16.71,16.69,16.72,16.87,16.92,16.94,16.95,16.84,16.39,15.85,15.41,15.29,15.33,15.35,15.28,15.04,14.65,13.15,12.09,5.36,4.59,4.50,4.50,4.52,4.53,4.50,4.51,4.51,4.49,4.50,4.50,4.50,4.52,4.53,4.53,4.54,4.63,5.29,10.65,16.16,19.61,19.73,19.26,18.74,18.58,18.64,18.73,18.82,19.12,19.44,19.68,19.95,20.09,20.20,20.23,20.09,20.06,20.03,19.96,19.84,19.72,19.68,19.70,19.84,20.21,20.25,20.20,20.12,20.04,19.99,19.96,19.94,19.93,19.99,20.00,20.03,20.07,20.07,20.06,20.01,19.99,20.03,20.02,20.02,20.11,20.22,20.02,19.92,19.92,19.93,19.85,18.06,16.07,14.69,14.16,13.35,12.60,11.93,11.32,10.76,10.31,9.99,9.76,9.60,9.49,9.49,9.57,9.84,10.78,11.40,11.75,10.74,7.09,4.48,3.90
16.14,16.14,16.13,16.13,16.14,16.13,16.11,16.10,16.11,16.12,16.13,16.12,16.12,16.12,16.11,16.12,16.12,16.12,16.12,16.12,16.12,16.14,16.14,16.14,16.14,16.15,16.17,16.19,16.21,16.22,16.21,16.20,16.20,16.18,16.18,16.20,16.21,16.22,16.22,16.22,16.23,16.23,16.23,16.23,16.23,16.22,16.23,16.28,16.34,16.40,16.49,16.62,16.69,16.51,16.39,16.58,16.70,16.71,16.75,16.85,17.02,17.55,18.11,18.89,20.17,21.26,22.15,22.72,22.99,23.49,23.05,22.88,23.29,24.24,24.26,24.60,24.89,24.76,24.14,23.33,22.71,22.34,21.92,21.51,21.21,21.03,20.98,20.88,20.82,20.78,20.75,20.70,20.26,19.84,19.44,18.76,18.39,18.51,19.04,19.80,20.37,21.09,21.56,21.60,21.24,20.54,19.75,19.13,18.97,18.93,18.69,18.44,18.33,18.30,18.18,18.09,18.03,17.95,17.80,17.76,17.74,17.64,17.65,17.46,17.21,16.96,16.77,16.35,15.90,15.51,15.23,16.17,16.40,16.33,16.35,16.80,16.76,16.65,16.61,16.61,16.60,16.56,16.51,16.48,16.62,16.73,16.67,16.44,16.18,15.75,15.32,14.96,14.77,14.77,14.83,14.70,14.26,13.74,10.82,9.14,4.51,4.52,4.51,4.52,4.53,4.53,4.52,4.53,4.53,4.51,4.50,4.51,4.52,4.52,4.53,4.51,4.52,4.52,4.73,9.85,15.10,18.12,19.95,19.49,19.06,18.84,18.81,18.91,19.06,19.45,19.79,19.96,20.14,20.25,20.27,20.19,20.01,19.97,19.96,19.92,19.83,19.73,19.70,19.68,19.77,20.22,20.19,20.12,20.07,20.02,19.98,19.95,19.93,19.93,19.98,20.00,20.04,20.07,20.06,20.04,20.02,20.02,20.06,20.11,20.12,20.20,20.30,20.12,19.92,19.87,19.74,19.19,17.43,16.08,15.06,14.22,13.22,12.40,11.75,11.23,10.76,10.37,10.06,9.82,9.63,9.56,9.78,9.91,9.99,10.72,11.11,11.52,11.21,9.27,4.91,3.84
16.14,16.13,16.12,16.13,16.12,16.12,16.11,16.09,16.12,16.13,16.13,16.12,16.13,16.12,16.11,16.12,16.12,16.12,16.12,16.12,16.11,16.12,16.13,16.13,16.13,16.14,16.16,16.19,16.21,16.22,16.21,16.21,16.20,16.19,16.18,16.21,16.22,16.22,16.22,16.22,16.22,16.22,16.22,16.22,16.22,16.23,16.28,16.39,16.52,16.65,16.78,16.92,16.90,16.57,16.37,16.63,16.88,16.99,17.09,17.27,17.69,19.04,20.28,21.31,22.19,23.04,23.87,24.46,24.74,25.02,24.49,24.11,24.38,25.86,25.58,25.16,24.68,24.10,23.12,22.29,21.85,21.76,21.57,21.31,21.16,21.08,20.99,20.82,20.71,20.68,20.73,20.73,19.82,18.90,18.29,18.23,18.27,19.04,20.35,21.83,21.89,21.82,21.40,20.73,20.41,20.12,19.55,18.99,18.95,18.89,18.57,18.33,18.33,18.32,18.26,18.19,18.09,17.89,17.65,17.61,17.59,17.42,17.48,17.33,17.11,16.90,16.80,16.70,16.47,16.16,15.85,16.42,16.48,16.43,16.55,16.61,16.59,16.53,16.47,16.44,16.45,16.41,16.34,16.24,16.34,16.45,16.28,15.79,15.42,15.18,14.94,14.68,14.41,14.23,14.25,14.04,13.35,12.48,8.47,5.96,4.50,4.50,4.52,4.53,4.53,4.52,4.54,4.54,4.53,4.53,4.51,4.53,4.54,4.54,4.52,4.48,4.52,4.63,4.84,5.16,13.65,16.32,20.27,19.78,19.44,19.15,19.02,19.15,19.37,19.78,20.08,20.15,20.23,20.31,20.25,20.08,19.91,19.88,19.88,19.86,19.81,19.75,19.72,19.67,19.71,20.20,20.12,20.04,20.00,19.98,19.97,19.96,19.94,19.94,19.99,20.02,20.06,20.08,20.05,20.04,20.06,20.09,20.12,20.21,20.20,20.25,20.34,20.22,19.94,19.84,19.55,18.54,17.25,16.46,15.58,14.32,13.11,12.18,11.54,11.11,10.76,10.48,10.19,9.91,9.65,9.61,10.05,10.19,9.98,10.21,10.51,11.15,11.58,11.06,5.19,3.71
16.13,16.13,16.13,16.13,16.14,16.12,16.10,16.11,16.12,16.13,16.13,16.12,16.12,16.11,16.11,16.12,16.13,16.12,16.12,16.12,16.11,16.11,16.12,16.12,16.11,16.13,16.15,16.18,16.21,16.21,16.21,16.21,16.20,16.20,16.21,16.22,16.22,16.21,16.22,16.22,16.22,16.22,16.22,16.22,16.22,16.35,16.61,16.68,16.81,16.95,17.09,17.25,17.10,16.64,16.34,16.53,16.85,17.46,17.85,18.12,19.10,20.73,22.08,23.03,23.61,24.67,25.04,25.22,25.48,25.65,25.48,25.41,25.48,25.59,24.92,24.12,23.27,22.44,22.05,21.76,21.59,21.52,21.41,21.25,21.17,21.13,21.08,20.95,20.75,20.29,19.58,19.30,18.82,18.45,18.50,19.28,19.70,19.99,20.50,21.42,21.03,20.82,20.44,19.88,19.68,19.50,19.26,19.05,19.02,19.00,18.72,18.47,18.43,18.45,18.26,18.04,17.85,17.62,17.39,17.37,17.43,17.42,17.37,17.22,17.07,16.96,16.89,16.75,16.61,16.47,16.29,16.47,16.46,16.43,16.47,16.43,16.42,16.39,16.33,16.24,16.30,16.28,16.18,16.07,15.90,15.83,15.67,15.38,15.14,14.91,14.65,14.40,14.21,14.02,13.90,13.28,11.71,9.15,6.34,4.77,4.48,4.51,4.53,4.53,4.53,4.53,4.53,4.52,4.52,4.52,4.52,4.52,4.53,4.55,4.53,4.49,4.72,5.64,8.76,11.83,14.23,17.35,20.83,20.15,19.68,19.42,19.36,19.46,19.65,19.86,20.00,20.05,20.14,20.18,20.14,20.06,19.99,19.97,19.94,19.89,19.84,19.80,19.75,19.69,19.71,20.04,20.07,20.01,19.95,19.97,20.05,20.06,20.04,20.02,20.05,20.07,20.13,20.18,20.15,20.19,20.29,20.38,20.36,20.28,20.26,20.30,20.36,20.30,20.15,19.94,19.59,18.99,18.10,17.32,16.36,15.09,13.77,12.36,11.53,11.18,10.80,10.51,10.26,10.00,9.70,9.62,9.73,9.76,9.71,9.84,10.04,10.85,11.66,11.49,5.85,3.79
16.13,16.14,16.14,16.13,16.13,16.12,16.11,16.13,16.12,16.12,16.12,16.12,16.12,16.11,16.11,16.12,16.12,16.12,16.12,16.12,16.12,16.11,16.12,16.11,16.10,16.12,16.15,16.18,16.21,16.21,16.21,16.21,16.21,16.21,16.22,16.23,16.22,16.21,16.22,16.22,16.22,16.22,16.22,16.22,16.24,16.49,16.95,16.89,17.05,17.23,17.39,17.54,17.30,16.95,16.78,16.99,17.42,18.34,19.09,19.68,20.94,22.59,23.91,24.75,25.08,25.81,25.90,25.80,25.78,25.80,25.64,25.47,25.18,24.48,23.76,23.03,22.32,21.67,21.58,21.54,21.49,21.42,21.34,21.28,21.24,21.22,21.20,20.69,20.24,19.65,18.93,18.88,18.98,18.84,18.80,19.78,20.32,20.40,20.46,20.84,20.28,20.05,19.78,19.42,19.31,19.20,19.12,19.07,19.05,19.04,18.83,18.60,18.46,18.38,18.10,17.82,17.57,17.35,17.13,17.12,17.22,17.29,17.18,17.09,17.01,16.94,16.88,16.74,16.66,16.61,16.52,16.38,16.22,16.16,16.24,16.24,16.28,16.28,16.23,16.08,16.07,16.07,16.02,15.89,15.64,15.48,15.29,15.06,14.87,14.65,14.40,14.16,13.99,13.78,13.62,12.86,10.97,7.18,5.25,4.51,4.48,4.52,4.53,4.53,4.53,4.53,4.52,4.53,4.52,4.52,4.52,4.52,4.53,4.74,5.46,6.46,7.82,9.74,12.31,15.25,17.19,19.43,21.44,20.59,20.07,19.79,19.71,19.73,19.87,19.95,20.00,20.04,20.10,20.12,20.10,20.07,20.06,20.04,19.99,19.94,19.88,19.84,19.79,19.73,19.70,19.87,20.00,19.99,19.94,20.00,20.07,20.12,20.14,20.13,20.12,20.11,20.12,20.14,20.14,20.21,20.34,20.44,20.44,20.38,20.31,20.31,20.36,20.35,20.28,20.02,19.67,19.39,18.93,18.17,17.06,15.67,14.22,12.64,11.67,11.26,10.88,10.62,10.47,10.46,10.59,10.91,10.13,9.56,9.56,9.60,9.74,10.66,11.66,11.66,5.37,3.77
16.14,16.14,16.13,16.13,16.12,16.12,16.13,16.16,16.13,16.11,16.10,16.11,16.11,16.12,16.12,16.11,16.11,16.12,16.12,16.13,16.13,16.12,16.11,16.10,16.10,16.10,16.14,16.19,16.22,16.22,16.22,16.21,16.21,16.22,16.23,16.23,16.23,16.22,16.21,16.21,16.21,16.21,16.21,16.21,16.27,16.66,17.30,17.03,17.24,17.48,17.68,17.81,17.50,17.47,17.65,17.94,18.52,19.59,20.73,21.85,23.14,24.58,25.76,26.48,26.60,26.54,26.49,26.22,25.70,25.54,25.08,24.45,23.65,22.63,22.14,21.90,21.77,21.66,21.62,21.59,21.54,21.45,21.35,21.39,21.38,21.35,21.33,20.09,19.25,18.79,18.72,19.36,20.17,19.96,19.17,19.79,20.24,20.36,20.27,20.11,19.65,19.48,19.39,19.30,19.23,19.17,19.10,19.05,19.04,18.99,18.92,18.74,18.43,18.13,17.82,17.53,17.28,17.09,16.89,16.89,16.98,17.03,16.91,16.93,16.93,16.87,16.78,16.69,16.63,16.60,16.56,16.20,15.80,15.66,15.87,16.05,16.15,16.19,16.16,15.97,15.76,15.80,15.86,15.70,15.53,15.35,15.12,14.82,14.62,14.40,14.17,13.95,13.75,13.52,13.38,12.76,11.02,6.40,4.89,4.50,4.49,4.53,4.54,4.53,4.53,4.51,4.53,4.55,4.55,4.54,4.51,4.52,4.52,5.09,7.35,10.39,13.82,16.86,18.99,21.68,22.42,22.45,22.09,21.09,20.59,20.25,20.04,19.98,20.04,20.07,20.09,20.11,20.12,20.12,20.11,20.11,20.11,20.09,20.04,19.99,19.93,19.89,19.83,19.76,19.71,19.69,19.92,19.98,19.96,20.05,20.05,20.13,20.22,20.25,20.21,20.14,20.04,19.97,20.02,20.12,20.22,20.32,20.40,20.51,20.37,20.29,20.34,20.37,20.35,20.09,19.79,19.73,19.76,19.00,17.70,16.09,14.50,13.00,11.95,11.35,11.01,10.78,10.81,11.25,12.21,13.31,11.15,9.56,9.52,9.46,9.59,10.54,11.60,11.62,5.35,3.66
16.13,16.14,16.12,16.13,16.14,16.14,16.14,16.14,16.12,16.12,16.11,16.12,16.11,16.12,16.13,16.13,16.15,16.21,16.31,16.40,16.41,16.46,16.35,16.21,16.13,16.18,16.23,16.27,16.29,16.29,16.30,16.31,16.29,16.23,16.23,16.23,16.23,16.22,16.21,16.21,16.21,16.21,16.21,16.24,16.33,16.84,17.67,17.33,17.67,18.13,18.54,18.80,18.83,19.01,19.38,19.93,20.69,21.67,22.56,23.49,25.24,26.25,26.68,26.69,26.50,26.48,26.08,25.44,24.71,24.28,23.63,23.12,22.73,22.25,21.98,21.86,21.82,21.75,21.67,21.64,21.62,21.60,21.62,21.12,20.84,20.79,20.84,20.77,19.76,19.45,20.57,21.66,21.64,20.73,19.54,19.86,20.18,20.25,20.16,19.99,19.68,19.41,19.23,19.14,19.13,19.07,19.05,19.03,18.93,18.88,18.71,18.47,18.15,17.77,17.50,17.23,16.97,16.82,16.65,16.67,16.76,16.77,16.77,16.79,16.84,16.86,16.72,16.65,17.15,17.70,17.38,16.04,15.12,14.85,15.28,15.86,16.12,16.26,16.23,15.79,15.72,15.72,15.69,15.56,15.36,15.19,14.95,14.64,14.52,14.27,14.01,13.77,13.57,13.38,13.20,12.23,10.12,5.69,4.66,4.52,4.51,4.53,4.54,4.54,4.53,4.53,4.54,4.54,4.55,4.53,4.50,4.50,5.07,8.30,11.80,15.14,18.08,20.21,21.35,22.47,22.65,22.41,21.86,20.86,20.44,20.16,20.00,19.98,20.07,20.11,20.13,20.14,20.14,20.78,21.81,23.07,24.37,22.06,20.64,20.03,19.99,19.91,19.85,19.79,19.73,19.66,19.86,19.95,19.96,20.00,20.04,20.15,20.17,20.06,20.03,20.00,19.95,19.92,19.96,20.04,20.12,20.20,20.29,20.32,20.34,20.33,20.32,20.38,20.39,20.19,19.92,19.78,19.99,19.37,18.17,16.66,15.38,14.22,14.87,16.50,16.70,16.67,16.69,16.87,17.27,17.69,12.84,9.55,9.47,9.40,9.51,10.34,11.36,11.68,6.58,4.21
16.12,16.13,16.12,16.13,16.14,16.14,16.13,16.12,16.12,16.12,16.12,16.12,16.11,16.12,16.13,16.16,16.26,16.62,16.83,16.90,16.92,17.05,16.90,16.68,16.54,16.59,16.43,16.37,16.43,16.47,16.42,16.42,16.38,16.27,16.23,16.24,16.24,16.23,16.21,16.21,16.29,16.54,17.03,17.23,17.49,18.10,18.98,18.77,19.08,19.56,20.05,20.32,20.60,20.95,21.40,21.97,23.00,23.84,24.40,24.98,26.64,27.18,27.02,26.52,26.05,25.92,25.25,24.42,23.69,23.15,22.55,22.23,22.16,22.07,21.96,21.90,21.87,21.83,21.75,21.67,21.51,21.32,21.33,20.68,20.35,20.39,20.66,21.49,20.74,20.58,22.02,22.93,22.35,21.14,19.90,19.95,20.07,20.06,19.95,19.80,19.61,19.30,19.05,18.96,18.99,18.95,18.95,18.93,18.75,18.68,18.43,18.12,17.83,17.42,17.16,16.90,16.66,16.53,16.41,16.46,16.55,16.53,16.60,16.64,16.73,16.83,16.67,16.57,17.36,18.33,18.23,16.27,14.89,14.48,15.15,15.93,16.10,16.14,16.06,15.59,15.60,15.58,15.51,15.42,15.19,15.03,14.80,14.50,14.40,14.14,13.85,13.60,13.41,13.24,13.05,11.54,8.38,5.07,4.51,4.52,4.53,4.53,4.54,4.54,4.54,4.55,4.54,4.54,4.54,4.54,4.50,4.50,5.25,8.59,14.07,18.72,21.35,22.48,22.70,22.74,22.54,22.17,21.59,20.64,20.29,20.09,20.00,20.01,20.09,20.60,21.06,21.31,21.69,22.86,24.37,26.07,27.84,24.37,21.57,20.07,20.02,19.93,19.87,19.82,19.75,19.66,19.81,19.92,19.97,19.98,20.07,20.16,20.12,19.92,19.90,19.90,19.89,19.89,19.93,19.99,20.05,20.12,20.21,20.19,20.30,20.36,20.34,20.39,20.38,20.24,20.03,19.81,20.10,19.67,18.77,17.64,16.75,15.86,17.39,20.15,20.59,20.69,20.71,20.71,20.71,20.57,14.07,9.67,9.42,9.37,9.45,10.13,11.09,11.73,8.40,5.60
16.13,16.12,16.13,16.13,16.12,16.12,16.13,16.12,16.12,16.12,16.13,16.13,16.11,16.10,16.12,16.21,16.50,17.64,17.95,17.80,17.81,18.09,18.01,17.82,17.68,17.62,16.80,16.51,16.72,16.83,16.62,16.55,16.51,16.37,16.23,16.27,16.30,16.25,16.21,16.20,16.52,17.48,19.40,20.04,20.72,21.43,22.09,22.36,22.29,22.42,22.70,22.74,23.07,23.52,23.83,23.93,25.42,26.05,26.22,26.25,26.71,26.76,26.40,25.79,25.10,24.52,23.73,23.07,22.71,22.43,22.31,22.24,22.18,22.13,22.03,21.94,21.88,21.86,21.85,21.65,21.04,20.18,19.93,19.98,20.09,20.40,21.13,22.15,22.42,22.43,22.45,22.02,21.57,20.90,20.25,20.08,19.87,19.70,19.54,19.39,19.30,19.04,18.82,18.75,18.81,18.78,18.76,18.69,18.45,18.32,18.01,17.70,17.46,17.09,16.77,16.52,16.33,16.20,16.16,16.26,16.36,16.33,16.38,16.46,16.59,16.72,16.59,16.43,16.92,17.93,19.03,17.25,15.54,14.96,15.92,16.49,16.09,15.64,15.41,15.34,15.29,15.31,15.33,15.27,15.02,14.87,14.68,14.41,14.22,13.98,13.71,13.45,13.30,13.10,12.98,10.59,5.35,4.62,4.50,4.51,4.52,4.54,4.54,4.54,4.54,4.54,4.54,4.54,4.54,4.55,4.53,4.50,4.65,6.32,11.72,19.46,22.19,22.50,22.69,22.72,22.36,21.92,21.39,20.51,20.21,20.12,20.12,20.11,20.11,21.94,23.71,24.67,26.18,27.55,28.38,28.81,29.25,27.06,23.06,20.08,20.02,19.96,19.90,19.84,19.77,19.69,19.79,19.90,19.98,20.00,20.13,20.15,20.07,19.92,19.89,19.88,19.88,19.88,19.93,19.99,20.05,20.12,20.18,20.20,20.26,20.34,20.42,20.42,20.27,20.19,20.09,19.86,20.10,19.93,19.65,19.40,19.00,18.19,18.85,20.31,20.37,20.42,20.48,20.56,20.63,20.32,14.32,10.03,9.38,9.36,9.40,9.91,10.78,11.76,11.17,8.99
16.14,16.13,16.13,16.16,16.15,16.15,16.15,16.12,16.13,16.13,16.13,16.13,16.12,16.32,16.61,17.03,17.90,19.37,20.16,20.34,20.20,20.38,20.26,19.89,19.39,19.21,18.59,18.09,17.74,17.39,16.97,16.76,16.61,16.41,16.38,16.37,16.36,16.36,16.32,16.61,17.90,19.94,22.26,22.27,22.75,23.42,24.06,24.48,24.70,24.90,25.04,24.95,25.16,25.51,25.69,25.55,26.36,26.43,26.22,26.00,25.97,25.78,25.20,24.45,23.90,23.48,22.99,22.63,22.48,22.35,22.30,22.25,22.18,22.11,22.06,21.92,21.66,21.31,20.98,20.69,20.25,19.74,19.71,20.53,21.28,21.80,22.02,22.24,22.32,22.22,21.94,21.25,21.04,20.65,20.19,19.92,19.57,19.32,19.13,18.97,18.92,18.75,18.60,18.55,18.63,18.62,18.54,18.39,18.14,17.96,17.63,17.29,17.05,16.77,16.43,16.17,16.02,15.98,15.98,16.03,16.10,16.13,16.18,16.35,16.49,16.53,16.41,16.26,16.43,17.26,19.08,17.97,16.56,15.59,15.49,15.79,15.49,15.18,15.04,15.08,14.99,15.02,15.09,15.06,14.87,14.70,14.51,14.29,14.06,13.84,13.58,13.31,13.12,12.93,12.80,11.19,4.59,4.50,4.49,4.50,4.50,4.52,4.52,4.52,4.52,4.54,4.54,4.54,4.54,4.54,4.54,4.51,4.50,5.45,8.96,16.74,21.00,22.60,22.65,22.61,22.20,21.73,21.23,20.46,20.22,20.16,20.17,20.29,23.06,25.36,26.75,27.28,28.20,28.90,29.23,29.30,29.44,28.56,24.33,20.55,20.03,19.97,19.92,19.85,19.79,19.72,19.73,19.81,19.90,19.93,20.03,20.08,20.06,19.98,19.88,19.87,19.88,19.89,19.93,19.99,20.05,20.11,20.17,20.15,20.21,20.31,20.39,20.35,20.19,20.15,20.15,20.05,20.07,19.99,19.91,19.87,19.68,19.30,19.54,20.12,20.09,20.12,20.17,20.21,20.21,20.01,14.80,10.62,9.32,9.33,9.32,9.70,10.41,11.22,11.79,10.51
16.16,16.15,16.13,16.18,16.18,16.19,16.20,16.15,16.20,16.28,16.35,16.40,16.46,16.94,17.56,18.37,19.83,21.43,22.79,23.47,23.03,23.09,22.89,22.32,21.49,21.12,20.90,20.25,19.26,18.30,17.63,17.24,16.92,16.59,16.67,16.57,16.54,16.64,16.74,17.46,19.70,22.57,24.77,24.16,24.41,25.02,25.64,26.03,26.62,26.95,26.98,26.81,26.79,26.94,26.97,26.67,26.57,26.05,25.53,25.15,24.92,24.63,23.91,23.12,22.82,22.72,22.60,22.51,22.50,22.45,22.37,22.28,22.17,22.04,21.93,21.67,21.21,20.55,19.92,19.66,19.67,19.89,20.22,21.58,22.75,23.29,22.83,22.11,21.68,21.42,21.20,20.65,20.64,20.39,19.98,19.65,19.24,18.94,18.71,18.55,18.52,18.45,18.38,18.35,18.45,18.44,18.30,18.08,17.84,17.60,17.25,16.90,16.62,16.43,16.10,15.84,15.73,15.80,15.80,15.79,15.81,15.91,15.98,16.25,16.39,16.31,16.18,16.06,15.96,16.50,18.57,18.33,17.47,16.16,14.74,14.79,14.77,14.75,14.76,14.80,14.69,14.73,14.82,14.83,14.72,14.53,14.34,14.15,13.92,13.70,13.45,13.18,12.92,12.73,12.39,12.15,4.51,4.49,4.49,4.49,4.48,4.50,4.51,4.50,4.51,4.53,4.53,4.54,4.54,4.54,4.54,4.52,4.50,4.88,6.53,13.28,19.03,22.46,22.60,22.50,22.06,21.57,21.08,20.42,20.24,20.19,20.22,20.47,26.26,28.76,29.42,29.25,29.19,29.10,29.05,29.08,29.23,29.48,25.57,21.39,20.05,19.99,19.93,19.87,19.80,19.75,19.67,19.71,19.80,19.84,19.90,20.01,20.07,20.03,19.87,19.86,19.87,19.89,19.93,19.99,20.05,20.11,20.15,20.08,20.15,20.24,20.29,20.22,20.12,20.12,20.19,20.25,20.07,20.01,19.97,19.90,19.83,19.91,19.92,19.87,19.85,19.85,19.88,19.86,19.76,19.74,15.41,11.32,9.26,9.28,9.23,9.50,10.00,10.51,11.53,11.77
16.20,16.16,16.11,16.18,16.17,16.25,16.37,16.34,16.63,17.15,17.68,18.08,18.59,19.26,20.10,21.14,22.46,23.90,25.82,26.86,25.57,25.76,25.47,25.07,24.65,23.72,23.39,22.94,22.13,20.74,19.72,19.04,18.38,17.57,17.44,17.21,17.24,17.68,18.60,19.88,21.65,23.41,24.47,25.34,26.31,26.96,27.13,27.23,27.34,27.37,27.30,27.15,26.75,26.43,26.11,25.71,25.46,24.93,24.34,23.83,23.66,23.51,23.23,22.94,22.83,22.77,22.69,22.60,22.53,22.49,22.42,22.37,22.23,21.79,20.91,20.31,19.93,19.70,19.63,19.93,20.76,21.95,22.62,23.12,23.09,22.75,22.46,21.75,21.33,21.10,20.96,20.66,20.46,20.12,19.72,19.37,18.97,18.60,18.30,18.14,18.12,18.11,18.11,18.13,18.24,18.17,17.99,17.77,17.54,17.25,16.88,16.49,16.15,15.98,15.78,15.63,15.59,15.70,15.60,15.54,15.53,15.59,15.76,16.05,16.17,16.05,15.92,15.79,15.66,15.75,16.35,17.27,17.20,16.13,14.46,14.55,14.51,14.47,14.46,14.47,14.41,14.44,14.53,14.64,14.55,14.37,14.17,13.98,13.76,13.54,13.27,12.99,12.78,12.54,10.95,9.64,4.49,4.48,4.48,4.49,4.52,4.52,4.51,4.50,4.50,4.53,4.50,4.52,4.53,4.53,4.53,4.52,4.51,4.61,5.04,11.74,16.43,20.90,22.53,22.46,22.01,21.44,20.86,20.33,20.17,20.22,20.32,20.48,25.46,28.33,29.37,29.11,29.07,29.06,29.04,29.04,29.10,29.44,27.03,23.36,20.07,20.02,19.96,19.90,19.83,19.75,19.70,19.69,19.71,19.74,19.90,20.04,20.09,20.02,19.93,19.88,19.87,19.89,19.94,19.99,20.05,20.09,20.07,20.03,20.02,20.03,20.05,19.96,20.03,20.12,20.21,20.28,20.19,20.13,20.02,19.87,19.90,20.00,19.97,19.88,19.94,19.81,19.78,19.78,19.74,19.75,16.31,12.27,9.31,9.27,9.22,9.33,9.57,9.87,10.34,10.60
16.21,16.20,16.30,17.07,17.45,17.81,18.13,18.23,18.77,19.44,20.14,20.78,21.31,22.06,22.84,23.64,24.66,25.91,27.67,28.68,27.51,27.64,27.43,27.20,27.02,26.24,25.95,25.65,24.91,23.19,22.08,21.05,20.12,19.37,19.58,19.61,19.75,20.20,21.35,22.28,23.31,24.37,25.30,26.54,27.41,27.82,27.79,27.67,27.47,27.21,26.92,26.65,26.07,25.62,25.20,24.74,24.46,24.06,23.62,23.24,23.12,23.05,22.97,22.90,22.84,22.78,22.73,22.63,22.49,22.37,21.90,21.56,21.33,20.90,20.15,19.71,19.72,20.19,20.78,21.50,22.26,22.95,23.38,23.38,22.84,22.16,21.91,21.43,21.08,20.85,20.68,20.45,20.19,19.84,19.45,19.07,18.70,18.30,17.95,17.73,17.74,17.79,17.81,17.79,17.90,17.82,17.65,17.44,17.23,16.89,16.51,16.10,15.72,15.49,15.47,15.39,15.30,15.39,15.18,15.08,15.12,15.28,15.48,15.75,15.86,15.76,15.64,15.55,15.43,15.32,15.24,16.19,16.68,16.23,14.84,14.24,14.24,14.27,14.21,14.20,14.19,14.21,14.23,14.25,14.35,14.24,14.06,13.85,13.63,13.39,13.11,12.85,12.68,12.45,9.59,7.16,4.48,4.49,4.48,4.50,4.54,4.53,4.51,4.50,4.50,4.52,4.50,4.51,4.53,4.53,4.52,4.52,4.51,4.50,4.49,10.87,15.34,19.14,22.03,22.39,22.03,21.39,20.75,20.38,20.17,20.23,20.36,20.44,23.41,27.19,29.31,29.07,29.02,29.03,29.02,29.00,28.97,29.31,28.26,25.10,20.08,20.04,19.98,19.91,19.85,19.77,19.71,19.69,19.68,19.70,19.85,20.02,20.08,20.00,19.91,19.87,19.87,19.90,19.94,20.00,20.04,20.04,19.99,19.96,19.91,19.89,19.89,19.84,19.98,20.10,20.18,20.24,20.15,20.09,19.98,19.84,19.91,19.98,19.94,19.88,20.02,19.82,19.77,19.77,19.71,19.73,17.05,13.08,9.39,9.22,9.18,9.25,9.39,9.58,9.74,9.90
16.19,16.25,16.68,18.67,19.75,20.53,21.12,21.44,22.23,22.85,23.49,24.26,24.50,25.24,25.73,25.94,26.53,27.56,28.63,29.27,28.98,28.91,28.90,28.86,28.77,28.68,28.58,28.37,27.64,25.67,24.64,23.24,22.09,21.80,22.77,23.37,23.65,23.87,24.79,24.68,24.74,25.42,27.01,27.76,27.91,27.86,27.80,27.53,27.16,26.62,26.00,25.49,24.91,24.57,24.24,23.74,23.53,23.37,23.26,23.21,23.15,23.10,23.05,22.97,22.87,22.78,22.73,22.61,22.39,22.12,20.93,20.07,19.69,19.51,19.57,19.71,20.33,21.73,23.04,24.08,24.05,23.12,22.87,22.66,22.13,21.52,21.21,21.14,20.92,20.65,20.37,20.05,19.85,19.55,19.18,18.75,18.43,18.04,17.64,17.32,17.37,17.50,17.48,17.34,17.46,17.41,17.28,17.10,16.91,16.53,16.14,15.73,15.33,14.97,15.16,15.13,14.89,14.91,14.58,14.46,14.62,15.00,15.16,15.38,15.50,15.45,15.35,15.32,15.26,15.15,14.98,15.10,15.97,16.44,15.73,13.87,13.96,14.13,14.00,14.00,14.03,14.03,13.93,13.70,14.12,14.14,13.97,13.75,13.52,13.25,12.97,12.74,12.61,12.45,8.28,4.71,4.49,4.51,4.50,4.52,4.54,4.52,4.49,4.49,4.50,4.49,4.51,4.53,4.53,4.54,4.53,4.51,4.50,4.50,4.49,5.67,15.46,17.22,21.21,22.29,22.10,21.42,20.71,20.54,20.24,20.24,20.36,20.35,20.40,25.49,29.23,29.10,29.01,29.00,29.00,28.96,28.84,29.09,29.30,26.65,20.09,20.06,19.99,19.92,19.87,19.80,19.72,19.69,19.70,19.70,19.76,19.94,20.04,19.97,19.85,19.84,19.86,19.90,19.95,20.00,20.02,19.98,19.91,19.85,19.84,19.82,19.81,19.84,19.97,20.07,20.12,20.14,19.96,19.91,19.87,19.82,19.86,19.86,19.84,19.88,20.09,19.87,19.81,19.79,19.68,19.70,17.65,13.77,9.49,9.17,9.14,9.24,9.40,9.56,9.61,9.59
16.19,16.75,18.24,21.08,22.71,23.52,23.80,23.97,25.25,26.04,26.68,27.43,27.58,27.88,28.06,28.11,28.25,28.60,28.93,29.10,28.97,28.94,28.89,28.83,28.76,28.71,28.64,28.55,28.25,27.36,26.83,24.97,23.35,23.21,23.63,24.05,24.28,24.42,24.97,25.57,26.24,26.92,27.59,27.73,27.43,27.03,26.71,26.25,25.78,25.25,24.76,24.53,24.24,24.09,23.94,23.66,23.52,23.42,23.33,23.26,23.17,23.11,23.11,23.07,22.85,22.63,22.03,21.36,20.85,20.59,20.06,19.80,19.90,20.36,21.26,22.14,22.88,23.39,23.58,23.74,23.44,22.73,22.30,21.99,21.72,21.42,21.05,20.84,20.59,20.31,20.04,19.71,19.49,19.20,18.88,18.49,18.14,17.77,17.49,17.35,17.31,17.37,17.36,17.26,17.25,17.26,17.20,17.08,16.96,16.70,16.42,16.05,15.57,15.27,15.35,15.15,14.74,14.74,14.66,14.46,14.38,14.62,14.77,15.01,15.20,15.29,15.24,15.21,15.14,15.02,14.90,14.84,15.32,15.90,16.09,14.71,14.03,13.79,13.82,13.85,13.85,13.85,13.82,13.75,13.99,13.98,13.84,13.66,13.43,13.17,12.91,12.65,12.43,12.45,8.23,4.54,4.49,4.50,4.52,4.53,4.53,4.49,4.49,4.49,4.50,4.51,4.51,4.52,4.53,4.53,4.53,4.50,4.50,4.51,4.50,4.93,12.09,14.04,18.82,21.74,22.12,21.57,20.86,20.55,20.24,20.19,20.28,20.32,20.27,24.92,28.75,29.36,29.25,28.87,28.60,28.34,27.76,28.09,28.88,27.47,22.52,20.48,20.00,19.94,19.89,19.83,19.75,19.70,19.68,19.66,19.71,19.82,19.92,19.97,19.88,19.86,19.87,19.89,19.92,19.98,19.99,19.94,19.84,19.83,19.82,19.81,19.82,19.87,19.99,20.08,20.10,20.05,19.95,19.91,19.88,19.82,19.87,19.87,19.85,19.86,19.93,19.82,19.79,19.77,19.71,19.68,18.62,14.79,9.50,9.11,9.10,9.13,9.21,9.39,9.47,9.46
16.66,17.47,19.55,22.97,25.21,26.02,25.98,26.21,27.55,28.26,28.74,29.30,29.39,29.41,29.39,29.35,29.23,29.16,29.06,28.96,28.92,28.91,28.84,28.76,28.72,28.68,28.64,28.62,28.57,28.38,28.20,26.55,25.03,24.89,25.00,25.21,25.35,25.41,25.63,26.32,27.00,27.42,27.33,27.03,26.51,26.00,25.60,25.15,24.70,24.29,23.99,23.93,23.84,23.80,23.75,23.62,23.52,23.46,23.39,23.29,23.15,23.05,22.94,22.80,22.56,22.02,21.18,20.39,19.87,19.79,20.03,20.45,21.08,22.00,23.00,23.85,24.32,24.21,23.65,23.21,22.78,22.31,21.87,21.55,21.42,21.29,20.87,20.54,20.25,19.97,19.70,19.37,19.14,18.86,18.56,18.22,17.88,17.58,17.41,17.43,17.35,17.33,17.30,17.22,17.14,17.17,17.16,17.11,17.03,16.85,16.64,16.30,15.85,15.68,15.59,15.19,14.64,14.56,14.76,14.61,14.42,14.53,14.54,14.72,14.93,15.07,15.13,15.11,15.04,14.93,14.83,14.69,14.84,15.38,16.15,15.52,14.26,13.61,13.66,13.72,13.70,13.69,13.70,13.72,13.68,13.73,13.71,13.54,13.30,13.08,12.84,12.57,12.29,12.21,8.08,4.51,4.49,4.49,4.53,4.54,4.51,4.47,4.48,4.49,4.50,4.52,4.51,4.52,4.53,4.53,4.53,4.50,4.51,4.53,4.52,4.51,9.91,12.26,16.82,20.95,21.97,21.72,21.04,20.58,20.25,20.14,20.18,20.26,20.22,23.90,27.65,29.50,29.46,28.71,28.27,28.02,27.37,27.84,28.62,27.79,24.19,20.77,20.03,19.97,19.91,19.86,19.77,19.71,19.66,19.64,19.67,19.71,19.80,19.91,19.90,19.90,19.89,19.88,19.89,19.93,19.93,19.88,19.79,19.81,19.81,19.81,19.85,19.93,20.04,20.10,20.09,20.00,19.94,19.93,19.90,19.83,19.87,19.87,19.86,19.85,19.84,19.82,19.80,19.77,19.72,19.65,19.30,15.52,9.52,9.08,9.07,9.05,9.08,9.29,9.39,9.38
17.89,18.54,20.38,23.98,26.93,27.71,27.31,28.01,28.69,28.89,28.92,29.02,29.11,29.10,29.09,29.07,28.98,28.97,28.94,28.91,28.89,28.85,28.78,28.74,28.74,28.71,28.66,28.62,28.54,28.34,28.26,27.91,27.44,27.06,27.36,27.35,27.32,27.33,27.29,26.91,26.56,26.21,25.74,25.27,24.93,24.68,24.52,24.37,24.19,24.07,24.01,23.94,23.86,23.79,23.71,23.61,23.51,23.44,23.39,23.30,23.06,22.88,22.41,21.92,21.83,20.65,20.14,19.94,19.88,20.28,21.38,22.59,23.75,24.84,24.71,24.25,23.82,23.63,23.04,22.53,22.14,21.87,21.65,21.47,21.31,21.08,20.65,20.25,19.92,19.63,19.36,19.03,18.80,18.52,18.23,17.95,17.69,17.51,17.45,17.54,17.54,17.45,17.34,17.24,17.21,17.16,17.17,17.18,17.10,16.92,16.70,16.43,16.17,16.24,15.89,15.28,14.62,14.33,14.85,14.97,14.90,14.92,14.57,14.59,14.68,14.74,15.00,15.01,14.98,14.91,14.76,14.67,14.60,14.92,15.76,16.23,14.74,13.70,13.54,13.64,13.63,13.60,13.56,13.51,13.04,13.35,13.57,13.37,13.11,12.94,12.74,12.50,12.21,11.56,7.70,4.51,4.49,4.50,4.52,4.52,4.50,4.50,4.49,4.49,4.49,4.50,4.52,4.53,4.53,4.52,4.54,4.51,4.51,4.54,4.53,4.51,5.38,8.87,15.54,19.79,21.56,21.83,21.25,20.66,20.28,20.08,20.05,20.17,20.16,22.06,25.53,29.44,29.61,28.54,28.08,28.22,28.19,28.89,28.72,27.30,24.48,20.83,20.06,20.01,19.94,19.89,19.81,19.73,19.67,19.64,19.63,19.63,19.67,19.77,19.91,19.95,19.92,19.86,19.86,19.83,19.84,19.83,19.74,19.79,19.80,19.83,19.90,20.03,20.14,20.15,20.09,20.01,19.95,19.95,19.92,19.83,19.87,19.88,19.87,19.86,19.88,19.89,19.85,19.78,19.70,19.59,19.48,15.75,9.56,9.09,9.04,9.02,9.06,9.30,9.41,9.36
19.51,19.97,21.41,24.78,27.71,28.56,28.14,28.45,28.67,28.69,28.67,28.72,28.83,28.73,28.74,28.88,28.89,28.92,28.90,28.87,28.89,28.80,28.66,28.58,28.57,28.43,28.36,28.25,28.07,27.84,27.62,27.50,27.33,27.01,27.03,26.96,26.75,26.52,26.58,26.04,25.68,25.40,25.02,24.72,24.53,24.41,24.32,24.21,24.19,24.13,24.03,23.92,23.84,23.74,23.62,23.47,23.31,23.04,22.75,22.47,22.26,22.09,21.75,21.48,21.61,20.84,20.85,21.29,21.94,22.87,23.58,24.16,24.61,24.95,24.50,23.84,23.26,22.95,22.55,22.16,21.84,21.62,21.47,21.29,21.11,20.86,20.42,20.00,19.63,19.31,19.02,18.70,18.46,18.19,17.95,17.80,17.62,17.49,17.42,17.45,17.50,17.46,17.40,17.35,17.37,17.23,17.14,17.13,17.20,17.07,16.87,16.63,16.37,16.24,15.96,15.39,14.71,14.36,14.86,15.06,15.06,15.07,14.92,14.75,14.59,14.53,14.85,14.97,14.97,14.89,14.78,14.69,14.58,14.66,15.10,15.93,15.20,14.05,13.19,13.53,13.55,13.51,13.45,13.33,13.11,13.31,13.43,13.28,13.00,12.86,12.67,12.43,12.17,10.23,6.88,4.49,4.49,4.52,4.53,4.52,4.50,4.51,4.49,4.50,4.50,4.50,4.51,4.53,4.53,4.52,4.53,4.52,4.53,4.54,4.54,4.51,4.78,7.41,13.44,19.12,21.45,21.95,21.44,20.78,20.36,20.10,20.01,20.10,20.12,20.89,24.15,29.33,29.62,28.94,28.07,27.32,26.96,27.16,26.69,25.53,23.68,20.70,20.07,20.03,19.97,19.91,19.83,19.75,19.69,19.65,19.67,19.63,19.61,19.64,19.73,19.76,19.75,19.72,19.73,19.73,19.78,19.79,19.73,19.76,19.81,19.84,19.87,19.99,20.10,20.13,20.09,20.01,19.95,19.93,19.90,19.84,19.85,19.87,19.87,19.87,19.98,19.89,19.81,19.74,19.67,19.57,19.50,15.88,9.78,9.20,9.02,8.97,9.01,9.12,9.17,9.14
21.25,21.55,22.59,25.43,28.13,29.06,28.68,28.43,28.29,28.26,28.28,28.34,28.49,28.30,28.32,28.59,28.70,28.72,28.66,28.60,28.62,28.49,28.27,28.13,28.10,27.87,27.79,27.62,27.37,27.11,26.77,26.62,26.51,26.32,26.04,25.96,25.65,25.22,25.40,24.98,24.85,24.84,24.62,24.55,24.49,24.45,24.41,24.26,24.33,24.24,24.00,23.79,23.63,23.48,23.30,23.10,22.87,22.45,21.98,21.57,21.43,21.40,21.41,21.54,21.95,21.88,22.33,23.18,24.29,25.41,25.44,25.15,24.75,24.27,23.77,23.24,22.74,22.33,22.15,21.89,21.63,21.41,21.29,21.08,20.89,20.65,20.20,19.76,19.37,19.01,18.69,18.36,18.14,17.89,17.72,17.68,17.61,17.51,17.43,17.39,17.42,17.44,17.44,17.45,17.51,17.31,17.12,17.06,17.28,17.22,17.08,16.85,16.55,16.13,15.95,15.48,14.80,14.44,14.82,15.04,15.11,15.12,15.25,14.94,14.56,14.39,14.72,14.94,14.97,14.88,14.83,14.72,14.63,14.52,14.50,15.33,15.54,14.50,12.98,13.29,13.42,13.43,13.33,13.17,13.29,13.32,13.29,13.20,12.92,12.78,12.60,12.36,12.13,8.69,5.93,4.47,4.50,4.53,4.54,4.53,4.51,4.50,4.50,4.51,4.51,4.49,4.51,4.52,4.53,4.52,4.53,4.54,4.54,4.54,4.55,4.50,4.49,6.20,11.57,18.21,21.10,21.99,21.57,20.86,20.42,20.13,19.99,20.01,20.07,20.07,23.00,28.67,29.03,28.88,27.75,26.19,25.40,25.01,24.50,23.77,22.67,20.55,20.09,20.05,19.99,19.92,19.85,19.78,19.71,19.65,19.71,19.65,19.58,19.53,19.54,19.55,19.56,19.58,19.61,19.65,19.73,19.77,19.73,19.76,19.84,19.87,19.84,19.91,20.02,20.09,20.10,20.02,19.96,19.90,19.86,19.86,19.83,19.87,19.88,19.90,20.08,19.88,19.76,19.70,19.63,19.54,19.49,16.02,10.14,9.34,9.01,8.93,8.95,8.92,8.92,8.93
23.12,23.38,24.15,25.72,28.17,29.05,28.59,28.03,27.75,27.79,27.84,27.71,27.82,27.64,27.57,27.67,27.81,27.71,27.53,27.33,27.15,26.98,26.80,26.67,26.60,26.52,26.43,26.32,26.18,26.03,25.87,25.76,25.68,25.58,25.45,25.40,25.27,25.07,25.05,24.84,24.82,24.83,24.63,24.57,24.56,24.61,24.65,24.48,24.46,24.22,23.75,23.25,22.62,22.27,22.04,21.79,21.58,21.49,21.43,21.40,21.36,21.94,22.59,23.28,24.07,24.71,25.07,25.27,25.35,25.18,24.80,24.36,23.92,23.47,23.12,22.79,22.47,22.12,21.93,21.65,21.36,21.13,21.03,20.87,20.69,20.43,19.99,19.55,19.11,18.71,18.37,18.03,17.85,17.71,17.65,17.59,17.61,17.65,17.70,17.74,17.51,17.44,17.41,17.38,17.36,17.28,17.18,17.13,17.22,17.31,17.28,17.11,16.80,16.22,15.90,15.42,14.81,14.40,14.66,14.89,15.02,15.04,15.09,14.83,14.56,14.46,14.68,14.87,14.94,14.92,14.86,14.76,14.74,14.66,14.49,14.65,15.45,15.09,13.64,12.49,13.09,13.31,13.22,13.06,13.09,13.12,13.14,13.10,12.88,12.69,12.51,12.32,12.02,7.06,4.96,4.48,4.51,4.53,4.54,4.53,4.52,4.52,4.51,4.52,4.53,4.51,4.51,4.51,4.52,4.53,4.54,4.53,4.53,4.55,4.55,4.53,4.51,5.13,7.24,15.37,19.41,21.70,21.45,20.76,20.37,20.11,19.95,19.86,20.00,20.00,21.94,25.73,26.02,26.19,25.92,25.36,24.87,24.39,24.22,23.63,22.14,20.47,20.09,20.04,19.99,19.94,19.86,19.79,19.72,19.66,19.66,19.62,19.58,19.55,19.56,19.56,19.56,19.58,19.62,19.64,19.70,19.75,19.75,19.82,19.92,19.95,19.88,19.87,19.96,20.06,20.10,20.03,19.96,19.91,19.87,19.86,19.83,19.88,19.95,20.02,20.07,19.90,19.78,19.67,19.56,19.50,19.48,16.35,10.89,9.47,9.00,8.89,8.92,8.89,8.96,9.05
24.15,24.36,24.83,25.56,27.10,27.72,27.46,27.08,26.92,26.98,27.03,26.93,27.01,26.92,26.85,26.87,26.98,26.90,26.75,26.58,26.41,26.29,26.17,26.07,26.00,25.97,25.87,25.78,25.68,25.58,25.50,25.43,25.36,25.29,25.22,25.17,25.08,24.97,24.85,24.71,24.65,24.57,24.32,24.05,23.92,23.90,23.93,23.82,23.79,23.52,23.00,22.37,21.84,21.56,21.41,21.26,21.52,21.92,22.37,22.80,23.10,23.67,24.31,24.90,25.33,25.75,25.81,25.62,25.25,24.61,24.12,23.72,23.39,23.06,22.80,22.55,22.26,21.89,21.67,21.40,21.12,20.86,20.74,20.62,20.46,20.21,19.77,19.33,18.88,18.45,18.07,17.75,17.69,17.67,17.69,17.69,17.77,17.82,17.84,17.86,17.60,17.46,17.36,17.30,17.29,17.32,17.28,17.25,17.30,17.37,17.34,17.22,16.99,16.40,15.92,15.40,14.89,14.57,14.69,14.84,14.90,14.84,14.76,14.61,14.49,14.49,14.68,14.86,14.96,14.99,14.98,14.96,14.91,14.72,14.38,14.21,14.93,15.06,14.23,12.60,12.87,13.09,13.11,12.97,12.90,12.92,12.98,13.00,12.81,12.63,12.46,12.27,11.97,6.35,4.54,4.49,4.51,4.52,4.53,4.53,4.52,4.53,4.52,4.53,4.53,4.51,4.51,4.50,4.51,4.53,4.53,4.52,4.53,4.54,4.54,4.53,4.52,4.61,5.42,12.26,17.46,21.01,21.41,20.71,20.31,20.07,19.91,19.76,19.90,19.93,20.91,23.01,24.38,24.86,24.95,24.81,24.53,23.99,23.84,23.21,21.57,20.38,20.09,20.04,19.99,19.95,19.88,19.81,19.75,19.69,19.65,19.61,19.58,19.57,19.60,19.59,19.60,19.63,19.62,19.65,19.71,19.76,19.78,19.87,20.00,20.03,19.94,19.84,19.95,20.04,20.08,20.03,19.96,19.90,19.86,19.86,19.89,19.92,19.95,19.97,19.96,19.85,19.77,19.67,19.48,19.44,19.44,16.67,11.64,9.57,8.99,8.86,8.88,8.84,9.00,9.12
24.60,24.75,24.90,25.08,25.29,25.48,25.64,25.77,25.90,25.94,25.97,26.05,26.10,26.13,26.15,26.14,26.17,26.22,26.22,26.18,26.16,26.16,26.11,26.06,26.00,25.96,25.86,25.76,25.67,25.57,25.49,25.44,25.39,25.31,25.24,25.15,25.03,24.89,24.76,24.58,24.38,24.13,23.80,23.16,22.78,22.59,22.54,22.56,22.57,22.36,21.91,21.26,21.21,21.20,21.20,21.28,22.30,23.32,24.33,25.28,26.08,26.22,26.40,26.45,25.99,25.55,25.17,24.78,24.33,23.82,23.42,23.19,23.06,22.91,22.71,22.44,22.08,21.64,21.40,21.16,20.89,20.60,20.43,20.34,20.23,19.99,19.55,19.11,18.66,18.22,17.81,17.51,17.61,17.71,17.80,17.92,18.05,18.01,17.90,17.82,17.70,17.48,17.30,17.21,17.27,17.40,17.43,17.41,17.47,17.42,17.31,17.22,17.13,16.64,15.97,15.39,15.00,14.87,14.87,14.86,14.77,14.56,14.32,14.31,14.38,14.48,14.71,14.89,15.01,15.09,15.14,15.28,15.11,14.72,14.20,13.91,14.13,14.62,14.77,13.33,12.73,12.79,13.00,12.88,12.73,12.74,12.82,12.87,12.72,12.61,12.44,12.21,11.97,6.27,4.48,4.49,4.50,4.50,4.52,4.53,4.53,4.54,4.51,4.52,4.53,4.50,4.50,4.50,4.51,4.53,4.50,4.52,4.53,4.53,4.51,4.52,4.50,4.49,4.85,9.28,15.35,20.05,21.42,20.68,20.23,20.00,19.87,19.71,19.78,19.85,19.91,20.45,23.66,24.46,24.57,24.45,24.32,23.72,23.39,22.62,21.00,20.29,20.10,20.04,20.00,19.97,19.90,19.83,19.78,19.73,19.65,19.60,19.58,19.59,19.65,19.64,19.68,19.73,19.63,19.67,19.73,19.79,19.82,19.93,20.08,20.12,20.00,19.83,19.96,20.03,20.04,20.03,19.96,19.88,19.84,19.86,20.00,19.99,19.91,19.82,19.80,19.76,19.76,19.67,19.41,19.36,19.39,16.97,12.38,9.64,9.00,8.84,8.83,8.78,9.03,9.14
24.51,24.75,24.93,25.12,25.29,25.46,25.62,25.74,25.84,25.90,25.95,26.02,26.07,26.12,26.15,26.16,26.16,26.22,26.25,26.24,26.22,26.20,26.13,26.07,26.01,25.90,25.81,25.66,25.53,25.54,25.50,25.23,24.85,24.48,24.43,24.46,24.16,23.60,23.35,23.27,23.16,23.00,22.83,22.76,22.65,22.54,22.48,22.58,22.75,23.03,23.25,23.05,23.10,23.30,23.58,23.94,24.69,25.22,25.46,25.50,25.72,25.75,25.82,25.73,25.16,24.82,24.52,24.28,24.09,23.90,23.65,23.35,23.05,22.84,22.63,22.29,21.85,21.40,21.14,20.96,20.70,20.37,20.11,20.02,19.96,19.82,19.44,18.99,18.54,18.10,17.70,17.57,17.70,17.81,17.91,18.11,18.16,18.13,18.04,17.87,17.58,17.40,17.30,17.25,17.27,17.40,17.49,17.54,17.60,17.50,17.36,17.28,17.23,16.64,16.04,15.63,15.39,15.26,15.17,15.14,15.07,14.89,14.66,14.53,14.54,14.68,14.81,14.91,14.98,15.08,15.26,15.42,15.09,14.55,14.07,13.99,14.01,14.36,14.79,14.48,12.86,12.52,12.79,12.73,12.59,12.58,12.65,12.72,12.61,12.50,12.37,12.20,12.00,6.28,4.49,4.49,4.51,4.52,4.52,4.52,4.54,4.54,4.51,4.51,4.52,4.51,4.51,4.51,4.52,4.54,4.53,4.53,4.53,4.53,4.52,4.51,4.51,4.50,4.67,7.05,12.55,18.23,21.59,20.66,20.16,19.96,19.90,19.80,19.75,19.77,19.83,20.09,21.33,22.88,23.53,23.43,23.33,22.43,21.83,21.25,20.54,20.14,20.04,20.01,19.99,19.96,19.90,19.85,19.80,19.75,19.69,19.67,19.67,19.70,19.64,19.64,19.70,19.76,19.74,19.68,19.70,19.77,19.83,19.87,19.91,19.91,19.86,19.80,19.87,19.90,19.90,19.91,19.88,19.86,19.83,19.84,20.00,19.91,19.71,19.50,19.40,19.34,19.40,19.39,19.16,19.22,19.37,17.47,13.45,9.74,9.02,8.84,8.79,8.78,8.97,9.09
24.11,24.52,24.87,25.21,25.41,25.57,25.69,25.80,25.90,25.98,26.04,26.08,26.15,26.22,26.26,26.26,26.23,26.33,26.32,26.22,26.06,26.00,25.78,25.59,25.49,25.33,25.19,24.99,24.87,25.05,25.06,24.75,24.29,23.91,23.93,24.10,23.67,22.76,22.59,22.73,22.82,22.86,22.90,23.27,23.40,23.35,23.23,23.46,23.60,23.90,24.24,24.27,24.29,24.58,25.04,25.56,26.11,26.34,26.16,25.68,25.49,25.35,25.29,25.11,24.63,24.40,24.19,24.02,23.91,23.90,23.75,23.46,23.09,22.77,22.55,22.12,21.61,21.16,20.89,20.73,20.50,20.16,19.83,19.73,19.72,19.65,19.36,18.91,18.47,18.05,17.71,17.66,17.81,17.92,18.01,18.21,18.20,18.18,18.09,17.83,17.48,17.37,17.34,17.32,17.29,17.40,17.51,17.56,17.56,17.43,17.35,17.32,17.25,16.63,16.17,15.90,15.76,15.62,15.46,15.37,15.29,15.15,14.95,14.78,14.72,14.79,14.83,14.88,14.93,15.03,15.31,15.50,15.12,14.54,14.09,14.03,13.91,14.10,14.59,15.09,13.30,12.49,12.43,12.53,12.45,12.43,12.48,12.55,12.51,12.42,12.31,12.16,11.98,6.29,4.50,4.49,4.52,4.53,4.52,4.52,4.53,4.53,4.52,4.51,4.51,4.52,4.52,4.52,4.53,4.54,4.54,4.54,4.53,4.52,4.52,4.51,4.51,4.85,5.82,8.39,12.90,18.05,21.51,20.50,20.02,19.86,19.85,19.81,19.71,19.69,19.74,19.83,19.92,21.63,22.37,22.16,22.03,21.23,20.66,20.33,20.20,20.04,20.01,20.00,19.98,19.95,19.91,19.87,19.83,19.78,19.73,19.71,19.72,19.75,19.64,19.65,19.70,19.76,19.79,19.68,19.68,19.75,19.82,19.83,19.79,19.76,19.75,19.75,19.77,19.77,19.81,19.92,19.87,19.85,19.84,19.85,19.98,19.77,19.47,19.16,18.96,18.91,19.00,19.04,18.90,19.09,19.34,17.94,14.49,9.85,9.08,8.85,8.76,8.77,8.91,9.02
23.24,23.94,24.68,25.36,25.68,25.84,25.90,25.98,26.12,26.24,26.29,26.27,26.38,26.48,26.50,26.47,26.40,26.58,26.46,26.09,25.60,25.45,24.89,24.40,24.18,24.03,23.75,23.49,23.44,23.88,23.97,23.85,23.73,23.76,23.87,24.23,23.72,22.59,22.76,23.31,23.79,24.16,24.48,25.13,25.44,25.39,25.15,25.59,25.43,25.06,24.71,24.66,24.46,24.68,25.14,25.66,26.11,26.33,26.20,25.79,25.44,25.06,24.81,24.65,24.55,24.46,24.34,24.11,23.80,23.78,23.68,23.49,23.19,22.71,22.46,21.95,21.37,20.91,20.64,20.48,20.28,19.98,19.61,19.50,19.49,19.47,19.31,18.89,18.44,18.09,17.89,17.80,17.93,18.04,18.11,18.19,18.13,18.13,18.03,17.65,17.41,17.41,17.44,17.43,17.36,17.42,17.46,17.41,17.28,17.15,17.25,17.32,17.18,16.63,16.39,16.23,16.08,15.93,15.71,15.52,15.38,15.29,15.18,15.07,14.93,14.76,14.74,14.79,14.84,14.95,15.26,15.52,15.23,14.76,14.36,13.99,13.83,13.83,14.10,14.91,14.20,12.83,11.87,12.26,12.28,12.30,12.33,12.37,12.43,12.39,12.26,12.08,11.91,6.29,4.52,4.50,4.52,4.52,4.51,4.50,4.50,4.51,4.53,4.52,4.51,4.53,4.53,4.52,4.52,4.52,4.53,4.54,4.52,4.50,4.50,4.53,4.52,5.68,9.43,14.06,17.85,20.29,21.05,20.14,19.79,19.67,19.68,19.71,19.66,19.64,19.66,19.72,19.85,20.89,21.03,20.49,20.28,20.14,20.07,20.05,20.06,20.03,20.02,20.00,19.97,19.94,19.93,19.91,19.87,19.83,19.77,19.72,19.72,19.73,19.65,19.66,19.69,19.72,19.77,19.69,19.67,19.71,19.80,19.81,19.73,19.68,19.68,19.67,19.68,19.67,19.77,20.10,19.94,19.88,19.89,19.91,19.94,19.56,19.15,18.80,18.49,18.48,18.54,18.60,18.63,18.98,19.30,18.37,15.50,9.96,9.18,8.91,8.72,8.78,8.87,8.94
21.63,22.86,24.34,25.75,26.11,26.21,26.25,26.29,26.31,26.33,26.36,26.36,26.39,26.47,26.52,26.51,26.44,26.49,26.07,25.47,25.16,25.40,24.76,24.17,24.02,23.79,23.60,23.58,23.81,24.32,24.64,24.84,24.98,25.13,25.46,25.62,25.13,24.21,24.07,24.65,25.09,25.37,25.61,25.95,26.10,26.03,25.82,25.97,25.69,25.34,25.05,24.89,24.65,24.81,25.24,25.77,26.12,26.31,26.19,25.80,25.41,25.01,24.79,24.72,24.69,24.63,24.49,24.16,23.69,23.68,23.57,23.41,23.19,22.84,22.34,21.73,21.13,20.66,20.38,20.17,20.00,19.81,19.44,19.37,19.33,19.29,19.24,18.85,18.41,18.12,18.04,17.90,18.02,18.11,18.13,18.10,18.16,18.18,18.02,17.60,17.45,17.55,17.63,17.63,17.56,17.52,17.39,17.22,17.11,17.28,17.46,17.48,17.23,16.81,16.61,16.46,16.28,16.01,15.69,15.50,15.40,15.35,15.26,15.15,14.97,14.74,14.67,14.70,14.76,14.91,15.28,15.55,15.33,14.99,14.74,14.40,14.09,13.92,13.99,14.52,14.75,13.60,12.25,12.00,12.09,12.17,12.23,12.27,12.33,12.28,12.18,12.03,11.87,6.31,4.53,4.50,4.52,4.51,4.50,4.51,4.51,4.51,4.53,4.53,4.52,4.53,4.53,4.53,4.53,4.54,4.53,4.54,4.52,4.49,4.50,5.64,8.01,10.47,11.41,16.70,19.15,20.12,20.20,19.76,19.55,19.55,19.63,19.69,19.75,19.75,19.74,19.74,19.84,20.28,20.31,20.03,19.94,19.95,19.97,20.00,20.01,20.01,20.01,19.99,19.96,19.93,19.93,19.92,19.90,19.86,19.81,19.76,19.73,19.74,19.70,19.71,19.71,19.71,19.75,19.71,19.67,19.68,19.78,19.78,19.68,19.63,19.67,19.74,19.78,19.80,19.82,19.92,19.89,19.85,19.82,19.81,19.75,19.33,18.89,18.49,18.13,18.06,18.07,18.18,18.42,18.93,19.29,18.90,16.72,10.10,9.21,8.91,8.70,8.77,8.76,8.81
20.00,21.83,24.04,26.15,26.52,26.58,26.61,26.64,26.53,26.47,26.45,26.48,26.43,26.47,26.53,26.55,26.51,26.40,25.71,24.97,24.91,25.65,25.08,24.53,24.55,24.30,24.24,24.46,24.87,25.29,25.74,26.16,26.47,26.64,27.06,27.01,26.55,25.87,25.42,25.92,26.21,26.32,26.42,26.41,26.37,26.28,26.14,25.98,25.67,25.47,25.33,25.09,24.84,24.95,25.34,25.87,26.12,26.28,26.17,25.79,25.40,25.02,24.88,24.89,24.88,24.84,24.65,24.20,23.58,23.57,23.45,23.30,23.14,22.93,22.22,21.52,20.90,20.40,20.13,19.89,19.73,19.61,19.30,19.28,19.21,19.12,19.12,18.79,18.39,18.16,18.16,18.01,18.12,18.17,18.14,18.03,18.16,18.16,17.97,17.59,17.51,17.66,17.78,17.77,17.74,17.63,17.37,17.11,17.05,17.46,17.69,17.63,17.29,17.01,16.82,16.63,16.39,15.99,15.62,15.45,15.40,15.39,15.30,15.17,14.97,14.73,14.61,14.62,14.68,14.87,15.32,15.59,15.44,15.19,15.05,14.80,14.38,14.07,13.97,14.09,14.97,14.31,12.90,11.81,11.92,12.03,12.12,12.16,12.13,12.13,12.10,12.00,11.83,6.65,4.75,4.50,4.53,4.50,4.49,4.51,4.54,4.52,4.52,4.53,4.53,4.53,4.54,4.54,4.54,4.55,4.53,4.53,4.51,4.62,5.09,6.57,8.70,11.43,13.64,18.26,19.36,19.45,19.40,19.42,19.41,19.51,19.65,19.72,19.87,19.89,19.84,19.79,19.85,19.84,19.85,19.88,19.92,19.96,19.98,20.00,19.99,20.00,20.00,19.99,19.96,19.93,19.92,19.91,19.90,19.87,19.85,19.80,19.76,19.75,19.76,19.75,19.73,19.71,19.73,19.72,19.67,19.67,19.76,19.74,19.64,19.62,19.72,19.85,19.92,19.94,19.88,19.71,19.82,19.79,19.74,19.71,19.58,19.18,18.72,18.27,17.87,17.67,17.63,17.78,18.14,18.88,19.29,19.36,17.76,10.24,9.25,8.93,8.69,8.75,8.67,8.71
18.95,21.42,23.99,26.33,26.75,26.84,26.91,26.99,26.93,26.84,26.79,26.81,26.77,26.73,26.70,26.70,26.77,26.59,25.94,25.31,25.31,26.59,26.38,26.19,26.61,26.55,26.66,26.80,26.89,26.85,26.90,27.11,27.31,27.35,27.39,27.30,26.86,26.21,26.01,26.29,26.41,26.41,26.44,26.40,26.35,26.29,26.22,26.14,25.94,25.74,25.53,25.29,25.04,25.09,25.44,25.97,26.12,26.24,26.12,25.77,25.38,25.07,24.97,25.01,25.07,25.03,24.78,24.22,23.47,23.45,23.32,23.18,22.99,22.70,22.12,21.41,20.70,20.15,19.88,19.74,19.54,19.28,19.21,19.26,19.19,19.04,18.92,18.67,18.36,18.19,18.22,18.21,18.25,18.26,18.20,18.10,17.95,17.83,17.73,17.65,17.59,17.64,17.68,17.70,17.71,17.68,17.51,17.31,17.26,17.50,17.71,17.66,17.31,17.18,16.98,16.68,16.27,15.86,15.54,15.41,15.40,15.39,15.34,15.19,14.96,14.71,14.59,14.55,14.61,14.85,15.35,15.62,15.54,15.31,15.07,14.79,14.48,14.18,13.91,13.72,14.32,14.46,13.70,11.88,11.79,11.87,11.95,11.92,11.55,11.90,12.05,11.95,11.75,8.13,5.67,4.52,4.52,4.50,4.52,4.54,4.55,4.54,4.52,4.53,4.53,4.52,4.54,4.54,4.53,4.53,4.54,4.52,4.51,5.22,8.86,10.01,11.85,13.78,15.29,17.97,18.74,18.93,19.06,19.30,19.58,19.73,19.79,19.83,19.96,19.96,19.89,19.82,19.90,19.89,19.87,19.87,19.92,19.95,19.98,19.99,19.98,19.99,19.98,19.97,19.96,19.93,19.93,19.89,19.83,19.80,19.83,19.82,19.79,19.77,19.79,19.76,19.74,19.74,19.70,19.72,19.72,19.72,19.74,19.69,19.65,19.73,19.90,19.98,20.00,19.99,19.92,19.73,19.77,19.73,19.71,19.72,19.63,19.30,18.86,18.38,17.91,17.37,17.27,17.38,17.57,18.76,19.28,19.46,18.00,10.35,9.35,9.02,8.75,8.73,8.70,8.74
18.85,21.76,24.37,26.49,26.87,26.95,27.04,27.14,27.12,27.09,27.07,27.03,26.97,26.89,26.84,26.83,26.93,26.75,26.34,25.95,25.95,27.03,27.07,27.03,27.34,27.45,27.59,27.66,27.62,27.42,27.33,27.40,27.47,27.43,27.32,27.23,26.93,26.50,26.40,26.49,26.50,26.45,26.45,26.40,26.35,26.30,26.25,26.21,26.10,25.93,25.72,25.48,25.23,25.24,25.51,26.00,26.11,26.19,26.08,25.76,25.37,25.13,25.06,25.11,25.20,25.21,24.91,24.29,23.48,23.35,23.20,23.07,22.88,22.50,22.01,21.34,20.63,20.03,19.78,19.63,19.43,19.18,19.19,19.26,19.18,19.00,18.83,18.65,18.44,18.31,18.33,18.36,18.36,18.31,18.23,18.11,17.85,17.71,17.68,17.70,17.65,17.66,17.68,17.71,17.68,17.70,17.55,17.35,17.33,17.58,17.77,17.76,17.50,17.28,16.98,16.59,16.14,15.76,15.49,15.39,15.39,15.39,15.36,15.20,14.96,14.71,14.58,14.55,14.64,14.91,15.43,15.69,15.67,15.50,15.28,15.02,14.73,14.42,14.07,13.67,13.85,14.25,14.07,12.63,11.74,11.68,11.82,11.84,11.53,11.83,11.98,11.90,11.76,9.78,6.67,4.51,4.51,4.50,4.52,4.54,4.54,4.54,4.53,4.53,4.53,4.53,4.54,4.54,4.54,4.53,4.54,4.84,5.91,7.97,11.31,12.52,14.35,15.93,16.76,18.01,18.96,19.77,20.24,19.61,19.86,19.97,19.95,19.93,20.00,19.98,19.92,19.88,20.05,20.06,19.96,19.85,19.92,19.95,19.97,19.99,19.98,19.98,19.97,19.96,19.94,19.91,19.93,19.92,19.90,19.89,19.94,19.94,19.91,19.89,19.89,19.84,19.82,19.81,19.77,19.78,19.76,19.72,19.70,19.67,19.68,19.75,19.88,19.95,19.96,19.94,19.86,19.73,19.81,19.87,19.90,19.89,19.78,19.48,19.05,18.50,17.83,17.08,16.86,16.82,16.68,17.52,18.75,19.48,18.10,10.55,9.45,9.08,8.79,8.70,8.71,8.76
19.32,22.52,25.00,26.63,26.92,26.99,27.07,27.18,27.18,27.26,27.30,27.19,27.08,26.99,26.94,26.95,27.01,26.91,26.82,26.76,26.72,27.16,27.37,27.38,27.27,27.53,27.61,27.62,27.57,27.41,27.32,27.28,27.23,27.13,27.03,26.93,26.84,26.75,26.67,26.59,26.51,26.46,26.45,26.40,26.36,26.31,26.26,26.22,26.18,26.08,25.91,25.67,25.43,25.38,25.58,26.00,26.10,26.15,26.04,25.74,25.35,25.20,25.16,25.20,25.30,25.38,25.05,24.38,23.56,23.26,23.09,22.97,22.77,22.33,21.88,21.29,20.63,19.99,19.77,19.56,19.36,19.21,19.21,19.27,19.19,18.99,18.80,18.68,18.57,18.50,18.49,18.48,18.43,18.35,18.22,18.09,17.83,17.73,17.73,17.74,17.70,17.70,17.74,17.77,17.65,17.68,17.51,17.30,17.31,17.67,17.84,17.87,17.79,17.33,16.87,16.42,15.99,15.67,15.45,15.38,15.38,15.37,15.35,15.19,14.95,14.71,14.57,14.60,14.73,15.02,15.54,15.79,15.82,15.74,15.61,15.37,15.06,14.74,14.37,13.82,13.51,13.83,14.16,13.77,11.78,11.49,11.71,11.86,11.82,11.86,11.87,11.85,11.82,11.46,7.70,4.51,4.49,4.51,4.52,4.53,4.54,4.52,4.54,4.54,4.53,4.54,4.54,4.54,4.54,4.55,4.63,5.95,8.21,11.99,15.08,14.90,16.41,17.90,18.08,18.26,19.71,21.44,22.32,20.21,20.22,20.22,20.11,20.03,20.01,19.97,19.94,19.97,20.23,20.29,20.08,19.82,19.93,19.94,19.96,19.98,19.99,19.99,19.96,19.95,19.93,19.89,19.93,20.00,20.06,20.07,20.12,20.11,20.08,20.06,20.02,19.98,19.94,19.91,19.89,19.88,19.80,19.70,19.66,19.67,19.71,19.72,19.73,19.83,19.85,19.82,19.76,19.73,19.90,20.12,20.22,20.14,19.97,19.69,19.27,18.64,17.70,16.79,16.42,16.15,15.61,15.63,17.84,19.32,17.99,10.79,9.55,9.12,8.83,8.68,8.70,8.76
19.49,22.65,25.28,26.59,26.87,26.94,27.01,27.11,27.18,27.25,27.26,27.18,27.12,27.07,27.03,27.01,26.97,26.88,26.83,26.86,26.97,27.20,27.36,27.44,27.48,27.63,27.62,27.59,27.53,27.40,27.31,27.24,27.17,27.09,27.00,26.91,26.79,26.66,26.65,26.56,26.49,26.45,26.44,26.41,26.37,26.32,26.28,26.22,26.20,26.14,26.02,25.86,25.62,25.52,25.65,25.99,26.08,26.10,25.99,25.73,25.34,25.27,25.27,25.30,25.40,25.47,25.13,24.47,23.63,23.16,23.11,22.95,22.60,22.14,21.70,21.20,20.62,19.99,19.74,19.53,19.42,19.41,19.45,19.38,19.21,19.03,18.97,18.94,18.75,18.57,18.52,18.44,18.36,18.25,18.14,18.03,17.95,17.79,17.64,17.58,17.65,17.61,17.55,17.49,17.36,17.28,17.16,17.02,16.91,17.21,17.34,17.39,17.40,17.07,16.67,16.27,15.91,15.59,15.42,15.36,15.29,15.12,14.94,14.78,14.73,14.80,14.81,14.73,14.84,15.16,15.63,15.76,15.82,15.79,15.69,15.53,15.35,15.16,14.90,14.37,13.75,13.60,13.86,14.28,12.84,11.84,11.48,11.68,11.75,11.50,11.57,11.79,11.76,11.50,8.96,5.65,4.50,4.51,4.51,4.51,4.52,4.50,4.53,4.53,4.51,4.51,4.50,4.52,4.53,4.92,9.29,11.26,13.07,14.95,16.34,16.66,17.38,17.95,18.02,18.38,21.19,23.22,23.38,21.59,20.73,20.26,20.05,19.97,19.99,19.98,19.95,19.95,20.15,20.23,20.12,19.95,19.92,19.93,19.94,19.95,19.97,19.95,19.93,19.96,20.03,20.07,20.10,20.15,20.18,20.17,20.17,20.16,20.13,20.11,20.10,20.06,20.03,20.01,19.98,19.94,19.88,19.83,19.80,19.70,19.71,19.73,19.74,19.79,19.77,19.76,19.76,19.79,19.99,20.14,20.20,20.16,20.07,19.91,19.65,19.09,17.83,16.55,15.95,15.61,15.08,14.23,14.90,15.13,13.91,10.43,9.62,9.20,8.88,8.66,8.70,8.71
19.70,22.83,25.51,26.54,26.84,26.98,27.08,27.14,27.20,27.25,27.24,27.17,27.14,27.11,27.08,27.05,26.97,26.90,26.89,26.96,27.14,27.26,27.37,27.49,27.61,27.70,27.65,27.59,27.51,27.41,27.31,27.22,27.14,27.07,26.99,26.89,26.75,26.61,26.63,26.54,26.47,26.43,26.43,26.41,26.38,26.34,26.28,26.21,26.19,26.16,26.10,26.00,25.79,25.67,25.72,25.98,26.06,26.06,25.95,25.72,25.38,25.36,25.37,25.40,25.46,25.48,25.17,24.58,23.82,23.47,23.34,23.04,22.54,22.03,21.53,21.07,20.56,19.98,19.72,19.58,19.56,19.63,19.70,19.53,19.34,19.24,19.33,19.28,19.02,18.73,18.55,18.38,18.31,18.19,18.08,17.99,18.07,17.96,17.76,17.64,17.70,17.66,17.58,17.47,17.32,17.19,17.06,16.90,16.67,16.74,16.85,16.93,16.93,16.71,16.34,16.00,15.71,15.44,15.30,15.20,15.07,14.84,14.73,14.65,14.72,14.93,14.97,14.82,14.96,15.31,15.65,15.72,15.79,15.81,15.76,15.65,15.54,15.41,15.18,14.66,14.01,13.59,13.66,14.31,13.67,12.32,11.48,11.50,11.64,11.34,11.43,11.73,11.69,11.48,9.13,7.15,4.50,4.51,4.50,4.50,4.51,4.50,4.53,4.53,4.51,4.51,4.49,4.51,4.94,6.36,10.94,14.09,16.15,16.89,17.30,17.76,17.88,17.89,17.97,18.37,21.71,23.95,24.01,22.54,21.04,20.26,20.00,19.93,19.95,19.96,19.94,19.93,20.05,20.12,20.07,19.96,19.91,19.91,19.92,19.93,19.94,19.92,19.89,19.94,20.09,20.18,20.21,20.24,20.25,20.22,20.22,20.19,20.16,20.14,20.15,20.12,20.10,20.08,20.06,20.01,19.97,19.94,19.89,19.76,19.74,19.74,19.72,19.74,19.72,19.73,19.77,19.84,20.09,20.18,20.20,20.20,20.14,20.04,19.89,19.38,17.87,16.36,15.65,15.26,14.69,13.49,13.12,12.55,11.49,10.28,9.75,9.33,8.96,8.69,8.71,8.69
19.98,23.07,25.66,26.47,26.85,27.14,27.33,27.28,27.25,27.26,27.25,27.14,27.14,27.11,27.09,27.08,27.02,26.97,26.99,27.08,27.21,27.32,27.42,27.53,27.66,27.74,27.69,27.62,27.54,27.45,27.32,27.21,27.13,27.07,27.00,26.86,26.72,26.61,26.60,26.54,26.47,26.42,26.42,26.41,26.38,26.35,26.29,26.17,26.15,26.15,26.14,26.07,25.96,25.81,25.78,25.98,26.05,26.02,25.91,25.72,25.48,25.47,25.48,25.49,25.49,25.38,25.14,24.71,24.18,24.30,23.84,23.25,22.63,22.00,21.39,20.89,20.43,19.97,19.71,19.71,19.80,19.88,19.95,19.72,19.60,19.65,19.92,19.74,19.40,18.99,18.57,18.30,18.26,18.17,18.06,17.98,18.21,18.26,18.16,18.00,17.88,17.89,17.88,17.79,17.61,17.49,17.28,16.98,16.62,16.27,16.37,16.49,16.37,16.20,15.85,15.56,15.37,15.22,15.06,14.86,14.66,14.53,14.76,14.87,14.98,15.10,15.01,14.85,15.08,15.48,15.59,15.66,15.73,15.79,15.83,15.71,15.60,15.44,15.16,14.64,14.28,13.85,13.58,13.71,14.19,12.98,11.78,11.34,11.49,11.43,11.51,11.64,11.61,11.37,10.92,10.59,4.50,4.50,4.50,4.51,4.53,4.52,4.53,4.54,4.53,4.52,4.52,4.51,5.88,9.19,14.72,15.96,16.93,17.49,17.91,18.00,17.80,17.69,17.93,18.21,20.99,23.33,24.10,22.92,21.11,20.20,19.96,19.89,19.89,19.90,19.90,19.90,19.90,19.95,19.89,19.80,19.90,19.89,19.89,19.91,19.91,19.89,19.83,19.90,20.09,20.21,20.25,20.26,20.25,20.23,20.26,20.21,20.17,20.18,20.18,20.16,20.14,20.13,20.14,20.10,20.07,20.02,19.92,19.85,19.80,19.74,19.66,19.67,19.72,19.75,19.78,19.87,20.21,20.26,20.24,20.26,20.16,20.06,19.95,19.45,17.77,16.24,15.58,15.18,14.47,13.59,12.84,12.05,11.22,10.41,9.96,9.50,9.07,8.78,8.73,8.71
20.13,23.25,25.80,26.44,26.81,27.13,27.39,27.52,27.44,27.34,27.29,27.33,27.23,27.16,27.12,27.09,27.06,27.03,27.09,27.20,27.30,27.40,27.49,27.59,27.68,27.71,27.69,27.65,27.57,27.49,27.36,27.22,27.13,27.08,26.99,26.86,26.72,26.60,26.57,26.51,26.44,26.40,26.39,26.39,26.37,26.35,26.30,26.17,26.12,26.14,26.17,26.11,26.03,25.92,25.87,25.96,26.00,25.96,25.86,25.73,25.58,25.56,25.54,25.55,25.64,25.52,25.23,25.07,25.20,25.66,25.42,24.89,24.25,23.61,22.97,22.41,21.99,21.70,20.73,20.66,20.85,21.00,21.02,20.84,20.60,20.42,20.46,20.12,19.70,19.24,18.79,18.42,18.39,18.32,18.24,18.25,18.43,18.51,18.41,18.11,17.99,18.05,18.09,18.02,17.85,17.62,17.31,16.96,16.61,16.23,16.11,16.07,15.97,15.68,15.52,15.33,15.11,14.93,14.83,14.71,14.61,14.61,14.80,14.86,14.89,14.92,14.91,15.04,15.25,15.46,15.53,15.60,15.67,15.74,15.80,15.76,15.67,15.45,15.13,14.76,14.65,14.29,13.81,13.49,13.98,13.51,12.41,11.20,11.33,11.37,11.46,11.55,11.55,11.42,11.26,10.28,6.54,4.66,4.50,4.51,4.54,4.52,4.53,4.53,4.52,4.51,4.50,4.52,5.25,7.31,12.60,14.88,16.61,17.49,17.91,17.89,17.57,17.43,17.78,18.17,20.03,22.42,24.20,23.16,21.36,20.31,19.95,19.97,19.88,19.87,19.85,19.79,19.77,19.84,19.87,19.89,19.99,19.84,19.81,19.82,19.82,19.79,19.72,19.82,20.04,20.17,20.23,20.26,20.27,20.27,20.27,20.24,20.21,20.20,20.20,20.21,20.19,20.17,20.17,20.12,20.08,20.03,19.95,19.92,19.89,19.83,19.75,19.75,19.75,19.76,19.82,19.96,20.20,20.26,20.27,20.30,20.19,20.09,20.00,19.55,17.98,16.24,15.54,15.29,14.84,14.07,13.06,11.72,10.09,8.36,7.77,8.34,9.12,8.89,8.72,8.68
20.29,23.43,25.94,26.45,26.80,27.12,27.43,27.74,27.64,27.43,27.34,27.49,27.31,27.20,27.15,27.14,27.13,27.13,27.21,27.32,27.40,27.49,27.57,27.64,27.69,27.66,27.67,27.64,27.59,27.53,27.39,27.24,27.13,27.07,26.98,26.87,26.73,26.60,26.55,26.48,26.43,26.39,26.36,26.37,26.37,26.35,26.31,26.19,26.13,26.14,26.17,26.13,26.08,26.01,25.96,25.96,25.97,25.92,25.84,25.74,25.65,25.62,25.58,25.61,25.83,25.79,25.59,25.74,26.44,27.13,27.19,26.80,26.16,25.52,24.88,24.35,24.04,23.90,22.21,22.03,22.26,22.43,22.40,22.27,21.85,21.27,20.82,20.34,19.86,19.39,18.96,18.55,18.52,18.46,18.43,18.49,18.58,18.65,18.55,18.17,18.04,18.13,18.21,18.17,17.97,17.61,17.23,16.87,16.54,16.18,15.86,15.67,15.60,15.27,15.23,15.11,14.87,14.69,14.69,14.64,14.64,14.75,14.81,14.80,14.76,14.74,14.87,15.25,15.40,15.40,15.47,15.54,15.61,15.68,15.75,15.79,15.72,15.48,15.16,14.93,15.06,14.79,14.20,13.52,13.66,13.79,12.99,11.38,11.19,11.28,11.38,11.46,11.50,11.46,11.31,9.98,7.27,4.91,4.49,4.51,4.54,4.52,4.53,4.52,4.51,4.51,4.48,4.52,4.55,5.14,10.19,13.33,15.61,17.03,17.80,17.74,17.34,17.17,17.62,18.15,19.17,21.45,23.98,23.26,21.74,20.63,20.08,20.06,19.91,19.87,19.82,19.71,19.67,19.75,19.88,19.99,20.06,19.83,19.76,19.75,19.73,19.69,19.63,19.74,19.99,20.13,20.19,20.24,20.28,20.30,20.28,20.27,20.26,20.24,20.23,20.27,20.26,20.21,20.19,20.14,20.09,20.04,19.98,20.00,19.97,19.92,19.87,19.87,19.80,19.78,19.84,20.00,20.13,20.22,20.28,20.32,20.23,20.12,20.02,19.64,18.35,16.48,15.81,15.73,15.52,14.03,13.09,11.50,9.13,6.51,5.79,7.42,9.14,8.98,8.70,8.66
20.55,23.67,26.15,26.59,26.92,27.22,27.52,27.82,27.75,27.56,27.44,27.49,27.31,27.19,27.21,27.31,27.27,27.31,27.37,27.44,27.52,27.61,27.65,27.69,27.71,27.63,27.57,27.58,27.60,27.55,27.42,27.28,27.14,27.04,26.99,26.88,26.74,26.59,26.51,26.47,26.46,26.45,26.36,26.37,26.38,26.36,26.32,26.26,26.22,26.16,26.11,26.11,26.10,26.07,26.04,26.02,25.99,25.95,25.89,25.79,25.65,25.60,25.54,25.62,26.06,26.31,26.70,27.26,27.95,28.65,28.96,28.71,28.07,27.43,26.81,26.58,26.60,26.54,24.51,24.22,24.33,24.34,24.29,24.16,23.41,22.16,20.65,20.14,19.66,19.22,18.83,18.59,18.56,18.53,18.50,18.49,18.51,18.49,18.41,18.24,17.96,18.00,18.10,18.10,17.75,17.29,16.90,16.56,16.22,15.88,15.54,15.33,15.27,15.16,15.00,14.82,14.68,14.66,14.80,14.72,14.64,14.79,14.74,14.70,14.67,14.73,15.10,15.45,15.47,15.33,15.40,15.47,15.54,15.61,15.69,15.75,15.73,15.59,15.38,15.20,15.47,15.37,14.88,14.09,13.42,13.42,13.26,12.53,11.09,11.14,11.29,11.36,11.45,11.43,11.30,10.89,10.21,5.33,4.50,4.50,4.51,4.53,4.53,4.54,4.54,4.55,4.52,4.51,4.51,4.70,5.99,11.63,13.18,15.55,17.70,17.66,17.16,16.94,17.48,18.11,18.72,20.49,22.81,22.99,22.42,21.51,20.62,20.15,20.06,19.97,19.87,19.75,19.66,19.75,19.90,20.03,20.03,19.94,19.86,19.77,19.66,19.65,19.58,19.68,19.93,20.10,20.17,20.22,20.26,20.29,20.32,20.31,20.32,20.35,20.32,20.34,20.34,20.31,20.25,20.21,20.16,20.09,20.04,20.07,20.01,19.98,19.99,19.97,19.88,19.83,19.82,19.85,20.01,20.14,20.24,20.30,20.28,20.16,20.00,19.69,19.04,17.41,16.97,17.10,16.80,12.18,8.72,6.87,6.36,5.80,5.65,7.23,9.07,8.98,8.69,8.65
20.66,23.74,26.24,26.68,27.00,27.30,27.60,27.90,27.82,27.64,27.50,27.46,27.33,27.26,27.31,27.44,27.42,27.43,27.45,27.51,27.64,27.69,27.69,27.70,27.74,27.65,27.57,27.54,27.55,27.50,27.40,27.26,27.13,27.06,26.95,26.87,26.76,26.62,26.57,26.53,26.54,26.54,26.42,26.42,26.40,26.34,26.28,26.26,26.23,26.18,26.11,26.12,26.11,26.09,26.07,26.06,25.99,25.93,25.88,25.81,25.68,25.63,25.57,25.67,26.12,26.85,27.82,28.74,29.46,30.16,30.68,30.59,29.99,29.36,29.03,29.01,29.14,29.09,26.73,26.26,26.28,26.23,26.17,25.79,24.79,23.04,20.46,19.93,19.46,19.11,18.89,18.66,18.63,18.61,18.59,18.54,18.43,18.33,18.23,18.13,17.89,17.94,18.00,17.91,17.44,16.92,16.53,16.21,15.89,15.57,15.24,15.02,14.96,14.99,14.83,14.68,14.59,14.61,14.75,14.73,14.68,14.76,14.65,14.70,14.75,14.81,15.27,15.51,15.48,15.34,15.33,15.40,15.48,15.55,15.62,15.69,15.73,15.69,15.58,15.43,15.58,15.55,15.22,14.55,13.64,13.31,13.26,13.07,11.56,11.23,11.20,11.28,11.38,11.39,11.29,11.18,11.01,6.53,4.96,4.49,4.49,4.52,4.53,4.54,4.54,4.54,4.53,4.52,4.51,4.54,4.80,8.92,11.09,14.56,17.20,17.49,16.98,16.54,16.86,17.89,18.51,20.08,22.39,23.65,23.53,22.56,21.29,20.30,20.14,19.97,19.82,19.69,19.58,19.74,19.88,19.97,20.05,20.03,20.02,19.91,19.67,19.67,19.60,19.67,19.90,20.08,20.16,20.22,20.27,20.32,20.35,20.36,20.38,20.40,20.39,20.41,20.42,20.40,20.33,20.28,20.22,20.16,20.11,20.13,20.07,20.03,20.05,20.03,19.94,19.84,19.78,19.80,19.93,20.06,20.17,20.24,20.28,20.15,19.99,19.82,19.62,18.40,18.38,18.67,17.99,12.15,7.73,5.64,5.60,5.61,5.62,7.06,8.79,9.01,8.74,8.68
20.70,23.71,26.27,26.75,27.08,27.39,27.69,27.98,27.87,27.70,27.53,27.42,27.36,27.37,27.44,27.53,27.57,27.52,27.49,27.55,27.75,27.75,27.70,27.70,27.78,27.70,27.62,27.54,27.46,27.41,27.36,27.23,27.12,27.10,26.91,26.87,26.78,26.66,26.68,26.63,26.64,26.64,26.50,26.48,26.42,26.31,26.21,26.22,26.22,26.19,26.15,26.13,26.12,26.09,26.07,26.08,25.97,25.89,25.84,25.81,25.71,25.68,25.64,25.72,26.08,27.36,28.86,30.11,30.91,31.65,32.37,32.43,31.91,31.32,31.40,31.51,31.62,31.55,28.93,28.27,28.18,28.11,28.05,27.29,26.07,23.93,20.32,19.73,19.28,19.07,19.08,18.77,18.74,18.71,18.68,18.63,18.35,18.16,18.03,17.92,17.82,17.91,17.91,17.65,17.07,16.53,16.14,15.84,15.55,15.25,14.95,14.74,14.68,14.79,14.70,14.60,14.56,14.56,14.63,14.70,14.74,14.69,14.57,14.78,14.91,14.94,15.40,15.50,15.47,15.39,15.27,15.34,15.41,15.48,15.55,15.62,15.73,15.79,15.76,15.64,15.54,15.51,15.36,14.90,14.08,13.36,13.14,13.26,12.33,11.45,11.12,11.20,11.28,11.35,11.29,11.15,10.75,8.16,5.67,4.48,4.48,4.50,4.52,4.53,4.53,4.52,4.54,4.54,4.53,4.54,4.52,6.25,9.28,13.74,16.46,17.27,16.80,16.08,16.03,17.57,18.46,20.03,22.42,24.77,24.83,23.69,22.02,20.50,20.18,19.93,19.73,19.58,19.48,19.74,19.85,19.88,20.08,20.10,20.18,20.09,19.73,19.73,19.64,19.69,19.89,20.06,20.16,20.23,20.30,20.36,20.39,20.41,20.43,20.44,20.47,20.49,20.49,20.47,20.41,20.34,20.29,20.24,20.19,20.18,20.13,20.09,20.06,20.07,19.98,19.85,19.75,19.80,19.87,19.98,20.08,20.16,20.25,20.11,19.99,19.97,20.10,19.40,19.90,20.31,19.11,13.07,8.13,5.70,5.61,5.63,5.63,6.79,8.35,9.04,8.82,8.72
20.60,23.61,26.35,27.24,27.54,27.73,27.91,28.09,28.01,27.69,27.40,27.37,27.40,27.45,27.48,27.51,27.55,27.55,27.56,27.62,27.71,27.69,27.65,27.70,27.83,27.75,27.67,27.59,27.51,27.44,27.42,27.29,27.15,27.08,27.06,27.00,26.87,26.71,26.71,26.66,26.65,26.61,26.52,26.45,26.38,26.29,26.21,26.18,26.19,26.15,26.07,25.98,26.09,26.09,26.03,25.97,25.94,25.87,25.86,25.89,25.76,25.71,25.69,25.76,25.99,27.08,28.53,30.01,31.32,32.62,33.72,34.11,33.94,33.81,33.71,33.62,33.52,33.33,31.83,30.85,30.27,30.00,29.93,28.77,27.33,25.08,21.24,19.81,19.52,19.67,19.71,19.25,19.02,18.85,18.76,18.62,18.28,17.96,17.77,17.78,17.67,17.79,17.73,17.36,16.71,16.15,15.74,15.45,15.19,14.90,14.74,14.69,14.71,14.66,14.58,14.51,14.52,14.65,14.57,14.66,14.77,14.74,14.81,14.93,14.98,15.02,15.42,15.46,15.46,15.40,15.20,15.27,15.34,15.41,15.49,15.57,15.68,15.76,15.74,15.59,15.63,15.51,15.20,14.71,14.19,13.58,13.24,13.22,13.08,11.81,11.14,11.10,11.21,11.29,11.26,11.17,10.99,10.14,7.09,4.49,4.47,4.50,4.50,4.51,4.53,4.52,4.52,4.53,4.53,4.53,4.52,4.90,7.28,11.25,15.52,17.02,16.73,15.89,15.67,17.34,19.11,21.12,23.36,25.53,25.65,24.49,22.69,20.96,20.29,20.04,19.85,19.60,19.64,19.87,20.01,20.05,20.04,20.05,20.07,20.06,19.95,19.81,19.72,19.69,19.77,20.03,20.15,20.25,20.32,20.38,20.42,20.45,20.48,20.51,20.53,20.55,20.55,20.53,20.49,20.42,20.39,20.36,20.31,20.23,20.19,20.13,20.05,20.04,19.99,19.92,19.83,19.77,19.81,19.90,19.99,20.08,20.18,20.09,20.02,20.00,20.04,20.19,21.02,21.38,19.97,13.76,8.49,5.81,5.62,5.64,5.63,6.02,7.07,8.96,8.84,8.72
20.49,23.52,26.33,27.45,27.76,27.92,28.06,28.18,28.15,27.72,27.35,27.35,27.43,27.49,27.50,27.48,27.52,27.51,27.57,27.66,27.69,27.65,27.62,27.69,27.87,27.80,27.74,27.67,27.59,27.51,27.55,27.48,27.33,27.18,27.24,27.08,26.88,26.73,26.70,26.67,26.64,26.58,26.50,26.42,26.34,26.27,26.21,26.18,26.21,26.19,26.11,25.98,26.08,26.08,26.00,25.89,25.90,25.87,25.90,25.95,25.80,25.72,25.69,25.73,25.86,26.79,28.20,29.77,31.33,32.89,34.35,35.18,35.43,35.44,35.25,35.04,34.83,34.59,33.95,33.01,32.22,31.73,31.39,30.03,28.51,26.36,22.81,20.71,20.23,20.35,20.35,19.76,19.41,19.10,18.88,18.59,18.20,17.81,17.56,17.56,17.51,17.60,17.45,16.96,16.32,15.78,15.38,15.10,14.90,14.68,14.60,14.64,14.71,14.58,14.55,14.55,14.59,14.77,14.65,14.73,14.86,14.90,15.05,15.10,15.09,15.11,15.45,15.45,15.44,15.40,15.20,15.21,15.27,15.35,15.42,15.51,15.60,15.71,15.77,15.66,15.65,15.49,15.18,14.71,14.36,13.88,13.43,13.17,13.35,12.27,11.39,10.99,11.10,11.15,11.20,11.19,11.12,11.14,7.82,5.84,4.48,4.50,4.50,4.51,4.53,4.51,4.52,4.53,4.53,4.53,4.52,4.52,5.76,9.88,13.36,16.12,16.53,15.81,15.25,16.76,19.14,21.57,23.77,25.78,26.03,24.91,23.07,21.27,20.37,20.07,19.88,19.63,19.75,19.97,20.11,20.12,20.02,20.03,20.03,20.05,20.06,19.85,19.76,19.71,19.73,19.99,20.14,20.25,20.33,20.39,20.45,20.49,20.52,20.57,20.59,20.60,20.60,20.60,20.56,20.50,20.47,20.44,20.40,20.29,20.25,20.18,20.09,20.07,20.02,19.96,19.88,19.78,19.78,19.83,19.90,19.98,20.07,20.05,20.03,20.03,20.00,20.51,21.47,21.89,20.64,14.42,8.81,5.86,5.62,5.64,5.63,5.62,6.62,8.92,8.90,8.74
20.35,23.42,26.17,27.35,27.71,27.93,28.13,28.26,28.28,27.82,27.39,27.39,27.47,27.50,27.49,27.46,27.46,27.39,27.50,27.66,27.70,27.62,27.59,27.69,27.88,27.86,27.83,27.78,27.70,27.63,27.76,27.80,27.68,27.43,27.47,27.10,26.81,26.72,26.66,26.65,26.61,26.55,26.45,26.38,26.30,26.24,26.21,26.24,26.28,26.32,26.31,26.15,26.09,26.06,25.98,25.84,25.84,25.90,25.97,26.00,25.85,25.70,25.62,25.60,25.67,26.49,27.85,29.39,30.88,32.37,34.17,35.57,36.28,36.11,35.90,35.68,35.46,35.25,35.15,34.68,34.03,33.29,32.36,31.01,29.60,27.80,25.11,22.53,21.46,21.15,20.99,20.28,19.91,19.49,19.04,18.52,18.11,17.72,17.41,17.25,17.34,17.35,17.05,16.43,15.89,15.44,15.06,14.80,14.70,14.61,14.56,14.59,14.69,14.54,14.63,14.72,14.81,14.96,14.90,14.92,15.03,15.17,15.30,15.32,15.26,15.20,15.47,15.47,15.42,15.36,15.25,15.17,15.20,15.28,15.37,15.44,15.48,15.64,15.85,15.85,15.58,15.46,15.31,14.94,14.59,14.26,13.75,13.12,13.07,12.84,11.90,10.88,10.95,10.93,11.09,11.20,11.13,11.01,9.57,8.72,4.52,4.49,4.52,4.53,4.52,4.50,4.53,4.54,4.54,4.53,4.54,4.53,4.66,5.88,9.76,14.48,16.18,15.84,14.75,15.77,18.47,21.26,23.60,25.43,25.91,24.91,23.12,21.39,20.41,20.01,19.81,19.67,19.84,20.06,20.13,20.08,20.05,20.05,20.06,20.06,20.04,19.83,19.78,19.76,19.77,19.94,20.12,20.24,20.33,20.40,20.47,20.52,20.57,20.61,20.64,20.64,20.65,20.65,20.62,20.56,20.51,20.48,20.45,20.37,20.31,20.25,20.19,20.14,20.05,19.97,19.89,19.83,19.81,19.79,19.80,19.85,19.93,19.98,20.04,20.06,19.98,20.31,21.17,21.78,21.09,15.03,9.06,5.86,5.61,5.63,5.64,5.62,6.38,8.93,9.00,8.77
19.91,22.96,25.84,27.30,27.69,27.91,28.14,28.36,28.26,27.85,27.51,27.49,27.51,27.53,27.51,27.47,27.47,27.40,27.54,27.72,27.71,27.63,27.60,27.69,27.87,27.85,27.82,27.79,27.75,27.70,27.72,27.76,27.77,27.71,27.39,27.03,26.80,26.73,26.65,26.63,26.59,26.52,26.42,26.40,26.30,26.22,26.22,26.25,26.26,26.27,26.27,26.20,26.14,26.10,26.03,25.91,25.93,25.93,25.92,25.88,25.81,25.73,25.67,25.67,25.76,26.08,27.17,28.70,30.41,32.27,34.29,35.75,36.44,36.23,36.03,35.82,35.58,35.30,35.22,34.91,34.38,33.60,32.42,31.01,29.65,28.14,26.19,24.21,22.88,22.08,21.62,20.84,20.34,19.80,19.29,18.72,18.22,17.72,17.29,16.99,17.04,16.89,16.46,15.82,15.34,15.23,15.14,14.99,14.78,14.60,14.53,14.56,14.62,14.59,14.75,14.91,15.02,15.11,15.11,15.15,15.23,15.32,15.42,15.48,15.46,15.40,15.50,15.48,15.47,15.45,15.36,15.21,15.19,15.23,15.30,15.38,15.41,15.53,15.73,15.82,15.71,15.61,15.48,15.23,14.87,14.58,14.07,13.36,12.99,13.14,12.47,11.37,10.83,10.87,11.02,11.14,11.11,11.02,10.44,8.81,5.25,4.54,4.51,4.52,4.53,4.51,4.52,4.51,4.51,4.53,4.53,4.52,4.51,5.06,7.14,12.49,15.14,15.43,14.21,14.97,17.20,19.85,22.53,25.16,25.68,24.86,23.22,21.36,20.41,20.03,19.82,19.65,19.82,20.02,20.09,20.05,20.02,20.02,20.02,20.02,20.00,19.93,19.83,19.78,19.78,19.86,20.07,20.24,20.34,20.41,20.49,20.54,20.58,20.64,20.66,20.68,20.69,20.70,20.67,20.61,20.56,20.51,20.48,20.41,20.35,20.29,20.24,20.18,20.11,20.04,19.96,19.89,19.80,19.78,19.81,19.85,19.84,19.91,20.01,20.07,19.98,20.18,21.27,22.04,21.16,15.83,10.95,6.49,5.59,5.60,5.62,5.61,6.28,8.46,8.86,8.73
19.42,22.43,25.40,27.22,27.70,27.95,28.20,28.46,28.26,27.93,27.66,27.59,27.55,27.56,27.54,27.49,27.48,27.42,27.59,27.78,27.73,27.65,27.62,27.70,27.85,27.83,27.82,27.79,27.76,27.73,27.65,27.64,27.73,27.81,27.25,26.95,26.80,26.74,26.65,26.61,26.56,26.49,26.39,26.39,26.29,26.20,26.21,26.22,26.22,26.22,26.21,26.21,26.19,26.15,26.09,26.00,26.01,25.96,25.88,25.80,25.76,25.75,25.73,25.74,25.83,25.75,26.66,28.21,30.15,32.31,34.46,35.89,36.44,36.19,35.94,35.69,35.39,35.05,35.09,34.89,34.46,33.74,32.45,31.05,29.73,28.43,27.00,25.56,24.12,22.98,22.27,21.41,20.81,20.12,19.49,18.91,18.34,17.77,17.25,16.82,16.70,16.40,15.94,15.41,15.08,15.25,15.34,15.26,14.97,14.70,14.62,14.63,14.68,14.75,14.93,15.10,15.21,15.24,15.27,15.33,15.40,15.45,15.54,15.64,15.64,15.55,15.53,15.53,15.54,15.54,15.46,15.28,15.21,15.21,15.25,15.33,15.36,15.46,15.62,15.79,15.84,15.77,15.64,15.49,15.18,14.90,14.40,13.66,13.04,13.29,12.93,11.96,10.85,10.84,10.95,11.06,11.08,11.02,10.96,8.62,5.12,4.56,4.51,4.52,4.54,4.52,4.51,4.49,4.49,4.52,4.52,4.51,4.50,4.69,5.36,10.98,13.95,14.77,13.67,14.27,15.95,18.36,21.34,24.77,25.36,24.83,23.46,21.49,20.56,20.14,19.88,19.64,19.78,19.97,20.04,20.02,19.99,19.99,19.99,19.99,20.00,20.05,19.89,19.79,19.79,19.77,20.03,20.22,20.33,20.41,20.50,20.55,20.60,20.66,20.67,20.71,20.73,20.74,20.72,20.67,20.61,20.55,20.51,20.44,20.39,20.33,20.28,20.22,20.16,20.10,20.03,19.94,19.79,19.78,19.83,19.87,19.83,19.90,20.00,20.08,19.98,20.07,21.35,22.25,21.23,16.62,10.26,6.74,5.58,5.59,5.60,5.61,6.09,7.65,8.54,8.66
18.87,21.86,24.77,27.02,27.78,28.15,28.38,28.53,28.38,28.12,27.85,27.68,27.61,27.62,27.58,27.47,27.47,27.45,27.62,27.80,27.74,27.68,27.67,27.73,27.83,27.83,27.84,27.82,27.76,27.67,27.57,27.49,27.47,27.47,27.06,26.89,26.81,26.74,26.68,26.60,26.53,26.46,26.36,26.31,26.25,26.19,26.12,26.11,26.17,26.21,26.22,26.17,26.28,26.21,26.10,26.08,26.05,25.97,25.92,25.89,25.74,25.75,25.75,25.76,25.78,25.72,26.68,28.35,30.42,32.55,34.67,35.97,36.31,35.89,35.46,35.04,34.60,34.23,34.86,34.76,34.41,33.89,32.73,31.53,30.30,28.99,27.56,26.13,24.81,23.75,22.99,21.96,21.38,20.49,19.55,18.99,18.45,17.89,17.34,16.81,16.32,15.93,15.67,15.55,15.63,15.78,15.74,15.55,15.31,15.07,14.97,15.00,15.12,15.18,15.26,15.32,15.34,15.33,15.36,15.41,15.48,15.58,15.69,15.83,15.77,15.53,15.58,15.65,15.67,15.62,15.50,15.37,15.30,15.26,15.24,15.32,15.37,15.45,15.58,15.81,15.90,15.85,15.75,15.68,15.54,15.26,14.73,14.00,13.31,13.14,13.03,12.58,11.21,10.86,10.85,10.97,11.05,10.98,10.92,8.42,4.65,4.53,4.53,4.53,4.52,4.51,4.48,4.48,4.49,4.51,4.52,4.52,4.51,4.75,5.66,10.83,12.64,13.69,13.18,13.75,14.95,17.09,20.18,24.01,24.87,24.89,24.03,22.11,21.14,20.47,20.00,19.69,19.70,19.92,20.01,19.98,19.98,20.01,20.00,20.02,20.12,20.15,19.95,19.81,19.80,19.72,19.98,20.18,20.31,20.42,20.51,20.57,20.62,20.68,20.70,20.72,20.74,20.75,20.73,20.69,20.65,20.60,20.54,20.50,20.43,20.38,20.33,20.26,20.17,20.11,20.05,19.96,19.80,19.79,19.83,19.89,19.98,20.01,20.05,20.08,19.95,19.98,21.21,22.19,21.47,17.32,11.11,7.61,5.60,5.60,5.60,5.60,5.72,6.13,7.86,8.56
18.41,21.23,24.04,26.71,27.77,28.18,28.30,28.42,28.39,28.23,28.02,27.79,27.68,27.67,27.62,27.52,27.53,27.52,27.65,27.79,27.76,27.73,27.76,27.81,27.87,27.88,27.86,27.80,27.71,27.61,27.50,27.40,27.32,27.25,26.98,26.88,26.81,26.75,26.69,26.58,26.51,26.44,26.34,26.27,26.25,26.21,26.12,26.09,26.17,26.23,26.25,26.19,26.24,26.18,26.11,26.10,26.04,25.95,25.89,25.83,25.69,25.72,25.74,25.74,25.73,25.69,26.69,28.40,30.49,32.61,34.49,35.56,35.78,35.43,34.99,34.54,34.09,33.71,34.36,34.33,34.05,33.64,32.84,31.83,30.70,29.45,28.08,26.69,25.42,24.37,23.55,22.39,21.73,20.72,19.62,18.90,18.20,17.55,16.99,16.51,16.05,15.72,15.65,15.80,15.92,16.03,15.94,15.74,15.63,15.38,15.27,15.29,15.38,15.41,15.44,15.44,15.43,15.42,15.44,15.47,15.52,15.60,15.76,15.88,15.80,15.56,15.65,15.77,15.81,15.76,15.64,15.53,15.43,15.36,15.34,15.38,15.41,15.48,15.60,15.82,15.84,15.82,15.76,15.68,15.61,15.30,14.79,14.15,13.63,13.18,13.10,12.96,12.00,10.89,10.68,10.83,10.91,10.96,10.93,9.45,7.25,4.67,4.51,4.51,4.52,4.50,4.50,4.49,4.50,4.51,4.51,4.53,4.81,5.44,6.45,10.72,12.08,12.86,12.93,13.92,15.80,17.91,20.28,23.56,24.62,24.78,24.10,22.57,21.33,20.53,20.03,19.75,19.67,19.91,20.00,19.96,19.98,20.02,19.99,19.99,20.08,20.12,19.92,19.79,19.78,19.71,19.94,20.13,20.28,20.41,20.50,20.56,20.62,20.68,20.70,20.73,20.75,20.76,20.75,20.72,20.68,20.64,20.59,20.54,20.48,20.42,20.36,20.28,20.20,20.12,20.05,19.97,19.79,19.78,19.82,19.88,19.99,19.98,19.97,19.96,19.88,19.90,21.07,22.20,21.99,18.25,12.01,8.44,5.60,5.61,5.60,5.60,5.60,5.68,7.97,8.60
17.99,20.57,23.26,26.27,27.66,28.12,28.12,28.24,28.34,28.31,28.16,27.92,27.77,27.72,27.66,27.59,27.62,27.61,27.68,27.77,27.80,27.79,27.86,27.92,27.93,27.94,27.86,27.76,27.65,27.55,27.44,27.34,27.23,27.09,26.96,26.88,26.82,26.76,26.71,26.57,26.48,26.42,26.33,26.28,26.29,26.26,26.18,26.12,26.18,26.25,26.28,26.21,26.13,26.11,26.10,26.09,26.00,25.92,25.83,25.72,25.62,25.67,25.71,25.71,25.68,25.69,26.73,28.42,30.47,32.58,34.10,34.89,35.06,34.88,34.49,34.09,33.69,33.36,33.75,33.75,33.55,33.22,32.83,32.00,30.98,29.80,28.50,27.16,25.92,24.86,23.95,22.67,21.92,20.82,19.62,18.65,17.76,17.01,16.45,16.11,15.86,15.66,15.75,16.07,16.08,16.15,16.04,15.89,15.93,15.66,15.54,15.53,15.56,15.55,15.54,15.52,15.49,15.53,15.53,15.53,15.54,15.56,15.78,15.86,15.78,15.62,15.73,15.87,15.94,15.92,15.81,15.71,15.57,15.49,15.49,15.48,15.48,15.53,15.63,15.82,15.73,15.72,15.72,15.61,15.53,15.19,14.72,14.23,13.96,13.34,13.17,13.22,12.93,11.02,10.55,10.67,10.73,10.95,10.94,10.90,10.87,5.17,4.57,4.49,4.51,4.49,4.52,4.51,4.50,4.53,4.66,4.79,5.48,6.56,7.53,10.53,11.79,12.24,12.85,14.48,17.55,19.79,21.13,23.42,24.57,24.66,24.00,22.98,21.43,20.51,20.03,19.82,19.68,19.92,20.00,19.95,19.98,20.01,19.98,19.95,19.98,20.03,19.86,19.75,19.76,19.73,19.89,20.08,20.25,20.39,20.48,20.55,20.60,20.66,20.70,20.74,20.77,20.79,20.77,20.73,20.71,20.67,20.62,20.57,20.52,20.45,20.38,20.31,20.23,20.14,20.05,19.97,19.78,19.76,19.80,19.84,19.93,19.88,19.84,19.81,19.80,19.85,20.94,22.20,22.58,19.24,12.93,9.25,5.60,5.61,5.61,5.60,5.58,5.63,8.49,8.69
17.63,19.85,22.35,25.23,27.11,27.94,28.07,28.19,28.30,28.32,28.22,27.99,27.82,27.77,27.73,27.68,27.70,27.71,27.72,27.74,27.77,27.82,27.93,27.99,27.96,27.90,27.80,27.70,27.61,27.51,27.41,27.31,27.21,27.12,26.99,26.90,26.84,26.77,26.71,26.58,26.48,26.42,26.41,26.58,26.58,26.53,26.43,26.16,26.12,26.19,26.23,26.06,26.02,25.99,25.96,25.91,25.92,25.93,25.85,25.71,25.67,25.67,25.69,25.71,25.66,25.94,27.08,28.66,30.44,32.56,33.34,33.87,34.21,34.03,33.79,33.48,33.26,33.25,33.38,33.24,33.00,32.74,32.47,31.72,30.67,29.43,28.15,26.86,25.71,24.61,23.50,22.20,21.58,20.34,18.78,17.59,17.07,16.61,16.20,15.90,15.89,15.90,15.96,16.05,16.11,16.17,16.16,16.12,16.14,15.99,15.79,15.69,15.74,15.62,15.61,15.59,15.58,15.60,15.60,15.59,15.57,15.57,15.68,15.75,15.75,15.69,15.72,15.94,16.04,16.03,15.96,15.78,15.66,15.59,15.56,15.54,15.54,15.58,15.65,15.81,15.70,15.64,15.60,15.51,15.45,15.10,14.72,14.42,14.19,13.80,13.44,13.21,13.22,12.17,11.13,10.60,10.79,10.90,10.87,10.80,10.63,9.87,5.53,4.49,4.50,4.50,4.51,4.50,4.49,4.74,7.38,9.09,9.53,9.12,8.92,9.00,10.71,12.47,13.32,15.89,20.01,22.69,23.69,24.96,25.58,25.21,24.34,23.58,22.35,21.03,20.21,20.05,19.83,19.87,19.91,19.92,19.95,19.93,19.95,19.97,19.97,19.98,19.96,19.88,19.77,19.75,19.85,20.04,20.23,20.37,20.46,20.54,20.61,20.68,20.72,20.76,20.79,20.79,20.75,20.75,20.72,20.68,20.62,20.60,20.54,20.47,20.40,20.33,20.26,20.18,20.08,19.99,19.80,19.76,19.77,19.78,19.90,19.83,19.77,19.78,19.84,19.99,20.86,21.93,22.47,19.87,13.86,10.28,5.59,5.61,5.61,5.60,5.58,5.62,8.34,8.61
17.18,19.05,21.50,24.36,26.67,27.79,28.01,28.14,28.29,28.33,28.25,28.05,27.87,27.82,27.79,27.75,27.76,27.78,27.77,27.76,27.78,27.84,27.97,28.03,27.96,27.86,27.76,27.66,27.57,27.47,27.37,27.27,27.19,27.14,27.01,26.93,26.85,26.79,26.72,26.59,26.52,26.53,26.62,26.86,26.93,26.94,26.94,26.70,26.58,26.51,26.42,26.22,26.12,26.00,25.92,25.91,25.93,25.94,25.84,25.70,25.79,25.76,25.83,25.92,25.88,26.33,27.50,28.98,30.52,32.13,32.49,32.90,33.36,33.19,33.14,33.04,32.98,33.05,32.96,32.74,32.50,32.29,32.08,31.45,30.41,29.12,27.82,26.55,25.36,24.20,23.03,21.62,20.72,19.26,17.69,16.77,16.53,16.34,16.15,15.99,16.13,16.27,16.31,16.24,16.20,16.21,16.23,16.26,16.29,16.18,15.97,15.85,15.87,15.71,15.70,15.69,15.68,15.69,15.68,15.68,15.65,15.57,15.63,15.70,15.73,15.73,15.70,16.01,16.15,16.13,16.07,15.90,15.80,15.73,15.66,15.62,15.61,15.61,15.65,15.77,15.64,15.54,15.47,15.41,15.41,15.16,14.89,14.71,14.51,14.06,13.54,13.23,13.48,13.02,11.73,10.74,10.75,10.82,10.83,10.77,10.57,10.07,6.76,4.98,4.49,4.51,4.50,5.14,5.91,6.71,8.46,9.58,10.48,10.47,9.04,7.78,9.11,11.00,12.09,14.92,19.86,23.41,24.93,25.89,26.25,25.64,24.58,23.69,22.46,21.08,20.23,20.10,19.90,19.81,19.84,19.92,19.92,19.90,19.95,19.99,19.96,19.95,19.99,19.92,19.78,19.76,19.82,20.00,20.22,20.36,20.45,20.53,20.61,20.70,20.73,20.77,20.79,20.79,20.75,20.75,20.72,20.68,20.63,20.61,20.55,20.48,20.41,20.34,20.28,20.20,20.11,19.98,19.77,19.75,19.76,19.73,19.84,19.78,19.74,19.76,19.85,20.08,20.73,21.64,22.43,20.70,14.78,11.12,5.59,5.59,5.60,5.59,5.58,5.61,7.66,8.29
16.64,18.16,20.71,23.67,26.34,27.66,27.92,28.08,28.31,28.35,28.26,28.12,27.93,27.87,27.83,27.78,27.80,27.82,27.83,27.84,27.84,27.86,27.99,28.04,27.92,27.83,27.73,27.63,27.54,27.44,27.34,27.24,27.16,27.14,27.03,26.95,26.87,26.80,26.74,26.59,26.60,26.74,26.93,27.14,27.33,27.52,27.70,27.73,27.56,27.22,26.85,26.70,26.45,26.15,25.99,26.08,26.02,25.96,25.82,25.69,25.97,25.94,26.13,26.36,26.33,26.87,27.98,29.36,30.69,31.30,31.53,32.00,32.52,32.34,32.56,32.76,32.85,32.77,32.48,32.27,32.07,31.87,31.68,31.19,30.20,28.88,27.50,26.23,24.88,23.63,22.51,20.91,19.32,17.60,16.37,16.22,16.13,16.19,16.30,16.39,16.56,16.76,16.80,16.64,16.34,16.27,16.27,16.32,16.39,16.24,16.11,16.02,15.95,15.81,15.81,15.81,15.80,15.78,15.76,15.79,15.76,15.57,15.65,15.69,15.73,15.74,15.69,16.09,16.25,16.21,16.16,16.07,16.00,15.91,15.79,15.70,15.67,15.64,15.62,15.68,15.55,15.42,15.33,15.31,15.40,15.36,15.25,15.09,14.92,14.13,13.49,13.29,13.72,13.57,12.35,11.11,10.59,10.71,10.82,10.81,10.68,10.53,8.43,7.55,4.51,4.50,4.48,8.10,9.05,10.76,10.42,10.57,10.97,10.60,7.90,6.87,6.99,7.83,9.15,11.55,17.09,21.91,24.86,26.22,26.58,25.96,24.72,23.30,21.77,20.65,20.06,19.97,19.89,19.74,19.78,19.93,19.91,19.94,19.98,19.99,19.94,19.94,19.93,19.86,19.76,19.77,19.81,19.98,20.20,20.36,20.45,20.53,20.61,20.70,20.72,20.77,20.79,20.78,20.76,20.73,20.72,20.69,20.65,20.61,20.55,20.48,20.41,20.33,20.26,20.21,20.14,19.95,19.71,19.72,19.75,19.71,19.74,19.73,19.73,19.76,19.83,20.12,20.54,21.32,22.43,21.73,15.67,11.78,5.60,5.57,5.58,5.58,5.58,5.61,6.45,7.74
16.33,17.60,20.14,23.03,25.99,27.51,27.86,28.08,28.33,28.40,28.33,28.18,27.99,27.92,27.87,27.82,27.85,27.84,27.85,27.86,27.87,27.86,27.99,28.04,27.91,27.79,27.69,27.60,27.50,27.40,27.31,27.22,27.15,27.14,27.05,26.97,26.90,26.83,26.76,26.71,26.79,26.98,27.20,27.40,27.60,27.81,28.02,28.25,28.24,28.08,27.81,27.41,27.05,26.50,26.11,26.14,26.02,26.05,26.02,25.96,26.17,26.46,26.93,27.41,27.66,28.29,28.96,29.76,30.58,30.65,30.90,31.48,32.19,32.49,32.86,32.98,32.93,32.79,32.28,31.93,31.68,31.49,31.29,30.78,29.95,28.82,27.42,26.06,24.69,23.47,22.35,19.95,18.30,17.06,16.72,17.20,17.35,17.29,17.12,16.96,17.11,17.27,17.24,16.97,16.54,16.43,16.43,16.45,16.46,16.34,16.33,16.34,16.31,16.23,16.15,16.05,15.94,15.83,15.81,15.82,15.77,15.62,15.69,15.71,15.72,15.78,15.95,16.22,16.31,16.26,16.24,16.25,16.20,16.10,15.98,15.87,15.78,15.71,15.66,15.64,15.66,15.57,15.45,15.44,15.55,15.61,15.59,15.46,15.04,14.10,13.79,14.12,14.75,13.79,12.82,11.64,10.30,10.56,10.72,10.77,10.72,10.59,9.61,7.92,6.19,8.19,9.36,9.38,9.74,10.63,10.82,8.99,8.22,8.07,6.79,6.24,6.29,6.71,7.35,8.53,13.13,18.43,23.03,25.60,25.96,25.56,24.43,22.52,21.17,20.41,20.07,19.96,19.85,19.76,19.77,19.88,20.11,20.05,20.03,20.02,19.96,19.92,19.92,19.87,19.79,19.80,19.78,19.94,20.18,20.34,20.44,20.52,20.60,20.68,20.70,20.74,20.76,20.75,20.74,20.73,20.71,20.67,20.64,20.60,20.55,20.49,20.42,20.31,20.23,20.17,20.09,19.95,19.73,19.72,19.74,19.70,19.74,19.72,19.72,19.75,19.83,20.03,20.27,21.01,22.39,21.95,16.64,13.20,5.80,5.61,5.59,5.58,5.58,5.60,5.88,8.14
16.13,17.20,19.66,22.47,25.64,27.35,27.81,28.08,28.35,28.44,28.39,28.21,28.04,27.97,27.93,27.90,27.91,27.89,27.88,27.88,27.88,27.86,27.98,28.03,27.90,27.77,27.66,27.56,27.47,27.37,27.28,27.20,27.15,27.13,27.07,27.00,26.92,26.86,26.83,26.86,26.97,27.16,27.42,27.64,27.86,28.07,28.29,28.62,28.73,28.76,28.61,28.07,27.60,26.90,26.33,26.19,26.03,26.12,26.19,26.23,26.39,26.94,27.63,28.30,28.78,29.34,29.65,30.00,30.46,30.39,30.84,31.59,32.41,32.97,33.22,33.19,33.03,32.85,32.15,31.63,31.29,31.10,30.90,30.34,29.64,28.70,27.36,25.95,24.62,23.49,22.43,19.93,18.49,17.63,17.77,18.68,18.76,18.35,17.80,17.41,17.53,17.66,17.59,17.26,16.78,16.62,16.57,16.56,16.53,16.42,16.50,16.60,16.63,16.64,16.50,16.33,16.14,15.96,15.92,15.88,15.82,15.72,15.74,15.73,15.72,15.79,16.10,16.25,16.29,16.29,16.34,16.43,16.40,16.30,16.17,16.03,15.92,15.83,15.76,15.68,15.76,15.71,15.60,15.57,15.69,15.83,15.91,15.82,15.18,14.19,14.19,14.93,15.59,14.13,13.31,12.22,10.50,10.49,10.61,10.72,10.73,10.62,10.53,8.52,6.99,8.60,9.55,9.81,9.75,9.67,10.04,7.38,6.04,6.03,5.90,5.80,5.91,6.08,6.19,6.36,9.54,14.62,20.33,24.25,25.20,25.23,24.25,22.03,20.79,20.28,20.09,19.97,19.82,19.77,19.76,19.84,20.17,20.11,20.08,20.05,19.98,19.92,19.93,19.89,19.81,19.83,19.76,19.92,20.17,20.32,20.43,20.52,20.59,20.65,20.69,20.71,20.72,20.73,20.73,20.72,20.69,20.66,20.62,20.59,20.55,20.50,20.42,20.30,20.21,20.13,20.04,19.92,19.74,19.72,19.72,19.70,19.73,19.72,19.71,19.73,19.82,19.93,20.05,20.77,22.35,22.13,17.52,13.65,5.98,5.65,5.59,5.58,5.59,5.59,5.65,8.49
16.12,17.11,19.33,22.04,25.27,27.15,27.79,28.07,28.35,28.45,28.38,28.19,28.05,28.05,28.06,28.04,28.03,28.00,27.94,27.88,27.86,27.86,27.97,28.00,27.89,27.76,27.64,27.53,27.43,27.34,27.25,27.18,27.15,27.14,27.10,27.03,26.95,26.91,26.96,27.04,27.10,27.22,27.52,27.80,28.08,28.33,28.54,28.75,28.89,28.98,28.92,28.52,27.99,27.36,26.75,26.28,26.09,26.15,26.28,26.45,26.65,27.26,27.96,28.65,29.23,29.37,29.58,29.92,30.39,30.92,31.98,32.99,33.72,33.95,33.50,33.26,33.14,32.92,32.13,31.38,30.91,30.71,30.47,29.89,29.24,28.43,27.32,25.91,24.77,23.82,22.99,22.07,21.30,20.40,19.97,20.90,20.20,19.04,17.99,17.54,17.66,17.79,17.75,17.48,17.08,16.80,16.66,16.63,16.61,16.45,16.51,16.67,16.82,16.94,16.82,16.65,16.48,16.31,16.17,16.04,15.95,15.95,15.81,15.75,15.73,15.75,15.92,16.03,16.12,16.26,16.49,16.62,16.60,16.49,16.32,16.14,16.09,16.05,15.99,15.87,15.79,15.77,15.74,15.66,15.79,15.98,16.16,16.16,15.40,14.58,14.75,15.49,15.84,14.80,13.86,12.89,11.80,10.59,10.52,10.66,10.71,10.67,10.53,9.98,9.57,9.91,10.19,9.38,8.10,6.94,6.98,6.34,5.92,5.73,5.47,5.56,5.62,5.64,5.62,5.88,7.05,10.59,16.09,21.49,24.33,25.21,24.40,22.28,20.89,20.34,20.15,20.02,19.87,19.76,19.75,19.81,19.90,20.06,20.10,20.06,20.01,19.95,19.98,19.93,19.82,19.85,19.81,19.96,20.18,20.31,20.41,20.51,20.58,20.62,20.66,20.68,20.70,20.71,20.71,20.70,20.68,20.65,20.60,20.58,20.55,20.48,20.39,20.32,20.20,20.12,20.03,19.85,19.69,19.69,19.72,19.70,19.70,19.70,19.69,19.71,19.75,19.85,19.94,20.66,22.36,22.41,18.21,12.39,6.21,5.63,5.59,5.60,5.60,5.57,5.61,7.63
16.13,16.98,18.99,21.87,25.10,27.05,27.80,28.09,28.35,28.50,28.46,28.22,28.07,28.08,28.11,28.14,28.12,28.09,28.01,27.93,27.87,27.91,27.98,27.98,27.86,27.74,27.62,27.51,27.40,27.31,27.22,27.17,27.14,27.13,27.11,27.06,27.03,27.05,27.14,27.24,27.23,27.27,27.58,27.88,28.19,28.42,28.54,28.67,28.77,28.83,28.78,28.48,28.00,27.41,26.80,26.29,26.13,26.19,26.40,26.69,26.95,27.56,28.23,28.90,29.53,30.13,30.62,31.07,31.56,32.25,33.40,34.27,34.62,34.34,33.65,33.25,33.08,32.97,32.10,31.13,30.52,30.31,29.97,29.36,28.75,28.07,27.21,26.01,25.01,24.25,23.72,23.12,22.57,21.88,21.42,21.79,20.79,19.38,18.18,17.68,17.80,17.91,17.86,17.62,17.24,16.92,16.74,16.65,16.57,16.45,16.54,16.73,16.94,17.08,16.97,16.80,16.63,16.46,16.31,16.18,16.11,16.14,15.97,15.87,15.79,15.76,15.81,15.88,16.04,16.27,16.57,16.74,16.71,16.58,16.42,16.32,16.30,16.29,16.25,16.13,16.01,15.90,15.81,15.75,15.78,15.96,16.16,16.22,15.68,15.17,15.17,15.48,15.61,15.05,14.26,13.49,12.75,11.08,10.57,10.52,10.63,10.68,10.58,10.43,10.15,9.63,8.72,7.87,6.96,6.08,5.96,5.98,5.89,5.65,5.35,5.45,5.48,5.46,5.44,5.73,6.22,8.16,12.17,18.01,22.45,24.60,24.62,22.98,21.69,20.75,20.21,20.02,19.90,19.80,19.82,19.92,19.95,19.97,20.02,20.06,20.08,20.07,20.03,19.94,19.86,19.88,19.83,19.95,20.15,20.29,20.38,20.48,20.55,20.58,20.61,20.64,20.67,20.69,20.68,20.67,20.65,20.62,20.58,20.55,20.53,20.47,20.39,20.33,20.21,20.14,20.05,19.85,19.69,19.67,19.70,19.72,19.75,19.74,19.71,19.69,19.72,19.79,19.88,20.50,21.95,22.44,19.01,13.36,7.84,5.78,5.60,5.61,5.61,5.58,5.60,6.89
16.13,16.85,18.67,21.77,25.01,27.01,27.83,28.11,28.34,28.54,28.55,28.28,28.12,28.09,28.15,28.22,28.22,28.19,28.11,28.01,27.91,27.99,28.01,27.97,27.84,27.72,27.61,27.49,27.37,27.28,27.19,27.15,27.14,27.13,27.12,27.09,27.13,27.23,27.33,27.44,27.36,27.33,27.62,27.93,28.21,28.39,28.42,28.48,28.53,28.54,28.46,28.22,27.85,27.30,26.71,26.26,26.16,26.25,26.52,26.89,27.19,27.78,28.41,29.04,29.70,31.02,31.90,32.55,33.13,33.85,34.84,35.37,35.25,34.48,33.76,33.23,32.98,32.98,32.03,30.88,30.17,29.96,29.53,28.90,28.31,27.73,27.08,26.14,25.24,24.69,24.53,23.76,23.25,22.78,22.45,22.10,21.02,19.60,18.37,17.81,17.94,18.02,17.95,17.71,17.34,17.03,16.82,16.67,16.51,16.45,16.57,16.79,17.02,17.16,17.05,16.88,16.71,16.54,16.41,16.32,16.28,16.30,16.17,16.02,15.90,15.80,15.77,15.82,16.01,16.31,16.61,16.82,16.78,16.63,16.51,16.52,16.52,16.53,16.51,16.41,16.28,16.06,15.86,15.81,15.72,15.87,16.06,16.15,15.94,15.72,15.46,15.24,15.22,15.09,14.58,14.02,13.51,11.74,10.69,10.36,10.53,10.66,10.63,10.48,10.00,8.92,6.84,6.23,6.12,5.98,5.79,5.62,5.48,5.37,5.37,5.39,5.38,5.37,5.38,5.43,5.95,6.57,8.66,14.25,19.98,23.59,24.84,23.86,22.79,21.39,20.38,20.02,19.94,19.85,19.91,20.06,20.11,19.90,19.93,20.06,20.13,20.19,20.07,19.95,19.89,19.90,19.84,19.93,20.10,20.25,20.35,20.44,20.50,20.54,20.55,20.60,20.64,20.65,20.64,20.65,20.62,20.58,20.55,20.52,20.50,20.46,20.39,20.32,20.21,20.15,20.07,19.87,19.71,19.66,19.68,19.75,19.82,19.79,19.73,19.69,19.71,19.76,19.84,20.31,21.40,22.38,19.82,15.02,10.07,6.00,5.62,5.61,5.61,5.59,5.60,6.29
16.12,16.78,18.49,21.54,24.96,27.06,27.87,28.09,28.31,28.48,28.50,28.32,28.21,28.19,28.24,28.34,28.46,28.39,28.35,28.30,28.18,28.15,28.12,28.02,27.83,27.70,27.58,27.47,27.35,27.25,27.18,27.15,27.14,27.13,27.11,27.11,27.20,27.38,27.53,27.63,27.56,27.49,27.67,27.98,28.05,28.05,28.08,28.12,28.18,28.19,28.13,27.94,27.65,27.16,26.63,26.22,26.18,26.38,26.62,26.81,26.96,27.52,28.14,28.77,29.41,30.69,31.86,32.97,34.06,35.17,35.66,35.65,35.25,34.59,33.86,33.32,32.98,32.73,31.69,30.67,30.08,29.94,29.66,29.14,28.45,27.71,27.10,26.11,25.23,24.99,25.41,24.59,23.94,23.22,22.59,22.12,21.18,19.83,18.58,17.95,18.08,18.11,18.02,17.79,17.44,17.13,16.92,16.77,16.62,16.53,16.65,16.87,17.11,17.25,17.13,16.96,16.80,16.66,16.56,16.49,16.45,16.47,16.37,16.23,16.12,16.06,16.07,16.10,16.20,16.39,16.64,16.85,16.84,16.76,16.72,16.73,16.75,16.76,16.75,16.67,16.46,16.18,15.91,15.73,15.72,15.84,15.96,16.00,15.88,15.43,15.12,14.98,14.93,14.88,14.70,14.40,13.90,12.61,10.92,10.18,10.41,10.58,10.60,10.50,10.23,9.76,7.99,6.67,6.00,5.94,5.50,5.44,5.39,5.35,5.37,5.44,5.39,5.33,5.35,5.38,5.58,6.00,7.16,10.41,16.11,21.44,24.77,24.69,24.04,22.61,21.18,20.23,19.98,19.85,19.92,20.08,20.15,20.09,20.08,20.04,19.92,20.07,20.06,19.97,19.87,19.92,19.88,19.94,20.06,20.21,20.31,20.40,20.47,20.51,20.53,20.55,20.57,20.59,20.62,20.63,20.60,20.55,20.51,20.49,20.44,20.38,20.31,20.23,20.15,20.06,19.94,19.72,19.68,19.66,19.69,19.77,19.79,19.74,19.70,19.70,19.73,19.77,19.83,20.19,21.08,22.31,20.44,16.35,11.91,6.33,5.68,5.61,5.61,5.58,5.59,5.74
16.12,16.71,18.32,21.49,24.89,27.04,27.94,28.12,28.30,28.45,28.49,28.35,28.28,28.26,28.30,28.40,28.58,28.55,28.54,28.51,28.36,28.27,28.21,28.10,27.90,27.76,27.62,27.48,27.34,27.22,27.17,27.15,27.14,27.12,27.08,27.09,27.18,27.35,27.54,27.71,27.68,27.62,27.71,27.78,27.75,27.71,27.73,27.76,27.83,27.86,27.79,27.62,27.40,27.01,26.56,26.19,26.22,26.43,26.62,26.73,26.81,27.28,27.87,28.50,29.14,30.37,31.66,33.00,34.34,35.68,36.01,35.80,35.27,34.65,33.94,33.38,32.95,32.57,31.53,30.71,30.25,30.10,29.86,29.43,28.71,27.86,27.14,26.13,25.47,25.38,25.73,25.05,24.36,23.52,22.74,22.16,21.35,20.06,18.80,18.08,18.21,18.21,18.09,17.87,17.54,17.24,17.03,16.88,16.74,16.66,16.75,16.95,17.19,17.33,17.21,17.05,16.91,16.80,16.73,16.66,16.62,16.64,16.58,16.45,16.34,16.30,16.33,16.31,16.39,16.56,16.76,16.94,16.97,16.93,16.93,16.93,16.94,16.92,16.85,16.75,16.46,16.14,15.88,15.72,15.76,15.87,15.94,15.91,15.66,15.14,14.84,14.73,14.65,14.62,14.60,14.48,14.14,13.22,11.46,10.44,10.35,10.48,10.56,10.51,10.37,10.18,9.09,7.29,6.09,5.93,5.47,5.38,5.35,5.34,5.36,5.42,5.37,5.31,5.33,5.35,5.46,5.66,6.20,7.69,12.59,18.36,23.16,25.21,24.77,23.56,22.14,20.92,20.48,20.04,19.92,20.04,20.13,20.17,20.15,20.06,19.91,19.99,20.01,19.96,19.88,19.95,19.93,19.94,20.01,20.16,20.27,20.36,20.44,20.48,20.48,20.50,20.51,20.54,20.59,20.59,20.56,20.51,20.47,20.43,20.36,20.29,20.22,20.14,20.03,19.92,19.81,19.66,19.68,19.67,19.69,19.75,19.77,19.74,19.73,19.77,19.80,19.81,19.83,20.09,20.81,22.21,20.92,17.48,13.50,7.32,5.97,5.61,5.60,5.58,5.60,5.64
16.12,16.64,18.16,21.62,24.79,26.96,28.03,28.17,28.31,28.45,28.49,28.38,28.34,28.31,28.33,28.41,28.58,28.66,28.69,28.64,28.47,28.35,28.29,28.20,28.05,27.90,27.73,27.52,27.32,27.19,27.17,27.17,27.16,27.11,27.04,27.02,27.06,27.16,27.38,27.68,27.76,27.72,27.72,27.36,27.32,27.38,27.38,27.38,27.49,27.52,27.45,27.28,27.11,26.84,26.50,26.16,26.29,26.41,26.54,26.65,26.73,27.04,27.58,28.23,28.88,30.04,31.32,32.67,34.06,35.46,35.94,35.83,35.31,34.66,33.99,33.39,32.90,32.51,31.54,30.97,30.64,30.43,30.14,29.76,29.07,28.16,27.22,26.21,25.95,25.85,25.57,25.19,24.52,23.69,22.89,22.23,21.52,20.30,19.03,18.22,18.34,18.30,18.15,17.94,17.64,17.34,17.13,16.99,16.87,16.84,16.87,17.01,17.27,17.40,17.29,17.14,17.04,16.96,16.90,16.83,16.79,16.81,16.79,16.67,16.58,16.54,16.54,16.48,16.58,16.79,16.96,17.11,17.15,17.15,17.12,17.10,17.11,17.01,16.82,16.67,16.30,15.97,15.78,15.79,15.84,15.95,15.99,15.85,15.29,14.84,14.59,14.47,14.36,14.34,14.31,14.30,14.25,13.61,12.28,11.07,10.34,10.37,10.50,10.52,10.43,10.24,10.15,8.08,6.36,5.96,5.63,5.44,5.35,5.33,5.34,5.32,5.31,5.31,5.31,5.33,5.36,5.48,5.70,5.97,9.38,14.44,20.19,25.46,25.03,24.29,23.25,22.05,21.36,20.40,19.94,19.94,20.05,20.14,20.16,20.13,20.09,19.95,19.93,19.92,19.92,19.99,19.98,19.94,19.95,20.11,20.23,20.33,20.41,20.45,20.41,20.42,20.45,20.49,20.57,20.54,20.50,20.46,20.44,20.35,20.27,20.20,20.13,20.05,19.86,19.73,19.67,19.68,19.69,19.69,19.68,19.70,19.78,19.79,19.82,19.88,19.93,19.89,19.83,19.99,20.60,22.07,21.29,18.43,14.86,8.91,6.46,5.60,5.60,5.58,5.63,5.63
16.11,16.66,18.19,21.49,24.67,27.02,28.32,28.50,28.56,28.59,28.56,28.46,28.41,28.38,28.40,28.48,28.57,28.62,28.64,28.59,28.42,28.35,28.29,28.20,28.05,27.91,27.75,27.59,27.45,27.38,27.24,27.17,27.13,27.06,27.00,26.99,27.00,27.04,27.20,27.48,27.63,27.62,27.45,27.08,27.01,27.03,27.04,27.04,27.10,27.15,27.12,26.92,26.74,26.53,26.34,26.23,26.24,26.33,26.45,26.56,26.65,26.80,27.27,27.94,28.60,29.73,31.04,32.41,33.78,35.16,35.79,35.80,35.35,34.68,34.08,33.50,32.98,32.51,31.87,31.40,31.04,30.75,30.47,30.05,29.38,28.46,27.29,26.58,26.19,25.87,25.42,24.88,24.45,23.80,23.03,22.26,21.67,20.53,19.27,18.38,18.49,18.39,18.22,18.01,17.74,17.45,17.24,17.12,17.06,17.03,16.94,17.02,17.34,17.48,17.40,17.29,17.21,17.14,17.07,17.00,16.96,16.98,17.00,16.90,16.81,16.78,16.73,16.66,16.73,16.90,17.13,17.32,17.38,17.35,17.31,17.33,17.14,16.94,16.79,16.66,16.28,16.03,15.92,15.92,15.96,15.91,15.74,15.38,14.81,14.52,14.34,14.22,14.10,14.06,14.02,13.99,13.97,13.67,12.90,11.99,11.11,10.45,10.47,10.50,10.46,10.32,10.17,9.35,7.89,6.25,6.17,5.54,5.34,5.33,5.35,5.35,5.34,5.34,5.33,5.35,5.37,5.42,5.53,5.79,7.21,11.08,16.51,22.11,24.58,24.77,24.01,23.04,21.96,20.71,20.02,19.88,19.99,20.09,20.13,20.17,20.19,20.05,20.02,19.99,19.95,19.99,19.99,19.97,19.96,20.01,20.14,20.25,20.34,20.40,20.39,20.39,20.39,20.42,20.47,20.46,20.42,20.37,20.35,20.25,20.14,20.05,19.99,19.89,19.77,19.71,19.72,19.79,19.72,19.70,19.70,19.71,19.79,19.84,19.88,19.92,19.93,19.89,19.82,20.01,20.68,21.99,21.83,19.00,14.77,7.89,6.13,5.61,5.60,5.60,5.62,5.62
16.11,16.67,18.21,21.33,24.49,27.00,28.51,28.71,28.71,28.72,28.69,28.61,28.50,28.44,28.46,28.53,28.52,28.53,28.56,28.52,28.37,28.35,28.29,28.19,28.06,27.91,27.78,27.65,27.57,27.56,27.35,27.22,27.13,27.03,26.97,26.95,26.94,26.95,27.04,27.22,27.38,27.40,27.18,26.89,26.80,26.79,26.78,26.77,26.78,26.83,26.83,26.63,26.43,26.29,26.25,26.29,26.23,26.27,26.37,26.48,26.56,26.61,27.00,27.62,28.24,29.29,30.59,31.96,33.28,34.52,35.17,35.33,35.05,34.35,33.75,33.18,32.68,32.33,32.09,31.79,31.44,31.09,30.79,30.35,29.66,28.67,27.34,26.83,26.34,25.85,25.34,24.67,24.35,23.82,23.13,22.33,21.77,20.73,19.52,18.58,18.61,18.47,18.28,18.08,17.84,17.55,17.36,17.27,17.24,17.20,17.05,17.07,17.38,17.54,17.50,17.44,17.38,17.31,17.24,17.17,17.13,17.15,17.20,17.12,17.03,16.99,16.92,16.85,16.87,16.99,17.25,17.49,17.57,17.55,17.46,17.41,17.10,16.87,16.76,16.64,16.29,16.11,16.03,15.94,15.89,15.69,15.36,14.93,14.45,14.28,14.15,14.01,13.85,13.78,13.74,13.70,13.65,13.51,13.09,12.42,11.56,10.61,10.48,10.48,10.48,10.38,10.16,10.19,9.21,7.14,6.28,5.68,5.40,5.36,5.36,5.38,5.38,5.36,5.35,5.36,5.37,5.38,5.43,5.74,5.83,8.32,12.85,18.53,23.37,24.91,24.77,23.89,22.42,20.88,20.03,19.83,19.92,20.05,20.12,20.19,20.27,20.16,20.14,20.09,20.02,20.00,20.01,20.02,20.02,19.97,20.05,20.15,20.25,20.33,20.35,20.34,20.34,20.35,20.38,20.38,20.33,20.28,20.25,20.14,20.01,19.93,19.87,19.77,19.75,19.76,19.81,19.89,19.76,19.73,19.72,19.71,19.83,19.89,19.94,19.96,19.94,19.91,19.84,20.03,20.75,21.91,22.23,19.40,14.63,7.10,5.89,5.63,5.61,5.62,5.61,5.62
16.11,16.68,18.23,21.15,24.20,26.79,28.46,28.63,28.65,28.81,28.93,28.88,28.63,28.52,28.50,28.50,28.38,28.38,28.44,28.46,28.35,28.34,28.29,28.20,28.08,27.95,27.82,27.72,27.65,27.66,27.53,27.37,27.19,27.01,26.93,26.90,26.89,26.88,26.90,26.87,26.92,26.99,26.98,26.86,26.80,26.76,26.71,26.66,26.62,26.62,26.61,26.44,26.26,26.24,26.30,26.33,26.34,26.27,26.28,26.40,26.48,26.51,26.80,27.26,27.72,28.58,29.80,31.13,32.36,33.25,33.64,33.99,34.09,33.32,32.62,31.99,31.65,31.75,32.05,32.07,31.86,31.46,31.12,30.67,29.87,28.72,27.32,26.82,26.34,25.86,25.35,24.69,24.25,23.70,23.13,22.49,21.81,20.85,19.78,18.84,18.71,18.54,18.34,18.15,17.94,17.65,17.50,17.45,17.41,17.34,17.20,17.19,17.40,17.54,17.57,17.57,17.55,17.48,17.41,17.34,17.30,17.32,17.39,17.33,17.24,17.18,17.11,17.04,17.01,17.06,17.27,17.54,17.70,17.71,17.55,17.19,16.95,16.81,16.73,16.62,16.38,16.24,16.08,15.75,15.49,15.13,14.80,14.56,14.35,14.21,14.06,13.86,13.60,13.50,13.48,13.44,13.30,12.99,12.49,11.87,11.26,10.89,10.58,10.46,10.45,10.41,10.24,10.14,9.94,9.24,6.56,5.93,5.78,5.44,5.40,5.42,5.41,5.39,5.37,5.36,5.34,5.36,5.43,5.53,5.84,6.62,9.31,14.96,20.77,24.42,25.59,24.49,22.66,20.79,19.89,19.81,19.82,20.04,20.14,20.21,20.29,20.26,20.27,20.24,20.14,20.02,20.03,20.11,20.15,20.06,19.98,20.02,20.12,20.22,20.26,20.28,20.29,20.30,20.30,20.28,20.22,20.17,20.13,20.01,19.90,19.85,19.83,19.76,19.85,19.92,19.96,19.97,19.84,19.77,19.73,19.70,19.90,19.95,19.97,19.99,19.99,20.01,19.89,20.04,20.77,21.81,22.33,19.55,14.61,7.08,5.94,5.68,5.62,5.63,5.62,5.63
16.11,16.71,18.28,20.98,23.89,26.46,28.22,28.52,28.67,28.92,29.09,29.02,28.76,28.60,28.53,28.49,28.35,28.33,28.34,28.34,28.27,28.33,28.32,28.24,28.12,28.00,27.87,27.79,27.74,27.69,27.54,27.37,27.18,27.00,26.94,26.89,26.84,26.82,26.81,26.76,26.81,26.89,26.93,26.90,26.81,26.72,26.65,26.57,26.52,26.56,26.60,26.42,26.24,26.25,26.31,26.34,26.34,26.33,26.31,26.31,26.40,26.43,26.59,26.84,27.11,27.75,28.85,30.03,31.03,31.75,32.20,32.67,32.84,31.94,31.21,30.82,30.75,30.98,31.46,31.70,31.69,31.42,30.80,30.09,29.04,27.81,26.66,26.46,26.21,25.85,25.36,24.71,24.24,23.68,23.12,22.54,21.88,21.02,20.05,19.09,18.81,18.48,18.11,17.77,17.71,17.51,17.39,17.35,17.38,17.45,17.30,17.24,17.42,17.50,17.45,17.43,17.45,17.43,17.41,17.40,17.38,17.36,17.28,17.30,17.32,17.28,17.18,17.11,17.08,17.13,17.28,17.54,17.71,17.75,17.59,17.24,16.99,16.84,16.74,16.62,16.36,16.10,15.82,15.46,15.17,14.85,14.60,14.42,14.28,14.13,13.98,13.81,13.59,13.36,13.44,13.36,12.86,12.34,11.82,11.33,10.96,10.82,10.57,10.44,10.39,10.37,10.29,10.17,10.10,9.81,7.87,6.51,5.84,5.46,5.40,5.42,5.39,5.36,5.34,5.33,5.32,5.34,5.39,5.46,5.84,6.18,7.57,11.29,17.41,22.31,24.86,24.87,23.90,21.44,20.12,19.91,19.84,20.04,20.14,20.21,20.32,20.36,20.37,20.30,20.16,20.06,20.06,20.14,20.20,20.17,20.07,20.02,20.03,20.10,20.10,20.11,20.12,20.13,20.12,20.10,20.08,20.06,20.03,19.96,19.88,19.85,19.89,19.89,19.95,20.01,20.04,20.04,19.95,19.83,19.74,19.71,19.91,19.98,20.00,19.99,19.96,19.99,19.89,20.04,20.77,21.69,22.32,20.24,16.30,7.51,6.11,5.74,5.68,5.79,5.66,5.63
16.11,16.77,18.38,20.85,23.58,26.09,27.92,28.43,28.71,29.04,29.22,29.11,28.87,28.66,28.55,28.50,28.36,28.32,28.27,28.22,28.19,28.32,28.34,28.28,28.17,28.05,27.93,27.86,27.81,27.69,27.50,27.32,27.15,27.00,26.96,26.89,26.82,26.77,26.76,26.74,26.80,26.88,26.93,26.94,26.80,26.67,26.59,26.50,26.44,26.53,26.62,26.43,26.28,26.28,26.32,26.33,26.32,26.39,26.37,26.26,26.33,26.37,26.40,26.46,26.56,27.01,27.92,28.88,29.62,30.22,30.82,31.36,31.48,30.44,29.78,29.70,29.91,30.14,30.65,31.02,31.20,31.04,30.11,29.09,27.88,26.69,25.86,25.99,26.00,25.79,25.34,24.73,24.26,23.69,23.11,22.50,21.88,21.09,20.18,19.27,18.83,18.32,17.76,17.30,17.40,17.30,17.22,17.22,17.37,17.55,17.37,17.26,17.42,17.42,17.28,17.23,17.28,17.30,17.35,17.41,17.42,17.35,17.12,17.23,17.36,17.37,17.22,17.15,17.16,17.22,17.31,17.50,17.65,17.69,17.57,17.34,17.08,16.88,16.75,16.59,16.26,15.87,15.49,15.17,14.92,14.70,14.51,14.35,14.21,14.06,13.91,13.76,13.61,13.25,13.38,13.24,12.38,11.73,11.22,10.91,10.78,10.77,10.57,10.40,10.29,10.28,10.30,10.21,10.07,9.86,9.33,7.27,5.95,5.53,5.39,5.40,5.37,5.32,5.29,5.29,5.31,5.32,5.34,5.42,5.41,5.74,6.59,7.94,13.83,19.52,23.49,25.13,25.27,22.32,20.48,20.03,19.89,20.03,20.11,20.20,20.33,20.43,20.44,20.33,20.16,20.11,20.10,20.14,20.22,20.29,20.21,20.07,19.99,20.00,19.98,19.97,19.97,19.97,19.95,19.93,19.95,19.97,19.95,19.95,19.89,19.89,19.98,20.05,20.05,20.06,20.09,20.11,20.05,19.89,19.75,19.74,19.89,19.99,20.01,19.96,19.92,19.94,19.86,20.02,20.71,21.52,22.25,21.06,18.37,8.45,6.84,6.39,6.24,5.93,5.69,5.63
16.11,16.89,18.71,20.96,23.33,25.72,27.68,28.46,28.82,29.15,29.31,29.21,28.91,28.71,28.59,28.50,28.37,28.34,28.32,28.29,28.26,28.29,28.29,28.27,28.22,28.10,28.00,27.92,27.81,27.64,27.46,27.28,27.13,27.05,27.05,26.99,26.90,26.80,26.80,26.75,26.73,26.78,26.94,26.87,26.73,26.60,26.51,26.43,26.38,26.41,26.44,26.35,26.31,26.31,26.33,26.32,26.31,26.33,26.36,26.37,26.30,26.40,26.43,26.43,26.49,26.92,27.44,27.99,28.51,29.00,29.63,30.10,30.05,28.93,28.76,28.86,29.07,29.29,29.67,29.95,29.97,29.62,28.67,27.58,26.78,26.16,25.53,25.58,25.59,25.51,25.29,24.76,24.28,23.71,23.08,22.27,21.50,20.47,19.51,18.96,18.37,17.77,17.35,17.19,17.24,17.16,17.23,17.46,17.74,17.64,17.39,17.24,17.32,17.32,17.19,17.18,17.27,17.19,17.29,17.38,17.41,17.34,17.15,17.32,17.49,17.51,17.36,17.34,17.36,17.40,17.46,17.40,17.38,17.36,17.33,17.28,17.08,16.88,16.67,16.36,15.98,15.64,15.35,15.11,14.90,14.66,14.44,14.24,14.11,13.97,13.80,13.59,13.35,13.04,12.84,12.50,11.91,11.48,11.17,11.12,11.31,11.50,10.81,10.32,10.10,10.12,10.19,10.19,10.09,9.91,9.69,7.83,6.47,5.81,5.38,5.36,5.36,5.34,5.27,5.30,5.29,5.30,5.34,5.38,5.41,5.57,5.91,6.58,10.46,16.05,21.42,25.14,25.50,22.99,20.94,19.96,19.90,19.93,20.03,20.15,20.27,20.36,20.39,20.34,20.23,20.15,20.15,20.16,20.21,20.35,20.31,20.15,20.06,20.09,20.16,20.18,20.15,20.09,20.04,19.97,19.97,19.98,19.96,19.96,19.97,20.02,20.08,20.11,20.09,20.09,20.10,20.10,20.09,19.89,19.74,19.76,19.89,19.94,19.95,19.93,19.88,19.86,19.79,19.90,20.38,21.08,22.02,21.63,19.20,12.73,12.02,10.93,9.95,5.73,5.64,5.62
16.11,17.01,19.01,21.03,23.21,25.54,27.54,28.45,28.87,29.21,29.36,29.23,28.91,28.74,28.61,28.49,28.38,28.34,28.32,28.30,28.29,28.27,28.26,28.26,28.24,28.14,28.05,27.93,27.78,27.60,27.41,27.24,27.12,27.10,27.11,27.09,27.00,26.88,26.80,26.74,26.70,26.74,26.90,26.84,26.70,26.56,26.46,26.41,26.40,26.39,26.39,26.36,26.35,26.35,26.34,26.32,26.29,26.31,26.36,26.41,26.33,26.41,26.44,26.42,26.42,26.69,26.99,27.34,27.73,28.09,28.68,29.08,28.95,27.90,27.92,28.06,28.26,28.48,28.66,28.77,28.70,28.32,27.39,26.68,26.26,25.88,25.20,25.12,25.15,25.16,25.06,24.71,24.22,23.57,22.81,21.88,21.10,20.10,19.17,18.57,18.00,17.54,17.30,17.27,17.28,17.17,17.34,17.70,17.97,17.78,17.50,17.32,17.33,17.34,17.42,17.48,17.47,17.33,17.34,17.37,17.36,17.29,17.20,17.41,17.62,17.68,17.57,17.56,17.54,17.50,17.48,17.32,17.21,17.16,17.16,17.14,16.99,16.78,16.51,16.16,15.78,15.51,15.29,15.07,14.89,14.64,14.38,14.15,14.04,13.72,13.52,13.36,13.05,12.72,12.41,12.10,11.79,11.64,11.61,11.80,12.13,12.28,11.49,10.47,9.79,9.99,10.08,10.13,10.10,9.98,9.87,8.71,7.27,6.05,5.62,5.50,5.43,5.36,5.27,5.31,5.30,5.32,5.36,5.35,5.39,5.45,5.58,5.87,7.94,12.68,18.45,23.72,25.54,23.82,21.90,20.73,20.82,20.44,20.23,20.15,20.14,20.25,20.34,20.36,20.32,20.24,20.22,20.18,20.19,20.33,20.31,20.18,20.10,20.14,20.27,20.32,20.28,20.17,20.05,19.99,19.98,20.00,20.02,20.03,20.08,20.12,20.15,20.17,20.14,20.13,20.13,20.11,20.10,19.89,19.74,19.76,19.81,19.82,19.82,19.81,19.78,19.77,19.73,19.78,20.06,20.71,21.98,22.39,20.99,16.53,16.16,14.51,12.56,5.70,5.65,5.63
16.10,17.12,19.29,21.06,23.21,25.50,27.47,28.43,28.86,29.23,29.36,29.18,28.89,28.77,28.63,28.46,28.37,28.33,28.30,28.28,28.27,28.27,28.26,28.25,28.23,28.19,28.07,27.92,27.73,27.55,27.36,27.20,27.12,27.14,27.16,27.19,27.14,27.00,26.76,26.72,26.71,26.73,26.80,26.85,26.71,26.54,26.43,26.45,26.47,26.46,26.43,26.45,26.42,26.38,26.36,26.34,26.27,26.32,26.37,26.38,26.39,26.40,26.44,26.44,26.32,26.35,26.57,26.88,27.19,27.42,27.92,28.24,28.12,27.24,27.23,27.31,27.47,27.71,27.63,27.51,27.39,27.13,26.25,26.26,26.19,25.78,24.87,24.63,24.69,24.76,24.69,24.60,24.10,23.30,22.34,21.38,20.67,19.94,19.10,18.12,17.70,17.54,17.51,17.52,17.46,17.28,17.53,17.95,18.09,17.98,17.69,17.46,17.44,17.46,17.89,18.03,17.83,17.65,17.49,17.37,17.29,17.22,17.26,17.51,17.75,17.88,17.84,17.80,17.69,17.55,17.40,17.26,17.12,17.05,17.06,16.95,16.83,16.61,16.30,15.98,15.65,15.46,15.30,15.05,14.88,14.62,14.33,14.07,13.97,13.33,13.10,13.09,12.72,12.32,12.06,11.95,11.97,12.12,12.44,12.84,13.18,13.10,12.52,10.80,9.40,9.90,9.95,10.05,10.11,10.09,9.91,9.84,8.29,6.29,6.06,5.78,5.54,5.37,5.27,5.31,5.33,5.37,5.40,5.34,5.35,5.38,5.47,5.69,6.11,9.39,14.77,21.17,25.45,24.77,23.23,22.16,22.46,21.43,20.67,20.18,19.95,20.10,20.28,20.40,20.43,20.37,20.29,20.21,20.18,20.25,20.24,20.17,20.12,20.14,20.32,20.39,20.36,20.22,19.98,19.98,19.98,20.02,20.10,20.15,20.20,20.21,20.21,20.22,20.20,20.19,20.17,20.12,20.10,19.89,19.74,19.76,19.68,19.65,19.63,19.63,19.63,19.65,19.66,19.67,19.75,20.39,22.08,23.30,23.62,23.60,23.57,19.24,14.29,5.80,5.69,5.64
16.43,17.55,19.52,21.31,23.41,25.59,27.45,28.43,28.83,29.15,29.27,29.10,28.81,28.75,28.65,28.46,28.37,28.35,28.33,28.28,28.19,28.18,28.17,28.16,28.15,28.12,28.01,27.85,27.66,27.47,27.32,27.22,27.19,27.20,27.23,27.24,27.19,27.05,26.85,26.77,26.76,26.78,26.81,26.82,26.69,26.56,26.51,26.57,26.55,26.51,26.48,26.46,26.44,26.42,26.43,26.48,26.43,26.36,26.35,26.39,26.46,26.47,26.49,26.49,26.43,26.42,26.50,26.59,26.67,26.76,27.13,27.39,27.35,26.78,26.78,26.82,26.85,26.85,27.00,27.04,27.05,27.00,26.71,26.77,26.48,25.66,24.26,23.95,23.97,24.14,24.31,24.27,23.59,22.68,21.75,20.93,20.34,19.74,19.09,18.34,17.82,17.72,17.72,17.69,17.67,17.61,17.74,17.98,18.14,18.02,17.80,17.66,17.71,17.86,18.09,18.03,17.76,17.66,17.53,17.43,17.33,17.25,17.21,17.43,17.57,17.58,17.90,17.84,17.71,17.56,17.42,17.27,17.13,17.01,16.91,16.81,16.71,16.50,16.19,15.87,15.54,15.41,15.32,15.09,14.88,14.61,14.29,13.93,13.64,13.23,13.01,12.89,12.63,12.26,12.04,12.00,12.17,12.68,13.11,13.07,12.45,11.31,9.96,8.84,8.64,9.89,9.91,10.03,10.09,10.04,9.98,9.85,9.27,8.08,6.13,5.95,5.63,5.45,5.36,5.34,5.35,5.38,5.41,5.36,5.36,5.37,5.40,5.49,6.00,7.27,10.91,17.00,23.06,24.92,24.78,23.87,23.64,22.45,21.37,20.52,20.03,20.01,20.10,20.19,20.23,20.25,20.25,20.23,20.21,20.22,20.23,20.20,20.18,20.18,20.33,20.41,20.34,20.18,20.02,20.05,20.10,20.17,20.21,20.25,20.27,20.28,20.27,20.25,20.23,20.21,20.19,20.14,20.11,19.96,19.81,19.72,19.67,19.69,19.71,19.69,19.61,19.64,19.64,19.62,19.63,20.09,22.12,23.64,24.08,24.12,24.12,20.25,14.52,7.78,5.99,5.65
16.76,18.01,19.78,21.63,23.66,25.74,27.52,28.45,28.80,29.07,29.17,29.04,28.76,28.72,28.63,28.46,28.39,28.38,28.34,28.26,28.13,28.09,28.06,28.03,28.01,28.00,27.92,27.78,27.60,27.44,27.32,27.27,27.27,27.26,27.25,27.23,27.16,27.03,26.89,26.78,26.75,26.77,26.82,26.77,26.64,26.53,26.51,26.57,26.56,26.54,26.50,26.45,26.43,26.46,26.53,26.62,26.57,26.42,26.34,26.39,26.51,26.54,26.54,26.53,26.50,26.46,26.45,26.43,26.37,26.35,26.56,26.73,26.73,26.44,26.42,26.43,26.38,26.26,26.62,26.76,26.85,26.92,27.01,27.08,26.65,25.61,23.96,23.56,23.43,23.53,23.80,23.93,23.25,22.31,21.35,20.68,20.16,19.65,19.12,18.55,18.00,17.91,17.91,17.88,17.86,17.83,17.85,17.92,18.07,18.06,17.94,17.88,17.97,18.10,18.12,17.94,17.65,17.62,17.53,17.47,17.40,17.29,17.18,17.36,17.45,17.45,17.95,17.87,17.72,17.57,17.44,17.29,17.14,16.98,16.79,16.68,16.59,16.40,16.09,15.76,15.44,15.36,15.33,15.12,14.86,14.55,14.20,13.81,13.45,13.19,13.02,12.89,12.73,12.16,11.88,11.89,12.20,12.90,13.18,12.56,11.12,9.54,8.22,7.57,8.15,9.88,9.91,10.00,10.04,9.99,10.01,9.86,9.88,9.35,7.01,6.18,5.76,5.56,5.43,5.36,5.37,5.39,5.39,5.37,5.37,5.37,5.37,5.37,5.96,5.97,8.01,12.93,19.85,24.08,25.58,25.21,24.57,23.30,22.10,21.12,20.49,20.18,20.07,20.08,20.16,20.25,20.24,20.25,20.25,20.22,20.24,20.24,20.22,20.22,20.31,20.37,20.30,20.16,20.09,20.14,20.22,20.28,20.31,20.33,20.34,20.33,20.31,20.29,20.26,20.24,20.21,20.17,20.12,20.01,19.85,19.68,19.67,19.71,19.74,19.73,19.60,19.64,19.63,19.59,19.55,19.85,22.02,23.75,24.33,24.27,24.30,21.13,15.29,8.25,6.25,5.67
17.08,18.48,20.11,22.04,23.99,26.01,27.73,28.50,28.80,29.01,29.09,29.01,28.77,28.67,28.57,28.46,28.44,28.43,28.32,28.19,28.09,28.01,27.93,27.86,27.79,27.78,27.76,27.68,27.56,27.47,27.40,27.37,27.35,27.33,27.22,27.12,27.00,26.89,26.80,26.73,26.66,26.67,26.83,26.69,26.53,26.42,26.37,26.38,26.48,26.52,26.46,26.40,26.39,26.50,26.66,26.75,26.69,26.48,26.35,26.38,26.53,26.59,26.61,26.57,26.47,26.42,26.44,26.46,26.42,26.34,26.35,26.37,26.37,26.28,26.22,26.20,26.17,26.13,26.60,26.75,26.82,26.88,26.95,27.01,26.60,25.66,24.23,23.68,23.19,22.95,23.07,23.59,23.22,22.37,21.32,20.75,20.24,19.72,19.21,18.70,18.27,18.10,18.08,18.10,17.99,17.88,17.78,17.73,17.78,18.10,18.13,18.12,18.20,18.08,17.92,17.71,17.53,17.52,17.43,17.47,17.49,17.36,17.21,17.28,17.43,17.63,17.98,17.88,17.73,17.59,17.45,17.30,17.15,16.97,16.74,16.59,16.49,16.29,16.00,15.66,15.34,15.31,15.33,15.14,14.80,14.42,14.04,13.70,13.49,13.27,13.20,13.20,13.12,11.96,11.45,11.50,11.95,12.55,12.27,10.85,8.86,7.95,7.67,7.57,7.65,7.97,9.97,9.98,9.97,9.93,9.96,9.93,9.84,9.64,9.28,6.87,5.99,5.88,5.45,5.37,5.40,5.39,5.32,5.36,5.37,5.38,5.39,5.39,5.45,5.99,6.74,9.10,15.37,21.63,25.13,25.91,25.12,23.86,22.87,22.13,21.56,20.78,20.29,20.16,20.29,20.45,20.28,20.27,20.33,20.29,20.29,20.27,20.26,20.27,20.21,20.22,20.22,20.19,20.17,20.27,20.32,20.35,20.37,20.39,20.38,20.37,20.34,20.33,20.30,20.26,20.24,20.21,20.12,20.02,19.85,19.65,19.68,19.67,19.69,19.71,19.61,19.62,19.61,19.57,19.52,19.72,21.69,23.48,24.32,24.20,24.25,22.04,17.11,9.49,6.56,5.69
17.41,19.05,20.76,22.72,24.49,26.38,28.01,28.61,28.89,29.03,29.03,28.88,28.77,28.68,28.58,28.49,28.48,28.44,28.34,28.20,28.07,27.96,27.87,27.79,27.72,27.68,27.66,27.59,27.51,27.43,27.37,27.33,27.28,27.20,27.08,26.98,26.87,26.77,26.76,26.69,26.60,26.55,26.60,26.51,26.42,26.35,26.30,26.29,26.38,26.44,26.47,26.47,26.47,26.60,26.78,26.88,26.72,26.49,26.36,26.37,26.55,26.64,26.63,26.56,26.43,26.39,26.42,26.44,26.39,26.31,26.30,26.29,26.27,26.23,26.18,26.16,26.16,26.19,26.49,26.59,26.62,26.64,26.66,26.68,26.31,25.60,24.72,24.14,23.63,23.36,23.42,23.86,23.64,22.94,21.90,21.04,20.37,19.80,19.30,18.86,18.71,18.30,18.08,18.15,18.08,17.94,17.80,17.69,17.64,17.90,18.10,18.21,18.18,17.79,17.61,17.53,17.48,17.40,17.29,17.35,17.46,17.50,17.42,17.49,17.65,17.85,18.03,17.90,17.73,17.58,17.43,17.31,17.15,16.95,16.71,16.50,16.39,16.19,15.90,15.57,15.24,15.21,15.21,14.96,14.63,14.31,14.03,13.83,13.81,13.89,14.02,13.92,13.18,11.71,11.07,11.04,11.36,11.58,10.94,10.02,8.36,7.60,7.57,7.58,7.58,7.62,9.99,9.95,9.91,9.86,9.91,9.94,9.87,9.76,9.74,7.97,6.65,5.87,5.41,5.37,5.38,5.37,5.34,5.36,5.35,5.35,5.36,5.40,5.38,6.00,6.35,7.36,11.85,18.21,23.00,25.49,25.65,24.81,24.08,23.29,22.26,21.16,20.47,20.19,20.28,20.55,20.40,20.34,20.34,20.34,20.32,20.34,20.36,20.36,20.23,20.21,20.21,20.22,20.28,20.35,20.38,20.40,20.42,20.42,20.41,20.39,20.36,20.36,20.33,20.28,20.24,20.20,20.12,20.02,19.86,19.66,19.68,19.63,19.63,19.65,19.62,19.61,19.59,19.57,19.54,19.61,20.96,22.62,23.89,23.79,24.02,22.22,17.86,10.90,8.46,7.24
17.85,19.66,21.49,23.48,25.06,26.78,28.27,28.74,29.01,29.09,28.99,28.75,28.78,28.70,28.60,28.52,28.50,28.43,28.36,28.25,28.07,27.94,27.84,27.76,27.69,27.62,27.57,27.51,27.45,27.37,27.29,27.24,27.18,27.06,26.94,26.85,26.76,26.68,26.72,26.65,26.55,26.44,26.34,26.31,26.32,26.30,26.26,26.26,26.29,26.36,26.45,26.51,26.47,26.58,26.78,26.97,26.72,26.50,26.37,26.37,26.56,26.68,26.64,26.52,26.40,26.37,26.40,26.40,26.34,26.28,26.29,26.28,26.25,26.20,26.19,26.17,26.19,26.28,26.33,26.37,26.38,26.36,26.33,26.31,25.97,25.48,25.17,24.66,24.28,24.07,24.05,24.28,24.11,23.55,22.61,21.44,20.57,19.93,19.47,19.14,19.20,18.51,18.07,18.14,18.11,17.98,17.83,17.69,17.57,17.70,18.02,18.23,18.08,17.47,17.34,17.45,17.59,17.46,17.29,17.32,17.49,17.72,17.67,17.78,17.93,18.06,18.07,17.92,17.74,17.57,17.40,17.31,17.14,16.92,16.68,16.43,16.29,16.10,15.81,15.48,15.16,15.10,15.05,14.76,14.48,14.29,14.17,14.13,14.27,14.55,14.69,14.30,12.85,11.27,10.56,10.41,10.51,10.61,9.76,9.24,7.59,7.59,7.58,7.58,7.58,7.59,7.60,9.76,9.78,9.81,9.85,9.91,9.90,9.82,9.70,9.05,7.47,6.01,5.44,5.41,5.37,5.35,5.37,5.37,5.34,5.32,5.34,5.41,5.39,5.60,5.86,6.50,9.39,15.18,20.63,24.56,26.14,25.95,25.42,24.42,22.88,21.52,20.65,20.23,20.23,20.60,20.54,20.42,20.34,20.40,20.36,20.41,20.47,20.46,20.29,20.24,20.23,20.26,20.38,20.41,20.43,20.45,20.47,20.46,20.43,20.41,20.39,20.40,20.35,20.30,20.24,20.18,20.11,20.02,19.87,19.68,19.66,19.59,19.56,19.59,19.63,19.60,19.58,19.56,19.56,19.52,20.19,21.56,23.11,23.24,23.53,21.83,17.93,12.12,10.54,8.91
18.72,20.36,22.16,24.17,25.70,27.19,28.41,28.83,29.19,29.17,28.97,28.77,28.82,28.73,28.62,28.52,28.47,28.39,28.39,28.35,28.17,28.01,27.85,27.72,27.61,27.54,27.50,27.44,27.37,27.29,27.19,27.12,27.10,27.09,26.94,26.85,26.74,26.64,26.69,26.62,26.48,26.33,26.23,26.20,26.26,26.31,26.29,26.35,26.35,26.34,26.33,26.31,25.95,25.92,26.27,26.92,26.71,26.52,26.40,26.40,26.58,26.69,26.62,26.46,26.37,26.34,26.37,26.37,26.31,26.29,26.28,26.26,26.23,26.17,26.16,26.15,26.18,26.26,26.13,26.14,26.16,26.14,26.11,26.09,25.71,25.23,25.06,25.01,24.99,24.85,24.57,24.60,24.22,23.74,23.10,22.02,20.96,20.31,20.03,19.99,19.68,18.81,18.18,18.01,17.92,17.95,17.86,17.70,17.61,17.74,18.00,18.12,17.90,17.29,17.39,17.86,18.35,18.32,17.95,17.87,18.00,18.19,17.94,17.98,18.12,18.21,18.09,17.93,17.75,17.58,17.41,17.31,17.12,16.89,16.65,16.40,16.22,16.00,15.73,15.42,15.18,15.04,14.91,14.71,14.56,14.60,14.72,14.84,14.91,14.61,13.86,12.71,11.27,10.08,9.49,9.15,8.89,8.42,8.13,7.85,7.61,7.61,7.60,7.59,7.59,7.59,7.59,8.97,9.26,9.79,9.79,9.85,9.89,9.87,9.77,9.51,8.20,6.74,5.87,5.65,5.44,5.36,5.39,5.36,5.36,5.35,5.35,5.40,5.41,5.70,6.00,6.69,10.53,15.09,19.29,22.80,26.49,27.38,26.75,25.29,23.63,21.99,20.91,20.33,20.23,20.60,20.63,20.49,20.37,20.43,20.39,20.44,20.50,20.49,20.38,20.30,20.27,20.31,20.41,20.44,20.47,20.49,20.49,20.48,20.46,20.44,20.43,20.43,20.36,20.30,20.23,20.18,20.11,20.02,19.88,19.70,19.61,19.55,19.54,19.58,19.62,19.59,19.58,19.57,19.55,19.48,19.77,20.41,21.35,22.50,22.10,19.91,16.41,12.36,10.74,9.20
19.62,21.27,23.06,24.94,26.35,27.65,28.67,29.03,29.32,29.20,28.93,28.77,28.82,28.70,28.57,28.48,28.42,28.35,28.41,28.45,28.27,28.10,27.92,27.75,27.60,27.49,27.43,27.37,27.30,27.21,27.09,27.01,26.99,27.03,26.87,26.72,26.61,26.58,26.64,26.60,26.46,26.27,26.13,26.12,26.22,26.30,26.31,26.39,26.36,26.32,26.29,26.23,25.92,25.75,25.98,26.69,26.57,26.31,26.21,26.35,26.63,26.65,26.60,26.50,26.37,26.32,26.34,26.34,26.28,26.27,26.26,26.24,26.19,26.14,26.09,26.09,26.13,26.18,25.97,25.93,25.93,25.92,25.89,25.87,25.50,25.05,24.96,25.09,25.19,25.17,24.98,24.76,24.19,23.61,23.01,22.02,21.16,20.75,20.70,20.84,20.16,19.17,18.38,17.98,17.87,17.81,17.70,17.60,17.64,17.73,17.98,18.11,17.94,17.59,17.84,18.39,19.00,19.26,18.91,18.64,18.51,18.50,18.14,18.16,18.26,18.28,18.12,17.94,17.76,17.59,17.41,17.29,17.10,16.87,16.63,16.38,16.16,15.93,15.69,15.44,15.26,15.11,15.02,14.97,14.92,14.99,14.83,14.35,13.94,13.57,12.62,11.22,9.75,9.43,9.04,8.64,8.18,7.63,7.58,7.60,7.61,7.61,7.60,7.60,7.59,7.58,7.59,8.65,9.12,9.67,9.69,9.78,9.86,9.91,9.84,9.69,8.93,7.68,6.24,5.80,5.49,5.37,5.39,5.37,5.36,5.36,5.37,5.39,5.42,5.72,6.04,6.69,10.26,14.49,18.29,21.59,25.98,28.06,27.67,26.07,24.37,22.72,21.47,20.62,20.24,20.53,20.67,20.59,20.45,20.44,20.43,20.46,20.51,20.54,20.41,20.32,20.31,20.37,20.45,20.49,20.51,20.52,20.52,20.50,20.49,20.47,20.46,20.44,20.38,20.32,20.26,20.20,20.12,20.02,19.88,19.71,19.56,19.53,19.55,19.58,19.62,19.55,19.52,19.52,19.49,19.43,19.55,19.83,20.41,21.82,21.43,19.28,16.11,12.95,10.56,9.09
20.52,22.34,24.12,25.76,27.00,28.14,29.02,29.31,29.44,29.20,28.89,28.77,28.80,28.63,28.48,28.41,28.36,28.31,28.44,28.54,28.37,28.20,28.02,27.83,27.64,27.46,27.37,27.31,27.23,27.11,27.00,26.90,26.87,26.91,26.75,26.50,26.42,26.52,26.59,26.61,26.47,26.25,26.02,26.05,26.18,26.28,26.31,26.41,26.33,26.30,26.31,26.23,26.22,25.93,25.85,26.31,26.34,25.94,25.86,26.25,26.69,26.58,26.59,26.61,26.41,26.32,26.32,26.31,26.26,26.23,26.25,26.21,26.14,26.13,25.98,25.99,26.05,26.05,25.85,25.74,25.70,25.70,25.67,25.65,25.32,24.93,24.85,24.98,25.04,25.17,25.33,24.81,24.07,23.28,22.52,21.62,21.23,21.22,21.45,21.69,20.64,19.58,18.65,18.00,17.92,17.59,17.41,17.44,17.66,17.68,17.95,18.16,18.13,18.21,18.56,19.02,19.57,20.26,20.07,19.55,19.01,18.71,18.31,18.31,18.36,18.29,18.15,17.95,17.76,17.59,17.42,17.24,17.07,16.87,16.61,16.37,16.11,15.88,15.68,15.53,15.37,15.29,15.31,15.43,15.48,15.45,14.64,13.02,11.85,11.76,11.09,9.80,8.27,8.01,7.75,7.59,7.59,7.60,7.60,7.60,7.60,7.58,7.59,7.60,7.58,7.56,7.58,7.60,8.25,9.48,9.58,9.69,9.82,9.92,9.90,9.68,9.65,8.75,6.53,5.89,5.52,5.38,5.39,5.39,5.35,5.37,5.40,5.36,5.40,5.68,6.01,6.55,8.91,13.53,17.53,20.76,24.86,28.22,28.32,26.78,25.10,23.61,22.25,21.06,20.26,20.39,20.66,20.71,20.58,20.42,20.48,20.45,20.49,20.60,20.38,20.32,20.36,20.45,20.51,20.53,20.54,20.55,20.56,20.52,20.52,20.50,20.47,20.43,20.40,20.36,20.31,20.25,20.14,20.01,19.87,19.71,19.52,19.52,19.56,19.60,19.63,19.49,19.43,19.41,19.39,19.37,19.48,19.65,20.04,21.18,21.28,19.54,16.67,13.79,10.11,8.71
21.78,23.68,25.37,26.88,27.84,28.76,29.53,29.80,29.56,29.20,28.90,28.78,28.78,28.63,28.50,28.41,28.36,28.32,28.46,28.58,28.42,28.24,28.05,27.86,27.67,27.49,27.40,27.35,27.31,27.24,27.14,26.99,26.87,26.82,26.71,26.53,26.43,26.46,26.56,26.57,26.50,26.33,26.05,26.01,26.14,26.28,26.33,26.42,26.36,26.35,26.36,26.34,26.30,26.15,26.08,26.23,26.34,26.09,26.00,26.22,26.51,26.48,26.49,26.52,26.50,26.39,26.38,26.37,26.32,26.28,26.23,26.11,25.95,25.82,25.79,25.89,25.98,25.91,25.71,25.54,25.47,25.48,25.45,25.43,25.14,24.80,24.74,24.88,24.89,24.98,25.21,25.19,24.46,23.53,22.58,21.81,21.79,21.93,22.08,22.10,21.32,20.21,19.22,18.72,19.24,19.12,18.80,18.48,18.32,18.70,19.22,19.49,19.38,19.52,19.88,20.31,20.64,20.60,20.27,19.66,19.09,18.83,18.48,18.44,18.42,18.30,18.15,17.97,17.78,17.59,17.42,17.21,17.05,16.86,16.61,16.37,16.18,16.00,15.73,15.18,14.77,14.40,14.52,15.47,14.86,13.86,12.45,10.83,9.83,9.57,9.68,8.63,7.87,7.75,7.65,7.59,7.59,7.60,7.60,7.60,7.59,7.60,7.60,7.60,7.59,7.59,7.59,7.58,7.82,8.45,9.68,9.76,9.78,9.88,9.95,9.80,9.71,9.37,8.45,6.30,5.77,5.67,5.35,5.38,5.35,5.34,5.34,5.35,5.38,5.62,5.91,6.30,7.27,11.40,14.31,18.52,22.44,25.85,26.93,26.35,24.91,24.10,23.01,21.73,20.56,20.33,20.56,20.65,20.57,20.39,20.49,20.48,20.49,20.55,20.40,20.34,20.39,20.49,20.53,20.55,20.55,20.55,20.57,20.55,20.53,20.51,20.48,20.47,20.44,20.40,20.35,20.30,20.19,20.06,19.93,19.77,19.53,19.50,19.50,19.50,19.49,19.46,19.46,19.51,19.56,19.37,19.46,19.74,20.20,20.93,20.62,19.11,16.88,14.65,12.26,10.96
23.06,25.04,26.66,27.80,28.44,29.07,29.66,29.96,29.51,29.13,28.88,28.79,28.74,28.61,28.51,28.44,28.38,28.35,28.45,28.53,28.40,28.26,28.08,27.88,27.69,27.52,27.48,27.48,27.47,27.43,27.31,27.14,26.96,26.83,26.72,26.57,26.45,26.42,26.52,26.53,26.51,26.40,26.14,26.06,26.15,26.26,26.32,26.40,26.35,26.35,26.39,26.41,26.35,26.30,26.24,26.20,26.35,26.21,26.13,26.23,26.38,26.39,26.39,26.42,26.49,26.42,26.38,26.36,26.33,26.22,26.13,25.97,25.76,25.56,25.61,25.78,25.89,25.78,25.58,25.38,25.26,25.26,25.23,25.21,24.96,24.68,24.64,24.75,24.73,24.80,25.05,25.27,24.70,23.77,22.76,22.15,22.41,22.61,22.66,22.53,22.02,21.06,20.20,19.85,20.54,20.67,20.33,19.78,19.44,19.89,20.53,20.82,20.59,20.82,21.02,21.19,21.19,20.72,20.33,19.72,19.16,18.93,18.63,18.55,18.46,18.31,18.16,17.99,17.80,17.60,17.42,17.20,17.03,16.85,16.62,16.42,16.34,16.22,15.81,14.58,13.97,13.40,13.39,14.36,13.42,12.10,10.58,9.10,8.42,8.23,8.16,7.85,7.62,7.60,7.59,7.60,7.59,7.60,7.60,7.59,7.59,7.61,7.60,7.59,7.59,7.60,7.59,7.63,7.65,7.92,9.62,9.75,9.73,9.81,9.95,9.88,9.78,9.75,9.60,7.34,6.18,5.73,5.41,5.37,5.35,5.33,5.32,5.36,5.38,5.56,5.84,6.14,6.42,9.48,12.06,15.69,19.87,23.45,25.26,25.56,24.77,24.40,23.53,22.29,21.02,20.55,20.63,20.66,20.58,20.39,20.48,20.50,20.50,20.50,20.42,20.38,20.44,20.53,20.55,20.57,20.57,20.58,20.59,20.58,20.55,20.53,20.51,20.50,20.46,20.42,20.38,20.34,20.24,20.11,19.98,19.82,19.57,19.49,19.46,19.44,19.40,19.47,19.50,19.56,19.66,19.39,19.40,19.68,20.15,20.53,20.12,19.04,17.50,15.82,14.33,13.22
24.36,26.45,28.00,28.42,28.71,28.94,29.21,29.61,29.22,28.95,28.83,28.81,28.67,28.56,28.50,28.48,28.43,28.39,28.38,28.34,28.27,28.25,28.10,27.91,27.72,27.55,27.64,27.73,27.75,27.71,27.51,27.36,27.19,26.98,26.80,26.62,26.48,26.41,26.47,26.49,26.48,26.42,26.32,26.25,26.20,26.22,26.30,26.35,26.27,26.29,26.38,26.44,26.38,26.33,26.28,26.26,26.36,26.29,26.24,26.27,26.33,26.29,26.28,26.30,26.33,26.37,26.32,26.27,26.24,26.01,25.90,25.77,25.59,25.37,25.46,25.68,25.80,25.65,25.45,25.24,25.10,25.04,25.01,24.99,24.78,24.55,24.54,24.59,24.55,24.61,24.85,24.92,24.71,24.02,23.11,22.70,23.10,23.24,23.17,22.99,22.75,22.23,21.78,21.59,21.81,22.24,22.03,21.48,21.22,21.35,21.90,22.12,21.74,22.12,21.90,21.46,20.96,20.51,20.19,19.69,19.21,18.98,18.77,18.61,18.47,18.32,18.18,18.02,17.83,17.63,17.42,17.20,17.02,16.84,16.64,16.57,16.65,16.60,15.91,13.60,12.85,12.23,11.76,11.55,10.78,10.12,9.19,8.07,7.94,7.81,7.72,7.65,7.60,7.59,7.59,7.59,7.59,7.60,7.59,7.60,7.61,7.61,7.60,7.59,7.58,7.59,7.59,7.91,7.91,8.11,9.30,9.60,9.66,9.70,9.90,9.91,9.88,9.78,9.60,9.29,7.16,5.83,5.72,5.37,5.33,5.33,5.36,5.39,5.42,5.54,5.79,6.13,6.29,6.43,8.30,12.02,17.06,20.99,23.18,24.25,24.72,24.43,23.69,22.70,21.70,21.16,20.97,20.79,20.61,20.46,20.45,20.50,20.51,20.47,20.45,20.45,20.49,20.54,20.57,20.60,20.61,20.62,20.63,20.59,20.57,20.56,20.55,20.52,20.49,20.44,20.39,20.36,20.28,20.17,20.03,19.87,19.66,19.50,19.44,19.45,19.41,19.54,19.55,19.55,19.65,19.44,19.28,19.41,19.77,19.89,19.84,19.50,18.75,17.45,16.29,15.51
25.47,27.39,28.43,28.63,28.83,29.00,29.16,29.30,29.05,28.89,28.81,28.79,28.73,28.66,28.59,28.53,28.44,28.40,28.37,28.35,28.30,28.22,28.06,27.90,27.77,27.71,27.85,27.96,28.02,28.08,27.87,27.68,27.49,27.27,27.06,26.87,26.67,26.49,26.40,26.40,26.38,26.35,26.31,26.23,26.14,26.12,26.20,26.24,26.21,26.24,26.34,26.39,26.40,26.36,26.33,26.35,26.35,26.32,26.29,26.28,26.31,26.28,26.25,26.23,26.25,26.26,26.23,26.17,26.07,25.89,25.79,25.70,25.56,25.35,25.23,25.29,25.38,25.36,25.29,25.11,24.93,24.81,24.79,24.77,24.61,24.43,24.43,24.42,24.37,24.40,24.57,24.54,24.49,24.19,23.75,23.59,23.78,23.71,23.47,23.20,22.95,22.78,22.71,22.78,22.99,23.29,23.13,22.78,22.75,22.86,23.03,22.92,22.42,22.30,21.82,21.23,20.66,20.28,20.00,19.62,19.26,19.04,18.85,18.68,18.51,18.35,18.18,18.03,17.86,17.65,17.44,17.23,17.11,17.07,17.09,17.11,17.02,16.64,15.60,13.16,11.90,11.05,10.42,9.83,9.19,8.73,8.25,7.77,7.71,7.68,7.64,7.61,7.62,7.60,7.60,7.60,7.59,7.60,7.58,7.58,7.60,7.60,7.59,7.64,7.71,7.90,8.46,8.59,8.68,8.96,9.53,9.60,9.57,9.58,9.79,9.88,9.91,9.85,9.71,9.63,8.18,6.72,5.79,5.54,5.36,5.34,5.35,5.36,5.40,5.47,5.68,6.01,6.21,6.19,6.95,9.13,13.51,17.95,20.86,22.65,23.77,24.05,23.94,23.28,22.30,21.87,21.65,21.39,21.10,20.83,20.66,20.56,20.51,20.50,20.47,20.50,20.53,20.56,20.58,20.62,20.62,20.62,20.63,20.60,20.59,20.58,20.56,20.53,20.51,20.47,20.42,20.37,20.31,20.20,20.07,19.92,19.73,19.53,19.44,19.41,19.38,19.50,19.52,19.52,19.57,19.43,19.24,19.22,19.36,19.36,19.35,19.20,18.81,18.11,17.59,17.00
26.46,28.14,28.64,28.75,28.92,29.09,29.18,29.07,28.94,28.86,28.81,28.77,28.81,28.77,28.69,28.58,28.46,28.42,28.40,28.39,28.35,28.21,28.05,27.91,27.84,27.91,28.07,28.18,28.25,28.37,28.23,28.02,27.79,27.58,27.35,27.12,26.85,26.56,26.33,26.29,26.27,26.26,26.25,26.16,26.06,26.02,26.09,26.13,26.14,26.20,26.29,26.32,26.38,26.38,26.39,26.45,26.35,26.35,26.33,26.28,26.29,26.29,26.24,26.20,26.24,26.18,26.16,26.07,25.89,25.79,25.71,25.66,25.59,25.40,25.06,24.92,24.93,24.97,25.04,24.92,24.75,24.61,24.58,24.55,24.43,24.30,24.31,24.25,24.18,24.19,24.30,24.22,24.25,24.28,24.29,24.34,24.29,24.02,23.65,23.29,23.00,23.09,23.33,23.61,23.89,24.01,23.88,23.73,23.90,24.04,23.82,23.38,22.82,22.15,21.50,20.88,20.36,20.07,19.81,19.56,19.32,19.10,18.92,18.74,18.56,18.38,18.21,18.06,17.89,17.70,17.45,17.06,16.92,17.03,17.30,17.37,16.97,16.15,14.78,12.53,10.91,9.91,9.25,8.59,8.08,7.74,7.63,7.71,7.65,7.63,7.62,7.63,7.65,7.62,7.62,7.61,7.60,7.59,7.57,7.57,7.60,7.66,7.70,7.85,8.01,8.09,8.60,9.11,9.53,9.80,9.84,9.64,9.45,9.41,9.68,9.83,9.91,9.91,9.82,9.59,9.05,7.71,6.00,5.61,5.45,5.38,5.35,5.33,5.38,5.42,5.58,5.87,6.15,6.23,6.19,6.88,9.90,14.70,18.43,21.02,22.63,23.48,24.07,23.80,22.90,22.56,22.36,22.07,21.71,21.31,20.99,20.68,20.52,20.53,20.49,20.53,20.56,20.58,20.59,20.63,20.63,20.62,20.62,20.61,20.60,20.59,20.57,20.54,20.53,20.50,20.46,20.38,20.33,20.23,20.11,19.97,19.79,19.58,19.44,19.37,19.34,19.42,19.47,19.49,19.49,19.40,19.24,19.11,19.02,18.95,18.92,18.81,18.64,18.45,18.49,18.05
27.18,28.61,28.82,28.93,29.06,29.14,29.16,29.09,28.92,28.86,28.82,28.77,28.79,28.77,28.71,28.62,28.50,28.51,28.49,28.43,28.36,28.32,28.19,28.06,28.01,28.16,28.28,28.35,28.35,28.32,28.44,28.33,28.10,27.89,27.58,27.22,26.85,26.50,26.23,26.18,26.17,26.15,26.14,26.11,26.02,25.95,25.96,26.04,26.06,26.13,26.23,26.23,26.30,26.36,26.44,26.55,26.36,26.39,26.38,26.29,26.28,26.29,26.27,26.27,26.36,26.31,26.15,25.96,25.79,25.69,25.60,25.65,25.72,25.52,25.15,24.85,24.60,24.42,24.49,24.54,24.53,24.46,24.36,24.33,24.24,24.16,24.14,24.07,24.00,24.01,24.12,24.16,24.15,24.14,24.17,24.28,24.18,23.89,23.53,23.22,22.97,23.09,23.35,23.63,23.90,24.01,23.89,23.73,23.84,23.99,23.63,23.09,22.56,21.79,21.13,20.58,20.16,19.89,19.71,19.55,19.38,19.18,18.98,18.80,18.63,18.45,18.28,18.13,17.99,17.79,17.42,16.21,15.69,15.77,16.23,16.30,15.30,13.97,12.49,10.74,9.60,8.92,8.50,8.15,7.82,7.73,7.81,7.98,8.07,7.81,7.68,7.71,7.79,7.73,7.69,7.68,7.66,7.56,7.57,7.60,7.70,8.11,8.49,8.86,9.06,8.98,9.25,9.75,10.06,10.03,10.02,9.70,9.27,9.06,9.57,9.75,9.87,9.92,9.85,9.56,9.37,8.34,6.72,5.97,5.83,5.79,5.39,5.37,5.42,5.46,5.58,5.79,6.08,6.22,6.21,6.31,7.04,11.21,15.81,19.55,21.54,22.61,23.64,23.95,23.54,23.10,22.90,22.67,22.36,21.94,21.53,20.98,20.59,20.52,20.51,20.50,20.54,20.59,20.60,20.60,20.60,20.61,20.61,20.62,20.62,20.61,20.58,20.55,20.53,20.51,20.48,20.41,20.34,20.25,20.14,20.02,19.86,19.66,19.46,19.33,19.35,19.33,19.39,19.46,19.47,19.42,19.34,19.17,18.96,18.86,18.87,18.76,18.58,18.45,18.47,18.17
27.75,28.90,29.01,29.11,29.20,29.19,29.12,29.09,28.92,28.85,28.82,28.77,28.76,28.75,28.72,28.65,28.55,28.57,28.55,28.49,28.44,28.41,28.31,28.21,28.18,28.29,28.38,28.40,28.38,28.31,28.45,28.44,28.28,27.97,27.62,27.21,26.81,26.43,26.12,26.08,26.06,26.05,26.04,26.03,25.96,25.90,25.91,25.97,26.02,26.11,26.19,26.21,26.25,26.30,26.37,26.46,26.32,26.33,26.34,26.29,26.26,26.28,26.26,26.26,26.35,26.28,26.10,25.86,25.60,25.51,25.49,25.60,25.73,25.59,25.27,24.81,24.38,24.16,24.19,24.26,24.30,24.26,24.18,24.16,24.13,24.09,24.06,23.98,23.92,23.93,24.02,24.06,24.03,24.01,24.04,24.18,24.06,23.77,23.44,23.17,22.95,23.09,23.36,23.64,23.92,23.99,23.88,23.74,23.79,23.87,23.43,22.81,22.26,21.54,20.85,20.36,20.07,19.86,19.71,19.58,19.43,19.24,19.03,18.86,18.72,18.59,18.46,18.36,18.09,17.58,16.81,15.21,14.45,14.45,14.93,14.47,13.08,11.75,10.67,9.60,8.80,8.33,8.18,8.26,7.96,7.90,8.00,8.15,8.15,7.91,7.82,7.86,7.88,7.83,7.94,8.04,8.04,8.00,8.06,8.11,8.19,8.45,8.75,9.15,9.52,9.71,9.75,10.06,10.23,10.11,10.09,9.83,9.38,9.04,9.29,9.64,9.81,9.87,9.87,9.66,9.54,8.95,7.78,6.20,5.93,5.85,5.53,5.45,5.51,5.54,5.64,5.83,6.09,6.16,6.11,6.03,5.96,8.55,12.53,17.03,20.41,21.99,23.39,24.06,23.97,23.60,23.41,23.20,22.93,22.58,22.15,21.50,20.90,20.51,20.52,20.51,20.52,20.55,20.58,20.59,20.60,20.61,20.61,20.62,20.63,20.61,20.57,20.55,20.53,20.51,20.48,20.41,20.34,20.26,20.16,20.04,19.89,19.71,19.52,19.36,19.34,19.30,19.34,19.41,19.46,19.41,19.34,19.20,19.00,18.83,18.82,18.70,18.51,18.39,18.43,18.10
28.21,29.09,29.20,29.30,29.34,29.23,29.08,29.08,28.92,28.85,28.82,28.78,28.73,28.71,28.70,28.68,28.58,28.60,28.60,28.56,28.53,28.49,28.42,28.36,28.34,28.36,28.39,28.40,28.37,28.33,28.32,28.43,28.36,27.93,27.53,27.14,26.75,26.37,26.03,25.98,25.97,25.96,25.95,25.94,25.89,25.87,25.90,25.93,26.02,26.10,26.16,26.23,26.21,26.21,26.23,26.28,26.26,26.23,26.24,26.29,26.25,26.26,26.23,26.20,26.23,26.14,26.01,25.75,25.37,25.28,25.36,25.53,25.66,25.61,25.37,24.78,24.22,24.07,24.04,24.07,24.07,24.04,24.02,24.04,24.06,24.06,24.02,23.95,23.91,23.92,23.96,23.92,23.90,23.88,23.90,24.06,23.93,23.66,23.37,23.15,22.93,23.09,23.37,23.65,23.94,23.95,23.85,23.75,23.75,23.72,23.23,22.56,21.94,21.35,20.64,20.21,20.06,19.92,19.77,19.63,19.47,19.28,19.07,18.92,18.82,18.76,18.71,18.65,18.14,17.16,15.82,14.14,13.22,13.10,13.47,12.19,10.56,9.55,9.17,8.85,8.32,8.01,8.11,8.68,8.33,8.17,8.17,8.27,8.26,8.07,8.05,8.12,8.04,8.04,8.36,8.65,8.69,8.73,8.85,8.94,8.97,9.00,9.17,9.62,10.10,10.32,10.15,10.17,10.18,10.10,10.09,10.01,9.68,9.22,8.93,9.51,9.73,9.80,9.88,9.82,9.63,9.55,9.03,6.39,6.06,5.90,5.77,5.55,5.63,5.65,5.73,5.92,6.13,6.07,5.95,5.94,6.28,5.76,8.91,13.87,19.17,21.49,23.24,24.14,24.26,24.09,23.90,23.67,23.44,23.23,22.81,22.17,21.35,20.53,20.51,20.52,20.50,20.48,20.55,20.60,20.62,20.63,20.62,20.62,20.62,20.60,20.57,20.54,20.54,20.51,20.46,20.39,20.33,20.26,20.16,20.03,19.89,19.75,19.59,19.44,19.31,19.30,19.31,19.36,19.45,19.37,19.29,19.20,19.09,18.82,18.78,18.64,18.43,18.29,18.38,17.91
28.56,29.07,29.19,29.31,29.41,29.44,29.35,29.05,28.91,28.87,28.84,28.78,28.71,28.66,28.62,28.56,28.47,28.47,28.43,28.36,28.33,28.29,28.28,28.30,28.36,28.38,28.33,28.33,28.36,28.28,28.14,28.17,28.15,27.92,27.52,27.13,26.74,26.38,26.17,26.21,26.24,26.23,26.19,26.06,25.95,25.90,25.90,25.92,25.99,26.03,26.07,26.16,26.17,26.21,26.25,26.26,26.26,26.32,26.37,26.41,26.38,26.34,26.21,25.95,25.52,25.48,25.44,25.31,25.08,24.94,24.94,25.05,25.12,24.84,24.68,24.31,23.99,23.98,23.98,24.09,24.13,24.08,24.16,24.08,24.06,24.05,23.95,23.90,23.90,23.90,23.85,23.74,23.75,23.75,23.77,23.90,23.80,23.60,23.35,23.13,22.91,23.08,23.37,23.66,23.91,23.90,23.82,23.74,23.69,23.57,23.10,22.40,21.61,21.13,20.60,20.28,20.14,19.97,19.83,19.69,19.54,19.36,19.15,19.08,19.08,19.02,18.51,17.74,16.75,15.62,14.49,13.01,12.00,11.55,11.48,10.12,9.08,8.53,8.37,8.24,8.12,8.06,8.17,8.53,8.27,8.08,7.99,8.00,8.08,8.39,8.68,8.86,8.82,9.56,9.94,10.25,10.61,10.20,9.88,9.82,9.90,9.59,9.55,9.85,10.19,10.24,10.19,10.16,10.11,10.07,10.03,10.01,9.87,9.60,9.31,9.48,9.63,9.75,9.83,9.86,9.73,9.61,9.39,8.52,6.76,5.97,5.88,5.47,5.68,5.65,5.59,5.64,5.86,5.97,6.04,6.14,6.30,6.10,7.73,10.33,15.36,19.67,22.63,24.27,24.76,24.59,24.37,24.11,23.91,23.84,23.39,22.66,21.83,21.06,20.54,20.47,20.48,20.47,20.46,20.55,20.59,20.61,20.62,20.62,20.62,20.61,20.58,20.56,20.52,20.49,20.45,20.39,20.32,20.26,20.17,20.06,19.93,19.78,19.61,19.42,19.23,19.26,19.24,19.27,19.38,19.28,19.22,19.15,19.04,18.87,18.76,18.60,18.43,18.30,18.29,17.68
28.87,29.13,29.23,29.34,29.46,29.53,29.44,29.06,28.93,28.89,28.85,28.78,28.71,28.63,28.56,28.49,28.43,28.34,28.25,28.17,28.12,28.09,28.13,28.22,28.33,28.37,28.30,28.31,28.34,28.20,28.02,27.99,27.98,27.87,27.50,27.12,26.74,26.41,26.36,26.44,26.45,26.39,26.29,26.08,25.95,25.89,25.90,25.92,25.96,25.98,25.99,26.08,26.11,26.15,26.19,26.20,26.23,26.32,26.39,26.36,26.07,26.18,26.11,25.77,25.10,25.10,25.05,24.96,24.84,24.75,24.68,24.68,24.63,24.28,24.24,24.04,23.88,23.94,24.07,24.23,24.27,24.19,24.27,24.10,24.04,24.02,23.93,23.87,23.86,23.84,23.77,23.63,23.64,23.64,23.64,23.73,23.68,23.53,23.33,23.11,22.89,23.06,23.36,23.67,23.87,23.85,23.78,23.71,23.64,23.42,22.98,22.29,21.43,20.91,20.56,20.35,20.22,20.05,19.90,19.75,19.62,19.50,19.37,19.32,19.18,18.78,17.77,16.56,15.28,14.06,13.04,11.78,10.73,10.04,9.64,8.65,8.17,7.95,7.89,7.83,7.91,7.95,8.06,8.31,8.23,8.13,8.07,8.11,8.28,9.14,10.04,10.72,10.97,11.74,11.97,12.19,12.67,12.03,11.07,10.52,10.37,10.05,9.91,10.05,10.23,10.19,10.20,10.16,10.12,10.09,10.03,10.05,10.00,9.85,9.57,9.40,9.52,9.71,9.80,9.88,9.81,9.69,9.61,9.66,7.83,6.61,6.10,5.54,5.65,5.58,5.48,5.48,5.68,5.85,6.06,6.24,6.29,6.24,6.47,8.23,11.75,16.98,20.75,23.34,24.81,25.05,24.83,24.55,24.32,24.19,23.71,22.98,22.19,21.45,20.73,20.51,20.46,20.46,20.41,20.47,20.53,20.58,20.61,20.61,20.61,20.60,20.58,20.55,20.50,20.47,20.43,20.37,20.31,20.25,20.17,20.06,19.94,19.80,19.63,19.42,19.21,19.24,19.20,19.20,19.31,19.23,19.19,19.10,18.97,18.86,18.74,18.59,18.44,18.31,18.26,17.55
29.13,29.29,29.33,29.40,29.49,29.47,29.32,29.09,28.98,28.91,28.85,28.78,28.71,28.63,28.56,28.50,28.49,28.22,28.08,28.02,27.92,27.89,27.96,28.09,28.23,28.33,28.32,28.33,28.30,28.08,27.96,27.92,27.88,27.76,27.47,27.12,26.74,26.46,26.62,26.66,26.58,26.40,26.19,25.97,25.85,25.84,25.89,25.93,25.94,25.95,25.95,25.98,26.03,26.02,26.03,26.09,26.13,26.22,26.26,26.08,25.20,25.70,25.91,25.67,25.07,25.07,24.91,24.75,24.67,24.74,24.63,24.42,24.19,23.99,24.13,24.03,23.91,23.98,24.35,24.54,24.53,24.38,24.36,24.11,24.00,23.98,23.95,23.88,23.80,23.74,23.72,23.61,23.59,23.56,23.54,23.55,23.56,23.48,23.31,23.09,22.87,23.02,23.34,23.68,23.83,23.79,23.72,23.65,23.59,23.26,22.85,22.25,21.44,20.69,20.50,20.42,20.31,20.17,19.98,19.82,19.72,19.75,19.79,19.68,19.08,17.90,16.32,15.01,13.70,12.46,11.44,10.40,9.40,8.56,8.01,7.98,8.01,7.96,7.82,7.70,7.66,7.65,7.74,7.99,8.22,8.34,8.48,8.72,8.99,10.48,12.36,14.06,14.91,14.79,14.56,14.57,14.90,14.34,12.49,10.96,10.25,10.35,10.27,10.22,10.20,10.19,10.16,10.19,10.21,10.17,10.11,10.12,10.07,9.93,9.68,9.25,9.38,9.67,9.79,9.86,9.87,9.79,9.66,9.52,9.38,7.98,6.38,5.87,5.53,5.41,5.40,5.46,5.62,5.73,5.96,6.21,6.24,6.31,6.30,6.77,8.38,13.17,17.21,21.03,24.28,25.44,25.27,24.98,24.64,24.19,23.69,23.08,22.38,21.66,21.13,20.65,20.45,20.46,20.42,20.36,20.43,20.54,20.60,20.59,20.58,20.57,20.55,20.50,20.47,20.44,20.40,20.33,20.28,20.23,20.15,20.02,19.90,19.79,19.64,19.45,19.26,19.24,19.19,19.17,19.23,19.24,19.18,19.04,18.87,18.77,18.73,18.61,18.45,18.32,18.32,17.56
29.22,29.32,29.43,29.51,29.57,29.50,29.32,29.09,28.98,28.93,28.87,28.78,28.71,28.63,28.57,28.55,28.56,28.26,28.03,27.88,27.74,27.69,27.79,27.95,28.10,28.20,28.26,28.30,28.27,28.12,28.01,27.94,27.84,27.66,27.34,27.01,26.68,26.45,26.52,26.51,26.43,26.28,26.05,25.83,25.72,25.71,25.77,25.83,25.85,25.84,25.80,25.77,25.79,25.86,25.92,25.92,25.97,25.97,25.93,25.71,24.89,25.13,25.26,25.16,24.87,24.86,24.69,24.61,24.72,24.87,24.60,24.27,24.01,23.89,23.94,23.88,23.81,23.88,24.44,24.63,24.63,24.50,24.26,24.04,23.95,23.94,23.90,23.88,23.81,23.77,23.76,23.72,23.65,23.60,23.57,23.47,23.44,23.38,23.26,23.07,22.85,22.99,23.31,23.68,23.79,23.74,23.66,23.57,23.43,22.88,22.36,21.87,21.39,20.74,20.57,20.47,20.38,20.29,20.18,20.14,20.14,20.12,19.65,19.18,18.25,16.75,14.98,13.41,11.99,10.74,9.70,8.98,8.44,8.04,7.79,7.91,8.00,7.99,7.86,7.62,7.79,7.93,8.09,8.39,9.71,9.75,10.58,12.60,13.52,14.58,15.87,17.13,17.91,17.60,17.28,17.11,17.11,16.23,13.68,11.54,10.45,10.31,10.29,10.25,10.22,10.22,10.17,10.19,10.20,10.18,10.14,10.14,10.11,10.02,9.89,9.47,9.27,9.36,9.72,9.81,9.87,9.85,9.74,9.52,9.54,8.83,7.52,5.99,5.74,5.44,5.38,5.41,5.47,5.53,5.77,6.07,6.17,6.24,6.23,6.31,6.84,10.38,14.10,18.42,22.08,23.20,22.91,23.49,24.29,24.19,23.68,23.10,22.41,21.67,21.19,20.67,20.42,20.40,20.40,20.38,20.39,20.44,20.50,20.53,20.54,20.54,20.51,20.46,20.44,20.40,20.36,20.30,20.23,20.18,20.09,19.98,19.85,19.74,19.62,19.48,19.32,19.24,19.19,19.18,19.21,19.17,19.12,19.02,18.88,18.77,18.71,18.58,18.42,18.30,18.28,17.38
29.28,29.34,29.49,29.61,29.63,29.52,29.31,29.07,28.99,28.96,28.91,28.79,28.72,28.65,28.62,28.63,28.64,28.33,28.03,27.78,27.60,27.50,27.62,27.81,27.98,28.09,28.21,28.26,28.25,28.17,28.05,27.96,27.82,27.57,27.23,26.88,26.59,26.38,26.32,26.28,26.23,26.12,25.90,25.68,25.58,25.57,25.63,25.70,25.74,25.72,25.66,25.59,25.58,25.70,25.77,25.69,25.74,25.68,25.58,25.36,24.73,24.68,24.69,24.70,24.69,24.67,24.51,24.49,24.75,24.93,24.56,24.18,23.95,23.84,23.78,23.71,23.68,23.75,24.37,24.54,24.57,24.51,24.16,23.96,23.90,23.91,23.85,23.88,23.85,23.83,23.84,23.83,23.73,23.68,23.63,23.44,23.33,23.28,23.21,23.06,22.84,22.95,23.29,23.68,23.74,23.64,23.53,23.39,23.19,22.43,21.84,21.48,21.30,20.83,20.67,20.58,20.47,20.35,20.31,20.29,20.19,19.89,18.94,18.10,16.91,15.25,13.51,11.74,10.30,9.19,8.30,7.90,7.79,7.82,7.88,7.97,8.05,8.02,7.88,7.62,8.01,8.31,8.60,9.15,11.49,11.76,13.27,16.66,18.21,18.92,19.52,20.12,20.71,20.37,20.03,19.72,19.35,17.97,14.85,12.28,10.86,10.33,10.26,10.24,10.24,10.24,10.19,10.19,10.19,10.18,10.15,10.15,10.13,10.10,10.06,9.73,9.26,9.11,9.54,9.73,9.84,9.88,9.82,9.58,9.48,9.40,8.57,6.29,5.83,5.54,5.41,5.37,5.34,5.36,5.57,5.88,6.08,6.14,6.14,6.03,5.96,8.06,11.50,15.65,19.46,20.12,20.09,21.72,23.68,24.05,23.65,23.09,22.38,21.60,21.14,20.65,20.39,20.36,20.42,20.40,20.36,20.35,20.39,20.45,20.48,20.49,20.46,20.42,20.39,20.35,20.31,20.25,20.18,20.11,20.03,19.93,19.80,19.70,19.60,19.49,19.36,19.24,19.19,19.20,19.20,19.11,19.07,19.01,18.92,18.78,18.69,18.54,18.38,18.28,18.23,17.22
29.35,29.39,29.47,29.64,29.60,29.46,29.24,29.01,29.00,29.03,28.98,28.83,28.78,28.73,28.73,28.77,28.72,28.40,28.07,27.78,27.56,27.33,27.46,27.70,27.93,28.12,28.22,28.26,28.23,28.10,28.02,27.94,27.80,27.53,27.18,26.79,26.44,26.18,26.08,26.03,26.00,25.92,25.75,25.54,25.44,25.43,25.50,25.56,25.60,25.60,25.58,25.55,25.54,25.52,25.44,25.31,25.32,25.35,25.32,25.14,24.72,24.64,24.63,24.65,24.65,24.63,24.48,24.44,24.60,24.68,24.45,24.23,24.06,23.88,23.78,23.62,23.53,23.59,23.91,24.05,24.17,24.28,24.16,23.92,23.86,23.89,23.84,23.91,23.91,23.94,24.01,23.88,23.82,23.78,23.73,23.49,23.32,23.21,23.14,23.06,22.82,22.92,23.27,23.69,23.68,23.44,23.17,22.93,22.76,21.89,21.46,21.25,21.10,20.87,20.86,20.84,20.69,20.25,20.18,19.74,18.91,17.76,16.82,15.76,14.42,12.84,11.52,9.88,8.77,8.22,8.02,7.86,7.87,7.98,8.09,8.07,8.15,8.03,7.79,7.83,8.32,8.67,9.27,10.63,13.31,14.90,16.80,19.36,21.16,22.40,22.89,23.02,23.42,23.17,22.84,22.41,21.69,19.44,16.11,13.43,11.77,10.70,10.29,10.20,10.23,10.23,10.18,10.19,10.20,10.18,10.15,10.15,10.14,10.11,10.05,9.95,9.56,9.18,9.10,9.57,9.76,9.85,9.87,9.76,9.57,9.45,8.82,7.09,6.26,5.85,5.66,5.37,5.35,5.35,5.41,5.57,5.89,6.02,6.01,5.97,6.00,6.43,9.72,12.53,16.53,16.04,17.49,20.17,22.68,23.47,23.56,23.04,22.23,21.40,20.99,20.59,20.39,20.40,20.56,20.40,20.35,20.34,20.33,20.38,20.40,20.40,20.38,20.35,20.32,20.28,20.24,20.20,20.12,20.04,19.94,19.83,19.75,19.66,19.57,19.46,19.34,19.18,19.16,19.19,19.20,19.12,19.06,19.01,18.93,18.83,18.70,18.50,18.32,18.27,18.18,17.21
29.36,29.42,29.50,29.64,29.62,29.47,29.23,28.99,29.01,29.04,29.02,28.91,28.88,28.84,28.85,28.86,28.72,28.39,28.07,27.78,27.53,27.35,27.50,27.77,28.04,28.27,28.32,28.28,28.19,28.05,27.99,27.92,27.77,27.47,27.09,26.68,26.29,25.99,25.88,25.80,25.76,25.71,25.59,25.38,25.32,25.35,25.43,25.50,25.54,25.54,25.53,25.52,25.50,25.42,25.28,25.09,25.03,25.02,24.97,24.84,24.60,24.57,24.56,24.56,24.60,24.54,24.35,24.27,24.39,24.47,24.41,24.30,24.14,23.90,23.70,23.55,23.49,23.53,23.71,23.81,23.92,24.08,24.25,24.04,23.92,23.88,23.83,24.04,24.11,24.10,24.05,23.87,23.80,23.75,23.68,23.50,23.28,23.18,23.12,23.04,22.85,22.80,22.98,23.30,23.28,22.97,22.72,22.52,22.32,21.67,21.38,21.27,21.18,21.06,21.01,20.87,20.58,20.07,19.94,19.00,17.42,15.55,14.62,13.65,12.25,10.60,9.93,8.86,8.17,7.94,8.05,8.01,8.02,8.13,8.31,8.24,8.18,8.13,8.15,8.38,9.41,10.72,12.15,13.62,15.79,17.52,19.40,21.53,23.32,24.40,24.49,24.23,24.74,24.82,24.54,24.02,23.26,21.11,17.89,14.95,12.69,11.08,10.37,10.18,10.22,10.23,10.19,10.20,10.20,10.18,10.17,10.16,10.15,10.13,10.08,10.03,9.76,9.36,9.01,9.49,9.68,9.79,9.86,9.81,9.66,9.52,9.11,8.13,6.55,5.97,5.80,5.47,5.42,5.38,5.37,5.44,5.68,5.78,5.89,5.99,6.06,6.07,8.77,11.17,13.07,11.35,14.10,18.06,21.52,22.92,23.54,23.11,22.18,21.18,20.89,20.62,20.45,20.44,20.59,20.50,20.41,20.34,20.29,20.31,20.30,20.29,20.28,20.27,20.24,20.21,20.17,20.12,20.06,19.97,19.88,19.78,19.70,19.64,19.55,19.44,19.33,19.18,19.15,19.18,19.19,19.13,19.04,18.97,18.90,18.83,18.66,18.45,18.27,18.23,18.13,16.98
29.33,29.43,29.55,29.62,29.65,29.51,29.26,29.00,29.02,29.03,29.03,29.01,28.98,28.97,28.96,28.91,28.69,28.34,28.03,27.76,27.51,27.48,27.66,27.94,28.23,28.48,28.46,28.31,28.13,28.02,27.96,27.90,27.73,27.40,26.97,26.56,26.15,25.80,25.70,25.59,25.53,25.50,25.44,25.23,25.22,25.29,25.39,25.49,25.53,25.53,25.50,25.50,25.47,25.38,25.20,24.94,24.81,24.70,24.60,24.52,24.44,24.50,24.47,24.45,24.54,24.43,24.17,24.04,24.17,24.29,24.40,24.37,24.20,23.89,23.60,23.50,23.51,23.53,23.66,23.71,23.77,23.91,24.36,24.22,24.02,23.88,23.83,24.22,24.36,24.27,24.02,23.83,23.74,23.64,23.56,23.47,23.24,23.15,23.11,23.02,22.91,22.65,22.58,22.74,22.71,22.40,22.24,22.15,21.90,21.64,21.49,21.43,21.42,21.30,21.06,20.70,20.24,19.78,19.55,18.11,15.83,13.35,12.41,11.67,10.31,8.56,8.62,8.32,8.08,8.03,8.25,8.26,8.20,8.27,8.52,8.46,8.20,8.36,8.90,9.34,11.07,13.67,16.08,17.33,18.58,19.88,21.50,23.42,25.03,25.55,25.10,24.56,25.29,25.82,25.58,25.02,24.37,22.82,19.89,16.65,13.67,11.52,10.49,10.17,10.22,10.23,10.21,10.21,10.20,10.18,10.19,10.17,10.16,10.16,10.15,10.04,9.90,9.59,9.12,9.42,9.59,9.72,9.82,9.80,9.75,9.59,9.42,9.24,6.83,6.14,5.93,5.62,5.52,5.44,5.39,5.39,5.47,5.50,5.78,6.06,6.14,6.06,6.06,7.59,9.53,6.64,10.39,15.55,20.15,22.33,23.58,23.30,22.22,21.01,20.84,20.69,20.56,20.50,20.56,20.64,20.52,20.35,20.28,20.26,20.20,20.17,20.18,20.19,20.15,20.13,20.10,20.03,19.99,19.92,19.84,19.76,19.66,19.61,19.54,19.43,19.33,19.19,19.15,19.17,19.18,19.14,19.02,18.91,18.86,18.81,18.60,18.38,18.21,18.19,18.04,16.61
29.27,29.35,29.43,29.50,29.52,29.42,29.24,29.05,29.04,29.00,29.01,29.12,29.11,29.10,29.09,29.02,28.72,28.35,27.98,27.70,27.62,27.60,27.78,28.07,28.37,28.47,28.34,28.19,28.05,27.90,27.87,27.82,27.67,27.32,26.90,26.48,26.06,25.70,25.60,25.45,25.40,25.37,25.30,25.21,25.23,25.30,25.39,25.48,25.53,25.52,25.48,25.47,25.44,25.30,25.07,24.76,24.61,24.53,24.50,24.49,24.45,24.46,24.40,24.35,24.40,24.34,24.14,24.02,24.09,24.22,24.36,24.36,24.22,23.91,23.53,23.44,23.53,23.64,23.73,23.78,23.83,23.92,24.09,24.04,24.03,24.04,24.05,24.31,24.37,24.22,23.94,23.81,23.71,23.60,23.50,23.37,23.20,23.11,23.07,23.01,22.96,22.73,22.61,22.64,22.54,22.35,22.20,22.07,21.86,21.89,21.87,21.84,21.74,20.97,19.95,19.27,18.88,18.31,17.72,16.56,14.59,11.80,10.49,9.93,9.19,8.18,8.15,8.22,8.19,8.14,8.22,8.24,8.16,8.21,8.53,8.93,8.90,10.03,12.20,13.98,15.31,16.59,17.98,19.61,21.09,22.42,23.85,25.30,26.03,25.78,25.35,25.08,25.30,25.94,25.75,25.28,24.88,23.76,21.20,18.25,15.34,12.76,10.82,10.17,10.22,10.24,10.25,10.22,10.20,10.21,10.22,10.29,10.37,10.42,10.40,10.23,10.01,9.73,9.39,9.10,9.46,9.74,9.78,9.75,9.73,9.66,9.52,9.30,8.54,7.01,5.91,5.69,5.72,5.50,5.41,5.41,5.47,5.69,5.91,6.10,6.21,6.13,6.15,6.69,7.29,6.23,7.80,11.54,16.78,20.98,23.86,24.07,22.93,21.49,20.98,20.80,20.71,20.62,20.49,20.60,20.62,20.50,20.25,20.23,20.21,20.18,20.13,20.08,20.06,20.04,20.02,19.96,19.92,19.90,19.86,19.80,19.64,19.62,19.54,19.41,19.32,19.19,19.15,19.19,19.26,19.15,19.01,18.92,18.88,18.80,18.57,18.34,18.19,18.19,17.55,15.76
29.23,29.29,29.34,29.36,29.35,29.29,29.20,29.09,29.06,29.01,29.03,29.15,29.14,29.13,29.12,29.05,28.79,28.40,27.97,27.68,27.71,27.73,27.86,28.06,28.29,28.33,28.19,28.05,27.93,27.79,27.76,27.73,27.59,27.29,26.87,26.44,26.02,25.65,25.51,25.38,25.31,25.28,25.21,25.21,25.25,25.31,25.39,25.48,25.53,25.53,25.49,25.42,25.36,25.20,24.93,24.59,24.44,24.41,24.42,24.44,24.43,24.39,24.31,24.25,24.27,24.25,24.13,24.03,24.03,24.17,24.32,24.35,24.22,23.96,23.58,23.51,23.62,23.77,23.85,23.89,23.89,23.85,23.86,23.97,24.08,24.18,24.22,24.32,24.30,24.16,23.93,23.80,23.69,23.56,23.45,23.31,23.18,23.10,23.04,23.00,22.97,22.80,22.68,22.63,22.50,22.37,22.25,22.14,21.98,22.13,22.14,22.00,21.62,20.37,18.76,17.69,17.11,16.27,15.59,14.68,13.10,10.58,9.13,8.66,8.36,7.97,7.93,8.23,8.36,8.31,8.22,8.23,8.28,8.51,9.08,10.48,11.00,12.58,15.24,17.55,18.46,18.93,19.67,21.27,22.94,24.36,25.58,26.50,26.62,26.09,25.75,25.63,25.57,26.05,25.92,25.61,25.35,24.32,22.23,19.64,16.79,13.80,11.09,10.15,10.22,10.24,10.26,10.25,10.24,10.25,10.25,10.37,10.50,10.58,10.55,10.38,10.13,9.88,9.65,9.20,9.51,9.74,9.73,9.68,9.71,9.69,9.58,9.37,9.41,8.03,6.57,5.76,5.75,5.52,5.40,5.41,5.44,5.71,5.93,6.10,6.23,6.18,6.20,6.22,6.19,6.10,5.86,8.91,13.04,18.47,22.71,24.06,23.64,22.35,21.27,20.99,20.86,20.71,20.46,20.58,20.68,20.62,20.37,20.33,20.24,20.16,20.10,20.05,20.01,19.97,19.94,19.91,19.88,19.86,19.82,19.76,19.62,19.59,19.50,19.37,19.29,19.20,19.16,19.17,19.21,19.16,19.06,18.95,18.87,18.78,18.55,18.32,18.16,18.17,17.24,15.30
29.20,29.24,29.28,29.20,29.15,29.13,29.13,29.13,29.07,29.07,29.09,29.09,29.08,29.07,29.05,29.02,28.90,28.50,28.03,27.72,27.80,27.87,27.88,27.91,27.97,28.06,28.00,27.89,27.77,27.68,27.64,27.60,27.52,27.31,26.89,26.46,26.04,25.67,25.46,25.37,25.29,25.21,25.17,25.22,25.28,25.33,25.40,25.48,25.52,25.56,25.54,25.36,25.23,25.05,24.79,24.43,24.31,24.33,24.38,24.39,24.37,24.30,24.21,24.15,24.17,24.16,24.15,24.09,24.00,24.14,24.30,24.32,24.21,24.05,23.76,23.71,23.80,23.93,24.00,24.06,23.94,23.68,23.70,24.01,24.19,24.27,24.33,24.23,24.16,24.09,23.98,23.79,23.68,23.53,23.40,23.31,23.21,23.12,23.04,22.97,22.93,22.86,22.79,22.72,22.59,22.46,22.40,22.38,22.28,22.37,22.30,21.89,21.00,19.45,17.48,15.96,14.86,13.58,13.12,12.42,11.32,9.76,8.40,7.92,7.86,7.95,8.02,8.36,8.58,8.56,8.24,8.23,8.57,9.20,10.25,13.29,14.70,16.16,17.99,19.88,20.34,20.60,21.11,22.24,24.06,25.62,26.60,26.90,26.72,26.50,26.34,26.23,26.14,26.13,26.10,26.02,25.76,24.44,22.92,20.80,17.99,14.60,11.27,10.11,10.20,10.22,10.26,10.29,10.31,10.30,10.30,10.41,10.54,10.62,10.59,10.47,10.25,10.03,9.89,9.81,9.76,9.72,9.67,9.58,9.66,9.67,9.60,9.44,9.32,9.21,8.02,5.83,5.78,5.50,5.38,5.39,5.38,5.56,5.82,6.06,6.19,6.19,6.21,6.24,6.25,6.24,6.09,6.50,8.89,14.64,19.92,23.16,24.35,23.66,21.73,21.27,21.03,20.74,20.45,20.57,20.69,20.73,20.64,20.57,20.29,20.11,20.10,20.10,20.01,19.91,19.86,19.87,19.86,19.80,19.72,19.65,19.59,19.54,19.43,19.31,19.24,19.22,19.18,19.11,19.01,19.16,19.17,19.03,18.82,18.77,18.56,18.32,18.13,18.10,17.15,15.30
29.18,29.20,29.23,29.15,29.10,29.08,29.08,29.09,29.10,29.09,29.09,29.12,29.07,29.03,28.99,28.95,28.87,28.52,28.07,27.75,27.82,27.85,27.80,27.72,27.68,27.85,27.79,27.71,27.64,27.58,27.52,27.48,27.42,27.27,26.89,26.48,26.06,25.66,25.33,25.28,25.21,25.15,25.16,25.23,25.29,25.35,25.41,25.48,25.61,25.65,25.61,25.49,25.39,25.17,24.87,24.53,24.30,24.30,24.33,24.32,24.28,24.19,24.11,24.06,24.08,24.08,24.09,24.01,23.88,24.10,24.27,24.30,24.22,24.09,23.84,23.81,23.90,23.96,24.00,23.97,23.85,23.73,23.90,24.12,24.25,24.28,24.22,24.08,23.99,23.94,23.88,23.78,23.66,23.53,23.43,23.34,23.25,23.16,23.08,23.00,22.93,22.88,22.84,22.78,22.67,22.57,22.51,22.38,22.01,21.61,21.13,20.50,19.59,18.04,15.77,13.81,12.28,10.87,10.57,10.03,9.38,8.85,8.04,7.81,7.83,7.91,7.97,8.13,8.21,8.31,8.62,9.51,11.13,12.66,13.73,15.90,17.30,18.85,20.54,21.77,22.09,22.32,22.65,23.28,25.05,26.02,26.45,26.50,26.39,26.22,26.10,26.04,26.00,26.04,26.01,25.88,25.55,24.20,22.80,21.14,18.95,15.74,12.46,10.77,10.27,10.25,10.29,10.32,10.34,10.33,10.32,10.41,10.52,10.59,10.56,10.46,10.32,10.16,10.01,9.96,9.81,9.41,9.01,9.43,9.56,9.61,9.60,9.50,9.38,9.36,8.66,7.13,5.87,5.52,5.39,5.35,5.35,5.49,5.73,5.98,6.13,6.10,6.19,6.25,6.23,6.12,6.04,6.02,7.12,10.56,16.06,20.16,22.92,24.16,22.69,21.69,21.09,20.77,20.52,20.50,20.63,20.73,20.69,20.62,20.49,20.36,20.21,20.04,19.97,19.92,19.87,19.83,19.78,19.71,19.63,19.56,19.51,19.46,19.40,19.33,19.29,19.26,19.19,19.09,18.97,19.03,19.09,19.00,18.78,18.73,18.50,18.24,18.05,18.01,17.31,15.59
29.18,29.17,29.19,29.13,29.08,29.05,29.05,29.06,29.11,29.08,29.08,29.18,29.10,29.03,28.96,28.90,28.79,28.50,28.09,27.78,27.81,27.78,27.70,27.57,27.45,27.63,27.57,27.52,27.49,27.46,27.40,27.36,27.31,27.21,26.89,26.49,26.07,25.66,25.24,25.22,25.17,25.10,25.14,25.22,25.29,25.36,25.42,25.49,25.64,25.69,25.63,25.56,25.48,25.23,24.91,24.61,24.33,24.27,24.27,24.24,24.18,24.09,24.03,23.99,23.99,24.00,24.01,23.94,23.80,24.05,24.20,24.24,24.19,24.09,23.86,23.85,23.93,23.97,23.98,23.87,23.78,23.80,24.04,24.19,24.26,24.24,24.07,23.92,23.82,23.77,23.78,23.73,23.62,23.53,23.46,23.38,23.29,23.21,23.12,23.04,22.97,22.92,22.89,22.84,22.75,22.55,22.33,21.98,21.35,20.52,19.71,18.91,18.04,16.57,14.07,11.89,10.25,8.86,8.59,8.18,7.92,8.12,7.82,7.81,7.88,7.92,7.93,8.01,8.05,8.45,9.84,11.50,13.98,16.08,17.14,18.42,19.73,21.22,22.65,23.30,23.57,23.81,24.06,24.36,25.77,26.15,26.13,26.07,26.07,25.95,25.85,25.81,25.83,25.94,25.91,25.74,25.35,24.05,22.76,21.40,19.67,16.83,13.67,11.46,10.36,10.31,10.34,10.37,10.38,10.37,10.37,10.45,10.54,10.59,10.53,10.45,10.38,10.27,10.10,10.03,9.88,9.32,8.69,9.20,9.42,9.54,9.58,9.55,9.46,9.36,9.08,8.32,6.09,5.59,5.42,5.32,5.34,5.43,5.62,5.84,6.01,6.01,6.15,6.24,6.18,5.95,5.92,5.78,5.99,7.21,12.22,16.88,20.84,23.50,22.75,21.95,21.30,20.86,20.61,20.48,20.57,20.69,20.67,20.63,20.66,20.59,20.36,20.07,20.00,19.95,19.89,19.79,19.73,19.66,19.58,19.51,19.46,19.41,19.38,19.35,19.33,19.26,19.17,19.07,18.95,18.90,18.95,18.88,18.71,18.67,18.42,18.16,17.96,17.92,17.45,16.08
29.20,29.17,29.14,29.12,29.09,29.06,29.04,29.08,29.03,29.02,29.11,29.28,29.21,29.13,29.04,28.89,28.66,28.37,28.05,27.81,27.75,27.66,27.59,27.49,27.38,27.41,27.37,27.31,27.25,27.27,27.27,27.24,27.18,27.09,26.88,26.51,26.08,25.63,25.26,25.29,25.21,25.09,25.09,25.18,25.27,25.35,25.41,25.50,25.52,25.52,25.49,25.42,25.33,25.07,24.76,24.50,24.38,24.26,24.18,24.15,24.08,24.01,23.97,23.94,23.94,23.94,23.94,23.91,23.85,23.98,24.03,24.06,24.06,23.95,23.79,23.78,23.86,23.95,23.96,23.88,23.83,23.85,23.87,24.10,24.17,24.08,23.92,23.76,23.62,23.61,23.73,23.57,23.55,23.51,23.47,23.42,23.34,23.25,23.17,23.11,23.08,23.01,22.94,22.88,22.81,22.20,21.44,20.64,19.88,18.96,18.12,17.31,16.45,15.08,12.53,10.74,9.79,8.64,8.12,7.82,7.74,7.85,7.78,7.85,7.97,8.08,7.99,8.34,8.68,9.83,13.13,14.87,16.68,18.26,19.49,20.82,22.15,23.11,23.67,24.02,24.35,24.72,25.11,25.50,25.84,25.87,25.83,25.86,25.94,25.92,25.86,25.80,25.84,25.92,25.89,25.75,25.43,24.32,23.21,21.74,19.84,17.64,14.53,11.95,10.45,10.39,10.43,10.46,10.47,10.46,10.50,10.60,10.67,10.68,10.57,10.48,10.46,10.37,10.12,10.07,10.06,9.89,9.47,8.78,9.21,9.47,9.55,9.58,9.51,9.37,9.21,8.75,6.61,5.85,5.57,5.34,5.36,5.38,5.42,5.54,5.75,5.95,6.08,6.16,6.13,5.74,5.68,5.59,5.57,5.85,8.82,13.69,17.91,20.07,20.25,21.73,21.94,21.10,20.69,20.58,20.57,20.58,20.55,20.61,20.68,20.67,20.56,20.36,20.17,20.03,19.91,19.77,19.75,19.71,19.65,19.58,19.53,19.46,19.40,19.34,19.27,19.17,19.09,19.01,18.94,18.83,18.72,18.64,18.58,18.54,18.32,18.07,17.87,17.80,17.45,16.98
29.21,29.15,29.11,29.11,29.11,29.10,29.09,29.10,29.02,29.05,29.18,29.36,29.31,29.17,28.99,28.81,28.63,28.35,28.07,27.85,27.74,27.65,27.56,27.43,27.28,27.27,27.24,27.18,27.10,27.08,27.05,27.00,26.95,26.90,26.82,26.47,26.03,25.57,25.24,25.27,25.22,25.11,25.05,25.13,25.24,25.33,25.40,25.47,25.43,25.38,25.33,25.27,25.17,24.92,24.64,24.45,24.40,24.23,24.11,24.07,24.02,23.97,23.94,23.92,23.90,23.90,23.89,23.88,23.87,23.90,23.95,23.98,23.98,23.91,23.80,23.77,23.83,23.94,23.90,23.83,23.79,23.79,23.77,23.89,23.94,23.90,23.78,23.64,23.52,23.55,23.73,23.60,23.54,23.49,23.44,23.39,23.34,23.28,23.23,23.19,23.13,23.02,22.90,22.74,22.30,21.26,20.18,19.21,18.40,17.45,16.56,15.72,14.86,13.60,11.34,9.92,9.31,8.29,7.88,7.70,7.67,7.73,7.73,7.97,8.23,8.43,8.52,9.96,11.01,12.36,15.45,17.26,18.93,20.43,21.72,22.68,23.57,24.10,24.32,24.52,24.84,25.19,25.54,25.85,25.84,25.80,25.77,25.79,25.88,25.90,25.86,25.81,25.82,25.90,25.88,25.80,25.63,24.86,23.58,21.89,19.92,17.92,15.23,12.48,10.61,10.48,10.52,10.55,10.55,10.57,10.65,10.75,10.80,10.77,10.66,10.56,10.52,10.43,10.20,10.11,10.12,10.07,9.81,9.12,9.33,9.45,9.49,9.52,9.50,9.40,9.28,9.02,7.81,6.36,5.70,5.36,5.39,5.44,5.46,5.49,5.58,5.85,5.99,6.10,6.10,5.69,5.76,5.74,5.67,5.42,6.86,10.50,14.24,16.78,19.19,21.18,21.88,21.52,20.88,20.64,20.50,20.46,20.48,20.59,20.67,20.70,20.68,20.51,20.31,20.17,20.02,19.81,19.78,19.76,19.72,19.65,19.57,19.46,19.41,19.39,19.33,19.25,19.14,19.02,18.88,18.76,18.64,18.52,18.42,18.31,18.14,18.00,17.88,17.74,17.43,16.62
29.21,29.13,29.09,29.10,29.13,29.15,29.15,29.12,29.05,29.11,29.26,29.42,29.40,29.19,28.93,28.73,28.70,28.41,28.14,27.92,27.74,27.68,27.57,27.38,27.18,27.17,27.15,27.09,27.00,26.91,26.81,26.73,26.68,26.69,26.72,26.40,25.95,25.49,25.19,25.21,25.21,25.15,25.03,25.08,25.19,25.31,25.39,25.41,25.35,25.26,25.17,25.12,25.00,24.76,24.54,24.43,24.40,24.21,24.06,24.00,23.97,23.95,23.93,23.90,23.88,23.86,23.86,23.86,23.86,23.83,23.90,23.94,23.94,23.92,23.84,23.79,23.82,23.93,23.82,23.75,23.71,23.69,23.71,23.66,23.67,23.71,23.66,23.54,23.47,23.55,23.74,23.70,23.56,23.45,23.39,23.35,23.33,23.31,23.29,23.27,23.16,23.00,22.82,22.50,21.54,20.09,18.78,17.72,16.91,15.97,15.03,14.14,13.27,12.12,10.32,9.26,8.82,7.91,7.77,7.70,7.66,7.69,7.71,8.15,8.65,9.08,9.53,12.24,14.10,15.40,17.37,19.21,20.96,22.52,23.76,24.21,24.49,24.67,24.80,24.93,25.19,25.46,25.70,25.83,25.82,25.83,25.81,25.79,25.86,25.88,25.86,25.82,25.78,25.86,25.86,25.85,25.84,25.44,23.86,21.94,19.95,17.96,15.81,13.03,10.85,10.57,10.62,10.63,10.65,10.68,10.80,10.90,10.91,10.85,10.76,10.64,10.57,10.47,10.31,10.16,10.13,10.06,9.92,9.74,9.56,9.45,9.41,9.43,9.47,9.43,9.33,9.19,9.20,7.12,6.04,5.40,5.43,5.54,5.59,5.56,5.47,5.74,5.89,6.02,6.06,5.72,5.97,6.04,5.99,6.00,5.38,7.63,10.68,13.97,18.90,20.61,21.62,22.04,21.09,20.68,20.43,20.35,20.43,20.57,20.63,20.71,20.75,20.57,20.42,20.32,20.16,19.87,19.81,19.80,19.78,19.72,19.60,19.46,19.43,19.47,19.45,19.39,19.26,19.06,18.84,18.72,18.61,18.46,18.26,18.05,17.94,17.94,17.92,17.71,17.35,15.71
29.21,29.13,29.06,29.07,29.15,29.14,29.08,29.15,29.17,29.16,29.22,29.39,29.39,29.30,29.20,29.11,29.08,28.66,28.32,28.05,27.79,27.68,27.49,27.28,27.10,27.07,27.05,26.99,26.92,26.82,26.73,26.68,26.61,26.52,26.55,26.23,25.81,25.40,25.05,25.15,25.18,25.13,25.07,25.02,25.10,25.24,25.37,25.33,25.26,25.17,25.08,24.99,24.85,24.65,24.47,24.41,24.38,24.25,24.11,24.01,23.96,23.94,23.92,23.89,23.87,23.85,23.83,23.82,23.83,23.88,23.87,23.93,24.03,24.01,23.91,23.84,23.82,23.86,23.81,23.77,23.71,23.65,23.72,23.75,23.71,23.63,23.58,23.52,23.49,23.53,23.63,23.67,23.53,23.45,23.44,23.43,23.34,23.29,23.26,23.22,23.18,23.00,22.71,22.17,20.89,19.31,17.62,16.17,15.40,14.49,13.56,12.63,11.70,10.59,9.43,8.69,8.33,7.94,7.81,7.72,7.73,7.91,8.05,8.55,9.89,11.93,13.33,15.26,16.81,18.12,19.64,21.24,22.82,23.93,24.37,24.75,25.01,25.18,25.28,25.31,25.59,25.76,25.83,25.87,25.87,25.88,25.86,25.83,25.86,25.86,25.83,25.78,25.72,25.76,25.79,25.80,25.76,25.13,23.54,21.77,19.99,17.99,15.95,13.54,11.51,10.66,10.71,10.72,10.76,10.84,10.93,10.96,10.97,10.94,10.79,10.66,10.56,10.49,10.41,10.30,10.14,9.99,9.87,9.72,9.46,9.37,9.37,9.32,9.41,9.43,9.35,9.21,9.17,8.50,7.30,5.65,5.49,5.59,5.65,5.59,5.40,5.57,5.69,5.77,5.82,5.85,6.01,6.08,6.04,5.90,5.39,7.99,11.61,15.39,19.60,21.42,22.44,22.57,21.01,20.75,20.57,20.42,20.32,20.49,20.60,20.66,20.65,20.53,20.39,20.29,20.18,19.97,19.83,19.80,19.77,19.70,19.56,19.52,19.52,19.52,19.50,19.43,19.30,19.14,18.99,18.84,18.59,18.36,18.19,18.03,17.89,17.85,17.82,17.67,16.85,15.26
29.25,29.15,29.06,29.05,29.15,29.13,29.06,29.17,29.22,29.17,29.19,29.35,29.44,29.50,29.52,29.49,29.46,28.97,28.54,28.17,27.83,27.65,27.39,27.16,27.01,26.98,26.95,26.90,26.83,26.74,26.67,26.64,26.55,26.37,26.39,26.05,25.66,25.31,25.00,25.11,25.15,25.11,25.07,24.99,25.04,25.15,25.28,25.25,25.17,25.09,25.00,24.93,24.73,24.52,24.37,24.33,24.31,24.25,24.14,24.02,23.95,23.93,23.91,23.88,23.85,23.83,23.81,23.79,23.79,23.85,23.82,23.91,24.05,24.06,23.97,23.89,23.85,23.89,23.87,23.81,23.72,23.63,23.72,23.76,23.70,23.59,23.56,23.54,23.52,23.52,23.57,23.65,23.54,23.48,23.49,23.49,23.34,23.27,23.23,23.18,23.17,22.89,22.34,21.46,20.05,18.50,16.61,14.73,13.45,12.85,12.04,11.15,10.25,9.31,8.66,8.28,8.13,8.04,7.87,7.80,7.90,8.26,9.19,10.13,11.82,14.26,16.12,17.75,19.20,20.51,21.77,22.97,24.16,24.87,24.94,25.18,25.48,25.68,25.74,25.68,25.85,25.93,25.93,25.94,25.98,25.95,25.90,25.83,25.83,25.81,25.77,25.70,25.63,25.66,25.69,25.73,25.67,24.62,22.96,21.20,19.47,17.62,15.77,13.77,11.95,10.75,10.80,10.83,10.87,10.93,10.99,10.98,11.00,10.99,10.83,10.70,10.58,10.50,10.47,10.38,10.18,10.02,9.93,9.81,9.61,9.46,9.34,9.21,9.30,9.37,9.36,9.26,9.18,9.17,8.13,6.68,5.58,5.61,5.65,5.58,5.38,5.49,5.58,5.61,5.62,5.79,5.95,6.05,6.03,5.88,5.40,8.45,12.06,16.48,20.07,21.87,22.91,22.97,21.20,20.85,20.64,20.45,20.25,20.38,20.52,20.59,20.56,20.49,20.37,20.26,20.13,19.96,19.82,19.78,19.75,19.68,19.54,19.56,19.58,19.57,19.54,19.45,19.32,19.18,19.05,18.89,18.56,18.25,18.04,17.92,17.78,17.71,17.68,17.54,16.33,14.73
29.31,29.21,29.11,29.04,29.12,29.12,29.09,29.20,29.20,29.16,29.17,29.30,29.57,29.80,29.90,29.88,29.85,29.33,28.78,28.28,27.86,27.59,27.29,27.05,26.92,26.88,26.85,26.81,26.75,26.65,26.62,26.61,26.51,26.25,26.23,25.86,25.49,25.24,25.04,25.11,25.12,25.08,25.04,25.00,24.99,25.04,25.13,25.15,25.09,25.00,24.94,24.94,24.63,24.39,24.24,24.18,24.19,24.20,24.14,24.02,23.94,23.92,23.90,23.87,23.84,23.82,23.79,23.77,23.75,23.73,23.76,23.86,24.00,24.07,24.02,23.94,23.93,24.02,23.99,23.89,23.75,23.64,23.70,23.70,23.64,23.58,23.59,23.60,23.56,23.53,23.56,23.63,23.57,23.54,23.55,23.55,23.34,23.23,23.18,23.14,23.16,22.68,21.71,20.37,19.03,17.67,15.74,13.41,11.06,11.05,10.49,9.69,8.90,8.28,8.00,8.04,8.24,8.23,7.95,7.94,8.18,8.73,11.15,12.91,14.47,16.07,17.88,19.68,21.24,22.58,23.76,24.40,24.98,25.34,25.44,25.51,25.88,26.15,26.19,26.04,25.98,25.97,25.98,26.03,26.14,26.05,25.91,25.80,25.78,25.73,25.66,25.58,25.50,25.57,25.58,25.63,25.57,23.92,22.12,20.23,18.37,16.82,15.27,13.71,12.19,10.83,10.90,10.96,10.99,10.97,10.96,10.96,10.99,10.99,10.85,10.78,10.62,10.49,10.49,10.38,10.25,10.16,10.09,10.00,10.01,9.73,9.34,9.10,9.14,9.28,9.37,9.34,9.25,9.13,9.05,8.35,5.71,5.59,5.58,5.53,5.41,5.50,5.56,5.53,5.46,5.55,5.79,5.92,5.96,5.95,5.97,9.37,12.01,17.24,20.31,21.97,23.03,23.22,21.67,20.97,20.64,20.44,20.23,20.23,20.39,20.49,20.48,20.46,20.37,20.22,20.03,19.82,19.77,19.74,19.70,19.65,19.53,19.55,19.59,19.62,19.58,19.45,19.32,19.18,19.01,18.87,18.52,18.13,17.81,17.72,17.61,17.54,17.47,17.30,15.80,14.12
29.37,29.27,29.16,29.11,29.19,29.14,29.04,29.09,29.17,29.18,29.18,29.25,29.49,29.77,30.00,30.15,30.20,29.56,28.82,28.14,27.61,27.58,27.39,27.13,26.89,26.80,26.76,26.72,26.67,26.59,26.59,26.59,26.48,26.21,26.08,25.68,25.34,25.17,25.09,25.13,25.13,25.10,25.07,25.01,25.00,25.03,25.08,25.00,24.89,24.83,24.81,24.76,24.53,24.27,24.10,24.08,24.11,24.14,24.10,24.00,23.96,23.92,23.88,23.86,23.83,23.81,23.78,23.75,23.72,23.75,23.80,23.89,23.97,23.96,23.96,23.90,23.87,23.96,23.96,23.89,23.80,23.70,23.68,23.67,23.65,23.63,23.64,23.64,23.62,23.58,23.54,23.58,23.56,23.55,23.54,23.52,23.37,23.31,23.25,23.13,23.15,22.76,21.88,20.61,19.34,17.51,15.34,13.03,10.81,9.97,9.23,8.66,8.30,8.01,8.05,8.17,8.26,8.22,8.09,8.25,8.63,9.30,12.59,14.61,16.16,17.68,19.45,21.30,22.64,23.65,24.72,25.20,25.49,25.70,25.87,25.91,26.08,26.19,26.19,26.07,26.00,26.04,26.14,26.22,26.24,26.12,25.95,25.79,25.72,25.66,25.59,25.51,25.44,25.53,25.56,25.49,25.17,23.40,21.47,19.47,17.48,15.67,14.13,12.72,11.59,10.92,10.93,10.96,10.97,10.95,10.94,10.92,10.92,10.92,10.91,10.83,10.69,10.57,10.54,10.49,10.37,10.25,10.15,10.06,10.12,10.04,9.51,8.32,8.37,8.86,9.26,9.36,9.30,9.11,9.07,8.77,7.40,6.38,5.66,5.59,5.54,5.56,5.61,5.62,5.60,5.63,5.82,5.86,5.79,5.69,5.70,6.50,9.15,13.81,18.49,21.27,23.11,23.85,22.83,21.47,20.78,20.46,20.21,20.18,20.33,20.44,20.46,20.44,20.23,20.06,19.97,19.94,19.92,19.86,19.76,19.64,19.56,19.56,19.59,19.61,19.57,19.46,19.31,19.14,18.94,18.74,18.34,17.95,17.65,17.39,17.31,17.26,17.21,17.14,15.92,14.39
29.42,29.32,29.21,29.18,29.24,29.14,28.98,29.01,29.15,29.20,29.21,29.26,29.54,29.87,30.20,30.45,30.46,29.71,28.84,28.02,27.38,27.54,27.46,27.23,26.92,26.79,26.72,26.67,26.61,26.55,26.57,26.57,26.45,26.16,25.93,25.53,25.24,25.14,25.13,25.16,25.15,25.13,25.09,25.02,25.01,25.03,25.04,24.90,24.78,24.73,24.72,24.60,24.44,24.20,24.01,23.99,24.04,24.08,24.06,23.98,23.96,23.91,23.87,23.85,23.82,23.79,23.76,23.72,23.71,23.76,23.82,23.89,23.94,23.87,23.89,23.85,23.84,23.92,23.95,23.92,23.85,23.77,23.69,23.67,23.66,23.67,23.68,23.68,23.69,23.65,23.55,23.55,23.56,23.55,23.52,23.50,23.41,23.37,23.30,23.12,23.15,22.79,21.96,20.72,19.49,17.40,15.11,12.88,10.93,9.36,8.40,7.97,7.92,7.89,8.12,8.26,8.26,8.24,8.30,8.71,9.51,10.75,14.12,16.23,17.84,19.36,21.08,22.86,23.94,24.63,25.58,25.95,26.07,26.15,26.31,26.29,26.24,26.20,26.17,26.09,26.04,26.13,26.28,26.37,26.31,26.19,26.01,25.81,25.67,25.61,25.54,25.46,25.41,25.53,25.51,25.22,24.49,22.76,20.80,18.76,16.69,14.61,13.06,11.86,11.14,11.00,10.96,10.95,10.94,10.92,10.91,10.89,10.87,10.86,10.93,10.88,10.76,10.65,10.60,10.59,10.46,10.32,10.21,10.15,10.22,10.29,9.80,8.28,8.23,8.61,9.05,9.34,9.33,9.13,9.03,8.97,8.75,6.78,5.88,5.66,5.66,5.64,5.64,5.68,5.75,5.76,5.87,5.85,5.72,5.56,5.48,5.36,6.65,10.13,15.80,19.85,22.71,24.17,23.74,22.14,21.12,20.56,20.25,20.17,20.25,20.33,20.37,20.35,20.10,19.98,19.99,20.09,20.08,19.99,19.85,19.67,19.58,19.56,19.57,19.58,19.55,19.44,19.28,19.09,18.88,18.61,18.22,17.85,17.53,17.13,17.01,16.93,16.90,16.96,16.04,14.67
29.44,29.36,29.25,29.25,29.25,29.11,28.96,29.06,29.17,29.18,29.22,29.40,29.90,30.33,30.70,30.87,30.51,29.73,28.86,28.01,27.26,27.38,27.40,27.29,27.06,26.92,26.81,26.70,26.60,26.53,26.55,26.55,26.42,26.10,25.76,25.45,25.25,25.17,25.14,25.20,25.20,25.14,25.08,25.02,25.02,25.03,25.02,24.92,24.88,24.82,24.71,24.50,24.39,24.20,24.02,23.96,23.97,24.01,24.01,23.95,23.92,23.89,23.86,23.83,23.80,23.77,23.72,23.69,23.71,23.72,23.75,23.81,23.87,23.87,23.82,23.82,23.88,23.99,24.03,24.02,23.93,23.80,23.75,23.71,23.68,23.67,23.68,23.69,23.76,23.76,23.62,23.57,23.58,23.56,23.52,23.49,23.45,23.39,23.28,23.12,23.16,22.66,21.63,20.22,18.95,17.22,15.15,13.03,11.31,9.63,8.48,7.91,7.89,7.92,8.09,8.18,8.21,8.41,8.64,9.47,11.27,14.18,16.00,17.96,19.73,21.25,22.92,24.36,25.18,25.68,26.44,26.76,26.86,26.83,26.74,26.58,26.39,26.26,26.19,26.18,26.13,26.22,26.35,26.40,26.32,26.26,26.13,25.90,25.67,25.59,25.51,25.44,25.46,25.60,25.41,24.66,23.27,21.83,20.03,18.11,16.09,13.84,12.29,11.51,11.22,11.06,10.99,10.94,10.90,10.88,10.88,10.89,10.86,10.82,10.82,10.90,10.82,10.71,10.66,10.64,10.47,10.35,10.32,10.34,10.37,10.38,10.29,10.07,9.63,8.81,8.61,9.27,9.34,9.20,9.04,8.94,8.90,7.60,6.47,5.71,5.76,5.76,5.63,5.64,5.81,5.93,5.93,5.93,5.90,5.77,5.54,5.38,5.62,6.91,11.64,17.00,21.22,23.67,23.95,23.10,21.89,20.86,20.41,20.21,20.12,20.07,20.06,20.12,20.05,20.08,20.17,20.26,20.22,20.12,19.96,19.77,19.57,19.50,19.51,19.53,19.50,19.37,19.23,19.06,18.86,18.51,18.28,17.96,17.50,17.06,16.73,16.53,16.51,16.74,16.02,14.74
29.47,29.35,29.28,29.27,29.26,29.12,28.98,29.11,29.20,29.21,29.32,29.67,30.19,30.78,31.14,31.10,30.48,29.69,28.84,28.00,27.21,27.22,27.27,27.22,27.07,26.97,26.86,26.71,26.57,26.53,26.53,26.50,26.35,26.03,25.67,25.37,25.22,25.19,25.14,25.20,25.20,25.15,25.09,25.03,25.02,25.00,24.94,24.84,24.83,24.78,24.65,24.42,24.25,24.20,24.15,24.00,23.97,23.97,23.96,23.93,23.89,23.87,23.84,23.81,23.77,23.72,23.70,23.70,23.72,23.73,23.75,23.79,23.83,23.87,23.83,23.86,23.96,24.11,24.13,24.08,23.96,23.81,23.77,23.71,23.68,23.67,23.67,23.68,23.76,23.77,23.68,23.59,23.59,23.57,23.55,23.54,23.55,23.50,23.34,23.09,23.15,22.66,21.69,20.36,19.12,17.65,15.70,13.52,11.52,9.88,8.59,7.94,7.95,7.89,8.08,8.15,8.14,8.35,8.81,10.30,12.73,15.81,17.71,19.79,21.66,23.19,24.59,25.79,26.48,26.85,27.30,27.51,27.47,27.30,27.09,26.75,26.49,26.32,26.22,26.20,26.18,26.26,26.36,26.40,26.34,26.30,26.20,25.98,25.64,25.55,25.48,25.44,25.54,25.65,25.03,23.83,22.24,20.77,19.08,17.18,15.17,13.28,11.90,11.33,11.20,11.09,11.02,10.95,10.90,10.87,10.83,10.83,10.80,10.76,10.77,10.85,10.82,10.75,10.71,10.66,10.53,10.45,10.46,10.47,10.51,10.50,10.52,10.63,10.37,9.37,8.78,9.02,9.29,9.25,9.13,9.01,8.93,8.32,6.90,5.78,5.78,5.86,5.75,5.73,5.85,5.97,5.92,5.93,5.94,5.86,5.61,5.54,5.50,5.94,8.34,13.35,18.10,21.66,23.92,23.66,22.61,21.38,20.48,20.31,20.22,20.13,20.02,20.04,20.07,20.16,20.26,20.29,20.23,20.14,20.01,19.81,19.59,19.50,19.47,19.47,19.41,19.29,19.15,18.99,18.80,18.55,18.41,18.08,17.50,16.85,16.41,16.17,16.16,16.40,15.80,14.57
29.49,29.34,29.30,29.27,29.25,29.13,29.02,29.15,29.24,29.26,29.46,29.99,30.50,31.23,31.53,31.21,30.39,29.58,28.75,27.93,27.17,27.08,27.11,27.11,27.03,26.99,26.89,26.71,26.53,26.52,26.51,26.43,26.24,25.93,25.61,25.31,25.18,25.21,25.15,25.18,25.18,25.14,25.09,25.03,25.01,24.96,24.86,24.75,24.74,24.69,24.57,24.36,24.10,24.19,24.27,24.05,23.99,23.95,23.92,23.90,23.86,23.84,23.82,23.79,23.73,23.67,23.68,23.72,23.73,23.75,23.77,23.78,23.80,23.89,23.90,23.95,24.07,24.23,24.23,24.13,23.97,23.82,23.77,23.70,23.67,23.66,23.65,23.67,23.73,23.75,23.72,23.61,23.59,23.58,23.57,23.58,23.65,23.61,23.40,23.04,23.12,22.75,21.93,20.77,19.57,18.29,16.46,14.19,11.72,10.18,8.79,8.03,8.05,7.88,8.09,8.15,8.06,8.21,8.93,11.08,13.90,16.58,19.18,21.47,23.41,24.97,26.11,27.13,27.72,27.97,28.11,28.22,28.04,27.74,27.42,26.86,26.57,26.38,26.25,26.19,26.21,26.27,26.34,26.39,26.35,26.32,26.23,26.03,25.60,25.51,25.45,25.46,25.64,25.62,24.50,22.92,21.34,19.76,18.13,16.22,14.23,12.85,11.70,11.23,11.16,11.11,11.04,10.97,10.90,10.85,10.78,10.76,10.72,10.69,10.74,10.80,10.80,10.78,10.76,10.68,10.60,10.58,10.60,10.55,10.63,10.64,10.65,10.73,10.81,10.07,9.19,8.68,9.20,9.28,9.24,9.11,8.91,8.93,7.47,6.02,5.76,5.92,5.90,5.86,5.86,5.95,5.89,5.89,5.92,5.88,5.69,5.72,5.71,5.56,5.39,9.67,14.36,19.00,23.45,23.95,23.30,22.01,20.59,20.43,20.39,20.29,20.11,20.04,20.12,20.22,20.27,20.25,20.17,20.12,20.01,19.81,19.63,19.51,19.45,19.41,19.33,19.21,19.09,18.94,18.76,18.66,18.56,18.21,17.53,16.59,16.08,15.84,15.83,15.99,15.47,14.29
29.50,29.37,29.33,29.23,29.17,29.08,29.02,29.11,29.20,29.30,29.62,30.30,31.14,31.69,31.62,30.96,30.02,29.19,28.31,27.53,27.04,27.01,27.02,27.02,27.00,27.02,26.93,26.72,26.49,26.45,26.38,26.20,25.96,25.71,25.49,25.31,25.21,25.20,25.20,25.18,25.13,25.07,25.02,24.99,24.99,24.96,24.88,24.84,24.80,24.69,24.54,24.39,24.11,24.06,24.07,24.00,24.01,23.99,23.95,23.88,23.84,23.80,23.81,23.80,23.71,23.66,23.68,23.72,23.74,23.75,23.75,23.74,23.78,23.96,24.11,24.17,24.19,24.25,24.27,24.15,23.99,23.83,23.76,23.67,23.64,23.65,23.64,23.69,23.71,23.71,23.69,23.63,23.62,23.59,23.55,23.51,23.49,23.34,23.13,22.94,23.13,23.02,22.38,21.21,19.94,18.65,17.19,15.22,12.36,11.00,9.51,8.45,8.12,8.07,8.14,8.11,8.01,8.08,9.26,11.34,13.84,16.27,19.44,21.83,23.78,25.48,27.05,27.95,28.33,28.41,28.57,28.76,28.76,28.47,27.84,26.89,26.62,26.51,26.39,26.23,26.20,26.24,26.30,26.35,26.34,26.28,26.11,25.84,25.57,25.52,25.48,25.50,25.77,24.93,23.64,22.22,20.89,19.56,17.82,15.87,14.00,12.76,11.74,11.29,11.20,11.16,11.03,10.94,10.85,10.74,10.70,10.69,10.68,10.69,10.72,10.94,10.90,10.81,10.84,10.79,10.72,10.66,10.61,10.56,10.66,10.82,10.99,11.11,11.05,10.82,9.71,8.05,8.98,9.22,9.25,9.16,8.91,8.92,8.52,7.46,5.81,5.75,5.77,5.76,5.73,5.77,5.83,5.81,5.77,5.80,5.76,5.67,5.71,5.91,5.97,7.66,10.95,15.99,20.35,23.41,23.86,22.78,21.34,20.61,20.43,20.38,20.30,20.20,20.12,20.10,20.11,20.14,20.10,20.02,19.89,19.73,19.62,19.56,19.50,19.44,19.40,19.32,19.21,19.09,18.97,18.81,18.70,18.38,17.67,16.40,15.85,15.59,15.48,15.39,14.91,13.97
29.49,29.39,29.34,29.24,29.16,29.08,29.03,29.10,29.18,29.32,29.71,30.45,31.30,31.81,31.59,30.72,29.73,28.82,27.93,27.24,27.00,26.99,26.99,27.02,27.07,27.06,26.97,26.72,26.44,26.34,26.22,26.03,25.82,25.62,25.40,25.24,25.16,25.15,25.17,25.14,25.09,25.02,24.96,24.94,24.93,24.91,24.88,24.86,24.80,24.70,24.54,24.37,24.11,23.99,23.96,24.00,24.05,24.04,23.98,23.89,23.83,23.78,23.78,23.76,23.67,23.66,23.70,23.74,23.75,23.76,23.74,23.73,23.78,23.98,24.19,24.25,24.23,24.21,24.25,24.15,24.02,23.90,23.78,23.65,23.62,23.64,23.63,23.60,23.61,23.64,23.66,23.72,23.70,23.67,23.63,23.59,23.42,23.22,23.05,22.98,23.17,23.18,22.67,21.61,20.31,19.02,17.68,15.90,13.16,11.85,10.41,9.10,8.19,8.25,8.19,8.10,8.03,8.01,9.10,10.97,13.28,15.72,18.98,21.48,23.51,25.27,27.03,28.14,28.71,28.98,29.30,29.65,29.67,29.27,28.43,27.35,26.82,26.58,26.47,26.31,26.23,26.23,26.27,26.31,26.29,26.19,25.99,25.72,25.60,25.55,25.49,25.50,25.73,24.68,23.42,22.12,20.90,19.70,17.70,15.61,13.79,12.58,11.70,11.27,11.13,11.09,10.96,10.87,10.79,10.70,10.68,10.66,10.70,10.77,10.85,11.11,11.07,10.97,10.98,10.94,10.84,10.80,10.86,10.94,10.99,11.10,11.23,11.34,11.23,11.28,10.25,8.27,8.86,9.12,9.23,9.19,8.96,8.90,8.95,8.37,6.81,5.78,5.63,5.67,5.68,5.63,5.72,5.73,5.70,5.70,5.72,5.65,5.74,6.02,6.02,6.25,8.95,12.63,17.53,22.07,23.77,23.54,22.42,21.58,21.02,20.64,20.39,20.26,20.12,20.05,20.03,20.01,20.01,19.98,19.90,19.78,19.71,19.64,19.60,19.57,19.51,19.42,19.31,19.21,19.14,18.96,18.83,18.39,17.49,16.12,15.59,15.35,15.20,14.98,14.51,13.82
29.47,29.40,29.32,29.30,29.22,29.12,29.06,29.12,29.17,29.33,29.74,30.44,31.02,31.61,31.45,30.52,29.52,28.48,27.60,27.08,27.05,27.02,27.02,27.09,27.22,27.11,27.00,26.73,26.38,26.20,26.03,25.91,25.79,25.65,25.33,25.10,25.03,25.07,25.06,25.08,25.05,24.98,24.92,24.88,24.83,24.81,24.85,24.81,24.75,24.70,24.59,24.30,24.10,23.97,23.95,24.04,24.13,24.10,24.02,23.93,23.84,23.78,23.73,23.68,23.61,23.67,23.74,23.77,23.76,23.78,23.72,23.73,23.81,23.96,24.15,24.21,24.18,24.12,24.17,24.14,24.09,24.02,23.82,23.64,23.59,23.61,23.62,23.41,23.44,23.54,23.64,23.86,23.85,23.83,23.80,23.79,23.45,23.24,23.15,23.13,23.23,23.22,22.83,21.97,20.68,19.39,17.95,16.24,14.10,12.73,11.46,9.95,8.27,8.44,8.25,8.13,8.12,7.97,8.50,10.02,12.28,14.93,17.88,20.49,22.65,24.41,26.14,27.75,28.90,29.68,30.30,30.86,30.75,30.12,29.16,28.19,27.16,26.61,26.51,26.43,26.29,26.24,26.25,26.26,26.21,26.07,25.87,25.68,25.68,25.59,25.48,25.44,25.53,24.83,23.77,22.55,21.34,20.12,17.73,15.42,13.59,12.29,11.59,11.17,10.96,10.93,10.83,10.76,10.72,10.72,10.70,10.68,10.75,10.92,11.12,11.30,11.31,11.23,11.17,11.13,10.95,11.02,11.35,11.66,11.58,11.47,11.41,11.43,11.37,11.49,10.82,9.27,8.83,9.01,9.18,9.20,9.07,8.86,8.82,8.82,8.54,6.00,5.48,5.59,5.70,5.52,5.58,5.67,5.70,5.60,5.58,5.66,5.80,5.91,5.65,5.60,6.36,8.95,14.95,19.99,23.09,24.27,23.80,23.26,22.10,21.05,20.39,20.25,20.13,20.07,20.01,19.87,19.91,19.98,20.01,19.95,19.90,19.76,19.73,19.77,19.66,19.54,19.39,19.29,19.27,19.11,18.95,18.27,17.03,15.76,15.33,15.13,14.99,14.73,14.27,13.81
29.51,29.45,29.38,29.34,29.23,29.15,29.12,29.15,29.18,29.27,29.58,30.19,30.80,31.42,31.21,30.19,29.16,28.00,27.32,27.06,27.02,26.99,27.04,27.07,27.04,26.88,26.73,26.51,26.28,26.14,25.98,25.86,25.71,25.50,25.25,25.11,25.05,25.04,25.01,25.02,24.98,24.93,24.93,24.89,24.86,24.85,24.84,24.79,24.73,24.70,24.64,24.48,24.17,23.96,23.88,23.95,24.00,23.98,23.95,23.93,23.87,23.80,23.76,23.72,23.67,23.75,23.79,23.79,23.77,23.79,23.78,23.75,23.74,23.88,24.11,24.18,24.14,24.07,24.05,24.01,23.97,23.88,23.62,23.49,23.47,23.48,23.43,23.33,23.33,23.45,23.67,23.88,23.88,23.86,23.80,23.72,23.43,23.29,23.24,23.21,23.23,23.22,23.08,22.61,21.25,19.91,18.26,16.28,14.00,12.53,11.43,10.34,9.14,8.67,8.32,8.19,8.19,8.08,8.18,9.11,10.93,13.54,16.48,19.25,21.62,23.56,25.25,26.91,28.49,29.90,30.98,31.79,31.78,31.02,29.64,28.17,27.10,26.60,26.54,26.49,26.39,26.32,26.29,26.28,26.27,26.06,25.85,25.73,25.70,25.63,25.52,25.38,25.21,24.69,23.96,22.98,21.73,20.12,17.58,15.23,13.40,11.96,11.44,11.20,11.08,10.95,10.92,10.82,10.80,10.91,10.97,10.93,11.00,11.18,11.39,11.58,11.56,11.44,11.33,11.37,11.36,11.49,11.81,12.32,11.93,11.68,11.62,11.71,11.77,11.80,11.26,10.00,8.60,8.59,8.93,9.21,9.10,8.97,8.84,8.80,8.80,7.68,6.53,5.55,5.64,5.54,5.58,5.61,5.59,5.48,5.58,5.60,5.63,5.71,5.75,5.89,6.25,7.50,10.95,15.75,19.86,22.84,24.43,24.20,23.31,21.86,20.34,20.11,20.10,20.09,20.06,20.01,20.01,20.09,20.10,20.01,20.02,19.94,19.86,19.78,19.69,19.53,19.42,19.35,19.32,19.24,19.14,18.62,17.55,16.05,15.35,15.03,14.87,14.61,14.22,13.81
29.55,29.50,29.45,29.38,29.26,29.19,29.18,29.20,29.21,29.24,29.47,30.04,30.67,31.23,30.95,29.87,28.82,27.67,27.15,27.06,27.00,26.94,26.99,26.98,26.83,26.65,26.45,26.28,26.12,25.99,25.86,25.75,25.59,25.35,25.18,25.06,25.01,25.01,24.93,24.94,24.93,24.91,24.93,24.89,24.88,24.86,24.82,24.79,24.74,24.71,24.69,24.61,24.25,24.01,23.91,23.92,23.91,23.89,23.89,23.90,23.87,23.80,23.76,23.76,23.76,23.81,23.82,23.81,23.78,23.80,23.82,23.78,23.72,23.82,24.03,24.10,24.06,23.97,23.89,23.84,23.81,23.76,23.53,23.45,23.41,23.37,23.29,23.30,23.28,23.42,23.74,23.93,23.90,23.85,23.76,23.63,23.41,23.32,23.29,23.26,23.22,23.23,23.26,23.08,21.85,20.58,18.77,16.53,14.14,12.46,11.34,10.48,9.65,8.74,8.34,8.23,8.26,8.17,7.98,8.48,9.82,12.06,15.00,17.90,20.51,22.72,24.47,26.21,28.11,29.97,31.49,32.49,32.51,31.60,29.91,28.05,27.01,26.59,26.56,26.54,26.47,26.40,26.35,26.33,26.32,26.09,25.88,25.79,25.73,25.68,25.59,25.40,25.05,24.61,24.07,23.30,22.12,20.14,17.59,15.29,13.41,11.81,11.35,11.23,11.20,11.03,11.02,10.91,10.89,11.02,11.14,11.13,11.22,11.40,11.60,11.79,11.74,11.59,11.49,11.63,11.75,11.92,12.23,12.79,12.26,11.90,11.80,11.89,12.03,11.91,11.41,10.40,8.63,8.53,8.88,9.22,9.14,9.06,8.88,8.78,8.87,8.87,7.16,6.03,5.60,5.55,5.57,5.56,5.51,5.40,5.56,5.58,5.56,5.58,5.78,6.05,6.21,6.56,7.75,11.94,16.75,21.32,24.80,24.81,24.28,22.64,20.45,20.06,20.07,20.09,20.08,20.10,20.09,20.14,20.14,20.05,20.10,20.06,19.94,19.79,19.71,19.51,19.42,19.39,19.37,19.36,19.31,18.98,18.17,16.53,15.49,15.01,14.82,14.52,14.18,13.80
29.57,29.56,29.52,29.42,29.35,29.29,29.24,29.26,29.27,29.28,29.51,30.10,30.69,31.05,30.66,29.60,28.54,27.62,27.18,27.07,27.00,26.87,26.84,26.78,26.62,26.44,26.22,26.03,25.87,25.69,25.61,25.53,25.41,25.22,25.14,24.90,24.85,24.98,24.79,24.82,24.88,24.92,24.90,24.85,24.83,24.80,24.77,24.84,24.77,24.75,24.74,24.60,24.34,24.19,24.11,24.05,23.94,23.91,23.88,23.83,23.81,23.77,23.73,23.75,23.87,23.83,23.83,23.82,23.79,23.81,23.83,23.83,23.80,23.77,23.87,23.93,23.90,23.77,23.65,23.59,23.61,23.68,23.68,23.62,23.48,23.34,23.30,23.31,23.33,23.51,23.87,24.07,23.91,23.78,23.69,23.55,23.39,23.32,23.29,23.25,23.20,23.23,23.27,23.19,22.49,21.50,19.65,17.25,14.92,12.77,11.28,10.22,9.39,8.49,8.22,8.24,8.33,8.22,8.01,8.39,9.26,10.49,13.43,16.37,19.26,21.94,23.91,25.87,27.84,29.82,31.72,32.80,32.65,31.55,29.79,27.84,26.91,26.57,26.57,26.56,26.54,26.50,26.45,26.40,26.32,26.15,25.98,25.85,25.79,25.75,25.71,25.58,25.24,24.65,24.04,23.39,22.52,20.26,17.97,15.82,13.84,12.02,11.38,11.23,11.27,11.21,11.10,11.05,10.99,10.94,11.10,11.22,11.35,11.50,11.65,11.85,11.78,11.66,11.65,11.90,12.05,12.25,12.55,12.91,12.57,12.19,11.92,11.86,11.98,11.65,11.02,10.18,9.20,9.19,9.25,9.22,9.18,9.12,8.93,8.78,8.80,8.86,8.14,6.96,5.60,5.52,5.53,5.53,5.49,5.39,5.49,5.66,5.71,5.59,5.59,5.82,6.07,6.31,6.55,9.28,14.21,19.92,24.78,24.89,24.80,23.30,20.86,20.22,20.08,20.05,20.06,20.05,20.09,20.08,20.08,20.11,20.12,20.06,19.96,19.83,19.71,19.51,19.40,19.38,19.42,19.45,19.43,19.31,18.86,17.27,15.81,15.13,14.89,14.49,14.13,13.79
29.61,29.59,29.54,29.43,29.38,29.33,29.29,29.28,29.29,29.30,29.51,30.03,30.52,30.87,30.51,29.48,28.41,27.66,27.26,27.08,26.96,26.81,26.61,26.37,26.12,26.01,25.83,25.70,25.61,25.50,25.44,25.37,25.26,25.13,25.19,24.09,23.33,23.27,23.32,23.99,24.18,24.00,23.75,23.56,23.74,24.10,24.50,24.74,24.73,24.70,24.67,24.56,24.45,24.38,24.33,24.28,24.29,24.17,24.00,23.84,23.78,23.73,23.69,23.70,23.82,23.80,23.82,23.82,23.80,23.80,23.81,23.84,23.87,23.86,23.66,23.61,23.62,23.58,23.51,23.47,23.50,23.58,23.64,23.63,23.52,23.38,23.33,23.35,23.42,23.57,23.80,23.94,23.76,23.63,23.56,23.46,23.37,23.32,23.30,23.26,23.23,23.24,23.31,23.35,23.03,22.19,20.38,17.99,15.70,13.44,11.53,10.08,9.08,8.19,8.07,8.19,8.31,8.30,8.04,8.26,8.83,9.68,12.25,15.22,18.16,20.87,23.25,25.33,27.36,29.39,31.41,32.29,32.29,31.32,29.45,27.59,26.84,26.60,26.60,26.64,26.61,26.58,26.55,26.51,26.40,26.25,26.10,25.95,25.84,25.81,25.80,25.78,25.72,25.27,24.72,24.04,23.11,21.11,18.85,16.68,14.67,12.71,11.77,11.44,11.43,11.45,11.36,11.43,11.43,11.34,11.43,11.48,11.55,11.64,11.75,11.83,11.78,11.74,11.81,12.20,12.40,12.68,12.99,12.90,12.69,12.35,12.01,11.79,11.56,11.09,10.56,10.08,9.58,9.42,9.04,8.70,9.06,9.10,8.98,8.83,8.76,8.80,8.59,7.78,6.67,5.92,5.59,5.49,5.49,5.49,5.63,5.79,5.85,5.76,5.65,5.71,5.80,5.90,6.24,7.64,11.39,16.94,22.65,23.88,23.75,22.56,20.92,20.29,20.10,20.03,20.03,20.05,20.05,20.02,20.00,20.02,19.98,19.93,19.86,19.77,19.68,19.51,19.40,19.36,19.41,19.45,19.47,19.48,19.35,18.64,17.03,16.41,16.64,17.14,16.95,16.82
29.65,29.61,29.55,29.44,29.39,29.36,29.34,29.30,29.30,29.31,29.48,29.89,30.29,30.69,30.40,29.42,28.33,27.71,27.33,27.08,26.86,26.68,26.32,25.93,25.62,25.57,25.46,25.40,25.38,25.35,25.31,25.23,25.13,25.04,25.25,23.31,21.80,21.44,21.69,22.91,23.18,22.76,22.32,22.03,22.39,23.10,23.90,24.27,24.31,24.29,24.29,24.34,24.52,24.56,24.53,24.53,24.70,24.47,24.15,23.90,23.78,23.70,23.65,23.65,23.72,23.76,23.81,23.83,23.82,23.80,23.79,23.83,23.92,23.97,23.46,23.29,23.34,23.42,23.42,23.41,23.44,23.48,23.55,23.59,23.54,23.45,23.37,23.39,23.47,23.57,23.63,23.69,23.55,23.45,23.41,23.38,23.35,23.33,23.31,23.28,23.26,23.26,23.35,23.49,23.48,22.78,21.15,18.90,16.58,14.27,12.00,10.13,8.86,8.00,7.96,8.11,8.25,8.36,8.10,8.15,8.50,9.16,11.27,14.23,17.13,19.70,22.49,24.70,26.78,28.83,30.83,31.39,31.59,30.85,28.99,27.33,26.80,26.65,26.64,26.73,26.67,26.65,26.64,26.63,26.50,26.36,26.22,26.07,25.91,25.88,25.89,25.97,26.21,25.99,25.59,24.88,23.76,22.18,19.90,17.67,15.64,13.63,12.40,11.84,11.71,11.74,11.71,11.87,11.95,11.87,11.86,11.80,11.77,11.79,11.89,11.83,11.80,11.83,11.97,12.47,12.73,13.08,13.35,12.82,12.70,12.40,12.00,11.62,11.06,10.52,10.17,10.07,10.02,9.71,8.85,8.13,8.88,9.05,9.03,8.90,8.75,8.72,8.82,8.56,7.79,6.51,5.77,5.48,5.49,5.59,5.77,5.88,5.94,5.93,5.75,5.63,5.51,5.52,5.85,6.16,8.86,13.57,19.74,22.38,22.19,21.41,20.85,20.38,20.15,20.03,20.01,20.07,20.00,19.96,19.93,19.89,19.81,19.78,19.74,19.69,19.61,19.51,19.40,19.35,19.37,19.42,19.49,19.65,19.94,20.30,18.62,18.01,18.57,19.82,19.77,19.85
29.66,29.62,29.57,29.50,29.47,29.47,29.45,29.35,29.28,29.31,29.44,29.67,30.04,30.43,30.22,29.35,28.23,27.68,27.33,26.97,26.41,26.09,25.88,25.71,25.57,25.52,25.44,25.39,25.35,25.29,25.20,25.09,24.99,24.94,25.18,23.93,22.74,22.09,21.68,21.76,21.74,21.63,21.48,21.45,21.55,21.68,21.80,21.95,21.98,22.04,22.33,23.12,24.27,24.63,24.62,24.66,24.83,24.56,24.23,23.99,23.88,23.77,23.71,23.67,23.67,23.74,23.81,23.85,23.87,23.88,23.81,23.81,23.86,23.89,23.45,23.30,23.35,23.44,23.45,23.44,23.46,23.51,23.62,23.60,23.56,23.49,23.37,23.36,23.27,23.22,23.27,23.38,23.31,23.28,23.28,23.30,23.31,23.30,23.30,23.29,23.29,23.26,23.33,23.49,23.54,23.24,22.38,20.71,18.01,15.32,13.03,11.03,9.31,8.49,8.14,8.00,8.04,8.30,8.21,8.23,8.40,8.81,10.60,13.40,16.11,18.48,21.39,23.89,26.10,28.03,29.71,29.90,29.88,29.38,28.29,27.12,26.79,26.70,26.69,26.83,26.79,26.73,26.68,26.65,26.56,26.44,26.30,26.16,26.02,25.98,25.97,26.01,26.16,26.22,26.23,25.72,24.45,23.05,20.97,18.71,16.57,14.90,13.63,12.93,12.55,12.19,12.13,12.20,12.24,12.21,12.19,12.06,11.95,11.96,12.18,12.10,11.98,11.95,12.12,12.51,12.94,13.16,13.04,12.50,12.39,12.04,11.53,11.06,10.81,10.53,10.30,10.29,11.09,11.14,9.85,8.32,8.70,8.98,9.06,9.00,8.85,8.72,8.78,8.77,8.45,7.36,6.60,6.21,5.50,5.57,5.52,5.60,5.70,5.75,5.60,5.48,5.45,5.52,5.70,6.06,8.37,11.05,16.49,20.21,20.80,20.70,20.73,20.71,20.30,20.08,20.05,20.09,19.92,19.89,19.88,19.83,19.77,19.80,19.76,19.63,19.48,19.46,19.42,19.34,19.23,19.34,19.52,20.24,21.44,22.35,20.61,19.14,18.21,17.61,17.07,17.11
29.64,29.60,29.57,29.52,29.50,29.50,29.47,29.36,29.28,29.33,29.45,29.60,29.88,30.21,30.05,29.29,28.18,27.65,27.24,26.77,26.09,25.82,25.70,25.64,25.56,25.49,25.45,25.40,25.34,25.26,25.12,24.98,24.88,24.84,25.01,24.40,23.73,23.23,22.77,22.49,22.32,21.98,21.22,21.19,21.14,21.03,20.88,20.92,20.96,21.04,21.34,22.13,24.05,24.70,24.71,24.76,24.85,24.59,24.27,24.03,23.96,23.89,23.82,23.75,23.68,23.74,23.81,23.85,23.85,23.86,23.81,23.78,23.77,23.75,23.52,23.32,23.26,23.41,23.44,23.46,23.48,23.53,23.62,23.57,23.54,23.48,23.32,23.35,23.21,23.09,23.11,23.25,23.23,23.22,23.24,23.27,23.29,23.27,23.24,23.23,23.27,23.25,23.32,23.48,23.54,23.45,23.05,21.81,18.99,16.30,14.07,11.97,9.95,9.11,8.48,8.07,7.93,8.16,8.22,8.21,8.23,8.48,9.94,12.38,14.88,17.24,20.21,22.93,25.28,27.13,28.36,28.34,28.23,27.98,27.56,26.91,26.75,26.70,26.70,26.86,26.86,26.79,26.70,26.67,26.60,26.52,26.38,26.20,26.15,26.09,26.04,26.01,26.08,26.26,26.39,26.03,24.94,23.75,21.89,19.70,17.53,16.07,14.72,13.94,13.43,12.82,12.51,12.41,12.41,12.41,12.31,12.18,12.09,12.13,12.49,12.52,12.47,12.43,12.47,12.64,12.92,12.96,12.68,12.19,12.00,11.68,11.27,10.87,10.78,10.80,10.86,11.05,11.96,12.06,10.83,9.04,8.24,8.78,9.03,9.05,8.94,8.77,8.75,8.81,8.78,8.23,6.89,6.22,5.60,5.58,5.54,5.53,5.59,5.70,5.60,5.47,5.47,5.56,5.65,6.04,7.98,10.47,14.75,18.77,19.74,20.13,20.73,21.27,20.88,20.42,20.11,20.11,19.94,19.86,19.81,19.75,19.70,19.70,19.65,19.55,19.46,19.48,19.45,19.34,19.15,19.21,19.47,20.48,22.10,23.10,20.73,18.33,16.50,15.42,14.92,14.92
29.59,29.57,29.56,29.52,29.51,29.47,29.41,29.34,29.29,29.36,29.49,29.66,29.80,30.01,29.86,29.24,28.15,27.60,27.08,26.51,25.87,25.80,25.74,25.66,25.57,25.47,25.46,25.42,25.35,25.25,25.05,24.90,24.80,24.75,24.76,24.76,24.75,24.74,24.72,24.73,24.48,23.52,21.42,21.19,21.08,20.99,20.88,20.91,20.97,21.04,21.12,21.31,23.87,24.77,24.80,24.81,24.78,24.56,24.27,24.02,24.02,24.04,23.97,23.85,23.75,23.75,23.80,23.82,23.77,23.76,23.79,23.74,23.63,23.58,23.64,23.33,23.10,23.33,23.40,23.45,23.51,23.56,23.55,23.51,23.49,23.42,23.23,23.35,23.25,23.13,23.12,23.26,23.26,23.26,23.27,23.28,23.29,23.23,23.15,23.11,23.22,23.23,23.31,23.47,23.51,23.45,23.29,22.34,19.61,17.22,15.09,12.94,10.74,9.83,8.96,8.28,7.90,7.96,8.15,8.11,8.02,8.15,9.28,11.22,13.50,16.00,18.97,21.85,24.36,26.16,26.81,26.70,26.63,26.66,26.80,26.71,26.68,26.67,26.69,26.83,26.91,26.83,26.71,26.67,26.63,26.61,26.46,26.22,26.28,26.21,26.10,26.00,25.96,26.15,26.19,25.93,25.27,24.32,22.69,20.63,18.51,17.15,15.71,14.88,14.33,13.61,12.85,12.53,12.47,12.51,12.27,12.20,12.17,12.30,12.82,13.06,13.20,13.18,12.99,12.84,12.71,12.54,12.28,11.88,11.53,11.32,11.17,10.98,10.91,11.27,11.77,12.25,12.68,12.57,11.79,10.18,7.56,8.49,8.94,9.05,9.03,8.85,8.73,8.71,8.83,9.12,7.33,6.23,5.84,5.61,5.77,5.63,5.58,5.74,5.71,5.58,5.55,5.62,5.69,6.03,6.75,9.23,14.19,17.90,18.95,19.68,20.82,22.00,21.82,20.99,20.19,20.15,20.03,19.85,19.71,19.67,19.62,19.51,19.45,19.46,19.54,19.54,19.50,19.36,19.12,19.06,19.36,20.45,22.07,22.82,19.36,15.97,13.72,13.25,13.20,13.19
29.60,29.56,29.52,29.50,29.46,29.42,29.36,29.29,29.26,29.39,29.58,29.71,29.85,30.02,29.87,29.25,28.18,27.66,27.00,26.32,25.85,25.82,25.74,25.65,25.56,25.46,25.48,25.46,25.37,25.28,24.95,24.84,24.83,24.81,24.74,24.75,24.78,24.80,24.83,24.84,24.76,23.86,21.38,21.12,21.09,21.04,20.89,20.91,21.05,21.20,21.71,23.32,24.43,24.82,24.84,24.85,24.83,24.57,24.25,24.00,23.95,23.91,23.88,23.83,23.72,23.73,23.79,23.80,23.74,23.85,23.87,23.87,23.85,23.87,23.74,23.46,23.15,22.97,23.34,23.47,23.50,23.49,23.46,23.43,23.41,23.37,23.27,23.30,23.26,23.23,23.26,23.28,23.28,23.27,23.27,23.28,23.29,23.22,23.12,23.03,23.19,23.22,23.31,23.47,23.53,23.48,23.42,22.85,21.08,18.69,16.40,14.21,12.19,10.93,9.66,8.56,7.85,7.89,7.96,7.90,7.86,8.03,8.59,10.02,12.12,14.78,17.88,20.62,23.36,25.66,26.79,26.84,26.91,27.01,27.15,27.01,26.78,26.66,26.69,26.78,26.86,26.82,26.72,26.66,26.65,26.54,26.38,26.23,26.21,26.20,26.08,25.92,25.85,25.95,25.94,25.65,25.02,24.26,23.13,21.48,19.50,17.81,16.09,15.12,14.54,13.84,13.02,12.68,12.53,12.43,12.40,12.48,12.57,12.76,13.23,13.37,13.39,13.28,13.01,12.67,12.56,12.41,12.14,11.83,11.58,11.43,11.39,11.45,11.47,11.75,12.01,12.10,12.03,11.60,10.95,9.89,8.04,8.81,9.08,9.07,9.03,8.93,8.85,8.80,8.84,9.06,8.42,7.17,6.09,5.66,5.73,5.64,5.61,5.71,5.71,5.59,5.52,5.53,5.64,5.90,6.45,8.58,12.99,16.84,18.29,19.34,20.01,21.26,21.82,21.80,21.17,20.00,19.93,19.80,19.69,19.66,19.61,19.51,19.43,19.43,19.57,19.57,19.50,19.35,19.10,18.78,18.94,19.75,20.98,21.60,18.73,15.62,13.66,14.00,13.75,13.65
29.60,29.54,29.48,29.46,29.41,29.35,29.30,29.24,29.20,29.35,29.54,29.66,29.82,29.97,29.79,29.19,28.23,27.75,27.06,26.34,25.91,25.85,25.75,25.65,25.56,25.45,25.50,25.50,25.40,25.23,24.88,24.85,24.94,24.95,24.79,24.76,24.78,24.81,24.86,24.87,24.90,24.05,21.36,21.07,21.06,21.04,20.89,20.91,21.15,21.53,22.45,24.72,24.84,24.87,24.88,24.88,24.84,24.55,24.25,24.02,23.96,23.88,23.85,23.82,23.73,23.73,23.78,23.79,23.74,23.87,23.88,23.77,23.63,23.67,23.56,23.41,23.15,22.82,23.30,23.46,23.47,23.43,23.39,23.36,23.37,23.38,23.33,23.29,23.28,23.32,23.39,23.31,23.30,23.29,23.28,23.28,23.29,23.24,23.14,23.02,23.18,23.22,23.31,23.46,23.54,23.52,23.51,23.24,22.34,19.96,17.63,15.46,13.53,11.83,10.25,8.86,7.90,7.85,7.84,7.77,7.76,7.95,8.12,9.07,10.93,13.63,16.76,19.41,22.23,24.81,26.39,26.91,27.22,27.42,27.54,27.39,27.02,26.80,26.75,26.74,26.81,26.80,26.73,26.65,26.64,26.49,26.34,26.25,26.17,26.15,26.03,25.85,25.72,25.73,25.67,25.36,24.73,24.04,23.14,21.85,20.18,18.27,16.37,15.31,14.72,14.10,13.26,12.89,12.64,12.42,12.56,12.74,12.96,13.22,13.59,13.62,13.55,13.33,12.96,12.56,12.46,12.32,12.08,11.95,11.76,11.59,11.60,11.90,12.09,12.13,11.97,11.64,11.34,10.86,10.42,9.85,8.79,9.17,9.21,9.10,9.04,9.00,8.94,8.88,8.85,8.94,9.06,7.98,6.69,5.76,5.70,5.63,5.61,5.67,5.67,5.59,5.52,5.50,5.60,5.77,6.15,7.89,11.63,15.34,17.22,18.73,19.44,20.58,21.52,22.11,21.88,20.34,19.87,19.70,19.66,19.66,19.60,19.55,19.46,19.42,19.60,19.57,19.48,19.34,19.11,18.62,18.56,19.06,19.97,20.68,18.20,15.50,13.89,14.50,14.15,13.97
29.58,29.49,29.45,29.41,29.34,29.28,29.24,29.18,29.12,29.17,29.29,29.47,29.66,29.78,29.57,29.02,28.33,27.88,27.35,26.74,26.11,25.90,25.77,25.68,25.57,25.42,25.50,25.55,25.43,25.06,24.85,24.97,25.19,25.26,24.93,24.81,24.80,24.83,24.86,24.87,24.90,24.06,21.38,21.04,20.96,20.94,20.88,20.91,21.30,22.16,23.43,24.90,24.94,24.92,24.92,24.91,24.77,24.50,24.26,24.12,24.09,24.01,23.94,23.87,23.82,23.76,23.76,23.79,23.81,23.78,23.78,23.30,22.63,22.61,22.91,23.05,23.07,23.07,23.29,23.37,23.42,23.42,23.34,23.33,23.41,23.48,23.44,23.36,23.34,23.40,23.50,23.33,23.33,23.32,23.30,23.30,23.31,23.29,23.23,23.14,23.22,23.25,23.32,23.44,23.50,23.54,23.54,23.45,23.21,20.84,18.69,16.67,14.67,12.38,10.62,9.16,8.15,7.76,7.74,7.73,7.76,7.90,7.99,8.54,10.07,12.60,15.61,18.26,20.91,23.36,25.25,26.74,27.49,27.81,27.94,27.86,27.51,27.18,26.95,26.72,26.77,26.80,26.76,26.66,26.58,26.48,26.37,26.28,26.20,26.08,25.95,25.79,25.56,25.48,25.38,25.07,24.42,23.59,22.45,21.42,20.32,18.41,16.50,15.44,14.90,14.43,13.63,13.19,12.84,12.55,12.76,12.95,13.31,13.69,13.84,13.79,13.67,13.35,12.80,12.55,12.43,12.28,12.16,12.31,12.10,11.82,11.78,12.32,12.76,12.33,11.51,10.73,10.69,10.63,10.54,10.34,9.95,9.55,9.30,9.16,9.08,9.04,8.98,8.93,8.89,8.80,8.90,8.52,7.60,6.01,5.67,5.57,5.58,5.64,5.54,5.54,5.58,5.60,5.54,5.65,5.86,7.12,10.05,13.49,15.44,17.65,19.33,20.09,20.77,21.58,22.04,21.53,19.91,19.52,19.60,19.66,19.58,19.62,19.55,19.46,19.63,19.52,19.44,19.34,19.16,18.67,18.28,18.41,19.16,20.33,17.82,15.62,14.42,14.39,14.12,13.93
29.51,29.44,29.41,29.36,29.31,29.25,29.19,29.11,29.04,29.02,29.07,29.19,29.30,29.35,29.18,28.75,28.14,27.72,27.28,26.75,26.09,25.90,25.76,25.64,25.53,25.40,25.37,25.41,25.35,24.91,24.81,25.04,25.36,25.54,25.32,25.18,25.07,24.99,25.00,24.95,24.75,23.85,21.71,21.14,20.97,20.98,20.99,20.96,21.22,22.08,23.44,24.90,24.95,24.95,24.91,24.79,24.57,24.44,24.36,24.29,24.25,24.19,24.13,24.08,24.07,23.99,23.86,23.78,23.78,23.77,23.83,23.40,22.71,22.54,22.85,22.96,22.97,23.04,23.19,23.22,23.23,23.25,23.22,23.23,23.29,23.33,23.31,23.32,23.37,23.44,23.51,23.42,23.44,23.45,23.45,23.41,23.37,23.31,23.24,23.19,23.25,23.26,23.32,23.43,23.51,23.54,23.55,23.52,23.45,21.52,19.72,17.88,15.86,13.60,11.35,9.35,8.00,7.73,7.73,7.73,7.78,7.91,7.93,8.28,9.52,11.70,14.16,16.70,19.28,21.69,23.58,25.29,26.55,27.55,28.34,28.34,28.05,27.76,27.50,27.15,26.85,26.77,26.78,26.69,26.59,26.50,26.40,26.31,26.22,26.05,25.93,25.81,25.59,25.36,25.15,24.70,23.89,22.94,21.72,20.81,20.06,18.52,16.65,15.60,15.09,14.64,14.12,13.69,13.21,12.78,13.00,13.14,13.37,13.65,13.86,13.65,13.46,13.21,12.84,12.60,12.53,12.50,12.52,12.76,12.56,12.19,11.92,11.98,11.96,11.55,11.00,10.55,10.55,10.58,10.59,10.54,10.40,9.87,9.48,9.23,9.11,9.10,9.04,8.96,8.87,8.76,8.84,8.76,8.18,6.82,6.12,5.74,5.65,5.71,5.47,5.50,5.56,5.56,5.46,5.58,5.76,6.54,8.36,13.07,14.21,16.15,18.82,19.51,19.94,20.42,20.74,20.57,19.63,19.66,19.98,20.10,19.68,19.66,19.61,19.52,19.65,19.48,19.38,19.31,19.22,18.84,18.37,18.13,18.38,19.61,17.17,15.39,14.44,13.76,13.28,13.07
29.43,29.40,29.36,29.32,29.28,29.22,29.14,29.06,28.97,28.90,28.88,28.91,28.92,28.89,28.76,28.46,27.88,27.51,27.12,26.64,26.02,25.90,25.74,25.59,25.47,25.37,25.23,25.23,25.21,24.79,24.77,25.07,25.44,25.68,25.61,25.48,25.32,25.16,25.14,25.03,24.61,23.70,22.22,21.36,21.04,21.03,21.13,21.06,21.15,21.87,23.17,24.72,24.91,24.96,24.88,24.66,24.39,24.41,24.47,24.46,24.41,24.38,24.34,24.32,24.34,24.26,23.98,23.76,23.75,23.78,23.92,23.64,23.07,22.72,22.92,22.93,22.87,22.91,23.00,22.99,22.97,23.00,23.07,23.10,23.11,23.12,23.14,23.25,23.37,23.47,23.51,23.53,23.56,23.60,23.59,23.53,23.43,23.31,23.23,23.23,23.27,23.28,23.32,23.42,23.52,23.54,23.56,23.56,23.51,22.13,20.68,19.00,17.05,14.97,12.18,9.58,7.82,7.72,7.72,7.74,7.80,7.92,7.89,8.12,9.07,10.82,12.72,15.07,17.58,19.94,21.75,23.45,25.16,26.86,28.38,28.63,28.50,28.31,28.07,27.59,26.92,26.74,26.77,26.71,26.62,26.52,26.42,26.34,26.24,26.06,25.94,25.86,25.67,25.29,24.90,24.26,23.27,22.22,20.98,20.17,19.66,18.61,16.80,15.79,15.29,14.82,14.57,14.18,13.63,13.07,13.24,13.34,13.41,13.53,13.80,13.46,13.23,13.08,12.98,12.73,12.72,12.80,12.94,13.16,12.99,12.59,12.04,11.41,10.92,10.66,10.57,10.57,10.56,10.58,10.61,10.62,10.59,10.12,9.64,9.30,9.15,9.15,9.10,8.99,8.86,8.76,8.82,8.89,8.66,7.80,6.66,6.01,5.79,5.82,5.44,5.47,5.51,5.48,5.39,5.52,5.69,6.05,6.83,9.05,12.76,14.90,18.14,18.97,19.21,19.29,19.30,19.28,19.58,20.16,20.66,20.76,19.99,19.81,19.68,19.57,19.65,19.45,19.35,19.31,19.29,19.08,18.73,18.21,17.85,18.79,16.56,15.15,14.26,12.83,12.23,12.07
29.42,29.37,29.32,29.28,29.24,29.19,29.13,29.05,28.96,28.89,28.81,28.75,28.66,28.53,28.39,28.17,27.72,27.36,26.98,26.54,26.03,25.88,25.70,25.54,25.41,25.29,25.16,25.07,24.98,24.81,24.74,24.94,25.18,25.25,25.15,25.14,25.16,25.16,25.11,25.01,24.73,24.14,23.14,21.90,21.23,21.06,21.24,21.33,21.49,21.96,22.79,23.95,24.73,24.94,24.84,24.69,24.42,24.49,24.56,24.54,24.53,24.51,24.52,24.52,24.48,24.43,24.06,23.79,23.80,23.79,23.96,23.77,23.25,22.72,22.79,22.82,22.79,22.72,22.51,22.49,22.56,22.69,22.87,22.90,22.92,22.96,23.06,23.19,23.34,23.48,23.58,23.61,23.65,23.64,23.57,23.49,23.40,23.31,23.26,23.27,23.29,23.28,23.31,23.39,23.50,23.53,23.59,23.64,23.55,22.74,21.36,19.75,18.11,16.12,13.06,10.14,8.14,7.74,7.73,7.74,7.76,7.81,7.88,8.07,8.67,9.81,11.68,13.64,15.91,18.18,19.91,21.62,23.33,25.07,26.77,28.04,28.43,28.44,28.17,27.51,26.86,26.66,26.68,26.64,26.62,26.54,26.44,26.36,26.30,26.15,26.03,25.91,25.69,25.24,24.49,23.56,22.53,21.48,20.33,19.57,19.17,18.61,16.96,15.99,15.50,15.08,14.72,14.45,14.00,13.43,13.51,13.62,13.65,13.64,13.69,13.48,13.30,13.25,13.31,13.12,13.14,13.19,13.22,13.25,13.21,12.91,12.15,10.77,10.65,10.60,10.58,10.57,10.56,10.57,10.59,10.60,10.56,10.10,9.66,9.34,9.23,9.18,9.14,9.06,8.96,8.84,8.79,8.85,8.87,8.56,7.05,6.51,6.38,5.93,5.49,5.45,5.45,5.42,5.38,5.43,5.48,5.70,6.24,7.06,8.91,12.61,17.19,18.74,19.00,19.10,19.18,19.23,21.03,21.94,22.14,21.81,21.17,20.45,19.92,19.62,19.56,19.49,19.43,19.40,19.40,19.45,19.77,19.43,18.42,17.92,16.44,15.33,13.92,11.23,11.30,11.53
29.42,29.36,29.30,29.25,29.21,29.16,29.11,29.03,28.95,28.87,28.76,28.60,28.42,28.21,28.04,27.85,27.42,27.11,26.76,26.39,26.04,25.91,25.76,25.63,25.52,25.40,25.25,25.12,25.01,24.88,24.74,24.82,24.95,24.97,24.92,24.96,25.03,25.08,25.05,24.99,24.83,24.49,23.89,22.61,22.14,22.19,22.43,22.05,22.22,22.48,22.83,23.48,24.59,24.94,24.87,24.75,24.55,24.59,24.64,24.62,24.62,24.60,24.61,24.62,24.59,24.55,24.22,23.91,23.81,23.85,24.02,23.86,23.36,22.77,22.63,22.64,22.66,22.54,22.29,22.30,22.39,22.49,22.70,22.73,22.78,22.87,23.00,23.14,23.30,23.47,23.60,23.68,23.72,23.70,23.60,23.51,23.42,23.31,23.24,23.24,23.28,23.29,23.32,23.40,23.53,23.54,23.59,23.65,23.60,23.15,22.08,20.78,19.42,17.21,14.19,11.12,8.82,8.00,7.80,7.73,7.73,7.74,7.87,8.05,8.37,8.89,10.69,12.48,14.46,16.47,18.20,19.94,21.68,23.45,25.21,26.83,27.62,28.09,28.24,27.76,27.10,26.73,26.59,26.56,26.58,26.53,26.45,26.38,26.35,26.24,26.11,25.91,25.53,24.84,23.89,22.84,21.80,20.75,19.68,18.97,18.62,18.25,17.00,16.20,15.70,15.24,14.86,14.67,14.32,13.80,13.85,13.92,13.88,13.76,13.68,13.60,13.53,13.51,13.57,13.45,13.47,13.50,13.47,13.39,13.46,13.32,12.53,10.71,10.59,10.57,10.58,10.57,10.55,10.56,10.56,10.51,10.36,9.94,9.61,9.38,9.28,9.22,9.17,9.11,9.03,8.93,8.82,8.83,8.88,8.86,7.84,6.91,6.43,6.20,5.76,5.53,5.43,5.40,5.38,5.38,5.39,5.52,5.84,6.12,7.25,10.01,16.54,16.89,18.03,18.74,19.00,19.07,20.67,21.84,22.44,22.44,22.19,21.52,20.58,19.73,19.60,19.59,19.57,19.57,19.63,19.91,20.47,20.35,19.35,17.93,16.58,15.12,13.15,10.30,10.80,11.46
29.43,29.36,29.28,29.22,29.17,29.13,29.08,29.01,28.93,28.85,28.70,28.47,28.18,27.92,27.72,27.51,27.03,26.77,26.49,26.21,26.04,25.98,25.89,25.82,25.75,25.63,25.45,25.33,25.22,24.99,24.77,24.72,24.75,24.79,24.83,24.88,24.92,24.94,24.96,24.97,24.92,24.79,24.53,23.43,23.55,24.10,24.37,23.08,23.23,23.31,23.16,23.23,24.47,24.95,24.95,24.83,24.76,24.71,24.70,24.71,24.68,24.66,24.64,24.64,24.67,24.65,24.43,24.10,23.79,23.95,24.11,23.93,23.43,22.85,22.44,22.42,22.49,22.37,22.26,22.33,22.38,22.38,22.54,22.58,22.67,22.81,22.95,23.10,23.27,23.44,23.60,23.74,23.78,23.76,23.67,23.57,23.47,23.32,23.19,23.17,23.26,23.29,23.33,23.42,23.59,23.56,23.57,23.62,23.64,23.41,22.82,22.01,20.92,18.26,15.48,12.41,9.60,8.44,7.92,7.73,7.71,7.70,7.69,7.69,7.70,8.03,9.74,11.50,13.16,14.80,16.56,18.36,20.16,21.94,23.68,25.18,26.31,27.41,28.28,28.23,27.54,26.89,26.49,26.48,26.49,26.50,26.46,26.38,26.39,26.33,26.18,25.87,25.25,24.21,23.15,22.10,21.06,20.01,19.03,18.38,18.01,17.65,16.98,16.40,15.88,15.34,14.99,14.86,14.60,14.18,14.22,14.22,14.10,13.89,13.73,13.80,13.85,13.85,13.78,13.73,13.76,13.76,13.68,13.55,13.73,13.80,13.09,11.05,10.68,10.58,10.58,10.57,10.53,10.54,10.52,10.38,10.03,9.68,9.51,9.42,9.33,9.26,9.19,9.14,9.08,9.01,8.91,8.81,8.77,8.82,8.93,7.52,6.49,6.63,6.18,5.67,5.43,5.42,5.37,5.36,5.38,5.44,5.57,5.90,6.05,6.91,9.07,13.69,16.53,18.24,18.79,18.83,19.06,20.45,21.89,22.75,23.09,22.87,21.55,19.90,19.73,19.73,19.74,19.79,19.95,20.45,20.93,21.07,20.52,18.54,16.90,14.64,12.08,9.83,10.58,11.72
29.42,29.34,29.27,29.21,29.15,29.10,29.05,29.00,28.92,28.79,28.59,28.34,28.06,27.74,27.43,27.13,26.83,26.65,26.52,26.45,26.45,26.46,26.43,26.33,26.19,26.17,26.01,25.89,25.77,25.50,25.04,24.81,24.76,24.81,24.87,24.90,24.93,24.95,24.94,24.95,24.93,24.84,24.62,24.17,24.22,24.50,24.69,24.24,24.20,24.14,24.06,24.10,24.64,24.91,24.95,24.85,24.76,24.71,24.72,24.77,24.75,24.68,24.64,24.65,24.67,24.66,24.48,24.14,23.74,23.88,24.02,23.87,23.44,22.91,22.41,22.31,22.39,22.42,22.22,22.30,22.31,22.22,22.36,22.49,22.63,22.76,22.90,23.06,23.23,23.40,23.57,23.75,23.82,23.81,23.72,23.61,23.44,23.28,23.14,23.06,23.23,23.29,23.32,23.37,23.48,23.53,23.55,23.57,23.58,23.49,23.10,22.39,21.23,18.89,16.65,13.84,10.85,9.04,8.26,7.86,7.78,7.74,7.70,7.70,7.71,7.92,9.03,10.14,11.70,13.46,15.12,16.88,18.66,20.39,22.01,23.51,25.05,26.43,27.48,27.95,27.84,27.36,26.80,26.47,26.50,26.50,26.46,26.39,26.40,26.33,25.92,25.18,24.17,23.25,22.32,21.33,20.25,19.18,18.43,18.00,17.81,17.61,17.03,16.49,15.98,15.44,15.16,14.98,14.78,14.56,14.56,14.56,14.45,14.26,14.08,14.12,14.08,13.98,13.86,13.82,13.81,13.81,13.83,13.90,13.95,13.87,13.20,11.55,10.79,10.58,10.56,10.52,10.46,10.35,10.21,10.05,9.88,9.70,9.57,9.47,9.38,9.31,9.23,9.17,9.11,9.04,9.01,8.86,8.72,8.78,8.85,8.39,7.50,6.50,6.50,6.10,5.92,5.76,5.38,5.40,5.54,5.64,5.58,5.58,5.69,6.07,7.03,9.58,12.77,16.19,18.14,17.07,16.73,17.71,18.59,18.98,21.26,22.54,22.56,21.57,20.18,20.00,20.05,20.29,20.73,21.26,21.76,21.98,21.67,20.39,17.35,13.83,10.80,9.32,11.03,11.88
29.41,29.33,29.26,29.20,29.14,29.08,29.02,28.98,28.88,28.70,28.47,28.20,27.93,27.57,27.22,26.91,26.76,26.70,26.70,26.75,26.84,26.92,26.94,26.83,26.61,26.54,26.34,26.18,26.05,25.86,25.36,25.00,24.83,24.83,24.89,24.92,24.95,24.98,24.95,24.96,24.95,24.89,24.73,24.68,24.71,24.78,24.88,24.93,24.78,24.65,24.61,24.63,24.74,24.88,24.94,24.87,24.76,24.70,24.74,24.84,24.83,24.70,24.65,24.66,24.66,24.65,24.48,24.14,23.73,23.81,23.92,23.76,23.35,22.84,22.37,22.24,22.31,22.39,22.22,22.26,22.24,22.11,22.22,22.39,22.56,22.71,22.85,23.03,23.20,23.37,23.54,23.74,23.84,23.84,23.73,23.58,23.39,23.24,23.12,23.03,23.22,23.29,23.32,23.35,23.41,23.52,23.56,23.56,23.58,23.56,23.34,22.73,21.58,19.56,17.79,15.24,12.12,9.67,8.48,8.21,8.02,7.94,7.83,7.77,7.77,7.90,8.49,9.16,10.48,12.16,13.75,15.44,17.15,18.80,20.33,21.83,23.79,25.45,26.63,27.41,27.79,27.65,27.20,26.68,26.58,26.49,26.42,26.37,26.37,26.15,25.40,24.28,23.11,22.27,21.51,20.63,19.50,18.40,17.88,17.65,17.56,17.46,17.04,16.57,16.06,15.54,15.30,15.10,14.93,14.83,14.82,14.86,14.76,14.58,14.42,14.37,14.25,14.09,13.95,13.90,13.87,13.88,13.95,14.14,14.08,13.93,13.33,11.91,10.92,10.63,10.58,10.53,10.44,10.28,10.09,9.92,9.81,9.71,9.59,9.49,9.42,9.34,9.27,9.20,9.14,9.08,9.06,8.91,8.73,8.71,8.79,8.88,8.29,6.99,6.57,6.41,6.31,6.09,5.52,5.55,5.77,5.91,5.76,5.55,5.57,5.59,5.74,7.12,9.86,13.60,16.39,15.10,14.24,14.43,14.65,14.97,18.98,21.70,22.94,22.71,21.14,20.46,20.42,20.86,21.56,22.10,22.57,22.81,22.67,21.87,18.50,14.33,10.67,8.91,10.43,11.13
29.38,29.32,29.25,29.19,29.13,29.07,29.01,28.95,28.82,28.60,28.33,28.06,27.78,27.43,27.12,26.93,26.89,27.00,27.07,27.13,27.22,27.34,27.41,27.31,27.01,26.67,26.32,26.05,25.92,25.98,25.72,25.32,24.97,24.84,24.90,24.94,24.98,25.02,24.99,25.00,24.99,24.94,24.85,24.87,24.89,24.90,24.90,24.92,24.78,24.68,24.65,24.63,24.74,24.85,24.90,24.88,24.77,24.71,24.77,24.91,24.91,24.73,24.66,24.66,24.63,24.61,24.42,24.11,23.76,23.75,23.80,23.59,23.13,22.57,22.33,22.26,22.26,22.25,22.25,22.23,22.17,22.08,22.14,22.28,22.47,22.67,22.81,22.99,23.16,23.33,23.51,23.71,23.84,23.83,23.66,23.43,23.32,23.19,23.11,23.13,23.21,23.28,23.33,23.37,23.42,23.54,23.61,23.64,23.65,23.62,23.51,23.04,22.01,20.28,18.90,16.58,13.39,10.35,9.07,8.67,8.63,8.46,8.19,7.98,7.91,8.04,8.32,8.76,9.63,10.90,12.48,14.06,15.62,17.15,18.66,20.16,22.52,24.46,25.71,26.49,27.21,27.70,27.74,27.19,26.76,26.46,26.31,26.29,26.26,25.71,24.51,23.05,22.08,21.28,20.73,20.00,18.82,17.67,17.39,17.32,17.25,17.14,16.98,16.62,16.13,15.63,15.41,15.21,15.04,14.93,14.97,15.08,15.01,14.84,14.73,14.52,14.32,14.16,14.05,13.99,13.96,13.97,14.04,14.19,14.09,14.01,13.50,12.07,11.07,10.76,10.69,10.61,10.52,10.41,10.25,10.07,9.89,9.71,9.57,9.48,9.44,9.35,9.28,9.22,9.17,9.12,9.05,8.96,8.82,8.60,8.75,8.81,8.76,8.38,6.77,6.57,6.59,6.39,5.85,5.86,6.10,6.29,6.20,5.96,5.79,5.63,5.56,5.94,7.64,10.20,13.01,12.85,11.50,10.33,9.76,10.63,16.07,20.14,22.39,23.06,22.86,21.19,20.90,21.53,22.45,22.97,23.34,23.54,23.45,22.81,20.69,16.79,12.23,8.67,8.27,9.03
29.37,29.32,29.24,29.18,29.12,29.07,29.02,29.00,28.90,28.67,28.38,28.09,27.80,27.42,27.14,27.02,27.09,27.25,27.38,27.48,27.55,27.61,27.64,27.52,27.22,26.87,26.56,26.27,26.10,26.18,26.15,25.87,25.42,24.93,24.92,24.94,24.97,25.00,24.99,24.99,24.99,24.94,24.81,24.87,24.92,24.96,24.97,24.87,24.77,24.72,24.70,24.67,24.71,24.77,24.81,24.81,24.77,24.74,24.77,24.86,24.86,24.75,24.69,24.65,24.60,24.56,24.34,24.06,23.81,23.74,23.74,23.42,22.88,22.46,22.27,22.19,22.18,22.18,22.19,22.16,22.12,22.11,22.16,22.21,22.38,22.61,22.77,22.95,23.13,23.29,23.46,23.65,23.78,23.77,23.63,23.43,23.31,23.20,23.15,23.19,23.26,23.28,23.31,23.37,23.47,23.54,23.58,23.59,23.59,23.59,23.54,23.29,22.63,20.93,19.48,17.19,14.14,11.19,9.54,8.82,8.63,8.53,8.37,8.26,8.21,8.27,8.51,8.79,9.24,10.12,11.70,12.98,14.27,15.64,17.10,18.55,21.28,23.49,24.83,25.68,26.53,27.35,27.80,27.60,27.06,26.69,26.45,26.27,25.98,25.24,24.01,22.58,21.38,20.48,20.00,19.43,18.43,17.54,17.26,17.14,17.02,16.89,16.74,16.45,16.09,15.73,15.51,15.45,15.37,15.23,15.17,15.17,15.11,15.00,14.90,14.64,14.41,14.21,14.07,13.99,13.97,13.94,13.92,14.09,13.79,13.37,12.72,11.71,11.18,10.97,10.86,10.73,10.56,10.38,10.19,10.00,9.82,9.66,9.51,9.43,9.43,9.38,9.31,9.25,9.20,9.15,9.08,9.00,8.88,8.67,8.70,8.76,8.83,8.72,7.44,6.97,6.66,6.22,6.08,5.79,5.78,5.91,6.02,6.07,5.96,5.80,5.69,5.72,6.23,7.67,9.39,10.43,9.79,9.07,8.67,9.13,11.97,16.22,19.83,22.09,22.54,22.02,21.74,21.91,22.62,23.19,23.56,23.71,23.39,21.96,20.24,17.51,13.87,9.67,7.91,7.87
29.36,29.31,29.23,29.17,29.12,29.08,29.06,29.06,29.01,28.79,28.48,28.16,27.83,27.45,27.20,27.14,27.29,27.47,27.65,27.79,27.86,27.85,27.82,27.66,27.37,27.09,26.84,26.56,26.36,26.40,26.52,26.38,25.86,25.02,24.93,24.94,24.97,24.98,24.98,24.98,24.98,24.93,24.76,24.83,24.88,24.95,25.00,24.82,24.76,24.75,24.75,24.71,24.69,24.69,24.72,24.74,24.76,24.75,24.76,24.79,24.78,24.76,24.71,24.65,24.58,24.50,24.26,24.02,23.86,23.76,23.70,23.29,22.69,22.40,22.20,22.12,22.11,22.14,22.13,22.10,22.10,22.15,22.19,22.16,22.29,22.52,22.71,22.91,23.08,23.24,23.40,23.61,23.70,23.69,23.58,23.44,23.31,23.23,23.21,23.26,23.31,23.29,23.30,23.38,23.52,23.55,23.54,23.53,23.52,23.54,23.53,23.45,23.15,21.47,19.88,17.61,14.79,12.12,10.17,9.11,8.67,8.50,8.45,8.49,8.50,8.49,8.73,8.90,9.03,9.57,10.93,11.91,12.96,14.17,15.58,16.98,19.98,22.39,23.82,24.81,25.75,26.77,27.57,27.83,27.25,26.88,26.59,26.27,25.79,24.91,23.77,22.44,20.96,19.90,19.39,18.92,18.14,17.56,17.26,17.06,16.89,16.74,16.51,16.28,16.05,15.82,15.65,15.71,15.70,15.53,15.38,15.22,15.15,15.11,15.00,14.71,14.44,14.21,14.02,13.93,13.91,13.80,13.67,13.78,13.31,12.63,11.91,11.35,11.23,11.09,10.95,10.78,10.53,10.29,10.07,9.88,9.73,9.60,9.45,9.37,9.42,9.40,9.34,9.28,9.23,9.17,9.11,9.04,8.94,8.79,8.69,8.72,8.80,8.79,8.16,7.40,6.71,6.26,6.19,5.65,5.41,5.45,5.71,6.04,6.06,5.97,5.87,5.74,5.88,6.07,6.76,8.49,8.62,8.59,8.51,8.46,8.50,12.12,16.53,20.21,21.50,22.61,22.52,22.21,22.59,23.13,23.59,23.70,23.06,20.63,18.82,16.89,14.22,10.23,7.87,7.13
29.36,29.29,29.23,29.19,29.17,29.14,29.12,29.11,29.08,28.91,28.62,28.23,27.84,27.48,27.30,27.32,27.47,27.64,27.82,27.98,28.13,28.15,28.02,27.79,27.53,27.28,27.04,26.80,26.61,26.57,26.59,26.53,26.05,25.04,24.94,24.94,24.96,24.98,24.99,24.98,24.98,24.94,24.83,24.78,24.78,24.79,24.79,24.75,24.74,24.74,24.73,24.70,24.67,24.69,24.73,24.76,24.70,24.68,24.70,24.74,24.74,24.73,24.69,24.64,24.56,24.42,24.21,24.02,23.88,23.86,23.67,23.27,22.77,22.41,22.16,22.08,22.10,22.12,22.10,22.16,22.21,22.20,22.13,22.10,22.15,22.31,22.63,22.84,22.99,23.15,23.36,23.60,23.62,23.57,23.47,23.36,23.25,23.25,23.29,23.31,23.32,23.31,23.34,23.45,23.58,23.55,23.53,23.53,23.50,23.55,23.49,23.40,23.14,21.69,20.07,17.95,15.50,13.27,11.51,10.00,8.84,8.11,8.04,8.01,7.99,7.99,8.05,8.11,8.23,8.66,9.75,10.60,11.57,12.74,14.15,15.45,18.45,20.83,22.28,23.60,24.64,25.73,26.74,27.47,26.97,26.69,26.47,26.26,26.04,25.21,24.12,22.81,21.27,19.90,19.17,18.64,18.01,17.67,17.40,17.17,16.98,16.86,16.48,16.27,16.13,15.92,15.97,15.97,15.84,15.62,15.54,15.27,15.13,15.09,14.99,14.58,14.29,14.06,13.84,13.78,13.63,13.39,13.09,12.79,12.42,12.08,11.78,11.50,11.08,10.85,10.70,10.56,10.29,10.09,9.92,9.78,9.64,9.55,9.43,9.37,9.41,9.41,9.36,9.31,9.26,9.22,9.17,9.10,9.01,8.92,8.81,8.71,8.70,8.79,8.67,7.53,6.72,6.43,5.99,5.57,5.41,5.40,5.46,5.72,6.00,6.07,5.97,6.15,6.62,7.30,8.04,8.53,8.52,8.49,8.44,8.41,8.42,9.46,12.27,16.20,19.58,22.22,22.76,22.43,22.44,22.63,23.36,23.54,22.45,19.11,16.21,12.84,9.76,8.09,7.36,7.13
29.37,29.32,29.25,29.20,29.19,29.19,29.17,29.15,29.12,28.97,28.68,28.27,27.87,27.52,27.38,27.47,27.63,27.80,27.97,28.15,28.32,28.34,28.15,27.89,27.63,27.37,27.12,26.88,26.68,26.59,26.49,26.36,25.95,25.17,24.97,24.93,24.95,24.99,25.02,24.99,24.97,24.94,24.88,24.80,24.78,24.78,24.77,24.78,24.79,24.79,24.78,24.76,24.73,24.71,24.71,24.73,24.69,24.68,24.69,24.72,24.71,24.70,24.68,24.63,24.56,24.38,24.18,24.01,23.91,23.89,23.68,23.33,22.88,22.37,22.16,22.09,22.09,22.10,22.11,22.18,22.22,22.18,22.09,22.14,22.18,22.25,22.41,22.70,22.92,23.11,23.33,23.56,23.52,23.45,23.35,23.28,23.22,23.25,23.30,23.32,23.34,23.33,23.37,23.47,23.57,23.55,23.55,23.55,23.52,23.56,23.47,23.36,23.19,22.13,20.59,18.58,16.45,14.98,13.33,11.42,9.54,8.09,7.90,7.84,7.83,7.83,7.83,7.86,7.97,8.23,9.30,9.78,10.37,11.35,12.72,14.21,16.76,18.85,20.31,21.76,23.02,24.17,25.17,25.93,25.58,25.43,25.36,25.36,25.69,25.19,24.37,23.27,21.82,20.34,19.39,18.67,18.00,17.74,17.44,17.21,17.03,16.79,16.52,16.33,16.19,16.03,16.08,16.07,15.94,15.71,15.59,15.27,15.09,14.97,14.72,14.37,14.09,13.84,13.61,13.54,13.32,13.03,12.70,12.36,12.07,11.83,11.58,11.27,10.65,10.41,10.35,10.31,10.06,9.88,9.75,9.65,9.55,9.52,9.45,9.41,9.42,9.42,9.38,9.33,9.29,9.25,9.20,9.14,9.06,8.97,8.97,8.77,8.66,8.75,8.82,8.07,7.15,6.41,5.97,5.81,5.67,5.63,5.76,5.87,6.08,6.22,6.40,7.03,7.43,7.84,8.48,8.48,8.44,8.42,8.40,8.38,8.36,8.39,9.73,12.51,16.32,20.26,21.64,21.70,21.71,21.88,22.64,22.34,20.27,16.11,12.66,9.74,7.75,7.24,7.17,7.15
29.41,29.36,29.29,29.20,29.21,29.22,29.20,29.17,29.14,28.98,28.70,28.30,27.92,27.57,27.47,27.60,27.78,27.95,28.12,28.30,28.47,28.44,28.23,27.95,27.68,27.40,27.12,26.85,26.62,26.51,26.30,26.00,25.68,25.38,24.99,24.92,24.95,25.01,25.06,25.00,24.96,24.94,24.92,24.85,24.84,24.86,24.87,24.86,24.86,24.87,24.86,24.84,24.82,24.75,24.69,24.65,24.72,24.71,24.70,24.71,24.69,24.68,24.67,24.63,24.55,24.36,24.15,24.00,23.94,23.88,23.70,23.43,23.01,22.28,22.18,22.12,22.09,22.08,22.15,22.19,22.16,22.10,22.08,22.23,22.32,22.29,22.13,22.53,22.84,23.10,23.32,23.51,23.42,23.33,23.24,23.20,23.20,23.23,23.27,23.31,23.36,23.35,23.38,23.45,23.54,23.54,23.57,23.60,23.54,23.56,23.44,23.33,23.27,22.71,21.33,19.42,17.58,17.03,15.45,13.16,10.59,8.31,7.93,7.83,7.82,7.81,7.83,7.86,7.94,8.00,7.95,9.11,9.33,10.02,11.31,13.11,14.96,16.61,18.08,19.55,21.08,22.29,23.16,23.69,23.51,23.55,23.65,23.92,24.95,24.97,24.57,23.78,22.50,21.03,19.87,18.90,18.06,17.78,17.43,17.22,17.05,16.61,16.59,16.44,16.25,16.15,16.07,16.08,16.00,15.78,15.55,15.23,15.01,14.79,14.32,14.10,13.86,13.59,13.34,13.23,13.00,12.71,12.43,12.26,12.04,11.73,11.32,10.81,10.05,9.87,9.95,10.05,9.83,9.68,9.58,9.50,9.47,9.50,9.50,9.47,9.44,9.42,9.39,9.36,9.32,9.28,9.23,9.17,9.09,8.99,9.14,8.88,8.65,8.69,8.76,8.85,7.83,6.35,6.06,6.24,6.07,6.01,6.36,6.30,6.24,6.44,7.04,8.29,8.31,8.36,8.40,8.38,8.37,8.37,8.37,8.35,8.32,8.30,8.29,9.11,12.29,17.29,19.67,20.38,20.62,20.96,21.55,20.43,17.07,12.23,8.63,7.27,7.27,7.19,7.16,7.19
29.41,29.36,29.31,29.23,29.21,29.21,29.20,29.18,29.10,28.90,28.62,28.30,27.87,27.63,27.61,27.76,27.95,28.11,28.26,28.37,28.43,28.36,28.14,27.86,27.58,27.30,27.02,26.77,26.58,26.47,26.33,26.13,25.88,25.54,25.08,25.05,25.15,25.20,25.04,24.98,24.95,24.95,24.94,24.91,24.90,24.91,24.92,24.83,24.77,24.81,24.87,24.79,24.73,24.72,24.70,24.64,24.66,24.65,24.65,24.68,24.66,24.69,24.67,24.59,24.45,24.30,24.11,23.97,23.94,23.92,23.80,23.47,22.94,22.31,22.17,22.14,22.12,22.08,22.09,22.11,22.11,22.09,22.09,22.63,22.89,22.79,22.40,22.35,22.58,22.95,23.30,23.39,23.36,23.30,23.25,23.21,23.19,23.20,23.24,23.29,23.34,23.35,23.37,23.44,23.53,23.54,23.57,23.59,23.53,23.55,23.40,23.27,23.27,23.09,22.05,20.74,19.58,19.12,17.37,14.93,12.00,8.91,8.04,7.84,7.83,7.82,7.84,7.87,7.92,7.99,8.04,8.31,8.55,9.02,9.92,11.27,12.85,14.42,15.94,17.45,18.78,19.90,20.93,21.93,21.94,22.02,22.24,22.70,23.75,24.31,24.35,23.91,23.08,21.74,20.29,19.04,18.19,17.82,17.50,17.23,17.00,16.83,16.77,16.75,16.70,16.54,16.28,15.97,15.83,15.85,15.48,15.07,14.82,14.61,14.21,13.93,13.67,13.45,13.26,13.10,12.87,12.67,12.45,12.00,11.51,11.18,10.88,10.42,9.80,9.66,9.69,9.71,9.63,9.57,9.53,9.51,9.52,9.46,9.44,9.44,9.45,9.47,9.42,9.38,9.34,9.30,9.24,9.19,9.13,9.05,9.05,9.00,8.86,8.66,8.73,8.80,8.55,7.78,6.26,6.16,6.09,5.94,5.82,5.91,7.76,8.00,8.35,8.26,8.24,8.28,8.33,8.35,8.36,8.37,8.37,8.33,8.30,8.27,8.26,8.57,9.73,12.97,16.47,18.93,19.45,19.17,18.37,15.91,12.07,9.16,7.75,7.26,7.25,7.25,7.24,7.24
29.41,29.37,29.34,29.26,29.23,29.22,29.21,29.17,29.04,28.81,28.53,28.26,27.85,27.69,27.72,27.90,28.09,28.23,28.33,28.38,28.36,28.25,28.03,27.76,27.48,27.20,26.92,26.70,26.54,26.44,26.33,26.20,26.01,25.72,25.26,25.17,25.20,25.23,25.03,24.97,24.95,24.95,24.95,24.93,24.93,24.94,24.95,24.82,24.72,24.75,24.81,24.70,24.63,24.65,24.68,24.65,24.62,24.61,24.63,24.66,24.63,24.64,24.63,24.55,24.34,24.20,24.07,23.99,23.99,23.97,23.81,23.40,22.82,22.32,22.19,22.15,22.14,22.10,22.07,22.07,22.08,22.11,22.32,23.02,23.33,23.19,22.69,22.27,22.39,22.81,23.28,23.31,23.31,23.28,23.25,23.21,23.18,23.19,23.24,23.29,23.34,23.36,23.38,23.43,23.49,23.49,23.49,23.48,23.42,23.43,23.30,23.21,23.26,23.30,22.66,21.93,21.34,21.03,19.42,16.82,13.47,9.79,8.37,7.91,7.83,7.84,7.87,7.88,7.93,7.99,8.04,7.99,8.07,8.32,9.12,9.84,10.92,12.28,13.80,15.31,16.46,17.50,18.67,20.13,20.36,20.50,20.83,21.49,22.56,23.49,23.95,23.92,23.54,22.15,20.54,19.17,18.36,17.90,17.58,17.29,17.06,17.00,16.96,17.01,17.02,16.84,16.44,15.85,15.60,15.70,15.23,14.86,14.63,14.43,14.12,13.82,13.57,13.35,13.16,12.90,12.68,12.48,12.21,11.62,10.94,10.61,10.41,10.02,9.64,9.54,9.53,9.51,9.49,9.47,9.47,9.49,9.48,9.39,9.36,9.38,9.45,9.51,9.47,9.41,9.36,9.31,9.26,9.21,9.16,9.11,9.02,9.05,8.94,8.66,8.71,8.76,8.90,8.66,7.14,6.37,6.14,6.02,5.76,6.34,8.01,8.07,8.28,8.18,8.15,8.19,8.26,8.32,8.34,8.36,8.35,8.31,8.30,8.26,8.24,8.25,8.25,9.90,13.18,16.50,18.27,17.07,14.75,11.73,8.69,7.37,7.24,7.24,7.26,7.30,7.29,7.26
29.40,29.40,29.36,29.31,29.28,29.25,29.21,29.15,28.95,28.70,28.43,28.16,27.87,27.73,27.80,28.03,28.17,28.30,28.33,28.30,28.24,28.11,27.91,27.66,27.39,27.11,26.83,26.63,26.50,26.40,26.29,26.18,26.06,25.92,25.58,25.25,25.07,25.04,25.03,24.99,24.96,24.94,24.92,24.91,24.92,24.94,24.94,24.81,24.71,24.68,24.68,24.58,24.51,24.54,24.62,24.69,24.59,24.60,24.63,24.65,24.62,24.54,24.55,24.51,24.22,24.06,24.04,24.07,24.09,24.02,23.72,23.21,22.63,22.31,22.23,22.17,22.13,22.13,22.09,22.09,22.07,22.17,22.85,23.40,23.61,23.47,23.00,22.31,22.28,22.68,23.25,23.27,23.28,23.27,23.23,23.20,23.15,23.20,23.28,23.33,23.35,23.37,23.40,23.43,23.42,23.38,23.31,23.23,23.16,23.15,23.12,23.14,23.24,23.28,23.13,22.96,22.80,22.69,21.65,18.86,15.01,11.06,8.97,8.07,7.80,7.85,7.94,7.93,7.97,8.01,7.93,7.94,7.96,7.99,8.06,8.82,9.20,10.21,11.68,13.13,14.14,15.10,16.40,18.26,18.77,18.98,19.43,20.30,21.36,22.45,23.29,23.77,23.86,22.17,20.55,19.30,18.57,18.01,17.65,17.41,17.24,17.10,17.16,17.22,17.20,17.02,16.52,15.72,15.28,15.29,14.73,14.58,14.45,14.26,14.02,13.81,13.57,13.31,13.01,12.61,12.40,12.09,11.62,11.08,10.32,10.00,9.88,9.60,9.59,9.55,9.51,9.50,9.44,9.42,9.42,9.41,9.34,9.26,9.23,9.29,9.44,9.54,9.51,9.44,9.37,9.32,9.28,9.23,9.19,9.16,9.07,8.99,8.86,8.70,8.69,8.72,8.76,8.81,8.89,6.81,6.23,6.35,6.43,8.11,8.38,8.25,8.10,8.03,8.03,8.10,8.19,8.26,8.31,8.33,8.31,8.28,8.32,8.27,8.23,8.22,8.21,8.45,9.79,12.78,17.07,14.55,10.57,8.00,7.42,7.22,7.21,7.24,7.29,7.35,7.32,7.25
