22.95,22.88,22.88,22.86,22.81,22.76,22.71,22.60,22.51,22.39,22.37,22.53,22.51,22.43,22.27,22.04,21.78,21.68,21.54,21.39,21.26,21.07,20.72,20.29,19.89,19.92,19.99,20.03,20.02,19.90,19.86,20.14,20.48,20.74,21.39,21.47,21.14,20.57,20.05,19.82,19.98,20.36,20.64,20.10,19.97,19.95,19.86,19.69,19.68,19.76,19.85,19.85,19.35,19.14,19.10,18.89,16.61,15.99,15.65,15.24,15.30,17.85,18.90,18.81,18.70,17.53,15.91,14.36,13.22,12.46,12.55,12.84,13.06,12.99,12.68,12.49,12.37,12.27,12.27,12.28,12.24,12.18,12.15,12.13,12.06,11.99,12.04,12.03,12.13,12.23,12.23,12.28,12.21,12.13,12.04,11.91,11.76,11.60,11.42,11.22,11.04,10.95,10.83,10.62,10.25,9.85,9.44,9.00,8.51,8.16,7.94,7.80,7.72,7.74,7.75,7.76,7.78,7.81,7.83,7.86,7.89,7.91,7.90,7.85,7.72,7.55,7.41,7.30,7.19,7.15,7.30,7.36,7.43,7.49,7.54,7.49,7.38,7.36,7.41,7.45,7.58,7.68,7.77,7.86,7.95,7.93,7.90,7.90,7.92,7.91,7.90,7.90,7.94,7.93,7.93,7.94,7.95,7.95,7.94,7.95,7.98,7.98,8.00,8.01,7.99,7.89,7.75,7.61,7.43,7.18,6.89,7.34,7.51,7.36,7.09,6.54,6.36,6.17,5.73,5.75,5.77,5.79,5.79,5.75,5.92,6.11,6.26,6.30,6.32,6.37,6.35,6.27,6.26,6.27,6.26,6.26,6.28,5.49,5.29,5.23,4.93,4.68,4.67,4.71,4.72,4.63,4.58,4.62,4.73,4.86,4.89,5.05,5.35,5.69,5.65,5.66,5.68,5.70,5.69,5.68,5.66,5.64,5.64,5.63,5.74,5.80,5.80,5.88,5.92,5.88,5.50,4.49,4.30,4.24,4.23,4.21,4.19,4.19,4.16,4.13,4.12,4.11,4.10,4.02,3.83,3.62,3.63,3.65,3.68,3.90,4.43,4.59,4.41,4.07,3.85,3.72
22.80,22.78,22.79,22.78,22.72,22.65,22.59,22.51,22.42,22.30,22.26,22.37,22.38,22.30,22.16,21.98,21.86,21.74,21.60,21.43,21.23,21.08,20.76,20.31,19.85,19.85,19.93,20.00,19.99,19.87,19.83,20.06,20.38,20.72,21.59,21.86,21.68,21.17,20.52,20.08,20.10,20.37,20.57,20.12,19.97,19.91,19.84,19.72,19.79,19.90,19.92,19.62,19.32,19.21,19.08,18.65,16.82,16.25,15.92,15.75,16.70,18.31,18.92,18.75,18.38,16.66,14.67,13.20,12.63,12.42,12.42,12.41,12.41,12.59,12.45,12.34,12.27,12.24,12.25,12.21,12.18,12.18,12.18,12.15,12.11,12.08,12.06,12.06,12.08,12.08,12.05,12.01,11.97,11.95,11.91,11.81,11.66,11.54,11.43,11.29,11.08,10.89,10.69,10.48,10.32,10.20,9.99,9.75,9.59,8.69,8.28,8.02,7.72,7.72,7.74,7.76,7.78,7.80,7.82,7.85,7.88,7.89,7.87,7.83,7.69,7.49,7.38,7.31,7.25,7.24,7.37,7.47,7.52,7.53,7.51,7.44,7.35,7.35,7.44,7.51,7.62,7.72,7.81,7.90,7.96,7.95,7.92,7.91,7.91,7.91,7.92,7.93,7.92,7.92,7.93,7.93,7.93,7.95,7.95,7.95,7.95,7.96,7.98,8.00,7.99,7.93,7.89,7.84,7.77,7.66,7.58,7.60,7.54,7.24,6.51,6.43,6.23,5.97,5.73,5.77,5.78,5.80,5.83,5.82,5.90,6.03,6.16,6.26,6.31,6.35,6.35,6.28,6.22,6.21,6.20,6.13,5.96,5.50,5.25,5.06,4.83,4.68,4.71,4.73,4.69,4.61,4.58,4.68,4.83,4.90,4.89,5.13,5.53,5.91,5.81,5.69,5.65,5.68,5.64,5.63,5.61,5.60,5.59,5.55,5.66,5.72,5.70,5.71,5.79,5.61,5.11,4.31,4.26,4.25,4.23,4.20,4.20,4.18,4.15,4.12,4.09,4.09,4.06,3.96,3.77,3.63,3.62,3.64,3.71,4.04,4.45,4.48,4.14,3.59,3.70,3.73
22.72,22.68,22.69,22.68,22.63,22.56,22.49,22.42,22.32,22.21,22.17,22.24,22.26,22.20,22.09,21.98,21.92,21.78,21.66,21.50,21.23,21.11,20.82,20.37,19.88,19.83,19.88,19.94,19.96,19.84,19.80,19.92,20.20,20.65,21.59,21.94,21.76,21.17,20.51,20.16,20.14,20.31,20.43,20.05,19.93,19.88,19.81,19.92,20.02,20.06,19.93,19.47,19.32,19.27,18.93,18.01,16.98,16.49,16.15,16.22,17.88,18.71,18.97,18.48,16.96,15.20,13.62,12.64,12.41,12.38,12.37,12.31,12.27,12.43,12.34,12.27,11.94,11.23,11.72,12.17,12.32,12.21,12.20,12.17,12.16,12.15,12.11,12.10,12.08,12.05,12.01,11.94,11.93,11.91,11.86,11.75,11.60,11.48,11.37,11.23,11.05,10.87,10.68,10.48,10.34,10.26,10.13,10.01,9.94,9.22,8.67,8.25,7.92,7.74,7.72,7.74,7.77,7.79,7.81,7.83,7.84,7.83,7.78,7.71,7.58,7.40,7.35,7.28,7.26,7.32,7.46,7.54,7.56,7.53,7.47,7.38,7.35,7.38,7.47,7.57,7.66,7.75,7.85,7.94,7.98,7.97,7.94,7.92,7.92,7.92,7.93,7.93,7.92,7.93,7.93,7.93,7.94,7.95,7.95,7.95,7.95,7.95,7.96,7.97,7.98,7.96,7.93,7.91,7.88,7.82,7.79,7.67,7.43,7.01,6.34,6.42,6.14,5.83,5.74,5.77,5.80,5.82,5.85,5.85,5.89,5.96,6.06,6.18,6.25,6.30,6.30,6.22,6.15,6.08,6.04,5.97,5.75,5.38,5.10,4.90,4.75,4.70,4.76,4.76,4.67,4.59,4.62,4.72,4.84,4.89,4.93,5.15,5.51,5.88,5.81,5.60,5.55,5.62,5.59,5.58,5.54,5.51,5.48,5.45,5.54,5.59,5.58,5.55,5.66,5.33,4.74,4.25,4.24,4.24,4.22,4.20,4.18,4.16,4.14,4.11,4.08,4.10,4.08,3.95,3.71,3.63,3.62,3.65,3.76,4.10,4.27,4.17,3.88,3.52,3.66,3.73
22.68,22.59,22.58,22.58,22.54,22.48,22.42,22.33,22.22,22.13,22.10,22.13,22.15,22.12,22.05,21.99,21.96,21.80,21.71,21.58,21.27,21.17,20.88,20.44,19.95,19.83,19.83,19.88,19.91,19.82,19.76,19.76,19.99,20.55,21.48,21.85,21.61,20.90,20.29,20.16,20.16,20.21,20.26,19.93,19.88,19.85,19.80,20.19,20.30,20.20,19.90,19.36,19.32,19.32,18.73,17.24,17.11,16.70,16.41,16.75,18.89,19.05,19.05,18.13,15.16,13.55,12.73,12.41,12.38,12.35,12.37,12.38,12.38,12.39,12.30,12.25,11.53,9.83,10.93,12.01,12.42,12.18,12.14,12.17,12.21,12.22,12.16,12.13,12.10,12.07,12.04,11.98,11.99,11.95,11.85,11.70,11.55,11.41,11.27,11.13,10.97,10.87,10.74,10.56,10.34,10.17,10.07,10.00,9.91,9.70,9.07,8.51,8.24,7.81,7.71,7.72,7.76,7.79,7.79,7.80,7.79,7.74,7.65,7.55,7.43,7.32,7.31,7.22,7.25,7.39,7.54,7.59,7.58,7.51,7.42,7.33,7.37,7.43,7.50,7.62,7.70,7.79,7.89,7.98,8.00,8.00,7.98,7.93,7.93,7.93,7.93,7.93,7.94,7.96,7.94,7.93,7.96,7.95,7.94,7.95,7.96,7.96,7.93,7.94,7.96,7.97,7.91,7.89,7.86,7.81,7.74,7.65,7.26,6.73,6.39,6.45,6.06,5.72,5.77,5.78,5.82,5.84,5.85,5.86,5.87,5.89,5.95,6.08,6.17,6.23,6.23,6.14,6.06,5.92,5.85,5.80,5.60,5.18,4.90,4.74,4.69,4.72,4.81,4.78,4.65,4.57,4.68,4.77,4.83,4.86,4.98,5.13,5.39,5.71,5.70,5.45,5.41,5.53,5.54,5.51,5.45,5.38,5.35,5.35,5.39,5.43,5.44,5.38,5.52,5.05,4.39,4.24,4.24,4.22,4.21,4.19,4.15,4.14,4.13,4.10,4.07,4.13,4.11,3.97,3.69,3.63,3.62,3.68,3.83,4.11,3.99,3.78,3.63,3.65,3.69,3.73
22.62,22.51,22.49,22.51,22.47,22.40,22.36,22.43,22.30,22.21,22.12,22.02,22.08,22.09,22.05,21.99,21.97,21.88,21.79,21.68,21.49,21.28,20.92,20.51,20.10,19.82,19.79,19.83,19.87,19.82,19.75,19.73,19.92,20.44,21.23,21.75,21.65,21.03,20.54,20.39,20.33,20.25,20.06,19.88,19.83,19.91,20.09,20.26,20.25,20.08,19.77,19.38,19.37,19.11,18.50,17.57,17.23,16.92,17.32,18.37,19.05,19.07,19.08,18.37,15.96,13.36,12.51,12.39,12.35,12.36,12.36,12.36,12.36,12.38,12.30,12.26,11.59,9.92,10.18,10.26,10.60,11.16,11.07,11.84,12.22,12.24,12.19,12.18,12.15,12.11,12.08,12.04,12.03,11.94,11.78,11.52,11.25,11.06,11.01,11.11,10.92,10.75,10.61,10.49,10.35,10.22,10.08,9.93,9.79,9.63,9.35,9.10,8.90,8.30,7.87,7.75,7.84,7.84,7.81,7.79,7.75,7.69,7.55,7.45,7.38,7.33,7.22,7.24,7.33,7.47,7.60,7.59,7.55,7.47,7.36,7.31,7.38,7.47,7.55,7.66,7.75,7.84,7.92,7.99,8.01,8.02,8.00,7.94,7.94,7.94,7.94,7.94,7.95,7.96,7.95,7.95,7.97,7.95,7.96,7.95,7.95,7.97,7.95,7.96,7.96,7.94,7.91,7.88,7.83,7.76,7.66,7.55,7.07,6.50,6.43,6.08,5.85,5.75,5.79,5.79,5.82,5.84,5.86,5.87,5.87,5.88,5.91,5.96,6.08,6.16,6.16,6.07,5.95,5.80,5.68,5.54,5.32,5.01,4.80,4.70,4.71,4.74,4.76,4.71,4.62,4.61,4.95,5.08,5.00,4.80,4.91,5.02,5.18,5.34,5.29,5.19,5.22,5.32,5.32,5.22,5.20,5.21,5.19,5.18,5.18,5.19,5.20,5.21,5.24,4.80,4.29,4.25,4.23,4.21,4.20,4.18,4.16,4.13,4.11,4.09,4.10,4.13,4.09,3.98,3.84,3.70,3.68,3.73,3.84,3.98,3.72,3.54,3.51,3.63,3.77,3.71
22.61,22.45,22.39,22.41,22.38,22.31,22.28,22.41,22.33,22.25,22.12,21.95,22.01,22.05,22.05,22.00,21.98,21.92,21.85,21.77,21.68,21.35,20.95,20.54,20.16,19.80,19.74,19.78,19.83,19.81,19.74,19.69,19.84,20.34,21.01,21.69,21.80,21.34,20.97,20.66,20.43,20.19,19.87,19.82,19.83,19.99,20.26,20.31,20.18,19.92,19.61,19.40,19.42,18.99,18.38,17.89,17.43,17.29,18.01,19.23,19.15,19.10,19.13,18.74,17.32,15.13,14.50,13.76,12.31,12.36,12.35,12.34,12.34,12.35,12.29,12.08,11.39,10.07,9.80,9.34,9.48,10.14,10.07,10.90,11.46,11.81,12.20,12.22,12.20,12.16,12.13,12.10,12.07,12.00,11.85,11.63,11.28,10.91,10.70,10.76,10.50,10.48,10.50,10.45,10.32,10.20,10.05,9.89,9.74,9.59,9.48,9.36,9.18,8.67,8.23,8.01,7.99,8.00,7.85,7.79,7.75,7.65,7.51,7.42,7.37,7.33,7.20,7.27,7.40,7.53,7.63,7.58,7.51,7.42,7.31,7.33,7.41,7.51,7.60,7.70,7.79,7.88,7.96,8.00,8.02,8.04,8.02,7.96,7.95,7.94,7.95,7.95,7.95,7.96,7.96,7.97,7.98,7.96,7.97,7.97,7.95,7.97,7.96,7.96,7.95,7.92,7.89,7.86,7.80,7.71,7.53,7.24,6.79,6.37,6.33,5.86,5.74,5.78,5.80,5.80,5.82,5.84,5.85,5.87,5.87,5.88,5.89,5.90,5.99,6.07,6.09,6.01,5.86,5.68,5.49,5.29,5.09,4.88,4.74,4.69,4.73,4.75,4.73,4.66,4.60,4.68,5.15,5.23,5.03,4.82,4.91,5.03,5.11,5.11,5.00,5.00,5.05,5.11,5.11,5.02,5.03,5.07,5.08,5.08,5.04,4.97,4.90,4.98,4.98,4.72,4.43,4.44,4.27,4.21,4.19,4.17,4.16,4.12,4.09,4.09,4.10,4.10,4.06,3.99,3.89,3.73,3.71,3.74,3.78,3.81,3.60,3.48,3.48,3.58,3.75,3.64
22.67,22.41,22.27,22.29,22.28,22.22,22.18,22.27,22.31,22.24,22.09,21.93,21.97,22.01,22.04,22.04,21.97,21.92,21.90,21.87,21.81,21.39,20.96,20.54,20.13,19.78,19.69,19.72,19.78,19.80,19.72,19.63,19.76,20.26,20.83,21.68,22.06,21.86,21.59,20.97,20.46,20.05,19.68,19.75,19.88,20.07,20.29,20.32,20.09,19.74,19.43,19.43,19.48,18.96,18.39,18.20,17.73,17.82,18.44,19.25,19.18,19.15,19.20,19.27,19.29,19.05,18.92,16.68,12.25,12.35,12.34,12.32,12.32,12.31,12.27,11.68,10.89,10.29,9.83,9.36,9.12,9.14,9.15,9.26,9.85,10.87,12.18,12.23,12.23,12.21,12.19,12.15,12.14,12.11,12.07,12.07,11.67,10.99,10.35,10.03,9.69,10.05,10.38,10.41,10.24,10.09,9.97,9.87,9.77,9.60,9.43,9.24,9.06,8.93,8.81,8.54,8.23,8.27,7.91,7.80,7.78,7.64,7.53,7.46,7.40,7.33,7.27,7.34,7.47,7.59,7.64,7.55,7.47,7.37,7.29,7.40,7.46,7.54,7.65,7.74,7.82,7.91,7.98,8.01,8.03,8.05,8.03,7.98,7.96,7.95,7.95,7.96,7.96,7.97,7.97,7.97,7.97,7.98,7.98,7.98,7.97,7.98,7.97,7.95,7.93,7.90,7.86,7.82,7.77,7.67,7.35,6.70,6.41,6.35,6.08,5.80,5.75,5.78,5.79,5.81,5.83,5.83,5.84,5.87,5.88,5.88,5.89,5.89,5.90,5.98,6.02,5.95,5.78,5.54,5.28,5.05,4.91,4.80,4.72,4.70,4.76,4.75,4.69,4.62,4.60,4.76,5.27,5.21,4.91,4.92,5.00,5.17,5.21,5.05,4.86,4.86,4.88,4.90,4.90,4.95,4.95,4.96,5.03,5.06,4.99,4.77,4.53,4.68,4.75,4.81,4.85,4.84,4.37,4.21,4.18,4.16,4.14,4.10,4.09,4.09,4.07,4.04,4.02,3.97,3.84,3.70,3.71,3.69,3.62,3.61,3.65,3.63,3.56,3.50,3.62,3.52
22.74,22.38,22.14,22.17,22.16,22.12,22.07,22.13,22.22,22.19,22.08,21.90,21.78,21.87,21.95,21.98,21.97,21.94,21.92,21.88,21.79,21.38,20.89,20.42,20.02,19.74,19.65,19.66,19.73,19.78,19.70,19.60,19.64,19.95,20.61,21.50,22.08,22.14,21.73,20.99,20.30,19.82,19.69,19.69,19.94,20.17,20.26,20.20,19.84,19.55,19.41,19.46,19.27,18.93,18.56,18.27,18.00,18.45,18.97,19.26,19.24,19.29,19.34,19.42,19.52,19.59,19.56,18.49,16.39,16.39,13.74,12.30,12.30,12.28,11.73,11.42,11.06,10.38,9.87,9.38,9.09,9.01,9.03,9.05,9.31,9.81,10.45,10.88,11.57,12.10,12.25,12.22,12.20,12.18,12.16,12.19,12.10,11.80,11.15,10.08,9.54,9.61,9.74,9.75,9.84,9.96,9.94,9.81,9.64,9.51,9.38,9.23,9.06,8.92,8.76,8.54,8.32,8.27,8.03,7.88,7.78,7.64,7.54,7.48,7.40,7.32,7.33,7.42,7.52,7.60,7.57,7.50,7.42,7.36,7.34,7.43,7.51,7.59,7.67,7.79,7.87,7.95,8.01,8.02,8.04,8.06,8.05,8.01,7.98,7.96,7.96,7.97,7.97,7.97,7.98,7.98,7.98,7.98,7.99,7.99,7.99,7.99,7.97,7.94,7.91,7.88,7.85,7.79,7.74,7.62,6.93,6.51,6.39,6.32,5.85,5.76,5.76,5.79,5.80,5.81,5.82,5.82,5.83,5.85,5.85,5.87,5.90,5.90,5.90,5.93,5.94,5.88,5.67,5.40,5.16,4.97,4.88,4.75,4.71,4.73,4.79,4.73,4.67,4.64,4.72,5.08,5.32,5.15,4.90,4.99,5.07,5.14,5.14,5.03,4.80,4.77,4.78,4.79,4.80,4.82,4.84,4.87,4.94,4.99,4.85,4.63,4.43,4.44,4.52,4.60,4.66,4.67,4.59,4.57,4.54,4.44,4.16,4.10,4.08,4.07,4.04,3.99,3.95,3.91,3.83,3.70,3.71,3.72,3.69,3.70,3.72,3.70,3.58,3.32,3.49,3.45
22.81,22.35,22.03,22.04,22.05,22.01,21.96,21.97,22.10,22.12,22.04,21.87,21.60,21.70,21.83,21.88,21.93,21.91,21.88,21.82,21.69,21.27,20.76,20.28,19.89,19.69,19.62,19.63,19.68,19.75,19.68,19.58,19.55,19.69,20.37,21.21,21.89,22.18,21.68,20.89,20.12,19.64,19.70,19.71,20.02,20.25,20.23,20.03,19.63,19.41,19.42,19.49,19.13,18.96,18.76,18.38,18.39,19.00,19.35,19.28,19.31,19.40,19.45,19.49,19.51,19.64,19.65,19.67,19.73,19.66,15.73,13.05,12.28,12.26,11.48,11.43,11.33,10.52,9.93,9.41,9.10,9.00,9.02,9.03,9.03,9.03,9.04,9.65,10.67,11.50,11.82,12.03,12.18,12.24,12.23,12.25,12.40,12.42,11.82,10.29,9.59,9.35,9.25,9.20,9.43,9.70,9.75,9.64,9.53,9.42,9.32,9.19,9.04,8.86,8.66,8.49,8.35,8.21,8.07,7.91,7.75,7.64,7.54,7.47,7.40,7.33,7.40,7.49,7.56,7.59,7.51,7.45,7.38,7.36,7.39,7.46,7.56,7.64,7.71,7.83,7.91,7.98,8.02,8.02,8.05,8.07,8.06,8.04,7.99,7.97,7.97,7.97,7.97,7.98,7.98,7.98,7.99,7.99,8.00,8.00,8.00,8.00,7.98,7.93,7.88,7.87,7.84,7.74,7.61,7.37,6.56,6.41,6.40,6.26,5.70,5.73,5.77,5.79,5.79,5.81,5.81,5.82,5.83,5.83,5.83,5.86,5.89,5.90,5.90,5.90,5.86,5.76,5.52,5.26,5.05,4.91,4.83,4.72,4.71,4.76,4.79,4.70,4.66,4.71,4.89,5.36,5.29,5.08,4.91,5.00,5.07,5.06,5.04,4.98,4.76,4.72,4.72,4.73,4.73,4.72,4.72,4.75,4.80,4.86,4.69,4.51,4.39,4.30,4.35,4.41,4.45,4.49,4.71,4.80,4.80,4.69,4.29,4.19,4.14,4.09,4.02,3.96,3.91,3.86,3.81,3.69,3.71,3.74,3.75,3.77,3.77,3.73,3.59,3.26,3.38,3.39
22.91,22.35,21.97,21.92,21.92,21.88,21.81,21.76,21.92,22.00,21.97,21.82,21.45,21.50,21.63,21.72,21.79,21.77,21.72,21.62,21.41,20.92,20.50,20.10,19.73,19.62,19.63,19.63,19.63,19.71,19.65,19.58,19.54,19.60,20.13,20.68,21.28,21.71,21.34,20.57,19.94,19.61,19.65,19.94,20.17,20.28,20.19,19.83,19.54,19.42,19.44,19.52,19.28,19.14,18.96,18.67,19.11,19.30,19.34,19.32,19.37,19.43,19.48,19.50,19.51,19.63,19.66,19.65,19.65,19.65,18.72,15.72,12.29,12.27,12.16,12.04,11.66,10.84,10.06,9.47,9.11,8.99,9.01,9.00,8.99,9.00,9.03,9.17,9.41,9.73,10.18,11.25,11.93,12.30,12.28,12.28,12.39,12.33,11.80,10.60,9.92,9.54,9.31,9.17,9.13,9.15,9.17,9.25,9.51,9.39,9.21,9.04,8.92,8.79,8.65,8.47,8.26,8.07,7.89,7.75,7.67,7.64,7.52,7.42,7.37,7.40,7.46,7.53,7.56,7.55,7.49,7.38,7.36,7.39,7.44,7.50,7.61,7.72,7.80,7.86,7.95,8.01,8.03,8.03,8.06,8.08,8.08,8.07,8.01,7.99,7.98,7.98,7.99,7.99,7.99,7.99,8.00,8.00,8.00,8.01,8.01,7.99,7.97,7.90,7.84,7.86,7.81,7.65,7.24,6.64,6.39,6.40,6.34,6.12,5.73,5.76,5.77,5.77,5.76,5.81,5.81,5.81,5.81,5.83,5.83,5.83,5.84,5.87,5.91,5.91,5.77,5.50,5.31,5.12,4.97,4.85,4.71,4.71,4.76,4.78,4.73,4.66,4.69,4.85,5.14,5.48,5.13,4.96,4.92,4.86,4.88,4.90,4.90,4.86,4.75,4.71,4.70,4.71,4.71,4.68,4.62,4.57,4.55,4.56,4.50,4.45,4.41,4.35,4.35,4.38,4.41,4.46,4.52,4.58,4.67,4.77,4.63,4.52,4.37,4.19,4.05,3.98,3.93,3.86,3.76,3.63,3.68,3.71,3.69,3.73,3.76,3.73,3.64,3.53,3.30,3.31
23.03,22.39,21.89,21.79,21.80,21.77,21.70,21.61,21.80,21.88,21.86,21.72,21.38,21.36,21.40,21.43,21.47,21.42,21.37,21.27,21.04,20.59,20.20,19.89,19.69,19.56,19.64,19.64,19.60,19.67,19.63,19.56,19.50,19.54,20.01,20.37,20.87,21.30,20.89,20.14,19.71,19.61,19.72,20.05,20.22,20.25,20.11,19.63,19.46,19.44,19.47,19.49,19.39,19.26,19.11,19.01,19.36,19.39,19.36,19.36,19.39,19.43,19.47,19.51,19.58,19.62,19.64,19.64,19.62,19.66,17.58,14.71,12.31,12.32,12.44,12.41,12.04,11.22,10.37,9.64,9.16,8.99,9.00,8.98,8.97,8.97,9.01,9.02,9.02,9.12,9.39,10.15,10.66,11.26,11.81,12.31,12.35,12.26,11.69,10.40,9.81,9.45,9.25,9.16,9.03,8.96,8.93,8.99,9.16,9.06,8.99,8.93,8.85,8.68,8.52,8.35,8.17,7.99,7.82,7.70,7.62,7.58,7.50,7.43,7.41,7.46,7.52,7.57,7.57,7.52,7.45,7.33,7.34,7.40,7.45,7.49,7.63,7.76,7.85,7.86,7.91,7.98,8.03,8.04,8.07,8.09,8.10,8.10,8.03,8.01,7.99,7.99,7.99,7.99,8.00,8.00,8.00,8.00,8.01,8.01,7.99,7.95,7.95,7.90,7.85,7.85,7.77,7.43,6.91,6.36,6.37,6.24,6.17,6.08,5.76,5.78,5.78,5.77,5.76,5.81,5.82,5.81,5.81,5.82,5.82,5.82,5.82,5.84,5.87,5.86,5.70,5.41,5.19,5.02,4.90,4.81,4.69,4.74,4.78,4.78,4.71,4.67,4.79,5.07,5.36,5.25,4.97,4.89,4.91,4.86,4.85,4.86,4.86,4.83,4.76,4.73,4.72,4.72,4.70,4.66,4.58,4.51,4.46,4.46,4.44,4.42,4.40,4.36,4.35,4.35,4.36,4.36,4.40,4.45,4.52,4.61,4.67,4.62,4.48,4.29,4.11,4.02,3.96,3.89,3.78,3.67,3.69,3.73,3.74,3.76,3.76,3.70,3.62,3.54,3.33,3.36
23.17,22.45,21.80,21.66,21.66,21.66,21.60,21.50,21.68,21.75,21.73,21.61,21.34,21.24,21.16,21.08,21.08,20.99,20.95,20.87,20.65,20.28,19.89,19.68,19.69,19.52,19.65,19.65,19.57,19.62,19.60,19.52,19.45,19.48,19.93,20.17,20.55,20.90,20.38,19.71,19.49,19.61,19.84,20.09,20.20,20.17,19.99,19.44,19.39,19.46,19.50,19.44,19.49,19.36,19.25,19.35,19.41,19.39,19.38,19.41,19.41,19.43,19.46,19.53,19.68,19.62,19.62,19.63,19.60,19.51,14.86,12.33,12.33,12.38,12.55,12.67,12.43,11.65,10.83,9.99,9.41,9.18,9.16,9.02,8.94,8.94,9.00,9.00,9.01,9.02,9.01,9.03,9.11,9.83,11.04,12.12,12.15,12.06,11.44,9.97,9.53,9.26,9.16,9.16,9.03,8.93,8.86,8.80,8.72,8.64,8.73,8.82,8.78,8.57,8.38,8.21,8.08,7.93,7.80,7.68,7.58,7.50,7.49,7.47,7.48,7.51,7.57,7.61,7.58,7.50,7.41,7.30,7.33,7.40,7.44,7.47,7.62,7.79,7.89,7.85,7.85,7.92,8.02,8.06,8.08,8.10,8.12,8.12,8.05,8.03,8.01,7.99,8.00,8.00,8.01,8.01,8.01,8.01,8.01,8.00,7.96,7.88,7.92,7.91,7.87,7.84,7.74,7.20,6.63,6.31,6.41,5.95,5.79,5.81,5.50,5.72,5.80,5.79,5.77,5.81,5.82,5.82,5.82,5.81,5.82,5.82,5.82,5.80,5.82,5.78,5.64,5.38,5.11,4.94,4.84,4.77,4.72,4.78,4.79,4.75,4.70,4.69,4.90,5.26,5.50,4.92,4.84,4.86,4.90,4.92,4.89,4.87,4.86,4.84,4.78,4.75,4.75,4.74,4.70,4.64,4.57,4.51,4.45,4.46,4.44,4.42,4.38,4.36,4.35,4.33,4.30,4.25,4.32,4.37,4.37,4.36,4.55,4.60,4.53,4.38,4.19,4.08,4.00,3.92,3.81,3.73,3.73,3.77,3.83,3.81,3.77,3.68,3.55,3.41,3.40,3.46
23.21,22.49,21.74,21.54,21.54,21.53,21.48,21.41,21.49,21.58,21.61,21.53,21.25,21.07,20.93,20.82,20.74,20.69,20.62,20.50,20.31,19.98,19.75,19.60,19.55,19.67,19.67,19.60,19.52,19.57,19.56,19.50,19.44,19.44,19.74,20.02,20.28,20.38,19.91,19.59,19.47,19.56,19.85,19.95,20.04,19.92,19.56,19.39,19.41,19.47,19.52,19.54,19.52,19.42,19.35,19.41,19.39,19.41,19.43,19.44,19.45,19.46,19.53,19.61,19.66,19.65,19.65,19.66,19.45,17.71,14.11,12.32,12.36,12.47,12.70,12.76,12.61,12.27,11.89,11.50,11.21,11.06,10.90,9.54,8.93,8.93,8.97,8.99,9.01,9.00,8.98,9.00,9.03,9.28,9.70,10.05,10.55,10.62,10.27,9.57,9.42,9.31,9.24,9.18,9.04,8.94,8.87,8.82,8.76,8.69,8.66,8.64,8.60,8.50,8.45,8.26,7.97,7.75,7.68,7.63,7.59,7.52,7.46,7.46,7.50,7.57,7.60,7.59,7.54,7.47,7.38,7.31,7.27,7.29,7.37,7.39,7.53,7.69,7.83,7.87,7.83,7.88,7.96,8.01,8.07,8.10,8.13,8.13,8.08,8.04,8.02,8.01,8.01,8.01,8.01,8.02,8.02,8.02,8.00,7.95,7.89,7.80,7.86,7.86,7.81,7.78,7.72,7.33,6.82,6.36,6.43,5.25,4.00,3.04,2.60,5.05,5.83,5.80,5.77,5.81,5.82,5.82,5.82,5.82,5.81,5.81,5.82,5.82,5.81,5.75,5.57,5.29,5.06,4.93,4.82,4.74,4.75,4.83,4.80,4.73,4.69,4.76,4.84,4.98,5.11,4.92,4.90,4.91,4.91,4.93,4.91,4.88,4.86,4.82,4.74,4.70,4.70,4.69,4.65,4.60,4.55,4.52,4.50,4.51,4.48,4.43,4.38,4.37,4.37,4.35,4.31,4.30,4.30,4.32,4.31,4.26,4.30,4.35,4.37,4.34,4.21,4.08,3.98,3.87,3.71,3.74,3.72,3.75,3.83,3.81,3.74,3.65,3.48,3.16,3.34,3.51
23.15,22.42,21.69,21.42,21.41,21.42,21.38,21.31,21.33,21.40,21.43,21.36,21.13,20.94,20.78,20.66,20.56,20.53,20.43,20.27,20.10,19.80,19.65,19.57,19.52,19.64,19.59,19.51,19.48,19.50,19.52,19.48,19.41,19.39,19.54,19.71,19.86,19.91,19.56,19.50,19.50,19.59,19.86,19.92,19.97,19.77,19.32,19.35,19.42,19.49,19.56,19.60,19.56,19.48,19.42,19.41,19.36,19.41,19.45,19.45,19.47,19.49,19.57,19.66,19.66,19.66,19.66,19.67,19.24,15.69,13.30,12.34,12.42,12.56,12.73,12.73,12.63,12.52,12.39,12.25,12.12,12.00,11.82,10.39,9.55,9.24,8.95,8.99,8.99,8.97,8.95,8.98,8.99,9.01,9.03,9.03,9.53,9.64,9.49,9.28,9.33,9.31,9.25,9.15,9.02,8.94,8.89,8.84,8.80,8.73,8.66,8.59,8.54,8.49,8.53,8.44,8.14,7.67,7.61,7.58,7.55,7.52,7.45,7.47,7.53,7.61,7.62,7.57,7.51,7.44,7.36,7.30,7.24,7.23,7.29,7.30,7.39,7.52,7.65,7.74,7.76,7.83,7.89,7.89,8.00,8.08,8.13,8.15,8.10,8.06,8.04,8.03,8.01,8.01,8.02,8.02,8.02,8.01,7.96,7.89,7.82,7.74,7.79,7.79,7.75,7.71,7.67,7.24,6.75,6.35,6.02,4.59,3.17,2.24,2.26,5.00,5.87,5.83,5.78,5.80,5.82,5.83,5.82,5.82,5.82,5.81,5.82,5.82,5.77,5.65,5.45,5.20,5.03,4.88,4.78,4.75,4.81,4.86,4.80,4.73,4.72,4.87,4.92,4.91,4.89,4.92,4.93,4.93,4.93,4.95,4.92,4.88,4.84,4.80,4.72,4.68,4.66,4.65,4.61,4.57,4.54,4.53,4.53,4.54,4.52,4.47,4.42,4.40,4.40,4.37,4.33,4.34,4.28,4.27,4.25,4.21,4.20,4.21,4.25,4.27,4.20,4.04,3.94,3.83,3.66,3.75,3.72,3.74,3.83,3.80,3.74,3.66,3.50,3.16,3.25,3.43
23.00,22.23,21.65,21.28,21.27,21.31,21.31,21.20,21.20,21.21,21.19,21.10,21.00,20.86,20.73,20.61,20.52,20.51,20.36,20.17,20.03,19.71,19.60,19.60,19.61,19.45,19.40,19.41,19.43,19.43,19.48,19.45,19.37,19.32,19.33,19.25,19.32,19.48,19.35,19.45,19.57,19.70,19.87,20.00,20.00,19.73,19.27,19.35,19.42,19.51,19.60,19.64,19.59,19.53,19.46,19.37,19.33,19.38,19.43,19.44,19.46,19.50,19.59,19.67,19.67,19.66,19.65,19.66,18.96,13.46,12.41,12.40,12.52,12.64,12.64,12.58,12.51,12.43,12.35,12.27,12.16,12.03,11.94,11.55,10.81,9.86,8.94,8.98,8.95,8.92,8.92,8.97,8.97,8.99,9.02,9.04,9.08,9.10,9.10,9.10,9.27,9.27,9.18,9.06,8.97,8.94,8.91,8.87,8.83,8.77,8.72,8.66,8.61,8.53,8.63,8.74,8.59,7.68,7.59,7.53,7.48,7.48,7.46,7.49,7.56,7.63,7.63,7.56,7.48,7.41,7.34,7.27,7.22,7.21,7.20,7.17,7.21,7.27,7.35,7.47,7.64,7.77,7.80,7.70,7.85,8.01,8.13,8.16,8.13,8.09,8.06,8.04,8.02,8.02,8.02,8.03,8.02,7.97,7.90,7.82,7.75,7.70,7.71,7.70,7.67,7.64,7.61,6.92,6.44,6.29,5.21,3.95,3.27,3.38,4.40,5.55,5.90,5.85,5.78,5.79,5.82,5.84,5.83,5.83,5.82,5.82,5.82,5.81,5.69,5.50,5.29,5.09,5.00,4.81,4.74,4.80,4.89,4.85,4.79,4.76,4.79,5.01,5.14,5.05,4.84,4.92,4.92,4.93,4.95,5.00,4.92,4.87,4.82,4.77,4.73,4.68,4.64,4.61,4.58,4.55,4.54,4.53,4.55,4.55,4.55,4.55,4.52,4.44,4.44,4.40,4.36,4.38,4.27,4.23,4.20,4.19,4.25,4.18,4.16,4.19,4.16,3.95,3.86,3.79,3.66,3.76,3.72,3.73,3.81,3.78,3.75,3.71,3.60,3.39,3.10,3.24
22.96,22.14,21.53,21.23,21.18,21.20,21.22,21.15,21.10,21.16,21.21,21.16,21.03,20.85,20.69,20.57,20.50,20.40,20.26,20.05,19.79,19.67,19.57,19.51,19.48,19.36,19.35,19.36,19.39,19.40,19.42,19.41,19.36,19.30,19.28,19.22,19.23,19.30,19.27,19.38,19.54,19.71,19.87,19.92,19.73,19.47,19.28,19.36,19.39,19.47,19.56,19.57,19.51,19.47,19.43,19.35,19.38,19.39,19.42,19.45,19.47,19.51,19.58,19.65,19.68,19.64,19.68,18.51,15.69,12.85,12.40,12.47,12.58,12.64,12.62,12.56,12.49,12.42,12.34,12.26,12.15,12.00,11.88,11.61,11.13,10.55,9.99,9.72,9.29,8.97,8.93,8.92,8.94,8.96,9.01,9.04,9.04,9.06,9.08,9.06,9.16,9.17,9.12,9.06,9.02,9.00,8.96,8.91,8.86,8.81,8.76,8.72,8.69,8.62,8.71,8.74,8.51,7.69,7.61,7.53,7.46,7.45,7.45,7.52,7.59,7.64,7.60,7.51,7.43,7.38,7.39,7.34,7.26,7.19,7.16,7.17,7.18,7.17,7.18,7.22,7.33,7.43,7.49,7.47,7.62,7.74,7.88,8.03,8.08,8.09,8.08,8.06,8.04,8.03,8.04,8.02,7.98,7.91,7.85,7.75,7.63,7.58,7.60,7.58,7.55,7.53,7.10,6.68,6.34,5.94,4.73,3.76,4.02,4.99,5.49,5.77,5.86,5.85,5.81,5.79,5.81,5.83,5.84,5.84,5.83,5.82,5.80,5.79,5.61,5.39,5.20,5.05,4.95,4.83,4.81,4.87,4.90,4.83,4.76,4.75,4.84,5.10,5.06,4.94,4.84,4.88,4.84,4.84,4.88,4.95,4.95,4.89,4.84,4.82,4.76,4.70,4.65,4.61,4.59,4.56,4.54,4.54,4.56,4.57,4.65,4.70,4.69,4.57,4.51,4.44,4.39,4.41,4.32,4.26,4.21,4.18,4.24,4.19,4.17,4.15,4.04,3.90,3.82,3.75,3.69,3.76,3.71,3.75,3.89,3.85,3.79,3.71,3.63,3.55,3.33,3.36
22.96,22.08,21.44,21.22,21.13,21.13,21.14,21.12,21.07,21.16,21.26,21.24,21.06,20.85,20.66,20.53,20.46,20.33,20.15,19.90,19.61,19.62,19.54,19.44,19.37,19.30,19.31,19.33,19.35,19.37,19.37,19.37,19.34,19.28,19.25,19.20,19.18,19.19,19.20,19.32,19.50,19.69,19.85,19.75,19.46,19.27,19.29,19.37,19.38,19.44,19.51,19.50,19.43,19.41,19.39,19.34,19.42,19.41,19.42,19.46,19.51,19.54,19.59,19.64,19.68,19.64,19.41,17.24,13.11,12.52,12.46,12.53,12.61,12.62,12.60,12.55,12.48,12.41,12.34,12.25,12.13,11.97,11.83,11.58,11.31,11.04,10.78,10.32,9.67,9.18,9.04,8.93,8.93,8.95,9.00,9.04,9.04,9.07,9.08,9.04,9.08,9.09,9.08,9.06,9.07,9.05,9.00,8.95,8.89,8.85,8.81,8.78,8.76,8.69,8.77,8.71,8.40,7.70,7.60,7.50,7.41,7.41,7.46,7.55,7.62,7.65,7.56,7.46,7.39,7.38,7.44,7.40,7.31,7.21,7.16,7.18,7.15,7.10,7.06,7.04,7.08,7.16,7.23,7.25,7.38,7.45,7.58,7.79,7.93,8.00,8.03,8.03,8.04,8.04,8.04,8.02,7.94,7.86,7.78,7.64,7.50,7.47,7.48,7.46,7.43,7.35,6.70,6.52,6.24,5.61,4.65,4.08,4.83,6.09,6.12,5.91,5.84,5.83,5.82,5.79,5.80,5.83,5.84,5.84,5.83,5.82,5.79,5.73,5.52,5.30,5.12,5.01,4.90,4.85,4.87,4.92,4.90,4.81,4.75,4.78,4.94,5.14,4.96,4.83,4.84,4.83,4.80,4.80,4.84,4.90,4.96,4.91,4.86,4.85,4.79,4.72,4.66,4.62,4.60,4.57,4.55,4.55,4.58,4.62,4.77,4.88,4.88,4.71,4.57,4.46,4.40,4.40,4.35,4.28,4.21,4.17,4.23,4.20,4.17,4.12,3.95,3.87,3.79,3.74,3.73,3.76,3.71,3.78,3.95,3.93,3.84,3.74,3.66,3.63,3.52,3.48
23.02,22.10,21.42,21.25,21.17,21.13,21.12,21.11,21.16,21.24,21.30,21.29,21.06,20.83,20.64,20.49,20.37,20.34,20.03,19.68,19.60,19.51,19.47,19.42,19.34,19.30,19.29,19.30,19.31,19.32,19.32,19.33,19.31,19.24,19.19,19.16,19.15,19.16,19.14,19.26,19.44,19.64,19.80,19.44,19.26,19.22,19.29,19.35,19.40,19.45,19.48,19.43,19.40,19.39,19.36,19.31,19.42,19.42,19.43,19.48,19.56,19.61,19.64,19.65,19.66,19.67,18.51,15.96,12.62,12.49,12.51,12.56,12.59,12.58,12.56,12.53,12.48,12.41,12.34,12.24,12.10,11.94,11.80,11.61,11.37,11.09,10.83,10.46,10.07,9.71,9.37,9.06,8.98,8.97,9.03,9.06,9.07,9.06,9.05,9.03,9.07,9.07,9.07,9.06,9.08,9.08,9.04,8.98,8.93,8.89,8.85,8.81,8.78,8.71,8.79,8.68,8.31,7.70,7.55,7.41,7.33,7.39,7.49,7.59,7.64,7.62,7.51,7.40,7.38,7.43,7.50,7.43,7.38,7.32,7.23,7.19,7.12,7.06,7.03,7.00,7.01,7.08,7.12,7.06,7.16,7.15,7.19,7.35,7.60,7.74,7.84,7.93,8.00,8.02,8.03,8.01,7.94,7.86,7.68,7.49,7.35,7.37,7.37,7.36,7.28,7.04,6.62,6.53,6.13,5.36,5.32,5.40,5.68,5.99,6.00,5.92,5.85,5.82,5.82,5.79,5.80,5.82,5.84,5.83,5.83,5.84,5.79,5.62,5.42,5.23,5.08,4.98,4.84,4.85,4.89,4.91,4.87,4.78,4.77,4.90,5.16,5.06,4.89,4.79,4.80,4.81,4.86,4.86,4.85,4.91,4.93,4.89,4.85,4.84,4.77,4.70,4.65,4.62,4.62,4.56,4.56,4.58,4.60,4.71,4.93,5.09,5.09,4.86,4.60,4.45,4.38,4.34,4.31,4.25,4.20,4.16,4.19,4.18,4.17,4.12,3.94,3.85,3.78,3.76,3.77,3.75,3.75,3.83,3.96,3.97,3.91,3.81,3.68,3.56,3.58,3.51
22.81,22.12,21.48,21.30,21.21,21.15,21.13,21.15,21.17,21.24,21.27,21.21,20.98,20.78,20.60,20.43,20.27,20.09,19.82,19.57,19.52,19.46,19.42,19.37,19.31,19.27,19.26,19.27,19.27,19.28,19.28,19.28,19.26,19.21,19.14,19.14,19.13,19.11,19.09,19.20,19.36,19.56,19.77,19.32,19.18,19.20,19.27,19.32,19.39,19.43,19.42,19.37,19.35,19.32,19.30,19.34,19.41,19.42,19.44,19.50,19.61,19.65,19.64,19.62,19.67,19.67,17.07,14.16,12.46,12.47,12.50,12.54,12.55,12.55,12.52,12.50,12.46,12.40,12.33,12.23,12.09,11.92,11.78,11.62,11.45,11.23,10.94,10.53,10.20,9.88,9.54,9.19,9.07,9.04,9.07,9.05,9.07,9.06,9.04,9.04,9.06,9.06,9.05,9.05,9.07,9.07,9.05,9.02,8.98,8.92,8.87,8.83,8.79,8.78,8.75,8.56,8.18,7.58,7.44,7.34,7.32,7.44,7.54,7.60,7.62,7.57,7.44,7.35,7.38,7.47,7.55,7.49,7.45,7.41,7.34,7.28,7.18,7.07,7.00,6.98,6.97,6.99,7.00,6.95,7.02,7.01,7.01,7.08,7.30,7.48,7.62,7.54,6.98,6.98,7.13,7.41,7.74,7.80,7.51,7.28,7.21,7.22,7.24,7.24,7.10,6.72,6.56,6.50,6.14,5.51,5.59,5.74,5.85,5.91,5.94,5.90,5.84,5.79,5.81,5.78,5.77,5.78,5.79,5.79,5.75,5.74,5.69,5.49,5.34,5.17,5.03,4.92,4.85,4.90,4.91,4.88,4.83,4.78,4.84,4.99,5.15,4.97,4.84,4.78,4.81,4.84,4.89,4.88,4.85,4.89,4.88,4.87,4.84,4.81,4.74,4.69,4.65,4.61,4.62,4.57,4.58,4.60,4.61,4.76,4.93,5.02,5.00,4.82,4.62,4.49,4.40,4.36,4.31,4.26,4.21,4.17,4.16,4.17,4.15,4.08,3.91,3.82,3.77,3.77,3.80,3.69,3.67,3.71,3.78,3.80,3.77,3.69,3.58,3.46,3.53,3.46
22.55,22.14,21.59,21.38,21.26,21.18,21.15,21.19,21.15,21.18,21.18,21.07,20.85,20.68,20.51,20.33,20.13,19.78,19.60,19.52,19.43,19.43,19.38,19.32,19.29,19.22,19.22,19.23,19.24,19.24,19.25,19.23,19.20,19.17,19.09,19.11,19.11,19.07,19.06,19.13,19.26,19.46,19.69,19.27,19.16,19.19,19.25,19.30,19.36,19.39,19.36,19.31,19.29,19.25,19.26,19.39,19.41,19.42,19.44,19.50,19.62,19.65,19.62,19.59,19.65,19.36,15.47,12.44,12.43,12.45,12.48,12.49,12.50,12.51,12.48,12.46,12.43,12.39,12.32,12.22,12.07,11.90,11.76,11.64,11.56,11.41,11.07,10.58,10.20,9.89,9.61,9.27,9.16,9.11,9.11,9.05,9.06,9.05,9.04,9.04,9.06,9.05,9.04,9.04,9.05,9.06,9.06,9.05,9.02,8.94,8.89,8.84,8.80,8.86,8.64,8.37,8.01,7.42,7.30,7.28,7.34,7.50,7.59,7.61,7.57,7.49,7.37,7.31,7.39,7.52,7.59,7.56,7.53,7.50,7.46,7.41,7.28,7.13,7.01,6.99,6.96,6.92,6.89,6.89,6.92,6.92,6.90,6.89,7.02,7.22,7.37,7.09,5.90,5.88,6.15,6.72,7.46,7.67,7.30,7.07,7.08,7.07,7.10,7.09,6.90,6.44,6.52,6.45,6.19,5.80,5.70,5.73,5.78,5.83,5.89,5.87,5.81,5.77,5.79,5.76,5.74,5.73,5.73,5.75,5.65,5.61,5.55,5.37,5.26,5.11,4.98,4.88,4.90,4.95,4.93,4.85,4.78,4.81,4.95,5.06,5.05,4.88,4.79,4.78,4.83,4.88,4.91,4.89,4.85,4.86,4.83,4.83,4.81,4.78,4.70,4.68,4.64,4.59,4.61,4.58,4.61,4.63,4.62,4.79,4.84,4.85,4.81,4.70,4.62,4.53,4.44,4.39,4.32,4.27,4.23,4.19,4.15,4.16,4.12,4.02,3.86,3.79,3.77,3.79,3.82,3.64,3.58,3.57,3.57,3.58,3.57,3.53,3.47,3.38,3.45,3.39
22.50,22.21,21.87,21.68,21.39,21.20,21.12,21.14,21.04,20.97,20.88,20.74,20.57,20.37,20.18,20.01,19.80,19.64,19.55,19.51,19.46,19.41,19.40,19.35,19.26,19.19,19.18,19.19,19.20,19.21,19.20,19.18,19.13,19.08,19.00,19.02,19.04,19.03,19.02,19.06,19.15,19.25,19.32,19.16,19.14,19.18,19.24,19.32,19.35,19.34,19.30,19.25,19.22,19.23,19.32,19.51,19.48,19.44,19.43,19.45,19.50,19.51,19.57,19.59,19.44,17.00,14.15,12.43,12.44,12.44,12.46,12.46,12.44,12.42,12.43,12.42,12.40,12.36,12.31,12.20,12.03,11.82,11.72,11.74,11.73,11.57,11.16,10.56,10.14,9.81,9.49,9.00,9.07,9.12,9.12,9.09,9.07,9.05,9.04,9.03,9.07,9.05,9.04,9.04,9.06,9.07,9.07,9.05,8.99,8.94,8.90,8.87,8.85,8.84,8.31,7.89,7.64,7.35,7.26,7.29,7.40,7.55,7.63,7.62,7.53,7.39,7.29,7.31,7.42,7.58,7.70,7.67,7.65,7.61,7.54,7.52,7.44,7.34,7.24,7.20,7.10,7.00,6.92,6.88,6.87,6.85,6.83,6.81,6.83,6.92,7.04,7.08,6.92,6.95,6.92,6.97,7.15,7.21,7.09,7.02,7.04,7.00,6.99,6.84,6.63,6.46,6.49,6.30,6.07,5.91,5.86,5.86,5.83,5.80,5.79,5.82,5.80,5.77,5.78,5.76,5.74,5.74,5.74,5.76,5.66,5.59,5.51,5.36,5.22,5.06,4.96,4.94,4.96,4.96,4.93,4.86,4.78,4.90,5.06,5.09,4.91,4.86,4.77,4.77,4.87,4.90,4.89,4.87,4.86,4.84,4.76,4.72,4.72,4.72,4.68,4.67,4.63,4.57,4.57,4.60,4.64,4.66,4.63,4.73,4.72,4.70,4.68,4.60,4.55,4.50,4.44,4.40,4.32,4.27,4.24,4.21,4.19,4.15,4.06,3.94,3.80,3.74,3.78,3.84,3.84,3.73,3.70,3.69,3.67,3.64,3.63,3.60,3.56,3.48,3.45,3.38
22.41,22.22,22.00,21.80,21.50,21.26,21.12,21.07,20.93,20.80,20.66,20.51,20.38,20.20,20.03,19.89,19.71,19.63,19.56,19.51,19.48,19.41,19.40,19.35,19.23,19.15,19.15,19.15,19.16,19.17,19.18,19.14,19.07,19.02,18.94,18.93,18.94,18.94,18.93,18.98,19.05,19.09,19.09,19.09,19.13,19.18,19.24,19.41,19.36,19.29,19.24,19.20,19.15,19.23,19.40,19.61,19.50,19.45,19.44,19.44,19.45,19.45,19.51,19.54,19.35,15.23,13.15,12.42,12.42,12.41,12.42,12.41,12.38,12.33,12.36,12.37,12.36,12.34,12.31,12.15,11.90,11.64,11.66,11.82,11.84,11.66,11.25,10.53,10.08,9.70,9.30,8.96,9.07,9.12,9.12,9.11,9.09,9.07,9.06,9.05,9.07,9.05,9.04,9.05,9.06,9.07,9.07,9.03,8.95,8.91,8.88,8.87,8.85,8.65,8.04,7.60,7.42,7.28,7.26,7.35,7.48,7.59,7.64,7.60,7.48,7.34,7.31,7.36,7.47,7.61,7.76,7.71,7.68,7.65,7.60,7.59,7.54,7.48,7.42,7.35,7.22,7.08,6.96,6.89,6.86,6.82,6.79,6.77,6.74,6.76,6.82,6.93,7.14,7.19,7.13,7.05,7.00,6.99,6.95,6.97,7.01,6.94,6.83,6.64,6.49,6.46,6.10,5.96,5.94,5.95,5.93,5.91,5.86,5.80,5.77,5.80,5.79,5.77,5.77,5.75,5.74,5.74,5.75,5.76,5.66,5.57,5.47,5.33,5.18,5.03,4.97,4.99,5.00,4.97,4.92,4.87,4.86,4.96,5.06,5.04,4.87,4.85,4.76,4.75,4.84,4.88,4.87,4.89,4.88,4.81,4.71,4.67,4.66,4.67,4.65,4.64,4.60,4.57,4.55,4.59,4.63,4.65,4.63,4.69,4.65,4.63,4.63,4.55,4.51,4.48,4.44,4.38,4.30,4.29,4.27,4.23,4.19,4.11,4.00,3.89,3.76,3.74,3.81,3.86,3.81,3.74,3.72,3.70,3.66,3.64,3.61,3.58,3.54,3.47,3.40,3.32
22.30,22.18,22.01,21.78,21.59,21.36,21.14,20.99,20.82,20.67,20.52,20.36,20.26,20.14,20.03,19.93,19.82,19.72,19.62,19.54,19.50,19.44,19.39,19.31,19.21,19.12,19.11,19.11,19.11,19.12,19.19,19.12,19.01,18.98,18.90,18.83,18.81,18.82,18.79,18.89,18.96,18.98,18.97,19.04,19.12,19.18,19.26,19.54,19.37,19.23,19.18,19.14,19.08,19.24,19.51,19.70,19.47,19.45,19.47,19.47,19.45,19.44,19.45,19.46,19.35,13.97,12.43,12.40,12.40,12.36,12.37,12.36,12.32,12.25,12.27,12.30,12.32,12.34,12.30,12.06,11.70,11.40,11.60,11.87,11.91,11.71,11.33,10.50,10.02,9.56,9.03,9.14,9.13,9.13,9.12,9.11,9.11,9.10,9.10,9.09,9.07,9.04,9.04,9.06,9.06,9.08,9.05,8.99,8.90,8.86,8.84,8.84,8.79,8.32,7.82,7.49,7.33,7.22,7.30,7.43,7.57,7.63,7.63,7.56,7.45,7.35,7.42,7.46,7.52,7.61,7.77,7.68,7.65,7.64,7.64,7.64,7.60,7.58,7.56,7.46,7.32,7.16,7.02,6.93,6.87,6.80,6.76,6.76,6.74,6.72,6.68,6.65,6.69,6.71,6.86,6.98,6.97,6.95,6.88,6.91,6.98,6.87,6.63,6.49,6.45,6.45,5.39,5.46,5.79,5.94,5.91,5.89,5.86,5.83,5.81,5.79,5.77,5.76,5.75,5.74,5.73,5.73,5.74,5.75,5.67,5.56,5.43,5.30,5.13,5.02,4.99,5.03,5.04,4.98,4.91,4.89,5.00,4.99,4.96,4.93,4.92,4.84,4.75,4.73,4.77,4.84,4.86,4.92,4.92,4.79,4.67,4.65,4.64,4.63,4.61,4.58,4.57,4.56,4.54,4.56,4.58,4.60,4.63,4.66,4.62,4.62,4.64,4.53,4.49,4.47,4.43,4.33,4.26,4.32,4.34,4.24,4.16,4.04,3.95,3.87,3.73,3.77,3.83,3.85,3.76,3.68,3.66,3.62,3.57,3.60,3.53,3.47,3.43,3.37,3.30,3.21
22.15,21.98,21.78,21.63,21.49,21.33,21.15,21.00,20.85,20.71,20.57,20.44,20.34,20.22,20.12,20.03,19.89,19.76,19.63,19.51,19.41,19.34,19.27,19.20,19.15,19.08,19.06,19.08,19.11,19.18,19.11,19.04,18.97,18.93,18.86,18.79,18.74,18.71,18.65,18.73,18.81,18.88,18.97,19.03,19.11,19.18,19.24,19.32,19.23,19.14,19.09,19.06,18.55,18.97,19.56,19.62,19.47,19.47,19.53,19.60,19.62,19.50,19.45,19.11,17.94,14.31,12.78,12.37,12.36,12.32,12.29,12.27,12.23,12.17,12.19,12.22,12.27,12.33,12.27,11.91,11.56,11.41,11.62,11.87,11.96,11.82,11.39,10.44,9.80,9.33,9.00,9.14,9.13,9.12,9.11,9.10,9.09,9.09,9.10,9.09,9.07,9.07,9.06,9.06,9.05,9.06,9.03,8.97,8.90,8.85,8.83,8.81,8.68,7.99,7.59,7.37,7.27,7.26,7.34,7.48,7.60,7.63,7.58,7.51,7.42,7.34,7.44,7.48,7.55,7.66,7.73,7.70,7.68,7.68,7.68,7.68,7.65,7.63,7.61,7.52,7.37,7.22,7.10,7.03,6.96,6.88,6.82,6.77,6.73,6.70,6.65,6.60,6.60,6.61,6.68,6.72,6.72,6.78,6.85,6.90,6.89,6.75,6.55,6.48,6.13,5.10,4.92,5.29,5.71,5.92,5.90,5.88,5.85,5.83,5.79,5.78,5.77,5.76,5.76,5.75,5.74,5.75,5.76,5.75,5.63,5.48,5.34,5.22,5.10,5.04,5.04,5.07,5.03,4.97,4.93,4.94,5.03,4.97,4.93,4.94,4.98,4.86,4.77,4.74,4.76,4.80,4.84,4.90,4.89,4.71,4.65,4.65,4.62,4.56,4.55,4.52,4.53,4.54,4.52,4.53,4.55,4.55,4.54,4.58,4.58,4.58,4.57,4.49,4.43,4.41,4.39,4.35,4.31,4.31,4.27,4.15,4.03,3.97,3.90,3.82,3.79,3.81,3.79,3.75,3.71,3.69,3.64,3.58,3.55,3.58,3.65,3.71,3.69,3.50,3.42,3.39
22.04,21.85,21.66,21.55,21.45,21.32,21.18,21.04,20.90,20.76,20.63,20.52,20.40,20.28,20.17,20.07,19.90,19.76,19.62,19.49,19.36,19.27,19.17,19.10,19.06,19.02,19.01,19.05,19.12,19.16,19.02,18.96,18.93,18.88,18.83,18.76,18.71,18.65,18.59,18.65,18.73,18.84,18.98,19.02,19.10,19.17,19.20,19.14,19.10,19.06,19.01,19.02,17.98,18.25,18.85,18.92,19.33,19.47,19.57,19.68,19.71,19.54,19.46,19.01,17.55,15.68,13.74,12.41,11.97,11.80,12.07,12.21,12.16,12.11,12.11,12.14,12.21,12.28,12.14,11.72,11.43,11.40,11.61,11.83,11.97,11.85,11.28,10.30,9.56,9.13,9.02,9.13,9.12,9.11,9.11,9.10,9.08,9.08,9.09,9.08,9.07,9.08,9.07,9.06,9.04,9.03,9.00,8.94,8.89,8.84,8.84,8.74,8.39,7.68,7.40,7.28,7.24,7.30,7.39,7.52,7.62,7.62,7.54,7.46,7.39,7.35,7.45,7.49,7.60,7.72,7.73,7.72,7.72,7.72,7.72,7.71,7.70,7.68,7.65,7.58,7.43,7.30,7.20,7.13,7.05,6.98,6.90,6.82,6.75,6.72,6.65,6.57,6.54,6.56,6.55,6.53,6.53,6.62,6.76,6.83,6.78,6.60,6.49,6.44,5.80,3.99,4.31,5.06,5.67,5.90,5.89,5.87,5.84,5.81,5.78,5.78,5.77,5.76,5.77,5.76,5.76,5.77,5.77,5.72,5.59,5.42,5.26,5.15,5.07,5.06,5.08,5.10,5.03,4.95,4.94,4.98,5.03,4.94,4.93,4.98,5.04,4.90,4.80,4.76,4.75,4.77,4.83,4.88,4.84,4.66,4.65,4.65,4.60,4.50,4.51,4.47,4.48,4.50,4.49,4.50,4.51,4.51,4.48,4.51,4.53,4.53,4.51,4.46,4.41,4.38,4.36,4.35,4.31,4.26,4.17,4.04,3.93,3.90,3.85,3.80,3.85,3.82,3.76,3.73,3.73,3.73,3.64,3.56,3.54,3.62,3.83,4.01,4.03,3.76,3.76,3.81
21.99,21.86,21.76,21.64,21.51,21.38,21.25,21.13,20.96,20.80,20.66,20.54,20.41,20.27,20.13,19.99,19.85,19.69,19.57,19.47,19.37,19.29,19.14,19.01,18.95,18.93,18.92,19.04,19.15,18.99,18.94,18.92,18.88,18.82,18.81,18.76,18.71,18.68,18.68,18.72,18.79,18.89,18.99,19.04,19.10,19.15,19.15,19.07,19.02,18.97,18.96,19.04,17.37,16.74,16.77,17.10,18.97,19.45,19.55,19.62,19.63,19.53,19.50,19.43,19.19,18.78,15.71,12.57,10.92,10.39,11.58,12.21,12.12,12.10,12.05,12.06,12.12,12.16,11.84,11.47,11.30,11.36,11.52,11.74,11.90,11.72,10.84,10.00,9.30,8.98,9.09,9.13,9.12,9.11,9.11,9.09,9.08,9.08,9.08,9.06,9.06,9.06,9.06,9.05,9.05,9.02,8.97,8.91,8.87,8.85,8.89,8.58,7.79,7.42,7.28,7.23,7.25,7.33,7.45,7.56,7.63,7.61,7.50,7.40,7.35,7.37,7.43,7.51,7.68,7.83,7.78,7.75,7.75,7.76,7.76,7.75,7.75,7.73,7.69,7.64,7.48,7.38,7.31,7.23,7.15,7.10,7.03,6.94,6.86,6.82,6.72,6.59,6.51,6.54,6.52,6.49,6.47,6.50,6.55,6.63,6.66,6.44,6.44,6.32,5.49,3.49,3.41,4.64,5.66,5.85,5.88,5.86,5.82,5.79,5.79,5.78,5.77,5.77,5.78,5.78,5.78,5.79,5.77,5.66,5.53,5.38,5.22,5.08,5.04,5.07,5.10,5.10,5.03,4.91,4.93,5.03,5.01,4.92,4.97,5.07,5.09,4.95,4.87,4.79,4.73,4.76,4.81,4.83,4.80,4.71,4.66,4.64,4.58,4.49,4.50,4.44,4.42,4.43,4.45,4.47,4.48,4.48,4.46,4.46,4.45,4.45,4.47,4.45,4.43,4.40,4.36,4.31,4.18,4.13,4.05,3.93,3.90,3.84,3.83,3.86,3.89,3.78,3.78,3.84,3.88,3.80,3.70,3.58,3.51,3.73,4.11,4.38,4.44,4.21,4.49,4.67
22.05,21.92,21.80,21.68,21.55,21.40,21.25,21.12,20.95,20.80,20.65,20.51,20.37,20.27,20.15,20.01,19.93,19.84,19.82,19.78,19.65,19.53,19.26,19.06,19.00,18.92,18.87,18.91,18.97,18.87,18.87,18.85,18.82,18.79,18.78,18.75,18.72,18.70,18.70,18.75,18.82,18.90,18.99,19.03,19.07,19.10,19.11,19.02,18.96,18.89,18.85,18.96,17.42,16.74,16.77,17.30,18.90,19.34,19.45,19.52,19.53,19.51,19.51,19.54,19.55,18.39,14.90,11.62,10.02,9.64,10.36,10.84,11.14,12.14,12.08,12.03,12.01,11.96,11.66,11.40,11.26,11.29,11.41,11.64,11.78,11.48,10.29,9.63,9.19,9.03,9.11,9.13,9.12,9.11,9.10,9.09,9.08,9.07,9.06,9.04,9.04,9.04,9.03,9.02,9.01,8.97,8.92,8.88,8.86,8.87,8.76,8.32,7.57,7.29,7.22,7.22,7.28,7.39,7.53,7.61,7.62,7.56,7.44,7.36,7.35,7.38,7.45,7.57,7.72,7.84,7.83,7.80,7.78,7.77,7.78,7.78,7.79,7.77,7.73,7.70,7.56,7.48,7.41,7.33,7.27,7.20,7.14,7.08,6.99,6.91,6.80,6.68,6.58,6.53,6.49,6.46,6.43,6.42,6.39,6.42,6.48,6.39,6.39,6.30,5.80,4.66,4.52,5.20,5.76,5.84,5.87,5.83,5.81,5.79,5.79,5.79,5.78,5.78,5.79,5.79,5.80,5.79,5.74,5.60,5.46,5.31,5.16,5.05,5.05,5.09,5.10,5.06,5.00,4.94,4.99,5.07,5.03,4.99,5.01,5.07,5.12,5.02,4.96,4.88,4.79,4.77,4.80,4.78,4.74,4.69,4.62,4.60,4.57,4.52,4.52,4.43,4.39,4.39,4.40,4.41,4.43,4.45,4.45,4.44,4.40,4.39,4.41,4.40,4.38,4.35,4.30,4.24,4.09,4.05,4.01,3.90,3.90,3.89,3.89,3.87,3.83,3.83,3.89,3.97,4.00,3.86,3.74,3.58,3.50,3.84,4.27,4.60,4.75,4.63,4.79,4.90
22.13,21.97,21.82,21.70,21.56,21.40,21.24,21.09,20.94,20.80,20.66,20.51,20.36,20.30,20.21,20.09,20.07,20.06,20.12,20.14,19.97,19.82,19.49,19.22,19.10,18.94,18.85,18.80,18.78,18.78,18.80,18.78,18.76,18.75,18.75,18.73,18.71,18.71,18.69,18.76,18.83,18.91,18.98,19.02,19.04,19.06,19.06,18.98,18.91,18.80,18.73,18.83,17.66,17.20,17.38,18.03,18.87,19.17,19.04,18.71,18.72,19.09,19.39,19.48,19.27,16.84,13.28,10.43,9.28,9.17,9.14,9.29,9.97,11.85,11.80,11.88,11.94,11.78,11.58,11.40,11.25,11.19,11.30,11.53,11.61,11.16,9.77,9.28,9.13,9.13,9.12,9.12,9.11,9.10,9.10,9.09,9.08,9.06,9.04,9.01,9.01,9.01,8.99,8.97,8.95,8.90,8.87,8.86,8.84,8.88,8.55,8.01,7.46,7.21,7.19,7.23,7.31,7.47,7.60,7.64,7.60,7.50,7.38,7.35,7.36,7.39,7.50,7.63,7.75,7.84,7.87,7.84,7.81,7.79,7.79,7.80,7.82,7.80,7.76,7.75,7.65,7.58,7.52,7.44,7.38,7.30,7.25,7.22,7.12,6.99,6.89,6.79,6.67,6.55,6.48,6.44,6.40,6.37,6.27,6.24,6.30,6.35,6.32,6.28,6.22,6.09,6.00,5.94,5.89,5.86,5.86,5.81,5.80,5.81,5.80,5.79,5.78,5.78,5.80,5.81,5.82,5.78,5.69,5.55,5.39,5.23,5.10,5.03,5.07,5.10,5.09,5.01,4.97,4.99,5.05,5.10,5.06,5.06,5.04,5.05,5.12,5.06,5.01,4.94,4.85,4.78,4.78,4.73,4.67,4.65,4.58,4.57,4.58,4.59,4.54,4.43,4.38,4.37,4.34,4.36,4.38,4.41,4.42,4.42,4.36,4.34,4.35,4.34,4.30,4.25,4.20,4.16,4.01,3.99,3.98,3.92,3.92,3.97,3.94,3.85,3.77,3.90,4.03,4.11,4.11,3.93,3.77,3.58,3.49,3.92,4.38,4.76,4.97,4.95,4.90,4.90
22.10,21.95,21.79,21.64,21.52,21.38,21.23,21.10,21.00,20.91,20.82,20.72,20.58,20.44,20.36,20.33,20.30,20.26,20.20,20.13,20.01,19.99,19.96,19.70,19.20,18.99,18.94,18.91,18.85,18.70,18.69,18.70,18.71,18.72,18.76,18.72,18.70,18.71,18.71,18.77,18.84,18.92,18.98,19.03,19.04,19.03,19.02,18.93,18.85,18.73,18.63,18.67,17.87,17.57,17.71,18.13,18.54,18.78,17.22,14.45,14.31,16.74,18.62,19.13,17.78,15.05,11.95,9.78,9.17,9.14,9.12,9.14,9.32,9.88,9.87,11.07,12.15,11.88,11.74,11.51,11.23,11.00,11.16,11.42,11.30,10.68,9.54,9.08,9.05,9.13,9.12,9.11,9.10,9.09,9.08,9.08,9.06,9.03,9.01,8.98,8.98,8.96,8.93,8.90,8.88,8.85,8.84,8.84,8.85,8.77,8.20,7.62,7.33,7.20,7.21,7.28,7.39,7.53,7.61,7.61,7.55,7.46,7.35,7.38,7.42,7.43,7.55,7.69,7.81,7.88,7.88,7.84,7.82,7.82,7.81,7.80,7.80,7.79,7.78,7.78,7.74,7.68,7.63,7.58,7.48,7.40,7.34,7.30,7.20,7.09,6.99,6.89,6.76,6.65,6.58,6.51,6.43,6.36,6.27,6.23,6.22,6.21,6.19,6.19,6.18,6.11,6.06,6.01,5.98,5.95,5.90,5.84,5.83,5.84,5.82,5.80,5.80,5.81,5.82,5.82,5.81,5.74,5.62,5.48,5.33,5.17,5.06,5.04,5.09,5.09,5.05,4.99,4.92,5.00,5.07,5.06,4.98,5.03,5.00,4.97,5.00,4.92,4.90,4.83,4.74,4.74,4.72,4.68,4.63,4.57,4.60,4.63,4.68,4.74,4.55,4.43,4.38,4.36,4.31,4.34,4.32,4.29,4.29,4.34,4.29,4.29,4.34,4.28,4.22,4.14,4.07,4.07,3.96,3.93,3.93,3.97,4.01,3.96,3.87,3.80,3.86,3.99,4.14,4.23,4.21,4.02,3.79,3.52,3.38,3.82,4.39,4.76,4.87,4.77,4.73,4.73
22.12,21.98,21.82,21.65,21.47,21.28,21.14,21.10,21.06,20.99,20.92,20.84,20.72,20.56,20.46,20.43,20.39,20.32,20.24,20.16,20.10,20.14,20.22,20.06,19.63,19.45,19.35,19.32,19.20,18.76,18.71,18.69,18.67,18.65,18.70,18.69,18.68,18.70,18.72,18.79,18.86,18.92,18.99,19.02,19.02,18.99,18.96,18.88,18.79,18.64,18.49,18.49,18.08,17.90,17.93,18.10,18.26,18.04,15.96,12.76,12.54,13.92,15.10,15.49,14.68,12.90,10.78,9.36,9.11,9.12,9.09,9.06,9.04,9.04,9.03,10.12,11.09,10.89,11.03,11.22,11.17,10.95,11.13,11.35,10.96,10.13,9.24,9.03,9.05,9.12,9.11,9.10,9.09,9.08,9.07,9.05,9.03,9.01,8.99,8.99,9.00,8.97,8.91,8.85,8.83,8.80,8.77,8.75,8.72,8.54,7.98,7.47,7.25,7.19,7.24,7.33,7.45,7.57,7.61,7.58,7.51,7.40,7.36,7.40,7.43,7.46,7.61,7.75,7.85,7.88,7.88,7.85,7.83,7.81,7.80,7.80,7.78,7.77,7.76,7.78,7.78,7.75,7.71,7.69,7.56,7.48,7.44,7.40,7.29,7.18,7.10,7.00,6.85,6.76,6.69,6.60,6.49,6.41,6.34,6.27,6.21,6.15,6.12,6.12,6.08,5.96,6.02,6.03,6.02,6.00,5.96,5.88,5.84,5.84,5.81,5.79,5.80,5.81,5.82,5.80,5.77,5.68,5.54,5.40,5.25,5.12,5.04,5.06,5.10,5.07,5.01,4.94,4.93,4.99,5.00,4.96,4.90,4.94,4.91,4.87,4.89,4.84,4.85,4.82,4.76,4.77,4.73,4.68,4.62,4.55,4.59,4.61,4.65,4.68,4.53,4.42,4.37,4.36,4.30,4.33,4.29,4.24,4.25,4.27,4.22,4.22,4.26,4.23,4.18,4.10,4.04,4.02,3.97,3.96,3.96,3.98,3.97,3.91,3.83,3.80,3.93,4.05,4.19,4.27,4.23,4.01,3.77,3.49,3.32,3.76,4.37,4.70,4.76,4.68,4.63,4.62
22.15,22.04,21.89,21.71,21.42,21.14,20.99,21.11,21.11,21.05,20.97,20.89,20.80,20.66,20.53,20.42,20.36,20.29,20.25,20.22,20.21,20.26,20.31,20.34,20.32,20.21,20.02,19.96,19.76,18.91,18.83,18.73,18.62,18.57,18.60,18.64,18.66,18.69,18.73,18.81,18.88,18.93,19.00,19.00,18.98,18.94,18.90,18.85,18.72,18.53,18.33,18.29,18.30,18.21,18.07,17.97,18.03,17.03,15.12,13.02,12.76,10.76,9.51,9.38,10.36,10.50,9.73,9.10,9.10,9.09,9.06,9.05,9.04,9.04,9.03,9.05,9.07,9.09,9.68,10.63,11.10,11.00,11.19,11.29,10.59,9.53,8.87,9.08,9.11,9.10,9.11,9.08,9.07,9.07,9.05,9.01,9.00,8.99,8.99,9.02,9.05,9.01,8.91,8.80,8.78,8.76,8.69,8.59,8.50,8.22,7.85,7.50,7.23,7.18,7.28,7.40,7.50,7.58,7.58,7.54,7.46,7.34,7.40,7.39,7.41,7.50,7.68,7.81,7.87,7.86,7.87,7.88,7.84,7.78,7.76,7.81,7.78,7.72,7.70,7.77,7.79,7.78,7.78,7.80,7.61,7.55,7.53,7.49,7.38,7.27,7.21,7.13,6.95,6.88,6.80,6.70,6.57,6.50,6.44,6.37,6.26,6.14,6.10,6.07,5.95,5.69,5.91,6.00,6.02,6.03,6.04,5.93,5.84,5.81,5.79,5.78,5.78,5.80,5.82,5.76,5.71,5.60,5.44,5.31,5.16,5.07,5.05,5.09,5.11,5.05,4.95,4.86,4.99,4.95,4.87,4.80,4.80,4.81,4.78,4.76,4.78,4.80,4.85,4.87,4.86,4.84,4.79,4.72,4.63,4.56,4.55,4.54,4.51,4.45,4.50,4.41,4.36,4.36,4.30,4.33,4.29,4.26,4.27,4.21,4.14,4.12,4.14,4.20,4.17,4.13,4.08,4.00,4.03,4.07,4.05,3.97,3.84,3.82,3.82,3.84,3.96,4.07,4.20,4.27,4.17,3.92,3.72,3.47,3.30,3.71,4.33,4.60,4.63,4.66,4.61,4.55
21.76,21.51,21.42,21.29,20.86,20.70,20.82,21.01,21.01,20.99,20.97,20.94,20.88,20.68,20.50,20.37,20.30,20.21,20.18,20.21,20.27,20.31,20.34,20.36,20.32,20.10,20.04,20.03,19.95,19.64,19.34,19.00,18.74,18.65,18.60,18.61,18.65,18.71,18.77,18.84,18.90,18.96,19.01,18.98,18.94,18.89,18.84,18.79,18.69,18.53,18.35,18.25,18.15,18.02,17.89,17.79,17.77,15.98,14.18,13.09,12.93,11.65,10.58,9.97,9.91,9.58,9.26,9.08,9.09,9.08,9.07,9.05,9.04,9.04,9.04,9.04,9.03,9.03,9.26,9.64,9.92,10.14,10.70,10.63,10.02,9.29,9.03,9.11,9.11,9.10,9.10,9.08,9.07,9.05,9.03,8.98,8.98,8.97,8.97,8.99,9.00,8.93,8.84,8.75,8.73,8.63,8.51,8.35,8.13,7.81,7.55,7.32,7.13,7.21,7.33,7.46,7.56,7.59,7.55,7.48,7.40,7.36,7.38,7.39,7.45,7.59,7.74,7.86,7.89,7.87,7.88,7.86,7.84,7.81,7.77,7.77,7.73,7.70,7.69,7.72,7.74,7.76,7.76,7.73,7.66,7.63,7.60,7.56,7.47,7.37,7.29,7.21,7.08,7.01,6.94,6.84,6.69,6.62,6.51,6.40,6.30,6.21,6.14,6.04,5.93,5.84,5.91,5.93,5.94,5.94,5.94,5.86,5.80,5.79,5.79,5.76,5.75,5.76,5.76,5.72,5.66,5.55,5.40,5.26,5.11,5.06,5.07,5.11,5.08,5.02,4.96,4.95,5.01,4.95,4.86,4.79,4.75,4.80,4.81,4.82,4.83,4.84,4.86,4.86,4.83,4.75,4.76,4.77,4.77,4.71,4.65,4.58,4.51,4.46,4.50,4.44,4.40,4.38,4.33,4.33,4.30,4.27,4.24,4.23,4.16,4.13,4.15,4.17,4.16,4.15,4.12,4.07,4.02,4.08,4.09,4.02,4.01,3.97,3.92,3.86,3.85,3.96,4.10,4.16,4.07,3.91,3.72,3.46,3.26,3.59,4.17,4.46,4.53,4.55,4.50,4.41
21.50,20.91,20.43,20.90,20.36,20.22,20.55,20.94,20.95,20.96,20.97,20.98,20.94,20.74,20.51,20.31,20.23,20.14,20.12,20.17,20.23,20.26,20.30,20.31,20.24,20.03,20.04,20.06,20.06,20.09,19.76,19.38,19.04,18.78,18.63,18.61,18.65,18.74,18.81,18.87,18.93,18.98,19.00,18.96,18.91,18.84,18.77,18.73,18.64,18.51,18.37,18.23,18.06,17.89,17.75,17.64,17.53,15.78,14.44,13.99,13.48,12.58,11.74,10.98,10.22,9.63,9.40,9.26,9.07,9.08,9.07,9.05,9.04,9.04,9.05,9.05,9.03,9.01,9.02,9.03,9.19,9.56,10.11,9.94,9.51,9.13,9.14,9.12,9.10,9.10,9.10,9.09,9.07,9.04,9.00,8.96,8.94,8.96,8.98,8.98,8.95,8.87,8.78,8.70,8.66,8.53,8.36,8.14,7.83,7.53,7.33,7.20,7.11,7.25,7.40,7.52,7.60,7.59,7.52,7.40,7.33,7.37,7.37,7.40,7.51,7.67,7.79,7.87,7.89,7.88,7.88,7.85,7.84,7.82,7.78,7.75,7.70,7.68,7.69,7.70,7.70,7.73,7.74,7.69,7.70,7.69,7.66,7.62,7.55,7.47,7.38,7.29,7.21,7.13,7.07,6.98,6.83,6.71,6.54,6.40,6.30,6.24,6.15,6.04,5.95,5.95,5.90,5.87,5.86,5.85,5.82,5.78,5.76,5.76,5.76,5.73,5.72,5.71,5.69,5.66,5.61,5.50,5.35,5.20,5.08,5.06,5.10,5.11,5.04,4.98,4.97,5.01,4.99,4.92,4.85,4.80,4.75,4.80,4.83,4.86,4.88,4.88,4.87,4.84,4.78,4.70,4.77,4.84,4.85,4.76,4.70,4.63,4.57,4.53,4.52,4.49,4.45,4.41,4.37,4.35,4.32,4.29,4.26,4.27,4.22,4.19,4.19,4.19,4.18,4.15,4.12,4.11,4.02,4.13,4.20,4.12,4.16,4.11,4.01,3.89,3.80,3.91,4.02,4.06,3.97,3.88,3.70,3.45,3.24,3.46,3.95,4.27,4.42,4.43,4.39,4.28
21.50,20.23,18.62,20.56,19.97,19.69,20.10,20.93,20.96,20.98,21.00,21.00,20.98,20.86,20.58,20.24,20.12,20.07,20.07,20.07,20.02,20.06,20.14,20.14,20.05,20.03,20.03,20.03,20.04,20.08,20.02,19.94,19.62,18.97,18.73,18.65,18.67,18.76,18.84,18.90,18.95,18.98,18.99,18.95,18.87,18.78,18.71,18.68,18.58,18.48,18.38,18.21,18.06,17.89,17.71,17.53,17.32,16.93,16.64,16.22,14.66,13.41,12.81,12.41,11.59,11.16,10.50,9.73,9.04,9.07,9.06,9.05,9.03,9.03,9.05,9.04,9.02,9.02,9.03,9.04,9.19,9.44,9.36,9.25,9.13,9.07,9.15,9.10,9.08,9.09,9.10,9.11,9.10,9.03,8.94,8.97,8.89,8.94,9.03,9.02,8.92,8.82,8.73,8.65,8.58,8.48,8.26,7.97,7.68,7.46,7.29,7.19,7.18,7.31,7.47,7.57,7.59,7.57,7.47,7.32,7.24,7.35,7.36,7.44,7.56,7.70,7.80,7.85,7.87,7.88,7.89,7.84,7.83,7.81,7.78,7.75,7.70,7.69,7.70,7.70,7.71,7.71,7.72,7.73,7.74,7.73,7.71,7.69,7.65,7.58,7.49,7.39,7.33,7.26,7.20,7.11,6.96,6.73,6.52,6.37,6.27,6.19,6.13,6.07,6.01,5.96,5.87,5.82,5.79,5.75,5.67,5.70,5.71,5.69,5.69,5.67,5.67,5.64,5.58,5.60,5.55,5.44,5.29,5.14,5.08,5.09,5.11,5.10,4.98,4.95,4.98,5.03,4.93,4.85,4.83,4.85,4.83,4.81,4.83,4.87,4.91,4.91,4.89,4.82,4.71,4.72,4.84,4.91,4.85,4.63,4.65,4.69,4.71,4.67,4.59,4.55,4.51,4.46,4.41,4.39,4.36,4.34,4.35,4.34,4.34,4.33,4.31,4.31,4.22,4.13,4.07,4.08,4.04,4.27,4.41,4.30,4.28,4.20,4.08,3.95,3.86,3.94,3.98,3.96,3.87,3.81,3.67,3.46,3.25,3.31,3.63,4.01,4.29,4.30,4.25,4.18
17.98,17.27,16.65,19.83,19.44,19.34,20.01,20.91,20.96,20.96,20.96,20.98,20.98,20.90,20.61,20.21,20.12,20.06,20.04,20.02,19.96,20.00,20.05,20.05,19.99,19.99,19.99,19.99,20.01,20.04,20.02,20.01,19.73,19.06,18.77,18.67,18.67,18.75,18.86,18.93,18.97,18.99,19.00,18.92,18.83,18.74,18.66,18.60,18.51,18.44,18.37,18.25,18.07,17.87,17.67,17.48,17.27,17.10,16.95,16.63,15.63,14.94,14.45,13.80,12.56,12.22,11.82,11.32,10.62,9.34,9.08,9.04,9.03,9.05,9.06,9.05,9.03,9.03,9.05,9.07,9.21,9.39,9.15,9.09,9.05,9.05,9.12,9.11,9.10,9.09,9.10,9.11,9.10,9.06,8.99,8.99,8.93,8.96,8.99,8.95,8.86,8.78,8.68,8.59,8.51,8.37,8.13,7.84,7.55,7.37,7.25,7.22,7.26,7.36,7.51,7.59,7.57,7.52,7.37,7.28,7.29,7.38,7.42,7.50,7.59,7.70,7.78,7.83,7.85,7.87,7.88,7.86,7.82,7.78,7.75,7.67,7.66,7.67,7.70,7.70,7.71,7.69,7.68,7.72,7.72,7.71,7.72,7.73,7.72,7.67,7.60,7.52,7.45,7.40,7.33,7.23,7.08,6.81,6.50,6.30,6.22,6.16,6.09,6.06,6.03,5.97,5.91,5.83,5.77,5.73,5.67,5.65,5.64,5.63,5.61,5.60,5.60,5.57,5.50,5.51,5.49,5.40,5.24,5.07,5.07,5.10,5.11,5.07,4.96,4.98,5.02,5.00,4.84,4.85,4.90,4.93,4.90,4.85,4.91,4.97,4.95,4.94,4.92,4.81,4.66,4.74,4.95,5.06,5.05,4.94,4.89,4.82,4.73,4.60,4.56,4.55,4.53,4.51,4.47,4.44,4.40,4.37,4.34,4.31,4.32,4.34,4.34,4.32,4.21,4.12,4.07,4.07,4.12,4.32,4.44,4.39,4.37,4.25,4.10,3.96,3.86,3.91,3.93,3.90,3.82,3.72,3.61,3.44,3.27,3.28,3.46,3.68,3.92,4.15,4.20,4.18
14.38,14.39,14.99,18.86,18.85,18.97,19.79,20.86,20.92,20.91,20.90,20.93,20.96,20.91,20.63,20.21,20.12,20.05,20.01,19.98,19.94,19.97,19.99,19.99,19.97,19.95,19.95,19.96,19.97,19.99,19.97,19.96,19.70,19.05,18.77,18.68,18.68,18.74,18.89,18.96,18.98,18.99,18.99,18.88,18.79,18.69,18.60,18.52,18.43,18.37,18.32,18.26,18.05,17.84,17.65,17.46,17.25,17.03,16.79,16.56,16.36,16.27,15.88,15.00,13.54,13.24,13.13,12.97,12.39,10.01,9.48,9.34,9.22,9.07,9.07,9.06,9.05,9.03,9.05,9.10,9.23,9.35,9.09,9.06,9.05,9.05,9.09,9.12,9.11,9.10,9.10,9.10,9.09,9.08,9.05,9.00,8.99,8.97,8.93,8.87,8.81,8.73,8.64,8.54,8.45,8.23,7.97,7.70,7.43,7.26,7.22,7.26,7.33,7.42,7.55,7.59,7.53,7.46,7.27,7.27,7.36,7.42,7.50,7.55,7.60,7.68,7.75,7.81,7.84,7.85,7.86,7.87,7.83,7.77,7.74,7.61,7.63,7.67,7.69,7.71,7.71,7.67,7.65,7.69,7.68,7.69,7.72,7.75,7.77,7.75,7.70,7.64,7.58,7.54,7.46,7.34,7.16,6.86,6.47,6.24,6.17,6.15,6.07,6.04,6.02,5.98,5.96,5.86,5.77,5.72,5.68,5.62,5.59,5.58,5.54,5.53,5.52,5.48,5.42,5.42,5.41,5.34,5.19,5.01,5.07,5.11,5.09,5.03,4.95,5.02,5.05,4.96,4.78,4.87,4.96,4.99,4.92,4.90,5.00,5.06,4.97,4.96,4.93,4.79,4.63,4.77,5.03,5.17,5.22,5.26,5.16,4.96,4.72,4.51,4.50,4.53,4.55,4.56,4.54,4.49,4.44,4.37,4.30,4.27,4.30,4.34,4.36,4.32,4.21,4.13,4.08,4.08,4.20,4.34,4.42,4.43,4.43,4.27,4.10,3.95,3.84,3.87,3.89,3.86,3.78,3.63,3.54,3.42,3.30,3.30,3.36,3.41,3.56,3.96,4.12,4.15
14.34,14.37,14.79,17.40,18.16,18.27,18.70,20.74,20.80,20.82,20.83,20.85,20.91,20.90,20.67,20.29,20.05,20.00,19.97,19.95,19.94,19.93,19.94,19.95,19.96,19.95,19.94,19.94,19.94,19.94,19.98,20.00,19.64,18.74,18.59,18.62,18.69,18.76,18.92,18.97,18.95,18.90,18.87,18.81,18.72,18.62,18.52,18.40,18.29,18.22,18.17,18.08,17.92,17.79,17.66,17.51,17.26,17.01,16.77,16.53,16.30,16.10,15.81,15.43,14.98,14.59,14.16,13.74,13.25,12.04,11.43,10.92,10.24,9.09,9.06,9.07,9.06,9.04,9.03,9.12,9.23,9.26,9.07,9.05,9.05,9.06,9.11,9.11,9.10,9.11,9.12,9.10,9.08,9.05,9.01,8.99,8.98,8.94,8.89,8.84,8.78,8.71,8.63,8.53,8.40,8.09,7.78,7.52,7.30,7.16,7.19,7.30,7.40,7.51,7.57,7.55,7.46,7.37,7.27,7.29,7.36,7.43,7.53,7.55,7.58,7.64,7.72,7.79,7.83,7.84,7.85,7.86,7.85,7.84,7.82,7.71,7.72,7.70,7.66,7.72,7.72,7.70,7.66,7.62,7.62,7.70,7.75,7.76,7.80,7.78,7.75,7.72,7.72,7.68,7.59,7.40,7.11,6.80,6.43,6.22,6.16,6.14,6.09,6.03,5.99,6.01,5.99,5.88,5.78,5.71,5.63,5.58,5.58,5.56,5.46,5.46,5.44,5.40,5.34,5.34,5.31,5.22,5.10,5.03,5.07,5.08,5.06,5.01,5.00,5.06,5.04,4.89,4.84,4.92,4.95,4.90,4.79,4.91,5.03,5.05,4.93,4.93,4.85,4.73,4.65,4.76,4.97,5.06,5.08,5.14,5.28,5.05,4.76,4.58,4.48,4.49,4.56,4.64,4.63,4.59,4.45,4.30,4.23,4.29,4.34,4.38,4.40,4.40,4.31,4.22,4.15,4.10,4.16,4.27,4.35,4.36,4.36,4.21,4.05,3.90,3.79,3.88,3.91,3.86,3.72,3.57,3.51,3.43,3.33,3.37,3.42,3.46,3.52,3.61,3.82,3.87
14.30,14.33,14.56,15.89,17.42,17.76,17.83,19.71,20.47,20.71,20.73,20.76,20.81,20.82,20.65,20.32,20.00,19.95,19.93,19.92,19.93,19.91,19.92,19.93,19.94,19.96,19.94,19.94,19.96,19.94,20.00,19.79,19.26,18.49,18.49,18.59,18.70,18.78,18.91,18.92,18.88,18.81,18.76,18.70,18.64,18.56,18.47,18.34,18.19,18.10,18.03,17.94,17.80,17.68,17.57,17.44,17.21,17.00,16.77,16.53,16.27,16.02,15.78,15.58,15.46,15.10,14.68,14.30,13.96,13.39,12.54,11.78,10.98,9.70,9.53,9.27,9.07,9.05,9.04,9.11,9.17,9.16,9.06,9.05,9.06,9.08,9.11,9.11,9.10,9.11,9.12,9.04,9.06,9.05,9.02,9.00,8.99,8.94,8.88,8.83,8.76,8.71,8.64,8.55,8.42,7.97,7.61,7.37,7.20,7.13,7.21,7.33,7.44,7.56,7.58,7.52,7.41,7.28,7.27,7.31,7.38,7.46,7.59,7.61,7.61,7.64,7.69,7.76,7.81,7.84,7.85,7.85,7.86,7.86,7.85,7.81,7.80,7.75,7.68,7.73,7.71,7.68,7.65,7.59,7.61,7.71,7.78,7.79,7.81,7.78,7.73,7.69,7.71,7.72,7.63,7.42,7.09,6.73,6.38,6.19,6.15,6.12,6.05,5.99,5.97,6.00,5.97,5.85,5.74,5.69,5.64,5.61,5.58,5.53,5.47,5.43,5.40,5.36,5.30,5.27,5.22,5.14,5.08,5.07,5.09,5.07,5.02,4.96,5.05,5.05,4.96,4.82,4.90,4.93,4.89,4.80,4.71,4.84,4.96,4.97,4.88,4.90,4.82,4.71,4.63,4.72,4.82,4.86,4.88,4.94,5.03,4.88,4.71,4.62,4.52,4.51,4.56,4.64,4.67,4.64,4.46,4.29,4.25,4.38,4.45,4.50,4.52,4.53,4.47,4.37,4.25,4.13,4.14,4.20,4.26,4.26,4.27,4.11,3.95,3.83,3.74,3.79,3.84,3.80,3.62,3.51,3.46,3.42,3.38,3.41,3.45,3.47,3.48,3.49,3.62,3.64
14.26,14.28,14.32,14.38,16.64,17.36,17.10,18.08,19.99,20.61,20.62,20.65,20.67,20.71,20.60,20.32,19.97,19.90,19.89,19.90,19.92,19.89,19.91,19.93,19.93,19.98,19.95,19.96,20.00,19.97,20.03,19.42,18.67,18.27,18.44,18.58,18.70,18.80,18.87,18.84,18.78,18.71,18.65,18.57,18.56,18.52,18.42,18.29,18.11,17.98,17.90,17.81,17.68,17.54,17.41,17.29,17.14,16.99,16.80,16.55,16.25,16.01,15.77,15.53,15.32,15.05,14.86,14.72,14.57,14.29,13.11,12.18,11.55,10.70,10.31,9.62,9.06,9.05,9.06,9.08,9.07,9.04,9.05,9.05,9.07,9.10,9.12,9.12,9.11,9.11,9.11,8.93,9.02,9.07,9.05,9.02,9.01,8.95,8.88,8.83,8.76,8.71,8.66,8.59,8.47,7.88,7.46,7.24,7.12,7.14,7.24,7.36,7.46,7.58,7.57,7.50,7.37,7.19,7.26,7.34,7.42,7.51,7.68,7.70,7.67,7.64,7.66,7.73,7.79,7.83,7.84,7.85,7.85,7.85,7.86,7.90,7.88,7.81,7.73,7.73,7.69,7.65,7.62,7.60,7.63,7.72,7.79,7.83,7.83,7.75,7.65,7.58,7.59,7.69,7.63,7.41,7.08,6.65,6.32,6.16,6.13,6.11,5.97,5.92,5.94,5.98,5.93,5.77,5.66,5.67,5.70,5.67,5.58,5.50,5.53,5.43,5.38,5.34,5.29,5.20,5.13,5.10,5.09,5.11,5.11,5.07,4.99,4.89,5.10,5.01,4.84,4.75,4.95,4.91,4.81,4.71,4.66,4.72,4.80,4.85,4.83,4.90,4.84,4.70,4.58,4.65,4.61,4.60,4.64,4.68,4.55,4.54,4.59,4.64,4.61,4.57,4.56,4.58,4.68,4.68,4.48,4.30,4.34,4.51,4.60,4.65,4.68,4.71,4.67,4.56,4.39,4.17,4.14,4.13,4.14,4.15,4.16,3.98,3.84,3.74,3.67,3.64,3.70,3.69,3.49,3.43,3.40,3.40,3.44,3.43,3.46,3.46,3.46,3.52,3.48,3.45
14.22,14.23,14.27,14.34,16.14,16.77,16.48,16.70,19.65,20.58,20.55,20.55,20.51,20.49,20.35,20.11,19.95,19.92,19.90,19.90,19.92,19.90,19.90,19.92,19.93,19.93,19.95,19.98,20.00,20.00,19.81,19.06,18.38,18.27,18.41,18.55,18.68,18.77,18.79,18.73,18.68,18.62,18.57,18.57,18.50,18.02,17.11,16.71,17.63,18.09,17.96,17.75,17.57,17.40,17.24,17.10,16.96,16.81,16.65,16.45,16.17,15.99,15.77,15.53,15.33,15.05,14.82,14.62,14.44,14.25,13.73,13.30,12.88,12.08,11.36,10.27,9.34,9.07,9.07,9.03,9.03,9.05,9.05,9.06,9.08,9.11,9.13,9.13,9.12,9.12,9.10,9.03,9.04,9.04,9.03,9.00,8.98,8.93,8.87,8.80,8.74,8.73,8.69,8.52,8.03,7.61,7.33,7.16,7.05,7.16,7.27,7.39,7.51,7.56,7.52,7.43,7.31,7.15,7.27,7.38,7.48,7.60,7.77,7.78,7.75,7.72,7.71,7.72,7.77,7.82,7.83,7.84,7.84,7.85,7.87,7.89,7.86,7.82,7.77,7.76,7.69,7.64,7.63,7.66,7.79,7.80,7.77,7.72,7.66,7.57,7.47,7.39,7.36,7.41,7.36,7.18,6.89,6.53,6.22,6.03,5.95,5.92,5.86,5.85,5.88,5.91,5.85,5.73,5.66,5.70,5.73,5.68,5.58,5.52,5.54,5.46,5.38,5.31,5.24,5.17,5.16,5.16,5.15,5.15,5.12,5.07,5.04,5.07,5.13,5.01,4.89,4.86,4.96,4.84,4.72,4.63,4.55,4.64,4.75,4.83,4.82,4.85,4.79,4.69,4.62,4.67,4.62,4.57,4.53,4.51,4.47,4.54,4.63,4.66,4.62,4.61,4.59,4.56,4.59,4.54,4.40,4.31,4.39,4.56,4.61,4.63,4.66,4.66,4.65,4.56,4.40,4.19,4.08,4.05,4.05,4.03,3.98,3.91,3.86,3.83,3.83,3.68,3.62,3.56,3.44,3.43,3.43,3.44,3.47,3.47,3.45,3.44,3.45,3.47,3.45,3.42
14.18,14.17,14.22,14.34,15.64,16.18,15.95,15.66,19.17,20.42,20.52,20.51,20.41,20.33,20.18,20.00,19.96,19.95,19.93,19.91,19.91,19.90,19.91,19.92,19.93,19.91,19.97,20.02,19.98,19.74,19.28,18.61,18.16,18.24,18.37,18.52,18.64,18.70,18.68,18.63,18.59,18.56,18.50,18.15,17.85,17.20,16.17,15.76,16.92,17.51,17.49,17.68,17.54,17.34,17.13,16.94,16.79,16.64,16.49,16.33,16.08,15.92,15.72,15.49,15.32,15.04,14.80,14.57,14.36,14.20,14.05,13.88,13.58,12.96,12.27,11.24,10.25,9.69,9.27,9.05,9.00,9.04,9.00,9.05,9.09,9.12,9.13,9.13,9.13,9.12,9.09,9.08,9.05,9.02,9.00,8.98,8.95,8.91,8.86,8.79,8.73,8.78,8.70,8.35,7.70,7.41,7.23,7.13,7.05,7.20,7.31,7.42,7.55,7.54,7.46,7.36,7.24,7.15,7.30,7.42,7.54,7.69,7.84,7.85,7.82,7.79,7.77,7.75,7.77,7.81,7.82,7.83,7.84,7.85,7.87,7.87,7.85,7.81,7.78,7.75,7.67,7.63,7.64,7.72,7.83,7.78,7.69,7.59,7.49,7.39,7.29,7.21,7.13,7.14,7.10,6.95,6.69,6.40,6.09,5.88,5.78,5.76,5.78,5.80,5.83,5.85,5.78,5.70,5.67,5.72,5.75,5.68,5.59,5.53,5.55,5.48,5.40,5.32,5.23,5.12,5.15,5.19,5.18,5.17,5.12,5.08,5.09,5.18,5.11,4.99,4.93,4.96,4.94,4.79,4.68,4.63,4.58,4.66,4.77,4.85,4.83,4.80,4.70,4.67,4.71,4.71,4.61,4.52,4.44,4.35,4.39,4.49,4.58,4.64,4.61,4.62,4.59,4.53,4.50,4.39,4.22,4.16,4.33,4.55,4.60,4.62,4.64,4.61,4.61,4.52,4.35,4.15,4.01,3.97,3.97,3.95,3.89,3.90,3.91,3.92,3.99,3.74,3.59,3.50,3.43,3.45,3.47,3.49,3.51,3.51,3.47,3.45,3.44,3.44,3.43,3.41
14.15,14.11,14.17,14.38,15.15,15.59,15.54,15.10,18.47,20.07,20.53,20.55,20.40,20.25,20.12,20.03,20.00,20.01,19.98,19.94,19.90,19.88,19.92,19.94,19.92,19.93,20.01,20.09,19.93,19.08,18.30,18.01,18.03,18.18,18.33,18.47,18.57,18.60,18.54,18.53,18.53,18.51,18.41,17.17,16.37,15.93,15.77,15.71,15.88,15.97,16.29,17.59,17.62,17.41,17.10,16.81,16.65,16.49,16.33,16.17,15.96,15.79,15.60,15.40,15.26,15.02,14.81,14.59,14.34,14.14,13.94,13.70,13.42,13.13,12.99,12.64,12.04,11.15,9.76,9.15,8.98,8.98,8.87,9.00,9.09,9.12,9.14,9.14,9.13,9.11,9.07,9.05,9.02,9.00,8.97,8.96,8.91,8.88,8.85,8.80,8.74,8.88,8.68,8.07,7.53,7.30,7.19,7.15,7.13,7.27,7.36,7.45,7.57,7.50,7.42,7.28,7.16,7.21,7.33,7.47,7.62,7.78,7.88,7.89,7.86,7.85,7.84,7.82,7.81,7.79,7.80,7.82,7.85,7.86,7.84,7.85,7.82,7.79,7.75,7.66,7.60,7.61,7.68,7.81,7.71,7.61,7.51,7.41,7.31,7.21,7.12,7.02,6.93,6.88,6.84,6.73,6.49,6.24,5.90,5.69,5.64,5.65,5.74,5.78,5.78,5.78,5.72,5.69,5.69,5.73,5.75,5.68,5.60,5.54,5.57,5.47,5.43,5.39,5.28,5.06,5.10,5.16,5.18,5.15,5.13,5.12,5.14,5.19,5.04,4.96,4.97,5.03,4.87,4.75,4.71,4.74,4.80,4.83,4.89,4.91,4.87,4.77,4.56,4.61,4.85,4.78,4.57,4.47,4.40,4.22,4.33,4.34,4.41,4.56,4.58,4.59,4.56,4.50,4.39,4.23,3.92,3.80,4.13,4.47,4.57,4.60,4.61,4.56,4.54,4.41,4.21,4.05,3.92,3.88,3.89,3.92,3.94,3.96,3.97,4.00,4.14,3.84,3.63,3.51,3.46,3.49,3.52,3.55,3.57,3.55,3.52,3.49,3.46,3.45,3.45,3.43
14.21,14.24,14.29,14.46,14.82,15.00,14.95,14.78,16.36,18.54,20.00,19.93,20.19,20.21,20.15,20.07,20.03,20.05,20.02,19.97,19.90,19.89,19.92,19.95,19.97,20.04,20.08,20.00,19.53,18.20,17.81,17.77,17.91,18.11,18.26,18.38,18.44,18.45,18.46,18.46,18.45,18.46,18.48,16.75,15.94,15.68,15.70,15.70,15.70,15.70,15.88,16.61,16.63,16.68,16.77,16.91,16.69,16.42,16.19,16.02,15.83,15.65,15.47,15.30,15.12,14.97,14.79,14.57,14.31,14.10,13.88,13.65,13.41,13.17,13.01,12.76,12.40,11.91,11.08,10.32,9.80,9.52,9.16,9.04,9.05,9.06,8.96,9.07,9.03,9.01,9.08,9.04,9.01,8.97,8.95,8.93,8.87,8.86,8.84,8.80,8.81,8.84,8.48,7.76,7.40,7.21,7.12,7.13,7.22,7.34,7.44,7.51,7.54,7.46,7.35,7.27,7.25,7.30,7.39,7.53,7.70,7.86,7.89,7.88,7.86,7.86,7.84,7.82,7.80,7.78,7.79,7.80,7.83,7.84,7.82,7.82,7.81,7.78,7.74,7.66,7.60,7.61,7.69,7.81,7.63,7.48,7.36,7.26,7.14,7.04,6.95,6.85,6.75,6.70,6.64,6.50,6.28,6.04,5.78,5.64,5.61,5.57,5.66,5.73,5.75,5.74,5.70,5.73,5.76,5.74,5.71,5.69,5.61,5.52,5.45,5.43,5.39,5.33,5.24,5.08,5.11,5.15,5.14,5.13,5.12,5.14,5.17,5.18,5.09,5.04,5.02,5.01,4.84,4.77,4.74,4.76,4.86,4.91,4.94,4.94,4.88,4.64,4.43,4.50,4.73,4.59,4.47,4.24,4.06,3.90,3.94,3.89,3.96,4.23,4.55,4.59,4.55,4.49,4.42,4.19,3.78,3.65,4.13,4.42,4.53,4.56,4.57,4.54,4.44,4.26,4.05,3.89,3.86,3.82,3.83,3.90,3.98,4.03,4.05,4.05,4.04,3.74,3.58,3.52,3.51,3.52,3.55,3.57,3.59,3.58,3.55,3.52,3.48,3.48,3.48,3.47
14.32,14.40,14.45,14.55,14.59,14.54,14.47,14.54,14.46,16.99,19.29,19.33,19.90,20.09,20.13,20.12,20.09,20.08,20.05,19.99,19.91,19.92,19.93,19.95,20.01,20.12,20.06,19.68,18.85,17.43,17.47,17.61,17.80,18.02,18.17,18.26,18.29,18.30,18.37,18.37,18.36,18.32,18.15,16.40,15.78,15.43,14.97,14.97,15.12,15.41,15.70,15.70,15.70,15.94,16.36,16.83,16.60,16.35,16.12,15.91,15.72,15.52,15.35,15.18,14.98,14.89,14.73,14.51,14.26,14.06,13.85,13.65,13.43,13.17,12.92,12.65,12.43,12.34,12.20,11.45,10.74,10.23,9.69,9.35,9.17,9.05,8.80,9.00,8.95,8.93,9.07,9.04,9.00,8.96,8.93,8.91,8.84,8.83,8.83,8.80,8.88,8.71,8.20,7.50,7.29,7.13,7.07,7.12,7.29,7.41,7.51,7.54,7.49,7.41,7.28,7.26,7.35,7.41,7.48,7.61,7.77,7.91,7.89,7.86,7.85,7.85,7.83,7.81,7.78,7.77,7.78,7.77,7.79,7.80,7.79,7.80,7.79,7.77,7.73,7.65,7.62,7.65,7.72,7.80,7.58,7.37,7.22,7.12,6.98,6.88,6.77,6.67,6.57,6.53,6.43,6.27,6.06,5.84,5.67,5.62,5.62,5.53,5.60,5.67,5.71,5.71,5.68,5.77,5.81,5.74,5.68,5.68,5.61,5.49,5.34,5.38,5.33,5.25,5.17,5.10,5.13,5.14,5.11,5.09,5.11,5.15,5.18,5.16,5.15,5.12,5.07,4.98,4.83,4.79,4.77,4.76,4.83,4.91,4.96,4.96,4.87,4.49,4.31,4.39,4.58,4.43,4.41,4.06,3.68,3.61,3.57,3.49,3.56,3.88,4.50,4.44,4.37,4.40,4.42,4.14,3.69,3.59,4.18,4.41,4.50,4.52,4.52,4.49,4.33,4.11,3.90,3.75,3.81,3.78,3.78,3.86,4.00,4.05,4.09,4.06,3.88,3.62,3.52,3.52,3.55,3.55,3.57,3.59,3.62,3.62,3.59,3.55,3.51,3.50,3.51,3.50
14.50,14.57,14.65,14.65,14.58,14.53,14.49,14.40,14.34,16.19,18.29,19.29,19.43,19.60,19.89,20.20,20.22,20.12,20.08,20.04,19.93,19.97,19.98,19.99,20.03,20.06,19.73,18.71,17.52,17.19,17.33,17.50,17.70,17.92,18.03,18.07,18.13,18.20,18.24,18.23,18.31,17.89,16.33,15.87,15.72,14.40,11.80,11.81,12.58,14.14,15.70,15.70,15.70,15.76,15.88,16.00,15.94,16.17,16.22,15.99,15.67,15.41,15.22,15.04,14.83,14.72,14.56,14.38,14.18,13.96,13.85,13.66,13.40,13.16,12.94,12.68,12.42,12.22,11.99,11.70,11.41,11.14,10.76,10.45,9.88,9.26,8.90,8.98,8.98,8.98,9.03,9.05,9.03,8.98,8.91,8.88,8.84,8.83,8.83,8.83,8.86,8.34,7.77,7.38,7.19,7.08,7.09,7.19,7.35,7.48,7.52,7.51,7.47,7.36,7.25,7.24,7.34,7.53,7.64,7.73,7.82,7.90,7.89,7.87,7.86,7.84,7.83,7.81,7.77,7.73,7.74,7.72,7.71,7.71,7.74,7.78,7.79,7.75,7.69,7.58,7.66,7.79,7.87,7.81,7.57,7.35,7.15,6.98,6.87,6.73,6.60,6.50,6.40,6.32,6.18,6.01,5.83,5.64,5.58,5.58,5.61,5.60,5.62,5.64,5.66,5.67,5.66,5.71,5.74,5.72,5.67,5.62,5.56,5.48,5.33,5.34,5.28,5.19,5.08,5.08,5.13,5.13,5.08,5.06,5.10,5.11,5.10,5.10,5.11,5.11,5.07,4.97,4.88,4.82,4.78,4.74,4.64,4.72,4.89,4.96,4.78,4.33,4.22,4.34,4.54,4.51,4.47,4.17,3.85,3.54,3.50,3.42,3.47,3.66,4.41,3.73,3.58,3.99,4.26,3.98,3.66,3.70,4.31,4.51,4.51,4.49,4.47,4.33,4.21,4.02,3.81,3.68,3.77,3.74,3.72,3.76,3.89,3.91,3.96,3.96,3.76,3.57,3.52,3.54,3.53,3.58,3.60,3.63,3.67,3.67,3.65,3.60,3.54,3.51,3.52,3.50
14.58,14.64,14.73,14.70,14.62,14.57,14.51,14.39,14.22,15.14,16.88,18.95,19.24,19.41,19.64,19.95,20.20,20.14,20.08,20.03,19.96,19.98,19.99,19.99,19.94,19.52,18.65,17.65,16.90,17.02,17.21,17.39,17.58,17.79,17.85,17.92,18.00,18.06,18.08,18.14,17.87,17.08,15.68,15.70,15.75,14.06,10.65,10.65,11.25,12.47,13.69,13.69,15.18,15.70,15.70,15.65,14.94,15.22,15.53,15.58,15.55,15.36,15.15,14.93,14.71,14.58,14.41,14.23,14.05,13.86,13.74,13.55,13.31,13.14,12.93,12.69,12.42,12.17,11.92,11.73,11.56,11.35,11.07,10.85,10.35,9.77,9.41,9.28,9.09,8.98,9.00,9.01,9.02,8.97,8.89,8.88,8.85,8.82,8.82,8.86,8.80,8.21,7.63,7.29,7.14,7.09,7.13,7.23,7.37,7.51,7.52,7.47,7.39,7.26,7.22,7.25,7.36,7.58,7.75,7.80,7.81,7.86,7.87,7.87,7.86,7.84,7.83,7.80,7.75,7.71,7.72,7.70,7.69,7.70,7.74,7.77,7.76,7.72,7.65,7.61,7.69,7.83,7.89,7.78,7.58,7.36,7.13,6.91,6.77,6.61,6.47,6.34,6.22,6.12,5.99,5.82,5.65,5.58,5.57,5.59,5.61,5.62,5.62,5.63,5.64,5.65,5.67,5.68,5.69,5.69,5.67,5.61,5.53,5.45,5.33,5.31,5.26,5.19,5.08,5.11,5.14,5.11,5.05,5.04,5.11,5.14,5.14,5.13,5.09,5.08,5.04,4.96,4.91,4.88,4.86,4.80,4.65,4.64,4.70,4.70,4.55,4.31,4.26,4.31,4.38,4.39,4.44,4.27,3.91,3.52,3.48,3.59,3.72,4.03,4.46,3.56,3.23,3.59,4.12,3.94,3.77,3.82,4.22,4.49,4.55,4.47,4.32,4.15,4.04,3.90,3.78,3.77,3.76,3.72,3.67,3.66,3.73,3.72,3.79,3.84,3.68,3.54,3.52,3.54,3.53,3.61,3.71,3.77,3.79,3.79,3.75,3.67,3.59,3.55,3.53,3.50
14.59,14.65,14.73,14.73,14.68,14.62,14.55,14.43,14.11,13.98,15.27,18.41,19.20,19.38,19.39,19.51,20.07,20.12,20.06,19.99,20.00,19.96,19.97,19.96,19.75,18.67,17.18,16.56,16.70,16.89,17.10,17.29,17.46,17.63,17.65,17.79,17.88,17.89,17.90,18.04,17.21,16.09,15.72,15.73,15.74,14.04,10.65,10.65,10.65,10.65,10.65,10.65,14.30,15.57,15.57,15.46,13.83,13.92,14.44,14.92,15.40,15.32,15.12,14.86,14.60,14.46,14.27,14.07,13.90,13.76,13.57,13.37,13.18,13.10,12.91,12.68,12.43,12.16,11.92,11.65,11.40,11.16,10.95,10.84,10.67,10.43,10.12,9.76,9.26,8.96,8.98,8.95,8.97,8.94,8.87,8.89,8.86,8.82,8.82,8.90,8.71,8.20,7.65,7.22,7.13,7.13,7.18,7.26,7.36,7.50,7.50,7.42,7.30,7.14,7.20,7.30,7.41,7.59,7.84,7.84,7.76,7.80,7.85,7.86,7.86,7.85,7.82,7.78,7.73,7.70,7.70,7.68,7.70,7.73,7.78,7.76,7.73,7.66,7.62,7.69,7.71,7.80,7.83,7.71,7.60,7.39,7.13,6.89,6.67,6.50,6.35,6.20,6.05,5.95,5.82,5.66,5.51,5.59,5.61,5.60,5.59,5.61,5.62,5.64,5.64,5.65,5.70,5.66,5.64,5.66,5.67,5.62,5.52,5.40,5.34,5.29,5.26,5.21,5.13,5.16,5.14,5.09,5.02,5.03,5.13,5.21,5.25,5.22,5.09,5.05,5.01,4.95,4.92,4.96,4.97,4.90,4.78,4.62,4.45,4.31,4.24,4.33,4.36,4.29,4.17,4.16,4.36,4.45,3.53,3.51,3.50,3.85,4.14,4.70,4.56,3.71,3.16,3.21,3.99,3.98,3.93,3.92,4.01,4.40,4.57,4.45,4.12,3.96,3.85,3.76,3.76,3.93,3.76,3.69,3.64,3.56,3.56,3.52,3.60,3.71,3.62,3.52,3.53,3.55,3.53,3.65,3.86,3.96,3.95,3.93,3.86,3.75,3.65,3.60,3.54,3.48
14.57,14.59,14.67,14.68,14.66,14.59,14.46,14.25,14.01,13.87,14.82,17.31,18.95,19.33,19.35,19.37,19.41,19.60,19.86,20.04,20.00,19.95,19.91,19.53,18.61,17.10,16.51,16.41,16.57,16.75,16.99,17.16,17.29,17.40,17.44,17.57,17.66,17.71,17.81,17.06,16.32,15.82,15.70,15.84,13.95,11.85,10.65,10.65,10.65,10.65,10.65,10.65,11.95,12.40,12.52,12.96,14.59,15.07,15.17,15.23,15.39,15.29,15.11,14.89,14.66,14.47,14.24,13.99,13.74,13.58,13.40,13.22,13.05,12.90,12.75,12.54,12.33,12.14,11.92,11.66,11.41,11.17,10.94,10.74,10.54,10.32,10.06,9.88,9.61,9.34,9.12,8.83,8.84,8.85,8.86,8.85,8.78,8.76,8.79,8.84,8.36,7.88,7.48,7.21,7.13,7.17,7.23,7.31,7.43,7.48,7.44,7.35,7.24,7.18,7.26,7.38,7.52,7.67,7.87,7.85,7.75,7.72,7.77,7.80,7.83,7.84,7.81,7.77,7.73,7.69,7.67,7.68,7.71,7.75,7.77,7.72,7.67,7.61,7.60,7.66,7.63,7.71,7.75,7.61,7.61,7.42,7.17,6.93,6.68,6.47,6.26,6.09,5.95,5.81,5.67,5.58,5.57,5.62,5.62,5.62,5.62,5.62,5.63,5.64,5.65,5.65,5.69,5.67,5.64,5.63,5.64,5.59,5.50,5.42,5.41,5.30,5.21,5.17,5.16,5.17,5.11,5.04,5.01,5.11,5.21,5.32,5.37,5.32,5.14,5.04,4.99,4.96,4.99,5.01,4.94,4.85,4.91,4.72,4.47,4.20,3.99,3.95,3.87,3.82,3.80,3.73,3.81,3.70,3.52,3.50,3.49,3.86,4.06,4.43,4.35,3.99,3.70,3.62,3.90,3.98,3.94,3.90,3.98,3.98,4.02,3.96,3.81,3.73,3.68,3.66,3.71,3.83,3.72,3.63,3.56,3.53,3.62,3.63,3.62,3.61,3.56,3.54,3.55,3.56,3.53,3.66,3.87,3.99,3.99,3.93,3.80,3.72,3.65,3.57,3.49,3.43
14.56,14.60,14.65,14.64,14.63,14.55,14.39,14.13,13.91,13.75,14.25,15.86,18.32,19.05,19.12,18.90,18.45,18.34,18.84,19.54,19.91,19.86,19.54,18.68,17.30,16.09,16.06,16.24,16.42,16.61,16.84,16.99,17.09,17.18,17.25,17.37,17.47,17.48,17.28,16.30,15.79,15.68,15.70,15.12,12.54,10.65,10.65,10.65,10.65,10.65,10.65,10.65,10.65,10.65,10.79,11.32,13.78,14.28,14.47,14.91,15.35,15.27,15.08,14.87,14.67,14.44,14.19,13.93,13.67,13.46,13.25,13.07,12.91,12.74,12.59,12.39,12.21,12.06,11.85,11.61,11.38,11.17,10.92,10.68,10.46,10.24,10.02,9.88,9.72,9.49,9.18,8.82,8.77,8.76,8.79,8.77,8.72,8.72,8.70,8.57,7.99,7.60,7.34,7.19,7.15,7.21,7.29,7.37,7.46,7.46,7.39,7.30,7.23,7.21,7.30,7.45,7.61,7.73,7.88,7.88,7.79,7.75,7.77,7.78,7.80,7.81,7.79,7.75,7.71,7.68,7.65,7.68,7.72,7.75,7.76,7.68,7.63,7.60,7.59,7.61,7.55,7.60,7.64,7.52,7.59,7.44,7.21,6.97,6.71,6.46,6.23,6.02,5.86,5.70,5.57,5.53,5.60,5.62,5.62,5.62,5.63,5.63,5.64,5.65,5.65,5.65,5.69,5.67,5.64,5.62,5.63,5.57,5.48,5.41,5.39,5.26,5.18,5.15,5.18,5.15,5.07,5.02,5.05,5.19,5.29,5.39,5.44,5.38,5.13,5.02,4.98,4.97,5.01,4.98,4.87,4.78,4.89,4.72,4.43,4.13,3.86,3.74,3.59,3.56,3.57,3.51,3.52,3.52,3.51,3.50,3.50,3.93,4.04,4.24,4.22,4.16,4.10,4.05,4.04,4.10,3.99,3.93,4.09,3.97,3.90,3.82,3.72,3.63,3.58,3.59,3.65,3.71,3.66,3.58,3.54,3.57,3.67,3.69,3.65,3.59,3.55,3.55,3.57,3.56,3.53,3.64,3.83,3.93,3.92,3.85,3.74,3.69,3.64,3.53,3.45,3.40
14.56,14.71,14.69,14.62,14.58,14.50,14.34,14.07,13.81,13.61,13.55,13.96,17.22,18.50,18.63,18.04,17.09,16.16,16.82,18.37,19.73,19.67,18.78,17.31,15.76,15.75,15.90,16.08,16.26,16.46,16.66,16.77,16.86,17.00,17.09,17.19,17.30,17.21,16.20,15.82,15.70,15.72,15.71,13.40,11.58,10.65,10.65,10.65,10.65,10.65,10.65,10.65,10.65,10.65,10.67,10.73,11.05,11.11,12.02,13.81,15.27,15.25,15.02,14.79,14.61,14.35,14.11,13.90,13.71,13.41,13.12,12.91,12.75,12.60,12.43,12.24,12.06,11.91,11.69,11.48,11.32,11.17,10.91,10.68,10.44,10.20,9.99,9.75,9.52,9.33,9.16,8.96,8.80,8.69,8.65,8.62,8.67,8.71,8.55,8.03,7.59,7.36,7.24,7.17,7.19,7.26,7.36,7.44,7.46,7.43,7.35,7.29,7.28,7.23,7.34,7.50,7.67,7.76,7.89,7.93,7.92,7.90,7.88,7.82,7.77,7.76,7.75,7.71,7.68,7.66,7.64,7.71,7.73,7.74,7.73,7.64,7.62,7.62,7.60,7.54,7.45,7.46,7.48,7.45,7.52,7.44,7.25,7.00,6.76,6.50,6.25,6.01,5.78,5.61,5.53,5.54,5.60,5.59,5.61,5.62,5.62,5.63,5.64,5.65,5.66,5.66,5.68,5.67,5.65,5.62,5.65,5.57,5.47,5.38,5.29,5.16,5.14,5.17,5.19,5.12,5.03,5.02,5.12,5.29,5.37,5.42,5.42,5.38,5.04,4.96,4.97,4.98,4.95,4.85,4.75,4.68,4.68,4.59,4.32,4.11,3.59,3.56,3.54,3.53,3.52,3.50,3.51,3.51,3.50,3.50,3.55,4.08,4.10,4.14,4.20,4.20,4.32,4.49,4.45,4.37,4.11,4.04,4.38,4.44,4.32,4.12,3.90,3.68,3.58,3.55,3.56,3.58,3.57,3.56,3.59,3.67,3.69,3.70,3.70,3.67,3.58,3.56,3.57,3.56,3.52,3.58,3.71,3.75,3.70,3.69,3.68,3.66,3.60,3.49,3.43,3.40
14.43,14.53,14.52,14.48,14.48,14.41,14.24,13.95,13.68,13.45,13.31,13.49,15.94,17.61,17.64,16.32,15.12,14.54,15.02,16.29,17.88,18.02,17.09,16.01,15.37,15.57,15.76,15.93,16.09,16.28,16.40,16.51,16.64,16.80,16.90,17.02,16.91,16.50,15.83,15.70,15.70,15.76,15.78,12.40,11.02,10.65,10.65,10.65,10.65,10.65,10.65,10.65,10.65,10.65,10.65,10.65,10.65,10.65,11.12,12.37,14.81,13.51,12.98,13.36,14.01,14.20,14.10,13.89,13.68,13.40,13.13,12.87,12.65,12.45,12.25,12.07,11.91,11.75,11.56,11.37,11.20,11.02,10.80,10.65,10.44,10.20,9.96,9.71,9.49,9.28,9.08,8.84,8.69,8.57,8.48,8.40,8.48,8.48,8.25,7.70,7.44,7.28,7.20,7.18,7.24,7.30,7.38,7.44,7.45,7.40,7.32,7.27,7.29,7.33,7.43,7.57,7.72,7.79,7.91,7.93,7.91,7.90,7.87,7.83,7.80,7.78,7.77,7.73,7.68,7.66,7.68,7.75,7.76,7.74,7.72,7.64,7.62,7.60,7.57,7.51,7.41,7.38,7.38,7.40,7.43,7.42,7.29,7.04,6.79,6.54,6.29,6.04,5.81,5.57,5.52,5.56,5.60,5.60,5.61,5.62,5.62,5.62,5.64,5.65,5.67,5.67,5.68,5.68,5.66,5.62,5.64,5.54,5.42,5.32,5.20,5.16,5.16,5.18,5.16,5.07,4.98,5.01,5.18,5.35,5.40,5.42,5.40,5.31,5.03,4.93,4.94,4.98,4.88,4.84,4.79,4.70,4.60,4.47,4.13,3.76,3.54,3.53,3.52,3.52,3.51,3.50,3.51,3.51,3.51,3.51,3.61,3.92,4.07,4.15,4.42,4.59,4.75,4.83,4.73,4.46,4.18,4.17,4.59,4.74,4.71,4.51,4.20,3.85,3.72,3.66,3.63,3.60,3.58,3.55,3.58,3.71,3.72,3.75,3.77,3.69,3.42,3.49,3.56,3.58,3.56,3.55,3.60,3.64,3.64,3.62,3.61,3.57,3.51,3.46,3.42,3.35
14.28,14.33,14.34,14.34,14.33,14.26,14.09,13.80,13.54,13.30,13.15,13.25,14.61,16.38,16.38,14.70,13.57,13.43,13.69,14.44,15.83,16.22,15.54,15.02,15.20,15.39,15.59,15.76,15.92,16.08,16.15,16.28,16.44,16.59,16.72,16.78,16.47,15.87,15.65,15.67,15.71,15.57,15.00,11.58,10.65,10.65,10.65,10.65,10.65,10.65,10.65,10.65,10.65,10.65,10.65,10.65,10.65,10.65,10.69,11.34,14.29,11.93,11.10,11.86,13.02,13.51,13.52,13.40,13.35,13.37,13.15,12.85,12.55,12.30,12.13,11.95,11.77,11.59,11.42,11.25,11.06,10.86,10.68,10.58,10.42,10.18,9.92,9.69,9.48,9.25,9.00,8.71,8.58,8.44,8.30,8.15,8.23,8.19,7.95,7.48,7.35,7.24,7.18,7.20,7.28,7.35,7.40,7.43,7.43,7.38,7.31,7.27,7.30,7.43,7.53,7.64,7.75,7.82,7.92,7.93,7.89,7.87,7.85,7.83,7.81,7.79,7.78,7.75,7.70,7.66,7.71,7.77,7.77,7.74,7.69,7.63,7.61,7.58,7.54,7.49,7.39,7.33,7.31,7.36,7.35,7.39,7.31,7.08,6.85,6.60,6.33,6.07,5.81,5.55,5.52,5.58,5.61,5.61,5.62,5.62,5.62,5.62,5.63,5.64,5.67,5.68,5.68,5.69,5.67,5.62,5.63,5.49,5.37,5.26,5.14,5.17,5.19,5.19,5.13,5.03,4.97,5.05,5.25,5.41,5.43,5.43,5.39,5.28,5.07,4.94,4.92,4.98,4.84,4.86,4.83,4.73,4.57,4.37,3.95,3.59,3.51,3.52,3.51,3.51,3.51,3.50,3.52,3.53,3.55,3.61,3.72,3.90,4.11,4.29,4.77,5.06,5.19,5.16,5.00,4.54,4.24,4.29,4.77,4.92,4.96,4.80,4.46,3.96,3.85,3.78,3.71,3.60,3.58,3.56,3.60,3.73,3.75,3.80,3.80,3.68,3.35,3.46,3.55,3.60,3.59,3.54,3.53,3.55,3.59,3.58,3.55,3.49,3.45,3.45,3.39,3.29
14.15,14.20,14.25,14.22,14.12,13.98,13.81,13.59,13.36,13.16,13.01,12.96,13.22,14.38,14.60,13.80,13.55,13.50,13.52,13.66,14.01,14.69,14.82,14.88,15.07,15.15,15.35,15.55,15.72,15.85,15.98,16.12,16.26,16.39,16.55,16.35,15.99,15.65,15.66,15.68,15.72,14.77,11.74,10.88,10.65,10.65,10.65,10.65,10.65,10.65,10.65,10.65,10.65,10.65,10.65,10.65,10.65,10.65,10.86,11.64,13.80,11.63,10.66,10.84,11.16,11.34,11.35,11.58,12.26,13.25,13.16,12.81,12.46,12.17,12.17,11.97,11.68,11.41,11.24,11.09,10.92,10.73,10.57,10.43,10.30,10.12,9.83,9.66,9.47,9.24,8.99,8.71,8.52,8.30,8.10,7.90,7.90,7.85,7.72,7.49,7.30,7.22,7.20,7.21,7.30,7.39,7.42,7.41,7.38,7.35,7.35,7.34,7.32,7.49,7.62,7.71,7.75,7.82,7.92,7.91,7.87,7.85,7.82,7.81,7.79,7.78,7.78,7.78,7.74,7.70,7.71,7.72,7.71,7.69,7.66,7.61,7.58,7.56,7.54,7.47,7.41,7.36,7.33,7.34,7.36,7.34,7.27,7.13,6.93,6.68,6.37,6.03,5.69,5.56,5.56,5.60,5.61,5.61,5.62,5.62,5.62,5.62,5.62,5.63,5.64,5.66,5.68,5.70,5.67,5.61,5.59,5.45,5.32,5.21,5.13,5.18,5.21,5.19,5.11,4.99,5.05,5.21,5.39,5.45,5.48,5.47,5.43,5.37,5.22,5.04,4.94,4.95,4.89,4.88,4.84,4.75,4.60,4.29,3.84,3.52,3.50,3.50,3.50,3.51,3.51,3.51,3.52,3.58,3.77,4.03,4.08,4.17,4.37,4.74,5.39,5.59,5.59,5.48,5.31,4.67,4.30,4.38,4.89,4.84,4.83,4.77,4.53,3.82,3.86,3.90,3.79,3.49,3.53,3.63,3.71,3.74,3.78,3.84,3.73,3.55,3.61,3.52,3.56,3.61,3.60,3.59,3.56,3.53,3.52,3.53,3.51,3.49,3.47,3.46,3.33,3.27
13.97,14.02,14.15,14.07,13.96,13.78,13.56,13.37,13.24,13.04,12.85,12.71,12.67,13.47,13.79,13.49,13.52,13.53,13.50,13.51,13.64,14.18,14.51,14.68,14.77,14.93,15.14,15.36,15.56,15.71,15.83,15.95,16.09,16.24,16.24,15.97,15.71,15.59,15.66,15.68,15.71,14.48,10.65,10.65,10.65,10.65,10.65,10.65,10.65,10.65,10.65,10.65,10.65,10.65,10.65,10.65,10.65,10.65,11.10,11.97,12.61,11.15,10.48,10.50,10.54,10.60,10.61,10.82,11.36,12.14,12.08,12.07,12.16,12.02,11.92,11.68,11.47,11.42,11.22,11.02,10.80,10.58,10.42,10.27,10.13,9.97,9.73,9.56,9.37,9.17,8.98,8.71,8.48,8.22,8.00,7.81,7.73,7.63,7.53,7.44,7.31,7.26,7.24,7.26,7.35,7.39,7.41,7.39,7.34,7.30,7.33,7.36,7.36,7.48,7.59,7.67,7.73,7.79,7.90,7.90,7.85,7.82,7.80,7.80,7.79,7.76,7.77,7.78,7.74,7.68,7.65,7.65,7.63,7.61,7.59,7.54,7.49,7.47,7.46,7.44,7.42,7.38,7.35,7.37,7.40,7.38,7.33,7.24,7.09,6.87,6.55,6.15,5.73,5.61,5.58,5.59,5.60,5.62,5.63,5.62,5.62,5.62,5.62,5.62,5.63,5.65,5.67,5.69,5.67,5.59,5.51,5.37,5.22,5.12,5.12,5.19,5.20,5.15,5.06,5.00,5.14,5.30,5.43,5.52,5.53,5.50,5.46,5.42,5.30,5.15,5.01,4.91,4.91,4.87,4.83,4.79,4.67,4.33,3.90,3.59,3.56,3.50,3.49,3.50,3.52,3.56,3.75,3.90,4.02,4.13,4.21,4.35,4.60,5.01,5.59,5.74,5.71,5.55,5.30,4.60,4.33,4.46,4.83,4.77,4.74,4.64,4.38,3.74,3.88,3.94,3.80,3.49,3.55,3.65,3.74,3.76,3.82,3.88,3.72,3.50,3.62,3.52,3.51,3.52,3.46,3.57,3.58,3.55,3.52,3.53,3.51,3.50,3.47,3.43,3.32,3.25
13.75,13.78,14.02,13.90,13.81,13.59,13.31,13.13,13.11,12.92,12.67,12.49,12.52,13.13,13.49,13.48,13.48,13.54,13.55,13.65,13.97,14.18,14.38,14.45,14.41,14.72,14.96,15.19,15.40,15.60,15.68,15.78,15.92,16.10,15.86,15.64,15.55,15.60,15.66,15.68,15.58,14.28,10.65,10.65,10.65,10.65,10.65,10.65,10.66,10.66,10.66,10.65,10.65,10.65,10.65,10.65,10.65,10.65,11.34,12.26,11.16,10.60,10.44,10.49,10.54,10.58,10.60,10.61,10.63,10.66,10.60,11.01,11.65,11.67,11.39,11.16,11.17,11.49,11.25,10.98,10.70,10.42,10.27,10.11,9.94,9.78,9.63,9.44,9.24,9.07,8.96,8.72,8.45,8.18,7.96,7.79,7.63,7.48,7.38,7.37,7.35,7.33,7.31,7.31,7.42,7.38,7.37,7.35,7.28,7.25,7.29,7.35,7.41,7.43,7.50,7.59,7.68,7.74,7.86,7.87,7.83,7.80,7.78,7.81,7.81,7.75,7.77,7.76,7.71,7.63,7.57,7.57,7.54,7.51,7.51,7.45,7.40,7.36,7.35,7.40,7.41,7.39,7.38,7.42,7.45,7.46,7.43,7.37,7.27,7.10,6.79,6.36,5.85,5.67,5.59,5.57,5.59,5.64,5.64,5.62,5.61,5.62,5.62,5.62,5.63,5.63,5.65,5.68,5.66,5.57,5.41,5.28,5.12,5.01,5.13,5.19,5.16,5.09,5.01,5.03,5.22,5.35,5.41,5.58,5.56,5.53,5.49,5.45,5.36,5.27,5.10,4.87,4.92,4.84,4.82,4.82,4.74,4.43,4.05,3.76,3.70,3.54,3.50,3.50,3.54,3.66,4.24,4.31,4.36,4.28,4.27,4.49,4.80,5.16,5.58,5.70,5.67,5.49,5.15,4.44,4.33,4.51,4.68,4.68,4.65,4.46,4.12,3.72,3.91,3.93,3.77,3.55,3.59,3.66,3.73,3.79,3.86,3.89,3.73,3.49,3.50,3.48,3.46,3.38,3.25,3.53,3.60,3.58,3.55,3.53,3.52,3.50,3.47,3.40,3.33,3.23
13.08,13.21,13.70,13.52,13.20,12.94,12.77,12.65,12.63,12.56,12.47,12.38,12.40,12.95,13.44,13.64,13.46,13.42,13.46,13.58,13.83,14.04,14.06,14.09,14.25,14.58,14.79,14.99,15.20,15.37,15.47,15.55,15.64,15.74,15.62,15.58,15.58,15.61,15.66,15.67,14.08,11.89,10.65,10.65,10.65,10.65,10.65,10.65,10.66,10.66,10.66,10.66,10.66,10.66,10.65,10.65,10.65,10.69,11.24,11.90,10.78,10.53,10.48,10.49,10.52,10.57,10.59,10.61,10.65,10.75,10.69,10.37,9.79,8.96,9.27,9.82,10.49,11.12,10.98,10.84,10.65,10.41,10.20,9.97,9.77,9.60,9.48,9.30,9.11,8.95,8.84,8.68,8.45,8.17,7.92,7.72,7.58,7.46,7.39,7.38,7.37,7.37,7.37,7.37,7.38,7.35,7.33,7.29,7.19,7.25,7.26,7.29,7.36,7.36,7.42,7.49,7.57,7.61,7.71,7.76,7.78,7.77,7.78,7.83,7.82,7.74,7.77,7.75,7.67,7.57,7.50,7.49,7.50,7.50,7.50,7.48,7.43,7.36,7.29,7.31,7.36,7.37,7.38,7.42,7.47,7.49,7.48,7.41,7.33,7.23,6.94,6.49,5.96,5.76,5.65,5.61,5.60,5.61,5.61,5.62,5.63,5.61,5.62,5.62,5.63,5.63,5.64,5.64,5.61,5.54,5.40,5.24,5.12,5.08,5.16,5.17,5.13,5.07,5.04,5.14,5.32,5.39,5.38,5.55,5.57,5.55,5.51,5.47,5.42,5.32,5.16,4.96,4.88,4.84,4.81,4.77,4.70,4.57,4.41,4.31,4.33,4.30,3.70,3.52,3.67,4.23,4.23,4.21,4.25,4.35,4.45,4.62,4.83,5.05,5.35,5.50,5.54,5.40,5.00,4.36,4.26,4.38,4.42,4.40,4.31,4.16,3.97,3.86,3.94,3.82,3.62,3.52,3.60,3.67,3.74,3.83,3.86,3.64,3.52,3.53,3.55,3.51,3.48,3.45,3.42,3.46,3.46,3.40,3.31,3.28,3.29,3.38,3.48,3.45,3.34,3.25
12.51,12.62,13.06,12.95,12.65,12.46,12.39,12.33,12.30,12.30,12.29,12.27,12.27,12.65,13.25,13.74,13.33,13.26,13.33,13.49,13.70,13.72,13.69,13.80,14.11,14.39,14.62,14.83,15.01,15.13,15.25,15.38,15.48,15.54,15.50,15.54,15.59,15.62,15.66,14.64,12.52,10.65,10.65,10.65,10.65,10.65,10.65,10.66,10.66,10.66,10.66,10.66,10.66,10.67,10.67,10.67,10.66,10.73,11.06,11.35,10.55,10.48,10.49,10.50,10.53,10.57,10.58,10.59,10.66,10.83,10.73,9.88,8.55,7.55,7.97,8.64,9.34,9.90,9.98,10.18,10.35,10.36,10.09,9.89,9.68,9.49,9.33,9.16,8.97,8.80,8.67,8.54,8.35,8.11,7.86,7.67,7.57,7.49,7.44,7.42,7.41,7.41,7.42,7.41,7.36,7.34,7.30,7.23,7.15,7.22,7.20,7.20,7.28,7.30,7.36,7.41,7.45,7.47,7.56,7.64,7.71,7.73,7.76,7.81,7.81,7.74,7.78,7.73,7.62,7.50,7.42,7.42,7.45,7.47,7.46,7.44,7.43,7.38,7.31,7.31,7.32,7.32,7.33,7.38,7.45,7.49,7.48,7.44,7.38,7.30,7.04,6.64,6.16,5.80,5.67,5.63,5.62,5.60,5.60,5.62,5.63,5.62,5.62,5.63,5.63,5.63,5.63,5.61,5.57,5.51,5.37,5.21,5.13,5.13,5.18,5.15,5.10,5.07,5.10,5.25,5.37,5.39,5.38,5.51,5.57,5.57,5.54,5.50,5.46,5.35,5.19,5.00,4.85,4.83,4.80,4.75,4.71,4.66,4.62,4.61,4.61,4.40,4.00,3.78,3.87,4.24,4.24,4.20,4.22,4.38,4.60,4.80,4.93,5.03,5.25,5.38,5.40,5.23,4.76,4.25,4.18,4.26,4.24,4.20,4.10,3.97,3.88,3.92,3.91,3.77,3.60,3.54,3.58,3.67,3.79,3.88,3.79,3.52,3.47,3.58,3.59,3.55,3.52,3.52,3.52,3.46,3.42,3.36,3.27,3.26,3.22,3.36,3.54,3.47,3.32,3.23
12.04,12.00,12.08,12.18,12.18,12.17,12.17,12.17,12.15,12.14,12.14,12.15,12.13,12.21,12.90,13.75,13.09,13.05,13.17,13.37,13.57,13.20,13.28,13.60,13.99,14.15,14.47,14.70,14.83,14.89,15.04,15.27,15.46,15.49,15.49,15.53,15.58,15.62,15.67,12.50,10.91,10.66,10.66,10.66,10.66,10.66,10.66,10.67,10.67,10.67,10.67,10.67,10.67,10.68,10.69,10.70,10.68,10.79,10.78,10.61,10.47,10.47,10.48,10.50,10.57,10.57,10.56,10.57,10.65,10.89,10.73,9.56,7.98,7.54,7.57,7.63,7.69,7.77,8.18,8.97,9.77,10.28,9.94,9.87,9.70,9.45,9.17,9.00,8.81,8.63,8.46,8.28,8.15,7.98,7.79,7.64,7.60,7.57,7.53,7.49,7.47,7.46,7.45,7.43,7.36,7.34,7.27,7.18,7.18,7.16,7.10,7.09,7.17,7.25,7.32,7.34,7.33,7.34,7.41,7.51,7.61,7.69,7.70,7.76,7.78,7.75,7.80,7.70,7.56,7.43,7.35,7.38,7.41,7.41,7.38,7.34,7.39,7.42,7.40,7.39,7.31,7.24,7.23,7.30,7.39,7.43,7.45,7.44,7.40,7.30,7.09,6.79,6.46,5.80,5.62,5.64,5.64,5.61,5.60,5.61,5.62,5.64,5.64,5.63,5.62,5.63,5.62,5.58,5.54,5.48,5.32,5.20,5.15,5.15,5.19,5.15,5.08,5.07,5.19,5.36,5.37,5.36,5.40,5.45,5.56,5.59,5.56,5.52,5.47,5.36,5.18,4.97,4.83,4.79,4.78,4.78,4.77,4.72,4.68,4.64,4.57,4.49,4.42,4.35,4.30,4.26,4.27,4.27,4.29,4.35,4.72,5.01,5.13,5.12,5.31,5.36,5.25,4.95,4.43,4.11,4.09,4.17,4.16,4.11,4.00,3.90,3.85,3.91,3.83,3.77,3.71,3.62,3.51,3.66,3.86,3.95,3.62,3.55,3.58,3.63,3.60,3.58,3.57,3.57,3.55,3.51,3.48,3.46,3.44,3.48,3.32,3.45,3.63,3.47,3.26,3.16
11.87,11.81,11.81,11.97,12.00,12.00,11.99,11.98,11.98,11.98,11.99,12.01,12.01,12.07,12.53,13.12,12.74,12.88,13.06,13.11,12.88,12.83,13.08,13.42,13.76,14.08,14.32,14.49,14.61,14.73,15.10,15.34,15.45,15.49,15.51,15.55,15.59,15.42,14.47,11.81,10.68,10.66,10.67,10.67,10.67,10.67,10.67,10.68,10.68,10.68,10.68,10.68,10.68,10.68,10.69,10.69,10.66,10.69,10.64,10.51,10.50,10.48,10.47,10.49,10.53,10.53,10.55,10.58,10.63,10.75,10.69,9.42,7.70,7.54,7.54,7.53,7.52,7.51,7.71,8.09,8.48,8.74,8.63,8.83,9.01,9.11,9.12,8.96,8.75,8.52,8.30,8.10,7.97,7.83,7.70,7.61,7.59,7.59,7.58,7.54,7.52,7.49,7.45,7.40,7.36,7.31,7.22,7.10,6.97,6.95,6.94,6.97,7.03,7.08,7.11,7.14,7.20,7.28,7.43,7.49,7.53,7.61,7.69,7.73,7.74,7.74,7.77,7.68,7.54,7.40,7.32,7.29,7.28,7.26,7.22,7.22,7.27,7.29,7.29,7.35,7.37,7.34,7.31,7.28,7.28,7.28,7.31,7.35,7.32,7.29,7.16,6.90,6.46,5.83,5.63,5.64,5.67,5.62,5.61,5.61,5.61,5.63,5.63,5.63,5.63,5.62,5.59,5.57,5.51,5.40,5.21,5.18,5.18,5.18,5.15,5.11,5.11,5.15,5.24,5.41,5.41,5.39,5.38,5.41,5.56,5.60,5.57,5.53,5.44,5.36,5.23,5.02,4.88,4.80,4.73,4.69,4.72,4.75,4.72,4.66,4.57,4.54,4.48,4.42,4.38,4.33,4.39,4.44,4.46,4.45,4.59,4.87,5.06,5.11,5.32,5.33,5.08,4.66,4.32,4.14,4.04,4.03,4.10,4.04,3.91,3.82,3.81,3.87,3.79,3.73,3.73,3.77,3.74,3.83,3.93,3.95,3.63,3.60,3.63,3.65,3.64,3.63,3.62,3.60,3.59,3.55,3.51,3.47,3.44,3.47,3.54,3.61,3.60,3.40,3.22,3.08
11.76,11.69,11.66,11.82,11.85,11.85,11.83,11.80,11.82,11.83,11.84,11.86,11.88,11.96,12.21,12.53,12.47,12.73,12.84,12.69,12.27,12.55,12.90,13.26,13.61,13.99,14.15,14.27,14.41,14.65,15.23,15.44,15.46,15.49,15.53,15.57,15.59,15.19,13.06,11.31,10.65,10.65,10.67,10.67,10.68,10.68,10.68,10.68,10.68,10.68,10.69,10.69,10.69,10.69,10.68,10.68,10.64,10.61,10.56,10.51,10.54,10.51,10.49,10.49,10.51,10.51,10.56,10.60,10.61,10.63,10.27,9.00,7.52,7.55,7.55,7.54,7.52,7.50,7.50,7.49,7.49,7.52,7.60,7.95,8.32,8.64,8.86,8.79,8.64,8.44,8.21,7.99,7.84,7.70,7.61,7.56,7.56,7.59,7.60,7.58,7.57,7.53,7.46,7.38,7.36,7.28,7.17,7.03,6.82,6.78,6.78,6.82,6.87,6.88,6.86,6.91,7.03,7.18,7.39,7.46,7.48,7.56,7.67,7.70,7.70,7.72,7.76,7.69,7.53,7.36,7.30,7.21,7.14,7.10,7.07,7.10,7.14,7.15,7.17,7.30,7.40,7.42,7.38,7.29,7.21,7.18,7.21,7.27,7.24,7.27,7.21,6.96,6.38,5.82,5.63,5.65,5.69,5.64,5.62,5.61,5.61,5.62,5.62,5.63,5.64,5.61,5.56,5.54,5.47,5.32,5.13,5.16,5.20,5.19,5.11,5.08,5.13,5.22,5.29,5.43,5.44,5.41,5.38,5.40,5.55,5.59,5.55,5.50,5.40,5.37,5.28,5.09,4.94,4.88,4.79,4.70,4.72,4.75,4.73,4.67,4.60,4.57,4.52,4.46,4.41,4.40,4.48,4.56,4.61,4.62,4.49,4.69,4.92,5.05,5.28,5.24,4.91,4.47,4.28,4.20,4.03,3.94,4.04,3.99,3.87,3.80,3.79,3.80,3.74,3.71,3.76,3.90,3.95,3.99,4.00,3.97,3.67,3.66,3.68,3.68,3.70,3.69,3.66,3.64,3.63,3.59,3.53,3.48,3.44,3.48,3.70,3.71,3.55,3.34,3.20,3.00
11.68,11.59,11.57,11.64,11.70,11.73,11.72,11.63,11.69,11.70,11.70,11.72,11.75,11.85,12.04,12.27,12.44,12.65,12.33,11.93,12.05,12.43,12.74,13.15,13.66,13.82,13.94,14.06,14.28,14.76,15.44,15.56,15.48,15.52,15.55,15.58,15.59,14.91,11.48,10.80,10.65,10.65,10.65,10.66,10.68,10.70,10.70,10.70,10.70,10.70,10.70,10.70,10.70,10.69,10.69,10.71,10.66,10.62,10.58,10.55,10.58,10.58,10.56,10.53,10.52,10.53,10.59,10.63,10.62,10.60,8.98,7.84,7.50,7.57,7.56,7.54,7.52,7.50,7.49,7.49,7.49,7.51,7.58,7.76,7.86,7.93,8.06,8.27,8.42,8.43,8.27,8.03,7.80,7.63,7.55,7.50,7.53,7.57,7.60,7.61,7.63,7.60,7.52,7.41,7.34,7.26,7.14,7.00,6.87,6.76,6.66,6.63,6.66,6.64,6.55,6.59,6.77,6.96,7.18,7.34,7.48,7.64,7.63,7.64,7.67,7.72,7.81,7.76,7.53,7.28,7.29,7.13,7.01,6.93,6.91,6.98,7.02,7.02,7.05,7.26,7.34,7.36,7.35,7.32,7.27,7.24,7.24,7.23,7.20,7.24,7.21,6.94,6.16,5.73,5.61,5.66,5.72,5.66,5.63,5.62,5.62,5.63,5.63,5.63,5.62,5.60,5.50,5.44,5.36,5.25,5.15,5.18,5.19,5.16,5.09,5.05,5.14,5.27,5.36,5.44,5.43,5.42,5.41,5.43,5.54,5.50,5.41,5.39,5.36,5.37,5.32,5.18,5.02,5.09,5.08,4.99,4.92,4.69,4.65,4.67,4.65,4.54,4.49,4.46,4.45,4.43,4.45,4.53,4.68,4.92,4.54,4.53,4.70,4.91,5.08,4.98,4.75,4.50,4.38,4.27,4.09,3.96,3.96,3.96,3.95,3.92,3.85,3.66,3.66,3.74,3.85,3.94,4.01,4.05,4.06,4.03,3.76,3.75,3.76,3.75,3.76,3.75,3.73,3.70,3.69,3.64,3.58,3.52,3.49,3.60,3.71,3.64,3.47,3.35,3.19,2.94
11.59,11.49,11.46,11.49,11.56,11.57,11.53,11.45,11.48,11.47,11.48,11.56,11.63,11.79,11.97,12.17,12.37,12.05,11.69,11.56,11.89,12.25,12.72,13.17,13.51,13.63,13.74,14.05,14.55,15.12,15.49,15.54,15.50,15.53,15.57,15.59,14.94,13.37,10.88,10.65,10.65,10.65,10.65,10.65,10.67,10.68,10.69,10.71,10.71,10.71,10.71,10.71,10.71,10.70,10.69,10.71,10.65,10.60,10.56,10.55,10.59,10.61,10.60,10.58,10.57,10.58,10.61,10.59,10.41,9.73,8.27,7.51,7.49,7.53,7.55,7.54,7.52,7.50,7.47,7.48,7.49,7.50,7.56,7.69,7.73,7.74,7.81,7.98,8.07,8.09,8.04,7.93,7.80,7.67,7.57,7.47,7.51,7.55,7.59,7.63,7.65,7.62,7.55,7.44,7.36,7.27,7.14,7.00,6.89,6.78,6.68,6.62,6.59,6.55,6.42,6.43,6.59,6.69,6.93,7.15,7.34,7.47,7.46,7.58,7.68,7.72,7.76,7.59,7.39,7.23,7.22,7.06,6.89,6.78,6.76,6.85,6.88,6.89,6.95,7.17,7.25,7.30,7.31,7.31,7.27,7.27,7.26,7.24,7.23,7.24,7.23,7.09,6.60,6.23,6.04,5.88,5.69,5.68,5.65,5.63,5.63,5.63,5.64,5.63,5.61,5.56,5.44,5.35,5.26,5.18,5.17,5.19,5.18,5.12,5.06,5.10,5.25,5.40,5.45,5.47,5.45,5.44,5.45,5.49,5.52,5.46,5.39,5.38,5.37,5.38,5.35,5.26,5.17,5.23,5.25,5.21,5.16,4.89,4.74,4.67,4.62,4.59,4.52,4.47,4.47,4.49,4.44,4.49,4.66,4.93,4.65,4.52,4.57,4.74,4.85,4.86,4.73,4.52,4.35,4.27,4.12,3.99,3.94,3.87,3.93,3.94,3.83,3.67,3.68,3.79,3.91,3.94,4.04,4.08,4.06,3.97,3.83,3.81,3.82,3.81,3.82,3.81,3.78,3.75,3.73,3.67,3.62,3.55,3.50,3.62,3.66,3.56,3.40,3.27,3.03,2.82
11.52,11.40,11.35,11.37,11.42,11.41,11.33,11.28,11.24,11.23,11.27,11.40,11.54,11.75,11.96,12.11,12.17,11.25,11.04,11.36,11.76,12.10,12.76,13.22,13.29,13.43,13.61,14.18,14.98,15.52,15.46,15.47,15.52,15.54,15.58,15.60,14.07,11.45,10.72,10.65,10.65,10.65,10.65,10.65,10.65,10.66,10.67,10.71,10.72,10.72,10.72,10.72,10.72,10.71,10.70,10.72,10.64,10.56,10.52,10.53,10.58,10.61,10.62,10.62,10.62,10.63,10.62,10.49,10.05,8.59,7.86,7.54,7.48,7.48,7.54,7.54,7.52,7.50,7.44,7.46,7.48,7.48,7.55,7.67,7.73,7.76,7.79,7.79,7.71,7.66,7.72,7.77,7.80,7.75,7.62,7.46,7.50,7.53,7.57,7.64,7.65,7.62,7.56,7.47,7.38,7.28,7.15,7.02,6.92,6.83,6.77,6.69,6.60,6.53,6.38,6.37,6.47,6.43,6.66,6.91,7.10,7.18,7.22,7.49,7.68,7.69,7.65,7.34,7.21,7.20,7.15,6.99,6.77,6.62,6.62,6.71,6.74,6.77,6.86,7.06,7.17,7.24,7.27,7.28,7.26,7.27,7.27,7.26,7.28,7.25,7.27,7.29,7.25,6.94,6.62,6.21,5.71,5.73,5.69,5.65,5.63,5.64,5.67,5.66,5.61,5.50,5.38,5.27,5.17,5.12,5.20,5.20,5.16,5.10,5.04,5.17,5.39,5.55,5.56,5.50,5.48,5.47,5.49,5.54,5.49,5.44,5.41,5.41,5.40,5.40,5.39,5.34,5.35,5.36,5.38,5.40,5.41,5.20,4.92,4.68,4.57,4.64,4.56,4.49,4.48,4.55,4.44,4.45,4.59,4.81,4.74,4.57,4.49,4.58,4.62,4.79,4.76,4.54,4.27,4.22,4.12,4.01,3.92,3.75,3.87,3.90,3.76,3.74,3.73,3.82,3.93,3.94,4.07,4.10,4.03,3.88,3.87,3.87,3.86,3.87,3.88,3.87,3.84,3.80,3.77,3.71,3.67,3.59,3.50,3.60,3.58,3.48,3.33,3.15,2.82,2.69
11.52,11.39,11.30,11.33,11.37,11.33,11.22,11.14,11.08,11.16,11.31,11.48,11.59,11.76,11.93,11.86,10.93,10.71,10.86,11.19,11.56,12.40,12.83,13.02,13.09,13.26,14.02,14.80,15.35,15.46,15.46,15.49,15.52,15.56,15.60,15.61,13.83,10.91,10.67,10.65,10.65,10.65,10.65,10.65,10.65,10.65,10.66,10.67,10.70,10.72,10.73,10.73,10.73,10.72,10.74,10.82,10.66,10.59,10.56,10.54,10.56,10.57,10.57,10.58,10.61,10.62,10.51,10.06,9.22,8.33,7.79,7.53,7.49,7.49,7.51,7.52,7.52,7.50,7.44,7.45,7.46,7.48,7.55,7.62,7.68,7.74,7.76,7.74,7.72,7.70,7.66,7.65,7.72,7.74,7.65,7.45,7.48,7.53,7.57,7.61,7.61,7.58,7.51,7.43,7.33,7.22,7.13,7.06,7.07,7.01,6.89,6.77,6.69,6.59,6.48,6.43,6.42,6.35,6.45,6.54,6.63,6.75,6.84,7.15,7.36,7.35,7.36,7.18,7.16,7.21,7.11,6.93,6.65,6.47,6.49,6.57,6.59,6.67,6.82,7.05,7.17,7.26,7.29,7.26,7.25,7.26,7.27,7.26,7.28,7.25,7.26,7.29,7.27,7.13,6.97,6.77,6.50,6.17,5.99,5.81,5.65,5.76,5.87,5.83,5.67,5.44,5.32,5.20,5.12,5.14,5.20,5.17,5.13,5.09,5.08,5.23,5.43,5.58,5.59,5.51,5.48,5.47,5.46,5.46,5.43,5.40,5.38,5.36,5.42,5.42,5.42,5.45,5.50,5.54,5.59,5.62,5.61,5.49,5.24,4.92,4.62,4.54,4.54,4.52,4.47,4.53,4.44,4.41,4.47,4.65,4.57,4.48,4.45,4.48,4.48,4.65,4.63,4.41,4.14,4.03,3.97,3.91,3.82,3.57,3.71,3.76,3.65,3.65,3.62,3.66,3.77,3.97,4.08,4.10,4.03,3.88,3.88,3.90,3.90,3.90,3.91,3.91,3.89,3.86,3.83,3.78,3.73,3.67,3.62,3.61,3.56,3.43,3.22,2.98,2.76,2.71
11.51,11.39,11.27,11.28,11.31,11.26,11.14,11.04,11.05,11.17,11.33,11.49,11.61,11.75,11.59,11.04,10.16,10.35,10.68,11.13,11.79,12.54,12.78,12.83,12.98,13.47,14.52,15.23,15.50,15.44,15.47,15.50,15.53,15.57,15.61,14.64,12.73,10.65,10.65,10.65,10.65,10.65,10.65,10.65,10.65,10.65,10.65,10.65,10.68,10.70,10.72,10.74,10.74,10.73,10.75,10.83,10.65,10.62,10.61,10.59,10.60,10.57,10.56,10.56,10.60,10.61,10.47,9.93,8.98,8.42,7.82,7.52,7.48,7.50,7.50,7.52,7.52,7.50,7.48,7.49,7.48,7.47,7.51,7.57,7.65,7.71,7.71,7.69,7.70,7.70,7.64,7.62,7.68,7.70,7.63,7.43,7.47,7.51,7.55,7.57,7.58,7.52,7.44,7.37,7.26,7.15,7.07,7.04,7.08,7.05,6.97,6.88,6.82,6.68,6.59,6.52,6.46,6.37,6.37,6.35,6.36,6.44,6.53,6.77,6.92,6.92,7.00,6.94,6.96,6.97,6.83,6.71,6.47,6.32,6.37,6.43,6.46,6.58,6.80,7.01,7.15,7.25,7.30,7.24,7.25,7.26,7.27,7.26,7.28,7.26,7.25,7.24,7.23,7.18,7.11,7.02,6.89,6.52,6.31,6.10,5.92,5.99,6.05,5.94,5.70,5.41,5.28,5.16,5.12,5.16,5.18,5.13,5.08,5.07,5.14,5.31,5.51,5.64,5.63,5.54,5.49,5.46,5.43,5.41,5.39,5.37,5.35,5.33,5.41,5.40,5.43,5.51,5.59,5.66,5.73,5.78,5.80,5.76,5.51,5.15,4.76,4.52,4.51,4.52,4.48,4.47,4.44,4.41,4.42,4.54,4.49,4.46,4.44,4.42,4.44,4.54,4.46,4.25,4.04,3.94,3.88,3.83,3.74,3.56,3.64,3.68,3.63,3.67,3.68,3.69,3.77,3.97,4.07,4.03,3.94,3.88,3.89,3.92,3.92,3.92,3.94,3.94,3.92,3.89,3.86,3.81,3.83,3.83,3.78,3.68,3.56,3.38,3.14,2.87,2.74,2.72
11.48,11.41,11.27,11.21,11.25,11.21,11.10,10.98,11.13,11.25,11.35,11.43,11.60,11.73,10.95,9.65,9.85,10.17,10.51,11.18,12.44,12.55,12.60,12.67,12.94,14.06,15.08,15.49,15.44,15.48,15.49,15.51,15.54,15.58,15.61,12.74,10.81,10.65,10.65,10.65,10.65,10.65,10.65,10.65,10.65,10.65,10.65,10.65,10.65,10.66,10.69,10.75,10.75,10.74,10.74,10.76,10.61,10.64,10.68,10.68,10.69,10.62,10.58,10.57,10.59,10.58,10.49,10.08,9.31,8.82,7.94,7.49,7.47,7.50,7.53,7.53,7.52,7.50,7.56,7.56,7.53,7.47,7.44,7.54,7.63,7.67,7.64,7.63,7.65,7.67,7.67,7.68,7.67,7.65,7.58,7.41,7.46,7.49,7.51,7.54,7.57,7.45,7.34,7.28,7.16,7.07,7.00,6.96,6.96,6.94,6.99,7.03,7.00,6.81,6.70,6.63,6.57,6.49,6.42,6.35,6.28,6.24,6.29,6.34,6.38,6.41,6.55,6.62,6.61,6.50,6.32,6.33,6.23,6.18,6.29,6.30,6.33,6.52,6.81,6.96,7.11,7.24,7.29,7.23,7.25,7.26,7.27,7.26,7.27,7.28,7.22,7.14,7.12,7.09,7.04,6.98,6.91,6.77,6.64,6.53,6.42,6.31,6.20,5.98,5.69,5.39,5.25,5.16,5.15,5.19,5.15,5.07,5.02,5.04,5.21,5.44,5.64,5.73,5.66,5.59,5.50,5.44,5.41,5.38,5.36,5.34,5.32,5.30,5.37,5.37,5.41,5.52,5.62,5.73,5.83,5.92,5.97,6.01,5.76,5.37,4.99,4.59,4.48,4.48,4.50,4.39,4.43,4.43,4.43,4.48,4.50,4.50,4.46,4.40,4.49,4.45,4.27,4.05,3.98,3.93,3.85,3.77,3.70,3.70,3.66,3.65,3.70,3.81,3.90,3.93,3.92,3.95,4.05,3.87,3.77,3.87,3.89,3.91,3.93,3.94,3.95,3.96,3.93,3.90,3.87,3.82,3.96,4.04,3.98,3.79,3.58,3.34,3.08,2.81,2.75,2.71
11.49,11.47,11.41,11.17,11.14,11.11,11.07,11.04,11.17,11.26,11.35,11.46,11.60,10.69,9.80,9.38,9.66,9.98,10.81,11.76,12.34,12.39,12.45,12.54,12.87,14.24,15.14,15.47,15.44,15.50,15.51,15.52,15.55,15.60,15.71,12.63,10.65,10.65,10.65,10.65,10.65,10.65,10.65,10.65,10.65,10.65,10.65,10.65,10.65,10.65,10.67,10.69,10.72,10.71,10.66,10.58,10.54,10.61,10.68,10.73,10.79,10.79,10.79,10.75,10.66,10.53,10.46,9.80,8.46,8.14,7.71,7.51,7.52,7.53,7.54,7.55,7.55,7.54,7.58,7.61,7.61,7.58,7.54,7.56,7.60,7.61,7.54,7.56,7.60,7.63,7.65,7.71,7.69,7.63,7.53,7.39,7.46,7.51,7.54,7.56,7.50,7.39,7.28,7.18,7.05,6.93,6.85,6.81,6.83,6.82,6.85,6.88,6.89,6.85,6.77,6.71,6.67,6.58,6.49,6.41,6.35,6.29,6.27,6.22,6.20,6.22,6.28,6.32,6.33,6.31,6.23,6.21,6.15,6.12,6.17,6.20,6.25,6.46,6.77,6.93,7.14,7.24,7.25,7.23,7.25,7.26,7.26,7.24,7.22,7.24,7.18,7.06,7.00,6.98,6.95,6.90,6.82,6.78,6.65,6.53,6.42,6.27,6.13,5.91,5.62,5.28,5.17,5.16,5.18,5.19,5.12,5.05,5.05,5.14,5.29,5.50,5.65,5.71,5.67,5.58,5.48,5.41,5.36,5.36,5.34,5.32,5.30,5.28,5.33,5.35,5.41,5.52,5.62,5.73,5.84,5.94,6.03,6.06,5.84,5.57,5.42,5.05,4.79,4.59,4.45,4.38,4.37,4.40,4.45,4.48,4.49,4.54,4.59,4.63,4.67,4.51,4.32,4.16,4.11,4.03,3.96,3.86,3.71,3.72,3.70,3.70,3.75,3.88,3.92,3.95,3.97,3.97,3.95,3.85,3.80,3.86,3.88,3.91,3.93,3.95,3.95,3.95,3.93,3.90,3.87,3.83,3.97,4.04,3.93,3.67,3.43,3.23,3.03,2.80,2.77,2.71
11.58,11.58,11.59,11.13,11.06,11.05,11.06,11.10,11.20,11.28,11.36,11.43,11.01,9.62,8.94,9.21,9.50,10.13,11.22,12.14,12.19,12.23,12.31,12.43,12.76,14.08,14.96,15.37,15.45,15.51,15.53,15.55,15.57,15.56,15.03,12.31,10.65,10.65,10.65,10.65,10.65,10.65,10.65,10.65,10.65,10.65,10.65,10.65,10.65,10.65,10.65,10.65,10.68,10.68,10.60,10.44,10.48,10.57,10.67,10.76,10.85,10.92,10.92,10.83,10.60,10.41,10.34,9.56,7.96,7.64,7.55,7.54,7.56,7.56,7.56,7.56,7.56,7.56,7.60,7.64,7.66,7.66,7.63,7.58,7.58,7.57,7.48,7.52,7.56,7.59,7.63,7.71,7.66,7.58,7.47,7.37,7.45,7.51,7.54,7.55,7.42,7.32,7.22,7.10,6.99,6.86,6.77,6.71,6.69,6.70,6.71,6.73,6.75,6.83,6.78,6.74,6.72,6.66,6.60,6.51,6.43,6.37,6.30,6.19,6.13,6.13,6.10,6.09,6.12,6.16,6.18,6.13,6.08,6.07,6.08,6.11,6.17,6.42,6.78,6.94,7.18,7.24,7.22,7.22,7.24,7.25,7.25,7.23,7.21,7.22,7.14,7.00,6.90,6.87,6.86,6.83,6.76,6.76,6.63,6.50,6.38,6.20,6.05,5.86,5.59,5.20,5.14,5.18,5.21,5.17,5.09,5.04,5.10,5.25,5.38,5.55,5.64,5.68,5.67,5.56,5.47,5.39,5.33,5.32,5.31,5.29,5.27,5.25,5.29,5.34,5.41,5.52,5.62,5.73,5.84,5.94,6.03,6.05,5.88,5.71,5.67,5.43,5.13,4.75,4.39,4.39,4.32,4.36,4.45,4.48,4.47,4.56,4.70,4.82,4.82,4.61,4.40,4.25,4.16,4.06,3.98,3.86,3.68,3.73,3.72,3.74,3.81,3.93,3.94,3.96,3.96,3.91,3.86,3.83,3.83,3.85,3.87,3.90,3.93,3.94,3.94,3.94,3.92,3.89,3.86,3.88,3.99,4.00,3.84,3.49,3.28,3.14,3.02,2.84,2.79,2.70
11.79,11.82,11.85,11.08,11.06,11.10,11.10,11.15,11.23,11.30,11.38,11.27,9.19,8.67,8.75,9.05,9.35,10.95,11.78,12.00,12.05,12.10,12.23,12.37,12.57,13.28,14.37,15.13,15.48,15.53,15.56,15.58,15.60,15.40,12.72,11.24,10.65,10.65,10.65,10.65,10.65,10.65,10.65,10.65,10.65,10.65,10.65,10.65,10.65,10.65,10.65,10.65,10.63,10.62,10.56,10.40,10.46,10.54,10.64,10.73,10.83,10.92,10.87,10.65,10.28,10.15,10.04,9.48,8.37,7.73,7.60,7.58,7.58,7.58,7.60,7.56,7.52,7.54,7.62,7.66,7.68,7.66,7.64,7.60,7.58,7.56,7.48,7.52,7.56,7.59,7.61,7.63,7.53,7.44,7.38,7.33,7.42,7.48,7.49,7.47,7.35,7.24,7.15,7.09,7.05,6.96,6.85,6.72,6.55,6.56,6.59,6.61,6.63,6.67,6.68,6.69,6.71,6.74,6.76,6.65,6.53,6.47,6.39,6.30,6.22,6.15,6.11,6.03,6.02,6.07,6.11,6.06,6.03,6.03,6.05,6.03,6.09,6.44,6.92,7.02,7.21,7.24,7.21,7.22,7.24,7.23,7.22,7.22,7.29,7.21,7.09,6.96,6.84,6.74,6.75,6.77,6.75,6.74,6.63,6.50,6.37,6.18,6.00,5.87,5.64,5.19,5.20,5.23,5.21,5.14,5.06,5.05,5.18,5.36,5.49,5.57,5.63,5.65,5.65,5.54,5.45,5.37,5.31,5.28,5.28,5.26,5.24,5.22,5.25,5.32,5.41,5.52,5.62,5.73,5.83,5.90,5.96,5.95,5.89,5.73,5.48,5.57,5.46,4.97,4.34,4.43,4.33,4.32,4.39,4.46,4.40,4.57,4.77,4.90,4.90,4.75,4.51,4.24,4.00,3.91,3.78,3.65,3.55,3.70,3.69,3.75,3.88,3.93,3.96,3.96,3.88,3.68,3.78,3.81,3.81,3.84,3.87,3.91,3.93,3.93,3.91,3.90,3.90,3.89,3.88,4.02,4.04,3.94,3.70,3.24,3.15,3.14,3.10,2.95,2.82,2.69
12.09,12.15,12.14,11.06,11.12,11.17,11.11,11.15,11.24,11.33,10.86,9.54,8.30,8.29,8.60,9.09,10.32,11.42,11.83,11.84,11.89,12.00,12.15,12.30,12.46,12.80,13.76,14.73,15.37,15.28,15.51,15.60,15.59,15.28,12.54,11.63,11.35,11.16,10.69,10.65,10.65,10.65,10.65,10.65,10.65,10.65,10.65,10.65,10.65,10.67,10.68,10.66,10.65,10.63,10.58,10.46,10.45,10.52,10.62,10.72,10.81,10.89,10.79,10.49,9.98,9.76,9.61,9.15,8.28,7.74,7.64,7.63,7.62,7.62,7.64,7.70,7.74,7.72,7.68,7.69,7.70,7.67,7.63,7.61,7.58,7.54,7.51,7.53,7.56,7.59,7.60,7.60,7.47,7.35,7.29,7.32,7.40,7.44,7.44,7.39,7.28,7.14,7.08,7.10,7.06,7.00,6.93,6.82,6.66,6.65,6.61,6.55,6.48,6.53,6.56,6.59,6.63,6.67,6.69,6.67,6.64,6.59,6.54,6.43,6.32,6.22,6.16,6.06,6.01,6.00,5.98,5.98,5.97,5.98,6.01,5.93,6.03,6.34,6.73,6.94,7.13,7.19,7.19,7.20,7.19,7.15,7.16,7.21,7.24,7.13,7.00,6.89,6.80,6.73,6.73,6.75,6.74,6.71,6.58,6.42,6.26,6.07,5.96,5.75,5.46,5.18,5.23,5.23,5.19,5.12,5.06,5.11,5.25,5.45,5.59,5.62,5.63,5.64,5.62,5.52,5.44,5.36,5.29,5.23,5.24,5.23,5.21,5.19,5.23,5.31,5.41,5.52,5.62,5.70,5.77,5.83,5.86,5.83,5.80,5.68,5.47,5.61,5.57,5.10,4.44,4.42,4.34,4.31,4.36,4.45,4.38,4.61,4.84,4.92,4.92,4.72,4.46,4.16,3.85,3.74,3.66,3.60,3.55,3.65,3.71,3.81,3.92,3.93,3.96,3.95,3.87,3.67,3.75,3.78,3.81,3.84,3.87,3.90,3.91,3.90,3.89,3.88,3.86,3.88,3.95,4.04,3.99,3.84,3.57,3.19,3.18,3.20,3.16,2.99,2.85,2.65
12.42,12.50,12.39,11.06,11.16,11.21,11.10,11.13,11.04,11.02,9.97,7.53,7.81,8.13,8.55,9.39,11.51,11.70,11.69,11.70,11.76,11.95,12.11,12.26,12.39,12.51,13.22,14.23,15.07,14.90,15.42,15.62,15.55,15.12,13.03,12.41,12.18,11.80,10.88,10.80,10.75,10.68,10.65,10.65,10.65,10.65,10.65,10.65,10.66,10.68,10.71,10.67,10.68,10.66,10.61,10.55,10.47,10.52,10.61,10.71,10.80,10.85,10.71,10.34,9.71,9.34,9.13,8.72,8.01,7.71,7.66,7.66,7.66,7.67,7.68,7.87,8.02,7.92,7.75,7.72,7.71,7.68,7.62,7.62,7.57,7.52,7.54,7.55,7.58,7.60,7.60,7.57,7.43,7.27,7.20,7.32,7.38,7.40,7.38,7.31,7.20,7.05,7.03,7.12,7.05,7.03,6.99,6.94,6.85,6.81,6.70,6.54,6.37,6.43,6.45,6.48,6.52,6.54,6.54,6.63,6.71,6.69,6.67,6.54,6.41,6.31,6.23,6.12,6.04,5.95,5.85,5.90,5.91,5.92,5.94,5.83,5.97,6.18,6.43,6.76,6.97,7.08,7.13,7.14,7.09,7.04,7.07,7.16,7.12,7.01,6.89,6.80,6.78,6.76,6.75,6.74,6.73,6.67,6.51,6.31,6.12,5.93,5.90,5.59,5.24,5.16,5.23,5.23,5.17,5.10,5.07,5.16,5.32,5.50,5.67,5.65,5.64,5.63,5.59,5.50,5.43,5.35,5.27,5.19,5.19,5.20,5.19,5.17,5.21,5.30,5.41,5.51,5.60,5.66,5.70,5.74,5.74,5.72,5.67,5.59,5.50,5.60,5.57,5.18,4.57,4.40,4.34,4.30,4.33,4.45,4.39,4.67,4.91,4.92,4.91,4.64,4.35,4.06,3.70,3.59,3.60,3.63,3.58,3.59,3.74,3.88,3.95,3.94,3.94,3.91,3.85,3.73,3.74,3.76,3.80,3.85,3.87,3.88,3.88,3.88,3.88,3.86,3.83,3.88,4.04,4.01,3.90,3.71,3.45,3.21,3.27,3.29,3.21,2.99,2.84,2.59
12.77,12.72,12.28,10.99,10.94,11.03,11.07,11.16,9.61,8.61,7.92,7.36,7.66,7.97,9.12,10.84,11.52,11.55,11.56,11.67,11.89,12.08,12.23,12.34,12.43,12.66,13.05,13.51,13.97,14.26,15.26,15.64,15.40,14.58,12.75,12.31,12.24,12.14,11.87,11.89,11.49,10.92,10.65,10.65,10.65,10.66,10.67,10.68,10.65,10.66,10.70,10.66,10.67,10.67,10.65,10.61,10.55,10.54,10.59,10.69,10.79,10.80,10.63,10.23,9.60,9.05,8.72,8.31,7.77,7.69,7.68,7.69,7.70,7.70,7.74,7.97,8.09,7.89,7.76,7.73,7.71,7.68,7.64,7.59,7.56,7.56,7.57,7.59,7.62,7.62,7.58,7.50,7.34,7.21,7.17,7.29,7.34,7.36,7.33,7.23,7.12,7.01,7.01,7.11,7.10,7.08,7.05,7.01,6.95,6.89,6.80,6.69,6.59,6.54,6.42,6.37,6.38,6.40,6.41,6.46,6.51,6.53,6.55,6.49,6.43,6.37,6.27,6.19,6.11,6.03,5.95,5.90,5.87,5.82,5.75,5.76,5.80,5.92,6.12,6.44,6.70,6.81,6.84,6.87,6.82,6.83,6.85,6.86,6.91,6.84,6.78,6.74,6.74,6.77,6.78,6.77,6.73,6.58,6.38,6.17,5.97,5.79,5.60,5.41,5.26,5.18,5.24,5.22,5.16,5.10,5.10,5.16,5.31,5.49,5.61,5.62,5.65,5.63,5.56,5.49,5.41,5.33,5.25,5.17,5.14,5.15,5.16,5.14,5.20,5.30,5.39,5.46,5.52,5.57,5.62,5.64,5.62,5.58,5.51,5.44,5.40,5.49,5.54,5.21,4.62,4.38,4.36,4.30,4.28,4.42,4.47,4.74,4.94,4.94,4.90,4.61,4.30,3.97,3.61,3.63,3.69,3.70,3.61,3.55,3.73,3.89,3.94,3.97,3.93,3.77,3.66,3.77,3.76,3.78,3.81,3.84,3.86,3.86,3.87,3.87,3.87,3.84,3.82,3.87,4.03,4.00,3.74,3.49,3.31,3.20,3.37,3.40,3.26,2.97,2.65,2.42
12.65,12.31,11.76,10.94,10.89,10.98,10.70,9.38,7.98,7.14,6.89,7.18,7.49,8.55,10.05,11.43,11.42,11.43,11.56,11.81,12.12,12.28,12.41,12.50,12.57,12.78,13.03,13.24,13.47,13.84,14.90,15.48,15.46,14.74,12.66,12.23,12.25,12.27,12.30,12.38,12.07,11.65,11.50,11.61,11.08,10.66,10.67,10.69,10.66,10.67,10.69,10.63,10.64,10.65,10.65,10.63,10.59,10.56,10.59,10.67,10.75,10.75,10.55,10.13,9.49,8.86,8.40,8.00,7.67,7.68,7.69,7.70,7.71,7.72,7.81,7.99,8.06,7.85,7.77,7.73,7.70,7.66,7.63,7.56,7.56,7.60,7.60,7.62,7.65,7.64,7.55,7.38,7.23,7.14,7.16,7.25,7.31,7.30,7.24,7.15,7.06,7.02,7.04,7.10,7.11,7.11,7.09,7.07,7.03,6.96,6.88,6.82,6.78,6.64,6.48,6.40,6.37,6.33,6.31,6.33,6.35,6.38,6.41,6.40,6.39,6.37,6.29,6.24,6.18,6.09,6.02,5.95,5.88,5.80,5.71,5.70,5.68,5.72,5.84,6.04,6.29,6.34,6.35,6.49,6.50,6.60,6.67,6.67,6.75,6.73,6.70,6.71,6.72,6.77,6.78,6.76,6.69,6.52,6.33,6.12,5.89,5.66,5.42,5.31,5.25,5.20,5.22,5.18,5.14,5.11,5.14,5.22,5.34,5.47,5.55,5.60,5.65,5.64,5.56,5.44,5.36,5.30,5.23,5.16,5.10,5.10,5.12,5.12,5.19,5.27,5.34,5.39,5.44,5.49,5.53,5.53,5.50,5.43,5.37,5.32,5.29,5.36,5.49,5.24,4.66,4.36,4.35,4.31,4.30,4.40,4.45,4.72,4.93,4.94,4.76,4.49,4.16,3.85,3.65,3.73,3.77,3.74,3.64,3.61,3.76,3.87,3.90,3.94,3.87,3.72,3.61,3.73,3.73,3.76,3.79,3.82,3.83,3.85,3.85,3.84,3.83,3.78,3.75,3.82,4.01,3.91,3.59,3.34,3.25,3.23,3.44,3.46,3.27,2.91,2.53,2.33
12.14,11.38,10.90,10.90,10.96,11.04,10.04,6.07,6.21,6.45,6.71,7.01,7.31,9.75,11.26,11.30,11.25,11.33,11.66,12.10,12.43,12.53,12.64,12.73,12.80,12.87,13.13,13.34,13.48,13.60,14.35,15.16,15.69,15.47,12.74,12.18,12.20,12.23,12.27,12.36,12.53,12.77,13.05,13.38,11.88,10.65,10.66,10.69,10.70,10.70,10.68,10.60,10.59,10.60,10.62,10.63,10.61,10.58,10.60,10.65,10.70,10.70,10.47,10.02,9.39,8.75,8.16,7.77,7.67,7.68,7.69,7.70,7.71,7.73,7.88,7.96,7.93,7.78,7.76,7.73,7.69,7.64,7.60,7.53,7.57,7.66,7.65,7.63,7.67,7.65,7.51,7.21,7.10,7.08,7.16,7.22,7.29,7.23,7.13,7.08,7.00,7.06,7.09,7.08,7.11,7.13,7.13,7.12,7.10,7.02,6.94,6.92,6.94,6.74,6.63,6.55,6.46,6.34,6.23,6.22,6.24,6.25,6.26,6.28,6.30,6.31,6.30,6.28,6.23,6.15,6.08,6.02,5.95,5.87,5.78,5.67,5.58,5.56,5.59,5.58,5.78,5.71,5.68,6.01,6.14,6.36,6.53,6.59,6.64,6.64,6.66,6.69,6.71,6.75,6.75,6.70,6.63,6.49,6.35,6.14,5.85,5.53,5.34,5.25,5.23,5.25,5.19,5.13,5.10,5.14,5.21,5.32,5.39,5.45,5.50,5.59,5.65,5.65,5.57,5.35,5.28,5.25,5.22,5.15,5.07,5.04,5.06,5.09,5.16,5.21,5.26,5.31,5.37,5.41,5.43,5.41,5.36,5.28,5.23,5.21,5.19,5.23,5.44,5.27,4.71,4.34,4.32,4.34,4.37,4.40,4.34,4.62,4.89,4.91,4.53,4.28,3.97,3.71,3.80,3.86,3.84,3.77,3.67,3.73,3.80,3.84,3.85,3.85,3.77,3.72,3.70,3.64,3.67,3.71,3.76,3.81,3.81,3.83,3.82,3.80,3.78,3.67,3.62,3.72,3.97,3.75,3.44,3.25,3.26,3.30,3.48,3.48,3.26,2.82,2.47,2.31
11.54,11.08,10.90,10.94,10.99,9.57,7.30,5.79,5.95,6.22,6.52,7.02,9.20,10.61,11.21,11.20,11.24,11.55,11.99,12.40,12.63,12.76,12.88,12.97,13.03,13.10,13.29,13.42,13.53,13.70,14.03,14.42,14.84,15.16,14.34,14.13,13.33,12.10,12.19,12.55,12.78,12.97,13.24,13.45,12.85,12.07,11.46,10.78,10.70,10.72,10.70,10.59,10.58,10.57,10.58,10.59,10.60,10.57,10.57,10.62,10.64,10.65,10.40,9.91,9.28,8.61,8.03,7.70,7.66,7.66,7.68,7.71,7.72,7.73,7.92,7.93,7.85,7.76,7.74,7.70,7.66,7.62,7.56,7.56,7.60,7.63,7.64,7.63,7.63,7.57,7.42,7.14,7.03,7.03,7.14,7.20,7.23,7.15,7.05,6.98,6.89,7.00,7.08,7.07,7.13,7.15,7.16,7.15,7.14,7.00,6.97,6.97,6.94,6.81,6.74,6.69,6.62,6.46,6.37,6.31,6.26,6.20,6.21,6.20,6.20,6.20,6.21,6.22,6.21,6.18,6.12,6.09,6.02,5.93,5.85,5.76,5.67,5.61,5.57,5.50,5.56,5.51,5.48,5.64,5.78,6.12,6.40,6.52,6.56,6.57,6.61,6.66,6.69,6.74,6.67,6.60,6.56,6.43,6.27,6.08,5.82,5.41,5.27,5.24,5.24,5.23,5.16,5.08,5.08,5.18,5.26,5.38,5.47,5.50,5.54,5.60,5.66,5.67,5.59,5.36,5.21,5.13,5.10,5.05,5.01,4.98,4.98,5.03,5.08,5.14,5.18,5.23,5.28,5.32,5.31,5.28,5.21,5.16,5.13,5.11,5.09,5.04,5.18,5.11,4.80,4.44,4.32,4.29,4.31,4.37,4.20,4.50,4.80,4.82,4.49,4.17,3.88,3.74,3.92,3.89,3.83,3.75,3.65,3.67,3.67,3.70,3.74,3.74,3.71,3.66,3.61,3.61,3.64,3.68,3.75,3.85,3.83,3.82,3.79,3.75,3.72,3.65,3.74,3.88,3.92,3.59,3.36,3.19,3.06,3.01,1.82,1.39,1.77,2.69,2.48,2.34
11.11,10.92,10.78,9.76,9.67,7.83,5.45,5.61,5.78,6.32,7.02,7.92,10.60,11.13,11.13,11.17,11.32,11.77,12.26,12.65,12.80,12.97,13.11,13.21,13.26,13.35,13.46,13.53,13.60,13.77,13.84,13.95,14.22,14.74,15.13,15.32,14.34,12.68,12.73,13.02,13.14,13.20,13.38,13.48,13.49,13.13,12.27,10.93,10.79,10.81,10.75,10.60,10.56,10.55,10.55,10.55,10.57,10.55,10.56,10.61,10.60,10.62,10.34,9.81,9.13,8.42,7.91,7.67,7.66,7.66,7.67,7.70,7.72,7.74,7.92,7.89,7.80,7.77,7.73,7.68,7.64,7.61,7.54,7.58,7.61,7.62,7.64,7.63,7.57,7.46,7.30,7.07,6.98,7.00,7.12,7.18,7.16,7.09,6.98,6.90,6.84,6.97,7.05,7.05,7.12,7.17,7.19,7.17,7.12,7.00,7.02,7.03,6.96,6.89,6.83,6.81,6.77,6.62,6.53,6.45,6.35,6.23,6.21,6.16,6.12,6.09,6.11,6.13,6.15,6.15,6.12,6.11,6.05,5.98,5.91,5.83,5.75,5.67,5.59,5.49,5.45,5.41,5.37,5.37,5.50,5.83,6.13,6.31,6.41,6.42,6.46,6.53,6.61,6.68,6.62,6.53,6.49,6.36,6.20,6.02,5.78,5.30,5.23,5.23,5.24,5.20,5.12,5.06,5.10,5.22,5.30,5.45,5.55,5.58,5.58,5.60,5.67,5.69,5.62,5.38,5.17,5.03,4.99,4.97,4.96,4.94,4.93,4.97,5.01,5.06,5.10,5.15,5.20,5.21,5.19,5.14,5.08,5.05,5.04,5.02,5.00,4.95,5.03,5.00,4.78,4.48,4.31,4.24,4.25,4.30,4.12,4.37,4.62,4.63,4.37,4.08,3.87,3.81,3.97,3.87,3.79,3.72,3.64,3.63,3.61,3.63,3.67,3.67,3.67,3.61,3.56,3.59,3.64,3.66,3.72,3.82,3.80,3.77,3.75,3.72,3.64,3.63,3.81,3.96,3.83,3.45,3.30,3.06,2.66,2.38,0.75,0.33,1.11,2.56,2.46,2.36
10.98,10.97,10.38,6.39,5.94,5.73,5.36,5.31,5.62,6.97,8.77,10.40,10.94,11.04,11.11,11.29,11.53,11.96,12.43,12.79,12.94,13.14,13.31,13.44,13.52,13.60,13.66,13.69,13.71,13.77,13.89,14.00,14.10,14.22,14.36,14.94,15.02,14.56,14.37,13.99,13.71,13.58,13.58,13.56,13.54,13.44,13.03,11.18,11.04,11.03,10.86,10.66,10.56,10.54,10.52,10.48,10.51,10.53,10.56,10.60,10.59,10.60,10.29,9.70,8.93,8.15,7.78,7.67,7.69,7.70,7.66,7.67,7.73,7.77,7.84,7.84,7.81,7.82,7.74,7.67,7.63,7.62,7.53,7.57,7.61,7.63,7.66,7.61,7.49,7.32,7.13,6.99,6.97,7.02,7.12,7.18,7.11,7.03,6.94,6.85,6.90,6.98,7.02,7.02,7.06,7.17,7.23,7.19,7.02,7.04,7.08,7.09,7.04,6.98,6.92,6.91,6.91,6.80,6.70,6.63,6.55,6.41,6.31,6.18,6.07,5.99,6.00,6.03,6.04,6.03,6.04,6.04,6.03,5.99,5.94,5.89,5.81,5.74,5.68,5.58,5.50,5.42,5.34,5.27,5.35,5.44,5.61,5.85,6.13,6.12,6.13,6.22,6.41,6.55,6.59,6.55,6.43,6.29,6.14,5.97,5.72,5.23,5.21,5.23,5.22,5.15,5.07,5.09,5.16,5.24,5.35,5.51,5.64,5.70,5.65,5.62,5.68,5.71,5.64,5.40,5.17,5.00,4.92,4.92,4.92,4.93,4.92,4.91,4.95,4.98,5.02,5.07,5.12,5.10,5.06,5.01,4.98,4.96,4.96,4.97,4.96,5.02,5.14,4.99,4.59,4.38,4.27,4.22,4.20,4.18,4.15,4.19,4.25,4.28,4.12,4.00,3.96,3.96,3.89,3.80,3.71,3.65,3.66,3.67,3.68,3.68,3.68,3.66,3.66,3.61,3.57,3.58,3.68,3.68,3.66,3.68,3.68,3.68,3.70,3.69,3.55,3.56,3.77,3.88,3.67,3.36,3.27,2.79,1.90,1.19,0.90,1.35,2.08,2.44,2.39,2.36
10.25,9.12,7.69,5.28,4.94,5.02,5.13,5.20,6.75,8.51,10.03,10.94,10.94,10.97,11.04,11.20,11.53,11.97,12.40,12.76,13.03,13.30,13.53,13.68,13.73,13.80,13.84,13.85,13.85,13.85,13.96,14.03,14.09,14.15,14.18,14.53,14.71,14.65,14.68,14.30,13.99,13.79,13.67,13.63,13.58,13.09,12.05,11.32,11.36,11.26,10.97,10.79,10.66,10.59,10.52,10.45,10.50,10.50,10.48,10.49,10.57,10.49,10.06,9.37,8.62,7.95,7.71,7.67,7.68,7.69,7.68,7.69,7.73,7.81,7.84,7.82,7.79,7.78,7.71,7.65,7.62,7.62,7.52,7.54,7.57,7.60,7.63,7.54,7.38,7.20,7.03,6.85,6.91,7.00,7.09,7.15,7.04,6.96,6.89,6.80,6.89,6.96,7.00,7.01,7.02,7.13,7.22,7.20,7.03,7.06,7.08,7.09,7.08,7.05,7.01,7.00,6.99,6.92,6.85,6.82,6.74,6.53,6.40,6.25,6.13,6.05,6.01,5.97,5.94,5.93,5.96,5.95,5.95,5.95,5.94,5.90,5.84,5.79,5.73,5.64,5.59,5.50,5.40,5.34,5.32,5.29,5.34,5.51,5.70,5.67,5.68,5.83,6.20,6.42,6.50,6.51,6.47,6.30,6.15,5.87,5.49,5.19,5.20,5.20,5.17,5.11,5.05,5.11,5.20,5.27,5.35,5.51,5.65,5.72,5.67,5.64,5.68,5.71,5.66,5.41,5.15,4.98,4.91,4.91,4.93,4.93,4.93,4.90,4.90,4.91,4.94,4.99,5.01,4.98,4.95,4.93,4.93,4.94,4.96,4.97,4.97,5.13,5.11,4.83,4.42,4.34,4.22,4.19,4.21,4.24,4.21,4.15,4.11,4.09,4.03,4.05,4.04,3.98,3.83,3.71,3.62,3.59,3.61,3.65,3.69,3.70,3.69,3.69,3.67,3.62,3.57,3.57,3.66,3.67,3.66,3.67,3.67,3.66,3.67,3.66,3.52,3.67,3.78,3.72,3.42,3.28,2.54,1.85,1.46,1.33,1.53,2.00,2.43,2.38,2.34,2.37
9.33,6.91,4.86,4.89,4.79,4.81,5.08,5.75,8.31,10.10,10.93,10.84,10.69,10.69,10.81,11.06,11.48,11.93,12.32,12.69,13.10,13.44,13.74,13.90,13.94,13.99,14.01,14.01,13.99,13.96,14.03,14.07,14.11,14.20,14.18,14.17,14.17,14.25,14.52,14.35,14.12,13.90,13.70,13.67,13.62,12.71,11.05,11.55,11.71,11.49,11.09,10.95,10.80,10.67,10.55,10.44,10.49,10.46,10.40,10.37,10.52,10.35,9.78,8.99,8.27,7.79,7.65,7.66,7.67,7.67,7.70,7.70,7.72,7.83,7.86,7.81,7.75,7.72,7.68,7.63,7.61,7.61,7.52,7.51,7.53,7.55,7.58,7.44,7.25,7.08,6.94,6.72,6.86,6.98,7.06,7.10,6.97,6.89,6.83,6.75,6.86,6.94,6.98,7.00,6.99,7.07,7.17,7.19,7.07,7.06,7.05,7.07,7.10,7.10,7.08,7.07,7.06,7.00,6.98,6.98,6.90,6.65,6.52,6.36,6.25,6.18,6.09,5.96,5.89,5.88,5.89,5.86,5.87,5.89,5.90,5.89,5.86,5.82,5.76,5.70,5.68,5.59,5.49,5.44,5.35,5.23,5.20,5.27,5.30,5.23,5.24,5.43,5.91,6.20,6.32,6.37,6.43,6.22,6.09,5.72,5.24,5.17,5.18,5.16,5.11,5.08,5.04,5.13,5.23,5.29,5.36,5.48,5.60,5.69,5.67,5.65,5.68,5.71,5.68,5.41,5.12,4.95,4.91,4.92,4.94,4.94,4.94,4.92,4.88,4.86,4.87,4.90,4.90,4.87,4.86,4.87,4.90,4.94,4.98,5.00,5.01,5.22,5.00,4.62,4.27,4.31,4.18,4.18,4.26,4.34,4.26,4.16,4.05,3.98,4.01,4.10,4.09,3.97,3.78,3.62,3.55,3.54,3.56,3.61,3.67,3.70,3.69,3.72,3.70,3.64,3.59,3.58,3.63,3.66,3.68,3.70,3.69,3.65,3.64,3.63,3.56,3.79,3.78,3.55,3.20,3.21,1.72,0.94,1.37,1.88,2.21,2.46,2.54,2.33,2.31,2.38
8.42,5.79,4.81,4.57,4.60,4.92,6.14,9.26,10.08,10.59,10.77,10.59,9.74,9.35,9.86,10.98,11.43,11.93,12.34,12.73,13.18,13.52,13.84,14.06,14.18,14.18,14.16,14.13,14.09,14.06,14.10,14.10,14.12,14.18,14.18,14.15,14.10,14.08,14.13,14.07,13.97,13.84,13.68,13.60,13.57,13.27,12.64,12.32,12.13,11.71,11.21,11.08,10.95,10.82,10.66,10.46,10.44,10.45,10.42,10.36,10.36,10.19,9.58,8.72,7.93,7.71,7.64,7.64,7.64,7.65,7.67,7.68,7.70,7.75,7.80,7.79,7.74,7.70,7.69,7.64,7.60,7.60,7.56,7.52,7.51,7.51,7.48,7.30,7.10,6.93,6.83,6.75,6.86,6.96,7.01,7.01,6.93,6.86,6.77,6.68,6.84,6.93,6.97,6.98,7.01,7.03,7.03,7.04,7.07,7.04,7.04,7.05,7.07,7.08,7.08,7.10,7.12,7.06,7.03,7.00,6.93,6.80,6.72,6.58,6.44,6.33,6.23,6.12,6.06,6.00,5.88,5.81,5.78,5.79,5.80,5.80,5.81,5.79,5.76,5.76,5.70,5.63,5.56,5.50,5.45,5.36,5.30,5.27,5.22,5.14,5.08,5.11,5.33,5.58,5.77,5.88,5.87,5.62,5.53,5.37,5.17,5.18,5.19,5.14,5.07,5.01,5.08,5.20,5.28,5.32,5.40,5.43,5.49,5.57,5.63,5.66,5.72,5.74,5.65,5.37,5.07,4.92,4.92,4.93,4.94,4.95,4.94,4.93,4.89,4.86,4.83,4.81,4.83,4.84,4.86,4.89,4.93,4.96,4.99,5.04,5.09,5.15,4.68,4.33,4.27,4.29,4.16,4.22,4.35,4.39,4.30,4.16,4.04,3.98,4.01,4.05,4.01,3.88,3.72,3.58,3.51,3.50,3.52,3.56,3.61,3.64,3.66,3.70,3.70,3.68,3.67,3.67,3.66,3.65,3.65,3.65,3.62,3.65,3.59,3.54,3.80,3.80,3.68,3.46,3.23,3.21,1.46,1.13,2.47,2.36,2.42,2.46,2.42,2.25,2.34,2.45
8.91,6.23,4.66,4.47,6.03,7.08,8.10,10.73,10.78,10.76,10.57,10.09,9.22,8.89,9.51,10.76,11.50,11.96,12.37,12.80,13.27,13.60,13.92,14.16,14.29,14.27,14.24,14.21,14.16,14.10,14.10,14.10,14.13,14.19,14.18,14.13,14.06,14.00,13.93,13.87,13.79,13.69,13.58,13.50,13.45,13.35,13.14,12.65,12.37,11.93,11.43,11.20,11.07,10.94,10.79,10.59,10.51,10.48,10.44,10.37,10.31,10.06,9.37,8.49,7.74,7.66,7.63,7.62,7.61,7.62,7.63,7.66,7.69,7.71,7.76,7.75,7.72,7.69,7.68,7.63,7.60,7.61,7.61,7.57,7.53,7.49,7.42,7.21,7.00,6.84,6.77,6.76,6.84,6.92,6.95,6.94,6.89,6.82,6.73,6.66,6.83,6.93,6.98,7.00,7.02,6.99,6.97,6.97,7.06,7.02,7.02,7.04,7.05,7.06,7.07,7.10,7.12,7.08,7.04,7.00,6.95,6.87,6.82,6.71,6.58,6.46,6.38,6.27,6.19,6.11,5.96,5.85,5.80,5.77,5.72,5.74,5.75,5.75,5.73,5.74,5.69,5.65,5.61,5.58,5.52,5.45,5.38,5.31,5.23,5.16,5.07,5.00,5.02,5.22,5.40,5.51,5.50,5.33,5.27,5.22,5.16,5.19,5.17,5.11,5.04,5.01,5.13,5.24,5.31,5.33,5.38,5.37,5.40,5.46,5.55,5.62,5.68,5.69,5.58,5.31,5.05,4.92,4.92,4.95,4.95,4.95,4.95,4.94,4.92,4.85,4.80,4.77,4.83,4.87,4.91,4.93,4.96,4.97,5.05,5.14,5.14,4.85,4.43,4.23,4.27,4.27,4.14,4.18,4.30,4.32,4.25,4.11,4.01,3.96,3.97,3.94,3.87,3.77,3.62,3.54,3.51,3.50,3.49,3.52,3.58,3.62,3.64,3.67,3.67,3.68,3.70,3.72,3.68,3.65,3.63,3.63,3.56,3.61,3.57,3.54,3.82,3.72,3.57,3.39,3.22,3.21,2.00,1.88,2.93,2.57,2.44,2.38,2.33,2.27,2.41,2.52
10.42,7.81,4.42,4.52,8.67,10.76,10.74,10.69,10.69,10.70,10.33,9.42,9.01,9.09,9.58,10.45,11.66,12.02,12.42,12.90,13.37,13.68,13.99,14.21,14.29,14.27,14.27,14.26,14.21,14.09,14.05,14.07,14.14,14.22,14.17,14.11,14.04,13.97,13.87,13.72,13.58,13.48,13.42,13.37,13.28,13.10,12.85,12.65,12.48,12.16,11.72,11.30,11.17,11.05,10.92,10.80,10.66,10.53,10.45,10.41,10.35,9.94,9.16,8.27,7.65,7.63,7.62,7.61,7.60,7.59,7.60,7.64,7.68,7.70,7.72,7.72,7.70,7.67,7.64,7.61,7.61,7.64,7.67,7.66,7.59,7.49,7.40,7.15,6.93,6.78,6.73,6.75,6.81,6.86,6.88,6.88,6.85,6.78,6.71,6.68,6.82,6.94,7.01,7.04,7.02,6.97,6.96,6.98,7.03,7.00,7.00,7.02,7.03,7.04,7.05,7.06,7.06,7.08,7.03,6.99,6.95,6.88,6.85,6.77,6.66,6.56,6.54,6.40,6.30,6.22,6.11,5.97,5.90,5.80,5.66,5.69,5.69,5.68,5.66,5.68,5.66,5.65,5.66,5.67,5.58,5.51,5.45,5.39,5.31,5.26,5.18,5.06,4.90,5.06,5.16,5.23,5.27,5.27,5.23,5.20,5.18,5.19,5.12,5.06,5.03,5.05,5.19,5.27,5.32,5.35,5.32,5.32,5.33,5.36,5.44,5.53,5.59,5.57,5.46,5.24,5.04,4.94,4.93,4.96,4.96,4.96,4.96,4.95,4.95,4.85,4.78,4.79,4.88,4.95,4.99,4.99,4.99,4.96,5.13,5.28,5.17,4.37,4.23,4.26,4.27,4.24,4.11,4.08,4.12,4.18,4.13,4.03,3.95,3.93,3.91,3.78,3.69,3.63,3.49,3.51,3.55,3.54,3.45,3.49,3.56,3.62,3.64,3.64,3.63,3.65,3.69,3.73,3.69,3.65,3.62,3.62,3.53,3.54,3.56,3.60,3.67,3.56,3.45,3.32,3.17,3.21,3.14,3.04,2.91,2.58,2.34,2.23,2.26,2.38,2.50,2.61
11.05,9.93,8.48,8.46,10.02,10.77,10.71,10.67,10.39,10.28,10.07,9.64,9.58,9.91,10.46,11.17,11.94,12.25,12.62,13.05,13.44,13.76,14.08,14.25,14.24,14.20,14.18,14.17,14.14,14.03,14.04,14.05,14.09,14.18,14.24,14.13,13.99,13.88,13.82,13.66,13.53,13.43,13.32,13.19,13.08,12.94,12.75,12.58,12.44,12.18,11.82,11.41,11.28,11.15,11.01,10.86,10.69,10.56,10.48,10.37,9.99,9.37,8.61,7.93,7.65,7.63,7.62,7.61,7.59,7.58,7.57,7.60,7.65,7.67,7.69,7.68,7.66,7.64,7.61,7.59,7.60,7.64,7.67,7.69,7.67,7.61,7.53,7.29,6.98,6.74,6.66,6.74,6.79,6.83,6.85,6.83,6.80,6.71,6.66,6.72,6.79,6.90,7.00,7.07,7.11,7.02,6.99,7.01,7.04,7.00,7.00,7.01,7.03,7.04,7.05,7.06,7.06,7.06,7.02,6.97,6.93,6.90,6.89,6.78,6.64,6.52,6.49,6.43,6.40,6.34,6.20,6.10,6.02,5.95,5.85,5.80,5.74,5.66,5.58,5.59,5.57,5.57,5.58,5.60,5.57,5.55,5.52,5.47,5.47,5.38,5.28,5.18,5.07,5.09,5.09,5.09,5.13,5.17,5.18,5.18,5.18,5.18,5.08,5.01,5.02,5.11,5.24,5.28,5.31,5.34,5.22,5.20,5.25,5.34,5.38,5.48,5.56,5.55,5.45,5.21,5.01,4.89,4.87,4.89,4.91,4.92,4.92,4.91,4.92,4.88,4.84,4.85,4.87,4.97,5.10,5.18,5.12,5.15,5.16,5.09,4.91,4.37,4.22,4.20,4.19,4.18,4.11,4.01,3.97,4.06,4.00,3.90,3.80,3.72,3.72,3.68,3.65,3.60,3.46,3.54,3.59,3.56,3.45,3.48,3.52,3.54,3.56,3.59,3.63,3.65,3.68,3.70,3.68,3.62,3.58,3.58,3.56,3.54,3.52,3.48,3.38,3.31,3.24,3.18,3.14,3.18,3.11,3.01,2.88,2.55,2.35,2.29,2.34,2.46,2.56,2.63
11.40,11.21,10.99,10.89,10.81,10.71,10.59,10.53,10.11,9.95,9.88,9.80,10.00,10.47,11.06,11.68,12.22,12.51,12.86,13.25,13.60,13.91,14.16,14.25,14.18,14.14,14.11,14.09,14.06,14.00,14.03,14.03,14.05,14.12,14.26,14.13,13.97,13.86,13.80,13.63,13.49,13.37,13.22,13.05,12.93,12.81,12.67,12.51,12.38,12.19,11.90,11.51,11.38,11.24,11.08,10.90,10.73,10.59,10.49,10.34,9.78,8.94,8.19,7.71,7.65,7.64,7.62,7.61,7.59,7.57,7.57,7.59,7.63,7.65,7.65,7.64,7.63,7.62,7.59,7.58,7.60,7.63,7.67,7.71,7.72,7.68,7.57,7.32,6.98,6.71,6.62,6.73,6.76,6.80,6.81,6.78,6.74,6.64,6.61,6.75,6.78,6.87,6.98,7.08,7.12,7.04,7.01,7.03,7.04,7.01,7.00,7.01,7.02,7.04,7.05,7.05,7.05,7.04,7.01,6.96,6.92,6.91,6.91,6.80,6.65,6.52,6.47,6.46,6.45,6.40,6.25,6.20,6.14,6.08,6.03,5.91,5.80,5.67,5.56,5.56,5.50,5.49,5.51,5.52,5.52,5.54,5.54,5.51,5.56,5.45,5.37,5.31,5.21,5.17,5.10,5.05,5.06,5.13,5.17,5.19,5.19,5.15,5.03,4.98,5.02,5.12,5.25,5.29,5.32,5.32,5.16,5.13,5.21,5.33,5.36,5.43,5.50,5.51,5.43,5.20,4.99,4.87,4.84,4.85,4.87,4.88,4.88,4.87,4.92,4.91,4.89,4.88,4.83,4.91,5.04,5.14,5.06,5.15,5.04,4.84,4.63,4.30,4.19,4.15,4.13,4.12,4.09,3.99,3.90,3.94,3.87,3.79,3.69,3.61,3.60,3.62,3.62,3.58,3.47,3.57,3.63,3.60,3.49,3.47,3.48,3.50,3.52,3.57,3.60,3.62,3.64,3.64,3.64,3.59,3.55,3.53,3.57,3.53,3.48,3.40,3.24,3.17,3.11,3.10,3.12,3.13,3.04,2.95,2.83,2.51,2.35,2.34,2.41,2.52,2.62,2.65
11.32,11.17,10.99,10.86,10.76,10.62,10.43,10.24,9.88,9.77,9.79,9.84,10.15,10.62,11.21,11.87,12.48,12.80,13.15,13.53,13.90,14.17,14.23,14.18,14.11,14.09,14.07,14.02,13.96,14.03,14.05,14.05,14.03,14.03,14.21,14.09,13.99,13.96,13.83,13.64,13.47,13.31,13.14,12.98,12.85,12.73,12.60,12.45,12.32,12.16,11.94,11.61,11.48,11.31,11.11,10.93,10.79,10.62,10.50,10.33,9.81,8.72,7.99,7.67,7.66,7.64,7.63,7.61,7.60,7.58,7.59,7.61,7.63,7.64,7.60,7.59,7.61,7.63,7.58,7.59,7.61,7.63,7.67,7.71,7.72,7.65,7.46,7.18,6.89,6.69,6.63,6.71,6.75,6.76,6.75,6.76,6.67,6.56,6.57,6.78,6.81,6.86,6.95,7.05,6.99,7.00,7.02,7.03,7.04,7.04,7.02,7.01,7.02,7.03,7.04,7.05,7.05,7.04,6.99,6.94,6.90,6.87,6.94,6.83,6.70,6.60,6.51,6.47,6.43,6.36,6.23,6.27,6.24,6.21,6.20,6.04,5.88,5.74,5.65,5.60,5.44,5.41,5.44,5.45,5.44,5.48,5.50,5.51,5.55,5.47,5.44,5.43,5.31,5.29,5.23,5.17,5.13,5.18,5.23,5.24,5.20,5.11,4.98,4.97,5.03,5.08,5.20,5.31,5.35,5.29,5.14,5.14,5.23,5.35,5.38,5.36,5.40,5.44,5.41,5.20,5.00,4.88,4.84,4.86,4.84,4.85,4.85,4.83,4.94,4.96,4.93,4.87,4.71,4.72,4.73,4.72,4.73,4.82,4.69,4.48,4.30,4.12,4.13,4.13,4.09,4.04,4.07,4.04,3.96,3.83,3.75,3.69,3.66,3.67,3.59,3.60,3.59,3.55,3.52,3.61,3.68,3.68,3.57,3.47,3.46,3.49,3.53,3.57,3.53,3.54,3.55,3.52,3.56,3.57,3.53,3.48,3.54,3.48,3.43,3.38,3.32,3.21,3.13,3.09,3.12,3.03,2.94,2.86,2.74,2.46,2.33,2.37,2.48,2.57,2.67,2.66
11.29,11.09,10.83,10.70,10.75,10.66,10.40,10.05,9.83,9.77,9.84,10.02,10.42,10.90,11.44,12.04,12.67,13.07,13.43,13.80,14.16,14.24,14.20,14.12,14.07,14.06,13.99,13.93,13.92,14.02,14.02,14.01,14.00,13.98,14.06,14.00,13.95,13.95,13.85,13.74,13.62,13.47,13.26,13.00,12.83,12.68,12.51,12.38,12.26,12.12,11.95,11.70,11.52,11.33,11.14,10.95,10.80,10.64,10.51,10.35,9.87,8.51,7.81,7.66,7.66,7.65,7.63,7.62,7.60,7.60,7.61,7.62,7.62,7.62,7.58,7.55,7.56,7.59,7.59,7.59,7.61,7.63,7.67,7.69,7.69,7.60,7.32,7.00,6.78,6.66,6.62,6.73,6.73,6.73,6.73,6.73,6.63,6.57,6.60,6.77,6.81,6.87,6.95,7.02,6.99,7.01,7.01,7.01,7.04,7.04,7.03,7.02,7.02,7.03,7.04,7.05,7.05,7.03,6.96,6.92,6.89,6.89,6.96,6.87,6.76,6.66,6.57,6.53,6.50,6.47,6.45,6.29,6.21,6.20,6.22,6.13,5.99,5.87,5.77,5.71,5.54,5.47,5.46,5.42,5.40,5.41,5.43,5.44,5.44,5.43,5.43,5.42,5.36,5.36,5.30,5.23,5.19,5.21,5.23,5.22,5.17,5.08,4.96,4.93,4.96,4.99,5.04,5.21,5.32,5.31,5.24,5.22,5.27,5.35,5.36,5.34,5.37,5.40,5.39,5.19,5.00,4.86,4.78,4.80,4.73,4.73,4.76,4.77,4.97,4.98,4.89,4.76,4.57,4.56,4.52,4.48,4.50,4.52,4.40,4.26,4.19,4.20,4.15,4.09,4.06,4.04,4.06,4.05,3.99,3.86,3.76,3.70,3.68,3.67,3.59,3.57,3.54,3.51,3.54,3.66,3.71,3.70,3.64,3.52,3.49,3.51,3.54,3.57,3.54,3.52,3.51,3.48,3.49,3.49,3.48,3.44,3.50,3.46,3.42,3.38,3.31,3.24,3.13,3.04,2.99,2.87,2.83,2.77,2.63,2.43,2.36,2.42,2.54,2.65,2.69,2.64
11.23,10.94,10.59,10.50,10.64,10.59,10.32,9.92,9.83,9.82,9.95,10.26,10.73,11.20,11.69,12.23,12.85,13.33,13.71,14.05,14.35,14.23,14.13,14.07,14.03,14.00,13.91,13.87,13.90,13.99,13.98,13.97,13.97,13.95,13.92,13.91,13.91,13.92,13.88,13.85,13.80,13.68,13.45,13.14,12.96,12.74,12.46,12.33,12.20,12.08,11.94,11.76,11.54,11.35,11.16,10.98,10.80,10.65,10.53,10.38,9.98,8.47,7.77,7.70,7.66,7.65,7.64,7.63,7.61,7.62,7.62,7.63,7.63,7.60,7.57,7.52,7.51,7.56,7.59,7.60,7.61,7.64,7.67,7.68,7.67,7.54,7.18,6.83,6.67,6.62,6.62,6.74,6.71,6.71,6.72,6.69,6.60,6.58,6.64,6.76,6.81,6.88,6.95,6.99,7.03,7.03,7.00,6.99,7.04,7.04,7.04,7.03,7.02,7.03,7.04,7.05,7.04,7.00,6.93,6.89,6.89,6.92,6.98,6.92,6.82,6.72,6.63,6.61,6.59,6.53,6.39,6.11,6.07,6.14,6.20,6.18,6.10,6.01,5.90,5.82,5.66,5.57,5.51,5.42,5.39,5.37,5.37,5.35,5.33,5.38,5.39,5.38,5.38,5.39,5.35,5.28,5.24,5.23,5.22,5.20,5.14,5.06,4.96,4.89,4.87,4.87,4.88,5.06,5.23,5.31,5.33,5.30,5.31,5.34,5.34,5.32,5.34,5.35,5.30,5.12,4.95,4.80,4.69,4.71,4.61,4.60,4.64,4.69,4.93,4.94,4.82,4.63,4.45,4.43,4.38,4.32,4.32,4.30,4.20,4.13,4.15,4.30,4.16,4.04,4.02,4.05,4.04,4.04,4.01,3.90,3.80,3.74,3.70,3.64,3.59,3.55,3.50,3.47,3.56,3.69,3.71,3.69,3.70,3.59,3.56,3.56,3.57,3.57,3.57,3.53,3.48,3.46,3.43,3.42,3.42,3.40,3.44,3.43,3.41,3.37,3.28,3.24,3.13,2.99,2.88,2.78,2.76,2.68,2.52,2.40,2.40,2.48,2.60,2.71,2.70,2.62
11.02,10.55,10.18,10.27,10.12,9.98,9.90,9.85,9.82,9.91,10.15,10.58,11.06,11.53,12.01,12.50,13.02,13.55,13.97,14.23,14.29,14.14,14.06,14.00,13.93,13.82,13.88,13.93,13.96,13.96,13.94,13.94,13.94,13.91,13.91,13.91,13.92,13.93,13.92,13.91,13.89,13.84,13.75,13.66,13.56,13.21,12.58,12.33,12.18,12.03,11.87,11.71,11.55,11.37,11.18,11.00,10.80,10.66,10.55,10.44,10.23,9.07,8.29,7.90,7.66,7.66,7.65,7.64,7.63,7.63,7.63,7.63,7.63,7.61,7.58,7.55,7.54,7.57,7.58,7.62,7.65,7.66,7.69,7.68,7.67,7.53,7.09,6.80,6.62,6.58,6.65,6.71,6.71,6.70,6.68,6.64,6.56,6.56,6.64,6.74,6.81,6.86,6.92,6.98,7.02,7.02,7.00,7.00,7.04,7.04,7.04,7.04,7.03,7.02,7.04,7.04,7.03,6.97,6.90,6.87,6.88,6.94,7.00,6.95,6.86,6.76,6.71,6.70,6.70,6.32,4.98,5.19,5.62,6.02,6.20,6.18,6.17,6.14,6.05,5.90,5.76,5.67,5.58,5.46,5.46,5.44,5.36,5.23,5.26,5.29,5.31,5.32,5.35,5.34,5.33,5.31,5.27,5.27,5.24,5.19,5.14,5.06,4.95,4.85,4.78,4.72,4.84,4.90,5.00,5.15,5.26,5.30,5.32,5.32,5.30,5.29,5.27,5.19,5.00,4.80,4.72,4.62,4.51,4.60,4.52,4.50,4.53,4.60,4.66,4.71,4.65,4.50,4.43,4.42,4.39,4.32,4.22,4.30,4.29,4.24,4.19,4.22,4.08,4.00,4.00,3.99,3.99,4.00,3.97,3.87,3.84,3.78,3.69,3.61,3.59,3.56,3.54,3.52,3.55,3.59,3.61,3.63,3.67,3.66,3.65,3.66,3.65,3.60,3.57,3.55,3.52,3.47,3.43,3.42,3.39,3.32,3.35,3.31,3.29,3.28,3.24,3.18,3.10,3.03,2.99,2.98,2.82,2.63,2.46,2.36,2.46,2.56,2.65,2.72,2.67,2.58
10.20,9.87,9.73,9.55,9.41,9.53,9.77,9.82,9.87,10.08,10.43,10.90,11.38,11.85,12.33,12.80,13.28,13.79,14.14,14.28,14.20,14.06,13.98,13.92,13.87,13.78,13.88,13.95,13.96,13.92,13.92,13.92,13.91,13.89,13.90,13.91,13.92,13.93,13.94,13.94,13.93,13.91,13.89,13.87,13.83,13.55,13.03,12.70,12.38,12.10,11.87,11.68,11.52,11.33,11.15,10.97,10.79,10.65,10.51,10.39,10.26,9.59,8.93,8.40,8.06,7.91,7.79,7.70,7.65,7.64,7.64,7.64,7.64,7.62,7.60,7.58,7.57,7.58,7.58,7.63,7.66,7.68,7.70,7.71,7.64,7.43,6.99,6.75,6.60,6.57,6.67,6.70,6.71,6.69,6.65,6.59,6.51,6.55,6.65,6.74,6.81,6.86,6.92,6.99,7.03,7.02,7.01,7.02,7.03,7.04,7.04,7.04,7.04,7.03,7.04,7.03,7.00,6.95,6.90,6.88,6.91,6.96,7.02,6.99,6.91,6.83,6.79,6.80,6.80,6.48,5.35,5.59,5.78,6.00,6.29,6.39,6.37,6.33,6.27,6.07,5.86,5.74,5.66,5.56,5.55,5.52,5.43,5.29,5.30,5.28,5.25,5.24,5.28,5.27,5.29,5.29,5.27,5.28,5.23,5.17,5.11,5.04,4.95,4.86,4.78,4.71,4.77,4.76,4.81,4.94,5.03,5.10,5.18,5.25,5.28,5.21,5.11,4.95,4.72,4.60,4.58,4.53,4.46,4.55,4.49,4.47,4.49,4.53,4.52,4.55,4.51,4.39,4.33,4.34,4.35,4.31,4.22,4.27,4.26,4.21,4.13,4.09,4.01,3.96,3.96,3.93,3.93,3.96,3.97,3.95,3.93,3.86,3.76,3.65,3.60,3.55,3.51,3.49,3.53,3.55,3.60,3.67,3.73,3.75,3.76,3.77,3.75,3.69,3.62,3.57,3.53,3.48,3.44,3.40,3.35,3.27,3.27,3.23,3.21,3.20,3.21,3.14,3.10,3.10,3.12,3.12,2.84,2.58,2.44,2.40,2.52,2.63,2.69,2.70,2.64,2.56
8.99,9.01,9.25,8.54,8.61,9.18,9.82,9.82,9.95,10.30,10.77,11.23,11.70,12.18,12.65,13.12,13.59,14.05,14.26,14.26,14.10,13.99,13.90,13.85,13.83,13.84,13.90,13.93,13.92,13.86,13.93,13.92,13.89,13.89,13.90,13.91,13.92,13.93,13.94,13.95,13.94,13.92,13.91,13.89,13.87,13.82,13.68,13.29,12.73,12.26,11.91,11.68,11.47,11.27,11.08,10.92,10.78,10.62,10.44,10.27,10.16,10.04,9.63,9.09,8.70,8.33,8.02,7.80,7.67,7.66,7.65,7.65,7.64,7.63,7.62,7.62,7.61,7.59,7.60,7.62,7.66,7.69,7.72,7.76,7.60,7.28,6.89,6.69,6.60,6.60,6.68,6.70,6.71,6.68,6.62,6.54,6.47,6.54,6.66,6.74,6.81,6.86,6.93,7.02,7.05,7.04,7.03,7.03,7.01,7.03,7.04,7.04,7.04,7.04,7.04,7.02,6.97,6.95,6.91,6.92,6.97,6.98,7.04,7.02,6.97,6.91,6.88,6.89,6.89,6.87,6.84,6.83,6.32,6.06,6.45,6.75,6.64,6.57,6.54,6.31,5.96,5.80,5.75,5.70,5.65,5.61,5.54,5.46,5.41,5.31,5.21,5.14,5.18,5.20,5.23,5.25,5.25,5.28,5.22,5.14,5.07,5.01,4.95,4.89,4.83,4.78,4.68,4.65,4.66,4.70,4.70,4.76,4.94,5.16,5.25,5.09,4.87,4.65,4.46,4.46,4.49,4.50,4.51,4.55,4.51,4.50,4.48,4.47,4.47,4.43,4.37,4.29,4.17,4.22,4.28,4.30,4.27,4.22,4.16,4.08,4.01,3.94,3.94,3.94,3.92,3.87,3.86,3.92,4.01,4.09,4.05,3.97,3.86,3.75,3.62,3.52,3.44,3.41,3.49,3.56,3.66,3.77,3.83,3.86,3.88,3.88,3.86,3.82,3.69,3.59,3.53,3.51,3.46,3.38,3.30,3.23,3.20,3.19,3.16,3.12,3.18,3.10,3.12,3.19,3.25,3.22,2.85,2.54,2.45,2.48,2.59,2.69,2.73,2.66,2.60,2.55
8.59,8.24,7.87,9.16,9.37,9.58,9.85,9.93,10.26,10.70,11.16,11.57,12.04,12.51,12.98,13.45,13.92,14.18,14.23,14.14,14.00,13.91,13.85,13.80,13.77,13.82,13.88,13.92,13.94,13.92,13.91,13.90,13.89,13.88,13.89,13.90,13.91,13.93,13.94,13.95,13.94,13.92,13.90,13.89,13.87,13.84,13.78,13.65,13.18,12.76,12.45,12.13,11.84,11.42,11.05,10.90,10.72,10.56,10.38,10.19,10.06,9.92,9.65,9.33,9.08,8.84,8.54,8.38,8.39,7.99,7.80,7.70,7.65,7.64,7.63,7.62,7.62,7.60,7.62,7.64,7.67,7.70,7.68,7.60,7.44,7.17,6.76,6.60,6.58,6.61,6.65,6.68,6.68,6.65,6.58,6.48,6.48,6.57,6.69,6.76,6.83,6.86,6.91,6.99,7.02,7.02,7.02,7.03,7.02,7.04,7.05,7.04,7.04,7.05,7.06,7.03,6.95,6.93,6.87,6.88,6.94,7.00,7.06,7.06,7.03,6.99,6.98,6.97,6.94,6.92,6.89,6.87,6.67,6.55,6.69,6.83,6.78,6.78,6.76,6.47,6.36,6.08,5.82,5.79,5.72,5.66,5.58,5.50,5.45,5.39,5.31,5.22,5.17,5.20,5.22,5.23,5.24,5.24,5.19,5.11,5.04,4.95,4.93,4.89,4.83,4.75,4.70,4.67,4.64,4.61,4.60,4.58,4.64,4.75,4.80,4.72,4.60,4.51,4.49,4.51,4.51,4.50,4.50,4.56,4.54,4.50,4.45,4.40,4.35,4.33,4.31,4.28,4.23,4.24,4.24,4.23,4.17,4.16,4.13,4.09,4.03,3.96,3.92,3.89,3.88,3.87,3.87,3.91,3.98,4.04,4.07,4.01,3.91,3.80,3.59,3.47,3.42,3.44,3.45,3.56,3.70,3.82,3.92,3.96,4.01,4.02,3.98,3.94,3.85,3.73,3.62,3.57,3.50,3.43,3.34,3.24,3.21,3.20,3.15,3.08,3.08,3.02,3.04,3.13,3.27,3.22,2.83,2.53,2.46,2.57,2.66,2.71,2.72,2.65,2.58,2.52
8.64,8.30,7.79,9.61,9.83,9.82,9.90,10.16,10.61,11.09,11.55,11.95,12.39,12.85,13.31,13.76,14.16,14.22,14.15,14.02,13.90,13.83,13.79,13.76,13.75,13.82,13.88,13.92,13.94,13.94,13.91,13.89,13.89,13.88,13.89,13.90,13.91,13.93,13.95,13.95,13.93,13.91,13.90,13.88,13.86,13.85,13.85,13.87,13.56,13.28,13.04,12.71,12.29,11.57,10.99,10.88,10.69,10.51,10.33,10.13,9.97,9.82,9.64,9.45,9.28,9.10,8.84,8.71,8.72,8.21,7.98,7.81,7.67,7.66,7.64,7.64,7.63,7.62,7.64,7.66,7.68,7.69,7.63,7.48,7.30,7.05,6.67,6.53,6.56,6.62,6.64,6.67,6.66,6.62,6.55,6.43,6.48,6.59,6.71,6.80,6.85,6.89,6.94,7.00,7.01,7.00,7.01,7.04,7.06,7.05,7.05,7.05,7.04,7.04,7.06,7.02,6.93,6.90,6.85,6.87,6.93,7.00,7.05,7.07,7.08,7.07,7.06,7.02,6.99,6.96,6.94,6.91,6.88,6.85,6.83,6.86,6.88,6.91,6.91,6.69,6.71,6.45,6.17,6.15,5.90,5.72,5.61,5.54,5.50,5.46,5.38,5.29,5.20,5.19,5.19,5.21,5.22,5.20,5.15,5.08,5.00,4.91,4.91,4.88,4.81,4.73,4.71,4.69,4.64,4.57,4.55,4.48,4.47,4.50,4.50,4.45,4.41,4.41,4.47,4.51,4.53,4.53,4.53,4.59,4.56,4.49,4.42,4.35,4.28,4.28,4.28,4.26,4.26,4.19,4.14,4.10,4.04,4.05,4.05,4.04,4.01,3.96,3.90,3.86,3.85,3.86,3.85,3.87,3.92,3.97,4.01,3.98,3.91,3.78,3.55,3.45,3.44,3.47,3.47,3.60,3.77,3.95,4.11,4.13,4.14,4.12,4.07,4.05,4.00,3.87,3.73,3.64,3.55,3.49,3.40,3.28,3.24,3.20,3.13,3.03,2.99,2.99,3.05,3.15,3.28,3.08,2.74,2.52,2.50,2.63,2.71,2.73,2.70,2.62,2.55,2.51
9.29,9.50,9.51,9.81,9.86,9.84,9.97,10.56,11.01,11.47,11.94,12.38,12.77,13.20,13.64,14.04,14.26,14.13,14.00,13.89,13.77,13.76,13.72,13.73,13.78,13.85,13.88,13.91,13.93,13.91,13.92,13.90,13.88,13.87,13.88,13.89,13.91,13.93,13.95,13.94,13.93,13.91,13.89,13.88,13.85,13.84,13.85,13.89,13.85,13.81,13.72,13.44,12.85,11.74,10.88,10.86,10.68,10.49,10.30,10.10,9.91,9.75,9.57,9.39,9.22,9.02,8.87,8.70,8.49,8.27,8.21,7.99,7.71,7.72,7.67,7.65,7.64,7.64,7.66,7.67,7.68,7.67,7.57,7.40,7.19,6.93,6.64,6.52,6.55,6.62,6.64,6.67,6.65,6.61,6.53,6.39,6.47,6.59,6.73,6.88,6.89,6.96,7.03,7.05,7.05,7.00,7.00,7.05,7.13,7.07,7.05,7.05,7.05,7.03,7.02,6.98,6.91,6.88,6.87,6.90,6.93,6.97,6.99,7.05,7.11,7.15,7.10,7.07,7.03,7.01,6.98,6.94,6.91,6.88,6.85,6.85,6.91,6.96,6.98,6.99,6.99,6.95,6.91,6.87,6.21,5.81,5.63,5.60,5.59,5.50,5.42,5.35,5.28,5.17,5.15,5.18,5.21,5.15,5.10,5.03,4.97,4.92,4.89,4.83,4.77,4.75,4.72,4.70,4.65,4.59,4.57,4.52,4.49,4.45,4.41,4.33,4.33,4.36,4.37,4.45,4.56,4.62,4.62,4.62,4.56,4.47,4.37,4.33,4.27,4.29,4.30,4.25,4.25,4.07,3.94,3.90,3.88,3.89,3.90,3.91,3.92,3.92,3.89,3.86,3.84,3.85,3.77,3.76,3.80,3.86,3.84,3.87,3.83,3.66,3.49,3.47,3.48,3.52,3.60,3.71,3.91,4.17,4.45,4.40,4.26,4.17,4.15,4.15,4.11,4.00,3.85,3.71,3.60,3.56,3.48,3.35,3.28,3.21,3.10,2.98,2.92,3.03,3.18,3.29,3.25,2.76,2.57,2.53,2.57,2.67,2.74,2.73,2.66,2.57,2.52,2.54
9.62,9.76,9.81,9.84,9.86,9.85,10.07,10.96,11.36,11.84,12.33,12.80,13.19,13.59,13.96,14.22,14.20,14.03,13.88,13.77,13.68,13.67,13.67,13.71,13.80,13.87,13.90,13.93,13.95,13.91,13.93,13.91,13.88,13.87,13.88,13.89,13.92,13.94,13.94,13.94,13.92,13.90,13.88,13.86,13.85,13.85,13.87,13.90,13.90,13.90,13.87,13.74,13.44,12.03,10.77,10.69,10.64,10.53,10.12,9.40,8.73,8.79,9.09,9.32,9.12,8.95,8.78,8.61,8.41,8.22,8.10,7.93,7.76,7.77,7.69,7.64,7.62,7.62,7.66,7.67,7.66,7.63,7.53,7.30,7.06,6.82,6.54,6.50,6.56,6.62,6.63,6.64,6.63,6.59,6.50,6.41,6.48,6.64,6.79,6.89,6.90,6.96,7.02,7.06,7.04,7.03,7.05,7.09,7.14,7.07,7.03,7.02,7.03,6.99,6.98,6.94,6.91,6.92,6.94,6.96,6.99,7.01,7.00,7.03,7.06,7.10,7.10,7.09,7.07,7.05,7.02,6.99,6.95,6.91,6.85,6.86,6.93,6.98,7.01,7.03,7.04,7.02,7.00,6.95,6.60,6.32,6.12,5.97,5.67,5.57,5.49,5.39,5.23,5.15,5.13,5.15,5.17,5.10,5.03,4.95,4.89,4.86,4.83,4.79,4.75,4.72,4.70,4.68,4.66,4.64,4.60,4.55,4.50,4.46,4.42,4.33,4.29,4.28,4.26,4.32,4.43,4.51,4.54,4.55,4.51,4.44,4.37,4.34,4.31,4.27,4.21,4.13,4.11,3.87,3.72,3.70,3.72,3.74,3.75,3.75,3.77,3.78,3.79,3.81,3.82,3.86,3.74,3.70,3.72,3.75,3.76,3.80,3.75,3.58,3.51,3.51,3.56,3.65,3.76,3.91,4.10,4.28,4.38,4.35,4.27,4.21,4.19,4.21,4.14,4.05,3.94,3.81,3.68,3.59,3.50,3.38,3.29,3.16,3.05,2.94,2.84,3.05,3.16,3.18,3.11,2.63,2.51,2.54,2.63,2.72,2.74,2.70,2.63,2.55,2.51,2.53
9.82,9.82,9.80,9.83,9.84,9.85,10.17,11.29,11.70,12.19,12.71,13.21,13.61,13.97,14.24,14.35,14.16,13.94,13.77,13.66,13.61,13.59,13.62,13.70,13.82,13.89,13.91,13.95,13.97,13.92,13.94,13.92,13.88,13.86,13.88,13.89,13.92,13.95,13.93,13.93,13.91,13.89,13.87,13.85,13.85,13.86,13.88,13.90,13.90,13.90,13.90,13.90,13.90,12.51,11.09,10.80,10.58,10.52,9.84,8.54,7.59,7.81,8.45,8.97,8.78,8.73,8.64,8.51,8.34,8.13,7.94,7.82,7.76,7.75,7.64,7.56,7.54,7.59,7.63,7.63,7.61,7.57,7.49,7.20,6.94,6.70,6.43,6.49,6.57,6.62,6.63,6.62,6.62,6.55,6.47,6.44,6.50,6.68,6.85,6.88,6.89,6.92,6.98,7.03,7.01,7.05,7.08,7.11,7.14,7.08,7.02,6.98,6.99,6.95,6.93,6.92,6.92,6.96,7.00,7.03,7.06,7.06,7.04,7.03,7.04,7.05,7.08,7.09,7.09,7.07,7.04,7.02,6.98,6.92,6.86,6.89,6.95,7.00,7.02,7.01,7.01,6.98,6.92,6.87,6.86,6.73,6.53,6.27,5.73,5.63,5.54,5.38,5.15,5.13,5.12,5.12,5.11,5.04,4.98,4.92,4.85,4.82,4.77,4.74,4.72,4.68,4.67,4.65,4.66,4.68,4.62,4.58,4.53,4.48,4.45,4.36,4.28,4.23,4.19,4.22,4.29,4.36,4.41,4.45,4.45,4.42,4.37,4.35,4.34,4.25,4.11,3.98,3.93,3.64,3.50,3.51,3.56,3.58,3.59,3.60,3.61,3.63,3.69,3.76,3.80,3.86,3.72,3.66,3.67,3.67,3.70,3.72,3.67,3.53,3.52,3.55,3.65,3.79,3.92,4.10,4.25,4.31,4.26,4.25,4.24,4.23,4.21,4.23,4.17,4.09,4.00,3.86,3.73,3.61,3.49,3.38,3.27,3.12,3.00,2.91,2.77,3.03,3.09,3.02,2.94,2.56,2.50,2.57,2.68,2.76,2.73,2.66,2.60,2.54,2.51,2.53
9.82,9.81,9.80,9.81,9.81,9.89,10.31,11.43,11.98,12.51,13.05,13.57,14.03,14.27,14.37,14.38,14.31,13.89,13.66,13.59,13.56,13.54,13.55,13.67,13.90,13.94,13.97,13.98,13.99,13.99,13.96,13.92,13.89,13.86,13.87,13.90,13.93,13.93,13.92,13.92,13.90,13.88,13.86,13.85,13.85,13.87,13.90,13.89,13.90,13.90,13.90,13.90,13.90,13.53,12.85,11.89,10.45,10.26,9.32,7.59,7.34,7.40,7.57,7.71,7.69,8.03,8.35,8.46,8.26,8.01,7.86,7.73,7.62,7.52,7.40,7.31,7.35,7.55,7.55,7.49,7.45,7.44,7.39,7.13,6.85,6.59,6.37,6.51,6.58,6.62,6.66,6.64,6.60,6.50,6.42,6.48,6.54,6.68,6.81,6.83,6.81,6.85,6.90,6.95,6.94,6.98,7.03,7.08,7.12,7.13,7.03,6.93,6.92,6.91,6.92,6.91,6.90,6.96,7.03,7.09,7.12,7.13,7.13,7.12,7.10,7.08,7.04,7.05,7.04,7.02,7.01,7.02,6.97,6.92,6.91,6.93,6.99,7.01,6.98,6.94,6.89,6.84,6.78,6.72,6.67,6.54,6.37,6.14,5.71,5.65,5.47,5.21,5.03,5.06,5.12,5.13,5.06,4.98,5.03,5.04,4.97,4.89,4.73,4.64,4.62,4.63,4.64,4.61,4.62,4.65,4.61,4.57,4.55,4.53,4.47,4.41,4.35,4.28,4.21,4.19,4.20,4.23,4.28,4.31,4.38,4.37,4.34,4.36,4.30,4.22,4.07,3.86,3.71,3.41,3.27,3.31,3.41,3.42,3.43,3.44,3.45,3.51,3.66,3.75,3.77,3.85,3.73,3.67,3.67,3.69,3.67,3.63,3.59,3.56,3.49,3.63,3.79,3.93,4.06,4.15,4.20,4.21,4.20,4.19,4.18,4.17,4.16,4.19,4.28,4.20,3.99,3.71,3.66,3.59,3.47,3.30,3.18,3.11,3.02,2.88,2.72,2.89,2.92,2.86,2.74,2.57,2.56,2.63,2.71,2.74,2.69,2.63,2.56,2.50,2.53,2.58
9.81,9.81,9.80,9.80,9.78,9.93,10.44,11.57,12.30,12.87,13.36,13.85,14.20,14.34,14.39,14.37,14.25,13.78,13.56,13.52,13.48,13.48,13.51,13.68,13.97,13.98,13.99,14.00,14.00,14.00,13.98,13.96,13.93,13.88,13.88,13.92,13.94,13.92,13.92,13.92,13.90,13.87,13.86,13.85,13.87,13.89,13.90,13.89,13.89,13.90,13.90,13.90,13.90,13.90,13.65,12.93,11.81,11.30,9.66,7.25,7.25,7.25,7.25,7.26,7.28,7.56,7.85,7.95,7.85,7.90,7.81,7.67,7.50,7.36,7.27,7.19,7.19,7.32,7.29,7.23,7.19,7.19,7.21,7.01,6.75,6.52,6.39,6.53,6.58,6.61,6.65,6.62,6.57,6.47,6.40,6.50,6.56,6.66,6.75,6.80,6.76,6.79,6.84,6.89,6.90,6.94,6.98,7.02,7.05,7.09,7.02,6.95,6.93,6.91,6.90,6.88,6.88,6.94,7.01,7.08,7.13,7.15,7.17,7.16,7.13,7.08,7.03,7.03,7.01,6.98,6.97,6.98,6.95,6.93,6.93,6.97,7.00,6.96,6.89,6.82,6.76,6.70,6.64,6.57,6.51,6.39,6.21,6.00,5.68,5.56,5.38,5.15,5.02,5.07,5.12,5.12,5.05,5.06,5.11,5.10,5.03,4.93,4.77,4.68,4.64,4.61,4.57,4.54,4.55,4.58,4.56,4.55,4.54,4.53,4.49,4.46,4.41,4.34,4.26,4.22,4.18,4.17,4.18,4.18,4.23,4.26,4.28,4.31,4.27,4.20,4.05,3.81,3.50,3.18,3.05,3.11,3.23,3.25,3.27,3.29,3.34,3.47,3.67,3.77,3.76,3.80,3.73,3.66,3.64,3.65,3.64,3.60,3.56,3.56,3.56,3.75,3.93,4.08,4.16,4.16,4.15,4.14,4.14,4.13,4.13,4.12,4.11,4.12,4.26,4.20,3.97,3.70,3.57,3.52,3.45,3.31,3.19,3.12,3.01,2.84,2.70,2.76,2.76,2.70,2.59,2.58,2.62,2.69,2.75,2.73,2.67,2.60,2.54,2.48,2.54,2.66
9.80,9.80,9.81,9.79,9.76,10.01,10.63,11.70,12.63,13.21,13.63,14.03,14.18,14.26,14.33,14.32,14.06,13.64,13.46,13.44,13.40,13.38,13.45,13.69,14.03,14.00,14.01,14.02,14.01,13.98,14.00,14.02,13.99,13.92,13.89,13.93,13.94,13.92,13.91,13.91,13.89,13.86,13.85,13.87,13.89,13.90,13.90,13.89,13.89,13.89,13.89,13.90,13.90,13.90,13.90,13.90,13.90,12.88,10.34,7.25,7.25,7.25,7.25,7.25,7.25,7.25,7.25,7.23,7.27,7.79,7.76,7.60,7.41,7.26,7.21,7.14,7.07,7.00,6.95,6.91,6.87,6.86,6.99,6.84,6.64,6.48,6.45,6.54,6.59,6.61,6.63,6.60,6.54,6.45,6.40,6.51,6.57,6.63,6.70,6.78,6.73,6.75,6.79,6.84,6.88,6.90,6.92,6.94,6.95,7.00,7.01,7.00,6.99,6.95,6.88,6.85,6.86,6.91,6.97,7.04,7.10,7.13,7.18,7.16,7.08,6.97,6.97,7.00,6.99,6.96,6.92,6.90,6.92,6.94,6.94,7.01,6.99,6.90,6.77,6.68,6.61,6.55,6.49,6.43,6.37,6.25,6.07,5.86,5.64,5.43,5.27,5.16,5.07,5.13,5.13,5.10,5.08,5.23,5.20,5.13,5.06,4.95,4.86,4.80,4.74,4.61,4.49,4.45,4.46,4.48,4.47,4.51,4.51,4.49,4.52,4.50,4.45,4.38,4.33,4.26,4.20,4.15,4.11,4.06,4.05,4.12,4.20,4.24,4.24,4.18,4.04,3.81,3.31,2.95,2.84,2.91,3.03,3.08,3.11,3.16,3.26,3.48,3.71,3.80,3.76,3.73,3.72,3.65,3.59,3.60,3.61,3.59,3.57,3.56,3.69,3.88,4.08,4.22,4.22,4.14,4.10,4.09,4.08,4.08,4.07,4.06,4.05,4.03,4.18,4.13,3.94,3.75,3.46,3.42,3.43,3.37,3.26,3.14,2.98,2.81,2.69,2.65,2.61,2.55,2.47,2.59,2.68,2.75,2.78,2.72,2.65,2.58,2.52,2.48,2.55,2.75
9.80,9.82,9.81,9.80,9.90,10.77,11.81,11.73,12.63,13.04,13.20,13.31,13.35,13.68,13.89,13.88,13.65,13.45,13.38,13.41,13.45,12.60,12.64,13.15,13.78,14.01,14.06,14.06,14.04,14.01,14.01,14.01,14.00,13.94,13.91,13.92,13.92,13.91,13.90,13.90,13.88,13.86,13.84,13.87,13.89,13.90,13.89,13.89,13.89,13.89,13.89,13.91,13.91,13.90,13.90,13.90,13.90,10.94,8.34,7.25,7.25,7.25,7.25,7.25,7.25,7.25,7.25,7.24,7.25,7.41,7.42,7.36,7.30,7.26,7.22,7.13,7.02,6.94,6.90,6.85,6.78,6.73,6.72,6.63,6.53,6.47,6.51,6.55,6.60,6.63,6.63,6.60,6.53,6.49,6.51,6.54,6.61,6.71,6.80,6.80,6.77,6.77,6.80,6.84,6.89,6.92,6.92,6.91,6.90,6.94,6.95,6.95,6.94,6.93,6.90,6.89,6.90,6.93,6.96,6.99,7.03,7.09,7.14,6.58,5.63,4.79,5.54,6.57,7.01,6.97,6.93,6.91,6.91,6.93,6.98,7.03,6.98,6.90,6.80,6.68,6.54,6.43,6.34,6.29,6.22,6.12,5.95,5.73,5.64,5.40,5.21,5.12,5.14,5.17,5.15,5.13,5.15,5.29,5.25,5.18,5.12,5.12,4.95,4.83,4.74,4.62,4.62,4.54,4.45,4.39,4.37,4.41,4.42,4.42,4.47,4.47,4.45,4.40,4.32,4.28,4.26,4.25,4.22,4.17,4.09,4.07,4.10,4.15,4.10,4.10,4.05,3.88,3.54,2.93,2.66,2.71,2.83,2.92,2.99,3.13,3.38,3.57,3.75,3.79,3.71,3.67,3.70,3.67,3.62,3.63,3.63,3.61,3.60,3.63,3.78,3.97,4.16,4.30,4.29,4.20,4.12,4.07,4.02,4.02,4.01,4.01,4.00,3.98,4.10,4.04,3.84,3.61,3.44,3.39,3.37,3.32,3.22,3.04,2.88,2.77,2.68,2.62,2.58,2.56,2.53,2.64,2.72,2.76,2.75,2.70,2.62,2.55,2.52,2.60,2.70,2.83
9.85,10.06,10.34,10.51,10.71,11.62,12.51,11.89,12.55,12.83,12.90,12.90,12.90,13.24,13.50,13.54,13.35,13.32,13.33,13.17,12.61,11.79,12.27,13.10,13.73,14.05,14.10,14.09,14.06,14.04,14.03,14.02,14.01,13.97,13.93,13.92,13.91,13.89,13.90,13.90,13.88,13.86,13.85,13.88,13.90,13.90,13.89,13.89,13.89,13.89,13.90,13.92,13.91,13.90,13.90,13.87,13.45,9.67,7.25,7.25,7.25,7.25,7.25,7.25,7.25,7.25,7.25,7.25,7.24,7.21,7.23,7.23,7.21,7.19,7.18,7.10,7.00,6.92,6.88,6.80,6.72,6.65,6.59,6.53,6.49,6.49,6.55,6.56,6.60,6.64,6.63,6.58,6.49,6.49,6.55,6.57,6.63,6.77,6.85,6.80,6.80,6.80,6.82,6.86,6.90,6.94,6.94,6.92,6.89,6.89,6.90,6.90,6.89,6.91,6.90,6.91,6.94,6.96,6.98,6.99,7.02,7.07,7.10,6.49,5.47,4.50,4.91,6.03,6.62,6.77,6.94,6.91,6.91,6.94,7.00,7.03,6.97,6.90,6.82,6.70,6.53,6.38,6.26,6.17,6.08,5.99,5.84,5.64,5.54,5.33,5.17,5.12,5.19,5.20,5.16,5.15,5.22,5.32,5.30,5.23,5.17,5.20,5.01,4.87,4.77,4.65,4.69,4.59,4.47,4.39,4.37,4.36,4.35,4.35,4.39,4.40,4.41,4.39,4.32,4.31,4.31,4.31,4.29,4.25,4.15,4.08,4.06,4.10,4.01,4.01,4.01,3.93,3.76,3.23,2.95,2.88,2.75,2.85,2.98,3.18,3.46,3.64,3.77,3.78,3.70,3.66,3.68,3.67,3.64,3.64,3.65,3.65,3.66,3.72,3.87,4.04,4.21,4.32,4.29,4.22,4.15,4.07,4.01,3.98,3.96,3.95,3.94,3.93,4.02,3.95,3.75,3.49,3.37,3.33,3.31,3.26,3.14,2.96,2.84,2.78,2.69,2.62,2.58,2.57,2.60,2.69,2.76,2.77,2.72,2.67,2.60,2.54,2.54,2.69,2.78,2.87
9.97,10.56,11.48,12.03,12.35,12.58,12.61,12.24,12.37,12.57,12.75,12.85,12.89,12.99,13.16,13.32,13.21,13.25,13.31,12.68,10.71,10.95,12.41,13.62,13.93,14.10,14.14,14.12,14.08,14.07,14.06,14.05,14.02,14.00,13.96,13.94,13.90,13.84,13.89,13.88,13.87,13.86,13.89,13.90,13.91,13.90,13.88,13.89,13.89,13.89,13.90,13.92,13.91,13.90,13.90,13.80,12.47,9.20,7.25,7.25,7.25,7.25,7.25,7.25,7.26,7.26,7.26,7.26,7.25,7.21,7.22,7.20,7.14,7.05,7.08,7.06,7.02,6.95,6.90,6.78,6.69,6.64,6.64,6.57,6.53,6.54,6.58,6.58,6.61,6.63,6.62,6.53,6.42,6.42,6.52,6.58,6.65,6.77,6.85,6.79,6.81,6.84,6.86,6.89,6.92,6.96,6.98,6.97,6.91,6.86,6.86,6.86,6.85,6.87,6.87,6.91,6.97,6.99,7.03,7.05,7.07,7.10,7.07,6.97,6.84,6.50,5.24,5.35,5.76,6.30,6.93,6.91,6.93,6.97,7.01,7.00,6.95,6.88,6.81,6.74,6.59,6.43,6.26,6.09,5.95,5.85,5.75,5.60,5.33,5.24,5.17,5.15,5.25,5.21,5.16,5.18,5.28,5.32,5.34,5.30,5.21,5.18,5.03,4.92,4.83,4.70,4.71,4.59,4.50,4.49,4.47,4.37,4.29,4.27,4.28,4.29,4.31,4.33,4.34,4.35,4.34,4.34,4.33,4.28,4.21,4.16,4.11,4.07,3.96,3.91,3.90,3.94,3.97,3.91,3.81,3.53,2.81,2.91,3.10,3.32,3.53,3.70,3.79,3.79,3.73,3.71,3.68,3.66,3.65,3.64,3.68,3.72,3.77,3.82,3.95,4.10,4.21,4.25,4.23,4.21,4.17,4.12,4.05,3.96,3.91,3.88,3.88,3.88,3.93,3.86,3.67,3.40,3.24,3.24,3.25,3.19,3.02,2.91,2.87,2.83,2.69,2.68,2.61,2.58,2.67,2.74,2.80,2.78,2.69,2.64,2.57,2.55,2.60,2.72,2.80,2.85
10.77,11.33,12.17,12.35,12.49,12.57,12.55,12.32,12.35,12.48,12.65,12.81,12.86,12.94,13.05,13.15,13.13,13.23,13.36,12.92,11.33,12.13,13.14,13.84,14.05,14.13,14.16,14.15,14.13,14.09,14.08,14.07,14.05,14.03,13.99,13.99,13.94,13.85,13.86,13.87,13.87,13.87,13.90,13.91,13.90,13.89,13.88,13.89,13.89,13.90,13.92,13.92,13.91,13.90,13.90,13.63,10.19,8.11,7.25,7.25,7.25,7.25,7.26,7.26,7.26,7.26,7.26,7.26,7.25,7.22,7.23,7.20,7.14,7.06,7.05,7.05,7.02,6.96,6.91,6.83,6.75,6.69,6.65,6.56,6.53,6.55,6.57,6.60,6.62,6.64,6.62,6.50,6.41,6.43,6.55,6.61,6.68,6.76,6.81,6.78,6.81,6.84,6.87,6.90,6.93,6.97,6.97,6.95,6.90,6.87,6.89,6.91,6.89,6.89,6.87,6.89,6.94,6.97,7.01,7.06,7.09,7.11,7.04,7.01,7.01,6.90,6.20,6.18,6.35,6.60,6.89,6.90,6.95,6.99,7.01,6.99,6.93,6.86,6.80,6.73,6.63,6.49,6.32,6.15,5.98,5.82,5.65,5.46,5.26,5.20,5.19,5.22,5.26,5.20,5.19,5.25,5.36,5.36,5.38,5.34,5.27,5.24,5.14,5.06,4.95,4.78,4.75,4.72,4.66,4.58,4.53,4.45,4.38,4.33,4.31,4.20,4.19,4.24,4.28,4.29,4.28,4.28,4.29,4.27,4.23,4.20,4.16,4.10,4.02,3.95,3.92,3.91,3.92,3.92,3.87,3.72,3.40,3.39,3.44,3.57,3.79,3.89,3.91,3.88,3.84,3.80,3.68,3.64,3.63,3.61,3.75,3.81,3.83,3.82,3.95,4.08,4.15,4.16,4.15,4.14,4.12,4.09,4.04,3.97,3.92,3.87,3.83,3.82,3.84,3.76,3.58,3.31,3.22,3.19,3.16,3.08,2.95,2.94,2.94,2.89,2.72,2.67,2.61,2.62,2.71,2.76,2.78,2.74,2.67,2.62,2.54,2.57,2.68,2.76,2.82,2.85
11.54,11.96,12.53,12.38,12.37,12.42,12.44,12.34,12.35,12.42,12.56,12.76,12.81,12.91,12.97,13.00,13.09,13.21,13.43,13.30,12.40,13.36,13.79,13.99,14.13,14.16,14.17,14.18,14.17,14.13,14.10,14.09,14.08,14.05,14.04,14.04,13.99,13.89,13.86,13.87,13.88,13.88,13.90,13.91,13.90,13.89,13.88,13.89,13.89,13.91,13.93,13.92,13.91,13.91,13.79,13.15,8.30,7.24,7.24,7.25,7.25,7.26,7.26,7.26,7.26,7.26,7.26,7.26,7.25,7.24,7.23,7.19,7.14,7.09,7.05,7.04,7.02,6.95,6.90,6.86,6.80,6.72,6.65,6.53,6.51,6.55,6.57,6.60,6.63,6.64,6.61,6.47,6.42,6.47,6.59,6.64,6.70,6.75,6.77,6.76,6.80,6.84,6.87,6.90,6.94,6.97,6.96,6.93,6.89,6.88,6.94,6.98,6.96,6.94,6.91,6.90,6.93,6.96,7.00,7.05,7.10,7.12,7.02,7.00,7.00,7.01,6.99,6.97,6.95,6.92,6.86,6.90,6.97,7.01,7.00,6.97,6.91,6.84,6.77,6.71,6.64,6.53,6.39,6.22,6.04,5.81,5.56,5.33,5.23,5.18,5.22,5.27,5.26,5.21,5.24,5.33,5.43,5.40,5.40,5.37,5.32,5.33,5.27,5.21,5.09,4.86,4.81,4.83,4.80,4.67,4.60,4.55,4.49,4.41,4.35,4.17,4.14,4.17,4.20,4.21,4.21,4.22,4.23,4.23,4.23,4.22,4.20,4.14,4.08,4.02,3.95,3.89,3.86,3.84,3.81,3.80,3.85,3.78,3.72,3.78,3.98,4.03,4.01,3.98,3.92,3.84,3.67,3.60,3.61,3.62,3.81,3.88,3.86,3.79,3.93,4.04,4.08,4.08,4.07,4.06,4.05,4.04,4.01,3.97,3.92,3.86,3.79,3.77,3.76,3.67,3.49,3.24,3.20,3.16,3.10,3.01,2.93,2.97,2.99,2.93,2.74,2.64,2.62,2.66,2.74,2.78,2.75,2.71,2.66,2.60,2.54,2.62,2.75,2.80,2.83,2.85
11.92,12.10,12.23,12.18,12.25,12.29,12.29,12.29,12.34,12.42,12.52,12.65,12.75,12.81,12.86,12.93,13.10,13.20,13.50,13.72,13.55,13.78,13.97,14.09,14.14,14.16,14.17,14.19,14.19,14.19,14.12,14.09,14.09,14.08,14.11,14.12,14.06,13.96,13.94,13.92,13.91,13.90,13.91,13.91,13.89,13.88,13.88,13.89,13.91,13.92,13.93,13.92,13.91,13.91,13.39,11.81,8.06,7.24,7.24,7.24,7.24,7.25,7.26,7.26,7.26,7.26,7.26,7.26,7.26,7.25,7.23,7.19,7.13,7.10,7.06,7.03,6.98,6.92,6.86,6.81,6.76,6.68,6.61,6.48,6.48,6.55,6.58,6.61,6.63,6.63,6.60,6.46,6.50,6.57,6.64,6.68,6.74,6.75,6.74,6.77,6.81,6.84,6.87,6.90,6.94,6.96,6.95,6.92,6.88,6.92,7.01,7.07,7.07,7.05,7.03,7.01,6.99,7.00,7.00,7.04,7.08,7.09,7.04,7.02,7.01,7.01,7.02,6.99,6.95,6.90,6.89,6.96,6.99,6.99,6.97,6.93,6.86,6.79,6.73,6.69,6.62,6.54,6.44,6.29,6.11,5.80,5.49,5.26,5.19,5.23,5.28,5.30,5.25,5.26,5.34,5.43,5.46,5.41,5.41,5.39,5.38,5.46,5.39,5.34,5.22,4.95,4.90,4.87,4.82,4.76,4.70,4.66,4.58,4.49,4.38,4.30,4.24,4.18,4.12,4.12,4.12,4.13,4.16,4.17,4.18,4.19,4.18,4.13,4.10,4.07,4.00,3.93,3.91,3.86,3.80,3.74,3.71,3.69,3.73,3.81,3.89,3.96,4.03,4.03,3.94,3.69,3.61,3.57,3.60,3.76,3.84,3.89,3.85,3.77,3.91,3.96,3.98,3.99,3.99,3.98,3.97,3.96,3.94,3.93,3.89,3.84,3.79,3.75,3.71,3.59,3.41,3.22,3.15,3.14,3.11,3.04,2.97,3.00,3.00,2.93,2.73,2.65,2.65,2.71,2.77,2.78,2.74,2.69,2.63,2.56,2.63,2.71,2.77,2.80,2.83,2.85
11.69,11.80,11.80,11.90,12.06,12.05,11.99,12.16,12.33,12.42,12.48,12.56,12.64,12.69,12.77,12.90,13.08,13.32,13.66,13.95,14.02,14.00,14.07,14.13,14.13,14.15,14.16,14.18,14.19,14.20,14.16,14.13,14.11,14.09,14.12,14.12,14.08,14.02,13.99,13.96,13.94,13.92,13.91,13.91,13.89,13.88,13.88,13.89,13.92,13.93,13.93,13.92,13.91,13.91,12.72,9.63,7.67,7.24,7.23,7.23,7.23,7.24,7.25,7.26,7.26,7.26,7.26,7.26,7.26,7.25,7.23,7.18,7.12,7.09,7.06,7.01,6.95,6.88,6.81,6.78,6.72,6.63,6.56,6.48,6.49,6.56,6.58,6.65,6.65,6.61,6.55,6.42,6.51,6.59,6.65,6.70,6.75,6.75,6.74,6.78,6.82,6.85,6.88,6.91,6.95,6.96,6.95,6.91,6.88,6.94,7.04,7.11,7.13,7.13,7.15,7.15,7.14,7.13,7.10,7.13,7.13,7.05,7.03,7.01,7.00,7.00,7.01,6.98,6.94,6.91,6.92,6.98,7.00,6.99,6.95,6.90,6.84,6.78,6.72,6.67,6.60,6.52,6.44,6.34,6.14,5.75,5.41,5.23,5.20,5.25,5.30,5.30,5.24,5.31,5.39,5.45,5.46,5.45,5.44,5.42,5.42,5.54,5.48,5.43,5.32,5.04,4.99,4.96,4.93,4.88,4.83,4.78,4.71,4.58,4.32,4.22,4.21,4.21,4.18,4.17,4.15,4.11,4.06,4.07,4.10,4.12,4.12,4.10,4.10,4.11,4.07,3.98,3.94,3.89,3.84,3.78,3.71,3.68,3.70,3.74,3.76,3.83,3.90,3.92,3.85,3.64,3.59,3.59,3.66,3.83,3.88,3.88,3.83,3.74,3.88,3.89,3.89,3.91,3.91,3.90,3.89,3.88,3.86,3.86,3.83,3.80,3.77,3.72,3.67,3.53,3.35,3.19,3.14,3.14,3.12,3.05,2.99,2.99,2.95,2.85,2.67,2.66,2.69,2.75,2.79,2.78,2.73,2.67,2.61,2.57,2.67,2.74,2.78,2.80,2.82,2.85
11.15,11.27,11.30,11.57,11.80,11.72,11.59,11.99,12.32,12.42,12.43,12.48,12.50,12.56,12.70,12.90,13.07,13.50,13.85,14.06,14.15,14.12,14.13,14.14,14.12,14.13,14.14,14.16,14.17,14.18,14.19,14.17,14.13,14.09,14.10,14.08,14.08,14.09,14.03,14.00,13.97,13.95,13.92,13.91,13.88,13.88,13.88,13.90,13.93,13.94,13.93,13.92,13.91,13.84,11.89,7.25,7.24,7.23,7.23,7.22,7.21,7.22,7.23,7.25,7.26,7.26,7.26,7.26,7.26,7.25,7.22,7.17,7.11,7.07,7.05,6.99,6.92,6.84,6.77,6.75,6.68,6.58,6.50,6.50,6.53,6.57,6.60,6.70,6.67,6.59,6.49,6.37,6.50,6.59,6.64,6.72,6.75,6.75,6.76,6.78,6.82,6.85,6.89,6.92,6.96,6.96,6.94,6.91,6.87,6.96,7.06,7.13,7.15,7.20,7.25,7.31,7.33,7.28,7.25,7.27,7.18,6.82,6.87,6.88,6.92,6.98,6.96,6.96,6.94,6.93,6.94,6.99,7.01,6.99,6.93,6.88,6.82,6.77,6.72,6.65,6.57,6.48,6.41,6.38,6.13,5.67,5.33,5.21,5.22,5.27,5.30,5.29,5.24,5.37,5.42,5.44,5.46,5.48,5.48,5.45,5.45,5.56,5.54,5.49,5.37,5.13,5.06,5.06,5.05,5.02,4.97,4.92,4.86,4.69,4.24,4.04,4.08,4.22,4.32,4.28,4.24,4.12,3.98,3.98,4.01,4.02,4.03,4.05,4.08,4.14,4.13,4.05,3.97,3.92,3.89,3.86,3.79,3.72,3.66,3.62,3.61,3.67,3.71,3.72,3.71,3.62,3.57,3.62,3.74,3.87,3.90,3.87,3.80,3.72,3.85,3.81,3.80,3.83,3.82,3.82,3.81,3.80,3.78,3.78,3.76,3.75,3.73,3.68,3.63,3.49,3.31,3.16,3.16,3.15,3.12,3.04,3.00,2.95,2.87,2.74,2.59,2.67,2.74,2.79,2.81,2.78,2.71,2.64,2.59,2.61,2.67,2.73,2.79,2.80,2.82,2.85
10.49,10.62,10.72,10.87,11.07,11.01,11.04,11.82,12.28,12.39,12.36,12.39,12.36,12.49,12.71,12.99,13.38,13.75,13.97,14.08,14.14,14.14,14.14,14.13,14.12,14.11,14.12,14.14,14.15,14.16,14.18,14.18,14.15,14.11,14.10,14.09,14.11,14.15,14.11,14.05,14.01,13.99,13.97,13.92,13.90,13.90,13.90,13.92,13.94,13.94,13.93,13.91,13.90,12.97,10.72,7.26,7.26,7.25,7.23,7.22,7.21,7.21,7.21,7.22,7.24,7.25,7.26,7.27,7.27,7.25,7.22,7.16,7.10,7.08,7.03,6.96,6.89,6.81,6.74,6.72,6.68,6.58,6.47,6.53,6.57,6.61,6.70,6.70,6.65,6.56,6.46,6.38,6.53,6.64,6.70,6.77,6.76,6.76,6.77,6.80,6.83,6.86,6.90,6.94,6.95,6.95,6.93,6.91,6.87,6.97,7.06,7.13,7.14,7.19,7.25,7.31,7.38,7.40,7.42,7.45,6.67,4.56,4.96,5.42,6.13,6.95,6.95,6.93,6.92,6.93,6.98,7.01,7.00,6.97,6.91,6.86,6.81,6.75,6.70,6.65,6.59,6.52,6.44,6.35,5.79,5.46,5.25,5.15,5.24,5.32,5.32,5.30,5.36,5.44,5.50,5.52,5.50,5.49,5.49,5.47,5.42,5.37,5.43,5.40,5.29,5.13,5.06,5.04,5.05,5.05,5.05,5.05,5.01,4.85,4.41,3.72,3.65,3.99,4.45,4.42,4.32,4.23,4.16,4.07,4.00,3.94,3.92,3.97,4.00,4.02,4.03,4.02,3.96,3.92,3.91,3.90,3.84,3.78,3.73,3.68,3.62,3.59,3.59,3.55,3.49,3.46,3.44,3.52,3.66,3.79,3.81,3.81,3.76,3.69,3.75,3.72,3.72,3.74,3.74,3.73,3.72,3.71,3.70,3.69,3.68,3.67,3.66,3.63,3.54,3.42,3.29,3.16,3.12,3.09,3.05,3.02,3.02,2.90,2.80,2.74,2.64,2.72,2.78,2.81,2.80,2.76,2.70,2.63,2.58,2.67,2.71,2.76,2.80,2.80,2.82,2.85
9.97,10.11,10.21,10.31,10.45,10.41,10.55,11.59,12.16,12.29,12.24,12.25,12.24,12.45,12.79,13.19,13.67,13.94,14.06,14.10,14.14,14.15,14.14,14.13,14.12,14.10,14.11,14.12,14.13,14.14,14.17,14.19,14.17,14.13,14.10,14.10,14.14,14.17,14.15,14.11,14.07,14.04,14.01,13.96,13.94,13.93,13.92,13.94,13.94,13.92,13.90,13.91,13.89,11.90,9.24,7.26,7.27,7.26,7.25,7.23,7.21,7.20,7.20,7.20,7.22,7.23,7.25,7.26,7.26,7.25,7.22,7.16,7.10,7.08,7.00,6.93,6.86,6.78,6.71,6.70,6.67,6.60,6.50,6.57,6.61,6.66,6.76,6.71,6.64,6.54,6.43,6.43,6.58,6.69,6.73,6.79,6.79,6.79,6.79,6.81,6.84,6.87,6.91,6.95,6.95,6.94,6.93,6.91,6.88,6.98,7.06,7.11,7.13,7.16,7.22,7.30,7.39,7.44,7.48,7.51,6.75,4.67,5.07,5.23,5.78,6.69,6.83,6.88,6.91,6.95,7.01,7.02,6.99,6.95,6.89,6.84,6.79,6.73,6.68,6.63,6.59,6.53,6.44,6.29,5.58,5.33,5.23,5.16,5.27,5.33,5.31,5.30,5.44,5.48,5.54,5.57,5.57,5.52,5.52,5.50,5.43,5.33,5.38,5.36,5.27,5.14,5.05,5.05,5.06,5.06,5.09,5.11,5.10,4.84,3.98,3.20,3.51,4.21,4.67,4.55,4.43,4.35,4.30,4.16,4.05,3.96,3.91,3.94,3.94,3.92,3.93,3.96,3.91,3.90,3.90,3.90,3.88,3.84,3.80,3.75,3.67,3.58,3.55,3.48,3.38,3.37,3.33,3.40,3.51,3.61,3.69,3.72,3.71,3.66,3.66,3.63,3.63,3.66,3.66,3.65,3.64,3.63,3.62,3.61,3.60,3.59,3.59,3.60,3.46,3.33,3.22,3.13,3.08,3.05,3.03,3.02,3.04,2.87,2.75,2.71,2.69,2.76,2.81,2.82,2.80,2.74,2.68,2.63,2.63,2.72,2.75,2.78,2.81,2.80,2.82,2.85
9.61,9.74,9.78,9.90,9.96,9.92,10.14,11.28,11.96,12.12,12.06,12.06,12.14,12.44,12.93,13.52,13.95,14.06,14.10,14.13,14.15,14.15,14.14,14.13,14.12,14.10,14.09,14.10,14.11,14.12,14.16,14.19,14.18,14.14,14.08,14.11,14.15,14.17,14.14,14.16,14.14,14.08,14.05,14.01,13.99,13.98,13.96,13.94,13.93,13.89,13.86,13.91,13.91,10.62,7.45,7.27,7.29,7.29,7.27,7.24,7.22,7.21,7.20,7.19,7.18,7.21,7.23,7.25,7.26,7.24,7.22,7.17,7.10,7.05,6.97,6.90,6.83,6.75,6.68,6.67,6.66,6.62,6.58,6.61,6.64,6.70,6.80,6.74,6.64,6.52,6.41,6.52,6.65,6.72,6.72,6.77,6.83,6.85,6.84,6.81,6.84,6.90,6.93,6.94,6.95,6.94,6.92,6.91,6.89,7.00,7.05,7.08,7.10,7.13,7.19,7.27,7.35,7.38,7.42,7.46,7.43,7.29,7.30,6.38,5.87,6.20,6.59,6.80,6.91,6.98,7.04,7.02,6.98,6.93,6.88,6.82,6.77,6.71,6.66,6.62,6.56,6.51,6.41,6.19,5.52,5.30,5.24,5.24,5.30,5.31,5.27,5.28,5.48,5.50,5.54,5.61,5.66,5.57,5.56,5.54,5.50,5.47,5.40,5.38,5.33,5.14,5.04,5.06,5.08,5.05,5.07,5.09,5.11,4.65,2.90,2.49,3.68,4.90,4.98,4.69,4.57,4.49,4.41,4.25,4.16,4.08,4.01,3.95,3.90,3.83,3.82,3.87,3.84,3.84,3.86,3.88,3.91,3.89,3.86,3.82,3.74,3.64,3.59,3.51,3.41,3.34,3.25,3.26,3.31,3.33,3.51,3.61,3.65,3.63,3.55,3.54,3.56,3.58,3.58,3.57,3.56,3.55,3.54,3.53,3.52,3.52,3.54,3.59,3.39,3.23,3.12,3.07,3.06,3.05,3.05,3.06,3.05,2.86,2.69,2.64,2.75,2.80,2.84,2.85,2.81,2.73,2.66,2.66,2.73,2.77,2.78,2.81,2.82,2.80,2.82,2.85
9.20,9.28,9.41,9.70,9.69,9.74,10.11,11.06,11.69,11.87,11.87,11.89,11.76,11.76,12.40,13.50,14.01,14.09,14.12,14.14,14.14,14.15,14.15,14.14,14.12,14.10,14.09,14.09,14.10,14.11,14.15,14.17,14.16,14.12,14.09,14.13,14.17,14.21,14.26,14.19,14.13,14.10,14.10,14.01,13.96,13.95,13.95,13.95,13.95,13.93,13.91,13.92,12.91,9.83,7.26,7.28,7.29,7.30,7.30,7.28,7.25,7.23,7.21,7.19,7.18,7.19,7.20,7.24,7.30,7.26,7.18,7.14,7.12,7.06,6.97,6.89,6.81,6.74,6.67,6.68,6.66,6.59,6.58,6.61,6.67,6.74,6.79,6.74,6.65,6.54,6.43,6.55,6.68,6.76,6.79,6.87,6.90,6.90,6.87,6.84,6.88,6.91,6.93,6.94,6.94,6.93,6.93,6.93,6.91,7.00,7.03,7.05,7.08,7.09,7.16,7.24,7.31,7.34,7.37,7.41,7.45,7.46,7.46,6.67,6.15,6.30,6.72,6.87,6.95,6.99,7.03,6.97,6.95,6.92,6.88,6.82,6.76,6.70,6.64,6.60,6.54,6.49,6.26,5.70,5.39,5.26,5.24,5.28,5.32,5.29,5.30,5.37,5.50,5.53,5.57,5.61,5.67,5.65,5.61,5.57,5.56,5.53,5.47,5.38,5.27,5.12,5.03,5.00,4.98,4.94,5.04,5.08,5.00,4.26,2.01,2.34,3.88,5.14,5.13,4.92,4.79,4.67,4.55,4.40,4.29,4.15,4.04,4.01,3.94,3.87,3.84,3.83,3.78,3.76,3.77,3.79,3.80,3.80,3.81,3.81,3.75,3.71,3.64,3.56,3.45,3.38,3.29,3.24,3.21,3.19,3.28,3.37,3.47,3.54,3.45,3.46,3.48,3.50,3.50,3.49,3.48,3.47,3.46,3.46,3.48,3.50,3.53,3.52,3.40,3.25,3.12,3.03,3.04,3.03,3.01,2.99,2.91,2.80,2.72,2.68,2.77,2.85,2.86,2.83,2.79,2.72,2.66,2.67,2.75,2.78,2.80,2.82,2.82,2.81,2.82,2.85
8.91,8.95,9.11,9.47,9.40,9.71,10.35,10.99,11.47,11.64,11.70,11.74,11.25,10.90,11.61,13.16,14.02,14.12,14.14,14.14,14.13,14.14,14.15,14.14,14.13,14.11,14.10,14.09,14.08,14.09,14.14,14.16,14.14,14.11,14.11,14.14,14.19,14.25,14.33,14.20,14.12,14.11,14.12,14.00,13.93,13.91,13.92,13.93,13.95,13.95,13.94,13.93,11.53,8.92,7.26,7.28,7.30,7.31,7.32,7.31,7.28,7.25,7.23,7.20,7.19,7.17,7.19,7.25,7.31,7.25,7.16,7.13,7.13,7.09,7.02,6.94,6.86,6.79,6.68,6.67,6.64,6.57,6.58,6.62,6.69,6.76,6.78,6.72,6.65,6.55,6.46,6.55,6.65,6.73,6.77,6.88,6.93,6.92,6.88,6.83,6.87,6.91,6.92,6.92,6.93,6.93,6.94,6.94,6.92,7.00,7.01,7.02,7.06,7.05,7.12,7.20,7.26,7.30,7.32,7.36,7.38,7.35,7.36,6.84,6.47,6.52,6.86,6.94,6.98,7.01,7.01,6.93,6.90,6.89,6.86,6.82,6.77,6.71,6.65,6.60,6.54,6.44,6.08,5.33,5.28,5.24,5.25,5.31,5.33,5.28,5.33,5.45,5.52,5.57,5.59,5.62,5.66,5.70,5.65,5.61,5.60,5.56,5.50,5.37,5.23,5.11,5.01,4.94,4.88,4.84,4.97,5.01,4.75,3.74,1.32,2.67,4.28,5.29,5.23,5.10,5.00,4.88,4.73,4.55,4.39,4.19,4.05,4.06,4.00,3.94,3.89,3.84,3.76,3.72,3.70,3.69,3.69,3.70,3.74,3.76,3.73,3.74,3.68,3.59,3.51,3.43,3.35,3.26,3.18,3.11,3.13,3.18,3.28,3.38,3.33,3.35,3.39,3.42,3.42,3.41,3.40,3.40,3.39,3.41,3.44,3.48,3.50,3.45,3.38,3.26,3.13,3.00,3.01,3.00,2.96,2.91,2.78,2.75,2.73,2.73,2.79,2.88,2.86,2.81,2.77,2.72,2.66,2.68,2.77,2.80,2.82,2.83,2.83,2.82,2.83,2.85
8.92,8.92,8.94,9.06,9.04,9.91,11.13,11.31,11.37,11.47,11.59,11.63,10.53,9.82,10.40,12.17,13.96,14.14,14.14,14.14,14.15,14.13,14.14,14.15,14.14,14.12,14.10,14.09,14.07,14.08,14.13,14.14,14.12,14.11,14.13,14.16,14.23,14.30,14.24,14.14,14.12,14.12,14.04,13.95,13.90,13.88,13.86,13.89,13.92,13.93,13.94,13.91,9.55,7.63,7.25,7.27,7.29,7.32,7.33,7.34,7.32,7.29,7.26,7.23,7.20,7.18,7.23,7.27,7.25,7.17,7.18,7.17,7.15,7.13,7.16,7.13,7.06,6.96,6.72,6.61,6.56,6.55,6.59,6.62,6.69,6.75,6.75,6.69,6.61,6.55,6.50,6.50,6.51,6.51,6.52,6.61,6.85,6.90,6.82,6.72,6.76,6.85,6.90,6.89,6.91,6.92,6.93,6.94,6.94,6.99,7.00,7.01,7.03,7.01,7.09,7.16,7.20,7.23,7.26,7.29,7.29,7.23,7.23,6.97,6.80,6.84,6.91,6.97,7.02,7.04,7.00,6.91,6.84,6.80,6.77,6.79,6.80,6.77,6.70,6.64,6.57,6.31,5.87,5.33,5.25,5.24,5.28,5.34,5.30,5.28,5.35,5.48,5.57,5.60,5.61,5.63,5.65,5.68,5.65,5.62,5.61,5.54,5.43,5.35,5.27,5.14,4.98,4.88,4.82,4.77,4.77,4.82,4.24,2.96,1.09,3.98,5.15,5.32,5.25,5.17,5.18,5.16,5.04,4.71,4.42,4.18,4.04,4.04,4.07,4.02,3.98,3.95,3.85,3.79,3.70,3.60,3.60,3.60,3.62,3.65,3.67,3.70,3.67,3.62,3.58,3.50,3.43,3.36,3.28,3.19,3.15,3.12,3.10,3.10,3.18,3.19,3.25,3.34,3.33,3.33,3.32,3.33,3.36,3.39,3.42,3.44,3.43,3.35,3.28,3.21,3.10,2.95,2.95,2.95,2.91,2.82,2.73,2.71,2.72,2.76,2.81,2.84,2.83,2.79,2.74,2.70,2.68,2.73,2.81,2.83,2.84,2.84,2.84,2.86,2.84,2.85
8.91,8.91,8.98,9.54,9.54,10.27,11.26,11.24,11.25,11.39,11.35,10.89,9.87,9.94,11.09,12.87,14.03,14.14,14.15,14.15,14.15,14.14,14.14,14.15,14.15,14.13,14.11,14.09,14.08,14.07,14.11,14.11,14.10,14.10,14.14,14.16,14.20,14.24,14.16,14.10,14.08,14.05,13.95,13.96,13.92,13.87,13.85,13.88,13.91,13.93,13.66,12.64,8.63,7.25,7.25,7.26,7.29,7.31,7.33,7.35,7.35,7.33,7.30,7.27,7.24,7.20,7.24,7.26,7.22,7.16,7.19,7.21,7.20,7.18,7.19,7.18,7.13,7.05,6.75,6.60,6.55,6.58,6.61,6.65,6.71,6.74,6.71,6.65,6.57,6.52,6.52,6.52,6.46,6.42,6.41,6.44,6.57,6.60,6.55,6.49,6.35,6.14,5.89,5.82,6.78,6.89,6.90,6.92,6.93,6.97,6.98,6.99,7.01,6.98,7.06,7.12,7.15,7.17,7.21,7.22,7.18,7.12,7.11,6.98,6.91,6.94,6.94,7.00,7.03,7.02,6.96,6.89,6.81,6.74,6.69,6.68,6.71,6.71,6.69,6.67,6.62,6.20,5.67,5.31,5.25,5.27,5.31,5.35,5.29,5.33,5.40,5.49,5.58,5.61,5.64,5.65,5.63,5.64,5.64,5.63,5.60,5.48,5.41,5.36,5.31,5.21,5.02,4.86,4.76,4.70,4.66,4.57,3.84,2.88,2.61,4.78,5.42,5.34,5.27,5.20,5.23,5.27,5.19,4.75,4.35,4.13,4.06,4.07,4.08,4.05,4.02,4.02,3.92,3.87,3.78,3.67,3.63,3.57,3.54,3.55,3.57,3.60,3.59,3.58,3.57,3.55,3.50,3.43,3.36,3.29,3.22,3.16,3.11,3.07,3.12,3.10,3.13,3.19,3.18,3.21,3.25,3.30,3.33,3.35,3.36,3.36,3.36,3.35,3.32,3.28,3.19,3.01,2.95,2.91,2.85,2.74,2.68,2.70,2.74,2.78,2.82,2.82,2.79,2.75,2.69,2.68,2.71,2.77,2.86,2.90,2.89,2.87,2.86,2.88,2.84,2.85
8.90,8.91,9.12,10.32,10.36,10.67,11.13,11.02,11.13,11.32,11.03,9.96,9.44,10.66,12.51,14.13,14.14,14.15,14.15,14.15,14.15,14.15,14.15,14.15,14.16,14.14,14.12,14.10,14.09,14.07,14.08,14.07,14.07,14.09,14.14,14.16,14.15,14.14,14.08,14.06,14.02,13.95,13.87,13.97,13.94,13.88,13.87,13.89,13.92,13.92,13.26,10.78,8.14,7.25,7.25,7.25,7.27,7.30,7.33,7.35,7.38,7.36,7.34,7.30,7.27,7.22,7.23,7.24,7.21,7.18,7.20,7.23,7.25,7.24,7.19,7.17,7.15,7.09,6.76,6.61,6.58,6.62,6.62,6.70,6.73,6.72,6.68,6.61,6.52,6.50,6.55,6.55,6.46,6.39,6.37,6.31,6.23,6.22,6.23,6.23,5.89,5.34,4.74,4.62,6.63,6.84,6.86,6.89,6.92,6.95,6.96,6.97,6.98,6.95,7.02,7.08,7.10,7.11,7.16,7.14,7.07,7.00,7.01,6.95,6.92,6.94,6.95,7.02,7.03,6.99,6.92,6.86,6.78,6.70,6.62,6.56,6.57,6.60,6.63,6.67,6.63,6.09,5.48,5.28,5.26,5.30,5.34,5.34,5.29,5.40,5.46,5.49,5.58,5.63,5.67,5.67,5.61,5.62,5.63,5.63,5.58,5.41,5.41,5.40,5.36,5.30,5.08,4.87,4.72,4.64,4.59,4.28,3.53,3.17,4.67,5.31,5.45,5.37,5.29,5.22,5.23,5.30,5.27,4.74,4.26,4.08,4.09,4.12,4.07,4.05,4.05,4.07,3.99,3.95,3.90,3.82,3.73,3.58,3.50,3.46,3.46,3.48,3.50,3.51,3.53,3.56,3.54,3.48,3.42,3.38,3.30,3.24,3.19,3.13,3.09,3.05,3.04,3.04,3.02,3.08,3.17,3.25,3.28,3.28,3.28,3.28,3.30,3.40,3.42,3.41,3.33,3.15,2.99,2.88,2.77,2.67,2.63,2.71,2.77,2.81,2.83,2.81,2.76,2.69,2.65,2.67,2.73,2.82,2.91,2.98,2.94,2.90,2.88,2.90,2.85,2.85
8.90,9.01,9.41,10.56,10.85,10.94,10.96,10.91,11.07,10.95,10.45,9.73,10.56,12.29,13.61,14.15,14.13,14.15,14.15,14.14,14.15,14.15,14.15,14.15,14.16,14.15,14.13,14.12,14.09,14.05,14.05,14.05,14.06,14.10,14.15,14.15,14.14,14.11,14.07,14.02,13.97,13.92,13.90,13.94,13.89,13.86,13.88,13.90,13.92,13.91,12.80,8.53,7.54,7.25,7.25,7.25,7.27,7.29,7.32,7.35,7.37,7.39,7.37,7.34,7.28,7.21,7.21,7.22,7.21,7.21,7.20,7.22,7.26,7.26,7.25,7.22,7.14,6.99,6.66,6.58,6.60,6.65,6.65,6.72,6.73,6.69,6.64,6.57,6.48,6.47,6.59,6.58,6.50,6.42,6.37,6.31,6.21,6.18,6.18,6.15,6.01,5.84,5.68,5.72,6.71,6.82,6.83,6.87,6.90,6.92,6.93,6.94,6.95,6.93,6.98,7.03,7.05,7.06,7.06,7.02,6.95,6.89,6.90,6.91,6.89,6.88,6.96,7.01,7.01,6.96,6.87,6.81,6.74,6.67,6.59,6.52,6.48,6.47,6.48,6.52,6.38,5.88,5.36,5.21,5.26,5.31,5.32,5.30,5.31,5.42,5.50,5.56,5.61,5.65,5.69,5.72,5.72,5.70,5.64,5.60,5.57,5.44,5.49,5.49,5.46,5.40,5.17,4.95,4.75,4.59,4.52,3.96,3.65,3.97,5.25,5.47,5.48,5.40,5.31,5.24,5.23,5.28,5.26,4.78,4.26,4.08,4.10,4.10,4.08,4.07,4.06,4.05,4.02,3.99,3.96,3.92,3.86,3.73,3.63,3.54,3.44,3.41,3.42,3.43,3.43,3.45,3.44,3.41,3.39,3.40,3.34,3.29,3.24,3.19,3.12,3.09,3.06,3.05,3.01,2.95,3.00,3.09,3.12,3.15,3.21,3.25,3.31,3.46,3.49,3.50,3.50,3.49,3.16,2.89,2.73,2.67,2.66,2.73,2.80,2.82,2.80,2.76,2.71,2.65,2.59,2.74,2.82,2.86,2.87,2.91,2.95,2.95,2.93,2.94,2.87,2.86
8.90,9.06,9.53,10.62,10.95,10.92,10.77,10.77,10.93,10.69,10.22,9.93,11.89,13.42,14.15,14.17,14.13,14.14,14.15,14.14,14.15,14.15,14.15,14.15,14.16,14.16,14.14,14.12,14.08,14.02,14.04,14.05,14.08,14.12,14.16,14.15,14.12,14.08,14.04,13.98,13.94,13.91,13.90,13.90,13.87,13.86,13.90,13.91,13.92,13.90,12.99,9.52,9.39,8.29,7.25,7.25,7.26,7.28,7.31,7.34,7.36,7.40,7.39,7.34,7.24,7.20,7.18,7.19,7.20,7.23,7.22,7.23,7.27,7.28,7.30,7.23,7.09,6.90,6.59,6.57,6.63,6.68,6.68,6.73,6.71,6.65,6.60,6.53,6.47,6.49,6.61,6.64,6.56,6.48,6.41,6.32,6.24,6.18,6.14,6.10,6.06,6.07,6.10,6.18,6.48,6.50,6.53,6.61,6.77,6.87,6.90,6.91,6.91,6.90,6.94,6.98,7.00,6.99,6.96,6.91,6.84,6.77,6.85,6.88,6.50,5.98,6.87,6.98,6.95,6.90,6.84,6.77,6.71,6.64,6.56,6.48,6.42,6.38,6.35,6.33,6.04,5.62,5.27,5.20,5.28,5.32,5.30,5.27,5.35,5.45,5.53,5.60,5.63,5.67,5.71,5.75,5.79,5.77,5.72,5.67,5.62,5.49,5.52,5.55,5.54,5.48,5.27,5.06,4.84,4.63,4.59,4.27,4.32,4.79,5.54,5.56,5.50,5.42,5.34,5.26,5.22,5.25,5.19,4.59,4.19,4.07,4.10,4.10,4.09,4.08,4.07,4.06,4.05,4.03,4.01,4.00,3.95,3.89,3.76,3.61,3.49,3.43,3.43,3.40,3.36,3.35,3.33,3.32,3.33,3.37,3.33,3.30,3.27,3.24,3.16,3.12,3.09,3.06,3.01,2.91,2.91,2.95,2.94,3.01,3.10,3.17,3.23,3.41,3.56,3.57,3.55,3.62,3.21,2.89,2.70,2.65,2.68,2.76,2.81,2.82,2.78,2.73,2.66,2.62,2.62,2.79,2.89,2.93,2.92,2.95,2.97,2.95,2.93,2.95,2.91,2.90
8.91,9.06,9.50,10.50,10.71,10.65,10.54,10.63,10.72,10.54,10.33,10.54,13.40,14.09,14.17,14.20,14.14,14.14,14.15,14.14,14.14,14.15,14.15,14.15,14.15,14.17,14.16,14.12,14.06,13.98,14.04,14.08,14.11,14.16,14.18,14.13,14.08,14.04,13.99,13.95,13.92,13.90,13.88,13.86,13.85,13.87,13.91,13.93,13.91,13.89,13.81,13.51,13.52,10.30,7.25,7.25,7.25,7.27,7.30,7.33,7.36,7.41,7.40,7.31,7.16,7.18,7.16,7.16,7.19,7.23,7.26,7.26,7.27,7.31,7.32,7.20,7.02,6.81,6.55,6.58,6.66,6.69,6.71,6.71,6.66,6.59,6.56,6.46,6.49,6.56,6.62,6.71,6.65,6.57,6.48,6.35,6.32,6.23,6.12,6.08,6.05,6.04,6.03,6.02,5.97,5.93,5.96,6.14,6.54,6.80,6.87,6.86,6.85,6.88,6.90,6.92,6.94,6.93,6.86,6.79,6.72,6.66,6.84,6.86,5.77,4.30,6.70,6.94,6.87,6.82,6.82,6.75,6.67,6.59,6.52,6.45,6.38,6.32,6.25,6.10,5.61,5.32,5.22,5.26,5.32,5.32,5.28,5.26,5.41,5.49,5.56,5.62,5.66,5.70,5.73,5.77,5.81,5.85,5.88,5.84,5.72,5.57,5.53,5.57,5.61,5.57,5.37,5.19,4.96,4.74,4.79,5.17,5.49,5.64,5.55,5.58,5.52,5.44,5.36,5.28,5.22,5.21,5.04,4.17,4.05,4.07,4.12,4.11,4.10,4.09,4.09,4.08,4.07,4.05,4.05,4.05,4.02,4.04,3.87,3.68,3.61,3.55,3.50,3.42,3.31,3.26,3.22,3.22,3.25,3.29,3.27,3.26,3.27,3.28,3.21,3.16,3.13,3.08,3.01,2.95,2.89,2.82,2.75,2.84,2.95,3.02,3.08,3.25,3.61,3.62,3.49,3.54,3.17,2.87,2.68,2.62,2.71,2.77,2.81,2.81,2.75,2.70,2.62,2.61,2.73,2.81,2.94,3.03,3.07,3.11,3.01,2.92,2.88,2.94,2.97,2.95
8.91,9.07,9.53,10.37,10.53,10.50,10.47,10.58,10.62,10.47,10.32,10.42,11.78,12.95,13.79,14.21,14.13,14.14,14.15,14.14,14.14,14.14,14.15,14.15,14.15,14.16,14.14,14.09,14.03,14.02,14.08,14.12,14.14,14.16,14.15,14.10,14.04,14.00,13.96,13.92,13.91,13.89,13.86,13.85,13.86,13.89,13.92,13.93,13.91,13.88,13.84,13.81,13.85,12.35,10.04,7.80,7.36,7.27,7.29,7.35,7.42,7.49,7.45,7.31,7.17,7.17,7.16,7.13,7.13,7.19,7.24,7.27,7.27,7.26,7.12,7.02,6.89,6.69,6.61,6.64,6.70,6.73,6.73,6.72,6.67,6.60,6.55,6.51,6.55,6.61,6.68,6.76,6.75,6.68,6.54,6.38,6.34,6.28,6.20,6.15,6.12,6.09,6.05,5.97,5.90,5.88,5.89,5.94,6.04,6.21,6.25,6.45,6.87,6.87,6.88,6.89,6.89,6.78,6.62,6.48,6.38,6.31,6.49,6.17,5.31,4.59,6.65,6.84,6.76,6.70,6.71,6.69,6.63,6.56,6.48,6.41,6.33,6.26,6.16,5.89,5.51,5.29,5.23,5.29,5.33,5.32,5.32,5.37,5.46,5.51,5.56,5.61,5.65,5.68,5.72,5.76,5.80,5.84,5.87,5.88,5.84,5.74,5.62,5.59,5.59,5.55,5.47,5.43,5.25,5.00,5.34,5.67,5.76,5.65,5.52,5.49,5.48,5.47,5.41,5.31,5.23,5.02,4.63,4.06,4.05,4.09,4.11,4.12,4.12,4.11,4.10,4.10,4.09,4.08,4.07,4.07,4.06,3.89,3.65,3.59,3.81,3.65,3.59,3.53,3.42,3.25,3.23,3.17,3.12,3.16,3.17,3.18,3.19,3.19,3.17,3.17,3.14,3.09,3.02,2.98,2.93,2.87,2.81,2.81,2.80,2.82,2.89,3.02,3.26,3.28,3.19,3.18,2.98,2.78,2.66,2.65,2.74,2.81,2.83,2.80,2.72,2.64,2.56,2.59,2.77,2.89,3.03,3.10,3.08,3.06,3.00,2.99,3.00,2.97,2.94,2.92
8.89,9.06,9.50,10.22,10.35,10.35,10.37,10.50,10.51,10.40,10.29,10.26,10.42,11.64,12.89,13.76,14.08,14.14,14.14,14.14,14.14,14.14,14.14,14.15,14.15,14.15,14.12,14.06,14.02,14.07,14.11,14.14,14.16,14.15,14.12,14.06,14.00,13.96,13.93,13.90,13.89,13.88,13.85,13.84,13.87,13.91,13.93,13.93,13.90,13.86,13.83,13.81,13.78,13.52,11.86,8.29,7.48,7.30,7.32,7.39,7.49,7.55,7.47,7.31,7.18,7.17,7.15,7.11,7.08,7.15,7.22,7.24,7.22,7.16,6.94,6.86,6.78,6.60,6.66,6.70,6.73,6.76,6.75,6.72,6.67,6.60,6.54,6.57,6.61,6.66,6.73,6.80,6.85,6.80,6.63,6.44,6.36,6.29,6.23,6.19,6.18,6.15,6.08,5.98,5.92,5.89,5.88,5.83,5.72,5.78,5.79,6.06,6.64,6.62,6.64,6.75,6.83,6.63,6.39,6.19,6.06,6.02,6.15,5.68,5.23,5.29,6.61,6.71,6.63,6.57,6.59,6.60,6.58,6.52,6.44,6.36,6.29,6.20,6.03,5.67,5.41,5.27,5.25,5.31,5.32,5.30,5.34,5.46,5.49,5.52,5.55,5.59,5.63,5.66,5.70,5.74,5.77,5.81,5.85,5.89,5.90,5.84,5.70,5.62,5.59,5.56,5.55,5.61,5.49,5.28,5.71,5.92,5.84,5.60,5.49,5.41,5.43,5.46,5.45,5.36,5.24,4.85,4.27,4.01,4.06,4.09,4.11,4.12,4.12,4.13,4.12,4.12,4.11,4.10,4.09,4.09,4.10,3.55,3.36,3.56,4.04,3.87,3.77,3.64,3.44,3.23,3.26,3.19,3.09,3.09,3.08,3.09,3.09,3.09,3.10,3.13,3.12,3.09,3.04,3.00,2.97,2.92,2.88,2.81,2.73,2.70,2.75,2.82,2.91,2.94,2.93,2.89,2.80,2.69,2.64,2.69,2.78,2.85,2.84,2.78,2.69,2.59,2.54,2.62,2.87,2.98,3.09,3.12,3.06,3.01,2.98,3.03,3.07,3.00,2.93,2.92
8.84,8.99,9.34,10.01,10.15,10.18,10.23,10.37,10.36,10.30,10.22,10.17,10.12,10.28,11.04,12.40,13.93,14.12,14.14,14.13,14.14,14.14,14.14,14.14,14.15,14.12,14.06,14.04,14.05,14.11,14.12,14.14,14.15,14.13,14.12,14.03,13.97,13.94,13.92,13.89,13.87,13.86,13.85,13.85,13.88,13.91,13.94,13.92,13.89,13.86,13.82,13.83,13.57,12.89,11.28,8.57,7.61,7.38,7.40,7.47,7.58,7.55,7.44,7.30,7.17,7.14,7.13,7.11,7.06,7.08,7.19,7.17,7.06,6.96,6.84,6.78,6.69,6.57,6.70,6.75,6.77,6.77,6.73,6.70,6.64,6.58,6.52,6.60,6.67,6.73,6.78,6.85,6.95,6.94,6.79,6.58,6.39,6.22,6.12,6.15,6.20,6.17,6.13,6.08,6.03,5.95,5.89,5.84,5.79,5.77,5.77,5.80,5.86,5.87,5.98,6.37,6.78,6.48,6.18,5.97,5.86,5.85,5.87,5.70,5.90,6.48,6.57,6.51,6.46,6.45,6.46,6.48,6.48,6.47,6.41,6.33,6.26,6.10,5.84,5.45,5.26,5.23,5.28,5.32,5.29,5.24,5.31,5.49,5.48,5.50,5.52,5.55,5.59,5.63,5.67,5.70,5.74,5.78,5.81,5.85,5.86,5.81,5.73,5.67,5.64,5.61,5.61,5.64,5.63,5.57,5.63,5.71,5.68,5.57,5.46,5.36,5.35,5.39,5.45,5.40,5.23,4.72,4.06,4.03,4.06,4.07,4.08,4.10,4.11,4.13,4.14,4.13,4.13,4.12,4.11,4.10,4.11,2.91,2.96,3.65,4.31,4.29,4.12,3.72,3.24,3.19,3.32,3.33,3.27,3.19,3.01,2.97,2.97,2.97,2.99,3.00,3.03,3.05,3.08,3.02,2.98,2.95,2.91,2.86,2.80,2.75,2.71,2.69,2.65,2.70,2.77,2.79,2.71,2.64,2.63,2.72,2.82,2.87,2.84,2.75,2.67,2.55,2.59,2.77,3.06,3.10,3.10,3.06,3.01,3.00,2.99,2.99,3.00,2.99,2.98,2.97
8.75,8.88,9.13,9.91,10.03,10.08,10.15,10.23,10.20,10.18,10.16,10.09,9.95,9.86,10.17,10.99,12.25,13.14,13.79,14.14,14.14,14.14,14.15,14.14,14.13,14.08,14.05,14.05,14.09,14.13,14.14,14.14,14.13,14.11,14.06,14.00,13.94,13.90,13.88,13.86,13.85,13.85,13.85,13.87,13.90,13.92,13.93,13.90,13.87,13.84,13.78,13.65,13.05,12.11,10.58,8.48,7.67,7.49,7.52,7.58,7.60,7.53,7.42,7.29,7.17,7.12,7.11,7.09,7.04,6.97,7.05,7.03,6.91,6.80,6.72,6.67,6.65,6.62,6.73,6.78,6.80,6.80,6.74,6.70,6.64,6.61,6.61,6.66,6.72,6.78,6.82,6.92,7.04,7.02,6.85,6.63,6.42,6.23,6.14,6.19,6.23,6.16,6.11,6.09,6.04,5.98,5.92,5.88,5.84,5.78,5.75,5.71,5.65,5.65,5.72,5.95,6.19,6.06,5.94,5.82,5.74,5.74,5.73,5.70,6.05,6.64,6.38,6.33,6.34,6.35,6.34,6.35,6.37,6.37,6.35,6.30,6.19,5.97,5.64,5.35,5.24,5.25,5.31,5.32,5.28,5.29,5.37,5.50,5.52,5.51,5.50,5.52,5.55,5.59,5.63,5.67,5.71,5.74,5.77,5.80,5.82,5.78,5.72,5.68,5.65,5.64,5.64,5.66,5.66,5.64,5.61,5.61,5.59,5.52,5.43,5.32,5.27,5.29,5.38,5.40,5.00,4.45,4.01,4.04,4.07,4.07,4.07,4.09,4.09,4.11,4.13,4.13,4.14,4.14,4.13,4.10,4.04,2.81,3.09,3.99,4.65,4.67,4.50,3.99,3.37,3.44,3.45,3.38,3.31,3.35,3.15,3.04,3.00,2.98,2.90,2.89,2.91,2.96,2.98,2.98,2.98,2.97,2.94,2.90,2.85,2.81,2.77,2.73,2.66,2.65,2.69,2.71,2.66,2.65,2.68,2.76,2.85,2.88,2.84,2.74,2.64,2.58,2.65,2.85,3.10,3.11,3.07,3.03,3.00,3.00,3.00,2.99,2.99,3.00,3.00,2.99
8.47,8.56,8.94,9.83,9.93,9.99,10.10,10.12,10.06,10.09,10.09,10.00,9.82,9.76,9.71,9.75,10.27,11.82,13.19,14.04,14.14,14.15,14.15,14.14,14.10,14.04,14.06,14.09,14.12,14.15,14.15,14.13,14.10,14.09,14.00,13.96,13.91,13.85,13.84,13.83,13.83,13.84,13.86,13.89,13.92,13.93,13.92,13.89,13.85,13.82,13.72,13.37,12.42,11.28,9.88,8.25,7.70,7.59,7.64,7.69,7.60,7.51,7.40,7.29,7.17,7.09,7.08,7.07,7.02,6.87,6.88,6.86,6.78,6.68,6.60,6.59,6.63,6.70,6.75,6.79,6.83,6.84,6.75,6.69,6.65,6.64,6.72,6.72,6.78,6.83,6.86,7.01,7.11,7.07,6.89,6.67,6.45,6.29,6.22,6.27,6.26,6.15,6.07,6.06,6.01,5.98,5.95,5.92,5.88,5.82,5.75,5.70,5.67,5.64,5.63,5.58,5.53,5.62,5.70,5.70,5.66,5.66,5.65,5.70,6.01,6.42,6.15,6.15,6.20,6.24,6.21,6.23,6.24,6.26,6.28,6.26,6.12,5.82,5.45,5.29,5.26,5.28,5.32,5.32,5.28,5.37,5.46,5.51,5.57,5.53,5.49,5.49,5.51,5.55,5.59,5.63,5.67,5.70,5.72,5.75,5.78,5.75,5.69,5.66,5.66,5.66,5.65,5.65,5.65,5.62,5.59,5.56,5.51,5.46,5.39,5.29,5.20,5.17,5.26,5.32,4.69,4.18,4.02,4.06,4.07,4.07,4.06,4.07,4.07,4.09,4.10,4.11,4.15,4.15,4.14,4.11,4.02,3.03,3.47,4.40,4.97,4.98,4.86,4.35,3.71,3.84,3.67,3.46,3.38,3.57,3.37,3.21,3.10,3.03,2.86,2.81,2.81,2.84,2.84,2.90,2.94,2.96,2.96,2.93,2.89,2.86,2.85,2.82,2.75,2.68,2.65,2.66,2.65,2.69,2.75,2.79,2.86,2.88,2.83,2.73,2.60,2.62,2.73,2.89,3.08,3.07,3.04,3.02,3.01,3.00,3.01,3.01,3.00,3.01,3.01,3.00
7.17,7.10,8.96,9.65,9.78,9.91,10.07,10.15,10.12,10.08,10.00,9.87,9.66,9.60,9.60,9.65,9.82,10.50,11.88,13.34,14.14,14.15,14.14,14.11,14.06,14.06,14.15,14.20,14.19,14.15,14.07,14.08,14.09,14.03,13.94,13.91,13.89,13.87,13.87,13.86,13.85,13.86,13.89,13.88,13.89,13.90,13.91,13.90,13.85,13.82,13.64,12.92,11.75,10.60,9.36,8.02,7.74,7.70,7.70,7.69,7.63,7.50,7.37,7.27,7.20,7.12,7.04,6.99,6.96,6.87,6.81,6.75,6.68,6.65,6.62,6.65,6.71,6.77,6.76,6.79,6.81,6.80,6.72,6.65,6.62,6.65,6.72,6.80,6.86,6.88,6.91,7.09,7.13,7.07,6.91,6.69,6.49,6.37,6.33,6.38,6.36,6.23,6.10,6.01,5.94,5.92,5.91,5.92,5.98,5.96,5.89,5.83,5.80,5.73,5.69,5.63,5.57,5.62,5.62,5.60,5.58,5.58,5.60,5.71,5.92,6.13,5.94,5.93,5.98,6.05,6.09,6.10,6.12,6.13,6.15,6.21,6.05,5.71,5.33,5.21,5.25,5.29,5.31,5.31,5.34,5.43,5.51,5.54,5.57,5.53,5.49,5.46,5.48,5.52,5.55,5.59,5.63,5.65,5.67,5.70,5.74,5.72,5.66,5.64,5.65,5.67,5.62,5.57,5.55,5.54,5.53,5.49,5.43,5.37,5.34,5.29,5.19,5.10,5.03,4.86,4.40,4.11,4.08,4.11,4.10,4.07,4.06,4.06,4.06,4.07,4.08,4.09,4.11,4.15,4.17,4.24,4.56,4.00,4.22,4.71,4.99,4.98,4.93,4.78,4.56,4.50,4.23,3.99,3.87,3.94,3.73,3.52,3.32,3.15,3.04,2.95,2.84,2.74,2.74,2.78,2.81,2.83,2.84,2.86,2.89,2.89,2.87,2.86,2.79,2.73,2.71,2.74,2.75,2.78,2.83,2.88,2.91,2.89,2.80,2.66,2.53,2.68,2.80,2.92,3.06,3.06,3.04,3.03,3.02,3.02,3.02,3.02,3.02,3.05,3.03,3.02
6.25,6.47,9.16,9.52,9.66,9.82,10.00,10.10,10.05,9.96,9.84,9.71,9.55,9.50,9.51,9.55,9.58,9.76,10.98,12.64,13.91,14.08,14.11,14.07,14.05,14.10,14.21,14.25,14.21,14.14,14.02,14.06,14.09,13.98,13.92,13.90,13.90,13.90,13.87,13.86,13.77,13.55,13.16,13.38,13.45,13.61,13.92,13.93,13.88,13.85,13.51,12.15,10.69,9.71,8.86,7.91,7.75,7.70,7.66,7.61,7.58,7.43,7.29,7.18,7.11,7.06,6.98,6.91,6.88,6.82,6.73,6.67,6.65,6.66,6.69,6.73,6.78,6.77,6.76,6.79,6.80,6.77,6.69,6.61,6.62,6.69,6.74,6.82,6.87,6.88,6.90,7.06,7.06,7.02,6.92,6.72,6.57,6.48,6.45,6.48,6.44,6.30,6.16,6.05,5.96,5.92,5.92,5.96,6.07,6.10,6.04,5.97,5.94,5.89,5.84,5.79,5.75,5.68,5.58,5.54,5.54,5.54,5.56,5.63,5.75,5.87,5.86,5.92,5.91,5.88,5.93,5.95,5.98,6.02,6.06,6.14,5.88,5.53,5.25,5.21,5.27,5.30,5.29,5.30,5.41,5.48,5.53,5.57,5.55,5.52,5.48,5.44,5.44,5.48,5.52,5.55,5.59,5.59,5.62,5.66,5.70,5.68,5.63,5.62,5.66,5.72,5.34,5.29,5.38,5.49,5.47,5.42,5.36,5.30,5.27,5.22,5.15,5.05,4.90,4.64,4.27,4.08,4.12,4.17,4.13,4.08,4.05,4.05,4.06,4.06,4.07,4.08,4.09,4.13,4.21,4.42,4.87,4.69,4.78,4.95,4.99,4.99,4.99,4.99,4.97,4.85,4.64,4.46,4.35,4.31,4.09,3.87,3.63,3.40,3.24,3.09,2.93,2.80,2.76,2.78,2.74,2.72,2.75,2.80,2.84,2.86,2.85,2.87,2.80,2.76,2.76,2.79,2.82,2.84,2.88,2.92,2.91,2.86,2.75,2.62,2.56,2.74,2.87,2.96,3.05,3.05,3.05,3.04,3.03,3.03,3.03,3.02,3.03,3.06,3.04,3.03
5.66,6.51,9.50,9.44,9.56,9.75,9.92,9.98,9.89,9.75,9.62,9.53,9.47,9.46,9.45,9.46,9.52,9.50,10.41,11.92,13.49,13.95,14.06,14.04,14.06,14.16,14.24,14.25,14.19,14.10,13.99,14.07,14.11,13.93,13.91,13.91,13.93,13.94,13.86,13.83,13.60,12.97,11.79,12.50,12.70,13.12,13.95,13.96,13.93,13.91,13.33,11.13,9.31,8.64,8.38,7.90,7.72,7.62,7.54,7.47,7.46,7.29,7.15,7.05,6.92,6.95,6.91,6.84,6.78,6.72,6.64,6.63,6.67,6.72,6.80,6.85,6.84,6.73,6.76,6.80,6.80,6.75,6.67,6.59,6.64,6.75,6.78,6.79,6.82,6.84,6.84,6.95,6.92,6.92,6.91,6.76,6.67,6.60,6.57,6.58,6.53,6.39,6.25,6.16,6.06,5.98,5.97,6.04,6.16,6.25,6.20,6.13,6.11,6.11,6.06,6.07,6.05,5.79,5.58,5.51,5.52,5.55,5.53,5.49,5.50,5.62,5.89,6.07,5.96,5.75,5.75,5.78,5.83,5.91,6.00,6.05,5.63,5.31,5.22,5.27,5.32,5.31,5.28,5.27,5.48,5.51,5.53,5.58,5.53,5.51,5.46,5.41,5.40,5.44,5.48,5.52,5.55,5.54,5.57,5.62,5.66,5.65,5.61,5.61,5.67,5.79,4.86,4.84,5.16,5.46,5.41,5.35,5.29,5.23,5.17,5.11,5.09,5.01,4.84,4.62,4.27,4.10,4.14,4.22,4.18,4.10,4.04,4.04,4.05,4.06,4.06,4.07,4.07,4.08,4.29,4.64,5.00,5.15,5.20,5.13,4.97,5.01,5.02,5.02,5.01,4.96,4.91,4.88,4.83,4.69,4.46,4.25,4.01,3.74,3.46,3.23,3.08,3.00,2.90,2.87,2.73,2.64,2.70,2.73,2.76,2.77,2.80,2.85,2.79,2.78,2.81,2.82,2.86,2.89,2.91,2.91,2.88,2.81,2.69,2.59,2.65,2.79,2.92,3.01,3.06,3.06,3.05,3.05,3.04,3.04,3.03,3.03,3.04,3.06,3.04,3.03
6.30,7.45,9.32,9.32,9.51,9.71,9.84,9.80,9.72,9.62,9.54,9.48,9.42,9.41,9.41,9.41,9.44,9.45,10.03,11.16,12.65,12.67,12.08,12.47,14.09,14.16,14.19,14.18,14.13,14.07,14.12,14.08,12.94,10.36,10.70,12.57,13.80,13.92,13.88,13.43,12.80,11.88,10.58,11.30,11.20,10.78,10.42,10.43,12.49,13.73,12.99,9.37,8.52,8.23,8.10,7.83,7.62,7.50,7.40,7.29,7.21,7.09,6.99,6.91,6.85,6.84,6.77,6.72,6.72,6.72,6.71,6.69,6.69,6.76,6.85,6.87,6.83,6.74,6.76,6.80,6.79,6.71,6.62,6.62,6.73,6.85,6.87,6.88,6.88,6.85,6.80,6.87,6.84,6.82,6.82,6.80,6.75,6.71,6.68,6.68,6.60,6.48,6.36,6.25,6.15,6.08,6.08,6.14,6.21,6.31,6.28,6.23,6.27,6.27,6.22,6.25,6.23,5.82,5.46,5.46,5.59,5.62,5.57,5.51,5.50,5.54,5.64,5.71,5.70,5.63,5.60,5.66,5.70,5.73,5.76,5.77,5.47,5.27,5.24,5.27,5.30,5.28,5.27,5.34,5.46,5.51,5.55,5.58,5.53,5.50,5.45,5.40,5.38,5.41,5.44,5.47,5.49,5.49,5.53,5.58,5.62,5.62,5.59,5.60,5.63,5.60,3.71,3.96,4.84,5.47,5.40,5.31,5.23,5.17,5.11,5.05,5.00,4.91,4.75,4.41,4.39,4.31,4.16,4.27,4.23,4.13,4.04,4.04,4.04,4.05,4.06,4.06,4.06,4.06,4.38,4.84,4.98,5.11,5.11,5.05,4.98,5.04,5.05,5.05,5.03,4.97,4.95,4.93,4.87,4.78,4.66,4.54,4.38,4.15,3.89,3.66,3.48,3.34,3.17,3.00,2.87,2.78,2.73,2.68,2.67,2.68,2.71,2.72,2.75,2.78,2.80,2.83,2.84,2.86,2.89,2.90,2.84,2.76,2.67,2.63,2.73,2.86,2.98,3.06,3.08,3.07,3.07,3.06,3.05,3.05,3.04,3.06,3.08,3.05,3.06,3.05
6.99,8.23,9.13,9.21,9.42,9.61,9.70,9.62,9.58,9.52,9.47,9.43,9.37,9.36,9.37,9.37,9.37,9.41,9.69,10.43,11.74,11.29,10.43,10.94,13.13,14.02,14.18,14.17,14.13,14.05,14.16,13.38,11.26,8.03,8.45,10.97,12.91,13.55,13.71,12.99,11.90,10.63,9.44,10.08,9.81,9.00,8.07,8.08,10.73,12.34,11.70,8.18,8.01,7.96,7.88,7.75,7.49,7.37,7.27,7.15,7.04,6.95,6.85,6.78,6.77,6.75,6.69,6.66,6.69,6.73,6.75,6.73,6.71,6.79,6.88,6.88,6.83,6.76,6.77,6.79,6.76,6.67,6.58,6.67,6.80,6.91,6.92,6.93,6.90,6.85,6.79,6.83,6.81,6.76,6.74,6.79,6.78,6.75,6.74,6.73,6.65,6.56,6.46,6.34,6.24,6.19,6.19,6.23,6.29,6.36,6.33,6.32,6.37,6.38,6.35,6.11,5.74,5.60,5.30,5.40,5.62,5.66,5.60,5.55,5.52,5.51,5.48,5.48,5.51,5.54,5.49,5.53,5.57,5.59,5.58,5.54,5.36,5.26,5.26,5.29,5.30,5.27,5.27,5.37,5.43,5.49,5.54,5.56,5.53,5.50,5.45,5.39,5.36,5.37,5.40,5.42,5.43,5.44,5.49,5.54,5.58,5.59,5.58,5.59,5.49,5.05,2.87,3.58,4.85,5.50,5.41,5.31,5.23,5.16,5.07,4.99,4.92,4.80,4.60,4.26,4.53,4.58,4.37,4.47,4.39,4.23,4.08,4.04,4.04,4.04,4.05,4.06,4.06,4.06,4.43,4.92,4.96,5.04,5.03,5.00,5.04,5.10,5.11,5.09,5.03,4.97,4.97,4.94,4.88,4.83,4.78,4.73,4.64,4.48,4.27,4.08,3.89,3.70,3.49,3.24,3.09,2.96,2.80,2.71,2.66,2.64,2.63,2.61,2.71,2.77,2.80,2.83,2.83,2.85,2.86,2.87,2.80,2.69,2.64,2.68,2.80,2.91,3.01,3.08,3.10,3.09,3.08,3.07,3.06,3.06,3.05,3.09,3.11,3.05,3.06,3.07
7.66,8.67,8.98,9.08,9.24,9.37,9.45,9.47,9.50,9.47,9.42,9.38,9.32,9.32,9.33,9.33,9.33,9.35,9.39,9.75,10.74,9.82,9.48,9.60,10.46,13.67,14.23,14.26,14.20,14.03,14.01,11.42,8.78,8.12,8.14,9.00,10.68,12.60,13.19,12.52,10.87,9.13,8.42,8.82,8.67,8.33,8.08,8.06,8.56,8.87,8.75,8.04,7.95,7.86,7.76,7.62,7.33,7.22,7.16,7.08,7.03,6.90,6.77,6.68,6.66,6.70,6.71,6.71,6.72,6.72,6.73,6.73,6.74,6.79,6.87,6.87,6.83,6.82,6.81,6.77,6.70,6.63,6.56,6.72,6.84,6.90,6.88,6.87,6.84,6.81,6.83,6.87,6.85,6.77,6.68,6.70,6.70,6.69,6.69,6.72,6.67,6.64,6.56,6.41,6.34,6.30,6.29,6.32,6.40,6.38,6.37,6.37,6.39,6.42,6.43,5.39,4.09,4.94,5.06,5.31,5.55,5.64,5.61,5.57,5.56,5.57,5.53,5.48,5.47,5.48,5.45,5.38,5.43,5.50,5.50,5.43,5.32,5.27,5.29,5.34,5.31,5.27,5.27,5.32,5.38,5.44,5.48,5.51,5.53,5.50,5.45,5.38,5.34,5.35,5.36,5.37,5.36,5.40,5.45,5.49,5.53,5.56,5.56,5.58,5.16,3.87,2.60,4.09,5.47,5.55,5.48,5.39,5.32,5.24,5.08,4.95,4.87,4.68,4.31,4.24,4.70,4.97,4.93,4.91,4.73,4.45,4.18,4.03,4.03,4.04,4.06,4.07,4.06,4.11,4.41,4.80,4.97,4.99,4.98,5.05,5.22,5.23,5.23,5.15,5.01,4.97,4.98,4.94,4.88,4.83,4.79,4.74,4.69,4.63,4.54,4.45,4.30,4.10,3.89,3.65,3.45,3.21,2.90,2.87,2.79,2.68,2.57,2.53,2.67,2.75,2.79,2.81,2.85,2.85,2.84,2.81,2.74,2.60,2.61,2.74,2.85,2.91,2.97,3.03,3.10,3.09,3.08,3.07,3.07,3.07,3.06,3.09,3.11,3.07,3.06,3.09
8.02,8.78,8.89,9.02,9.17,9.30,9.37,9.37,9.42,9.41,9.37,9.32,9.28,9.28,9.29,9.29,9.29,9.30,9.29,9.42,9.85,9.33,9.24,9.27,9.56,11.51,12.22,13.19,14.14,14.00,12.19,9.87,8.27,8.22,8.15,8.60,9.69,11.09,11.69,11.63,10.35,8.78,8.15,8.32,8.25,8.12,8.05,8.03,8.01,8.00,7.98,7.92,7.84,7.74,7.62,7.47,7.28,7.21,7.09,6.94,6.93,6.89,6.81,6.73,6.70,6.72,6.74,6.75,6.76,6.77,6.76,6.75,6.77,6.83,6.86,6.87,6.86,6.85,6.83,6.75,6.67,6.61,6.63,6.77,6.86,6.88,6.88,6.86,6.83,6.82,6.85,6.87,6.85,6.79,6.72,6.73,6.70,6.66,6.63,6.63,6.60,6.56,6.51,6.44,6.40,6.39,6.38,6.38,6.41,6.37,6.37,6.40,6.43,6.48,5.62,4.29,3.32,4.36,5.06,5.42,5.56,5.63,5.64,5.62,5.60,5.59,5.56,5.53,5.51,5.47,5.40,5.37,5.42,5.44,5.37,5.33,5.30,5.30,5.33,5.36,5.31,5.25,5.23,5.30,5.31,5.35,5.37,5.39,5.42,5.43,5.41,5.38,5.35,5.32,5.32,5.31,5.31,5.36,5.40,5.45,5.49,5.55,5.57,5.42,4.62,2.82,2.82,4.45,5.60,5.51,5.49,5.43,5.37,5.30,5.17,5.09,4.86,4.56,4.28,4.57,4.92,5.10,5.10,5.07,4.94,4.79,4.65,4.54,4.10,3.97,3.97,3.99,4.06,4.24,4.52,4.81,4.98,4.98,4.97,5.04,5.21,5.24,5.24,5.14,4.98,4.97,4.97,4.94,4.89,4.83,4.81,4.77,4.72,4.68,4.62,4.56,4.48,4.36,4.21,4.04,3.82,3.49,3.06,2.94,2.87,2.79,2.70,2.65,2.68,2.74,2.79,2.83,2.86,2.86,2.83,2.77,2.66,2.59,2.65,2.78,2.90,2.92,2.95,2.99,3.02,2.79,2.63,2.76,3.08,3.08,3.10,3.11,3.10,3.08,3.08,3.12
8.29,8.80,8.83,8.98,9.14,9.26,9.32,9.30,9.33,9.34,9.32,9.27,9.24,9.25,9.25,9.25,9.25,9.25,9.26,9.23,9.14,9.17,9.22,9.25,9.24,9.29,9.98,11.82,13.81,13.97,10.29,8.70,8.37,8.31,8.26,8.61,9.07,9.54,10.01,10.53,9.87,8.70,8.10,8.10,8.09,8.06,8.02,8.00,7.95,7.90,7.86,7.80,7.71,7.61,7.48,7.31,7.26,7.21,7.05,6.84,6.84,6.90,6.88,6.82,6.78,6.77,6.78,6.79,6.80,6.83,6.80,6.78,6.80,6.86,6.86,6.87,6.88,6.87,6.83,6.74,6.65,6.60,6.72,6.83,6.86,6.86,6.89,6.85,6.83,6.83,6.86,6.86,6.84,6.81,6.78,6.78,6.73,6.67,6.60,6.54,6.52,6.46,6.43,6.45,6.44,6.45,6.44,6.41,6.38,6.36,6.38,6.42,6.46,6.52,4.74,3.30,2.92,3.89,5.11,5.56,5.59,5.63,5.66,5.67,5.64,5.61,5.60,5.60,5.57,5.50,5.39,5.42,5.43,5.38,5.27,5.26,5.31,5.35,5.37,5.36,5.30,5.23,5.20,5.27,5.24,5.25,5.25,5.26,5.28,5.32,5.35,5.36,5.35,5.29,5.26,5.25,5.26,5.30,5.35,5.38,5.42,5.52,5.56,5.13,3.97,2.05,3.34,4.81,5.57,5.44,5.47,5.44,5.40,5.34,5.27,5.22,4.84,4.45,4.35,4.93,5.11,5.15,5.14,5.13,5.09,5.10,5.13,5.10,4.28,4.04,4.00,4.00,4.13,4.41,4.67,4.86,5.00,4.99,4.97,5.00,5.14,5.20,5.19,5.09,4.95,4.97,4.96,4.94,4.89,4.84,4.84,4.80,4.75,4.70,4.64,4.60,4.57,4.55,4.47,4.38,4.17,3.77,3.19,2.99,2.93,2.90,2.85,2.77,2.70,2.72,2.80,2.86,2.87,2.86,2.82,2.74,2.58,2.59,2.67,2.79,2.92,2.91,2.93,2.82,2.47,2.12,1.88,2.10,2.67,2.76,3.04,3.13,3.10,3.09,3.12,3.15
8.53,8.79,8.82,8.95,9.08,9.15,9.18,9.27,9.23,9.26,9.27,9.22,9.19,9.21,9.22,9.22,9.22,9.22,9.22,9.21,9.14,9.18,9.23,9.24,9.23,9.27,9.48,10.64,12.42,13.94,10.34,8.81,8.49,8.40,8.39,8.41,8.49,8.62,8.75,9.02,8.78,8.32,8.11,8.11,8.09,8.05,8.02,8.01,7.90,7.81,7.75,7.70,7.57,7.48,7.36,7.16,7.12,7.11,7.05,6.97,6.94,6.93,6.91,6.86,6.81,6.83,6.83,6.82,6.81,6.82,6.82,6.82,6.83,6.85,6.87,6.88,6.88,6.87,6.81,6.73,6.64,6.61,6.82,6.86,6.87,6.87,6.87,6.82,6.82,6.84,6.85,6.85,6.80,6.75,6.72,6.73,6.77,6.75,6.68,6.58,6.52,6.45,6.40,6.38,6.36,6.30,6.31,6.33,6.32,6.37,6.41,6.44,6.45,6.40,4.74,3.38,2.98,3.85,5.11,5.58,5.59,5.62,5.65,5.68,5.68,5.65,5.64,5.65,5.63,5.57,5.54,5.49,5.44,5.38,5.30,5.34,5.37,5.40,5.41,5.38,5.32,5.25,5.21,5.22,5.18,5.15,5.15,5.17,5.17,5.19,5.20,5.21,5.26,5.23,5.20,5.19,5.17,5.18,5.23,5.21,5.17,5.33,5.45,4.46,3.10,2.37,4.61,5.36,5.46,5.40,5.36,5.39,5.38,5.33,5.28,5.12,4.73,4.45,4.54,4.99,5.11,5.13,5.13,5.13,5.09,5.11,5.17,5.20,4.91,4.81,4.70,4.54,4.49,4.67,4.85,4.96,4.99,4.97,4.97,4.99,5.02,5.09,5.06,5.00,4.95,4.97,4.96,4.94,4.90,4.87,4.83,4.82,4.78,4.72,4.67,4.64,4.65,4.65,4.57,4.52,4.44,4.01,3.12,3.01,2.96,2.91,2.80,2.63,2.66,2.73,2.81,2.87,2.87,2.83,2.77,2.71,2.58,2.49,2.53,2.67,2.78,2.80,2.89,2.09,-0.08,0.20,0.37,0.33,0.28,0.96,2.45,3.08,3.09,3.10,3.17,3.18
8.66,8.76,8.80,8.93,9.03,9.09,9.14,9.23,9.17,9.18,9.20,9.17,9.15,9.16,9.17,9.18,9.18,9.18,9.21,9.22,9.15,9.20,9.24,9.25,9.24,9.25,9.24,9.78,10.84,12.10,9.84,8.85,8.58,8.43,8.41,8.30,8.23,8.21,8.22,8.29,8.24,8.14,8.10,8.06,8.03,8.00,7.96,7.95,7.84,7.73,7.62,7.56,7.46,7.38,7.29,7.16,7.14,7.12,7.09,7.06,7.01,6.98,6.94,6.89,6.85,6.87,6.87,6.85,6.83,6.85,6.84,6.85,6.86,6.87,6.88,6.88,6.88,6.86,6.80,6.71,6.65,6.67,6.86,6.86,6.85,6.85,6.85,6.81,6.81,6.83,6.83,6.81,6.75,6.69,6.66,6.67,6.74,6.72,6.65,6.54,6.45,6.40,6.36,6.33,6.31,6.23,6.21,6.25,6.25,6.27,6.32,6.38,6.35,5.97,4.81,3.68,3.24,4.44,5.29,5.59,5.60,5.62,5.65,5.67,5.68,5.66,5.65,5.66,5.64,5.61,5.62,5.54,5.47,5.41,5.33,5.38,5.40,5.41,5.41,5.37,5.33,5.28,5.24,5.20,5.16,5.12,5.11,5.12,5.10,5.09,5.08,5.08,5.16,5.14,5.12,5.10,5.09,5.09,5.11,5.08,5.04,5.19,5.19,4.20,3.19,3.35,5.21,5.48,5.32,5.29,5.23,5.30,5.33,5.32,5.27,4.94,4.62,4.53,4.78,5.03,5.11,5.13,5.13,5.12,5.11,5.14,5.20,5.24,5.21,5.19,5.09,4.92,4.82,4.89,4.97,5.01,5.00,4.99,4.99,5.00,4.98,5.00,4.97,4.95,4.95,4.96,4.96,4.94,4.91,4.88,4.85,4.84,4.82,4.76,4.70,4.69,4.71,4.73,4.67,4.64,4.47,3.97,3.09,3.01,2.95,2.87,2.78,2.62,2.67,2.75,2.81,2.87,2.84,2.78,2.72,2.66,2.56,2.47,2.48,2.57,2.62,2.66,2.76,2.11,0.31,0.62,0.15,-0.51,-0.90,-0.39,0.80,1.44,1.85,2.67,3.10,3.20
8.71,8.71,8.78,8.93,8.99,9.08,9.16,9.18,9.12,9.10,9.11,9.12,9.11,9.12,9.13,9.13,9.15,9.16,9.22,9.25,9.16,9.22,9.25,9.26,9.27,9.23,9.19,9.17,9.12,8.96,8.94,8.83,8.64,8.41,8.35,8.25,8.18,8.17,8.20,8.12,8.09,8.09,8.07,7.98,7.95,7.91,7.85,7.83,7.78,7.65,7.48,7.39,7.35,7.30,7.26,7.26,7.28,7.22,7.16,7.11,7.08,7.04,6.97,6.91,6.89,6.89,6.89,6.88,6.87,6.91,6.87,6.87,6.89,6.91,6.89,6.88,6.87,6.84,6.79,6.69,6.67,6.76,6.86,6.84,6.82,6.82,6.81,6.81,6.81,6.81,6.81,6.77,6.71,6.64,6.59,6.61,6.64,6.61,6.54,6.44,6.34,6.33,6.33,6.31,6.28,6.19,6.15,6.15,6.16,6.09,6.16,6.26,6.21,5.32,4.94,4.15,3.63,5.49,5.60,5.61,5.62,5.62,5.65,5.66,5.65,5.64,5.66,5.63,5.62,5.62,5.64,5.57,5.52,5.46,5.36,5.39,5.41,5.41,5.38,5.34,5.33,5.31,5.27,5.20,5.17,5.12,5.10,5.09,5.05,5.03,4.98,4.96,5.04,5.04,5.01,4.98,4.99,5.01,4.97,4.96,5.00,5.08,4.83,4.22,3.97,4.81,5.33,5.29,5.14,5.11,5.10,5.17,5.26,5.31,5.25,4.70,4.51,4.66,5.05,5.07,5.11,5.14,5.14,5.11,5.13,5.18,5.23,5.25,5.27,5.28,5.26,5.19,5.13,5.09,5.05,5.02,5.02,5.03,5.02,5.02,5.01,4.94,4.93,4.93,4.93,4.95,4.96,4.94,4.91,4.88,4.88,4.87,4.85,4.81,4.75,4.75,4.77,4.79,4.77,4.75,4.34,3.72,3.10,3.01,2.89,2.82,2.77,2.70,2.73,2.77,2.81,2.88,2.80,2.73,2.67,2.61,2.52,2.50,2.49,2.48,2.44,2.49,2.56,2.67,2.80,2.73,0.84,-0.68,-1.22,-1.44,-1.61,-1.34,-0.28,1.93,2.93,3.20
8.72,8.73,8.81,8.93,9.01,9.06,9.08,9.08,9.09,9.09,9.07,9.04,9.09,9.10,9.10,9.11,9.11,9.14,9.17,9.18,9.14,9.16,9.14,9.11,9.11,9.08,9.04,9.07,9.06,8.77,8.80,8.74,8.59,8.39,8.29,8.24,8.22,8.20,8.17,8.13,8.10,8.07,8.03,7.97,7.91,7.84,7.77,7.74,7.68,7.60,7.51,7.45,7.41,7.35,7.31,7.30,7.29,7.22,7.13,7.05,6.99,6.94,6.89,6.84,6.82,6.84,6.85,6.86,6.86,6.90,6.86,6.87,6.91,6.88,6.88,6.88,6.86,6.82,6.78,6.68,6.64,6.69,6.83,6.81,6.79,6.77,6.74,6.76,6.78,6.80,6.79,6.72,6.66,6.58,6.54,6.56,6.54,6.48,6.41,6.35,6.30,6.29,6.29,6.28,6.26,6.23,6.20,6.19,6.19,6.09,6.11,6.15,6.10,5.75,5.48,5.13,4.95,5.70,5.69,5.66,5.64,5.63,5.65,5.66,5.66,5.65,5.66,5.63,5.61,5.62,5.63,5.58,5.52,5.42,5.30,5.38,5.39,5.36,5.34,5.37,5.41,5.38,5.33,5.27,5.24,5.16,5.10,5.09,5.08,5.03,4.97,4.94,4.99,4.97,4.93,4.89,4.87,4.93,4.92,4.91,4.93,4.99,4.79,4.49,4.38,4.74,5.15,5.09,4.96,4.95,4.99,5.06,5.13,5.15,5.03,4.66,4.62,4.81,5.10,5.10,5.09,5.10,5.10,5.10,5.15,5.19,5.22,5.24,5.27,5.28,5.27,5.23,5.21,5.16,5.12,5.09,5.06,5.08,5.04,5.00,5.01,4.96,4.95,4.94,4.93,4.94,4.95,4.94,4.94,4.95,4.91,4.88,4.85,4.82,4.78,4.79,4.83,4.86,4.86,4.73,4.04,3.37,3.17,2.96,2.88,2.79,2.68,2.71,2.78,2.82,2.84,2.85,2.73,2.65,2.57,2.47,2.48,2.44,2.43,2.47,2.47,2.50,2.51,2.53,2.57,2.64,1.99,1.44,1.14,0.58,-0.41,-0.96,-0.85,-0.02,0.39,1.58
8.77,8.80,8.86,8.93,8.99,9.01,9.00,9.00,9.03,9.04,9.01,8.96,9.02,9.02,9.02,9.03,9.02,9.05,9.06,9.05,9.04,9.04,8.99,8.95,8.94,8.92,8.89,8.93,8.93,8.63,8.67,8.63,8.52,8.38,8.29,8.26,8.25,8.23,8.15,8.12,8.08,8.04,7.98,7.95,7.89,7.81,7.74,7.70,7.64,7.59,7.55,7.50,7.45,7.38,7.33,7.30,7.26,7.18,7.08,6.98,6.89,6.86,6.83,6.80,6.79,6.82,6.83,6.82,6.82,6.87,6.86,6.88,6.91,6.86,6.87,6.88,6.87,6.82,6.79,6.70,6.62,6.61,6.72,6.74,6.75,6.73,6.67,6.70,6.75,6.78,6.76,6.67,6.61,6.53,6.47,6.49,6.44,6.37,6.32,6.30,6.27,6.26,6.25,6.25,6.23,6.24,6.23,6.21,6.20,6.11,6.10,6.09,6.05,6.01,5.86,5.79,5.81,5.86,5.78,5.72,5.67,5.64,5.64,5.65,5.66,5.65,5.65,5.62,5.61,5.61,5.61,5.58,5.49,5.36,5.25,5.36,5.37,5.33,5.29,5.39,5.43,5.40,5.35,5.31,5.27,5.18,5.11,5.09,5.08,5.03,4.97,4.94,4.95,4.95,4.90,4.84,4.81,4.87,4.87,4.84,4.84,4.88,4.78,4.69,4.66,4.72,4.97,4.91,4.82,4.84,4.91,4.95,4.98,4.97,4.82,4.63,4.74,4.95,5.12,5.12,5.10,5.08,5.08,5.10,5.16,5.19,5.22,5.24,5.26,5.27,5.27,5.26,5.26,5.21,5.18,5.16,5.13,5.13,5.07,5.01,5.02,4.99,4.97,4.96,4.95,4.95,4.95,4.95,4.95,4.98,4.94,4.90,4.87,4.85,4.82,4.85,4.88,4.91,4.91,4.44,3.68,3.14,3.17,2.91,2.85,2.76,2.65,2.74,2.82,2.85,2.84,2.79,2.66,2.57,2.50,2.42,2.49,2.45,2.45,2.49,2.49,2.49,2.48,2.45,2.42,2.55,2.62,2.65,2.55,2.01,0.92,0.12,-0.40,-0.79,-1.08,0.15
8.88,8.93,8.94,8.95,8.93,8.92,8.93,8.96,8.94,8.92,8.90,8.88,8.87,8.85,8.84,8.85,8.86,8.87,8.87,8.85,8.82,8.84,8.80,8.77,8.76,8.75,8.73,8.72,8.67,8.52,8.54,8.51,8.45,8.39,8.35,8.31,8.28,8.24,8.13,8.05,8.01,7.99,7.94,7.91,7.88,7.84,7.79,7.75,7.69,7.64,7.60,7.55,7.46,7.38,7.30,7.23,7.16,7.08,6.99,6.91,6.79,6.78,6.80,6.82,6.82,6.85,6.82,6.76,6.73,6.82,6.87,6.89,6.90,6.87,6.87,6.89,6.90,6.87,6.81,6.73,6.64,6.54,6.49,6.60,6.68,6.69,6.60,6.64,6.70,6.74,6.71,6.62,6.56,6.47,6.41,6.38,6.34,6.31,6.29,6.29,6.25,6.23,6.23,6.23,6.22,6.22,6.22,6.22,6.19,6.16,6.13,6.11,6.10,5.99,5.99,5.98,5.96,5.96,5.86,5.80,5.74,5.64,5.62,5.63,5.64,5.65,5.62,5.61,5.60,5.59,5.58,5.57,5.41,5.27,5.26,5.33,5.35,5.30,5.24,5.37,5.37,5.35,5.32,5.27,5.23,5.17,5.11,5.08,5.07,5.00,4.97,4.96,4.93,5.01,4.94,4.86,4.85,4.83,4.83,4.77,4.70,4.77,4.78,4.78,4.77,4.77,4.79,4.76,4.75,4.79,4.87,4.86,4.82,4.76,4.65,4.63,4.85,5.07,5.11,5.13,5.14,5.12,5.08,5.14,5.17,5.19,5.22,5.24,5.26,5.27,5.26,5.24,5.24,5.22,5.21,5.21,5.21,5.18,5.13,5.08,5.04,5.02,5.00,4.98,4.98,4.97,4.98,4.96,4.94,4.95,4.94,4.94,4.93,4.90,4.87,4.90,4.94,4.95,4.90,3.75,3.21,3.08,3.04,2.86,2.80,2.75,2.71,2.80,2.87,2.87,2.81,2.69,2.60,2.51,2.47,2.52,2.58,2.58,2.59,2.59,2.48,2.45,2.48,2.49,2.45,2.46,2.44,2.46,2.50,2.49,2.41,2.21,1.60,0.24,-0.87,-0.97
8.97,9.02,9.01,9.02,9.00,8.97,8.95,8.95,8.91,8.88,8.85,8.82,8.77,8.73,8.70,8.70,8.73,8.72,8.70,8.67,8.65,8.67,8.66,8.64,8.61,8.58,8.57,8.54,8.49,8.45,8.45,8.44,8.40,8.36,8.32,8.29,8.26,8.23,8.18,8.11,8.07,8.04,8.00,7.97,7.93,7.89,7.84,7.76,7.70,7.63,7.57,7.49,7.40,7.32,7.24,7.14,7.05,6.96,6.88,6.82,6.78,6.82,6.85,6.86,6.88,6.89,6.86,6.81,6.77,6.83,6.87,6.90,6.91,6.88,6.88,6.89,6.89,6.86,6.83,6.79,6.71,6.59,6.52,6.53,6.54,6.54,6.53,6.55,6.58,6.61,6.62,6.54,6.48,6.41,6.35,6.33,6.31,6.29,6.28,6.27,6.23,6.21,6.21,6.21,6.18,6.18,6.19,6.20,6.20,6.18,6.12,6.08,6.07,6.02,6.03,6.02,6.00,5.97,5.91,5.86,5.82,5.77,5.75,5.69,5.65,5.64,5.61,5.59,5.59,5.59,5.59,5.49,5.34,5.25,5.28,5.31,5.29,5.25,5.24,5.34,5.33,5.31,5.29,5.25,5.20,5.16,5.11,5.06,5.05,4.98,4.95,4.96,4.95,5.01,4.96,4.91,4.91,4.91,4.88,4.79,4.69,4.72,4.74,4.73,4.70,4.70,4.72,4.72,4.72,4.75,4.80,4.80,4.77,4.72,4.66,4.78,4.97,5.10,5.10,5.15,5.17,5.15,5.11,5.16,5.17,5.19,5.22,5.24,5.25,5.25,5.24,5.23,5.22,5.21,5.21,5.21,5.23,5.22,5.19,5.16,5.11,5.09,5.05,5.03,4.62,2.75,4.24,4.94,4.94,4.93,4.93,4.94,4.94,4.92,4.92,4.93,4.96,4.93,4.72,3.53,3.09,3.02,2.94,2.84,2.75,2.72,2.75,2.82,2.87,2.83,2.73,2.63,2.54,2.52,2.54,2.58,2.61,2.63,2.65,2.65,2.60,2.58,2.53,2.48,2.45,2.42,2.42,2.42,2.43,2.47,2.50,2.48,2.24,1.56,1.05,0.52
9.04,9.08,9.07,9.10,9.09,9.05,9.00,8.96,8.92,8.89,8.85,8.80,8.72,8.66,8.61,8.60,8.63,8.61,8.58,8.55,8.54,8.54,8.56,8.55,8.50,8.47,8.45,8.42,8.39,8.42,8.41,8.40,8.38,8.34,8.30,8.27,8.26,8.24,8.24,8.20,8.16,8.12,8.07,8.02,7.97,7.92,7.86,7.75,7.67,7.59,7.50,7.42,7.33,7.26,7.17,7.05,6.94,6.84,6.77,6.74,6.79,6.86,6.90,6.91,6.93,6.93,6.90,6.87,6.84,6.84,6.86,6.89,6.91,6.88,6.89,6.88,6.86,6.84,6.83,6.82,6.77,6.67,6.61,6.52,6.44,6.41,6.47,6.46,6.44,6.46,6.52,6.46,6.40,6.34,6.32,6.30,6.29,6.28,6.27,6.26,6.21,6.19,6.18,6.17,6.15,6.14,6.16,6.18,6.20,6.17,6.10,6.04,6.03,6.05,6.03,6.02,6.00,5.96,5.95,5.92,5.88,5.88,5.87,5.75,5.67,5.66,5.62,5.60,5.59,5.59,5.59,5.40,5.29,5.26,5.30,5.29,5.22,5.21,5.25,5.32,5.29,5.27,5.25,5.22,5.17,5.14,5.10,5.04,5.03,4.97,4.94,4.95,4.96,4.99,4.96,4.94,4.96,5.01,4.96,4.85,4.74,4.72,4.73,4.68,4.62,4.61,4.67,4.69,4.69,4.71,4.72,4.74,4.74,4.72,4.71,4.94,5.06,5.09,5.08,5.14,5.17,5.16,5.13,5.17,5.17,5.19,5.23,5.24,5.24,5.24,5.23,5.21,5.19,5.20,5.20,5.20,5.23,5.23,5.24,5.23,5.18,5.15,5.10,4.89,3.89,0.53,3.08,4.30,4.32,4.32,4.79,4.92,4.93,4.93,4.95,4.92,4.93,4.85,4.37,3.40,3.04,2.97,2.86,2.82,2.71,2.70,2.78,2.83,2.86,2.78,2.65,2.58,2.50,2.54,2.60,2.63,2.63,2.65,2.68,2.70,2.73,2.72,2.60,2.48,2.47,2.42,2.43,2.42,2.37,2.36,2.31,2.34,2.45,2.61,2.82,2.24
9.06,9.11,9.13,9.13,9.13,9.11,9.08,9.06,9.04,9.01,8.96,8.90,8.81,8.75,8.71,8.68,8.68,8.65,8.63,8.61,8.60,8.60,8.59,8.57,8.55,8.55,8.54,8.53,8.51,8.51,8.49,8.47,8.45,8.42,8.38,8.36,8.33,8.30,8.28,8.25,8.21,8.14,8.05,7.98,7.91,7.83,7.76,7.65,7.55,7.46,7.39,7.38,7.34,7.25,7.12,6.96,6.83,6.76,6.75,6.77,6.80,6.86,6.89,6.93,6.96,6.91,6.89,6.88,6.86,6.82,6.83,6.82,6.82,6.84,6.86,6.85,6.82,6.77,6.75,6.75,6.73,6.70,6.65,6.60,6.52,6.45,6.43,6.39,6.36,6.35,6.39,6.39,6.35,6.32,6.31,6.27,6.27,6.28,6.27,6.26,6.20,6.17,6.15,6.13,6.11,6.11,6.13,6.15,6.17,6.14,6.07,6.01,6.00,6.04,6.01,5.98,5.97,5.97,6.00,5.96,5.89,5.82,5.83,5.77,5.72,5.71,5.68,5.64,5.62,5.61,5.56,5.39,5.30,5.27,5.27,5.25,5.16,5.17,5.28,5.28,5.26,5.24,5.23,5.20,5.14,5.12,5.09,5.02,5.00,4.95,4.92,4.92,4.97,4.96,4.92,4.91,4.98,5.09,5.08,5.01,4.90,4.85,4.83,4.75,4.66,4.60,4.62,4.63,4.61,4.58,4.64,4.70,4.73,4.76,4.78,5.00,5.04,5.02,5.03,5.09,5.11,5.11,5.12,5.17,5.15,5.18,5.23,5.25,5.22,5.22,5.21,5.19,5.17,5.19,5.19,5.19,5.23,5.22,5.21,5.21,5.20,5.15,5.10,4.05,2.07,0.39,1.04,1.35,1.34,1.44,4.21,4.94,4.93,4.92,4.93,4.77,4.77,4.60,3.52,3.16,3.01,2.94,2.85,2.69,2.67,2.72,2.81,2.87,2.87,2.77,2.63,2.54,2.46,2.53,2.61,2.63,2.65,2.67,2.70,2.73,2.75,2.77,2.69,2.62,2.60,2.52,2.44,2.38,2.33,2.35,2.35,2.34,2.32,2.34,2.46,2.41
9.05,9.08,9.09,9.10,9.10,9.10,9.09,9.08,9.08,9.06,9.02,8.96,8.89,8.84,8.79,8.76,8.74,8.70,8.68,8.67,8.64,8.65,8.63,8.61,8.60,8.60,8.60,8.60,8.59,8.56,8.54,8.51,8.49,8.46,8.41,8.37,8.33,8.28,8.24,8.20,8.15,8.08,7.98,7.89,7.80,7.75,7.71,7.62,7.50,7.40,7.34,7.34,7.28,7.18,7.02,6.84,6.68,6.69,6.76,6.83,6.85,6.87,6.91,6.95,6.95,6.91,6.88,6.87,6.85,6.79,6.79,6.78,6.75,6.81,6.84,6.83,6.78,6.72,6.65,6.63,6.64,6.65,6.62,6.59,6.54,6.48,6.45,6.40,6.35,6.32,6.32,6.30,6.26,6.24,6.24,6.26,6.26,6.26,6.26,6.23,6.18,6.15,6.12,6.09,6.08,6.08,6.09,6.12,6.14,6.10,6.02,5.97,5.97,6.02,6.00,5.97,5.96,5.96,5.98,5.96,5.90,5.86,5.86,5.78,5.73,5.71,5.69,5.65,5.60,5.55,5.51,5.35,5.29,5.27,5.26,5.20,5.17,5.20,5.27,5.24,5.23,5.21,5.19,5.17,5.10,5.10,5.07,5.01,4.97,4.94,4.91,4.90,4.96,4.94,4.88,4.87,4.94,5.10,5.12,5.05,4.96,4.90,4.86,4.81,4.76,4.72,4.77,4.70,4.60,4.55,4.62,4.68,4.70,4.72,4.78,4.94,4.96,4.95,4.96,5.01,5.03,5.06,5.09,5.15,5.13,5.17,5.22,5.23,5.21,5.20,5.19,5.17,5.16,5.17,5.18,5.19,5.22,5.21,5.20,5.19,5.19,5.14,5.09,3.52,0.93,0.30,0.24,0.22,0.20,0.29,2.53,3.12,3.73,4.95,4.96,4.44,4.26,4.12,3.15,3.05,2.98,2.91,2.81,2.65,2.68,2.76,2.83,2.86,2.80,2.70,2.58,2.50,2.49,2.56,2.62,2.64,2.67,2.69,2.72,2.75,2.77,2.79,2.75,2.71,2.69,2.66,2.59,2.50,2.41,2.38,2.36,2.32,2.28,2.25,2.30,2.37
9.02,9.02,9.00,9.03,9.04,9.05,9.05,9.04,9.07,9.07,9.04,8.99,8.96,8.91,8.87,8.83,8.82,8.76,8.73,8.72,8.68,8.69,8.68,8.66,8.64,8.64,8.64,8.65,8.65,8.60,8.57,8.54,8.51,8.46,8.40,8.34,8.28,8.20,8.13,8.09,8.03,7.96,7.88,7.76,7.68,7.67,7.69,7.63,7.49,7.39,7.33,7.28,7.17,7.05,6.89,6.70,6.52,6.64,6.80,6.90,6.93,6.90,6.95,6.99,6.92,6.92,6.88,6.85,6.83,6.74,6.76,6.74,6.70,6.79,6.82,6.79,6.74,6.68,6.53,6.50,6.52,6.55,6.54,6.52,6.51,6.51,6.52,6.45,6.39,6.34,6.28,6.21,6.17,6.13,6.14,6.24,6.24,6.24,6.23,6.19,6.16,6.14,6.09,6.05,6.05,6.05,6.06,6.09,6.11,6.05,5.97,5.93,5.95,6.00,6.00,5.97,5.95,5.94,5.93,5.93,5.93,5.96,5.92,5.80,5.71,5.66,5.68,5.63,5.55,5.46,5.44,5.31,5.27,5.27,5.26,5.15,5.23,5.27,5.23,5.20,5.19,5.17,5.15,5.14,5.06,5.06,5.05,4.99,4.95,4.94,4.91,4.89,4.95,4.90,4.85,4.82,4.88,5.08,5.09,5.03,4.96,4.89,4.85,4.86,4.90,4.92,5.03,4.84,4.64,4.58,4.64,4.67,4.66,4.64,4.75,4.80,4.84,4.87,4.87,4.90,4.94,5.00,5.06,5.11,5.10,5.15,5.22,5.21,5.19,5.19,5.17,5.14,5.16,5.17,5.17,5.18,5.20,5.19,5.18,5.17,5.16,5.13,5.04,3.15,0.24,0.24,0.23,0.22,0.22,0.21,0.22,0.22,1.82,4.94,4.96,3.99,3.54,3.50,3.08,3.01,2.95,2.87,2.75,2.68,2.73,2.79,2.85,2.82,2.69,2.59,2.52,2.44,2.56,2.62,2.64,2.65,2.69,2.72,2.74,2.77,2.79,2.79,2.79,2.77,2.74,2.84,2.83,2.73,2.56,2.45,2.34,2.30,2.31,2.29,2.26,2.22
8.93,8.94,9.01,9.03,8.99,8.97,8.95,8.93,8.95,8.94,8.91,8.88,8.84,8.80,8.78,8.75,8.73,8.70,8.68,8.66,8.64,8.63,8.61,8.60,8.59,8.56,8.55,8.55,8.54,8.52,8.47,8.42,8.38,8.32,8.26,8.20,8.15,8.10,8.06,8.07,8.05,8.00,7.95,7.83,7.66,7.61,7.69,7.57,7.44,7.33,7.22,7.07,6.95,6.84,6.74,6.67,6.67,6.75,6.83,6.88,6.94,6.96,6.96,6.95,6.90,6.88,6.86,6.83,6.81,6.75,6.76,6.73,6.70,6.77,6.77,6.73,6.69,6.67,6.63,6.63,6.62,6.58,6.53,6.46,6.43,6.42,6.44,6.41,6.38,6.35,6.33,6.27,6.22,6.17,6.13,6.13,6.11,6.10,6.11,6.13,6.14,6.11,6.07,6.02,6.01,6.01,6.03,6.05,6.05,6.00,5.92,5.89,5.91,5.97,5.96,5.94,5.92,5.91,5.92,5.92,5.93,5.93,5.90,5.84,5.77,5.71,5.71,5.61,5.52,5.45,5.38,5.30,5.27,5.25,5.24,5.16,5.18,5.21,5.21,5.18,5.15,5.14,5.12,5.10,5.03,5.03,5.03,4.98,4.92,4.91,4.90,4.89,4.93,4.88,4.82,4.76,4.75,4.98,5.04,5.02,4.94,4.88,4.85,4.87,4.93,4.99,4.99,4.86,4.75,4.71,4.76,4.73,4.67,4.62,4.68,4.72,4.72,4.70,4.70,4.78,4.81,4.86,4.93,5.03,5.01,5.06,5.15,5.18,5.17,5.17,5.15,5.12,5.16,5.15,5.16,5.18,5.18,5.17,5.16,5.15,5.13,5.10,3.17,1.30,0.25,0.25,0.23,0.23,0.22,0.22,0.22,0.22,1.08,2.84,3.23,3.34,3.34,3.26,3.08,3.00,2.92,2.80,2.64,2.69,2.75,2.81,2.83,2.78,2.66,2.56,2.48,2.44,2.58,2.63,2.65,2.67,2.70,2.73,2.76,2.79,2.81,2.83,2.85,2.84,2.79,2.85,2.86,2.83,2.77,2.72,2.56,2.45,2.37,2.27,2.27,2.26
8.82,8.84,8.96,8.99,8.96,8.93,8.92,8.89,8.89,8.88,8.86,8.83,8.78,8.75,8.73,8.70,8.66,8.63,8.61,8.60,8.58,8.56,8.54,8.52,8.50,8.46,8.48,8.49,8.46,8.45,8.42,8.38,8.34,8.30,8.24,8.18,8.14,8.11,8.07,8.07,7.98,7.86,7.80,7.68,7.52,7.49,7.60,7.51,7.38,7.25,7.10,6.90,6.78,6.71,6.68,6.70,6.78,6.82,6.83,6.85,6.93,6.95,6.94,6.92,6.88,6.85,6.82,6.80,6.78,6.75,6.72,6.70,6.71,6.74,6.70,6.67,6.67,6.71,6.71,6.71,6.68,6.62,6.54,6.45,6.41,6.40,6.39,6.37,6.35,6.34,6.34,6.30,6.25,6.21,6.16,6.10,6.05,6.03,6.03,6.04,6.05,6.04,6.01,5.97,5.96,5.98,6.00,6.02,5.99,5.94,5.88,5.85,5.89,5.94,5.93,5.91,5.90,5.89,5.91,5.92,5.93,5.92,5.90,5.86,5.79,5.72,5.69,5.60,5.51,5.43,5.32,5.29,5.25,5.23,5.21,5.15,5.16,5.18,5.20,5.16,5.13,5.11,5.09,5.08,5.02,5.03,5.03,5.00,4.94,4.91,4.89,4.88,4.91,4.85,4.78,4.72,4.70,4.90,4.99,4.99,4.93,4.87,4.84,4.88,4.96,5.06,4.96,4.87,4.80,4.77,4.82,4.76,4.70,4.67,4.67,4.68,4.65,4.61,4.60,4.69,4.70,4.72,4.78,4.90,4.90,4.95,5.04,5.10,5.09,5.12,5.13,5.11,5.15,5.14,5.15,5.17,5.16,5.16,5.14,5.13,5.10,4.86,2.00,0.24,0.25,0.24,0.24,0.24,0.23,0.23,0.23,0.13,0.24,0.82,2.42,3.07,3.20,3.08,3.05,2.97,2.85,2.71,2.60,2.71,2.79,2.84,2.83,2.74,2.63,2.53,2.47,2.48,2.60,2.65,2.67,2.69,2.72,2.75,2.77,2.81,2.84,2.86,2.88,2.87,2.83,2.86,2.88,2.89,2.89,2.86,2.73,2.63,2.53,2.38,2.36,2.32
8.72,8.73,8.85,8.90,8.92,8.96,8.99,8.94,8.91,8.92,8.91,8.84,8.79,8.77,8.74,8.70,8.63,8.55,8.52,8.51,8.48,8.47,8.45,8.42,8.38,8.32,8.44,8.46,8.42,8.41,8.42,8.42,8.42,8.43,8.38,8.33,8.28,8.25,8.21,8.11,7.81,7.47,7.33,7.26,7.23,7.27,7.38,7.45,7.32,7.16,6.99,6.78,6.67,6.69,6.75,6.80,6.83,6.82,6.79,6.78,6.86,6.86,6.88,6.90,6.87,6.82,6.77,6.75,6.75,6.71,6.64,6.64,6.70,6.69,6.61,6.62,6.70,6.79,6.79,6.74,6.70,6.67,6.57,6.51,6.49,6.47,6.40,6.32,6.29,6.28,6.29,6.27,6.25,6.24,6.22,6.18,6.11,6.05,5.99,5.93,5.89,5.90,5.91,5.92,5.93,5.95,5.98,5.98,5.93,5.88,5.83,5.82,5.86,5.90,5.89,5.88,5.87,5.88,5.90,5.92,5.93,5.93,5.93,5.85,5.75,5.66,5.58,5.61,5.54,5.39,5.26,5.25,5.22,5.19,5.16,5.14,5.18,5.21,5.21,5.16,5.14,5.09,5.06,5.06,5.03,5.05,5.06,5.05,5.01,4.93,4.87,4.86,4.87,4.83,4.75,4.70,4.74,4.86,4.94,4.95,4.92,4.86,4.84,4.90,5.00,5.11,4.95,4.84,4.78,4.76,4.78,4.73,4.75,4.80,4.76,4.70,4.64,4.61,4.60,4.64,4.61,4.59,4.61,4.71,4.75,4.82,4.89,4.94,4.92,5.04,5.12,5.11,5.13,5.13,5.14,5.16,5.15,5.14,5.12,5.11,5.05,4.36,1.76,0.23,0.23,0.22,0.23,0.25,0.25,0.24,0.22,-0.05,-0.74,-1.09,2.83,3.29,3.12,2.98,3.01,2.92,2.75,2.63,2.67,2.75,2.83,2.87,2.85,2.69,2.58,2.51,2.48,2.56,2.64,2.68,2.70,2.71,2.74,2.77,2.79,2.82,2.86,2.88,2.88,2.86,2.86,2.87,2.89,2.89,2.88,2.85,2.82,2.83,2.80,2.65,2.52,2.40
8.63,8.60,8.65,8.71,8.79,8.87,8.75,8.10,7.93,7.95,8.01,8.01,8.34,8.49,8.50,8.42,8.41,8.43,8.51,8.57,8.55,8.55,8.49,8.46,8.46,8.40,8.47,8.42,8.32,8.46,8.47,8.46,8.43,8.37,8.30,8.29,8.27,8.19,8.06,7.89,7.64,7.38,7.25,7.22,7.23,7.24,7.23,7.32,7.20,7.02,6.85,6.73,6.71,6.76,6.83,6.85,6.86,6.77,6.55,6.27,6.25,6.50,6.73,6.87,6.85,6.80,6.75,6.73,6.72,6.63,6.60,6.62,6.65,6.61,6.58,6.65,6.74,6.79,6.79,6.75,6.73,6.72,6.63,6.52,6.50,6.51,6.48,6.42,6.36,6.31,6.26,6.19,6.19,6.18,6.18,6.15,6.12,6.08,6.03,5.96,5.91,5.88,5.86,5.83,5.81,5.84,5.87,5.88,5.85,5.83,5.80,5.79,5.83,5.88,5.86,5.85,5.85,5.87,5.89,5.91,5.93,5.94,5.86,5.81,5.74,5.64,5.54,5.56,5.44,5.27,5.22,5.21,5.18,5.15,5.13,5.14,5.22,5.28,5.28,5.28,5.23,5.22,5.22,5.18,5.11,5.12,5.13,5.13,5.11,4.98,4.88,4.83,4.83,4.83,4.78,4.73,4.73,4.83,4.87,4.90,4.90,4.84,4.84,4.91,5.00,5.05,4.91,4.81,4.76,4.75,4.75,4.71,4.74,4.79,4.76,4.71,4.66,4.63,4.64,4.65,4.58,4.54,4.57,4.62,4.62,4.63,4.67,4.75,4.76,4.85,4.92,4.94,5.10,5.13,5.14,5.14,5.13,5.12,5.12,5.11,4.87,2.52,0.91,0.21,0.22,0.21,0.22,0.24,0.26,0.24,0.27,0.52,0.74,1.08,3.17,3.29,3.12,3.01,2.98,2.89,2.75,2.66,2.72,2.80,2.85,2.85,2.77,2.65,2.56,2.51,2.51,2.59,2.65,2.71,2.73,2.73,2.76,2.79,2.81,2.84,2.87,2.88,2.86,2.85,2.87,2.88,2.89,2.89,2.87,2.85,2.85,2.85,2.84,2.78,2.72,2.62
8.55,8.49,8.46,8.51,8.60,8.67,8.38,7.21,6.97,7.00,7.10,7.16,7.72,8.02,8.05,7.93,7.97,8.08,8.28,8.46,8.49,8.48,8.41,8.35,8.36,8.37,8.36,8.26,8.21,8.52,8.50,8.46,8.37,8.23,8.15,8.22,8.22,8.10,7.88,7.67,7.49,7.34,7.24,7.25,7.28,7.25,7.13,7.16,7.05,6.88,6.73,6.72,6.77,6.84,6.88,6.87,6.85,6.71,6.37,5.88,5.55,5.88,6.32,6.69,6.84,6.80,6.75,6.71,6.68,6.55,6.58,6.61,6.59,6.53,6.58,6.69,6.78,6.79,6.77,6.76,6.76,6.77,6.70,6.57,6.52,6.54,6.53,6.52,6.45,6.36,6.26,6.16,6.15,6.13,6.12,6.11,6.10,6.09,6.06,6.00,5.96,5.91,5.84,5.77,5.73,5.75,5.77,5.77,5.76,5.76,5.76,5.77,5.80,5.86,5.83,5.82,5.84,5.86,5.88,5.90,5.91,5.93,5.82,5.78,5.73,5.62,5.52,5.50,5.34,5.17,5.18,5.17,5.13,5.12,5.15,5.18,5.28,5.35,5.37,5.37,5.33,5.35,5.37,5.29,5.20,5.18,5.19,5.19,5.18,5.05,4.94,4.87,4.83,4.82,4.79,4.75,4.72,4.79,4.80,4.82,4.86,4.83,4.84,4.90,4.97,4.97,4.87,4.77,4.73,4.73,4.71,4.69,4.71,4.75,4.74,4.71,4.67,4.65,4.67,4.66,4.55,4.52,4.57,4.58,4.54,4.50,4.50,4.59,4.62,4.66,4.70,4.76,5.01,5.06,5.09,5.11,5.11,5.11,5.11,5.10,4.76,1.55,0.90,0.69,0.39,0.59,0.34,0.23,0.25,0.23,0.16,1.03,2.27,3.36,3.40,3.25,3.13,3.06,2.96,2.86,2.76,2.72,2.78,2.84,2.87,2.81,2.68,2.61,2.54,2.51,2.53,2.60,2.65,2.71,2.75,2.76,2.78,2.80,2.83,2.85,2.88,2.87,2.85,2.85,2.88,2.89,2.90,2.89,2.86,2.85,2.85,2.85,2.84,2.85,2.88,2.82
8.52,8.43,8.37,8.35,8.28,8.15,7.77,6.78,6.70,6.70,6.73,6.75,6.89,7.10,7.10,6.95,6.96,6.98,7.32,7.74,7.90,7.87,7.81,7.69,7.59,7.86,7.74,7.78,8.07,8.53,8.45,8.35,8.19,7.96,7.98,8.14,8.17,8.02,7.81,7.61,7.40,7.25,7.19,7.26,7.30,7.27,7.13,6.95,6.85,6.74,6.66,6.79,6.83,6.86,6.86,6.81,6.77,6.65,6.50,6.12,4.90,4.63,5.15,6.06,6.85,6.85,6.76,6.67,6.61,6.52,6.54,6.56,6.54,6.46,6.60,6.73,6.79,6.77,6.76,6.76,6.79,6.83,6.81,6.76,6.65,6.53,6.46,6.53,6.52,6.45,6.37,6.29,6.24,6.16,6.06,6.04,6.02,6.03,6.04,5.99,5.99,5.96,5.90,5.84,5.80,5.76,5.71,5.66,5.61,5.67,5.71,5.73,5.75,5.87,5.82,5.80,5.83,5.85,5.87,5.85,5.85,5.90,5.88,5.79,5.67,5.56,5.53,5.45,5.29,5.14,5.14,5.12,5.07,5.11,5.28,5.34,5.40,5.46,5.46,5.34,5.34,5.38,5.38,5.30,5.24,5.21,5.22,5.23,5.17,5.18,5.15,5.07,4.96,4.77,4.70,4.69,4.69,4.71,4.70,4.71,4.74,4.82,4.80,4.80,4.83,4.88,4.82,4.74,4.70,4.72,4.67,4.66,4.68,4.71,4.71,4.67,4.63,4.62,4.64,4.59,4.53,4.52,4.56,4.61,4.57,4.51,4.49,4.53,4.50,4.49,4.53,4.61,4.75,4.81,4.91,5.01,5.05,5.10,5.09,5.05,4.97,4.11,3.93,2.74,1.11,2.25,0.85,0.22,0.21,0.17,-0.43,0.86,2.48,3.47,3.34,3.22,3.13,3.06,2.96,2.78,2.74,2.78,2.84,2.89,2.85,2.76,2.64,2.56,2.47,2.47,2.52,2.58,2.64,2.68,2.73,2.78,2.80,2.82,2.83,2.83,2.83,2.81,2.84,2.87,2.89,2.90,2.90,2.88,2.85,2.86,2.85,2.85,2.85,2.86,2.90,2.89
8.51,8.40,8.32,8.23,8.13,8.00,7.63,6.66,6.61,6.60,6.60,6.60,6.60,6.70,6.70,6.60,6.60,6.60,6.83,7.13,7.28,7.27,7.22,7.13,7.03,7.25,7.15,7.35,7.87,8.48,8.45,8.34,8.20,8.02,8.06,8.12,8.08,7.93,7.74,7.53,7.33,7.18,7.14,7.23,7.22,7.12,6.97,6.83,6.77,6.74,6.74,6.82,6.85,6.84,6.79,6.74,6.68,6.59,6.53,6.32,5.42,4.83,5.14,5.99,6.79,6.82,6.73,6.62,6.54,6.51,6.53,6.53,6.50,6.48,6.63,6.74,6.78,6.75,6.79,6.78,6.78,6.79,6.78,6.82,6.70,6.54,6.49,6.56,6.54,6.47,6.38,6.33,6.29,6.20,6.09,6.02,5.98,5.97,5.96,5.92,5.94,5.93,5.90,5.87,5.84,5.80,5.74,5.68,5.61,5.64,5.64,5.63,5.62,5.71,5.70,5.69,5.72,5.78,5.78,5.76,5.77,5.82,5.84,5.76,5.64,5.53,5.50,5.36,5.23,5.14,5.13,5.10,5.09,5.18,5.36,5.44,5.49,5.53,5.54,5.41,5.36,5.35,5.34,5.28,5.26,5.24,5.24,5.24,5.15,5.18,5.17,5.11,5.00,4.76,4.69,4.68,4.67,4.66,4.65,4.65,4.68,4.73,4.72,4.71,4.73,4.78,4.76,4.71,4.68,4.69,4.65,4.65,4.66,4.68,4.67,4.64,4.61,4.58,4.58,4.54,4.51,4.52,4.59,4.64,4.60,4.55,4.51,4.49,4.45,4.42,4.44,4.50,4.55,4.59,4.67,4.77,4.82,4.90,4.94,4.96,4.98,5.00,5.00,4.10,2.85,3.72,2.64,1.22,0.21,0.26,-0.46,1.22,2.93,3.44,3.30,3.20,3.13,3.05,2.91,2.76,2.77,2.83,2.89,2.90,2.83,2.72,2.60,2.51,2.47,2.53,2.63,2.66,2.72,2.72,2.73,2.78,2.80,2.79,2.79,2.80,2.80,2.78,2.82,2.87,2.89,2.91,2.90,2.88,2.85,2.86,2.85,2.85,2.86,2.88,2.91,2.92
8.51,8.40,8.28,8.15,8.08,8.03,7.74,6.75,6.66,6.62,6.61,6.60,6.60,6.60,6.60,6.60,6.60,6.60,6.60,6.61,6.66,6.70,6.68,6.64,6.63,6.62,6.61,6.96,7.64,8.39,8.46,8.39,8.29,8.25,8.27,8.13,7.97,7.83,7.66,7.46,7.27,7.13,7.09,7.17,7.07,6.90,6.73,6.75,6.76,6.81,6.87,6.81,6.84,6.79,6.71,6.65,6.60,6.53,6.50,6.50,6.50,5.80,5.76,6.21,6.71,6.75,6.68,6.56,6.46,6.50,6.53,6.49,6.45,6.54,6.68,6.75,6.75,6.73,6.81,6.81,6.76,6.71,6.69,6.79,6.71,6.57,6.58,6.58,6.53,6.45,6.36,6.34,6.31,6.26,6.17,6.02,5.95,5.90,5.86,5.82,5.85,5.85,5.86,5.87,5.85,5.84,5.81,5.76,5.69,5.64,5.57,5.51,5.45,5.48,5.53,5.55,5.56,5.67,5.64,5.64,5.68,5.72,5.75,5.71,5.63,5.53,5.45,5.25,5.16,5.16,5.14,5.10,5.16,5.27,5.41,5.50,5.55,5.59,5.60,5.51,5.37,5.29,5.26,5.25,5.27,5.26,5.25,5.22,5.14,5.11,5.09,5.06,4.99,4.79,4.72,4.70,4.67,4.64,4.63,4.64,4.65,4.61,4.62,4.62,4.64,4.69,4.70,4.69,4.67,4.65,4.63,4.64,4.65,4.65,4.63,4.63,4.59,4.54,4.51,4.50,4.48,4.53,4.63,4.68,4.62,4.58,4.54,4.46,4.46,4.42,4.40,4.43,4.40,4.39,4.40,4.44,4.52,4.61,4.73,4.83,4.88,4.98,5.00,5.01,5.03,5.02,4.99,2.77,0.39,0.52,-0.10,1.88,3.47,3.36,3.26,3.20,3.13,3.03,2.84,2.78,2.81,2.88,2.94,2.90,2.80,2.69,2.58,2.47,2.49,2.65,2.80,2.81,2.86,2.80,2.75,2.77,2.78,2.73,2.73,2.75,2.78,2.76,2.80,2.85,2.89,2.92,2.90,2.88,2.85,2.85,2.86,2.86,2.87,2.91,2.93,2.94
8.52,8.41,8.27,8.15,8.05,7.96,7.82,7.46,7.27,6.98,6.72,6.60,6.60,6.60,6.60,6.60,6.60,6.60,6.60,6.61,6.62,6.64,6.63,6.61,6.60,6.61,6.64,6.93,7.48,8.14,8.38,8.38,8.27,8.16,8.14,8.02,7.86,7.71,7.57,7.37,7.21,7.10,7.08,7.02,6.92,6.82,6.77,6.81,6.80,6.72,6.61,6.51,6.67,6.68,6.63,6.61,6.54,6.51,6.50,6.50,6.50,6.26,6.25,6.44,6.65,6.68,6.56,6.46,6.48,6.50,6.49,6.43,6.41,6.60,6.72,6.74,6.73,6.73,6.72,6.72,6.70,6.66,6.67,6.73,6.73,6.68,6.63,6.55,6.49,6.42,6.35,6.35,6.31,6.26,6.18,6.04,5.96,5.92,5.91,5.91,5.90,5.82,5.77,5.77,5.76,5.77,5.76,5.75,5.73,5.67,5.63,5.58,5.52,5.50,5.47,5.42,5.39,5.55,5.52,5.52,5.55,5.60,5.66,5.66,5.61,5.51,5.39,5.18,5.12,5.15,5.13,5.09,5.21,5.35,5.43,5.49,5.53,5.56,5.56,5.48,5.34,5.29,5.30,5.34,5.40,5.35,5.21,5.06,5.06,5.07,5.05,4.97,4.83,4.82,4.82,4.83,4.84,4.83,4.81,4.77,4.71,4.60,4.59,4.60,4.60,4.60,4.62,4.66,4.66,4.62,4.61,4.63,4.63,4.62,4.59,4.58,4.55,4.50,4.47,4.47,4.52,4.57,4.61,4.62,4.56,4.51,4.45,4.37,4.50,4.51,4.50,4.49,4.42,4.39,4.36,4.33,4.34,4.37,4.43,4.50,4.58,4.68,4.78,4.89,5.00,5.02,5.02,4.24,3.15,2.46,1.57,2.58,3.48,3.38,3.27,3.20,3.12,2.99,2.81,2.83,2.88,2.93,2.97,2.88,2.77,2.66,2.57,2.54,2.59,2.73,2.87,2.91,2.89,2.86,2.83,2.81,2.74,2.70,2.70,2.70,2.67,2.70,2.75,2.78,2.78,2.89,2.90,2.88,2.86,2.85,2.86,2.86,2.88,2.93,2.95,2.96
8.51,8.41,8.26,8.15,8.02,7.92,7.84,7.79,7.61,7.30,6.99,6.79,6.63,6.60,6.60,6.60,6.60,6.60,6.60,6.60,6.60,6.60,6.60,6.60,6.59,6.61,6.69,6.96,7.42,7.98,8.29,8.29,8.16,8.06,8.00,7.90,7.75,7.59,7.46,7.29,7.15,7.06,7.01,6.91,6.82,6.76,6.77,6.81,6.80,6.70,6.47,6.08,6.17,6.25,6.36,6.56,6.51,6.50,6.50,6.50,6.50,6.50,6.51,6.56,6.65,6.63,6.48,6.40,6.48,6.47,6.44,6.39,6.40,6.63,6.74,6.72,6.68,6.70,6.65,6.65,6.66,6.66,6.69,6.70,6.72,6.72,6.69,6.58,6.49,6.41,6.35,6.34,6.28,6.23,6.18,6.06,5.98,5.95,5.94,5.96,5.93,5.84,5.77,5.76,5.74,5.72,5.70,5.70,5.71,5.67,5.65,5.62,5.57,5.54,5.48,5.40,5.35,5.46,5.42,5.40,5.42,5.48,5.55,5.57,5.53,5.44,5.27,5.12,5.10,5.14,5.11,5.09,5.24,5.39,5.44,5.47,5.51,5.54,5.53,5.45,5.33,5.30,5.33,5.39,5.47,5.42,5.23,4.98,4.99,4.99,4.95,4.87,4.72,4.85,4.90,4.93,4.97,4.97,4.94,4.88,4.79,4.67,4.63,4.62,4.60,4.55,4.56,4.61,4.62,4.58,4.59,4.61,4.61,4.59,4.57,4.54,4.51,4.47,4.44,4.44,4.52,4.57,4.59,4.57,4.51,4.45,4.34,4.18,4.41,4.51,4.52,4.48,4.44,4.42,4.37,4.31,4.23,4.22,4.24,4.27,4.31,4.40,4.51,4.64,4.78,4.92,5.00,5.02,4.72,3.83,2.89,3.14,3.48,3.39,3.28,3.21,3.08,2.92,2.83,2.88,2.94,2.97,2.96,2.86,2.75,2.64,2.56,2.59,2.67,2.80,2.92,2.98,2.94,2.91,2.89,2.86,2.77,2.73,2.70,2.65,2.58,2.64,2.69,2.69,2.67,2.83,2.83,2.83,2.85,2.85,2.86,2.88,2.91,2.95,2.95,2.96
8.49,8.38,8.24,8.13,8.01,7.89,7.78,7.67,7.61,7.57,7.45,7.19,6.70,6.60,6.60,6.60,6.60,6.60,6.60,6.60,6.60,6.60,6.60,6.60,6.60,6.60,6.75,7.06,7.48,7.92,8.17,8.11,7.97,7.93,7.83,7.76,7.64,7.48,7.33,7.21,7.10,7.00,6.88,6.85,6.79,6.75,6.72,6.74,6.75,6.74,6.47,5.51,5.29,5.43,5.89,6.51,6.50,6.50,6.50,6.50,6.50,6.50,6.50,6.55,6.70,6.60,6.47,6.41,6.44,6.42,6.37,6.36,6.43,6.62,6.73,6.68,6.61,6.64,6.63,6.61,6.64,6.71,6.76,6.72,6.69,6.70,6.74,6.68,6.54,6.42,6.37,6.31,6.23,6.18,6.17,6.08,6.02,5.97,5.94,5.95,5.94,5.92,5.88,5.84,5.79,5.68,5.62,5.61,5.63,5.64,5.64,5.63,5.61,5.61,5.56,5.50,5.44,5.38,5.32,5.29,5.30,5.33,5.42,5.44,5.40,5.31,5.09,5.09,5.12,5.14,5.09,5.08,5.25,5.40,5.43,5.46,5.49,5.51,5.49,5.42,5.32,5.31,5.36,5.41,5.48,5.47,5.31,5.02,4.93,4.85,4.81,4.77,4.66,4.86,4.96,5.01,5.05,5.03,5.02,4.98,4.90,4.85,4.73,4.69,4.66,4.54,4.52,4.53,4.53,4.51,4.57,4.59,4.58,4.56,4.58,4.52,4.48,4.44,4.42,4.40,4.48,4.54,4.56,4.52,4.46,4.39,4.22,3.87,4.19,4.40,4.45,4.38,4.45,4.47,4.46,4.38,4.18,4.18,4.17,4.14,4.10,4.14,4.18,4.23,4.35,4.71,4.92,5.00,4.90,4.55,3.80,3.54,3.46,3.39,3.30,3.22,3.02,2.82,2.89,2.94,2.99,2.99,2.92,2.82,2.72,2.62,2.54,2.62,2.75,2.86,2.94,3.00,2.99,2.97,2.94,2.90,2.88,2.83,2.73,2.61,2.53,2.59,2.60,2.58,2.58,2.70,2.70,2.73,2.81,2.85,2.87,2.90,2.95,2.97,2.93,2.94
8.45,8.33,8.22,8.10,8.00,7.89,7.76,7.65,7.56,7.53,7.49,7.37,7.07,6.79,6.63,6.60,6.60,6.60,6.60,6.60,6.60,6.60,6.60,6.60,6.60,6.60,6.70,6.96,7.33,7.71,7.89,7.87,7.78,7.73,7.67,7.60,7.51,7.41,7.27,7.10,6.96,6.87,6.84,6.82,6.77,6.70,6.63,6.65,6.67,6.68,6.50,5.81,4.86,4.55,4.76,5.35,6.29,6.50,6.50,6.50,6.50,6.50,6.55,6.61,6.64,6.48,6.41,6.40,6.41,6.37,6.38,6.42,6.50,6.63,6.66,6.64,6.62,6.64,6.65,6.63,6.65,6.72,6.77,6.72,6.67,6.66,6.71,6.70,6.52,6.37,6.34,6.31,6.24,6.18,6.14,6.10,6.02,5.96,5.94,5.95,5.93,5.93,5.92,5.89,5.86,5.76,5.70,5.67,5.65,5.59,5.56,5.56,5.57,5.57,5.54,5.51,5.49,5.43,5.37,5.33,5.30,5.28,5.29,5.26,5.23,5.20,5.12,5.12,5.13,5.13,5.08,5.13,5.30,5.42,5.43,5.44,5.48,5.49,5.45,5.37,5.32,5.33,5.38,5.44,5.53,5.51,5.32,5.03,4.91,4.89,4.87,4.80,4.64,4.74,4.79,4.87,5.03,5.01,5.05,5.04,4.98,4.93,4.80,4.72,4.67,4.62,4.60,4.60,4.56,4.50,4.51,4.50,4.48,4.47,4.51,4.49,4.45,4.41,4.38,4.42,4.49,4.54,4.53,4.49,4.42,4.16,3.80,3.48,4.12,4.41,4.48,4.43,4.45,4.45,4.44,4.40,4.31,4.30,4.26,4.16,4.02,4.05,4.06,4.05,4.07,4.28,4.41,4.53,4.50,4.19,3.82,3.60,3.47,3.41,3.30,3.20,3.02,2.87,2.96,3.02,3.04,3.00,2.90,2.80,2.69,2.62,2.61,2.68,2.81,2.92,2.99,3.01,2.99,2.98,2.98,2.96,2.96,2.92,2.83,2.72,2.64,2.63,2.60,2.56,2.54,2.63,2.59,2.62,2.73,2.77,2.83,2.87,2.91,2.94,2.93,2.95
8.40,8.28,8.18,8.07,7.98,7.88,7.76,7.65,7.52,7.46,7.44,7.45,7.36,7.02,6.75,6.65,6.60,6.60,6.60,6.60,6.60,6.60,6.60,6.60,6.60,6.60,6.64,6.82,7.13,7.46,7.58,7.60,7.56,7.50,7.50,7.43,7.37,7.31,7.18,6.99,6.83,6.75,6.80,6.77,6.73,6.65,6.55,6.57,6.61,6.61,6.52,6.19,4.88,4.11,3.98,4.51,6.15,6.50,6.50,6.50,6.50,6.52,6.59,6.64,6.57,6.38,6.36,6.39,6.38,6.32,6.39,6.48,6.56,6.65,6.61,6.61,6.64,6.64,6.65,6.64,6.65,6.71,6.76,6.72,6.65,6.62,6.67,6.70,6.52,6.36,6.34,6.30,6.24,6.16,6.11,6.10,6.02,5.96,5.94,5.96,5.93,5.93,5.94,5.93,5.93,5.86,5.81,5.76,5.69,5.58,5.53,5.51,5.52,5.50,5.49,5.49,5.49,5.47,5.42,5.38,5.33,5.26,5.21,5.15,5.13,5.15,5.18,5.16,5.15,5.13,5.08,5.17,5.33,5.43,5.42,5.42,5.46,5.46,5.42,5.34,5.33,5.36,5.41,5.46,5.56,5.51,5.32,5.05,4.91,4.89,4.87,4.80,4.63,4.65,4.63,4.70,4.92,4.92,5.03,5.07,5.02,4.97,4.85,4.74,4.67,4.68,4.67,4.65,4.60,4.52,4.48,4.46,4.42,4.38,4.43,4.44,4.40,4.36,4.34,4.41,4.47,4.50,4.49,4.44,4.38,4.03,3.59,3.38,4.15,4.44,4.51,4.49,4.45,4.43,4.42,4.42,4.43,4.40,4.34,4.22,4.03,4.04,4.02,3.95,3.87,3.92,3.96,4.06,4.07,3.80,3.73,3.60,3.49,3.42,3.30,3.17,3.04,2.96,3.03,3.08,3.07,2.99,2.88,2.78,2.66,2.62,2.67,2.74,2.87,2.97,3.03,3.02,2.99,2.98,2.99,3.01,3.01,2.97,2.90,2.82,2.75,2.68,2.62,2.57,2.54,2.59,2.53,2.54,2.65,2.69,2.76,2.80,2.84,2.87,2.90,2.93
8.34,8.23,8.11,8.03,7.93,7.84,7.75,7.64,7.52,7.43,7.37,7.36,7.34,7.27,7.09,6.82,6.62,6.60,6.60,6.60,6.60,6.60,6.60,6.60,6.60,6.60,6.61,6.69,6.87,7.16,7.24,7.28,7.27,7.21,7.29,7.26,7.18,7.09,7.00,6.87,6.78,6.73,6.69,6.66,6.61,6.57,6.55,6.56,6.58,6.58,6.53,6.43,5.89,4.90,4.35,4.97,6.23,6.50,6.50,6.50,6.50,6.57,6.61,6.59,6.51,6.37,6.37,6.38,6.35,6.30,6.40,6.49,6.56,6.66,6.64,6.64,6.64,6.61,6.60,6.61,6.62,6.66,6.75,6.71,6.63,6.58,6.63,6.64,6.59,6.50,6.39,6.26,6.19,6.13,6.09,6.06,6.02,5.97,5.95,5.97,5.95,5.94,5.94,5.96,5.99,5.95,5.92,5.87,5.75,5.72,5.65,5.58,5.50,5.40,5.40,5.41,5.41,5.41,5.40,5.40,5.37,5.33,5.29,5.25,5.22,5.23,5.21,5.20,5.18,5.15,5.10,5.18,5.30,5.39,5.41,5.41,5.44,5.44,5.40,5.33,5.35,5.39,5.44,5.49,5.57,5.44,5.27,5.13,4.95,4.73,4.68,4.71,4.65,4.69,4.61,4.57,4.65,4.67,4.90,5.03,4.99,4.94,4.84,4.73,4.64,4.63,4.65,4.64,4.61,4.59,4.55,4.57,4.48,4.34,4.32,4.32,4.31,4.29,4.28,4.33,4.34,4.37,4.41,4.37,4.33,4.23,4.12,4.05,4.34,4.46,4.49,4.47,4.45,4.46,4.47,4.47,4.45,4.41,4.37,4.32,4.22,4.17,4.09,3.97,3.85,3.85,3.83,3.80,3.78,3.78,3.73,3.59,3.47,3.42,3.32,3.12,3.04,3.06,3.08,3.12,3.06,2.96,2.87,2.75,2.64,2.62,2.71,2.82,2.94,3.02,3.04,3.03,2.99,2.98,2.99,2.99,2.99,2.95,2.91,2.85,2.80,2.71,2.67,2.65,2.60,2.62,2.55,2.54,2.61,2.63,2.62,2.65,2.70,2.73,2.77,2.83
8.26,8.15,8.04,7.94,7.85,7.77,7.70,7.62,7.52,7.41,7.33,7.29,7.31,7.32,7.22,7.03,6.83,6.66,6.60,6.60,6.60,6.60,6.60,6.60,6.60,6.60,6.60,6.63,6.71,6.86,6.90,6.94,6.96,6.94,7.11,7.10,7.02,6.94,6.90,6.82,6.76,6.71,6.65,6.60,6.57,6.55,6.55,6.53,6.54,6.53,6.52,6.53,6.34,5.71,5.32,5.72,6.39,6.54,6.56,6.60,6.59,6.58,6.54,6.46,6.37,6.33,6.35,6.36,6.32,6.33,6.42,6.47,6.50,6.58,6.58,6.59,6.61,6.61,6.58,6.57,6.57,6.58,6.64,6.61,6.58,6.57,6.59,6.58,6.57,6.52,6.41,6.25,6.16,6.11,6.09,6.06,6.03,6.00,5.98,5.97,5.96,5.94,5.94,5.98,6.02,6.04,6.02,5.95,5.83,5.81,5.71,5.61,5.53,5.44,5.42,5.41,5.38,5.36,5.34,5.34,5.33,5.31,5.30,5.28,5.27,5.27,5.24,5.22,5.19,5.15,5.11,5.13,5.23,5.32,5.36,5.39,5.42,5.41,5.38,5.34,5.37,5.41,5.46,5.51,5.54,5.39,5.24,5.12,4.91,4.73,4.70,4.76,4.74,4.82,4.75,4.66,4.63,4.60,4.72,4.79,4.78,4.80,4.76,4.69,4.62,4.59,4.62,4.61,4.59,4.59,4.56,4.56,4.50,4.40,4.37,4.35,4.28,4.23,4.26,4.27,4.25,4.26,4.30,4.29,4.26,4.26,4.27,4.29,4.39,4.45,4.47,4.45,4.46,4.46,4.47,4.49,4.45,4.44,4.42,4.39,4.36,4.29,4.20,4.10,3.99,3.90,3.82,3.74,3.69,3.71,3.65,3.54,3.44,3.38,3.29,3.13,3.08,3.13,3.14,3.14,3.05,2.94,2.85,2.72,2.67,2.69,2.78,2.89,3.00,3.04,3.04,3.05,2.98,2.97,2.98,3.00,2.97,2.92,2.88,2.84,2.78,2.75,2.73,2.70,2.66,2.68,2.63,2.62,2.65,2.65,2.63,2.63,2.63,2.60,2.63,2.68
8.19,8.04,7.96,7.85,7.76,7.69,7.63,7.60,7.51,7.40,7.31,7.23,7.27,7.26,7.25,7.24,7.11,6.77,6.62,6.61,6.60,6.60,6.60,6.60,6.60,6.60,6.60,6.60,6.60,6.59,6.60,6.64,6.67,6.69,6.95,6.95,6.88,6.83,6.82,6.81,6.76,6.70,6.63,6.58,6.57,6.56,6.55,6.50,6.50,6.50,6.50,6.57,6.51,6.47,6.47,6.52,6.57,6.59,6.65,6.75,6.73,6.58,6.43,6.31,6.21,6.27,6.32,6.32,6.29,6.37,6.44,6.44,6.41,6.45,6.48,6.51,6.56,6.61,6.57,6.53,6.50,6.49,6.49,6.49,6.52,6.55,6.54,6.52,6.52,6.48,6.40,6.24,6.14,6.10,6.11,6.09,6.06,6.04,6.01,5.99,5.96,5.93,5.94,5.99,6.04,6.12,6.10,6.01,5.92,5.88,5.74,5.62,5.58,5.52,5.49,5.44,5.37,5.31,5.27,5.25,5.25,5.25,5.27,5.27,5.28,5.29,5.25,5.22,5.19,5.15,5.12,5.07,5.15,5.24,5.29,5.36,5.38,5.39,5.37,5.35,5.39,5.43,5.48,5.53,5.48,5.35,5.21,5.07,4.84,4.79,4.83,4.88,4.87,5.00,4.96,4.84,4.72,4.63,4.53,4.49,4.53,4.63,4.64,4.63,4.60,4.56,4.57,4.57,4.56,4.55,4.55,4.50,4.49,4.51,4.50,4.44,4.28,4.19,4.25,4.22,4.18,4.16,4.18,4.20,4.19,4.21,4.25,4.32,4.37,4.42,4.45,4.43,4.48,4.45,4.45,4.48,4.44,4.47,4.46,4.45,4.47,4.40,4.33,4.27,4.20,4.04,3.89,3.78,3.70,3.63,3.55,3.47,3.39,3.33,3.25,3.17,3.15,3.18,3.20,3.15,3.06,2.94,2.83,2.69,2.73,2.79,2.86,2.97,3.05,3.06,3.04,3.06,2.98,2.97,2.99,3.01,2.95,2.89,2.84,2.79,2.74,2.79,2.78,2.75,2.73,2.73,2.73,2.73,2.72,2.72,2.70,2.66,2.59,2.49,2.51,2.52
8.26,7.83,7.76,7.75,7.68,7.60,7.52,7.46,7.43,7.37,7.29,7.21,7.18,7.15,7.15,7.17,7.16,7.07,6.89,6.70,6.60,6.60,6.62,6.63,6.62,6.60,6.60,6.62,6.65,6.67,6.69,6.68,6.66,6.65,6.86,6.81,6.77,6.79,6.74,6.77,6.74,6.67,6.63,6.60,6.58,6.57,6.57,6.55,6.52,6.51,6.53,6.56,6.53,6.54,6.54,6.53,6.53,6.55,6.68,6.87,6.82,6.59,6.39,6.26,6.21,6.29,6.31,6.30,6.30,6.36,6.44,6.45,6.41,6.41,6.42,6.44,6.48,6.52,6.51,6.49,6.48,6.49,6.52,6.51,6.48,6.44,6.41,6.39,6.42,6.42,6.36,6.20,6.14,6.11,6.13,6.13,6.14,6.10,6.07,6.09,5.97,5.91,5.90,5.94,5.98,6.03,6.05,6.03,5.99,5.94,5.81,5.67,5.56,5.50,5.50,5.47,5.40,5.32,5.28,5.25,5.20,5.11,5.15,5.20,5.25,5.28,5.25,5.24,5.20,5.16,5.15,5.11,5.13,5.15,5.14,5.13,5.22,5.31,5.34,5.36,5.39,5.40,5.41,5.39,5.33,5.25,5.16,5.03,4.82,4.87,4.98,5.11,5.19,5.21,5.10,4.95,4.80,4.68,4.57,4.53,4.55,4.54,4.50,4.48,4.47,4.48,4.51,4.52,4.51,4.50,4.53,4.49,4.49,4.53,4.55,4.51,4.43,4.36,4.32,4.22,4.11,4.06,4.07,4.10,4.09,4.11,4.15,4.19,4.23,4.30,4.35,4.40,4.44,4.43,4.43,4.44,4.44,4.44,4.44,4.44,4.44,4.40,4.37,4.33,4.27,4.26,4.11,3.92,3.75,3.67,3.50,3.40,3.34,3.31,3.28,3.24,3.23,3.24,3.24,3.14,3.03,2.92,2.80,2.75,2.79,2.84,2.89,2.98,3.05,3.06,3.05,3.06,2.97,2.97,3.00,2.98,2.93,2.87,2.81,2.77,2.80,2.84,2.82,2.79,2.79,2.80,2.79,2.78,2.78,2.78,2.78,2.74,2.68,2.59,2.55,2.50
8.17,7.71,7.66,7.67,7.60,7.52,7.43,7.34,7.33,7.30,7.25,7.19,7.12,7.08,7.06,7.07,7.11,7.17,7.07,6.88,6.72,6.63,6.66,6.69,6.66,6.62,6.62,6.65,6.69,6.73,6.53,6.46,6.52,6.66,6.76,6.73,6.72,6.76,6.70,6.75,6.73,6.68,6.66,6.63,6.61,6.59,6.58,6.57,6.54,6.54,6.55,6.54,6.53,6.54,6.55,6.52,6.51,6.53,6.65,6.80,6.74,6.52,6.33,6.22,6.22,6.29,6.27,6.25,6.29,6.35,6.43,6.44,6.41,6.39,6.40,6.41,6.44,6.49,6.48,6.47,6.47,6.49,6.55,6.55,6.50,6.43,6.36,6.31,6.33,6.34,6.29,6.17,6.14,6.13,6.15,6.19,6.19,6.15,6.12,6.14,6.02,5.96,5.95,5.94,5.92,5.94,5.97,5.99,5.99,5.96,5.85,5.70,5.56,5.50,5.51,5.48,5.40,5.35,5.31,5.27,5.20,5.11,5.10,5.13,5.19,5.25,5.24,5.23,5.21,5.17,5.16,5.14,5.13,5.11,5.08,5.03,5.11,5.19,5.23,5.24,5.30,5.32,5.31,5.26,5.19,5.16,5.11,4.99,4.87,4.96,5.11,5.24,5.31,5.27,5.17,5.03,4.88,4.77,4.64,4.59,4.61,4.56,4.49,4.45,4.43,4.41,4.43,4.46,4.47,4.47,4.48,4.46,4.48,4.53,4.58,4.55,4.51,4.46,4.38,4.26,4.14,4.08,4.06,4.07,4.03,4.03,4.07,4.08,4.09,4.15,4.22,4.29,4.38,4.36,4.38,4.42,4.44,4.43,4.43,4.43,4.41,4.40,4.40,4.37,4.35,4.38,4.22,3.99,3.78,3.69,3.51,3.41,3.35,3.32,3.30,3.28,3.28,3.28,3.26,3.13,3.02,2.91,2.78,2.79,2.85,2.90,2.93,3.00,3.06,3.05,3.04,3.07,2.97,2.98,2.99,2.95,2.91,2.85,2.78,2.74,2.84,2.86,2.86,2.86,2.88,2.85,2.83,2.83,2.83,2.83,2.82,2.78,2.72,2.65,2.60,2.53
7.91,7.68,7.66,7.61,7.55,7.45,7.34,7.24,7.21,7.20,7.19,7.16,7.08,7.03,6.98,6.96,6.99,7.08,7.15,7.13,6.96,6.69,6.71,6.76,6.72,6.66,6.67,6.70,6.74,6.77,6.10,5.98,6.26,6.70,6.66,6.69,6.72,6.74,6.70,6.73,6.73,6.71,6.71,6.69,6.67,6.63,6.58,6.58,6.58,6.56,6.54,6.51,6.49,6.49,6.50,6.50,6.52,6.53,6.54,6.55,6.49,6.38,6.25,6.18,6.24,6.26,6.19,6.17,6.27,6.35,6.40,6.41,6.40,6.42,6.41,6.42,6.46,6.50,6.49,6.45,6.45,6.50,6.58,6.62,6.61,6.54,6.40,6.29,6.25,6.24,6.21,6.14,6.14,6.15,6.17,6.24,6.22,6.19,6.16,6.14,6.09,6.11,6.07,5.96,5.86,5.85,5.86,5.88,5.92,5.92,5.85,5.72,5.56,5.51,5.52,5.48,5.39,5.40,5.37,5.31,5.26,5.24,5.12,5.07,5.10,5.19,5.22,5.21,5.20,5.19,5.16,5.14,5.14,5.13,5.10,5.06,5.05,5.05,5.04,5.00,5.12,5.19,5.19,5.13,5.07,5.08,5.05,4.97,4.97,5.08,5.19,5.27,5.25,5.19,5.15,5.07,4.95,4.92,4.73,4.66,4.71,4.68,4.59,4.55,4.50,4.36,4.34,4.39,4.44,4.45,4.40,4.42,4.46,4.51,4.57,4.56,4.54,4.49,4.43,4.33,4.28,4.21,4.15,4.13,4.01,3.98,4.01,4.00,3.93,3.99,4.06,4.11,4.30,4.26,4.30,4.40,4.44,4.43,4.43,4.42,4.40,4.41,4.40,4.40,4.42,4.40,4.22,3.99,3.79,3.69,3.57,3.50,3.43,3.33,3.31,3.31,3.31,3.30,3.26,3.13,3.03,2.91,2.77,2.82,2.91,2.97,2.97,3.03,3.05,3.04,3.04,3.09,2.98,2.99,2.98,2.91,2.89,2.82,2.74,2.71,2.86,2.86,2.90,2.96,3.01,2.89,2.88,2.88,2.88,2.87,2.81,2.76,2.72,2.68,2.65,2.62
7.82,7.64,7.54,7.34,7.39,7.39,7.29,7.17,7.11,7.09,7.07,7.04,7.02,6.97,6.93,6.90,6.91,6.98,7.06,7.10,7.05,6.92,6.64,6.35,6.21,6.66,6.73,6.59,6.21,5.43,5.75,6.10,6.41,6.65,6.62,6.69,6.73,6.73,6.71,6.70,6.68,6.67,6.69,6.68,6.68,6.67,6.65,6.62,6.60,6.57,6.54,6.49,6.46,6.46,6.46,6.45,6.50,6.52,6.51,6.48,6.44,6.26,6.17,6.18,6.24,6.22,6.18,6.20,6.29,6.36,6.41,6.41,6.39,6.44,6.41,6.41,6.44,6.49,6.48,6.45,6.46,6.52,6.59,6.61,6.56,6.47,6.35,6.32,6.30,6.26,6.19,6.11,6.13,6.16,6.18,6.24,6.24,6.22,6.17,6.13,6.13,6.15,6.17,6.16,6.06,5.97,5.89,5.84,5.81,5.80,5.75,5.66,5.56,5.49,5.48,5.45,5.40,5.44,5.40,5.35,5.32,5.29,5.11,5.01,5.03,5.13,5.13,5.12,5.11,5.09,5.07,5.08,5.10,5.11,5.08,5.07,5.08,5.07,5.02,5.00,5.05,5.05,5.04,5.05,4.99,5.01,5.01,4.98,4.99,5.06,5.13,5.19,5.19,5.13,5.11,5.06,4.95,4.93,4.83,4.78,4.78,4.74,4.68,4.62,4.57,4.52,4.48,4.44,4.40,4.36,4.33,4.37,4.43,4.50,4.58,4.56,4.54,4.52,4.48,4.38,4.35,4.33,4.29,4.19,4.10,4.07,4.05,4.01,3.95,3.99,4.02,4.00,4.11,4.10,4.14,4.22,4.28,4.32,4.36,4.39,4.38,4.39,4.42,4.45,4.44,4.35,4.09,3.89,3.76,3.69,3.60,3.53,3.44,3.33,3.30,3.31,3.32,3.29,3.21,3.11,3.03,2.93,2.83,2.87,2.91,2.96,2.99,2.97,2.98,2.99,2.99,2.95,2.94,2.92,2.89,2.84,2.84,2.76,2.74,2.80,2.93,2.94,2.96,2.98,2.95,2.89,2.88,2.89,2.91,2.92,2.82,2.77,2.74,2.72,2.70,2.70
7.76,7.54,7.26,7.04,7.22,7.33,7.29,7.11,7.03,6.99,6.97,6.93,6.94,6.91,6.88,6.85,6.84,6.88,6.95,7.01,7.07,7.06,6.65,6.12,5.77,6.34,6.65,6.38,5.62,4.69,5.66,6.27,6.54,6.59,6.61,6.70,6.75,6.72,6.71,6.67,6.64,6.63,6.65,6.66,6.67,6.68,6.69,6.64,6.61,6.58,6.54,6.48,6.44,6.42,6.42,6.42,6.47,6.51,6.49,6.42,6.37,6.17,6.12,6.18,6.23,6.17,6.18,6.23,6.30,6.38,6.44,6.44,6.42,6.47,6.43,6.42,6.44,6.48,6.46,6.44,6.45,6.50,6.56,6.57,6.51,6.41,6.32,6.35,6.33,6.27,6.18,6.09,6.13,6.16,6.19,6.21,6.23,6.20,6.16,6.12,6.15,6.17,6.22,6.29,6.22,6.11,5.98,5.87,5.80,5.76,5.70,5.62,5.53,5.46,5.44,5.42,5.40,5.45,5.40,5.35,5.31,5.29,5.09,4.97,4.97,5.06,5.04,5.03,5.03,5.03,5.03,5.05,5.06,5.06,5.05,5.06,5.09,5.08,5.04,5.02,5.00,4.97,4.95,4.99,4.94,4.95,4.96,4.96,4.98,5.01,5.05,5.10,5.13,5.07,5.07,5.05,4.95,4.92,4.91,4.88,4.84,4.79,4.75,4.68,4.63,4.65,4.59,4.48,4.38,4.31,4.31,4.35,4.39,4.45,4.53,4.52,4.53,4.53,4.49,4.42,4.42,4.42,4.38,4.24,4.18,4.14,4.11,4.05,3.99,4.00,3.99,3.94,3.95,3.96,3.99,4.05,4.11,4.18,4.25,4.31,4.34,4.36,4.43,4.47,4.44,4.27,3.97,3.81,3.74,3.70,3.62,3.54,3.43,3.31,3.30,3.32,3.32,3.28,3.16,3.09,3.02,2.94,2.87,2.91,2.91,2.93,2.97,2.90,2.91,2.95,2.96,2.84,2.90,2.88,2.83,2.79,2.79,2.72,2.76,2.89,2.98,3.00,3.01,2.98,2.90,2.89,2.88,2.88,2.91,2.95,2.84,2.77,2.75,2.73,2.73,2.75
7.75,7.28,6.62,6.74,7.02,7.31,7.42,7.10,7.01,6.95,6.90,6.83,6.82,6.83,6.82,6.80,6.79,6.80,6.84,6.89,6.95,6.96,6.87,6.41,5.62,5.33,6.27,5.96,5.03,5.64,6.17,6.44,6.53,6.55,6.69,6.75,6.75,6.71,6.67,6.65,6.61,6.59,6.60,6.62,6.63,6.64,6.65,6.61,6.59,6.57,6.55,6.51,6.43,6.39,6.38,6.39,6.45,6.50,6.47,6.37,6.25,6.14,6.14,6.18,6.18,6.10,6.17,6.26,6.30,6.40,6.46,6.49,6.49,6.52,6.49,6.50,6.50,6.46,6.45,6.43,6.41,6.41,6.43,6.47,6.46,6.42,6.35,6.36,6.32,6.24,6.16,6.13,6.15,6.17,6.17,6.11,6.12,6.10,6.08,6.10,6.16,6.17,6.17,6.20,6.22,6.21,6.16,6.08,5.99,5.91,5.77,5.61,5.46,5.40,5.39,5.39,5.38,5.40,5.30,5.23,5.19,5.18,5.04,4.94,4.93,4.99,4.94,4.96,5.03,5.11,5.13,5.11,5.03,4.98,5.00,5.02,5.03,5.05,5.06,5.03,5.02,5.00,4.98,4.97,4.93,4.90,4.87,4.87,4.92,4.94,4.97,5.01,5.08,5.02,5.06,5.06,4.95,4.92,4.93,4.92,4.90,4.83,4.81,4.75,4.69,4.68,4.60,4.49,4.40,4.37,4.38,4.39,4.35,4.32,4.34,4.42,4.49,4.50,4.43,4.40,4.51,4.50,4.35,4.22,4.19,4.17,4.14,4.11,4.04,3.99,3.96,3.97,3.91,3.91,3.92,3.93,3.94,3.98,4.05,4.14,4.24,4.31,4.41,4.44,4.37,4.14,3.92,3.80,3.76,3.72,3.62,3.52,3.40,3.27,3.31,3.34,3.32,3.24,3.13,3.06,2.96,2.88,2.87,2.92,2.91,2.89,2.87,2.81,2.85,2.96,2.99,2.81,2.88,2.88,2.85,2.80,2.74,2.70,2.79,2.95,3.00,3.00,3.00,2.97,2.90,2.90,2.88,2.86,2.87,2.91,2.87,2.79,2.71,2.66,2.70,2.74
7.03,6.75,6.35,6.49,6.78,7.06,7.19,7.00,6.97,6.92,6.84,6.76,6.72,6.72,6.73,6.72,6.70,6.71,6.73,6.78,6.85,6.85,6.85,6.61,6.06,5.65,6.36,6.21,5.63,6.17,6.40,6.52,6.57,6.63,6.74,6.75,6.73,6.68,6.62,6.62,6.58,6.54,6.56,6.57,6.58,6.59,6.59,6.56,6.55,6.54,6.52,6.50,6.45,6.42,6.39,6.37,6.43,6.46,6.41,6.28,6.11,6.10,6.13,6.15,6.09,6.10,6.18,6.27,6.32,6.41,6.46,6.48,6.49,6.51,6.51,6.50,6.50,6.48,6.45,6.45,6.43,6.36,6.33,6.32,6.33,6.34,6.33,6.35,6.30,6.23,6.17,6.16,6.15,6.15,6.14,6.11,6.11,6.11,6.10,6.13,6.13,6.13,6.11,6.11,6.16,6.15,6.14,6.12,6.10,5.99,5.82,5.64,5.50,5.41,5.40,5.37,5.32,5.30,5.22,5.13,5.07,5.07,4.92,4.88,4.90,4.94,4.88,4.96,5.08,5.18,5.20,5.14,5.08,5.04,5.04,5.05,4.99,4.97,5.00,5.00,5.01,5.02,5.01,4.98,4.96,4.93,4.89,4.86,4.88,4.87,4.87,4.90,4.99,4.96,5.00,5.01,4.94,4.92,4.96,4.97,4.94,4.87,4.83,4.77,4.72,4.69,4.61,4.51,4.43,4.41,4.44,4.41,4.39,4.39,4.43,4.49,4.48,4.42,4.35,4.37,4.44,4.42,4.31,4.24,4.22,4.19,4.16,4.12,4.08,4.03,4.03,4.07,3.97,3.97,3.96,3.94,3.90,3.90,3.93,3.98,4.05,4.10,4.18,4.22,4.18,4.01,3.89,3.82,3.77,3.72,3.62,3.49,3.36,3.27,3.33,3.36,3.31,3.22,3.12,3.00,2.95,2.93,2.95,3.00,2.97,2.89,2.82,2.83,2.86,2.91,2.91,2.77,2.84,2.87,2.85,2.79,2.72,2.74,2.85,2.98,2.99,2.99,2.98,2.96,2.92,2.91,2.88,2.86,2.84,2.86,2.82,2.76,2.68,2.63,2.62,2.61
6.14,6.20,6.25,6.30,6.55,6.74,6.83,6.85,6.90,6.87,6.79,6.70,6.62,6.61,6.62,6.63,6.60,6.61,6.63,6.66,6.74,6.73,6.74,6.73,6.66,6.41,6.59,6.64,6.56,6.48,6.52,6.56,6.62,6.72,6.76,6.74,6.69,6.64,6.58,6.59,6.55,6.50,6.51,6.52,6.54,6.54,6.53,6.52,6.50,6.49,6.48,6.47,6.46,6.45,6.42,6.36,6.43,6.42,6.33,6.17,5.99,6.07,6.12,6.10,5.99,6.11,6.20,6.28,6.36,6.43,6.45,6.46,6.46,6.47,6.50,6.48,6.47,6.52,6.46,6.50,6.46,6.34,6.26,6.19,6.19,6.24,6.29,6.32,6.28,6.22,6.18,6.17,6.13,6.10,6.11,6.13,6.15,6.15,6.16,6.17,6.10,6.08,6.06,6.03,6.07,6.04,6.04,6.09,6.14,6.03,5.85,5.68,5.57,5.45,5.43,5.37,5.26,5.22,5.14,5.04,4.97,4.95,4.79,4.82,4.87,4.89,4.85,5.00,5.14,5.24,5.26,5.15,5.14,5.15,5.12,5.10,4.97,4.90,4.92,4.96,4.97,5.01,5.03,4.99,4.99,4.98,4.95,4.89,4.86,4.82,4.79,4.80,4.90,4.91,4.92,4.93,4.93,4.91,4.98,5.01,4.97,4.91,4.85,4.78,4.72,4.70,4.61,4.53,4.47,4.44,4.47,4.43,4.45,4.53,4.61,4.63,4.50,4.35,4.29,4.33,4.32,4.29,4.25,4.26,4.25,4.21,4.17,4.12,4.11,4.09,4.12,4.17,4.07,4.06,4.05,4.01,3.93,3.88,3.86,3.85,3.86,3.85,3.90,3.94,3.96,3.89,3.87,3.84,3.79,3.70,3.61,3.46,3.33,3.29,3.35,3.37,3.31,3.20,3.11,2.96,2.96,3.02,3.06,3.10,3.04,2.91,2.80,2.89,2.89,2.85,2.79,2.74,2.81,2.84,2.83,2.78,2.71,2.79,2.90,2.99,2.97,2.98,2.97,2.95,2.94,2.93,2.89,2.86,2.83,2.79,2.75,2.71,2.67,2.61,2.53,2.45
6.18,6.22,6.27,6.34,6.44,6.53,6.60,6.66,6.72,6.76,6.74,6.67,6.58,6.52,6.50,6.51,6.51,6.53,6.54,6.55,6.58,6.58,6.61,6.63,6.61,6.53,6.54,6.53,6.49,6.47,6.52,6.57,6.62,6.65,6.67,6.67,6.65,6.61,6.54,6.55,6.51,6.46,6.47,6.48,6.50,6.51,6.49,6.47,6.46,6.45,6.44,6.42,6.41,6.42,6.43,6.44,6.47,6.37,6.24,6.13,6.04,6.10,6.10,6.03,5.92,6.10,6.21,6.29,6.37,6.44,6.44,6.43,6.44,6.44,6.46,6.45,6.44,6.48,6.50,6.53,6.51,6.42,6.30,6.25,6.23,6.23,6.24,6.21,6.16,6.13,6.14,6.06,6.04,6.03,6.04,6.09,6.13,6.16,6.16,6.12,6.14,6.14,6.11,6.06,5.99,5.93,5.92,5.95,6.02,5.94,5.83,5.72,5.64,5.52,5.47,5.41,5.35,5.31,5.17,5.03,4.92,4.85,4.79,4.82,4.84,4.83,4.92,5.02,5.12,5.20,5.22,5.14,5.13,5.16,5.18,5.12,5.05,5.01,5.00,4.99,4.92,4.91,4.93,4.94,4.95,4.96,4.96,4.95,4.95,4.90,4.85,4.83,4.84,4.81,4.79,4.80,4.85,4.84,4.88,4.91,4.90,4.84,4.85,4.80,4.73,4.69,4.61,4.54,4.49,4.47,4.47,4.45,4.49,4.56,4.64,4.69,4.65,4.54,4.38,4.34,4.30,4.25,4.20,4.24,4.27,4.24,4.19,4.15,4.12,4.08,4.06,4.09,4.07,4.10,4.14,4.14,4.08,3.98,3.96,3.93,3.82,3.81,3.82,3.82,3.81,3.83,3.87,3.86,3.79,3.68,3.59,3.43,3.33,3.34,3.38,3.35,3.28,3.17,3.04,3.02,3.04,3.10,3.16,3.14,3.10,3.01,2.91,2.94,2.92,2.88,2.82,2.77,2.79,2.80,2.79,2.77,2.80,2.86,2.91,2.95,2.94,2.95,2.98,2.99,2.97,2.94,2.91,2.88,2.86,2.80,2.75,2.70,2.64,2.58,2.51,2.43
6.21,6.25,6.29,6.35,6.38,6.41,6.44,6.49,6.56,6.63,6.66,6.62,6.56,6.48,6.43,6.41,6.41,6.44,6.45,6.45,6.46,6.48,6.51,6.53,6.55,6.54,6.52,6.49,6.47,6.47,6.49,6.55,6.60,6.59,6.54,6.58,6.59,6.55,6.50,6.52,6.48,6.41,6.43,6.45,6.47,6.47,6.44,6.43,6.41,6.40,6.39,6.38,6.37,6.40,6.44,6.48,6.44,6.30,6.16,6.06,6.04,6.09,6.07,5.99,5.93,6.13,6.23,6.30,6.37,6.43,6.42,6.41,6.42,6.42,6.43,6.43,6.45,6.48,6.53,6.56,6.53,6.44,6.33,6.29,6.26,6.25,6.25,6.19,6.12,6.08,6.09,6.00,5.99,5.99,6.01,6.04,6.08,6.11,6.12,6.07,6.11,6.13,6.12,6.07,5.97,5.89,5.85,5.84,5.88,5.81,5.74,5.69,5.64,5.55,5.50,5.44,5.38,5.32,5.15,4.98,4.84,4.77,4.76,4.80,4.80,4.78,4.92,5.02,5.10,5.15,5.18,5.12,5.13,5.18,5.23,5.14,5.09,5.05,5.02,5.00,4.92,4.90,4.91,4.90,4.89,4.91,4.93,4.95,4.97,4.94,4.91,4.88,4.85,4.80,4.76,4.75,4.78,4.76,4.78,4.80,4.81,4.79,4.83,4.80,4.74,4.69,4.61,4.55,4.51,4.48,4.47,4.48,4.52,4.59,4.67,4.73,4.73,4.64,4.46,4.37,4.33,4.27,4.21,4.23,4.23,4.22,4.20,4.16,4.18,4.17,4.16,4.16,4.11,4.10,4.12,4.14,4.12,4.06,4.10,4.09,3.93,3.85,3.83,3.79,3.75,3.79,3.83,3.80,3.70,3.58,3.54,3.41,3.34,3.37,3.38,3.34,3.25,3.14,3.02,3.06,3.11,3.17,3.20,3.14,3.11,3.05,2.96,2.94,2.91,2.88,2.86,2.83,2.82,2.80,2.78,2.75,2.83,2.86,2.86,2.86,2.88,2.90,2.94,2.98,2.98,2.96,2.94,2.91,2.86,2.80,2.75,2.70,2.64,2.58,2.48,2.40
6.23,6.26,6.29,6.33,6.36,6.36,6.34,6.34,6.41,6.48,6.54,6.57,6.56,6.48,6.38,6.31,6.32,6.34,6.36,6.37,6.40,6.43,6.43,6.44,6.47,6.45,6.52,6.53,6.48,6.46,6.42,6.50,6.57,6.54,6.39,6.47,6.52,6.48,6.47,6.50,6.44,6.37,6.38,6.42,6.43,6.41,6.39,6.38,6.37,6.35,6.34,6.33,6.34,6.38,6.44,6.49,6.35,6.22,6.09,5.97,6.02,6.04,6.01,5.97,6.01,6.18,6.27,6.33,6.37,6.41,6.39,6.39,6.39,6.40,6.39,6.43,6.49,6.54,6.56,6.57,6.51,6.39,6.33,6.30,6.29,6.29,6.30,6.23,6.15,6.08,6.04,5.97,5.97,5.99,6.01,5.99,5.98,6.01,6.03,6.01,6.01,6.05,6.08,6.07,5.99,5.91,5.83,5.76,5.72,5.63,5.60,5.59,5.58,5.55,5.52,5.46,5.37,5.27,5.09,4.91,4.76,4.69,4.71,4.75,4.76,4.73,4.86,4.99,5.06,5.10,5.14,5.09,5.11,5.19,5.26,5.16,5.08,5.03,5.01,4.99,4.97,4.97,4.96,4.86,4.83,4.83,4.85,4.88,4.94,4.96,4.96,4.95,4.93,4.88,4.82,4.77,4.72,4.67,4.66,4.68,4.71,4.76,4.78,4.79,4.76,4.69,4.62,4.57,4.53,4.49,4.48,4.52,4.56,4.62,4.70,4.77,4.76,4.67,4.51,4.44,4.41,4.34,4.26,4.21,4.15,4.16,4.19,4.16,4.29,4.36,4.39,4.39,4.20,4.06,4.01,4.02,4.06,4.12,4.27,4.33,4.17,3.96,3.93,3.86,3.75,3.75,3.76,3.68,3.55,3.42,3.46,3.40,3.36,3.38,3.35,3.32,3.22,3.09,3.02,3.08,3.18,3.24,3.19,3.13,3.09,3.02,2.95,2.89,2.84,2.86,2.91,2.93,2.90,2.84,2.78,2.74,2.80,2.79,2.76,2.74,2.80,2.83,2.87,2.91,2.95,2.97,2.99,2.93,2.83,2.79,2.76,2.73,2.69,2.62,2.44,2.36
6.21,6.24,6.28,6.31,6.34,6.34,6.32,6.29,6.28,6.33,6.40,6.45,6.46,6.43,6.37,6.30,6.27,6.27,6.27,6.28,6.31,6.33,6.35,6.38,6.41,6.42,6.44,6.44,6.40,6.33,6.28,6.32,6.37,6.38,6.31,6.34,6.36,6.35,6.39,6.43,6.42,6.37,6.36,6.38,6.38,6.37,6.35,6.34,6.32,6.31,6.30,6.29,6.33,6.37,6.42,6.44,6.26,6.09,5.99,5.97,6.00,6.00,5.99,6.02,6.12,6.22,6.26,6.28,6.31,6.36,6.36,6.36,6.38,6.39,6.38,6.39,6.44,6.56,6.56,6.54,6.48,6.38,6.34,6.32,6.32,6.32,6.32,6.22,6.17,6.14,6.10,6.03,5.98,5.95,5.92,5.88,5.89,5.94,5.98,5.98,5.99,6.02,6.04,6.02,5.93,5.86,5.80,5.74,5.70,5.65,5.60,5.55,5.50,5.43,5.41,5.37,5.29,5.17,5.02,4.85,4.72,4.64,4.73,4.74,4.75,4.80,4.88,4.98,5.04,5.07,5.12,5.10,5.12,5.18,5.25,5.16,5.09,5.04,5.02,5.01,4.98,5.02,5.06,4.99,4.97,4.95,4.92,4.87,4.89,4.89,4.90,4.90,4.90,4.88,4.86,4.84,4.80,4.75,4.73,4.70,4.67,4.65,4.65,4.68,4.70,4.67,4.63,4.59,4.55,4.51,4.52,4.56,4.60,4.65,4.72,4.77,4.77,4.73,4.67,4.61,4.55,4.46,4.35,4.25,4.19,4.20,4.23,4.24,4.32,4.44,4.51,4.46,4.26,4.05,3.96,3.97,3.98,3.98,4.06,4.13,4.10,4.03,4.05,4.01,3.91,3.85,3.79,3.65,3.50,3.42,3.43,3.42,3.41,3.40,3.38,3.31,3.19,3.08,3.08,3.14,3.20,3.22,3.17,3.11,3.06,3.01,2.96,2.86,2.84,2.88,2.93,2.95,2.92,2.88,2.84,2.81,2.84,2.80,2.76,2.73,2.75,2.77,2.77,2.77,2.81,2.88,2.88,2.86,2.83,2.78,2.76,2.73,2.69,2.62,2.46,2.38
6.19,6.22,6.26,6.29,6.32,6.33,6.31,6.26,6.20,6.22,6.27,6.32,6.34,6.36,6.34,6.29,6.23,6.20,6.18,6.19,6.23,6.24,6.28,6.32,6.35,6.38,6.36,6.35,6.32,6.23,6.18,6.17,6.20,6.22,6.19,6.20,6.21,6.23,6.27,6.33,6.35,6.34,6.31,6.34,6.33,6.32,6.30,6.29,6.27,6.26,6.26,6.27,6.30,6.35,6.38,6.36,6.17,5.98,5.92,5.97,5.99,5.95,5.97,6.06,6.18,6.24,6.24,6.24,6.26,6.31,6.32,6.33,6.34,6.36,6.37,6.38,6.43,6.57,6.56,6.52,6.45,6.38,6.36,6.34,6.35,6.35,6.32,6.23,6.21,6.20,6.15,6.07,5.99,5.91,5.86,5.80,5.82,5.87,5.92,5.92,5.96,5.98,5.99,5.97,5.87,5.83,5.78,5.72,5.70,5.68,5.62,5.54,5.47,5.37,5.31,5.26,5.19,5.07,4.94,4.80,4.68,4.63,4.74,4.72,4.75,4.85,4.92,4.98,5.03,5.06,5.12,5.13,5.15,5.19,5.24,5.17,5.10,5.06,5.04,5.03,5.00,5.08,5.15,5.11,5.10,5.06,4.99,4.90,4.87,4.84,4.85,4.86,4.85,4.85,4.86,4.87,4.86,4.82,4.80,4.75,4.68,4.61,4.59,4.61,4.64,4.60,4.59,4.59,4.57,4.53,4.55,4.59,4.62,4.67,4.73,4.76,4.77,4.77,4.77,4.72,4.65,4.55,4.44,4.30,4.25,4.25,4.28,4.34,4.40,4.51,4.56,4.48,4.27,4.04,3.95,3.95,3.94,3.89,3.90,3.95,3.99,4.01,4.05,4.05,4.00,3.94,3.82,3.65,3.49,3.44,3.43,3.44,3.45,3.43,3.40,3.30,3.17,3.07,3.13,3.17,3.19,3.19,3.16,3.10,3.05,3.01,2.98,2.87,2.87,2.91,2.94,2.94,2.92,2.92,2.90,2.87,2.87,2.83,2.79,2.75,2.74,2.73,2.69,2.66,2.70,2.78,2.78,2.77,2.78,2.75,2.75,2.73,2.67,2.58,2.46,2.39
6.17,6.20,6.23,6.27,6.30,6.31,6.30,6.25,6.20,6.17,6.16,6.17,6.21,6.25,6.27,6.26,6.19,6.14,6.10,6.09,6.14,6.16,6.20,6.25,6.29,6.31,6.29,6.28,6.27,6.24,6.16,6.13,6.11,6.07,6.00,6.06,6.11,6.10,6.09,6.17,6.21,6.23,6.24,6.27,6.28,6.27,6.26,6.24,6.23,6.22,6.22,6.26,6.24,6.27,6.29,6.24,6.08,5.94,5.90,5.95,5.96,5.88,5.96,6.10,6.16,6.20,6.23,6.24,6.25,6.26,6.27,6.26,6.26,6.31,6.40,6.44,6.48,6.56,6.59,6.55,6.47,6.39,6.37,6.36,6.38,6.38,6.30,6.24,6.27,6.27,6.19,6.05,5.98,5.90,5.85,5.81,5.82,5.82,5.82,5.83,5.88,5.91,5.92,5.92,5.84,5.85,5.78,5.70,5.70,5.71,5.67,5.62,5.55,5.43,5.27,5.14,5.05,4.98,4.88,4.75,4.66,4.66,4.73,4.69,4.73,4.89,4.95,4.98,5.02,5.07,5.17,5.21,5.23,5.24,5.22,5.17,5.11,5.07,5.06,5.05,5.05,5.14,5.21,5.17,5.18,5.12,5.05,5.00,4.91,4.84,4.84,4.86,4.76,4.78,4.79,4.80,4.84,4.84,4.84,4.81,4.77,4.72,4.66,4.62,4.55,4.45,4.44,4.53,4.57,4.53,4.56,4.59,4.63,4.67,4.71,4.72,4.74,4.76,4.75,4.68,4.65,4.60,4.51,4.40,4.34,4.29,4.32,4.45,4.58,4.56,4.49,4.41,4.19,4.06,4.01,4.00,3.99,3.94,3.88,3.84,3.84,3.84,3.83,3.86,3.93,4.01,3.84,3.67,3.55,3.49,3.47,3.48,3.48,3.46,3.41,3.30,3.17,3.07,3.14,3.15,3.16,3.16,3.14,3.10,3.06,3.04,3.02,2.99,2.93,2.93,2.95,2.92,2.92,2.92,2.92,2.92,2.91,2.91,2.85,2.78,2.83,2.76,2.66,2.62,2.68,2.69,2.70,2.67,2.63,2.69,2.74,2.71,2.61,2.46,2.44,2.38
6.15,6.18,6.21,6.25,6.28,6.30,6.29,6.25,6.20,6.15,6.12,6.10,6.10,6.15,6.20,6.21,6.17,6.10,6.04,6.02,6.06,6.08,6.12,6.16,6.20,6.21,6.22,6.24,6.24,6.23,6.12,6.05,6.01,5.98,5.97,6.01,6.02,5.98,5.93,6.00,6.07,6.11,6.14,6.17,6.18,6.18,6.17,6.17,6.17,6.15,6.15,6.17,6.17,6.20,6.20,6.10,5.95,5.90,5.90,5.93,5.91,5.92,6.00,6.10,6.13,6.17,6.21,6.24,6.24,6.22,6.25,6.26,6.27,6.36,6.39,6.42,6.45,6.48,6.56,6.52,6.46,6.41,6.42,6.40,6.39,6.36,6.25,6.23,6.24,6.23,6.17,6.05,5.96,5.87,5.82,5.79,5.85,5.89,5.90,5.89,5.86,5.85,5.83,5.80,5.77,5.79,5.75,5.68,5.67,5.68,5.64,5.58,5.50,5.40,5.22,5.09,5.03,4.98,4.83,4.71,4.65,4.69,4.73,4.72,4.79,4.94,4.98,5.00,5.03,5.09,5.17,5.21,5.22,5.22,5.25,5.22,5.17,5.12,5.09,5.07,5.11,5.19,5.24,5.23,5.21,5.15,5.09,5.04,4.93,4.88,4.90,4.95,4.88,4.87,4.83,4.78,4.76,4.78,4.79,4.78,4.75,4.74,4.69,4.65,4.59,4.50,4.47,4.50,4.51,4.47,4.48,4.51,4.55,4.60,4.63,4.63,4.67,4.69,4.65,4.62,4.62,4.59,4.51,4.43,4.33,4.31,4.34,4.43,4.59,4.54,4.45,4.35,4.17,4.09,4.06,4.05,4.03,3.98,3.91,3.86,3.83,3.83,3.82,3.90,4.04,4.03,3.84,3.68,3.57,3.53,3.47,3.49,3.50,3.47,3.40,3.29,3.17,3.07,3.10,3.08,3.10,3.13,3.13,3.10,3.08,3.06,3.03,2.94,2.93,2.95,2.96,2.92,2.92,2.92,2.92,2.92,2.92,2.93,2.89,2.84,2.86,2.81,2.75,2.72,2.73,2.71,2.64,2.58,2.58,2.63,2.64,2.59,2.50,2.41,2.44,2.43
6.13,6.16,6.19,6.22,6.25,6.28,6.28,6.25,6.20,6.15,6.10,6.05,6.01,6.07,6.14,6.16,6.13,6.07,6.00,5.96,5.98,6.00,6.04,6.07,6.09,6.11,6.16,6.20,6.22,6.21,6.09,5.98,5.92,5.92,5.98,5.97,5.93,5.87,5.80,5.85,5.93,5.99,6.01,6.05,6.06,6.07,6.07,6.09,6.10,6.09,6.06,6.07,6.10,6.13,6.10,5.96,5.82,5.86,5.90,5.89,5.85,5.97,6.06,6.10,6.11,6.16,6.20,6.23,6.24,6.20,6.25,6.28,6.31,6.43,6.37,6.39,6.42,6.40,6.51,6.48,6.43,6.42,6.47,6.43,6.39,6.32,6.20,6.20,6.16,6.13,6.11,6.05,5.93,5.83,5.77,5.76,5.86,5.96,6.01,5.97,5.86,5.81,5.76,5.69,5.70,5.71,5.69,5.64,5.62,5.63,5.58,5.51,5.42,5.34,5.17,5.07,5.04,4.99,4.79,4.67,4.66,4.73,4.72,4.77,4.87,5.00,5.01,5.01,5.05,5.11,5.15,5.18,5.17,5.19,5.27,5.28,5.23,5.17,5.11,5.09,5.18,5.22,5.25,5.28,5.21,5.16,5.11,5.04,4.94,4.93,4.99,5.06,5.03,5.00,4.90,4.78,4.71,4.73,4.74,4.72,4.69,4.72,4.70,4.68,4.66,4.61,4.56,4.51,4.46,4.40,4.40,4.41,4.45,4.49,4.54,4.54,4.57,4.59,4.54,4.56,4.58,4.55,4.48,4.43,4.31,4.31,4.36,4.37,4.52,4.49,4.40,4.30,4.17,4.14,4.12,4.10,4.08,4.03,3.97,3.91,3.87,3.88,3.89,4.01,4.18,4.03,3.82,3.68,3.59,3.54,3.47,3.50,3.51,3.46,3.38,3.28,3.17,3.08,3.07,3.01,3.04,3.10,3.11,3.09,3.08,3.06,3.02,2.86,2.91,2.96,2.97,2.92,2.91,2.92,2.92,2.91,2.91,2.92,2.92,2.90,2.89,2.87,2.86,2.84,2.79,2.77,2.60,2.52,2.57,2.59,2.54,2.47,2.41,2.41,2.46,2.50
6.11,6.14,6.17,6.20,6.23,6.26,6.27,6.24,6.20,6.14,6.09,6.05,6.00,6.04,6.09,6.11,6.06,6.04,5.98,5.91,5.88,5.92,5.95,5.97,5.98,6.05,6.10,6.14,6.17,6.17,6.11,6.02,5.94,5.88,5.91,5.88,5.86,5.87,5.85,5.85,5.85,5.84,5.80,5.90,5.94,5.95,5.96,6.00,6.06,6.06,6.02,6.04,6.06,6.05,6.00,5.88,5.82,5.86,5.87,5.82,5.82,5.92,6.02,6.10,6.12,6.15,6.18,6.22,6.24,6.21,6.24,6.25,6.27,6.42,6.43,6.46,6.48,6.50,6.48,6.44,6.41,6.40,6.41,6.40,6.36,6.27,6.14,6.13,6.01,5.92,5.94,5.96,5.88,5.80,5.74,5.77,5.82,5.92,5.97,5.90,5.90,5.90,5.86,5.77,5.69,5.65,5.57,5.51,5.51,5.53,5.53,5.50,5.44,5.31,5.16,5.07,5.02,4.94,4.76,4.66,4.66,4.72,4.69,4.76,4.89,5.02,5.04,5.04,5.05,5.07,5.12,5.14,5.14,5.17,5.24,5.23,5.22,5.18,5.15,5.17,5.21,5.20,5.20,5.23,5.18,5.13,5.06,4.96,4.93,4.97,5.06,5.12,5.05,5.01,4.97,4.95,4.93,4.88,4.79,4.69,4.61,4.64,4.65,4.63,4.62,4.64,4.62,4.60,4.55,4.48,4.43,4.37,4.35,4.36,4.39,4.43,4.46,4.47,4.45,4.50,4.53,4.51,4.43,4.38,4.33,4.35,4.38,4.34,4.42,4.37,4.31,4.28,4.22,4.19,4.17,4.15,4.14,4.08,4.02,3.98,3.96,3.98,4.04,4.13,4.18,3.97,3.79,3.67,3.59,3.49,3.50,3.53,3.53,3.48,3.35,3.29,3.24,3.19,3.13,3.02,3.02,3.05,3.04,3.03,3.02,3.00,2.98,2.96,2.96,2.95,2.94,2.93,2.93,2.95,2.96,2.94,2.94,2.96,2.95,2.92,2.92,2.91,2.90,2.88,2.83,2.80,2.73,2.68,2.68,2.65,2.55,2.48,2.47,2.51,2.55,2.57
6.10,6.12,6.15,6.18,6.21,6.24,6.25,6.23,6.19,6.14,6.09,6.04,6.00,6.02,6.05,6.06,6.02,5.97,5.92,5.88,5.82,5.85,5.86,5.88,5.91,5.99,6.03,6.06,6.09,6.11,6.08,6.03,5.96,5.88,5.87,5.86,5.88,5.92,5.89,5.82,5.80,5.80,5.76,5.82,5.83,5.84,5.86,5.91,6.00,6.00,5.96,5.98,6.02,6.00,5.92,5.80,5.82,5.85,5.83,5.78,5.85,5.93,6.03,6.10,6.14,6.16,6.18,6.21,6.23,6.21,6.23,6.23,6.26,6.39,6.45,6.48,6.49,6.51,6.45,6.41,6.39,6.38,6.36,6.36,6.31,6.24,6.16,6.10,5.96,5.85,5.85,5.91,5.85,5.77,5.73,5.76,5.79,5.86,5.91,5.87,5.93,5.93,5.88,5.77,5.66,5.62,5.55,5.47,5.42,5.43,5.41,5.39,5.35,5.27,5.15,5.05,4.96,4.86,4.70,4.65,4.68,4.72,4.70,4.82,4.96,5.04,5.06,5.06,5.06,5.06,5.09,5.10,5.12,5.14,5.18,5.17,5.17,5.17,5.16,5.21,5.20,5.19,5.17,5.16,5.11,5.06,5.00,4.94,4.93,5.00,5.09,5.13,5.03,4.98,4.97,4.96,4.92,4.91,4.86,4.77,4.68,4.67,4.65,4.60,4.57,4.61,4.62,4.61,4.58,4.52,4.48,4.40,4.35,4.33,4.33,4.35,4.36,4.35,4.36,4.43,4.46,4.44,4.38,4.31,4.32,4.36,4.37,4.30,4.37,4.32,4.27,4.27,4.26,4.25,4.24,4.22,4.19,4.14,4.08,4.04,4.04,4.07,4.14,4.18,4.13,3.93,3.75,3.66,3.60,3.49,3.53,3.56,3.54,3.48,3.33,3.33,3.32,3.27,3.15,3.04,3.03,3.04,3.00,2.96,2.95,2.95,2.93,2.93,2.96,2.95,2.92,2.93,2.94,2.97,2.98,2.97,2.97,2.99,2.98,2.95,2.95,2.95,2.94,2.92,2.89,2.84,2.81,2.78,2.75,2.70,2.62,2.52,2.46,2.53,2.55,2.59
6.10,6.11,6.13,6.16,6.19,6.22,6.24,6.22,6.18,6.14,6.09,6.04,6.01,6.02,6.03,6.02,5.98,5.85,5.84,5.87,5.79,5.79,5.77,5.79,5.86,5.93,5.95,5.96,5.98,6.02,6.01,6.02,5.99,5.92,5.86,5.90,5.98,6.02,5.92,5.78,5.78,5.84,5.84,5.78,5.74,5.73,5.75,5.82,5.92,5.93,5.88,5.89,5.99,5.96,5.85,5.72,5.82,5.83,5.78,5.75,5.91,5.99,6.06,6.11,6.16,6.18,6.20,6.22,6.23,6.20,6.19,6.21,6.26,6.34,6.44,6.46,6.45,6.46,6.42,6.39,6.37,6.36,6.33,6.32,6.26,6.21,6.24,6.09,5.98,5.90,5.84,5.88,5.82,5.75,5.72,5.75,5.79,5.81,5.83,5.88,5.94,5.91,5.82,5.69,5.59,5.61,5.58,5.49,5.36,5.31,5.25,5.20,5.18,5.21,5.13,5.01,4.88,4.75,4.62,4.64,4.72,4.72,4.75,4.94,5.07,5.06,5.09,5.08,5.07,5.07,5.05,5.05,5.09,5.12,5.11,5.09,5.11,5.13,5.15,5.21,5.17,5.17,5.15,5.07,4.99,4.94,4.94,4.96,4.94,5.01,5.08,5.09,4.99,4.92,4.90,4.85,4.74,4.86,4.95,4.95,4.87,4.79,4.69,4.57,4.50,4.54,4.57,4.56,4.55,4.54,4.54,4.50,4.44,4.39,4.35,4.30,4.26,4.24,4.25,4.35,4.35,4.34,4.34,4.23,4.28,4.35,4.36,4.25,4.38,4.32,4.26,4.27,4.28,4.30,4.31,4.29,4.24,4.19,4.15,4.12,4.12,4.15,4.21,4.19,4.06,3.90,3.71,3.64,3.60,3.52,3.57,3.58,3.54,3.47,3.33,3.39,3.41,3.33,3.13,3.05,3.07,3.08,2.99,2.89,2.88,2.89,2.88,2.82,2.91,2.94,2.92,2.90,2.95,2.99,3.00,3.00,2.99,3.03,3.02,2.99,2.99,2.99,2.97,2.96,2.95,2.89,2.85,2.83,2.80,2.74,2.74,2.56,2.39,2.48,2.49,2.56
6.10,6.10,6.11,6.14,6.17,6.20,6.22,6.21,6.17,6.13,6.09,6.05,6.02,6.01,5.98,5.94,5.94,5.87,5.87,5.89,5.87,5.84,5.80,5.77,5.76,5.82,5.87,5.90,5.91,5.96,5.94,5.95,5.94,5.90,5.87,5.90,5.95,5.97,5.92,5.85,5.83,5.85,5.86,5.81,5.76,5.75,5.76,5.79,5.83,5.80,5.75,5.80,5.87,5.82,5.75,5.74,5.81,5.80,5.76,5.76,5.96,6.02,6.07,6.13,6.18,6.21,6.23,6.26,6.27,6.20,6.18,6.18,6.21,6.29,6.35,6.36,6.35,6.36,6.37,6.35,6.34,6.34,6.32,6.24,6.19,6.19,6.23,6.18,6.10,6.01,5.91,5.86,5.81,5.75,5.72,5.77,5.82,5.83,5.83,5.85,5.87,5.83,5.71,5.56,5.54,5.58,5.58,5.53,5.41,5.44,5.34,5.22,5.16,5.09,5.00,4.91,4.83,4.70,4.62,4.66,4.71,4.68,4.79,4.99,5.09,5.07,5.05,5.04,5.05,5.08,5.12,5.09,5.09,5.08,5.06,5.02,5.05,5.10,5.16,5.21,5.19,5.19,5.17,5.04,4.98,4.92,4.90,4.91,4.93,4.96,5.01,5.03,4.95,4.92,4.84,4.73,4.67,4.90,4.96,4.94,4.90,4.89,4.79,4.68,4.60,4.59,4.60,4.53,4.48,4.49,4.50,4.49,4.47,4.44,4.42,4.37,4.32,4.28,4.26,4.25,4.21,4.19,4.19,4.14,4.18,4.22,4.22,4.19,4.24,4.23,4.22,4.24,4.25,4.26,4.27,4.27,4.28,4.26,4.23,4.20,4.19,4.18,4.21,4.15,3.99,3.83,3.70,3.62,3.59,3.58,3.62,3.61,3.55,3.47,3.40,3.47,3.48,3.42,3.31,3.25,3.24,3.24,3.20,3.07,2.99,2.94,2.90,2.85,2.89,2.90,2.89,2.87,2.96,3.00,3.01,3.00,3.01,3.06,3.06,3.03,3.03,3.03,3.01,3.00,3.00,2.94,2.90,2.87,2.84,2.81,2.69,2.56,2.46,2.48,2.61,2.77
6.10,6.10,6.10,6.12,6.15,6.18,6.20,6.20,6.17,6.13,6.09,6.06,6.02,5.99,5.94,5.89,5.89,5.89,5.90,5.93,5.94,5.89,5.85,5.79,5.70,5.72,5.78,5.82,5.85,5.89,5.87,5.88,5.89,5.88,5.87,5.89,5.92,5.92,5.91,5.88,5.85,5.85,5.90,5.83,5.80,5.79,5.79,5.77,5.76,5.71,5.67,5.71,5.75,5.72,5.70,5.76,5.79,5.76,5.74,5.79,5.98,6.02,6.05,6.10,6.16,6.21,6.24,6.26,6.26,6.17,6.14,6.14,6.17,6.24,6.26,6.26,6.26,6.26,6.31,6.31,6.30,6.30,6.28,6.17,6.13,6.16,6.21,6.22,6.18,6.10,5.99,5.85,5.81,5.75,5.74,5.81,5.85,5.85,5.83,5.81,5.81,5.75,5.62,5.46,5.49,5.53,5.56,5.55,5.45,5.52,5.41,5.27,5.18,5.04,4.93,4.85,4.78,4.67,4.64,4.68,4.71,4.65,4.83,5.00,5.08,5.05,5.01,5.01,5.03,5.08,5.16,5.13,5.10,5.07,5.03,4.99,5.02,5.10,5.18,5.22,5.19,5.19,5.15,5.01,4.98,4.91,4.87,4.89,4.94,4.93,4.97,5.00,4.94,4.94,4.86,4.76,4.72,4.95,4.98,4.96,4.94,4.96,4.86,4.76,4.69,4.66,4.66,4.57,4.50,4.50,4.47,4.47,4.47,4.47,4.45,4.41,4.36,4.31,4.28,4.22,4.14,4.10,4.09,4.07,4.08,4.09,4.11,4.15,4.15,4.17,4.19,4.21,4.22,4.22,4.23,4.24,4.28,4.29,4.27,4.25,4.24,4.20,4.19,4.10,3.93,3.77,3.68,3.63,3.60,3.64,3.65,3.63,3.56,3.46,3.47,3.55,3.57,3.52,3.48,3.43,3.42,3.41,3.37,3.22,3.08,2.99,2.93,2.89,2.90,2.91,2.88,2.84,2.95,2.99,2.99,2.96,3.02,3.09,3.10,3.07,3.07,3.07,3.06,3.04,3.04,2.98,2.94,2.91,2.89,2.87,2.68,2.57,2.54,2.55,2.75,2.94
6.10,6.10,6.10,6.10,6.13,6.16,6.18,6.18,6.17,6.12,6.09,6.07,5.99,5.93,5.91,5.90,5.85,5.90,5.95,5.97,5.98,5.95,5.92,5.85,5.72,5.66,5.68,5.74,5.79,5.81,5.81,5.81,5.83,5.85,5.84,5.87,5.88,5.88,5.88,5.84,5.82,5.85,5.95,5.85,5.83,5.85,5.83,5.74,5.71,5.69,5.66,5.63,5.65,5.69,5.74,5.79,5.76,5.68,5.71,5.84,5.93,5.97,5.98,5.99,6.06,6.15,6.19,6.18,6.15,6.07,6.05,6.09,6.15,6.17,6.18,6.18,6.18,6.18,6.23,6.25,6.25,6.24,6.21,6.12,6.10,6.12,6.16,6.19,6.20,6.16,6.06,5.89,5.80,5.76,5.79,5.86,5.90,5.87,5.82,5.77,5.74,5.69,5.58,5.46,5.43,5.49,5.53,5.54,5.48,5.50,5.43,5.34,5.26,5.12,4.97,4.84,4.75,4.68,4.70,4.73,4.70,4.62,4.85,4.98,5.03,5.00,4.96,4.99,5.03,5.08,5.14,5.16,5.13,5.08,5.03,5.01,5.05,5.13,5.21,5.23,5.16,5.13,5.09,5.00,4.98,4.91,4.89,4.93,4.97,4.97,4.99,5.01,4.98,4.98,5.03,5.03,4.94,5.01,5.03,5.03,5.02,5.01,4.88,4.79,4.74,4.76,4.76,4.71,4.67,4.61,4.45,4.45,4.46,4.44,4.43,4.39,4.35,4.33,4.34,4.30,4.22,4.16,4.11,4.02,3.97,3.98,4.03,4.13,4.15,4.16,4.17,4.16,4.15,4.18,4.20,4.22,4.24,4.25,4.25,4.25,4.27,4.20,4.13,4.03,3.88,3.70,3.67,3.65,3.64,3.68,3.68,3.65,3.56,3.45,3.53,3.64,3.69,3.67,3.62,3.59,3.59,3.56,3.48,3.30,3.13,3.03,3.00,2.95,2.98,2.97,2.92,2.84,2.91,2.92,2.90,2.89,3.02,3.11,3.13,3.10,3.11,3.12,3.10,3.08,3.08,3.03,2.99,2.96,2.94,2.92,2.71,2.61,2.64,2.74,2.91,3.02
6.10,6.10,6.10,6.10,6.11,6.14,6.17,6.17,6.15,6.12,6.09,6.08,5.93,5.90,5.89,5.87,5.88,5.91,5.95,5.98,5.99,5.99,5.96,5.89,5.78,5.68,5.65,5.67,5.72,5.75,5.76,5.76,5.76,5.79,5.81,5.84,5.85,5.85,5.85,5.82,5.79,5.81,5.87,5.81,5.83,5.88,5.91,5.86,5.81,5.76,5.68,5.58,5.62,5.67,5.73,5.78,5.73,5.65,5.66,5.75,5.79,5.84,5.83,5.83,5.94,6.08,6.11,6.08,6.05,6.01,5.96,6.00,6.10,6.10,6.10,6.09,6.10,6.11,6.15,6.18,6.19,6.18,6.13,6.08,6.07,6.10,6.12,6.13,6.14,6.13,6.07,5.90,5.77,5.74,5.81,5.86,5.87,5.85,5.80,5.74,5.70,5.63,5.54,5.43,5.40,5.48,5.52,5.52,5.51,5.51,5.45,5.36,5.28,5.13,4.97,4.83,4.73,4.67,4.73,4.75,4.72,4.66,4.79,4.86,4.91,4.94,4.93,4.97,5.01,5.05,5.11,5.16,5.14,5.09,5.05,5.04,5.04,5.12,5.22,5.26,5.21,5.17,5.12,5.05,4.96,4.91,4.90,4.93,4.99,5.03,5.05,5.05,5.00,5.04,5.10,5.13,5.07,5.08,5.08,5.05,5.00,4.95,4.84,4.76,4.73,4.77,4.81,4.80,4.75,4.66,4.43,4.42,4.45,4.44,4.35,4.33,4.30,4.29,4.32,4.27,4.22,4.19,4.15,4.05,4.00,3.97,3.98,4.03,4.00,3.99,4.04,4.13,4.13,4.16,4.18,4.18,4.19,4.20,4.20,4.20,4.19,4.16,4.09,3.97,3.83,3.73,3.69,3.68,3.70,3.73,3.71,3.65,3.57,3.52,3.61,3.69,3.72,3.72,3.70,3.69,3.70,3.65,3.51,3.31,3.16,3.07,3.03,2.98,3.01,3.02,3.00,2.99,2.99,2.99,2.96,2.90,2.99,3.04,3.04,3.03,3.11,3.15,3.15,3.12,3.11,3.08,3.04,3.01,2.97,2.85,2.74,2.67,2.70,2.86,3.04,3.13
6.10,6.10,6.10,6.10,6.10,6.12,6.15,6.15,6.14,6.11,6.08,6.05,5.87,5.87,5.87,5.86,5.94,5.93,5.95,5.99,6.00,6.03,6.00,5.94,5.84,5.73,5.63,5.61,5.65,5.70,5.71,5.70,5.70,5.72,5.76,5.80,5.82,5.82,5.82,5.79,5.78,5.77,5.78,5.78,5.82,5.89,5.97,5.97,5.94,5.84,5.70,5.54,5.60,5.65,5.70,5.75,5.70,5.64,5.62,5.63,5.63,5.68,5.67,5.67,5.82,6.00,6.01,5.97,5.94,5.94,5.89,5.93,6.02,6.01,6.01,6.01,6.02,6.05,6.08,6.10,6.12,6.11,6.05,6.04,6.05,6.07,6.08,6.07,6.07,6.07,6.05,5.88,5.73,5.72,5.82,5.84,5.83,5.81,5.78,5.71,5.66,5.58,5.49,5.40,5.38,5.48,5.51,5.50,5.52,5.52,5.46,5.37,5.28,5.10,4.95,4.80,4.69,4.67,4.74,4.75,4.73,4.71,4.73,4.75,4.80,4.88,4.90,4.95,4.99,5.03,5.07,5.13,5.12,5.09,5.07,5.06,5.04,5.10,5.23,5.29,5.27,5.22,5.16,5.11,4.96,4.91,4.91,4.94,5.01,5.08,5.10,5.06,4.99,5.09,5.14,5.14,5.13,5.11,5.10,5.04,4.95,4.88,4.79,4.73,4.71,4.76,4.84,4.84,4.79,4.67,4.43,4.41,4.46,4.48,4.32,4.31,4.27,4.24,4.25,4.20,4.19,4.20,4.19,4.10,4.05,4.00,3.96,3.94,3.86,3.83,3.91,4.07,4.07,4.10,4.12,4.13,4.14,4.15,4.16,4.14,4.09,4.12,4.05,3.93,3.79,3.77,3.71,3.71,3.76,3.77,3.73,3.64,3.59,3.60,3.68,3.71,3.73,3.74,3.75,3.76,3.76,3.69,3.51,3.32,3.20,3.12,3.05,3.01,3.03,3.05,3.08,3.14,3.09,3.10,3.06,2.96,3.01,2.99,2.95,2.95,3.09,3.16,3.16,3.15,3.14,3.12,3.10,3.07,3.00,2.79,2.77,2.74,2.77,2.96,3.16,3.26
6.10,6.10,6.10,6.10,6.10,6.11,6.12,6.13,6.12,6.09,6.01,5.90,5.87,5.84,5.87,5.95,6.01,5.98,5.98,5.99,6.01,6.04,6.08,6.03,5.86,5.77,5.61,5.56,5.60,5.63,5.67,5.67,5.65,5.64,5.68,5.74,5.78,5.78,5.76,5.76,5.78,5.81,5.81,5.82,5.84,5.88,5.93,5.91,5.96,5.87,5.67,5.49,5.56,5.65,5.70,5.69,5.67,5.63,5.59,5.57,5.53,5.49,5.54,5.65,5.78,5.88,5.87,5.84,5.84,5.81,5.90,5.94,5.92,5.93,5.93,5.92,5.94,5.97,6.00,6.03,6.05,6.03,5.99,5.99,6.00,6.01,6.07,6.07,6.06,6.04,6.00,5.74,5.74,5.77,5.80,5.80,5.78,5.77,5.75,5.67,5.57,5.51,5.43,5.34,5.40,5.45,5.48,5.48,5.46,5.46,5.44,5.38,5.25,5.03,4.89,4.74,4.60,4.68,4.72,4.68,4.65,4.74,4.79,4.80,4.81,4.85,4.88,4.94,4.98,5.01,5.04,5.08,5.08,5.08,5.08,5.07,5.09,5.16,5.25,5.28,5.26,5.19,5.13,5.10,4.98,4.96,4.95,4.96,5.04,5.07,5.04,4.98,4.92,5.06,5.08,5.02,4.95,4.95,4.96,4.93,4.88,4.82,4.75,4.73,4.73,4.77,4.82,4.80,4.73,4.63,4.50,4.49,4.56,4.62,4.58,4.52,4.38,4.23,4.14,4.12,4.11,4.11,4.12,4.09,4.08,4.07,4.04,4.00,3.94,3.91,3.90,3.91,3.88,3.86,3.96,4.10,4.12,4.12,4.11,4.09,4.09,4.07,4.00,3.90,3.80,3.77,3.71,3.72,3.76,3.78,3.71,3.63,3.62,3.69,3.72,3.72,3.72,3.74,3.75,3.76,3.74,3.65,3.49,3.34,3.23,3.15,3.07,3.03,3.04,3.07,3.11,3.15,3.13,3.23,3.24,3.11,3.30,3.15,3.01,2.98,3.05,3.06,3.05,3.07,3.16,3.17,3.16,3.13,3.07,2.89,2.87,2.88,2.95,3.08,3.26,3.35
6.10,6.10,6.10,6.10,6.10,6.10,6.11,6.12,6.08,6.03,5.96,5.86,5.89,5.89,5.94,6.05,6.09,6.06,6.03,6.02,6.03,6.08,6.17,6.16,6.00,5.82,5.66,5.57,5.55,5.58,5.63,5.64,5.61,5.59,5.60,5.67,5.74,5.77,5.75,5.77,5.82,5.86,5.86,5.86,5.86,5.87,5.90,5.89,5.94,5.84,5.63,5.46,5.55,5.62,5.64,5.59,5.62,5.63,5.61,5.57,5.52,5.48,5.51,5.59,5.63,5.69,5.69,5.69,5.74,5.72,5.84,5.88,5.83,5.83,5.84,5.85,5.86,5.89,5.92,5.96,5.97,5.96,5.95,5.96,5.97,5.99,6.04,6.03,5.98,5.93,5.86,5.65,5.72,5.78,5.80,5.80,5.79,5.78,5.73,5.61,5.54,5.48,5.40,5.33,5.40,5.44,5.45,5.45,5.44,5.44,5.43,5.36,5.21,4.96,4.84,4.70,4.59,4.71,4.70,4.67,4.68,4.78,4.86,4.89,4.89,4.88,4.91,4.95,4.97,4.98,5.01,5.03,5.04,5.05,5.05,5.03,5.10,5.18,5.23,5.23,5.18,5.14,5.11,5.06,4.97,4.98,5.03,5.09,5.13,5.05,4.95,4.87,4.86,4.97,4.99,4.94,4.86,4.86,4.86,4.84,4.80,4.75,4.72,4.72,4.76,4.79,4.79,4.73,4.65,4.56,4.51,4.55,4.62,4.68,4.69,4.65,4.46,4.26,4.17,4.14,4.11,4.07,4.04,4.05,4.05,4.05,4.04,4.02,3.98,3.96,3.94,3.89,3.84,3.80,3.86,3.97,3.98,3.96,3.96,4.00,4.08,4.02,3.94,3.87,3.79,3.75,3.73,3.75,3.79,3.79,3.69,3.62,3.62,3.70,3.71,3.69,3.70,3.72,3.71,3.75,3.66,3.55,3.48,3.35,3.26,3.18,3.10,3.05,3.06,3.12,3.17,3.17,3.21,3.31,3.30,3.18,3.41,3.24,3.11,3.11,3.15,3.09,3.04,3.04,3.14,3.16,3.13,3.09,3.04,2.94,2.92,2.99,3.11,3.23,3.36,3.44
6.10,6.10,6.10,6.10,6.10,6.10,6.10,6.11,6.02,5.95,5.91,5.89,5.91,5.98,6.07,6.16,6.19,6.14,6.09,6.06,6.07,6.13,6.25,6.32,6.23,5.87,5.75,5.61,5.49,5.55,5.60,5.60,5.58,5.56,5.52,5.59,5.70,5.78,5.75,5.81,5.87,5.91,5.93,5.91,5.88,5.87,5.89,5.88,5.89,5.78,5.59,5.46,5.55,5.58,5.54,5.47,5.57,5.64,5.65,5.62,5.57,5.59,5.56,5.50,5.42,5.44,5.47,5.54,5.64,5.63,5.73,5.77,5.75,5.74,5.75,5.77,5.79,5.81,5.84,5.87,5.89,5.89,5.92,5.95,5.97,5.99,6.01,5.96,5.86,5.75,5.67,5.57,5.69,5.77,5.80,5.82,5.86,5.82,5.72,5.55,5.54,5.47,5.39,5.33,5.40,5.42,5.43,5.42,5.43,5.43,5.42,5.34,5.16,4.91,4.77,4.68,4.64,4.74,4.67,4.70,4.79,4.84,4.93,5.01,5.02,4.96,4.98,4.98,4.97,4.95,4.97,4.98,4.99,5.00,4.99,4.95,5.08,5.17,5.18,5.14,5.05,5.08,5.11,4.99,4.94,5.00,5.15,5.31,5.24,5.03,4.84,4.74,4.81,4.84,4.87,4.88,4.85,4.82,4.80,4.77,4.72,4.68,4.68,4.72,4.78,4.82,4.73,4.66,4.56,4.46,4.48,4.59,4.65,4.67,4.71,4.74,4.51,4.30,4.31,4.23,4.16,4.06,3.97,4.00,3.98,3.97,3.99,4.00,3.99,4.01,4.01,3.97,3.90,3.85,3.80,3.77,3.75,3.70,3.74,3.88,4.07,3.95,3.88,3.83,3.78,3.72,3.76,3.81,3.83,3.79,3.66,3.60,3.61,3.66,3.67,3.64,3.66,3.70,3.64,3.71,3.55,3.41,3.47,3.36,3.29,3.20,3.12,3.07,3.09,3.19,3.25,3.19,3.32,3.35,3.29,3.20,3.42,3.29,3.24,3.30,3.36,3.20,3.10,3.06,3.08,3.09,3.02,2.97,2.95,2.96,2.95,3.07,3.27,3.39,3.46,3.54
6.10,6.10,6.10,6.10,6.10,6.10,6.09,6.07,6.01,5.96,5.94,5.96,6.00,6.11,6.20,6.27,6.28,6.23,6.17,6.13,6.10,6.21,6.30,6.35,6.31,6.10,5.86,5.68,5.57,5.50,5.54,5.56,5.55,5.53,5.50,5.55,5.62,5.69,5.70,5.81,5.89,5.93,5.94,5.90,5.90,5.90,5.89,5.88,5.78,5.64,5.52,5.49,5.59,5.57,5.53,5.58,5.68,5.72,5.74,5.73,5.66,5.63,5.55,5.46,5.46,5.50,5.51,5.52,5.53,5.47,5.54,5.61,5.65,5.62,5.66,5.69,5.71,5.74,5.76,5.80,5.82,5.80,5.84,5.82,5.85,5.90,5.92,5.90,5.80,5.69,5.61,5.54,5.62,5.70,5.75,5.74,5.86,5.86,5.75,5.58,5.51,5.41,5.34,5.32,5.34,5.36,5.37,5.36,5.35,5.36,5.33,5.23,5.06,4.76,4.62,4.59,4.64,4.68,4.62,4.69,4.80,4.87,5.01,5.06,5.00,4.87,4.88,4.92,4.95,4.97,4.97,5.02,5.02,5.03,5.06,5.01,5.06,5.11,5.12,5.09,5.10,5.10,5.08,5.02,4.99,4.99,5.11,5.32,5.22,5.00,4.81,4.72,4.80,4.81,4.82,4.82,4.81,4.81,4.79,4.75,4.70,4.65,4.68,4.76,4.82,4.82,4.75,4.67,4.58,4.49,4.54,4.66,4.73,4.76,4.74,4.64,4.44,4.30,4.31,4.24,4.21,4.13,4.02,4.03,4.04,3.97,3.88,3.87,3.87,3.89,3.91,3.91,3.91,3.91,3.89,3.85,3.81,3.78,3.77,3.79,3.84,3.80,3.75,3.75,3.78,3.78,3.83,3.87,3.85,3.78,3.63,3.60,3.63,3.66,3.65,3.63,3.64,3.66,3.62,3.56,3.46,3.41,3.47,3.45,3.47,3.45,3.37,3.24,3.18,3.23,3.30,3.26,3.31,3.31,3.28,3.26,3.40,3.31,3.28,3.34,3.38,3.29,3.22,3.20,3.26,3.17,3.07,3.03,3.04,3.03,3.03,3.16,3.34,3.44,3.54,3.63
6.10,6.10,6.10,6.10,6.10,6.09,6.09,6.05,6.00,5.98,5.99,6.04,6.09,6.20,6.28,6.33,6.34,6.30,6.25,6.20,6.15,6.27,6.33,6.36,6.34,6.20,5.91,5.72,5.62,5.47,5.49,5.51,5.53,5.50,5.48,5.50,5.55,5.61,5.64,5.80,5.89,5.92,5.93,5.88,5.91,5.94,5.91,5.85,5.67,5.54,5.48,5.52,5.60,5.55,5.52,5.65,5.73,5.76,5.80,5.82,5.74,5.69,5.60,5.51,5.52,5.54,5.51,5.47,5.45,5.40,5.42,5.47,5.50,5.48,5.54,5.59,5.63,5.65,5.67,5.71,5.73,5.72,5.75,5.73,5.76,5.80,5.82,5.80,5.73,5.63,5.54,5.54,5.57,5.63,5.68,5.68,5.82,5.84,5.74,5.56,5.47,5.39,5.33,5.29,5.27,5.28,5.28,5.28,5.26,5.27,5.21,5.11,4.95,4.68,4.54,4.55,4.64,4.63,4.61,4.68,4.79,4.86,5.01,5.01,4.92,4.79,4.80,4.84,4.90,4.96,4.96,5.07,5.08,5.08,5.12,5.07,5.06,5.06,5.07,5.04,5.10,5.09,5.04,5.03,5.02,4.99,5.09,5.28,5.16,4.95,4.79,4.73,4.81,4.80,4.79,4.78,4.78,4.78,4.74,4.70,4.65,4.63,4.68,4.78,4.85,4.80,4.74,4.66,4.57,4.51,4.60,4.69,4.76,4.78,4.76,4.54,4.38,4.30,4.29,4.23,4.21,4.13,4.03,4.06,4.10,4.03,3.93,3.88,3.86,3.86,3.85,3.83,3.87,3.91,3.91,3.89,3.84,3.84,3.81,3.78,3.74,3.73,3.71,3.74,3.81,3.85,3.89,3.90,3.87,3.78,3.61,3.59,3.62,3.65,3.63,3.62,3.63,3.63,3.56,3.45,3.39,3.40,3.45,3.49,3.55,3.56,3.51,3.36,3.27,3.27,3.31,3.29,3.30,3.29,3.28,3.31,3.36,3.30,3.30,3.36,3.38,3.34,3.29,3.29,3.35,3.24,3.11,3.07,3.10,3.07,3.09,3.21,3.36,3.45,3.56,3.65
6.10,6.10,6.10,6.10,6.09,6.08,6.08,6.05,6.00,6.03,6.08,6.12,6.17,6.23,6.28,6.32,6.33,6.36,6.34,6.29,6.24,6.32,6.33,6.31,6.28,6.12,5.87,5.70,5.61,5.48,5.46,5.47,5.50,5.49,5.45,5.43,5.47,5.54,5.55,5.75,5.86,5.88,5.89,5.83,5.93,6.00,5.95,5.79,5.60,5.49,5.48,5.56,5.57,5.52,5.52,5.66,5.71,5.76,5.82,5.86,5.81,5.78,5.73,5.68,5.63,5.57,5.44,5.37,5.42,5.46,5.42,5.33,5.27,5.31,5.38,5.48,5.55,5.56,5.59,5.61,5.62,5.65,5.66,5.70,5.71,5.71,5.71,5.68,5.65,5.57,5.46,5.55,5.55,5.56,5.59,5.64,5.69,5.72,5.65,5.44,5.44,5.43,5.37,5.26,5.20,5.17,5.17,5.18,5.17,5.13,5.06,4.96,4.82,4.70,4.58,4.58,4.65,4.58,4.65,4.68,4.72,4.78,4.90,4.82,4.74,4.72,4.73,4.74,4.81,4.90,4.93,5.13,5.17,5.17,5.19,5.14,5.09,5.06,5.04,4.99,5.03,5.02,5.00,5.00,5.00,5.01,5.08,5.16,5.03,4.88,4.81,4.81,4.87,4.84,4.79,4.77,4.78,4.70,4.66,4.61,4.56,4.61,4.65,4.78,4.86,4.73,4.71,4.60,4.51,4.52,4.64,4.67,4.68,4.70,4.77,4.43,4.32,4.30,4.25,4.18,4.13,4.04,3.97,4.08,4.16,4.22,4.21,4.08,4.02,3.96,3.85,3.71,3.77,3.81,3.84,3.86,3.84,3.88,3.88,3.85,3.81,3.79,3.79,3.83,3.90,3.92,3.93,3.91,3.85,3.79,3.59,3.54,3.57,3.63,3.61,3.61,3.62,3.59,3.44,3.40,3.38,3.38,3.41,3.46,3.48,3.49,3.49,3.42,3.38,3.32,3.27,3.27,3.28,3.29,3.31,3.35,3.31,3.25,3.28,3.36,3.35,3.32,3.30,3.30,3.34,3.30,3.16,3.09,3.11,3.07,3.12,3.21,3.31,3.39,3.48,3.55
6.10,6.10,6.11,6.19,6.14,6.10,6.08,6.04,6.05,6.11,6.18,6.22,6.22,6.25,6.29,6.31,6.33,6.34,6.33,6.31,6.30,6.34,6.34,6.31,6.23,6.00,5.82,5.71,5.63,5.54,5.44,5.43,5.47,5.49,5.44,5.42,5.41,5.44,5.51,5.63,5.73,5.81,5.84,5.82,5.89,5.91,5.82,5.68,5.53,5.47,5.50,5.58,5.53,5.49,5.51,5.66,5.73,5.80,5.88,5.94,5.93,5.87,5.82,5.76,5.69,5.63,5.54,5.49,5.50,5.48,5.37,5.28,5.26,5.32,5.34,5.35,5.37,5.39,5.43,5.46,5.50,5.57,5.61,5.69,5.69,5.64,5.62,5.60,5.55,5.49,5.45,5.54,5.53,5.53,5.57,5.59,5.55,5.52,5.48,5.38,5.40,5.44,5.42,5.33,5.31,5.18,5.11,5.09,5.08,5.06,4.98,4.86,4.72,4.61,4.55,4.58,4.63,4.55,4.66,4.70,4.71,4.74,4.78,4.72,4.68,4.69,4.69,4.69,4.71,4.78,4.94,5.09,5.16,5.17,5.16,5.17,5.16,5.12,5.06,5.03,5.01,4.98,4.95,4.92,4.94,4.98,5.02,5.05,4.92,4.86,4.85,4.87,4.89,4.85,4.78,4.76,4.83,4.74,4.67,4.61,4.55,4.59,4.64,4.73,4.79,4.72,4.67,4.58,4.52,4.56,4.66,4.61,4.61,4.65,4.64,4.40,4.32,4.28,4.21,4.14,4.08,4.03,4.01,4.13,4.18,4.22,4.23,4.18,4.17,4.06,3.95,3.86,3.86,3.84,3.81,3.79,3.77,3.81,3.83,3.83,3.81,3.85,3.85,3.87,3.90,3.93,3.94,3.92,3.87,3.80,3.62,3.53,3.52,3.58,3.59,3.59,3.59,3.54,3.39,3.36,3.34,3.34,3.37,3.45,3.44,3.43,3.44,3.37,3.32,3.25,3.19,3.19,3.25,3.28,3.33,3.38,3.25,3.23,3.28,3.34,3.32,3.31,3.30,3.31,3.32,3.24,3.15,3.11,3.13,3.16,3.21,3.26,3.31,3.36,3.42,3.50
6.10,6.10,6.13,6.25,6.18,6.13,6.10,6.04,6.11,6.19,6.26,6.30,6.26,6.27,6.29,6.31,6.34,6.31,6.30,6.31,6.33,6.34,6.34,6.31,6.20,5.89,5.78,5.72,5.67,5.60,5.44,5.40,5.44,5.47,5.44,5.41,5.37,5.36,5.47,5.50,5.60,5.71,5.78,5.79,5.81,5.78,5.67,5.56,5.48,5.47,5.52,5.57,5.49,5.46,5.52,5.66,5.76,5.85,5.93,6.00,6.03,5.94,5.87,5.81,5.74,5.69,5.65,5.63,5.61,5.52,5.35,5.29,5.32,5.36,5.31,5.25,5.22,5.26,5.29,5.33,5.39,5.47,5.55,5.65,5.63,5.55,5.53,5.53,5.45,5.40,5.46,5.52,5.49,5.51,5.55,5.53,5.43,5.36,5.33,5.33,5.37,5.44,5.45,5.41,5.42,5.22,5.07,4.99,4.94,4.95,4.88,4.76,4.63,4.51,4.52,4.58,4.61,4.55,4.66,4.70,4.70,4.70,4.68,4.67,4.67,4.67,4.66,4.65,4.63,4.68,4.94,5.05,5.12,5.15,5.14,5.19,5.23,5.19,5.09,5.07,5.00,4.96,4.92,4.86,4.89,4.92,4.95,4.94,4.83,4.85,4.88,4.90,4.89,4.84,4.76,4.76,4.85,4.78,4.70,4.63,4.58,4.60,4.66,4.70,4.72,4.72,4.64,4.57,4.55,4.60,4.65,4.55,4.56,4.61,4.50,4.39,4.33,4.27,4.17,4.11,4.05,4.02,4.06,4.18,4.21,4.21,4.21,4.24,4.28,4.16,4.05,4.02,3.96,3.88,3.79,3.72,3.71,3.74,3.77,3.78,3.78,3.87,3.88,3.89,3.90,3.92,3.95,3.94,3.89,3.81,3.67,3.54,3.48,3.51,3.54,3.55,3.54,3.49,3.38,3.33,3.30,3.30,3.33,3.44,3.40,3.37,3.37,3.29,3.23,3.16,3.10,3.11,3.22,3.28,3.34,3.40,3.23,3.23,3.28,3.32,3.29,3.30,3.30,3.31,3.31,3.16,3.13,3.14,3.15,3.24,3.29,3.31,3.33,3.36,3.40,3.49
6.10,6.13,6.17,6.15,6.18,6.17,6.15,6.15,6.20,6.25,6.28,6.28,6.25,6.26,6.28,6.31,6.33,6.29,6.28,6.29,6.31,6.33,6.35,6.30,6.15,5.85,5.77,5.77,5.76,5.65,5.51,5.41,5.38,5.40,5.42,5.39,5.36,5.34,5.39,5.43,5.49,5.55,5.63,5.70,5.68,5.63,5.57,5.47,5.46,5.48,5.51,5.51,5.45,5.46,5.55,5.71,5.79,5.85,5.91,5.97,5.98,5.90,5.83,5.79,5.75,5.72,5.68,5.66,5.67,5.63,5.52,5.46,5.43,5.35,5.28,5.23,5.23,5.27,5.28,5.32,5.33,5.32,5.40,5.42,5.41,5.40,5.41,5.41,5.34,5.32,5.40,5.46,5.45,5.45,5.46,5.45,5.42,5.36,5.32,5.33,5.35,5.39,5.41,5.40,5.36,5.24,5.04,4.80,4.60,4.69,4.71,4.66,4.56,4.46,4.52,4.58,4.59,4.60,4.63,4.65,4.68,4.69,4.67,4.67,4.68,4.68,4.67,4.68,4.65,4.66,4.88,5.03,5.11,5.15,5.19,5.21,5.23,5.18,5.09,5.06,5.03,5.00,4.96,4.92,4.89,4.87,4.85,4.83,4.81,4.83,4.84,4.83,4.81,4.74,4.74,4.75,4.76,4.74,4.68,4.65,4.67,4.75,4.80,4.80,4.75,4.67,4.61,4.55,4.57,4.64,4.60,4.51,4.53,4.56,4.42,4.38,4.32,4.25,4.16,4.08,4.01,4.02,4.12,4.25,4.27,4.27,4.27,4.31,4.27,4.17,4.08,4.03,3.95,3.84,3.75,3.71,3.76,3.75,3.69,3.66,3.69,3.76,3.82,3.87,3.89,3.90,3.93,3.93,3.89,3.83,3.70,3.59,3.49,3.42,3.39,3.42,3.45,3.45,3.38,3.33,3.29,3.28,3.29,3.40,3.36,3.31,3.29,3.22,3.18,3.12,3.06,3.07,3.19,3.25,3.31,3.38,3.35,3.27,3.26,3.30,3.28,3.28,3.29,3.31,3.32,3.15,3.15,3.17,3.17,3.26,3.31,3.36,3.41,3.43,3.56,3.61
6.18,6.20,6.19,6.16,6.21,6.23,6.21,6.22,6.25,6.27,6.28,6.27,6.25,6.26,6.28,6.30,6.32,6.27,6.24,6.24,6.26,6.23,6.25,6.20,6.04,5.82,5.77,5.79,5.79,5.71,5.56,5.42,5.34,5.34,5.39,5.38,5.35,5.32,5.32,5.36,5.40,5.44,5.49,5.56,5.55,5.53,5.51,5.42,5.46,5.50,5.52,5.48,5.41,5.46,5.57,5.69,5.75,5.81,5.86,5.90,5.92,5.85,5.81,5.79,5.77,5.73,5.69,5.67,5.69,5.67,5.59,5.55,5.50,5.35,5.29,5.26,5.24,5.23,5.23,5.26,5.27,5.26,5.30,5.26,5.24,5.25,5.30,5.30,5.26,5.27,5.34,5.41,5.40,5.40,5.40,5.39,5.38,5.34,5.31,5.31,5.33,5.36,5.38,5.38,5.35,5.26,5.10,4.89,4.65,4.59,4.58,4.55,4.49,4.44,4.52,4.56,4.55,4.64,4.61,4.63,4.67,4.67,4.66,4.67,4.67,4.67,4.67,4.69,4.66,4.66,4.85,5.02,5.10,5.14,5.19,5.22,5.21,5.16,5.08,5.04,5.05,5.04,5.01,4.97,4.92,4.89,4.85,4.79,4.80,4.80,4.79,4.76,4.73,4.67,4.68,4.71,4.70,4.73,4.69,4.66,4.68,4.77,4.81,4.80,4.73,4.63,4.58,4.55,4.58,4.66,4.60,4.52,4.52,4.52,4.39,4.36,4.32,4.26,4.17,4.07,4.02,4.07,4.20,4.28,4.30,4.30,4.32,4.34,4.28,4.19,4.09,4.01,3.91,3.82,3.76,3.76,3.82,3.80,3.74,3.69,3.67,3.69,3.75,3.82,3.87,3.89,3.90,3.89,3.87,3.81,3.73,3.65,3.56,3.47,3.42,3.39,3.38,3.36,3.28,3.29,3.26,3.23,3.25,3.33,3.29,3.25,3.22,3.17,3.14,3.10,3.06,3.04,3.16,3.18,3.20,3.26,3.26,3.23,3.24,3.27,3.28,3.28,3.29,3.28,3.26,3.16,3.17,3.19,3.22,3.30,3.37,3.43,3.49,3.53,3.64,3.66
6.30,6.31,6.20,6.23,6.27,6.28,6.26,6.28,6.28,6.29,6.28,6.27,6.25,6.26,6.27,6.29,6.32,6.26,6.20,6.17,6.19,6.06,6.03,5.99,5.89,5.79,5.79,5.80,5.79,5.77,5.60,5.43,5.31,5.28,5.35,5.37,5.35,5.30,5.27,5.30,5.33,5.35,5.37,5.41,5.43,5.46,5.48,5.39,5.47,5.54,5.55,5.46,5.38,5.46,5.58,5.62,5.68,5.73,5.78,5.82,5.85,5.80,5.79,5.79,5.78,5.74,5.70,5.68,5.69,5.66,5.61,5.59,5.55,5.35,5.32,5.30,5.25,5.14,5.14,5.17,5.21,5.25,5.24,5.16,5.11,5.11,5.20,5.21,5.22,5.23,5.28,5.38,5.36,5.35,5.35,5.34,5.32,5.31,5.30,5.27,5.32,5.35,5.36,5.36,5.35,5.30,5.23,5.12,4.94,4.59,4.47,4.45,4.43,4.45,4.52,4.53,4.52,4.67,4.62,4.63,4.67,4.66,4.65,4.65,4.65,4.65,4.67,4.68,4.66,4.68,4.83,5.03,5.11,5.13,5.15,5.22,5.19,5.13,5.06,5.03,5.07,5.08,5.06,5.03,4.96,4.96,4.91,4.79,4.79,4.77,4.73,4.68,4.66,4.61,4.61,4.64,4.66,4.73,4.71,4.67,4.65,4.70,4.75,4.75,4.70,4.58,4.54,4.55,4.60,4.66,4.63,4.56,4.51,4.47,4.40,4.33,4.32,4.29,4.19,4.06,4.06,4.16,4.30,4.28,4.29,4.32,4.35,4.37,4.30,4.20,4.09,3.98,3.85,3.81,3.81,3.84,3.89,3.89,3.86,3.80,3.70,3.63,3.68,3.77,3.85,3.88,3.86,3.85,3.83,3.77,3.76,3.72,3.66,3.59,3.54,3.43,3.34,3.25,3.14,3.24,3.21,3.17,3.21,3.25,3.23,3.19,3.15,3.15,3.12,3.10,3.08,3.03,3.13,3.08,3.04,3.08,3.07,3.14,3.21,3.25,3.27,3.29,3.29,3.25,3.16,3.19,3.19,3.22,3.30,3.37,3.45,3.52,3.58,3.64,3.67,3.65
6.32,6.28,6.22,6.25,6.28,6.27,6.26,6.30,6.28,6.28,6.28,6.27,6.25,6.25,6.27,6.29,6.30,6.24,6.17,6.14,6.11,4.80,4.02,4.43,5.85,5.74,5.81,5.84,5.82,5.77,5.59,5.45,5.34,5.25,5.30,5.36,5.37,5.32,5.29,5.30,5.30,5.31,5.33,5.39,5.42,5.43,5.44,5.45,5.50,5.54,5.54,5.45,5.36,5.46,5.59,5.61,5.62,5.67,5.71,5.75,5.77,5.77,5.76,5.76,5.76,5.74,5.70,5.69,5.71,5.66,5.62,5.56,5.46,5.28,5.27,5.27,5.25,5.20,5.19,5.20,5.19,5.16,5.14,5.12,5.13,5.15,5.18,5.15,5.10,5.11,5.20,5.31,5.29,5.29,5.30,5.29,5.29,5.28,5.26,5.24,5.33,5.35,5.36,5.37,5.36,5.33,5.25,5.09,4.79,4.58,4.47,4.42,4.38,4.45,4.48,4.51,4.56,4.65,4.63,4.64,4.66,4.65,4.65,4.64,4.64,4.64,4.64,4.64,4.70,4.80,4.89,5.02,5.08,5.13,5.18,5.14,5.10,5.06,5.03,5.01,5.03,5.09,5.14,5.12,5.04,4.98,4.90,4.82,4.83,4.81,4.78,4.73,4.65,4.63,4.62,4.63,4.66,4.68,4.66,4.67,4.69,4.70,4.69,4.69,4.64,4.52,4.51,4.55,4.63,4.70,4.67,4.61,4.53,4.46,4.41,4.34,4.34,4.32,4.19,4.04,4.05,4.17,4.31,4.31,4.32,4.32,4.33,4.34,4.26,4.17,4.07,3.96,3.85,3.82,3.83,3.86,3.90,3.89,3.88,3.85,3.78,3.68,3.69,3.74,3.81,3.88,3.83,3.78,3.74,3.70,3.66,3.64,3.62,3.57,3.54,3.51,3.46,3.38,3.31,3.27,3.19,3.12,3.08,3.15,3.16,3.13,3.10,3.10,3.12,3.09,3.05,3.02,3.06,3.05,3.04,3.08,3.16,3.23,3.26,3.27,3.28,3.30,3.31,3.26,3.14,3.20,3.21,3.27,3.36,3.45,3.51,3.55,3.59,3.67,3.68,3.68
6.33,6.25,6.20,6.26,6.27,6.26,6.25,6.31,6.28,6.28,6.28,6.27,6.25,6.25,6.26,6.28,6.28,6.22,6.15,6.11,6.03,3.96,3.27,4.07,5.83,5.76,5.86,5.91,5.88,5.79,5.60,5.46,5.35,5.25,5.25,5.33,5.37,5.34,5.29,5.29,5.28,5.28,5.31,5.37,5.40,5.41,5.42,5.49,5.53,5.55,5.54,5.45,5.38,5.48,5.59,5.60,5.59,5.61,5.64,5.67,5.70,5.73,5.73,5.72,5.74,5.72,5.70,5.70,5.73,5.67,5.61,5.54,5.44,5.28,5.26,5.25,5.25,5.24,5.23,5.19,5.15,5.11,5.10,5.10,5.13,5.16,5.12,5.10,5.07,5.08,5.15,5.21,5.19,5.20,5.24,5.23,5.25,5.24,5.22,5.23,5.32,5.34,5.35,5.37,5.37,5.36,5.22,4.98,4.65,4.53,4.46,4.40,4.35,4.45,4.43,4.49,4.61,4.63,4.64,4.65,4.66,4.65,4.64,4.64,4.63,4.63,4.63,4.64,4.76,4.92,4.97,5.03,5.08,5.14,5.20,5.15,5.06,5.00,4.98,4.99,5.02,5.11,5.19,5.18,5.09,4.99,4.91,4.86,4.87,4.85,4.82,4.77,4.68,4.67,4.65,4.63,4.63,4.63,4.63,4.66,4.70,4.69,4.66,4.65,4.61,4.49,4.51,4.56,4.64,4.71,4.70,4.64,4.53,4.43,4.41,4.34,4.33,4.31,4.20,4.04,4.07,4.18,4.31,4.34,4.34,4.34,4.33,4.31,4.22,4.13,4.03,3.93,3.85,3.83,3.85,3.88,3.90,3.89,3.89,3.87,3.82,3.70,3.69,3.74,3.80,3.86,3.78,3.70,3.65,3.64,3.58,3.56,3.55,3.54,3.51,3.52,3.50,3.45,3.41,3.34,3.25,3.16,3.07,3.10,3.10,3.07,3.04,3.04,3.08,3.06,3.02,3.01,3.03,3.03,3.04,3.08,3.21,3.26,3.27,3.28,3.31,3.30,3.30,3.25,3.15,3.19,3.26,3.34,3.43,3.52,3.56,3.55,3.57,3.67,3.68,3.69
6.33,6.23,6.13,6.26,6.26,6.24,6.23,6.31,6.29,6.27,6.27,6.27,6.25,6.24,6.25,6.27,6.26,6.20,6.13,6.08,5.96,3.66,4.13,5.25,5.84,5.87,5.94,5.99,5.97,5.83,5.64,5.47,5.35,5.28,5.23,5.29,5.35,5.36,5.30,5.29,5.28,5.27,5.30,5.35,5.37,5.39,5.43,5.50,5.54,5.56,5.55,5.46,5.45,5.52,5.59,5.57,5.60,5.56,5.56,5.60,5.64,5.71,5.71,5.70,5.70,5.70,5.70,5.71,5.74,5.68,5.58,5.53,5.49,5.35,5.28,5.26,5.27,5.26,5.26,5.14,5.09,5.12,5.14,5.10,5.11,5.12,5.00,5.08,5.13,5.16,5.13,5.06,5.04,5.07,5.15,5.15,5.21,5.20,5.18,5.24,5.28,5.30,5.32,5.35,5.37,5.37,5.13,4.75,4.50,4.44,4.43,4.40,4.35,4.44,4.37,4.46,4.66,4.62,4.66,4.69,4.68,4.64,4.64,4.63,4.63,4.62,4.62,4.68,4.84,5.02,5.06,5.05,5.10,5.15,5.20,5.26,5.07,4.94,4.93,4.98,5.05,5.14,5.21,5.20,5.08,4.99,4.93,4.91,4.89,4.88,4.85,4.80,4.74,4.74,4.69,4.62,4.55,4.60,4.61,4.64,4.67,4.66,4.65,4.64,4.59,4.48,4.53,4.58,4.62,4.67,4.71,4.65,4.51,4.37,4.38,4.32,4.28,4.25,4.21,4.07,4.11,4.19,4.28,4.36,4.37,4.37,4.34,4.28,4.20,4.09,3.99,3.91,3.85,3.84,3.85,3.87,3.87,3.88,3.88,3.86,3.79,3.68,3.68,3.75,3.82,3.79,3.70,3.60,3.54,3.58,3.51,3.47,3.46,3.47,3.47,3.46,3.45,3.44,3.44,3.45,3.41,3.33,3.23,3.13,3.07,3.01,2.94,2.94,2.99,3.00,3.00,3.00,3.07,3.04,3.02,3.08,3.19,3.22,3.24,3.28,3.34,3.30,3.25,3.21,3.18,3.17,3.34,3.46,3.50,3.60,3.59,3.53,3.51,3.61,3.66,3.67
6.30,6.20,6.12,6.14,6.16,6.16,6.17,6.23,6.26,6.27,6.27,6.27,6.25,6.24,6.25,6.27,6.25,6.18,6.12,5.84,5.10,3.87,4.72,5.72,5.91,5.99,6.01,6.02,5.98,5.84,5.67,5.52,5.39,5.28,5.23,5.25,5.30,5.35,5.35,5.31,5.29,5.29,5.31,5.35,5.37,5.40,5.46,5.52,5.55,5.55,5.51,5.44,5.47,5.54,5.59,5.58,5.62,5.64,5.64,5.64,5.66,5.71,5.70,5.67,5.65,5.66,5.68,5.71,5.75,5.72,5.65,5.59,5.53,5.44,5.35,5.30,5.28,5.27,5.27,5.13,5.05,5.06,5.09,5.08,5.09,5.10,5.04,5.10,5.12,5.10,5.06,5.03,5.04,5.06,5.09,5.07,5.11,5.10,5.13,5.23,5.25,5.22,5.21,5.24,5.27,5.23,4.98,4.66,4.50,4.44,4.39,4.36,4.36,4.41,4.37,4.47,4.65,4.62,4.67,4.68,4.67,4.65,4.65,4.64,4.63,4.62,4.59,4.69,4.85,4.99,5.05,5.13,5.17,5.19,5.19,5.24,5.10,4.96,4.89,4.92,5.05,5.14,5.16,5.15,5.05,4.97,4.93,4.93,4.89,4.91,4.86,4.80,4.78,4.76,4.72,4.65,4.56,4.59,4.62,4.64,4.64,4.61,4.58,4.57,4.54,4.48,4.54,4.54,4.56,4.61,4.65,4.57,4.45,4.34,4.34,4.27,4.22,4.17,4.13,4.06,4.10,4.16,4.21,4.28,4.32,4.31,4.27,4.20,4.15,4.07,3.98,3.89,3.86,3.85,3.86,3.86,3.86,3.88,3.89,3.85,3.76,3.69,3.72,3.78,3.82,3.76,3.66,3.61,3.63,3.69,3.65,3.62,3.59,3.58,3.54,3.43,3.38,3.39,3.39,3.40,3.40,3.37,3.29,3.25,3.19,3.12,3.05,3.01,2.99,2.95,2.94,2.98,3.03,3.02,3.04,3.12,3.18,3.17,3.19,3.25,3.29,3.28,3.21,3.16,3.20,3.25,3.37,3.46,3.51,3.60,3.60,3.56,3.52,3.54,3.60,3.62
6.30,6.19,6.12,6.04,6.06,6.09,6.11,6.13,6.21,6.24,6.24,6.25,6.25,6.24,6.25,6.26,6.23,6.17,6.10,5.66,4.50,4.38,5.26,5.96,5.99,6.09,6.08,6.05,6.00,5.88,5.73,5.58,5.44,5.31,5.25,5.22,5.25,5.33,5.39,5.34,5.31,5.31,5.33,5.36,5.38,5.42,5.49,5.54,5.56,5.53,5.47,5.43,5.49,5.55,5.59,5.60,5.63,5.69,5.70,5.68,5.70,5.75,5.72,5.65,5.61,5.62,5.65,5.69,5.73,5.72,5.72,5.67,5.58,5.51,5.42,5.34,5.29,5.29,5.26,5.11,4.99,4.97,5.03,5.05,5.06,5.07,5.09,5.12,5.07,5.02,4.99,5.03,5.06,5.06,5.03,5.01,5.02,5.02,5.06,5.16,5.16,5.10,5.07,5.10,5.12,5.04,4.83,4.60,4.52,4.46,4.37,4.33,4.38,4.38,4.40,4.50,4.63,4.63,4.68,4.68,4.66,4.66,4.66,4.65,4.63,4.62,4.58,4.72,4.86,4.96,5.02,5.17,5.23,5.21,5.15,5.18,5.10,4.98,4.88,4.89,5.05,5.11,5.11,5.10,5.01,4.94,4.92,4.94,4.89,4.91,4.87,4.80,4.81,4.76,4.73,4.68,4.60,4.61,4.65,4.65,4.62,4.57,4.53,4.50,4.49,4.48,4.52,4.49,4.48,4.53,4.56,4.48,4.38,4.31,4.28,4.22,4.16,4.10,4.04,4.04,4.11,4.14,4.14,4.20,4.27,4.26,4.20,4.13,4.10,4.04,3.96,3.87,3.85,3.86,3.87,3.86,3.86,3.87,3.87,3.82,3.72,3.70,3.75,3.80,3.81,3.73,3.63,3.65,3.73,3.78,3.78,3.76,3.73,3.69,3.64,3.46,3.38,3.38,3.37,3.33,3.34,3.35,3.32,3.33,3.29,3.24,3.19,3.11,3.03,2.95,2.92,2.97,2.99,2.99,3.03,3.13,3.15,3.13,3.14,3.19,3.23,3.24,3.16,3.12,3.19,3.33,3.39,3.44,3.51,3.57,3.60,3.58,3.53,3.48,3.56,3.59
6.39,6.27,6.12,6.03,6.05,6.07,6.08,6.04,6.13,6.12,6.12,6.20,6.24,6.24,6.25,6.26,6.21,6.16,6.08,5.78,5.11,5.51,5.79,5.95,6.03,6.10,6.11,6.08,6.03,5.99,5.87,5.71,5.56,5.43,5.32,5.23,5.23,5.29,5.38,5.36,5.34,5.33,5.37,5.40,5.45,5.48,5.51,5.56,5.56,5.51,5.47,5.45,5.55,5.61,5.63,5.64,5.61,5.61,5.63,5.68,5.77,5.89,5.82,5.68,5.63,5.59,5.61,5.63,5.63,5.62,5.70,5.70,5.62,5.51,5.45,5.38,5.32,5.31,5.21,5.02,4.89,4.87,4.95,5.00,5.01,5.01,5.10,5.12,4.98,4.90,4.99,5.04,5.04,4.99,4.94,5.01,5.02,5.00,4.95,4.91,4.87,4.88,4.90,4.90,4.85,4.81,4.71,4.59,4.52,4.45,4.37,4.36,4.41,4.38,4.49,4.58,4.63,4.67,4.69,4.68,4.65,4.64,4.65,4.64,4.64,4.63,4.64,4.79,4.90,4.97,5.01,5.11,5.19,5.17,5.04,5.05,5.02,4.96,4.92,4.96,5.04,5.07,5.06,5.06,4.95,4.90,4.89,4.92,4.93,4.89,4.86,4.83,4.80,4.73,4.69,4.66,4.62,4.66,4.71,4.70,4.64,4.58,4.55,4.52,4.51,4.49,4.44,4.41,4.40,4.41,4.45,4.37,4.29,4.24,4.18,4.15,4.12,4.08,4.03,4.04,4.15,4.18,4.13,4.13,4.22,4.25,4.21,4.12,4.04,3.96,3.90,3.84,3.80,3.86,3.88,3.87,3.84,3.84,3.78,3.71,3.66,3.69,3.74,3.78,3.77,3.66,3.64,3.68,3.74,3.76,3.76,3.75,3.74,3.73,3.73,3.67,3.59,3.52,3.47,3.31,3.25,3.25,3.26,3.27,3.27,3.26,3.24,3.20,3.15,3.10,3.06,3.03,2.98,2.94,2.95,2.99,3.04,3.06,3.09,3.13,3.17,3.12,3.12,3.13,3.13,3.32,3.39,3.43,3.48,3.54,3.56,3.54,3.51,3.50,3.58,3.65
6.42,6.30,6.13,6.06,6.06,6.06,6.06,6.03,6.09,6.06,6.04,6.10,6.14,6.17,6.20,6.22,6.22,6.22,6.14,5.92,5.57,5.93,6.00,6.01,6.07,6.13,6.15,6.13,6.09,6.07,5.99,5.86,5.72,5.60,5.44,5.34,5.28,5.27,5.35,5.36,5.37,5.37,5.40,5.41,5.47,5.51,5.52,5.56,5.55,5.50,5.45,5.48,5.58,5.62,5.63,5.63,5.59,5.62,5.68,5.73,5.79,5.85,5.80,5.70,5.69,5.58,5.53,5.52,5.51,5.52,5.60,5.62,5.56,5.47,5.43,5.37,5.34,5.34,5.19,5.00,4.88,4.87,4.95,4.96,4.98,5.04,5.13,5.13,4.96,4.86,4.94,4.99,4.98,4.95,4.92,4.99,4.99,4.92,4.84,4.82,4.78,4.78,4.77,4.73,4.67,4.66,4.63,4.57,4.50,4.38,4.36,4.40,4.42,4.37,4.52,4.61,4.63,4.68,4.71,4.70,4.66,4.63,4.63,4.63,4.63,4.63,4.70,4.86,4.94,4.98,5.05,5.12,5.18,5.15,5.03,5.01,4.98,4.94,4.93,4.99,5.02,5.03,5.00,4.96,4.88,4.87,4.88,4.91,4.93,4.88,4.87,4.87,4.81,4.72,4.65,4.61,4.61,4.67,4.71,4.70,4.64,4.59,4.53,4.51,4.50,4.47,4.42,4.38,4.36,4.34,4.35,4.29,4.22,4.18,4.15,4.13,4.09,4.05,4.01,4.04,4.14,4.16,4.10,4.08,4.17,4.23,4.22,4.12,4.03,3.93,3.85,3.80,3.79,3.85,3.88,3.87,3.85,3.84,3.75,3.65,3.62,3.69,3.75,3.77,3.72,3.59,3.65,3.70,3.73,3.73,3.73,3.72,3.71,3.71,3.73,3.69,3.66,3.63,3.54,3.39,3.26,3.19,3.21,3.23,3.21,3.21,3.21,3.19,3.18,3.18,3.17,3.11,3.05,3.02,3.01,3.00,3.02,3.03,3.03,3.03,3.07,3.06,3.10,3.14,3.12,3.30,3.39,3.43,3.45,3.50,3.53,3.51,3.49,3.51,3.60,3.67
6.43,6.31,6.15,6.10,6.07,6.06,6.06,6.06,6.08,6.03,5.99,6.00,6.01,6.07,6.12,6.16,6.23,6.31,6.22,6.05,5.94,5.97,6.05,6.10,6.11,6.17,6.20,6.19,6.15,6.12,6.09,6.02,5.91,5.77,5.60,5.50,5.38,5.27,5.32,5.36,5.40,5.42,5.42,5.41,5.48,5.53,5.52,5.55,5.53,5.48,5.44,5.50,5.59,5.62,5.61,5.59,5.56,5.68,5.78,5.81,5.78,5.74,5.72,5.74,5.78,5.57,5.45,5.39,5.38,5.42,5.46,5.47,5.45,5.42,5.37,5.35,5.35,5.36,5.18,5.01,4.92,4.93,4.98,4.92,4.97,5.09,5.17,5.15,4.98,4.85,4.86,4.92,4.90,4.90,4.93,4.95,4.95,4.83,4.74,4.80,4.79,4.74,4.67,4.59,4.54,4.57,4.57,4.53,4.47,4.29,4.35,4.44,4.43,4.38,4.52,4.62,4.63,4.68,4.72,4.73,4.69,4.61,4.62,4.62,4.61,4.61,4.77,4.92,4.97,4.99,5.13,5.17,5.18,5.14,5.07,5.02,4.95,4.92,4.93,5.01,5.01,4.99,4.93,4.83,4.82,4.85,4.88,4.89,4.92,4.88,4.88,4.89,4.82,4.72,4.61,4.55,4.58,4.66,4.69,4.68,4.64,4.59,4.51,4.49,4.48,4.44,4.43,4.39,4.35,4.31,4.27,4.22,4.17,4.13,4.17,4.13,4.07,4.01,4.00,4.03,4.10,4.11,4.07,4.04,4.13,4.20,4.22,4.13,4.04,3.92,3.81,3.76,3.79,3.84,3.87,3.88,3.87,3.86,3.74,3.63,3.61,3.68,3.76,3.76,3.67,3.52,3.65,3.70,3.69,3.70,3.70,3.67,3.66,3.66,3.67,3.61,3.64,3.69,3.59,3.51,3.31,3.16,3.17,3.20,3.16,3.13,3.14,3.14,3.17,3.23,3.26,3.21,3.16,3.15,3.14,3.09,3.05,3.02,2.97,2.93,2.98,3.03,3.10,3.15,3.14,3.27,3.38,3.42,3.43,3.47,3.49,3.49,3.48,3.52,3.60,3.68
6.42,6.31,6.20,6.17,6.13,6.11,6.11,6.14,6.14,6.06,6.00,6.00,6.03,6.02,6.01,6.02,6.05,6.18,6.17,6.07,5.98,6.02,6.09,6.16,6.22,6.27,6.29,6.25,6.17,6.09,6.08,6.01,5.93,5.87,5.87,5.65,5.45,5.35,5.33,5.38,5.42,5.44,5.43,5.47,5.52,5.56,5.56,5.54,5.54,5.50,5.48,5.58,5.67,5.70,5.62,5.43,5.51,5.67,5.80,5.85,5.79,5.73,5.77,5.83,5.77,5.65,5.52,5.43,5.39,5.45,5.40,5.37,5.37,5.35,5.32,5.33,5.35,5.33,5.19,5.04,4.98,4.99,4.98,4.92,4.90,4.94,5.08,5.10,4.94,4.81,4.82,4.87,4.86,4.86,4.87,4.89,4.90,4.86,4.81,4.77,4.73,4.64,4.58,4.58,4.56,4.53,4.50,4.45,4.37,4.32,4.39,4.45,4.42,4.45,4.57,4.65,4.67,4.69,4.66,4.69,4.72,4.67,4.62,4.62,4.60,4.58,4.75,4.91,4.94,4.94,5.09,5.15,5.17,5.16,5.09,5.02,4.96,4.96,4.99,5.01,5.02,4.98,4.90,4.80,4.83,4.84,4.86,4.88,4.88,4.86,4.84,4.82,4.77,4.69,4.59,4.53,4.55,4.67,4.73,4.70,4.62,4.58,4.52,4.50,4.46,4.36,4.45,4.44,4.41,4.39,4.33,4.25,4.19,4.16,4.16,4.11,4.06,4.00,3.96,4.01,4.14,4.19,4.15,4.18,4.19,4.22,4.22,4.15,4.00,3.90,3.82,3.76,3.80,3.84,3.88,3.90,3.89,3.78,3.66,3.59,3.61,3.69,3.74,3.71,3.62,3.58,3.61,3.62,3.63,3.67,3.66,3.63,3.60,3.61,3.60,3.55,3.52,3.51,3.48,3.37,3.23,3.14,3.17,3.28,3.25,3.20,3.17,3.12,3.12,3.14,3.16,3.18,3.17,3.20,3.22,3.21,3.17,3.16,3.14,3.12,3.16,3.16,3.20,3.20,3.17,3.29,3.37,3.40,3.41,3.44,3.47,3.47,3.47,3.53,3.62,3.69
6.41,6.31,6.24,6.23,6.18,6.16,6.17,6.21,6.21,6.14,6.05,6.01,6.04,6.00,5.96,5.95,5.94,6.05,6.07,6.04,5.98,6.05,6.12,6.20,6.27,6.30,6.31,6.28,6.20,6.11,6.09,6.01,5.95,5.96,6.05,5.82,5.58,5.43,5.36,5.40,5.44,5.45,5.46,5.52,5.56,5.59,5.60,5.55,5.54,5.52,5.53,5.66,5.74,5.76,5.66,5.47,5.57,5.71,5.81,5.86,5.80,5.75,5.82,5.88,5.79,5.70,5.58,5.48,5.44,5.51,5.46,5.39,5.32,5.27,5.27,5.30,5.31,5.29,5.20,5.08,5.02,5.03,4.99,4.92,4.84,4.82,4.93,4.97,4.87,4.78,4.79,4.82,4.82,4.83,4.83,4.84,4.85,4.86,4.84,4.76,4.71,4.60,4.56,4.60,4.57,4.46,4.40,4.38,4.36,4.38,4.44,4.47,4.43,4.51,4.61,4.67,4.69,4.71,4.65,4.67,4.71,4.68,4.61,4.60,4.60,4.60,4.75,4.90,4.93,4.92,5.05,5.11,5.14,5.12,5.07,4.99,4.96,4.98,5.02,5.01,5.04,4.97,4.86,4.77,4.81,4.81,4.83,4.89,4.86,4.85,4.81,4.77,4.72,4.64,4.55,4.51,4.55,4.69,4.73,4.69,4.60,4.54,4.51,4.51,4.48,4.37,4.47,4.47,4.46,4.45,4.39,4.30,4.24,4.20,4.16,4.11,4.07,4.02,3.97,3.99,4.13,4.19,4.17,4.21,4.19,4.20,4.19,4.11,3.96,3.87,3.81,3.77,3.81,3.83,3.87,3.91,3.86,3.73,3.61,3.57,3.61,3.70,3.72,3.66,3.56,3.59,3.58,3.58,3.60,3.63,3.61,3.58,3.56,3.55,3.53,3.48,3.43,3.38,3.38,3.26,3.16,3.11,3.16,3.28,3.29,3.26,3.21,3.08,3.04,3.03,3.05,3.11,3.14,3.19,3.22,3.23,3.24,3.24,3.25,3.27,3.28,3.28,3.28,3.27,3.23,3.30,3.32,3.35,3.38,3.41,3.44,3.45,3.46,3.52,3.59,3.65
6.40,6.30,6.28,6.28,6.23,6.21,6.23,6.27,6.31,6.27,6.16,6.02,6.04,6.00,5.97,5.96,5.93,5.90,5.92,5.94,5.95,6.05,6.13,6.19,6.24,6.25,6.27,6.26,6.23,6.18,6.13,6.04,5.98,6.02,6.13,6.01,5.78,5.52,5.38,5.42,5.45,5.47,5.49,5.54,5.60,5.63,5.62,5.57,5.54,5.53,5.58,5.74,5.78,5.78,5.76,5.73,5.75,5.78,5.80,5.82,5.82,5.80,5.85,5.90,5.84,5.74,5.62,5.55,5.55,5.61,5.65,5.54,5.32,5.20,5.24,5.26,5.25,5.22,5.21,5.11,5.05,5.06,5.00,4.90,4.81,4.74,4.73,4.76,4.76,4.76,4.77,4.78,4.79,4.80,4.81,4.81,4.82,4.83,4.82,4.78,4.72,4.63,4.61,4.65,4.58,4.37,4.29,4.34,4.44,4.47,4.50,4.51,4.48,4.55,4.65,4.70,4.70,4.73,4.67,4.65,4.65,4.62,4.59,4.58,4.60,4.67,4.78,4.91,4.92,4.91,5.01,5.08,5.06,5.02,4.99,4.94,4.94,4.98,5.02,4.99,5.06,4.97,4.82,4.73,4.77,4.76,4.80,4.91,4.89,4.86,4.81,4.74,4.69,4.57,4.50,4.51,4.61,4.70,4.69,4.64,4.56,4.48,4.48,4.53,4.54,4.47,4.49,4.48,4.48,4.49,4.46,4.37,4.30,4.26,4.19,4.13,4.11,4.08,4.01,4.00,4.06,4.10,4.11,4.15,4.13,4.14,4.12,4.02,3.91,3.82,3.78,3.79,3.84,3.82,3.86,3.89,3.78,3.69,3.60,3.57,3.63,3.73,3.70,3.59,3.49,3.52,3.55,3.57,3.59,3.59,3.56,3.53,3.52,3.50,3.46,3.42,3.37,3.31,3.28,3.18,3.08,3.06,3.15,3.20,3.28,3.32,3.27,3.01,2.92,2.89,2.92,2.99,3.07,3.10,3.13,3.16,3.25,3.27,3.31,3.36,3.36,3.37,3.36,3.35,3.33,3.29,3.24,3.27,3.34,3.39,3.41,3.44,3.46,3.48,3.52,3.55
6.41,6.34,6.33,6.32,6.28,6.26,6.28,6.33,6.39,6.27,6.13,6.07,6.06,6.07,6.07,6.06,5.96,5.93,5.94,5.97,5.97,5.99,6.06,6.13,6.18,6.16,6.20,6.23,6.23,6.19,6.08,6.00,6.00,6.11,6.16,6.08,5.93,5.75,5.55,5.48,5.46,5.48,5.52,5.59,5.63,5.65,5.63,5.57,5.54,5.56,5.62,5.76,5.78,5.77,5.76,5.76,5.77,5.78,5.76,5.72,5.73,5.76,5.79,5.82,5.84,5.76,5.66,5.59,5.60,5.64,5.67,5.55,5.34,5.26,5.26,5.29,5.29,5.26,5.20,5.13,5.04,4.93,4.87,4.82,4.77,4.73,4.71,4.72,4.72,4.73,4.74,4.75,4.76,4.77,4.77,4.78,4.79,4.80,4.80,4.78,4.71,4.66,4.63,4.62,4.60,4.46,4.38,4.36,4.40,4.48,4.53,4.54,4.51,4.56,4.61,4.65,4.69,4.74,4.72,4.71,4.69,4.66,4.64,4.62,4.64,4.71,4.81,4.88,4.91,4.93,4.98,5.02,4.99,4.93,4.88,4.89,4.91,4.98,5.04,5.01,4.99,4.89,4.76,4.67,4.75,4.76,4.80,4.89,4.90,4.88,4.83,4.75,4.66,4.55,4.48,4.50,4.61,4.69,4.69,4.64,4.56,4.49,4.46,4.45,4.46,4.51,4.53,4.55,4.55,4.54,4.48,4.42,4.39,4.35,4.20,4.11,4.07,4.06,4.06,4.03,4.01,4.01,4.01,4.01,4.00,4.02,4.01,3.94,3.85,3.79,3.78,3.80,3.83,3.79,3.79,3.80,3.72,3.65,3.59,3.58,3.64,3.72,3.65,3.53,3.42,3.46,3.49,3.51,3.52,3.52,3.48,3.48,3.47,3.45,3.40,3.36,3.31,3.24,3.19,3.14,3.05,3.03,3.12,3.14,3.17,3.17,3.14,3.01,2.90,2.86,2.91,3.05,3.16,3.17,3.15,3.11,3.16,3.19,3.25,3.32,3.36,3.37,3.38,3.38,3.37,3.35,3.32,3.32,3.34,3.35,3.34,3.36,3.41,3.44,3.43,3.47
6.43,6.38,6.37,6.36,6.33,6.31,6.33,6.39,6.41,6.25,6.11,6.12,6.10,6.13,6.16,6.14,6.01,5.98,5.99,6.00,5.98,5.94,5.99,6.06,6.09,6.06,6.12,6.18,6.20,6.17,6.04,5.98,6.02,6.16,6.17,6.10,6.01,5.90,5.71,5.56,5.49,5.51,5.57,5.63,5.66,5.67,5.64,5.56,5.56,5.58,5.65,5.77,5.77,5.76,5.75,5.76,5.77,5.76,5.72,5.65,5.65,5.71,5.73,5.74,5.81,5.76,5.68,5.63,5.65,5.65,5.65,5.52,5.35,5.32,5.29,5.32,5.34,5.28,5.19,5.11,4.99,4.82,4.78,4.76,4.75,4.73,4.71,4.71,4.71,4.71,4.71,4.72,4.73,4.74,4.74,4.75,4.76,4.77,4.77,4.78,4.70,4.67,4.63,4.58,4.60,4.53,4.44,4.38,4.37,4.47,4.52,4.53,4.53,4.56,4.56,4.60,4.67,4.72,4.74,4.74,4.73,4.72,4.73,4.70,4.69,4.75,4.84,4.86,4.90,4.94,4.96,4.97,4.93,4.86,4.80,4.84,4.88,4.96,5.03,5.01,4.92,4.81,4.71,4.66,4.76,4.77,4.79,4.86,4.90,4.88,4.84,4.76,4.63,4.54,4.49,4.52,4.62,4.68,4.70,4.65,4.55,4.51,4.46,4.41,4.42,4.56,4.59,4.62,4.62,4.60,4.50,4.46,4.46,4.41,4.21,4.10,4.06,4.07,4.10,4.06,4.00,3.96,3.94,3.91,3.90,3.91,3.91,3.88,3.80,3.77,3.77,3.79,3.79,3.74,3.72,3.70,3.67,3.59,3.57,3.59,3.66,3.70,3.60,3.48,3.39,3.43,3.46,3.46,3.46,3.44,3.42,3.43,3.43,3.40,3.35,3.30,3.25,3.19,3.13,3.11,3.03,2.99,3.07,3.11,3.08,3.05,3.02,2.99,2.89,2.84,2.90,3.11,3.23,3.24,3.20,3.12,3.11,3.12,3.17,3.25,3.32,3.34,3.36,3.38,3.38,3.40,3.40,3.39,3.37,3.35,3.32,3.33,3.38,3.41,3.36,3.40
6.44,6.42,6.42,6.41,6.38,6.36,6.38,6.45,6.28,6.21,6.18,6.14,6.14,6.16,6.18,6.16,6.05,6.05,6.05,6.02,5.91,5.97,5.99,6.00,5.99,5.98,6.04,6.10,6.13,6.10,6.02,6.01,6.06,6.11,6.12,6.04,5.93,5.83,5.81,5.66,5.58,5.57,5.62,5.65,5.68,5.68,5.64,5.57,5.57,5.61,5.68,5.77,5.75,5.75,5.75,5.76,5.77,5.71,5.66,5.64,5.65,5.67,5.69,5.70,5.69,5.66,5.66,5.67,5.69,5.62,5.58,5.47,5.33,5.31,5.31,5.34,5.34,5.23,5.16,4.98,4.85,4.82,4.79,4.77,4.75,4.73,4.73,4.73,4.72,4.70,4.67,4.68,4.69,4.70,4.71,4.72,4.73,4.73,4.74,4.75,4.70,4.66,4.61,4.56,4.55,4.49,4.40,4.35,4.44,4.45,4.42,4.43,4.52,4.57,4.56,4.58,4.64,4.68,4.68,4.68,4.71,4.79,4.86,4.82,4.80,4.83,4.86,4.89,4.92,4.94,4.96,4.95,4.91,4.86,4.81,4.82,4.85,4.89,4.94,4.95,4.90,4.78,4.70,4.76,4.83,4.79,4.78,4.85,4.86,4.84,4.81,4.75,4.60,4.54,4.52,4.56,4.65,4.70,4.72,4.63,4.49,4.49,4.53,4.50,4.50,4.62,4.67,4.69,4.68,4.63,4.55,4.47,4.45,4.40,4.18,4.09,4.11,4.15,4.17,4.12,4.05,4.01,3.99,3.92,3.88,3.86,3.85,3.83,3.77,3.76,3.74,3.71,3.67,3.66,3.65,3.62,3.61,3.51,3.53,3.61,3.68,3.65,3.54,3.47,3.48,3.50,3.49,3.48,3.46,3.40,3.40,3.41,3.38,3.33,3.31,3.26,3.21,3.16,3.13,3.07,3.00,2.96,3.00,3.12,3.12,3.06,2.98,2.93,2.87,2.84,2.89,3.07,3.18,3.25,3.28,3.28,3.21,3.14,3.11,3.13,3.20,3.23,3.28,3.34,3.37,3.42,3.43,3.45,3.47,3.44,3.42,3.42,3.42,3.39,3.33,3.33
6.47,6.47,6.46,6.45,6.43,6.42,6.41,6.39,6.27,6.22,6.21,6.19,6.19,6.20,6.21,6.19,6.11,6.11,6.10,6.04,5.93,5.97,5.98,5.95,5.92,5.95,6.00,6.04,6.05,6.02,5.98,6.00,6.04,6.07,6.07,5.98,5.87,5.80,5.80,5.71,5.63,5.59,5.64,5.68,5.69,5.67,5.63,5.59,5.56,5.58,5.66,5.77,5.75,5.74,5.75,5.76,5.77,5.69,5.64,5.64,5.65,5.66,5.67,5.66,5.63,5.62,5.63,5.63,5.62,5.56,5.52,5.44,5.34,5.32,5.35,5.37,5.33,5.21,5.16,4.95,4.82,4.82,4.79,4.77,4.75,4.74,4.74,4.75,4.74,4.72,4.69,4.68,4.67,4.67,4.68,4.69,4.70,4.71,4.72,4.72,4.70,4.65,4.60,4.57,4.53,4.46,4.37,4.34,4.46,4.44,4.43,4.46,4.55,4.62,4.60,4.61,4.65,4.64,4.64,4.66,4.69,4.77,4.82,4.78,4.78,4.83,4.83,4.89,4.92,4.93,4.95,4.92,4.87,4.83,4.80,4.83,4.82,4.82,4.83,4.85,4.82,4.75,4.72,4.81,4.87,4.82,4.79,4.85,4.83,4.80,4.77,4.70,4.56,4.53,4.55,4.60,4.68,4.69,4.66,4.58,4.48,4.47,4.52,4.51,4.54,4.73,4.76,4.76,4.74,4.69,4.59,4.49,4.42,4.34,4.15,4.08,4.11,4.17,4.22,4.20,4.16,4.10,4.03,3.95,3.90,3.85,3.81,3.76,3.75,3.73,3.70,3.65,3.61,3.59,3.59,3.58,3.54,3.50,3.54,3.63,3.69,3.60,3.51,3.50,3.54,3.54,3.52,3.51,3.48,3.41,3.46,3.45,3.37,3.28,3.26,3.22,3.18,3.15,3.15,3.06,2.99,2.95,2.96,3.11,3.14,3.09,2.98,2.89,2.86,2.85,2.89,3.02,3.11,3.18,3.23,3.27,3.20,3.09,3.02,3.01,3.09,3.11,3.18,3.25,3.26,3.32,3.38,3.43,3.47,3.48,3.47,3.49,3.49,3.44,3.40,3.37
6.52,6.52,6.51,6.50,6.48,6.46,6.42,6.30,6.32,6.27,6.23,6.25,6.23,6.24,6.24,6.22,6.16,6.16,6.13,6.07,6.00,5.95,5.95,5.92,5.87,5.94,5.98,5.97,5.96,5.95,5.94,5.95,5.98,6.01,6.01,5.92,5.83,5.79,5.76,5.75,5.66,5.59,5.65,5.71,5.69,5.66,5.62,5.61,5.53,5.52,5.61,5.75,5.74,5.74,5.75,5.76,5.76,5.69,5.64,5.63,5.65,5.66,5.65,5.63,5.60,5.61,5.60,5.57,5.53,5.50,5.47,5.41,5.36,5.35,5.39,5.39,5.32,5.19,5.17,4.97,4.84,4.82,4.79,4.76,4.75,4.75,4.75,4.77,4.76,4.74,4.72,4.69,4.65,4.63,4.64,4.66,4.67,4.68,4.69,4.70,4.71,4.64,4.60,4.59,4.51,4.42,4.35,4.34,4.45,4.43,4.47,4.54,4.61,4.71,4.69,4.69,4.70,4.63,4.63,4.65,4.68,4.70,4.71,4.68,4.71,4.80,4.79,4.86,4.90,4.91,4.94,4.89,4.83,4.79,4.77,4.84,4.81,4.77,4.74,4.74,4.72,4.72,4.75,4.83,4.90,4.84,4.81,4.85,4.80,4.76,4.71,4.63,4.52,4.51,4.56,4.63,4.69,4.65,4.58,4.52,4.49,4.46,4.49,4.50,4.57,4.84,4.83,4.82,4.80,4.74,4.63,4.51,4.40,4.28,4.13,4.07,4.09,4.17,4.26,4.28,4.28,4.19,4.07,3.99,3.92,3.85,3.77,3.69,3.72,3.70,3.64,3.60,3.57,3.53,3.54,3.55,3.47,3.52,3.58,3.64,3.69,3.55,3.50,3.53,3.59,3.58,3.56,3.54,3.51,3.46,3.55,3.50,3.38,3.24,3.21,3.19,3.16,3.14,3.17,3.07,2.99,2.95,2.96,3.10,3.15,3.11,3.00,2.87,2.86,2.87,2.90,2.96,3.02,3.07,3.13,3.17,3.14,3.02,2.93,2.90,2.98,3.00,3.08,3.15,3.15,3.20,3.31,3.39,3.42,3.48,3.49,3.53,3.56,3.52,3.49,3.46
6.62,6.62,6.59,6.56,6.50,6.45,6.41,6.35,6.38,6.31,6.26,6.31,6.27,6.27,6.27,6.24,6.21,6.18,6.16,6.11,6.01,5.98,5.96,5.94,5.92,5.91,5.87,5.88,5.93,5.98,5.96,5.91,5.89,5.95,5.95,5.90,5.84,5.79,5.73,5.69,5.64,5.62,5.69,5.72,5.71,5.68,5.65,5.59,5.53,5.51,5.54,5.65,5.71,5.75,5.77,5.78,5.71,5.67,5.65,5.63,5.64,5.65,5.64,5.62,5.60,5.62,5.63,5.63,5.61,5.52,5.41,5.36,5.36,5.36,5.40,5.39,5.31,5.15,5.08,4.93,4.83,4.81,4.79,4.77,4.76,4.76,4.76,4.78,4.78,4.76,4.74,4.72,4.69,4.66,4.63,4.62,4.63,4.65,4.66,4.67,4.67,4.63,4.59,4.58,4.56,4.42,4.36,4.39,4.44,4.41,4.48,4.59,4.71,5.00,5.08,5.10,5.05,4.83,4.72,4.69,4.68,4.66,4.69,4.71,4.74,4.78,4.78,4.78,4.82,4.87,4.91,4.88,4.81,4.74,4.73,4.82,4.83,4.81,4.78,4.73,4.69,4.71,4.77,4.86,4.87,4.83,4.79,4.80,4.78,4.74,4.63,4.51,4.47,4.53,4.59,4.63,4.65,4.58,4.52,4.50,4.52,4.53,4.58,4.60,4.66,4.87,4.82,4.76,4.75,4.77,4.63,4.52,4.40,4.27,4.16,4.14,4.16,4.20,4.27,4.27,4.26,4.19,4.08,4.01,3.90,3.78,3.69,3.69,3.75,3.70,3.63,3.58,3.50,3.48,3.49,3.51,3.48,3.53,3.59,3.62,3.61,3.49,3.50,3.58,3.66,3.64,3.61,3.58,3.55,3.49,3.57,3.47,3.35,3.27,3.22,3.17,3.14,3.13,3.14,3.07,3.00,2.96,2.99,3.07,3.13,3.12,3.03,2.88,2.89,2.89,2.88,2.87,2.91,2.96,3.02,3.06,3.05,2.89,2.83,2.85,2.84,2.95,3.11,3.24,3.28,3.27,3.34,3.36,3.34,3.39,3.43,3.49,3.52,3.51,3.51,3.49
6.70,6.69,6.69,6.62,6.53,6.47,6.44,6.41,6.45,6.42,6.38,6.40,6.31,6.30,6.29,6.27,6.25,6.21,6.17,6.12,6.01,5.99,5.98,5.96,5.95,5.92,5.86,5.86,5.91,5.95,5.92,5.87,5.86,5.92,5.91,5.88,5.84,5.80,5.72,5.66,5.63,5.65,5.71,5.74,5.72,5.68,5.64,5.57,5.53,5.51,5.51,5.56,5.67,5.74,5.77,5.77,5.68,5.67,5.65,5.62,5.64,5.64,5.63,5.62,5.60,5.63,5.65,5.66,5.64,5.47,5.37,5.34,5.36,5.38,5.39,5.35,5.25,5.11,5.03,4.91,4.83,4.80,4.79,4.78,4.78,4.78,4.78,4.80,4.80,4.78,4.76,4.74,4.72,4.69,4.65,4.61,4.60,4.61,4.62,4.63,4.64,4.62,4.59,4.56,4.53,4.38,4.36,4.42,4.44,4.41,4.51,4.64,4.79,5.16,5.27,5.30,5.26,5.04,4.89,4.78,4.72,4.70,4.72,4.74,4.76,4.77,4.75,4.74,4.77,4.81,4.82,4.80,4.75,4.71,4.71,4.79,4.84,4.84,4.80,4.71,4.68,4.68,4.73,4.82,4.84,4.82,4.79,4.77,4.75,4.68,4.56,4.46,4.45,4.52,4.58,4.60,4.58,4.52,4.49,4.49,4.52,4.57,4.64,4.67,4.72,4.87,4.82,4.76,4.76,4.78,4.65,4.52,4.39,4.27,4.18,4.20,4.23,4.25,4.27,4.26,4.24,4.18,4.10,4.01,3.88,3.75,3.67,3.71,3.75,3.70,3.63,3.60,3.50,3.49,3.48,3.49,3.50,3.56,3.60,3.60,3.55,3.43,3.50,3.61,3.69,3.66,3.63,3.62,3.59,3.52,3.54,3.44,3.33,3.29,3.24,3.18,3.15,3.14,3.13,3.10,3.03,2.97,2.96,2.99,3.06,3.08,3.02,2.89,2.92,2.93,2.91,2.87,2.89,2.91,2.94,2.96,2.95,2.79,2.75,2.79,2.77,2.91,3.09,3.26,3.36,3.34,3.37,3.39,3.37,3.40,3.44,3.46,3.47,3.46,3.48,3.49
6.78,6.73,6.79,6.68,6.58,6.53,6.52,6.48,6.52,6.59,6.60,6.51,6.36,6.33,6.32,6.29,6.28,6.23,6.17,6.09,6.02,5.99,6.00,5.99,5.96,5.97,5.95,5.93,5.91,5.84,5.80,5.82,5.87,5.91,5.89,5.83,5.82,5.82,5.74,5.67,5.65,5.67,5.72,5.77,5.72,5.66,5.61,5.55,5.53,5.53,5.52,5.48,5.62,5.72,5.75,5.72,5.69,5.68,5.66,5.62,5.63,5.64,5.63,5.62,5.61,5.64,5.67,5.67,5.63,5.37,5.35,5.36,5.35,5.41,5.38,5.28,5.16,5.08,5.02,4.91,4.83,4.80,4.79,4.79,4.79,4.79,4.79,4.82,4.81,4.79,4.78,4.76,4.74,4.72,4.69,4.64,4.57,4.56,4.58,4.60,4.61,4.62,4.58,4.51,4.44,4.32,4.35,4.44,4.43,4.43,4.55,4.70,4.85,5.20,5.28,5.31,5.32,5.27,5.12,4.94,4.82,4.83,4.77,4.78,4.79,4.76,4.72,4.74,4.75,4.73,4.68,4.65,4.67,4.70,4.71,4.77,4.84,4.86,4.81,4.69,4.67,4.64,4.64,4.71,4.79,4.81,4.80,4.76,4.69,4.58,4.50,4.46,4.44,4.48,4.54,4.55,4.50,4.48,4.48,4.48,4.50,4.59,4.68,4.72,4.76,4.84,4.83,4.81,4.81,4.79,4.69,4.51,4.37,4.27,4.19,4.26,4.31,4.32,4.28,4.25,4.22,4.17,4.10,4.01,3.85,3.75,3.71,3.74,3.71,3.68,3.65,3.64,3.60,3.57,3.52,3.49,3.54,3.61,3.63,3.60,3.51,3.38,3.50,3.63,3.68,3.64,3.64,3.66,3.63,3.54,3.46,3.39,3.34,3.32,3.27,3.21,3.18,3.17,3.13,3.14,3.09,2.99,2.87,2.86,2.93,2.97,2.96,2.91,2.96,2.97,2.96,2.96,2.94,2.92,2.90,2.87,2.84,2.72,2.68,2.72,2.77,2.86,3.02,3.21,3.38,3.40,3.41,3.46,3.52,3.51,3.50,3.46,3.41,3.38,3.41,3.44
6.92,6.83,6.80,6.72,6.66,6.60,6.58,6.63,6.61,6.66,6.67,6.57,6.40,6.36,6.34,6.33,6.31,6.23,6.15,6.06,5.93,5.91,5.94,5.96,5.96,5.97,5.95,5.93,5.90,5.81,5.80,5.81,5.83,5.85,5.85,5.82,5.82,5.81,5.73,5.66,5.64,5.67,5.74,5.76,5.72,5.65,5.60,5.57,5.57,5.56,5.55,5.51,5.58,5.67,5.70,5.65,5.65,5.65,5.63,5.58,5.62,5.63,5.63,5.62,5.62,5.65,5.66,5.63,5.57,5.38,5.36,5.35,5.32,5.29,5.26,5.18,5.08,5.00,4.97,4.89,4.83,4.81,4.80,4.80,4.80,4.80,4.80,4.84,4.83,4.81,4.80,4.78,4.76,4.74,4.72,4.69,4.63,4.57,4.54,4.56,4.57,4.58,4.56,4.49,4.46,4.36,4.37,4.43,4.38,4.47,4.61,4.79,5.01,5.24,5.29,5.31,5.32,5.30,5.15,4.98,4.88,4.89,4.86,4.92,4.94,4.89,4.86,4.83,4.79,4.73,4.63,4.64,4.67,4.66,4.63,4.68,4.74,4.74,4.69,4.63,4.65,4.62,4.59,4.63,4.66,4.65,4.66,4.68,4.63,4.50,4.45,4.47,4.50,4.50,4.53,4.56,4.54,4.46,4.47,4.52,4.58,4.60,4.67,4.72,4.76,4.81,4.80,4.78,4.78,4.78,4.62,4.45,4.33,4.28,4.29,4.32,4.35,4.35,4.32,4.25,4.19,4.12,4.06,3.99,3.85,3.75,3.74,3.79,3.73,3.70,3.67,3.64,3.59,3.55,3.51,3.49,3.57,3.62,3.61,3.55,3.47,3.39,3.47,3.55,3.59,3.62,3.62,3.62,3.60,3.53,3.42,3.38,3.37,3.35,3.28,3.19,3.15,3.14,3.15,3.15,3.11,3.03,2.91,2.90,2.90,2.86,2.82,2.86,2.90,2.93,2.93,2.93,2.91,2.91,2.90,2.86,2.69,2.64,2.63,2.66,2.77,2.86,3.00,3.17,3.33,3.42,3.44,3.49,3.57,3.59,3.57,3.56,3.54,3.48,3.50,3.47
7.04,6.92,6.83,6.78,6.72,6.63,6.59,6.71,6.66,6.68,6.69,6.60,6.44,6.39,6.38,6.36,6.31,6.22,6.13,6.02,5.86,5.86,5.91,5.95,5.97,5.96,5.92,5.90,5.87,5.79,5.80,5.80,5.81,5.81,5.82,5.82,5.82,5.79,5.70,5.66,5.64,5.67,5.75,5.74,5.71,5.66,5.60,5.60,5.60,5.59,5.58,5.57,5.56,5.62,5.65,5.61,5.62,5.63,5.60,5.55,5.59,5.61,5.62,5.61,5.61,5.66,5.64,5.59,5.52,5.40,5.38,5.35,5.30,5.20,5.16,5.09,5.01,4.95,4.93,4.87,4.83,4.82,4.81,4.81,4.81,4.81,4.81,4.85,4.85,4.83,4.81,4.79,4.78,4.76,4.74,4.73,4.68,4.60,4.53,4.52,4.52,4.54,4.54,4.50,4.47,4.40,4.39,4.40,4.33,4.51,4.66,4.86,5.12,5.26,5.30,5.31,5.31,5.29,5.15,5.01,4.94,4.96,4.95,5.04,5.08,5.03,5.00,4.94,4.87,4.77,4.63,4.65,4.66,4.62,4.55,4.60,4.64,4.62,4.57,4.55,4.58,4.57,4.55,4.56,4.54,4.51,4.53,4.59,4.57,4.46,4.44,4.49,4.54,4.52,4.53,4.56,4.55,4.46,4.48,4.56,4.65,4.62,4.67,4.73,4.77,4.78,4.76,4.74,4.75,4.75,4.54,4.40,4.31,4.28,4.35,4.35,4.36,4.35,4.33,4.24,4.16,4.08,4.03,3.98,3.85,3.76,3.75,3.83,3.76,3.72,3.69,3.63,3.58,3.54,3.50,3.50,3.58,3.63,3.59,3.50,3.42,3.41,3.45,3.48,3.50,3.56,3.56,3.55,3.54,3.51,3.39,3.37,3.38,3.37,3.30,3.18,3.11,3.11,3.17,3.16,3.13,3.07,2.97,2.96,2.89,2.80,2.73,2.80,2.85,2.88,2.89,2.89,2.87,2.88,2.88,2.82,2.58,2.59,2.60,2.63,2.78,2.87,3.00,3.15,3.31,3.42,3.47,3.53,3.61,3.65,3.62,3.64,3.64,3.57,3.59,3.52
7.11,6.98,6.91,6.88,6.72,6.55,6.48,6.63,6.60,6.62,6.63,6.56,6.43,6.43,6.44,6.40,6.26,6.19,6.09,5.95,5.83,5.89,5.95,6.00,6.02,5.95,5.88,5.85,5.84,5.79,5.81,5.82,5.82,5.83,5.83,5.81,5.80,5.77,5.63,5.65,5.66,5.69,5.77,5.71,5.70,5.67,5.63,5.63,5.63,5.62,5.61,5.65,5.60,5.58,5.61,5.65,5.63,5.61,5.58,5.54,5.54,5.58,5.59,5.58,5.57,5.65,5.63,5.55,5.46,5.41,5.40,5.36,5.30,5.21,5.13,5.04,4.97,4.96,4.91,4.87,4.83,4.83,4.83,4.83,4.83,4.83,4.83,4.87,4.86,4.85,4.83,4.81,4.79,4.78,4.76,4.75,4.72,4.67,4.60,4.51,4.49,4.50,4.53,4.55,4.39,4.41,4.41,4.36,4.31,4.51,4.70,4.90,5.12,5.26,5.31,5.31,5.29,5.28,5.14,5.04,5.00,5.03,5.05,5.11,5.15,5.14,5.13,5.09,5.00,4.87,4.72,4.66,4.61,4.57,4.51,4.56,4.58,4.56,4.49,4.43,4.44,4.47,4.50,4.52,4.47,4.42,4.43,4.49,4.51,4.47,4.49,4.55,4.54,4.54,4.54,4.53,4.50,4.49,4.50,4.57,4.66,4.69,4.73,4.76,4.78,4.75,4.73,4.70,4.70,4.69,4.50,4.38,4.30,4.27,4.32,4.30,4.30,4.29,4.26,4.20,4.12,4.07,4.02,3.97,3.85,3.77,3.75,3.81,3.77,3.74,3.69,3.63,3.61,3.55,3.51,3.51,3.59,3.65,3.58,3.44,3.32,3.44,3.47,3.47,3.44,3.44,3.41,3.40,3.41,3.45,3.35,3.36,3.38,3.36,3.31,3.15,3.08,3.09,3.16,3.16,3.15,3.12,3.05,3.02,2.92,2.82,2.74,2.78,2.82,2.83,2.84,2.85,2.84,2.83,2.79,2.71,2.56,2.57,2.58,2.63,2.84,2.92,3.04,3.19,3.33,3.43,3.49,3.56,3.64,3.65,3.62,3.66,3.69,3.59,3.65,3.61
7.12,7.01,6.93,6.78,6.53,6.34,6.29,6.41,6.45,6.54,6.59,6.54,6.47,6.43,6.39,6.34,6.25,6.19,6.04,5.89,5.85,5.91,5.97,6.03,6.07,6.02,5.91,5.84,5.81,5.80,5.82,5.83,5.83,5.83,5.84,5.83,5.82,5.79,5.65,5.65,5.68,5.73,5.77,5.71,5.71,5.70,5.68,5.65,5.64,5.63,5.65,5.71,5.65,5.60,5.60,5.65,5.63,5.60,5.59,5.57,5.58,5.56,5.54,5.53,5.55,5.61,5.60,5.54,5.46,5.42,5.39,5.33,5.24,5.15,5.07,4.98,4.93,4.93,4.86,4.85,4.85,4.84,4.84,4.84,4.84,4.84,4.84,4.88,4.88,4.87,4.85,4.82,4.81,4.80,4.78,4.76,4.74,4.71,4.66,4.56,4.50,4.47,4.49,4.51,4.38,4.42,4.40,4.36,4.37,4.55,4.78,5.00,5.18,5.27,5.32,5.31,5.26,5.27,5.14,5.07,5.06,5.10,5.13,5.18,5.21,5.20,5.21,5.08,4.98,4.89,4.75,4.68,4.67,4.65,4.59,4.61,4.57,4.52,4.47,4.42,4.42,4.43,4.43,4.42,4.42,4.40,4.41,4.45,4.47,4.46,4.50,4.57,4.59,4.53,4.50,4.49,4.48,4.49,4.53,4.60,4.69,4.74,4.73,4.78,4.81,4.74,4.67,4.69,4.70,4.63,4.46,4.38,4.33,4.30,4.31,4.31,4.31,4.29,4.26,4.20,4.13,4.07,4.02,3.96,3.86,3.80,3.80,3.83,3.79,3.75,3.70,3.63,3.60,3.53,3.51,3.55,3.62,3.63,3.54,3.43,3.37,3.46,3.49,3.49,3.47,3.44,3.41,3.38,3.36,3.37,3.31,3.29,3.29,3.27,3.22,3.10,3.06,3.09,3.15,3.16,3.15,3.13,3.08,3.00,2.86,2.75,2.71,2.77,2.78,2.78,2.78,2.80,2.80,2.80,2.73,2.57,2.53,2.54,2.58,2.67,2.88,2.96,3.07,3.20,3.31,3.40,3.47,3.55,3.63,3.65,3.63,3.65,3.66,3.58,3.65,3.65
7.12,7.03,6.91,6.63,6.31,6.13,6.11,6.18,6.28,6.42,6.51,6.48,6.51,6.42,6.34,6.28,6.27,6.19,6.01,5.85,5.89,5.94,6.00,6.07,6.12,6.10,5.96,5.85,5.80,5.82,5.84,5.85,5.84,5.84,5.85,5.85,5.84,5.81,5.68,5.65,5.70,5.77,5.77,5.72,5.72,5.72,5.72,5.67,5.64,5.65,5.69,5.75,5.72,5.65,5.61,5.63,5.63,5.61,5.61,5.62,5.65,5.56,5.50,5.49,5.54,5.56,5.55,5.52,5.47,5.42,5.37,5.29,5.18,5.07,5.00,4.93,4.88,4.89,4.79,4.82,4.85,4.85,4.85,4.85,4.85,4.84,4.85,4.90,4.90,4.89,4.87,4.84,4.83,4.81,4.80,4.77,4.76,4.74,4.70,4.62,4.54,4.48,4.44,4.43,4.39,4.43,4.40,4.37,4.46,4.60,4.87,5.11,5.24,5.28,5.33,5.30,5.23,5.26,5.16,5.11,5.11,5.16,5.21,5.25,5.25,5.23,5.27,5.02,4.91,4.89,4.77,4.73,4.76,4.77,4.72,4.71,4.59,4.51,4.49,4.47,4.45,4.42,4.37,4.32,4.38,4.40,4.41,4.42,4.44,4.46,4.50,4.57,4.64,4.50,4.46,4.45,4.46,4.48,4.55,4.63,4.72,4.78,4.72,4.78,4.84,4.74,4.62,4.68,4.68,4.56,4.42,4.38,4.37,4.35,4.30,4.35,4.34,4.31,4.28,4.23,4.16,4.09,4.03,3.95,3.86,3.85,3.87,3.88,3.83,3.77,3.71,3.64,3.59,3.50,3.51,3.59,3.64,3.59,3.48,3.42,3.45,3.48,3.50,3.52,3.53,3.47,3.45,3.40,3.34,3.30,3.26,3.21,3.17,3.15,3.11,3.04,3.04,3.10,3.14,3.15,3.15,3.13,3.07,2.95,2.78,2.67,2.67,2.77,2.75,2.74,2.74,2.75,2.75,2.76,2.66,2.44,2.49,2.51,2.58,2.71,2.90,2.98,3.09,3.20,3.28,3.37,3.44,3.52,3.60,3.64,3.64,3.63,3.61,3.58,3.65,3.67
7.14,7.05,6.90,6.68,6.45,6.31,6.24,6.19,6.15,6.17,6.18,6.15,6.47,6.47,6.42,6.38,6.30,6.22,6.07,5.95,5.95,6.01,6.07,6.11,6.11,6.05,5.93,5.84,5.80,5.84,5.89,5.89,5.88,5.86,5.86,5.86,5.82,5.73,5.69,5.69,5.74,5.79,5.77,5.71,5.68,5.67,5.66,5.65,5.66,5.68,5.72,5.79,5.80,5.75,5.70,5.68,5.66,5.65,5.64,5.64,5.64,5.59,5.56,5.53,5.53,5.50,5.48,5.46,5.44,5.43,5.38,5.30,5.20,5.07,4.97,4.88,4.84,4.89,4.79,4.81,4.84,4.86,4.86,4.86,4.86,4.86,4.86,4.91,4.91,4.90,4.88,4.86,4.85,4.83,4.81,4.79,4.78,4.76,4.73,4.69,4.59,4.54,4.47,4.38,4.42,4.44,4.40,4.36,4.43,4.62,4.91,5.13,5.16,5.25,5.30,5.28,5.23,5.27,5.20,5.17,5.18,5.22,5.27,5.30,5.28,5.22,5.19,5.02,4.93,4.88,4.79,4.84,4.85,4.82,4.77,4.76,4.70,4.64,4.61,4.57,4.47,4.42,4.39,4.35,4.40,4.40,4.38,4.37,4.42,4.47,4.51,4.53,4.49,4.48,4.46,4.46,4.48,4.46,4.51,4.58,4.67,4.75,4.76,4.79,4.81,4.75,4.69,4.62,4.56,4.50,4.40,4.35,4.30,4.27,4.31,4.36,4.38,4.36,4.32,4.26,4.19,4.11,4.02,3.93,3.86,3.88,3.93,3.93,3.89,3.82,3.75,3.70,3.64,3.54,3.53,3.60,3.62,3.55,3.42,3.37,3.47,3.45,3.50,3.54,3.53,3.47,3.41,3.39,3.37,3.33,3.25,3.18,3.12,3.06,3.04,2.96,2.97,3.04,3.05,3.05,3.09,3.07,2.95,2.83,2.74,2.69,2.69,2.73,2.76,2.80,2.80,2.75,2.72,2.67,2.56,2.41,2.45,2.46,2.53,2.66,2.83,2.95,3.07,3.19,3.26,3.37,3.43,3.50,3.57,3.59,3.63,3.63,3.61,3.62,3.68,3.69
7.19,7.12,6.97,6.77,6.60,6.48,6.40,6.29,6.18,6.13,6.08,6.04,6.43,6.50,6.48,6.43,6.33,6.26,6.15,6.04,6.02,6.08,6.10,6.10,6.07,5.99,5.89,5.83,5.82,5.86,5.92,5.94,5.92,5.90,5.89,5.88,5.82,5.73,5.68,5.72,5.75,5.77,5.75,5.69,5.67,5.65,5.63,5.64,5.67,5.70,5.75,5.81,5.84,5.83,5.78,5.72,5.68,5.68,5.67,5.66,5.66,5.62,5.59,5.55,5.52,5.47,5.45,5.44,5.41,5.41,5.37,5.31,5.22,5.09,4.97,4.90,4.88,4.89,4.83,4.82,4.84,4.88,4.88,4.87,4.87,4.87,4.88,4.92,4.93,4.92,4.90,4.88,4.87,4.85,4.83,4.81,4.80,4.77,4.75,4.73,4.64,4.57,4.48,4.38,4.45,4.45,4.41,4.40,4.48,4.64,4.88,5.05,5.07,5.17,5.23,5.23,5.21,5.25,5.22,5.22,5.24,5.27,5.31,5.30,5.28,5.23,5.16,5.03,4.94,4.88,4.83,4.91,4.89,4.84,4.79,4.78,4.77,4.73,4.68,4.67,4.54,4.46,4.42,4.42,4.42,4.39,4.37,4.37,4.42,4.45,4.46,4.46,4.46,4.48,4.46,4.45,4.48,4.51,4.49,4.52,4.59,4.66,4.75,4.80,4.81,4.80,4.74,4.62,4.52,4.47,4.41,4.32,4.25,4.22,4.29,4.36,4.40,4.39,4.34,4.26,4.18,4.09,3.99,3.93,3.89,3.92,3.96,3.94,3.91,3.85,3.78,3.71,3.63,3.54,3.55,3.60,3.58,3.49,3.39,3.37,3.46,3.47,3.52,3.54,3.52,3.46,3.40,3.38,3.36,3.31,3.22,3.16,3.08,2.99,2.98,2.92,2.92,2.94,2.92,2.94,2.98,2.96,2.84,2.74,2.70,2.69,2.69,2.68,2.74,2.80,2.83,2.79,2.78,2.63,2.48,2.40,2.41,2.44,2.52,2.66,2.81,2.93,3.06,3.18,3.27,3.38,3.44,3.50,3.57,3.57,3.61,3.62,3.62,3.64,3.69,3.71
7.27,7.23,7.10,6.90,6.76,6.66,6.57,6.47,6.36,6.28,6.20,6.14,6.38,6.50,6.51,6.44,6.35,6.31,6.23,6.14,6.09,6.14,6.11,6.06,6.00,5.91,5.84,5.82,5.84,5.89,5.95,5.98,5.98,5.95,5.93,5.90,5.86,5.78,5.67,5.74,5.75,5.72,5.70,5.68,5.67,5.65,5.62,5.61,5.67,5.73,5.77,5.81,5.86,5.88,5.84,5.75,5.70,5.70,5.69,5.67,5.70,5.65,5.60,5.56,5.51,5.49,5.48,5.45,5.40,5.38,5.37,5.33,5.26,5.13,5.01,4.99,4.98,4.89,4.89,4.85,4.85,4.91,4.89,4.88,4.88,4.88,4.89,4.94,4.95,4.94,4.92,4.90,4.89,4.87,4.85,4.83,4.81,4.79,4.77,4.75,4.69,4.57,4.47,4.42,4.46,4.44,4.43,4.48,4.58,4.65,4.77,4.88,4.97,5.06,5.11,5.15,5.18,5.19,5.24,5.27,5.29,5.31,5.32,5.26,5.24,5.27,5.18,5.04,4.93,4.88,4.90,4.93,4.88,4.82,4.79,4.77,4.79,4.77,4.72,4.75,4.63,4.52,4.47,4.50,4.44,4.39,4.37,4.40,4.44,4.41,4.36,4.37,4.53,4.51,4.46,4.43,4.46,4.61,4.51,4.44,4.48,4.52,4.69,4.80,4.86,4.88,4.79,4.66,4.55,4.47,4.44,4.31,4.21,4.19,4.25,4.33,4.41,4.42,4.33,4.23,4.13,4.03,3.95,3.95,3.95,3.96,3.95,3.90,3.88,3.86,3.80,3.69,3.58,3.53,3.55,3.59,3.53,3.41,3.38,3.40,3.44,3.56,3.57,3.54,3.49,3.44,3.40,3.37,3.32,3.25,3.19,3.14,3.06,2.95,2.95,2.93,2.88,2.82,2.75,2.80,2.82,2.80,2.76,2.69,2.65,2.66,2.67,2.64,2.69,2.75,2.81,2.87,2.92,2.65,2.43,2.42,2.37,2.44,2.56,2.68,2.82,2.94,3.05,3.17,3.30,3.39,3.45,3.52,3.59,3.59,3.60,3.60,3.61,3.65,3.70,3.72
7.39,7.36,7.24,7.04,6.93,6.84,6.75,6.65,6.55,6.47,6.40,6.38,6.56,6.60,6.56,6.49,6.41,6.38,6.29,6.17,6.07,6.08,6.05,6.02,5.99,5.90,5.86,5.87,5.93,5.95,5.99,6.02,6.03,6.01,5.95,5.86,5.79,5.76,5.66,5.74,5.74,5.69,5.65,5.69,5.70,5.70,5.71,5.74,5.72,5.73,5.78,5.82,5.89,5.93,5.91,5.81,5.75,5.75,5.73,5.69,5.65,5.62,5.58,5.55,5.54,5.51,5.48,5.46,5.43,5.39,5.36,5.33,5.29,5.23,5.13,5.13,5.09,4.94,5.01,4.92,4.87,4.90,4.90,4.89,4.89,4.90,4.91,4.95,4.96,4.95,4.94,4.92,4.90,4.88,4.86,4.85,4.83,4.80,4.76,4.70,4.64,4.51,4.44,4.46,4.48,4.42,4.45,4.57,4.70,4.84,4.94,4.99,5.01,5.04,5.06,5.09,5.13,5.15,5.16,5.18,5.21,5.23,5.25,5.21,5.21,5.24,5.17,5.01,4.91,4.88,4.94,4.94,4.89,4.84,4.82,4.81,4.85,4.85,4.81,4.77,4.68,4.60,4.55,4.55,4.60,4.66,4.63,4.52,4.49,4.42,4.39,4.41,4.49,4.46,4.45,4.44,4.43,4.54,4.55,4.52,4.50,4.54,4.71,4.80,4.81,4.78,4.72,4.61,4.50,4.41,4.39,4.28,4.23,4.25,4.31,4.38,4.44,4.45,4.39,4.28,4.16,4.04,3.93,3.89,4.01,4.08,4.07,3.99,3.93,3.85,3.76,3.65,3.53,3.53,3.55,3.56,3.48,3.38,3.39,3.45,3.52,3.56,3.54,3.50,3.46,3.42,3.36,3.31,3.26,3.22,3.17,3.13,3.04,2.91,2.92,2.92,2.90,2.84,2.74,2.70,2.69,2.68,2.63,2.62,2.61,2.61,2.63,2.60,2.64,2.70,2.76,2.82,2.77,2.55,2.39,2.40,2.41,2.50,2.61,2.72,2.84,2.95,3.07,3.22,3.42,3.46,3.50,3.59,3.71,3.67,3.66,3.66,3.66,3.69,3.73,3.74
7.52,7.48,7.38,7.20,7.11,7.03,6.93,6.82,6.73,6.65,6.61,6.62,6.72,6.69,6.62,6.56,6.50,6.48,6.36,6.20,6.09,6.05,6.01,5.99,5.97,5.89,5.88,5.93,6.01,6.03,6.04,6.06,6.06,6.00,5.94,5.81,5.73,5.71,5.66,5.73,5.72,5.66,5.64,5.73,5.76,5.78,5.82,5.85,5.76,5.73,5.78,5.84,5.92,5.97,5.97,5.87,5.80,5.76,5.73,5.68,5.59,5.56,5.53,5.51,5.53,5.51,5.49,5.47,5.45,5.39,5.35,5.32,5.31,5.29,5.21,5.21,5.17,5.02,5.10,4.98,4.89,4.91,4.91,4.91,4.90,4.91,4.92,4.96,4.98,4.97,4.95,4.94,4.92,4.90,4.88,4.86,4.83,4.79,4.73,4.65,4.59,4.47,4.43,4.49,4.49,4.42,4.50,4.67,4.81,4.99,5.08,5.10,5.08,5.07,5.06,5.08,5.11,5.11,5.10,5.11,5.13,5.14,5.18,5.17,5.17,5.19,5.12,4.98,4.91,4.91,4.94,4.93,4.90,4.86,4.85,4.86,4.90,4.92,4.89,4.80,4.73,4.66,4.61,4.60,4.74,4.85,4.83,4.66,4.58,4.49,4.46,4.47,4.45,4.44,4.45,4.45,4.42,4.48,4.53,4.53,4.50,4.55,4.68,4.75,4.74,4.68,4.64,4.56,4.46,4.37,4.37,4.30,4.28,4.31,4.37,4.42,4.46,4.47,4.43,4.32,4.20,4.06,3.92,3.87,4.06,4.15,4.14,4.05,3.96,3.83,3.71,3.60,3.51,3.53,3.55,3.53,3.44,3.37,3.40,3.48,3.56,3.55,3.51,3.47,3.43,3.39,3.33,3.27,3.22,3.20,3.16,3.10,3.00,2.88,2.90,2.92,2.91,2.87,2.76,2.69,2.64,2.59,2.53,2.57,2.57,2.57,2.59,2.56,2.59,2.64,2.68,2.73,2.61,2.46,2.37,2.37,2.44,2.55,2.65,2.75,2.85,2.97,3.08,3.23,3.44,3.48,3.52,3.63,3.77,3.72,3.72,3.72,3.72,3.73,3.75,3.75
7.64,7.61,7.51,7.38,7.30,7.21,7.11,7.00,6.92,6.84,6.81,6.85,6.80,6.75,6.70,6.66,6.61,6.63,6.47,6.27,6.18,6.09,6.02,5.96,5.91,5.86,5.90,6.00,6.10,6.12,6.11,6.09,6.02,5.87,5.87,5.78,5.69,5.65,5.68,5.67,5.64,5.64,5.70,5.80,5.85,5.90,5.95,5.91,5.79,5.74,5.78,5.87,5.93,5.98,5.99,5.96,5.83,5.72,5.66,5.62,5.53,5.46,5.42,5.41,5.44,5.49,5.50,5.49,5.46,5.36,5.34,5.33,5.32,5.28,5.21,5.20,5.20,5.15,5.12,5.02,4.95,4.94,4.96,4.93,4.92,4.92,4.93,4.97,4.99,4.99,4.97,4.96,4.94,4.92,4.90,4.86,4.79,4.74,4.69,4.62,4.59,4.50,4.48,4.52,4.48,4.48,4.61,4.80,4.91,5.06,5.16,5.19,5.16,5.17,5.14,5.15,5.16,5.09,5.10,5.07,5.05,5.05,5.10,5.11,5.13,5.13,5.03,4.96,4.95,4.95,4.88,4.91,4.90,4.88,4.87,4.90,4.95,4.97,4.94,4.88,4.78,4.69,4.64,4.67,4.81,4.87,4.87,4.83,4.74,4.65,4.61,4.57,4.44,4.47,4.49,4.48,4.43,4.44,4.41,4.39,4.43,4.53,4.59,4.63,4.64,4.60,4.54,4.49,4.43,4.37,4.41,4.43,4.40,4.36,4.41,4.40,4.44,4.47,4.45,4.34,4.26,4.10,3.92,3.94,4.05,4.10,4.10,4.07,3.96,3.79,3.63,3.52,3.54,3.54,3.54,3.51,3.42,3.38,3.39,3.44,3.52,3.52,3.49,3.44,3.40,3.36,3.31,3.25,3.20,3.17,3.15,3.04,2.93,2.88,2.91,2.93,2.91,2.87,2.83,2.86,2.75,2.59,2.47,2.53,2.54,2.53,2.53,2.54,2.54,2.55,2.56,2.57,2.45,2.40,2.38,2.37,2.45,2.57,2.68,2.77,2.86,2.98,3.06,3.14,3.28,3.41,3.49,3.60,3.72,3.71,3.74,3.77,3.78,3.75,3.74,3.73
7.58,7.55,7.53,7.50,7.46,7.39,7.29,7.18,7.11,7.01,6.96,6.97,6.96,6.92,6.88,6.81,6.74,6.66,6.49,6.31,6.23,6.13,6.08,6.01,5.92,5.88,5.97,6.09,6.18,6.17,6.14,6.07,5.96,5.82,5.81,5.75,5.69,5.65,5.70,5.66,5.63,5.63,5.70,5.80,5.86,5.91,5.97,5.95,5.86,5.80,5.80,5.86,5.92,5.95,5.98,6.01,5.89,5.73,5.62,5.57,5.51,5.43,5.39,5.38,5.38,5.41,5.42,5.43,5.42,5.38,5.35,5.33,5.30,5.24,5.19,5.20,5.20,5.16,5.12,5.09,5.05,5.01,5.00,4.96,4.93,4.93,4.93,4.98,5.01,5.01,4.99,4.97,4.95,4.91,4.87,4.84,4.76,4.71,4.67,4.63,4.57,4.53,4.53,4.54,4.46,4.49,4.65,4.83,4.91,5.03,5.13,5.19,5.20,5.22,5.19,5.20,5.22,5.16,5.13,5.10,5.06,5.00,5.03,5.03,5.04,5.03,4.97,4.91,4.91,4.91,4.82,4.89,4.90,4.90,4.90,4.92,4.95,4.98,4.98,4.92,4.87,4.79,4.72,4.67,4.80,4.85,4.89,4.92,4.81,4.70,4.66,4.64,4.56,4.51,4.49,4.46,4.40,4.39,4.37,4.37,4.40,4.45,4.45,4.47,4.48,4.47,4.45,4.40,4.35,4.33,4.38,4.43,4.46,4.46,4.46,4.43,4.41,4.40,4.37,4.25,4.15,4.01,3.88,3.97,4.05,4.08,4.06,4.01,3.89,3.75,3.60,3.49,3.54,3.54,3.51,3.45,3.37,3.39,3.39,3.42,3.48,3.51,3.47,3.42,3.38,3.33,3.29,3.23,3.17,3.14,3.12,2.98,2.86,2.83,2.89,2.91,2.87,2.83,2.88,2.93,2.80,2.60,2.47,2.54,2.56,2.55,2.54,2.52,2.51,2.50,2.49,2.48,2.38,2.35,2.36,2.40,2.54,2.63,2.71,2.79,2.87,2.99,3.08,3.16,3.27,3.37,3.44,3.54,3.66,3.69,3.75,3.78,3.78,3.75,3.74,3.74
7.49,7.46,7.51,7.57,7.58,7.53,7.45,7.37,7.27,7.17,7.09,7.06,7.11,7.12,7.07,6.97,6.87,6.67,6.50,6.36,6.28,6.18,6.15,6.08,5.95,5.90,6.03,6.17,6.25,6.22,6.16,6.03,5.90,5.81,5.76,5.72,5.69,5.66,5.70,5.66,5.63,5.63,5.69,5.78,5.85,5.90,5.95,5.98,5.92,5.87,5.84,5.85,5.90,5.92,5.95,6.04,5.95,5.77,5.62,5.56,5.51,5.44,5.40,5.38,5.34,5.33,5.33,5.35,5.39,5.41,5.37,5.32,5.28,5.21,5.19,5.20,5.19,5.13,5.12,5.16,5.14,5.07,5.02,4.99,4.95,4.93,4.93,4.99,5.02,5.03,5.01,4.98,4.95,4.91,4.85,4.82,4.74,4.69,4.67,4.66,4.56,4.56,4.58,4.56,4.46,4.52,4.68,4.84,4.88,4.97,5.08,5.17,5.22,5.24,5.23,5.23,5.25,5.24,5.18,5.15,5.10,4.99,4.98,4.96,4.95,4.94,4.93,4.88,4.86,4.85,4.79,4.88,4.91,4.92,4.92,4.92,4.93,4.97,5.01,4.94,4.95,4.91,4.81,4.69,4.79,4.83,4.90,4.97,4.85,4.71,4.67,4.69,4.68,4.54,4.49,4.45,4.39,4.36,4.38,4.40,4.39,4.36,4.32,4.32,4.34,4.34,4.36,4.30,4.27,4.28,4.33,4.38,4.48,4.55,4.50,4.46,4.39,4.32,4.28,4.15,4.01,3.89,3.84,3.97,4.04,4.06,4.02,3.93,3.81,3.70,3.58,3.48,3.54,3.53,3.47,3.39,3.32,3.39,3.40,3.40,3.44,3.49,3.45,3.40,3.36,3.31,3.26,3.21,3.15,3.10,3.07,2.92,2.79,2.76,2.86,2.88,2.82,2.78,2.89,2.94,2.80,2.61,2.50,2.57,2.59,2.59,2.56,2.52,2.49,2.47,2.45,2.40,2.35,2.33,2.35,2.44,2.64,2.68,2.73,2.81,2.88,3.00,3.11,3.21,3.31,3.36,3.40,3.47,3.59,3.66,3.75,3.77,3.76,3.74,3.73,3.76
7.54,7.48,7.49,7.52,7.49,7.48,7.50,7.51,7.32,7.23,7.18,7.14,7.21,7.23,7.20,7.12,6.98,6.74,6.58,6.46,6.33,6.24,6.19,6.09,5.94,5.83,6.01,6.18,6.27,6.28,6.21,6.05,5.91,5.86,5.73,5.67,5.64,5.64,5.68,5.63,5.61,5.64,5.71,5.77,5.82,5.87,5.93,5.98,5.95,5.91,5.88,5.85,5.88,5.90,5.93,5.97,5.97,5.87,5.78,5.70,5.62,5.53,5.45,5.40,5.39,5.33,5.32,5.36,5.43,5.40,5.34,5.31,5.30,5.25,5.22,5.19,5.16,5.10,5.11,5.12,5.10,5.06,5.02,5.03,5.00,4.95,4.93,5.00,5.04,5.04,5.01,4.97,4.95,4.92,4.87,4.79,4.74,4.70,4.70,4.72,4.59,4.59,4.59,4.55,4.53,4.63,4.79,4.92,4.91,5.00,5.10,5.18,5.21,5.23,5.22,5.22,5.24,5.27,5.21,5.19,5.15,5.06,5.03,4.98,4.93,4.89,4.89,4.88,4.88,4.87,4.88,4.89,4.93,4.95,4.91,4.90,4.89,4.94,5.02,5.00,5.00,5.00,4.96,4.88,4.90,4.86,4.92,5.05,4.88,4.72,4.68,4.68,4.57,4.54,4.57,4.58,4.52,4.50,4.51,4.47,4.37,4.33,4.31,4.32,4.32,4.30,4.26,4.25,4.25,4.26,4.30,4.36,4.42,4.46,4.44,4.44,4.38,4.31,4.25,4.15,4.00,3.92,3.90,3.93,3.98,4.00,3.97,3.84,3.72,3.62,3.55,3.50,3.54,3.51,3.44,3.36,3.30,3.33,3.37,3.40,3.40,3.47,3.44,3.38,3.34,3.29,3.24,3.17,3.09,3.01,2.91,2.82,2.76,2.75,2.86,2.87,2.82,2.76,2.72,2.82,2.72,2.58,2.52,2.57,2.61,2.63,2.62,2.55,2.55,2.49,2.41,2.37,2.39,2.37,2.38,2.45,2.62,2.67,2.71,2.77,2.87,3.00,3.13,3.25,3.34,3.41,3.44,3.48,3.55,3.61,3.73,3.78,3.77,3.75,3.73,3.72
7.62,7.55,7.52,7.51,7.46,7.44,7.48,7.51,7.35,7.30,7.27,7.23,7.27,7.30,7.31,7.24,6.99,6.86,6.72,6.56,6.38,6.32,6.25,6.15,6.00,5.90,5.98,6.09,6.19,6.19,6.12,5.99,5.88,5.84,5.71,5.64,5.62,5.63,5.65,5.60,5.60,5.64,5.71,5.75,5.81,5.86,5.91,5.97,5.96,5.93,5.89,5.83,5.83,5.84,5.86,5.89,5.96,5.92,5.84,5.76,5.67,5.58,5.49,5.42,5.40,5.32,5.31,5.35,5.43,5.44,5.39,5.36,5.34,5.28,5.27,5.21,5.15,5.12,5.13,5.11,5.08,5.05,5.02,5.05,5.03,4.98,4.95,5.03,5.06,5.05,5.02,4.99,4.94,4.91,4.87,4.79,4.75,4.78,4.79,4.72,4.62,4.63,4.62,4.57,4.60,4.71,4.87,4.99,4.93,5.02,5.11,5.18,5.21,5.22,5.20,5.20,5.23,5.27,5.23,5.22,5.19,5.09,5.04,4.98,4.91,4.85,4.86,4.89,4.91,4.92,4.92,4.91,4.93,4.94,4.90,4.89,4.88,4.93,5.01,5.06,5.05,5.06,5.06,5.02,5.00,4.95,4.99,5.10,4.94,4.77,4.70,4.67,4.52,4.55,4.61,4.64,4.60,4.60,4.60,4.53,4.43,4.38,4.37,4.35,4.32,4.25,4.22,4.23,4.23,4.22,4.21,4.26,4.31,4.33,4.35,4.38,4.33,4.25,4.18,4.08,3.96,3.93,3.99,4.01,4.01,4.00,3.96,3.84,3.69,3.56,3.50,3.52,3.53,3.49,3.41,3.34,3.34,3.34,3.36,3.37,3.39,3.44,3.41,3.37,3.32,3.26,3.20,3.13,3.04,2.93,2.81,2.77,2.77,2.78,2.84,2.85,2.84,2.80,2.71,2.74,2.66,2.56,2.54,2.60,2.63,2.64,2.62,2.53,2.55,2.49,2.38,2.33,2.38,2.38,2.40,2.50,2.63,2.68,2.71,2.77,2.87,3.00,3.13,3.26,3.35,3.40,3.42,3.45,3.52,3.62,3.71,3.76,3.77,3.75,3.73,3.70
7.71,7.64,7.58,7.54,7.47,7.43,7.41,7.39,7.37,7.37,7.37,7.34,7.32,7.36,7.39,7.33,6.93,7.00,6.91,6.67,6.43,6.40,6.33,6.23,6.13,6.06,5.93,5.94,6.02,5.99,5.94,5.87,5.80,5.77,5.70,5.63,5.61,5.64,5.63,5.58,5.59,5.64,5.69,5.74,5.81,5.86,5.89,5.94,5.98,5.95,5.87,5.80,5.76,5.74,5.76,5.80,5.94,5.91,5.83,5.75,5.67,5.59,5.51,5.44,5.36,5.28,5.29,5.33,5.39,5.52,5.51,5.45,5.37,5.30,5.33,5.24,5.16,5.18,5.16,5.13,5.08,5.02,5.04,5.06,5.06,5.02,4.97,5.07,5.09,5.06,5.03,5.03,4.93,4.87,4.85,4.80,4.79,4.90,4.92,4.67,4.67,4.69,4.66,4.60,4.66,4.76,4.94,5.05,4.94,5.03,5.13,5.19,5.20,5.22,5.18,5.18,5.21,5.25,5.24,5.24,5.20,5.10,5.02,4.96,4.89,4.81,4.82,4.89,4.97,5.00,4.92,4.92,4.91,4.90,4.89,4.87,4.89,4.93,5.00,5.13,5.08,5.09,5.13,5.12,5.09,5.09,5.12,5.14,5.01,4.85,4.73,4.65,4.52,4.58,4.63,4.64,4.63,4.67,4.65,4.60,4.55,4.48,4.48,4.42,4.32,4.21,4.23,4.23,4.20,4.16,4.08,4.11,4.15,4.18,4.22,4.28,4.23,4.15,4.08,3.97,3.88,3.94,4.11,4.19,4.11,4.05,3.98,3.90,3.69,3.52,3.46,3.52,3.52,3.46,3.37,3.32,3.43,3.39,3.34,3.34,3.40,3.41,3.39,3.35,3.30,3.23,3.16,3.09,3.00,2.87,2.76,2.75,2.80,2.84,2.81,2.82,2.87,2.90,2.80,2.69,2.59,2.55,2.57,2.64,2.65,2.61,2.55,2.47,2.51,2.46,2.35,2.27,2.34,2.35,2.42,2.58,2.67,2.69,2.74,2.80,2.87,2.98,3.12,3.24,3.33,3.34,3.35,3.40,3.50,3.68,3.69,3.73,3.78,3.76,3.74,3.70
7.78,7.70,7.64,7.60,7.60,7.56,7.48,7.41,7.34,7.35,7.37,7.34,7.33,7.36,7.38,7.35,7.16,7.14,7.05,6.85,6.57,6.50,6.37,6.26,6.23,6.28,6.12,5.99,5.92,5.91,5.83,5.80,5.79,5.75,5.65,5.60,5.60,5.63,5.57,5.55,5.60,5.67,5.70,5.74,5.80,5.85,5.88,5.93,5.97,5.97,5.91,5.80,5.81,5.80,5.83,5.91,5.92,5.86,5.78,5.70,5.62,5.56,5.49,5.41,5.31,5.27,5.26,5.30,5.35,5.42,5.44,5.42,5.38,5.35,5.34,5.29,5.24,5.22,5.11,5.07,5.07,5.07,5.05,5.07,5.04,4.99,4.98,5.01,5.01,4.97,4.94,4.99,4.99,4.96,4.92,4.89,4.78,4.84,4.86,4.64,4.69,4.70,4.66,4.60,4.70,4.78,4.88,4.96,4.93,5.11,5.17,5.19,5.19,5.20,5.16,5.15,5.19,5.23,5.25,5.22,5.15,5.04,4.98,4.91,4.86,4.84,4.89,4.94,5.01,5.06,5.01,4.99,4.96,4.94,4.93,4.92,4.93,4.96,5.00,5.03,5.06,5.09,5.13,5.15,5.12,5.11,5.13,5.14,5.06,4.93,4.78,4.64,4.57,4.64,4.70,4.73,4.73,4.75,4.71,4.64,4.56,4.49,4.54,4.54,4.45,4.30,4.31,4.28,4.22,4.15,4.10,4.09,4.08,4.06,4.02,4.09,4.09,4.03,3.94,3.91,3.97,4.08,4.20,4.26,4.20,4.20,4.12,3.82,3.64,3.50,3.47,3.52,3.48,3.43,3.35,3.31,3.42,3.42,3.40,3.39,3.40,3.39,3.37,3.33,3.25,3.19,3.13,3.06,2.95,2.81,2.77,2.78,2.82,2.86,2.80,2.87,2.91,2.89,2.81,2.61,2.59,2.63,2.63,2.68,2.66,2.61,2.56,2.47,2.48,2.42,2.33,2.31,2.29,2.31,2.41,2.57,2.71,2.75,2.81,2.87,2.91,2.97,3.08,3.19,3.24,3.27,3.30,3.34,3.41,3.56,3.60,3.66,3.73,3.77,3.74,3.70
7.84,7.75,7.72,7.68,7.72,7.69,7.59,7.47,7.37,7.37,7.38,7.34,7.33,7.34,7.34,7.32,7.30,7.23,7.14,6.99,6.72,6.61,6.46,6.35,6.35,6.43,6.21,6.00,5.88,5.87,5.80,5.79,5.77,5.70,5.61,5.58,5.60,5.62,5.54,5.54,5.61,5.69,5.70,5.75,5.79,5.84,5.88,5.92,5.96,5.97,5.92,5.79,5.87,5.89,5.90,5.97,5.89,5.82,5.74,5.67,5.59,5.53,5.47,5.39,5.28,5.26,5.25,5.27,5.31,5.34,5.38,5.38,5.36,5.35,5.34,5.32,5.28,5.21,5.07,5.04,5.05,5.08,5.05,5.05,5.03,5.00,5.00,4.98,4.95,4.91,4.89,4.95,4.99,4.98,4.93,4.93,4.80,4.82,4.82,4.65,4.71,4.69,4.65,4.63,4.74,4.83,4.89,4.93,4.93,5.10,5.14,5.14,5.15,5.16,5.13,5.13,5.17,5.21,5.24,5.20,5.11,5.00,4.95,4.87,4.83,4.85,4.93,5.00,5.07,5.10,5.07,5.04,5.00,4.97,4.96,4.94,4.94,4.95,4.97,4.95,5.00,5.06,5.10,5.14,5.13,5.12,5.13,5.14,5.08,4.96,4.78,4.63,4.58,4.66,4.74,4.78,4.78,4.79,4.74,4.67,4.58,4.50,4.60,4.61,4.51,4.35,4.36,4.34,4.26,4.16,4.13,4.10,4.06,3.99,3.91,3.95,3.97,3.93,3.84,3.85,4.00,4.16,4.27,4.32,4.27,4.28,4.16,3.73,3.56,3.49,3.48,3.51,3.45,3.38,3.33,3.32,3.41,3.43,3.43,3.41,3.40,3.37,3.37,3.32,3.22,3.16,3.10,3.02,2.91,2.76,2.77,2.79,2.83,2.86,2.82,2.90,2.92,2.87,2.79,2.57,2.62,2.72,2.70,2.70,2.65,2.61,2.57,2.48,2.45,2.38,2.31,2.31,2.26,2.29,2.41,2.59,2.76,2.81,2.86,2.92,2.95,2.98,3.06,3.15,3.18,3.20,3.23,3.27,3.34,3.46,3.52,3.59,3.66,3.73,3.71,3.69
7.90,7.81,7.80,7.80,7.82,7.81,7.74,7.60,7.48,7.44,7.41,7.34,7.30,7.29,7.27,7.25,7.28,7.22,7.15,7.05,6.87,6.74,6.61,6.52,6.49,6.48,6.13,5.94,5.94,5.91,5.90,5.87,5.76,5.58,5.57,5.58,5.60,5.62,5.55,5.56,5.63,5.69,5.70,5.75,5.79,5.84,5.88,5.92,5.95,5.94,5.89,5.76,5.95,6.00,5.98,5.92,5.85,5.79,5.72,5.65,5.59,5.53,5.46,5.38,5.30,5.27,5.25,5.24,5.26,5.29,5.32,5.32,5.30,5.29,5.33,5.31,5.24,5.13,5.08,5.05,5.04,5.02,5.01,4.98,5.02,5.07,5.02,5.01,4.95,4.91,4.90,4.90,4.90,4.87,4.84,4.89,4.88,4.87,4.84,4.74,4.72,4.65,4.63,4.70,4.81,4.94,4.99,4.98,4.94,4.96,4.98,5.01,5.06,5.10,5.11,5.12,5.15,5.19,5.22,5.20,5.13,5.02,4.94,4.85,4.80,4.81,4.94,5.10,5.14,5.09,5.05,5.04,5.03,5.01,4.96,4.92,4.92,4.91,4.90,4.91,4.91,4.95,5.00,5.04,5.11,5.10,5.10,5.12,5.08,4.89,4.72,4.60,4.54,4.63,4.70,4.75,4.76,4.77,4.72,4.66,4.61,4.53,4.65,4.62,4.47,4.32,4.37,4.40,4.33,4.18,4.19,4.17,4.09,3.99,3.94,3.91,3.89,3.86,3.82,3.80,3.96,4.16,4.31,4.40,4.34,4.24,4.03,3.64,3.46,3.46,3.50,3.49,3.42,3.32,3.31,3.38,3.43,3.42,3.40,3.38,3.37,3.35,3.38,3.33,3.20,3.16,3.10,3.00,2.86,2.74,2.76,2.78,2.79,2.82,2.88,2.91,2.90,2.84,2.72,2.60,2.68,2.78,2.76,2.70,2.63,2.58,2.57,2.51,2.42,2.33,2.26,2.28,2.27,2.31,2.43,2.65,2.83,2.84,2.88,2.96,3.02,3.02,3.06,3.11,3.16,3.15,3.16,3.21,3.30,3.39,3.44,3.50,3.57,3.63,3.64,3.67
8.08,7.96,7.91,7.88,7.90,7.85,7.77,7.68,7.61,7.56,7.50,7.44,7.39,7.33,7.26,7.19,7.20,7.15,7.10,7.04,6.96,6.80,6.70,6.64,6.59,6.54,6.19,6.04,6.07,6.03,5.96,5.84,5.70,5.57,5.59,5.62,5.62,5.60,5.55,5.59,5.65,5.69,5.72,5.75,5.79,5.84,5.88,5.91,5.93,5.91,5.86,5.83,5.97,6.01,5.98,5.91,5.84,5.78,5.71,5.64,5.58,5.52,5.44,5.36,5.31,5.29,5.26,5.24,5.23,5.26,5.28,5.26,5.22,5.22,5.27,5.27,5.21,5.13,5.09,5.06,5.04,5.01,5.00,4.97,4.99,5.03,4.99,4.99,4.97,4.94,4.92,4.90,4.87,4.84,4.82,4.86,4.86,4.85,4.83,4.79,4.72,4.60,4.60,4.75,4.90,5.03,5.07,5.03,4.94,4.96,4.97,4.98,4.98,4.97,4.98,5.01,5.07,5.11,5.14,5.13,5.08,4.98,4.88,4.82,4.79,4.79,4.92,5.06,5.10,5.07,5.04,5.03,5.02,5.00,4.96,4.93,4.96,4.96,4.92,4.92,4.92,4.93,4.93,4.95,4.97,4.97,5.00,5.04,5.00,4.81,4.67,4.62,4.64,4.62,4.65,4.68,4.71,4.73,4.71,4.66,4.60,4.53,4.54,4.49,4.40,4.35,4.39,4.42,4.34,4.17,4.17,4.17,4.13,4.07,4.00,3.94,3.87,3.83,3.81,3.79,3.85,3.92,3.98,4.05,4.06,3.98,3.80,3.56,3.44,3.46,3.49,3.46,3.39,3.31,3.34,3.41,3.40,3.38,3.36,3.34,3.33,3.34,3.38,3.34,3.23,3.17,3.07,2.93,2.80,2.74,2.75,2.74,2.75,2.78,2.83,2.86,2.84,2.78,2.68,2.62,2.68,2.76,2.78,2.73,2.70,2.66,2.59,2.48,2.37,2.30,2.25,2.25,2.28,2.36,2.48,2.63,2.78,2.84,2.89,2.94,3.01,3.03,3.06,3.10,3.15,3.15,3.17,3.21,3.26,3.30,3.36,3.41,3.46,3.51,3.52,3.57
8.27,8.13,8.02,7.95,7.96,7.89,7.79,7.78,7.75,7.68,7.60,7.55,7.50,7.39,7.26,7.16,7.13,7.10,7.04,7.00,7.02,6.86,6.78,6.73,6.67,6.58,6.28,6.16,6.20,6.15,5.98,5.78,5.64,5.59,5.61,5.65,5.64,5.57,5.57,5.64,5.68,5.70,5.74,5.75,5.79,5.84,5.88,5.89,5.91,5.88,5.83,5.89,5.94,5.98,5.96,5.89,5.83,5.77,5.70,5.64,5.57,5.50,5.42,5.34,5.32,5.31,5.28,5.24,5.22,5.24,5.23,5.20,5.16,5.17,5.21,5.21,5.19,5.15,5.11,5.07,5.04,5.02,5.00,4.97,4.96,4.96,4.94,4.96,4.98,4.97,4.92,4.91,4.87,4.83,4.83,4.83,4.82,4.82,4.82,4.82,4.71,4.57,4.58,4.79,4.97,5.08,5.11,5.07,4.96,5.00,5.00,4.98,4.93,4.85,4.85,4.90,4.96,5.00,5.03,5.03,5.00,4.91,4.82,4.79,4.78,4.78,4.90,4.98,5.03,5.04,5.03,5.02,5.00,4.98,4.94,4.94,5.01,5.01,4.96,4.94,4.97,4.94,4.89,4.87,4.85,4.84,4.87,4.92,4.89,4.73,4.64,4.64,4.75,4.62,4.60,4.63,4.66,4.69,4.70,4.67,4.60,4.53,4.43,4.36,4.34,4.39,4.41,4.42,4.33,4.14,4.13,4.15,4.15,4.13,4.05,3.98,3.88,3.81,3.81,3.80,3.74,3.67,3.62,3.66,3.73,3.69,3.59,3.49,3.46,3.47,3.48,3.44,3.35,3.31,3.36,3.42,3.35,3.33,3.31,3.29,3.28,3.33,3.36,3.33,3.26,3.16,3.03,2.87,2.74,2.74,2.74,2.71,2.71,2.74,2.76,2.80,2.78,2.73,2.66,2.62,2.66,2.73,2.78,2.75,2.77,2.73,2.60,2.43,2.32,2.27,2.25,2.23,2.31,2.41,2.52,2.61,2.71,2.83,2.89,2.91,2.98,3.02,3.05,3.08,3.13,3.17,3.20,3.22,3.24,3.23,3.29,3.34,3.37,3.39,3.39,3.44
8.41,8.32,8.19,8.03,7.99,7.96,7.95,7.96,7.87,7.78,7.70,7.64,7.57,7.41,7.29,7.24,7.18,7.16,7.04,6.95,6.99,6.94,6.83,6.74,6.70,6.52,6.31,6.23,6.23,6.14,5.90,5.73,5.62,5.58,5.62,5.65,5.62,5.56,5.60,5.75,5.77,5.73,5.75,5.75,5.79,5.84,5.88,5.91,5.90,5.85,5.81,5.80,5.78,5.87,5.95,5.89,5.83,5.76,5.69,5.63,5.56,5.48,5.40,5.35,5.35,5.32,5.29,5.26,5.23,5.22,5.20,5.18,5.16,5.16,5.14,5.15,5.16,5.16,5.12,5.09,5.05,5.02,5.00,4.99,4.97,4.94,4.91,4.89,4.91,4.92,4.90,4.88,4.88,4.87,4.84,4.78,4.82,4.82,4.80,4.79,4.65,4.60,4.67,4.83,4.93,4.98,5.02,5.03,5.02,5.03,5.02,4.98,4.91,4.85,4.85,4.86,4.86,4.82,4.84,4.86,4.85,4.79,4.75,4.73,4.75,4.78,4.87,4.92,4.97,5.00,5.00,4.99,4.97,4.93,4.85,4.90,4.97,5.00,4.99,5.01,5.06,5.04,4.97,4.86,4.92,4.85,4.78,4.78,4.74,4.70,4.64,4.62,4.76,4.68,4.67,4.70,4.72,4.67,4.68,4.69,4.66,4.56,4.44,4.36,4.34,4.37,4.44,4.44,4.32,4.10,4.08,4.09,4.10,4.08,4.00,3.97,3.91,3.85,3.82,3.80,3.71,3.63,3.60,3.59,3.58,3.54,3.50,3.47,3.49,3.53,3.50,3.40,3.32,3.32,3.35,3.38,3.32,3.29,3.26,3.24,3.24,3.29,3.29,3.27,3.22,3.06,2.99,2.87,2.75,2.72,2.76,2.75,2.73,2.70,2.71,2.74,2.74,2.71,2.66,2.63,2.68,2.76,2.81,2.75,2.70,2.64,2.55,2.38,2.27,2.24,2.26,2.28,2.35,2.44,2.53,2.62,2.71,2.79,2.84,2.87,2.92,2.99,3.02,3.05,3.12,3.17,3.18,3.21,3.27,3.29,3.31,3.37,3.40,3.34,3.28,3.29
8.59,8.44,8.22,7.94,8.03,8.11,8.12,8.12,8.00,7.89,7.79,7.73,7.65,7.52,7.42,7.36,7.25,7.20,7.10,6.99,6.98,6.96,6.84,6.74,6.68,6.49,6.31,6.24,6.22,6.11,5.88,5.71,5.61,5.59,5.64,5.63,5.58,5.55,5.65,5.76,5.79,5.77,5.77,5.75,5.77,5.81,5.84,5.89,5.85,5.78,5.72,5.72,5.66,5.80,5.94,5.88,5.82,5.75,5.68,5.62,5.55,5.46,5.39,5.36,5.37,5.34,5.31,5.27,5.24,5.21,5.20,5.19,5.17,5.15,5.12,5.13,5.14,5.13,5.12,5.09,5.05,5.02,5.01,5.00,4.97,4.93,4.90,4.86,4.87,4.89,4.88,4.86,4.89,4.88,4.81,4.72,4.78,4.80,4.79,4.76,4.59,4.64,4.76,4.87,4.90,4.91,4.93,4.95,4.99,4.99,4.98,4.93,4.86,4.83,4.86,4.88,4.87,4.84,4.84,4.82,4.78,4.72,4.71,4.71,4.73,4.78,4.86,4.93,4.96,4.96,4.95,4.94,4.93,4.89,4.83,4.88,4.95,4.98,4.99,5.05,5.12,5.13,5.07,4.97,5.06,4.96,4.85,4.78,4.69,4.70,4.68,4.66,4.73,4.71,4.72,4.73,4.70,4.63,4.66,4.69,4.66,4.54,4.42,4.36,4.34,4.34,4.43,4.42,4.30,4.12,4.09,4.07,4.06,4.05,3.99,3.96,3.90,3.85,3.85,3.81,3.72,3.65,3.60,3.56,3.50,3.47,3.46,3.47,3.51,3.53,3.49,3.39,3.30,3.31,3.34,3.34,3.27,3.24,3.22,3.20,3.21,3.24,3.22,3.19,3.14,2.99,2.95,2.87,2.79,2.76,2.79,2.78,2.76,2.72,2.71,2.73,2.73,2.70,2.66,2.63,2.68,2.74,2.76,2.72,2.68,2.62,2.50,2.35,2.26,2.23,2.26,2.32,2.43,2.52,2.60,2.69,2.77,2.81,2.84,2.86,2.89,2.96,2.99,3.02,3.10,3.16,3.17,3.20,3.26,3.36,3.38,3.40,3.40,3.33,3.24,3.20
8.79,8.53,8.15,7.72,8.07,8.29,8.30,8.26,8.13,8.00,7.89,7.81,7.74,7.69,7.62,7.52,7.33,7.25,7.18,7.10,6.97,6.92,6.83,6.74,6.63,6.48,6.30,6.21,6.18,6.08,5.91,5.72,5.61,5.62,5.67,5.59,5.53,5.54,5.71,5.72,5.77,5.82,5.80,5.75,5.75,5.76,5.79,5.83,5.78,5.67,5.59,5.66,5.57,5.76,5.94,5.87,5.81,5.74,5.68,5.61,5.55,5.45,5.40,5.38,5.39,5.35,5.32,5.29,5.26,5.23,5.23,5.21,5.18,5.14,5.13,5.12,5.11,5.07,5.10,5.09,5.05,5.02,5.02,5.00,4.97,4.93,4.90,4.84,4.84,4.86,4.86,4.86,4.89,4.85,4.75,4.67,4.71,4.75,4.77,4.73,4.53,4.67,4.84,4.91,4.88,4.86,4.84,4.84,4.89,4.91,4.89,4.85,4.79,4.80,4.88,4.93,4.95,4.99,4.95,4.87,4.77,4.69,4.71,4.70,4.72,4.77,4.85,4.98,4.99,4.92,4.89,4.88,4.87,4.87,4.86,4.86,4.94,4.96,4.96,5.07,5.17,5.20,5.19,5.15,5.23,5.16,5.01,4.85,4.70,4.73,4.75,4.73,4.69,4.71,4.75,4.73,4.63,4.58,4.64,4.67,4.62,4.50,4.40,4.36,4.34,4.30,4.40,4.37,4.29,4.18,4.14,4.07,4.04,4.03,4.01,3.96,3.88,3.84,3.89,3.82,3.77,3.70,3.62,3.56,3.48,3.44,3.45,3.47,3.51,3.50,3.45,3.38,3.28,3.30,3.32,3.30,3.21,3.19,3.17,3.17,3.20,3.17,3.13,3.09,3.03,2.96,2.91,2.88,2.86,2.85,2.84,2.81,2.79,2.78,2.75,2.75,2.74,2.71,2.65,2.63,2.66,2.69,2.68,2.68,2.71,2.63,2.46,2.33,2.27,2.25,2.26,2.34,2.54,2.63,2.70,2.79,2.87,2.85,2.86,2.89,2.87,2.92,2.96,3.00,3.07,3.14,3.16,3.18,3.23,3.45,3.46,3.43,3.38,3.35,3.23,3.14
8.96,8.83,8.69,8.20,8.35,8.48,8.47,8.35,8.21,8.08,7.98,7.91,7.83,7.78,7.71,7.61,7.42,7.35,7.25,7.13,7.06,7.02,6.96,6.86,6.71,6.53,6.32,6.18,6.08,5.97,5.84,5.73,5.68,5.69,5.67,5.60,5.57,5.61,5.74,5.72,5.72,5.73,5.71,5.71,5.75,5.78,5.80,5.74,5.70,5.63,5.55,5.60,5.57,5.72,5.87,5.86,5.80,5.74,5.67,5.60,5.52,5.43,5.40,5.40,5.40,5.37,5.34,5.31,5.28,5.26,5.26,5.23,5.19,5.15,5.15,5.11,5.07,5.04,5.04,5.05,5.04,5.03,5.02,4.99,4.96,4.92,4.87,4.82,4.81,4.83,4.84,4.88,4.90,4.85,4.74,4.64,4.68,4.73,4.75,4.68,4.58,4.69,4.83,4.90,4.87,4.83,4.81,4.83,4.92,4.98,4.95,4.89,4.84,4.88,4.99,5.03,5.00,5.00,4.98,4.89,4.77,4.67,4.69,4.74,4.79,4.81,4.87,4.95,4.93,4.86,4.83,4.84,4.82,4.81,4.84,4.86,4.92,4.95,4.96,5.09,5.12,5.10,5.07,5.05,5.11,5.03,4.93,4.85,4.73,4.75,4.77,4.77,4.73,4.71,4.71,4.70,4.65,4.62,4.63,4.62,4.57,4.45,4.38,4.34,4.32,4.30,4.31,4.27,4.21,4.15,4.07,4.05,4.04,4.03,3.97,3.92,3.90,3.90,3.91,3.84,3.79,3.72,3.66,3.63,3.53,3.45,3.43,3.46,3.49,3.48,3.43,3.35,3.26,3.22,3.22,3.23,3.17,3.14,3.13,3.12,3.12,3.09,3.07,3.06,3.04,2.96,2.86,2.81,2.82,2.85,2.87,2.85,2.84,2.84,2.77,2.74,2.72,2.71,2.70,2.68,2.66,2.63,2.59,2.61,2.61,2.55,2.41,2.24,2.24,2.25,2.28,2.38,2.52,2.64,2.76,2.89,2.92,2.91,2.90,2.90,2.89,2.93,2.95,2.98,3.02,3.07,3.11,3.13,3.19,3.54,3.53,3.47,3.39,3.32,3.21,3.08
9.06,8.99,8.97,8.56,8.59,8.64,8.62,8.45,8.29,8.16,8.07,7.99,7.93,7.86,7.78,7.66,7.46,7.41,7.30,7.18,7.14,7.13,7.09,6.98,6.81,6.58,6.36,6.19,6.04,5.90,5.80,5.76,5.75,5.75,5.70,5.62,5.59,5.64,5.75,5.73,5.71,5.69,5.67,5.71,5.76,5.79,5.78,5.67,5.64,5.59,5.53,5.56,5.57,5.68,5.80,5.85,5.79,5.73,5.66,5.58,5.49,5.43,5.41,5.42,5.41,5.38,5.35,5.32,5.30,5.29,5.28,5.25,5.19,5.15,5.14,5.09,5.05,5.02,5.01,5.02,5.03,5.03,5.01,4.98,4.95,4.90,4.85,4.80,4.79,4.80,4.83,4.88,4.90,4.84,4.72,4.63,4.66,4.72,4.73,4.64,4.62,4.73,4.84,4.88,4.83,4.80,4.78,4.81,4.92,4.99,4.95,4.89,4.87,4.92,5.04,5.07,5.02,5.00,4.98,4.85,4.71,4.66,4.69,4.78,4.84,4.87,4.89,4.92,4.89,4.83,4.81,4.80,4.78,4.78,4.83,4.85,4.90,4.93,4.96,5.09,5.07,5.03,4.99,4.98,5.03,4.95,4.87,4.83,4.75,4.79,4.80,4.79,4.75,4.70,4.69,4.69,4.66,4.63,4.61,4.58,4.52,4.41,4.37,4.33,4.30,4.30,4.28,4.21,4.18,4.18,4.07,4.03,4.02,3.99,3.92,3.87,3.90,3.93,3.92,3.87,3.82,3.75,3.69,3.67,3.55,3.45,3.41,3.45,3.48,3.46,3.41,3.32,3.23,3.17,3.16,3.17,3.15,3.10,3.09,3.08,3.06,3.03,3.02,3.03,3.03,2.94,2.83,2.78,2.79,2.85,2.87,2.84,2.85,2.90,2.81,2.75,2.71,2.71,2.72,2.70,2.67,2.62,2.56,2.57,2.55,2.47,2.35,2.20,2.22,2.25,2.29,2.42,2.51,2.63,2.77,2.91,2.92,2.92,2.91,2.91,2.92,2.95,2.97,2.99,3.02,3.07,3.10,3.10,3.16,3.58,3.60,3.52,3.39,3.29,3.18,3.04
9.06,8.95,8.89,8.78,8.75,8.77,8.74,8.56,8.37,8.24,8.15,8.06,8.03,7.95,7.84,7.67,7.41,7.40,7.32,7.23,7.23,7.26,7.20,7.09,6.92,6.66,6.43,6.26,6.11,5.88,5.83,5.81,5.81,5.81,5.76,5.64,5.57,5.60,5.73,5.75,5.73,5.70,5.68,5.77,5.79,5.77,5.71,5.64,5.59,5.54,5.52,5.57,5.58,5.63,5.72,5.85,5.78,5.72,5.64,5.57,5.48,5.44,5.43,5.43,5.43,5.40,5.37,5.34,5.32,5.32,5.30,5.25,5.19,5.14,5.09,5.06,5.04,5.01,5.03,5.00,4.99,5.03,5.01,4.97,4.93,4.88,4.82,4.77,4.76,4.78,4.81,4.85,4.88,4.81,4.68,4.66,4.69,4.74,4.72,4.58,4.65,4.81,4.88,4.82,4.78,4.74,4.74,4.78,4.89,4.92,4.89,4.85,4.85,4.91,5.02,5.04,4.99,4.96,4.93,4.72,4.56,4.67,4.74,4.79,4.87,4.94,4.91,4.91,4.86,4.81,4.84,4.80,4.78,4.80,4.86,4.84,4.87,4.91,4.95,5.06,5.02,4.99,4.97,4.97,5.00,4.95,4.86,4.77,4.76,4.85,4.84,4.77,4.72,4.69,4.70,4.70,4.67,4.59,4.57,4.55,4.49,4.40,4.35,4.31,4.30,4.32,4.31,4.22,4.20,4.27,4.16,4.03,3.95,3.90,3.84,3.81,3.87,3.93,3.92,3.90,3.86,3.80,3.72,3.70,3.51,3.42,3.40,3.44,3.49,3.45,3.38,3.29,3.21,3.19,3.17,3.15,3.13,3.06,3.04,3.04,3.02,2.99,2.99,2.99,2.97,2.87,2.81,2.78,2.79,2.86,2.86,2.78,2.80,2.94,2.86,2.78,2.73,2.71,2.70,2.69,2.70,2.68,2.62,2.56,2.52,2.42,2.27,2.22,2.21,2.23,2.31,2.45,2.52,2.61,2.71,2.83,2.83,2.86,2.89,2.93,2.97,3.01,3.03,3.06,3.09,3.17,3.15,3.11,3.15,3.56,3.68,3.58,3.40,3.27,3.15,3.03
7.91,8.22,8.80,8.67,8.64,8.66,8.65,8.53,8.42,8.31,8.21,8.15,8.12,8.02,7.84,7.62,7.43,7.39,7.34,7.30,7.34,7.37,7.31,7.18,6.99,6.77,6.49,6.27,6.11,5.92,5.83,5.82,5.84,5.82,5.77,5.68,5.61,5.58,5.57,5.60,5.64,5.67,5.68,5.72,5.74,5.71,5.65,5.60,5.54,5.51,5.50,5.53,5.56,5.58,5.67,5.84,5.77,5.71,5.64,5.55,5.47,5.45,5.45,5.45,5.44,5.41,5.38,5.36,5.35,5.34,5.30,5.25,5.19,5.13,5.08,5.04,5.01,4.97,4.99,4.97,4.96,4.98,4.97,4.95,4.91,4.86,4.80,4.75,4.75,4.77,4.80,4.86,4.87,4.78,4.66,4.66,4.71,4.73,4.69,4.54,4.68,4.83,4.86,4.77,4.73,4.69,4.69,4.74,4.81,4.81,4.80,4.79,4.79,4.87,4.96,4.97,4.91,4.86,4.82,4.67,4.56,4.65,4.73,4.76,4.80,4.86,4.84,4.88,4.87,4.82,4.82,4.74,4.73,4.80,4.92,4.97,4.98,4.97,4.95,4.97,4.94,4.94,4.95,4.96,4.97,4.91,4.83,4.76,4.75,4.82,4.80,4.71,4.67,4.65,4.66,4.66,4.64,4.60,4.59,4.56,4.51,4.46,4.38,4.32,4.29,4.29,4.27,4.23,4.24,4.27,4.18,4.06,3.99,3.94,3.85,3.85,3.87,3.88,3.86,3.85,3.82,3.78,3.72,3.63,3.43,3.38,3.41,3.45,3.48,3.42,3.34,3.29,3.27,3.28,3.25,3.19,3.10,3.07,3.03,3.00,2.97,2.93,2.91,2.91,2.90,2.81,2.76,2.77,2.83,2.89,2.81,2.73,2.75,2.87,2.82,2.73,2.70,2.71,2.69,2.68,2.70,2.70,2.65,2.53,2.48,2.38,2.24,2.23,2.23,2.26,2.31,2.41,2.48,2.55,2.64,2.74,2.74,2.79,2.85,2.90,2.93,2.97,3.00,3.04,3.11,3.20,3.24,3.27,3.35,3.59,3.72,3.63,3.41,3.19,3.10,3.01
7.03,7.74,8.65,8.46,8.41,8.42,8.44,8.47,8.44,8.34,8.24,8.21,8.16,8.04,7.83,7.59,7.49,7.42,7.37,7.37,7.44,7.44,7.39,7.26,7.04,6.84,6.53,6.28,6.10,5.93,5.81,5.83,5.86,5.81,5.75,5.69,5.63,5.56,5.44,5.47,5.53,5.60,5.63,5.63,5.65,5.64,5.58,5.55,5.50,5.48,5.49,5.50,5.53,5.54,5.62,5.83,5.76,5.70,5.62,5.54,5.47,5.46,5.47,5.47,5.46,5.43,5.40,5.39,5.38,5.35,5.30,5.25,5.19,5.13,5.08,5.02,4.98,4.94,4.94,4.94,4.94,4.93,4.94,4.94,4.90,4.84,4.77,4.73,4.73,4.75,4.79,4.87,4.84,4.75,4.65,4.65,4.72,4.73,4.66,4.52,4.71,4.82,4.82,4.72,4.68,4.65,4.65,4.68,4.73,4.71,4.71,4.72,4.73,4.83,4.89,4.88,4.82,4.74,4.69,4.63,4.59,4.62,4.71,4.72,4.73,4.76,4.76,4.84,4.86,4.82,4.79,4.69,4.69,4.79,4.97,5.09,5.09,5.04,4.98,4.92,4.91,4.93,4.96,4.95,4.93,4.86,4.80,4.76,4.72,4.77,4.73,4.65,4.63,4.63,4.62,4.62,4.62,4.61,4.61,4.59,4.56,4.54,4.43,4.35,4.29,4.26,4.22,4.24,4.25,4.22,4.18,4.11,4.05,3.99,3.87,3.90,3.86,3.81,3.78,3.77,3.76,3.74,3.70,3.54,3.37,3.35,3.41,3.46,3.45,3.37,3.31,3.30,3.35,3.37,3.33,3.23,3.08,3.10,3.04,2.97,2.92,2.87,2.83,2.82,2.83,2.76,2.70,2.75,2.84,2.89,2.74,2.67,2.70,2.78,2.75,2.67,2.66,2.68,2.66,2.67,2.68,2.69,2.67,2.52,2.45,2.35,2.23,2.23,2.26,2.29,2.33,2.38,2.44,2.50,2.58,2.67,2.65,2.71,2.79,2.85,2.86,2.90,2.94,2.99,3.09,3.21,3.33,3.46,3.57,3.64,3.72,3.62,3.38,3.09,3.03,2.99
7.98,8.68,8.29,8.16,7.96,7.88,8.01,8.42,8.38,8.26,8.15,8.08,8.03,7.93,7.80,7.68,7.63,7.53,7.45,7.42,7.46,7.41,7.37,7.26,7.04,6.76,6.53,6.32,6.10,5.79,5.80,5.85,5.85,5.77,5.66,5.57,5.53,5.53,5.51,5.53,5.51,5.48,5.48,5.48,5.51,5.52,5.50,5.51,5.51,5.51,5.49,5.50,5.51,5.53,5.62,5.80,5.75,5.68,5.61,5.53,5.48,5.49,5.49,5.49,5.47,5.44,5.43,5.41,5.38,5.35,5.30,5.25,5.19,5.13,5.08,5.02,4.98,4.94,4.91,4.91,4.92,4.93,4.96,4.94,4.88,4.81,4.74,4.70,4.71,4.75,4.79,4.85,4.79,4.70,4.63,4.67,4.73,4.73,4.67,4.56,4.75,4.77,4.74,4.68,4.63,4.61,4.61,4.64,4.67,4.66,4.65,4.65,4.69,4.79,4.82,4.81,4.75,4.66,4.59,4.59,4.60,4.59,4.67,4.70,4.69,4.67,4.75,4.78,4.79,4.78,4.74,4.69,4.70,4.79,4.96,5.12,5.13,5.09,5.06,5.03,5.05,5.04,5.00,4.93,4.86,4.81,4.78,4.76,4.66,4.68,4.65,4.60,4.59,4.64,4.62,4.60,4.60,4.58,4.59,4.64,4.68,4.63,4.50,4.43,4.36,4.21,4.21,4.17,4.14,4.12,4.15,4.17,4.10,3.97,3.81,3.90,3.84,3.75,3.70,3.69,3.67,3.65,3.61,3.50,3.39,3.37,3.41,3.47,3.42,3.33,3.29,3.36,3.40,3.36,3.31,3.26,3.16,3.15,3.07,2.97,2.90,2.85,2.80,2.78,2.78,2.75,2.66,2.66,2.70,2.74,2.65,2.62,2.64,2.68,2.66,2.65,2.62,2.60,2.62,2.66,2.65,2.63,2.62,2.53,2.43,2.34,2.28,2.22,2.28,2.35,2.40,2.42,2.47,2.51,2.57,2.65,2.60,2.66,2.73,2.78,2.79,2.84,2.87,2.92,3.04,3.24,3.46,3.62,3.70,3.75,3.60,3.43,3.23,2.97,2.94,2.94
8.64,8.92,8.20,7.99,7.77,7.69,7.84,8.30,8.29,8.20,8.10,8.03,7.95,7.83,7.75,7.70,7.64,7.54,7.46,7.43,7.46,7.37,7.32,7.22,7.02,6.73,6.53,6.33,6.09,5.77,5.82,5.87,5.85,5.74,5.66,5.57,5.55,5.57,5.54,5.51,5.48,5.46,5.46,5.45,5.45,5.44,5.45,5.46,5.47,5.47,5.49,5.51,5.50,5.51,5.59,5.73,5.73,5.67,5.59,5.53,5.50,5.51,5.52,5.52,5.49,5.47,5.45,5.42,5.39,5.35,5.30,5.24,5.19,5.13,5.08,5.03,4.98,4.95,4.91,4.90,4.89,4.90,4.93,4.92,4.86,4.78,4.71,4.69,4.71,4.75,4.80,4.82,4.75,4.68,4.64,4.69,4.74,4.72,4.66,4.59,4.71,4.71,4.68,4.66,4.61,4.57,4.55,4.56,4.58,4.61,4.59,4.59,4.65,4.74,4.75,4.72,4.67,4.59,4.53,4.54,4.58,4.58,4.64,4.67,4.67,4.65,4.76,4.77,4.77,4.75,4.72,4.66,4.68,4.77,4.92,5.14,5.16,5.13,5.09,5.07,5.11,5.10,5.04,4.94,4.85,4.81,4.79,4.77,4.72,4.69,4.63,4.58,4.58,4.60,4.56,4.53,4.55,4.53,4.55,4.61,4.67,4.64,4.59,4.52,4.42,4.30,4.27,4.18,4.12,4.11,4.12,4.12,4.06,3.95,3.86,3.89,3.81,3.70,3.62,3.60,3.58,3.57,3.54,3.45,3.39,3.38,3.40,3.44,3.38,3.31,3.30,3.38,3.40,3.36,3.32,3.28,3.20,3.17,3.11,3.03,2.94,2.91,2.83,2.76,2.73,2.72,2.64,2.60,2.60,2.61,2.58,2.58,2.60,2.60,2.60,2.61,2.57,2.54,2.61,2.67,2.65,2.60,2.59,2.50,2.40,2.33,2.29,2.23,2.30,2.38,2.44,2.47,2.52,2.54,2.58,2.65,2.64,2.67,2.70,2.73,2.75,2.77,2.80,2.85,2.96,3.19,3.49,3.70,3.74,3.60,3.39,3.23,3.08,2.92,2.89,2.91
9.11,8.75,8.26,7.90,7.73,7.70,7.82,8.10,8.14,8.11,8.06,8.01,7.90,7.75,7.68,7.68,7.58,7.51,7.45,7.42,7.43,7.32,7.23,7.13,6.97,6.72,6.53,6.31,6.06,5.82,5.87,5.89,5.85,5.74,5.71,5.64,5.63,5.65,5.56,5.46,5.45,5.50,5.51,5.49,5.43,5.40,5.42,5.41,5.39,5.41,5.47,5.53,5.51,5.50,5.55,5.65,5.71,5.66,5.58,5.52,5.52,5.53,5.54,5.54,5.51,5.49,5.46,5.43,5.40,5.36,5.30,5.24,5.19,5.13,5.08,5.03,4.99,4.96,4.93,4.89,4.87,4.86,4.89,4.89,4.83,4.74,4.68,4.68,4.72,4.77,4.82,4.80,4.72,4.66,4.66,4.72,4.74,4.71,4.66,4.62,4.64,4.63,4.64,4.65,4.59,4.52,4.48,4.47,4.50,4.57,4.53,4.52,4.61,4.68,4.67,4.64,4.59,4.53,4.49,4.50,4.54,4.57,4.61,4.64,4.66,4.68,4.77,4.79,4.78,4.75,4.71,4.63,4.66,4.75,4.86,5.15,5.19,5.15,5.10,5.07,5.12,5.14,5.09,4.96,4.88,4.84,4.81,4.79,4.83,4.76,4.65,4.58,4.62,4.55,4.47,4.44,4.47,4.47,4.50,4.55,4.59,4.59,4.67,4.59,4.48,4.47,4.37,4.22,4.14,4.15,4.10,4.01,3.96,3.94,3.95,3.88,3.77,3.66,3.55,3.52,3.50,3.50,3.50,3.40,3.38,3.39,3.40,3.41,3.32,3.30,3.33,3.38,3.38,3.36,3.34,3.30,3.22,3.18,3.16,3.12,3.03,3.02,2.89,2.76,2.69,2.68,2.62,2.57,2.53,2.49,2.53,2.56,2.56,2.54,2.54,2.56,2.52,2.50,2.63,2.69,2.66,2.60,2.56,2.45,2.37,2.31,2.29,2.27,2.32,2.38,2.45,2.52,2.56,2.58,2.60,2.64,2.72,2.72,2.70,2.71,2.73,2.71,2.73,2.78,2.86,3.08,3.45,3.72,3.73,3.30,3.14,3.02,2.93,2.91,2.88,2.89
9.04,8.67,8.28,7.94,7.78,7.70,7.62,7.41,6.59,7.15,7.93,8.00,7.86,7.75,7.68,7.65,7.64,7.51,7.43,7.36,7.28,7.24,7.14,7.02,6.88,6.65,6.45,6.20,5.95,5.85,5.93,5.92,5.84,5.70,5.71,5.79,5.85,5.86,5.76,5.66,5.58,5.53,5.50,5.47,5.46,5.46,5.45,5.42,5.37,5.36,5.38,5.40,5.41,5.45,5.51,5.60,5.69,5.65,5.59,5.53,5.52,5.53,5.53,5.53,5.53,5.50,5.47,5.43,5.40,5.36,5.30,5.24,5.19,5.13,5.08,5.04,5.00,4.96,4.93,4.90,4.87,4.85,4.84,4.84,4.79,4.72,4.67,4.67,4.72,4.79,4.84,4.79,4.70,4.66,4.69,4.73,4.71,4.66,4.63,4.66,4.66,4.64,4.61,4.59,4.54,4.46,4.45,4.47,4.48,4.53,4.48,4.46,4.55,4.61,4.59,4.55,4.51,4.47,4.47,4.48,4.51,4.55,4.60,4.63,4.67,4.71,4.78,4.78,4.74,4.69,4.66,4.65,4.73,4.85,4.97,5.16,5.20,5.18,5.15,5.10,5.09,5.08,5.05,4.93,4.81,4.80,4.83,4.89,5.01,4.95,4.93,4.98,5.08,4.88,4.64,4.46,4.41,4.42,4.43,4.44,4.45,4.46,4.53,4.53,4.48,4.44,4.31,4.19,4.11,4.09,4.08,4.05,3.97,3.89,3.87,3.78,3.71,3.67,3.66,3.59,3.52,3.49,3.47,3.35,3.36,3.39,3.41,3.39,3.28,3.29,3.32,3.32,3.37,3.37,3.36,3.33,3.27,3.22,3.19,3.21,3.26,3.13,2.91,2.76,2.71,2.70,2.65,2.59,2.53,2.47,2.49,2.49,2.48,2.46,2.47,2.49,2.46,2.45,2.62,2.61,2.61,2.59,2.51,2.41,2.36,2.31,2.26,2.32,2.37,2.40,2.44,2.51,2.56,2.58,2.60,2.64,2.72,2.69,2.68,2.69,2.69,2.70,2.70,2.72,2.77,2.87,3.17,3.40,3.41,3.06,2.96,2.88,2.82,2.80,2.84,2.90
9.01,8.65,8.32,8.01,7.86,7.75,7.58,7.22,6.27,6.90,7.80,7.94,7.87,7.79,7.71,7.66,7.65,7.50,7.39,7.30,7.17,7.13,7.03,6.91,6.80,6.61,6.40,6.13,5.90,5.90,5.98,5.94,5.83,5.71,5.74,5.88,5.98,6.00,5.91,5.79,5.68,5.58,5.53,5.48,5.47,5.47,5.45,5.41,5.36,5.33,5.32,5.32,5.34,5.38,5.43,5.50,5.60,5.60,5.56,5.54,5.54,5.54,5.54,5.54,5.54,5.51,5.47,5.44,5.40,5.36,5.30,5.24,5.19,5.13,5.09,5.04,5.00,4.97,4.94,4.91,4.88,4.85,4.82,4.80,4.78,4.74,4.70,4.69,4.73,4.80,4.86,4.77,4.69,4.67,4.71,4.75,4.68,4.64,4.65,4.71,4.71,4.67,4.62,4.58,4.53,4.45,4.45,4.48,4.46,4.46,4.41,4.41,4.50,4.53,4.50,4.47,4.43,4.39,4.41,4.43,4.47,4.52,4.58,4.62,4.66,4.70,4.76,4.75,4.71,4.65,4.60,4.65,4.75,4.86,4.99,5.12,5.18,5.19,5.16,5.12,5.07,5.04,4.99,4.89,4.78,4.77,4.86,5.00,5.20,5.17,5.17,5.23,5.33,5.12,4.89,4.72,4.64,4.54,4.42,4.36,4.35,4.35,4.39,4.42,4.42,4.37,4.23,4.14,4.10,4.08,4.10,4.09,4.03,3.94,3.88,3.72,3.65,3.64,3.68,3.60,3.50,3.45,3.42,3.32,3.35,3.40,3.41,3.35,3.25,3.29,3.33,3.31,3.36,3.37,3.36,3.35,3.31,3.24,3.20,3.25,3.36,3.14,2.89,2.74,2.71,2.72,2.67,2.62,2.57,2.50,2.50,2.46,2.42,2.41,2.42,2.44,2.41,2.41,2.56,2.54,2.56,2.55,2.46,2.37,2.35,2.32,2.28,2.39,2.43,2.44,2.46,2.50,2.54,2.56,2.58,2.61,2.71,2.67,2.66,2.69,2.67,2.67,2.66,2.68,2.76,2.82,3.01,3.14,3.11,2.86,2.82,2.79,2.75,2.75,2.80,2.88
9.04,8.70,8.38,8.11,7.97,7.85,7.74,7.66,7.48,7.54,7.69,7.81,7.96,7.88,7.78,7.70,7.60,7.46,7.33,7.21,7.10,6.98,6.89,6.81,6.73,6.61,6.40,6.12,5.91,5.99,6.02,5.94,5.84,5.78,5.79,5.91,6.01,6.06,6.01,5.85,5.74,5.67,5.62,5.53,5.46,5.42,5.41,5.38,5.37,5.35,5.33,5.29,5.28,5.28,5.29,5.34,5.43,5.47,5.50,5.55,5.57,5.58,5.58,5.58,5.55,5.51,5.48,5.44,5.40,5.36,5.30,5.24,5.18,5.12,5.09,5.05,5.02,4.99,4.96,4.92,4.88,4.85,4.83,4.81,4.81,4.81,4.75,4.72,4.74,4.80,4.88,4.76,4.70,4.68,4.72,4.77,4.67,4.64,4.70,4.79,4.77,4.73,4.68,4.63,4.59,4.49,4.47,4.49,4.45,4.36,4.35,4.39,4.45,4.44,4.43,4.40,4.36,4.30,4.30,4.35,4.41,4.48,4.55,4.62,4.65,4.63,4.71,4.72,4.68,4.61,4.55,4.63,4.70,4.78,4.91,5.03,5.14,5.16,5.13,5.12,5.09,5.02,4.93,4.85,4.78,4.76,4.87,5.13,5.41,5.43,5.36,5.29,5.32,5.25,5.24,5.25,5.22,4.87,4.50,4.31,4.28,4.30,4.25,4.27,4.30,4.26,4.13,4.09,4.11,4.14,4.16,4.14,4.14,4.11,4.00,3.72,3.59,3.57,3.60,3.53,3.45,3.38,3.32,3.31,3.36,3.39,3.38,3.30,3.24,3.29,3.36,3.39,3.37,3.36,3.36,3.35,3.32,3.24,3.20,3.22,3.28,3.03,2.83,2.72,2.69,2.73,2.68,2.67,2.65,2.59,2.55,2.46,2.40,2.39,2.40,2.41,2.38,2.35,2.43,2.47,2.51,2.49,2.40,2.33,2.35,2.35,2.35,2.48,2.48,2.50,2.51,2.50,2.51,2.54,2.54,2.53,2.70,2.64,2.64,2.69,2.67,2.62,2.62,2.69,2.86,2.94,2.99,2.95,2.83,2.70,2.73,2.75,2.75,2.77,2.77,2.84
9.09,8.76,8.44,8.21,8.08,7.96,7.84,7.77,7.71,7.68,7.74,7.93,8.05,7.97,7.86,7.81,7.88,7.83,7.65,7.43,7.27,6.94,6.79,6.71,6.64,6.53,6.34,6.13,5.97,6.02,6.02,5.91,5.80,5.77,5.84,5.96,5.99,5.93,5.88,5.79,5.74,5.71,5.65,5.60,5.53,5.48,5.46,5.43,5.38,5.34,5.30,5.27,5.27,5.26,5.25,5.26,5.32,5.37,5.41,5.46,5.50,5.50,5.54,5.57,5.55,5.52,5.48,5.45,5.41,5.35,5.30,5.25,5.19,5.13,5.10,5.06,5.03,5.00,4.96,4.93,4.90,4.88,4.83,4.81,4.81,4.83,4.86,4.78,4.76,4.79,4.83,4.73,4.68,4.67,4.72,4.77,4.64,4.62,4.70,4.82,4.78,4.74,4.70,4.67,4.64,4.58,4.53,4.49,4.49,4.38,4.36,4.37,4.37,4.34,4.36,4.35,4.31,4.27,4.28,4.33,4.40,4.46,4.61,4.66,4.64,4.60,4.66,4.67,4.63,4.58,4.59,4.73,4.79,4.84,4.90,4.96,5.02,5.08,5.11,5.11,5.07,4.99,4.89,4.80,4.77,4.79,4.87,5.02,5.22,5.30,5.26,5.15,5.10,5.09,5.10,5.15,5.18,4.93,4.66,4.53,4.55,4.56,4.30,4.19,4.18,4.14,4.08,4.07,4.11,4.18,4.19,4.09,4.06,4.05,4.01,3.64,3.52,3.52,3.53,3.49,3.41,3.35,3.31,3.34,3.37,3.38,3.34,3.25,3.29,3.34,3.38,3.41,3.40,3.39,3.37,3.35,3.29,3.21,3.15,3.12,3.12,2.96,2.83,2.76,2.73,2.73,2.68,2.67,2.67,2.64,2.65,2.54,2.45,2.42,2.44,2.41,2.37,2.36,2.39,2.41,2.41,2.39,2.35,2.33,2.32,2.33,2.39,2.52,2.53,2.53,2.53,2.51,2.51,2.55,2.56,2.54,2.67,2.63,2.62,2.64,2.60,2.58,2.61,2.72,2.91,2.98,2.94,2.83,2.71,2.68,2.70,2.70,2.71,2.74,2.79,2.89
9.15,8.81,8.50,8.32,8.19,8.06,7.94,7.83,7.79,7.74,7.81,8.06,8.14,8.06,7.96,7.94,8.16,8.19,8.01,7.73,7.49,6.93,6.73,6.65,6.57,6.44,6.28,6.13,6.04,6.05,6.01,5.88,5.77,5.77,5.88,5.99,5.96,5.81,5.77,5.75,5.75,5.74,5.68,5.66,5.62,5.57,5.55,5.51,5.42,5.32,5.25,5.25,5.26,5.24,5.22,5.21,5.25,5.29,5.33,5.37,5.42,5.42,5.47,5.53,5.54,5.52,5.49,5.45,5.41,5.35,5.30,5.25,5.20,5.15,5.10,5.07,5.04,5.01,4.97,4.94,4.92,4.90,4.84,4.80,4.80,4.83,4.92,4.83,4.81,4.81,4.78,4.70,4.65,4.66,4.72,4.74,4.62,4.62,4.70,4.83,4.79,4.75,4.72,4.70,4.66,4.64,4.57,4.51,4.51,4.43,4.40,4.36,4.31,4.27,4.32,4.32,4.28,4.26,4.28,4.33,4.39,4.45,4.64,4.66,4.61,4.57,4.58,4.59,4.55,4.54,4.64,4.82,4.87,4.88,4.89,4.89,4.91,4.98,5.06,5.05,5.01,4.95,4.86,4.75,4.75,4.81,4.86,4.90,5.01,5.12,5.11,5.00,4.91,4.93,4.94,4.98,5.03,4.93,4.79,4.75,4.80,4.81,4.42,4.18,4.09,4.05,4.06,4.06,4.10,4.19,4.20,4.04,3.94,3.91,3.89,3.50,3.42,3.47,3.48,3.45,3.38,3.33,3.31,3.36,3.39,3.37,3.30,3.21,3.35,3.38,3.39,3.42,3.42,3.40,3.38,3.34,3.27,3.19,3.11,3.04,2.99,2.89,2.83,2.80,2.79,2.75,2.69,2.68,2.69,2.68,2.74,2.62,2.50,2.47,2.49,2.44,2.40,2.38,2.39,2.37,2.33,2.31,2.32,2.35,2.30,2.31,2.41,2.53,2.54,2.53,2.52,2.51,2.52,2.55,2.57,2.56,2.63,2.62,2.60,2.59,2.55,2.53,2.58,2.71,2.90,2.95,2.87,2.75,2.65,2.69,2.68,2.67,2.67,2.71,2.81,2.94
9.20,8.87,8.57,8.43,8.30,8.17,8.04,7.92,7.89,7.80,7.86,8.17,8.22,8.15,8.08,8.10,8.26,8.29,8.26,8.09,7.68,6.96,6.76,6.69,6.55,6.41,6.19,6.08,6.09,6.09,6.00,5.85,5.76,5.82,5.85,5.90,5.88,5.81,5.79,5.77,5.77,5.76,5.71,5.70,5.69,5.68,5.67,5.62,5.51,5.32,5.16,5.20,5.21,5.20,5.20,5.21,5.26,5.29,5.31,5.31,5.34,5.36,5.39,5.44,5.49,5.51,5.49,5.45,5.41,5.36,5.30,5.25,5.19,5.16,5.11,5.08,5.05,5.02,4.98,4.95,4.93,4.89,4.85,4.81,4.80,4.81,4.85,4.89,4.95,4.91,4.75,4.68,4.65,4.67,4.72,4.68,4.62,4.68,4.77,4.80,4.85,4.78,4.73,4.72,4.63,4.61,4.58,4.54,4.48,4.49,4.46,4.39,4.31,4.31,4.33,4.32,4.27,4.24,4.27,4.30,4.35,4.42,4.53,4.56,4.55,4.51,4.43,4.45,4.45,4.50,4.69,4.80,4.83,4.81,4.80,4.79,4.83,4.87,4.91,4.86,4.85,4.87,4.85,4.73,4.73,4.78,4.84,4.90,4.94,4.97,4.97,4.96,4.96,4.95,4.95,4.95,4.93,4.86,4.81,4.81,4.85,4.86,4.63,4.32,4.09,4.07,4.07,4.07,4.08,4.14,4.18,4.01,3.84,3.66,3.44,3.25,3.29,3.40,3.45,3.42,3.38,3.32,3.29,3.38,3.40,3.36,3.29,3.21,3.35,3.39,3.40,3.41,3.43,3.39,3.34,3.30,3.32,3.22,3.12,3.02,2.92,2.84,2.79,2.80,2.84,2.81,2.75,2.74,2.74,2.73,2.76,2.63,2.52,2.51,2.53,2.52,2.50,2.47,2.44,2.37,2.31,2.30,2.38,2.40,2.31,2.29,2.38,2.47,2.48,2.47,2.46,2.48,2.50,2.51,2.51,2.51,2.58,2.58,2.57,2.57,2.56,2.49,2.50,2.58,2.71,2.77,2.76,2.70,2.64,2.69,2.66,2.65,2.65,2.66,2.81,2.93
9.25,8.93,8.66,8.54,8.41,8.28,8.15,8.01,7.96,7.90,7.98,8.29,8.28,8.20,8.17,8.23,8.33,8.35,8.32,8.14,7.67,6.98,6.77,6.69,6.57,6.42,6.15,6.07,6.13,6.10,5.98,5.86,5.80,5.87,5.89,5.88,5.87,5.85,5.84,5.85,5.83,5.78,5.74,5.74,5.75,5.74,5.72,5.67,5.49,5.31,5.19,5.21,4.77,4.63,4.69,4.84,5.21,5.30,5.30,5.31,5.34,5.35,5.36,5.38,5.43,5.46,5.47,5.45,5.41,5.36,5.30,5.25,5.20,5.17,5.12,5.09,5.06,5.02,4.98,4.97,4.95,4.90,4.86,4.82,4.80,4.80,4.83,4.88,4.95,4.91,4.72,4.66,4.64,4.68,4.73,4.66,4.64,4.70,4.76,4.75,4.81,4.79,4.76,4.72,4.65,4.62,4.59,4.56,4.55,4.63,4.59,4.51,4.43,4.38,4.32,4.29,4.28,4.24,4.25,4.25,4.25,4.29,4.37,4.42,4.45,4.43,4.36,4.36,4.38,4.45,4.63,4.72,4.74,4.72,4.70,4.72,4.76,4.80,4.81,4.79,4.79,4.81,4.79,4.71,4.76,4.80,4.85,4.88,4.90,4.90,4.90,4.92,4.95,4.97,4.97,4.95,4.89,4.83,4.84,4.85,4.86,4.87,4.76,4.45,4.14,4.07,4.01,3.94,3.92,3.99,4.07,3.93,3.74,3.54,3.34,3.26,3.31,3.40,3.43,3.41,3.34,3.29,3.29,3.39,3.39,3.32,3.25,3.26,3.37,3.39,3.39,3.40,3.41,3.37,3.30,3.26,3.29,3.23,3.14,3.04,2.92,2.82,2.79,2.81,2.85,2.83,2.79,2.79,2.79,2.76,2.75,2.61,2.50,2.52,2.55,2.58,2.56,2.52,2.49,2.40,2.31,2.29,2.39,2.39,2.31,2.27,2.32,2.37,2.38,2.38,2.39,2.42,2.44,2.46,2.47,2.48,2.53,2.52,2.53,2.55,2.55,2.48,2.49,2.56,2.67,2.70,2.72,2.69,2.65,2.65,2.62,2.62,2.64,2.68,2.83,2.92
9.31,9.01,8.77,8.65,8.52,8.38,8.25,8.12,8.03,8.02,8.15,8.41,8.33,8.24,8.25,8.34,8.38,8.38,8.29,8.05,7.57,7.00,6.76,6.68,6.61,6.44,6.15,6.08,6.17,6.11,5.97,5.88,5.87,5.91,5.96,5.90,5.88,5.91,5.90,5.94,5.88,5.79,5.77,5.78,5.79,5.77,5.74,5.68,5.43,5.30,5.27,5.23,4.17,3.85,3.99,4.31,5.06,5.24,5.26,5.30,5.37,5.37,5.35,5.35,5.38,5.38,5.43,5.45,5.41,5.36,5.29,5.24,5.21,5.18,5.13,5.10,5.07,5.03,4.99,5.00,4.97,4.90,4.87,4.83,4.80,4.79,4.82,4.84,4.89,4.86,4.71,4.64,4.64,4.69,4.74,4.66,4.67,4.70,4.71,4.70,4.74,4.78,4.78,4.72,4.69,4.66,4.61,4.59,4.67,4.79,4.75,4.67,4.60,4.47,4.30,4.26,4.29,4.25,4.24,4.20,4.14,4.12,4.19,4.27,4.32,4.33,4.33,4.30,4.31,4.39,4.51,4.60,4.63,4.62,4.60,4.66,4.71,4.74,4.75,4.78,4.78,4.75,4.70,4.69,4.80,4.84,4.86,4.87,4.87,4.88,4.88,4.89,4.92,4.98,5.00,4.98,4.89,4.82,4.86,4.88,4.87,4.85,4.85,4.57,4.22,4.07,3.91,3.74,3.70,3.79,3.91,3.81,3.65,3.50,3.41,3.38,3.41,3.43,3.42,3.40,3.29,3.25,3.31,3.41,3.37,3.26,3.20,3.31,3.38,3.38,3.37,3.37,3.39,3.33,3.26,3.21,3.22,3.21,3.15,3.05,2.93,2.82,2.80,2.82,2.84,2.82,2.82,2.83,2.82,2.78,2.73,2.57,2.48,2.52,2.55,2.62,2.61,2.55,2.54,2.45,2.33,2.28,2.37,2.35,2.30,2.26,2.24,2.26,2.26,2.29,2.32,2.35,2.36,2.40,2.43,2.45,2.49,2.46,2.47,2.52,2.52,2.49,2.52,2.59,2.67,2.69,2.71,2.70,2.65,2.60,2.56,2.58,2.64,2.73,2.85,2.91
9.36,9.08,8.89,8.75,8.63,8.50,8.36,8.23,8.11,8.15,8.27,8.37,8.34,8.32,8.34,8.38,8.40,8.40,8.36,8.16,7.66,7.11,6.81,6.65,6.54,6.30,6.16,6.16,6.19,6.08,5.96,5.94,5.97,6.00,6.02,5.92,5.86,5.86,5.82,5.82,5.79,5.76,5.78,5.86,5.82,5.78,5.77,5.63,5.39,5.28,5.21,4.91,4.09,3.83,3.89,4.01,4.28,4.36,4.56,4.96,5.35,5.35,5.35,5.36,5.37,5.34,5.36,5.37,5.34,5.33,5.29,5.26,5.22,5.18,5.14,5.11,5.07,5.04,5.03,5.00,4.96,4.91,4.88,4.84,4.81,4.79,4.81,4.83,4.86,4.81,4.68,4.63,4.67,4.71,4.73,4.67,4.68,4.72,4.75,4.75,4.86,4.82,4.76,4.74,4.82,4.75,4.65,4.62,4.74,4.82,4.78,4.69,4.60,4.49,4.36,4.30,4.31,4.36,4.38,4.31,4.21,4.13,4.17,4.20,4.21,4.19,4.16,4.17,4.22,4.31,4.40,4.50,4.53,4.53,4.54,4.61,4.65,4.68,4.70,4.73,4.73,4.68,4.65,4.68,4.81,4.86,4.87,4.86,4.85,4.86,4.85,4.86,4.95,4.96,4.98,4.96,4.89,4.82,4.84,4.87,4.89,4.87,4.83,4.48,4.10,4.05,3.75,3.62,3.60,3.66,3.73,3.72,3.70,3.66,3.54,3.46,3.45,3.45,3.40,3.37,3.29,3.28,3.34,3.40,3.34,3.22,3.18,3.32,3.36,3.37,3.37,3.36,3.37,3.26,3.22,3.23,3.11,2.99,2.92,2.86,2.77,2.73,2.77,2.81,2.82,2.85,2.84,2.81,2.79,2.78,2.66,2.53,2.48,2.52,2.56,2.62,2.65,2.64,2.58,2.45,2.33,2.27,2.32,2.28,2.29,2.28,2.24,2.21,2.22,2.24,2.25,2.22,2.26,2.33,2.38,2.40,2.41,2.40,2.42,2.47,2.44,2.49,2.56,2.60,2.59,2.59,2.63,2.63,2.58,2.54,2.53,2.54,2.60,2.74,2.83,2.89
9.41,9.16,9.00,8.86,8.74,8.62,8.50,8.33,8.21,8.29,8.38,8.37,8.35,8.39,8.41,8.42,8.43,8.43,8.42,8.24,7.75,7.20,6.85,6.63,6.47,6.19,6.17,6.20,6.19,6.05,5.97,5.98,6.03,6.06,6.07,5.94,5.86,5.85,5.80,5.78,5.77,5.76,5.77,5.87,5.86,5.83,5.80,5.56,5.37,5.28,5.11,4.46,3.97,3.82,3.83,3.83,3.84,3.87,4.09,4.51,4.92,4.94,5.12,5.34,5.36,5.33,5.33,5.33,5.30,5.29,5.26,5.23,5.21,5.19,5.15,5.12,5.08,5.05,5.06,5.02,4.96,4.92,4.89,4.85,4.82,4.79,4.79,4.82,4.81,4.76,4.67,4.62,4.69,4.73,4.72,4.69,4.70,4.75,4.79,4.82,4.94,4.86,4.78,4.78,4.85,4.77,4.70,4.68,4.78,4.82,4.78,4.70,4.62,4.52,4.39,4.32,4.33,4.42,4.46,4.42,4.32,4.22,4.22,4.18,4.13,4.09,4.08,4.10,4.14,4.21,4.29,4.39,4.42,4.42,4.44,4.52,4.57,4.61,4.64,4.67,4.64,4.61,4.60,4.66,4.79,4.84,4.85,4.85,4.86,4.86,4.85,4.85,4.94,4.95,4.96,4.95,4.88,4.82,4.82,4.85,4.88,4.86,4.73,4.36,4.02,3.99,3.64,3.54,3.56,3.60,3.63,3.67,3.71,3.71,3.63,3.57,3.55,3.49,3.37,3.31,3.29,3.31,3.36,3.37,3.29,3.21,3.20,3.32,3.34,3.34,3.34,3.34,3.34,3.19,3.18,3.23,3.11,2.89,2.80,2.75,2.70,2.70,2.76,2.79,2.80,2.85,2.84,2.81,2.77,2.75,2.59,2.50,2.49,2.54,2.58,2.62,2.64,2.62,2.54,2.41,2.31,2.26,2.28,2.27,2.31,2.32,2.28,2.25,2.26,2.25,2.22,2.16,2.20,2.27,2.31,2.32,2.33,2.34,2.37,2.40,2.38,2.46,2.54,2.56,2.51,2.50,2.54,2.54,2.50,2.47,2.50,2.53,2.60,2.75,2.81,2.86
9.44,9.24,9.11,8.98,8.84,8.75,8.65,8.42,8.35,8.42,8.48,8.40,8.37,8.43,8.47,8.46,8.45,8.45,8.45,8.28,7.82,7.28,6.89,6.62,6.42,6.11,6.17,6.21,6.17,6.01,6.00,6.01,6.05,6.10,6.09,5.96,5.87,5.86,5.85,5.83,5.82,5.79,5.75,5.82,5.89,5.92,5.83,5.47,5.38,5.31,4.96,3.87,3.80,3.83,3.84,3.76,3.76,3.81,3.88,3.96,4.05,4.08,4.64,5.29,5.35,5.33,5.32,5.31,5.28,5.24,5.19,5.17,5.18,5.20,5.16,5.12,5.09,5.07,5.10,5.03,4.96,4.93,4.89,4.86,4.83,4.80,4.76,4.81,4.75,4.68,4.67,4.63,4.71,4.74,4.72,4.73,4.73,4.78,4.85,4.90,4.97,4.91,4.85,4.83,4.79,4.74,4.75,4.80,4.80,4.80,4.75,4.70,4.65,4.54,4.40,4.33,4.34,4.42,4.49,4.50,4.46,4.40,4.35,4.21,4.09,4.04,4.08,4.08,4.08,4.10,4.20,4.29,4.29,4.28,4.30,4.38,4.47,4.53,4.55,4.58,4.51,4.51,4.57,4.63,4.75,4.79,4.81,4.82,4.89,4.88,4.86,4.86,4.91,4.94,4.96,4.93,4.86,4.80,4.81,4.83,4.83,4.82,4.55,4.22,3.96,3.87,3.56,3.51,3.55,3.60,3.63,3.66,3.66,3.65,3.66,3.71,3.70,3.58,3.35,3.24,3.29,3.35,3.37,3.33,3.21,3.22,3.28,3.31,3.30,3.29,3.29,3.29,3.30,3.13,3.12,3.23,3.22,2.95,2.79,2.72,2.71,2.74,2.77,2.78,2.78,2.82,2.82,2.81,2.77,2.68,2.50,2.48,2.51,2.56,2.61,2.62,2.58,2.51,2.42,2.31,2.27,2.25,2.23,2.33,2.37,2.36,2.35,2.39,2.37,2.31,2.23,2.17,2.19,2.22,2.22,2.20,2.25,2.28,2.31,2.33,2.33,2.42,2.47,2.48,2.46,2.45,2.43,2.43,2.42,2.40,2.46,2.54,2.64,2.74,2.79,2.82
9.50,9.36,9.26,9.19,9.01,8.84,8.70,8.57,8.52,8.51,8.49,8.43,8.41,8.46,8.48,8.45,8.42,8.39,8.31,8.12,7.74,7.28,6.90,6.60,6.37,6.16,6.21,6.23,6.15,5.99,5.99,6.02,6.07,6.10,6.01,5.94,5.90,5.88,5.89,5.87,5.86,5.84,5.81,5.79,5.88,5.88,5.69,5.42,5.36,5.13,4.63,3.80,3.77,3.78,3.79,3.79,3.81,3.82,3.85,3.90,4.01,3.99,4.22,4.53,4.61,5.18,5.33,5.30,5.25,5.21,5.17,5.14,5.11,5.11,5.09,5.08,5.09,5.09,5.08,5.03,4.98,4.94,4.91,4.87,4.84,4.81,4.77,4.86,4.79,4.69,4.66,4.67,4.73,4.75,4.72,4.71,4.73,4.78,4.82,4.85,4.90,4.88,4.85,4.84,4.83,4.78,4.77,4.79,4.79,4.83,4.79,4.70,4.59,4.49,4.40,4.36,4.38,4.43,4.50,4.58,4.60,4.50,4.46,4.32,4.18,4.10,4.09,4.08,4.06,4.05,4.13,4.17,4.16,4.18,4.24,4.26,4.33,4.37,4.41,4.46,4.40,4.40,4.48,4.65,4.75,4.79,4.81,4.84,4.86,4.88,4.86,4.83,4.86,4.96,5.01,5.00,4.95,4.83,4.74,4.65,4.58,4.68,4.31,4.07,3.89,3.66,3.52,3.51,3.55,3.60,3.63,3.65,3.64,3.62,3.64,3.63,3.60,3.50,3.33,3.25,3.30,3.36,3.37,3.30,3.17,3.20,3.29,3.29,3.26,3.25,3.24,3.23,3.25,3.12,3.10,3.15,3.12,2.94,2.78,2.69,2.69,2.77,2.81,2.82,2.81,2.81,2.81,2.80,2.76,2.62,2.50,2.52,2.55,2.53,2.54,2.57,2.55,2.46,2.35,2.25,2.23,2.25,2.26,2.41,2.44,2.44,2.44,2.50,2.55,2.46,2.32,2.26,2.27,2.25,2.22,2.20,2.23,2.26,2.26,2.26,2.26,2.32,2.38,2.43,2.47,2.43,2.39,2.37,2.35,2.38,2.42,2.48,2.58,2.71,2.74,2.76
9.59,9.50,9.42,9.35,9.14,8.92,8.76,8.69,8.64,8.57,8.50,8.46,8.44,8.47,8.46,8.41,8.37,8.32,8.17,7.93,7.63,7.23,6.87,6.54,6.29,6.21,6.25,6.23,6.13,6.01,5.99,6.03,6.07,6.09,5.94,5.92,5.91,5.89,5.92,5.91,5.90,5.89,5.87,5.79,5.86,5.82,5.57,5.40,5.34,4.93,4.27,3.79,3.77,3.76,3.77,3.82,3.85,3.84,3.85,3.90,4.02,3.97,3.92,3.95,4.12,5.02,5.28,5.28,5.25,5.22,5.19,5.12,5.05,5.03,5.01,5.02,5.05,5.07,5.04,5.01,4.98,4.95,4.92,4.89,4.86,4.83,4.82,4.89,4.80,4.69,4.65,4.71,4.75,4.75,4.71,4.69,4.72,4.76,4.78,4.78,4.82,4.83,4.83,4.84,4.85,4.82,4.79,4.78,4.78,4.84,4.82,4.70,4.53,4.45,4.43,4.42,4.43,4.44,4.50,4.62,4.68,4.57,4.53,4.40,4.25,4.15,4.10,4.09,4.07,4.07,4.10,4.08,4.08,4.11,4.18,4.17,4.19,4.23,4.28,4.33,4.30,4.31,4.42,4.66,4.76,4.79,4.82,4.85,4.84,4.87,4.83,4.78,4.81,4.97,5.04,5.06,5.02,4.85,4.71,4.50,4.32,4.45,4.09,3.94,3.82,3.49,3.48,3.51,3.55,3.60,3.63,3.63,3.62,3.59,3.60,3.55,3.49,3.41,3.30,3.27,3.32,3.36,3.36,3.27,3.14,3.18,3.27,3.24,3.21,3.19,3.17,3.15,3.16,3.11,3.07,3.05,2.99,2.90,2.77,2.68,2.70,2.81,2.85,2.86,2.85,2.81,2.80,2.80,2.73,2.56,2.51,2.56,2.58,2.53,2.48,2.51,2.49,2.41,2.30,2.21,2.20,2.24,2.29,2.45,2.48,2.49,2.51,2.59,2.66,2.57,2.41,2.36,2.33,2.28,2.24,2.23,2.25,2.26,2.23,2.20,2.20,2.24,2.28,2.34,2.44,2.39,2.35,2.32,2.30,2.36,2.39,2.44,2.52,2.68,2.69,2.72
