7.16,7.06,6.93,6.91,6.91,6.92,7.02,7.10,7.11,7.11,7.18,7.87,9.53,10.91,11.05,8.40,3.96,2.06,2.05,2.07,2.07,2.07,2.07,2.07,2.04,2.05,3.35,4.32,4.31,4.32,4.34,4.37,4.42,4.41,4.43,4.40,4.33,4.25,4.18,4.15,4.15,4.16,4.21,4.21,4.22,4.25,4.25,4.24,4.34,4.50,4.57,4.40,4.50,4.79,5.06,4.00,2.99,2.46,1.58,1.58,1.57,1.56,1.56,1.57,1.57,1.58,1.58,1.58,1.58,3.36,3.30,3.24,3.18,3.22,3.25,3.23,3.13,3.02,3.10,2.89,2.32,1.68,1.73,1.83,1.61,1.59,1.63,1.59,1.56,1.59,1.60,1.55,1.52,1.52,1.55,1.54,1.56,1.59,1.60,1.65,1.71,1.68,1.55,1.55,1.56,1.55,1.53,1.54,1.54,1.56,1.58,1.56,1.55,1.56,1.58,1.59,1.59,1.60,1.59,1.59,1.58,1.69,1.78,1.85,1.96,2.33,3.00,3.11,3.11,2.82,2.82,2.92,3.00,2.96,2.84,2.76,2.81,3.01,3.27,3.49,3.53,3.47,3.47,3.39,3.37,3.38,3.39,3.40,3.39,3.35,3.37,3.59,3.63,3.49,3.31,3.21,3.17,3.12,3.18,3.33,3.39,3.37,3.37,3.25,2.80,2.77,2.82,2.92,3.02,3.07,3.08,3.09,3.12,3.14,3.17,3.19,3.21,3.23,3.26,3.26,3.25,3.23,3.22,3.22,3.21,3.19,3.17,3.15,3.14,3.12,3.09,3.04,2.98,3.02,3.12,3.08,3.00,3.05,3.17,3.29,3.31,3.31,3.31,3.30,3.31,3.32,3.32,3.32,3.35,3.36,3.36,3.33,3.28,3.30,3.31,3.32,3.33,3.34,3.35,3.37,3.38,3.38,3.32,3.30,3.28,3.27,3.25,3.24,3.17,3.07,2.93,2.94,3.04,3.12,3.11,3.06,2.99,2.90,2.77,2.60,2.65,2.69,2.73,2.78,2.63,2.57,2.58,2.63,2.70,2.77,2.83,2.86,2.88,2.92,2.92,2.90
7.12,6.99,6.93,6.94,6.94,6.96,7.09,7.15,7.14,7.11,7.17,8.06,9.94,11.24,10.68,6.13,3.18,2.05,2.04,2.05,2.06,2.07,2.07,2.05,2.04,2.22,3.07,4.29,4.27,4.24,4.27,4.31,4.33,4.52,4.57,4.51,4.37,4.27,4.19,4.16,4.17,4.19,4.23,4.24,4.25,4.30,4.27,4.25,4.46,4.82,5.02,4.80,5.00,5.42,5.70,4.43,3.12,2.42,1.57,1.56,1.56,1.56,1.56,1.57,1.56,1.57,1.58,1.58,1.58,3.37,3.30,3.21,3.21,3.26,3.27,3.23,3.13,3.04,3.11,3.14,2.95,2.28,2.38,2.86,2.34,2.28,2.19,1.89,1.71,1.83,1.70,1.58,1.52,1.55,1.60,1.58,1.59,1.62,1.65,1.66,1.71,1.68,1.56,1.55,1.56,1.55,1.53,1.53,1.53,1.56,1.58,1.56,1.54,1.54,1.56,1.59,1.60,1.60,1.60,1.59,1.58,1.56,1.56,1.71,2.05,2.45,3.00,3.04,3.02,2.74,2.82,2.96,3.04,2.98,2.83,2.75,2.82,3.03,3.32,3.45,3.47,3.44,3.45,3.31,3.28,3.30,3.31,3.30,3.31,3.27,3.29,3.59,3.62,3.56,3.42,3.24,3.19,3.10,3.17,3.37,3.41,3.38,3.33,3.19,2.82,2.74,2.81,2.93,3.01,3.03,3.05,3.04,3.03,3.04,3.09,3.12,3.14,3.18,3.24,3.25,3.25,3.24,3.23,3.22,3.21,3.19,3.17,3.15,3.13,3.12,3.09,3.03,2.99,3.05,3.12,3.04,2.97,3.05,3.20,3.31,3.31,3.30,3.30,3.30,3.32,3.33,3.32,3.32,3.33,3.31,3.29,3.24,3.18,3.30,3.32,3.33,3.35,3.35,3.37,3.39,3.39,3.36,3.32,3.30,3.28,3.27,3.25,3.24,3.22,3.15,2.94,2.89,2.99,3.10,3.11,3.04,2.96,2.86,2.74,2.58,2.66,2.71,2.72,2.71,2.60,2.60,2.64,2.68,2.75,2.80,2.85,2.91,2.98,3.06,3.08,3.07
7.05,6.96,6.96,6.94,6.99,7.10,7.16,7.18,7.17,7.12,7.11,7.71,9.87,11.33,10.55,5.50,2.96,2.06,2.07,2.04,2.06,2.06,2.07,2.08,2.05,2.91,3.39,4.10,4.16,4.14,4.20,4.21,4.10,5.06,5.18,4.88,4.44,4.28,4.19,4.18,4.20,4.21,4.26,4.28,4.32,4.42,4.40,4.32,4.61,5.24,5.84,6.06,6.27,6.45,6.53,5.29,3.60,2.62,1.58,1.56,1.57,1.57,1.57,1.57,1.56,1.55,1.55,1.58,1.58,3.41,3.32,3.20,3.24,3.32,3.31,3.24,3.13,3.09,3.14,3.85,5.06,4.92,5.01,5.46,6.12,6.19,5.56,3.66,2.38,2.78,1.99,1.64,1.57,1.60,1.64,1.63,1.65,1.67,1.65,1.70,1.72,1.68,1.57,1.55,1.58,1.56,1.52,1.51,1.53,1.56,1.57,1.54,1.55,1.55,1.56,1.58,1.58,1.60,1.60,1.59,1.57,1.55,1.56,1.62,1.80,2.33,2.99,3.01,2.96,2.71,2.82,2.92,2.97,2.93,2.82,2.83,2.91,3.02,3.14,3.22,3.25,3.30,3.40,3.32,3.24,3.20,3.20,3.23,3.23,3.22,3.23,3.35,3.50,3.57,3.52,3.35,3.28,3.15,3.18,3.36,3.37,3.35,3.19,2.97,2.83,2.70,2.79,2.94,3.03,3.04,3.06,3.05,3.02,3.03,3.05,3.07,3.10,3.17,3.19,3.21,3.23,3.24,3.24,3.23,3.21,3.20,3.19,3.18,3.17,3.13,3.05,2.97,3.00,3.07,3.12,3.02,2.97,3.08,3.24,3.33,3.33,3.33,3.33,3.33,3.33,3.33,3.34,3.33,3.30,3.33,3.30,3.25,3.23,3.32,3.35,3.36,3.36,3.37,3.38,3.41,3.40,3.33,3.31,3.29,3.28,3.27,3.25,3.24,3.22,3.19,3.12,2.89,2.90,3.01,3.11,3.01,2.91,2.78,2.64,2.59,2.66,2.76,2.79,2.67,2.62,2.66,2.73,2.78,2.82,2.86,2.91,2.97,3.05,3.10,3.13,3.17
7.04,6.99,6.99,7.00,7.07,7.18,7.21,7.24,7.21,7.14,7.18,8.39,10.26,11.39,10.38,4.44,2.60,2.07,2.07,2.05,2.06,2.07,2.08,2.09,2.07,3.15,3.50,4.03,4.12,3.94,3.86,3.70,3.45,4.34,5.22,5.74,5.79,5.56,5.18,4.99,4.92,4.81,4.81,4.75,4.72,4.76,4.60,4.65,5.11,5.85,6.42,6.81,7.07,7.20,7.14,5.45,3.62,2.61,1.59,1.56,1.57,1.58,1.57,1.57,1.57,1.56,1.55,1.57,1.58,3.42,3.33,3.22,3.28,3.36,3.34,3.24,3.13,3.14,3.27,3.98,5.12,5.18,5.26,5.35,5.46,5.61,5.27,4.29,3.70,4.00,3.33,3.35,3.48,3.56,3.61,3.36,2.65,1.92,1.67,1.73,1.74,1.68,1.58,1.56,1.58,1.57,1.54,1.52,1.55,1.56,1.55,1.54,1.54,1.56,1.57,1.58,1.59,1.60,1.60,1.58,1.57,1.60,1.60,1.61,1.69,2.04,3.13,3.08,2.97,2.74,2.84,2.92,2.95,2.89,2.80,2.87,2.95,3.01,3.05,3.13,3.16,3.18,3.27,3.27,3.21,3.16,3.15,3.20,3.18,3.18,3.20,3.27,3.40,3.48,3.47,3.38,3.29,3.21,3.24,3.36,3.36,3.35,3.12,2.85,2.81,2.72,2.80,2.93,3.01,3.03,3.05,3.05,3.03,3.04,3.05,3.06,3.09,3.13,3.14,3.16,3.18,3.20,3.22,3.21,3.20,3.21,3.25,3.22,3.19,3.12,3.01,2.92,3.00,3.08,3.10,3.00,3.01,3.13,3.27,3.33,3.33,3.33,3.33,3.33,3.33,3.35,3.34,3.31,3.25,3.29,3.27,3.25,3.25,3.34,3.37,3.38,3.38,3.39,3.41,3.42,3.39,3.32,3.30,3.29,3.28,3.26,3.25,3.23,3.22,3.20,3.19,2.97,2.87,2.90,3.03,2.97,2.88,2.72,2.56,2.59,2.68,2.76,2.77,2.64,2.67,2.73,2.80,2.84,2.88,2.92,2.98,3.04,3.10,3.14,3.19,3.25
7.06,7.06,7.02,7.08,7.17,7.24,7.25,7.31,7.25,7.19,7.37,9.59,10.88,11.43,10.18,3.21,2.19,2.07,2.07,2.07,2.07,2.08,2.08,2.09,2.10,2.16,2.23,2.55,3.65,3.63,3.39,3.01,2.64,3.02,4.97,6.81,7.70,7.24,6.47,6.11,6.01,5.75,5.66,5.49,5.36,5.27,4.91,5.17,5.82,6.56,6.88,7.27,7.57,7.74,7.60,5.34,3.47,2.50,1.59,1.56,1.57,1.57,1.57,1.56,1.57,1.57,1.57,1.57,1.64,3.40,3.34,3.25,3.33,3.39,3.35,3.25,3.13,3.20,3.44,3.79,4.13,4.22,4.27,4.34,4.48,4.74,4.82,5.17,5.56,5.73,5.25,5.74,6.18,6.33,6.41,5.82,4.12,2.40,1.87,1.93,1.92,1.87,1.79,1.75,1.71,1.70,1.67,1.55,1.58,1.57,1.54,1.54,1.52,1.56,1.58,1.59,1.61,1.61,1.60,1.58,1.57,1.67,1.67,1.66,1.68,1.71,3.32,3.20,2.99,2.80,2.87,2.94,2.94,2.86,2.77,2.87,2.97,3.00,3.02,3.13,3.14,3.09,3.10,3.19,3.18,3.15,3.14,3.17,3.14,3.14,3.18,3.26,3.29,3.32,3.35,3.36,3.27,3.27,3.32,3.37,3.36,3.35,3.09,2.79,2.78,2.76,2.83,2.91,2.96,3.02,3.03,3.03,3.04,3.05,3.06,3.08,3.08,3.06,3.09,3.11,3.12,3.14,3.18,3.18,3.19,3.22,3.31,3.26,3.19,3.09,2.97,2.89,3.00,3.08,3.07,2.97,3.07,3.19,3.28,3.32,3.33,3.32,3.31,3.32,3.33,3.36,3.34,3.28,3.20,3.22,3.22,3.23,3.27,3.35,3.38,3.39,3.39,3.40,3.44,3.42,3.37,3.32,3.30,3.29,3.27,3.26,3.24,3.23,3.21,3.20,3.18,3.09,2.89,2.79,2.91,2.93,2.85,2.67,2.50,2.60,2.71,2.74,2.70,2.62,2.73,2.79,2.84,2.89,2.94,2.99,3.05,3.11,3.14,3.20,3.27,3.33
7.09,7.07,7.14,7.26,7.32,7.31,7.27,7.28,7.25,7.44,8.14,10.28,11.21,11.32,9.74,3.04,2.15,2.08,2.08,2.08,2.08,2.09,2.10,2.10,2.10,2.36,2.73,3.19,3.84,2.85,2.30,2.07,1.94,2.08,2.73,3.33,3.67,3.92,4.11,5.50,7.03,7.15,7.16,7.01,6.80,6.63,6.46,6.55,6.83,7.18,7.36,7.48,7.40,7.34,7.47,6.60,3.74,1.76,1.57,1.56,1.57,1.57,1.56,1.56,1.57,1.56,1.56,1.66,3.23,3.32,3.33,3.30,3.37,3.41,3.34,3.24,3.15,3.22,3.44,3.72,3.95,4.01,4.01,4.00,4.03,4.15,4.24,4.42,4.70,5.01,4.85,5.06,5.37,5.66,5.83,5.76,5.22,4.72,4.83,6.09,6.57,6.59,6.63,6.68,5.48,5.08,4.58,1.78,1.68,1.60,1.56,1.57,1.55,1.56,1.58,1.59,1.60,1.60,1.59,1.58,1.57,1.71,1.90,2.10,2.29,2.48,3.19,3.11,2.96,2.82,2.90,2.95,2.93,2.85,2.77,2.88,2.97,2.99,2.96,3.10,3.11,3.08,3.14,3.17,3.17,3.14,3.07,3.14,3.13,3.10,3.09,3.12,3.15,3.18,3.21,3.23,3.19,3.27,3.33,3.35,3.37,3.36,3.10,2.79,2.73,2.79,2.87,2.95,2.99,3.03,3.04,3.04,3.04,3.04,3.06,3.07,3.07,3.06,3.07,3.07,3.08,3.09,3.10,3.08,3.10,3.13,3.18,3.17,3.14,3.07,2.99,2.94,3.03,3.08,3.05,2.95,3.08,3.21,3.30,3.33,3.33,3.32,3.31,3.32,3.32,3.33,3.31,3.27,3.22,3.23,3.23,3.24,3.28,3.30,3.30,3.32,3.34,3.35,3.43,3.41,3.34,3.31,3.30,3.29,3.27,3.26,3.24,3.23,3.21,3.20,3.18,3.14,2.99,2.87,2.86,2.90,2.74,2.60,2.57,2.65,2.80,2.79,2.69,2.60,2.68,2.75,2.82,2.89,2.99,3.04,3.09,3.14,3.19,3.24,3.32,3.39
7.14,7.16,7.25,7.36,7.39,7.34,7.29,7.26,7.25,7.75,9.15,10.91,11.48,11.00,9.17,3.12,2.11,2.08,2.08,2.09,2.09,2.10,2.10,2.10,2.10,2.47,3.04,3.61,3.92,2.38,1.70,1.60,1.58,1.60,1.59,1.58,1.60,1.97,2.84,5.17,7.58,7.90,7.96,6.68,6.14,6.63,6.70,7.18,7.51,7.60,7.66,7.26,6.74,6.41,6.50,5.95,3.32,1.56,1.57,1.56,1.57,1.56,1.55,1.55,1.56,1.56,1.56,1.72,3.31,3.31,3.31,3.35,3.42,3.42,3.34,3.24,3.18,3.25,3.43,3.64,3.80,3.84,3.82,3.79,3.77,3.78,3.86,3.94,4.11,4.36,4.37,4.45,4.66,4.97,5.22,5.41,5.52,5.72,6.17,6.55,6.69,6.74,6.79,6.84,6.09,5.84,5.48,3.58,2.53,1.86,1.56,1.58,1.56,1.56,1.57,1.58,1.60,1.60,1.59,1.57,1.56,1.75,2.05,2.36,2.66,2.94,3.09,3.01,2.89,2.84,2.91,2.94,2.92,2.84,2.77,2.89,2.98,2.98,2.91,3.05,3.08,3.06,3.13,3.14,3.15,3.12,3.08,3.14,3.09,3.05,3.04,3.04,3.05,3.07,3.10,3.12,3.10,3.25,3.35,3.34,3.37,3.28,3.03,2.78,2.69,2.82,2.92,2.98,3.02,3.04,3.04,3.04,3.04,3.04,3.06,3.07,3.06,3.06,3.06,3.05,3.06,3.07,3.05,3.04,3.05,3.08,3.09,3.10,3.08,3.03,2.97,2.97,3.04,3.07,3.04,2.97,3.10,3.23,3.32,3.34,3.33,3.32,3.32,3.31,3.32,3.31,3.29,3.26,3.23,3.24,3.25,3.27,3.29,3.28,3.27,3.28,3.31,3.32,3.41,3.39,3.33,3.31,3.30,3.29,3.27,3.25,3.24,3.23,3.21,3.20,3.18,3.17,3.07,2.95,2.85,2.87,2.66,2.57,2.63,2.71,2.82,2.78,2.69,2.68,2.72,2.78,2.83,2.89,2.98,3.04,3.10,3.17,3.24,3.29,3.36,3.42
7.19,7.35,7.36,7.38,7.36,7.33,7.30,7.26,7.25,8.12,10.43,11.45,11.66,10.45,8.33,2.60,2.08,2.09,2.09,2.10,2.11,2.10,2.10,2.09,2.09,2.47,3.13,3.78,3.87,2.22,1.61,1.60,1.57,1.61,1.61,1.59,1.57,1.59,1.68,1.87,2.05,2.09,2.10,2.47,3.02,5.05,5.42,6.95,7.81,7.80,7.75,6.54,5.52,4.86,4.55,3.08,2.04,1.56,1.56,1.57,1.58,1.57,1.56,1.54,1.56,1.57,1.58,1.74,3.49,3.34,3.29,3.38,3.47,3.42,3.34,3.26,3.23,3.30,3.42,3.55,3.67,3.70,3.71,3.73,3.73,3.67,3.70,3.77,3.81,3.80,3.80,3.90,4.05,4.25,4.55,4.71,4.89,5.20,5.73,6.60,6.95,7.07,7.13,7.19,7.40,7.47,7.44,7.45,4.35,2.39,1.55,1.56,1.58,1.57,1.57,1.58,1.59,1.60,1.59,1.57,1.56,1.79,2.10,2.43,2.75,3.10,3.04,2.90,2.78,2.86,2.92,2.93,2.90,2.83,2.75,2.91,3.00,2.96,2.88,3.00,3.04,3.04,3.05,3.11,3.10,3.12,3.19,3.19,3.00,2.97,3.05,3.04,3.01,3.01,3.03,3.04,3.00,3.22,3.36,3.36,3.36,3.10,2.88,2.74,2.65,2.84,2.96,3.02,3.04,3.04,3.03,3.03,3.03,3.04,3.07,3.07,3.06,3.07,3.05,3.04,3.05,3.07,3.06,3.05,3.05,3.05,3.05,3.05,3.01,2.94,2.88,2.96,3.04,3.05,3.03,3.06,3.15,3.26,3.34,3.33,3.33,3.33,3.32,3.30,3.31,3.31,3.29,3.26,3.24,3.25,3.28,3.31,3.29,3.30,3.29,3.29,3.30,3.31,3.36,3.35,3.33,3.31,3.29,3.28,3.26,3.25,3.24,3.23,3.21,3.20,3.19,3.17,3.14,3.04,2.87,2.83,2.64,2.58,2.67,2.76,2.78,2.71,2.70,2.87,2.87,2.88,2.89,2.89,2.89,2.96,3.06,3.17,3.29,3.34,3.39,3.44
7.34,7.44,7.37,7.34,7.32,7.29,7.27,7.22,7.95,9.35,11.12,11.47,11.59,9.82,6.76,2.50,2.10,2.10,2.10,2.10,2.10,2.10,2.09,2.08,2.08,2.39,3.11,3.76,3.31,2.05,1.59,1.59,1.56,1.59,1.59,1.58,1.58,1.58,1.58,1.57,1.56,1.59,1.59,1.58,2.04,3.04,3.23,3.99,4.41,4.51,5.05,4.36,3.85,3.39,2.82,2.09,1.71,1.56,1.56,1.58,1.58,1.56,1.55,1.55,1.56,1.56,1.57,1.73,3.49,3.38,3.34,3.42,3.51,3.43,3.33,3.27,3.30,3.35,3.43,3.52,3.61,3.66,3.70,3.73,3.74,3.69,3.69,3.72,3.73,3.70,3.70,3.78,3.85,3.93,4.06,4.17,4.31,4.65,5.34,6.07,5.76,5.92,6.95,7.35,7.66,7.82,7.88,7.97,3.94,2.05,1.53,1.54,1.56,1.56,1.56,1.57,1.58,1.59,1.59,1.57,1.56,1.75,2.01,2.30,2.62,3.18,3.04,2.88,2.79,2.88,2.93,2.92,2.87,2.81,2.79,2.93,2.99,2.94,2.89,3.01,3.04,3.05,3.13,3.09,3.09,3.11,3.14,3.17,3.06,3.05,3.10,3.10,3.06,3.04,3.03,3.02,3.08,3.26,3.36,3.35,3.35,3.00,2.80,2.74,2.71,2.91,3.01,3.05,3.03,3.03,3.03,3.03,3.03,3.04,3.07,3.06,3.04,3.05,3.04,3.05,3.06,3.06,3.07,3.05,3.05,3.05,3.04,3.05,3.01,2.93,2.86,2.98,3.04,3.03,3.02,3.09,3.19,3.28,3.34,3.34,3.33,3.33,3.32,3.32,3.33,3.31,3.30,3.28,3.23,3.28,3.31,3.32,3.31,3.31,3.31,3.31,3.31,3.30,3.33,3.34,3.33,3.31,3.30,3.28,3.27,3.25,3.25,3.23,3.21,3.20,3.18,3.16,3.13,3.04,2.89,2.69,2.61,2.64,2.72,2.79,2.75,2.67,2.66,2.83,2.86,2.90,2.94,2.97,2.99,3.03,3.08,3.14,3.20,3.26,3.36,3.46
7.45,7.48,7.36,7.30,7.28,7.27,7.24,7.19,8.61,10.44,11.49,10.75,10.26,8.18,5.01,2.40,2.12,2.10,2.11,2.10,2.10,2.09,2.09,2.08,2.07,2.35,3.09,3.68,2.65,1.86,1.58,1.57,1.56,1.57,1.57,1.58,1.58,1.58,1.58,1.57,1.57,1.59,1.59,1.58,1.56,1.55,1.55,1.55,1.55,1.72,2.68,2.61,2.60,2.34,1.59,1.58,1.57,1.56,1.56,1.58,1.58,1.56,1.55,1.56,1.55,1.55,1.66,2.04,3.46,3.40,3.40,3.46,3.53,3.43,3.32,3.28,3.37,3.39,3.44,3.51,3.58,3.64,3.69,3.73,3.75,3.72,3.70,3.70,3.70,3.69,3.69,3.73,3.75,3.73,3.72,3.79,3.88,4.15,4.80,5.30,4.51,4.59,6.11,6.68,6.90,7.07,7.16,7.03,3.13,1.68,1.51,1.52,1.55,1.55,1.56,1.56,1.57,1.58,1.58,1.57,1.56,1.68,1.89,2.13,2.45,3.24,3.03,2.87,2.82,2.90,2.94,2.91,2.85,2.79,2.85,2.95,2.99,2.95,2.91,3.02,3.04,3.05,3.17,3.07,3.09,3.12,3.09,3.17,3.14,3.14,3.18,3.17,3.13,3.10,3.07,3.05,3.19,3.31,3.35,3.34,3.33,2.95,2.75,2.74,2.79,2.95,3.04,3.06,3.03,3.03,3.03,3.03,3.03,3.04,3.06,3.05,3.03,3.04,3.04,3.05,3.06,3.06,3.07,3.06,3.05,3.05,3.04,3.04,3.00,2.94,2.88,3.01,3.03,3.01,2.99,3.12,3.22,3.30,3.35,3.35,3.33,3.32,3.32,3.33,3.34,3.31,3.30,3.30,3.25,3.32,3.33,3.33,3.33,3.32,3.33,3.33,3.33,3.29,3.32,3.33,3.33,3.32,3.30,3.29,3.28,3.26,3.25,3.24,3.22,3.20,3.18,3.16,3.12,3.04,2.90,2.60,2.61,2.69,2.76,2.81,2.73,2.65,2.64,2.77,2.83,2.89,2.97,3.03,3.07,3.08,3.10,3.12,3.13,3.21,3.33,3.45
7.43,7.43,7.34,7.29,7.28,7.27,7.22,7.21,8.91,10.83,11.30,8.28,5.70,3.92,3.05,2.22,2.11,2.10,2.10,2.10,2.09,2.09,2.08,2.07,2.06,2.41,3.14,3.51,1.92,1.66,1.58,1.57,1.57,1.58,1.57,1.57,1.58,1.57,1.57,1.58,1.58,1.58,1.58,1.58,1.57,1.56,1.57,1.58,1.57,1.60,1.77,1.76,1.77,1.72,1.57,1.56,1.58,1.58,1.56,1.56,1.57,1.56,1.55,1.56,1.56,1.56,2.04,3.51,3.39,3.41,3.45,3.48,3.49,3.40,3.31,3.30,3.39,3.42,3.48,3.54,3.59,3.64,3.68,3.72,3.76,3.77,3.71,3.70,3.70,3.71,3.72,3.72,3.70,3.69,3.71,3.78,3.78,3.77,3.88,4.13,3.65,3.42,3.78,3.89,3.89,3.96,3.96,3.56,2.11,1.58,1.52,1.51,1.54,1.54,1.55,1.57,1.58,1.57,1.57,1.57,1.56,1.58,1.70,1.92,2.29,3.19,2.96,2.82,2.83,2.90,2.94,2.91,2.85,2.80,2.92,2.95,2.97,2.99,2.94,3.01,3.02,3.01,3.04,3.03,3.10,3.12,3.10,3.26,3.19,3.20,3.27,3.25,3.20,3.17,3.14,3.14,3.30,3.35,3.35,3.33,3.30,2.96,2.77,2.73,2.83,2.92,3.00,3.05,3.04,3.03,3.03,3.03,3.02,3.03,3.05,3.05,3.04,3.03,3.05,3.05,3.05,3.06,3.06,3.06,3.05,3.05,3.05,3.02,3.00,2.97,2.94,3.04,3.04,2.98,2.95,3.13,3.26,3.31,3.33,3.33,3.33,3.32,3.32,3.32,3.32,3.29,3.28,3.28,3.30,3.34,3.35,3.34,3.33,3.32,3.33,3.34,3.34,3.29,3.32,3.34,3.34,3.33,3.31,3.30,3.29,3.27,3.25,3.23,3.22,3.21,3.20,3.18,3.13,3.05,2.92,2.66,2.67,2.73,2.77,2.79,2.70,2.68,2.71,2.78,2.83,2.88,2.94,2.99,3.03,3.07,3.11,3.16,3.22,3.26,3.30,3.35
7.45,7.39,7.33,7.29,7.27,7.25,7.20,7.67,9.41,11.07,11.11,6.41,4.11,2.57,2.43,2.15,2.10,2.09,2.09,2.09,2.09,2.08,2.07,2.09,2.27,2.85,3.40,3.34,1.69,1.58,1.57,1.57,1.58,1.59,1.57,1.57,1.59,1.58,1.57,1.58,1.59,1.58,1.57,1.58,1.58,1.58,1.60,1.60,1.59,1.57,1.57,1.56,1.56,1.57,1.56,1.56,1.58,1.58,1.57,1.56,1.56,1.56,1.55,1.56,1.56,1.56,2.18,3.54,3.37,3.40,3.48,3.53,3.49,3.38,3.30,3.29,3.36,3.43,3.50,3.56,3.61,3.65,3.69,3.72,3.76,3.79,3.76,3.73,3.73,3.76,3.78,3.76,3.73,3.71,3.72,3.75,3.71,3.63,3.53,3.57,3.29,3.08,3.08,3.05,2.99,2.98,2.83,2.13,1.72,1.56,1.53,1.53,1.55,1.54,1.54,1.56,1.57,1.56,1.57,1.58,1.58,1.57,1.62,1.93,2.53,3.15,2.94,2.83,2.85,2.92,2.94,2.90,2.83,2.78,2.92,2.95,2.96,2.96,2.92,3.00,3.03,3.03,3.04,3.04,3.11,3.15,3.14,3.31,3.29,3.30,3.33,3.31,3.27,3.24,3.23,3.26,3.34,3.36,3.35,3.33,3.19,2.92,2.76,2.75,2.85,2.95,3.00,3.03,3.04,3.03,3.03,3.02,3.02,3.03,3.04,3.04,3.04,3.03,3.04,3.05,3.05,3.06,3.06,3.06,3.06,3.05,3.05,3.01,2.98,2.96,2.97,3.04,3.03,2.99,3.00,3.16,3.28,3.32,3.32,3.33,3.32,3.32,3.32,3.31,3.31,3.27,3.25,3.27,3.33,3.35,3.35,3.34,3.33,3.33,3.33,3.34,3.34,3.29,3.33,3.35,3.35,3.33,3.31,3.30,3.29,3.27,3.26,3.25,3.24,3.22,3.20,3.18,3.13,3.00,2.81,2.69,2.71,2.78,2.82,2.76,2.69,2.71,2.76,2.80,2.85,2.89,2.94,2.99,3.03,3.07,3.12,3.17,3.24,3.27,3.30,3.33
7.47,7.37,7.33,7.29,7.25,7.21,7.18,8.32,9.97,11.21,10.89,4.94,3.29,2.88,2.45,2.13,2.08,2.09,2.09,2.08,2.08,2.07,2.07,2.13,2.61,3.44,3.74,3.24,1.83,1.64,1.58,1.58,1.59,1.59,1.57,1.57,1.60,1.61,1.58,1.59,1.60,1.59,1.57,1.58,1.60,1.60,1.62,1.62,1.61,1.59,1.59,1.57,1.57,1.56,1.55,1.57,1.58,1.59,1.59,1.57,1.56,1.55,1.54,1.56,1.55,1.56,2.20,3.58,3.37,3.41,3.51,3.58,3.50,3.37,3.30,3.29,3.33,3.44,3.52,3.58,3.64,3.66,3.71,3.74,3.76,3.79,3.82,3.78,3.77,3.83,3.83,3.81,3.78,3.75,3.73,3.70,3.67,3.60,3.47,3.33,3.19,3.12,3.13,3.12,3.06,2.98,2.66,1.69,1.62,1.57,1.54,1.55,1.56,1.55,1.54,1.54,1.55,1.55,1.57,1.59,1.60,1.58,1.57,2.03,2.93,3.11,2.95,2.86,2.88,2.94,2.92,2.88,2.82,2.75,2.88,2.95,2.95,2.91,2.88,3.01,3.06,3.07,3.09,3.05,3.13,3.19,3.19,3.35,3.40,3.40,3.37,3.36,3.34,3.32,3.33,3.39,3.36,3.35,3.36,3.32,3.04,2.85,2.76,2.76,2.86,2.99,3.02,3.02,3.05,3.02,3.02,3.02,3.02,3.04,3.03,3.03,3.03,3.04,3.04,3.05,3.05,3.05,3.05,3.06,3.06,3.05,3.04,3.01,2.96,2.94,2.98,3.03,3.01,3.01,3.07,3.20,3.28,3.30,3.29,3.32,3.31,3.31,3.31,3.31,3.31,3.25,3.24,3.27,3.34,3.35,3.34,3.34,3.33,3.33,3.33,3.33,3.32,3.29,3.33,3.36,3.36,3.34,3.32,3.30,3.28,3.27,3.29,3.27,3.25,3.23,3.20,3.18,3.12,2.93,2.64,2.70,2.75,2.83,2.89,2.74,2.69,2.73,2.80,2.84,2.88,2.92,2.96,3.00,3.05,3.09,3.13,3.18,3.22,3.27,3.31,3.35
7.45,7.38,7.32,7.27,7.24,7.20,7.17,8.73,10.31,11.16,10.36,4.54,2.90,2.53,2.24,2.11,2.09,2.09,2.09,2.08,2.08,2.08,2.08,2.23,3.94,3.93,4.01,4.15,4.23,2.87,1.84,1.58,1.58,1.58,1.57,1.58,1.59,1.59,1.58,1.59,1.60,1.58,1.57,1.58,1.60,1.60,1.61,1.59,1.58,1.57,1.56,1.57,1.57,1.57,1.58,1.57,1.58,1.58,1.57,1.56,1.56,1.55,1.54,1.55,1.56,1.56,2.19,3.56,3.43,3.47,3.55,3.59,3.48,3.36,3.32,3.35,3.44,3.50,3.56,3.61,3.65,3.70,3.73,3.75,3.76,3.78,3.80,3.81,3.82,3.82,3.82,3.80,3.77,3.74,3.72,3.70,3.66,3.60,3.51,3.37,3.23,3.14,3.11,3.07,3.02,2.88,2.64,1.67,1.57,1.54,1.54,1.54,1.56,1.54,1.53,1.54,1.56,1.63,1.63,1.65,1.57,1.59,1.58,2.07,3.04,3.07,2.92,2.85,2.88,2.94,2.92,2.89,2.84,2.77,2.85,2.87,2.90,2.96,3.00,3.06,3.08,3.09,3.09,3.06,3.14,3.19,3.19,3.36,3.41,3.41,3.38,3.38,3.38,3.36,3.35,3.36,3.36,3.36,3.32,3.18,2.85,2.80,2.78,2.79,2.89,3.00,3.03,3.02,3.04,3.03,3.02,3.02,3.02,3.04,3.03,3.03,3.03,3.04,3.04,3.04,3.04,3.04,3.05,3.05,3.05,3.05,3.05,3.00,2.95,2.94,2.99,3.01,2.98,3.00,3.09,3.21,3.25,3.05,2.97,3.31,3.30,3.30,3.30,3.30,3.28,3.25,3.26,3.30,3.36,3.35,3.34,3.34,3.33,3.33,3.33,3.34,3.33,3.31,3.34,3.36,3.36,3.35,3.33,3.31,3.30,3.28,3.28,3.26,3.25,3.25,3.24,3.19,3.09,2.91,2.70,2.77,2.80,2.82,2.81,2.70,2.69,2.74,2.83,2.91,2.96,3.00,3.02,3.05,3.08,3.12,3.16,3.21,3.26,3.30,3.34,3.39
7.42,7.36,7.31,7.27,7.23,7.27,7.54,9.35,10.72,10.91,9.38,4.59,2.55,2.29,2.14,2.11,2.10,2.10,2.09,2.09,2.08,2.08,2.10,2.32,3.90,3.92,3.98,4.07,4.13,3.22,2.62,2.37,2.40,2.38,2.08,1.77,1.59,1.58,1.57,1.58,1.59,1.58,1.58,1.59,1.60,1.60,1.60,1.58,1.57,1.56,1.55,1.57,1.57,1.57,1.58,1.57,1.57,1.57,1.56,1.57,1.56,1.55,1.55,1.54,1.56,1.85,2.55,3.56,3.46,3.51,3.58,3.59,3.47,3.35,3.33,3.36,3.42,3.51,3.58,3.63,3.67,3.72,3.74,3.75,3.76,3.78,3.78,3.81,3.83,3.80,3.81,3.79,3.76,3.73,3.71,3.69,3.66,3.61,3.55,3.43,3.29,3.20,3.17,3.13,3.07,2.82,2.53,1.68,1.56,1.53,1.53,1.53,1.55,1.54,1.53,1.54,1.55,2.11,2.28,2.05,1.96,1.99,1.97,2.33,3.07,3.02,2.89,2.86,2.90,2.96,2.92,2.90,2.86,2.81,2.82,2.80,2.83,2.91,2.99,3.02,3.05,3.07,3.07,3.04,3.11,3.16,3.17,3.36,3.40,3.39,3.37,3.38,3.39,3.37,3.35,3.35,3.36,3.36,3.28,3.08,2.78,2.77,2.78,2.82,2.93,3.01,3.02,3.02,3.03,3.03,3.02,3.02,3.02,3.03,3.03,3.03,3.03,3.04,3.04,3.04,3.04,3.04,3.05,3.05,3.05,3.04,3.03,2.98,2.94,2.95,3.00,3.01,2.94,2.97,3.09,3.21,3.23,3.02,2.95,3.29,3.13,3.01,3.09,3.30,3.28,3.26,3.26,3.29,3.37,3.36,3.34,3.34,3.33,3.33,3.33,3.34,3.34,3.31,3.35,3.37,3.37,3.35,3.34,3.32,3.31,3.29,3.27,3.25,3.25,3.26,3.25,3.17,3.02,2.85,2.74,2.80,2.84,2.83,2.77,2.67,2.71,2.78,2.86,2.95,3.00,3.03,3.05,3.07,3.11,3.16,3.20,3.24,3.28,3.31,3.36,3.40
7.38,7.33,7.30,7.26,7.22,7.40,8.30,10.21,11.18,10.46,7.84,3.29,2.25,2.19,2.14,2.11,2.10,2.09,2.10,2.10,2.08,2.07,2.14,2.42,3.81,3.89,3.93,3.92,3.93,3.93,4.01,4.12,4.23,4.18,3.22,2.56,1.60,1.59,1.57,1.56,1.57,1.58,1.59,1.59,1.60,1.59,1.57,1.58,1.58,1.58,1.56,1.57,1.58,1.58,1.56,1.55,1.56,1.57,1.56,1.58,1.55,1.55,1.56,1.54,1.56,3.25,3.36,3.58,3.48,3.54,3.59,3.57,3.46,3.36,3.34,3.33,3.26,3.48,3.60,3.66,3.70,3.71,3.75,3.76,3.77,3.79,3.74,3.77,3.80,3.79,3.80,3.78,3.75,3.73,3.70,3.69,3.67,3.64,3.60,3.51,3.37,3.30,3.32,3.29,3.21,2.81,2.33,1.71,1.56,1.52,1.51,1.52,1.55,1.54,1.53,1.54,1.54,3.09,2.99,2.86,2.85,2.87,2.82,2.87,3.01,2.96,2.88,2.87,2.93,2.99,2.94,2.91,2.90,2.87,2.78,2.75,2.75,2.77,2.86,2.90,2.95,3.00,3.04,2.97,3.04,3.10,3.13,3.36,3.37,3.35,3.36,3.37,3.37,3.36,3.34,3.34,3.37,3.36,3.24,3.03,2.82,2.77,2.77,2.84,2.98,3.00,3.01,3.01,3.02,3.02,3.02,3.02,3.02,3.02,3.02,3.02,3.02,3.03,3.03,3.03,3.03,3.04,3.04,3.04,3.04,3.03,2.98,2.93,2.93,2.97,3.01,3.00,2.88,2.92,3.09,3.18,3.22,3.22,3.23,3.26,2.77,2.43,2.66,3.32,3.29,3.26,3.24,3.27,3.38,3.36,3.34,3.34,3.33,3.33,3.33,3.34,3.34,3.32,3.36,3.37,3.37,3.36,3.34,3.33,3.31,3.30,3.28,3.26,3.24,3.23,3.23,3.14,2.90,2.74,2.76,2.80,2.87,2.86,2.76,2.65,2.76,2.84,2.90,2.95,2.99,3.01,3.03,3.05,3.14,3.20,3.24,3.25,3.28,3.31,3.35,3.40
7.39,7.35,7.31,7.27,7.22,7.57,9.12,10.65,11.28,9.80,5.72,2.86,2.22,2.18,2.15,2.11,2.09,2.09,2.10,2.11,2.07,2.06,2.45,3.98,3.86,3.93,3.97,3.97,3.95,3.95,3.95,3.95,3.97,4.02,3.62,3.48,3.97,4.07,4.09,3.25,2.23,1.59,1.58,1.59,1.59,1.58,1.58,1.58,1.58,1.57,1.56,1.58,1.59,1.58,1.57,1.55,1.57,1.57,1.56,1.57,1.56,1.56,1.57,1.55,1.56,3.44,3.45,3.47,3.49,3.57,3.59,3.53,3.43,3.36,3.39,3.45,3.48,3.64,3.66,3.68,3.74,3.72,3.75,3.77,3.79,3.82,3.79,3.78,3.79,3.80,3.78,3.77,3.74,3.71,3.70,3.68,3.67,3.65,3.62,3.53,3.44,3.67,4.42,5.88,6.08,5.78,5.41,1.73,1.56,1.52,1.52,1.52,1.53,1.52,1.52,1.53,1.54,3.03,2.95,2.86,2.87,2.89,2.87,2.88,2.92,2.86,2.84,2.88,2.95,3.00,2.94,2.90,2.88,2.84,2.81,2.78,2.76,2.77,2.81,2.82,2.84,2.86,2.88,2.85,2.92,2.99,3.01,3.07,3.13,3.22,3.32,3.36,3.36,3.35,3.35,3.35,3.37,3.36,3.24,3.04,2.82,2.74,2.78,2.89,3.00,3.02,3.02,3.02,3.03,3.03,2.71,2.74,3.01,3.01,3.02,3.02,3.02,3.02,3.03,3.03,3.03,3.04,3.04,3.04,3.04,3.03,2.98,2.89,2.92,2.98,3.03,2.98,2.91,2.98,3.08,2.98,2.73,2.44,2.15,1.90,2.13,2.64,3.09,3.31,3.29,3.26,3.24,3.27,3.37,3.35,3.34,3.34,3.33,3.33,3.33,3.34,3.35,3.33,3.35,3.37,3.38,3.36,3.35,3.33,3.32,3.30,3.29,3.27,3.25,3.22,3.18,3.09,2.90,2.77,2.81,2.84,2.87,2.83,2.74,2.69,2.77,2.85,2.92,2.99,3.03,3.05,3.06,3.08,3.14,3.20,3.23,3.26,3.30,3.33,3.36,3.39
7.39,7.36,7.32,7.27,7.23,7.72,9.82,10.98,11.34,9.24,3.87,2.53,2.23,2.20,2.15,2.12,2.08,2.08,2.09,2.10,2.07,2.12,2.76,3.99,3.92,3.97,4.02,4.03,3.98,3.92,3.88,3.84,3.81,3.89,3.91,3.91,3.92,4.00,4.03,3.35,2.61,2.03,2.03,2.05,2.01,1.88,1.63,1.59,1.58,1.56,1.56,1.58,1.58,1.58,1.57,1.56,1.57,1.57,1.55,1.56,1.56,1.57,1.56,1.56,1.56,3.59,3.53,3.40,3.50,3.60,3.60,3.51,3.41,3.38,3.43,3.54,3.69,3.77,3.70,3.67,3.75,3.73,3.75,3.77,3.80,3.84,3.82,3.80,3.80,3.81,3.77,3.75,3.73,3.70,3.70,3.67,3.66,3.66,3.64,3.54,3.50,3.87,4.93,7.13,7.93,8.02,7.82,1.72,1.55,1.52,1.52,1.51,1.51,1.51,1.52,1.53,1.54,2.90,2.88,2.79,2.64,2.83,2.88,2.87,2.83,2.78,2.82,2.89,2.95,3.00,2.94,2.89,2.86,2.85,2.86,2.82,2.79,2.78,2.78,2.76,2.76,2.77,2.76,2.77,2.83,2.89,2.89,2.85,2.92,3.07,3.22,3.27,3.27,3.27,3.30,3.37,3.37,3.36,3.23,2.99,2.81,2.72,2.80,2.94,3.02,3.04,3.04,3.04,3.03,3.02,2.34,2.27,2.75,3.00,3.02,3.02,3.02,3.02,3.03,3.03,3.03,3.04,3.04,3.04,3.05,3.03,2.97,2.86,2.90,2.99,3.04,2.96,2.96,3.04,3.10,2.91,2.53,2.09,1.50,0.79,1.33,2.19,2.57,2.42,2.69,3.08,3.25,3.27,3.34,3.33,3.33,3.34,3.33,3.33,3.34,3.34,3.35,3.33,3.35,3.37,3.39,3.37,3.36,3.34,3.32,3.31,3.29,3.27,3.25,3.21,3.14,3.01,2.88,2.82,2.85,2.90,2.88,2.81,2.74,2.76,2.80,2.86,2.93,3.01,3.05,3.07,3.09,3.12,3.15,3.20,3.23,3.26,3.31,3.34,3.37,3.38
7.37,7.34,7.31,7.27,7.24,7.81,10.21,11.14,11.41,8.98,2.76,2.36,2.28,2.23,2.15,2.12,2.09,2.07,2.07,2.07,2.07,2.35,3.02,3.98,3.95,4.02,4.06,4.05,4.01,3.97,3.94,3.92,3.90,3.89,3.85,3.81,3.78,3.77,3.80,3.69,3.60,3.85,3.90,3.97,3.78,3.12,1.82,1.58,1.58,1.58,1.56,1.56,1.57,1.57,1.58,1.56,1.56,1.56,1.56,1.56,1.56,1.55,1.56,1.56,1.58,3.59,3.53,3.42,3.53,3.63,3.61,3.51,3.41,3.40,3.42,3.53,3.80,3.77,3.67,3.64,3.70,3.70,3.74,3.78,3.80,3.82,3.82,3.82,3.82,3.80,3.77,3.75,3.73,3.71,3.69,3.66,3.66,3.67,3.66,3.59,3.55,3.61,3.89,4.75,6.83,7.87,7.92,1.66,1.53,1.52,1.51,1.52,1.52,1.52,1.53,1.54,1.53,1.71,1.84,1.89,1.85,2.57,2.80,2.81,2.79,2.79,2.83,2.89,2.95,2.97,2.94,2.89,2.87,2.93,2.92,2.89,2.84,2.78,2.74,2.74,2.77,2.79,2.81,2.78,2.80,2.82,2.82,2.84,2.85,2.91,2.99,2.99,2.96,2.97,3.11,3.40,3.38,3.38,3.17,2.81,2.76,2.75,2.84,2.97,3.06,3.07,3.06,3.04,3.02,2.99,1.94,1.47,1.89,2.96,3.02,3.02,3.02,3.02,3.03,3.03,3.03,3.04,3.04,3.05,3.05,3.03,2.95,2.84,2.89,2.99,3.03,2.95,3.01,3.09,3.16,3.20,3.12,2.95,2.19,0.58,0.28,0.05,-0.28,-0.43,0.74,2.49,3.25,3.27,3.29,3.30,3.32,3.33,3.33,3.33,3.34,3.35,3.36,3.35,3.33,3.36,3.39,3.38,3.36,3.35,3.33,3.31,3.29,3.27,3.24,3.19,3.12,2.84,2.80,2.84,2.86,2.97,2.90,2.84,2.84,2.85,2.87,2.90,2.94,2.99,3.04,3.06,3.09,3.13,3.18,3.22,3.25,3.27,3.30,3.33,3.35,3.37
7.34,7.31,7.29,7.26,7.32,8.03,10.56,11.27,11.10,9.26,2.44,2.34,2.31,2.26,2.19,2.16,2.12,2.08,2.05,2.06,2.07,2.71,3.47,3.95,3.99,4.05,4.06,4.02,3.97,3.93,3.90,3.88,3.87,3.86,3.84,3.81,3.79,3.76,3.76,3.77,3.77,3.76,3.78,3.81,3.72,3.38,2.66,2.55,2.58,2.57,2.36,1.89,1.64,1.58,1.58,1.57,1.57,1.56,1.56,1.57,1.57,1.56,1.55,1.56,2.29,3.56,3.50,3.47,3.56,3.62,3.60,3.49,3.38,3.44,3.53,3.66,3.84,3.75,3.62,3.53,3.51,3.56,3.65,3.74,3.81,3.82,3.82,3.82,3.81,3.79,3.79,3.75,3.72,3.71,3.69,3.64,3.64,3.67,3.67,3.63,3.60,3.57,3.66,4.35,6.56,7.08,6.39,1.62,1.52,1.51,1.51,1.52,1.52,1.52,1.53,1.54,1.53,1.53,1.57,1.61,1.63,2.50,2.78,2.83,2.85,2.80,2.84,2.91,2.96,2.95,2.92,2.88,2.91,3.07,3.19,3.21,3.18,3.11,2.97,2.87,2.84,2.85,2.84,2.76,2.76,2.77,2.79,2.82,2.81,2.84,2.87,2.87,2.84,2.85,2.94,3.12,3.14,3.15,3.03,2.81,2.76,2.80,2.88,2.98,3.06,3.09,3.07,3.04,3.00,2.81,2.01,1.70,2.08,2.98,3.02,3.02,3.02,3.03,3.03,3.03,3.04,3.04,3.04,3.05,3.04,3.00,2.89,2.84,2.91,2.98,3.00,2.90,3.03,3.15,3.22,3.27,3.29,3.24,2.79,1.76,1.47,1.16,0.87,0.79,1.58,2.76,3.28,3.29,3.29,3.30,3.32,3.34,3.33,3.33,3.34,3.35,3.36,3.35,3.32,3.35,3.40,3.38,3.37,3.35,3.33,3.31,3.28,3.25,3.22,3.18,3.11,2.82,2.81,2.87,2.89,2.95,2.88,2.84,2.85,2.88,2.90,2.92,2.95,3.00,3.05,3.08,3.11,3.15,3.19,3.22,3.25,3.27,3.29,3.31,3.33,3.35
7.31,7.28,7.26,7.25,7.50,8.45,10.91,11.38,10.52,9.56,2.40,2.36,2.31,2.27,2.23,2.19,2.14,2.09,2.04,2.06,2.07,3.94,3.93,3.91,4.03,4.08,4.05,3.98,3.93,3.89,3.85,3.82,3.81,3.86,3.86,3.84,3.83,3.81,3.79,3.75,3.71,3.67,3.63,3.62,3.64,3.70,3.69,3.73,3.79,3.76,3.35,2.39,2.14,1.74,1.75,1.74,1.72,1.65,1.55,1.58,1.59,1.58,1.55,1.55,3.64,3.53,3.46,3.53,3.58,3.60,3.56,3.47,3.35,3.49,3.68,3.83,3.84,3.73,3.55,3.38,3.27,3.37,3.51,3.67,3.81,3.79,3.81,3.82,3.80,3.79,3.80,3.75,3.71,3.71,3.69,3.61,3.62,3.67,3.67,3.66,3.64,3.62,3.77,4.77,6.62,6.10,4.31,1.60,1.53,1.52,1.52,1.54,1.51,1.52,1.53,1.54,1.53,1.52,1.52,1.53,1.53,1.53,1.69,2.20,2.94,2.82,2.86,2.93,2.98,2.93,2.90,2.88,2.97,3.22,3.50,3.58,3.58,3.52,3.31,3.07,2.97,2.96,2.91,2.80,2.76,2.76,2.79,2.80,2.80,2.80,2.79,2.82,2.80,2.79,2.78,2.78,2.83,2.85,2.87,2.88,2.78,2.84,2.91,2.97,3.04,3.09,3.07,3.03,2.97,2.62,2.27,2.31,2.65,3.01,3.03,3.03,3.03,3.03,3.04,3.04,3.04,3.04,3.05,3.05,3.02,2.96,2.83,2.86,2.94,2.99,2.95,2.85,3.02,3.19,3.28,3.25,3.28,3.29,3.29,3.29,3.30,3.30,3.30,3.30,3.30,3.31,3.31,3.31,3.31,3.31,3.33,3.34,3.34,3.33,3.34,3.35,3.36,3.36,3.31,3.35,3.40,3.39,3.37,3.35,3.32,3.29,3.26,3.24,3.20,3.15,3.08,2.85,2.85,2.91,2.93,2.91,2.84,2.81,2.83,2.89,2.90,2.93,2.97,3.03,3.07,3.11,3.15,3.17,3.19,3.21,3.23,3.25,3.27,3.29,3.32,3.34
7.29,7.26,7.27,7.35,8.26,9.83,11.34,11.47,9.15,6.89,2.28,2.23,2.18,2.15,2.13,2.11,2.09,2.06,2.05,2.07,2.15,4.04,4.01,3.96,4.07,4.08,4.03,3.99,4.09,4.11,4.14,4.09,3.88,4.10,4.03,3.87,3.74,3.73,3.74,3.74,3.73,3.72,3.70,3.68,3.67,3.67,3.63,3.60,3.58,3.56,3.49,3.19,3.31,3.66,3.76,3.78,3.52,3.33,1.52,1.57,1.57,1.57,1.57,1.56,3.63,3.51,3.44,3.54,3.62,3.61,3.54,3.46,3.43,3.56,3.77,3.92,3.84,3.71,3.41,3.19,3.17,3.19,3.24,3.47,3.71,3.66,3.78,3.82,3.80,3.75,3.76,3.74,3.71,3.70,3.67,3.60,3.58,3.60,3.62,3.65,3.65,3.69,4.01,5.27,6.81,5.52,2.99,1.63,1.63,1.65,1.65,1.63,1.53,1.51,1.52,1.53,1.54,1.53,1.53,1.54,1.53,1.54,3.17,3.09,2.96,2.86,2.89,2.95,2.97,2.93,2.88,2.92,3.09,3.36,3.54,3.60,3.60,3.58,3.52,3.44,3.41,3.40,3.38,3.29,3.08,2.92,2.89,2.87,2.84,2.79,2.76,2.79,2.79,2.78,2.78,2.79,2.82,2.87,2.91,2.91,2.81,2.77,2.80,2.87,2.93,2.97,2.97,2.97,2.96,2.76,2.60,2.65,2.85,3.02,3.03,3.04,3.04,3.04,3.04,3.04,3.05,3.05,3.05,3.05,3.01,2.93,2.84,2.89,2.97,3.00,2.94,2.92,3.05,3.20,3.29,3.27,3.28,3.28,3.28,3.29,3.30,3.30,3.31,3.31,3.30,3.30,3.30,3.30,3.30,3.31,3.32,3.33,3.32,3.31,3.31,3.33,3.34,3.36,3.34,3.36,3.39,3.38,3.37,3.34,3.31,3.30,3.27,3.24,3.18,3.07,2.90,2.86,2.90,2.95,2.97,2.92,2.83,2.80,2.84,2.89,2.93,2.97,3.01,3.06,3.08,3.10,3.13,3.15,3.17,3.20,3.22,3.24,3.26,3.29,3.31,3.34
7.71,7.47,7.37,7.74,9.01,10.71,11.56,11.54,8.04,4.66,2.18,2.15,2.12,2.09,2.08,2.07,2.06,2.05,2.05,2.09,2.51,4.03,4.02,4.01,4.10,4.07,4.01,4.00,4.21,4.27,4.32,4.28,4.08,4.28,4.20,4.01,3.82,3.88,3.87,3.79,3.70,3.71,3.71,3.70,3.69,3.68,3.64,3.58,3.54,3.52,3.57,3.56,3.56,3.58,3.62,3.67,3.51,3.41,2.19,2.24,2.15,1.93,1.76,1.89,3.51,3.50,3.45,3.56,3.66,3.62,3.52,3.44,3.48,3.66,3.83,3.89,3.77,3.65,3.31,3.10,3.12,3.13,3.14,3.30,3.48,3.41,3.51,3.58,3.58,3.53,3.54,3.56,3.60,3.65,3.67,3.59,3.57,3.59,3.60,3.65,3.66,3.79,4.26,5.72,6.94,5.71,2.36,1.66,1.67,1.70,1.71,1.67,1.56,1.53,1.52,1.53,1.54,1.53,1.53,1.54,1.53,1.53,3.12,3.05,2.90,2.87,2.91,2.95,2.96,2.92,2.85,2.93,3.16,3.47,3.56,3.60,3.61,3.61,3.63,3.62,3.62,3.62,3.60,3.56,3.36,3.20,3.16,3.13,3.10,3.04,2.94,2.85,2.84,2.81,2.79,2.79,2.79,2.86,2.92,2.92,2.84,2.75,2.76,2.81,2.85,2.88,2.88,2.89,2.89,2.79,2.77,2.82,2.92,2.97,3.02,3.04,3.04,3.04,3.04,3.05,3.05,3.05,3.05,3.05,2.99,2.90,2.83,2.92,2.99,3.00,2.93,2.99,3.09,3.20,3.29,3.28,3.28,3.28,3.28,3.29,3.30,3.31,3.31,3.31,3.30,3.30,3.30,3.30,3.30,3.31,3.32,3.32,3.31,3.29,3.30,3.31,3.32,3.35,3.34,3.35,3.35,3.36,3.35,3.32,3.30,3.28,3.26,3.20,3.13,3.02,2.83,2.88,2.94,2.97,2.98,2.91,2.83,2.82,2.87,2.92,2.96,2.99,3.02,3.06,3.07,3.09,3.11,3.14,3.16,3.18,3.21,3.23,3.25,3.28,3.30,3.33
8.54,7.87,7.55,8.39,9.77,11.12,11.59,11.59,7.14,2.82,2.12,2.12,2.11,2.10,2.09,2.07,2.06,2.05,2.06,2.13,3.14,3.92,3.96,4.05,4.13,4.06,4.00,4.03,4.31,4.38,4.41,4.41,4.40,4.40,4.39,4.25,4.06,4.23,4.16,3.90,3.63,3.63,3.67,3.69,3.70,3.72,3.69,3.67,3.65,3.63,3.59,3.54,3.48,3.41,3.35,3.47,3.50,3.52,3.57,3.60,3.33,2.66,2.13,2.57,3.35,3.50,3.49,3.60,3.71,3.63,3.50,3.42,3.49,3.79,3.85,3.74,3.62,3.55,3.27,3.09,3.14,3.19,3.17,3.15,3.12,3.05,3.02,3.11,3.19,3.15,3.14,3.23,3.39,3.58,3.67,3.59,3.58,3.61,3.63,3.65,3.69,3.91,4.53,6.10,7.04,7.24,1.90,1.68,1.64,1.68,1.71,1.67,1.61,1.55,1.53,1.53,1.54,1.53,1.53,1.54,1.53,1.52,3.03,2.94,2.78,2.85,2.93,2.96,2.93,2.89,2.80,2.92,3.20,3.54,3.57,3.60,3.62,3.63,3.64,3.63,3.62,3.62,3.61,3.62,3.61,3.59,3.58,3.58,3.57,3.50,3.31,2.98,2.94,2.88,2.81,2.76,2.75,2.84,2.90,2.90,2.85,2.77,2.76,2.79,2.78,2.79,2.78,2.77,2.77,2.74,2.78,2.83,2.87,2.88,3.00,3.04,3.05,3.05,3.05,3.05,3.05,3.05,3.05,3.05,2.98,2.88,2.80,2.94,3.00,2.98,2.94,3.05,3.13,3.21,3.27,3.27,3.27,3.28,3.28,3.29,3.31,3.31,3.31,3.32,3.30,3.29,3.29,3.29,3.30,3.31,3.32,3.31,3.30,3.28,3.28,3.29,3.31,3.32,3.32,3.31,3.30,3.33,3.32,3.29,3.27,3.25,3.23,3.15,3.07,2.99,2.86,2.92,2.96,2.98,2.96,2.86,2.85,2.87,2.92,2.95,2.98,2.99,3.01,3.03,3.06,3.08,3.10,3.12,3.15,3.17,3.19,3.22,3.24,3.26,3.29,3.32
10.41,10.13,9.69,10.29,11.07,11.66,11.69,10.90,6.49,2.38,2.11,2.11,2.10,2.10,2.09,2.08,2.06,2.05,2.10,2.29,4.09,4.00,4.01,4.10,4.12,4.05,4.09,4.24,4.38,4.42,4.44,4.44,4.40,4.39,4.40,4.38,4.32,4.36,4.14,3.97,3.85,3.70,3.63,3.64,3.69,3.72,3.73,3.72,3.71,3.70,3.66,3.61,3.57,3.52,3.47,3.49,3.48,3.46,3.44,3.42,3.34,3.11,2.93,3.15,3.44,3.51,3.53,3.62,3.68,3.59,3.47,3.42,3.52,3.86,3.96,3.85,3.61,3.49,3.25,3.10,3.13,3.24,3.25,3.22,3.18,3.10,3.05,3.06,3.08,3.08,3.11,3.17,3.38,3.63,3.63,3.60,3.60,3.63,3.65,3.68,3.69,4.05,4.98,6.52,6.95,7.06,1.69,1.59,1.57,1.59,1.63,1.66,1.65,1.61,1.56,1.52,1.53,1.52,1.52,1.52,1.53,1.57,3.00,2.93,2.79,2.87,2.97,2.98,2.92,2.87,2.89,2.99,3.22,3.55,3.59,3.61,3.63,3.64,3.65,3.63,3.62,3.62,3.61,3.63,3.62,3.61,3.61,3.61,3.61,3.58,3.50,3.35,3.34,3.30,3.25,3.18,2.96,2.86,2.82,2.81,2.78,2.72,2.73,2.77,2.80,2.80,2.78,2.75,2.73,2.75,2.76,2.77,2.77,2.76,2.83,2.87,2.88,2.89,2.91,2.97,3.03,3.05,3.05,3.03,2.95,2.85,2.82,2.95,2.98,2.95,2.90,3.04,3.18,3.25,3.26,3.26,3.27,3.28,3.28,3.29,3.31,3.32,3.31,3.31,3.30,3.29,3.29,3.29,3.29,3.31,3.31,3.31,3.29,3.28,3.28,3.29,3.29,3.30,3.28,3.25,3.24,3.28,3.27,3.27,3.26,3.23,3.19,3.12,3.02,2.94,2.90,2.96,3.02,3.03,2.95,2.86,2.86,2.89,2.91,2.93,2.96,2.98,3.00,3.02,3.04,3.07,3.09,3.11,3.14,3.16,3.18,3.21,3.23,3.26,3.28,3.31
11.88,11.92,11.53,11.94,12.26,12.28,12.04,9.97,5.72,2.25,2.10,2.09,2.09,2.09,2.09,2.08,2.07,2.06,2.18,2.58,4.08,4.04,4.06,4.15,4.12,4.03,4.15,4.41,4.44,4.45,4.47,4.47,4.42,4.40,4.43,4.47,4.50,4.45,4.18,4.08,4.03,3.75,3.60,3.61,3.68,3.72,3.77,3.77,3.77,3.76,3.72,3.68,3.65,3.62,3.58,3.53,3.49,3.45,3.39,3.34,3.38,3.45,3.52,3.56,3.53,3.54,3.58,3.64,3.64,3.55,3.45,3.44,3.61,3.92,4.03,3.92,3.61,3.40,3.21,3.10,3.12,3.28,3.30,3.29,3.24,3.15,3.09,3.04,3.03,3.05,3.11,3.17,3.39,3.67,3.60,3.61,3.63,3.65,3.68,3.71,3.74,4.25,5.41,6.85,6.66,6.47,1.55,1.54,1.53,1.53,1.56,1.63,1.67,1.66,1.60,1.53,1.54,1.52,1.51,1.51,1.52,1.62,2.79,2.91,2.81,2.89,2.98,2.98,2.90,2.85,2.95,3.07,3.27,3.57,3.60,3.62,3.64,3.64,3.65,3.64,3.63,3.62,3.61,3.63,3.62,3.61,3.61,3.61,3.61,3.61,3.61,3.61,3.62,3.61,3.57,3.49,3.11,2.89,2.78,2.74,2.76,2.74,2.75,2.80,2.85,2.84,2.81,2.76,2.69,2.74,2.74,2.73,2.71,2.69,2.72,2.74,2.75,2.76,2.77,2.87,2.96,3.01,3.01,3.00,2.91,2.82,2.85,2.97,2.97,2.92,2.90,3.05,3.21,3.27,3.26,3.26,3.27,3.28,3.28,3.29,3.31,3.32,3.31,3.30,3.30,3.29,3.29,3.29,3.29,3.30,3.31,3.30,3.28,3.27,3.27,3.28,3.28,3.27,3.25,3.21,3.20,3.23,3.24,3.25,3.24,3.20,3.14,3.07,2.98,2.92,2.94,3.01,3.06,3.04,2.93,2.85,2.86,2.89,2.90,2.91,2.94,2.96,2.98,3.01,3.03,3.05,3.08,3.10,3.12,3.15,3.17,3.19,3.23,3.25,3.27,3.30
12.45,12.49,12.50,12.94,13.15,13.07,12.85,8.67,4.68,2.22,2.08,2.07,2.07,2.08,2.08,2.08,2.07,2.09,2.35,3.13,4.05,4.04,4.10,4.20,4.12,4.01,4.15,4.44,4.47,4.47,4.49,4.51,4.51,4.47,4.47,4.49,4.51,4.48,4.39,4.29,4.10,3.74,3.57,3.59,3.66,3.72,3.80,3.83,3.84,3.83,3.78,3.73,3.69,3.66,3.64,3.60,3.56,3.53,3.51,3.49,3.48,3.54,3.60,3.57,3.56,3.59,3.64,3.68,3.62,3.51,3.44,3.50,3.84,3.99,4.00,3.88,3.62,3.24,3.12,3.11,3.15,3.29,3.30,3.30,3.28,3.18,3.07,3.03,3.03,3.07,3.11,3.22,3.44,3.67,3.60,3.62,3.66,3.70,3.73,3.75,3.89,4.54,5.77,7.02,6.02,5.43,1.54,1.55,1.55,1.54,1.53,1.55,1.65,1.66,1.62,1.57,1.58,1.55,1.53,1.52,1.52,1.72,2.44,2.87,2.82,2.91,2.96,2.95,2.89,2.82,2.95,3.15,3.38,3.58,3.61,3.63,3.64,3.65,3.66,3.64,3.63,3.62,3.62,3.63,3.62,3.62,3.62,3.62,3.61,3.61,3.61,3.60,3.61,3.61,3.60,3.53,3.08,2.92,2.82,2.76,2.86,2.88,2.92,2.95,2.96,2.94,2.89,2.79,2.65,2.70,2.72,2.73,2.73,2.72,2.72,2.74,2.74,2.72,2.69,2.74,2.82,2.87,2.88,2.92,2.85,2.78,2.89,3.00,2.97,2.93,2.95,3.10,3.22,3.26,3.24,3.25,3.27,3.28,3.28,3.29,3.31,3.32,3.31,3.29,3.31,3.30,3.29,3.28,3.29,3.30,3.30,3.29,3.28,3.27,3.27,3.26,3.25,3.25,3.22,3.21,3.21,3.22,3.25,3.23,3.19,3.15,3.08,2.97,2.93,2.95,2.99,3.07,3.05,2.98,2.90,2.83,2.84,2.86,2.88,2.90,2.92,2.95,2.97,2.99,3.02,3.04,3.06,3.09,3.11,3.14,3.16,3.18,3.21,3.24,3.26,3.28
8.29,9.16,11.88,13.10,13.46,13.36,13.28,7.39,3.69,2.13,2.07,2.06,2.07,2.07,2.07,2.06,2.06,2.25,2.72,3.54,4.01,4.07,4.14,4.20,4.11,4.13,4.29,4.49,4.49,4.50,4.51,4.53,4.55,4.57,4.53,4.51,4.52,4.53,4.50,4.35,4.09,3.70,3.57,3.60,3.69,3.77,3.84,3.88,3.89,3.88,3.84,3.80,3.75,3.70,3.68,3.66,3.63,3.60,3.58,3.57,3.56,3.60,3.63,3.58,3.59,3.63,3.68,3.71,3.59,3.47,3.42,3.52,3.92,4.05,3.97,3.77,3.53,3.18,3.10,3.11,3.13,3.19,3.21,3.22,3.22,3.17,3.06,3.02,3.04,3.08,3.09,3.26,3.49,3.67,3.60,3.62,3.67,3.72,3.76,3.80,4.09,4.87,6.12,7.23,5.17,4.06,1.54,1.56,1.56,1.55,1.54,1.53,1.60,1.61,1.60,1.60,1.61,1.56,1.54,1.53,1.53,2.30,2.58,2.80,2.83,2.93,2.95,2.93,2.87,2.80,2.96,3.23,3.48,3.59,3.62,3.63,3.65,3.66,3.66,3.64,3.62,3.62,3.63,3.63,3.62,3.62,3.62,3.62,3.61,3.61,3.61,3.60,3.61,3.61,3.60,3.55,3.02,2.90,2.87,2.85,2.92,2.98,3.02,3.04,3.03,3.03,3.00,2.93,2.82,2.83,2.81,2.78,2.75,2.70,2.70,2.72,2.73,2.73,2.71,2.73,2.78,2.83,2.82,2.85,2.84,2.84,2.92,3.00,2.95,2.92,3.00,3.14,3.24,3.27,3.25,3.25,3.27,3.28,3.29,3.31,3.32,3.33,3.32,3.30,3.31,3.30,3.29,3.28,3.29,3.29,3.30,3.29,3.28,3.27,3.26,3.25,3.24,3.20,3.22,3.22,3.21,3.20,3.20,3.17,3.10,3.02,3.00,2.97,2.97,3.01,3.08,3.07,3.01,2.93,2.87,2.82,2.82,2.84,2.87,2.89,2.91,2.94,2.96,2.98,3.01,3.03,3.05,3.08,3.10,3.13,3.15,3.17,3.20,3.22,3.25,3.27
3.35,5.02,10.90,13.00,13.55,13.46,13.51,6.51,2.81,2.05,2.06,2.07,2.06,2.06,2.05,2.04,2.06,2.40,3.04,3.89,4.00,4.10,4.18,4.20,4.09,4.27,4.45,4.54,4.50,4.52,4.54,4.56,4.58,4.65,4.58,4.53,4.55,4.58,4.56,4.36,4.02,3.65,3.58,3.63,3.73,3.82,3.89,3.93,3.94,3.93,3.91,3.86,3.80,3.75,3.73,3.71,3.69,3.67,3.64,3.63,3.63,3.64,3.64,3.61,3.63,3.67,3.71,3.72,3.56,3.43,3.39,3.50,3.89,4.04,3.91,3.64,3.42,3.15,3.09,3.10,3.09,3.07,3.10,3.13,3.15,3.14,3.05,3.03,3.05,3.08,3.07,3.31,3.54,3.66,3.59,3.62,3.66,3.71,3.78,3.83,4.29,5.22,6.48,7.45,4.50,2.79,1.55,1.57,1.56,1.56,1.55,1.53,1.54,1.54,1.58,1.63,1.63,1.57,1.55,1.54,1.55,2.97,2.82,2.75,2.85,2.96,2.95,2.90,2.85,2.79,2.98,3.27,3.51,3.60,3.62,3.63,3.65,3.66,3.67,3.64,3.62,3.63,3.64,3.62,3.62,3.62,3.62,3.62,3.61,3.61,3.61,3.60,3.61,3.60,3.58,3.52,2.95,2.87,2.91,2.94,2.96,3.06,3.10,3.09,3.08,3.11,3.10,3.08,3.05,3.01,2.94,2.86,2.78,2.67,2.68,2.71,2.74,2.76,2.75,2.75,2.78,2.81,2.78,2.79,2.85,2.93,2.95,3.00,2.93,2.92,3.04,3.16,3.25,3.27,3.26,3.26,3.27,3.28,3.30,3.32,3.33,3.34,3.33,3.30,3.31,3.30,3.30,3.29,3.28,3.29,3.29,3.29,3.28,3.26,3.26,3.25,3.22,3.15,3.22,3.22,3.19,3.18,3.11,3.08,3.01,2.89,2.93,3.00,3.04,3.07,3.17,3.04,2.96,2.90,2.86,2.83,2.83,2.84,2.86,2.88,2.90,2.92,2.95,2.97,2.99,3.02,3.04,3.06,3.09,3.12,3.14,3.16,3.19,3.21,3.23,3.26
2.48,3.82,10.93,13.02,13.51,13.46,13.32,5.54,2.39,2.05,2.05,2.06,2.07,2.06,2.06,2.06,2.06,2.16,2.71,4.15,4.09,4.16,4.22,4.18,4.05,4.29,4.48,4.54,4.52,4.53,4.54,4.56,4.58,4.62,4.61,4.60,4.60,4.60,4.57,4.24,3.80,3.55,3.61,3.69,3.77,3.86,3.93,3.96,3.98,3.99,3.96,3.92,3.87,3.82,3.78,3.74,3.73,3.71,3.68,3.68,3.68,3.67,3.65,3.66,3.68,3.73,3.74,3.66,3.53,3.38,3.31,3.36,3.51,3.71,3.69,3.52,3.29,3.09,3.06,3.07,3.06,3.06,3.08,3.10,3.10,3.11,3.09,3.09,3.09,3.07,3.08,3.42,3.62,3.62,3.59,3.63,3.66,3.70,3.76,3.76,4.46,5.59,6.85,7.55,3.85,1.77,1.55,1.57,1.56,1.56,1.56,1.54,1.54,1.53,1.56,1.62,1.65,1.63,1.60,1.57,1.60,2.97,2.83,2.77,2.88,3.08,2.98,2.89,2.86,2.86,3.01,3.04,3.21,3.63,3.62,3.63,3.64,3.66,3.68,3.64,3.62,3.63,3.65,3.63,3.62,3.62,3.62,3.62,3.62,3.61,3.61,3.61,3.60,3.59,3.50,3.29,2.93,2.87,2.89,2.93,3.01,3.10,3.13,3.12,3.09,3.12,3.13,3.13,3.13,3.09,3.02,2.96,2.89,2.78,2.76,2.77,2.79,2.80,2.75,2.73,2.74,2.78,2.79,2.82,2.88,2.95,2.98,3.02,2.95,2.94,3.06,3.12,3.19,3.23,3.25,3.27,3.27,3.28,3.30,3.33,3.34,3.34,3.33,3.31,3.31,3.30,3.30,3.29,3.28,3.28,3.28,3.27,3.24,3.26,3.26,3.24,3.21,3.15,3.16,3.17,3.15,3.12,2.96,2.96,2.99,3.00,3.02,3.05,3.08,3.09,3.07,2.98,2.96,2.96,2.95,2.92,2.89,2.87,2.86,2.87,2.89,2.91,2.93,2.96,2.98,3.00,3.03,3.05,3.08,3.11,3.13,3.15,3.18,3.20,3.22,3.24
2.10,3.29,10.94,13.03,11.61,10.06,10.67,4.49,2.15,2.06,2.06,2.06,2.07,2.07,2.06,2.07,2.06,2.16,2.72,4.19,4.14,4.20,4.23,4.16,4.09,4.34,4.51,4.54,4.52,4.55,4.56,4.58,4.60,4.62,4.63,4.62,4.61,4.60,4.51,4.15,3.71,3.54,3.65,3.75,3.83,3.91,3.96,3.99,4.00,4.00,3.97,3.94,3.89,3.85,3.81,3.77,3.75,3.74,3.72,3.73,3.72,3.69,3.67,3.69,3.70,3.73,3.71,3.61,3.49,3.33,3.23,3.22,3.26,3.41,3.42,3.33,3.18,3.06,3.05,3.07,3.10,3.05,3.06,3.07,3.07,3.08,3.09,3.10,3.09,3.06,3.14,3.49,3.65,3.59,3.59,3.63,3.66,3.69,3.74,3.75,4.70,6.01,7.11,6.93,3.75,1.93,1.61,1.57,1.56,1.56,1.56,1.55,1.55,1.54,1.55,1.59,1.62,1.63,1.64,1.63,1.64,2.92,2.82,2.79,2.90,3.06,2.96,2.87,2.85,2.92,3.03,2.97,3.01,3.33,3.41,3.60,2.81,1.56,2.54,3.21,3.53,3.63,3.65,3.63,3.62,3.62,3.62,3.62,3.62,3.62,3.61,3.61,3.60,3.50,3.31,3.08,2.91,2.87,2.88,2.93,3.04,3.11,3.15,3.14,3.12,3.14,3.15,3.15,3.14,3.11,3.05,3.00,2.94,2.87,2.85,2.86,2.86,2.85,2.82,2.78,2.78,2.81,2.80,2.82,2.88,2.96,3.02,3.05,2.99,2.95,3.01,3.09,3.14,3.20,3.24,3.25,3.28,3.29,3.30,3.34,3.34,3.34,3.34,3.32,3.31,3.30,3.30,3.29,3.28,3.28,3.28,3.26,3.23,3.26,3.25,3.23,3.19,3.14,3.13,3.11,3.08,3.05,2.93,2.96,3.02,3.07,3.09,3.08,3.08,3.06,2.99,2.98,3.00,3.02,3.03,3.00,2.97,2.93,2.91,2.89,2.90,2.90,2.92,2.94,2.97,2.99,3.02,3.04,3.07,3.09,3.12,3.14,3.16,3.19,3.21,3.23
2.04,2.07,2.23,2.87,3.30,3.95,6.05,3.15,2.07,2.07,2.07,2.07,2.07,2.07,2.07,2.06,2.07,2.34,2.99,4.07,4.17,4.24,4.23,4.15,4.21,4.43,4.55,4.53,4.51,4.57,4.60,4.61,4.63,4.65,4.64,4.62,4.59,4.59,4.42,4.08,3.73,3.61,3.71,3.81,3.91,3.97,3.98,4.00,4.00,3.98,3.96,3.93,3.89,3.85,3.83,3.78,3.76,3.75,3.75,3.79,3.73,3.69,3.69,3.72,3.71,3.68,3.63,3.56,3.43,3.29,3.16,3.09,3.12,3.14,3.11,3.08,3.07,3.05,3.06,3.11,3.18,3.05,3.04,3.05,3.05,3.05,3.07,3.07,3.06,3.06,3.27,3.53,3.63,3.58,3.60,3.62,3.65,3.67,3.71,3.78,5.01,6.48,7.30,5.72,3.93,2.54,1.72,1.57,1.56,1.56,1.56,1.55,1.56,1.55,1.54,1.54,1.55,1.60,1.67,1.70,1.68,2.84,2.80,2.81,2.90,2.94,2.89,2.84,2.84,2.98,3.05,3.01,2.89,2.76,3.02,3.56,1.32,-2.21,0.50,2.43,3.37,3.63,3.64,3.62,3.63,3.63,3.63,3.62,3.62,3.62,3.61,3.61,3.60,3.34,3.04,2.88,2.89,2.87,2.87,2.92,3.03,3.12,3.15,3.16,3.15,3.16,3.16,3.14,3.11,3.07,3.02,2.98,2.95,2.95,2.95,2.95,2.93,2.92,2.96,2.90,2.88,2.90,2.81,2.78,2.86,2.98,3.06,3.07,3.04,2.97,2.91,3.06,3.10,3.18,3.25,3.19,3.28,3.30,3.31,3.35,3.35,3.35,3.34,3.33,3.31,3.30,3.30,3.29,3.28,3.27,3.27,3.26,3.25,3.28,3.24,3.20,3.17,3.13,3.14,3.05,2.97,2.98,2.99,3.05,3.09,3.11,3.15,3.10,3.04,2.99,2.91,3.02,3.07,3.09,3.10,3.08,3.05,3.02,2.99,2.95,2.92,2.91,2.91,2.93,2.95,2.98,3.01,3.03,3.06,3.08,3.10,3.13,3.15,3.17,3.20,3.22
2.05,2.04,2.05,2.29,2.46,2.72,3.58,2.49,2.08,2.09,2.09,2.08,2.07,2.07,2.06,2.07,2.06,2.80,4.25,4.10,4.21,4.25,4.21,4.14,4.32,4.50,4.58,4.57,4.56,4.59,4.61,4.62,4.64,4.65,4.64,4.62,4.60,4.55,4.18,3.84,3.64,3.64,3.75,3.85,3.93,3.98,3.98,3.98,3.96,3.94,3.94,3.91,3.88,3.85,3.81,3.79,3.76,3.74,3.73,3.74,3.72,3.71,3.72,3.73,3.72,3.68,3.62,3.53,3.43,3.30,3.19,3.12,3.06,3.05,3.03,3.03,3.04,3.01,3.02,3.05,3.08,3.03,3.03,3.04,3.06,3.13,3.08,3.06,3.05,3.09,3.35,3.55,3.62,3.59,3.59,3.60,3.63,3.67,3.76,4.75,5.75,6.82,7.42,4.92,3.22,2.20,1.74,1.62,1.58,1.57,1.56,1.56,1.56,1.56,1.55,1.55,1.54,1.56,1.59,1.80,2.84,2.74,2.76,2.83,2.92,2.92,2.87,2.82,2.84,3.03,3.17,3.20,2.95,2.38,2.04,1.87,0.60,-1.19,-0.45,0.38,0.78,0.85,0.85,1.49,2.40,3.20,3.63,3.63,3.62,3.62,3.61,3.60,3.59,3.32,3.01,2.83,2.88,2.89,2.93,3.01,3.10,3.15,3.17,3.16,3.15,3.15,3.13,3.10,3.06,3.02,3.00,2.98,2.96,2.96,2.97,2.96,2.96,2.95,2.98,2.97,2.98,3.00,2.90,2.85,2.90,3.00,3.07,3.10,3.08,3.02,2.95,2.98,3.03,3.11,3.16,3.13,3.19,3.21,3.23,3.29,3.31,3.33,3.34,3.33,3.31,3.30,3.30,3.29,3.29,3.28,3.27,3.26,3.23,3.23,3.18,3.11,3.04,3.01,3.05,3.03,3.01,3.05,3.10,3.12,3.11,3.09,3.07,3.02,2.97,2.95,3.02,3.09,3.12,3.12,3.11,3.10,3.10,3.09,3.07,3.04,3.00,2.97,2.96,2.95,2.96,2.98,3.00,3.02,3.04,3.07,3.09,3.11,3.14,3.16,3.18,3.21
2.05,2.04,2.06,2.07,2.07,2.06,2.08,2.08,2.09,2.10,2.10,2.09,2.08,2.06,2.05,2.07,2.10,3.10,4.23,4.14,4.25,4.26,4.19,4.14,4.41,4.55,4.60,4.59,4.61,4.62,4.63,4.64,4.66,4.66,4.64,4.61,4.59,4.50,4.02,3.70,3.60,3.68,3.79,3.88,3.94,3.97,3.97,3.96,3.93,3.91,3.92,3.88,3.86,3.84,3.81,3.79,3.76,3.73,3.73,3.70,3.72,3.73,3.73,3.74,3.72,3.68,3.61,3.52,3.43,3.33,3.24,3.17,3.06,3.03,3.01,3.01,3.01,2.97,2.97,2.99,3.00,3.00,3.01,3.02,3.04,3.14,3.07,3.03,3.03,3.10,3.38,3.53,3.59,3.58,3.60,3.60,3.61,3.65,3.79,5.87,6.71,7.31,7.48,4.10,2.64,1.98,1.76,1.68,1.61,1.58,1.57,1.56,1.56,1.56,1.56,1.56,1.54,1.54,1.54,1.87,2.87,2.71,2.74,2.85,2.94,2.90,2.85,2.82,2.87,3.05,3.29,3.39,3.14,2.48,1.92,1.41,0.76,-0.03,-0.82,-0.91,-0.94,-0.99,-0.99,-0.19,0.98,2.01,2.56,2.44,3.10,3.51,3.58,3.57,3.52,3.27,2.99,2.81,2.88,2.91,2.97,3.07,3.15,3.17,3.17,3.16,3.15,3.13,3.10,3.06,3.03,3.00,2.99,2.98,2.97,2.96,2.98,2.98,2.97,2.97,2.99,3.01,3.04,3.06,2.95,2.90,2.94,3.02,3.08,3.10,3.09,3.05,2.97,2.93,2.97,3.02,3.04,3.03,3.07,3.10,3.14,3.20,3.24,3.27,3.30,3.30,3.28,3.29,3.30,3.29,3.28,3.27,3.26,3.23,3.19,3.15,3.10,3.03,2.97,2.95,3.02,3.06,3.09,3.12,3.15,3.14,3.10,3.05,2.99,2.96,2.95,2.98,3.11,3.19,3.21,3.20,3.15,3.13,3.13,3.13,3.13,3.11,3.08,3.05,3.02,2.99,2.98,2.98,2.99,3.02,3.03,3.06,3.08,3.10,3.13,3.15,3.17,3.19
2.05,2.04,2.06,2.07,2.07,2.06,2.08,2.09,2.11,2.11,2.10,2.09,2.08,2.06,2.05,2.08,2.21,3.10,4.11,4.17,4.29,4.27,4.18,4.13,4.45,4.56,4.60,4.61,4.65,4.66,4.66,4.67,4.68,4.67,4.63,4.59,4.53,4.43,4.00,3.73,3.66,3.74,3.85,3.92,3.94,3.94,3.94,3.94,3.92,3.89,3.89,3.86,3.84,3.83,3.82,3.78,3.75,3.73,3.73,3.71,3.73,3.73,3.73,3.75,3.72,3.67,3.60,3.51,3.43,3.38,3.31,3.22,3.15,3.11,3.08,3.04,2.98,2.93,2.91,2.93,2.97,2.95,2.97,2.98,2.98,3.02,2.99,2.98,3.01,3.11,3.29,3.43,3.51,3.55,3.64,3.60,3.59,3.63,3.83,7.17,8.04,8.07,7.45,3.24,2.33,2.01,1.80,1.74,1.68,1.62,1.58,1.57,1.56,1.56,1.56,1.57,1.56,1.54,1.54,1.90,2.93,2.76,2.77,2.87,2.96,2.89,2.83,2.85,2.94,3.04,3.42,3.56,3.53,3.40,3.31,3.14,2.40,1.08,-0.25,-0.81,-1.01,-1.03,-1.05,-0.94,-0.70,-0.45,-0.33,-0.77,1.68,3.22,3.50,3.50,3.35,3.16,2.98,2.85,2.90,2.93,3.00,3.08,3.17,3.16,3.15,3.15,3.13,3.10,3.06,3.03,3.02,3.01,3.00,2.99,2.98,2.97,2.98,2.98,2.98,2.98,2.98,3.01,3.05,3.06,2.92,2.91,2.97,3.04,3.09,3.08,3.07,3.03,2.95,2.94,2.92,2.90,2.88,2.88,2.91,2.98,3.05,3.10,3.12,3.15,3.18,3.19,3.20,3.25,3.28,3.28,3.26,3.23,3.21,3.18,3.12,3.03,2.98,2.98,3.02,3.03,3.09,3.15,3.20,3.18,3.13,3.08,3.03,2.98,2.92,2.95,3.04,3.13,3.15,3.35,3.40,3.35,3.24,3.17,3.15,3.14,3.14,3.14,3.14,3.13,3.11,3.07,3.04,3.01,3.00,3.02,3.02,3.04,3.07,3.09,3.11,3.14,3.16,3.18
2.06,2.05,2.06,2.06,2.07,2.07,2.08,2.09,2.10,2.10,2.10,2.09,2.08,2.07,2.05,2.08,2.87,3.63,4.13,4.23,4.31,4.26,4.22,4.29,4.49,4.57,4.61,4.64,4.67,4.68,4.69,4.70,4.70,4.66,4.60,4.56,4.48,4.17,3.85,3.71,3.73,3.82,3.90,3.94,3.93,3.90,3.90,3.90,3.88,3.85,3.85,3.83,3.82,3.82,3.81,3.77,3.75,3.73,3.70,3.70,3.71,3.72,3.74,3.75,3.71,3.68,3.62,3.55,3.48,3.47,3.45,3.40,3.33,3.26,3.18,3.11,3.07,3.02,2.98,2.98,3.00,2.98,2.95,2.93,2.91,2.94,2.91,2.92,2.96,3.01,3.09,3.16,3.23,3.32,3.40,3.39,3.44,3.58,3.95,7.46,8.32,8.19,7.63,3.49,2.22,2.05,1.85,1.80,1.75,1.66,1.58,1.56,1.56,1.56,1.56,1.57,1.57,1.55,1.68,2.10,2.91,2.78,2.80,2.88,2.94,2.87,2.82,2.85,2.97,3.14,3.47,3.59,3.61,3.61,3.63,3.58,3.18,2.45,1.71,1.35,1.24,0.86,-0.30,-0.47,-0.81,-1.01,-0.97,-1.11,0.61,1.89,2.44,2.79,3.04,3.06,2.96,2.88,2.90,2.95,3.01,3.08,3.15,3.15,3.14,3.13,3.10,3.08,3.05,3.03,3.02,3.02,3.01,3.00,2.99,2.98,2.98,2.99,3.00,2.98,2.98,3.01,3.04,3.03,2.87,2.90,2.98,3.05,3.08,3.04,3.02,2.98,2.95,2.95,2.93,2.91,2.89,2.88,2.89,2.92,2.94,2.93,2.93,2.96,3.03,3.11,3.13,3.18,3.21,3.22,3.19,3.13,3.07,3.03,3.02,3.01,3.01,3.03,3.08,3.12,3.13,3.15,3.15,3.11,3.05,3.03,3.02,3.02,3.00,3.05,3.14,3.26,3.33,3.44,3.46,3.43,3.36,3.31,3.26,3.21,3.17,3.16,3.16,3.16,3.15,3.14,3.12,3.09,3.06,3.06,3.04,3.05,3.06,3.08,3.10,3.12,3.15,3.17
2.06,2.05,2.06,2.06,2.06,2.07,2.08,2.09,2.09,2.09,2.09,2.09,2.08,2.07,2.07,2.13,4.22,4.19,4.19,4.29,4.32,4.25,4.27,4.46,4.53,4.58,4.63,4.68,4.68,4.70,4.71,4.71,4.71,4.64,4.56,4.51,4.39,3.91,3.71,3.70,3.79,3.89,3.94,3.95,3.92,3.88,3.86,3.85,3.84,3.82,3.81,3.81,3.80,3.80,3.78,3.77,3.75,3.71,3.67,3.69,3.70,3.72,3.75,3.74,3.71,3.68,3.64,3.59,3.52,3.56,3.58,3.56,3.49,3.41,3.31,3.23,3.19,3.16,3.10,3.07,3.06,3.03,2.96,2.89,2.87,2.88,2.85,2.88,2.90,2.89,2.89,2.87,2.93,3.05,3.10,3.13,3.24,3.46,3.94,6.93,7.68,7.62,7.49,2.73,2.19,2.09,1.92,1.87,1.82,1.69,1.58,1.56,1.56,1.56,1.56,1.56,1.56,1.59,1.88,2.35,2.86,2.78,2.83,2.89,2.90,2.85,2.81,2.85,3.00,3.27,3.50,3.58,3.60,3.61,3.63,3.62,3.62,3.63,3.63,3.62,3.62,2.95,0.86,0.55,-0.18,-0.70,-0.72,-0.55,-0.06,0.61,1.35,2.05,2.73,2.96,2.94,2.91,2.90,2.96,3.03,3.09,3.14,3.14,3.13,3.11,3.07,3.06,3.05,3.04,3.03,3.02,3.02,3.01,3.00,2.99,2.98,3.00,3.01,2.99,2.99,3.02,3.03,2.99,2.82,2.88,2.98,3.06,3.05,3.01,2.95,2.92,2.93,2.94,2.94,2.93,2.92,2.91,2.90,2.88,2.85,2.80,2.77,2.80,2.89,3.02,3.05,3.08,3.10,3.12,3.09,3.02,2.94,2.90,2.93,3.04,3.07,3.10,3.14,3.18,3.15,3.10,3.05,3.00,2.98,3.00,3.04,3.09,3.13,3.17,3.25,3.36,3.51,3.50,3.49,3.48,3.46,3.45,3.39,3.31,3.23,3.20,3.18,3.18,3.18,3.19,3.19,3.17,3.14,3.11,3.08,3.07,3.07,3.07,3.09,3.11,3.13,3.16
2.06,2.06,2.06,2.06,2.06,2.07,2.08,2.08,2.08,2.08,2.07,2.07,2.06,2.06,2.11,2.40,4.33,4.27,4.23,4.35,4.31,4.22,4.26,4.49,4.56,4.60,4.64,4.67,4.69,4.70,4.69,4.68,4.68,4.63,4.53,4.38,4.15,3.86,3.70,3.71,3.81,3.91,3.94,3.93,3.91,3.88,3.85,3.83,3.81,3.79,3.78,3.78,3.77,3.75,3.74,3.73,3.70,3.67,3.65,3.69,3.72,3.74,3.74,3.75,3.72,3.69,3.65,3.61,3.54,3.54,3.52,3.50,3.49,3.52,3.53,3.49,3.39,3.37,3.30,3.22,3.15,3.09,3.04,2.99,2.95,2.94,2.89,2.87,2.84,2.81,2.78,2.77,2.82,2.91,2.88,2.93,2.96,3.02,3.16,3.96,4.23,4.70,5.49,2.70,2.21,2.07,1.99,1.96,1.86,1.70,1.58,1.55,1.56,1.56,1.56,1.56,1.55,1.77,2.19,2.71,2.74,2.77,2.85,2.90,2.88,2.84,2.79,2.87,3.09,3.45,3.54,3.58,3.60,3.61,3.60,3.61,3.62,3.62,3.62,3.62,3.62,3.41,2.78,2.48,1.76,1.06,0.63,0.34,0.56,0.92,1.37,1.95,2.62,2.87,2.92,2.94,2.95,3.00,3.07,3.12,3.14,3.13,3.11,3.10,3.08,3.07,3.06,3.05,3.04,3.04,3.03,3.02,3.01,3.01,3.00,3.01,3.02,3.02,3.00,3.02,3.02,2.97,2.83,2.91,3.00,3.04,3.01,2.96,2.87,2.81,2.83,2.86,2.86,2.87,2.87,2.88,2.88,2.88,2.87,2.85,2.87,2.85,2.86,2.90,2.91,2.91,2.91,2.92,2.96,2.94,2.93,2.95,2.99,3.08,3.14,3.15,3.13,3.12,3.07,3.01,2.96,2.92,3.06,3.09,3.12,3.17,3.26,3.30,3.34,3.42,3.53,3.52,3.51,3.50,3.49,3.47,3.45,3.42,3.38,3.36,3.26,3.21,3.19,3.19,3.20,3.19,3.19,3.18,3.16,3.14,3.11,3.09,3.10,3.11,3.13,3.14
2.06,2.06,2.06,2.06,2.06,2.07,2.07,2.07,2.07,2.06,2.06,2.07,2.06,2.05,2.13,2.58,4.08,4.28,4.28,4.38,4.29,4.24,4.32,4.55,4.60,4.63,4.65,4.68,4.70,4.68,4.67,4.66,4.64,4.60,4.52,4.33,4.05,3.78,3.70,3.74,3.85,3.94,3.93,3.91,3.88,3.85,3.82,3.80,3.78,3.75,3.74,3.74,3.72,3.70,3.69,3.69,3.66,3.64,3.66,3.70,3.74,3.74,3.74,3.74,3.71,3.68,3.66,3.63,3.58,3.56,3.52,3.49,3.50,3.53,3.55,3.53,3.45,3.42,3.38,3.33,3.30,3.31,3.24,3.16,3.08,3.02,2.97,2.93,2.88,2.83,2.81,2.78,2.80,2.83,2.77,2.79,2.78,2.76,2.76,2.73,2.76,3.18,3.84,2.67,2.38,2.27,2.18,2.04,1.95,1.74,1.59,1.62,1.61,1.58,1.56,1.55,1.55,1.97,2.44,2.74,2.68,2.78,2.87,2.90,2.87,2.83,2.81,2.90,3.14,3.54,3.57,3.58,3.59,3.61,3.60,3.61,3.62,3.62,3.62,3.62,3.62,3.61,3.59,3.41,2.94,2.45,2.06,1.74,1.72,1.80,1.96,2.28,2.84,2.97,2.92,2.97,2.98,3.03,3.09,3.14,3.14,3.12,3.11,3.10,3.09,3.08,3.07,3.06,3.06,3.05,3.04,3.03,3.02,3.01,3.01,3.01,3.02,3.04,3.02,3.03,2.99,2.91,2.85,2.94,3.01,3.02,2.98,2.91,2.81,2.73,2.68,2.65,2.70,2.75,2.77,2.79,2.83,2.85,2.86,2.86,2.90,2.88,2.87,2.87,2.86,2.86,2.86,2.88,2.93,2.96,2.98,3.02,3.07,3.10,3.13,3.11,3.05,3.03,2.98,2.98,3.00,3.00,3.15,3.22,3.31,3.43,3.43,3.45,3.47,3.50,3.55,3.55,3.54,3.53,3.51,3.50,3.49,3.48,3.46,3.44,3.35,3.31,3.27,3.23,3.21,3.21,3.22,3.22,3.21,3.19,3.17,3.15,3.14,3.13,3.13,3.15
2.05,2.06,2.05,2.06,2.06,2.07,2.06,2.05,2.05,2.05,2.04,2.07,2.06,2.05,2.15,2.76,3.74,4.24,4.33,4.41,4.29,4.28,4.41,4.61,4.64,4.65,4.67,4.71,4.71,4.67,4.66,4.65,4.60,4.58,4.52,4.35,4.06,3.69,3.69,3.79,3.90,3.97,3.91,3.87,3.83,3.80,3.77,3.75,3.73,3.71,3.69,3.69,3.67,3.65,3.64,3.63,3.62,3.63,3.67,3.71,3.74,3.74,3.73,3.71,3.69,3.67,3.66,3.66,3.63,3.60,3.57,3.53,3.52,3.48,3.44,3.41,3.41,3.36,3.38,3.43,3.50,3.64,3.53,3.40,3.27,3.11,3.09,3.04,2.98,2.92,2.93,2.87,2.83,2.81,2.74,2.70,2.66,2.63,2.62,2.70,2.69,2.65,2.62,2.65,2.66,2.61,2.45,2.11,2.07,1.79,1.61,1.75,1.71,1.61,1.56,1.55,1.54,2.46,2.66,2.81,2.66,2.81,2.89,2.90,2.86,2.82,2.85,2.94,3.14,3.57,3.59,3.58,3.59,3.60,3.61,3.61,3.61,3.61,3.61,3.62,3.62,3.62,3.61,3.62,3.60,3.58,3.55,3.49,3.26,3.07,2.97,2.91,3.29,3.18,2.95,2.99,3.01,3.06,3.11,3.15,3.13,3.12,3.12,3.11,3.10,3.09,3.08,3.08,3.07,3.06,3.05,3.05,3.04,3.02,3.01,3.01,3.02,3.06,3.04,3.05,2.96,2.83,2.88,2.97,3.01,3.00,2.94,2.85,2.78,2.66,2.48,2.34,2.47,2.59,2.64,2.67,2.74,2.80,2.84,2.85,2.87,2.89,2.90,2.91,2.88,2.89,2.92,2.96,2.99,3.04,3.07,3.10,3.15,3.12,3.07,3.01,2.94,2.92,2.88,2.99,3.13,3.19,3.24,3.37,3.60,3.82,3.63,3.63,3.62,3.59,3.58,3.57,3.56,3.55,3.54,3.52,3.51,3.50,3.49,3.48,3.46,3.45,3.40,3.29,3.24,3.22,3.22,3.23,3.24,3.25,3.25,3.23,3.20,3.16,3.15,3.16
2.06,2.05,2.06,2.05,2.06,2.06,2.05,2.05,2.06,2.06,2.06,2.06,2.06,2.05,2.30,3.81,4.10,4.29,4.37,4.39,4.27,4.37,4.52,4.64,4.66,4.68,4.71,4.73,4.72,4.68,4.66,4.64,4.61,4.59,4.51,4.30,3.96,3.68,3.74,3.85,3.92,3.95,3.87,3.81,3.75,3.71,3.65,3.62,3.60,3.60,3.62,3.62,3.61,3.61,3.63,3.60,3.60,3.63,3.67,3.70,3.72,3.71,3.69,3.68,3.63,3.63,3.63,3.61,3.58,3.57,3.55,3.53,3.51,3.51,3.49,3.46,3.45,3.42,3.40,3.39,3.40,3.44,3.39,3.32,3.26,3.20,3.20,3.19,3.18,3.17,3.07,2.98,2.92,2.87,2.80,2.77,2.74,2.71,2.69,2.67,2.64,2.59,2.56,2.57,2.56,2.55,2.49,2.37,2.35,2.41,2.49,2.43,2.32,2.16,2.09,2.23,2.75,2.67,2.69,2.74,2.70,2.85,2.90,2.89,2.85,2.83,2.91,3.05,3.27,3.58,3.58,3.58,3.58,3.59,3.60,3.60,3.61,3.61,3.61,3.61,3.62,3.62,3.61,3.62,3.63,3.62,3.60,3.58,3.49,3.41,3.36,3.31,3.31,3.13,2.96,2.97,3.01,3.07,3.12,3.15,3.14,3.13,3.13,3.12,3.11,3.10,3.10,3.09,3.08,3.07,3.06,3.05,3.04,3.03,3.03,3.02,3.03,3.06,3.06,3.04,2.95,2.83,2.90,2.99,3.02,2.98,2.90,2.77,2.68,2.62,2.61,2.61,2.70,2.72,2.68,2.64,2.60,2.71,2.83,2.84,2.89,2.88,2.88,2.91,2.91,2.94,2.96,2.98,3.03,3.09,3.10,3.08,3.06,3.02,2.98,2.95,2.97,3.05,3.03,3.07,3.15,3.27,3.33,3.48,3.66,3.79,3.66,3.64,3.63,3.62,3.60,3.59,3.58,3.57,3.56,3.55,3.53,3.52,3.51,3.50,3.49,3.48,3.45,3.40,3.37,3.33,3.29,3.25,3.24,3.25,3.25,3.25,3.24,3.23,3.22,3.21
3.00,2.82,2.81,2.79,2.75,2.66,2.44,2.18,2.08,2.07,2.07,2.05,2.05,2.09,2.45,4.33,4.31,4.34,4.41,4.37,4.25,4.42,4.60,4.65,4.67,4.72,4.75,4.75,4.74,4.69,4.66,4.63,4.61,4.59,4.44,4.17,3.86,3.70,3.79,3.89,3.94,3.92,3.83,3.74,3.69,3.67,3.61,3.58,3.56,3.56,3.57,3.54,3.54,3.57,3.60,3.56,3.59,3.64,3.69,3.70,3.70,3.68,3.64,3.63,3.58,3.58,3.59,3.57,3.57,3.54,3.50,3.49,3.50,3.50,3.49,3.48,3.47,3.44,3.41,3.38,3.35,3.34,3.32,3.29,3.27,3.26,3.26,3.27,3.27,3.27,3.15,3.08,3.02,2.97,2.91,2.88,2.85,2.81,2.76,2.69,2.64,2.60,2.55,2.54,2.53,2.52,2.50,2.49,2.48,2.48,2.47,2.44,2.36,2.24,2.19,2.31,2.71,2.73,2.70,2.69,2.75,2.89,2.91,2.88,2.85,2.83,2.93,3.14,3.40,3.60,3.59,3.58,3.58,3.59,3.60,3.60,3.60,3.61,3.61,3.61,3.61,3.62,3.61,3.62,3.64,3.64,3.63,3.63,3.63,3.62,3.59,3.56,3.26,3.06,2.96,2.95,3.01,3.09,3.14,3.15,3.14,3.14,3.13,3.13,3.12,3.11,3.11,3.10,3.09,3.08,3.07,3.06,3.05,3.05,3.04,3.03,3.03,3.06,3.08,3.03,2.94,2.84,2.91,3.00,3.02,2.95,2.85,2.67,2.55,2.54,2.64,2.76,2.83,2.81,2.75,2.69,2.64,2.75,2.86,2.83,2.87,2.87,2.88,2.92,2.93,2.96,2.98,2.99,3.04,3.10,3.09,3.03,2.96,2.92,2.94,2.98,3.03,3.12,3.19,3.21,3.24,3.35,3.41,3.56,3.69,3.74,3.67,3.64,3.63,3.63,3.63,3.61,3.60,3.59,3.58,3.57,3.56,3.54,3.53,3.52,3.51,3.50,3.49,3.48,3.46,3.42,3.36,3.31,3.29,3.27,3.26,3.26,3.27,3.28,3.27,3.25
4.65,5.11,5.04,4.99,4.84,4.46,3.59,2.56,2.13,2.07,2.06,2.07,2.06,2.16,2.68,4.08,4.29,4.39,4.43,4.34,4.23,4.43,4.63,4.64,4.67,4.76,4.78,4.75,4.75,4.69,4.65,4.62,4.58,4.57,4.24,3.92,3.77,3.77,3.85,3.93,3.96,3.90,3.77,3.66,3.65,3.73,3.68,3.67,3.66,3.62,3.56,3.46,3.46,3.50,3.53,3.54,3.58,3.65,3.71,3.71,3.69,3.65,3.59,3.55,3.54,3.53,3.53,3.55,3.64,3.52,3.41,3.38,3.47,3.45,3.44,3.44,3.45,3.43,3.42,3.41,3.40,3.40,3.37,3.34,3.31,3.29,3.25,3.23,3.19,3.15,3.14,3.15,3.13,3.10,3.09,3.05,3.00,2.93,2.82,2.77,2.74,2.69,2.62,2.58,2.59,2.53,2.43,2.40,2.38,2.38,2.41,2.46,2.44,2.44,2.45,2.50,2.62,2.65,2.65,2.68,2.79,2.92,2.93,2.89,2.85,2.82,2.92,3.21,3.52,3.61,3.61,3.60,3.59,3.59,3.60,3.60,3.60,3.61,3.61,3.61,3.61,3.62,3.62,3.63,3.64,3.64,3.63,3.62,3.64,3.63,3.60,3.58,3.10,2.96,2.96,2.93,3.02,3.10,3.15,3.15,3.14,3.13,3.13,3.13,3.13,3.12,3.12,3.11,3.10,3.09,3.08,3.07,3.07,3.06,3.05,3.04,3.04,3.05,3.08,3.03,2.94,2.86,2.91,3.01,3.00,2.92,2.81,2.52,2.40,2.41,2.52,2.71,2.81,2.85,2.86,2.87,2.93,2.97,2.93,2.81,2.81,2.85,2.89,2.93,2.96,2.97,2.96,2.96,3.00,3.07,3.00,2.91,2.86,2.82,2.99,3.12,3.15,3.10,3.36,3.44,3.43,3.43,3.48,3.59,3.67,3.68,3.63,3.64,3.64,3.64,3.64,3.63,3.62,3.61,3.60,3.59,3.58,3.57,3.55,3.55,3.54,3.53,3.51,3.50,3.49,3.47,3.45,3.43,3.42,3.33,3.28,3.27,3.28,3.29,3.29,3.29
4.88,4.97,4.90,4.84,4.74,4.52,4.08,3.64,3.95,4.78,4.63,4.56,4.40,3.83,3.53,4.15,4.32,4.42,4.45,4.33,4.37,4.53,4.64,4.64,4.69,4.74,4.75,4.74,4.74,4.71,4.67,4.63,4.59,4.55,4.17,3.86,3.75,3.81,3.89,3.95,3.95,3.86,3.74,3.69,3.72,3.82,3.94,3.97,3.94,3.83,3.67,3.59,3.54,3.51,3.50,3.53,3.60,3.68,3.75,3.71,3.65,3.58,3.51,3.46,3.45,3.43,3.42,3.42,3.48,3.43,3.40,3.42,3.48,3.45,3.45,3.44,3.41,3.39,3.37,3.37,3.37,3.38,3.36,3.33,3.32,3.31,3.27,3.25,3.22,3.18,3.18,3.17,3.14,3.12,3.11,3.05,3.03,2.98,2.79,2.81,2.78,2.74,2.71,2.67,2.63,2.55,2.45,2.41,2.36,2.35,2.38,2.41,2.40,2.40,2.40,2.42,2.53,2.60,2.65,2.73,2.84,2.96,2.96,2.91,2.87,2.83,2.92,3.21,3.53,3.59,3.60,3.60,3.59,3.59,3.60,3.60,3.60,3.60,3.60,3.60,3.61,3.62,3.63,3.64,3.64,3.63,3.62,3.62,3.63,3.62,3.56,3.42,3.04,2.93,2.95,2.97,3.06,3.12,3.15,3.15,3.15,3.13,3.13,3.13,3.12,3.12,3.12,3.11,3.10,3.10,3.09,3.09,3.08,3.07,3.06,3.05,3.05,3.05,3.07,3.01,2.93,2.89,2.96,3.02,3.01,2.89,2.66,2.64,2.61,2.61,2.67,2.77,2.81,2.82,2.79,2.73,2.88,2.95,2.94,2.87,2.86,2.85,2.88,2.92,2.95,2.94,2.92,2.90,2.89,2.97,2.93,2.89,2.95,2.94,3.08,3.20,3.24,3.21,3.38,3.41,3.39,3.40,3.44,3.53,3.61,3.65,3.64,3.65,3.65,3.64,3.64,3.64,3.63,3.62,3.62,3.61,3.60,3.59,3.58,3.57,3.56,3.55,3.53,3.52,3.51,3.50,3.49,3.48,3.46,3.40,3.37,3.35,3.30,3.29,3.30,3.30
4.90,4.84,4.79,4.72,4.65,4.60,4.56,4.68,4.76,4.74,4.59,4.53,4.40,4.35,4.39,4.28,4.37,4.44,4.44,4.32,4.51,4.62,4.66,4.64,4.71,4.71,4.72,4.72,4.72,4.73,4.69,4.64,4.61,4.48,4.11,3.83,3.76,3.84,3.92,3.96,3.93,3.81,3.71,3.74,3.83,3.95,4.19,4.26,4.22,4.07,3.84,3.78,3.65,3.53,3.49,3.53,3.63,3.72,3.77,3.68,3.59,3.50,3.43,3.38,3.34,3.31,3.29,3.28,3.29,3.31,3.37,3.44,3.45,3.43,3.44,3.43,3.38,3.37,3.33,3.32,3.35,3.34,3.33,3.31,3.30,3.31,3.29,3.28,3.26,3.23,3.22,3.17,3.14,3.12,3.10,3.03,3.05,3.02,2.78,2.84,2.81,2.79,2.81,2.77,2.69,2.60,2.53,2.49,2.39,2.37,2.38,2.37,2.35,2.33,2.32,2.33,2.48,2.57,2.67,2.78,2.89,2.99,2.98,2.94,2.90,2.84,2.92,3.17,3.45,3.50,3.55,3.57,3.57,3.59,3.59,3.60,3.60,3.60,3.60,3.60,3.60,3.61,3.63,3.64,3.63,3.63,3.62,3.61,3.62,3.61,3.52,3.25,3.00,2.93,2.95,3.00,3.09,3.13,3.14,3.15,3.15,3.14,3.13,3.13,3.12,3.12,3.11,3.11,3.11,3.10,3.10,3.10,3.09,3.08,3.07,3.06,3.05,3.04,3.06,2.99,2.92,2.91,3.01,3.04,3.01,2.87,2.56,2.78,2.84,2.84,2.85,2.85,2.83,2.79,2.74,2.61,2.79,2.89,2.92,2.94,2.91,2.86,2.86,2.92,2.94,2.91,2.88,2.86,2.83,2.92,2.91,2.93,3.07,3.11,3.19,3.26,3.31,3.32,3.36,3.34,3.32,3.34,3.39,3.46,3.55,3.64,3.65,3.65,3.65,3.65,3.64,3.64,3.64,3.63,3.63,3.63,3.62,3.61,3.60,3.59,3.58,3.57,3.56,3.54,3.54,3.52,3.51,3.50,3.49,3.47,3.46,3.43,3.34,3.32,3.31,3.31
4.98,4.93,4.88,4.81,4.74,4.67,4.60,4.60,4.59,4.55,4.44,4.34,4.38,4.39,4.34,4.33,4.42,4.45,4.40,4.28,4.46,4.58,4.65,4.66,4.69,4.70,4.70,4.70,4.72,4.73,4.70,4.65,4.59,4.26,3.99,3.82,3.79,3.88,3.96,3.96,3.89,3.78,3.69,3.76,3.95,4.18,4.27,4.33,4.32,4.26,4.15,4.04,3.79,3.55,3.52,3.59,3.68,3.74,3.73,3.61,3.52,3.42,3.33,3.26,3.21,3.19,3.18,3.17,3.18,3.19,3.21,3.25,3.25,3.26,3.27,3.30,3.38,3.49,3.37,3.33,3.42,3.31,3.28,3.26,3.25,3.25,3.24,3.24,3.24,3.22,3.22,3.21,3.19,3.15,3.14,3.10,3.09,3.04,2.91,2.90,2.87,2.87,2.89,2.86,2.87,2.81,2.72,2.71,2.52,2.48,2.48,2.45,2.41,2.40,2.40,2.42,2.53,2.62,2.72,2.83,2.93,2.98,2.97,2.93,2.90,2.86,2.93,3.04,3.14,3.23,3.40,3.44,3.47,3.57,3.58,3.59,3.60,3.59,3.60,3.60,3.60,3.61,3.62,3.64,3.64,3.63,3.62,3.62,3.62,3.60,3.49,3.14,2.99,2.94,2.94,2.97,3.10,3.13,3.13,3.12,3.15,3.14,3.13,3.13,3.12,3.12,3.11,3.11,3.11,3.10,3.10,3.10,3.09,3.09,3.08,3.07,3.06,3.05,3.03,2.94,2.88,2.91,3.04,3.03,3.00,2.92,2.76,2.81,2.85,2.87,2.87,2.89,2.89,2.87,2.83,2.80,2.85,2.89,2.92,2.95,2.93,2.89,2.89,2.93,2.95,2.91,2.89,2.91,2.96,3.13,3.09,3.06,3.18,3.23,3.30,3.33,3.32,3.33,3.35,3.35,3.32,3.27,3.36,3.48,3.58,3.63,3.65,3.65,3.65,3.65,3.65,3.64,3.64,3.64,3.63,3.63,3.63,3.62,3.61,3.61,3.60,3.59,3.58,3.57,3.56,3.55,3.53,3.52,3.51,3.50,3.49,3.47,3.43,3.42,3.39,3.35
5.05,5.00,4.96,4.89,4.82,4.75,4.67,4.62,4.57,4.51,4.43,4.35,4.40,4.41,4.37,4.41,4.47,4.46,4.37,4.26,4.33,4.49,4.63,4.66,4.67,4.68,4.67,4.66,4.68,4.71,4.69,4.64,4.55,4.12,3.89,3.80,3.82,3.92,3.97,3.95,3.86,3.76,3.73,3.88,4.10,4.29,4.33,4.34,4.34,4.32,4.26,4.03,3.74,3.55,3.58,3.65,3.75,3.77,3.69,3.56,3.47,3.40,3.34,3.28,3.24,3.20,3.17,3.17,3.13,3.12,3.11,3.11,3.11,3.14,3.15,3.18,3.25,3.36,3.27,3.24,3.32,3.23,3.24,3.25,3.25,3.25,3.22,3.21,3.21,3.19,3.19,3.19,3.17,3.15,3.13,3.12,3.10,3.07,3.01,2.96,2.93,2.93,2.96,2.92,2.94,2.90,2.82,2.80,2.64,2.59,2.61,2.66,2.61,2.54,2.50,2.52,2.60,2.69,2.78,2.87,2.95,2.99,2.98,2.95,2.92,2.88,2.90,2.92,2.94,3.02,3.17,3.20,3.24,3.34,3.39,3.47,3.53,3.57,3.58,3.58,3.59,3.60,3.60,3.62,3.62,3.62,3.61,3.62,3.62,3.59,3.46,3.04,2.98,2.96,2.96,3.01,3.11,3.14,3.13,3.12,3.14,3.14,3.13,3.12,3.12,3.12,3.11,3.11,3.11,3.10,3.10,3.10,3.09,3.09,3.08,3.08,3.07,3.06,3.01,2.91,2.88,2.94,3.04,3.02,2.96,2.88,2.80,2.81,2.86,2.90,2.93,2.96,2.97,2.95,2.92,2.91,2.90,2.90,2.92,2.95,2.93,2.92,2.92,2.94,2.94,2.93,2.92,2.94,3.02,3.15,3.16,3.19,3.28,3.32,3.35,3.34,3.32,3.31,3.31,3.33,3.30,3.21,3.39,3.55,3.63,3.64,3.65,3.65,3.65,3.65,3.65,3.64,3.64,3.64,3.63,3.63,3.63,3.63,3.62,3.62,3.62,3.61,3.60,3.59,3.58,3.57,3.56,3.54,3.53,3.52,3.51,3.50,3.49,3.48,3.45,3.40
5.12,5.06,5.02,4.96,4.90,4.84,4.77,4.70,4.64,4.57,4.50,4.48,4.43,4.42,4.45,4.50,4.52,4.47,4.36,4.26,4.16,4.37,4.59,4.64,4.63,4.65,4.64,4.61,4.62,4.67,4.67,4.61,4.47,4.01,3.80,3.78,3.87,3.97,3.98,3.93,3.84,3.75,3.81,4.04,4.25,4.33,4.36,4.33,4.32,4.31,4.25,3.86,3.60,3.53,3.66,3.72,3.82,3.80,3.65,3.51,3.44,3.43,3.42,3.38,3.36,3.28,3.23,3.25,3.12,3.07,3.04,3.01,3.02,3.05,3.06,3.06,3.05,3.10,3.08,3.09,3.13,3.13,3.21,3.26,3.28,3.29,3.21,3.18,3.17,3.16,3.14,3.14,3.13,3.13,3.10,3.11,3.11,3.10,3.09,3.02,2.98,2.98,3.00,2.96,2.95,2.92,2.86,2.82,2.74,2.70,2.77,2.94,2.88,2.73,2.63,2.61,2.68,2.76,2.83,2.90,2.96,2.99,3.00,2.99,2.95,2.91,2.86,2.82,2.80,2.85,2.89,2.91,2.94,2.99,3.09,3.27,3.42,3.53,3.55,3.55,3.56,3.57,3.58,3.59,3.60,3.61,3.60,3.61,3.60,3.58,3.43,2.97,2.97,2.96,2.99,3.07,3.13,3.15,3.14,3.13,3.13,3.14,3.13,3.12,3.12,3.11,3.11,3.11,3.10,3.10,3.10,3.10,3.09,3.09,3.08,3.08,3.08,3.07,3.00,2.91,2.90,2.98,3.03,3.00,2.90,2.79,2.73,2.79,2.87,2.94,3.00,3.04,3.06,3.04,2.99,2.97,2.96,2.94,2.93,2.96,2.93,2.93,2.95,2.95,2.92,2.97,2.97,2.96,3.03,3.05,3.18,3.31,3.38,3.37,3.36,3.33,3.30,3.27,3.26,3.28,3.26,3.15,3.46,3.64,3.70,3.67,3.65,3.64,3.64,3.64,3.64,3.64,3.64,3.64,3.64,3.63,3.63,3.63,3.63,3.62,3.62,3.62,3.61,3.61,3.60,3.59,3.58,3.57,3.55,3.54,3.53,3.52,3.51,3.50,3.49,3.47
5.12,5.07,5.03,5.00,4.97,4.93,4.84,4.78,4.73,4.66,4.59,4.55,4.52,4.51,4.52,4.55,4.52,4.46,4.37,4.29,4.20,4.23,4.26,4.24,4.33,4.46,4.54,4.57,4.59,4.47,4.35,4.26,4.16,3.87,3.80,3.84,3.92,4.01,3.98,3.90,3.81,3.72,3.84,4.10,4.31,4.35,4.32,4.33,4.33,4.26,4.00,3.80,3.64,3.59,3.69,3.76,3.80,3.75,3.63,3.56,3.54,3.64,3.77,3.78,3.74,3.66,3.63,3.65,3.29,3.18,3.14,3.12,3.10,3.08,3.05,3.01,2.95,2.99,2.99,3.01,3.04,3.05,3.08,3.09,3.09,3.12,3.08,3.11,3.16,3.20,3.19,3.19,3.17,3.13,3.11,3.07,3.07,3.08,3.05,3.02,3.00,3.00,3.01,2.98,2.97,2.94,2.90,2.87,2.82,2.78,2.78,2.82,2.79,2.73,2.69,2.68,2.73,2.80,2.87,2.94,3.01,3.02,3.01,3.00,2.98,2.94,2.88,2.86,2.86,2.86,2.85,2.86,2.88,2.88,2.91,3.01,3.11,3.18,3.22,3.24,3.28,3.37,3.52,3.54,3.55,3.56,3.56,3.58,3.58,3.50,3.31,2.96,2.97,2.97,3.00,3.09,3.14,3.14,3.13,3.12,3.12,3.13,3.13,3.12,3.12,3.11,3.11,3.11,3.10,3.10,3.10,3.09,3.09,3.08,3.08,3.08,3.08,3.06,2.99,2.91,2.91,2.98,3.01,2.96,2.74,2.48,2.35,2.74,2.88,2.95,3.04,3.02,3.05,3.04,2.99,2.99,3.05,3.02,2.98,3.00,2.98,3.03,3.04,2.97,2.91,2.99,3.04,3.06,3.13,3.15,3.25,3.34,3.37,3.36,3.34,3.31,3.28,3.26,3.24,3.22,3.22,3.23,3.58,3.67,3.66,3.66,3.66,3.65,3.64,3.64,3.64,3.64,3.63,3.63,3.63,3.63,3.63,3.63,3.63,3.62,3.62,3.62,3.61,3.61,3.61,3.60,3.59,3.59,3.58,3.58,3.56,3.54,3.54,3.52,3.51,3.50
5.09,5.06,5.02,4.99,4.98,4.95,4.87,4.82,4.78,4.73,4.67,4.62,4.60,4.59,4.58,4.59,4.53,4.46,4.38,4.31,4.24,4.17,4.10,4.04,4.14,4.26,4.34,4.38,4.38,4.22,4.09,4.00,3.96,3.81,3.83,3.90,3.97,4.04,3.97,3.88,3.79,3.74,3.95,4.19,4.35,4.36,4.30,4.32,4.28,4.12,3.84,3.73,3.66,3.66,3.73,3.80,3.78,3.70,3.60,3.59,3.65,3.80,3.95,3.98,3.97,3.91,3.89,3.92,3.52,3.41,3.39,3.39,3.36,3.21,3.10,3.02,2.96,2.96,2.96,2.97,2.98,2.96,2.96,2.95,2.93,2.97,2.97,3.01,3.07,3.12,3.12,3.13,3.11,3.08,3.08,3.07,3.06,3.05,3.01,3.00,3.00,2.99,2.98,2.97,2.96,2.94,2.92,2.90,2.88,2.84,2.80,2.78,2.76,2.75,2.74,2.74,2.79,2.86,2.92,2.98,3.04,3.03,3.02,3.02,3.02,2.99,2.92,2.91,2.92,2.91,2.87,2.87,2.88,2.87,2.86,2.89,2.93,2.96,2.97,2.99,3.06,3.18,3.35,3.37,3.39,3.41,3.42,3.49,3.53,3.42,3.18,2.95,2.95,2.96,3.01,3.10,3.14,3.14,3.13,3.12,3.12,3.13,3.13,3.13,3.12,3.11,3.11,3.11,3.10,3.10,3.09,3.09,3.09,3.08,3.08,3.08,3.07,3.04,2.92,2.89,2.92,2.98,2.99,2.92,2.69,2.42,2.30,2.74,2.89,2.95,3.03,2.98,3.02,3.02,2.99,3.00,3.10,3.08,3.02,3.03,3.04,3.09,3.08,2.98,2.91,2.82,2.93,3.12,3.17,3.21,3.30,3.36,3.35,3.34,3.32,3.30,3.27,3.24,3.21,3.23,3.30,3.40,3.66,3.67,3.64,3.65,3.66,3.65,3.64,3.64,3.64,3.63,3.63,3.63,3.63,3.63,3.63,3.63,3.63,3.62,3.62,3.62,3.62,3.61,3.61,3.61,3.60,3.60,3.60,3.60,3.58,3.57,3.56,3.55,3.54,3.52
5.04,5.01,4.97,4.92,4.89,4.87,4.83,4.81,4.79,4.77,4.74,4.71,4.67,4.64,4.63,4.61,4.54,4.48,4.42,4.34,4.27,4.21,4.16,4.13,4.07,4.04,4.01,3.98,3.94,3.92,3.89,3.88,3.89,3.88,3.91,3.95,4.00,4.03,3.95,3.85,3.79,3.82,4.16,4.33,4.37,4.34,4.30,4.30,4.14,3.89,3.80,3.66,3.66,3.74,3.79,3.83,3.75,3.64,3.56,3.61,3.79,3.89,3.90,3.92,3.97,3.97,3.98,3.99,3.85,3.80,3.82,3.86,3.86,3.47,3.22,3.11,3.09,3.03,3.01,2.99,2.96,2.87,2.86,2.84,2.83,2.87,2.89,2.88,2.88,2.90,2.91,2.91,2.92,2.94,3.00,3.10,3.08,3.01,2.98,2.96,2.95,2.94,2.93,2.93,2.91,2.91,2.90,2.90,2.90,2.88,2.86,2.82,2.79,2.78,2.77,2.78,2.86,2.91,2.97,3.02,3.07,3.04,3.05,3.07,3.07,3.04,2.99,2.97,2.98,2.99,2.96,2.96,2.97,2.98,2.97,2.94,2.92,2.91,2.86,2.84,2.91,3.01,3.04,3.03,3.07,3.11,3.13,3.30,3.47,3.35,3.06,2.96,2.89,2.93,3.02,3.13,3.13,3.14,3.14,3.13,3.13,3.12,3.13,3.13,3.11,3.11,3.11,3.11,3.10,3.10,3.09,3.09,3.09,3.08,3.08,3.08,3.07,3.00,2.79,2.84,2.94,2.99,2.96,2.89,2.78,2.69,2.71,2.81,2.88,2.92,2.93,2.93,2.96,2.98,2.99,3.00,3.10,3.10,3.06,3.07,3.12,3.10,3.05,3.00,2.93,2.40,2.60,3.12,3.14,3.22,3.30,3.35,3.34,3.33,3.30,3.28,3.25,3.22,3.19,3.34,3.54,3.68,3.66,3.63,3.62,3.63,3.64,3.65,3.65,3.64,3.64,3.63,3.63,3.63,3.63,3.62,3.62,3.62,3.62,3.62,3.61,3.61,3.61,3.61,3.61,3.61,3.61,3.60,3.60,3.60,3.59,3.59,3.59,3.58,3.56,3.54
5.03,4.96,4.91,4.86,4.83,4.79,4.76,4.73,4.71,4.67,4.63,4.64,4.62,4.61,4.59,4.60,4.56,4.52,4.47,4.41,4.34,4.28,4.23,4.19,4.13,4.08,4.03,3.98,3.94,3.93,3.93,3.94,3.96,3.96,3.98,4.01,4.03,4.02,3.94,3.85,3.79,3.79,4.00,4.06,4.05,4.02,4.03,4.07,4.00,3.86,3.76,3.67,3.70,3.78,3.83,3.80,3.70,3.62,3.60,3.74,3.85,3.90,3.90,3.92,3.97,3.99,3.98,3.98,3.89,3.87,3.89,3.93,3.93,3.76,3.62,3.55,3.55,3.55,3.49,3.30,3.02,2.94,2.92,2.89,2.86,2.84,2.84,2.82,2.80,2.76,2.79,2.79,2.79,2.81,2.85,2.90,2.90,2.87,2.86,2.91,2.89,2.87,2.87,2.85,2.83,2.84,2.86,2.83,2.84,2.84,2.84,2.81,2.80,2.79,2.79,2.81,2.86,2.93,2.99,3.05,3.09,3.08,3.09,3.10,3.10,3.09,3.07,3.11,3.17,3.22,3.18,3.10,3.05,3.06,3.06,3.03,3.01,2.99,2.94,2.92,2.94,2.97,2.97,2.97,2.98,3.00,3.05,3.09,3.19,3.13,2.96,2.94,2.89,2.93,3.02,3.13,3.13,3.13,3.13,3.12,3.12,3.12,3.12,3.13,3.12,3.11,3.11,3.10,3.10,3.10,3.09,3.09,3.09,3.08,3.08,3.07,3.05,2.99,2.82,2.87,2.96,2.99,2.93,2.85,2.79,2.77,2.77,2.83,2.92,2.98,3.00,3.00,3.01,3.01,3.00,2.99,3.03,3.06,3.09,3.11,3.12,3.10,3.04,2.98,2.93,2.37,2.55,3.08,3.16,3.24,3.31,3.34,3.33,3.31,3.29,3.26,3.23,3.22,3.35,3.50,3.63,3.69,3.62,3.60,3.60,3.62,3.62,3.64,3.64,3.65,3.65,3.63,3.63,3.63,3.63,3.62,3.62,3.62,3.62,3.62,3.61,3.61,3.61,3.61,3.61,3.60,3.60,3.60,3.60,3.60,3.59,3.59,3.59,3.59,3.57,3.56
5.01,4.91,4.85,4.80,4.75,4.71,4.68,4.64,4.60,4.56,4.50,4.53,4.54,4.54,4.53,4.56,4.56,4.53,4.50,4.47,4.40,4.35,4.30,4.27,4.22,4.17,4.12,4.06,4.02,4.00,4.00,4.02,4.04,4.03,4.03,4.05,4.06,4.01,3.96,3.88,3.80,3.76,3.81,3.79,3.75,3.73,3.79,3.87,3.91,3.88,3.74,3.72,3.76,3.82,3.85,3.76,3.66,3.61,3.65,3.85,3.89,3.90,3.90,3.93,3.97,3.98,3.97,3.94,3.89,3.88,3.90,3.92,3.94,3.97,3.96,3.95,3.94,4.00,3.92,3.63,3.21,3.17,3.14,3.10,3.04,2.95,2.85,2.81,2.76,2.69,2.70,2.71,2.70,2.69,2.70,2.69,2.70,2.71,2.71,2.80,2.78,2.76,2.77,2.74,2.71,2.74,2.78,2.74,2.75,2.78,2.79,2.79,2.79,2.78,2.79,2.82,2.85,2.93,3.00,3.07,3.11,3.11,3.12,3.13,3.14,3.14,3.15,3.22,3.33,3.40,3.35,3.22,3.13,3.14,3.15,3.14,3.11,3.09,3.06,3.04,3.01,2.99,2.98,3.00,2.97,2.97,3.03,2.94,2.96,2.95,2.92,2.94,2.90,2.94,3.03,3.13,3.12,3.11,3.11,3.11,3.11,3.12,3.12,3.12,3.13,3.11,3.10,3.10,3.10,3.09,3.09,3.09,3.09,3.07,3.07,3.06,3.03,2.98,2.87,2.91,2.97,2.98,2.92,2.80,2.73,2.72,2.77,2.84,2.95,3.04,3.07,3.07,3.06,3.04,3.02,3.02,3.00,3.04,3.10,3.12,3.11,3.10,3.04,2.96,2.94,2.50,2.62,3.04,3.18,3.25,3.31,3.33,3.32,3.30,3.27,3.25,3.24,3.27,3.52,3.64,3.66,3.65,3.58,3.57,3.58,3.60,3.61,3.62,3.63,3.65,3.66,3.64,3.63,3.63,3.63,3.62,3.62,3.62,3.62,3.62,3.61,3.61,3.61,3.61,3.60,3.60,3.60,3.60,3.60,3.59,3.59,3.59,3.59,3.59,3.58,3.58
4.98,4.90,4.80,4.73,4.67,4.62,4.59,4.54,4.50,4.46,4.40,4.39,4.41,4.43,4.44,4.46,4.45,4.44,4.44,4.43,4.41,4.39,4.38,4.38,4.32,4.27,4.21,4.16,4.10,4.09,4.07,4.07,4.08,4.06,4.06,4.06,4.06,4.03,4.01,3.95,3.87,3.81,3.77,3.73,3.70,3.70,3.78,3.89,3.93,3.87,3.77,3.79,3.83,3.85,3.82,3.74,3.65,3.62,3.67,3.85,3.91,3.92,3.92,3.92,3.96,3.96,3.93,3.90,3.88,3.90,3.92,3.94,3.98,3.95,3.96,3.97,3.94,3.97,3.97,3.90,3.78,3.78,3.74,3.70,3.62,3.42,3.01,2.87,2.83,2.77,2.71,2.72,2.69,2.63,2.58,2.57,2.57,2.57,2.52,2.56,2.52,2.50,2.53,2.52,2.52,2.54,2.59,2.61,2.64,2.67,2.70,2.74,2.74,2.76,2.79,2.82,2.86,2.93,2.99,3.04,3.10,3.12,3.14,3.17,3.19,3.19,3.20,3.23,3.27,3.30,3.31,3.28,3.24,3.22,3.24,3.24,3.22,3.18,3.14,3.13,3.12,3.12,3.11,3.12,3.10,3.08,3.06,3.01,2.98,2.99,3.01,3.01,2.95,2.98,3.04,3.11,3.09,3.06,3.05,3.08,3.12,3.11,3.11,3.11,3.12,3.11,3.10,3.10,3.10,3.10,3.10,3.11,3.10,3.08,3.06,3.06,3.03,2.93,2.87,2.92,2.97,2.97,2.92,2.72,2.47,2.40,2.81,2.85,2.92,2.99,3.02,3.06,3.07,3.08,3.09,3.13,3.11,3.10,3.08,3.05,3.14,3.11,3.05,2.99,2.96,2.85,2.91,3.07,3.15,3.24,3.30,3.32,3.30,3.28,3.26,3.24,3.29,3.49,3.58,3.63,3.63,3.60,3.56,3.56,3.57,3.58,3.59,3.60,3.62,3.63,3.64,3.64,3.64,3.63,3.63,3.62,3.62,3.62,3.62,3.61,3.61,3.61,3.61,3.61,3.60,3.60,3.60,3.60,3.60,3.59,3.59,3.59,3.59,3.58,3.58,3.58
4.95,4.87,4.75,4.68,4.61,4.54,4.50,4.44,4.38,4.33,4.28,4.27,4.28,4.31,4.33,4.34,4.34,4.34,4.34,4.35,4.35,4.35,4.35,4.36,4.33,4.29,4.25,4.22,4.19,4.17,4.14,4.13,4.12,4.09,4.08,4.08,4.07,4.05,4.03,3.98,3.91,3.84,3.77,3.75,3.74,3.76,3.84,3.91,3.91,3.85,3.81,3.85,3.88,3.87,3.80,3.68,3.64,3.66,3.75,3.89,3.93,3.92,3.91,3.92,3.94,3.94,3.90,3.84,3.83,3.86,3.90,3.94,3.99,3.99,4.01,4.02,3.97,3.98,3.99,4.00,4.00,4.00,4.00,4.00,3.95,3.77,3.42,3.28,3.26,3.23,3.14,2.89,2.72,2.65,2.59,2.57,2.55,2.52,2.46,2.44,2.37,2.33,2.37,2.38,2.40,2.41,2.44,2.48,2.50,2.51,2.55,2.63,2.69,2.71,2.75,2.81,2.85,2.93,2.98,3.02,3.07,3.11,3.15,3.18,3.21,3.21,3.23,3.25,3.27,3.28,3.31,3.33,3.32,3.31,3.32,3.32,3.30,3.28,3.27,3.26,3.23,3.22,3.25,3.21,3.19,3.17,3.14,3.10,3.07,3.09,3.12,3.10,3.02,3.02,3.06,3.06,3.03,3.02,3.01,3.02,3.06,3.05,3.06,3.09,3.12,3.12,3.12,3.11,3.11,3.11,3.10,3.09,3.08,3.07,3.05,3.06,3.01,2.87,2.88,2.94,2.98,2.97,2.90,2.77,2.53,2.44,2.84,2.92,2.98,3.00,3.01,3.08,3.09,3.10,3.11,3.15,3.15,3.11,3.08,3.06,3.13,3.10,3.04,3.00,2.98,2.98,3.02,3.09,3.16,3.24,3.29,3.31,3.29,3.27,3.26,3.30,3.40,3.57,3.59,3.61,3.60,3.55,3.53,3.54,3.55,3.56,3.58,3.59,3.60,3.61,3.62,3.63,3.64,3.63,3.63,3.62,3.62,3.62,3.62,3.61,3.61,3.61,3.61,3.61,3.60,3.60,3.60,3.60,3.60,3.59,3.59,3.59,3.59,3.58,3.58,3.58
4.92,4.83,4.72,4.65,4.57,4.48,4.40,4.34,4.28,4.22,4.18,4.17,4.19,4.21,4.23,4.23,4.24,4.23,4.22,4.23,4.24,4.25,4.26,4.28,4.28,4.28,4.26,4.25,4.26,4.24,4.21,4.17,4.16,4.11,4.10,4.10,4.09,4.06,4.04,3.99,3.92,3.86,3.79,3.80,3.83,3.87,3.93,3.93,3.88,3.82,3.87,3.89,3.91,3.89,3.78,3.61,3.62,3.72,3.85,3.96,3.94,3.91,3.90,3.92,3.93,3.92,3.87,3.78,3.78,3.81,3.86,3.92,3.97,4.05,4.08,4.06,4.02,4.00,4.00,4.01,4.02,4.01,4.08,4.13,4.14,4.04,3.92,3.85,3.84,3.86,3.78,3.18,2.80,2.73,2.67,2.63,2.58,2.52,2.47,2.40,2.28,2.23,2.27,2.29,2.32,2.32,2.32,2.35,2.35,2.34,2.37,2.49,2.63,2.65,2.70,2.80,2.83,2.94,2.98,2.99,3.03,3.08,3.14,3.19,3.20,3.22,3.25,3.28,3.30,3.32,3.33,3.36,3.38,3.39,3.38,3.39,3.39,3.38,3.40,3.40,3.34,3.30,3.38,3.29,3.27,3.26,3.23,3.20,3.20,3.22,3.24,3.21,3.10,3.07,3.07,3.02,2.96,2.99,2.98,2.94,2.96,2.96,3.00,3.06,3.11,3.14,3.14,3.13,3.12,3.11,3.10,3.07,3.05,3.06,3.06,3.05,2.97,2.81,2.89,2.97,3.00,2.97,2.87,2.87,2.75,2.66,2.86,3.03,3.07,3.04,3.01,3.11,3.12,3.11,3.11,3.13,3.15,3.12,3.09,3.10,3.11,3.07,3.03,3.01,2.98,3.00,3.04,3.09,3.19,3.25,3.29,3.30,3.28,3.28,3.29,3.39,3.53,3.56,3.57,3.59,3.57,3.50,3.51,3.52,3.53,3.54,3.56,3.57,3.58,3.59,3.61,3.62,3.63,3.63,3.62,3.62,3.62,3.62,3.62,3.61,3.61,3.61,3.61,3.61,3.60,3.60,3.60,3.60,3.59,3.59,3.59,3.59,3.59,3.58,3.58,3.58
4.90,4.82,4.71,4.61,4.51,4.40,4.30,4.51,4.58,4.56,4.53,4.52,4.53,4.51,4.45,4.30,4.17,4.11,4.11,4.12,4.14,4.15,4.15,4.16,4.16,4.16,4.16,4.16,4.16,4.16,4.15,4.13,4.14,4.13,4.12,4.10,4.08,4.07,4.04,3.99,3.92,3.88,3.87,3.88,3.92,3.97,3.98,3.95,3.91,3.89,3.90,3.91,3.91,3.86,3.74,3.66,3.64,3.71,3.85,3.94,3.95,3.94,3.93,3.93,3.94,3.89,3.83,3.80,3.80,3.81,3.85,3.89,3.88,3.94,3.97,3.97,3.97,3.98,4.01,4.02,4.00,4.01,4.05,4.09,4.09,3.98,3.87,3.88,3.92,3.94,3.97,3.83,3.48,3.02,2.75,2.66,2.58,2.54,2.58,2.53,2.47,2.43,2.42,2.36,2.30,2.26,2.24,2.26,2.27,2.27,2.30,2.38,2.49,2.59,2.70,2.79,2.85,2.93,2.98,3.01,3.02,3.06,3.11,3.15,3.17,3.21,3.23,3.26,3.29,3.32,3.33,3.36,3.39,3.42,3.42,3.43,3.44,3.44,3.46,3.47,3.44,3.42,3.45,3.38,3.38,3.38,3.34,3.32,3.30,3.30,3.30,3.26,3.19,3.16,3.15,3.12,3.08,3.05,3.01,2.96,2.95,2.94,2.95,2.98,3.01,3.00,3.03,3.05,3.04,3.01,3.00,3.02,3.04,3.05,3.05,3.02,2.94,2.81,2.92,2.98,2.99,2.95,2.89,2.87,2.80,2.76,2.88,3.05,3.10,3.08,3.04,3.09,3.12,3.14,3.15,3.14,3.17,3.16,3.13,3.09,3.07,3.06,3.03,3.00,2.99,3.01,2.99,2.99,3.10,3.24,3.31,3.32,3.31,3.37,3.40,3.45,3.51,3.53,3.55,3.55,3.52,3.48,3.49,3.50,3.52,3.53,3.54,3.55,3.56,3.57,3.59,3.60,3.61,3.62,3.63,3.63,3.62,3.62,3.62,3.61,3.61,3.61,3.61,3.60,3.60,3.60,3.60,3.60,3.59,3.59,3.59,3.59,3.58,3.58,3.58,3.58
4.88,4.80,4.70,4.57,4.45,4.37,4.39,4.66,4.77,4.78,4.75,4.74,4.73,4.69,4.61,4.44,4.28,4.22,4.21,4.20,4.18,4.11,4.05,4.04,4.04,4.05,4.06,4.06,4.06,4.08,4.08,4.07,4.09,4.10,4.10,4.08,4.05,4.06,4.03,3.98,3.93,3.90,3.91,3.94,3.99,4.04,4.00,3.96,3.94,3.94,3.94,3.93,3.90,3.83,3.71,3.69,3.65,3.68,3.79,3.90,3.94,3.94,3.93,3.92,3.95,3.87,3.80,3.80,3.81,3.81,3.83,3.85,3.82,3.85,3.88,3.90,3.91,3.93,3.96,3.97,3.96,3.99,3.99,4.01,4.02,3.93,3.85,3.89,3.97,4.04,4.20,4.32,4.12,3.65,3.33,2.93,2.68,2.56,2.64,2.60,2.57,2.52,2.47,2.46,2.38,2.32,2.30,2.30,2.29,2.27,2.27,2.30,2.40,2.55,2.69,2.79,2.84,2.92,2.97,3.00,3.01,3.04,3.08,3.11,3.14,3.18,3.20,3.23,3.27,3.31,3.30,3.34,3.38,3.41,3.44,3.46,3.47,3.48,3.50,3.51,3.50,3.49,3.51,3.47,3.48,3.48,3.45,3.44,3.42,3.41,3.39,3.34,3.29,3.26,3.23,3.21,3.18,3.12,3.07,3.02,2.99,2.96,2.96,2.96,2.96,2.94,2.96,2.97,2.96,2.92,2.93,2.97,3.01,3.02,3.03,2.97,2.89,2.82,2.93,2.98,2.97,2.92,2.88,2.85,2.82,2.82,2.90,3.02,3.09,3.10,3.07,3.08,3.12,3.16,3.19,3.16,3.16,3.16,3.13,3.08,3.07,3.05,3.03,2.99,3.00,2.99,2.97,2.99,3.11,3.25,3.31,3.33,3.34,3.41,3.45,3.47,3.49,3.51,3.53,3.51,3.48,3.46,3.48,3.49,3.50,3.51,3.52,3.54,3.55,3.56,3.57,3.59,3.60,3.61,3.62,3.63,3.63,3.62,3.62,3.61,3.61,3.61,3.61,3.60,3.60,3.60,3.60,3.60,3.59,3.59,3.59,3.59,3.58,3.58,3.58,3.58
4.86,4.75,4.67,4.53,4.40,4.39,4.69,4.78,4.83,4.84,4.82,4.80,4.76,4.73,4.71,4.66,4.60,4.58,4.55,4.49,4.39,4.15,3.95,3.92,3.92,3.95,3.95,3.94,3.98,4.00,4.00,3.99,4.00,4.02,4.03,4.03,4.01,4.01,3.98,3.96,3.94,3.92,3.93,3.97,4.03,4.10,4.01,3.97,3.96,3.97,3.98,3.95,3.90,3.81,3.70,3.72,3.65,3.61,3.66,3.85,3.91,3.91,3.90,3.89,3.95,3.85,3.77,3.79,3.80,3.80,3.80,3.80,3.80,3.79,3.81,3.84,3.83,3.84,3.84,3.86,3.90,3.95,3.90,3.90,3.92,3.87,3.85,3.88,3.98,4.18,4.47,4.64,4.71,4.67,4.47,3.48,3.04,2.53,2.20,2.12,2.09,2.19,2.41,2.59,2.56,2.52,2.51,2.49,2.44,2.36,2.28,2.25,2.38,2.54,2.68,2.78,2.80,2.91,2.97,2.98,2.98,3.02,3.04,3.06,3.09,3.13,3.14,3.19,3.26,3.29,3.25,3.29,3.35,3.38,3.41,3.46,3.48,3.49,3.52,3.52,3.53,3.54,3.55,3.55,3.55,3.55,3.55,3.57,3.56,3.54,3.51,3.45,3.40,3.37,3.32,3.27,3.24,3.19,3.15,3.12,3.08,3.04,3.02,3.01,2.98,2.96,2.94,2.90,2.85,2.84,2.86,2.91,2.96,2.97,2.98,2.89,2.81,2.84,2.92,2.97,2.94,2.87,2.85,2.84,2.83,2.85,2.92,2.94,3.03,3.10,3.10,3.08,3.12,3.18,3.21,3.20,3.13,3.08,3.07,3.09,3.09,3.06,3.02,2.99,3.01,2.95,2.97,3.09,3.25,3.29,3.30,3.32,3.38,3.41,3.43,3.45,3.47,3.49,3.51,3.48,3.44,3.44,3.46,3.47,3.48,3.50,3.51,3.52,3.53,3.54,3.55,3.57,3.58,3.59,3.60,3.62,3.63,3.62,3.61,3.61,3.61,3.61,3.61,3.60,3.60,3.60,3.60,3.59,3.59,3.59,3.59,3.59,3.58,3.58,3.58,3.58
4.83,4.73,4.62,4.51,4.47,4.54,4.75,4.82,4.89,4.93,4.90,4.84,4.80,4.78,4.75,4.71,4.69,4.67,4.65,4.58,4.55,4.42,4.31,4.28,4.27,4.23,4.15,4.03,3.91,3.92,3.94,3.94,3.94,3.96,3.97,3.97,3.96,3.95,3.94,3.93,3.91,3.90,3.94,3.99,4.03,4.06,4.00,3.97,3.97,3.99,4.02,3.95,3.85,3.75,3.70,3.69,3.62,3.54,3.51,3.74,3.80,3.82,3.83,3.81,3.83,3.79,3.74,3.76,3.78,3.76,3.75,3.75,3.76,3.75,3.77,3.77,3.76,3.77,3.78,3.79,3.80,3.85,3.81,3.85,3.91,3.87,3.84,3.90,4.06,4.34,4.73,4.99,5.31,5.64,5.68,4.06,3.41,2.50,2.21,2.11,2.06,2.08,2.14,2.22,2.23,2.27,2.31,2.30,2.37,2.40,2.39,2.35,2.44,2.54,2.65,2.77,2.81,2.90,2.95,2.96,2.98,3.01,3.02,3.02,3.03,3.07,3.08,3.12,3.17,3.18,3.18,3.24,3.29,3.30,3.36,3.39,3.42,3.45,3.49,3.50,3.52,3.54,3.56,3.57,3.58,3.59,3.60,3.61,3.60,3.59,3.57,3.52,3.48,3.45,3.41,3.35,3.33,3.28,3.24,3.22,3.16,3.12,3.09,3.07,3.03,3.02,3.00,2.97,2.92,2.90,2.90,2.91,2.92,2.90,2.89,2.85,2.84,2.89,2.93,2.94,2.91,2.86,2.84,2.85,2.89,2.91,2.89,2.90,2.96,3.02,3.05,3.06,3.10,3.16,3.22,3.24,3.16,3.12,3.11,3.12,3.10,3.06,3.02,2.99,2.98,2.95,2.96,3.05,3.27,3.24,3.29,3.35,3.37,3.39,3.41,3.43,3.45,3.47,3.48,3.44,3.42,3.43,3.44,3.45,3.46,3.48,3.49,3.50,3.51,3.53,3.54,3.55,3.56,3.57,3.59,3.60,3.61,3.61,3.61,3.61,3.61,3.61,3.60,3.60,3.60,3.60,3.60,3.59,3.59,3.59,3.59,3.59,3.58,3.58,3.58,3.58
4.81,4.71,4.59,4.48,4.53,4.68,4.77,4.85,4.94,4.98,4.94,4.87,4.83,4.80,4.79,4.75,4.74,4.73,4.70,4.65,4.67,4.66,4.63,4.61,4.58,4.51,4.38,4.18,3.96,3.97,3.98,3.99,3.96,3.94,3.92,3.91,3.91,3.90,3.89,3.88,3.87,3.88,3.95,4.00,4.03,4.02,3.99,3.97,3.98,4.01,4.03,3.93,3.80,3.70,3.70,3.67,3.60,3.49,3.40,3.60,3.64,3.71,3.77,3.75,3.74,3.73,3.72,3.73,3.75,3.72,3.70,3.71,3.71,3.73,3.74,3.73,3.70,3.72,3.74,3.74,3.71,3.71,3.61,3.66,3.78,3.77,3.82,3.96,4.19,4.52,4.99,5.32,5.83,6.45,6.76,4.42,3.47,2.42,2.22,2.10,2.05,1.99,1.92,1.91,1.95,2.04,2.13,2.13,2.30,2.40,2.44,2.47,2.50,2.54,2.62,2.75,2.82,2.89,2.93,2.94,2.97,2.99,2.99,2.98,2.97,3.01,3.03,3.06,3.08,3.08,3.12,3.19,3.23,3.23,3.30,3.32,3.34,3.39,3.44,3.46,3.49,3.53,3.54,3.56,3.58,3.61,3.63,3.62,3.62,3.61,3.60,3.58,3.55,3.52,3.48,3.44,3.42,3.37,3.34,3.32,3.25,3.20,3.17,3.14,3.10,3.09,3.07,3.04,3.00,2.97,2.94,2.92,2.90,2.85,2.83,2.84,2.88,2.92,2.94,2.92,2.89,2.85,2.83,2.87,2.93,2.96,2.88,2.90,2.93,2.97,3.02,3.04,3.08,3.13,3.19,3.23,3.17,3.14,3.14,3.13,3.10,3.05,3.01,2.99,2.98,2.97,2.98,3.05,3.27,3.22,3.31,3.38,3.35,3.37,3.39,3.41,3.43,3.45,3.43,3.41,3.40,3.42,3.42,3.44,3.45,3.46,3.47,3.48,3.49,3.51,3.52,3.53,3.55,3.56,3.57,3.58,3.59,3.60,3.61,3.61,3.61,3.61,3.60,3.60,3.60,3.60,3.60,3.59,3.59,3.59,3.59,3.59,3.58,3.58,3.58,3.58
4.78,4.68,4.57,4.45,4.53,4.75,4.81,4.85,4.92,4.96,4.90,4.86,4.81,4.79,4.81,4.82,4.79,4.77,4.74,4.71,4.70,4.69,4.68,4.68,4.65,4.63,4.56,4.45,4.36,4.34,4.33,4.30,4.22,4.02,3.91,3.86,3.86,3.85,3.84,3.82,3.83,3.87,3.95,4.02,4.03,3.98,3.98,3.96,3.99,4.02,3.95,3.85,3.77,3.71,3.71,3.67,3.60,3.51,3.40,3.37,3.40,3.54,3.72,3.80,3.75,3.71,3.70,3.73,3.68,3.66,3.67,3.69,3.65,3.70,3.74,3.74,3.68,3.71,3.73,3.71,3.64,3.50,3.10,3.07,3.30,3.40,3.82,4.13,4.43,4.80,5.24,5.57,6.13,6.88,7.47,4.16,2.81,2.24,2.13,2.01,1.95,1.92,1.91,1.93,1.96,2.06,2.15,2.05,2.08,2.24,2.33,2.56,2.53,2.53,2.61,2.74,2.84,2.91,2.93,2.92,2.95,2.95,2.94,2.94,2.94,2.98,2.99,3.00,3.02,3.05,3.10,3.14,3.17,3.18,3.23,3.24,3.25,3.29,3.34,3.36,3.43,3.49,3.47,3.54,3.57,3.60,3.62,3.63,3.62,3.62,3.61,3.60,3.58,3.56,3.54,3.51,3.49,3.46,3.42,3.39,3.36,3.31,3.27,3.23,3.19,3.16,3.11,3.06,3.03,3.02,2.99,2.97,2.94,2.88,2.88,2.89,2.90,2.92,2.94,2.93,2.87,2.79,2.85,2.89,2.92,2.95,2.97,2.97,3.01,3.05,3.08,3.05,3.03,3.05,3.09,3.12,3.11,3.11,3.12,3.11,3.09,3.05,3.01,2.99,3.03,3.03,3.09,3.19,3.27,3.31,3.39,3.41,3.33,3.35,3.37,3.39,3.41,3.43,3.39,3.38,3.38,3.40,3.40,3.42,3.43,3.45,3.45,3.47,3.48,3.49,3.51,3.51,3.53,3.54,3.56,3.56,3.58,3.59,3.60,3.61,3.62,3.61,3.60,3.60,3.60,3.60,3.60,3.59,3.59,3.59,3.59,3.58,3.58,3.58,3.58,3.58
4.76,4.65,4.55,4.52,4.63,4.80,4.83,4.85,4.89,4.91,4.86,4.86,4.83,4.82,4.84,4.85,4.82,4.79,4.76,4.74,4.73,4.72,4.71,4.71,4.69,4.66,4.61,4.55,4.51,4.47,4.45,4.43,4.37,4.22,4.14,4.11,4.10,4.07,3.98,3.85,3.78,3.87,3.99,4.03,4.02,3.96,3.98,3.98,4.00,4.01,3.93,3.81,3.75,3.74,3.72,3.67,3.60,3.52,3.42,3.33,3.31,3.37,3.46,3.49,3.44,3.42,3.49,3.65,3.62,3.61,3.63,3.67,3.64,3.66,3.69,3.69,3.65,3.70,3.71,3.67,3.56,3.28,2.89,2.82,2.98,3.11,3.77,4.24,4.64,5.06,5.52,5.90,6.50,7.23,7.67,4.71,2.60,2.10,2.01,1.94,1.91,1.91,1.93,1.96,1.99,2.06,2.14,2.13,2.06,2.16,2.36,2.63,2.61,2.57,2.61,2.73,2.84,2.89,2.90,2.88,2.90,2.96,2.99,3.00,3.00,3.01,2.98,2.96,2.96,2.99,3.04,3.07,3.10,3.13,3.16,3.18,3.21,3.23,3.26,3.28,3.33,3.39,3.41,3.46,3.50,3.54,3.58,3.60,3.60,3.59,3.59,3.58,3.57,3.56,3.55,3.53,3.52,3.50,3.47,3.44,3.43,3.38,3.34,3.30,3.26,3.22,3.18,3.14,3.12,3.08,3.04,3.01,2.97,2.92,2.94,2.96,2.96,2.95,2.95,2.93,2.87,2.80,2.86,2.88,2.90,2.93,2.97,2.97,3.01,3.05,3.07,3.05,3.04,3.06,3.09,3.12,3.13,3.12,3.10,3.09,3.06,3.05,3.04,3.03,3.08,3.09,3.17,3.26,3.27,3.41,3.46,3.41,3.31,3.33,3.35,3.37,3.39,3.41,3.36,3.35,3.37,3.38,3.39,3.40,3.41,3.43,3.44,3.45,3.46,3.47,3.49,3.50,3.51,3.52,3.54,3.55,3.56,3.57,3.58,3.60,3.61,3.61,3.60,3.60,3.60,3.60,3.59,3.59,3.59,3.59,3.59,3.58,3.58,3.58,3.58,3.57
4.73,4.62,4.52,4.65,4.76,4.82,4.85,4.84,4.85,4.85,4.83,4.85,4.86,4.86,4.87,4.86,4.84,4.80,4.77,4.75,4.76,4.75,4.74,4.73,4.72,4.66,4.60,4.57,4.54,4.50,4.48,4.48,4.47,4.45,4.45,4.46,4.44,4.39,4.21,3.94,3.76,3.90,4.03,4.04,3.99,3.94,3.99,4.01,4.01,3.98,3.92,3.78,3.75,3.76,3.72,3.65,3.58,3.51,3.46,3.37,3.29,3.22,3.15,3.08,3.04,3.04,3.20,3.53,3.53,3.53,3.56,3.61,3.64,3.62,3.61,3.62,3.63,3.69,3.67,3.61,3.47,3.06,2.82,2.74,2.77,2.88,3.73,4.35,4.84,5.32,5.79,6.26,6.88,7.50,7.52,3.69,2.09,1.98,1.88,1.88,1.90,1.93,1.96,1.99,2.01,2.04,2.11,2.26,2.12,2.06,2.23,2.66,2.71,2.63,2.63,2.73,2.84,2.87,2.86,2.84,2.85,3.00,3.07,3.10,3.11,3.08,3.00,2.94,2.92,2.93,2.99,3.01,3.04,3.08,3.10,3.14,3.18,3.19,3.20,3.22,3.23,3.26,3.36,3.36,3.40,3.46,3.51,3.54,3.55,3.55,3.54,3.52,3.55,3.55,3.54,3.53,3.52,3.52,3.50,3.48,3.47,3.43,3.39,3.36,3.31,3.28,3.26,3.24,3.22,3.14,3.09,3.04,2.99,2.97,3.01,3.03,3.02,2.98,2.96,2.93,2.88,2.84,2.85,2.86,2.88,2.91,2.93,2.93,2.98,3.02,3.03,3.04,3.08,3.11,3.13,3.16,3.18,3.14,3.09,3.06,3.02,3.04,3.07,3.08,3.14,3.14,3.22,3.30,3.28,3.51,3.51,3.40,3.29,3.31,3.33,3.35,3.37,3.37,3.34,3.34,3.35,3.36,3.37,3.38,3.40,3.41,3.42,3.43,3.45,3.46,3.47,3.48,3.49,3.51,3.52,3.53,3.54,3.56,3.57,3.58,3.59,3.60,3.61,3.60,3.60,3.59,3.59,3.59,3.59,3.59,3.59,3.58,3.58,3.58,3.57,3.57
4.72,4.59,4.45,4.66,4.81,4.84,4.84,4.84,4.85,4.85,4.84,4.84,4.86,4.88,4.87,4.86,4.84,4.83,4.81,4.80,4.77,4.75,4.74,4.73,4.69,4.68,4.65,4.58,4.52,4.51,4.50,4.49,4.49,4.46,4.48,4.50,4.51,4.45,4.33,4.20,4.08,3.97,4.03,3.97,3.92,3.94,4.01,4.06,4.03,3.93,3.82,3.78,3.76,3.73,3.65,3.59,3.54,3.50,3.47,3.41,3.33,3.27,3.22,3.17,3.12,3.09,3.11,3.19,3.15,3.11,3.17,3.31,3.38,3.48,3.54,3.56,3.55,3.59,3.59,3.53,3.34,2.85,2.77,2.74,2.76,2.95,3.87,4.52,5.02,5.51,5.97,6.49,7.11,7.41,6.32,3.23,1.96,1.90,1.89,1.90,1.93,1.96,1.98,2.01,2.04,2.07,2.13,2.28,2.19,2.12,2.16,2.36,2.69,2.69,2.68,2.77,2.89,2.89,2.87,2.87,2.93,3.07,3.15,3.20,3.20,3.21,3.15,3.10,3.07,3.07,3.06,3.04,3.03,3.05,3.07,3.08,3.10,3.13,3.15,3.18,3.20,3.22,3.29,3.30,3.31,3.35,3.40,3.44,3.47,3.48,3.47,3.46,3.51,3.49,3.47,3.50,3.49,3.49,3.48,3.47,3.46,3.44,3.42,3.39,3.36,3.33,3.29,3.27,3.25,3.18,3.15,3.11,3.07,3.02,3.04,3.04,3.02,3.01,2.98,2.90,2.85,2.86,2.85,2.87,2.89,2.90,2.91,2.92,2.94,2.96,2.98,2.99,3.02,3.07,3.11,3.12,3.12,3.13,3.13,3.11,3.08,3.07,3.09,3.11,3.15,3.17,3.22,3.30,3.35,3.51,3.50,3.39,3.28,3.29,3.31,3.33,3.34,3.32,3.31,3.32,3.33,3.35,3.36,3.37,3.38,3.39,3.40,3.42,3.43,3.44,3.45,3.46,3.48,3.49,3.50,3.51,3.52,3.54,3.55,3.56,3.57,3.59,3.60,3.60,3.60,3.59,3.59,3.59,3.59,3.59,3.58,3.58,3.58,3.58,3.57,3.57
4.70,4.58,4.52,4.71,4.84,4.85,4.84,4.85,4.85,4.84,4.85,4.85,4.87,4.88,4.88,4.85,4.84,4.84,4.83,4.81,4.78,4.76,4.75,4.74,4.69,4.70,4.67,4.60,4.54,4.52,4.51,4.50,4.50,4.47,4.48,4.52,4.54,4.49,4.40,4.35,4.26,4.03,4.02,3.94,3.90,3.95,4.03,4.07,4.01,3.89,3.79,3.79,3.75,3.67,3.56,3.51,3.47,3.45,3.43,3.39,3.34,3.29,3.26,3.24,3.20,3.15,3.11,3.06,3.01,2.95,2.99,3.10,3.15,3.24,3.29,3.30,3.31,3.39,3.43,3.36,3.14,2.74,2.75,2.74,2.80,3.19,4.04,4.65,5.16,5.66,6.14,6.72,7.31,7.21,4.63,2.64,1.89,1.88,1.90,1.93,1.96,1.98,2.01,2.04,2.07,2.10,2.15,2.26,2.27,2.20,2.17,2.23,2.74,2.74,2.74,2.82,2.92,2.90,2.87,2.89,3.02,3.13,3.22,3.26,3.27,3.27,3.24,3.22,3.20,3.19,3.15,3.12,3.10,3.09,3.09,3.08,3.09,3.11,3.13,3.14,3.15,3.17,3.22,3.24,3.23,3.26,3.32,3.36,3.39,3.39,3.38,3.38,3.43,3.41,3.39,3.45,3.44,3.43,3.44,3.43,3.43,3.42,3.41,3.39,3.37,3.34,3.31,3.28,3.27,3.22,3.19,3.16,3.12,3.07,3.07,3.05,3.04,3.03,2.99,2.90,2.85,2.87,2.87,2.90,2.91,2.92,2.92,2.93,2.95,2.96,2.97,2.97,2.98,3.02,3.07,3.06,3.07,3.11,3.13,3.13,3.11,3.09,3.10,3.13,3.16,3.18,3.23,3.30,3.40,3.50,3.48,3.38,3.26,3.27,3.29,3.31,3.32,3.28,3.29,3.30,3.32,3.33,3.34,3.35,3.37,3.38,3.39,3.40,3.41,3.42,3.43,3.45,3.46,3.47,3.48,3.50,3.51,3.52,3.53,3.54,3.56,3.57,3.58,3.59,3.60,3.60,3.59,3.59,3.59,3.58,3.58,3.58,3.58,3.58,3.57,3.57
4.68,4.60,4.73,4.81,4.84,4.85,4.86,4.85,4.84,4.83,4.86,4.89,4.89,4.88,4.87,4.84,4.82,4.83,4.83,4.78,4.79,4.79,4.78,4.76,4.72,4.71,4.67,4.62,4.58,4.54,4.51,4.50,4.49,4.47,4.46,4.49,4.54,4.52,4.42,4.36,4.29,4.06,4.02,3.96,3.94,4.00,4.05,4.03,3.95,3.86,3.84,3.80,3.70,3.56,3.44,3.41,3.38,3.35,3.34,3.33,3.30,3.29,3.29,3.29,3.26,3.23,3.19,3.15,3.12,3.07,3.03,3.00,2.94,2.92,2.87,2.84,2.90,3.10,3.19,3.11,2.88,2.74,2.76,2.74,2.90,3.60,4.22,4.76,5.26,5.77,6.32,6.94,7.49,6.89,2.44,1.93,1.88,1.90,1.93,1.96,1.98,2.01,2.04,2.07,2.10,2.12,2.16,2.20,2.33,2.31,2.28,2.41,2.90,2.80,2.79,2.88,2.94,2.91,2.87,2.91,3.10,3.19,3.26,3.30,3.31,3.28,3.27,3.28,3.30,3.30,3.28,3.25,3.23,3.20,3.17,3.14,3.12,3.12,3.14,3.10,3.09,3.11,3.16,3.16,3.16,3.19,3.25,3.29,3.29,3.29,3.28,3.29,3.31,3.29,3.30,3.36,3.36,3.36,3.37,3.38,3.36,3.37,3.36,3.36,3.36,3.34,3.31,3.29,3.28,3.25,3.22,3.19,3.15,3.12,3.10,3.08,3.06,3.05,3.01,2.92,2.87,2.88,2.90,2.93,2.96,2.96,2.96,2.97,2.99,3.00,3.00,2.98,2.96,2.97,3.00,2.99,3.04,3.06,3.08,3.10,3.11,3.10,3.11,3.13,3.16,3.19,3.24,3.32,3.44,3.47,3.45,3.37,3.25,3.25,3.27,3.29,3.30,3.26,3.28,3.29,3.30,3.31,3.32,3.33,3.35,3.36,3.37,3.39,3.40,3.41,3.42,3.43,3.44,3.46,3.46,3.48,3.49,3.51,3.52,3.53,3.54,3.55,3.56,3.57,3.59,3.60,3.60,3.59,3.59,3.58,3.58,3.58,3.58,3.58,3.57,3.57
4.61,4.52,4.76,4.82,4.83,4.83,4.84,4.84,4.83,4.84,4.87,4.88,4.88,4.87,4.86,4.87,4.84,4.84,4.85,4.84,4.83,4.80,4.76,4.73,4.69,4.67,4.64,4.61,4.59,4.56,4.54,4.52,4.50,4.47,4.46,4.48,4.51,4.50,4.41,4.37,4.28,4.04,3.96,3.94,3.97,4.04,4.06,4.00,3.91,3.85,3.86,3.94,3.88,3.77,3.69,3.61,3.47,3.34,3.25,3.25,3.24,3.23,3.23,3.22,3.21,3.19,3.17,3.15,3.15,3.12,3.08,3.04,3.00,2.97,2.93,2.90,2.90,2.96,2.98,2.92,2.81,2.78,2.75,2.76,3.02,3.79,4.36,4.89,5.40,5.88,6.51,7.15,7.61,7.35,2.47,2.13,2.03,1.94,1.96,1.99,2.01,2.04,2.07,2.10,2.13,2.15,2.18,2.21,2.36,2.36,2.41,2.78,2.77,2.76,2.82,2.92,2.93,2.89,2.85,2.90,3.13,3.26,3.29,3.29,3.29,3.28,3.27,3.28,3.30,3.30,3.28,3.26,3.24,3.23,3.21,3.20,3.20,3.21,3.21,3.18,3.14,3.12,3.14,3.13,3.12,3.14,3.19,3.22,3.21,3.20,3.20,3.20,3.21,3.21,3.23,3.26,3.25,3.25,3.26,3.27,3.29,3.32,3.30,3.27,3.29,3.25,3.26,3.26,3.25,3.23,3.21,3.18,3.14,3.13,3.12,3.09,3.07,3.05,3.00,2.92,2.88,2.90,2.92,2.94,2.95,2.95,2.95,2.96,2.99,3.00,3.00,2.99,2.98,2.98,2.98,2.98,3.01,3.04,3.06,3.08,3.11,3.12,3.13,3.14,3.15,3.19,3.23,3.31,3.52,3.48,3.44,3.35,3.24,3.23,3.25,3.26,3.25,3.24,3.26,3.27,3.28,3.29,3.31,3.32,3.33,3.34,3.35,3.37,3.38,3.39,3.40,3.42,3.43,3.44,3.45,3.46,3.48,3.49,3.50,3.51,3.52,3.54,3.55,3.56,3.57,3.58,3.59,3.59,3.59,3.58,3.58,3.58,3.58,3.58,3.57,3.57
4.58,4.53,4.77,4.82,4.81,4.81,4.83,4.82,4.83,4.85,4.87,4.87,4.87,4.86,4.85,4.91,4.86,4.85,4.88,4.89,4.85,4.80,4.74,4.70,4.67,4.65,4.63,4.62,4.61,4.59,4.57,4.54,4.51,4.47,4.46,4.48,4.50,4.48,4.42,4.35,4.22,3.99,3.91,3.93,4.00,4.06,4.05,3.96,3.88,3.86,3.93,4.08,4.06,3.98,3.94,3.86,3.67,3.48,3.33,3.31,3.30,3.27,3.22,3.13,3.13,3.13,3.12,3.12,3.14,3.12,3.10,3.07,3.05,3.04,3.01,2.98,2.95,2.91,2.86,2.82,2.80,2.82,2.74,2.79,3.14,3.94,4.47,5.01,5.52,6.01,6.65,7.32,7.50,7.28,2.52,2.25,2.14,2.02,2.07,2.05,2.06,2.07,2.09,2.13,2.15,2.18,2.21,2.24,2.35,2.40,2.53,2.80,2.68,2.74,2.85,2.94,2.92,2.87,2.85,2.93,3.16,3.30,3.30,3.27,3.27,3.28,3.28,3.28,3.30,3.29,3.27,3.26,3.25,3.25,3.25,3.25,3.26,3.28,3.26,3.25,3.20,3.15,3.16,3.14,3.10,3.10,3.13,3.15,3.13,3.13,3.14,3.11,3.11,3.13,3.15,3.16,3.15,3.14,3.14,3.16,3.20,3.24,3.22,3.19,3.20,3.15,3.18,3.21,3.21,3.20,3.19,3.16,3.13,3.12,3.12,3.09,3.06,3.05,2.98,2.91,2.89,2.92,2.94,2.95,2.95,2.94,2.95,2.96,2.98,2.99,3.00,3.00,3.00,2.98,2.97,2.98,3.01,3.03,3.05,3.07,3.11,3.13,3.14,3.15,3.14,3.19,3.23,3.33,3.58,3.49,3.42,3.34,3.23,3.22,3.23,3.23,3.22,3.23,3.24,3.25,3.27,3.28,3.29,3.30,3.31,3.33,3.34,3.35,3.36,3.38,3.38,3.40,3.41,3.42,3.44,3.44,3.46,3.47,3.48,3.49,3.51,3.52,3.53,3.54,3.55,3.57,3.58,3.59,3.59,3.58,3.58,3.58,3.58,3.57,3.57,3.57
4.64,4.75,4.82,4.83,4.80,4.78,4.81,4.81,4.82,4.84,4.86,4.87,4.86,4.86,4.90,4.94,4.88,4.88,4.90,4.89,4.84,4.79,4.74,4.70,4.69,4.69,4.67,4.65,4.66,4.63,4.59,4.55,4.52,4.47,4.47,4.49,4.50,4.48,4.45,4.29,4.04,3.84,3.91,3.99,4.05,4.08,4.01,3.92,3.88,3.94,4.11,4.21,4.18,4.12,4.10,4.11,4.05,3.94,3.81,3.70,3.65,3.56,3.37,3.02,3.01,3.03,3.04,3.04,3.04,3.04,3.05,3.05,3.05,3.04,3.02,3.00,3.00,2.98,2.93,2.90,2.87,2.84,2.72,2.84,3.28,4.07,4.55,5.06,5.60,6.14,6.69,7.38,6.88,5.58,2.08,2.00,2.11,2.21,2.34,2.20,2.13,2.11,2.13,2.16,2.18,2.21,2.24,2.26,2.31,2.41,2.61,2.89,2.70,2.77,2.88,2.94,2.91,2.86,2.92,3.05,3.20,3.26,3.27,3.27,3.28,3.29,3.28,3.28,3.29,3.29,3.26,3.26,3.26,3.25,3.26,3.26,3.28,3.30,3.26,3.26,3.24,3.23,3.25,3.20,3.15,3.10,3.06,3.08,3.06,3.08,3.10,3.01,3.00,3.03,3.06,3.05,3.06,3.06,3.06,3.07,3.06,3.10,3.11,3.10,3.09,3.06,3.07,3.10,3.14,3.18,3.15,3.11,3.10,3.10,3.08,3.05,3.04,3.04,2.94,2.91,2.92,2.95,2.98,2.97,2.97,2.96,2.96,2.97,2.97,2.97,2.97,2.97,2.98,2.96,2.95,2.99,3.02,3.04,3.06,3.09,3.13,3.13,3.14,3.15,3.15,3.21,3.30,3.42,3.60,3.48,3.39,3.30,3.22,3.20,3.21,3.21,3.20,3.21,3.22,3.24,3.25,3.26,3.27,3.29,3.30,3.31,3.32,3.33,3.34,3.36,3.37,3.38,3.40,3.41,3.42,3.43,3.44,3.45,3.47,3.47,3.49,3.50,3.51,3.53,3.54,3.55,3.56,3.57,3.58,3.58,3.58,3.58,3.58,3.57,3.57,3.57
4.63,4.84,4.84,4.83,4.81,4.80,4.79,4.80,4.82,4.84,4.85,4.86,4.86,4.87,4.91,4.93,4.89,4.89,4.90,4.87,4.81,4.75,4.71,4.69,4.66,4.67,4.66,4.63,4.63,4.60,4.57,4.55,4.54,4.49,4.49,4.49,4.48,4.47,4.39,4.21,3.99,3.84,3.95,4.04,4.08,4.07,3.98,3.91,3.94,4.06,4.19,4.26,4.23,4.17,4.18,4.17,4.13,4.07,3.99,3.89,3.82,3.65,3.41,3.14,3.27,3.27,3.23,3.19,3.10,3.00,2.95,2.97,2.98,2.99,2.98,2.98,2.99,2.98,2.96,2.93,2.90,2.82,2.70,2.95,3.51,4.15,4.63,5.12,5.65,6.21,6.75,7.41,6.16,3.73,1.95,1.92,2.02,2.11,2.21,2.15,2.18,2.24,2.29,2.22,2.23,2.25,2.27,2.29,2.32,2.42,2.61,2.83,2.73,2.80,2.89,2.93,2.90,2.84,2.94,3.10,3.22,3.26,3.27,3.28,3.29,3.29,3.28,3.28,3.29,3.29,3.26,3.25,3.25,3.25,3.28,3.28,3.29,3.30,3.27,3.27,3.26,3.25,3.27,3.25,3.18,3.09,3.02,3.06,3.07,3.09,3.10,3.04,3.03,3.03,3.03,3.05,3.03,3.00,2.98,2.98,2.96,3.00,3.02,3.02,3.01,3.00,3.02,3.04,3.06,3.10,3.07,3.07,3.09,3.09,3.08,3.06,3.03,3.02,2.93,2.91,2.93,2.96,2.98,2.98,2.97,2.97,2.99,3.00,2.98,2.97,2.98,2.99,3.00,2.99,2.97,3.00,3.02,3.05,3.07,3.09,3.13,3.14,3.14,3.16,3.19,3.25,3.36,3.49,3.57,3.47,3.36,3.27,3.21,3.18,3.18,3.18,3.18,3.20,3.21,3.22,3.23,3.24,3.25,3.27,3.28,3.29,3.30,3.32,3.33,3.34,3.35,3.36,3.38,3.39,3.40,3.41,3.43,3.44,3.45,3.46,3.47,3.48,3.50,3.51,3.52,3.53,3.54,3.56,3.57,3.57,3.58,3.58,3.58,3.57,3.57,3.57
4.62,4.87,4.83,4.82,4.83,4.83,4.77,4.78,4.82,4.84,4.84,4.86,4.86,4.88,4.92,4.91,4.90,4.90,4.89,4.85,4.77,4.72,4.69,4.67,4.63,4.64,4.63,4.59,4.59,4.56,4.55,4.56,4.55,4.52,4.50,4.48,4.46,4.46,4.29,4.12,3.99,3.91,4.01,4.08,4.09,4.06,3.95,3.91,4.02,4.19,4.22,4.27,4.24,4.20,4.21,4.14,4.09,4.06,4.05,3.98,3.90,3.68,3.44,3.36,3.63,3.62,3.50,3.42,3.23,3.00,2.89,2.91,2.92,2.91,2.92,2.93,2.94,2.96,2.96,2.94,2.90,2.79,2.70,3.10,3.76,4.20,4.70,5.18,5.67,6.24,6.81,7.43,5.59,2.05,1.98,1.96,1.95,1.94,1.96,2.06,2.20,2.36,2.47,2.29,2.28,2.29,2.31,2.33,2.35,2.44,2.58,2.73,2.76,2.82,2.88,2.93,2.88,2.83,2.94,3.13,3.25,3.27,3.28,3.28,3.29,3.30,3.29,3.28,3.28,3.28,3.26,3.25,3.25,3.24,3.29,3.30,3.29,3.29,3.27,3.28,3.26,3.24,3.26,3.27,3.18,3.07,3.00,3.07,3.11,3.12,3.12,3.11,3.10,3.05,3.03,3.07,3.03,2.96,2.92,2.90,2.90,2.92,2.94,2.95,2.95,2.96,2.98,2.99,2.98,3.00,2.99,3.03,3.08,3.08,3.09,3.08,3.04,2.99,2.93,2.91,2.92,2.94,2.96,2.97,2.98,2.99,3.02,3.02,3.00,2.99,3.00,3.01,3.04,3.03,3.01,3.01,3.03,3.05,3.08,3.09,3.13,3.14,3.16,3.18,3.25,3.31,3.42,3.53,3.54,3.44,3.33,3.24,3.19,3.15,3.15,3.16,3.17,3.18,3.19,3.20,3.21,3.23,3.24,3.25,3.26,3.27,3.29,3.30,3.31,3.32,3.34,3.35,3.36,3.37,3.38,3.40,3.41,3.42,3.43,3.45,3.46,3.47,3.48,3.49,3.50,3.51,3.53,3.54,3.56,3.56,3.58,3.59,3.58,3.57,3.57,3.57
4.78,4.86,4.81,4.80,4.81,4.83,4.81,4.81,4.82,4.84,4.86,4.88,4.88,4.89,4.91,4.91,4.90,4.90,4.88,4.81,4.75,4.70,4.68,4.67,4.63,4.62,4.60,4.59,4.58,4.57,4.56,4.55,4.54,4.52,4.51,4.49,4.45,4.42,4.19,4.01,3.92,3.96,4.05,4.10,4.09,4.01,3.90,3.93,4.05,4.19,4.22,4.24,4.21,4.18,4.15,4.11,4.08,4.05,4.02,3.94,3.86,3.73,3.60,3.61,3.65,3.60,3.52,3.48,3.42,3.31,3.25,3.23,3.11,2.88,2.82,2.86,2.89,2.91,2.92,2.90,2.85,2.74,2.78,3.26,3.92,4.24,4.71,5.19,5.69,6.23,6.91,7.50,6.85,2.28,2.29,2.23,2.16,2.10,2.05,2.11,2.16,2.21,2.26,2.24,2.32,2.37,2.39,2.40,2.41,2.78,2.75,2.71,2.77,2.85,2.91,2.91,2.85,2.78,2.93,3.18,3.39,3.33,3.30,3.29,3.30,3.29,3.28,3.28,3.27,3.27,3.25,3.24,3.24,3.24,3.30,3.31,3.31,3.31,3.29,3.27,3.25,3.24,3.25,3.22,3.14,3.05,3.01,3.06,3.10,3.12,3.13,3.09,3.08,3.05,3.04,3.06,3.06,3.03,3.00,2.98,2.96,2.94,2.90,2.87,2.91,2.89,2.90,2.93,2.93,2.93,2.97,3.01,3.06,3.09,3.07,3.06,3.02,2.95,2.93,2.92,2.93,2.94,2.94,2.95,2.96,2.96,2.98,2.99,3.00,3.00,3.02,3.03,3.05,3.05,3.05,3.06,3.06,3.08,3.10,3.11,3.14,3.15,3.17,3.24,3.41,3.53,3.48,3.41,3.53,3.42,3.31,3.23,3.18,3.14,3.13,3.14,3.15,3.16,3.17,3.19,3.20,3.21,3.22,3.23,3.25,3.26,3.27,3.28,3.29,3.30,3.32,3.33,3.34,3.35,3.37,3.38,3.39,3.40,3.41,3.43,3.44,3.45,3.46,3.48,3.49,3.50,3.51,3.52,3.54,3.55,3.56,3.57,3.58,3.57,3.57,3.57
4.88,4.85,4.81,4.80,4.81,4.83,4.83,4.82,4.83,4.85,4.87,4.87,4.88,4.90,4.92,4.93,4.92,4.90,4.87,4.82,4.74,4.70,4.67,4.65,4.62,4.60,4.59,4.58,4.56,4.56,4.55,4.53,4.52,4.50,4.50,4.49,4.43,4.29,4.06,3.92,3.90,4.01,4.09,4.11,4.06,3.97,3.90,4.00,4.11,4.19,4.21,4.22,4.20,4.16,4.12,4.09,4.05,4.03,4.00,3.92,3.84,3.75,3.68,3.73,3.68,3.61,3.55,3.52,3.51,3.45,3.42,3.38,3.21,2.92,2.79,2.78,2.85,2.88,2.88,2.86,2.81,2.68,2.85,3.38,4.02,4.29,4.74,5.21,5.71,6.25,7.01,7.35,7.46,2.36,2.26,2.27,2.28,2.27,2.22,2.24,2.22,2.20,2.21,2.26,2.34,2.40,2.42,2.43,2.46,2.85,2.80,2.71,2.79,2.87,2.91,2.90,2.83,2.79,2.95,3.20,3.41,3.37,3.32,3.30,3.30,3.29,3.28,3.27,3.27,3.27,3.25,3.24,3.25,3.26,3.32,3.33,3.33,3.32,3.30,3.28,3.26,3.24,3.24,3.17,3.09,3.03,3.02,3.05,3.08,3.11,3.12,3.08,3.08,3.07,3.06,3.07,3.09,3.07,3.05,3.03,3.00,2.99,2.93,2.88,2.92,2.90,2.91,2.91,2.91,2.88,2.94,2.99,3.03,3.08,3.06,3.04,3.01,2.93,2.93,2.92,2.92,2.93,2.93,2.94,2.95,2.96,2.96,2.98,2.98,2.99,3.01,3.02,3.04,3.05,3.07,3.08,3.09,3.10,3.12,3.12,3.15,3.16,3.20,3.32,3.56,3.73,3.61,3.42,3.51,3.43,3.34,3.24,3.14,3.11,3.11,3.12,3.13,3.14,3.16,3.17,3.18,3.19,3.21,3.22,3.23,3.24,3.25,3.26,3.28,3.29,3.30,3.32,3.33,3.34,3.35,3.36,3.37,3.39,3.40,3.41,3.42,3.44,3.45,3.46,3.47,3.48,3.49,3.51,3.52,3.53,3.54,3.55,3.57,3.57,3.57,3.57
4.91,4.86,4.84,4.82,4.83,4.85,4.83,4.82,4.84,4.87,4.88,4.84,4.87,4.92,4.95,4.97,4.94,4.89,4.84,4.85,4.73,4.69,4.67,4.62,4.60,4.60,4.59,4.57,4.54,4.53,4.52,4.51,4.47,4.48,4.49,4.48,4.40,4.10,3.89,3.85,3.93,4.04,4.14,4.10,4.01,3.93,3.95,4.12,4.21,4.19,4.18,4.22,4.19,4.13,4.11,4.08,4.02,3.99,3.98,3.93,3.83,3.74,3.70,3.74,3.71,3.65,3.59,3.53,3.50,3.45,3.42,3.38,3.25,3.04,2.83,2.72,2.80,2.86,2.86,2.83,2.77,2.61,2.91,3.48,4.07,4.35,4.78,5.24,5.73,6.30,7.11,6.98,6.80,2.32,1.93,2.12,2.32,2.45,2.46,2.45,2.37,2.31,2.28,2.33,2.35,2.37,2.39,2.41,2.51,2.97,2.90,2.73,2.81,2.87,2.90,2.89,2.82,2.85,3.00,3.19,3.31,3.39,3.35,3.30,3.31,3.28,3.27,3.27,3.27,3.27,3.25,3.25,3.26,3.27,3.34,3.37,3.36,3.33,3.31,3.29,3.27,3.24,3.23,3.12,3.03,2.99,3.02,3.05,3.06,3.08,3.09,3.08,3.11,3.11,3.10,3.12,3.11,3.08,3.06,3.05,3.02,3.06,3.03,2.96,2.97,3.00,2.98,2.94,2.91,2.85,2.91,2.96,3.01,3.06,3.06,3.04,3.00,2.94,2.92,2.91,2.90,2.92,2.95,2.95,2.96,2.98,2.97,2.96,2.95,2.95,2.98,2.98,3.00,3.03,3.06,3.08,3.10,3.12,3.13,3.13,3.15,3.17,3.24,3.41,3.69,3.92,3.80,3.53,3.47,3.48,3.43,3.28,3.07,3.08,3.09,3.11,3.11,3.13,3.14,3.15,3.16,3.17,3.19,3.20,3.21,3.22,3.24,3.25,3.26,3.27,3.28,3.30,3.31,3.32,3.33,3.35,3.36,3.37,3.38,3.39,3.41,3.42,3.43,3.44,3.46,3.47,3.48,3.49,3.50,3.51,3.53,3.54,3.55,3.56,3.57,3.57
4.88,4.85,4.87,4.85,4.84,4.85,4.86,4.87,4.88,4.88,4.87,4.85,4.88,4.92,4.94,4.96,4.94,4.89,4.83,4.82,4.76,4.71,4.66,4.63,4.63,4.62,4.60,4.56,4.56,4.54,4.52,4.48,4.42,4.42,4.43,4.39,4.27,4.06,3.92,3.90,4.00,4.13,4.13,4.07,4.00,3.97,4.06,4.15,4.20,4.22,4.20,4.20,4.16,4.11,4.07,4.04,4.00,3.97,3.93,3.88,3.75,3.68,3.67,3.70,3.68,3.62,3.56,3.53,3.45,3.41,3.38,3.34,3.26,3.09,2.85,2.69,2.77,2.82,2.83,2.79,2.71,2.60,3.08,3.61,4.06,4.37,4.82,5.27,5.79,6.44,7.25,5.57,4.46,2.11,2.03,2.19,2.36,2.41,2.24,2.37,2.42,2.43,2.43,2.45,2.43,2.43,2.44,2.48,2.54,2.93,2.87,2.75,2.85,2.89,2.89,2.87,2.80,2.84,2.98,3.13,3.23,3.33,3.37,3.36,3.31,3.27,3.26,3.26,3.26,3.26,3.26,3.26,3.27,3.29,3.35,3.37,3.37,3.35,3.32,3.30,3.28,3.26,3.25,3.09,3.02,3.02,3.04,3.08,3.09,3.10,3.11,3.10,3.11,3.11,3.11,3.10,3.09,3.08,3.06,3.06,3.05,3.08,3.07,3.04,3.03,3.06,3.03,3.00,2.97,2.95,2.92,2.93,2.97,3.02,3.03,3.01,2.96,2.93,2.91,2.90,2.89,2.91,2.94,2.95,2.98,2.99,2.99,2.99,2.97,2.96,2.98,2.99,2.99,3.00,3.03,3.06,3.08,3.10,3.12,3.14,3.16,3.17,3.27,3.46,3.66,3.97,3.99,3.82,3.63,3.54,3.51,3.45,3.34,3.10,3.08,3.09,3.10,3.11,3.12,3.14,3.15,3.16,3.17,3.18,3.20,3.21,3.22,3.23,3.24,3.26,3.27,3.28,3.29,3.30,3.31,3.33,3.34,3.35,3.37,3.38,3.39,3.40,3.41,3.42,3.44,3.45,3.46,3.47,3.49,3.50,3.51,3.52,3.53,3.54,3.55,3.56
4.87,4.86,4.89,4.88,4.86,4.86,4.89,4.91,4.90,4.88,4.88,4.87,4.90,4.93,4.94,4.96,4.94,4.89,4.83,4.81,4.78,4.72,4.66,4.65,4.65,4.64,4.61,4.58,4.58,4.56,4.51,4.45,4.39,4.37,4.39,4.31,4.15,4.01,3.94,3.97,4.07,4.19,4.11,4.04,3.99,4.00,4.13,4.17,4.19,4.22,4.20,4.17,4.13,4.09,4.04,4.01,4.00,3.96,3.89,3.84,3.71,3.66,3.67,3.66,3.64,3.59,3.54,3.51,3.42,3.38,3.35,3.31,3.26,3.12,2.86,2.67,2.77,2.81,2.80,2.74,2.66,2.64,3.24,3.72,4.06,4.40,4.86,5.30,5.82,6.50,7.36,4.86,2.82,2.01,2.13,2.20,2.31,2.32,2.09,2.30,2.43,2.49,2.48,2.52,2.50,2.49,2.50,2.54,2.60,2.83,2.81,2.76,2.87,2.90,2.88,2.85,2.78,2.84,2.95,3.06,3.14,3.27,3.35,3.36,3.31,3.26,3.26,3.26,3.26,3.26,3.27,3.27,3.28,3.30,3.36,3.38,3.37,3.36,3.34,3.31,3.29,3.27,3.25,3.04,3.00,3.02,3.05,3.09,3.10,3.11,3.12,3.11,3.10,3.11,3.11,3.08,3.08,3.07,3.06,3.06,3.07,3.08,3.09,3.08,3.08,3.08,3.06,3.04,3.02,3.02,2.93,2.89,2.93,2.97,2.98,2.96,2.93,2.92,2.91,2.89,2.89,2.91,2.93,2.95,2.97,2.99,3.00,3.00,2.99,2.99,2.98,3.00,2.98,2.99,3.02,3.04,3.07,3.09,3.12,3.14,3.17,3.20,3.32,3.54,3.69,4.01,4.11,3.99,3.77,3.62,3.55,3.54,3.51,3.15,3.09,3.08,3.08,3.09,3.11,3.12,3.13,3.14,3.15,3.17,3.18,3.19,3.20,3.22,3.23,3.24,3.25,3.26,3.28,3.29,3.30,3.31,3.32,3.33,3.35,3.36,3.37,3.38,3.40,3.40,3.42,3.43,3.44,3.46,3.47,3.48,3.49,3.51,3.52,3.53,3.54,3.55
4.90,4.88,4.90,4.91,4.90,4.89,4.91,4.93,4.91,4.89,4.91,4.90,4.93,4.96,4.98,4.98,4.95,4.89,4.84,4.82,4.77,4.72,4.70,4.69,4.64,4.62,4.62,4.62,4.61,4.56,4.49,4.42,4.38,4.35,4.35,4.24,4.03,3.89,3.92,4.03,4.13,4.17,4.08,3.99,3.95,4.01,4.15,4.17,4.17,4.18,4.18,4.12,4.10,4.08,4.04,4.03,4.00,3.96,3.89,3.82,3.72,3.70,3.70,3.62,3.60,3.56,3.52,3.47,3.42,3.37,3.33,3.30,3.24,3.12,2.86,2.68,2.79,2.83,2.78,2.69,2.61,2.75,3.34,3.78,4.08,4.47,4.92,5.33,5.80,6.41,7.37,4.26,2.22,2.14,2.19,2.08,2.10,2.16,2.13,2.28,2.41,2.42,2.33,2.48,2.52,2.54,2.56,2.56,2.80,2.71,2.67,2.74,2.87,2.89,2.86,2.81,2.74,2.86,2.93,2.96,3.00,3.20,3.24,3.26,3.30,3.25,3.25,3.25,3.25,3.25,3.26,3.26,3.27,3.30,3.38,3.39,3.38,3.37,3.35,3.33,3.31,3.28,3.19,2.98,2.94,2.97,3.03,3.09,3.10,3.10,3.11,3.12,3.10,3.11,3.11,3.09,3.08,3.07,3.06,3.06,3.05,3.07,3.08,3.07,3.08,3.07,3.06,3.05,3.04,3.04,2.93,2.87,2.87,2.93,2.90,2.88,2.89,2.94,2.93,2.91,2.90,2.92,2.93,2.93,2.94,2.95,2.97,2.99,3.01,3.01,3.00,3.00,2.98,2.99,3.03,3.06,3.07,3.10,3.13,3.13,3.17,3.26,3.42,3.64,3.90,4.07,4.06,3.93,3.83,3.70,3.54,3.45,3.46,3.24,3.16,3.11,3.07,3.08,3.09,3.10,3.12,3.13,3.13,3.15,3.16,3.17,3.18,3.20,3.21,3.22,3.23,3.25,3.26,3.27,3.28,3.29,3.31,3.32,3.33,3.34,3.35,3.36,3.38,3.39,3.40,3.42,3.43,3.44,3.45,3.46,3.47,3.49,3.50,3.51,3.52,3.54
4.90,4.92,4.92,4.93,4.92,4.91,4.93,4.93,4.91,4.89,4.89,4.89,4.93,4.97,4.99,4.97,4.94,4.89,4.84,4.80,4.74,4.70,4.69,4.71,4.67,4.64,4.63,4.63,4.62,4.56,4.49,4.42,4.37,4.30,4.24,4.11,3.93,3.88,3.96,4.07,4.16,4.13,4.04,3.98,4.00,4.10,4.16,4.19,4.19,4.17,4.15,4.11,4.07,4.04,4.02,4.00,3.98,3.95,3.89,3.79,3.72,3.71,3.70,3.61,3.58,3.54,3.50,3.47,3.43,3.38,3.33,3.29,3.22,3.04,2.83,2.70,2.80,2.83,2.77,2.65,2.58,2.84,3.40,3.83,4.16,4.60,5.08,5.57,6.11,6.72,7.10,4.03,2.13,2.13,2.16,2.08,2.10,2.15,2.17,2.21,2.33,2.37,2.31,2.42,2.49,2.52,2.53,2.56,2.86,2.74,2.68,2.80,2.86,2.86,2.83,2.79,2.74,2.87,2.95,2.97,2.99,3.09,3.11,3.12,3.14,3.12,3.13,3.16,3.18,3.22,3.25,3.26,3.27,3.30,3.40,3.41,3.39,3.38,3.36,3.33,3.31,3.26,3.12,2.96,2.93,2.96,3.02,3.09,3.10,3.11,3.11,3.12,3.11,3.11,3.10,3.09,3.08,3.07,3.06,3.05,3.05,3.06,3.07,3.07,3.07,3.06,3.07,3.06,3.03,3.03,2.96,2.88,2.84,2.92,2.87,2.86,2.91,2.98,2.96,2.92,2.91,2.93,2.93,2.94,2.96,2.97,2.97,2.99,3.00,3.01,3.03,2.98,2.98,3.01,3.04,3.06,3.08,3.11,3.13,3.13,3.17,3.27,3.44,3.67,3.89,3.71,3.66,3.72,3.76,3.71,3.59,3.48,3.41,3.32,3.26,3.21,3.15,3.13,3.10,3.10,3.11,3.12,3.12,3.13,3.15,3.16,3.17,3.18,3.19,3.20,3.22,3.23,3.24,3.25,3.27,3.28,3.29,3.30,3.31,3.33,3.34,3.35,3.36,3.37,3.38,3.40,3.41,3.42,3.43,3.45,3.46,3.47,3.49,3.49,3.51,3.52
4.91,4.96,4.95,4.94,4.93,4.93,4.95,4.93,4.91,4.89,4.85,4.86,4.93,4.98,4.98,4.95,4.93,4.89,4.83,4.77,4.71,4.68,4.68,4.72,4.71,4.66,4.63,4.63,4.61,4.56,4.49,4.43,4.35,4.25,4.12,3.97,3.85,3.92,4.01,4.11,4.16,4.08,3.99,3.99,4.07,4.19,4.17,4.20,4.20,4.16,4.12,4.10,4.05,4.01,4.00,3.97,3.95,3.93,3.88,3.75,3.71,3.70,3.69,3.62,3.58,3.54,3.50,3.47,3.44,3.39,3.34,3.29,3.19,2.94,2.77,2.73,2.81,2.82,2.75,2.63,2.57,2.94,3.45,3.88,4.27,4.73,5.27,5.86,6.51,7.09,6.53,3.74,2.09,2.06,2.09,2.12,2.14,2.17,2.20,2.13,2.22,2.31,2.32,2.36,2.45,2.48,2.48,2.54,2.91,2.79,2.74,2.86,2.86,2.83,2.80,2.78,2.76,2.88,2.97,3.01,3.01,2.99,2.99,2.98,2.97,2.98,3.01,3.05,3.10,3.16,3.21,3.23,3.25,3.29,3.40,3.41,3.40,3.39,3.37,3.32,3.29,3.22,3.04,2.96,2.93,2.96,3.03,3.10,3.12,3.12,3.12,3.13,3.12,3.11,3.10,3.09,3.07,3.06,3.06,3.05,3.05,3.05,3.06,3.07,3.06,3.06,3.08,3.07,3.01,3.01,2.96,2.89,2.84,2.91,2.86,2.87,2.94,3.04,2.99,2.93,2.92,2.94,2.95,2.97,3.00,3.00,3.00,3.00,3.00,3.02,3.05,2.97,3.00,3.03,3.04,3.06,3.08,3.11,3.13,3.14,3.18,3.25,3.41,3.64,3.78,3.28,3.21,3.46,3.63,3.67,3.66,3.55,3.36,3.37,3.35,3.31,3.26,3.20,3.14,3.11,3.11,3.11,3.12,3.12,3.14,3.15,3.16,3.17,3.18,3.19,3.20,3.21,3.22,3.23,3.25,3.26,3.27,3.29,3.30,3.31,3.32,3.33,3.34,3.36,3.37,3.38,3.39,3.40,3.42,3.43,3.44,3.45,3.47,3.48,3.49,3.50
4.93,4.96,4.94,4.93,4.93,4.93,4.94,4.93,4.89,4.86,4.85,4.91,4.96,4.98,4.97,4.92,4.90,4.85,4.80,4.76,4.70,4.69,4.70,4.70,4.69,4.66,4.63,4.62,4.60,4.53,4.48,4.43,4.35,4.26,4.11,3.96,3.87,3.97,4.08,4.13,4.11,4.03,3.97,4.01,4.11,4.21,4.20,4.19,4.16,4.12,4.06,4.07,4.06,4.02,3.98,3.94,3.94,3.92,3.86,3.74,3.73,3.74,3.73,3.65,3.61,3.59,3.55,3.48,3.46,3.39,3.35,3.31,3.14,2.80,2.70,2.75,2.81,2.81,2.73,2.63,2.64,3.14,3.60,3.98,4.37,4.87,5.41,6.06,6.73,7.06,4.82,3.07,2.17,2.00,2.03,2.05,2.08,2.11,2.13,2.13,2.18,2.22,2.24,2.29,2.43,2.51,2.54,2.56,2.83,2.76,2.74,2.87,2.86,2.83,2.78,2.75,2.82,2.91,2.98,3.00,2.99,2.99,2.99,3.00,3.01,3.01,3.01,3.02,3.02,3.02,3.02,3.07,3.12,3.16,3.27,3.35,3.38,3.38,3.35,3.28,3.23,3.14,2.98,2.92,2.93,2.97,3.02,3.09,3.13,3.14,3.14,3.13,3.12,3.11,3.10,3.09,3.07,3.06,3.06,3.05,3.05,3.04,3.05,3.06,3.06,3.05,3.05,3.05,3.05,3.02,2.87,2.81,2.86,2.90,2.83,2.84,2.92,3.04,3.01,2.97,2.95,2.96,3.00,3.02,3.04,3.05,3.06,3.03,3.03,3.04,3.03,3.02,3.04,3.06,3.07,3.07,3.10,3.12,3.14,3.15,3.17,3.22,3.32,3.47,3.59,3.26,3.19,3.33,3.44,3.56,3.60,3.52,3.34,3.36,3.36,3.35,3.34,3.32,3.26,3.20,3.16,3.12,3.11,3.12,3.13,3.14,3.15,3.16,3.17,3.18,3.19,3.20,3.21,3.22,3.24,3.25,3.25,3.27,3.28,3.29,3.30,3.32,3.33,3.34,3.35,3.36,3.37,3.39,3.40,3.41,3.42,3.43,3.45,3.46,3.47,3.48
4.92,4.95,4.93,4.93,4.94,4.93,4.93,4.93,4.92,4.90,4.88,4.94,4.97,4.98,4.95,4.91,4.88,4.83,4.78,4.75,4.70,4.70,4.71,4.69,4.67,4.65,4.63,4.61,4.59,4.52,4.47,4.43,4.37,4.21,4.03,3.91,3.89,4.01,4.12,4.13,4.06,3.96,3.95,4.04,4.15,4.21,4.18,4.15,4.13,4.10,4.04,4.05,4.04,4.02,3.98,3.95,3.94,3.91,3.84,3.76,3.75,3.77,3.76,3.68,3.64,3.62,3.58,3.50,3.47,3.39,3.34,3.28,3.11,2.74,2.67,2.77,2.83,2.80,2.70,2.64,2.75,3.36,3.73,4.10,4.51,4.99,5.52,6.20,6.88,7.22,4.33,2.58,2.16,1.97,1.96,1.99,2.01,2.04,2.07,2.10,2.12,2.15,2.18,2.22,2.33,2.41,2.49,2.64,2.75,2.74,2.77,2.87,2.86,2.82,2.76,2.73,2.87,2.93,2.97,2.99,2.98,2.98,2.99,3.01,3.03,3.00,3.00,3.01,3.00,2.97,2.97,3.00,3.04,3.07,3.13,3.19,3.25,3.27,3.25,3.19,3.13,3.04,2.93,2.90,2.93,2.99,3.05,3.12,3.15,3.15,3.14,3.13,3.12,3.11,3.10,3.09,3.07,3.06,3.06,3.05,3.05,3.04,3.04,3.05,3.06,3.05,3.04,3.04,3.05,3.00,2.82,2.79,2.88,2.88,2.81,2.83,2.91,3.02,2.96,2.94,2.95,2.96,3.01,3.02,3.04,3.05,3.06,3.06,3.08,3.08,3.07,3.08,3.08,3.09,3.11,3.12,3.14,3.16,3.17,3.18,3.19,3.23,3.31,3.40,3.49,3.27,3.22,3.31,3.40,3.53,3.53,3.44,3.32,3.34,3.35,3.36,3.37,3.37,3.33,3.29,3.24,3.18,3.16,3.14,3.13,3.14,3.15,3.15,3.16,3.17,3.19,3.19,3.20,3.21,3.23,3.24,3.24,3.25,3.27,3.28,3.29,3.30,3.31,3.32,3.34,3.35,3.36,3.37,3.38,3.39,3.41,3.42,3.43,3.44,3.45,3.47
4.88,4.95,4.92,4.94,4.95,4.94,4.92,4.95,4.98,4.98,4.93,4.96,4.98,4.96,4.92,4.92,4.86,4.81,4.78,4.76,4.71,4.72,4.72,4.69,4.65,4.64,4.62,4.59,4.58,4.52,4.47,4.42,4.39,4.11,3.89,3.82,3.91,4.04,4.14,4.11,4.00,3.88,3.94,4.08,4.18,4.18,4.12,4.09,4.09,4.09,4.06,4.03,4.02,4.01,3.99,3.99,3.95,3.90,3.83,3.79,3.78,3.79,3.80,3.72,3.68,3.64,3.60,3.55,3.48,3.39,3.31,3.22,3.09,2.74,2.68,2.79,2.87,2.79,2.66,2.65,2.90,3.57,3.85,4.22,4.67,5.10,5.59,6.27,6.99,7.57,3.13,2.23,2.09,1.96,1.90,1.92,1.95,1.97,2.00,2.03,2.06,2.09,2.12,2.14,2.17,2.21,2.35,2.78,2.69,2.72,2.81,2.87,2.85,2.80,2.73,2.71,2.91,2.95,2.96,2.96,2.97,2.98,2.99,3.01,3.02,2.97,2.99,3.01,3.02,3.00,3.02,3.02,3.01,3.00,2.98,2.97,3.01,3.07,3.08,3.07,3.00,2.93,2.90,2.87,2.93,3.03,3.13,3.16,3.16,3.15,3.14,3.13,3.12,3.10,3.09,3.08,3.07,3.06,3.06,3.05,3.04,3.04,3.04,3.04,3.05,3.04,3.04,3.03,3.02,2.98,2.83,2.81,2.89,2.87,2.80,2.83,2.91,2.99,2.86,2.87,2.91,2.95,2.98,2.99,2.99,2.99,2.99,3.08,3.13,3.15,3.15,3.15,3.12,3.12,3.16,3.20,3.19,3.20,3.22,3.22,3.23,3.29,3.35,3.42,3.47,3.30,3.28,3.39,3.48,3.57,3.43,3.30,3.31,3.32,3.33,3.34,3.35,3.37,3.38,3.38,3.36,3.30,3.24,3.18,3.15,3.14,3.14,3.15,3.15,3.16,3.18,3.19,3.20,3.21,3.22,3.23,3.24,3.25,3.26,3.27,3.28,3.29,3.30,3.31,3.32,3.33,3.34,3.35,3.37,3.38,3.39,3.40,3.41,3.43,3.44,3.45
4.90,4.90,4.90,4.92,4.92,4.92,4.91,4.95,4.98,4.99,4.97,4.99,5.01,4.98,4.91,4.89,4.84,4.78,4.73,4.73,4.70,4.71,4.71,4.69,4.65,4.62,4.61,4.59,4.56,4.50,4.43,4.35,4.21,4.05,3.92,3.89,3.99,4.12,4.12,4.03,3.93,3.89,4.07,4.15,4.17,4.15,4.12,4.09,4.07,4.07,4.08,4.05,4.00,3.97,3.97,3.97,3.95,3.87,3.76,3.73,3.78,3.80,3.78,3.70,3.69,3.66,3.61,3.54,3.46,3.36,3.27,3.16,2.94,2.74,2.73,2.81,2.86,2.77,2.64,2.67,2.98,3.59,3.89,4.30,4.80,5.28,5.74,6.38,7.04,7.57,2.99,2.12,2.00,1.88,1.83,1.85,1.88,1.91,1.94,1.97,1.99,2.02,2.05,2.08,2.10,2.14,2.32,2.87,2.71,2.73,2.82,2.86,2.81,2.77,2.74,2.76,2.91,2.94,2.95,2.96,2.96,2.98,2.99,3.01,3.02,2.97,2.97,3.00,3.01,3.00,3.02,3.02,3.01,3.02,3.00,2.99,3.01,3.03,3.02,3.00,2.95,2.89,2.86,2.88,2.93,3.02,3.12,3.15,3.15,3.15,3.14,3.12,3.11,3.10,3.09,3.08,3.07,3.06,3.05,3.05,3.04,3.04,3.04,3.03,3.04,3.04,3.03,3.04,3.03,2.92,2.81,2.81,2.87,2.85,2.80,2.84,2.92,2.95,2.85,2.87,2.92,2.97,3.01,3.03,3.04,3.05,3.05,3.07,3.08,3.09,3.10,3.11,3.13,3.16,3.20,3.19,3.23,3.25,3.26,3.26,3.28,3.34,3.44,3.53,3.40,3.35,3.37,3.44,3.51,3.58,3.42,3.28,3.29,3.30,3.31,3.33,3.34,3.35,3.36,3.37,3.37,3.36,3.33,3.29,3.25,3.21,3.17,3.16,3.16,3.16,3.17,3.18,3.19,3.20,3.21,3.22,3.23,3.24,3.25,3.26,3.27,3.28,3.29,3.30,3.31,3.32,3.33,3.35,3.36,3.36,3.38,3.39,3.40,3.41,3.42,3.43
4.90,4.88,4.91,4.91,4.91,4.91,4.91,4.95,4.98,4.99,5.00,5.00,5.02,4.98,4.90,4.86,4.81,4.74,4.68,4.70,4.70,4.71,4.71,4.69,4.64,4.60,4.58,4.57,4.53,4.48,4.42,4.30,4.07,3.99,3.93,3.95,4.05,4.15,4.07,3.97,3.89,3.92,4.14,4.18,4.15,4.12,4.10,4.07,4.05,4.04,4.07,4.04,3.98,3.94,3.96,3.96,3.93,3.84,3.72,3.72,3.79,3.81,3.76,3.69,3.69,3.66,3.60,3.52,3.43,3.33,3.25,3.11,2.78,2.72,2.76,2.82,2.83,2.75,2.63,2.73,3.12,3.61,3.94,4.38,4.92,5.43,5.87,6.50,6.93,6.91,2.77,2.01,1.93,1.84,1.80,1.79,1.81,1.84,1.88,1.90,1.93,1.96,1.98,2.01,2.05,2.10,2.31,2.92,2.73,2.75,2.83,2.85,2.79,2.76,2.76,2.80,2.93,2.93,2.94,2.95,2.96,2.98,3.00,3.01,3.02,2.97,2.97,2.99,3.01,3.00,3.01,3.01,3.02,3.04,3.02,3.01,3.01,3.01,2.99,2.97,2.91,2.86,2.84,2.88,2.93,3.01,3.10,3.13,3.14,3.14,3.13,3.12,3.11,3.10,3.09,3.08,3.06,3.05,3.05,3.05,3.04,3.04,3.04,3.03,3.04,3.04,3.03,3.03,3.03,2.84,2.79,2.82,2.86,2.83,2.79,2.85,2.92,2.91,2.85,2.87,2.92,2.97,3.02,3.06,3.09,3.10,3.10,3.06,3.03,3.02,3.04,3.05,3.10,3.15,3.19,3.17,3.22,3.25,3.27,3.30,3.32,3.38,3.50,3.60,3.35,3.38,3.44,3.50,3.55,3.53,3.39,3.27,3.28,3.28,3.30,3.31,3.32,3.33,3.34,3.35,3.37,3.38,3.38,3.37,3.33,3.28,3.23,3.20,3.18,3.16,3.16,3.17,3.18,3.19,3.20,3.21,3.22,3.23,3.24,3.25,3.26,3.27,3.28,3.30,3.31,3.31,3.32,3.34,3.35,3.35,3.37,3.38,3.39,3.40,3.41,3.42
4.89,4.92,4.93,4.92,4.93,4.93,4.93,4.96,4.98,5.00,5.01,5.00,5.00,4.96,4.90,4.83,4.78,4.69,4.63,4.68,4.70,4.71,4.70,4.68,4.63,4.59,4.54,4.50,4.51,4.47,4.44,4.31,4.03,3.90,3.92,4.01,4.09,4.10,4.00,3.92,3.90,3.97,4.13,4.16,4.13,4.08,4.06,4.03,4.01,3.99,4.00,3.98,3.95,3.94,4.00,3.97,3.90,3.80,3.74,3.81,3.84,3.81,3.75,3.71,3.68,3.62,3.56,3.50,3.41,3.34,3.26,3.08,2.59,2.68,2.79,2.83,2.79,2.72,2.64,2.85,3.34,3.65,4.02,4.49,5.03,5.55,5.98,6.68,6.56,5.16,2.41,1.90,1.87,1.85,1.84,1.76,1.74,1.78,1.81,1.84,1.86,1.89,1.92,1.96,2.03,2.11,2.32,2.89,2.75,2.79,2.85,2.84,2.81,2.75,2.76,2.85,2.97,2.93,2.93,2.94,2.95,3.00,3.01,3.01,3.02,2.97,2.98,2.99,3.00,3.00,3.01,3.01,3.01,3.05,3.02,3.00,2.99,2.98,2.98,2.99,2.92,2.84,2.84,2.89,2.95,3.01,3.07,3.12,3.13,3.13,3.13,3.12,3.11,3.10,3.08,3.07,3.06,3.05,3.05,3.04,3.04,3.04,3.04,3.03,3.02,3.03,3.03,3.02,2.97,2.73,2.78,2.84,2.85,2.81,2.76,2.84,2.91,2.88,2.84,2.86,2.90,2.94,2.99,3.07,3.12,3.13,3.12,3.08,2.99,2.94,2.98,2.98,3.00,3.03,3.07,3.09,3.14,3.17,3.23,3.31,3.37,3.40,3.50,3.60,3.34,3.38,3.47,3.55,3.59,3.40,3.31,3.28,3.27,3.27,3.28,3.29,3.30,3.31,3.33,3.34,3.35,3.36,3.37,3.38,3.38,3.37,3.35,3.29,3.23,3.19,3.18,3.17,3.18,3.18,3.19,3.20,3.21,3.23,3.23,3.24,3.26,3.27,3.27,3.28,3.30,3.31,3.32,3.33,3.34,3.35,3.36,3.37,3.38,3.39,3.40,3.41
4.91,4.94,4.99,4.97,4.95,4.95,4.96,4.99,5.00,5.01,5.02,5.00,4.99,4.96,4.88,4.81,4.76,4.69,4.65,4.70,4.72,4.71,4.70,4.68,4.64,4.60,4.55,4.50,4.49,4.46,4.35,4.16,3.93,3.90,3.96,4.06,4.13,4.04,3.93,3.88,3.93,4.08,4.16,4.15,4.10,4.06,4.04,4.02,4.01,4.01,4.01,3.98,3.95,3.93,3.97,3.95,3.87,3.79,3.75,3.85,3.85,3.81,3.76,3.73,3.68,3.61,3.54,3.48,3.39,3.32,3.24,3.06,2.61,2.72,2.81,2.84,2.78,2.68,2.69,2.96,3.45,3.71,4.15,4.64,5.14,5.65,6.18,6.89,6.89,4.77,2.22,1.80,1.74,1.74,1.73,1.68,1.68,1.71,1.74,1.77,1.80,1.84,1.90,2.03,2.15,2.30,2.49,2.72,2.73,2.80,2.86,2.84,2.79,2.74,2.77,2.89,2.98,2.95,2.93,2.94,2.95,3.00,3.02,3.02,3.00,2.97,2.98,2.99,2.99,2.99,3.00,3.00,3.00,3.01,3.00,2.99,2.98,2.97,2.97,2.97,2.92,2.86,2.85,2.90,2.95,3.01,3.07,3.10,3.12,3.13,3.13,3.12,3.10,3.09,3.08,3.07,3.06,3.05,3.05,3.04,3.04,3.04,3.03,3.03,3.02,3.02,3.03,3.00,2.91,2.72,2.79,2.86,2.86,2.83,2.76,2.82,2.89,2.82,2.82,2.85,2.90,2.95,3.00,3.06,3.11,3.13,3.12,3.08,3.01,2.97,2.96,3.00,3.02,3.06,3.11,3.13,3.11,3.14,3.21,3.31,3.39,3.48,3.53,3.50,3.41,3.47,3.53,3.58,3.60,3.38,3.31,3.30,3.28,3.28,3.28,3.28,3.28,3.29,3.31,3.32,3.33,3.35,3.35,3.37,3.38,3.39,3.38,3.35,3.32,3.28,3.24,3.21,3.19,3.19,3.19,3.20,3.20,3.22,3.23,3.23,3.25,3.26,3.27,3.28,3.29,3.30,3.31,3.32,3.33,3.34,3.35,3.36,3.37,3.38,3.39,3.40
4.94,4.96,5.04,5.02,4.98,4.96,5.00,5.01,5.02,5.03,5.03,5.00,4.99,4.95,4.86,4.80,4.74,4.69,4.68,4.73,4.73,4.72,4.70,4.68,4.64,4.61,4.56,4.51,4.47,4.43,4.23,3.99,3.84,3.92,4.00,4.10,4.15,3.97,3.86,3.87,3.99,4.18,4.18,4.12,4.07,4.05,4.03,4.02,4.02,4.03,4.02,4.00,3.95,3.92,3.94,3.92,3.85,3.78,3.76,3.87,3.86,3.81,3.76,3.73,3.69,3.62,3.54,3.48,3.38,3.30,3.20,3.02,2.68,2.76,2.83,2.83,2.76,2.64,2.74,3.06,3.52,3.78,4.29,4.77,5.23,5.74,6.40,7.10,7.53,3.01,2.07,1.71,1.61,1.62,1.61,1.60,1.62,1.65,1.68,1.71,1.76,1.82,1.93,2.13,2.29,2.52,2.70,2.57,2.70,2.81,2.86,2.84,2.78,2.73,2.79,2.92,2.98,2.97,2.94,2.93,2.94,3.00,3.03,3.02,2.99,2.95,2.98,2.99,2.98,2.97,2.98,2.99,2.99,2.98,2.99,2.98,2.97,2.97,2.96,2.94,2.91,2.88,2.87,2.92,2.96,3.02,3.10,3.08,3.10,3.12,3.12,3.11,3.10,3.09,3.08,3.07,3.05,3.05,3.05,3.04,3.04,3.03,3.03,3.03,3.02,3.02,3.02,2.97,2.87,2.74,2.81,2.86,2.87,2.83,2.77,2.82,2.86,2.76,2.80,2.85,2.90,2.97,3.02,3.05,3.09,3.12,3.11,3.07,3.04,3.00,2.97,3.03,3.06,3.11,3.16,3.17,3.11,3.12,3.20,3.30,3.40,3.56,3.56,3.42,3.50,3.56,3.58,3.59,3.60,3.39,3.33,3.32,3.30,3.29,3.28,3.27,3.27,3.28,3.29,3.30,3.31,3.33,3.34,3.35,3.36,3.38,3.39,3.39,3.39,3.38,3.32,3.27,3.23,3.21,3.21,3.20,3.20,3.21,3.22,3.23,3.24,3.25,3.26,3.27,3.28,3.29,3.30,3.31,3.32,3.33,3.34,3.35,3.36,3.37,3.38,3.39
4.93,4.95,4.99,4.99,4.97,4.96,5.00,4.99,5.01,5.03,5.02,5.03,4.99,4.90,4.81,4.79,4.73,4.71,4.71,4.70,4.72,4.71,4.70,4.68,4.63,4.60,4.55,4.49,4.48,4.31,4.14,3.99,3.90,3.98,4.05,4.08,4.04,3.88,3.83,3.94,4.09,4.15,4.12,4.07,4.03,4.03,4.02,4.03,4.03,4.02,3.99,3.96,3.94,3.92,3.93,3.95,3.84,3.76,3.78,3.86,3.83,3.78,3.74,3.74,3.72,3.66,3.60,3.56,3.39,3.31,3.16,2.92,2.71,2.78,2.82,2.81,2.75,2.61,2.75,3.10,3.58,3.90,4.38,4.82,5.27,5.85,6.63,7.26,7.60,2.35,1.84,1.64,1.58,1.57,1.58,1.58,1.58,1.59,1.61,1.71,1.81,1.92,2.04,2.20,2.33,2.60,2.83,2.66,2.75,2.83,2.86,2.84,2.79,2.76,2.82,2.93,2.97,2.98,2.94,2.91,2.95,3.01,3.03,3.00,2.95,2.92,2.97,2.99,2.98,2.97,2.97,2.98,2.98,2.97,2.97,2.97,2.96,2.95,2.97,2.92,2.88,2.88,2.92,2.97,3.02,3.08,3.13,3.09,3.09,3.11,3.11,3.11,3.10,3.09,3.07,3.06,3.05,3.05,3.05,3.04,3.04,3.03,3.03,3.02,3.02,3.02,3.02,2.98,2.88,2.78,2.84,2.87,2.83,2.79,2.83,2.86,2.85,2.75,2.81,2.84,2.89,2.95,3.00,3.07,3.12,3.14,3.10,3.07,3.01,2.98,3.00,3.03,3.06,3.05,3.04,3.06,3.09,3.14,3.22,3.31,3.40,3.58,3.62,3.52,3.55,3.57,3.58,3.59,3.60,3.41,3.35,3.34,3.32,3.31,3.30,3.29,3.28,3.27,3.28,3.28,3.29,3.31,3.32,3.33,3.34,3.36,3.37,3.38,3.39,3.40,3.38,3.36,3.33,3.29,3.24,3.22,3.21,3.21,3.21,3.22,3.23,3.24,3.26,3.26,3.27,3.28,3.29,3.30,3.31,3.32,3.33,3.34,3.35,3.36,3.37,3.39
4.91,4.93,4.95,4.97,4.97,4.95,4.99,4.98,5.00,5.02,5.01,5.02,4.96,4.88,4.80,4.78,4.73,4.71,4.71,4.67,4.69,4.68,4.67,4.66,4.63,4.59,4.53,4.47,4.48,4.23,4.05,3.96,3.95,4.02,4.07,4.05,3.94,3.82,3.83,3.98,4.13,4.10,4.08,4.04,4.02,4.03,4.02,4.01,4.01,4.00,3.97,3.96,3.94,3.92,3.91,3.91,3.82,3.76,3.80,3.86,3.84,3.78,3.73,3.72,3.72,3.70,3.67,3.63,3.44,3.31,3.08,2.80,2.73,2.80,2.82,2.80,2.72,2.58,2.82,3.22,3.65,4.05,4.50,4.96,5.45,6.01,6.83,6.95,6.84,1.94,1.68,1.59,1.57,1.56,1.57,1.56,1.56,1.57,1.59,1.70,1.82,1.95,2.07,2.20,2.32,2.60,2.86,2.71,2.79,2.85,2.86,2.84,2.78,2.76,2.81,2.91,2.96,2.96,2.91,2.87,2.92,2.95,2.97,2.96,2.93,2.92,2.96,2.97,2.97,2.97,2.96,2.97,2.98,2.96,2.96,2.96,2.94,2.94,2.96,2.91,2.87,2.88,2.93,3.00,3.04,3.10,3.15,3.12,3.10,3.09,3.10,3.11,3.09,3.08,3.07,3.06,3.05,3.05,3.04,3.04,3.04,3.03,3.03,3.02,3.02,3.02,3.01,2.96,2.85,2.80,2.85,2.86,2.81,2.76,2.83,2.87,2.85,2.79,2.81,2.83,2.88,2.95,3.01,3.08,3.13,3.14,3.09,3.04,2.99,2.97,3.01,3.03,3.04,3.01,2.98,3.02,3.10,3.17,3.24,3.32,3.37,3.52,3.60,3.56,3.57,3.58,3.58,3.58,3.53,3.41,3.36,3.35,3.34,3.32,3.31,3.31,3.29,3.28,3.28,3.27,3.28,3.29,3.30,3.31,3.33,3.34,3.35,3.36,3.38,3.39,3.39,3.40,3.38,3.35,3.31,3.28,3.25,3.23,3.22,3.23,3.23,3.24,3.25,3.26,3.26,3.27,3.28,3.30,3.31,3.31,3.33,3.34,3.35,3.35,3.37,3.38
4.89,4.90,4.93,4.95,4.95,4.95,4.97,4.96,4.98,5.01,5.02,4.97,4.93,4.88,4.83,4.78,4.74,4.71,4.68,4.64,4.64,4.62,4.62,4.65,4.62,4.57,4.51,4.46,4.48,4.17,3.97,3.91,3.98,4.06,4.07,4.00,3.86,3.80,3.84,4.00,4.13,4.06,4.05,4.04,4.03,4.02,4.01,3.98,3.97,3.98,3.96,3.97,3.94,3.91,3.90,3.83,3.78,3.78,3.83,3.87,3.87,3.82,3.74,3.69,3.71,3.74,3.75,3.71,3.52,3.30,2.97,2.65,2.75,2.82,2.84,2.79,2.69,2.55,2.93,3.38,3.73,4.21,4.62,5.15,5.74,6.19,7.00,6.31,5.50,1.71,1.57,1.56,1.57,1.57,1.58,1.55,1.55,1.58,1.60,1.68,1.80,1.92,2.04,2.15,2.28,2.55,2.82,2.73,2.83,2.87,2.86,2.84,2.76,2.73,2.78,2.87,2.93,2.90,2.85,2.82,2.86,2.86,2.88,2.90,2.91,2.93,2.94,2.95,2.96,2.98,2.94,2.95,2.97,2.96,2.95,2.94,2.93,2.93,2.96,2.90,2.87,2.88,2.90,3.00,3.04,3.09,3.17,3.15,3.10,3.08,3.09,3.10,3.09,3.08,3.07,3.06,3.05,3.04,3.04,3.04,3.03,3.03,3.03,3.02,3.02,3.01,3.00,2.92,2.78,2.80,2.85,2.84,2.79,2.74,2.78,2.84,2.88,2.87,2.81,2.82,2.87,2.96,3.03,3.07,3.12,3.13,3.07,3.00,2.97,2.98,3.00,3.02,3.03,2.99,2.96,3.02,3.14,3.21,3.26,3.34,3.32,3.42,3.52,3.56,3.57,3.58,3.58,3.55,3.40,3.39,3.38,3.37,3.36,3.34,3.33,3.32,3.31,3.30,3.29,3.28,3.27,3.27,3.28,3.29,3.31,3.32,3.33,3.34,3.36,3.37,3.38,3.40,3.40,3.40,3.40,3.37,3.31,3.26,3.24,3.25,3.24,3.23,3.24,3.25,3.26,3.27,3.28,3.29,3.30,3.31,3.32,3.33,3.34,3.35,3.36,3.37
4.90,4.92,4.93,4.95,4.96,4.96,4.99,4.99,5.01,5.01,4.99,4.97,4.90,4.83,4.77,4.74,4.72,4.69,4.65,4.64,4.61,4.59,4.59,4.60,4.56,4.51,4.46,4.38,4.23,4.02,3.93,3.95,4.02,4.11,4.05,3.92,3.80,3.80,3.94,4.04,4.08,4.05,4.05,4.04,4.03,4.03,4.02,3.99,3.98,3.98,3.96,3.98,3.95,3.91,3.87,3.80,3.77,3.80,3.85,3.83,3.89,3.85,3.75,3.67,3.67,3.72,3.74,3.69,3.48,3.24,2.94,2.67,2.79,2.84,2.83,2.77,2.67,2.70,3.08,3.50,3.86,4.31,4.74,5.30,5.91,6.42,7.11,5.62,3.40,1.73,1.57,1.55,1.56,1.56,1.57,1.56,1.57,1.58,1.59,1.61,1.73,1.88,2.02,2.17,2.59,2.66,2.72,2.75,2.85,2.89,2.86,2.80,2.76,2.71,2.70,2.73,2.73,2.70,2.69,2.72,2.80,2.83,2.84,2.84,2.86,2.89,2.92,2.94,2.94,2.95,2.93,2.94,2.96,2.96,2.94,2.94,2.94,2.93,2.92,2.88,2.88,2.92,2.95,3.01,3.06,3.11,3.15,3.15,3.12,3.08,3.06,3.09,3.09,3.08,3.07,3.06,3.05,3.04,3.04,3.04,3.03,3.03,3.03,3.02,3.02,3.01,2.96,2.88,2.78,2.82,2.83,2.81,2.75,2.72,2.81,2.86,2.89,2.91,2.83,2.82,2.86,2.94,3.01,3.05,3.09,3.10,3.04,3.02,2.98,2.96,2.99,3.01,3.01,2.98,2.97,3.05,3.15,3.22,3.29,3.35,3.43,3.39,3.40,3.50,3.56,3.58,3.58,3.55,3.42,3.41,3.40,3.39,3.38,3.36,3.35,3.34,3.33,3.32,3.30,3.29,3.29,3.28,3.27,3.28,3.29,3.30,3.32,3.33,3.34,3.35,3.36,3.38,3.39,3.40,3.41,3.39,3.37,3.35,3.33,3.29,3.26,3.25,3.25,3.25,3.25,3.26,3.27,3.28,3.29,3.30,3.31,3.32,3.33,3.34,3.35,3.36
4.93,4.93,4.94,4.95,4.97,4.98,4.99,5.00,5.01,5.00,4.96,4.93,4.86,4.79,4.73,4.70,4.70,4.68,4.65,4.63,4.59,4.56,4.56,4.56,4.51,4.47,4.40,4.28,4.07,3.93,3.93,4.00,4.07,4.12,4.01,3.86,3.78,3.85,4.01,4.06,4.04,4.05,4.05,4.04,4.04,4.03,4.02,4.00,3.99,3.97,3.96,3.97,3.95,3.91,3.85,3.78,3.78,3.83,3.89,3.83,3.87,3.84,3.74,3.64,3.62,3.66,3.65,3.55,3.29,3.11,2.89,2.70,2.81,2.84,2.82,2.75,2.64,2.84,3.20,3.58,3.94,4.42,4.93,5.50,6.09,6.66,7.23,5.14,2.74,1.78,1.58,1.55,1.56,1.56,1.56,1.57,1.58,1.59,1.58,1.57,1.70,1.87,2.04,2.21,2.67,2.66,2.68,2.79,2.87,2.89,2.86,2.78,2.75,2.69,2.65,2.64,2.62,2.60,2.62,2.67,2.75,2.77,2.77,2.76,2.78,2.85,2.89,2.91,2.91,2.90,2.90,2.91,2.93,2.96,2.95,2.95,2.95,2.93,2.91,2.88,2.89,2.94,2.98,3.02,3.08,3.12,3.13,3.16,3.14,3.09,3.04,3.08,3.08,3.08,3.06,3.06,3.05,3.04,3.04,3.04,3.03,3.03,3.03,3.02,3.02,3.00,2.93,2.84,2.78,2.84,2.83,2.78,2.74,2.74,2.85,2.88,2.89,2.93,2.86,2.82,2.84,2.92,2.99,3.05,3.08,3.07,3.03,3.06,3.01,2.96,2.98,3.00,3.00,2.98,2.99,3.08,3.16,3.24,3.31,3.35,3.50,3.39,3.35,3.45,3.56,3.58,3.59,3.56,3.44,3.43,3.42,3.40,3.40,3.38,3.37,3.36,3.35,3.34,3.32,3.31,3.30,3.29,3.28,3.28,3.28,3.28,3.30,3.31,3.32,3.33,3.34,3.36,3.37,3.38,3.41,3.40,3.40,3.40,3.38,3.34,3.31,3.29,3.28,3.26,3.26,3.26,3.27,3.27,3.28,3.29,3.30,3.31,3.32,3.33,3.34,3.35
4.97,4.94,4.95,4.98,5.00,5.01,4.98,4.97,4.97,4.97,4.95,4.84,4.78,4.74,4.71,4.68,4.69,4.70,4.69,4.60,4.57,4.55,4.55,4.55,4.50,4.45,4.35,4.19,4.04,3.96,3.98,4.05,4.12,4.05,3.92,3.81,3.80,3.95,4.04,4.05,4.03,4.05,4.05,4.05,4.04,4.02,4.01,4.01,3.99,3.96,3.96,3.96,3.94,3.90,3.84,3.78,3.80,3.87,3.95,3.86,3.80,3.75,3.69,3.57,3.54,3.54,3.44,3.20,2.88,2.86,2.82,2.75,2.82,2.84,2.81,2.73,2.61,2.93,3.30,3.64,3.97,4.52,5.20,5.77,6.29,6.91,7.36,5.00,2.53,1.88,1.59,1.55,1.56,1.57,1.57,1.58,1.58,1.58,1.58,1.58,1.72,1.90,2.08,2.28,2.88,2.81,2.74,2.84,2.87,2.87,2.84,2.79,2.75,2.68,2.63,2.61,2.63,2.68,2.69,2.69,2.72,2.69,2.67,2.66,2.68,2.81,2.84,2.86,2.86,2.82,2.87,2.87,2.88,2.95,2.99,2.98,2.96,2.94,2.92,2.92,2.91,2.92,2.98,3.04,3.09,3.11,3.12,3.18,3.17,3.12,3.07,3.05,3.07,3.07,3.06,3.05,3.05,3.04,3.04,3.04,3.03,3.03,3.03,3.02,3.02,3.00,2.90,2.80,2.80,2.86,2.83,2.77,2.75,2.84,2.88,2.90,2.90,2.89,2.92,2.83,2.80,2.88,2.98,3.08,3.09,3.05,3.02,3.11,3.06,2.99,2.97,3.00,3.00,3.00,3.02,3.10,3.17,3.25,3.32,3.37,3.48,3.46,3.41,3.40,3.55,3.58,3.59,3.57,3.46,3.45,3.44,3.42,3.41,3.40,3.39,3.38,3.36,3.36,3.34,3.33,3.32,3.31,3.29,3.28,3.28,3.27,3.28,3.28,3.30,3.32,3.32,3.34,3.35,3.36,3.38,3.38,3.40,3.41,3.40,3.39,3.39,3.36,3.32,3.28,3.28,3.28,3.27,3.26,3.27,3.29,3.30,3.30,3.31,3.33,3.34,3.34
4.98,4.96,4.96,4.97,4.99,5.00,4.98,4.98,4.98,4.97,4.93,4.81,4.74,4.70,4.69,4.68,4.69,4.71,4.70,4.63,4.57,4.54,4.53,4.54,4.50,4.44,4.29,4.10,3.98,3.96,4.00,4.07,4.10,3.98,3.82,3.75,3.82,3.99,4.06,4.05,4.03,4.04,4.05,4.04,4.03,4.01,4.00,4.00,4.00,3.98,3.97,3.98,3.96,3.90,3.82,3.79,3.80,3.85,3.91,3.83,3.76,3.70,3.64,3.55,3.49,3.43,3.27,2.96,2.77,2.76,2.78,2.79,2.84,2.85,2.80,2.71,2.63,3.05,3.36,3.70,4.16,4.76,5.47,5.99,6.45,7.13,7.35,4.88,2.42,1.83,1.58,1.56,1.57,1.57,1.58,1.58,1.58,1.58,1.57,1.58,1.70,1.88,2.10,2.34,2.91,2.82,2.74,2.88,2.88,2.86,2.82,2.76,2.81,2.84,2.84,2.81,2.82,2.82,2.79,2.75,2.75,2.65,2.62,2.63,2.65,2.75,2.78,2.78,2.75,2.70,2.79,2.84,2.87,2.89,2.94,2.94,2.93,2.92,2.91,2.91,2.90,2.91,2.99,3.05,3.09,3.11,3.12,3.14,3.16,3.14,3.10,3.02,3.06,3.07,3.06,3.05,3.05,3.04,3.04,3.04,3.03,3.03,3.02,3.02,3.02,2.98,2.85,2.78,2.82,2.88,2.83,2.76,2.74,2.85,2.89,2.90,2.90,2.89,2.91,2.87,2.84,2.86,2.95,3.03,3.06,3.04,3.00,3.05,3.05,3.03,3.01,3.01,3.01,3.01,3.02,3.11,3.19,3.28,3.35,3.39,3.46,3.44,3.43,3.46,3.51,3.56,3.57,3.54,3.48,3.47,3.45,3.44,3.43,3.42,3.41,3.40,3.38,3.37,3.36,3.35,3.34,3.32,3.31,3.30,3.29,3.28,3.28,3.28,3.28,3.30,3.30,3.32,3.33,3.34,3.36,3.37,3.39,3.40,3.40,3.41,3.41,3.39,3.36,3.35,3.33,3.30,3.29,3.29,3.29,3.29,3.29,3.30,3.30,3.32,3.33,3.34
4.99,4.97,4.96,4.96,4.97,4.99,4.97,5.00,5.00,4.97,4.91,4.78,4.71,4.67,4.67,4.68,4.69,4.70,4.70,4.65,4.58,4.54,4.52,4.53,4.49,4.40,4.22,4.02,3.92,3.95,4.02,4.07,4.06,3.91,3.74,3.72,3.86,4.03,4.07,4.06,4.03,4.04,4.06,4.04,4.01,4.00,3.99,4.00,4.00,4.01,3.98,4.00,3.97,3.90,3.82,3.79,3.79,3.82,3.86,3.79,3.73,3.66,3.60,3.55,3.45,3.34,3.12,2.78,2.73,2.71,2.75,2.83,2.86,2.86,2.79,2.71,2.67,3.16,3.43,3.80,4.40,5.03,5.72,6.20,6.61,7.31,7.32,4.53,2.31,1.75,1.58,1.56,1.57,1.57,1.59,1.58,1.58,1.58,1.56,1.58,1.67,1.85,2.13,2.44,2.87,2.80,2.75,2.91,2.89,2.85,2.79,2.73,2.88,3.00,3.04,3.02,3.04,2.98,2.90,2.84,2.83,2.68,2.64,2.65,2.67,2.71,2.72,2.70,2.66,2.61,2.71,2.80,2.84,2.83,2.87,2.88,2.88,2.89,2.89,2.88,2.87,2.90,3.00,3.05,3.08,3.10,3.11,3.09,3.13,3.15,3.12,3.01,3.05,3.06,3.06,3.05,3.04,3.04,3.04,3.04,3.03,3.02,3.03,3.03,3.02,2.96,2.82,2.76,2.84,2.88,2.82,2.75,2.74,2.85,2.88,2.90,2.90,2.90,2.89,2.91,2.89,2.85,2.92,2.97,3.02,3.04,2.98,3.00,3.05,3.08,3.05,3.04,3.04,3.04,3.04,3.12,3.22,3.30,3.36,3.41,3.44,3.41,3.44,3.53,3.47,3.55,3.55,3.51,3.49,3.49,3.47,3.46,3.45,3.44,3.43,3.42,3.40,3.38,3.38,3.37,3.36,3.34,3.33,3.32,3.31,3.29,3.28,3.28,3.28,3.28,3.28,3.30,3.32,3.33,3.34,3.35,3.36,3.37,3.39,3.42,3.41,3.41,3.41,3.41,3.38,3.34,3.32,3.32,3.31,3.30,3.30,3.30,3.30,3.31,3.32,3.33
5.01,4.99,4.97,4.98,4.99,4.99,4.97,4.98,4.97,4.94,4.87,4.77,4.70,4.66,4.66,4.70,4.69,4.68,4.66,4.62,4.58,4.55,4.54,4.52,4.46,4.26,4.07,3.96,3.94,3.99,4.05,4.07,3.99,3.82,3.74,3.82,4.01,4.06,4.08,4.08,4.07,4.06,4.06,4.05,4.02,3.98,3.96,3.98,4.00,4.01,4.00,3.98,3.93,3.87,3.85,3.78,3.78,3.80,3.82,3.75,3.73,3.70,3.66,3.61,3.44,3.28,3.06,2.78,2.71,2.71,2.77,2.85,2.87,2.87,2.79,2.73,2.82,3.19,3.58,4.06,4.66,5.26,5.90,6.39,6.80,7.35,5.04,3.27,2.15,1.67,1.57,1.56,1.57,1.59,1.59,1.58,1.58,1.58,1.58,1.59,1.62,1.81,2.22,2.92,2.79,2.75,2.79,2.89,2.88,2.84,2.76,2.68,2.92,3.03,3.07,3.08,3.19,3.12,3.06,3.02,2.97,2.89,2.84,2.81,2.78,2.78,2.71,2.70,2.72,2.67,2.70,2.74,2.77,2.76,2.78,2.82,2.84,2.86,2.86,2.86,2.86,2.88,3.00,3.04,3.03,3.03,3.07,3.05,3.10,3.14,3.14,3.06,3.02,3.03,3.06,3.05,3.04,3.04,3.04,3.04,3.04,3.03,3.04,3.04,3.04,2.92,2.79,2.77,2.86,2.88,2.80,2.74,2.74,2.85,2.86,2.89,2.91,2.90,2.89,2.93,2.91,2.82,2.89,2.93,2.99,3.03,2.97,3.12,3.16,3.15,3.13,3.10,3.11,3.11,3.12,3.18,3.28,3.32,3.35,3.38,3.41,3.43,3.47,3.52,3.51,3.56,3.56,3.53,3.51,3.50,3.49,3.48,3.47,3.46,3.44,3.43,3.42,3.40,3.40,3.38,3.37,3.36,3.35,3.34,3.33,3.31,3.30,3.29,3.28,3.28,3.27,3.29,3.30,3.31,3.32,3.33,3.34,3.36,3.37,3.39,3.39,3.41,3.42,3.42,3.40,3.39,3.38,3.36,3.32,3.32,3.32,3.32,3.31,3.30,3.31,3.32
5.01,5.00,4.98,4.98,4.98,4.98,4.98,4.99,4.97,4.93,4.86,4.77,4.70,4.67,4.67,4.72,4.69,4.66,4.64,4.62,4.59,4.57,4.55,4.51,4.41,4.18,4.00,3.93,3.97,4.02,4.07,4.04,3.91,3.78,3.80,3.92,4.09,4.14,4.11,4.10,4.09,4.07,4.07,4.05,4.02,3.99,3.97,3.99,4.01,4.01,4.00,3.97,3.91,3.87,3.88,3.77,3.77,3.80,3.82,3.74,3.72,3.70,3.66,3.61,3.43,3.22,2.99,2.76,2.70,2.73,2.80,2.87,2.89,2.86,2.75,2.72,2.94,3.25,3.71,4.26,4.87,5.48,6.09,6.58,6.99,7.41,4.10,2.60,2.01,1.61,1.57,1.57,1.58,1.58,1.59,1.58,1.58,1.58,1.59,1.63,1.70,1.91,2.30,2.94,2.79,2.76,2.83,2.86,2.86,2.81,2.75,2.72,2.95,3.06,3.10,3.12,3.21,3.17,3.14,3.11,3.04,3.01,2.97,2.93,2.90,2.84,2.77,2.76,2.79,2.77,2.77,2.77,2.76,2.74,2.76,2.80,2.84,2.86,2.87,2.87,2.84,2.85,2.98,3.00,2.99,3.00,3.04,3.03,3.08,3.13,3.15,3.08,3.04,3.05,3.07,3.05,3.04,3.04,3.04,3.04,3.04,3.04,3.04,3.04,3.02,2.85,2.76,2.77,2.87,2.87,2.79,2.75,2.77,2.82,2.89,2.92,2.92,2.90,2.90,2.95,2.94,2.87,2.87,2.91,2.99,3.03,2.98,3.14,3.19,3.17,3.15,3.13,3.13,3.14,3.16,3.22,3.29,3.31,3.32,3.35,3.39,3.42,3.46,3.49,3.51,3.55,3.56,3.55,3.53,3.52,3.51,3.50,3.49,3.47,3.46,3.45,3.44,3.42,3.41,3.40,3.39,3.38,3.37,3.36,3.34,3.33,3.32,3.31,3.30,3.29,3.28,3.28,3.28,3.29,3.30,3.32,3.33,3.34,3.35,3.37,3.38,3.39,3.41,3.41,3.42,3.42,3.41,3.39,3.36,3.36,3.35,3.34,3.33,3.32,3.32,3.32
5.01,5.00,5.00,4.99,4.97,4.97,4.99,5.02,4.99,4.92,4.85,4.78,4.71,4.68,4.69,4.74,4.70,4.66,4.63,4.64,4.62,4.60,4.56,4.49,4.35,4.13,3.98,3.92,4.00,4.06,4.06,3.99,3.83,3.78,3.89,4.03,4.12,4.23,4.15,4.11,4.10,4.07,4.08,4.05,4.02,4.00,4.00,4.01,4.02,4.01,4.00,3.95,3.91,3.89,3.89,3.76,3.76,3.82,3.85,3.74,3.70,3.68,3.64,3.58,3.43,3.16,2.90,2.74,2.70,2.77,2.84,2.88,2.90,2.83,2.68,2.68,3.05,3.32,3.82,4.42,5.05,5.71,6.27,6.76,7.17,7.46,3.75,2.28,1.88,1.56,1.58,1.60,1.58,1.55,1.59,1.57,1.57,1.58,1.59,1.70,1.87,2.09,2.38,2.97,2.82,2.81,2.87,2.84,2.82,2.78,2.76,2.80,2.99,3.09,3.14,3.16,3.15,3.15,3.15,3.13,3.07,3.06,3.05,3.04,3.00,2.90,2.87,2.88,2.89,2.90,2.89,2.86,2.80,2.76,2.79,2.82,2.84,2.87,2.90,2.89,2.83,2.81,2.94,2.95,2.97,2.99,3.01,3.02,3.06,3.12,3.15,3.07,3.10,3.10,3.08,3.05,3.05,3.05,3.05,3.05,3.05,3.05,3.05,3.03,2.97,2.77,2.72,2.78,2.88,2.85,2.79,2.78,2.81,2.79,2.95,2.98,2.93,2.89,2.91,2.96,2.98,2.96,2.86,2.90,2.98,3.05,3.00,3.12,3.16,3.16,3.15,3.13,3.14,3.15,3.19,3.25,3.27,3.28,3.29,3.32,3.36,3.39,3.43,3.46,3.50,3.54,3.56,3.57,3.55,3.53,3.52,3.51,3.50,3.49,3.48,3.47,3.46,3.44,3.43,3.42,3.41,3.40,3.38,3.37,3.36,3.35,3.34,3.33,3.32,3.31,3.29,3.28,3.27,3.28,3.29,3.31,3.31,3.32,3.33,3.35,3.36,3.37,3.38,3.39,3.42,3.42,3.42,3.41,3.42,3.42,3.38,3.34,3.35,3.36,3.35,3.33
5.02,5.00,4.98,4.98,4.99,5.00,5.02,5.02,4.97,4.89,4.82,4.74,4.70,4.68,4.70,4.71,4.66,4.62,4.61,4.60,4.60,4.58,4.53,4.42,4.18,4.00,3.93,3.96,4.03,4.09,4.04,3.91,3.78,3.80,3.95,4.09,4.15,4.17,4.14,4.13,4.12,4.10,4.08,4.06,4.04,4.00,3.98,3.99,3.98,3.97,3.96,3.93,3.91,3.88,3.86,3.76,3.74,3.77,3.82,3.76,3.69,3.64,3.61,3.56,3.38,3.08,2.83,2.74,2.72,2.79,2.85,2.89,2.89,2.82,2.68,2.72,3.14,3.42,3.94,4.57,5.22,5.87,6.37,6.85,7.24,7.38,3.41,1.99,1.75,1.58,1.57,1.57,1.57,1.56,1.56,1.57,1.58,1.59,1.59,1.78,2.02,2.27,2.66,2.91,2.83,2.83,2.89,2.88,2.82,2.77,2.78,2.91,3.10,3.14,3.15,3.16,3.16,3.16,3.15,3.14,3.11,3.07,3.05,3.04,2.99,2.87,2.88,2.94,2.99,3.02,2.96,2.94,2.93,2.89,2.89,2.85,2.82,2.83,2.91,2.88,2.87,2.87,2.87,2.91,2.90,2.88,2.87,2.88,2.94,2.99,3.02,3.00,3.07,3.08,3.07,3.05,2.88,3.00,3.05,2.97,2.98,3.03,3.05,3.02,2.93,2.75,2.77,2.85,2.92,2.88,2.83,2.80,2.80,2.84,2.95,2.98,2.95,2.90,2.92,2.99,3.03,3.01,2.93,2.90,2.97,3.04,2.98,3.07,3.12,3.16,3.18,3.13,3.15,3.18,3.21,3.22,3.24,3.25,3.26,3.30,3.33,3.37,3.40,3.44,3.48,3.55,3.57,3.56,3.55,3.54,3.54,3.54,3.53,3.51,3.50,3.49,3.48,3.46,3.45,3.44,3.43,3.42,3.40,3.39,3.38,3.37,3.36,3.35,3.33,3.32,3.31,3.30,3.29,3.28,3.28,3.28,3.29,3.31,3.32,3.32,3.33,3.35,3.37,3.38,3.39,3.40,3.42,3.43,3.42,3.42,3.40,3.39,3.40,3.37,3.36,3.36
5.02,5.01,4.98,4.98,5.00,5.02,5.04,5.01,4.94,4.86,4.78,4.70,4.68,4.68,4.69,4.68,4.63,4.60,4.60,4.59,4.58,4.56,4.48,4.29,4.05,3.93,3.92,3.99,4.07,4.08,3.99,3.86,3.77,3.87,4.01,4.12,4.15,4.13,4.13,4.13,4.12,4.11,4.08,4.06,4.04,3.99,3.96,3.96,3.96,3.95,3.92,3.91,3.90,3.87,3.82,3.78,3.73,3.73,3.76,3.74,3.68,3.63,3.59,3.53,3.34,3.03,2.79,2.75,2.75,2.81,2.87,2.91,2.89,2.80,2.71,2.80,3.23,3.54,4.09,4.72,5.36,5.98,6.48,6.96,7.14,6.59,3.05,1.82,1.67,1.59,1.57,1.56,1.57,1.57,1.54,1.57,1.59,1.59,1.60,1.82,2.10,2.41,2.72,2.83,2.83,2.86,2.91,2.90,2.82,2.77,2.81,2.98,3.16,3.17,3.16,3.16,3.16,3.16,3.16,3.15,3.14,3.08,3.06,3.03,2.97,2.86,2.91,2.99,3.06,3.06,3.00,3.00,3.01,3.00,2.98,2.91,2.85,2.83,2.91,2.90,2.93,2.94,2.87,2.91,2.88,2.83,2.80,2.82,2.86,2.89,2.91,2.93,2.99,3.01,3.01,3.00,2.83,2.98,3.05,2.96,2.97,3.03,3.04,3.00,2.88,2.76,2.81,2.90,2.95,2.92,2.86,2.81,2.80,2.87,2.94,2.96,2.96,2.92,2.95,3.03,3.07,3.04,2.98,2.90,2.95,3.02,2.97,3.01,3.08,3.15,3.18,3.12,3.15,3.19,3.23,3.21,3.21,3.22,3.23,3.27,3.30,3.34,3.38,3.42,3.48,3.55,3.56,3.55,3.55,3.55,3.55,3.54,3.54,3.53,3.51,3.51,3.50,3.48,3.47,3.46,3.45,3.44,3.42,3.41,3.40,3.39,3.38,3.36,3.35,3.34,3.33,3.31,3.30,3.29,3.28,3.28,3.28,3.30,3.31,3.30,3.32,3.33,3.34,3.36,3.37,3.38,3.40,3.42,3.42,3.42,3.42,3.42,3.42,3.39,3.38,3.39
5.03,5.02,5.00,4.99,5.00,5.04,5.04,4.98,4.91,4.84,4.74,4.66,4.66,4.66,4.64,4.64,4.60,4.60,4.62,4.61,4.57,4.56,4.42,4.11,3.98,3.93,3.96,4.03,4.11,4.03,3.92,3.83,3.82,4.01,4.09,4.11,4.13,4.13,4.13,4.11,4.09,4.08,4.06,4.05,4.01,3.95,3.92,3.93,3.95,3.94,3.89,3.87,3.87,3.86,3.80,3.80,3.73,3.68,3.68,3.66,3.67,3.65,3.59,3.50,3.32,3.02,2.80,2.77,2.77,2.82,2.89,2.93,2.88,2.78,2.76,2.93,3.32,3.71,4.26,4.86,5.44,6.04,6.62,7.09,6.82,4.84,2.66,1.82,1.66,1.59,1.58,1.57,1.58,1.59,1.55,1.57,1.58,1.58,1.62,1.81,2.09,2.49,2.92,2.71,2.79,2.90,2.94,2.90,2.83,2.79,2.83,2.99,3.14,3.17,3.17,3.17,3.17,3.16,3.16,3.16,3.16,3.10,3.07,3.01,2.93,2.89,2.95,3.04,3.09,3.03,3.01,3.01,3.04,3.10,3.05,2.99,2.93,2.88,2.91,2.96,3.01,3.02,2.96,2.94,2.89,2.85,2.83,2.84,2.84,2.84,2.84,2.85,2.86,2.87,2.88,2.88,2.92,3.00,3.05,3.05,3.06,3.05,3.02,2.96,2.85,2.80,2.83,2.91,2.97,2.94,2.87,2.81,2.80,2.88,2.90,2.92,2.94,2.97,3.01,3.06,3.07,3.04,3.01,2.92,2.92,2.96,2.97,2.97,3.06,3.14,3.14,3.10,3.13,3.18,3.23,3.23,3.19,3.19,3.21,3.24,3.27,3.30,3.35,3.41,3.48,3.54,3.55,3.54,3.54,3.54,3.54,3.53,3.53,3.53,3.53,3.53,3.52,3.50,3.49,3.48,3.46,3.46,3.44,3.43,3.41,3.40,3.39,3.38,3.37,3.36,3.35,3.33,3.32,3.31,3.30,3.29,3.28,3.28,3.29,3.29,3.32,3.32,3.31,3.33,3.35,3.36,3.38,3.39,3.41,3.43,3.43,3.43,3.42,3.42,3.42,3.41
5.01,5.00,5.00,4.99,5.00,5.02,5.01,4.94,4.88,4.81,4.74,4.68,4.67,4.68,4.69,4.66,4.63,4.63,4.63,4.59,4.55,4.51,4.35,4.04,3.92,3.93,4.00,4.07,4.08,3.97,3.88,3.84,3.88,4.06,4.09,4.10,4.12,4.12,4.12,4.11,4.08,4.08,4.05,4.01,3.97,3.93,3.91,3.93,3.94,3.93,3.87,3.86,3.86,3.83,3.75,3.81,3.77,3.71,3.67,3.59,3.58,3.57,3.54,3.46,3.25,2.98,2.79,2.76,2.78,2.85,2.92,2.94,2.88,2.73,2.80,3.06,3.45,3.88,4.39,4.95,5.55,6.22,6.81,7.21,7.06,3.65,2.47,1.85,1.60,1.56,1.56,1.56,1.57,1.59,1.57,1.57,1.57,1.58,1.61,1.84,2.14,2.55,2.95,2.73,2.81,2.89,2.93,2.88,2.82,2.79,2.84,3.00,3.20,3.22,3.19,3.17,3.17,3.17,3.17,3.17,3.16,3.12,3.09,3.02,2.93,2.94,3.03,3.09,3.10,3.06,3.05,3.04,3.06,3.12,3.10,3.03,2.96,2.92,2.95,3.04,3.07,3.08,3.06,3.06,3.03,2.99,2.97,2.95,2.90,2.86,2.84,2.79,2.82,2.84,2.85,2.85,2.89,2.91,2.92,2.93,3.00,2.98,2.96,2.94,2.85,2.86,2.89,2.94,2.99,2.96,2.92,2.86,2.83,2.88,2.89,2.89,2.90,2.90,2.92,2.94,2.99,3.02,2.94,2.90,2.93,2.97,2.96,2.97,3.03,3.07,3.08,3.08,3.11,3.16,3.21,3.24,3.17,3.15,3.18,3.21,3.24,3.29,3.35,3.42,3.49,3.53,3.54,3.53,3.53,3.53,3.53,3.52,3.52,3.52,3.52,3.52,3.52,3.51,3.50,3.50,3.49,3.47,3.46,3.44,3.43,3.42,3.41,3.40,3.39,3.37,3.37,3.35,3.34,3.33,3.31,3.31,3.30,3.29,3.29,3.28,3.30,3.30,3.31,3.33,3.33,3.34,3.35,3.37,3.39,3.40,3.42,3.43,3.44,3.43,3.42,3.42
5.01,4.99,5.00,5.00,5.00,5.00,4.98,4.91,4.84,4.78,4.74,4.71,4.69,4.71,4.73,4.69,4.66,4.65,4.63,4.56,4.53,4.44,4.24,3.97,3.87,3.93,4.03,4.11,4.04,3.91,3.85,3.87,3.96,4.09,4.09,4.09,4.11,4.11,4.11,4.10,4.08,4.06,4.02,3.98,3.94,3.92,3.92,3.94,3.94,3.91,3.87,3.86,3.85,3.81,3.72,3.80,3.80,3.74,3.66,3.54,3.51,3.49,3.45,3.39,3.14,2.92,2.78,2.75,2.80,2.89,2.94,2.93,2.87,2.69,2.85,3.21,3.58,4.04,4.52,5.07,5.70,6.43,7.01,7.33,7.44,2.73,2.28,1.84,1.56,1.54,1.54,1.55,1.57,1.59,1.59,1.56,1.57,1.58,1.60,1.88,2.19,2.58,2.93,2.77,2.83,2.89,2.90,2.86,2.80,2.80,2.88,3.05,3.25,3.26,3.22,3.19,3.18,3.17,3.17,3.17,3.17,3.14,3.10,3.03,2.94,3.01,3.11,3.13,3.11,3.10,3.09,3.08,3.09,3.12,3.13,3.05,2.98,2.94,3.00,3.09,3.12,3.12,3.15,3.16,3.15,3.13,3.11,3.06,2.98,2.93,2.89,2.81,2.85,2.87,2.86,2.85,2.84,2.84,2.82,2.81,2.93,2.90,2.91,2.91,2.85,2.91,2.95,2.97,2.98,2.97,2.95,2.91,2.87,2.89,2.89,2.89,2.87,2.85,2.84,2.85,2.91,2.98,2.89,2.91,2.95,2.98,2.96,2.97,2.99,3.00,3.03,3.07,3.10,3.14,3.20,3.24,3.15,3.12,3.15,3.18,3.22,3.28,3.36,3.43,3.50,3.53,3.53,3.52,3.52,3.52,3.52,3.52,3.52,3.52,3.51,3.51,3.51,3.51,3.51,3.51,3.50,3.49,3.48,3.46,3.45,3.44,3.43,3.42,3.41,3.39,3.38,3.37,3.36,3.35,3.33,3.33,3.31,3.30,3.29,3.28,3.28,3.28,3.30,3.33,3.31,3.32,3.34,3.35,3.36,3.37,3.39,3.42,3.44,3.43,3.43,3.42
5.02,5.00,4.99,4.99,5.00,5.00,4.94,4.88,4.82,4.78,4.73,4.70,4.70,4.71,4.71,4.68,4.66,4.64,4.61,4.53,4.47,4.28,4.04,3.84,3.88,3.97,4.06,4.10,3.98,3.86,3.85,3.93,4.07,4.11,4.11,4.10,4.09,4.09,4.08,4.08,4.07,3.99,3.98,3.95,3.93,3.94,3.94,3.94,3.92,3.90,3.88,3.88,3.87,3.83,3.75,3.78,3.75,3.70,3.63,3.56,3.50,3.41,3.29,3.18,2.99,2.86,2.79,2.75,2.84,2.92,2.95,2.92,2.84,2.69,2.99,3.44,3.72,4.18,4.68,5.28,5.96,6.69,7.18,7.48,7.60,2.36,1.97,1.70,1.56,1.56,1.55,1.56,1.58,1.59,1.58,1.58,1.57,1.57,1.59,1.91,2.39,2.57,2.83,2.78,2.87,2.91,2.89,2.85,2.78,2.85,3.00,3.19,3.22,3.24,3.25,3.26,3.22,3.19,3.18,3.18,3.18,3.16,3.10,3.02,2.97,3.10,3.15,3.16,3.14,3.14,3.13,3.12,3.12,3.13,3.13,3.03,2.96,2.96,3.00,3.09,3.13,3.14,3.16,3.16,3.16,3.16,3.14,3.11,3.09,3.10,3.10,3.04,3.04,3.01,2.96,2.91,2.85,2.86,2.86,2.84,2.86,2.87,2.87,2.86,2.84,2.93,2.97,2.97,2.92,2.94,2.92,2.93,2.96,2.97,2.94,2.94,2.94,2.92,2.91,2.92,2.93,2.93,2.94,2.97,3.00,3.02,2.95,2.93,2.95,2.99,3.03,3.08,3.11,3.14,3.19,3.22,3.11,3.09,3.11,3.15,3.22,3.29,3.36,3.44,3.52,3.53,3.52,3.50,3.50,3.50,3.50,3.50,3.50,3.50,3.50,3.50,3.50,3.49,3.49,3.49,3.49,3.49,3.49,3.48,3.47,3.47,3.45,3.44,3.42,3.41,3.40,3.39,3.38,3.37,3.35,3.34,3.33,3.32,3.30,3.30,3.29,3.29,3.29,3.29,3.30,3.33,3.34,3.31,3.34,3.35,3.37,3.39,3.40,3.42,3.43,3.44
4.99,4.98,4.96,4.97,4.98,4.97,4.90,4.83,4.79,4.77,4.73,4.69,4.69,4.69,4.67,4.65,4.60,4.56,4.54,4.49,4.35,4.15,3.95,3.83,3.91,4.00,4.06,4.05,3.93,3.85,3.90,4.01,4.12,4.13,4.11,4.10,4.09,4.08,4.07,4.07,4.05,3.99,3.95,3.93,3.92,3.93,3.93,3.93,3.92,3.90,3.89,3.88,3.84,3.80,3.75,3.75,3.72,3.67,3.61,3.54,3.46,3.34,3.19,3.06,2.91,2.83,2.79,2.78,2.88,2.96,2.97,2.91,2.81,2.75,3.09,3.57,3.88,4.33,4.86,5.49,6.22,6.99,7.28,7.17,6.92,2.31,1.85,1.63,1.56,1.57,1.56,1.57,1.58,1.58,1.57,1.57,1.57,1.56,1.60,1.99,2.60,2.65,2.74,2.78,2.89,2.92,2.89,2.83,2.75,2.86,3.05,3.22,3.24,3.25,3.25,3.25,3.22,3.21,3.20,3.20,3.19,3.18,3.10,3.02,3.01,3.15,3.18,3.18,3.17,3.16,3.16,3.16,3.15,3.15,3.12,3.00,2.94,2.97,3.02,3.11,3.15,3.15,3.16,3.15,3.15,3.16,3.16,3.17,3.18,3.20,3.21,3.15,3.13,3.12,3.09,3.03,2.98,2.98,2.96,2.92,2.91,2.87,2.84,2.82,2.86,2.94,2.96,2.92,2.84,2.85,2.83,2.85,2.90,2.94,2.93,2.95,2.98,2.98,2.98,2.98,2.96,2.94,2.98,3.01,3.04,3.04,2.99,2.95,2.95,2.98,3.01,3.07,3.11,3.14,3.17,3.18,3.08,3.06,3.10,3.15,3.22,3.30,3.37,3.45,3.53,3.53,3.51,3.49,3.49,3.49,3.49,3.49,3.49,3.49,3.49,3.49,3.49,3.49,3.49,3.49,3.48,3.48,3.48,3.48,3.48,3.47,3.46,3.45,3.44,3.43,3.42,3.41,3.39,3.38,3.37,3.36,3.35,3.33,3.32,3.31,3.30,3.29,3.29,3.28,3.29,3.31,3.32,3.31,3.34,3.34,3.34,3.36,3.37,3.39,3.41,3.43
4.93,4.93,4.93,4.94,4.94,4.91,4.87,4.78,4.75,4.75,4.73,4.68,4.67,4.65,4.62,4.61,4.51,4.46,4.45,4.45,4.21,4.04,3.93,3.88,3.96,4.03,4.04,3.98,3.88,3.87,3.97,4.09,4.14,4.14,4.11,4.09,4.09,4.07,4.06,4.05,4.03,4.01,3.94,3.91,3.91,3.92,3.90,3.91,3.92,3.92,3.90,3.86,3.79,3.73,3.73,3.72,3.68,3.65,3.60,3.51,3.42,3.28,3.12,3.00,2.88,2.82,2.80,2.82,2.92,2.98,2.98,2.90,2.78,2.83,3.19,3.66,4.04,4.49,5.04,5.70,6.47,7.30,7.27,6.61,5.84,2.39,1.82,1.60,1.57,1.58,1.56,1.57,1.58,1.57,1.55,1.56,1.56,1.55,1.61,2.08,2.91,2.82,2.66,2.78,2.89,2.93,2.89,2.82,2.73,2.87,3.07,3.19,3.27,3.26,3.23,3.20,3.21,3.23,3.23,3.22,3.21,3.19,3.10,3.03,3.04,3.19,3.21,3.20,3.19,3.18,3.19,3.19,3.19,3.18,3.10,2.97,2.92,2.97,3.06,3.14,3.15,3.14,3.15,3.14,3.14,3.15,3.18,3.22,3.26,3.27,3.26,3.20,3.16,3.20,3.24,3.18,3.17,3.15,3.09,3.03,3.02,2.89,2.80,2.80,2.90,2.95,2.93,2.85,2.74,2.74,2.73,2.74,2.79,2.84,2.89,2.94,2.99,3.03,3.04,3.03,3.00,2.99,3.02,3.03,3.05,3.06,3.04,3.00,2.97,2.96,2.97,3.06,3.11,3.13,3.13,3.12,3.04,3.03,3.08,3.15,3.23,3.31,3.39,3.46,3.53,3.52,3.50,3.48,3.48,3.48,3.48,3.48,3.48,3.48,3.48,3.48,3.48,3.48,3.48,3.48,3.48,3.47,3.47,3.47,3.47,3.47,3.47,3.46,3.46,3.46,3.44,3.43,3.41,3.40,3.39,3.38,3.37,3.35,3.34,3.33,3.32,3.31,3.30,3.28,3.28,3.28,3.29,3.31,3.36,3.32,3.31,3.34,3.35,3.36,3.38,3.40
4.89,4.88,4.87,4.89,4.89,4.85,4.78,4.75,4.75,4.74,4.72,4.78,4.72,4.66,4.64,4.59,4.53,4.47,4.44,4.42,4.14,3.95,3.87,3.91,3.98,4.02,4.00,3.93,3.85,3.89,4.02,4.14,4.17,4.14,4.10,4.08,4.07,4.06,4.05,4.04,4.02,3.99,3.92,3.90,3.90,3.91,3.92,3.88,3.88,3.90,3.88,3.84,3.78,3.74,3.76,3.76,3.71,3.64,3.58,3.51,3.47,3.37,3.24,3.08,2.90,2.81,2.81,2.87,2.97,3.00,2.98,2.90,2.74,2.91,3.32,3.80,4.20,4.74,5.26,5.92,6.71,7.45,5.89,5.23,2.85,2.02,1.69,1.58,1.56,1.57,1.56,1.58,1.58,1.57,1.56,1.57,1.56,1.56,1.59,1.94,2.95,2.86,2.70,2.83,2.88,2.89,2.87,2.81,2.83,2.98,3.14,3.23,3.23,3.23,3.23,3.22,3.24,3.23,3.22,3.22,3.21,3.19,3.09,3.03,3.06,3.20,3.22,3.21,3.20,3.19,3.19,3.20,3.20,3.20,3.08,2.98,2.93,2.97,3.11,3.14,3.14,3.13,3.12,3.13,3.15,3.18,3.21,3.23,3.25,3.26,3.27,3.23,3.18,3.18,3.21,3.23,3.17,3.14,3.11,3.07,3.09,3.01,2.91,2.85,2.87,2.94,2.90,2.85,2.82,2.81,2.81,2.82,2.81,2.77,2.78,2.81,2.86,2.90,2.92,2.96,2.98,2.98,3.00,3.03,3.07,3.09,3.09,3.03,3.01,3.00,2.99,3.00,3.06,3.10,3.11,3.08,3.02,3.01,3.05,3.13,3.24,3.32,3.40,3.47,3.54,3.52,3.49,3.47,3.47,3.47,3.47,3.47,3.47,3.47,3.47,3.47,3.47,3.47,3.47,3.47,3.47,3.46,3.46,3.46,3.46,3.46,3.46,3.45,3.45,3.45,3.45,3.44,3.43,3.42,3.41,3.40,3.38,3.37,3.36,3.35,3.34,3.32,3.31,3.30,3.29,3.29,3.28,3.29,3.31,3.30,3.33,3.35,3.32,3.33,3.35,3.37
4.85,4.84,4.84,4.85,4.85,4.82,4.73,4.73,4.73,4.73,4.71,4.79,4.71,4.62,4.58,4.57,4.53,4.48,4.40,4.30,4.03,3.88,3.86,3.95,4.02,4.01,3.95,3.86,3.83,3.95,4.08,4.17,4.18,4.14,4.10,4.08,4.08,4.06,4.04,4.03,4.02,3.99,3.92,3.90,3.90,3.90,3.92,3.87,3.86,3.88,3.85,3.81,3.76,3.74,3.77,3.78,3.70,3.62,3.57,3.51,3.49,3.43,3.29,3.05,2.89,2.81,2.82,2.90,2.99,3.00,2.97,2.89,2.72,3.03,3.44,3.90,4.37,4.93,5.45,6.12,6.93,7.55,5.44,3.93,1.76,1.77,1.61,1.56,1.56,1.57,1.56,1.58,1.58,1.58,1.57,1.57,1.57,1.57,1.58,2.00,2.85,2.84,2.73,2.86,2.89,2.88,2.86,2.80,2.91,3.08,3.22,3.26,3.22,3.23,3.23,3.23,3.25,3.24,3.23,3.22,3.21,3.17,3.08,3.04,3.10,3.22,3.24,3.23,3.22,3.20,3.20,3.20,3.20,3.19,3.05,2.97,2.95,3.00,3.14,3.13,3.12,3.12,3.12,3.13,3.17,3.20,3.23,3.23,3.24,3.25,3.26,3.25,3.20,3.18,3.20,3.25,3.18,3.15,3.12,3.10,3.12,3.07,2.96,2.86,2.86,2.92,2.87,2.84,2.90,2.98,2.98,2.97,2.93,2.85,2.82,2.83,2.86,2.87,2.88,2.90,2.92,2.95,2.97,3.00,3.04,3.07,3.08,3.06,3.05,3.05,3.03,3.00,3.02,3.06,3.09,3.07,3.02,3.01,3.03,3.09,3.18,3.25,3.31,3.37,3.50,3.50,3.48,3.46,3.46,3.46,3.46,3.46,3.45,3.45,3.45,3.45,3.45,3.45,3.45,3.45,3.45,3.45,3.45,3.45,3.45,3.45,3.45,3.45,3.45,3.44,3.44,3.44,3.44,3.43,3.42,3.41,3.40,3.39,3.38,3.37,3.35,3.34,3.33,3.32,3.31,3.30,3.29,3.28,3.28,3.29,3.32,3.34,3.31,3.33,3.34,3.35
4.82,4.81,4.84,4.83,4.83,4.81,4.73,4.72,4.72,4.73,4.72,4.68,4.62,4.53,4.45,4.53,4.51,4.46,4.35,4.10,3.84,3.81,3.90,3.99,4.06,3.98,3.87,3.80,3.84,4.07,4.16,4.17,4.18,4.15,4.12,4.10,4.09,4.07,4.02,4.01,4.02,4.01,3.95,3.92,3.90,3.89,3.89,3.88,3.87,3.86,3.81,3.76,3.74,3.75,3.78,3.76,3.66,3.59,3.58,3.50,3.49,3.45,3.28,2.89,2.87,2.83,2.83,2.91,2.98,2.99,2.95,2.86,2.74,3.19,3.56,3.96,4.54,5.06,5.60,6.30,7.12,7.59,4.14,2.19,1.84,1.63,1.58,1.56,1.56,1.58,1.57,1.58,1.59,1.59,1.56,1.56,1.57,1.57,1.59,2.54,2.70,2.78,2.75,2.87,2.91,2.90,2.87,2.78,2.95,3.16,3.29,3.27,3.25,3.25,3.24,3.23,3.24,3.26,3.26,3.24,3.22,3.14,3.07,3.06,3.16,3.25,3.26,3.25,3.23,3.21,3.21,3.20,3.18,3.14,3.02,2.96,2.98,3.07,3.16,3.12,3.10,3.11,3.15,3.17,3.18,3.20,3.21,3.22,3.23,3.25,3.25,3.26,3.23,3.20,3.20,3.25,3.19,3.16,3.13,3.10,3.13,3.06,2.93,2.82,2.87,2.88,2.82,2.84,2.99,3.24,3.26,3.21,3.14,3.09,3.04,3.03,3.01,2.97,2.95,2.86,2.83,2.87,2.90,2.94,2.98,3.00,3.02,3.06,3.10,3.12,3.10,3.06,3.02,3.03,3.08,3.10,3.04,3.02,3.02,3.04,3.05,3.07,3.10,3.16,3.39,3.47,3.47,3.45,3.45,3.45,3.45,3.45,3.44,3.44,3.44,3.44,3.44,3.44,3.44,3.44,3.44,3.44,3.44,3.44,3.44,3.44,3.44,3.44,3.44,3.43,3.43,3.43,3.43,3.43,3.43,3.42,3.42,3.41,3.40,3.39,3.37,3.36,3.35,3.34,3.33,3.32,3.30,3.29,3.28,3.28,3.29,3.30,3.30,3.36,3.35,3.33
4.78,4.78,4.80,4.81,4.79,4.75,4.72,4.70,4.70,4.71,4.67,4.64,4.60,4.54,4.48,4.51,4.48,4.37,4.20,4.04,3.82,3.84,3.94,4.02,4.03,3.92,3.84,3.84,3.98,4.12,4.16,4.16,4.18,4.16,4.11,4.08,4.08,4.07,4.03,4.00,3.99,3.99,3.95,3.92,3.91,3.91,3.89,3.88,3.86,3.82,3.77,3.75,3.75,3.77,3.80,3.78,3.70,3.63,3.57,3.50,3.49,3.44,3.26,2.88,2.86,2.85,2.87,2.93,3.00,3.00,2.93,2.85,2.87,3.35,3.69,4.04,4.63,5.16,5.75,6.52,7.29,7.00,3.76,2.04,1.80,1.61,1.56,1.56,1.57,1.57,1.56,1.57,1.58,1.58,1.56,1.56,1.57,1.63,1.79,2.75,2.72,2.72,2.76,2.86,2.90,2.89,2.84,2.77,2.99,3.17,3.26,3.25,3.26,3.27,3.26,3.24,3.24,3.25,3.24,3.23,3.23,3.14,3.07,3.09,3.20,3.22,3.22,3.23,3.22,3.22,3.21,3.20,3.17,3.13,3.04,2.98,3.01,3.09,3.16,3.12,3.11,3.13,3.15,3.17,3.18,3.19,3.20,3.21,3.22,3.23,3.24,3.25,3.25,3.22,3.19,3.21,3.19,3.16,3.14,3.13,3.12,3.02,2.90,2.84,2.91,2.88,2.85,2.88,3.02,3.24,3.26,3.25,3.24,3.22,3.15,3.03,2.97,3.04,3.04,3.00,2.98,2.98,2.98,2.98,2.96,2.94,2.96,3.00,3.05,3.09,3.11,3.11,3.08,3.07,3.09,3.11,3.05,3.03,3.03,3.04,3.05,3.06,3.09,3.15,3.31,3.43,3.46,3.44,3.44,3.44,3.44,3.44,3.43,3.43,3.43,3.43,3.43,3.43,3.43,3.43,3.43,3.43,3.43,3.43,3.43,3.43,3.43,3.43,3.43,3.42,3.42,3.42,3.42,3.42,3.42,3.42,3.41,3.41,3.41,3.40,3.39,3.38,3.37,3.36,3.35,3.33,3.32,3.31,3.30,3.29,3.29,3.29,3.29,3.32,3.32,3.33
4.75,4.75,4.76,4.78,4.74,4.69,4.69,4.68,4.69,4.69,4.64,4.63,4.59,4.57,4.54,4.50,4.45,4.28,4.07,3.97,3.84,3.88,3.98,4.04,3.99,3.86,3.81,3.88,4.11,4.14,4.14,4.15,4.17,4.16,4.10,4.05,4.05,4.05,4.03,3.99,3.96,3.97,3.95,3.92,3.91,3.92,3.88,3.87,3.84,3.79,3.74,3.75,3.77,3.79,3.81,3.79,3.73,3.65,3.57,3.50,3.49,3.42,3.22,2.88,2.86,2.87,2.90,2.96,3.03,3.00,2.91,2.84,3.00,3.46,3.77,4.11,4.70,5.29,5.92,6.73,7.36,5.92,3.31,1.98,1.76,1.59,1.56,1.56,1.57,1.56,1.56,1.56,1.57,1.58,1.56,1.56,1.57,1.68,2.00,2.94,2.77,2.69,2.79,2.86,2.89,2.87,2.83,2.78,3.02,3.16,3.22,3.23,3.25,3.27,3.26,3.24,3.24,3.24,3.23,3.22,3.23,3.12,3.07,3.11,3.22,3.20,3.19,3.20,3.20,3.21,3.20,3.18,3.16,3.11,3.05,3.01,3.03,3.11,3.15,3.12,3.12,3.14,3.15,3.16,3.17,3.18,3.19,3.20,3.21,3.22,3.23,3.25,3.26,3.23,3.19,3.18,3.20,3.17,3.14,3.14,3.11,2.99,2.89,2.86,2.94,2.88,2.88,2.93,3.03,3.19,3.22,3.25,3.27,3.28,3.19,3.01,2.92,3.08,3.11,3.14,3.14,3.12,3.11,3.07,3.00,2.93,2.93,2.95,2.99,3.05,3.10,3.15,3.14,3.11,3.09,3.09,3.06,3.04,3.05,3.06,3.07,3.10,3.14,3.20,3.27,3.41,3.45,3.43,3.43,3.43,3.43,3.43,3.43,3.43,3.43,3.42,3.42,3.42,3.42,3.42,3.42,3.42,3.42,3.42,3.42,3.42,3.42,3.42,3.42,3.42,3.42,3.42,3.41,3.41,3.41,3.41,3.41,3.41,3.41,3.40,3.40,3.39,3.38,3.37,3.37,3.35,3.34,3.33,3.32,3.30,3.29,3.29,3.29,3.29,3.30,3.32
4.74,4.73,4.72,4.73,4.69,4.64,4.64,4.66,4.67,4.67,4.65,4.63,4.59,4.58,4.60,4.49,4.41,4.23,4.01,3.82,3.86,3.95,4.01,4.03,3.91,3.79,3.78,3.90,4.14,4.13,4.13,4.12,4.12,4.13,4.10,4.04,3.98,3.99,3.99,3.96,3.93,3.93,3.93,3.91,3.89,3.90,3.88,3.85,3.81,3.77,3.75,3.76,3.79,3.80,3.76,3.75,3.69,3.62,3.58,3.50,3.48,3.35,3.13,2.87,2.86,2.88,2.93,3.00,3.04,3.00,2.88,2.82,3.07,3.42,3.75,4.16,4.77,5.48,6.09,6.88,7.18,3.81,2.58,2.04,1.78,1.56,1.56,1.56,1.57,1.58,1.57,1.57,1.58,1.58,1.57,1.57,1.57,1.71,2.15,2.95,2.81,2.75,2.85,2.88,2.87,2.85,2.84,2.90,3.07,3.15,3.18,3.19,3.20,3.21,3.22,3.23,3.25,3.25,3.25,3.23,3.17,3.07,3.06,3.12,3.20,3.21,3.20,3.19,3.17,3.16,3.16,3.16,3.14,3.07,3.02,3.00,3.05,3.15,3.12,3.11,3.12,3.13,3.13,3.15,3.16,3.17,3.18,3.19,3.20,3.21,3.22,3.23,3.24,3.24,3.22,3.20,3.23,3.19,3.14,3.11,3.11,2.97,2.89,2.89,2.93,2.88,2.93,2.98,3.01,3.14,3.17,3.19,3.20,3.21,3.10,2.96,2.91,3.03,3.12,3.21,3.26,3.27,3.28,3.23,3.16,3.10,3.01,2.96,2.95,2.99,3.07,3.17,3.16,3.11,3.05,3.00,3.04,3.06,3.07,3.08,3.14,3.20,3.26,3.31,3.34,3.41,3.43,3.41,3.41,3.41,3.41,3.41,3.41,3.41,3.41,3.41,3.41,3.41,3.41,3.41,3.40,3.40,3.40,3.40,3.40,3.40,3.40,3.40,3.40,3.40,3.40,3.40,3.40,3.40,3.40,3.40,3.40,3.39,3.39,3.39,3.39,3.39,3.38,3.38,3.38,3.37,3.36,3.35,3.34,3.32,3.31,3.30,3.29,3.29,3.29,3.30
4.69,4.67,4.67,4.66,4.64,4.62,4.62,4.64,4.65,4.65,4.63,4.61,4.57,4.56,4.56,4.44,4.30,4.10,3.91,3.81,3.91,4.00,4.04,3.98,3.85,3.78,3.84,4.00,4.14,4.12,4.12,4.11,4.10,4.09,4.09,4.04,3.96,3.95,3.97,3.95,3.91,3.90,3.89,3.86,3.86,3.87,3.86,3.83,3.79,3.76,3.76,3.75,3.76,3.76,3.74,3.72,3.66,3.61,3.57,3.50,3.47,3.27,3.01,2.87,2.83,2.87,2.95,3.03,3.05,2.98,2.87,2.85,3.23,3.48,3.83,4.30,4.93,5.68,6.33,7.08,7.42,3.47,2.06,1.88,1.70,1.55,1.57,1.57,1.57,1.58,1.57,1.56,1.57,1.58,1.57,1.57,1.58,1.72,2.17,2.81,2.81,2.79,2.86,2.89,2.86,2.82,2.84,3.02,3.12,3.16,3.16,3.17,3.18,3.19,3.20,3.21,3.23,3.23,3.23,3.21,3.13,3.03,3.05,3.12,3.17,3.19,3.19,3.18,3.17,3.17,3.15,3.16,3.13,3.05,3.02,3.03,3.09,3.17,3.13,3.12,3.12,3.12,3.13,3.14,3.15,3.15,3.16,3.18,3.19,3.20,3.21,3.22,3.23,3.24,3.23,3.21,3.23,3.20,3.15,3.10,3.07,2.95,2.90,2.92,2.94,2.87,2.94,3.01,3.02,3.12,3.14,3.14,3.13,3.14,3.04,2.95,2.94,3.05,3.13,3.20,3.25,3.29,3.32,3.30,3.26,3.20,3.12,3.05,3.00,2.99,3.03,3.13,3.17,3.14,3.08,3.02,3.04,3.06,3.07,3.10,3.15,3.20,3.24,3.27,3.27,3.37,3.41,3.40,3.40,3.40,3.40,3.40,3.40,3.40,3.40,3.40,3.40,3.40,3.40,3.40,3.40,3.40,3.39,3.39,3.39,3.39,3.39,3.39,3.39,3.39,3.39,3.39,3.39,3.39,3.39,3.39,3.39,3.39,3.39,3.39,3.38,3.38,3.38,3.38,3.38,3.37,3.36,3.36,3.35,3.34,3.33,3.32,3.30,3.30,3.29,3.29
4.61,4.57,4.60,4.58,4.59,4.62,4.61,4.63,4.63,4.62,4.59,4.57,4.54,4.51,4.46,4.37,4.17,3.95,3.81,3.88,3.96,4.05,4.05,3.93,3.80,3.81,3.94,4.11,4.12,4.10,4.11,4.11,4.08,4.06,4.07,4.04,3.98,3.91,3.95,3.94,3.90,3.88,3.83,3.81,3.82,3.85,3.83,3.80,3.78,3.76,3.77,3.73,3.71,3.71,3.73,3.69,3.65,3.61,3.56,3.50,3.45,3.20,2.89,2.86,2.80,2.87,2.98,3.06,3.05,2.97,2.87,2.91,3.43,3.59,3.95,4.48,5.13,5.88,6.59,7.27,7.79,2.34,1.69,1.64,1.59,1.55,1.57,1.57,1.56,1.56,1.56,1.55,1.55,1.57,1.58,1.58,1.59,1.74,2.18,2.66,2.78,2.81,2.87,2.90,2.84,2.78,2.83,3.12,3.17,3.16,3.15,3.16,3.18,3.19,3.19,3.19,3.20,3.20,3.20,3.18,3.09,3.00,3.05,3.12,3.13,3.16,3.16,3.18,3.19,3.20,3.16,3.16,3.13,3.05,3.03,3.07,3.13,3.17,3.14,3.13,3.13,3.13,3.12,3.13,3.14,3.14,3.15,3.17,3.18,3.18,3.19,3.21,3.22,3.23,3.24,3.21,3.22,3.20,3.17,3.11,3.02,2.93,2.91,2.94,2.96,2.85,2.93,3.02,3.04,3.11,3.11,3.08,3.07,3.07,2.99,2.96,2.99,3.09,3.14,3.17,3.20,3.25,3.30,3.32,3.31,3.28,3.22,3.16,3.09,3.02,3.00,3.08,3.16,3.18,3.14,3.08,3.05,3.05,3.07,3.11,3.14,3.15,3.16,3.16,3.15,3.30,3.38,3.40,3.39,3.39,3.39,3.39,3.39,3.39,3.39,3.39,3.39,3.39,3.39,3.39,3.39,3.39,3.38,3.38,3.38,3.38,3.38,3.38,3.38,3.38,3.38,3.38,3.38,3.38,3.38,3.38,3.38,3.38,3.38,3.38,3.37,3.37,3.37,3.37,3.37,3.36,3.36,3.36,3.36,3.35,3.35,3.34,3.32,3.31,3.30,3.29
4.32,4.34,4.48,4.50,4.53,4.59,4.65,4.59,4.59,4.60,4.59,4.55,4.51,4.40,4.24,4.23,4.14,3.98,3.88,3.96,4.03,4.04,3.99,3.91,3.83,3.87,3.96,4.04,4.07,4.08,4.10,4.10,4.10,4.04,4.03,4.01,3.96,3.92,3.94,3.93,3.89,3.85,3.83,3.82,3.82,3.85,3.79,3.76,3.76,3.77,3.74,3.73,3.71,3.69,3.67,3.65,3.62,3.58,3.54,3.48,3.40,3.17,2.90,2.87,2.85,2.92,3.02,3.09,3.04,2.95,2.88,2.97,3.45,3.74,4.13,4.65,5.31,6.00,6.83,7.17,6.92,2.34,1.79,1.70,1.59,1.55,1.58,1.58,1.57,1.56,1.57,1.56,1.56,1.57,1.58,1.58,1.64,1.97,2.70,2.71,2.76,2.82,2.87,2.89,2.84,2.80,2.85,3.12,3.16,3.16,3.16,3.16,3.17,3.18,3.19,3.19,3.19,3.20,3.19,3.15,3.07,3.03,3.09,3.14,3.14,3.15,3.14,3.14,3.15,3.17,3.17,3.16,3.13,3.07,3.06,3.07,3.12,3.19,3.16,3.15,3.15,3.14,3.14,3.14,3.14,3.14,3.14,3.15,3.16,3.17,3.19,3.20,3.20,3.22,3.23,3.24,3.22,3.22,3.20,3.14,3.00,2.93,2.91,2.94,2.95,2.89,2.96,3.04,3.05,3.07,3.05,3.04,3.02,3.01,2.94,2.95,3.01,3.07,3.12,3.16,3.20,3.25,3.30,3.31,3.30,3.28,3.24,3.22,3.16,3.09,3.02,3.06,3.14,3.19,3.18,3.10,3.01,3.00,3.05,3.08,3.11,3.13,3.14,3.13,3.11,3.22,3.33,3.39,3.38,3.38,3.38,3.38,3.38,3.38,3.38,3.38,3.38,3.38,3.38,3.38,3.38,3.38,3.37,3.37,3.37,3.37,3.37,3.37,3.37,3.37,3.37,3.37,3.37,3.37,3.37,3.37,3.37,3.37,3.37,3.37,3.36,3.36,3.36,3.36,3.36,3.35,3.35,3.35,3.35,3.35,3.34,3.34,3.33,3.32,3.32,3.31
4.21,4.21,4.31,4.31,4.32,4.35,4.39,4.31,4.31,4.33,4.31,4.28,4.26,4.20,4.12,4.16,4.08,3.99,3.95,4.03,4.09,4.04,3.95,3.87,3.85,3.94,4.01,4.04,4.07,4.07,4.09,4.10,4.09,4.02,3.99,3.97,3.95,3.92,3.92,3.90,3.86,3.84,3.83,3.82,3.82,3.83,3.76,3.75,3.77,3.78,3.74,3.72,3.70,3.67,3.64,3.62,3.58,3.54,3.51,3.46,3.37,3.14,2.91,2.87,2.89,2.96,3.04,3.10,3.04,2.92,2.90,3.07,3.50,3.86,4.28,4.81,5.47,6.11,7.01,6.70,5.16,2.16,1.79,1.70,1.59,1.55,1.57,1.58,1.57,1.56,1.57,1.57,1.57,1.57,1.57,1.58,1.72,2.15,2.95,2.74,2.76,2.84,2.87,2.88,2.83,2.83,2.91,3.12,3.15,3.16,3.16,3.16,3.17,3.17,3.18,3.19,3.19,3.20,3.18,3.12,3.04,3.05,3.12,3.16,3.16,3.15,3.15,3.14,3.14,3.16,3.17,3.16,3.13,3.08,3.08,3.09,3.13,3.18,3.16,3.16,3.16,3.16,3.16,3.16,3.15,3.15,3.15,3.15,3.16,3.17,3.18,3.18,3.19,3.21,3.22,3.24,3.22,3.23,3.22,3.13,2.97,2.92,2.92,2.94,2.94,2.91,2.98,3.04,3.05,3.03,3.02,3.00,2.98,2.96,2.92,2.95,3.01,3.06,3.11,3.16,3.20,3.25,3.30,3.30,3.29,3.27,3.24,3.23,3.20,3.14,3.07,3.03,3.10,3.17,3.19,3.12,3.00,2.97,3.01,3.06,3.09,3.11,3.11,3.10,3.08,3.16,3.26,3.34,3.38,3.39,3.39,3.39,3.37,3.37,3.37,3.37,3.37,3.37,3.37,3.37,3.37,3.37,3.37,3.37,3.36,3.36,3.36,3.36,3.36,3.36,3.36,3.35,3.35,3.35,3.35,3.35,3.35,3.35,3.35,3.35,3.35,3.35,3.35,3.35,3.35,3.35,3.35,3.35,3.34,3.34,3.34,3.34,3.33,3.33,3.32,3.32
4.26,4.20,4.11,4.02,3.95,3.90,3.83,3.77,3.79,3.81,3.75,3.76,3.78,3.90,4.10,4.17,4.01,3.97,4.04,4.09,4.12,4.04,3.91,3.82,3.89,4.02,4.09,4.09,4.11,4.08,4.09,4.11,4.07,4.01,3.95,3.93,3.94,3.90,3.88,3.85,3.82,3.83,3.82,3.82,3.81,3.78,3.73,3.79,3.80,3.77,3.76,3.72,3.68,3.65,3.63,3.58,3.54,3.50,3.46,3.45,3.34,3.13,2.93,2.88,2.92,2.99,3.07,3.10,3.04,2.89,2.94,3.20,3.58,3.96,4.41,4.95,5.59,6.19,7.12,5.85,2.50,1.78,1.67,1.64,1.60,1.56,1.56,1.56,1.56,1.56,1.58,1.57,1.57,1.58,1.56,1.58,1.82,2.29,2.94,2.76,2.80,2.86,2.88,2.87,2.83,2.89,3.02,3.15,3.15,3.16,3.17,3.16,3.17,3.17,3.17,3.18,3.19,3.20,3.16,3.08,2.99,3.06,3.14,3.19,3.19,3.18,3.17,3.17,3.17,3.16,3.15,3.14,3.12,3.09,3.10,3.14,3.15,3.14,3.15,3.16,3.17,3.18,3.18,3.17,3.17,3.16,3.16,3.16,3.16,3.16,3.16,3.17,3.19,3.20,3.20,3.21,3.22,3.26,3.22,3.08,2.92,2.91,2.93,2.94,2.92,2.90,2.97,3.03,3.02,3.01,2.99,2.97,2.96,2.93,2.93,2.96,3.01,3.05,3.11,3.16,3.20,3.25,3.30,3.29,3.28,3.25,3.23,3.21,3.18,3.16,3.14,3.01,3.04,3.12,3.18,3.15,3.04,2.96,2.95,3.04,3.09,3.09,3.08,3.07,3.06,3.11,3.17,3.25,3.37,3.41,3.42,3.40,3.37,3.37,3.38,3.38,3.38,3.37,3.37,3.37,3.37,3.36,3.36,3.36,3.35,3.35,3.35,3.35,3.35,3.35,3.35,3.34,3.34,3.34,3.34,3.34,3.34,3.34,3.34,3.34,3.34,3.34,3.34,3.34,3.34,3.34,3.34,3.34,3.33,3.33,3.33,3.33,3.33,3.32,3.32,3.32
4.34,4.27,4.17,4.08,4.02,3.96,3.90,3.86,3.85,3.84,3.82,3.82,3.86,4.00,4.17,4.13,4.03,4.04,4.10,4.13,4.10,4.01,3.92,3.90,4.02,4.08,4.10,4.09,4.09,4.07,4.08,4.07,4.02,3.98,3.95,3.93,3.92,3.89,3.87,3.84,3.80,3.80,3.82,3.80,3.79,3.78,3.76,3.79,3.79,3.75,3.73,3.69,3.66,3.63,3.62,3.59,3.54,3.48,3.44,3.46,3.40,3.28,3.10,2.86,2.93,3.02,3.09,3.09,3.01,2.90,3.03,3.39,3.70,4.04,4.51,5.09,5.75,6.47,7.19,6.56,2.01,1.76,1.64,1.59,1.58,1.57,1.57,1.57,1.57,1.57,1.58,1.57,1.56,1.57,1.58,1.59,1.97,2.68,2.85,2.76,2.81,2.87,2.89,2.85,2.83,2.92,3.06,3.18,3.16,3.16,3.16,3.16,3.16,3.17,3.17,3.18,3.19,3.19,3.15,3.07,3.01,3.10,3.17,3.20,3.20,3.20,3.19,3.19,3.19,3.18,3.19,3.14,3.08,3.05,3.10,3.14,3.14,3.13,3.14,3.15,3.15,3.16,3.17,3.17,3.18,3.18,3.19,3.19,3.18,3.17,3.17,3.17,3.18,3.18,3.19,3.20,3.24,3.25,3.19,3.04,2.88,2.90,2.93,2.93,2.90,2.98,3.03,3.04,3.03,3.01,2.99,2.97,2.96,2.94,2.94,2.97,3.01,3.05,3.10,3.15,3.20,3.24,3.29,3.28,3.26,3.24,3.22,3.20,3.18,3.17,3.15,3.05,3.02,3.06,3.14,3.18,3.10,3.00,2.96,3.00,3.06,3.07,3.06,3.06,3.09,3.14,3.17,3.21,3.27,3.31,3.38,3.42,3.40,3.40,3.40,3.39,3.38,3.37,3.37,3.37,3.37,3.37,3.37,3.36,3.36,3.36,3.36,3.36,3.36,3.36,3.36,3.35,3.35,3.34,3.34,3.34,3.34,3.34,3.33,3.33,3.33,3.33,3.33,3.33,3.33,3.33,3.33,3.33,3.32,3.32,3.32,3.32,3.32,3.32,3.31,3.31
4.41,4.33,4.25,4.17,4.11,4.07,4.01,3.99,3.96,3.94,3.94,3.94,4.01,4.13,4.23,4.10,4.08,4.11,4.15,4.16,4.08,3.99,3.94,3.98,4.13,4.13,4.11,4.09,4.07,4.07,4.06,4.03,3.98,3.96,3.96,3.93,3.89,3.87,3.87,3.84,3.80,3.79,3.81,3.79,3.77,3.78,3.78,3.79,3.77,3.73,3.70,3.67,3.64,3.63,3.63,3.60,3.54,3.48,3.45,3.47,3.46,3.40,3.24,2.86,2.96,3.05,3.11,3.07,2.97,2.92,3.14,3.55,3.80,4.14,4.65,5.27,5.94,6.78,7.16,7.28,1.90,1.76,1.62,1.56,1.57,1.57,1.57,1.57,1.58,1.57,1.58,1.57,1.56,1.56,1.59,1.61,2.12,2.68,2.77,2.77,2.82,2.87,2.90,2.83,2.83,2.92,3.05,3.18,3.16,3.15,3.16,3.16,3.16,3.17,3.18,3.19,3.19,3.19,3.13,3.06,3.03,3.14,3.19,3.20,3.20,3.21,3.21,3.21,3.21,3.20,3.22,3.14,3.05,3.03,3.10,3.14,3.14,3.12,3.13,3.13,3.13,3.14,3.15,3.16,3.17,3.19,3.20,3.20,3.19,3.18,3.18,3.18,3.18,3.18,3.19,3.19,3.24,3.23,3.15,2.99,2.85,2.90,2.93,2.92,2.90,3.03,3.06,3.05,3.04,3.01,2.99,2.98,2.96,2.96,2.95,2.97,3.01,3.05,3.10,3.15,3.19,3.24,3.28,3.27,3.25,3.23,3.21,3.18,3.17,3.17,3.16,3.09,3.02,3.02,3.09,3.19,3.14,3.05,2.97,2.95,3.05,3.06,3.05,3.06,3.12,3.17,3.17,3.16,3.18,3.21,3.32,3.40,3.40,3.42,3.42,3.41,3.39,3.38,3.38,3.38,3.37,3.37,3.37,3.37,3.37,3.37,3.37,3.36,3.36,3.36,3.36,3.36,3.35,3.35,3.35,3.34,3.34,3.34,3.33,3.33,3.33,3.32,3.32,3.32,3.32,3.32,3.32,3.32,3.32,3.31,3.31,3.31,3.31,3.31,3.31,3.31
4.47,4.36,4.30,4.22,4.17,4.13,4.08,4.07,4.05,4.03,4.02,4.02,4.14,4.23,4.23,4.13,4.13,4.17,4.20,4.18,4.06,3.99,3.98,4.03,4.14,4.14,4.12,4.10,4.08,4.05,4.03,4.01,3.97,3.99,3.96,3.91,3.86,3.86,3.86,3.85,3.83,3.80,3.80,3.78,3.76,3.76,3.76,3.76,3.75,3.72,3.71,3.67,3.65,3.65,3.65,3.62,3.55,3.52,3.52,3.50,3.48,3.42,3.26,2.90,3.00,3.09,3.12,3.06,2.94,2.96,3.23,3.66,3.87,4.31,4.88,5.53,6.18,7.10,6.90,6.60,1.98,1.73,1.63,1.58,1.56,1.56,1.56,1.57,1.57,1.56,1.57,1.56,1.57,1.58,1.58,1.65,2.26,2.82,2.69,2.77,2.84,2.89,2.91,2.84,2.83,2.86,2.95,3.14,3.14,3.15,3.16,3.16,3.16,3.17,3.18,3.20,3.18,3.17,3.11,3.04,3.04,3.13,3.18,3.20,3.20,3.20,3.20,3.19,3.20,3.21,3.20,3.13,3.07,3.06,3.13,3.16,3.15,3.12,3.12,3.11,3.11,3.11,3.13,3.14,3.15,3.16,3.17,3.18,3.19,3.20,3.21,3.22,3.22,3.21,3.20,3.19,3.20,3.19,3.10,2.95,2.84,2.92,2.92,2.90,2.95,3.02,3.04,3.04,3.04,3.01,3.00,2.99,2.98,2.97,2.97,2.98,3.01,3.05,3.10,3.15,3.19,3.24,3.28,3.26,3.24,3.22,3.19,3.18,3.18,3.18,3.17,3.13,3.05,3.01,3.04,3.15,3.15,3.08,2.98,2.90,3.06,3.06,3.05,3.08,3.15,3.20,3.15,3.08,3.15,3.19,3.23,3.27,3.30,3.42,3.43,3.42,3.41,3.41,3.41,3.40,3.39,3.37,3.36,3.36,3.36,3.36,3.36,3.37,3.37,3.37,3.37,3.37,3.37,3.37,3.36,3.36,3.36,3.35,3.35,3.35,3.35,3.34,3.34,3.34,3.34,3.33,3.33,3.33,3.32,3.32,3.32,3.32,3.31,3.31,3.31,3.30
4.50,4.41,4.34,4.28,4.23,4.19,4.16,4.15,4.14,4.12,4.10,4.13,4.23,4.26,4.22,4.18,4.19,4.22,4.23,4.15,4.04,4.01,4.04,4.11,4.15,4.14,4.12,4.11,4.07,4.04,4.01,3.97,3.93,3.95,3.95,3.91,3.86,3.86,3.85,3.84,3.81,3.78,3.77,3.76,3.75,3.73,3.73,3.73,3.72,3.71,3.70,3.66,3.64,3.64,3.64,3.59,3.56,3.54,3.52,3.50,3.48,3.38,3.19,2.94,3.03,3.10,3.12,3.06,2.91,3.01,3.32,3.71,3.96,4.48,5.12,5.80,6.48,7.40,5.99,4.82,2.09,1.83,1.67,1.58,1.56,1.57,1.56,1.56,1.56,1.56,1.57,1.56,1.57,1.59,1.58,1.76,2.36,2.85,2.68,2.77,2.84,2.89,2.90,2.85,2.83,2.84,2.89,2.99,2.98,3.00,3.03,3.04,3.10,3.15,3.18,3.18,3.17,3.14,3.06,3.00,3.07,3.13,3.17,3.19,3.20,3.20,3.19,3.19,3.19,3.20,3.16,3.10,3.06,3.06,3.13,3.16,3.15,3.12,3.10,3.10,3.09,3.09,3.10,3.11,3.13,3.14,3.15,3.16,3.17,3.18,3.20,3.21,3.22,3.22,3.21,3.21,3.22,3.17,3.05,2.89,2.85,2.90,2.90,2.90,2.96,3.02,3.04,3.04,3.04,3.02,3.01,3.00,3.00,2.99,2.98,2.99,3.01,3.05,3.10,3.15,3.19,3.24,3.27,3.25,3.23,3.21,3.18,3.18,3.18,3.18,3.17,3.14,3.08,3.02,3.00,3.10,3.13,3.09,3.01,2.92,3.00,3.05,3.08,3.10,3.12,3.20,3.16,3.07,3.10,3.13,3.17,3.21,3.25,3.34,3.38,3.41,3.43,3.42,3.42,3.41,3.40,3.39,3.38,3.38,3.38,3.37,3.36,3.36,3.36,3.36,3.36,3.36,3.36,3.37,3.37,3.36,3.36,3.36,3.35,3.35,3.36,3.36,3.35,3.35,3.35,3.34,3.34,3.34,3.33,3.33,3.33,3.33,3.32,3.32,3.32,3.31
4.54,4.46,4.38,4.33,4.29,4.25,4.25,4.23,4.22,4.21,4.18,4.24,4.28,4.27,4.22,4.23,4.25,4.26,4.24,4.11,4.02,4.04,4.11,4.19,4.17,4.15,4.13,4.11,4.05,4.04,4.00,3.95,3.88,3.89,3.93,3.93,3.88,3.86,3.85,3.82,3.79,3.75,3.74,3.74,3.73,3.70,3.71,3.70,3.70,3.69,3.68,3.65,3.63,3.61,3.60,3.56,3.56,3.54,3.50,3.49,3.48,3.32,3.09,2.97,3.06,3.12,3.13,3.07,2.89,3.08,3.41,3.76,4.08,4.67,5.35,6.07,6.78,7.66,5.07,2.87,2.22,1.98,1.73,1.59,1.56,1.59,1.57,1.56,1.55,1.56,1.57,1.57,1.57,1.59,1.59,1.90,2.44,2.83,2.69,2.78,2.85,2.88,2.88,2.86,2.84,2.84,2.85,2.83,2.79,2.83,2.87,2.88,3.02,3.11,3.14,3.14,3.15,3.09,3.00,2.96,3.10,3.13,3.16,3.19,3.20,3.19,3.19,3.19,3.19,3.20,3.11,3.06,3.04,3.05,3.12,3.15,3.14,3.12,3.08,3.10,3.09,3.06,3.08,3.09,3.10,3.11,3.13,3.14,3.15,3.16,3.17,3.19,3.19,3.21,3.22,3.24,3.25,3.16,3.00,2.84,2.85,2.88,2.88,2.89,2.96,3.02,3.04,3.04,3.04,3.03,3.03,3.02,3.01,3.00,3.00,3.00,3.02,3.05,3.10,3.15,3.19,3.24,3.27,3.25,3.22,3.20,3.17,3.19,3.19,3.18,3.17,3.14,3.10,3.02,2.96,3.03,3.10,3.09,3.04,2.96,2.92,3.02,3.10,3.11,3.07,3.20,3.19,3.09,3.05,3.07,3.12,3.18,3.21,3.23,3.31,3.38,3.43,3.43,3.42,3.42,3.42,3.41,3.40,3.40,3.40,3.39,3.37,3.36,3.36,3.35,3.35,3.35,3.36,3.36,3.36,3.37,3.37,3.36,3.36,3.36,3.37,3.37,3.37,3.36,3.36,3.35,3.35,3.35,3.35,3.34,3.34,3.34,3.33,3.33,3.33,3.33
4.60,4.51,4.44,4.39,4.35,4.31,4.30,4.29,4.29,4.28,4.25,4.30,4.30,4.29,4.27,4.27,4.30,4.26,4.17,4.07,4.06,4.09,4.15,4.21,4.19,4.18,4.15,4.11,4.06,4.04,4.00,3.96,3.91,3.90,3.91,3.92,3.91,3.86,3.85,3.82,3.79,3.76,3.78,3.76,3.73,3.69,3.68,3.68,3.68,3.68,3.67,3.63,3.60,3.58,3.57,3.56,3.55,3.53,3.50,3.52,3.49,3.24,2.96,2.99,3.10,3.14,3.12,3.04,2.89,3.23,3.61,3.95,4.32,4.95,5.61,6.30,6.99,7.71,4.95,2.67,2.35,2.08,1.81,1.63,1.55,1.57,1.56,1.57,1.57,1.57,1.57,1.58,1.58,1.61,1.72,2.39,2.62,2.78,2.73,2.81,2.87,2.89,2.85,2.83,2.86,2.89,2.89,2.82,2.80,2.84,2.87,2.85,2.90,2.93,2.93,2.94,2.99,2.99,2.94,2.94,3.09,3.12,3.16,3.18,3.19,3.19,3.19,3.18,3.19,3.27,3.12,3.06,3.05,3.06,3.13,3.15,3.15,3.13,3.08,3.09,3.08,3.06,3.05,3.07,3.08,3.09,3.10,3.11,3.12,3.14,3.15,3.16,3.17,3.18,3.20,3.21,3.23,3.13,2.96,2.80,2.82,2.88,2.86,2.85,2.91,2.96,3.04,3.08,3.05,3.05,3.04,3.04,3.03,3.02,3.02,3.02,3.02,3.05,3.10,3.15,3.19,3.23,3.25,3.24,3.21,3.19,3.18,3.20,3.20,3.18,3.16,3.14,3.10,3.05,2.99,2.97,3.04,3.09,3.09,3.01,2.99,2.97,3.04,3.17,3.16,3.22,3.21,3.15,3.13,3.12,3.11,3.12,3.14,3.20,3.26,3.30,3.34,3.44,3.44,3.43,3.43,3.42,3.42,3.41,3.40,3.40,3.39,3.38,3.38,3.37,3.36,3.35,3.35,3.35,3.35,3.35,3.35,3.35,3.35,3.35,3.36,3.37,3.37,3.37,3.36,3.36,3.36,3.36,3.36,3.36,3.35,3.35,3.35,3.35,3.34,3.34
4.64,4.54,4.48,4.43,4.38,4.35,4.33,4.33,4.32,4.31,4.32,4.34,4.32,4.31,4.31,4.30,4.31,4.24,4.14,4.07,4.09,4.11,4.14,4.18,4.19,4.19,4.16,4.11,4.08,4.04,4.01,3.98,3.94,3.91,3.91,3.91,3.91,3.86,3.84,3.81,3.78,3.78,3.78,3.75,3.71,3.68,3.67,3.66,3.66,3.65,3.65,3.62,3.59,3.57,3.56,3.55,3.55,3.53,3.51,3.52,3.46,3.18,2.91,3.02,3.14,3.16,3.11,3.01,2.93,3.37,3.80,4.13,4.53,5.17,5.83,6.51,7.22,7.63,5.14,2.96,2.36,2.08,1.80,1.62,1.55,1.56,1.56,1.56,1.57,1.57,1.57,1.58,1.58,1.64,1.88,2.58,2.65,2.74,2.76,2.83,2.88,2.88,2.83,2.81,2.91,2.98,2.98,2.90,2.90,2.92,2.92,2.88,2.86,2.86,2.86,2.87,2.92,2.94,2.93,2.95,3.06,3.05,3.09,3.14,3.16,3.17,3.16,3.17,3.20,3.26,3.10,3.04,3.04,3.08,3.14,3.16,3.15,3.12,3.09,3.08,3.07,3.06,3.03,3.04,3.05,3.06,3.08,3.09,3.10,3.11,3.12,3.14,3.14,3.15,3.17,3.20,3.20,3.07,2.91,2.77,2.82,2.87,2.86,2.77,2.60,2.71,2.96,3.11,3.07,3.07,3.06,3.05,3.05,3.04,3.04,3.03,3.03,3.05,3.10,3.14,3.19,3.23,3.24,3.22,3.20,3.18,3.19,3.21,3.20,3.18,3.16,3.13,3.10,3.07,3.02,2.93,2.98,3.06,3.10,3.06,3.02,2.94,2.99,3.16,3.18,3.22,3.22,3.19,3.18,3.17,3.14,3.12,3.13,3.17,3.20,3.23,3.28,3.38,3.39,3.42,3.44,3.43,3.43,3.42,3.41,3.41,3.40,3.40,3.39,3.38,3.38,3.36,3.36,3.36,3.36,3.35,3.35,3.35,3.35,3.35,3.35,3.36,3.36,3.36,3.35,3.36,3.36,3.36,3.36,3.36,3.36,3.36,3.36,3.35,3.35,3.35
4.66,4.57,4.51,4.45,4.39,4.36,4.36,4.36,4.32,4.31,4.38,4.35,4.34,4.33,4.33,4.31,4.28,4.21,4.13,4.11,4.12,4.11,4.10,4.09,4.18,4.17,4.14,4.12,4.10,4.06,4.02,4.00,3.97,3.93,3.91,3.89,3.86,3.86,3.83,3.78,3.76,3.81,3.75,3.71,3.69,3.68,3.65,3.65,3.64,3.63,3.60,3.62,3.60,3.56,3.55,3.52,3.54,3.55,3.53,3.50,3.40,3.14,2.92,3.07,3.17,3.17,3.09,2.97,3.01,3.51,3.97,4.32,4.71,5.35,6.01,6.71,7.46,7.44,5.52,3.50,2.27,1.99,1.71,1.57,1.54,1.56,1.56,1.55,1.55,1.56,1.58,1.57,1.58,1.68,2.05,2.93,2.81,2.71,2.77,2.84,2.87,2.86,2.81,2.78,2.98,3.11,3.13,3.08,3.08,3.06,3.02,2.96,2.88,2.88,2.90,2.93,2.93,2.94,2.96,2.99,3.01,2.92,2.98,3.07,3.11,3.13,3.11,3.15,3.21,3.20,3.05,3.00,3.02,3.10,3.17,3.17,3.14,3.10,3.11,3.06,3.06,3.07,3.02,3.02,3.03,3.04,3.05,3.06,3.07,3.09,3.10,3.11,3.12,3.12,3.15,3.22,3.17,3.00,2.85,2.77,2.84,2.88,2.87,2.65,2.05,2.27,2.80,3.14,3.09,3.08,3.07,3.06,3.06,3.06,3.05,3.05,3.05,3.06,3.09,3.14,3.19,3.23,3.23,3.21,3.19,3.18,3.21,3.22,3.20,3.18,3.16,3.13,3.10,3.09,3.05,2.89,2.93,3.00,3.07,3.11,3.01,2.92,2.95,3.10,3.15,3.20,3.21,3.22,3.21,3.21,3.20,3.18,3.17,3.13,3.13,3.17,3.24,3.28,3.30,3.38,3.45,3.44,3.44,3.43,3.43,3.42,3.41,3.41,3.40,3.40,3.39,3.38,3.38,3.38,3.37,3.35,3.35,3.35,3.35,3.34,3.34,3.34,3.34,3.34,3.34,3.35,3.35,3.35,3.36,3.37,3.37,3.37,3.36,3.35,3.35,3.35
4.63,4.56,4.50,4.45,4.40,4.37,4.38,4.37,4.35,4.35,4.39,4.35,4.34,4.34,4.35,4.33,4.27,4.19,4.13,4.12,4.14,4.13,4.11,4.09,4.10,4.07,4.05,4.06,4.07,4.04,4.02,4.00,3.98,3.94,3.91,3.88,3.86,3.84,3.78,3.73,3.73,3.79,3.74,3.70,3.67,3.66,3.66,3.64,3.63,3.63,3.60,3.62,3.60,3.58,3.57,3.54,3.54,3.53,3.51,3.49,3.32,3.10,2.96,3.09,3.18,3.17,3.07,2.94,3.07,3.66,4.13,4.41,4.80,5.46,6.13,6.84,7.59,7.22,5.85,4.10,2.48,1.93,1.67,1.56,1.54,1.55,1.56,1.57,1.57,1.57,1.58,1.57,1.61,1.74,2.04,2.95,2.84,2.74,2.81,2.86,2.87,2.85,2.83,2.90,3.03,3.12,3.16,3.15,3.19,3.18,3.13,3.07,3.03,3.02,3.03,3.04,3.01,2.98,2.97,2.96,2.95,2.94,2.99,3.04,3.04,3.02,3.03,3.04,3.06,3.08,3.05,3.01,3.03,3.13,3.17,3.16,3.13,3.11,3.11,3.06,3.05,3.06,3.03,3.00,3.00,3.01,3.03,3.04,3.05,3.06,3.07,3.09,3.10,3.13,3.17,3.22,3.14,2.96,2.83,2.80,2.88,2.86,2.86,2.35,0.66,0.42,1.93,3.15,3.12,3.10,3.09,3.08,3.08,3.07,3.07,3.06,3.06,3.07,3.10,3.14,3.19,3.22,3.22,3.20,3.19,3.20,3.22,3.22,3.20,3.18,3.16,3.12,3.11,3.11,3.08,3.00,2.92,2.96,3.04,3.12,3.06,2.98,2.94,2.99,3.13,3.19,3.22,3.23,3.23,3.23,3.22,3.22,3.21,3.18,3.18,3.18,3.19,3.20,3.26,3.32,3.36,3.38,3.43,3.44,3.44,3.43,3.42,3.42,3.41,3.41,3.40,3.39,3.39,3.38,3.38,3.37,3.36,3.36,3.36,3.35,3.34,3.34,3.34,3.34,3.34,3.34,3.34,3.34,3.34,3.35,3.35,3.35,3.35,3.35,3.35,3.37
4.59,4.53,4.48,4.43,4.39,4.37,4.39,4.38,4.38,4.39,4.38,4.36,4.35,4.35,4.36,4.34,4.27,4.18,4.11,4.12,4.19,4.21,4.19,4.16,4.06,4.00,3.99,4.01,4.03,4.01,4.00,3.99,3.99,3.95,3.93,3.91,3.90,3.84,3.76,3.72,3.73,3.77,3.73,3.68,3.65,3.66,3.66,3.63,3.62,3.63,3.61,3.62,3.61,3.59,3.58,3.57,3.53,3.51,3.49,3.47,3.23,3.05,3.00,3.13,3.18,3.16,3.06,2.93,3.20,3.82,4.26,4.50,4.93,5.59,6.27,6.99,7.69,7.11,5.87,4.46,2.77,1.89,1.63,1.55,1.54,1.54,1.56,1.58,1.59,1.57,1.58,1.57,1.64,1.83,2.16,2.89,2.82,2.76,2.85,2.88,2.87,2.83,2.82,3.00,3.08,3.13,3.17,3.20,3.25,3.24,3.21,3.18,3.15,3.14,3.14,3.14,3.10,3.04,3.00,2.97,2.95,2.97,2.99,3.00,2.99,2.95,2.97,2.97,2.97,3.00,3.05,3.03,3.03,3.10,3.14,3.12,3.11,3.12,3.10,3.06,3.05,3.04,3.03,2.99,2.98,2.99,3.00,3.01,3.02,3.04,3.05,3.07,3.10,3.14,3.19,3.21,3.10,2.93,2.82,2.82,2.89,2.82,2.85,2.17,-0.20,-0.17,1.70,3.16,3.14,3.12,3.11,3.10,3.09,3.09,3.08,3.08,3.08,3.09,3.10,3.14,3.18,3.22,3.21,3.19,3.19,3.21,3.23,3.21,3.19,3.17,3.15,3.12,3.12,3.13,3.12,3.08,2.94,2.93,3.01,3.10,3.11,3.04,2.96,2.92,3.11,3.19,3.22,3.23,3.24,3.24,3.24,3.24,3.24,3.23,3.22,3.20,3.18,3.18,3.23,3.26,3.29,3.33,3.40,3.44,3.45,3.44,3.44,3.43,3.42,3.42,3.41,3.41,3.40,3.39,3.38,3.38,3.38,3.37,3.36,3.36,3.35,3.35,3.34,3.34,3.34,3.33,3.33,3.33,3.33,3.34,3.34,3.34,3.34,3.34,3.35,3.38
4.53,4.48,4.41,4.37,4.35,4.35,4.37,4.36,4.40,4.42,4.36,4.37,4.37,4.36,4.34,4.33,4.27,4.16,4.07,4.12,4.30,4.39,4.39,4.32,4.07,4.02,4.01,4.01,3.99,3.92,3.93,3.97,3.98,3.93,3.99,4.03,4.00,3.86,3.79,3.78,3.80,3.78,3.71,3.66,3.64,3.66,3.65,3.63,3.63,3.63,3.63,3.62,3.61,3.60,3.59,3.57,3.53,3.49,3.46,3.44,3.10,2.97,3.05,3.18,3.19,3.14,3.03,2.94,3.46,3.97,4.32,4.61,5.13,5.73,6.45,7.18,7.76,6.20,5.29,4.36,3.15,1.85,1.59,1.55,1.56,1.56,1.57,1.57,1.57,1.56,1.58,1.57,1.68,1.98,2.69,2.76,2.76,2.76,2.86,2.89,2.86,2.81,2.80,3.06,3.13,3.16,3.18,3.21,3.22,3.21,3.23,3.29,3.22,3.20,3.22,3.24,3.19,3.12,3.10,3.09,3.06,3.00,2.97,2.96,2.95,2.94,2.97,2.99,3.01,3.04,3.07,3.05,3.02,2.99,3.06,3.05,3.07,3.12,3.07,3.07,3.04,3.02,3.04,3.00,2.97,2.96,2.98,2.99,3.00,3.01,3.03,3.08,3.11,3.15,3.19,3.21,3.05,2.90,2.82,2.80,2.86,2.76,2.82,2.23,0.07,1.85,2.81,3.17,3.16,3.13,3.12,3.12,3.11,3.11,3.10,3.10,3.10,3.10,3.11,3.14,3.18,3.21,3.19,3.19,3.20,3.22,3.24,3.20,3.19,3.18,3.15,3.13,3.14,3.16,3.15,3.12,2.99,2.93,2.95,3.03,3.13,3.10,3.01,2.95,3.07,3.18,3.22,3.23,3.24,3.25,3.25,3.26,3.26,3.26,3.26,3.25,3.23,3.23,3.21,3.21,3.23,3.30,3.33,3.40,3.45,3.46,3.45,3.44,3.43,3.43,3.42,3.42,3.41,3.40,3.40,3.40,3.39,3.38,3.38,3.37,3.37,3.36,3.35,3.35,3.34,3.33,3.33,3.34,3.33,3.33,3.33,3.33,3.32,3.32,3.33,3.37
4.47,4.43,4.36,4.33,4.32,4.31,4.30,4.35,4.39,4.41,4.37,4.37,4.38,4.36,4.33,4.30,4.24,4.14,4.06,4.11,4.36,4.43,4.43,4.39,4.22,4.18,4.15,4.10,3.97,3.92,3.92,3.94,3.93,3.87,3.93,3.99,3.97,3.81,3.76,3.79,3.83,3.79,3.72,3.67,3.66,3.67,3.63,3.61,3.61,3.62,3.63,3.60,3.59,3.58,3.57,3.57,3.55,3.52,3.47,3.38,3.06,2.98,3.10,3.22,3.19,3.12,3.04,3.06,3.70,4.11,4.42,4.75,5.26,5.88,6.64,7.05,6.62,4.56,3.92,3.43,2.58,1.74,1.57,1.54,1.55,1.56,1.56,1.56,1.55,1.55,1.56,1.55,1.66,2.00,2.81,2.73,2.72,2.78,2.87,2.87,2.84,2.80,2.82,3.09,3.16,3.17,3.18,3.20,3.21,3.20,3.22,3.29,3.22,3.20,3.19,3.21,3.24,3.18,3.18,3.20,3.17,3.06,3.05,3.05,3.02,3.02,3.03,3.03,3.02,3.03,3.07,3.04,3.00,2.96,3.00,3.00,3.01,3.02,2.97,2.96,2.95,2.97,3.03,3.00,2.96,2.95,2.95,2.96,2.99,3.01,3.03,3.08,3.17,3.22,3.23,3.18,3.00,2.86,2.81,2.83,2.86,2.81,2.85,2.57,1.50,2.73,3.13,3.17,3.17,3.14,3.14,3.13,3.13,3.12,3.12,3.11,3.11,3.11,3.12,3.14,3.18,3.20,3.19,3.20,3.21,3.23,3.23,3.20,3.19,3.18,3.16,3.17,3.16,3.16,3.16,3.14,3.01,2.93,2.93,3.00,3.12,3.13,3.06,2.99,3.07,3.18,3.22,3.23,3.24,3.25,3.26,3.26,3.27,3.27,3.27,3.27,3.27,3.26,3.24,3.23,3.24,3.27,3.27,3.34,3.39,3.41,3.45,3.45,3.44,3.44,3.43,3.43,3.42,3.42,3.41,3.41,3.40,3.39,3.39,3.38,3.38,3.37,3.36,3.36,3.35,3.34,3.34,3.34,3.34,3.33,3.33,3.33,3.32,3.32,3.36,3.42
4.41,4.37,4.30,4.29,4.28,4.27,4.23,4.34,4.38,4.39,4.39,4.38,4.39,4.37,4.32,4.26,4.20,4.12,4.06,4.08,4.34,4.39,4.38,4.42,4.39,4.35,4.31,4.21,3.99,3.97,3.96,3.93,3.87,3.80,3.85,3.91,3.90,3.75,3.73,3.78,3.84,3.81,3.75,3.71,3.68,3.66,3.62,3.59,3.59,3.60,3.61,3.58,3.57,3.56,3.54,3.57,3.58,3.56,3.49,3.32,3.05,3.01,3.14,3.25,3.19,3.09,3.05,3.21,3.91,4.25,4.54,4.90,5.38,6.03,6.83,6.81,5.12,2.86,2.51,2.37,1.83,1.62,1.56,1.54,1.54,1.55,1.55,1.54,1.54,1.53,1.54,1.56,1.68,2.03,2.94,2.74,2.71,2.79,2.88,2.85,2.82,2.81,2.87,3.10,3.16,3.18,3.18,3.19,3.21,3.20,3.21,3.24,3.20,3.17,3.14,3.15,3.26,3.21,3.23,3.28,3.25,3.13,3.15,3.16,3.12,3.12,3.11,3.07,3.02,2.99,3.05,3.02,2.98,2.96,2.96,2.96,2.94,2.90,2.88,2.84,2.86,2.92,3.00,2.98,2.95,2.93,2.92,2.93,2.98,3.01,3.05,3.11,3.26,3.31,3.27,3.15,2.95,2.82,2.81,2.87,2.86,2.88,2.89,2.95,3.06,3.14,3.13,3.10,3.06,3.02,3.10,3.14,3.14,3.13,3.13,3.13,3.13,3.13,3.13,3.15,3.17,3.20,3.18,3.20,3.23,3.24,3.23,3.21,3.19,3.18,3.17,3.20,3.18,3.16,3.15,3.15,3.02,2.94,2.92,2.99,3.10,3.14,3.11,3.04,3.08,3.17,3.22,3.23,3.23,3.25,3.26,3.26,3.27,3.28,3.29,3.29,3.29,3.29,3.29,3.28,3.27,3.25,3.23,3.28,3.32,3.35,3.44,3.45,3.45,3.45,3.44,3.43,3.43,3.43,3.42,3.41,3.41,3.40,3.40,3.39,3.38,3.38,3.37,3.37,3.36,3.36,3.35,3.34,3.34,3.33,3.33,3.33,3.33,3.33,3.39,3.48
4.32,4.27,4.23,4.22,4.21,4.21,4.26,4.35,4.38,4.37,4.37,4.39,4.38,4.34,4.28,4.22,4.18,4.12,4.06,4.00,4.05,4.09,4.21,4.39,4.38,4.36,4.34,4.30,4.20,4.18,4.14,4.04,3.84,3.83,3.84,3.84,3.82,3.74,3.77,3.81,3.82,3.81,3.79,3.75,3.71,3.67,3.65,3.63,3.62,3.61,3.60,3.57,3.58,3.58,3.54,3.57,3.57,3.55,3.49,3.27,3.06,3.04,3.16,3.25,3.18,3.04,3.03,3.27,3.97,4.36,4.69,5.06,5.52,6.22,7.01,6.60,3.91,2.67,2.33,2.14,1.83,1.62,1.55,1.53,1.53,1.54,1.54,1.53,1.53,1.54,1.55,1.66,1.94,2.36,2.93,2.75,2.74,2.82,2.86,2.85,2.80,2.85,3.01,3.10,3.14,3.17,3.19,3.18,3.21,3.22,3.22,3.23,3.20,3.17,3.15,3.14,3.16,3.15,3.16,3.17,3.15,3.12,3.16,3.21,3.21,3.17,3.14,3.09,3.02,2.95,2.98,3.01,3.03,3.03,2.97,2.93,2.91,2.91,2.89,2.88,2.88,2.89,2.92,2.90,2.89,2.89,2.88,2.90,2.95,3.00,3.11,3.37,3.38,3.34,3.25,3.09,2.87,2.81,2.83,2.87,2.83,2.86,2.89,2.96,3.14,3.09,2.89,2.61,2.33,2.13,2.76,3.14,3.16,3.15,3.15,3.15,3.14,3.14,3.15,3.16,3.17,3.19,3.20,3.22,3.24,3.25,3.23,3.21,3.19,3.20,3.22,3.20,3.18,3.17,3.16,3.16,3.04,2.99,2.99,2.99,3.10,3.15,3.12,3.06,3.10,3.14,3.16,3.18,3.20,3.24,3.26,3.26,3.27,3.28,3.29,3.29,3.29,3.30,3.30,3.30,3.30,3.29,3.28,3.29,3.29,3.29,3.36,3.39,3.43,3.46,3.45,3.45,3.44,3.44,3.43,3.43,3.42,3.41,3.41,3.40,3.40,3.39,3.38,3.38,3.37,3.37,3.36,3.35,3.35,3.35,3.34,3.34,3.33,3.32,3.39,3.49
4.21,4.18,4.16,4.15,4.15,4.18,4.31,4.34,4.36,4.36,4.37,4.39,4.37,4.32,4.24,4.20,4.16,4.12,4.06,4.00,3.95,3.97,4.06,4.19,4.18,4.22,4.29,4.33,4.29,4.28,4.24,4.14,3.97,3.96,3.92,3.86,3.79,3.75,3.78,3.78,3.76,3.74,3.78,3.78,3.74,3.71,3.71,3.69,3.67,3.65,3.61,3.58,3.58,3.59,3.56,3.57,3.57,3.54,3.46,3.13,3.05,3.08,3.18,3.24,3.16,3.03,3.07,3.44,4.11,4.48,4.82,5.20,5.65,6.38,7.15,6.85,3.37,2.57,2.26,2.05,1.84,1.63,1.55,1.52,1.52,1.53,1.52,1.52,1.53,1.57,1.62,1.79,2.12,2.55,2.84,2.74,2.76,2.84,2.86,2.84,2.80,2.88,3.08,3.13,3.17,3.19,3.18,3.15,3.19,3.20,3.20,3.19,3.16,3.12,3.10,3.08,3.07,3.08,3.09,3.10,3.09,3.09,3.15,3.20,3.23,3.18,3.14,3.09,3.01,2.94,2.96,3.01,3.08,3.11,3.01,2.96,2.93,2.92,2.95,2.92,2.90,2.88,2.85,2.86,2.87,2.87,2.87,2.87,2.91,2.94,3.02,3.26,3.21,3.20,3.15,3.01,2.81,2.79,2.83,2.85,2.79,2.84,2.90,3.00,3.18,3.11,2.88,2.49,2.00,1.49,1.81,1.93,1.74,1.52,2.74,3.17,3.17,3.16,3.16,3.17,3.18,3.19,3.21,3.22,3.23,3.24,3.23,3.21,3.21,3.22,3.24,3.20,3.18,3.17,3.17,3.18,3.07,3.03,3.02,3.00,3.11,3.14,3.11,3.05,3.13,3.13,3.14,3.16,3.17,3.21,3.23,3.24,3.24,3.26,3.28,3.29,3.29,3.30,3.31,3.31,3.32,3.32,3.31,3.31,3.29,3.29,3.33,3.34,3.38,3.44,3.45,3.45,3.45,3.45,3.44,3.43,3.43,3.42,3.42,3.41,3.41,3.40,3.39,3.39,3.38,3.38,3.37,3.37,3.36,3.35,3.35,3.34,3.34,3.34,3.41,3.49
4.10,4.09,4.08,4.09,4.11,4.18,4.36,4.32,4.32,4.35,4.38,4.39,4.35,4.29,4.22,4.19,4.14,4.10,4.07,4.06,4.01,3.98,3.93,3.86,3.81,3.96,4.16,4.31,4.29,4.29,4.27,4.24,4.21,4.19,4.09,3.94,3.79,3.76,3.77,3.72,3.65,3.61,3.74,3.78,3.78,3.77,3.77,3.75,3.73,3.71,3.65,3.59,3.58,3.60,3.59,3.57,3.57,3.55,3.41,2.95,3.02,3.13,3.20,3.22,3.14,3.03,3.17,3.67,4.30,4.60,4.93,5.35,5.75,6.49,7.25,7.70,2.93,2.52,2.26,2.05,1.84,1.63,1.55,1.52,1.51,1.52,1.51,1.52,1.54,1.61,1.76,1.93,2.24,2.61,2.72,2.70,2.77,2.86,2.89,2.83,2.80,2.90,3.12,3.18,3.24,3.22,3.14,3.12,3.15,3.16,3.15,3.14,3.09,3.05,3.01,2.98,2.97,2.99,3.03,3.07,3.05,3.06,3.11,3.17,3.18,3.14,3.13,3.08,3.00,2.94,2.98,3.04,3.12,3.20,3.08,3.02,2.97,2.95,3.03,2.98,2.93,2.87,2.78,2.84,2.87,2.87,2.88,2.85,2.86,2.85,2.83,2.84,2.80,2.91,3.01,2.93,2.76,2.76,2.81,2.82,2.75,2.81,2.92,3.06,3.19,3.20,3.04,2.65,1.98,1.04,0.38,-0.22,-0.81,-1.40,1.98,3.21,3.22,3.19,3.17,3.18,3.19,3.19,3.21,3.20,3.20,3.22,3.23,3.21,3.23,3.24,3.23,3.20,3.19,3.18,3.18,3.19,3.10,3.05,3.03,3.03,3.13,3.14,3.08,3.02,3.15,3.14,3.14,3.15,3.16,3.17,3.18,3.18,3.20,3.23,3.27,3.29,3.29,3.30,3.31,3.31,3.32,3.33,3.34,3.34,3.33,3.33,3.32,3.29,3.32,3.38,3.42,3.46,3.46,3.46,3.45,3.44,3.44,3.44,3.43,3.42,3.42,3.41,3.41,3.40,3.39,3.38,3.38,3.38,3.37,3.36,3.36,3.36,3.35,3.38,3.44,3.50
4.02,4.01,4.01,4.01,4.09,4.23,4.32,4.32,4.32,4.35,4.38,4.36,4.30,4.22,4.15,4.10,4.06,4.03,4.02,4.01,4.01,4.01,3.99,3.94,3.89,3.92,3.96,3.99,3.96,4.09,4.19,4.24,4.22,4.15,4.05,3.92,3.82,3.95,3.89,3.78,3.70,3.68,3.73,3.73,3.70,3.67,3.75,3.75,3.73,3.72,3.68,3.64,3.62,3.61,3.62,3.60,3.52,3.42,3.29,3.00,3.09,3.18,3.21,3.20,3.10,3.06,3.29,3.87,4.28,4.57,4.95,5.41,5.85,6.60,6.98,7.07,3.05,2.72,2.36,2.05,1.85,1.63,1.55,1.52,1.50,1.51,1.51,1.56,1.66,1.77,1.92,2.08,2.41,2.77,2.67,2.72,2.78,2.83,2.85,2.80,2.78,2.90,3.14,3.23,3.24,3.21,3.18,3.16,3.17,3.16,3.14,3.12,3.09,3.06,3.03,3.00,2.99,2.99,3.01,3.04,3.03,3.04,3.08,3.12,3.16,3.14,3.13,3.07,2.98,2.95,3.01,3.08,3.13,3.16,3.10,3.04,2.99,2.98,3.03,3.04,3.00,2.94,2.90,2.92,2.92,2.90,2.87,2.79,2.80,2.81,2.80,2.79,2.77,2.80,2.82,2.80,2.80,2.82,2.84,2.84,2.76,2.93,3.02,3.07,3.19,3.20,3.14,2.98,2.70,2.32,2.06,1.81,1.33,0.10,2.37,3.19,3.19,3.17,3.20,3.20,3.17,3.15,3.18,3.17,3.17,3.17,3.16,3.19,3.20,3.21,3.21,3.21,3.20,3.21,3.23,3.27,3.13,3.03,3.00,3.06,3.17,3.14,3.06,3.02,3.17,3.19,3.17,3.15,3.16,3.17,3.18,3.19,3.20,3.22,3.24,3.25,3.26,3.26,3.29,3.31,3.32,3.33,3.34,3.34,3.35,3.35,3.35,3.34,3.34,3.36,3.35,3.41,3.45,3.47,3.46,3.45,3.45,3.44,3.44,3.43,3.43,3.42,3.42,3.41,3.40,3.40,3.39,3.39,3.38,3.38,3.37,3.37,3.40,3.42,3.45,3.48
3.92,3.94,3.95,3.97,4.10,4.26,4.28,4.31,4.33,4.35,4.39,4.33,4.24,4.16,4.10,4.05,4.02,4.03,4.03,3.95,3.98,3.99,4.00,3.99,3.96,3.92,3.87,3.81,3.78,3.93,4.06,4.12,4.09,4.09,3.99,3.88,3.85,4.07,4.00,3.89,3.81,3.81,3.77,3.71,3.65,3.62,3.72,3.72,3.69,3.67,3.69,3.67,3.65,3.63,3.65,3.63,3.50,3.35,3.21,3.06,3.14,3.21,3.22,3.18,3.07,3.10,3.42,4.02,4.28,4.55,4.92,5.38,5.81,6.76,6.41,5.66,2.99,2.77,2.43,2.10,1.85,1.64,1.56,1.52,1.50,1.51,1.55,1.65,1.79,1.94,2.08,2.23,2.55,2.88,2.64,2.73,2.79,2.82,2.82,2.79,2.80,2.93,3.16,3.25,3.22,3.20,3.20,3.19,3.18,3.17,3.14,3.12,3.09,3.07,3.05,3.02,3.01,3.00,3.01,3.02,3.03,3.05,3.06,3.10,3.14,3.14,3.12,3.05,2.96,2.95,3.04,3.09,3.12,3.12,3.09,3.04,3.02,3.01,3.04,3.08,3.06,3.01,2.98,2.98,2.96,2.93,2.89,2.81,2.81,2.81,2.80,2.77,2.75,2.71,2.69,2.71,2.83,2.87,2.88,2.87,2.78,2.95,3.02,3.04,3.15,3.18,3.20,3.19,3.18,3.18,3.19,3.20,2.89,1.62,2.76,3.18,3.16,3.17,3.21,3.20,3.15,3.12,3.15,3.14,3.14,3.13,3.13,3.16,3.17,3.17,3.17,3.19,3.19,3.21,3.24,3.29,3.14,3.03,3.00,3.10,3.19,3.14,3.07,3.05,3.22,3.26,3.22,3.17,3.16,3.17,3.18,3.19,3.20,3.21,3.22,3.22,3.23,3.24,3.28,3.30,3.31,3.32,3.33,3.34,3.35,3.36,3.37,3.37,3.36,3.35,3.33,3.37,3.42,3.45,3.46,3.46,3.46,3.45,3.45,3.45,3.44,3.43,3.42,3.42,3.42,3.41,3.40,3.39,3.39,3.39,3.39,3.40,3.43,3.43,3.45,3.46
3.81,3.88,3.92,4.00,4.13,4.26,4.25,4.30,4.33,4.36,4.38,4.29,4.19,4.12,4.09,4.06,4.04,4.14,4.17,3.87,3.89,3.90,3.91,3.94,3.97,3.97,3.95,3.91,3.87,3.86,3.83,3.79,3.75,4.00,3.91,3.83,3.89,4.08,4.09,4.07,4.04,4.01,3.86,3.72,3.66,3.68,3.67,3.63,3.58,3.56,3.67,3.69,3.68,3.67,3.69,3.67,3.56,3.40,3.22,3.10,3.16,3.20,3.21,3.18,3.03,3.16,3.56,4.11,4.32,4.54,4.84,5.21,5.53,6.99,5.35,3.07,2.60,2.55,2.47,2.23,1.85,1.65,1.56,1.51,1.50,1.54,1.67,1.81,1.95,2.10,2.25,2.39,2.64,2.88,2.66,2.74,2.81,2.83,2.81,2.78,2.86,3.03,3.21,3.20,3.18,3.18,3.19,3.19,3.19,3.17,3.14,3.12,3.09,3.07,3.05,3.03,3.02,3.01,3.02,3.04,3.06,3.08,3.09,3.10,3.13,3.12,3.10,3.03,2.95,2.93,3.05,3.09,3.08,3.06,3.03,3.03,3.03,3.05,3.06,3.08,3.08,3.07,3.01,3.00,2.98,2.96,2.95,2.98,2.91,2.86,2.84,2.79,2.74,2.68,2.65,2.69,2.85,2.92,2.92,2.88,2.82,2.80,2.84,2.93,3.03,3.12,3.17,3.19,3.19,3.20,3.21,3.23,3.18,2.91,3.11,3.15,3.14,3.19,3.19,3.17,3.12,3.09,3.11,3.09,3.09,3.10,3.14,3.12,3.13,3.12,3.10,3.14,3.15,3.17,3.20,3.18,3.13,3.07,3.05,3.15,3.19,3.14,3.11,3.17,3.34,3.35,3.30,3.23,3.17,3.17,3.18,3.19,3.20,3.21,3.22,3.22,3.23,3.25,3.26,3.27,3.28,3.29,3.30,3.33,3.35,3.36,3.37,3.37,3.38,3.38,3.38,3.38,3.37,3.38,3.42,3.47,3.47,3.46,3.46,3.46,3.45,3.44,3.43,3.43,3.43,3.42,3.41,3.41,3.40,3.40,3.42,3.44,3.42,3.39,3.42,3.44
3.93,3.80,3.86,4.04,4.17,4.23,4.24,4.30,4.34,4.36,4.33,4.23,4.13,4.09,4.09,4.09,4.19,4.30,4.33,4.13,4.11,4.06,3.96,3.83,3.87,3.89,3.91,3.92,3.91,3.88,3.84,3.80,3.75,3.87,3.79,3.72,3.78,4.03,4.09,4.11,4.10,4.07,3.98,3.88,3.83,3.82,3.69,3.61,3.57,3.57,3.62,3.59,3.57,3.59,3.67,3.63,3.57,3.39,3.15,3.14,3.20,3.23,3.21,3.16,3.00,3.27,3.72,4.13,4.28,4.29,4.40,4.70,5.33,7.12,6.04,2.49,2.20,2.19,2.21,2.10,1.83,1.64,1.56,1.52,1.51,1.56,1.67,1.79,1.90,2.02,2.14,2.42,2.67,2.79,2.69,2.76,2.81,2.82,2.79,2.76,2.90,3.07,3.19,3.18,3.17,3.17,3.18,3.19,3.19,3.17,3.15,3.12,3.10,3.08,3.05,3.03,3.03,3.03,3.03,3.04,3.07,3.09,3.11,3.12,3.14,3.14,3.09,3.02,2.96,2.95,3.06,3.08,3.06,3.03,3.02,3.03,3.04,3.05,3.07,3.08,3.09,3.08,3.02,3.01,2.99,2.97,2.97,3.01,2.97,2.95,2.95,2.92,2.86,2.82,2.77,2.73,2.86,2.93,2.91,2.83,2.81,2.75,2.77,2.86,2.96,3.07,3.14,3.17,3.17,3.19,3.20,3.21,3.21,3.20,3.18,3.17,3.18,3.22,3.22,3.18,3.14,3.12,3.10,3.06,3.05,3.08,3.11,3.10,3.09,3.09,3.10,3.12,3.14,3.16,3.17,3.15,3.13,3.10,3.11,3.19,3.20,3.11,3.11,3.24,3.39,3.37,3.34,3.29,3.23,3.20,3.19,3.19,3.20,3.21,3.22,3.23,3.24,3.25,3.26,3.26,3.27,3.28,3.29,3.31,3.33,3.34,3.35,3.36,3.38,3.39,3.39,3.39,3.38,3.39,3.41,3.43,3.45,3.46,3.47,3.47,3.46,3.45,3.45,3.44,3.44,3.43,3.43,3.42,3.41,3.42,3.44,3.44,3.42,3.39,3.39,3.41
4.09,3.74,3.82,4.07,4.19,4.19,4.24,4.30,4.35,4.35,4.27,4.16,4.09,4.07,4.09,4.12,4.33,4.45,4.46,4.42,4.37,4.27,4.07,3.79,3.82,3.83,3.85,3.87,3.91,3.91,3.90,3.88,3.83,3.76,3.70,3.64,3.66,3.94,4.02,4.05,4.05,4.08,4.07,4.04,4.01,3.96,3.76,3.65,3.63,3.63,3.57,3.49,3.46,3.50,3.62,3.55,3.53,3.36,3.08,3.17,3.23,3.25,3.22,3.13,3.00,3.35,3.80,4.06,4.14,3.99,3.94,4.24,5.27,7.02,7.68,1.96,1.87,1.86,1.92,1.90,1.77,1.62,1.56,1.52,1.52,1.56,1.65,1.73,1.81,1.88,1.98,2.68,2.69,2.70,2.72,2.77,2.80,2.81,2.77,2.73,2.92,3.10,3.17,3.16,3.17,3.17,3.18,3.19,3.19,3.17,3.15,3.13,3.11,3.08,3.06,3.04,3.04,3.04,3.04,3.05,3.08,3.10,3.12,3.15,3.15,3.15,3.07,3.01,2.98,2.99,3.08,3.09,3.05,3.01,3.02,3.03,3.04,3.05,3.07,3.08,3.10,3.08,3.02,3.01,3.00,2.98,2.97,3.01,3.02,3.03,3.05,3.05,3.00,2.97,2.90,2.79,2.86,2.91,2.87,2.77,2.80,2.74,2.74,2.81,2.90,3.02,3.11,3.15,3.14,3.17,3.18,3.18,3.17,3.20,3.18,3.20,3.24,3.26,3.25,3.21,3.18,3.17,3.11,3.04,3.04,3.08,3.08,3.09,3.07,3.07,3.10,3.10,3.13,3.14,3.14,3.14,3.11,3.12,3.15,3.22,3.21,3.09,3.11,3.30,3.41,3.38,3.36,3.34,3.30,3.24,3.21,3.20,3.20,3.21,3.22,3.23,3.24,3.25,3.26,3.26,3.27,3.28,3.29,3.30,3.31,3.32,3.33,3.34,3.37,3.39,3.40,3.40,3.40,3.41,3.41,3.39,3.42,3.45,3.47,3.47,3.47,3.46,3.46,3.45,3.44,3.44,3.44,3.43,3.43,3.45,3.45,3.44,3.41,3.39,3.36,3.37
4.14,3.74,3.92,4.11,4.16,4.15,4.24,4.31,4.35,4.33,4.22,4.10,4.07,4.07,4.09,4.11,4.28,4.39,4.43,4.42,4.39,4.34,4.25,4.14,4.13,3.98,3.83,3.74,3.78,3.82,3.85,3.87,3.88,3.85,3.81,3.76,3.71,3.74,3.72,3.67,3.71,4.00,4.06,4.05,4.03,4.02,3.94,3.89,3.85,3.77,3.59,3.51,3.49,3.51,3.53,3.43,3.36,3.24,3.09,3.20,3.24,3.24,3.19,3.09,3.11,3.31,3.50,3.61,3.75,3.70,3.85,4.43,5.71,6.09,6.20,1.94,1.86,1.81,1.79,1.74,1.65,1.56,1.54,1.53,1.51,1.54,1.64,1.72,1.78,1.83,1.90,2.86,2.77,2.66,2.72,2.79,2.81,2.78,2.76,2.74,2.94,3.12,3.16,3.17,3.17,3.17,3.18,3.19,3.19,3.18,3.16,3.14,3.11,3.08,3.06,3.05,3.05,3.05,3.05,3.07,3.09,3.11,3.13,3.15,3.18,3.15,3.04,2.99,2.99,3.00,3.09,3.09,3.06,3.02,3.02,3.03,3.04,3.05,3.07,3.08,3.10,3.09,3.03,3.02,3.01,2.99,2.98,3.01,3.02,3.02,3.03,3.08,3.03,2.97,2.89,2.79,2.86,2.87,2.80,2.73,2.81,2.80,2.80,2.82,2.85,2.96,3.07,3.12,3.11,3.14,3.15,3.14,3.14,3.17,3.15,3.18,3.24,3.29,3.26,3.27,3.26,3.22,3.16,3.12,3.11,3.10,3.11,3.11,3.08,3.05,3.07,3.03,3.07,3.09,3.10,3.13,3.05,3.09,3.19,3.25,3.17,3.09,3.12,3.28,3.39,3.41,3.40,3.37,3.33,3.31,3.26,3.22,3.20,3.22,3.23,3.23,3.24,3.25,3.26,3.26,3.27,3.29,3.30,3.30,3.31,3.32,3.33,3.34,3.35,3.36,3.38,3.38,3.40,3.41,3.42,3.42,3.43,3.44,3.44,3.48,3.48,3.47,3.47,3.46,3.46,3.45,3.44,3.44,3.46,3.45,3.46,3.44,3.35,3.37,3.34,3.30
4.23,3.82,4.03,4.12,4.13,4.14,4.25,4.33,4.34,4.27,4.15,4.07,4.06,4.07,4.09,4.12,4.21,4.26,4.27,4.25,4.31,4.33,4.31,4.28,4.27,4.13,3.99,3.89,3.89,3.81,3.77,3.79,3.83,3.83,3.83,3.81,3.77,3.71,3.66,3.59,3.60,3.82,3.85,3.83,3.87,4.01,4.00,3.99,3.95,3.87,3.71,3.66,3.57,3.50,3.48,3.38,3.28,3.18,3.13,3.22,3.25,3.21,3.14,3.06,3.21,3.37,3.46,3.48,3.59,3.62,3.99,4.86,6.34,5.92,5.60,1.99,1.84,1.78,1.71,1.65,1.58,1.54,1.53,1.52,1.51,1.52,1.64,1.74,1.81,1.88,1.96,2.91,2.80,2.65,2.73,2.80,2.80,2.77,2.75,2.82,3.00,3.14,3.16,3.17,3.17,3.17,3.18,3.19,3.19,3.18,3.16,3.14,3.11,3.09,3.07,3.06,3.06,3.06,3.06,3.07,3.08,3.12,3.14,3.16,3.18,3.12,3.02,2.97,2.97,3.00,3.10,3.10,3.06,3.03,3.02,3.03,3.05,3.06,3.07,3.09,3.10,3.09,3.03,3.03,3.01,3.00,2.99,3.00,3.01,3.02,3.03,3.06,3.04,2.98,2.89,2.80,2.89,2.85,2.78,2.73,2.84,2.85,2.86,2.86,2.87,2.94,3.03,3.08,3.08,3.13,3.12,3.12,3.12,3.14,3.13,3.17,3.24,3.31,3.26,3.28,3.27,3.21,3.18,3.17,2.87,2.63,2.99,3.11,3.12,3.09,3.09,3.05,3.07,3.09,3.09,3.12,3.02,3.08,3.19,3.24,3.14,3.11,3.17,3.29,3.38,3.41,3.41,3.39,3.37,3.35,3.32,3.27,3.23,3.22,3.23,3.23,3.24,3.25,3.26,3.27,3.28,3.29,3.30,3.31,3.31,3.32,3.33,3.34,3.35,3.36,3.37,3.38,3.39,3.41,3.41,3.42,3.43,3.43,3.43,3.48,3.47,3.48,3.48,3.47,3.47,3.46,3.46,3.46,3.47,3.46,3.46,3.43,3.35,3.35,3.30,3.26
4.34,3.96,4.13,4.11,4.10,4.15,4.28,4.36,4.30,4.18,4.09,4.06,4.06,4.07,4.11,4.14,4.11,4.07,4.01,3.96,4.17,4.27,4.29,4.26,4.29,4.28,4.27,4.24,4.17,3.86,3.69,3.66,3.71,3.74,3.78,3.81,3.83,3.80,3.78,3.72,3.64,3.56,3.50,3.44,3.57,3.94,3.97,3.99,3.98,3.94,3.91,3.89,3.68,3.47,3.46,3.38,3.25,3.17,3.17,3.25,3.25,3.18,3.08,3.04,3.29,3.50,3.60,3.56,3.59,3.68,4.29,5.48,7.10,3.72,2.28,2.10,1.81,1.75,1.68,1.61,1.56,1.54,1.51,1.50,1.50,1.50,1.64,1.77,1.89,2.00,2.12,2.87,2.78,2.66,2.73,2.80,2.80,2.76,2.75,2.94,3.08,3.15,3.16,3.17,3.17,3.17,3.18,3.19,3.19,3.18,3.16,3.14,3.11,3.09,3.08,3.07,3.07,3.07,3.07,3.07,3.07,3.12,3.15,3.17,3.17,3.08,3.00,2.94,2.93,2.99,3.09,3.11,3.08,3.04,3.02,3.03,3.05,3.06,3.07,3.09,3.11,3.10,3.03,3.03,3.02,3.01,3.00,2.99,3.01,3.02,3.03,3.02,3.04,2.99,2.90,2.82,2.93,2.86,2.78,2.77,2.87,2.89,2.91,2.93,2.94,2.94,2.99,3.04,3.07,3.12,3.09,3.09,3.11,3.12,3.12,3.16,3.23,3.33,3.26,3.25,3.21,3.16,3.19,3.20,2.41,1.80,2.76,3.10,3.19,3.18,3.15,3.13,3.13,3.12,3.10,3.11,3.03,3.08,3.17,3.20,3.11,3.16,3.25,3.33,3.36,3.38,3.40,3.42,3.42,3.37,3.37,3.34,3.27,3.23,3.23,3.23,3.24,3.25,3.26,3.27,3.28,3.29,3.30,3.31,3.31,3.32,3.33,3.34,3.35,3.36,3.37,3.38,3.39,3.39,3.40,3.41,3.42,3.43,3.45,3.46,3.45,3.47,3.49,3.48,3.48,3.47,3.47,3.48,3.48,3.47,3.44,3.41,3.39,3.31,3.27,3.24
4.38,4.04,4.10,4.08,4.11,4.20,4.33,4.33,4.24,4.13,4.08,4.07,4.07,4.09,4.11,4.14,4.14,4.09,4.02,3.99,4.05,4.07,4.04,4.02,4.20,4.26,4.28,4.28,4.23,4.06,3.97,3.89,3.74,3.71,3.68,3.68,3.71,3.73,3.74,3.73,3.71,3.67,3.60,3.54,3.54,3.64,3.61,3.61,3.73,3.90,3.90,3.89,3.68,3.45,3.44,3.38,3.24,3.17,3.20,3.27,3.27,3.20,3.12,3.06,3.24,3.42,3.71,4.16,4.26,4.44,5.03,6.05,7.24,3.87,2.51,2.36,1.98,1.75,1.64,1.58,1.54,1.54,1.52,1.51,1.52,1.51,1.71,1.91,2.10,2.25,2.59,2.73,2.73,2.68,2.76,2.80,2.78,2.74,2.74,2.98,3.11,3.15,3.16,3.17,3.17,3.17,3.18,3.19,3.19,3.18,3.17,3.14,3.12,3.10,3.08,3.08,3.08,3.08,3.08,3.09,3.10,3.12,3.15,3.16,3.12,3.04,2.97,2.95,2.97,3.04,3.11,3.12,3.08,3.05,3.03,3.03,3.05,3.06,3.07,3.09,3.11,3.10,3.04,3.03,3.02,3.02,3.00,2.99,3.01,3.03,3.03,3.02,3.03,2.97,2.88,2.85,2.93,2.82,2.76,2.81,2.87,2.89,2.91,2.94,2.96,2.97,3.01,3.03,3.03,3.11,3.07,3.07,3.10,3.08,3.08,3.13,3.22,3.31,3.33,3.26,3.19,3.16,3.18,3.19,2.00,0.85,1.61,2.13,2.57,2.90,3.12,3.25,3.21,3.16,3.12,3.06,3.04,3.11,3.18,3.16,3.08,3.17,3.28,3.35,3.34,3.36,3.38,3.40,3.41,3.40,3.39,3.36,3.32,3.28,3.25,3.24,3.25,3.26,3.27,3.27,3.28,3.29,3.30,3.31,3.32,3.33,3.34,3.35,3.35,3.36,3.37,3.38,3.39,3.40,3.41,3.41,3.42,3.43,3.45,3.45,3.46,3.47,3.48,3.49,3.49,3.48,3.47,3.46,3.48,3.48,3.44,3.38,3.33,3.27,3.25,3.27
4.39,4.07,4.05,4.05,4.13,4.25,4.35,4.29,4.18,4.09,4.08,4.09,4.10,4.12,4.13,4.14,4.16,4.12,4.05,4.05,4.00,3.95,3.90,3.89,4.10,4.17,4.19,4.20,4.24,4.18,4.11,3.98,3.75,3.78,3.75,3.73,3.72,3.67,3.67,3.69,3.70,3.69,3.65,3.61,3.56,3.49,3.44,3.41,3.55,3.75,3.74,3.76,3.60,3.43,3.41,3.34,3.24,3.19,3.23,3.29,3.27,3.21,3.14,3.11,3.24,3.36,3.66,4.21,4.32,4.59,5.03,5.62,6.24,3.53,2.60,2.63,2.29,1.86,1.65,1.56,1.53,1.54,1.52,1.51,1.52,1.54,1.80,2.05,2.27,2.46,2.68,2.69,2.69,2.70,2.79,2.80,2.76,2.74,2.77,3.02,3.13,3.16,3.16,3.17,3.17,3.17,3.18,3.19,3.19,3.19,3.17,3.15,3.12,3.10,3.09,3.09,3.09,3.09,3.09,3.10,3.12,3.12,3.16,3.15,3.09,3.01,2.96,2.95,3.00,3.09,3.13,3.12,3.09,3.06,3.03,3.03,3.05,3.06,3.07,3.09,3.11,3.11,3.04,3.03,3.03,3.02,3.01,2.99,3.01,3.03,3.04,3.03,3.01,2.94,2.87,2.88,2.91,2.78,2.74,2.83,2.86,2.89,2.91,2.93,2.96,2.98,3.00,3.01,3.02,3.10,3.06,3.06,3.09,3.05,3.05,3.11,3.21,3.30,3.36,3.26,3.18,3.17,3.17,3.19,1.96,0.63,1.01,1.63,2.25,2.76,3.10,3.27,3.23,3.18,3.13,3.02,3.06,3.13,3.17,3.13,3.07,3.18,3.31,3.36,3.34,3.34,3.36,3.37,3.39,3.41,3.41,3.39,3.36,3.33,3.28,3.25,3.25,3.26,3.27,3.27,3.28,3.29,3.30,3.31,3.32,3.33,3.34,3.35,3.35,3.36,3.37,3.38,3.39,3.40,3.41,3.42,3.43,3.43,3.44,3.45,3.46,3.47,3.48,3.49,3.50,3.49,3.47,3.46,3.47,3.46,3.41,3.34,3.28,3.25,3.25,3.29
4.36,4.04,3.98,4.06,4.17,4.29,4.35,4.24,4.12,4.05,4.09,4.10,4.14,4.17,4.16,4.15,4.18,4.17,4.14,4.15,4.06,3.97,3.92,3.93,3.96,3.95,3.94,3.98,4.17,4.18,4.05,3.86,3.73,4.02,4.07,4.03,3.93,3.61,3.53,3.54,3.58,3.61,3.62,3.64,3.64,3.60,3.55,3.50,3.46,3.44,3.38,3.44,3.44,3.40,3.35,3.26,3.23,3.24,3.27,3.31,3.26,3.19,3.15,3.22,3.30,3.34,3.39,3.45,3.51,3.84,3.91,3.70,3.54,2.45,1.97,2.92,2.79,2.11,1.71,1.54,1.53,1.53,1.52,1.50,1.50,1.60,1.90,2.17,2.40,2.58,2.90,2.73,2.65,2.72,2.82,2.80,2.76,2.75,2.83,3.05,3.16,3.19,3.16,3.17,3.17,3.17,3.18,3.19,3.20,3.19,3.17,3.15,3.12,3.11,3.10,3.10,3.10,3.10,3.10,3.10,3.11,3.13,3.16,3.15,3.06,2.99,2.96,2.97,3.03,3.14,3.13,3.12,3.11,3.07,3.04,3.04,3.05,3.06,3.08,3.09,3.11,3.11,3.04,3.04,3.03,3.03,3.02,3.00,3.01,3.03,3.04,3.04,2.97,2.90,2.87,2.90,2.87,2.75,2.74,2.84,2.86,2.88,2.89,2.91,2.93,2.94,2.96,3.00,3.06,3.10,3.07,3.07,3.09,3.03,3.02,3.10,3.20,3.30,3.34,3.25,3.18,3.18,3.16,3.19,2.46,1.51,1.22,1.81,2.38,2.83,3.09,3.15,3.19,3.18,3.11,2.99,3.10,3.16,3.16,3.11,3.08,3.19,3.32,3.39,3.37,3.35,3.34,3.34,3.36,3.39,3.41,3.41,3.40,3.36,3.34,3.30,3.25,3.26,3.27,3.27,3.29,3.30,3.31,3.31,3.32,3.33,3.34,3.35,3.35,3.36,3.38,3.39,3.39,3.40,3.41,3.42,3.43,3.43,3.44,3.45,3.46,3.47,3.48,3.49,3.51,3.49,3.47,3.46,3.44,3.41,3.36,3.29,3.24,3.27,3.28,3.31
4.20,4.01,4.00,4.10,4.21,4.30,4.29,4.18,4.10,4.08,4.13,4.16,4.18,4.18,4.16,4.16,4.17,4.16,4.14,4.13,4.11,4.08,4.05,4.03,3.94,3.91,3.90,3.92,4.02,4.01,3.91,3.81,3.83,4.08,4.13,4.11,4.04,3.83,3.76,3.72,3.66,3.48,3.51,3.54,3.56,3.56,3.56,3.55,3.52,3.47,3.41,3.42,3.41,3.39,3.37,3.31,3.29,3.30,3.31,3.33,3.27,3.21,3.18,3.24,3.31,3.34,3.34,3.33,3.35,3.51,3.50,3.31,3.13,2.74,2.75,3.07,3.01,3.02,2.99,2.97,1.99,1.58,1.50,1.46,1.53,1.93,1.98,2.29,2.62,2.97,2.91,2.73,2.65,2.71,2.80,2.78,2.75,2.77,2.91,3.07,3.16,3.18,3.18,3.17,3.17,3.17,3.18,3.19,3.20,3.19,3.18,3.15,3.13,3.11,3.11,3.11,3.11,3.11,3.11,3.11,3.12,3.14,3.15,3.11,3.02,2.97,2.96,2.99,3.06,3.17,3.14,3.13,3.12,3.08,3.05,3.04,3.05,3.06,3.08,3.10,3.12,3.11,3.04,3.04,3.03,3.03,3.02,3.01,3.02,3.03,3.04,3.04,2.95,2.89,2.88,2.90,2.83,2.76,2.77,2.84,2.86,2.88,2.90,2.93,2.96,2.98,3.00,3.04,3.09,3.10,3.08,3.07,3.06,3.02,3.07,3.10,3.15,3.29,3.28,3.21,3.19,3.21,3.15,3.17,2.87,2.44,2.25,2.53,2.81,3.01,3.12,3.14,3.17,3.15,3.09,3.01,3.12,3.16,3.14,3.07,3.14,3.22,3.30,3.38,3.38,3.38,3.37,3.36,3.36,3.37,3.39,3.40,3.41,3.40,3.38,3.35,3.31,3.28,3.28,3.28,3.29,3.30,3.31,3.32,3.32,3.33,3.34,3.35,3.36,3.37,3.38,3.39,3.40,3.40,3.41,3.42,3.43,3.44,3.45,3.45,3.46,3.47,3.48,3.50,3.52,3.49,3.47,3.47,3.43,3.41,3.34,3.26,3.23,3.24,3.29,3.35
4.06,4.00,4.05,4.15,4.25,4.30,4.22,4.12,4.09,4.12,4.19,4.22,4.22,4.20,4.16,4.16,4.16,4.14,4.12,4.09,4.13,4.16,4.16,4.12,3.97,3.93,3.92,3.92,3.88,3.84,3.80,3.80,3.90,4.03,4.08,4.09,4.10,4.06,4.00,3.93,3.78,3.45,3.47,3.49,3.50,3.48,3.52,3.55,3.56,3.54,3.51,3.47,3.43,3.40,3.40,3.38,3.36,3.36,3.36,3.35,3.29,3.24,3.21,3.25,3.31,3.34,3.35,3.36,3.34,3.33,3.31,3.28,3.23,3.19,3.13,3.07,3.02,3.02,2.99,2.96,2.48,1.79,1.64,1.48,1.54,2.33,2.08,2.41,2.83,2.96,2.86,2.72,2.67,2.71,2.78,2.76,2.74,2.79,2.99,3.09,3.14,3.17,3.20,3.18,3.17,3.17,3.18,3.19,3.20,3.20,3.18,3.16,3.13,3.12,3.12,3.12,3.12,3.12,3.12,3.12,3.12,3.14,3.14,3.08,2.98,2.97,2.97,3.01,3.09,3.18,3.15,3.14,3.13,3.09,3.06,3.04,3.05,3.06,3.08,3.10,3.12,3.12,3.05,3.04,3.04,3.03,3.03,3.02,3.02,3.03,3.04,3.04,2.94,2.89,2.89,2.89,2.78,2.78,2.81,2.85,2.87,2.89,2.92,2.96,2.99,3.02,3.05,3.08,3.11,3.11,3.10,3.08,3.05,3.03,3.13,3.12,3.12,3.27,3.22,3.17,3.19,3.23,3.14,3.16,3.18,3.19,3.20,3.20,3.20,3.19,3.16,3.15,3.15,3.12,3.06,3.04,3.14,3.16,3.11,3.02,3.19,3.25,3.30,3.37,3.39,3.41,3.40,3.38,3.37,3.36,3.37,3.39,3.41,3.43,3.41,3.39,3.37,3.30,3.29,3.29,3.29,3.30,3.31,3.32,3.32,3.33,3.34,3.35,3.36,3.37,3.38,3.39,3.40,3.40,3.41,3.42,3.43,3.44,3.45,3.46,3.46,3.47,3.48,3.49,3.51,3.49,3.47,3.46,3.43,3.40,3.33,3.24,3.22,3.22,3.30,3.38
4.06,4.04,4.13,4.23,4.29,4.28,4.17,4.09,4.10,4.16,4.25,4.24,4.23,4.21,4.17,4.17,4.14,4.11,4.09,4.05,4.07,4.09,4.11,4.10,4.05,4.04,4.03,3.99,3.87,3.84,3.83,3.82,3.81,3.81,3.82,3.92,4.06,4.05,3.98,3.95,3.92,3.81,3.78,3.74,3.59,3.35,3.39,3.42,3.45,3.48,3.52,3.51,3.48,3.46,3.45,3.42,3.41,3.40,3.39,3.37,3.34,3.29,3.25,3.23,3.28,3.32,3.34,3.34,3.33,3.32,3.30,3.28,3.21,3.17,3.13,3.10,3.07,3.02,2.97,2.91,2.82,2.85,2.61,1.83,1.42,2.88,2.28,2.56,2.95,2.88,2.72,2.67,2.70,2.78,2.79,2.74,2.72,2.79,3.02,3.10,3.13,3.15,3.17,3.20,3.18,3.17,3.18,3.19,3.20,3.20,3.19,3.16,3.14,3.13,3.13,3.13,3.13,3.13,3.13,3.13,3.13,3.14,3.14,3.08,2.98,3.00,3.01,3.03,3.08,3.15,3.16,3.15,3.12,3.10,3.07,3.05,3.05,3.06,3.09,3.10,3.12,3.12,3.05,3.04,3.04,3.04,3.03,3.02,3.02,3.02,3.03,3.01,2.93,2.89,2.88,2.87,2.73,2.77,2.83,2.88,2.91,2.93,2.96,2.99,3.01,3.04,3.06,3.08,3.11,3.12,3.12,3.11,3.09,3.06,3.18,3.19,3.18,3.22,3.21,3.17,3.18,3.22,3.16,3.16,3.18,3.18,3.19,3.20,3.20,3.18,3.17,3.16,3.15,3.09,3.02,3.06,3.15,3.16,3.09,2.99,3.18,3.27,3.34,3.41,3.42,3.45,3.44,3.42,3.40,3.38,3.37,3.37,3.38,3.41,3.42,3.41,3.39,3.35,3.32,3.30,3.29,3.30,3.31,3.32,3.33,3.34,3.35,3.36,3.36,3.37,3.38,3.39,3.40,3.41,3.42,3.43,3.44,3.44,3.45,3.46,3.43,3.43,3.45,3.46,3.50,3.48,3.45,3.42,3.38,3.38,3.31,3.22,3.22,3.28,3.35,3.40
4.06,4.10,4.20,4.29,4.30,4.24,4.12,4.09,4.14,4.21,4.24,4.23,4.23,4.21,4.18,4.17,4.14,4.12,4.09,4.06,4.05,4.07,4.09,4.07,4.07,4.04,4.03,4.01,3.91,3.84,3.86,3.86,3.76,3.73,3.73,3.80,3.92,3.89,3.86,3.90,3.95,3.94,3.90,3.86,3.73,3.51,3.53,3.50,3.44,3.38,3.43,3.46,3.46,3.46,3.47,3.46,3.44,3.42,3.41,3.39,3.37,3.34,3.30,3.26,3.27,3.27,3.26,3.24,3.21,3.24,3.26,3.26,3.31,3.28,3.25,3.22,3.19,3.05,2.95,2.87,2.84,2.86,2.71,2.18,1.89,2.88,2.52,2.68,2.91,2.84,2.67,2.65,2.72,2.80,2.78,2.74,2.72,2.81,3.04,3.10,3.12,3.13,3.15,3.19,3.19,3.18,3.18,3.19,3.20,3.20,3.19,3.17,3.14,3.14,3.14,3.14,3.14,3.14,3.14,3.14,3.14,3.15,3.14,3.07,2.96,3.00,3.02,3.06,3.10,3.13,3.16,3.15,3.12,3.10,3.08,3.05,3.05,3.07,3.09,3.11,3.13,3.12,3.05,3.05,3.04,3.04,3.03,3.03,3.02,3.02,3.02,2.98,2.90,2.87,2.86,2.84,2.67,2.75,2.86,2.90,2.93,2.96,2.98,3.01,3.04,3.07,3.08,3.09,3.12,3.13,3.14,3.14,3.12,3.09,3.17,3.20,3.19,3.15,3.14,3.14,3.16,3.19,3.18,3.17,3.17,3.18,3.19,3.20,3.19,3.18,3.17,3.15,3.15,3.08,3.01,3.07,3.17,3.15,3.07,3.01,3.19,3.31,3.38,3.41,3.41,3.44,3.46,3.45,3.43,3.41,3.40,3.38,3.38,3.39,3.40,3.41,3.41,3.40,3.36,3.33,3.31,3.30,3.31,3.32,3.33,3.34,3.35,3.36,3.36,3.37,3.38,3.39,3.40,3.41,3.42,3.43,3.44,3.44,3.45,3.43,3.40,3.41,3.43,3.44,3.48,3.48,3.45,3.40,3.39,3.36,3.29,3.23,3.24,3.31,3.37,3.41
4.07,4.18,4.28,4.34,4.30,4.19,4.09,4.10,4.20,4.27,4.19,4.21,4.22,4.21,4.19,4.18,4.17,4.15,4.12,4.08,4.06,4.08,4.08,4.03,4.04,3.99,3.97,3.99,3.98,3.82,3.88,3.93,3.74,3.74,3.73,3.73,3.71,3.65,3.68,3.80,3.92,3.91,3.91,3.90,3.88,3.85,3.83,3.72,3.48,3.25,3.31,3.36,3.40,3.44,3.48,3.49,3.46,3.44,3.43,3.41,3.40,3.39,3.36,3.33,3.27,3.20,3.14,3.09,3.02,3.12,3.19,3.25,3.47,3.47,3.44,3.40,3.36,3.11,2.93,2.85,2.88,2.88,2.88,2.73,2.63,2.89,2.88,2.87,2.85,2.81,2.67,2.67,2.73,2.80,2.76,2.74,2.75,2.84,3.06,3.09,3.11,3.13,3.14,3.15,3.19,3.20,3.18,3.19,3.20,3.20,3.19,3.17,3.15,3.15,3.15,3.15,3.15,3.15,3.15,3.15,3.15,3.17,3.15,3.06,2.93,2.97,3.03,3.08,3.13,3.11,3.15,3.14,3.12,3.10,3.09,3.06,3.05,3.07,3.10,3.11,3.13,3.13,3.06,3.05,3.04,3.04,3.04,3.03,3.02,3.02,3.01,2.96,2.86,2.85,2.84,2.78,2.60,2.74,2.88,2.93,2.96,2.98,3.01,3.04,3.06,3.09,3.11,3.11,3.12,3.14,3.16,3.17,3.15,3.12,3.14,3.18,3.17,3.08,3.05,3.08,3.13,3.17,3.21,3.18,3.17,3.18,3.19,3.20,3.19,3.18,3.17,3.14,3.13,3.08,3.02,3.09,3.18,3.13,3.06,3.06,3.21,3.35,3.42,3.41,3.38,3.41,3.45,3.49,3.47,3.45,3.43,3.41,3.40,3.38,3.38,3.40,3.42,3.45,3.40,3.37,3.34,3.30,3.32,3.33,3.33,3.34,3.35,3.36,3.36,3.37,3.38,3.40,3.41,3.41,3.42,3.43,3.44,3.44,3.44,3.39,3.38,3.38,3.40,3.43,3.47,3.47,3.45,3.40,3.43,3.34,3.27,3.25,3.27,3.33,3.39,3.43
4.15,4.26,4.36,4.33,4.25,4.15,4.11,4.20,4.27,4.28,4.23,4.22,4.20,4.18,4.16,4.16,4.14,4.11,4.09,4.07,4.06,4.06,4.06,4.03,4.07,4.01,3.97,3.96,3.91,3.79,3.87,3.97,3.89,3.89,3.87,3.78,3.65,3.64,3.65,3.68,3.70,3.66,3.72,3.80,3.84,3.83,3.85,3.80,3.60,3.34,3.37,3.38,3.36,3.36,3.40,3.43,3.44,3.44,3.44,3.44,3.45,3.44,3.41,3.36,3.34,3.29,3.24,3.18,3.13,3.14,3.12,3.10,3.16,3.11,3.06,3.10,3.30,3.22,3.16,3.13,3.14,3.09,3.00,2.87,2.78,2.87,2.87,2.85,2.82,2.78,2.66,2.69,2.74,2.77,2.75,2.72,2.78,2.93,3.13,3.10,3.10,3.11,3.13,3.14,3.16,3.18,3.20,3.19,3.20,3.20,3.19,3.18,3.16,3.16,3.16,3.16,3.16,3.16,3.16,3.16,3.15,3.15,3.11,3.02,2.93,2.97,3.02,3.09,3.15,3.11,3.12,3.13,3.14,3.12,3.10,3.07,3.06,3.07,3.10,3.12,3.13,3.13,3.06,3.06,3.05,3.04,3.04,3.03,3.03,3.01,2.97,2.94,2.84,2.84,2.83,2.75,2.71,2.79,2.88,2.95,2.98,3.00,3.03,3.06,3.09,3.11,3.12,3.13,3.13,3.15,3.17,3.18,3.18,3.16,3.15,3.08,3.01,3.00,3.02,3.05,3.10,3.14,3.18,3.18,3.18,3.18,3.19,3.20,3.19,3.19,3.17,3.16,3.11,3.06,3.05,3.14,3.15,3.08,3.06,3.17,3.37,3.44,3.45,3.43,3.45,3.45,3.48,3.52,3.51,3.49,3.47,3.45,3.43,3.41,3.40,3.40,3.40,3.42,3.42,3.40,3.37,3.35,3.33,3.33,3.33,3.34,3.35,3.36,3.37,3.38,3.39,3.40,3.41,3.41,3.42,3.43,3.44,3.42,3.37,3.35,3.35,3.36,3.39,3.42,3.46,3.47,3.46,3.41,3.38,3.32,3.25,3.21,3.26,3.33,3.39,3.41
4.23,4.32,4.40,4.32,4.21,4.13,4.15,4.27,4.31,4.29,4.25,4.23,4.20,4.17,4.15,4.15,4.12,4.10,4.08,4.05,4.04,4.04,4.04,4.02,4.06,4.01,3.98,3.94,3.82,3.76,3.86,3.98,3.97,3.97,3.93,3.82,3.67,3.68,3.66,3.61,3.56,3.52,3.59,3.68,3.72,3.71,3.78,3.80,3.64,3.40,3.41,3.39,3.32,3.28,3.33,3.38,3.41,3.43,3.44,3.44,3.45,3.45,3.43,3.39,3.39,3.37,3.33,3.27,3.22,3.18,3.12,3.05,3.02,2.94,2.87,2.92,3.15,3.15,3.14,3.13,3.13,3.11,3.05,2.96,2.86,2.85,2.83,2.81,2.77,2.73,2.68,2.72,2.76,2.75,2.72,2.70,2.81,3.00,3.15,3.09,3.09,3.10,3.12,3.13,3.14,3.17,3.19,3.19,3.20,3.20,3.20,3.18,3.17,3.17,3.17,3.17,3.17,3.16,3.16,3.16,3.15,3.14,3.08,3.01,2.95,2.98,3.02,3.10,3.16,3.11,3.11,3.12,3.14,3.13,3.11,3.08,3.06,3.07,3.11,3.12,3.13,3.13,3.06,3.06,3.05,3.05,3.04,3.03,3.02,2.99,2.94,2.90,2.82,2.82,2.81,2.72,2.77,2.82,2.89,2.96,3.00,3.03,3.05,3.08,3.11,3.12,3.13,3.14,3.15,3.16,3.18,3.19,3.20,3.19,3.17,3.02,2.91,2.95,2.99,3.03,3.07,3.11,3.15,3.18,3.18,3.17,3.18,3.20,3.20,3.19,3.18,3.17,3.09,3.05,3.07,3.16,3.12,3.05,3.06,3.24,3.44,3.50,3.48,3.45,3.48,3.47,3.49,3.52,3.54,3.52,3.50,3.48,3.46,3.45,3.43,3.41,3.40,3.41,3.42,3.42,3.40,3.40,3.35,3.33,3.33,3.34,3.35,3.36,3.37,3.38,3.39,3.40,3.41,3.41,3.42,3.39,3.39,3.36,3.32,3.30,3.32,3.34,3.38,3.41,3.45,3.47,3.46,3.42,3.34,3.30,3.24,3.21,3.26,3.33,3.38,3.38
4.29,4.37,4.40,4.29,4.18,4.13,4.18,4.31,4.33,4.28,4.23,4.25,4.22,4.18,4.16,4.16,4.13,4.11,4.09,4.02,3.99,4.00,4.00,4.00,4.01,4.00,3.98,3.91,3.70,3.74,3.85,3.95,3.95,3.96,3.91,3.85,3.80,3.78,3.72,3.61,3.51,3.53,3.53,3.53,3.50,3.46,3.60,3.68,3.60,3.42,3.41,3.40,3.29,3.21,3.27,3.34,3.38,3.40,3.41,3.41,3.41,3.40,3.40,3.42,3.43,3.43,3.41,3.36,3.31,3.26,3.20,3.13,3.07,3.00,2.94,2.90,2.88,2.85,2.80,2.76,2.75,2.87,3.01,2.97,2.86,2.84,2.77,2.74,2.70,2.66,2.72,2.77,2.78,2.74,2.67,2.67,2.84,3.04,3.11,3.09,3.08,3.09,3.10,3.12,3.13,3.14,3.16,3.20,3.20,3.20,3.20,3.18,3.18,3.18,3.18,3.18,3.18,3.17,3.17,3.16,3.15,3.13,3.07,3.02,3.01,2.98,3.04,3.11,3.15,3.09,3.11,3.12,3.12,3.12,3.12,3.09,3.07,3.07,3.11,3.12,3.13,3.13,3.07,3.06,3.05,3.05,3.05,3.03,3.00,2.96,2.90,2.85,2.82,2.81,2.77,2.69,2.77,2.84,2.90,2.95,3.02,3.05,3.08,3.10,3.13,3.12,3.13,3.15,3.16,3.18,3.19,3.21,3.22,3.21,3.19,3.02,2.87,2.93,2.97,3.00,3.04,3.08,3.12,3.16,3.17,3.17,3.17,3.19,3.20,3.20,3.18,3.16,3.06,3.03,3.08,3.16,3.10,3.04,3.06,3.25,3.41,3.49,3.50,3.48,3.44,3.44,3.45,3.49,3.57,3.56,3.54,3.52,3.50,3.48,3.46,3.45,3.43,3.41,3.40,3.41,3.42,3.44,3.39,3.35,3.34,3.35,3.36,3.37,3.37,3.38,3.39,3.40,3.41,3.41,3.41,3.30,3.29,3.28,3.27,3.27,3.30,3.33,3.36,3.39,3.43,3.46,3.46,3.41,3.30,3.29,3.26,3.24,3.28,3.35,3.36,3.34
4.35,4.41,4.36,4.23,4.15,4.16,4.28,4.34,4.34,4.30,4.24,4.24,4.20,4.16,4.12,4.13,4.11,4.09,4.06,4.02,4.00,4.00,4.00,3.98,3.98,3.99,3.96,3.87,3.68,3.80,3.88,3.92,3.94,3.95,3.93,3.89,3.84,3.78,3.75,3.68,3.62,3.62,3.58,3.50,3.44,3.42,3.50,3.52,3.47,3.40,3.39,3.37,3.29,3.22,3.23,3.30,3.35,3.36,3.36,3.34,3.33,3.32,3.31,3.33,3.35,3.37,3.36,3.34,3.30,3.27,3.23,3.17,3.12,3.06,3.00,2.94,2.90,2.86,2.82,2.77,2.75,2.80,2.87,2.85,2.78,2.76,2.72,2.70,2.70,2.69,2.75,2.77,2.76,2.72,2.66,2.67,2.84,3.04,3.10,3.08,3.08,3.08,3.09,3.11,3.12,3.13,3.15,3.17,3.19,3.21,3.20,3.19,3.19,3.19,3.18,3.18,3.18,3.17,3.16,3.15,3.15,3.11,3.02,2.98,3.02,3.00,3.05,3.10,3.12,3.09,3.10,3.11,3.11,3.12,3.12,3.10,3.08,3.07,3.12,3.13,3.14,3.13,3.07,3.06,3.06,3.04,3.01,2.99,2.95,2.92,2.87,2.77,2.79,2.79,2.76,2.70,2.78,2.85,2.90,2.96,3.03,3.07,3.10,3.13,3.15,3.13,3.14,3.16,3.17,3.19,3.20,3.22,3.23,3.23,3.22,3.02,2.85,2.90,2.94,2.98,3.02,3.06,3.09,3.13,3.16,3.17,3.17,3.18,3.20,3.20,3.18,3.15,3.07,3.06,3.11,3.15,3.08,3.05,3.09,3.24,3.38,3.45,3.49,3.50,3.47,3.44,3.44,3.49,3.58,3.59,3.58,3.56,3.54,3.52,3.50,3.48,3.46,3.44,3.42,3.42,3.42,3.42,3.41,3.38,3.36,3.36,3.36,3.37,3.37,3.38,3.39,3.40,3.41,3.39,3.31,3.25,3.24,3.23,3.23,3.25,3.29,3.32,3.35,3.38,3.42,3.45,3.44,3.40,3.30,3.26,3.25,3.27,3.30,3.35,3.34,3.29
4.40,4.42,4.31,4.18,4.15,4.22,4.37,4.36,4.34,4.31,4.24,4.23,4.18,4.13,4.09,4.11,4.10,4.06,4.03,4.03,4.00,4.01,4.00,3.98,3.96,3.97,3.93,3.81,3.66,3.84,3.90,3.90,3.94,3.94,3.94,3.91,3.84,3.77,3.76,3.74,3.72,3.70,3.63,3.52,3.44,3.45,3.44,3.39,3.36,3.36,3.36,3.33,3.28,3.23,3.19,3.27,3.32,3.33,3.30,3.27,3.24,3.22,3.20,3.18,3.24,3.26,3.28,3.28,3.26,3.25,3.23,3.19,3.14,3.09,3.04,2.99,2.95,2.92,2.88,2.84,2.81,2.79,2.77,2.75,2.72,2.70,2.69,2.70,2.72,2.74,2.77,2.77,2.75,2.70,2.68,2.69,2.85,3.05,3.10,3.08,3.07,3.07,3.08,3.09,3.11,3.13,3.14,3.15,3.18,3.20,3.20,3.19,3.19,3.19,3.19,3.18,3.18,3.17,3.16,3.15,3.15,3.09,2.98,2.94,3.01,3.02,3.08,3.10,3.09,3.08,3.09,3.10,3.11,3.12,3.12,3.10,3.09,3.08,3.13,3.13,3.14,3.13,3.07,3.06,3.06,3.03,2.98,2.95,2.91,2.89,2.84,2.71,2.77,2.78,2.75,2.72,2.80,2.86,2.91,2.96,3.03,3.09,3.12,3.15,3.17,3.15,3.15,3.17,3.19,3.20,3.22,3.23,3.25,3.25,3.22,3.02,2.85,2.87,2.91,2.95,2.99,3.03,3.07,3.11,3.14,3.17,3.17,3.17,3.19,3.20,3.18,3.14,3.08,3.09,3.14,3.15,3.06,3.07,3.14,3.25,3.35,3.40,3.45,3.51,3.50,3.45,3.45,3.50,3.56,3.61,3.61,3.59,3.58,3.55,3.54,3.52,3.50,3.48,3.46,3.44,3.42,3.41,3.43,3.41,3.39,3.37,3.36,3.37,3.38,3.38,3.39,3.40,3.39,3.33,3.22,3.21,3.20,3.19,3.20,3.23,3.27,3.31,3.34,3.37,3.41,3.44,3.42,3.37,3.29,3.23,3.23,3.29,3.31,3.34,3.31,3.25
4.43,4.37,4.25,4.19,4.22,4.31,4.38,4.34,4.31,4.29,4.26,4.24,4.18,4.13,4.11,4.10,4.09,4.06,4.02,4.01,3.99,4.00,3.99,3.97,3.97,3.96,3.87,3.73,3.62,3.81,3.89,3.89,3.92,3.93,3.91,3.86,3.81,3.76,3.74,3.73,3.71,3.66,3.64,3.59,3.55,3.54,3.46,3.37,3.32,3.32,3.32,3.28,3.22,3.17,3.18,3.26,3.31,3.30,3.24,3.19,3.14,3.11,3.06,2.95,3.06,3.12,3.15,3.17,3.15,3.14,3.12,3.11,3.08,3.06,3.03,3.00,2.96,2.95,2.92,2.89,2.86,2.84,2.81,2.78,2.77,2.77,2.74,2.74,2.77,2.79,2.77,2.78,2.76,2.73,2.70,2.73,2.89,3.06,3.06,3.05,3.05,3.07,3.07,3.08,3.10,3.11,3.13,3.13,3.15,3.18,3.20,3.21,3.20,3.19,3.19,3.18,3.17,3.16,3.14,3.13,3.13,3.10,2.99,2.92,2.95,3.03,3.11,3.14,3.11,3.10,3.11,3.11,3.11,3.10,3.10,3.11,3.10,3.08,3.13,3.13,3.14,3.13,3.09,3.06,3.04,3.01,2.98,2.95,2.92,2.88,2.81,2.71,2.77,2.76,2.74,2.78,2.84,2.87,2.91,2.97,3.03,3.10,3.15,3.17,3.18,3.16,3.17,3.18,3.20,3.21,3.23,3.24,3.26,3.27,3.18,3.00,2.86,2.88,2.90,2.93,2.96,3.00,3.04,3.08,3.12,3.15,3.18,3.18,3.18,3.19,3.18,3.09,3.05,3.09,3.17,3.14,3.03,3.08,3.21,3.30,3.36,3.35,3.38,3.47,3.51,3.49,3.49,3.51,3.50,3.62,3.65,3.63,3.61,3.59,3.57,3.55,3.53,3.51,3.49,3.48,3.46,3.44,3.43,3.41,3.41,3.43,3.38,3.38,3.38,3.39,3.40,3.37,3.29,3.21,3.17,3.17,3.15,3.16,3.19,3.22,3.26,3.29,3.33,3.36,3.39,3.43,3.39,3.29,3.22,3.20,3.23,3.28,3.31,3.31,3.29,3.23
4.43,4.33,4.20,4.20,4.26,4.35,4.38,4.34,4.30,4.28,4.28,4.25,4.19,4.14,4.13,4.11,4.08,4.05,4.03,4.00,3.99,3.99,3.99,3.96,3.94,3.92,3.81,3.67,3.60,3.77,3.85,3.87,3.89,3.90,3.88,3.84,3.79,3.78,3.75,3.72,3.69,3.64,3.63,3.61,3.58,3.56,3.49,3.43,3.40,3.38,3.31,3.23,3.14,3.11,3.18,3.27,3.31,3.29,3.21,3.11,3.12,3.14,3.12,3.04,3.12,3.15,3.16,3.17,3.15,3.06,3.01,3.00,2.98,2.98,2.97,2.95,2.92,2.91,2.90,2.88,2.86,2.86,2.83,2.81,2.80,2.80,2.75,2.76,2.79,2.80,2.79,2.79,2.78,2.76,2.74,2.73,2.80,2.89,2.96,2.99,3.01,3.03,3.05,3.07,3.09,3.10,3.11,3.13,3.13,3.18,3.21,3.20,3.17,3.16,3.15,3.14,3.12,3.14,3.14,3.13,3.12,3.06,2.97,2.91,2.93,3.02,3.11,3.14,3.12,3.10,3.10,3.10,3.09,3.08,3.11,3.13,3.11,3.10,3.17,3.15,3.15,3.14,3.10,3.06,3.03,3.01,2.98,2.96,2.93,2.87,2.79,2.73,2.76,2.73,2.72,2.80,2.87,2.90,2.93,2.98,3.03,3.10,3.16,3.18,3.18,3.17,3.18,3.19,3.21,3.23,3.24,3.25,3.27,3.27,3.11,2.96,2.89,2.90,2.91,2.93,2.95,2.98,3.01,3.05,3.09,3.13,3.16,3.18,3.18,3.18,3.15,3.05,3.04,3.10,3.16,3.09,2.99,3.07,3.23,3.32,3.35,3.36,3.38,3.43,3.50,3.51,3.51,3.51,3.48,3.61,3.66,3.66,3.64,3.62,3.60,3.59,3.57,3.55,3.53,3.51,3.49,3.47,3.45,3.44,3.43,3.44,3.40,3.38,3.38,3.37,3.29,3.26,3.19,3.14,3.13,3.12,3.12,3.14,3.18,3.21,3.25,3.28,3.31,3.34,3.38,3.39,3.35,3.27,3.20,3.21,3.25,3.30,3.30,3.28,3.23,3.18
4.40,4.28,4.16,4.21,4.30,4.36,4.37,4.33,4.30,4.28,4.29,4.26,4.21,4.17,4.14,4.14,4.07,4.04,4.03,4.01,3.99,3.99,3.99,3.95,3.90,3.87,3.76,3.60,3.59,3.72,3.81,3.86,3.87,3.87,3.86,3.82,3.78,3.80,3.76,3.72,3.68,3.63,3.61,3.59,3.57,3.54,3.52,3.53,3.53,3.47,3.33,3.19,3.07,3.05,3.20,3.28,3.32,3.29,3.19,3.05,3.15,3.24,3.28,3.29,3.28,3.27,3.25,3.24,3.21,3.03,2.92,2.90,2.87,2.90,2.90,2.87,2.85,2.85,2.83,2.82,2.82,2.85,2.84,2.83,2.82,2.80,2.75,2.77,2.79,2.78,2.81,2.80,2.80,2.80,2.78,2.73,2.64,2.64,2.83,2.91,2.95,2.97,3.01,3.04,3.06,3.08,3.10,3.12,3.12,3.18,3.23,3.18,3.13,3.11,3.09,3.08,3.07,3.11,3.14,3.13,3.10,3.00,2.94,2.92,2.93,3.01,3.09,3.12,3.12,3.09,3.09,3.07,3.06,3.07,3.14,3.15,3.13,3.12,3.23,3.17,3.16,3.16,3.11,3.07,3.04,3.01,2.99,2.96,2.93,2.86,2.78,2.75,2.76,2.71,2.70,2.81,2.89,2.93,2.96,3.00,3.04,3.10,3.17,3.20,3.17,3.17,3.19,3.21,3.22,3.24,3.25,3.26,3.27,3.26,3.03,2.94,2.93,2.92,2.93,2.94,2.96,2.98,3.00,3.03,3.06,3.10,3.14,3.17,3.18,3.16,3.12,3.02,3.05,3.11,3.14,3.03,2.95,3.05,3.22,3.31,3.33,3.39,3.41,3.39,3.47,3.51,3.51,3.50,3.48,3.59,3.66,3.70,3.68,3.66,3.64,3.62,3.61,3.58,3.57,3.55,3.53,3.51,3.49,3.47,3.45,3.44,3.42,3.39,3.39,3.33,3.13,3.12,3.11,3.09,3.09,3.07,3.10,3.13,3.17,3.20,3.24,3.27,3.30,3.33,3.37,3.35,3.30,3.26,3.23,3.25,3.30,3.32,3.29,3.24,3.17,3.12
4.34,4.24,4.20,4.31,4.38,4.38,4.33,4.31,4.32,4.32,4.27,4.25,4.22,4.19,4.16,4.13,4.09,4.07,4.05,4.04,4.01,3.98,3.96,3.95,3.91,3.89,3.76,3.57,3.56,3.75,3.83,3.86,3.88,3.88,3.86,3.82,3.78,3.78,3.74,3.70,3.66,3.63,3.59,3.57,3.56,3.53,3.49,3.50,3.48,3.44,3.42,3.23,3.10,3.09,3.25,3.31,3.33,3.27,3.16,3.07,3.18,3.25,3.27,3.27,3.30,3.30,3.28,3.26,3.22,3.25,3.26,3.24,3.21,3.13,2.99,2.84,2.74,2.74,2.73,2.73,2.74,2.77,2.79,2.79,2.78,2.77,2.76,2.77,2.78,2.76,2.81,2.81,2.81,2.83,2.82,2.80,2.75,2.72,2.74,2.76,2.77,2.76,2.75,2.84,2.92,2.97,2.99,3.04,3.07,3.10,3.13,3.14,3.13,3.08,3.06,3.10,3.11,3.14,3.15,3.12,3.05,2.90,2.88,2.91,2.97,3.07,3.10,3.12,3.12,3.09,3.10,3.07,3.04,3.05,3.10,3.11,3.09,3.07,3.14,3.13,3.16,3.18,3.13,3.09,3.06,3.03,3.00,2.98,2.94,2.84,2.73,2.75,2.76,2.72,2.72,2.86,2.93,2.98,3.00,3.03,3.07,3.11,3.18,3.22,3.17,3.18,3.20,3.21,3.21,3.21,3.22,3.23,3.23,3.23,3.08,3.02,3.01,3.00,2.99,2.98,2.99,3.00,3.01,3.03,3.05,3.08,3.12,3.15,3.16,3.14,3.10,2.99,3.05,3.12,3.13,3.00,3.01,3.10,3.21,3.29,3.33,3.38,3.40,3.38,3.45,3.48,3.50,3.51,3.50,3.54,3.65,3.73,3.72,3.69,3.68,3.66,3.64,3.62,3.60,3.58,3.56,3.54,3.52,3.51,3.49,3.47,3.45,3.43,3.42,3.34,3.10,3.08,3.07,3.05,3.05,3.06,3.10,3.14,3.18,3.22,3.26,3.30,3.34,3.38,3.39,3.35,3.29,3.23,3.24,3.27,3.31,3.34,3.30,3.24,3.13,3.10
4.30,4.23,4.26,4.37,4.42,4.39,4.31,4.30,4.34,4.34,4.28,4.26,4.23,4.19,4.16,4.13,4.11,4.09,4.06,4.04,4.00,3.96,3.94,3.93,3.89,3.89,3.75,3.55,3.53,3.75,3.84,3.86,3.87,3.85,3.83,3.81,3.79,3.78,3.75,3.70,3.65,3.63,3.57,3.55,3.54,3.52,3.47,3.47,3.46,3.45,3.47,3.25,3.13,3.13,3.27,3.30,3.31,3.23,3.11,3.12,3.20,3.27,3.34,3.46,3.37,3.32,3.30,3.27,3.23,3.31,3.33,3.30,3.28,3.23,3.11,2.97,2.84,2.81,2.80,2.79,2.76,2.70,2.71,2.72,2.73,2.72,2.75,2.77,2.77,2.77,2.80,2.80,2.81,2.83,2.84,2.84,2.82,2.79,2.73,2.73,2.72,2.69,2.66,2.74,2.81,2.84,2.86,2.93,2.99,3.00,3.01,3.05,3.06,3.01,3.02,3.09,3.12,3.14,3.14,3.10,2.98,2.84,2.83,2.90,3.00,3.09,3.10,3.11,3.11,3.10,3.11,3.08,3.05,3.04,3.06,3.06,3.05,3.02,3.07,3.08,3.14,3.19,3.15,3.11,3.07,3.04,3.00,2.97,2.92,2.81,2.72,2.76,2.75,2.72,2.76,2.90,2.98,3.03,3.05,3.06,3.10,3.11,3.16,3.21,3.17,3.19,3.20,3.21,3.21,3.21,3.21,3.22,3.21,3.17,3.11,3.08,3.07,3.06,3.05,3.04,3.04,3.04,3.04,3.05,3.07,3.08,3.11,3.14,3.15,3.13,3.07,2.99,3.06,3.12,3.11,2.98,3.06,3.15,3.24,3.30,3.34,3.38,3.39,3.39,3.43,3.45,3.47,3.50,3.52,3.52,3.63,3.73,3.75,3.73,3.71,3.69,3.67,3.66,3.63,3.62,3.60,3.58,3.56,3.54,3.52,3.50,3.49,3.47,3.43,3.32,3.09,3.06,3.04,3.03,3.03,3.07,3.11,3.15,3.19,3.23,3.28,3.32,3.36,3.41,3.38,3.33,3.27,3.23,3.26,3.30,3.33,3.35,3.30,3.22,3.13,3.14
4.28,4.26,4.34,4.40,4.42,4.39,4.31,4.31,4.34,4.36,4.32,4.27,4.22,4.18,4.14,4.13,4.13,4.10,4.05,4.00,3.96,3.94,3.93,3.89,3.86,3.85,3.73,3.55,3.51,3.74,3.84,3.85,3.83,3.79,3.79,3.81,3.82,3.81,3.77,3.71,3.65,3.62,3.57,3.54,3.52,3.52,3.48,3.45,3.47,3.50,3.46,3.24,3.15,3.17,3.27,3.27,3.25,3.16,3.04,3.18,3.24,3.31,3.48,3.87,3.49,3.34,3.29,3.25,3.25,3.18,3.11,3.05,3.04,3.17,3.26,3.28,3.17,3.07,3.08,3.05,2.90,2.63,2.61,2.64,2.67,2.66,2.72,2.74,2.76,2.79,2.80,2.79,2.79,2.81,2.84,2.85,2.85,2.84,2.81,2.82,2.81,2.79,2.76,2.74,2.72,2.70,2.70,2.79,2.90,2.88,2.86,2.92,2.91,2.91,2.97,3.05,3.09,3.12,3.13,3.07,2.92,2.82,2.81,2.89,3.03,3.08,3.09,3.08,3.08,3.12,3.11,3.10,3.08,3.05,3.00,3.00,3.00,2.99,3.02,3.05,3.11,3.18,3.17,3.13,3.09,3.05,2.99,2.95,2.87,2.79,2.74,2.79,2.71,2.72,2.81,2.94,3.05,3.09,3.10,3.10,3.12,3.08,3.12,3.18,3.18,3.20,3.21,3.21,3.22,3.23,3.23,3.23,3.21,3.09,3.09,3.10,3.11,3.12,3.13,3.13,3.11,3.09,3.09,3.09,3.10,3.11,3.12,3.13,3.14,3.11,3.05,3.00,3.09,3.12,3.06,2.96,3.11,3.23,3.30,3.36,3.38,3.38,3.39,3.43,3.43,3.42,3.43,3.47,3.53,3.53,3.60,3.70,3.78,3.77,3.75,3.73,3.71,3.69,3.67,3.66,3.64,3.61,3.60,3.58,3.56,3.54,3.52,3.51,3.43,3.28,3.10,3.05,3.03,3.03,3.04,3.09,3.13,3.17,3.21,3.25,3.29,3.34,3.38,3.42,3.34,3.27,3.24,3.27,3.29,3.34,3.36,3.34,3.27,3.18,3.19,3.26
4.26,4.29,4.41,4.42,4.41,4.39,4.33,4.32,4.33,4.34,4.32,4.27,4.22,4.17,4.14,4.14,4.10,4.07,4.04,3.99,3.96,3.94,3.91,3.90,3.87,3.86,3.75,3.59,3.51,3.74,3.83,3.85,3.85,3.82,3.81,3.81,3.81,3.79,3.75,3.71,3.67,3.64,3.60,3.56,3.53,3.53,3.49,3.45,3.45,3.47,3.43,3.18,3.12,3.20,3.29,3.28,3.23,3.14,3.08,3.34,3.41,3.57,3.88,4.41,4.38,4.07,3.70,3.45,3.21,3.11,3.05,2.99,2.95,3.01,3.04,3.03,2.96,2.89,2.92,2.96,2.95,2.71,2.68,2.67,2.65,2.63,2.71,2.73,2.74,2.76,2.77,2.76,2.75,2.76,2.76,2.77,2.79,2.82,2.83,2.84,2.85,2.85,2.85,2.84,2.83,2.81,2.79,2.82,2.87,2.85,2.82,2.81,2.77,2.73,2.74,2.79,2.84,2.94,3.00,2.98,2.82,2.79,2.80,2.88,3.03,3.09,3.10,3.09,3.10,3.14,3.08,3.07,3.07,3.06,2.97,2.97,2.99,3.01,3.03,3.05,3.09,3.12,3.10,3.09,3.07,3.03,2.99,2.95,2.85,2.77,2.73,2.77,2.69,2.73,2.85,3.02,3.07,3.09,3.09,3.09,3.10,3.09,3.14,3.19,3.17,3.20,3.21,3.23,3.24,3.25,3.26,3.26,3.21,2.99,3.03,3.08,3.11,3.12,3.14,3.14,3.13,3.13,3.13,3.14,3.15,3.15,3.16,3.16,3.15,3.08,2.97,3.02,3.11,3.11,3.03,2.95,3.12,3.23,3.29,3.35,3.39,3.41,3.43,3.45,3.45,3.46,3.46,3.46,3.51,3.54,3.58,3.66,3.79,3.80,3.78,3.76,3.75,3.72,3.71,3.69,3.67,3.65,3.62,3.60,3.57,3.54,3.50,3.48,3.41,3.31,3.23,3.14,3.06,3.03,3.07,3.11,3.16,3.20,3.24,3.28,3.32,3.37,3.40,3.40,3.33,3.26,3.25,3.29,3.31,3.36,3.38,3.34,3.27,3.21,3.17,3.21
4.26,4.36,4.47,4.45,4.41,4.37,4.34,4.33,4.31,4.30,4.29,4.25,4.20,4.16,4.13,4.12,4.07,4.04,4.03,3.98,3.97,3.93,3.90,3.91,3.89,3.87,3.77,3.63,3.52,3.73,3.82,3.82,3.84,3.84,3.83,3.81,3.79,3.77,3.73,3.71,3.68,3.66,3.63,3.58,3.54,3.53,3.50,3.45,3.44,3.44,3.38,3.13,3.11,3.23,3.31,3.30,3.21,3.13,3.15,3.47,3.57,3.80,4.21,4.79,5.12,4.91,4.43,3.90,3.25,3.06,2.96,2.85,2.82,2.85,2.84,2.80,2.76,2.72,2.75,2.84,2.95,2.79,2.76,2.71,2.65,2.62,2.70,2.72,2.72,2.72,2.75,2.74,2.72,2.71,2.68,2.70,2.73,2.77,2.80,2.83,2.85,2.88,2.90,2.90,2.92,2.92,2.90,2.88,2.88,2.87,2.84,2.76,2.70,2.64,2.60,2.61,2.66,2.78,2.86,2.86,2.74,2.77,2.77,2.85,3.00,3.05,3.07,3.08,3.11,3.14,3.06,3.04,3.05,3.07,2.95,2.94,2.98,3.02,3.03,3.06,3.07,3.07,3.04,3.05,3.04,3.01,2.98,2.93,2.82,2.75,2.73,2.74,2.69,2.74,2.88,3.07,3.08,3.08,3.08,3.08,3.08,3.10,3.16,3.20,3.16,3.19,3.22,3.24,3.25,3.27,3.29,3.29,3.21,2.91,2.97,3.05,3.11,3.12,3.13,3.14,3.14,3.15,3.16,3.18,3.18,3.18,3.19,3.18,3.15,3.05,2.91,3.04,3.12,3.09,3.00,2.97,3.13,3.22,3.28,3.33,3.38,3.43,3.46,3.48,3.47,3.51,3.50,3.48,3.50,3.54,3.56,3.62,3.77,3.82,3.82,3.80,3.78,3.76,3.74,3.71,3.69,3.66,3.63,3.60,3.56,3.52,3.43,3.41,3.38,3.34,3.32,3.21,3.10,3.05,3.10,3.14,3.19,3.23,3.27,3.31,3.35,3.39,3.40,3.36,3.30,3.26,3.26,3.31,3.34,3.38,3.38,3.33,3.26,3.23,3.16,3.17
4.35,4.49,4.49,4.47,4.40,4.32,4.33,4.33,4.28,4.23,4.24,4.21,4.19,4.16,4.11,4.06,4.05,4.04,4.03,4.00,3.97,3.93,3.91,3.90,3.89,3.86,3.79,3.67,3.51,3.71,3.77,3.75,3.76,3.78,3.80,3.79,3.76,3.75,3.72,3.70,3.68,3.65,3.62,3.59,3.55,3.51,3.50,3.48,3.47,3.44,3.32,3.14,3.16,3.28,3.35,3.31,3.20,3.17,3.27,3.52,3.64,3.89,4.27,4.68,5.17,5.79,5.81,4.95,2.73,2.04,2.08,2.43,2.55,2.75,2.83,2.82,2.78,2.74,2.74,2.78,2.84,2.80,2.78,2.74,2.68,2.64,2.68,2.70,2.70,2.69,2.71,2.71,2.70,2.68,2.65,2.68,2.68,2.67,2.69,2.72,2.78,2.83,2.86,2.87,2.91,2.93,2.95,2.96,2.96,2.96,2.94,2.88,2.85,2.81,2.78,2.75,2.73,2.70,2.70,2.71,2.70,2.74,2.74,2.77,2.87,2.90,2.94,3.01,3.08,3.11,3.02,3.00,3.02,3.02,2.93,2.93,2.96,3.00,3.01,3.04,3.06,3.05,3.02,3.01,3.00,2.98,2.96,2.89,2.76,2.71,2.73,2.72,2.72,2.78,2.91,3.08,3.07,3.07,3.07,3.07,3.08,3.12,3.16,3.19,3.17,3.19,3.21,3.23,3.25,3.27,3.28,3.29,3.21,2.91,2.95,3.04,3.11,3.12,3.13,3.14,3.14,3.15,3.16,3.17,3.18,3.18,3.19,3.16,3.12,3.03,2.93,3.07,3.10,3.05,2.99,3.05,3.14,3.21,3.26,3.32,3.35,3.41,3.46,3.50,3.51,3.54,3.54,3.54,3.53,3.53,3.54,3.60,3.72,3.85,3.86,3.84,3.81,3.77,3.73,3.70,3.67,3.64,3.61,3.58,3.53,3.45,3.24,3.26,3.29,3.30,3.30,3.17,3.10,3.09,3.14,3.17,3.21,3.26,3.31,3.35,3.38,3.39,3.37,3.31,3.23,3.24,3.29,3.35,3.40,3.38,3.33,3.27,3.21,3.15,3.15,3.21
4.40,4.51,4.47,4.45,4.40,4.34,4.34,4.33,4.28,4.23,4.23,4.21,4.18,4.15,4.10,4.05,4.05,4.05,4.04,4.01,3.99,3.95,3.93,3.92,3.89,3.86,3.80,3.68,3.48,3.63,3.70,3.71,3.72,3.75,3.78,3.77,3.74,3.72,3.71,3.71,3.70,3.65,3.63,3.59,3.56,3.52,3.51,3.49,3.49,3.46,3.29,3.17,3.21,3.32,3.37,3.31,3.20,3.20,3.35,3.60,3.73,3.98,4.34,4.70,5.27,6.25,6.38,5.13,2.42,1.57,1.50,2.30,2.47,2.72,2.82,2.83,2.78,2.65,2.36,2.40,2.84,2.83,2.81,2.77,2.73,2.68,2.67,2.68,2.69,2.69,2.67,2.68,2.71,2.73,2.73,2.73,2.74,2.74,2.73,2.72,2.73,2.74,2.75,2.79,2.83,2.87,2.91,2.94,2.95,2.96,2.96,2.93,2.93,2.90,2.87,2.84,2.81,2.75,2.72,2.72,2.75,2.77,2.76,2.78,2.84,2.86,2.90,2.95,2.99,2.98,2.95,2.95,2.96,2.97,2.91,2.91,2.94,2.98,2.99,3.01,3.02,3.02,2.99,2.98,2.97,2.96,2.94,2.86,2.75,2.72,2.74,2.69,2.73,2.81,2.93,3.07,3.07,3.07,3.06,3.06,3.09,3.13,3.16,3.17,3.15,3.19,3.20,3.21,3.23,3.25,3.25,3.24,3.17,2.94,2.97,3.05,3.11,3.12,3.12,3.13,3.14,3.15,3.16,3.18,3.18,3.18,3.17,3.16,3.08,3.00,2.96,3.08,3.09,3.03,2.98,3.09,3.15,3.20,3.25,3.30,3.34,3.39,3.45,3.50,3.53,3.56,3.57,3.58,3.57,3.57,3.59,3.66,3.78,3.85,3.85,3.83,3.80,3.76,3.72,3.69,3.66,3.62,3.58,3.56,3.55,3.54,3.46,3.53,3.45,3.30,3.25,3.16,3.13,3.14,3.19,3.21,3.24,3.29,3.34,3.37,3.40,3.38,3.33,3.26,3.21,3.26,3.33,3.39,3.42,3.37,3.31,3.25,3.19,3.18,3.21,3.26
4.44,4.49,4.44,4.42,4.41,4.39,4.35,4.33,4.30,4.27,4.24,4.22,4.18,4.14,4.11,4.07,4.06,4.06,4.05,4.03,4.02,3.98,3.96,3.95,3.89,3.85,3.80,3.69,3.45,3.52,3.63,3.70,3.70,3.73,3.75,3.75,3.73,3.70,3.70,3.72,3.72,3.66,3.65,3.60,3.56,3.54,3.53,3.50,3.50,3.48,3.27,3.20,3.25,3.35,3.39,3.32,3.20,3.22,3.42,3.68,3.82,4.08,4.44,4.79,5.44,6.54,6.54,4.82,2.11,1.27,1.04,1.04,1.02,1.06,1.07,1.19,1.57,2.50,1.86,1.93,2.88,2.80,2.81,2.80,2.77,2.72,2.67,2.66,2.69,2.71,2.64,2.65,2.72,2.81,2.84,2.82,2.84,2.86,2.83,2.76,2.69,2.63,2.63,2.70,2.73,2.77,2.82,2.87,2.89,2.91,2.94,2.94,2.97,2.95,2.92,2.90,2.89,2.83,2.81,2.81,2.84,2.82,2.81,2.82,2.85,2.87,2.90,2.91,2.88,2.81,2.87,2.88,2.89,2.91,2.87,2.89,2.92,2.95,2.97,2.98,2.98,2.98,2.97,2.96,2.95,2.94,2.92,2.83,2.76,2.75,2.76,2.67,2.74,2.84,2.95,3.06,3.08,3.07,3.06,3.07,3.10,3.13,3.14,3.14,3.13,3.17,3.18,3.19,3.19,3.22,3.20,3.18,3.13,3.00,3.00,3.05,3.10,3.11,3.12,3.13,3.14,3.15,3.17,3.19,3.19,3.18,3.15,3.16,3.05,2.96,2.99,3.09,3.09,3.02,2.97,3.11,3.15,3.19,3.24,3.28,3.33,3.38,3.43,3.48,3.54,3.58,3.60,3.61,3.62,3.64,3.68,3.76,3.88,3.87,3.85,3.82,3.77,3.74,3.70,3.67,3.64,3.60,3.55,3.54,3.59,3.70,3.83,3.94,3.70,3.33,3.22,3.18,3.17,3.19,3.23,3.26,3.28,3.31,3.36,3.39,3.42,3.37,3.28,3.22,3.21,3.30,3.38,3.42,3.41,3.35,3.29,3.24,3.18,3.25,3.29,3.32
4.52,4.50,4.46,4.44,4.41,4.38,4.35,4.31,4.30,4.28,4.21,4.21,4.16,4.13,4.13,4.10,4.06,4.05,4.06,4.07,4.03,4.00,3.98,3.97,3.91,3.86,3.83,3.75,3.47,3.45,3.57,3.70,3.73,3.73,3.74,3.74,3.73,3.71,3.71,3.71,3.71,3.71,3.67,3.63,3.60,3.56,3.57,3.53,3.52,3.45,3.16,3.21,3.31,3.38,3.39,3.30,3.19,3.27,3.57,3.78,3.98,4.27,4.64,5.05,6.00,6.86,6.35,4.12,1.66,1.12,1.04,1.05,1.03,1.05,1.05,1.08,1.20,1.45,1.30,1.32,1.68,2.04,2.56,2.82,2.76,2.66,2.66,2.67,2.70,2.71,2.66,2.67,2.76,2.88,2.89,2.85,2.86,2.87,2.86,2.82,2.78,2.76,2.75,2.74,2.73,2.73,2.74,2.76,2.78,2.79,2.80,2.83,2.86,2.88,2.88,2.87,2.88,2.83,2.83,2.84,2.85,2.83,2.82,2.83,2.87,2.88,2.90,2.91,2.88,2.78,2.83,2.83,2.81,2.83,2.83,2.89,2.91,2.91,2.94,2.94,2.94,2.95,2.95,2.94,2.93,2.92,2.90,2.81,2.76,2.75,2.74,2.65,2.74,2.87,2.99,3.08,3.07,3.06,3.06,3.07,3.09,3.10,3.10,3.11,3.11,3.11,3.12,3.14,3.16,3.18,3.18,3.18,3.17,3.11,3.09,3.09,3.10,3.12,3.15,3.17,3.17,3.17,3.19,3.19,3.19,3.18,3.17,3.15,3.00,2.93,3.03,3.12,3.08,3.01,2.99,3.13,3.17,3.20,3.24,3.28,3.32,3.37,3.42,3.47,3.49,3.56,3.60,3.63,3.65,3.78,3.84,3.92,4.04,4.04,4.00,3.90,3.78,3.72,3.69,3.66,3.62,3.58,3.56,3.58,3.67,3.83,3.95,3.85,3.69,3.52,3.43,3.36,3.26,3.20,3.22,3.27,3.30,3.31,3.32,3.34,3.37,3.34,3.26,3.18,3.25,3.34,3.41,3.43,3.39,3.31,3.28,3.27,3.25,3.30,3.32,3.34
4.55,4.51,4.45,4.44,4.41,4.39,4.35,4.31,4.30,4.27,4.19,4.20,4.15,4.13,4.13,4.12,4.06,4.04,4.05,4.07,4.03,4.00,3.99,3.97,3.92,3.87,3.84,3.78,3.55,3.46,3.56,3.71,3.77,3.74,3.73,3.73,3.73,3.72,3.73,3.72,3.71,3.74,3.67,3.64,3.61,3.58,3.56,3.51,3.46,3.36,3.13,3.25,3.36,3.41,3.39,3.29,3.22,3.37,3.72,3.91,4.08,4.37,4.78,5.29,6.42,6.74,6.02,3.77,1.38,1.05,1.05,1.04,1.03,1.04,1.04,1.04,1.03,1.05,1.04,1.04,1.10,1.62,2.55,2.83,2.76,2.62,2.66,2.69,2.71,2.70,2.67,2.69,2.79,2.92,2.93,2.89,2.88,2.89,2.89,2.86,2.85,2.83,2.81,2.77,2.75,2.73,2.71,2.70,2.71,2.71,2.73,2.75,2.75,2.78,2.80,2.81,2.83,2.80,2.82,2.84,2.84,2.83,2.82,2.83,2.88,2.89,2.90,2.91,2.89,2.82,2.86,2.85,2.83,2.83,2.83,2.87,2.87,2.85,2.88,2.88,2.89,2.89,2.90,2.88,2.90,2.91,2.88,2.76,2.75,2.75,2.72,2.61,2.74,2.90,3.03,3.07,3.05,3.04,3.04,3.05,3.06,3.07,3.07,3.08,3.09,3.07,3.07,3.06,3.05,3.07,3.12,3.13,3.11,3.12,3.11,3.12,3.13,3.14,3.17,3.18,3.18,3.18,3.18,3.18,3.17,3.17,3.18,3.12,2.97,2.93,3.07,3.12,3.06,3.01,3.02,3.14,3.18,3.22,3.25,3.28,3.33,3.37,3.42,3.46,3.48,3.54,3.60,3.63,3.67,3.79,3.97,4.13,4.21,4.23,4.16,4.01,3.84,3.73,3.68,3.64,3.61,3.58,3.56,3.62,3.75,3.92,4.04,3.86,3.72,3.63,3.56,3.51,3.40,3.30,3.26,3.26,3.28,3.29,3.28,3.28,3.31,3.28,3.23,3.20,3.29,3.38,3.43,3.43,3.37,3.30,3.26,3.27,3.30,3.33,3.34,3.35
4.53,4.49,4.42,4.41,4.41,4.39,4.36,4.33,4.29,4.24,4.19,4.18,4.16,4.14,4.13,4.10,4.06,4.02,4.01,4.04,4.03,4.01,3.98,3.95,3.91,3.89,3.84,3.77,3.70,3.54,3.59,3.73,3.80,3.76,3.73,3.72,3.72,3.74,3.76,3.74,3.72,3.76,3.67,3.63,3.62,3.61,3.50,3.43,3.32,3.20,3.20,3.32,3.41,3.44,3.39,3.29,3.31,3.52,3.87,4.05,4.14,4.40,4.86,5.50,6.72,6.19,5.37,2.20,1.26,1.07,1.05,1.04,1.03,1.04,1.05,1.06,1.05,1.06,1.04,1.03,1.05,1.06,2.87,2.86,2.76,2.60,2.67,2.72,2.72,2.68,2.66,2.71,2.82,2.93,2.96,2.92,2.91,2.91,2.92,2.89,2.88,2.85,2.82,2.80,2.78,2.75,2.72,2.70,2.67,2.69,2.71,2.72,2.65,2.66,2.69,2.72,2.75,2.74,2.78,2.82,2.81,2.82,2.81,2.84,2.90,2.91,2.90,2.90,2.93,2.95,2.95,2.94,2.92,2.91,2.87,2.84,2.80,2.76,2.79,2.82,2.81,2.79,2.82,2.80,2.87,2.91,2.86,2.69,2.73,2.75,2.70,2.56,2.74,2.94,3.06,3.04,3.01,3.01,3.01,3.02,3.02,3.04,3.05,3.05,3.06,3.04,3.02,2.96,2.87,2.90,3.02,3.01,2.95,3.03,3.05,3.13,3.19,3.19,3.18,3.17,3.17,3.16,3.15,3.15,3.15,3.15,3.18,3.08,2.96,2.96,3.10,3.10,3.03,3.02,3.07,3.15,3.20,3.23,3.26,3.30,3.34,3.38,3.41,3.45,3.49,3.54,3.58,3.61,3.69,3.67,4.07,4.41,4.42,4.43,4.31,4.14,3.96,3.78,3.68,3.63,3.60,3.58,3.56,3.65,3.80,3.97,4.11,3.96,3.78,3.65,3.63,3.62,3.59,3.50,3.36,3.23,3.24,3.25,3.25,3.22,3.24,3.20,3.18,3.26,3.34,3.41,3.44,3.43,3.35,3.29,3.25,3.26,3.34,3.35,3.35,3.37
4.48,4.45,4.43,4.42,4.41,4.40,4.39,4.34,4.29,4.24,4.17,4.15,4.14,4.13,4.12,4.08,4.06,4.03,4.01,4.01,3.99,3.98,3.96,3.92,3.89,3.89,3.87,3.82,3.77,3.60,3.57,3.67,3.82,3.74,3.72,3.70,3.70,3.72,3.74,3.73,3.72,3.74,3.68,3.63,3.56,3.46,3.41,3.34,3.25,3.19,3.24,3.36,3.44,3.46,3.40,3.28,3.34,3.58,3.93,4.11,4.27,4.57,5.08,5.83,6.04,4.99,4.04,1.52,1.13,1.05,1.04,1.04,1.02,1.03,1.04,1.05,1.04,1.05,1.04,1.03,1.03,1.01,2.02,2.36,2.75,2.60,2.68,2.72,2.71,2.67,2.64,2.74,2.86,2.94,2.96,2.95,2.94,2.93,2.94,2.92,2.89,2.87,2.84,2.82,2.79,2.76,2.74,2.71,2.69,2.69,2.70,2.71,2.70,2.71,2.72,2.73,2.76,2.75,2.76,2.79,2.80,2.82,2.83,2.85,2.88,2.89,2.88,2.90,2.93,2.95,2.98,2.98,2.97,2.97,2.92,2.89,2.85,2.81,2.81,2.81,2.79,2.78,2.76,2.74,2.76,2.78,2.76,2.70,2.76,2.75,2.68,2.61,2.75,2.88,2.97,3.01,2.96,2.96,2.97,2.98,2.97,3.01,3.04,3.06,3.04,2.98,2.89,2.78,2.68,2.69,2.91,3.01,2.98,3.01,3.05,3.12,3.17,3.18,3.18,3.17,3.16,3.15,3.15,3.14,3.15,3.16,3.16,3.08,2.99,3.00,3.11,3.08,2.99,3.00,3.10,3.17,3.21,3.24,3.27,3.31,3.35,3.39,3.42,3.46,3.50,3.54,3.58,3.63,3.71,3.76,4.15,4.42,4.34,4.33,4.26,4.13,3.98,3.83,3.72,3.63,3.60,3.65,3.65,3.77,3.91,4.00,3.99,3.86,3.70,3.57,3.55,3.66,3.67,3.61,3.51,3.44,3.39,3.33,3.27,3.21,3.20,3.19,3.22,3.31,3.40,3.45,3.44,3.40,3.32,3.29,3.26,3.25,3.33,3.35,3.36,3.38
4.43,4.41,4.41,4.41,4.41,4.40,4.40,4.34,4.29,4.24,4.15,4.13,4.13,4.12,4.11,4.06,4.06,4.04,4.00,3.98,3.96,3.96,3.95,3.91,3.88,3.89,3.89,3.86,3.82,3.65,3.58,3.63,3.77,3.71,3.69,3.68,3.69,3.71,3.73,3.72,3.72,3.73,3.67,3.60,3.50,3.35,3.40,3.34,3.25,3.20,3.28,3.39,3.46,3.46,3.39,3.27,3.39,3.66,4.00,4.21,4.43,4.77,5.32,6.16,5.38,3.93,2.90,1.07,1.04,1.03,1.03,1.03,1.02,1.03,1.04,1.04,1.03,1.04,1.04,1.03,1.03,1.03,1.54,2.08,2.72,2.61,2.69,2.71,2.70,2.66,2.62,2.76,2.87,2.93,2.96,2.97,2.97,2.95,2.95,2.94,2.91,2.89,2.87,2.83,2.80,2.78,2.75,2.72,2.70,2.69,2.69,2.71,2.74,2.76,2.77,2.78,2.81,2.80,2.79,2.79,2.81,2.83,2.85,2.86,2.87,2.88,2.87,2.89,2.93,2.95,2.99,2.99,2.99,2.99,2.95,2.93,2.91,2.88,2.85,2.82,2.80,2.80,2.76,2.74,2.71,2.70,2.72,2.75,2.81,2.78,2.69,2.65,2.73,2.81,2.88,2.95,2.90,2.91,2.93,2.94,2.92,2.98,3.03,3.06,3.03,2.94,2.78,2.61,2.49,2.49,2.75,2.87,2.85,2.90,3.03,3.11,3.16,3.17,3.17,3.16,3.15,3.15,3.14,3.14,3.16,3.17,3.15,3.04,2.99,3.03,3.11,3.06,2.96,3.00,3.12,3.18,3.22,3.25,3.29,3.32,3.36,3.39,3.43,3.47,3.50,3.54,3.58,3.65,3.79,3.95,4.25,4.37,4.19,4.17,4.15,4.08,3.96,3.84,3.73,3.63,3.60,3.70,3.76,3.88,3.97,3.99,3.87,3.74,3.61,3.53,3.52,3.68,3.71,3.68,3.64,3.63,3.53,3.42,3.31,3.23,3.18,3.21,3.28,3.37,3.45,3.47,3.44,3.37,3.29,3.28,3.27,3.27,3.32,3.37,3.39,3.41
4.41,4.38,4.37,4.38,4.40,4.41,4.38,4.32,4.27,4.22,4.15,4.16,4.13,4.11,4.09,4.05,4.05,4.03,3.99,3.96,3.96,3.94,3.93,3.93,3.89,3.88,3.88,3.87,3.83,3.72,3.65,3.62,3.61,3.63,3.63,3.66,3.71,3.73,3.74,3.74,3.73,3.73,3.61,3.51,3.43,3.38,3.58,3.54,3.37,3.20,3.33,3.42,3.46,3.44,3.35,3.27,3.48,3.81,4.15,4.41,4.65,5.00,5.57,6.48,4.99,3.32,2.29,1.07,1.04,1.03,1.02,1.03,1.07,1.04,1.04,1.04,1.03,1.04,1.03,1.02,1.03,1.10,2.20,2.38,2.61,2.63,2.68,2.70,2.69,2.65,2.58,2.72,2.85,2.91,2.95,2.99,2.98,2.96,2.97,2.96,2.93,2.90,2.87,2.84,2.82,2.79,2.77,2.74,2.71,2.69,2.68,2.71,2.71,2.79,2.85,2.87,2.89,2.89,2.88,2.87,2.86,2.87,2.89,2.90,2.88,2.88,2.87,2.90,2.95,2.96,2.97,2.96,2.94,2.92,2.92,2.91,2.92,2.94,2.89,2.87,2.86,2.86,2.86,2.83,2.79,2.78,2.82,2.84,2.87,2.83,2.73,2.65,2.67,2.73,2.79,2.81,2.82,2.84,2.86,2.88,2.87,2.95,3.01,3.05,3.04,2.92,2.69,2.46,2.32,2.28,2.47,2.43,2.29,2.53,2.94,3.12,3.16,3.16,3.17,3.16,3.15,3.14,3.14,3.18,3.19,3.17,3.14,2.90,2.93,3.03,3.09,2.99,2.97,3.03,3.13,3.21,3.25,3.29,3.32,3.36,3.40,3.40,3.42,3.46,3.50,3.54,3.57,3.68,4.00,4.29,4.37,4.24,3.96,3.95,3.99,3.97,3.88,3.76,3.64,3.58,3.60,3.70,3.86,3.93,3.96,3.93,3.78,3.64,3.57,3.57,3.61,3.69,3.71,3.70,3.69,3.68,3.64,3.54,3.41,3.26,3.22,3.26,3.35,3.43,3.48,3.48,3.42,3.33,3.25,3.25,3.30,3.35,3.34,3.41,3.46,3.48
4.39,4.37,4.37,4.38,4.39,4.40,4.35,4.29,4.25,4.21,4.16,4.17,4.13,4.09,4.07,4.04,4.03,4.01,3.99,3.97,3.96,3.93,3.91,3.92,3.89,3.87,3.86,3.84,3.75,3.72,3.71,3.69,3.65,3.67,3.66,3.64,3.66,3.73,3.72,3.68,3.64,3.63,3.54,3.51,3.50,3.52,3.64,3.57,3.39,3.24,3.38,3.45,3.47,3.43,3.32,3.32,3.57,3.90,4.21,4.53,4.84,5.22,5.74,6.48,4.59,3.27,2.12,1.06,1.05,1.04,1.03,1.04,1.07,1.05,1.04,1.04,1.03,1.04,1.04,1.02,1.03,1.11,2.59,2.57,2.57,2.64,2.68,2.69,2.67,2.65,2.64,2.75,2.86,2.92,2.98,3.00,2.99,2.97,2.97,2.96,2.94,2.91,2.88,2.86,2.83,2.81,2.78,2.75,2.73,2.70,2.68,2.69,2.70,2.76,2.84,2.91,2.94,2.92,2.93,2.94,2.94,2.96,2.95,2.94,2.92,2.90,2.90,2.90,2.91,2.92,2.91,2.87,2.85,2.84,2.83,2.85,2.88,2.90,2.87,2.86,2.87,2.89,2.91,2.89,2.88,2.88,2.89,2.92,2.92,2.88,2.81,2.73,2.70,2.71,2.73,2.72,2.76,2.77,2.80,2.85,2.85,2.90,2.95,2.99,3.01,2.93,2.70,2.48,2.34,2.24,2.31,2.31,2.30,2.51,2.94,1.72,0.42,0.43,0.44,2.06,3.13,3.14,3.14,3.17,3.17,3.14,3.06,2.88,2.94,3.05,3.06,2.97,2.99,3.07,3.16,3.23,3.30,3.34,3.38,3.41,3.44,3.45,3.47,3.51,3.55,3.57,3.61,3.77,4.16,4.38,4.30,4.08,3.87,3.83,3.84,3.84,3.78,3.67,3.58,3.57,3.64,3.77,3.91,4.00,3.98,3.85,3.73,3.59,3.55,3.58,3.64,3.69,3.70,3.70,3.68,3.68,3.65,3.56,3.42,3.26,3.26,3.33,3.42,3.50,3.50,3.46,3.39,3.31,3.31,3.32,3.36,3.40,3.39,3.44,3.47,3.50
4.37,4.36,4.38,4.39,4.38,4.37,4.32,4.26,4.23,4.21,4.18,4.16,4.11,4.07,4.04,4.02,4.00,3.99,3.99,3.99,3.95,3.91,3.89,3.90,3.88,3.85,3.84,3.81,3.66,3.71,3.76,3.78,3.77,3.75,3.71,3.64,3.59,3.71,3.67,3.60,3.54,3.52,3.50,3.56,3.63,3.69,3.65,3.52,3.37,3.29,3.42,3.48,3.48,3.41,3.29,3.39,3.67,3.98,4.27,4.64,5.02,5.44,5.89,6.39,4.23,2.36,1.24,1.05,1.07,1.06,1.05,1.04,1.06,1.06,1.05,1.04,1.04,1.05,1.04,1.03,1.04,1.17,2.83,2.70,2.56,2.65,2.68,2.67,2.65,2.64,2.73,2.81,2.87,2.94,3.02,3.01,3.00,2.99,2.97,2.95,2.94,2.92,2.90,2.87,2.84,2.82,2.79,2.76,2.74,2.71,2.69,2.67,2.70,2.72,2.80,2.92,2.97,2.93,2.95,2.99,3.02,3.06,3.02,2.97,2.96,2.94,2.94,2.91,2.87,2.87,2.84,2.80,2.77,2.79,2.74,2.78,2.81,2.82,2.81,2.82,2.85,2.89,2.92,2.92,2.94,2.96,2.95,2.98,2.97,2.94,2.90,2.84,2.78,2.73,2.69,2.67,2.71,2.71,2.75,2.82,2.83,2.84,2.87,2.92,2.96,2.93,2.75,2.57,2.46,2.29,2.26,2.36,2.54,2.65,2.97,0.08,-2.79,-2.75,-2.61,0.84,3.12,3.13,3.14,3.14,3.14,3.09,2.95,2.89,2.99,3.07,3.02,2.95,3.01,3.10,3.19,3.26,3.35,3.40,3.43,3.46,3.49,3.52,3.54,3.58,3.62,3.62,3.69,3.88,4.25,4.34,4.14,3.92,3.84,3.76,3.71,3.69,3.68,3.58,3.54,3.59,3.70,3.85,3.95,4.06,4.00,3.77,3.69,3.57,3.54,3.59,3.65,3.69,3.70,3.69,3.65,3.66,3.63,3.54,3.39,3.26,3.32,3.41,3.49,3.56,3.50,3.43,3.34,3.28,3.38,3.41,3.43,3.44,3.45,3.47,3.48,3.53
4.34,4.34,4.36,4.36,4.34,4.31,4.28,4.25,4.22,4.19,4.17,4.13,4.08,4.04,4.02,3.99,3.97,3.97,3.97,3.97,3.95,3.90,3.87,3.86,3.84,3.83,3.82,3.77,3.68,3.75,3.80,3.82,3.82,3.82,3.79,3.74,3.68,3.65,3.60,3.56,3.57,3.65,3.72,3.73,3.72,3.71,3.69,3.50,3.34,3.30,3.45,3.51,3.49,3.40,3.28,3.42,3.77,4.14,4.47,4.88,5.26,5.72,6.19,6.50,4.11,2.16,1.09,1.04,1.05,1.05,1.04,1.03,1.03,1.05,1.05,1.04,1.04,1.04,1.04,1.04,1.15,1.79,2.78,2.68,2.57,2.65,2.69,2.65,2.61,2.62,2.76,2.84,2.92,3.01,3.03,3.02,3.01,2.99,2.97,2.96,2.95,2.92,2.90,2.88,2.86,2.83,2.81,2.78,2.75,2.73,2.70,2.68,2.69,2.71,2.78,2.90,2.98,2.96,2.97,3.00,3.01,3.05,3.01,2.98,3.01,2.98,2.99,2.98,2.97,2.97,2.96,2.93,2.90,2.87,2.75,2.72,2.72,2.70,2.68,2.72,2.76,2.78,2.80,2.83,2.87,2.92,2.98,2.99,2.98,2.98,2.97,2.91,2.85,2.82,2.80,2.76,2.74,2.73,2.75,2.77,2.76,2.75,2.79,2.85,2.85,2.88,2.83,2.76,2.71,2.63,2.65,2.74,2.85,2.90,3.01,0.62,-1.64,-1.40,-0.34,1.85,3.13,3.10,3.11,3.10,3.10,3.05,2.85,2.89,3.00,3.06,2.99,2.88,3.00,3.11,3.18,3.28,3.35,3.41,3.47,3.54,3.57,3.60,3.63,3.66,3.69,3.73,3.81,3.92,4.04,3.99,3.88,3.81,3.81,3.73,3.67,3.62,3.58,3.54,3.59,3.64,3.74,3.90,3.97,4.02,3.94,3.75,3.67,3.61,3.59,3.60,3.66,3.69,3.70,3.68,3.64,3.62,3.59,3.50,3.37,3.31,3.39,3.48,3.54,3.56,3.52,3.42,3.31,3.24,3.36,3.41,3.45,3.48,3.52,3.56,3.62,3.68
4.31,4.33,4.34,4.32,4.29,4.26,4.24,4.23,4.20,4.17,4.16,4.11,4.07,4.03,4.01,3.99,3.97,3.96,3.96,3.95,3.94,3.91,3.86,3.84,3.83,3.83,3.79,3.73,3.71,3.79,3.83,3.84,3.84,3.86,3.84,3.80,3.73,3.62,3.64,3.65,3.66,3.75,3.80,3.79,3.75,3.70,3.64,3.43,3.32,3.34,3.48,3.53,3.50,3.39,3.27,3.52,3.89,4.27,4.63,5.06,5.47,6.02,6.53,6.74,4.24,2.16,1.03,1.04,1.05,1.04,1.04,1.03,1.02,1.04,1.05,1.04,1.04,1.04,1.04,1.05,1.24,2.21,2.66,2.62,2.58,2.66,2.69,2.65,2.60,2.61,2.83,2.91,2.98,3.05,3.04,3.03,3.01,2.99,2.97,2.96,2.96,2.94,2.91,2.89,2.87,2.84,2.82,2.80,2.77,2.74,2.72,2.69,2.68,2.70,2.75,2.84,2.98,2.98,2.99,3.02,3.03,3.05,3.01,3.00,3.03,3.00,3.01,3.02,3.02,3.01,3.01,2.99,2.96,2.91,2.81,2.75,2.73,2.73,2.71,2.72,2.73,2.72,2.70,2.74,2.80,2.89,2.98,2.98,2.96,2.96,2.96,2.93,2.88,2.86,2.85,2.82,2.79,2.79,2.79,2.78,2.77,2.74,2.78,2.82,2.80,2.83,2.83,2.82,2.81,2.81,2.84,2.91,2.99,3.00,3.02,1.56,0.24,0.47,1.27,2.44,3.08,3.07,3.07,3.07,3.07,2.99,2.79,2.89,3.01,3.04,2.96,2.89,3.00,3.10,3.16,3.26,3.35,3.42,3.50,3.58,3.63,3.67,3.71,3.74,3.77,3.81,3.86,3.90,3.89,3.81,3.77,3.75,3.74,3.68,3.62,3.56,3.52,3.54,3.60,3.65,3.73,3.87,3.92,3.95,3.88,3.71,3.66,3.65,3.62,3.61,3.67,3.71,3.70,3.67,3.63,3.60,3.56,3.46,3.34,3.38,3.46,3.54,3.58,3.55,3.50,3.39,3.30,3.30,3.40,3.45,3.49,3.53,3.58,3.63,3.73,3.79
4.29,4.32,4.33,4.29,4.25,4.23,4.20,4.21,4.18,4.14,4.15,4.11,4.07,4.04,4.03,4.01,3.99,3.97,3.95,3.94,3.94,3.92,3.89,3.84,3.83,3.82,3.76,3.69,3.76,3.81,3.83,3.84,3.84,3.88,3.87,3.83,3.75,3.59,3.79,3.85,3.79,3.81,3.77,3.75,3.73,3.67,3.52,3.33,3.30,3.41,3.52,3.54,3.49,3.38,3.28,3.68,4.03,4.37,4.74,5.17,5.67,6.32,6.91,7.10,4.58,2.32,1.04,1.04,1.04,1.04,1.04,1.04,1.03,1.04,1.04,1.04,1.03,1.05,1.03,1.05,1.31,2.62,2.54,2.53,2.59,2.68,2.68,2.64,2.60,2.60,2.93,3.03,3.06,3.06,3.04,3.03,3.01,2.99,2.97,2.97,2.97,2.96,2.93,2.90,2.88,2.86,2.83,2.81,2.78,2.75,2.73,2.71,2.68,2.70,2.72,2.77,2.96,2.97,3.00,3.04,3.06,3.06,3.03,3.01,3.02,3.02,3.02,3.02,3.01,3.00,2.99,2.98,2.95,2.93,2.90,2.85,2.84,2.87,2.88,2.81,2.75,2.68,2.61,2.66,2.75,2.85,2.93,2.94,2.92,2.90,2.89,2.90,2.88,2.87,2.87,2.88,2.87,2.87,2.87,2.85,2.84,2.82,2.82,2.82,2.79,2.78,2.76,2.75,2.76,2.84,2.85,2.91,2.98,2.97,2.98,2.87,2.77,2.79,2.32,2.67,2.99,3.02,3.02,3.05,3.03,2.94,2.75,2.91,3.02,3.02,2.93,2.97,3.03,3.09,3.14,3.23,3.35,3.43,3.50,3.58,3.66,3.74,3.79,3.82,3.84,3.87,3.85,3.81,3.79,3.79,3.80,3.76,3.64,3.59,3.56,3.52,3.50,3.57,3.59,3.61,3.67,3.77,3.81,3.86,3.81,3.67,3.65,3.68,3.66,3.63,3.68,3.73,3.71,3.66,3.62,3.58,3.53,3.41,3.31,3.46,3.53,3.60,3.61,3.52,3.45,3.34,3.33,3.44,3.51,3.52,3.56,3.61,3.65,3.70,3.79,3.85
4.30,4.30,4.27,4.25,4.23,4.20,4.18,4.19,4.18,4.16,4.16,4.11,4.08,4.05,4.02,4.00,3.98,3.97,3.97,3.96,3.94,3.93,3.91,3.87,3.86,3.81,3.74,3.70,3.77,3.82,3.85,3.86,3.85,3.86,3.85,3.80,3.72,3.59,3.80,3.87,3.81,3.78,3.75,3.73,3.71,3.67,3.48,3.34,3.35,3.46,3.54,3.53,3.46,3.38,3.37,3.77,4.10,4.47,4.89,5.33,5.87,6.57,7.09,6.93,4.27,2.16,1.05,1.03,1.03,1.02,1.02,1.03,1.02,1.03,1.04,1.05,1.04,1.04,1.03,1.12,1.46,2.71,2.57,2.54,2.61,2.66,2.66,2.63,2.63,2.73,2.99,3.06,3.07,3.06,3.04,3.02,3.00,2.98,2.97,2.97,2.99,2.98,2.95,2.92,2.89,2.87,2.84,2.82,2.79,2.77,2.74,2.72,2.69,2.69,2.71,2.78,2.90,2.96,3.00,3.03,3.07,3.04,3.04,3.03,3.02,3.02,3.01,3.00,3.00,2.99,2.98,2.97,2.95,2.92,2.91,2.87,2.85,2.86,2.89,2.86,2.82,2.79,2.75,2.82,2.79,2.79,2.87,2.89,2.84,2.79,2.77,2.79,2.79,2.78,2.78,2.81,2.84,2.84,2.84,2.85,2.87,2.87,2.88,2.88,2.86,2.85,2.84,2.82,2.83,2.88,2.86,2.87,2.90,2.89,2.88,2.92,2.97,2.97,2.73,2.85,2.97,2.97,2.96,2.96,2.91,2.83,2.79,2.94,2.99,2.96,2.90,2.98,3.05,3.11,3.16,3.23,3.30,3.39,3.48,3.57,3.65,3.73,3.81,3.88,3.87,3.88,3.85,3.80,3.79,3.77,3.75,3.69,3.62,3.57,3.54,3.54,3.55,3.59,3.60,3.64,3.69,3.71,3.74,3.76,3.72,3.65,3.67,3.69,3.68,3.66,3.69,3.72,3.70,3.65,3.62,3.56,3.48,3.42,3.40,3.52,3.60,3.63,3.60,3.50,3.42,3.36,3.38,3.49,3.54,3.57,3.62,3.67,3.72,3.80,3.89,3.93
4.32,4.29,4.25,4.23,4.21,4.19,4.17,4.18,4.18,4.17,4.16,4.12,4.09,4.06,4.02,3.99,3.98,3.98,3.98,3.97,3.95,3.93,3.90,3.87,3.86,3.79,3.74,3.72,3.76,3.81,3.85,3.87,3.85,3.84,3.82,3.76,3.68,3.64,3.82,3.88,3.83,3.78,3.74,3.71,3.69,3.65,3.43,3.36,3.40,3.50,3.56,3.53,3.43,3.37,3.48,3.87,4.20,4.58,5.03,5.48,6.07,6.71,7.00,6.38,3.72,1.92,1.06,1.03,1.02,1.02,1.01,1.02,1.02,1.02,1.04,1.05,1.05,1.04,1.04,1.16,1.56,2.76,2.60,2.55,2.62,2.65,2.65,2.62,2.67,2.85,3.02,3.08,3.08,3.06,3.04,3.02,2.99,2.98,2.97,2.97,3.00,3.00,2.97,2.94,2.91,2.88,2.85,2.82,2.80,2.78,2.76,2.73,2.70,2.69,2.71,2.78,2.86,2.94,2.99,3.03,3.07,3.02,3.04,3.04,3.01,3.01,3.00,2.99,2.98,2.98,2.97,2.96,2.94,2.92,2.92,2.88,2.85,2.84,2.87,2.88,2.88,2.87,2.87,2.91,2.80,2.74,2.83,2.83,2.76,2.71,2.70,2.72,2.71,2.70,2.70,2.74,2.78,2.79,2.80,2.82,2.85,2.87,2.89,2.90,2.90,2.90,2.89,2.88,2.88,2.92,2.89,2.87,2.87,2.86,2.85,2.92,2.98,2.97,2.95,2.94,2.92,2.88,2.86,2.84,2.78,2.76,2.82,2.95,2.95,2.89,2.85,2.99,3.06,3.12,3.17,3.23,3.28,3.36,3.45,3.55,3.64,3.72,3.81,3.89,3.89,3.89,3.86,3.81,3.80,3.75,3.70,3.64,3.59,3.54,3.53,3.56,3.60,3.61,3.63,3.68,3.71,3.69,3.70,3.68,3.66,3.64,3.67,3.68,3.68,3.69,3.71,3.71,3.69,3.65,3.61,3.52,3.45,3.43,3.48,3.57,3.65,3.65,3.59,3.50,3.41,3.39,3.44,3.54,3.57,3.62,3.67,3.72,3.78,3.91,3.98,4.00
4.33,4.32,4.29,4.26,4.22,4.19,4.18,4.19,4.18,4.16,4.15,4.13,4.10,4.06,4.01,3.99,3.99,3.98,3.98,3.99,3.98,3.89,3.81,3.80,3.81,3.76,3.76,3.78,3.71,3.77,3.83,3.86,3.85,3.83,3.79,3.71,3.64,3.78,3.85,3.87,3.85,3.82,3.76,3.72,3.67,3.56,3.36,3.36,3.43,3.52,3.57,3.52,3.39,3.36,3.60,4.01,4.35,4.72,5.16,5.59,6.25,6.63,6.40,5.14,2.79,1.55,1.07,1.03,1.03,1.02,1.02,1.01,1.01,1.01,1.02,1.04,1.04,1.05,1.04,1.15,1.54,2.70,2.59,2.56,2.61,2.68,2.64,2.60,2.70,2.96,3.04,3.08,3.08,3.06,3.03,3.01,2.99,2.98,2.98,2.97,3.01,3.02,2.99,2.96,2.93,2.90,2.87,2.84,2.81,2.79,2.77,2.74,2.71,2.69,2.71,2.78,2.88,2.92,2.98,3.04,3.07,3.03,3.03,3.03,2.99,2.99,2.98,2.98,2.97,2.96,2.96,2.94,2.93,2.92,2.91,2.89,2.86,2.83,2.84,2.86,2.88,2.89,2.89,2.83,2.75,2.74,2.80,2.74,2.68,2.69,2.73,2.71,2.69,2.66,2.66,2.68,2.68,2.71,2.73,2.74,2.75,2.79,2.82,2.83,2.88,2.88,2.90,2.91,2.92,2.95,2.96,2.96,2.96,2.96,2.94,2.95,2.95,2.91,2.88,2.87,2.82,2.74,2.73,2.66,2.68,2.75,2.82,2.91,2.89,2.82,2.79,3.02,3.06,3.10,3.17,3.24,3.30,3.36,3.43,3.49,3.60,3.69,3.77,3.83,3.87,3.90,3.88,3.83,3.82,3.74,3.67,3.61,3.54,3.51,3.54,3.60,3.64,3.66,3.69,3.72,3.74,3.73,3.71,3.67,3.64,3.63,3.61,3.63,3.66,3.69,3.76,3.72,3.68,3.65,3.59,3.45,3.42,3.46,3.54,3.63,3.68,3.66,3.60,3.53,3.45,3.44,3.51,3.60,3.62,3.67,3.72,3.77,3.82,4.03,4.06,4.04
4.34,4.35,4.31,4.28,4.25,4.22,4.19,4.18,4.17,4.17,4.15,4.14,4.09,4.05,4.03,3.98,3.95,3.94,3.94,3.95,3.93,3.86,3.81,3.83,3.84,3.83,3.84,3.85,3.79,3.74,3.75,3.79,3.79,3.76,3.70,3.69,3.76,3.86,3.89,3.89,3.88,3.84,3.79,3.75,3.66,3.51,3.32,3.38,3.48,3.55,3.58,3.48,3.40,3.44,3.71,4.17,4.51,4.87,5.30,5.74,6.48,6.43,5.50,3.90,2.37,1.50,1.11,1.03,1.03,1.02,1.02,1.01,1.01,1.01,1.02,1.04,1.05,1.05,1.18,1.54,2.10,2.60,2.54,2.56,2.62,2.68,2.64,2.59,2.66,2.91,3.02,3.06,3.06,3.05,3.03,3.01,2.99,2.98,2.98,2.98,3.02,3.04,3.01,2.98,2.95,2.92,2.89,2.85,2.82,2.80,2.77,2.75,2.73,2.71,2.73,2.81,2.92,2.95,3.00,3.05,3.06,3.02,3.01,3.00,2.98,2.97,2.97,2.97,2.96,2.96,2.95,2.93,2.92,2.91,2.91,2.90,2.87,2.84,2.83,2.85,2.87,2.89,2.90,2.83,2.75,2.72,2.77,2.69,2.68,2.70,2.73,2.73,2.72,2.70,2.70,2.72,2.71,2.72,2.73,2.72,2.70,2.68,2.70,2.74,2.78,2.80,2.82,2.84,2.86,2.90,2.93,2.95,2.96,2.98,2.95,2.97,2.98,2.95,2.93,2.89,2.84,2.79,2.75,2.71,2.74,2.81,2.87,2.90,2.87,2.80,2.73,2.97,3.00,3.03,3.08,3.18,3.26,3.33,3.41,3.48,3.57,3.65,3.72,3.78,3.82,3.85,3.85,3.82,3.76,3.70,3.64,3.58,3.52,3.54,3.57,3.61,3.66,3.71,3.73,3.73,3.71,3.72,3.69,3.66,3.64,3.63,3.62,3.63,3.66,3.69,3.71,3.70,3.68,3.65,3.59,3.46,3.46,3.52,3.60,3.69,3.69,3.65,3.58,3.52,3.49,3.48,3.53,3.62,3.67,3.72,3.77,3.82,3.90,4.11,4.12,4.08
4.33,4.35,4.30,4.29,4.28,4.26,4.21,4.19,4.18,4.17,4.14,4.13,4.07,4.04,4.04,3.97,3.91,3.89,3.90,3.92,3.89,3.85,3.84,3.90,3.91,3.92,3.92,3.92,3.89,3.74,3.71,3.73,3.74,3.70,3.63,3.70,3.91,3.92,3.92,3.93,3.91,3.86,3.83,3.76,3.64,3.47,3.32,3.42,3.53,3.57,3.57,3.44,3.42,3.54,3.81,4.32,4.66,5.01,5.45,5.92,6.69,6.15,4.62,2.86,2.17,1.56,1.15,1.03,1.03,1.02,1.02,1.02,1.01,1.01,1.02,1.04,1.06,1.06,1.33,1.96,2.74,2.51,2.51,2.57,2.64,2.66,2.63,2.57,2.61,2.83,3.00,3.04,3.04,3.05,3.03,3.01,2.99,2.98,2.98,2.98,3.03,3.06,3.03,3.00,2.97,2.94,2.90,2.87,2.84,2.81,2.78,2.75,2.75,2.73,2.76,2.85,2.96,2.99,3.03,3.05,3.04,3.01,2.99,2.97,2.97,2.96,2.96,2.95,2.95,2.95,2.94,2.93,2.92,2.91,2.90,2.90,2.88,2.85,2.83,2.84,2.86,2.87,2.89,2.85,2.76,2.71,2.73,2.66,2.70,2.72,2.71,2.75,2.76,2.75,2.76,2.78,2.77,2.76,2.75,2.73,2.68,2.60,2.61,2.67,2.69,2.72,2.74,2.75,2.78,2.83,2.86,2.89,2.93,2.95,2.93,2.97,3.01,3.01,2.99,2.94,2.90,2.88,2.82,2.82,2.85,2.89,2.93,2.90,2.87,2.79,2.68,2.86,2.90,2.91,2.96,3.07,3.17,3.26,3.35,3.44,3.52,3.61,3.68,3.72,3.77,3.78,3.80,3.79,3.68,3.66,3.61,3.55,3.53,3.61,3.61,3.63,3.69,3.77,3.76,3.71,3.68,3.68,3.66,3.66,3.65,3.64,3.65,3.63,3.66,3.69,3.64,3.67,3.68,3.64,3.58,3.48,3.51,3.58,3.66,3.73,3.70,3.62,3.54,3.51,3.53,3.52,3.55,3.63,3.71,3.76,3.81,3.87,3.99,4.14,4.15,4.13
4.15,4.24,4.21,4.24,4.26,4.26,4.22,4.23,4.20,4.14,4.04,4.02,4.01,4.00,4.00,3.96,3.89,3.91,3.96,3.98,3.98,3.97,3.95,3.94,3.97,3.92,3.91,3.93,3.91,3.90,3.91,3.91,3.89,3.85,3.77,3.79,3.94,3.96,3.97,3.96,3.93,3.89,3.84,3.69,3.51,3.37,3.39,3.48,3.54,3.56,3.52,3.39,3.41,3.58,3.87,4.37,4.77,5.16,5.62,6.17,6.65,5.74,4.27,2.84,2.22,1.62,1.20,1.03,1.03,1.03,1.02,1.02,1.02,1.01,1.02,1.04,1.05,1.09,1.25,1.86,2.72,2.51,2.54,2.61,2.66,2.65,2.59,2.57,2.67,2.92,3.02,3.03,3.04,3.05,3.02,3.00,2.99,2.99,2.98,2.98,3.03,3.06,3.05,3.02,2.99,2.95,2.92,2.89,2.86,2.83,2.80,2.77,2.75,2.74,2.78,2.87,2.96,2.98,3.01,3.02,2.99,2.98,2.97,2.96,2.96,2.95,2.95,2.94,2.94,2.94,2.93,2.92,2.92,2.91,2.90,2.90,2.88,2.86,2.83,2.84,2.85,2.86,2.86,2.77,2.73,2.72,2.70,2.63,2.69,2.73,2.73,2.74,2.75,2.75,2.75,2.77,2.77,2.77,2.76,2.76,2.74,2.71,2.71,2.73,2.74,2.72,2.70,2.69,2.69,2.72,2.74,2.77,2.80,2.84,2.84,2.87,2.91,2.93,2.92,2.92,2.90,2.88,2.87,2.86,2.88,2.90,2.91,2.88,2.84,2.77,2.67,2.67,2.65,2.67,2.74,2.83,2.89,2.99,3.12,3.24,3.33,3.54,3.67,3.67,3.71,3.73,3.73,3.69,3.62,3.62,3.58,3.56,3.59,3.68,3.67,3.67,3.73,3.79,3.75,3.71,3.67,3.65,3.63,3.64,3.66,3.68,3.70,3.65,3.64,3.64,3.65,3.65,3.65,3.61,3.52,3.51,3.58,3.66,3.72,3.71,3.65,3.55,3.48,3.50,3.56,3.61,3.66,3.71,3.70,3.78,3.83,3.89,4.03,4.08,4.14,4.18
4.10,4.17,4.14,4.15,4.18,4.19,4.16,4.18,4.15,4.10,4.04,4.04,4.05,4.04,4.01,3.98,3.95,3.97,4.01,4.02,4.03,4.02,4.00,3.98,3.99,3.95,3.94,3.96,3.96,4.00,4.02,4.04,4.05,4.02,3.95,3.93,3.97,4.00,4.01,3.99,3.95,3.90,3.79,3.58,3.41,3.37,3.46,3.53,3.56,3.54,3.47,3.39,3.48,3.70,3.99,4.40,4.81,5.26,5.78,6.38,6.64,5.63,4.27,2.97,2.30,1.68,1.24,1.03,1.03,1.03,1.03,1.02,1.02,1.02,1.02,1.03,1.05,1.15,1.30,1.85,2.68,2.50,2.55,2.63,2.66,2.63,2.57,2.60,2.75,3.00,3.04,3.04,3.04,3.04,3.02,3.00,2.99,2.99,2.98,2.98,3.02,3.06,3.07,3.03,3.00,2.97,2.94,2.91,2.88,2.85,2.82,2.79,2.76,2.76,2.82,2.90,2.95,2.98,3.00,2.99,2.96,2.96,2.95,2.95,2.95,2.94,2.94,2.93,2.93,2.92,2.92,2.92,2.91,2.91,2.90,2.89,2.88,2.86,2.84,2.84,2.84,2.85,2.85,2.74,2.73,2.72,2.66,2.61,2.69,2.74,2.74,2.75,2.75,2.75,2.76,2.76,2.77,2.77,2.77,2.77,2.76,2.76,2.75,2.75,2.77,2.75,2.72,2.70,2.69,2.71,2.71,2.72,2.73,2.73,2.74,2.77,2.80,2.83,2.84,2.86,2.86,2.85,2.87,2.85,2.86,2.88,2.88,2.87,2.84,2.78,2.71,2.65,2.60,2.61,2.64,2.70,2.72,2.79,2.87,2.97,3.06,3.30,3.47,3.52,3.61,3.61,3.60,3.58,3.54,3.56,3.55,3.57,3.65,3.73,3.71,3.69,3.72,3.77,3.73,3.70,3.66,3.63,3.63,3.65,3.68,3.72,3.73,3.69,3.65,3.64,3.67,3.66,3.65,3.60,3.50,3.56,3.65,3.73,3.75,3.68,3.61,3.53,3.49,3.56,3.63,3.67,3.70,3.73,3.74,3.81,3.85,3.88,3.98,4.02,4.09,4.14
4.16,4.13,4.08,4.05,4.04,4.05,4.03,4.05,4.05,4.06,4.10,4.15,4.16,4.12,4.06,4.03,4.06,4.07,4.06,4.05,4.05,4.01,3.99,4.01,3.99,3.99,3.99,3.99,4.04,4.05,4.07,4.13,4.21,4.21,4.18,4.10,4.00,4.05,4.03,4.00,3.98,3.90,3.68,3.44,3.33,3.44,3.52,3.57,3.57,3.51,3.42,3.44,3.61,3.88,4.17,4.43,4.80,5.31,5.94,6.54,6.64,5.74,4.62,3.22,2.40,1.74,1.28,1.04,1.03,1.03,1.03,1.02,1.02,1.02,1.02,1.03,1.05,1.25,1.43,1.92,2.62,2.49,2.55,2.62,2.65,2.61,2.56,2.65,2.84,3.07,3.06,3.05,3.03,3.02,3.02,3.00,2.99,2.99,2.99,2.98,3.00,3.04,3.08,3.05,3.02,2.99,2.96,2.93,2.90,2.87,2.84,2.81,2.78,2.79,2.86,2.95,2.95,2.99,2.98,2.96,2.95,2.95,2.94,2.94,2.94,2.93,2.93,2.93,2.92,2.91,2.91,2.91,2.91,2.90,2.89,2.88,2.88,2.87,2.85,2.84,2.84,2.85,2.86,2.75,2.73,2.70,2.62,2.62,2.69,2.73,2.74,2.76,2.75,2.76,2.76,2.77,2.77,2.77,2.77,2.77,2.76,2.76,2.76,2.76,2.79,2.79,2.78,2.78,2.78,2.76,2.75,2.75,2.72,2.64,2.65,2.66,2.68,2.70,2.73,2.77,2.79,2.79,2.81,2.81,2.81,2.82,2.85,2.85,2.84,2.82,2.78,2.76,2.72,2.68,2.65,2.66,2.64,2.63,2.63,2.63,2.72,2.91,3.12,3.29,3.48,3.42,3.42,3.46,3.46,3.50,3.53,3.60,3.71,3.76,3.73,3.69,3.67,3.72,3.71,3.68,3.65,3.64,3.64,3.66,3.70,3.74,3.75,3.72,3.69,3.67,3.70,3.69,3.67,3.61,3.52,3.61,3.71,3.78,3.78,3.64,3.57,3.54,3.57,3.69,3.73,3.70,3.68,3.71,3.83,3.87,3.85,3.83,3.86,3.95,3.99,4.01
4.23,4.20,4.17,4.14,4.12,4.10,4.05,4.01,3.99,4.02,4.09,4.14,4.14,4.13,4.10,4.09,4.08,4.09,4.11,4.12,4.09,4.06,4.05,4.06,4.05,4.02,4.01,4.03,4.06,4.06,4.10,4.16,4.19,4.20,4.20,4.13,4.00,4.05,4.01,3.98,3.91,3.70,3.49,3.40,3.42,3.50,3.56,3.58,3.54,3.43,3.33,3.54,3.70,3.86,4.12,4.38,4.92,5.53,6.12,6.74,6.94,6.20,5.21,3.81,2.83,1.95,1.32,1.04,1.03,1.03,1.03,1.03,1.04,1.03,1.03,1.03,1.06,1.27,2.75,2.63,2.50,2.47,2.54,2.62,2.65,2.60,2.54,2.66,2.85,3.02,3.01,3.03,3.04,3.03,3.02,3.00,2.99,2.99,2.99,2.99,2.99,3.03,3.10,3.07,3.04,3.01,2.98,2.95,2.92,2.89,2.86,2.84,2.80,2.81,2.87,2.95,2.97,3.01,2.99,2.95,2.94,2.94,2.93,2.93,2.93,2.92,2.92,2.91,2.91,2.90,2.91,2.91,2.90,2.90,2.89,2.88,2.88,2.87,2.85,2.83,2.84,2.85,2.86,2.73,2.71,2.67,2.60,2.66,2.71,2.74,2.75,2.76,2.76,2.76,2.76,2.76,2.76,2.76,2.76,2.76,2.76,2.76,2.76,2.75,2.77,2.82,2.81,2.79,2.78,2.77,2.77,2.78,2.77,2.72,2.71,2.71,2.72,2.72,2.71,2.68,2.67,2.70,2.73,2.73,2.74,2.76,2.80,2.80,2.79,2.78,2.78,2.76,2.75,2.73,2.72,2.74,2.71,2.70,2.71,2.71,2.74,2.80,2.86,2.95,3.08,3.19,3.28,3.34,3.37,3.38,3.41,3.55,3.79,3.77,3.69,3.64,3.64,3.68,3.68,3.65,3.63,3.63,3.64,3.67,3.72,3.77,3.79,3.76,3.72,3.70,3.71,3.71,3.65,3.62,3.66,3.70,3.79,3.80,3.73,3.63,3.57,3.59,3.66,3.76,3.76,3.73,3.71,3.72,3.82,3.84,3.88,3.91,3.90,3.98,4.01,4.03
4.26,4.24,4.23,4.21,4.19,4.16,4.10,4.03,3.99,4.00,4.06,4.07,4.06,4.07,4.10,4.11,4.07,4.08,4.12,4.14,4.11,4.10,4.10,4.10,4.10,4.05,4.03,4.05,4.07,4.07,4.11,4.16,4.15,4.16,4.19,4.13,3.99,4.02,3.96,3.90,3.78,3.52,3.40,3.42,3.50,3.56,3.58,3.56,3.49,3.38,3.33,3.62,3.77,3.88,4.08,4.32,4.98,5.72,6.38,6.97,7.06,6.50,5.59,4.30,3.21,2.18,1.40,1.03,1.03,1.03,1.03,1.03,1.04,1.04,1.03,1.03,1.06,1.26,2.74,2.63,2.43,2.48,2.56,2.62,2.64,2.59,2.57,2.70,2.86,2.96,2.96,3.00,3.03,3.03,2.99,2.99,2.99,2.99,2.99,2.99,2.99,3.03,3.12,3.09,3.06,3.03,3.00,2.97,2.93,2.90,2.87,2.84,2.79,2.82,2.88,2.96,2.99,3.03,3.00,2.94,2.94,2.93,2.92,2.92,2.91,2.91,2.91,2.90,2.90,2.89,2.91,2.91,2.90,2.90,2.89,2.88,2.87,2.86,2.85,2.83,2.83,2.84,2.82,2.72,2.69,2.65,2.58,2.70,2.73,2.75,2.75,2.76,2.76,2.76,2.76,2.76,2.76,2.76,2.76,2.76,2.76,2.76,2.75,2.75,2.75,2.81,2.80,2.78,2.79,2.78,2.78,2.79,2.80,2.77,2.75,2.75,2.76,2.75,2.72,2.66,2.64,2.67,2.70,2.69,2.69,2.70,2.72,2.73,2.73,2.73,2.76,2.76,2.76,2.76,2.76,2.79,2.76,2.76,2.78,2.78,2.77,2.76,2.74,2.76,2.85,3.03,3.16,3.23,3.27,3.26,3.29,3.45,3.72,3.69,3.61,3.58,3.60,3.63,3.64,3.63,3.63,3.64,3.65,3.69,3.75,3.80,3.82,3.80,3.76,3.73,3.73,3.75,3.68,3.67,3.77,3.79,3.84,3.80,3.69,3.61,3.58,3.64,3.73,3.80,3.78,3.75,3.73,3.73,3.82,3.83,3.89,3.97,3.94,4.02,4.03,4.04
4.22,4.22,4.23,4.24,4.24,4.23,4.18,4.13,4.08,4.03,3.99,3.94,3.89,3.92,4.03,4.08,4.04,4.04,4.07,4.07,4.10,4.12,4.12,4.11,4.09,4.06,4.04,4.05,4.06,4.07,4.10,4.12,4.11,4.10,4.12,4.08,3.95,3.93,3.88,3.75,3.57,3.40,3.44,3.51,3.57,3.60,3.55,3.50,3.41,3.36,3.49,3.69,3.85,3.95,4.03,4.26,4.91,5.82,6.78,7.27,6.86,6.53,5.68,4.61,3.52,2.43,1.54,1.02,1.03,1.04,1.04,1.03,1.03,1.03,1.03,1.03,1.06,1.21,2.72,2.62,2.45,2.53,2.60,2.63,2.61,2.57,2.69,2.80,2.87,2.87,2.92,2.97,3.01,3.01,2.94,2.96,2.99,3.00,2.99,2.99,2.99,3.04,3.14,3.12,3.08,3.05,3.02,2.99,2.94,2.89,2.84,2.79,2.73,2.81,2.90,2.97,3.01,3.05,3.00,2.94,2.92,2.91,2.91,2.91,2.90,2.90,2.90,2.89,2.89,2.90,2.91,2.91,2.90,2.89,2.88,2.88,2.87,2.86,2.85,2.83,2.83,2.81,2.71,2.72,2.69,2.63,2.58,2.72,2.74,2.75,2.76,2.76,2.76,2.76,2.76,2.76,2.76,2.76,2.76,2.76,2.76,2.75,2.75,2.75,2.75,2.76,2.75,2.75,2.78,2.80,2.78,2.78,2.79,2.77,2.77,2.78,2.79,2.79,2.76,2.75,2.74,2.74,2.75,2.72,2.67,2.63,2.61,2.67,2.67,2.68,2.73,2.74,2.75,2.76,2.75,2.76,2.76,2.78,2.80,2.80,2.83,2.83,2.84,2.86,2.92,3.02,3.09,3.13,3.15,3.15,3.19,3.27,3.40,3.44,3.46,3.49,3.53,3.57,3.59,3.61,3.64,3.66,3.67,3.73,3.79,3.83,3.84,3.84,3.81,3.78,3.78,3.82,3.81,3.80,3.83,3.87,3.84,3.77,3.67,3.58,3.61,3.69,3.78,3.80,3.78,3.75,3.74,3.75,3.83,3.83,3.90,3.98,3.97,4.07,4.05,4.04
4.11,4.14,4.17,4.20,4.22,4.22,4.19,4.18,4.14,4.09,4.05,3.99,3.94,3.93,3.97,3.96,3.91,3.94,4.01,4.00,4.07,4.11,4.13,4.11,4.05,4.04,4.03,4.05,4.07,4.08,4.09,4.08,4.07,4.05,4.05,3.99,3.87,3.75,3.66,3.57,3.50,3.46,3.52,3.57,3.60,3.61,3.52,3.43,3.40,3.46,3.60,3.77,3.90,4.00,4.09,4.24,5.17,6.13,6.70,6.66,5.15,4.44,4.47,4.00,3.06,2.08,1.34,1.03,1.03,1.04,1.04,1.03,1.03,1.03,1.03,1.10,1.34,1.70,2.58,2.58,2.46,2.54,2.62,2.63,2.59,2.54,2.70,2.82,2.85,2.79,2.83,2.89,2.92,2.92,2.87,2.91,2.93,2.93,2.93,2.95,2.97,3.05,3.16,3.12,3.07,3.03,2.99,2.95,2.89,2.84,2.78,2.73,2.67,2.81,2.92,2.98,3.03,3.04,3.01,2.95,2.91,2.91,2.90,2.90,2.89,2.89,2.89,2.88,2.88,2.89,2.90,2.90,2.89,2.88,2.88,2.87,2.87,2.86,2.85,2.84,2.83,2.80,2.69,2.71,2.67,2.63,2.63,2.73,2.75,2.76,2.76,2.76,2.76,2.76,2.76,2.76,2.76,2.76,2.76,2.76,2.76,2.75,2.75,2.75,2.75,2.74,2.76,2.78,2.81,2.79,2.76,2.76,2.78,2.77,2.77,2.77,2.77,2.77,2.78,2.78,2.77,2.76,2.78,2.77,2.72,2.65,2.60,2.65,2.68,2.70,2.74,2.70,2.73,2.74,2.74,2.74,2.75,2.76,2.77,2.79,2.83,2.86,2.89,2.92,2.96,3.02,3.09,3.15,3.18,3.21,3.24,3.28,3.34,3.39,3.41,3.44,3.47,3.47,3.53,3.59,3.63,3.68,3.71,3.78,3.82,3.83,3.86,3.87,3.85,3.82,3.81,3.85,3.86,3.87,3.90,3.95,3.88,3.80,3.71,3.59,3.65,3.77,3.85,3.79,3.77,3.75,3.75,3.78,3.83,3.84,3.90,3.99,4.00,4.12,4.13,4.13
4.05,4.07,4.11,4.15,4.17,4.18,4.16,4.19,4.17,4.14,4.12,4.08,4.04,3.99,3.94,3.86,3.80,3.85,3.94,3.91,3.99,4.06,4.09,4.08,4.01,4.00,4.02,4.04,4.06,4.07,4.05,4.03,4.00,3.99,3.95,3.87,3.74,3.57,3.46,3.45,3.50,3.56,3.60,3.61,3.61,3.60,3.47,3.38,3.42,3.58,3.69,3.83,3.94,4.04,4.18,4.32,5.56,6.42,6.30,5.45,3.34,2.25,2.91,3.04,2.35,1.58,1.09,1.06,1.04,1.04,1.04,1.03,1.04,1.03,1.03,1.19,1.65,2.42,2.51,2.53,2.48,2.56,2.62,2.62,2.57,2.52,2.67,2.79,2.80,2.70,2.74,2.80,2.83,2.82,2.80,2.84,2.86,2.86,2.86,2.89,2.94,3.04,3.15,3.11,3.06,3.00,2.95,2.90,2.84,2.79,2.74,2.68,2.62,2.80,2.94,2.98,3.04,3.04,3.02,2.97,2.91,2.90,2.89,2.89,2.89,2.88,2.88,2.87,2.87,2.88,2.89,2.89,2.89,2.88,2.88,2.87,2.86,2.86,2.85,2.83,2.83,2.79,2.69,2.71,2.66,2.64,2.68,2.75,2.76,2.76,2.76,2.76,2.76,2.76,2.76,2.76,2.76,2.76,2.76,2.76,2.75,2.75,2.75,2.75,2.74,2.74,2.78,2.82,2.84,2.78,2.75,2.75,2.77,2.76,2.77,2.76,2.74,2.75,2.78,2.79,2.77,2.76,2.81,2.81,2.77,2.70,2.61,2.67,2.71,2.75,2.76,2.69,2.72,2.74,2.74,2.75,2.74,2.73,2.73,2.76,2.80,2.85,2.91,2.96,3.00,3.03,3.10,3.16,3.19,3.21,3.20,3.20,3.23,3.38,3.41,3.43,3.44,3.40,3.49,3.57,3.63,3.69,3.74,3.80,3.83,3.82,3.87,3.90,3.88,3.85,3.84,3.88,3.91,3.94,3.98,4.01,3.92,3.83,3.74,3.61,3.72,3.86,3.91,3.79,3.77,3.75,3.76,3.81,3.83,3.85,3.91,4.00,4.03,4.16,4.22,4.23
4.33,4.16,4.14,4.06,4.04,4.07,4.08,4.10,4.11,4.11,4.13,4.12,4.10,4.06,4.00,3.94,3.90,3.88,3.87,3.83,3.80,3.87,3.93,3.94,3.92,3.97,4.00,3.99,3.98,3.96,3.94,3.90,3.83,3.80,3.67,3.56,3.51,3.52,3.53,3.57,3.62,3.63,3.62,3.59,3.55,3.49,3.38,3.44,3.56,3.67,3.75,3.86,3.99,4.11,4.24,4.83,6.07,6.37,5.14,2.80,1.89,1.65,1.72,1.68,1.43,1.20,1.05,1.04,1.03,1.04,1.04,1.02,1.02,1.03,1.04,1.22,1.74,2.62,2.51,2.45,2.49,2.58,2.62,2.60,2.56,2.51,2.57,2.67,2.70,2.61,2.73,2.79,2.79,2.76,2.76,2.76,2.82,2.87,2.86,2.85,2.85,2.93,3.07,3.10,3.06,3.00,2.94,2.89,2.83,2.77,2.71,2.66,2.61,2.80,2.93,2.96,3.05,3.04,3.02,2.99,2.92,2.89,2.88,2.88,2.87,2.87,2.87,2.86,2.86,2.88,2.89,2.89,2.89,2.88,2.87,2.87,2.86,2.85,2.84,2.83,2.82,2.80,2.70,2.70,2.64,2.63,2.70,2.75,2.76,2.76,2.76,2.76,2.75,2.75,2.75,2.75,2.75,2.75,2.75,2.75,2.75,2.75,2.75,2.74,2.74,2.75,2.79,2.82,2.83,2.80,2.78,2.77,2.78,2.76,2.76,2.76,2.76,2.76,2.76,2.76,2.76,2.75,2.81,2.82,2.78,2.71,2.61,2.74,2.79,2.80,2.80,2.81,2.81,2.80,2.78,2.78,2.74,2.68,2.65,2.68,2.74,2.80,2.86,2.92,3.01,3.06,3.08,3.03,2.87,2.77,2.62,2.50,2.55,3.33,3.50,3.53,3.54,3.53,3.58,3.62,3.65,3.67,3.69,3.71,3.74,3.79,3.85,3.87,3.87,3.86,3.85,3.94,3.99,4.02,4.04,4.00,3.92,3.82,3.73,3.69,3.81,3.89,3.90,3.79,3.77,3.75,3.77,3.84,3.83,3.85,3.92,4.00,4.06,4.19,4.25,4.27
4.73,4.53,4.43,4.27,4.15,4.08,4.06,4.03,4.02,4.03,4.07,4.08,4.08,4.06,4.03,4.00,3.98,3.93,3.88,3.83,3.76,3.78,3.82,3.82,3.81,3.85,3.86,3.84,3.83,3.81,3.78,3.75,3.70,3.68,3.58,3.52,3.52,3.58,3.62,3.66,3.68,3.65,3.61,3.55,3.50,3.46,3.45,3.57,3.70,3.80,3.85,3.94,4.04,4.16,4.31,5.30,6.50,5.94,3.53,1.70,1.29,1.24,1.16,1.09,1.05,1.04,1.04,1.04,1.04,1.04,1.04,1.03,1.03,1.03,1.04,1.24,1.81,2.67,2.51,2.43,2.51,2.60,2.62,2.59,2.54,2.50,2.55,2.63,2.67,2.62,2.71,2.73,2.73,2.72,2.75,2.76,2.82,2.88,2.84,2.79,2.78,2.86,3.00,3.07,3.06,3.01,2.95,2.89,2.82,2.78,2.69,2.55,2.65,2.83,2.94,2.98,3.08,3.05,3.02,2.99,2.93,2.89,2.87,2.87,2.86,2.86,2.85,2.85,2.85,2.88,2.89,2.89,2.88,2.88,2.87,2.86,2.85,2.85,2.84,2.83,2.81,2.78,2.71,2.69,2.62,2.62,2.72,2.75,2.76,2.76,2.76,2.76,2.75,2.75,2.75,2.75,2.75,2.75,2.75,2.75,2.75,2.75,2.74,2.74,2.74,2.75,2.79,2.82,2.82,2.81,2.79,2.79,2.79,2.78,2.76,2.77,2.78,2.78,2.76,2.75,2.74,2.75,2.80,2.80,2.77,2.71,2.63,2.79,2.86,2.88,2.86,2.89,2.88,2.87,2.86,2.85,2.82,2.75,2.70,2.74,2.76,2.79,2.85,2.92,2.97,3.06,3.10,3.06,2.94,2.86,2.75,2.67,2.65,2.67,2.60,2.51,2.40,2.28,2.74,3.31,3.70,3.72,3.73,3.73,3.76,3.82,3.85,3.86,3.87,3.89,3.92,4.01,4.06,4.08,4.09,4.04,3.95,3.85,3.77,3.76,3.83,3.90,3.91,3.79,3.76,3.75,3.78,3.84,3.82,3.86,3.93,4.01,4.08,4.21,4.29,4.32
5.22,5.09,4.90,4.69,4.42,4.17,4.09,3.96,3.90,3.91,3.97,3.99,4.01,4.03,4.04,4.03,4.03,4.00,3.95,3.90,3.83,3.78,3.73,3.70,3.67,3.67,3.65,3.62,3.64,3.63,3.60,3.58,3.58,3.60,3.62,3.65,3.69,3.72,3.73,3.73,3.71,3.63,3.57,3.50,3.46,3.49,3.63,3.73,3.83,3.94,4.00,4.04,4.09,4.18,4.38,5.74,6.87,5.24,1.31,1.18,1.17,1.12,1.05,1.04,1.03,1.05,1.05,1.03,1.06,1.05,1.04,1.04,1.04,1.03,1.03,1.25,1.88,2.63,2.51,2.46,2.53,2.62,2.62,2.57,2.52,2.50,2.58,2.65,2.69,2.72,2.69,2.66,2.66,2.70,2.77,2.79,2.86,2.89,2.82,2.73,2.73,2.82,2.95,3.03,3.05,3.01,2.95,2.89,2.83,2.81,2.67,2.39,2.73,2.89,2.96,3.02,3.14,3.06,3.01,2.99,2.96,2.90,2.87,2.86,2.85,2.85,2.84,2.84,2.84,2.88,2.89,2.88,2.88,2.87,2.86,2.85,2.85,2.85,2.84,2.83,2.80,2.75,2.71,2.68,2.60,2.61,2.74,2.75,2.76,2.76,2.75,2.75,2.75,2.75,2.75,2.75,2.75,2.75,2.75,2.75,2.75,2.74,2.74,2.74,2.74,2.76,2.79,2.81,2.81,2.81,2.80,2.80,2.81,2.80,2.78,2.78,2.79,2.79,2.77,2.73,2.72,2.74,2.77,2.76,2.74,2.70,2.65,2.83,2.94,2.97,2.95,2.92,2.93,2.95,2.96,2.93,2.95,2.90,2.85,2.89,2.82,2.81,2.86,2.94,2.91,3.03,3.14,3.21,3.27,3.31,3.36,3.43,3.30,1.61,1.03,0.72,0.42,0.09,1.29,2.76,3.79,3.82,3.84,3.84,3.86,3.89,3.85,3.86,3.89,3.94,4.03,4.09,4.12,4.13,4.14,4.11,4.01,3.91,3.84,3.84,3.81,3.89,3.93,3.78,3.76,3.76,3.79,3.84,3.81,3.86,3.94,4.02,4.11,4.22,4.33,4.37
5.62,5.48,5.25,5.09,4.89,4.68,4.54,4.36,4.19,4.07,4.01,3.97,3.91,3.90,3.92,3.94,3.96,3.97,3.96,3.94,3.92,3.88,3.83,3.79,3.77,3.76,3.74,3.73,3.72,3.72,3.71,3.70,3.71,3.72,3.75,3.77,3.78,3.78,3.73,3.69,3.65,3.57,3.49,3.49,3.52,3.56,3.82,3.92,3.99,4.06,4.12,4.16,4.20,4.24,4.33,5.33,5.46,3.88,1.21,1.11,1.09,1.07,1.05,1.04,1.04,1.05,1.05,1.04,1.05,1.04,1.04,1.04,1.03,1.04,1.04,1.29,2.13,2.50,2.48,2.47,2.55,2.63,2.60,2.55,2.53,2.59,2.72,2.73,2.72,2.74,2.73,2.72,2.73,2.75,2.78,2.84,2.88,2.87,2.80,2.74,2.79,2.88,2.97,2.88,2.95,2.99,2.95,2.87,2.74,2.68,2.58,2.40,2.72,2.88,2.96,3.02,3.09,3.05,3.03,3.00,2.95,2.90,2.87,2.85,2.84,2.84,2.83,2.83,2.85,2.88,2.88,2.88,2.88,2.87,2.86,2.85,2.85,2.84,2.83,2.83,2.76,2.70,2.70,2.66,2.65,2.68,2.73,2.73,2.74,2.74,2.75,2.74,2.75,2.75,2.75,2.75,2.75,2.75,2.75,2.75,2.75,2.74,2.74,2.74,2.75,2.76,2.79,2.80,2.79,2.81,2.81,2.81,2.82,2.83,2.79,2.78,2.78,2.77,2.78,2.78,2.76,2.73,2.73,2.70,2.66,2.65,2.69,2.92,3.01,3.02,3.01,3.01,3.00,3.00,3.00,3.01,3.03,3.01,3.00,3.02,2.95,2.90,2.94,3.04,3.05,3.09,3.17,3.24,3.24,3.24,3.30,3.37,3.36,2.79,2.61,2.53,2.46,2.37,1.54,1.07,0.87,0.71,0.53,2.64,4.10,4.01,3.97,3.97,3.99,4.03,4.07,4.11,4.13,4.15,4.15,4.12,4.05,3.96,3.87,3.78,3.75,3.80,3.85,3.81,3.75,3.78,3.82,3.84,3.82,3.88,3.95,4.03,4.13,4.21,4.28,4.31
6.07,5.92,5.68,5.50,5.33,5.15,4.99,4.77,4.55,4.36,4.23,4.13,3.99,3.89,3.87,3.88,3.88,3.89,3.92,3.93,3.94,3.92,3.88,3.85,3.83,3.82,3.81,3.79,3.78,3.78,3.78,3.78,3.78,3.79,3.81,3.82,3.82,3.79,3.71,3.65,3.61,3.57,3.55,3.65,3.71,3.67,3.94,4.07,4.14,4.18,4.23,4.27,4.28,4.41,4.75,5.16,4.34,2.95,1.15,1.06,1.04,1.04,1.05,1.04,1.04,1.05,1.05,1.04,1.04,1.04,1.04,1.04,1.04,1.04,1.04,1.35,2.24,2.43,2.46,2.48,2.57,2.63,2.59,2.55,2.55,2.67,2.81,2.81,2.77,2.79,2.80,2.80,2.80,2.79,2.80,2.86,2.88,2.86,2.80,2.77,2.83,2.92,2.96,2.83,2.91,2.96,2.94,2.82,2.70,2.61,2.53,2.48,2.76,2.89,2.97,3.03,3.05,3.05,3.04,3.00,2.95,2.91,2.87,2.85,2.83,2.83,2.82,2.83,2.85,2.88,2.88,2.88,2.87,2.87,2.86,2.85,2.84,2.84,2.83,2.82,2.75,2.68,2.70,2.64,2.66,2.70,2.72,2.72,2.72,2.73,2.74,2.74,2.75,2.75,2.75,2.75,2.75,2.75,2.75,2.75,2.75,2.74,2.74,2.74,2.75,2.77,2.79,2.80,2.77,2.81,2.81,2.82,2.82,2.81,2.79,2.77,2.76,2.76,2.78,2.79,2.78,2.74,2.70,2.67,2.63,2.64,2.76,3.02,3.10,3.09,3.09,3.09,3.07,3.06,3.06,3.08,3.09,3.10,3.11,3.12,3.05,2.99,3.02,3.13,3.18,3.16,3.23,3.32,3.30,3.28,3.32,3.38,3.42,3.49,3.53,3.58,3.64,3.68,2.19,1.00,0.32,0.14,-0.07,2.46,4.20,4.09,4.07,4.05,4.05,4.07,4.11,4.13,4.15,4.17,4.16,4.13,4.07,3.99,3.89,3.75,3.70,3.71,3.74,3.75,3.72,3.77,3.82,3.83,3.83,3.89,3.95,4.03,4.12,4.18,4.23,4.26
6.63,6.46,6.20,5.94,5.73,5.57,5.47,5.21,4.99,4.83,4.72,4.57,4.32,4.08,3.91,3.88,3.80,3.77,3.79,3.85,3.87,3.87,3.86,3.87,3.85,3.84,3.83,3.81,3.81,3.81,3.81,3.80,3.79,3.78,3.78,3.78,3.77,3.71,3.62,3.58,3.60,3.65,3.81,4.07,4.11,3.85,3.98,4.17,4.28,4.30,4.34,4.35,4.33,4.74,5.89,5.33,3.67,2.50,1.07,1.05,1.03,1.02,1.02,1.04,1.03,1.03,1.03,1.03,1.03,1.04,1.04,1.04,1.05,1.04,1.02,1.42,2.56,2.41,2.42,2.50,2.57,2.61,2.58,2.57,2.60,2.72,2.87,2.89,2.88,2.88,2.89,2.89,2.86,2.82,2.83,2.86,2.87,2.85,2.82,2.84,2.88,2.91,2.91,2.90,2.93,2.94,2.89,2.71,2.74,2.63,2.56,2.65,2.85,2.91,2.98,3.05,3.04,3.05,3.04,3.00,2.96,2.93,2.88,2.85,2.82,2.81,2.81,2.82,2.85,2.89,2.88,2.88,2.87,2.86,2.85,2.85,2.84,2.83,2.81,2.82,2.76,2.70,2.72,2.61,2.63,2.68,2.71,2.71,2.72,2.72,2.73,2.74,2.74,2.75,2.75,2.75,2.74,2.74,2.74,2.74,2.74,2.74,2.74,2.74,2.76,2.77,2.80,2.79,2.74,2.81,2.81,2.81,2.81,2.75,2.78,2.77,2.75,2.75,2.76,2.75,2.75,2.75,2.70,2.67,2.64,2.69,2.89,3.13,3.21,3.21,3.20,3.19,3.16,3.14,3.13,3.13,3.13,3.15,3.16,3.14,3.11,3.06,3.09,3.21,3.30,3.22,3.31,3.46,3.49,3.48,3.49,3.49,3.47,3.49,3.46,3.50,3.58,3.58,3.42,3.29,3.24,3.28,3.30,3.76,4.09,4.10,4.13,4.06,4.03,4.06,4.14,4.17,4.19,4.18,4.16,4.13,4.07,3.99,3.88,3.76,3.70,3.63,3.58,3.58,3.64,3.74,3.80,3.80,3.84,3.91,3.96,4.02,4.07,4.12,4.16,4.20
7.21,7.00,6.75,6.48,6.22,6.00,5.81,5.61,5.42,5.27,5.15,4.96,4.73,4.49,4.27,4.18,4.04,3.90,3.80,3.81,3.76,3.76,3.77,3.78,3.77,3.77,3.76,3.75,3.75,3.74,3.74,3.74,3.72,3.70,3.70,3.70,3.71,3.74,3.73,3.81,3.90,3.81,3.98,4.18,4.21,4.02,4.05,4.18,4.28,4.32,4.37,4.38,4.42,5.08,6.69,5.72,3.81,2.06,1.04,1.04,1.03,1.03,1.02,1.04,1.03,1.04,1.04,1.02,1.02,1.03,1.04,1.04,1.04,1.03,1.10,1.55,2.61,2.41,2.43,2.52,2.59,2.60,2.55,2.56,2.64,2.81,2.86,2.87,2.88,2.90,2.90,2.91,2.89,2.87,2.88,2.88,2.89,2.88,2.85,2.84,2.85,2.86,2.88,2.90,2.93,2.93,2.90,2.84,2.88,2.82,2.77,2.80,2.90,2.94,2.99,3.05,3.06,3.04,3.04,3.03,2.98,2.93,2.89,2.84,2.81,2.80,2.80,2.82,2.85,2.88,2.88,2.87,2.86,2.85,2.85,2.84,2.83,2.82,2.80,2.76,2.72,2.69,2.69,2.58,2.63,2.70,2.72,2.71,2.71,2.71,2.72,2.73,2.73,2.74,2.75,2.74,2.74,2.74,2.74,2.74,2.74,2.74,2.74,2.75,2.77,2.78,2.80,2.80,2.76,2.79,2.79,2.79,2.77,2.76,2.78,2.77,2.74,2.74,2.74,2.74,2.73,2.72,2.70,2.65,2.64,2.76,3.11,3.22,3.26,3.27,3.29,3.32,3.30,3.28,3.25,3.22,3.23,3.21,3.18,3.16,3.12,3.07,3.16,3.37,3.45,3.45,3.53,3.66,3.73,3.76,3.78,3.75,3.66,3.60,3.59,3.61,3.63,3.64,3.70,3.73,3.76,3.82,3.84,3.91,3.96,3.98,4.04,4.02,4.02,4.05,4.12,4.13,4.16,4.17,4.13,4.09,4.01,3.92,3.84,3.76,3.71,3.66,3.62,3.59,3.58,3.60,3.64,3.70,3.76,3.82,3.88,3.95,4.01,4.08,4.14,4.20
7.75,7.53,7.30,7.03,6.74,6.45,6.15,6.01,5.86,5.73,5.59,5.36,5.16,4.94,4.71,4.56,4.37,4.15,3.96,3.92,3.75,3.73,3.74,3.71,3.71,3.71,3.69,3.67,3.69,3.68,3.69,3.69,3.68,3.67,3.70,3.74,3.76,3.83,3.90,4.08,4.20,3.97,4.11,4.22,4.24,4.16,4.13,4.19,4.25,4.30,4.37,4.39,4.60,5.45,7.11,5.66,3.74,2.06,1.03,1.04,1.04,1.03,1.03,1.04,1.03,1.04,1.04,1.02,1.02,1.03,1.03,1.03,1.03,1.03,1.23,1.75,2.59,2.41,2.44,2.54,2.61,2.60,2.53,2.55,2.67,2.88,2.84,2.83,2.86,2.90,2.89,2.90,2.91,2.91,2.91,2.90,2.91,2.91,2.88,2.84,2.83,2.84,2.86,2.89,2.92,2.91,2.91,2.96,2.98,2.99,2.97,2.92,2.95,2.96,2.99,3.04,3.05,3.03,3.04,3.05,3.01,2.94,2.89,2.84,2.81,2.79,2.79,2.81,2.85,2.88,2.87,2.86,2.86,2.85,2.85,2.84,2.83,2.81,2.79,2.71,2.67,2.67,2.64,2.55,2.64,2.72,2.72,2.71,2.71,2.71,2.71,2.72,2.73,2.74,2.74,2.74,2.74,2.74,2.74,2.74,2.74,2.73,2.74,2.76,2.77,2.79,2.79,2.79,2.79,2.77,2.77,2.76,2.75,2.78,2.77,2.76,2.73,2.72,2.73,2.73,2.71,2.68,2.69,2.63,2.65,2.86,3.32,3.32,3.32,3.34,3.39,3.44,3.44,3.42,3.38,3.29,3.30,3.25,3.19,3.17,3.12,3.10,3.24,3.53,3.59,3.69,3.76,3.84,3.95,4.00,4.04,4.01,3.88,3.76,3.78,3.77,3.73,3.73,3.77,3.76,3.75,3.80,3.76,3.82,3.85,3.86,3.94,3.97,4.01,4.04,4.09,4.09,4.13,4.15,4.10,4.04,3.93,3.84,3.77,3.74,3.72,3.70,3.67,3.63,3.55,3.49,3.50,3.60,3.66,3.70,3.77,3.86,3.95,4.04,4.13,4.21
8.16,8.02,7.84,7.57,7.26,6.94,6.61,6.46,6.35,6.23,6.05,5.82,5.60,5.38,5.16,4.97,4.78,4.63,4.53,4.46,4.18,4.06,3.95,3.80,3.81,3.76,3.67,3.60,3.69,3.72,3.75,3.77,3.79,3.85,4.03,4.21,4.26,4.03,4.13,4.24,4.26,4.11,4.18,4.24,4.27,4.24,4.19,4.21,4.22,4.24,4.28,4.37,5.06,5.94,6.39,3.81,2.24,1.38,1.04,1.03,1.02,1.02,1.03,1.03,1.04,1.03,1.03,1.03,1.03,1.02,1.03,1.04,1.03,1.03,1.54,2.39,2.57,2.43,2.45,2.54,2.60,2.57,2.52,2.58,2.71,2.79,2.83,2.86,2.88,2.89,2.90,2.89,2.88,2.88,2.89,2.89,2.89,2.89,2.89,2.89,2.89,2.89,2.90,2.91,2.91,2.89,2.87,2.83,2.89,2.93,2.94,2.94,2.96,2.93,2.93,2.96,2.98,3.02,3.04,3.04,3.02,2.96,2.90,2.85,2.82,2.79,2.78,2.80,2.85,2.88,2.87,2.86,2.85,2.84,2.84,2.83,2.81,2.80,2.79,2.69,2.66,2.66,2.58,2.57,2.62,2.68,2.70,2.71,2.72,2.72,2.71,2.71,2.71,2.72,2.73,2.73,2.74,2.74,2.74,2.74,2.73,2.74,2.75,2.76,2.78,2.79,2.77,2.75,2.78,2.78,2.76,2.77,2.79,2.77,2.75,2.74,2.73,2.73,2.71,2.72,2.71,2.68,2.65,2.62,2.76,3.04,3.42,3.47,3.45,3.44,3.46,3.50,3.52,3.54,3.50,3.25,3.28,3.25,3.19,3.16,3.13,3.22,3.40,3.59,3.68,3.82,3.89,3.93,4.02,4.07,4.12,4.13,4.11,4.04,4.03,4.00,3.94,3.85,3.84,3.85,3.86,3.88,3.84,3.82,3.80,3.80,3.91,3.96,4.00,4.04,4.05,4.06,4.09,4.10,4.05,3.97,3.84,3.74,3.69,3.70,3.68,3.67,3.67,3.67,3.61,3.58,3.56,3.56,3.54,3.58,3.66,3.76,3.88,3.98,4.12,4.24
7.51,6.56,7.33,7.14,6.69,6.27,6.08,6.39,6.64,6.65,6.33,5.99,5.66,5.55,5.65,5.48,5.23,5.07,4.97,4.87,4.59,4.45,4.37,4.30,4.32,4.09,3.86,3.73,3.76,3.88,3.94,3.97,4.01,4.10,4.35,4.56,4.59,4.27,4.30,4.34,4.33,4.24,4.27,4.28,4.29,4.29,4.35,4.34,4.27,4.21,4.24,4.53,5.53,6.28,5.78,3.35,1.48,1.09,1.04,1.03,1.02,1.02,1.03,1.03,1.03,1.03,1.02,1.03,1.02,1.03,1.04,1.04,1.04,1.09,1.75,2.43,2.45,2.42,2.47,2.53,2.58,2.55,2.49,2.58,2.75,2.81,2.85,2.88,2.89,2.88,2.88,2.87,2.86,2.87,2.88,2.88,2.88,2.88,2.89,2.91,2.91,2.91,2.91,2.93,2.92,2.90,2.88,2.84,2.91,2.92,2.92,2.94,2.93,2.90,2.89,2.92,2.95,2.98,2.99,2.99,2.98,2.94,2.89,2.85,2.82,2.79,2.78,2.80,2.85,2.88,2.87,2.86,2.85,2.83,2.83,2.81,2.79,2.79,2.77,2.67,2.66,2.64,2.52,2.58,2.64,2.68,2.69,2.69,2.70,2.70,2.71,2.71,2.71,2.71,2.72,2.73,2.73,2.74,2.74,2.74,2.73,2.74,2.75,2.77,2.79,2.81,2.75,2.74,2.79,2.79,2.77,2.78,2.78,2.75,2.73,2.72,2.73,2.73,2.72,2.71,2.70,2.69,2.64,2.63,2.89,3.27,3.49,3.53,3.54,3.54,3.56,3.57,3.59,3.62,3.58,3.35,3.30,3.25,3.20,3.17,3.27,3.38,3.52,3.66,3.74,3.88,3.96,4.01,4.09,4.14,4.19,4.23,4.24,4.18,4.15,4.11,4.05,3.94,3.89,3.89,3.91,3.91,3.87,3.83,3.78,3.77,3.87,3.95,4.00,4.04,4.03,4.04,4.05,4.04,3.99,3.88,3.79,3.71,3.66,3.63,3.61,3.62,3.63,3.65,3.61,3.60,3.60,3.59,3.54,3.56,3.60,3.67,3.75,3.84,3.96,4.09
1.88,4.02,6.22,6.15,5.47,4.89,4.95,5.98,6.75,6.97,6.46,5.96,5.46,5.55,6.14,6.04,5.71,5.48,5.34,5.22,4.99,4.89,4.92,5.02,5.06,4.58,4.17,3.97,3.88,4.10,4.20,4.24,4.28,4.39,4.64,4.82,4.81,4.50,4.41,4.39,4.39,4.37,4.37,4.33,4.30,4.33,4.57,4.53,4.37,4.21,4.23,4.81,6.00,6.52,5.22,2.05,1.17,1.04,1.04,1.04,1.03,1.03,1.03,1.03,1.01,1.02,1.03,1.02,1.01,1.03,1.04,1.04,1.05,1.18,1.90,2.50,2.30,2.41,2.49,2.53,2.56,2.53,2.46,2.58,2.78,2.88,2.88,2.89,2.89,2.86,2.83,2.84,2.85,2.86,2.88,2.88,2.88,2.87,2.89,2.90,2.91,2.91,2.91,2.94,2.94,2.93,2.92,2.94,2.97,2.93,2.90,2.92,2.89,2.87,2.87,2.89,2.94,2.93,2.92,2.92,2.91,2.89,2.86,2.84,2.81,2.79,2.78,2.81,2.85,2.87,2.86,2.86,2.85,2.82,2.80,2.78,2.78,2.78,2.74,2.67,2.66,2.63,2.47,2.60,2.68,2.71,2.70,2.67,2.66,2.67,2.70,2.72,2.71,2.71,2.71,2.72,2.73,2.73,2.73,2.73,2.73,2.74,2.76,2.78,2.81,2.82,2.75,2.74,2.83,2.79,2.80,2.78,2.76,2.74,2.73,2.71,2.72,2.73,2.75,2.70,2.69,2.71,2.66,2.65,3.05,3.52,3.53,3.54,3.59,3.64,3.66,3.64,3.66,3.66,3.62,3.52,3.33,3.24,3.20,3.19,3.48,3.55,3.62,3.72,3.78,3.89,4.00,4.09,4.16,4.22,4.26,4.30,4.32,4.23,4.20,4.15,4.09,4.02,3.92,3.90,3.91,3.89,3.89,3.85,3.79,3.75,3.82,3.94,4.02,4.04,4.02,4.03,4.01,3.98,3.93,3.81,3.76,3.73,3.67,3.54,3.53,3.55,3.57,3.60,3.57,3.59,3.63,3.64,3.61,3.59,3.59,3.59,3.58,3.66,3.72,3.83
1.33,2.17,3.58,3.73,3.48,3.28,3.59,4.65,5.45,5.73,5.37,4.87,4.55,4.92,5.91,6.53,6.32,5.95,5.63,5.51,5.36,5.26,5.20,5.17,5.13,4.89,4.57,4.25,4.07,4.17,4.25,4.29,4.33,4.44,4.56,4.60,4.54,4.38,4.38,4.40,4.42,4.41,4.42,4.40,4.37,4.37,4.66,4.66,4.56,4.44,4.38,5.29,6.47,7.07,2.95,1.50,1.09,1.04,1.03,1.04,1.04,1.03,1.03,1.03,1.02,1.02,1.03,1.03,1.02,1.03,1.04,1.04,1.04,1.52,2.14,2.51,2.30,2.43,2.52,2.55,2.54,2.50,2.53,2.68,2.86,2.88,2.87,2.85,2.83,2.81,2.82,2.83,2.84,2.86,2.87,2.88,2.87,2.87,2.88,2.90,2.92,2.92,2.91,2.93,2.94,2.93,2.92,2.92,2.95,2.91,2.86,2.86,2.86,2.91,2.94,2.94,2.96,2.91,2.87,2.87,2.87,2.80,2.78,2.77,2.76,2.73,2.74,2.75,2.79,2.88,2.86,2.84,2.81,2.77,2.77,2.77,2.77,2.75,2.68,2.64,2.63,2.59,2.47,2.63,2.69,2.70,2.70,2.70,2.69,2.70,2.71,2.71,2.70,2.70,2.71,2.71,2.72,2.72,2.73,2.73,2.74,2.75,2.77,2.79,2.80,2.78,2.77,2.78,2.81,2.78,2.77,2.77,2.77,2.75,2.73,2.71,2.70,2.70,2.72,2.73,2.70,2.67,2.63,2.80,3.19,3.56,3.57,3.60,3.62,3.64,3.68,3.70,3.71,3.70,3.64,3.51,3.36,3.24,3.20,3.29,3.49,3.59,3.68,3.78,3.83,3.97,4.07,4.15,4.22,4.28,4.34,4.38,4.39,4.30,4.26,4.20,4.11,4.04,3.96,3.91,3.89,3.89,3.86,3.85,3.81,3.76,3.85,3.93,3.99,4.01,3.98,3.96,3.93,3.91,3.90,3.85,3.85,3.84,3.80,3.68,3.64,3.60,3.54,3.47,3.49,3.54,3.59,3.62,3.63,3.65,3.66,3.66,3.64,3.67,3.69,3.74
1.02,1.11,1.83,2.03,2.01,2.37,2.83,3.91,4.40,4.42,4.23,3.76,3.68,4.27,5.42,6.38,6.42,6.21,5.97,5.86,5.72,5.60,5.47,5.33,5.22,5.10,4.85,4.53,4.30,4.26,4.30,4.36,4.37,4.47,4.52,4.48,4.38,4.31,4.34,4.39,4.43,4.43,4.46,4.46,4.44,4.43,4.69,4.69,4.64,4.62,4.67,5.79,6.55,6.89,1.59,1.14,1.04,1.04,1.04,1.04,1.04,1.03,1.03,1.03,1.03,1.02,1.03,1.04,1.03,1.03,1.03,1.05,1.10,1.82,2.31,2.46,2.32,2.44,2.53,2.56,2.53,2.48,2.57,2.73,2.88,2.86,2.83,2.80,2.79,2.79,2.80,2.82,2.84,2.85,2.87,2.88,2.87,2.86,2.88,2.90,2.91,2.92,2.92,2.91,2.93,2.95,2.94,2.92,2.93,2.89,2.85,2.84,2.85,2.92,2.96,2.96,2.97,2.91,2.86,2.85,2.86,2.77,2.73,2.71,2.70,2.69,2.70,2.71,2.74,2.83,2.82,2.79,2.76,2.72,2.74,2.75,2.74,2.70,2.63,2.62,2.60,2.57,2.48,2.65,2.70,2.70,2.70,2.71,2.71,2.71,2.71,2.71,2.69,2.70,2.71,2.71,2.71,2.71,2.72,2.73,2.74,2.76,2.78,2.79,2.78,2.75,2.77,2.80,2.79,2.77,2.76,2.77,2.78,2.76,2.73,2.71,2.69,2.68,2.70,2.73,2.72,2.67,2.64,3.01,3.36,3.59,3.60,3.64,3.65,3.66,3.70,3.74,3.74,3.71,3.64,3.51,3.36,3.22,3.21,3.40,3.51,3.62,3.73,3.82,3.90,4.03,4.13,4.20,4.27,4.33,4.39,4.42,4.42,4.33,4.28,4.22,4.15,4.06,3.99,3.93,3.89,3.88,3.85,3.83,3.80,3.77,3.86,3.93,3.98,4.00,3.97,3.92,3.88,3.87,3.90,3.90,3.91,3.92,3.89,3.77,3.71,3.65,3.57,3.45,3.46,3.49,3.53,3.57,3.61,3.66,3.69,3.70,3.70,3.70,3.70,3.72
1.01,1.02,1.12,1.16,1.17,1.16,1.20,1.91,3.13,3.03,3.02,2.65,2.88,3.60,4.60,5.41,5.87,6.21,6.38,6.29,6.08,5.93,5.74,5.48,5.32,5.18,5.01,4.79,4.58,4.37,4.36,4.42,4.42,4.48,4.55,4.50,4.35,4.30,4.30,4.34,4.40,4.44,4.49,4.51,4.51,4.51,4.65,4.60,4.59,4.71,5.13,6.29,6.13,5.52,1.11,1.04,1.03,1.05,1.06,1.03,1.03,1.03,1.02,1.03,1.02,1.03,1.03,1.04,1.03,1.04,1.04,1.07,1.27,2.43,2.40,2.36,2.37,2.44,2.54,2.57,2.53,2.49,2.57,2.72,2.83,2.80,2.77,2.76,2.77,2.78,2.80,2.81,2.83,2.85,2.87,2.87,2.86,2.86,2.88,2.90,2.91,2.92,2.92,2.90,2.93,2.97,2.99,2.96,2.90,2.87,2.86,2.86,2.87,2.91,2.93,2.94,2.96,2.93,2.90,2.89,2.89,2.81,2.72,2.66,2.64,2.68,2.69,2.69,2.70,2.72,2.73,2.73,2.70,2.66,2.71,2.71,2.67,2.62,2.58,2.61,2.59,2.55,2.51,2.65,2.69,2.69,2.69,2.70,2.70,2.70,2.70,2.70,2.70,2.70,2.71,2.71,2.71,2.71,2.71,2.73,2.75,2.76,2.78,2.79,2.77,2.74,2.76,2.78,2.76,2.76,2.77,2.77,2.76,2.77,2.74,2.71,2.69,2.67,2.66,2.70,2.73,2.73,2.67,3.28,3.57,3.60,3.64,3.65,3.66,3.68,3.72,3.74,3.73,3.69,3.62,3.53,3.34,3.19,3.23,3.55,3.53,3.65,3.77,3.85,3.98,4.08,4.17,4.23,4.30,4.37,4.42,4.44,4.40,4.31,4.27,4.23,4.18,4.09,4.01,3.96,3.91,3.86,3.86,3.78,3.74,3.78,3.87,3.93,3.97,3.99,4.00,3.90,3.85,3.87,3.95,3.94,3.95,3.94,3.89,3.78,3.72,3.70,3.66,3.57,3.49,3.45,3.45,3.48,3.54,3.60,3.66,3.70,3.75,3.75,3.76,3.78
1.02,1.00,1.03,1.03,1.03,1.03,1.01,1.34,1.66,1.86,1.87,1.71,2.23,2.63,3.54,4.29,4.88,6.00,6.98,6.80,6.55,6.33,6.09,5.83,5.62,5.40,5.26,5.14,4.91,4.54,4.42,4.35,4.12,4.39,4.49,4.45,4.34,4.37,4.39,4.40,4.40,4.39,4.50,4.55,4.57,4.58,4.68,4.66,4.82,5.20,5.69,6.69,5.34,3.59,1.04,1.02,1.03,1.05,1.05,1.03,1.04,1.03,1.02,1.04,1.04,1.04,1.04,1.03,1.04,1.04,1.04,1.11,1.41,2.50,2.40,2.32,2.40,2.46,2.53,2.55,2.52,2.51,2.60,2.71,2.77,2.75,2.74,2.75,2.76,2.78,2.79,2.81,2.82,2.84,2.85,2.85,2.85,2.86,2.88,2.89,2.90,2.92,2.93,2.91,2.93,2.96,2.98,2.96,2.89,2.86,2.85,2.83,2.89,2.93,2.95,2.95,2.95,2.93,2.91,2.89,2.87,2.82,2.75,2.71,2.71,2.71,2.73,2.73,2.69,2.63,2.63,2.65,2.66,2.65,2.67,2.67,2.63,2.57,2.58,2.61,2.58,2.54,2.54,2.66,2.70,2.70,2.70,2.70,2.71,2.71,2.71,2.71,2.71,2.71,2.71,2.71,2.71,2.71,2.72,2.73,2.75,2.77,2.78,2.79,2.78,2.76,2.79,2.79,2.75,2.74,2.76,2.76,2.76,2.76,2.74,2.72,2.69,2.67,2.65,2.66,2.68,2.72,2.86,3.39,3.61,3.59,3.61,3.64,3.66,3.69,3.72,3.75,3.73,3.67,3.61,3.54,3.36,3.33,3.42,3.58,3.61,3.72,3.83,3.92,4.03,4.14,4.21,4.28,4.35,4.40,4.42,4.41,4.37,4.30,4.25,4.20,4.15,4.08,4.01,3.95,3.90,3.83,3.81,3.73,3.72,3.81,3.86,3.92,3.96,3.97,3.95,3.81,3.81,3.89,3.97,3.96,3.96,3.94,3.89,3.81,3.77,3.76,3.72,3.63,3.61,3.57,3.52,3.51,3.54,3.55,3.59,3.66,3.71,3.74,3.76,3.80
1.02,1.01,1.04,1.03,1.02,1.03,1.00,1.02,1.03,1.03,1.02,1.04,1.44,1.86,2.71,3.43,3.90,5.21,6.61,6.79,6.89,6.76,6.52,6.23,5.81,5.52,5.46,5.50,5.22,4.72,4.50,4.29,3.89,4.32,4.44,4.42,4.35,4.43,4.45,4.45,4.43,4.38,4.52,4.59,4.61,4.63,4.75,4.80,5.11,5.67,6.24,6.84,4.79,2.07,1.05,1.03,1.03,1.04,1.03,1.02,1.04,1.03,1.03,1.04,1.05,1.05,1.04,1.03,1.04,1.05,1.05,1.14,1.54,2.55,2.41,2.30,2.42,2.49,2.52,2.52,2.50,2.53,2.64,2.71,2.73,2.71,2.72,2.74,2.75,2.77,2.79,2.80,2.82,2.83,2.84,2.84,2.84,2.85,2.87,2.88,2.90,2.92,2.94,2.92,2.93,2.95,2.97,2.96,2.87,2.84,2.83,2.82,2.92,2.96,2.96,2.96,2.95,2.93,2.90,2.88,2.85,2.83,2.78,2.75,2.76,2.74,2.77,2.76,2.70,2.60,2.59,2.62,2.66,2.66,2.63,2.62,2.58,2.54,2.60,2.62,2.57,2.53,2.59,2.67,2.70,2.71,2.71,2.71,2.71,2.71,2.71,2.71,2.71,2.71,2.71,2.71,2.71,2.71,2.72,2.73,2.76,2.78,2.78,2.78,2.78,2.79,2.80,2.79,2.75,2.73,2.74,2.76,2.76,2.75,2.74,2.72,2.69,2.67,2.65,2.63,2.63,2.72,3.10,3.49,3.62,3.60,3.59,3.63,3.66,3.69,3.72,3.74,3.71,3.64,3.57,3.52,3.40,3.48,3.59,3.62,3.71,3.81,3.90,3.99,4.08,4.19,4.26,4.32,4.39,4.43,4.42,4.38,4.34,4.28,4.22,4.16,4.10,4.06,3.99,3.93,3.88,3.82,3.76,3.69,3.72,3.83,3.86,3.90,3.94,3.94,3.88,3.75,3.80,3.91,3.99,3.97,3.98,3.95,3.88,3.83,3.82,3.81,3.77,3.69,3.72,3.68,3.63,3.57,3.57,3.52,3.55,3.63,3.66,3.71,3.74,3.79
1.01,1.02,1.02,1.01,1.01,1.01,1.01,1.01,1.01,1.02,1.03,1.03,1.08,1.21,1.47,2.08,3.01,2.81,3.23,5.19,6.75,7.20,7.09,6.69,5.56,5.24,5.49,5.83,5.38,4.89,4.59,4.34,4.04,4.35,4.44,4.44,4.43,4.42,4.34,4.39,4.50,4.54,4.60,4.61,4.62,4.66,4.86,5.09,5.40,5.88,6.68,6.28,5.41,1.31,1.05,1.03,1.03,1.02,1.02,1.03,1.03,1.03,1.03,1.04,1.04,1.05,1.06,1.05,1.05,1.06,1.05,1.16,1.67,2.53,2.41,2.32,2.42,2.52,2.52,2.48,2.46,2.54,2.67,2.71,2.69,2.70,2.72,2.73,2.75,2.76,2.78,2.79,2.81,2.82,2.83,2.83,2.83,2.85,2.86,2.88,2.89,2.91,2.92,2.93,2.92,2.94,2.96,2.94,2.87,2.82,2.81,2.84,2.94,2.97,2.97,2.96,2.94,2.92,2.90,2.88,2.86,2.81,2.77,2.75,2.75,2.75,2.78,2.78,2.76,2.72,2.72,2.73,2.73,2.71,2.60,2.54,2.53,2.54,2.61,2.61,2.56,2.55,2.67,2.67,2.69,2.70,2.71,2.71,2.72,2.72,2.72,2.72,2.72,2.72,2.72,2.72,2.72,2.72,2.72,2.74,2.76,2.79,2.78,2.77,2.79,2.78,2.77,2.76,2.74,2.73,2.72,2.74,2.76,2.75,2.74,2.72,2.70,2.67,2.65,2.62,2.63,2.79,3.44,3.63,3.66,3.64,3.63,3.64,3.64,3.66,3.70,3.70,3.66,3.57,3.46,3.38,3.52,3.58,3.61,3.70,3.80,3.90,4.00,4.08,4.14,4.23,4.30,4.36,4.39,4.43,4.41,4.36,4.30,4.24,4.21,4.15,4.08,4.05,3.96,3.88,3.84,3.84,3.73,3.71,3.74,3.80,3.87,3.90,3.92,3.89,3.80,3.79,3.86,3.95,4.00,3.99,3.99,3.96,3.90,3.87,3.85,3.84,3.82,3.78,3.75,3.72,3.71,3.69,3.63,3.61,3.64,3.68,3.64,3.63,3.67,3.73
1.00,1.01,1.01,1.01,1.01,1.02,1.02,1.02,1.02,1.03,1.03,1.03,1.03,1.03,1.09,1.43,2.58,1.99,2.07,4.64,6.70,5.96,5.29,5.14,4.46,4.45,4.99,5.72,5.88,5.62,5.15,4.72,4.54,4.43,4.55,4.57,4.42,4.36,4.26,4.34,4.50,4.54,4.56,4.59,4.62,4.68,4.90,5.21,5.62,6.17,6.96,5.43,4.83,1.32,1.05,1.03,1.02,1.03,1.04,1.03,1.03,1.03,1.04,1.04,1.04,1.05,1.06,1.05,1.06,1.06,1.05,1.20,1.87,2.38,2.36,2.33,2.43,2.52,2.51,2.46,2.43,2.56,2.66,2.69,2.68,2.70,2.71,2.73,2.74,2.76,2.77,2.79,2.80,2.82,2.83,2.82,2.83,2.85,2.86,2.88,2.89,2.91,2.92,2.93,2.92,2.93,2.94,2.92,2.85,2.81,2.82,2.88,2.95,2.98,2.98,2.96,2.93,2.91,2.89,2.87,2.85,2.81,2.77,2.75,2.77,2.77,2.78,2.79,2.78,2.76,2.77,2.76,2.74,2.72,2.64,2.56,2.53,2.53,2.59,2.57,2.53,2.54,2.70,2.68,2.69,2.70,2.71,2.71,2.72,2.72,2.72,2.72,2.72,2.72,2.72,2.72,2.72,2.72,2.73,2.74,2.75,2.79,2.79,2.78,2.79,2.77,2.76,2.75,2.74,2.73,2.72,2.72,2.74,2.75,2.74,2.72,2.70,2.67,2.65,2.63,2.78,3.14,3.59,3.67,3.68,3.68,3.67,3.66,3.65,3.65,3.68,3.67,3.61,3.51,3.42,3.42,3.59,3.64,3.66,3.75,3.88,3.98,4.06,4.14,4.21,4.28,4.34,4.39,4.42,4.43,4.39,4.32,4.27,4.21,4.18,4.15,4.10,4.05,3.92,3.76,3.70,3.82,3.73,3.75,3.78,3.80,3.88,3.90,3.90,3.86,3.76,3.81,3.88,3.95,3.99,3.99,4.01,3.98,3.93,3.91,3.89,3.88,3.87,3.85,3.80,3.78,3.79,3.79,3.72,3.70,3.71,3.72,3.67,3.65,3.68,3.72
1.00,1.00,1.00,1.01,1.03,1.04,1.03,1.02,1.03,1.04,1.03,1.02,1.03,1.04,1.03,1.03,1.03,1.04,1.04,1.03,1.06,2.35,2.45,2.69,3.01,3.42,4.20,5.31,6.46,6.59,5.96,5.31,5.25,4.63,4.78,4.76,4.37,4.27,4.19,4.30,4.47,4.47,4.47,4.55,4.63,4.69,4.88,5.23,5.79,6.50,7.09,4.49,3.48,1.50,1.06,1.04,1.02,1.03,1.06,1.03,1.03,1.03,1.04,1.04,1.05,1.05,1.05,1.05,1.05,1.05,1.05,1.25,2.16,2.24,2.30,2.35,2.43,2.50,2.49,2.44,2.41,2.58,2.64,2.66,2.67,2.69,2.70,2.72,2.74,2.75,2.77,2.78,2.80,2.81,2.83,2.82,2.82,2.84,2.86,2.88,2.89,2.91,2.92,2.94,2.93,2.92,2.91,2.88,2.83,2.81,2.83,2.92,2.97,2.98,2.98,2.96,2.93,2.90,2.88,2.86,2.84,2.82,2.77,2.76,2.79,2.79,2.79,2.79,2.78,2.76,2.77,2.74,2.72,2.71,2.71,2.63,2.55,2.52,2.56,2.50,2.48,2.53,2.69,2.71,2.70,2.69,2.70,2.72,2.72,2.72,2.72,2.73,2.73,2.73,2.73,2.73,2.73,2.73,2.73,2.74,2.73,2.79,2.81,2.80,2.79,2.76,2.74,2.74,2.73,2.73,2.72,2.71,2.71,2.75,2.74,2.72,2.70,2.68,2.65,2.66,3.01,3.60,3.64,3.66,3.69,3.71,3.72,3.70,3.68,3.67,3.67,3.64,3.56,3.46,3.42,3.55,3.64,3.69,3.73,3.80,3.96,4.04,4.11,4.19,4.27,4.34,4.39,4.42,4.46,4.42,4.35,4.29,4.23,4.19,4.15,4.14,4.14,4.05,3.88,3.62,3.52,3.79,3.76,3.80,3.82,3.81,3.89,3.89,3.87,3.83,3.75,3.82,3.88,3.93,3.98,3.99,4.02,4.01,3.96,3.94,3.93,3.92,3.91,3.90,3.86,3.85,3.86,3.88,3.83,3.79,3.77,3.76,3.73,3.71,3.73,3.73
1.01,1.01,1.01,1.00,1.01,1.02,1.02,1.02,1.03,1.03,1.02,1.03,1.02,1.02,1.03,1.02,1.02,1.03,1.04,1.03,1.04,1.27,1.50,1.59,1.70,2.57,3.01,4.14,5.63,6.73,6.80,6.49,6.44,6.08,5.66,5.04,4.36,4.32,4.31,4.41,4.55,4.59,4.57,4.66,4.71,4.67,4.69,5.10,5.87,6.61,6.45,4.54,3.82,1.35,1.05,1.04,1.03,1.04,1.05,1.04,1.03,1.03,1.03,1.03,1.04,1.05,1.05,1.06,1.06,1.05,1.05,1.30,2.39,2.28,2.29,2.38,2.45,2.49,2.46,2.42,2.45,2.61,2.65,2.66,2.67,2.68,2.70,2.71,2.73,2.74,2.76,2.78,2.79,2.81,2.82,2.81,2.82,2.84,2.85,2.87,2.88,2.90,2.92,2.94,2.93,2.92,2.91,2.89,2.86,2.84,2.86,2.92,2.96,2.97,2.97,2.96,2.94,2.92,2.90,2.86,2.83,2.81,2.80,2.79,2.80,2.80,2.79,2.79,2.79,2.77,2.77,2.74,2.71,2.69,2.69,2.63,2.56,2.51,2.56,2.50,2.52,2.60,2.68,2.69,2.70,2.71,2.71,2.71,2.72,2.73,2.73,2.73,2.73,2.73,2.73,2.73,2.74,2.74,2.74,2.74,2.73,2.79,2.80,2.78,2.79,2.76,2.74,2.73,2.72,2.72,2.71,2.70,2.70,2.71,2.73,2.73,2.71,2.68,2.63,2.72,3.10,3.63,3.66,3.67,3.68,3.69,3.71,3.72,3.71,3.71,3.69,3.63,3.50,3.36,3.32,3.58,3.64,3.72,3.82,3.91,4.01,4.09,4.16,4.23,4.28,4.35,4.42,4.46,4.45,4.38,4.34,4.29,4.21,4.20,4.13,4.05,3.97,3.88,3.70,3.61,3.64,3.79,3.79,3.81,3.82,3.83,3.87,3.84,3.81,3.78,3.74,3.80,3.83,3.87,3.93,3.96,4.01,4.02,4.00,3.98,3.97,3.96,3.94,3.91,3.91,3.93,3.95,3.96,3.92,3.89,3.86,3.83,3.78,3.75,3.76,3.77
1.01,1.02,1.01,1.01,1.01,1.02,1.01,1.02,1.02,1.02,1.02,1.03,1.02,1.02,1.02,1.02,1.01,1.02,1.03,1.03,1.03,1.02,1.03,1.05,1.05,1.88,2.39,3.46,4.50,5.81,6.52,6.81,6.96,6.99,6.50,5.78,5.11,5.02,4.85,4.74,4.69,4.64,4.71,4.88,4.96,4.85,4.91,5.42,6.22,6.77,5.93,4.66,4.00,1.20,1.05,1.04,1.04,1.04,1.04,1.04,1.03,1.03,1.04,1.03,1.04,1.04,1.05,1.06,1.05,1.05,1.07,1.34,2.50,2.30,2.29,2.40,2.47,2.48,2.43,2.42,2.49,2.62,2.65,2.66,2.67,2.68,2.69,2.71,2.72,2.74,2.75,2.77,2.79,2.81,2.80,2.81,2.82,2.83,2.85,2.87,2.88,2.90,2.91,2.93,2.93,2.93,2.91,2.87,2.86,2.86,2.88,2.93,2.94,2.95,2.95,2.95,2.94,2.94,2.92,2.88,2.84,2.83,2.82,2.81,2.80,2.80,2.80,2.79,2.79,2.77,2.77,2.74,2.70,2.67,2.66,2.62,2.56,2.51,2.55,2.49,2.55,2.65,2.68,2.69,2.70,2.71,2.72,2.71,2.72,2.73,2.73,2.73,2.73,2.73,2.73,2.73,2.74,2.74,2.74,2.73,2.75,2.80,2.79,2.77,2.78,2.77,2.75,2.73,2.72,2.71,2.70,2.70,2.69,2.69,2.71,2.72,2.71,2.66,2.63,2.89,3.27,3.64,3.67,3.67,3.67,3.68,3.70,3.72,3.72,3.70,3.65,3.58,3.42,3.33,3.37,3.60,3.66,3.76,3.89,3.99,4.06,4.11,4.18,4.24,4.30,4.37,4.44,4.48,4.44,4.36,4.31,4.27,4.20,4.20,4.12,4.01,3.90,3.80,3.66,3.65,3.71,3.80,3.82,3.84,3.84,3.84,3.84,3.79,3.76,3.76,3.79,3.83,3.84,3.86,3.91,3.94,3.98,4.01,4.02,4.02,3.99,3.97,3.95,3.92,3.94,3.98,4.01,4.02,3.99,3.96,3.93,3.89,3.84,3.80,3.80,3.81
1.01,1.02,1.02,1.02,1.03,1.03,1.02,1.01,1.01,1.00,1.01,1.03,1.03,1.02,1.01,1.03,1.02,1.02,1.02,1.03,1.03,1.03,1.04,1.05,1.05,1.09,1.14,1.52,2.98,3.67,4.96,6.18,6.70,7.30,7.32,7.06,6.70,6.47,5.88,5.32,4.88,4.60,4.89,5.24,5.38,5.24,5.59,6.23,6.87,6.98,5.55,3.80,2.12,1.06,1.04,1.04,1.03,1.04,1.05,1.03,1.03,1.04,1.05,1.04,1.05,1.04,1.05,1.07,1.03,1.05,1.09,1.37,2.45,2.30,2.31,2.40,2.50,2.47,2.42,2.43,2.52,2.63,2.66,2.66,2.67,2.67,2.69,2.70,2.72,2.73,2.75,2.76,2.78,2.80,2.79,2.80,2.81,2.83,2.85,2.87,2.88,2.90,2.91,2.93,2.94,2.95,2.92,2.79,2.83,2.86,2.89,2.95,2.92,2.91,2.92,2.94,2.94,2.94,2.94,2.92,2.87,2.85,2.83,2.82,2.81,2.80,2.80,2.80,2.79,2.78,2.77,2.73,2.69,2.65,2.61,2.59,2.55,2.51,2.52,2.49,2.56,2.66,2.67,2.69,2.70,2.70,2.71,2.72,2.73,2.73,2.74,2.74,2.74,2.74,2.74,2.74,2.75,2.74,2.72,2.71,2.78,2.82,2.80,2.77,2.77,2.77,2.75,2.73,2.71,2.69,2.69,2.69,2.68,2.68,2.68,2.70,2.69,2.62,2.66,3.17,3.54,3.61,3.66,3.68,3.68,3.69,3.69,3.70,3.69,3.64,3.55,3.49,3.32,3.37,3.59,3.60,3.71,3.82,3.93,4.05,4.09,4.12,4.16,4.22,4.32,4.38,4.44,4.47,4.41,4.36,4.28,4.22,4.20,4.17,4.12,4.03,3.93,3.81,3.77,3.73,3.74,3.82,3.86,3.88,3.87,3.84,3.79,3.72,3.73,3.80,3.91,3.92,3.90,3.90,3.92,3.90,3.91,3.96,4.04,4.05,4.01,3.96,3.93,3.91,3.96,4.00,4.03,4.04,4.03,4.03,4.00,3.95,3.89,3.86,3.85,3.85
1.00,1.02,1.02,1.02,1.02,1.02,1.03,1.02,1.02,1.02,1.02,1.02,1.03,1.02,1.01,1.03,1.02,1.02,1.02,1.03,1.03,1.04,1.04,1.04,1.03,1.04,1.04,1.18,1.79,2.10,2.71,3.44,4.12,5.37,6.08,6.74,7.35,7.09,6.67,6.24,5.85,5.52,5.70,6.22,6.56,6.47,6.70,7.12,7.38,6.94,4.77,3.03,1.73,1.04,1.03,1.04,1.05,1.05,1.05,1.05,1.04,1.04,1.05,1.05,1.05,1.04,1.04,1.05,1.03,1.05,1.32,2.19,2.28,2.29,2.34,2.41,2.49,2.44,2.39,2.43,2.56,2.64,2.67,2.67,2.67,2.69,2.69,2.70,2.71,2.73,2.75,2.76,2.78,2.79,2.78,2.79,2.81,2.83,2.85,2.86,2.88,2.89,2.91,2.92,2.93,2.93,2.91,2.84,2.83,2.87,2.91,2.94,2.92,2.91,2.91,2.92,2.92,2.92,2.92,2.92,2.90,2.86,2.83,2.81,2.81,2.80,2.80,2.80,2.79,2.79,2.76,2.72,2.68,2.64,2.60,2.57,2.54,2.51,2.49,2.49,2.57,2.66,2.66,2.68,2.69,2.70,2.71,2.72,2.73,2.73,2.74,2.74,2.74,2.75,2.75,2.75,2.74,2.72,2.70,2.70,2.77,2.78,2.78,2.76,2.76,2.77,2.76,2.74,2.71,2.69,2.68,2.67,2.67,2.67,2.65,2.67,2.68,2.67,2.94,3.38,3.63,3.63,3.64,3.65,3.67,3.69,3.70,3.69,3.66,3.60,3.51,3.45,3.42,3.49,3.61,3.67,3.78,3.85,3.91,4.03,4.07,4.11,4.15,4.18,4.25,4.32,4.38,4.40,4.35,4.32,4.25,4.20,4.17,4.11,4.12,4.08,4.00,4.01,3.93,3.83,3.78,3.84,3.87,3.89,3.88,3.83,3.77,3.69,3.71,3.82,3.94,3.98,3.99,3.99,3.97,3.93,3.94,3.97,4.00,3.98,3.96,3.92,3.89,3.91,4.00,4.03,4.05,4.07,4.08,4.06,4.03,3.99,3.94,3.91,3.90,3.91
1.01,1.01,1.02,1.02,1.02,1.02,1.03,1.03,1.03,1.04,1.03,1.01,1.02,1.02,1.01,1.03,1.02,1.02,1.03,1.02,1.03,1.03,1.04,1.04,1.03,1.04,1.04,1.04,1.04,1.04,1.03,1.23,2.04,3.77,4.98,6.12,7.01,7.38,7.27,7.05,6.78,6.49,6.52,7.08,7.52,7.50,7.60,7.76,7.69,6.83,4.11,2.33,1.38,1.04,1.03,1.04,1.05,1.06,1.06,1.06,1.04,1.04,1.04,1.05,1.05,1.04,1.04,1.03,1.04,1.05,1.52,2.20,2.16,2.28,2.36,2.42,2.47,2.42,2.37,2.43,2.59,2.65,2.68,2.68,2.68,2.70,2.69,2.69,2.70,2.72,2.74,2.76,2.78,2.79,2.77,2.79,2.81,2.82,2.84,2.85,2.87,2.89,2.90,2.92,2.93,2.92,2.89,2.88,2.84,2.88,2.93,2.93,2.92,2.91,2.90,2.90,2.90,2.90,2.90,2.90,2.90,2.87,2.84,2.82,2.81,2.80,2.80,2.80,2.79,2.79,2.76,2.72,2.67,2.63,2.59,2.55,2.52,2.51,2.47,2.51,2.59,2.65,2.66,2.68,2.69,2.70,2.71,2.73,2.73,2.74,2.74,2.74,2.75,2.75,2.75,2.75,2.74,2.70,2.69,2.70,2.76,2.76,2.76,2.76,2.75,2.76,2.76,2.74,2.72,2.70,2.67,2.66,2.66,2.66,2.64,2.65,2.70,2.81,3.24,3.54,3.67,3.66,3.63,3.63,3.65,3.68,3.69,3.68,3.63,3.56,3.48,3.41,3.51,3.58,3.62,3.74,3.85,3.87,3.89,3.98,4.02,4.08,4.12,4.14,4.19,4.26,4.30,4.32,4.29,4.26,4.22,4.17,4.14,4.08,4.12,3.77,3.24,3.31,3.83,3.92,3.82,3.86,3.88,3.90,3.88,3.81,3.74,3.68,3.73,3.85,3.97,4.02,4.05,4.06,4.02,3.97,3.99,4.00,3.97,3.93,3.95,3.92,3.89,3.92,4.05,4.07,4.08,4.10,4.12,4.09,4.06,4.02,3.99,3.96,3.96,3.97
1.03,1.03,1.03,1.02,1.02,1.03,1.03,1.02,1.03,1.03,1.02,1.01,1.01,1.01,1.01,1.03,1.03,1.02,1.01,1.01,1.02,1.03,1.03,1.03,1.04,1.03,1.03,1.03,1.05,1.02,1.03,1.09,1.20,1.54,1.78,2.67,4.51,7.16,7.47,7.42,7.33,7.19,7.15,7.42,7.68,7.75,7.79,7.78,7.58,6.66,3.91,1.89,1.11,1.04,1.04,1.03,1.04,1.05,1.05,1.06,1.06,1.04,1.03,1.04,1.03,1.05,1.05,1.04,1.05,1.04,1.58,2.35,2.19,2.27,2.37,2.44,2.45,2.40,2.37,2.44,2.61,2.66,2.70,2.69,2.67,2.68,2.69,2.69,2.70,2.71,2.74,2.75,2.77,2.78,2.77,2.79,2.80,2.82,2.83,2.85,2.87,2.89,2.90,2.92,2.93,2.92,2.89,2.86,2.84,2.90,2.94,2.92,2.91,2.91,2.90,2.90,2.88,2.89,2.89,2.88,2.87,2.87,2.87,2.84,2.80,2.81,2.80,2.80,2.80,2.79,2.75,2.71,2.66,2.62,2.61,2.54,2.51,2.52,2.47,2.57,2.63,2.66,2.67,2.68,2.69,2.69,2.70,2.72,2.73,2.74,2.75,2.75,2.75,2.75,2.75,2.73,2.72,2.70,2.71,2.73,2.76,2.79,2.80,2.78,2.76,2.75,2.76,2.75,2.72,2.70,2.68,2.66,2.65,2.65,2.64,2.66,2.79,3.11,3.48,3.63,3.67,3.67,3.67,3.65,3.63,3.64,3.68,3.67,3.61,3.52,3.44,3.35,3.47,3.58,3.68,3.80,3.90,3.90,3.88,3.88,3.92,4.00,4.06,4.10,4.16,4.19,4.20,4.20,4.21,4.18,4.16,4.13,4.10,4.16,4.12,2.57,0.34,0.21,3.06,3.97,3.83,3.88,3.91,3.91,3.86,3.79,3.72,3.73,3.81,3.93,4.01,4.04,4.06,4.07,4.06,4.03,4.03,4.03,4.02,3.99,4.04,4.03,3.99,3.98,4.08,4.10,4.11,4.13,4.15,4.13,4.10,4.07,4.04,4.01,4.01,4.04
1.03,1.02,1.03,1.02,1.02,1.03,1.03,1.02,1.02,1.02,1.02,1.01,1.01,1.01,1.02,1.02,1.03,1.02,1.01,1.00,1.01,1.02,1.03,1.03,1.03,1.04,1.03,1.02,1.03,1.02,1.04,1.05,1.03,1.02,1.01,1.46,3.73,7.09,5.84,5.82,6.60,7.59,7.58,7.61,7.70,7.83,7.81,7.76,7.27,6.27,3.91,1.59,1.03,1.03,1.04,1.03,1.04,1.05,1.05,1.05,1.05,1.05,1.04,1.03,1.04,1.05,1.05,1.04,1.04,1.20,1.72,2.32,2.21,2.30,2.40,2.45,2.44,2.37,2.41,2.51,2.63,2.66,2.71,2.71,2.68,2.67,2.70,2.70,2.70,2.71,2.73,2.75,2.76,2.77,2.77,2.78,2.80,2.82,2.83,2.85,2.86,2.88,2.90,2.90,2.91,2.90,2.87,2.83,2.83,2.89,2.94,2.94,2.93,2.92,2.91,2.91,2.89,2.88,2.88,2.87,2.85,2.87,2.88,2.85,2.79,2.80,2.80,2.80,2.80,2.79,2.75,2.70,2.66,2.62,2.58,2.53,2.50,2.50,2.43,2.59,2.67,2.68,2.68,2.69,2.70,2.70,2.71,2.72,2.73,2.74,2.75,2.75,2.75,2.76,2.76,2.74,2.73,2.73,2.73,2.75,2.79,2.81,2.81,2.80,2.78,2.76,2.76,2.75,2.74,2.71,2.69,2.67,2.65,2.64,2.64,2.67,2.88,3.37,3.59,3.65,3.66,3.68,3.68,3.67,3.65,3.63,3.63,3.60,3.55,3.48,3.38,3.39,3.52,3.65,3.76,3.86,3.93,3.93,3.91,3.88,3.89,3.93,3.97,4.01,4.09,4.12,4.13,4.13,4.15,4.14,4.13,4.13,4.14,4.17,3.04,1.30,-0.16,0.42,3.12,3.97,3.85,3.90,3.91,3.88,3.83,3.75,3.75,3.80,3.90,3.99,4.02,4.05,4.08,4.09,4.08,4.06,4.08,4.10,4.11,4.09,4.11,4.09,4.06,4.07,4.12,4.13,4.14,4.17,4.20,4.18,4.15,4.11,4.08,4.06,4.07,4.11
1.02,1.00,1.01,1.01,1.01,1.02,1.03,1.02,1.02,1.01,1.02,1.00,1.01,1.02,1.02,1.01,1.02,1.02,1.01,1.01,1.00,1.02,1.03,1.04,1.02,1.04,1.03,1.01,1.00,1.03,1.04,1.05,1.07,1.04,1.02,1.03,1.04,1.03,2.60,3.56,5.43,7.83,7.65,7.49,7.53,7.80,7.78,7.70,6.83,5.61,2.41,1.37,1.03,1.02,1.03,1.04,1.05,1.05,1.05,1.04,1.04,1.04,1.05,1.04,1.05,1.04,1.04,1.03,1.04,1.69,1.90,2.23,2.24,2.33,2.42,2.46,2.42,2.34,2.46,2.58,2.64,2.67,2.73,2.74,2.71,2.67,2.71,2.71,2.70,2.71,2.73,2.74,2.75,2.76,2.76,2.78,2.80,2.81,2.83,2.85,2.86,2.88,2.89,2.87,2.87,2.86,2.83,2.79,2.82,2.88,2.94,2.97,2.95,2.94,2.93,2.92,2.90,2.89,2.87,2.86,2.84,2.87,2.88,2.84,2.77,2.79,2.80,2.81,2.80,2.79,2.75,2.69,2.65,2.62,2.54,2.51,2.49,2.47,2.40,2.60,2.70,2.70,2.70,2.71,2.72,2.72,2.72,2.73,2.74,2.74,2.75,2.76,2.76,2.76,2.76,2.75,2.75,2.76,2.76,2.77,2.82,2.82,2.83,2.82,2.80,2.78,2.77,2.76,2.75,2.73,2.70,2.68,2.65,2.63,2.64,2.71,3.00,3.59,3.63,3.64,3.65,3.67,3.69,3.69,3.68,3.65,3.58,3.51,3.49,3.43,3.33,3.47,3.61,3.74,3.85,3.91,3.95,3.96,3.95,3.92,3.89,3.87,3.87,3.90,4.01,4.05,4.07,4.09,4.09,4.11,4.10,4.10,4.12,3.97,1.59,0.21,0.52,2.08,3.53,3.95,3.88,3.93,3.90,3.85,3.78,3.72,3.80,3.88,3.97,4.04,4.03,4.07,4.10,4.11,4.09,4.08,4.12,4.17,4.21,4.21,4.17,4.12,4.12,4.18,4.16,4.15,4.18,4.22,4.24,4.22,4.20,4.16,4.13,4.11,4.14,4.18
1.01,1.00,1.03,1.02,1.02,1.02,1.03,1.02,1.02,1.01,1.01,1.01,1.02,1.02,1.02,1.02,1.02,1.02,1.02,1.01,1.01,1.02,1.03,1.03,1.03,1.03,1.03,1.03,1.02,1.02,1.03,1.04,1.05,1.03,1.03,1.04,1.04,1.03,1.36,1.81,2.38,3.15,4.75,4.94,5.98,7.41,7.82,7.50,6.15,4.51,1.57,1.13,1.03,1.03,1.04,1.05,1.04,1.05,1.06,1.05,1.05,1.04,1.04,1.05,1.05,1.05,1.04,1.04,1.04,2.19,2.18,2.18,2.26,2.35,2.42,2.44,2.39,2.31,2.44,2.58,2.64,2.71,2.74,2.75,2.73,2.67,2.69,2.71,2.71,2.70,2.72,2.74,2.74,2.75,2.76,2.78,2.79,2.81,2.82,2.84,2.85,2.85,2.86,2.86,2.85,2.82,2.78,2.78,2.81,2.89,2.96,2.96,2.95,2.93,2.92,2.90,2.89,2.88,2.87,2.85,2.82,2.81,2.81,2.79,2.76,2.77,2.79,2.80,2.80,2.78,2.75,2.70,2.65,2.59,2.49,2.49,2.48,2.47,2.48,2.63,2.70,2.71,2.71,2.71,2.72,2.73,2.73,2.74,2.74,2.75,2.76,2.77,2.77,2.75,2.75,2.78,2.77,2.77,2.78,2.79,2.82,2.83,2.83,2.82,2.80,2.79,2.77,2.77,2.76,2.74,2.71,2.68,2.65,2.64,2.66,2.98,3.37,3.59,3.64,3.64,3.64,3.65,3.67,3.69,3.67,3.64,3.61,3.55,3.46,3.40,3.42,3.54,3.67,3.79,3.88,3.91,3.93,3.94,3.93,3.90,3.87,3.87,3.89,3.92,3.98,3.99,4.01,4.05,4.10,4.07,4.01,3.69,3.02,2.15,1.11,1.12,2.15,3.41,3.78,3.89,3.89,3.90,3.88,3.81,3.75,3.72,3.81,3.91,4.00,4.04,4.06,4.10,4.12,4.13,4.11,4.10,4.16,4.22,4.26,4.29,4.25,4.22,4.21,4.23,4.19,4.19,4.22,4.24,4.22,4.24,4.24,4.21,4.18,4.18,4.20,4.24
1.31,1.00,1.02,1.02,1.02,1.02,1.02,1.02,1.02,1.01,1.01,1.01,1.02,1.03,1.02,1.03,1.02,1.02,1.03,1.01,1.02,1.02,1.03,1.03,1.03,1.03,1.03,1.04,1.04,1.03,1.03,1.03,1.04,1.03,1.03,1.03,1.03,1.03,1.03,1.02,1.01,1.03,2.90,3.67,5.21,7.21,7.84,7.40,5.82,3.96,1.13,1.02,1.03,1.04,1.04,1.05,1.04,1.04,1.05,1.05,1.05,1.04,1.04,1.05,1.06,1.05,1.04,1.05,1.04,2.43,2.31,2.16,2.26,2.36,2.41,2.42,2.38,2.27,2.41,2.56,2.64,2.73,2.76,2.76,2.75,2.70,2.69,2.71,2.73,2.70,2.71,2.73,2.74,2.73,2.76,2.77,2.79,2.80,2.81,2.83,2.83,2.83,2.84,2.85,2.83,2.79,2.76,2.77,2.82,2.90,2.96,2.95,2.93,2.92,2.90,2.89,2.88,2.87,2.86,2.84,2.80,2.79,2.78,2.78,2.76,2.77,2.77,2.77,2.77,2.77,2.76,2.71,2.64,2.57,2.47,2.48,2.47,2.45,2.55,2.66,2.70,2.71,2.71,2.72,2.73,2.73,2.74,2.74,2.75,2.75,2.76,2.77,2.77,2.75,2.74,2.76,2.78,2.77,2.77,2.79,2.82,2.83,2.83,2.83,2.81,2.79,2.78,2.77,2.77,2.76,2.73,2.69,2.66,2.67,2.83,3.22,3.55,3.60,3.63,3.64,3.64,3.64,3.66,3.68,3.67,3.64,3.61,3.55,3.45,3.43,3.52,3.65,3.75,3.83,3.90,3.90,3.92,3.92,3.91,3.88,3.86,3.87,3.89,3.92,3.94,3.96,3.99,4.03,4.11,4.05,3.81,3.22,2.26,1.35,1.63,2.40,3.30,3.99,3.89,3.87,3.89,3.88,3.85,3.78,3.73,3.73,3.80,3.93,4.01,4.06,4.08,4.12,4.15,4.17,4.16,4.14,4.20,4.27,4.32,4.34,4.31,4.29,4.28,4.29,4.28,4.29,4.30,4.28,4.21,4.25,4.25,4.22,4.20,4.23,4.25,4.27
2.43,1.02,1.00,1.01,1.01,1.00,1.01,1.00,1.01,1.01,1.02,1.01,1.02,1.02,1.03,1.03,1.03,1.03,1.03,1.01,1.03,1.03,1.02,1.02,1.04,1.02,1.02,1.04,1.07,1.04,1.03,1.03,1.04,1.04,1.03,1.02,1.02,1.04,1.04,1.04,1.04,1.04,1.11,1.15,1.23,1.58,3.47,3.77,3.22,2.19,1.10,1.04,1.03,1.03,1.04,1.04,1.03,1.03,1.04,1.05,1.06,1.05,1.04,1.04,1.06,1.05,1.04,1.05,1.05,2.41,2.31,2.18,2.26,2.38,2.41,2.40,2.38,2.24,2.34,2.51,2.64,2.73,2.76,2.78,2.79,2.76,2.70,2.72,2.73,2.70,2.71,2.73,2.73,2.72,2.75,2.76,2.78,2.79,2.80,2.79,2.80,2.81,2.82,2.85,2.79,2.77,2.78,2.76,2.84,2.91,2.94,2.92,2.91,2.90,2.89,2.88,2.87,2.86,2.86,2.84,2.79,2.79,2.79,2.79,2.79,2.77,2.75,2.73,2.73,2.76,2.76,2.71,2.65,2.58,2.47,2.50,2.47,2.42,2.61,2.67,2.70,2.71,2.71,2.72,2.73,2.73,2.73,2.74,2.75,2.75,2.76,2.77,2.77,2.75,2.72,2.70,2.77,2.76,2.75,2.77,2.82,2.83,2.83,2.84,2.84,2.80,2.79,2.78,2.76,2.77,2.75,2.72,2.69,2.72,3.15,3.43,3.56,3.60,3.61,3.64,3.64,3.62,3.64,3.66,3.67,3.65,3.60,3.52,3.48,3.52,3.64,3.78,3.84,3.87,3.89,3.88,3.90,3.91,3.89,3.86,3.86,3.87,3.88,3.88,3.89,3.95,4.01,4.05,4.10,4.04,3.50,2.68,1.84,1.57,3.14,4.04,3.98,3.83,3.85,3.89,3.89,3.85,3.82,3.75,3.72,3.75,3.79,3.93,4.03,4.08,4.11,4.14,4.18,4.22,4.24,4.21,4.27,4.33,4.37,4.33,4.35,4.35,4.34,4.37,4.43,4.45,4.42,4.34,4.21,4.24,4.24,4.21,4.19,4.26,4.27,4.26
3.21,3.84,3.81,1.57,1.01,1.00,1.02,1.01,1.01,1.02,1.03,1.01,1.01,1.02,1.02,1.02,1.02,1.01,1.01,1.00,1.03,1.04,1.03,1.02,1.03,1.03,1.03,1.04,1.04,1.02,1.03,1.04,1.03,1.04,1.03,1.03,1.03,1.04,1.04,1.05,1.05,1.04,1.03,1.02,1.01,1.12,1.98,2.11,1.90,1.50,1.07,1.04,1.04,1.04,1.05,1.05,1.04,1.04,1.05,1.04,1.05,1.05,1.04,1.04,1.05,1.05,1.04,1.09,2.01,2.18,2.21,2.20,2.29,2.38,2.40,2.38,2.37,2.31,2.35,2.44,2.52,2.51,2.57,2.65,2.71,2.75,2.71,2.72,2.73,2.73,2.71,2.72,2.73,2.73,2.75,2.76,2.77,2.77,2.77,2.77,2.79,2.81,2.83,2.83,2.75,2.74,2.78,2.75,2.85,2.91,2.92,2.91,2.90,2.89,2.88,2.87,2.86,2.85,2.85,2.84,2.80,2.80,2.80,2.79,2.79,2.77,2.75,2.73,2.72,2.71,2.73,2.70,2.64,2.57,2.48,2.50,2.45,2.40,2.61,2.65,2.68,2.70,2.71,2.72,2.73,2.73,2.73,2.74,2.75,2.75,2.76,2.76,2.77,2.75,2.73,2.73,2.78,2.78,2.77,2.77,2.79,2.81,2.83,2.84,2.85,2.83,2.80,2.78,2.77,2.76,2.76,2.75,2.80,3.05,3.36,3.52,3.58,3.61,3.63,3.65,3.66,3.65,3.63,3.66,3.67,3.65,3.60,3.56,3.55,3.59,3.70,3.81,3.87,3.88,3.87,3.87,3.89,3.89,3.88,3.85,3.86,3.87,3.87,3.88,3.86,3.91,3.92,3.93,4.01,3.93,3.29,2.57,2.20,2.96,3.83,4.16,3.99,3.84,3.85,3.86,3.86,3.82,3.71,3.69,3.72,3.78,3.88,3.95,4.02,4.07,4.11,4.15,4.19,4.24,4.28,4.25,4.30,4.35,4.37,4.36,4.38,4.37,4.37,4.40,4.40,4.40,4.39,4.36,4.31,4.34,4.29,4.20,4.18,4.24,4.24,4.24
3.58,3.75,3.71,2.30,1.52,1.44,1.09,1.03,1.01,1.02,1.03,1.01,1.01,1.02,1.02,1.02,1.01,1.00,1.01,1.01,1.03,1.04,1.03,1.02,1.02,1.04,1.04,1.03,1.02,1.02,1.03,1.04,1.02,1.04,1.04,1.04,1.04,1.05,1.04,1.05,1.05,1.04,1.04,1.03,1.03,1.04,1.05,1.03,1.03,1.04,1.05,1.04,1.04,1.04,1.05,1.05,1.05,1.05,1.05,1.04,1.05,1.04,1.04,1.04,1.04,1.04,1.04,1.13,2.08,2.10,2.14,2.22,2.32,2.38,2.38,2.36,2.34,2.33,2.35,2.38,2.41,2.36,2.44,2.53,2.61,2.67,2.66,2.64,2.66,2.72,2.71,2.71,2.71,2.73,2.74,2.75,2.75,2.74,2.74,2.76,2.78,2.81,2.82,2.81,2.72,2.72,2.77,2.76,2.88,2.92,2.92,2.90,2.89,2.88,2.87,2.86,2.85,2.84,2.84,2.83,2.80,2.80,2.80,2.80,2.79,2.77,2.76,2.74,2.71,2.68,2.69,2.68,2.62,2.53,2.49,2.49,2.44,2.41,2.60,2.63,2.66,2.69,2.71,2.72,2.72,2.73,2.73,2.74,2.75,2.75,2.76,2.76,2.77,2.75,2.74,2.76,2.79,2.79,2.78,2.77,2.77,2.79,2.82,2.83,2.85,2.85,2.81,2.78,2.77,2.76,2.77,2.83,2.99,3.33,3.50,3.58,3.61,3.63,3.66,3.68,3.69,3.68,3.63,3.67,3.69,3.66,3.59,3.60,3.61,3.65,3.74,3.83,3.88,3.88,3.84,3.86,3.88,3.88,3.86,3.84,3.85,3.86,3.87,3.87,3.84,3.87,3.85,3.84,3.91,3.78,3.18,2.35,1.81,3.88,4.24,4.11,3.92,3.86,3.84,3.84,3.82,3.77,3.63,3.66,3.74,3.82,3.96,4.00,4.04,4.09,4.11,4.16,4.20,4.25,4.30,4.29,4.32,4.35,4.36,4.38,4.40,4.39,4.39,4.43,4.37,4.36,4.36,4.37,4.39,4.41,4.34,4.25,4.24,4.24,4.22,4.22
3.48,3.45,3.39,3.51,3.63,3.21,1.36,1.07,1.02,1.02,1.01,1.00,1.03,1.03,1.02,1.03,1.02,1.02,1.02,1.02,1.02,1.02,1.02,1.02,1.02,1.03,1.03,1.03,1.04,1.02,1.02,1.02,1.04,1.03,1.04,1.05,1.05,1.04,1.05,1.05,1.04,1.03,1.03,1.03,1.03,1.05,1.04,1.03,1.04,1.05,1.05,1.04,1.04,1.05,1.04,1.05,1.05,1.04,1.05,1.06,1.06,1.06,1.05,1.05,1.05,1.04,1.04,1.15,2.32,2.18,2.14,2.23,2.32,2.38,2.37,2.32,2.26,2.24,2.29,2.36,2.39,2.39,2.44,2.46,2.46,2.47,2.47,2.42,2.46,2.65,2.71,2.68,2.68,2.72,2.72,2.72,2.72,2.73,2.75,2.76,2.79,2.80,2.80,2.80,2.73,2.71,2.75,2.82,2.93,2.96,2.94,2.89,2.88,2.87,2.86,2.85,2.84,2.83,2.82,2.81,2.81,2.81,2.81,2.81,2.80,2.77,2.78,2.76,2.72,2.69,2.66,2.64,2.57,2.46,2.50,2.47,2.45,2.49,2.58,2.61,2.64,2.67,2.69,2.71,2.72,2.72,2.73,2.74,2.75,2.75,2.75,2.76,2.76,2.75,2.75,2.77,2.77,2.78,2.78,2.78,2.76,2.77,2.79,2.81,2.84,2.85,2.83,2.80,2.76,2.77,2.78,3.01,3.34,3.45,3.54,3.60,3.63,3.66,3.69,3.71,3.72,3.72,3.70,3.70,3.70,3.66,3.54,3.62,3.64,3.68,3.76,3.87,3.91,3.88,3.82,3.84,3.87,3.86,3.85,3.84,3.85,3.86,3.87,3.86,3.82,3.82,3.84,3.85,3.82,3.55,3.24,1.79,-0.42,3.57,4.19,4.02,3.84,3.86,3.84,3.84,3.80,3.70,3.60,3.67,3.78,3.88,3.99,4.07,4.14,4.16,4.09,4.17,4.20,4.23,4.29,4.31,4.34,4.35,4.34,4.37,4.38,4.40,4.43,4.45,4.38,4.36,4.37,4.38,4.40,4.40,4.41,4.44,4.43,4.33,4.24,4.23
3.50,3.42,3.35,3.42,3.46,3.20,2.20,2.14,1.92,1.51,1.01,1.01,1.02,1.03,1.02,1.02,1.02,1.02,1.02,1.02,1.02,1.02,1.02,1.02,1.02,1.03,1.03,1.03,1.03,1.02,1.02,1.02,1.04,1.03,1.04,1.04,1.04,1.04,1.04,1.04,1.04,1.03,1.03,1.03,1.04,1.05,1.04,1.03,1.04,1.05,1.04,1.04,1.04,1.04,1.04,1.05,1.05,1.05,1.05,1.05,1.05,1.05,1.05,1.05,1.05,1.04,1.04,1.16,2.31,2.18,2.16,2.26,2.35,2.38,2.35,2.32,2.32,2.34,2.39,2.43,2.42,2.40,2.44,2.43,2.40,2.40,2.41,2.39,2.41,2.53,2.58,2.56,2.58,2.62,2.60,2.62,2.62,2.66,2.77,2.77,2.79,2.79,2.79,2.75,2.71,2.71,2.75,2.83,2.94,2.97,2.94,2.89,2.87,2.86,2.85,2.84,2.83,2.83,2.82,2.81,2.81,2.81,2.81,2.82,2.81,2.78,2.80,2.78,2.73,2.68,2.66,2.63,2.57,2.47,2.53,2.45,2.45,2.54,2.59,2.62,2.63,2.64,2.67,2.70,2.71,2.72,2.73,2.74,2.75,2.75,2.75,2.76,2.74,2.73,2.75,2.77,2.77,2.77,2.78,2.78,2.77,2.77,2.77,2.79,2.81,2.84,2.84,2.81,2.76,2.78,2.95,3.22,3.46,3.51,3.55,3.61,3.65,3.68,3.70,3.73,3.75,3.75,3.71,3.72,3.70,3.64,3.57,3.64,3.66,3.66,3.68,3.80,3.86,3.85,3.81,3.83,3.85,3.85,3.84,3.84,3.85,3.86,3.86,3.84,3.80,3.80,3.82,3.84,3.82,3.66,2.42,0.52,-0.88,3.45,4.06,3.90,3.82,3.86,3.85,3.82,3.76,3.64,3.61,3.70,3.82,3.91,4.00,4.09,4.15,4.18,4.16,4.24,4.23,4.21,4.25,4.26,4.30,4.32,4.33,4.37,4.37,4.37,4.39,4.43,4.38,4.37,4.38,4.39,4.41,4.39,4.41,4.46,4.48,4.40,4.35,4.34
3.57,3.50,3.42,3.35,3.27,3.19,3.21,3.40,3.01,2.59,1.22,1.21,1.09,1.01,1.01,1.02,1.01,1.01,1.02,1.01,1.02,1.03,1.03,1.01,1.02,1.03,1.03,1.03,1.01,1.01,1.02,1.03,1.04,1.03,1.03,1.03,1.03,1.05,1.04,1.04,1.04,1.03,1.02,1.03,1.04,1.05,1.04,1.03,1.04,1.05,1.03,1.05,1.05,1.04,1.03,1.05,1.05,1.05,1.05,1.05,1.04,1.04,1.05,1.04,1.04,1.04,1.07,1.24,2.22,2.16,2.19,2.29,2.39,2.38,2.33,2.32,2.42,2.50,2.53,2.52,2.48,2.41,2.44,2.42,2.39,2.39,2.41,2.43,2.43,2.41,2.43,2.43,2.46,2.51,2.44,2.49,2.51,2.58,2.77,2.76,2.77,2.78,2.77,2.70,2.68,2.70,2.75,2.83,2.94,2.97,2.94,2.89,2.87,2.85,2.84,2.84,2.82,2.83,2.83,2.82,2.82,2.82,2.82,2.82,2.83,2.80,2.81,2.79,2.73,2.67,2.67,2.64,2.59,2.51,2.56,2.45,2.44,2.57,2.62,2.63,2.63,2.62,2.65,2.67,2.70,2.72,2.73,2.74,2.75,2.75,2.75,2.75,2.71,2.71,2.74,2.77,2.77,2.77,2.77,2.78,2.77,2.76,2.77,2.78,2.78,2.81,2.84,2.82,2.77,2.83,3.17,3.41,3.48,3.54,3.56,3.61,3.66,3.69,3.72,3.75,3.77,3.78,3.71,3.74,3.69,3.62,3.62,3.66,3.66,3.62,3.58,3.70,3.78,3.80,3.80,3.81,3.83,3.83,3.83,3.84,3.85,3.86,3.85,3.82,3.77,3.77,3.80,3.82,3.84,3.67,1.28,-0.72,-0.41,3.45,3.90,3.79,3.82,3.86,3.85,3.80,3.71,3.60,3.63,3.75,3.86,3.93,4.00,4.08,4.13,4.18,4.25,4.32,4.28,4.23,4.21,4.21,4.25,4.28,4.30,4.35,4.37,4.34,4.33,4.41,4.39,4.39,4.40,4.40,4.43,4.38,4.38,4.43,4.48,4.46,4.49,4.47
3.64,3.60,3.51,3.43,3.34,3.26,3.22,3.21,3.07,3.03,3.36,3.38,1.70,1.03,1.01,1.01,1.00,1.00,1.01,1.00,1.01,1.01,1.03,1.04,1.04,1.02,1.02,1.03,1.02,1.02,1.02,1.02,1.03,1.03,1.03,1.03,1.03,1.04,1.04,1.04,1.03,1.02,1.03,1.03,1.04,1.04,1.05,1.05,1.04,1.04,1.06,1.05,1.05,1.04,1.04,1.05,1.05,1.05,1.06,1.05,1.04,1.04,1.04,1.03,1.04,1.05,1.32,2.26,2.12,2.14,2.22,2.31,2.37,2.36,2.32,2.33,2.45,2.52,2.54,2.54,2.53,2.51,2.52,2.51,2.48,2.43,2.44,2.45,2.41,2.31,2.38,2.41,2.43,2.46,2.43,2.44,2.45,2.47,2.54,2.56,2.62,2.67,2.69,2.65,2.66,2.69,2.76,2.88,2.94,2.94,2.92,2.92,2.87,2.85,2.84,2.82,2.81,2.82,2.83,2.83,2.83,2.83,2.83,2.83,2.83,2.81,2.82,2.80,2.74,2.68,2.65,2.63,2.59,2.52,2.54,2.44,2.45,2.61,2.63,2.64,2.64,2.64,2.66,2.68,2.69,2.70,2.72,2.74,2.74,2.74,2.74,2.72,2.70,2.72,2.74,2.76,2.76,2.77,2.77,2.77,2.78,2.77,2.78,2.79,2.79,2.79,2.80,2.81,2.83,3.00,3.27,3.41,3.43,3.52,3.56,3.61,3.66,3.71,3.73,3.76,3.78,3.79,3.77,3.72,3.67,3.64,3.64,3.64,3.64,3.62,3.58,3.61,3.63,3.69,3.76,3.82,3.83,3.82,3.82,3.83,3.84,3.85,3.84,3.80,3.72,3.75,3.78,3.80,3.80,2.05,0.45,0.15,1.67,3.62,3.84,3.79,3.82,3.84,3.83,3.75,3.65,3.57,3.70,3.78,3.85,3.92,3.99,4.07,4.12,4.16,4.25,4.34,4.38,4.38,4.33,4.28,4.25,4.24,4.24,4.20,4.28,4.32,4.33,4.38,4.41,4.41,4.41,4.41,4.41,4.37,4.36,4.40,4.47,4.52,4.57,4.58
3.63,3.61,3.55,3.48,3.41,3.34,3.26,3.16,3.12,3.15,3.23,3.21,2.34,1.75,1.69,1.35,1.11,1.01,1.00,1.01,1.00,1.01,1.02,1.04,1.04,1.02,1.01,1.02,1.03,1.02,1.02,1.02,1.02,1.03,1.04,1.04,1.03,1.02,1.04,1.04,1.02,1.02,1.03,1.04,1.04,1.04,1.05,1.05,1.04,1.04,1.07,1.05,1.04,1.04,1.05,1.05,1.05,1.05,1.06,1.05,1.04,1.04,1.03,1.03,1.04,1.04,1.44,2.28,2.08,2.13,2.23,2.32,2.36,2.34,2.30,2.32,2.48,2.53,2.55,2.55,2.55,2.56,2.56,2.55,2.52,2.46,2.47,2.47,2.43,2.33,2.39,2.41,2.43,2.43,2.41,2.40,2.40,2.41,2.43,2.47,2.54,2.60,2.63,2.64,2.67,2.71,2.76,2.86,2.91,2.91,2.91,2.93,2.87,2.85,2.83,2.81,2.80,2.82,2.83,2.83,2.83,2.83,2.84,2.83,2.83,2.82,2.83,2.80,2.75,2.69,2.64,2.60,2.56,2.53,2.52,2.44,2.49,2.64,2.65,2.65,2.66,2.67,2.68,2.69,2.69,2.70,2.72,2.74,2.74,2.74,2.74,2.72,2.71,2.73,2.75,2.77,2.76,2.77,2.77,2.77,2.78,2.77,2.77,2.79,2.80,2.79,2.79,2.86,2.99,3.17,3.32,3.39,3.41,3.46,3.54,3.60,3.65,3.72,3.74,3.77,3.79,3.80,3.79,3.70,3.66,3.66,3.65,3.62,3.62,3.60,3.57,3.54,3.54,3.59,3.68,3.75,3.77,3.79,3.81,3.83,3.84,3.84,3.81,3.76,3.71,3.76,3.79,3.80,3.76,1.25,0.10,0.80,3.09,3.71,3.79,3.80,3.83,3.83,3.79,3.69,3.60,3.63,3.75,3.81,3.85,3.91,3.99,4.05,4.10,4.15,4.25,4.34,4.41,4.41,4.34,4.27,4.22,4.21,4.21,4.15,4.24,4.28,4.31,4.37,4.41,4.42,4.42,4.43,4.40,4.36,4.36,4.41,4.49,4.55,4.61,4.60
3.55,3.53,3.53,3.52,3.49,3.43,3.34,3.25,3.17,3.09,3.00,2.91,3.03,3.17,3.05,2.05,1.33,1.04,1.01,1.02,1.01,1.00,1.00,1.00,1.01,1.01,1.01,1.01,1.03,1.02,1.02,1.01,1.01,1.03,1.03,1.03,1.04,1.01,1.03,1.04,1.03,1.01,1.03,1.03,1.03,1.04,1.04,1.05,1.05,1.05,1.04,1.04,1.03,1.03,1.06,1.05,1.06,1.06,1.05,1.04,1.05,1.05,1.04,1.04,1.03,1.03,1.44,2.32,2.08,2.12,2.23,2.32,2.35,2.30,2.26,2.30,2.50,2.53,2.54,2.54,2.54,2.55,2.57,2.56,2.53,2.51,2.50,2.49,2.47,2.46,2.44,2.44,2.44,2.41,2.37,2.36,2.36,2.38,2.43,2.49,2.53,2.57,2.60,2.66,2.72,2.74,2.74,2.77,2.84,2.89,2.91,2.92,2.87,2.84,2.82,2.81,2.81,2.83,2.84,2.84,2.84,2.84,2.85,2.84,2.82,2.84,2.85,2.81,2.76,2.70,2.64,2.54,2.49,2.55,2.49,2.47,2.54,2.68,2.68,2.69,2.69,2.70,2.71,2.71,2.71,2.72,2.73,2.74,2.74,2.74,2.74,2.74,2.73,2.75,2.78,2.80,2.77,2.77,2.77,2.78,2.78,2.78,2.77,2.77,2.83,2.81,2.81,2.96,3.25,3.33,3.32,3.36,3.43,3.35,3.50,3.58,3.63,3.72,3.76,3.78,3.80,3.81,3.78,3.66,3.65,3.69,3.65,3.62,3.59,3.56,3.54,3.51,3.48,3.50,3.55,3.60,3.68,3.74,3.79,3.83,3.84,3.83,3.78,3.72,3.74,3.79,3.82,3.82,3.73,1.16,0.18,1.26,3.93,3.74,3.77,3.82,3.85,3.82,3.75,3.61,3.57,3.78,3.80,3.83,3.87,3.90,3.98,4.03,4.07,4.13,4.24,4.33,4.36,4.34,4.27,4.20,4.19,4.20,4.20,4.17,4.23,4.25,4.28,4.38,4.39,4.41,4.44,4.44,4.39,4.35,4.37,4.45,4.56,4.57,4.59,4.54
3.47,3.47,3.47,3.46,3.45,3.42,3.39,3.32,3.24,3.16,3.06,2.97,2.98,2.99,2.91,2.49,2.78,3.09,3.14,1.02,1.01,1.01,1.01,1.01,1.01,1.02,1.02,1.02,1.02,1.02,1.01,1.01,1.02,1.03,1.03,1.03,1.03,1.01,1.02,1.03,1.02,1.01,1.03,1.03,1.03,1.04,1.04,1.04,1.04,1.05,1.05,1.04,1.04,1.04,1.05,1.05,1.05,1.05,1.04,1.04,1.04,1.05,1.05,1.04,1.04,1.23,1.65,2.20,2.10,2.15,2.25,2.33,2.33,2.29,2.29,2.36,2.51,2.53,2.53,2.53,2.55,2.57,2.59,2.58,2.54,2.53,2.52,2.50,2.49,2.49,2.47,2.46,2.44,2.41,2.39,2.42,2.42,2.41,2.42,2.43,2.38,2.40,2.52,2.63,2.70,2.73,2.74,2.77,2.80,2.81,2.82,2.81,2.81,2.80,2.80,2.80,2.82,2.85,2.85,2.85,2.85,2.85,2.85,2.85,2.84,2.87,2.86,2.82,2.77,2.70,2.64,2.55,2.51,2.56,2.47,2.50,2.60,2.70,2.70,2.71,2.71,2.71,2.72,2.72,2.73,2.73,2.74,2.74,2.73,2.73,2.73,2.74,2.74,2.76,2.78,2.80,2.79,2.79,2.79,2.79,2.79,2.78,2.78,2.78,2.79,2.83,2.97,3.15,3.32,3.34,3.22,3.21,3.29,3.32,3.38,3.49,3.60,3.67,3.75,3.79,3.80,3.79,3.68,3.64,3.65,3.67,3.65,3.60,3.56,3.53,3.50,3.47,3.44,3.43,3.43,3.47,3.43,3.46,3.58,3.74,3.73,3.75,3.75,3.73,3.77,3.79,3.81,3.44,2.20,0.99,1.67,2.94,3.85,3.77,3.81,3.85,3.86,3.81,3.72,3.67,3.71,3.84,3.84,3.84,3.86,3.90,3.97,4.01,4.05,4.12,4.22,4.28,4.29,4.26,4.20,4.14,4.13,4.15,4.19,4.24,4.29,4.29,4.29,4.32,4.32,4.33,4.37,4.43,4.39,4.40,4.42,4.44,4.50,4.48,4.47,4.44
3.40,3.40,3.40,3.41,3.40,3.39,3.39,3.35,3.29,3.22,3.14,3.06,2.99,2.91,2.84,2.81,2.92,2.99,3.01,1.43,1.44,1.32,1.15,1.01,1.02,1.03,1.02,1.02,1.02,1.02,1.01,1.01,1.02,1.02,1.02,1.02,1.02,1.01,1.02,1.02,1.01,1.01,1.03,1.03,1.03,1.04,1.04,1.03,1.03,1.05,1.05,1.04,1.04,1.05,1.05,1.05,1.05,1.04,1.04,1.03,1.04,1.05,1.05,1.04,1.05,1.45,1.88,2.10,2.11,2.18,2.26,2.33,2.31,2.28,2.33,2.42,2.52,2.53,2.53,2.54,2.56,2.58,2.61,2.59,2.54,2.54,2.53,2.51,2.50,2.50,2.49,2.47,2.45,2.43,2.42,2.45,2.47,2.46,2.46,2.43,2.35,2.34,2.45,2.59,2.66,2.71,2.74,2.77,2.77,2.76,2.75,2.75,2.78,2.78,2.78,2.78,2.80,2.84,2.84,2.84,2.84,2.85,2.86,2.87,2.86,2.90,2.88,2.83,2.78,2.71,2.65,2.58,2.55,2.58,2.45,2.54,2.65,2.73,2.72,2.72,2.72,2.72,2.73,2.73,2.74,2.74,2.74,2.74,2.73,2.72,2.73,2.74,2.74,2.76,2.78,2.79,2.80,2.80,2.80,2.79,2.79,2.79,2.79,2.79,2.78,2.90,3.12,3.30,3.33,3.34,3.20,3.13,3.16,3.24,3.26,3.38,3.53,3.63,3.74,3.79,3.79,3.75,3.64,3.64,3.65,3.66,3.65,3.58,3.53,3.49,3.47,3.44,3.41,3.36,3.32,3.35,3.19,3.15,3.26,3.51,3.59,3.65,3.71,3.75,3.80,3.80,3.60,2.88,1.23,1.52,3.02,4.06,3.76,3.80,3.84,3.86,3.85,3.79,3.70,3.71,3.78,3.87,3.87,3.86,3.86,3.89,3.96,3.98,4.03,4.11,4.19,4.22,4.22,4.19,4.13,4.08,4.07,4.11,4.18,4.30,4.34,4.34,4.31,4.31,4.29,4.27,4.31,4.39,4.35,4.39,4.41,4.41,4.43,4.41,4.38,4.36
3.35,3.32,3.33,3.36,3.36,3.34,3.31,3.30,3.28,3.26,3.23,3.16,3.09,3.02,2.94,2.84,2.78,2.71,2.70,2.90,2.98,2.40,1.91,1.01,1.02,1.02,1.02,1.02,1.02,1.01,1.02,1.02,1.00,1.01,1.00,1.00,1.02,1.01,1.01,1.01,1.02,1.02,1.02,1.02,1.04,1.05,1.03,1.03,1.03,1.04,1.04,1.04,1.04,1.05,1.04,1.06,1.04,1.03,1.04,1.04,1.03,1.03,1.04,1.04,1.04,2.32,2.22,2.04,2.12,2.20,2.27,2.33,2.30,2.27,2.37,2.49,2.50,2.53,2.54,2.56,2.58,2.60,2.63,2.60,2.55,2.55,2.53,2.52,2.52,2.52,2.51,2.49,2.47,2.45,2.43,2.44,2.47,2.53,2.60,2.57,2.55,2.50,2.43,2.52,2.60,2.66,2.70,2.73,2.75,2.75,2.76,2.79,2.81,2.80,2.77,2.75,2.72,2.77,2.80,2.81,2.83,2.84,2.87,2.89,2.89,2.94,2.89,2.84,2.79,2.74,2.66,2.60,2.59,2.61,2.42,2.57,2.71,2.75,2.71,2.72,2.72,2.73,2.73,2.74,2.74,2.74,2.75,2.75,2.72,2.73,2.75,2.75,2.73,2.74,2.76,2.78,2.79,2.79,2.80,2.81,2.81,2.79,2.79,2.80,2.85,3.06,3.25,3.32,3.27,3.34,3.33,3.21,3.07,3.06,3.15,3.25,3.40,3.60,3.73,3.78,3.75,3.67,3.72,3.68,3.66,3.65,3.65,3.60,3.52,3.46,3.43,3.40,3.38,3.30,3.22,3.23,2.99,2.78,2.77,3.06,3.37,3.53,3.65,3.77,3.83,3.79,3.03,2.01,1.53,3.35,3.96,3.94,3.78,3.80,3.85,3.87,3.84,3.76,3.68,3.67,3.74,3.85,3.89,3.88,3.87,3.88,3.94,3.95,4.01,4.09,4.13,4.15,4.15,4.12,4.06,4.02,4.02,4.09,4.19,4.31,4.39,4.37,4.35,4.40,4.35,4.27,4.25,4.30,4.24,4.27,4.30,4.33,4.36,4.38,4.35,4.31
3.49,3.42,3.34,3.31,3.30,3.29,3.26,3.25,3.24,3.23,3.21,3.17,3.14,3.09,3.03,2.92,2.83,2.73,2.69,2.78,2.76,2.47,2.35,1.89,1.94,1.37,1.04,1.02,1.01,1.01,1.02,1.02,1.00,1.03,1.02,1.01,1.02,1.02,1.02,1.02,1.02,1.02,1.01,1.02,1.03,1.04,1.03,1.03,1.03,1.03,1.04,1.04,1.04,1.04,1.03,1.05,1.04,1.03,1.04,1.04,1.04,1.03,1.03,1.04,1.04,2.32,2.22,2.03,2.13,2.22,2.29,2.33,2.30,2.25,2.37,2.50,2.52,2.53,2.55,2.57,2.60,2.62,2.63,2.61,2.57,2.55,2.54,2.54,2.54,2.54,2.53,2.51,2.49,2.47,2.46,2.47,2.49,2.53,2.61,2.62,2.61,2.54,2.43,2.52,2.63,2.73,2.81,2.82,2.84,2.83,2.81,2.77,2.80,2.78,2.77,2.76,2.73,2.77,2.79,2.79,2.80,2.79,2.80,2.82,2.82,2.86,2.86,2.84,2.80,2.72,2.62,2.62,2.64,2.63,2.50,2.64,2.76,2.76,2.72,2.72,2.72,2.73,2.73,2.74,2.74,2.75,2.75,2.75,2.71,2.71,2.73,2.72,2.73,2.74,2.75,2.76,2.77,2.78,2.79,2.80,2.80,2.80,2.81,2.87,3.01,3.20,3.30,3.32,3.27,3.25,3.33,3.28,3.13,3.04,3.03,3.15,3.36,3.60,3.74,3.74,3.70,3.68,3.73,3.72,3.68,3.65,3.64,3.62,3.55,3.47,3.40,3.37,3.34,3.27,3.16,3.12,2.87,2.64,2.54,2.64,3.00,3.25,3.48,3.66,3.63,3.44,2.76,2.03,1.92,3.73,4.04,3.84,3.80,3.84,3.86,3.85,3.79,3.69,3.68,3.69,3.76,3.88,3.90,3.87,3.85,3.88,3.91,3.94,3.98,4.04,4.08,4.08,4.07,4.05,4.01,3.97,4.00,4.07,4.18,4.28,4.37,4.38,4.39,4.47,4.40,4.32,4.28,4.29,4.24,4.24,4.25,4.26,4.29,4.30,4.30,4.29
3.69,3.58,3.39,3.29,3.26,3.25,3.22,3.20,3.19,3.18,3.16,3.14,3.15,3.14,3.11,3.01,2.93,2.85,2.76,2.67,2.54,2.56,2.67,2.82,2.91,1.84,1.22,1.18,1.10,1.03,1.01,1.01,0.99,1.04,1.03,1.02,1.02,1.03,1.02,1.02,1.02,1.01,1.01,1.02,1.03,1.03,1.03,1.03,1.03,1.02,1.04,1.03,1.04,1.04,1.02,1.04,1.04,1.04,1.03,1.04,1.04,1.04,1.04,1.03,1.07,2.22,2.20,2.04,2.15,2.24,2.31,2.33,2.29,2.24,2.36,2.50,2.53,2.55,2.57,2.59,2.62,2.64,2.64,2.62,2.60,2.56,2.55,2.55,2.56,2.56,2.55,2.53,2.51,2.49,2.49,2.50,2.51,2.52,2.57,2.63,2.62,2.54,2.45,2.54,2.70,2.84,2.94,2.94,2.95,2.92,2.86,2.77,2.80,2.78,2.77,2.79,2.77,2.79,2.79,2.77,2.76,2.73,2.73,2.74,2.74,2.77,2.81,2.84,2.80,2.69,2.59,2.63,2.68,2.64,2.59,2.71,2.79,2.78,2.73,2.72,2.72,2.72,2.72,2.74,2.74,2.75,2.75,2.74,2.70,2.70,2.71,2.68,2.74,2.75,2.74,2.74,2.75,2.77,2.79,2.79,2.78,2.81,2.85,2.96,3.19,3.29,3.31,3.31,3.29,3.16,3.27,3.30,3.22,3.07,2.94,3.10,3.37,3.60,3.75,3.69,3.66,3.71,3.72,3.74,3.71,3.66,3.63,3.63,3.58,3.49,3.38,3.34,3.31,3.24,3.13,3.02,2.80,2.59,2.43,2.33,2.65,2.97,3.30,3.54,3.41,3.03,2.63,2.38,2.50,3.67,3.87,3.78,3.83,3.87,3.86,3.82,3.75,3.64,3.70,3.74,3.81,3.92,3.89,3.84,3.83,3.87,3.89,3.92,3.94,3.96,4.01,4.00,4.00,3.98,3.96,3.92,3.97,4.05,4.15,4.24,4.32,4.38,4.44,4.53,4.45,4.38,4.33,4.32,4.29,4.26,4.23,4.21,4.22,4.20,4.24,4.27
3.90,3.75,3.58,3.47,3.36,3.25,3.14,3.13,3.14,3.14,3.12,3.09,3.08,3.07,3.06,3.04,3.00,2.94,2.86,2.78,2.66,2.62,2.60,2.59,2.54,2.63,2.72,2.64,2.12,1.22,1.01,1.01,1.00,1.02,1.01,1.00,1.01,1.02,1.02,1.02,1.01,1.02,1.02,1.02,1.02,1.01,1.02,1.02,1.02,1.03,1.03,1.04,1.05,1.04,1.03,1.04,1.03,1.03,1.04,1.03,1.04,1.03,1.03,1.04,1.57,1.87,2.06,2.05,2.17,2.27,2.32,2.32,2.29,2.29,2.40,2.52,2.55,2.57,2.59,2.61,2.63,2.65,2.64,2.64,2.62,2.58,2.57,2.57,2.58,2.59,2.57,2.56,2.54,2.52,2.53,2.54,2.55,2.56,2.58,2.62,2.62,2.57,2.52,2.63,2.82,2.93,2.95,2.93,2.90,2.89,2.89,2.89,2.89,2.87,2.85,2.84,2.83,2.81,2.76,2.71,2.72,2.74,2.74,2.74,2.75,2.77,2.77,2.74,2.69,2.63,2.62,2.70,2.73,2.65,2.63,2.72,2.80,2.80,2.74,2.72,2.72,2.72,2.72,2.73,2.73,2.74,2.75,2.73,2.71,2.71,2.70,2.67,2.74,2.76,2.74,2.72,2.73,2.75,2.77,2.79,2.80,2.83,2.95,3.11,3.22,3.26,3.27,3.29,3.32,3.25,3.15,3.17,3.24,3.12,3.10,3.24,3.47,3.68,3.68,3.71,3.73,3.71,3.70,3.69,3.68,3.68,3.65,3.63,3.61,3.55,3.43,3.32,3.28,3.21,3.10,2.95,2.76,2.62,2.54,2.52,2.70,2.99,3.32,3.56,3.44,2.98,2.68,2.88,3.92,3.82,3.80,3.83,3.88,3.89,3.85,3.80,3.76,3.75,3.82,3.86,3.89,3.92,3.87,3.84,3.85,3.87,3.89,3.88,3.84,3.83,3.88,3.92,3.94,3.93,3.89,3.90,3.91,3.99,4.12,4.21,4.28,4.41,4.52,4.53,4.47,4.38,4.37,4.44,4.39,4.33,4.27,4.20,4.18,4.19,4.20,4.21
3.99,3.83,3.69,3.59,3.46,3.31,3.19,3.17,3.12,3.08,3.08,3.04,3.02,3.01,3.00,3.00,3.00,2.96,2.92,2.86,2.77,2.70,2.63,2.54,2.45,2.54,2.60,2.52,2.17,1.75,1.61,1.45,1.02,1.02,1.01,1.00,1.01,1.02,1.02,1.02,1.02,1.03,1.03,1.03,1.03,1.01,1.02,1.02,1.03,1.04,1.02,1.05,1.05,1.04,1.04,1.04,1.04,1.03,1.04,1.03,1.04,1.03,1.03,1.05,1.82,1.90,2.00,2.09,2.19,2.28,2.31,2.31,2.27,2.36,2.46,2.54,2.56,2.59,2.61,2.63,2.65,2.67,2.65,2.64,2.63,2.60,2.59,2.59,2.60,2.61,2.60,2.58,2.56,2.55,2.56,2.58,2.59,2.59,2.60,2.63,2.62,2.60,2.59,2.74,2.89,2.96,2.94,2.92,2.89,2.90,2.92,2.94,2.93,2.90,2.88,2.88,2.87,2.83,2.74,2.68,2.72,2.76,2.76,2.75,2.76,2.77,2.74,2.70,2.67,2.66,2.68,2.75,2.77,2.68,2.66,2.70,2.76,2.78,2.75,2.72,2.72,2.72,2.72,2.73,2.73,2.75,2.76,2.72,2.72,2.72,2.72,2.70,2.77,2.78,2.75,2.72,2.72,2.74,2.77,2.80,2.83,2.90,3.05,3.19,3.22,3.23,3.23,3.25,3.30,3.31,3.15,3.12,3.19,3.19,3.28,3.42,3.57,3.69,3.70,3.74,3.75,3.72,3.69,3.66,3.66,3.66,3.65,3.63,3.62,3.58,3.50,3.35,3.26,3.18,3.08,2.90,2.78,2.71,2.68,2.71,2.80,3.04,3.34,3.58,3.47,3.04,2.81,3.16,4.46,3.89,3.79,3.86,3.91,3.90,3.85,3.80,3.78,3.77,3.85,3.90,3.93,3.91,3.86,3.85,3.87,3.89,3.90,3.87,3.83,3.81,3.83,3.87,3.86,3.84,3.83,3.85,3.87,3.94,4.05,4.14,4.19,4.32,4.45,4.51,4.44,4.33,4.33,4.46,4.44,4.36,4.26,4.17,4.15,4.17,4.16,4.15
3.98,3.86,3.75,3.67,3.55,3.41,3.34,3.29,3.13,3.01,3.03,3.01,2.97,2.94,2.94,2.92,2.94,2.94,2.93,2.93,2.87,2.80,2.72,2.63,2.55,2.47,2.39,2.31,2.27,2.54,2.68,2.72,1.06,1.03,1.01,1.01,1.01,1.02,1.01,1.02,1.03,1.05,1.03,1.04,1.04,1.03,1.03,1.04,1.04,1.04,1.03,1.04,1.05,1.04,1.03,1.05,1.05,1.04,1.03,1.03,1.04,1.04,1.03,1.04,2.26,2.10,2.01,2.13,2.22,2.28,2.30,2.28,2.23,2.44,2.54,2.56,2.57,2.60,2.63,2.65,2.67,2.69,2.67,2.65,2.64,2.62,2.60,2.60,2.62,2.64,2.62,2.60,2.59,2.59,2.60,2.61,2.62,2.63,2.62,2.65,2.63,2.61,2.67,2.85,2.93,2.93,2.91,2.90,2.91,2.93,2.95,2.94,2.92,2.90,2.89,2.89,2.91,2.83,2.74,2.69,2.76,2.78,2.77,2.77,2.79,2.77,2.73,2.71,2.71,2.76,2.77,2.79,2.79,2.74,2.69,2.66,2.68,2.74,2.75,2.73,2.72,2.72,2.72,2.73,2.75,2.77,2.75,2.72,2.72,2.73,2.74,2.76,2.82,2.82,2.78,2.73,2.71,2.74,2.79,2.83,2.87,3.01,3.14,3.20,3.19,3.19,3.19,3.20,3.23,3.34,3.25,3.12,3.07,3.30,3.47,3.62,3.68,3.63,3.79,3.77,3.74,3.72,3.69,3.66,3.63,3.61,3.62,3.64,3.62,3.59,3.58,3.44,3.27,3.16,3.07,2.86,2.83,2.83,2.86,2.92,2.94,3.10,3.35,3.60,3.50,3.19,3.00,3.25,4.31,3.90,3.82,3.89,3.94,3.91,3.85,3.82,3.79,3.73,3.80,3.89,3.93,3.90,3.88,3.87,3.89,3.92,3.89,3.88,3.87,3.87,3.86,3.85,3.78,3.74,3.77,3.80,3.84,3.90,3.96,4.02,4.07,4.13,4.26,4.47,4.37,4.23,4.24,4.42,4.45,4.34,4.21,4.12,4.13,4.15,4.12,4.09
3.92,3.80,3.72,3.60,3.47,3.36,3.32,3.29,3.22,3.13,3.07,2.98,2.91,2.85,2.80,2.75,2.77,2.82,2.88,2.89,2.85,2.82,2.78,2.73,2.66,2.57,2.48,2.39,2.33,2.39,2.38,2.37,2.47,2.54,2.26,2.05,1.01,1.03,1.03,1.02,1.03,1.04,1.04,1.03,1.02,1.02,1.02,1.02,1.02,1.03,1.04,1.04,1.04,1.03,1.02,1.04,1.04,1.04,1.03,1.04,1.04,1.03,1.02,1.03,2.11,2.05,2.04,2.15,2.23,2.27,2.29,2.26,2.19,2.43,2.55,2.59,2.61,2.62,2.65,2.67,2.69,2.71,2.70,2.67,2.64,2.63,2.62,2.62,2.64,2.66,2.64,2.62,2.62,2.62,2.64,2.65,2.66,2.67,2.68,2.68,2.63,2.61,2.67,2.90,2.94,2.93,2.92,2.92,2.94,2.95,2.95,2.94,2.92,2.90,2.90,2.91,2.90,2.79,2.71,2.70,2.74,2.78,2.82,2.85,2.87,2.87,2.79,2.70,2.67,2.70,2.79,2.82,2.80,2.77,2.74,2.71,2.71,2.72,2.70,2.70,2.68,2.67,2.70,2.73,2.75,2.76,2.76,2.73,2.73,2.74,2.76,2.77,2.79,2.80,2.79,2.77,2.74,2.78,2.83,2.87,2.96,3.04,3.13,3.18,3.18,3.21,3.18,3.17,3.20,3.24,3.27,3.19,3.12,3.35,3.56,3.63,3.64,3.68,3.74,3.73,3.71,3.70,3.69,3.66,3.64,3.61,3.59,3.59,3.59,3.58,3.58,3.53,3.37,3.22,3.09,3.02,2.97,2.95,2.98,3.04,3.13,3.22,3.40,3.62,3.54,3.34,3.20,3.36,4.14,3.88,3.84,3.88,3.89,3.87,3.84,3.83,3.84,3.84,3.88,3.92,3.92,3.88,3.88,3.89,3.90,3.89,3.89,3.89,3.88,3.87,3.85,3.82,3.77,3.76,3.78,3.79,3.79,3.81,3.86,3.88,3.92,4.00,4.09,4.14,4.15,4.11,4.13,4.22,4.28,4.26,4.18,4.11,4.12,4.13,4.13,4.13
3.84,3.72,3.67,3.55,3.42,3.31,3.29,3.30,3.28,3.23,3.13,3.05,2.96,2.87,2.76,2.66,2.60,2.62,2.64,2.60,2.77,2.81,2.80,2.78,2.72,2.66,2.57,2.48,2.41,2.33,2.23,2.22,2.41,2.45,2.22,2.10,1.36,1.40,1.21,1.08,1.02,1.03,1.03,1.02,1.01,1.02,1.02,1.01,1.01,1.03,1.04,1.04,1.03,1.02,1.02,1.03,1.04,1.04,1.03,1.04,1.04,1.03,1.09,1.31,2.00,2.01,2.07,2.17,2.24,2.27,2.27,2.25,2.23,2.45,2.57,2.61,2.64,2.64,2.66,2.68,2.70,2.73,2.72,2.69,2.64,2.63,2.64,2.64,2.66,2.69,2.66,2.65,2.65,2.66,2.67,2.68,2.69,2.71,2.72,2.71,2.66,2.65,2.71,2.93,2.95,2.94,2.93,2.94,2.95,2.95,2.95,2.94,2.91,2.90,2.90,2.92,2.89,2.75,2.70,2.70,2.73,2.77,2.84,2.89,2.91,2.94,2.84,2.73,2.64,2.65,2.79,2.82,2.79,2.76,2.75,2.72,2.69,2.68,2.66,2.68,2.66,2.65,2.68,2.71,2.72,2.73,2.75,2.73,2.73,2.74,2.77,2.77,2.79,2.79,2.79,2.78,2.77,2.81,2.87,2.93,3.04,3.07,3.10,3.14,3.16,3.20,3.19,3.17,3.15,3.16,3.27,3.27,3.24,3.44,3.59,3.61,3.62,3.70,3.69,3.68,3.68,3.68,3.68,3.66,3.64,3.61,3.57,3.55,3.56,3.56,3.56,3.57,3.47,3.31,3.18,3.17,3.10,3.08,3.10,3.16,3.27,3.34,3.47,3.64,3.58,3.49,3.39,3.48,3.98,3.87,3.86,3.86,3.85,3.86,3.84,3.85,3.88,3.92,3.94,3.96,3.94,3.89,3.90,3.91,3.91,3.87,3.88,3.89,3.89,3.87,3.85,3.80,3.78,3.78,3.79,3.80,3.76,3.76,3.80,3.81,3.82,3.89,3.95,3.93,3.99,4.01,4.03,4.07,4.13,4.17,4.14,4.08,4.09,4.11,4.14,4.16
3.69,3.63,3.61,3.56,3.43,3.26,3.24,3.31,3.31,3.27,3.23,3.29,3.21,3.06,2.89,2.71,2.46,2.27,2.12,1.93,2.58,2.76,2.75,2.74,2.71,2.70,2.66,2.58,2.50,2.43,2.35,2.28,2.24,2.20,2.11,2.20,2.49,2.55,1.69,1.21,1.02,1.02,1.01,1.01,1.01,1.02,1.03,1.01,1.01,1.02,1.03,1.04,1.03,1.02,1.02,1.03,1.04,1.04,1.03,1.00,1.02,1.03,1.26,2.23,1.98,1.98,2.08,2.19,2.28,2.27,2.25,2.27,2.41,2.50,2.57,2.62,2.65,2.66,2.67,2.70,2.72,2.73,2.73,2.69,2.65,2.65,2.65,2.67,2.69,2.71,2.69,2.68,2.69,2.70,2.71,2.72,2.73,2.75,2.76,2.73,2.72,2.76,2.83,2.94,2.95,2.95,2.96,2.96,2.96,2.95,2.95,2.94,2.91,2.89,2.91,2.92,2.87,2.74,2.70,2.72,2.75,2.77,2.81,2.85,2.89,2.94,2.90,2.78,2.65,2.63,2.76,2.79,2.76,2.73,2.70,2.66,2.62,2.61,2.65,2.66,2.67,2.67,2.67,2.66,2.64,2.66,2.72,2.70,2.70,2.72,2.76,2.77,2.84,2.82,2.77,2.75,2.77,2.83,2.91,3.01,3.08,3.09,3.06,3.05,3.12,3.13,3.22,3.22,3.09,3.13,3.23,3.34,3.45,3.56,3.51,3.56,3.63,3.67,3.64,3.64,3.64,3.64,3.65,3.64,3.64,3.62,3.59,3.54,3.53,3.52,3.52,3.54,3.54,3.47,3.36,3.27,3.22,3.21,3.23,3.26,3.33,3.46,3.59,3.66,3.65,3.65,3.59,3.59,3.83,3.88,3.88,3.85,3.81,3.89,3.87,3.87,3.90,3.94,3.98,4.01,4.01,3.98,3.96,3.94,3.92,3.88,3.87,3.89,3.88,3.87,3.89,3.81,3.81,3.82,3.80,3.82,3.78,3.79,3.84,3.83,3.80,3.82,3.86,3.92,3.93,3.94,3.96,4.00,4.06,4.08,4.07,4.04,4.03,4.10,4.15,4.18
3.62,3.61,3.55,3.46,3.36,3.28,3.30,3.30,3.27,3.25,3.26,3.33,3.33,3.29,3.21,3.01,2.75,2.53,2.24,1.68,1.95,1.94,1.99,2.31,2.62,2.67,2.65,2.61,2.58,2.53,2.45,2.37,2.29,2.22,2.16,2.18,2.29,2.31,1.98,1.78,1.72,1.74,1.18,1.01,1.01,1.02,1.02,1.01,1.01,1.02,1.02,1.03,1.03,1.03,1.01,1.02,1.04,1.04,1.02,1.02,1.03,1.03,1.28,2.20,1.99,2.00,2.11,2.20,2.28,2.26,2.24,2.26,2.46,2.54,2.58,2.62,2.68,2.69,2.70,2.72,2.74,2.74,2.73,2.70,2.66,2.66,2.67,2.69,2.72,2.74,2.71,2.71,2.72,2.73,2.74,2.76,2.77,2.78,2.79,2.76,2.76,2.80,2.87,2.95,2.96,2.96,2.96,2.97,2.96,2.95,2.94,2.93,2.90,2.89,2.90,2.90,2.85,2.74,2.70,2.73,2.76,2.78,2.82,2.86,2.89,2.89,2.87,2.77,2.64,2.63,2.74,2.76,2.75,2.75,2.74,2.71,2.68,2.68,2.70,2.67,2.65,2.63,2.63,2.64,2.66,2.68,2.69,2.69,2.68,2.69,2.70,2.69,2.74,2.74,2.73,2.75,2.80,2.85,2.91,2.99,3.05,3.04,3.02,3.00,3.02,3.08,3.17,3.22,3.21,3.17,3.27,3.42,3.53,3.50,3.48,3.53,3.60,3.62,3.60,3.61,3.61,3.61,3.61,3.61,3.61,3.60,3.58,3.55,3.53,3.51,3.49,3.49,3.57,3.56,3.48,3.39,3.33,3.31,3.32,3.34,3.40,3.51,3.64,3.75,3.75,3.70,3.68,3.71,3.82,3.89,3.87,3.81,3.77,3.88,3.91,3.91,3.93,3.96,3.99,4.02,4.02,3.97,3.94,3.94,3.93,3.92,3.91,3.90,3.89,3.87,3.87,3.84,3.85,3.86,3.85,3.85,3.83,3.83,3.84,3.85,3.80,3.80,3.83,3.86,3.83,3.84,3.86,3.92,4.00,4.02,4.01,3.99,4.01,4.12,4.17,4.20
3.57,3.58,3.48,3.35,3.30,3.32,3.36,3.27,3.22,3.22,3.26,3.29,3.37,3.46,3.50,3.33,3.10,2.94,2.60,1.73,1.50,1.20,1.21,1.70,2.24,2.35,2.47,2.61,2.62,2.59,2.54,2.46,2.39,2.32,2.24,2.17,2.10,2.07,2.17,2.29,2.38,2.41,1.47,1.18,1.15,1.09,1.01,1.01,1.01,1.02,1.01,1.02,1.03,1.03,1.00,1.02,1.03,1.03,1.02,1.06,1.06,1.07,1.33,2.16,2.00,2.03,2.14,2.22,2.27,2.25,2.22,2.25,2.47,2.55,2.59,2.62,2.70,2.72,2.72,2.73,2.75,2.76,2.74,2.71,2.68,2.67,2.69,2.72,2.74,2.76,2.74,2.74,2.75,2.77,2.78,2.79,2.80,2.81,2.83,2.80,2.79,2.82,2.89,2.96,2.98,2.98,2.97,2.96,2.95,2.94,2.93,2.91,2.89,2.89,2.89,2.89,2.84,2.73,2.71,2.74,2.77,2.80,2.84,2.87,2.89,2.85,2.82,2.73,2.62,2.63,2.71,2.73,2.74,2.78,2.78,2.77,2.77,2.78,2.76,2.69,2.64,2.61,2.60,2.66,2.70,2.70,2.67,2.69,2.68,2.66,2.64,2.62,2.65,2.66,2.69,2.75,2.82,2.86,2.90,2.96,3.02,2.99,2.99,2.97,2.92,3.02,3.09,3.19,3.32,3.22,3.32,3.47,3.55,3.41,3.45,3.51,3.56,3.58,3.57,3.58,3.58,3.57,3.57,3.58,3.58,3.58,3.57,3.55,3.53,3.50,3.47,3.48,3.60,3.63,3.57,3.50,3.43,3.40,3.40,3.42,3.46,3.55,3.68,3.82,3.83,3.72,3.73,3.80,3.85,3.90,3.85,3.78,3.76,3.88,3.94,3.96,3.95,3.97,3.99,4.01,4.00,3.92,3.90,3.90,3.92,3.95,3.95,3.92,3.90,3.88,3.85,3.88,3.89,3.90,3.89,3.87,3.89,3.88,3.84,3.87,3.82,3.82,3.84,3.84,3.76,3.75,3.79,3.85,3.95,3.97,3.95,3.94,3.99,4.12,4.18,4.21
3.53,3.46,3.34,3.34,3.37,3.37,3.27,3.19,3.17,3.19,3.21,3.14,3.24,3.37,3.44,3.41,3.22,3.27,3.22,2.51,2.34,1.73,1.13,0.79,0.78,0.94,1.66,2.57,2.56,2.56,2.55,2.52,2.49,2.41,2.33,2.26,2.18,2.13,2.11,2.09,2.06,1.97,2.25,2.38,2.17,1.67,1.07,1.01,1.02,1.02,1.02,1.02,1.02,1.02,1.01,1.03,1.03,1.03,1.05,1.15,1.19,1.35,1.83,2.12,2.02,2.06,2.15,2.23,2.25,2.25,2.21,2.20,2.45,2.55,2.59,2.62,2.67,2.73,2.75,2.75,2.77,2.80,2.75,2.72,2.70,2.70,2.72,2.74,2.77,2.78,2.78,2.78,2.79,2.80,2.81,2.83,2.84,2.85,2.86,2.83,2.82,2.86,2.93,2.98,2.98,2.98,2.97,2.96,2.95,2.94,2.93,2.90,2.89,2.89,2.88,2.86,2.80,2.73,2.72,2.75,2.79,2.82,2.85,2.88,2.89,2.85,2.78,2.66,2.56,2.62,2.68,2.71,2.73,2.79,2.78,2.77,2.77,2.78,2.77,2.75,2.74,2.73,2.72,2.73,2.72,2.70,2.67,2.68,2.69,2.68,2.66,2.68,2.70,2.70,2.69,2.68,2.73,2.80,2.86,2.92,2.99,2.98,2.96,2.94,2.91,2.91,3.00,3.10,3.15,3.24,3.31,3.38,3.43,3.45,3.43,3.46,3.51,3.54,3.52,3.55,3.56,3.54,3.54,3.54,3.55,3.55,3.55,3.54,3.53,3.51,3.51,3.61,3.72,3.73,3.65,3.58,3.53,3.48,3.47,3.50,3.53,3.60,3.70,3.80,3.78,3.72,3.74,3.82,3.88,3.87,3.82,3.81,3.84,3.91,3.96,3.98,3.98,3.98,4.00,4.01,3.96,3.81,3.84,3.81,3.82,3.88,3.88,3.92,3.92,3.92,3.95,3.92,3.92,3.90,3.86,3.87,3.91,3.91,3.89,3.91,3.90,3.88,3.90,3.99,3.86,3.82,3.83,3.87,3.93,3.96,3.92,3.88,3.94,4.00,4.09,4.16
3.45,3.42,3.36,3.37,3.37,3.34,3.25,3.19,3.20,3.21,3.20,3.12,3.20,3.31,3.39,3.42,3.26,3.38,3.49,3.06,2.91,2.33,1.58,0.95,0.98,0.47,0.66,1.34,1.26,2.17,2.52,2.52,2.51,2.46,2.41,2.35,2.28,2.21,2.14,2.07,1.99,1.89,2.14,2.20,2.05,1.77,1.55,1.52,1.44,1.26,1.05,1.02,1.03,1.03,1.02,1.05,1.09,1.10,1.11,1.22,1.39,1.66,1.92,2.01,2.01,2.07,2.16,2.25,2.24,2.22,2.18,2.16,2.31,2.41,2.48,2.54,2.60,2.68,2.71,2.75,2.79,2.82,2.76,2.73,2.72,2.72,2.73,2.76,2.79,2.81,2.81,2.82,2.83,2.84,2.85,2.86,2.87,2.88,2.87,2.86,2.85,2.89,2.96,2.99,2.98,2.98,2.97,2.96,2.95,2.94,2.93,2.89,2.89,2.88,2.87,2.84,2.76,2.72,2.73,2.76,2.80,2.83,2.86,2.89,2.89,2.88,2.76,2.61,2.54,2.64,2.65,2.68,2.72,2.79,2.78,2.77,2.77,2.78,2.77,2.77,2.77,2.78,2.77,2.76,2.75,2.74,2.72,2.71,2.71,2.70,2.70,2.70,2.71,2.68,2.66,2.67,2.66,2.74,2.83,2.89,2.95,2.97,2.96,2.93,2.90,2.86,2.94,3.00,3.01,3.11,3.20,3.25,3.29,3.38,3.38,3.41,3.46,3.51,3.48,3.52,3.53,3.51,3.51,3.51,3.51,3.51,3.52,3.51,3.51,3.50,3.52,3.72,3.79,3.77,3.70,3.64,3.60,3.54,3.52,3.53,3.57,3.63,3.70,3.74,3.70,3.71,3.75,3.81,3.87,3.82,3.78,3.78,3.83,3.91,3.96,3.98,3.98,3.99,4.00,3.97,3.87,3.71,3.73,3.70,3.72,3.81,3.79,3.84,3.86,3.86,3.92,3.90,3.90,3.91,3.92,3.90,3.92,3.92,3.90,3.92,3.93,3.92,3.94,4.05,4.01,3.96,3.92,3.90,3.94,3.96,3.91,3.85,3.87,3.88,3.93,4.00
3.36,3.43,3.47,3.41,3.32,3.26,3.27,3.26,3.27,3.27,3.23,3.18,3.21,3.27,3.34,3.37,3.24,3.34,3.51,3.45,3.32,2.97,2.40,1.81,2.30,0.64,-0.45,-0.67,-0.87,1.54,2.46,2.48,2.49,2.49,2.48,2.45,2.40,2.31,2.24,2.17,2.11,2.04,1.99,1.91,1.86,1.93,2.30,2.38,2.38,1.65,1.09,1.03,1.05,1.07,1.04,1.08,1.17,1.21,1.19,1.26,1.62,1.97,2.12,1.87,1.99,2.08,2.17,2.26,2.23,2.18,2.16,2.14,2.10,2.18,2.30,2.42,2.52,2.58,2.64,2.73,2.81,2.82,2.77,2.74,2.73,2.74,2.75,2.78,2.82,2.83,2.84,2.85,2.86,2.87,2.89,2.90,2.90,2.90,2.86,2.88,2.90,2.93,2.99,2.99,2.98,2.98,2.97,2.96,2.95,2.94,2.93,2.90,2.89,2.88,2.86,2.82,2.72,2.72,2.74,2.77,2.81,2.84,2.88,2.89,2.89,2.93,2.73,2.57,2.54,2.68,2.62,2.65,2.71,2.77,2.76,2.77,2.77,2.78,2.78,2.76,2.77,2.78,2.76,2.77,2.79,2.80,2.79,2.76,2.72,2.74,2.75,2.68,2.70,2.64,2.62,2.70,2.60,2.68,2.78,2.85,2.91,2.97,2.96,2.92,2.90,2.87,2.89,2.90,2.88,2.89,3.02,3.10,3.14,3.24,3.31,3.36,3.41,3.47,3.45,3.50,3.52,3.48,3.47,3.48,3.48,3.48,3.48,3.48,3.49,3.49,3.53,3.81,3.83,3.78,3.74,3.69,3.65,3.59,3.55,3.53,3.60,3.66,3.68,3.66,3.60,3.69,3.76,3.80,3.83,3.78,3.72,3.71,3.76,3.87,3.95,3.97,3.96,4.00,4.00,3.90,3.74,3.60,3.60,3.57,3.62,3.73,3.69,3.73,3.74,3.75,3.80,3.81,3.85,3.93,4.05,3.96,3.93,3.91,3.90,3.92,3.93,3.94,3.97,4.06,4.19,4.15,4.04,3.95,3.99,3.97,3.92,3.86,3.80,3.75,3.74,3.78
3.41,3.42,3.35,3.33,3.37,3.41,3.31,3.28,3.31,3.33,3.26,3.35,3.35,3.33,3.30,3.31,3.25,3.30,3.36,3.26,3.26,3.08,2.82,2.57,2.62,1.90,1.42,1.02,-0.30,-0.10,-0.08,0.47,2.10,2.39,2.45,2.43,2.41,2.37,2.36,2.31,2.23,2.15,2.09,2.02,1.98,1.98,2.06,2.04,2.04,2.13,2.31,2.35,2.36,1.42,1.03,1.18,1.32,1.35,1.31,1.50,1.66,1.91,2.09,1.90,2.01,2.09,2.16,2.21,2.16,2.13,2.10,2.09,2.06,2.12,2.20,2.28,2.35,2.41,2.52,2.60,2.64,2.70,2.72,2.73,2.75,2.76,2.77,2.81,2.84,2.85,2.87,2.89,2.90,2.90,2.91,2.93,2.93,2.90,2.84,2.84,2.89,2.95,2.99,2.99,2.98,2.97,2.96,2.95,2.95,2.94,2.93,2.91,2.89,2.89,2.86,2.81,2.72,2.73,2.75,2.79,2.82,2.85,2.89,2.91,2.93,2.92,2.70,2.56,2.55,2.64,2.56,2.61,2.71,2.76,2.76,2.77,2.77,2.78,2.79,2.77,2.78,2.79,2.77,2.77,2.79,2.80,2.79,2.79,2.80,2.82,2.83,2.82,2.78,2.72,2.67,2.67,2.69,2.70,2.74,2.82,2.88,2.94,2.95,2.92,2.89,2.86,2.86,2.86,2.87,2.86,2.90,2.95,3.00,3.07,3.15,3.22,3.30,3.36,3.40,3.46,3.47,3.43,3.44,3.44,3.44,3.44,3.45,3.46,3.47,3.53,3.64,3.77,3.77,3.75,3.73,3.69,3.66,3.62,3.58,3.56,3.59,3.62,3.60,3.55,3.59,3.67,3.74,3.77,3.74,3.72,3.71,3.75,3.84,3.97,4.00,3.95,3.84,3.77,3.70,3.62,3.55,3.50,3.48,3.46,3.53,3.67,3.60,3.62,3.62,3.63,3.68,3.66,3.68,3.75,3.85,3.85,3.88,3.92,3.94,3.97,3.95,3.92,3.91,3.97,4.09,4.08,4.04,4.03,4.03,3.99,3.93,3.86,3.79,3.73,3.72,3.73
3.41,3.38,3.28,3.27,3.34,3.39,3.28,3.23,3.28,3.32,3.27,3.46,3.48,3.41,3.32,3.28,3.25,3.24,3.23,3.12,3.16,3.11,3.04,2.99,2.83,2.70,2.63,2.23,0.69,-0.24,-0.81,-0.20,2.09,2.38,2.43,2.42,2.41,2.40,2.41,2.38,2.31,2.25,2.19,2.14,2.09,2.03,1.96,1.89,1.94,2.09,2.19,2.20,2.15,1.72,1.32,1.47,1.54,1.49,1.42,1.63,1.73,1.89,2.02,1.92,2.02,2.10,2.15,2.16,2.11,2.07,2.06,2.08,2.08,2.14,2.16,2.19,2.24,2.30,2.41,2.49,2.51,2.58,2.63,2.68,2.72,2.74,2.77,2.81,2.85,2.86,2.90,2.92,2.92,2.93,2.94,2.95,2.95,2.91,2.82,2.82,2.89,2.96,2.99,2.99,2.98,2.97,2.96,2.95,2.94,2.94,2.92,2.91,2.89,2.88,2.86,2.80,2.72,2.74,2.76,2.80,2.83,2.87,2.90,2.93,2.95,2.86,2.65,2.54,2.55,2.61,2.53,2.61,2.72,2.76,2.76,2.77,2.77,2.78,2.79,2.77,2.78,2.80,2.79,2.77,2.79,2.81,2.81,2.81,2.83,2.86,2.88,2.88,2.83,2.78,2.73,2.68,2.74,2.72,2.73,2.79,2.85,2.91,2.93,2.92,2.89,2.84,2.84,2.85,2.88,2.86,2.84,2.85,2.89,2.94,3.02,3.09,3.16,3.22,3.32,3.38,3.39,3.39,3.42,3.42,3.43,3.43,3.43,3.45,3.48,3.57,3.70,3.72,3.72,3.71,3.70,3.67,3.66,3.62,3.59,3.58,3.58,3.57,3.52,3.48,3.58,3.65,3.70,3.72,3.66,3.70,3.74,3.82,3.93,4.04,4.03,3.91,3.75,3.61,3.51,3.45,3.42,3.39,3.37,3.35,3.43,3.56,3.50,3.51,3.51,3.51,3.56,3.50,3.53,3.60,3.66,3.71,3.78,3.86,3.96,4.01,3.98,3.94,3.92,3.95,4.03,4.04,4.04,4.07,4.04,4.00,3.95,3.88,3.81,3.79,3.77,3.75
3.35,3.33,3.27,3.26,3.20,3.13,3.13,3.09,3.14,3.22,3.26,3.48,3.56,3.54,3.43,3.30,3.22,3.16,3.12,3.06,3.03,2.99,2.96,2.91,2.89,2.87,2.86,2.75,2.27,1.80,1.05,1.05,2.61,2.52,2.44,2.39,2.38,2.38,2.36,2.35,2.34,2.33,2.28,2.24,2.20,2.12,2.07,2.02,2.00,1.98,1.90,1.85,1.88,2.00,2.17,2.15,1.86,1.64,1.51,1.60,2.00,1.94,1.89,1.95,2.02,2.11,2.16,2.12,2.05,1.99,2.02,2.12,2.18,2.24,2.21,2.16,2.20,2.28,2.35,2.40,2.44,2.46,2.50,2.57,2.64,2.66,2.73,2.79,2.83,2.87,2.92,2.94,2.95,2.96,2.96,2.97,2.98,2.94,2.79,2.83,2.90,2.95,2.98,2.99,2.98,2.97,2.96,2.95,2.94,2.93,2.91,2.90,2.88,2.87,2.84,2.80,2.72,2.75,2.78,2.81,2.84,2.88,2.91,2.94,2.95,2.75,2.54,2.49,2.55,2.57,2.54,2.64,2.74,2.76,2.77,2.77,2.77,2.78,2.79,2.78,2.78,2.80,2.81,2.78,2.79,2.82,2.85,2.80,2.80,2.85,2.90,2.85,2.84,2.81,2.78,2.74,2.73,2.73,2.74,2.77,2.81,2.87,2.92,2.93,2.88,2.81,2.83,2.88,2.90,2.89,2.86,2.84,2.83,2.85,2.92,2.95,2.97,3.04,3.18,3.22,3.27,3.35,3.42,3.43,3.44,3.44,3.44,3.44,3.52,3.61,3.67,3.67,3.66,3.66,3.65,3.65,3.63,3.61,3.59,3.56,3.58,3.49,3.44,3.48,3.58,3.63,3.65,3.63,3.58,3.73,3.82,3.92,4.03,4.08,4.00,3.85,3.68,3.56,3.50,3.45,3.39,3.29,3.24,3.24,3.30,3.40,3.38,3.39,3.40,3.40,3.43,3.33,3.42,3.50,3.48,3.52,3.59,3.73,3.93,4.05,4.04,4.02,4.02,4.01,4.04,4.04,4.05,4.07,4.01,4.02,3.99,3.92,3.88,3.95,3.91,3.88
3.37,3.36,3.27,3.33,3.29,3.17,3.18,3.08,3.09,3.13,3.15,3.29,3.39,3.43,3.39,3.32,3.19,3.10,3.06,3.03,3.00,2.97,2.95,2.93,2.96,2.92,2.89,2.85,2.66,2.48,2.03,1.92,2.60,2.44,2.37,2.36,2.36,2.33,2.31,2.30,2.30,2.30,2.29,2.28,2.25,2.19,2.14,2.10,2.06,2.01,1.92,1.87,1.87,1.91,1.96,1.94,1.87,1.85,1.95,1.98,1.94,1.90,1.90,1.99,2.05,2.13,2.16,2.11,2.03,1.96,2.04,2.23,2.27,2.29,2.27,2.26,2.30,2.35,2.40,2.41,2.40,2.43,2.46,2.50,2.56,2.60,2.65,2.68,2.71,2.74,2.79,2.84,2.90,2.95,2.97,2.98,2.96,2.91,2.81,2.83,2.90,2.95,2.98,2.98,2.97,2.96,2.95,2.95,2.94,2.92,2.89,2.89,2.88,2.85,2.82,2.78,2.73,2.75,2.79,2.82,2.85,2.89,2.92,2.96,2.95,2.70,2.53,2.51,2.57,2.54,2.57,2.66,2.73,2.75,2.76,2.77,2.77,2.78,2.79,2.78,2.79,2.80,2.81,2.81,2.82,2.82,2.79,2.80,2.81,2.84,2.88,2.87,2.84,2.83,2.81,2.77,2.75,2.74,2.74,2.75,2.81,2.86,2.90,2.92,2.88,2.83,2.82,2.85,2.88,2.87,2.82,2.80,2.81,2.87,2.92,2.94,2.96,3.00,3.11,3.14,3.19,3.28,3.34,3.39,3.44,3.48,3.48,3.50,3.57,3.62,3.63,3.62,3.62,3.61,3.60,3.59,3.58,3.57,3.56,3.54,3.52,3.44,3.42,3.49,3.55,3.58,3.57,3.56,3.55,3.71,3.85,3.97,4.04,4.09,3.99,3.84,3.69,3.57,3.49,3.40,3.32,3.27,3.23,3.21,3.23,3.27,3.21,3.28,3.32,3.31,3.25,3.14,3.32,3.43,3.29,3.35,3.47,3.68,3.92,4.08,4.08,4.05,4.03,4.03,4.03,4.03,4.03,4.01,3.99,3.99,3.98,3.96,3.93,3.97,3.93,3.92
3.39,3.43,3.36,3.45,3.42,3.29,3.27,3.15,3.10,3.09,3.06,3.11,3.19,3.26,3.31,3.30,3.14,3.04,3.01,2.99,2.98,2.95,2.93,2.95,3.00,2.92,2.86,2.84,2.75,2.72,2.61,2.49,2.48,2.34,2.32,2.33,2.32,2.27,2.27,2.25,2.24,2.26,2.27,2.28,2.27,2.25,2.21,2.17,2.13,2.07,2.01,1.95,1.90,1.85,1.80,1.76,1.77,1.84,1.93,1.95,1.89,1.89,1.95,2.03,2.09,2.15,2.15,2.10,2.00,1.96,2.09,2.33,2.35,2.33,2.33,2.36,2.41,2.45,2.49,2.47,2.41,2.46,2.47,2.48,2.51,2.55,2.57,2.58,2.59,2.61,2.66,2.74,2.83,2.91,2.94,2.95,2.92,2.88,2.85,2.84,2.90,2.95,2.97,2.98,2.97,2.96,2.95,2.95,2.94,2.91,2.88,2.89,2.87,2.84,2.80,2.76,2.73,2.76,2.80,2.83,2.86,2.90,2.94,2.97,2.95,2.66,2.54,2.55,2.58,2.50,2.59,2.67,2.71,2.73,2.75,2.76,2.77,2.78,2.79,2.79,2.80,2.81,2.82,2.84,2.84,2.81,2.74,2.81,2.83,2.83,2.85,2.89,2.85,2.84,2.83,2.80,2.78,2.76,2.75,2.75,2.80,2.85,2.89,2.91,2.89,2.85,2.82,2.82,2.85,2.83,2.78,2.77,2.81,2.91,2.94,2.95,2.97,3.01,3.07,3.10,3.15,3.22,3.26,3.34,3.42,3.49,3.51,3.56,3.59,3.60,3.58,3.57,3.57,3.56,3.54,3.53,3.53,3.52,3.52,3.51,3.44,3.40,3.42,3.50,3.50,3.50,3.49,3.48,3.52,3.66,3.84,3.97,4.00,4.06,3.96,3.83,3.70,3.59,3.50,3.38,3.28,3.28,3.22,3.19,3.18,3.17,3.10,3.20,3.25,3.22,3.08,2.99,3.23,3.34,3.10,3.19,3.40,3.65,3.91,4.10,4.12,4.07,4.03,4.04,4.02,4.01,3.99,3.95,3.97,3.97,3.97,3.98,3.97,3.96,3.93,3.93
3.39,3.58,3.77,3.66,3.51,3.41,3.35,3.35,3.30,3.21,3.11,3.08,3.03,3.08,3.20,3.17,3.05,2.96,2.91,2.85,2.86,2.84,2.84,2.88,2.88,2.84,2.81,2.78,2.72,2.50,2.41,2.39,2.38,2.38,2.37,2.32,2.25,2.22,2.21,2.20,2.20,2.22,2.22,2.22,2.23,2.25,2.28,2.25,2.19,2.13,2.08,1.99,1.94,1.93,1.93,1.86,1.81,1.80,1.81,1.85,1.87,1.93,2.01,2.07,2.14,2.16,2.12,2.04,1.97,2.03,2.19,2.38,2.39,2.37,2.38,2.41,2.47,2.54,2.64,2.64,2.54,2.60,2.61,2.60,2.57,2.54,2.57,2.57,2.58,2.59,2.64,2.69,2.74,2.76,2.76,2.81,2.84,2.87,2.91,2.86,2.91,2.96,2.96,2.97,2.97,2.96,2.95,2.94,2.94,2.90,2.87,2.89,2.86,2.82,2.78,2.75,2.75,2.77,2.81,2.85,2.88,2.92,2.95,2.98,2.94,2.65,2.55,2.54,2.55,2.46,2.59,2.67,2.70,2.71,2.73,2.75,2.77,2.79,2.79,2.80,2.81,2.84,2.89,2.86,2.83,2.81,2.81,2.81,2.83,2.84,2.84,2.88,2.86,2.84,2.83,2.83,2.79,2.77,2.78,2.80,2.80,2.83,2.88,2.91,2.90,2.86,2.81,2.80,2.82,2.78,2.80,2.82,2.85,2.87,2.92,2.95,2.98,3.02,3.09,3.13,3.18,3.23,3.27,3.34,3.39,3.43,3.49,3.52,3.54,3.54,3.53,3.52,3.51,3.50,3.49,3.49,3.48,3.47,3.45,3.44,3.35,3.36,3.42,3.47,3.43,3.39,3.38,3.40,3.47,3.56,3.71,3.83,3.87,3.89,3.86,3.76,3.63,3.58,3.55,3.49,3.40,3.27,3.16,3.13,3.14,3.18,3.17,3.18,3.17,3.11,2.99,3.06,3.14,3.10,2.94,3.11,3.39,3.67,3.90,4.09,4.15,4.11,4.06,4.07,4.02,3.96,3.92,3.92,3.96,4.00,4.00,3.99,4.00,3.97,3.94,3.91
3.52,3.66,3.99,3.74,3.49,3.34,3.23,3.28,3.28,3.24,3.18,3.06,2.99,3.01,3.08,3.03,2.96,2.90,2.84,2.75,2.74,2.69,2.67,2.71,2.66,2.68,2.68,2.62,2.47,2.28,2.25,2.27,2.26,2.30,2.30,2.28,2.24,2.25,2.22,2.18,2.15,2.17,2.17,2.17,2.19,2.22,2.26,2.26,2.23,2.18,2.13,2.04,2.00,1.97,1.96,1.91,1.85,1.82,1.83,1.86,1.91,1.99,2.07,2.12,2.15,2.15,2.11,2.02,1.95,2.08,2.29,2.47,2.48,2.43,2.42,2.46,2.53,2.61,2.73,2.73,2.60,2.69,2.70,2.68,2.65,2.65,2.67,2.68,2.69,2.71,2.71,2.70,2.69,2.69,2.72,2.78,2.84,2.90,2.96,2.88,2.86,2.88,2.94,2.96,2.97,2.97,2.95,2.94,2.94,2.89,2.86,2.88,2.86,2.81,2.77,2.74,2.76,2.79,2.82,2.86,2.89,2.93,2.97,2.96,2.85,2.59,2.54,2.54,2.53,2.49,2.61,2.67,2.68,2.70,2.70,2.73,2.75,2.78,2.79,2.80,2.83,2.85,2.86,2.84,2.83,2.82,2.83,2.82,2.83,2.83,2.84,2.85,2.87,2.85,2.83,2.83,2.81,2.79,2.79,2.81,2.83,2.83,2.87,2.90,2.90,2.84,2.81,2.80,2.82,2.80,2.85,2.88,2.88,2.87,2.89,2.93,2.98,3.04,3.09,3.13,3.17,3.24,3.28,3.34,3.38,3.43,3.51,3.52,3.50,3.48,3.48,3.47,3.46,3.44,3.43,3.43,3.44,3.42,3.37,3.31,3.27,3.31,3.37,3.40,3.33,3.28,3.30,3.36,3.40,3.46,3.57,3.69,3.74,3.75,3.73,3.66,3.57,3.55,3.52,3.47,3.37,3.21,3.08,3.06,3.10,3.17,3.20,3.17,3.11,3.05,3.01,3.07,3.09,3.04,2.96,3.14,3.41,3.65,3.86,4.08,4.12,4.09,4.05,4.06,4.00,3.92,3.88,3.91,3.96,4.02,4.01,3.97,4.00,3.95,3.93,3.92
3.70,3.71,4.09,3.74,3.38,3.17,3.00,3.07,3.15,3.22,3.23,3.04,3.00,3.00,2.96,2.88,2.88,2.86,2.81,2.69,2.63,2.53,2.47,2.50,2.38,2.47,2.50,2.38,2.12,2.08,2.11,2.14,2.12,2.15,2.17,2.20,2.26,2.33,2.27,2.18,2.11,2.11,2.12,2.13,2.14,2.15,2.19,2.24,2.25,2.23,2.17,2.10,2.05,2.00,1.93,1.92,1.90,1.89,1.91,1.94,1.98,2.05,2.13,2.17,2.15,2.13,2.10,2.03,1.93,2.12,2.37,2.58,2.58,2.49,2.46,2.50,2.58,2.66,2.78,2.76,2.62,2.74,2.75,2.73,2.74,2.81,2.83,2.84,2.87,2.91,2.84,2.75,2.69,2.67,2.76,2.82,2.89,2.95,2.99,2.89,2.77,2.77,2.90,2.95,2.97,2.97,2.95,2.93,2.93,2.88,2.85,2.88,2.85,2.81,2.76,2.74,2.77,2.80,2.83,2.87,2.90,2.94,2.98,2.92,2.71,2.49,2.53,2.55,2.52,2.54,2.64,2.66,2.67,2.69,2.68,2.70,2.72,2.75,2.78,2.81,2.85,2.85,2.78,2.80,2.83,2.85,2.84,2.82,2.82,2.83,2.83,2.81,2.87,2.86,2.83,2.82,2.83,2.82,2.80,2.79,2.86,2.86,2.86,2.88,2.89,2.81,2.80,2.82,2.84,2.86,2.91,2.93,2.92,2.89,2.87,2.92,3.00,3.06,3.09,3.10,3.15,3.23,3.30,3.36,3.40,3.45,3.56,3.54,3.45,3.40,3.45,3.43,3.42,3.39,3.36,3.36,3.40,3.38,3.29,3.15,3.21,3.27,3.30,3.30,3.23,3.17,3.25,3.35,3.33,3.34,3.44,3.55,3.62,3.62,3.58,3.55,3.52,3.51,3.46,3.38,3.27,3.12,2.98,2.99,3.07,3.16,3.22,3.15,3.07,3.04,3.08,3.06,3.06,3.07,3.09,3.24,3.44,3.62,3.79,4.05,4.05,4.04,4.03,4.02,3.96,3.87,3.85,3.90,3.97,4.02,4.00,3.96,3.98,3.92,3.92,3.93
3.64,3.85,3.81,3.57,3.27,3.04,3.12,3.15,3.18,3.16,3.06,3.08,3.08,3.06,3.02,2.96,2.89,3.01,3.15,3.04,2.95,2.90,2.80,2.61,2.48,2.43,2.37,2.29,2.18,2.04,1.96,1.92,1.90,1.92,1.96,2.01,2.08,2.17,2.23,2.25,2.23,2.19,2.14,2.07,2.04,2.08,2.12,2.16,2.18,2.19,2.19,2.12,2.07,2.02,1.96,1.94,1.94,1.93,1.92,1.97,2.03,2.11,2.18,2.20,2.15,2.11,2.08,2.05,2.07,2.29,2.50,2.64,2.68,2.58,2.53,2.55,2.61,2.66,2.79,2.80,2.69,2.76,2.75,2.73,2.75,2.85,2.90,2.91,2.95,3.05,2.99,2.93,2.86,2.81,2.85,2.87,2.91,2.95,2.95,2.87,2.80,2.78,2.82,2.82,2.82,2.80,2.78,2.81,2.87,2.86,2.85,2.87,2.84,2.80,2.76,2.75,2.78,2.82,2.84,2.87,2.90,2.95,3.00,2.90,2.64,2.51,2.55,2.55,2.53,2.57,2.64,2.67,2.67,2.68,2.69,2.69,2.70,2.73,2.80,2.78,2.80,2.82,2.83,2.82,2.84,2.86,2.85,2.84,2.83,2.83,2.83,2.83,2.84,2.85,2.85,2.82,2.83,2.83,2.82,2.82,2.85,2.86,2.86,2.86,2.84,2.81,2.82,2.85,2.87,2.88,2.92,2.96,2.98,2.96,2.93,2.97,3.03,3.06,3.10,3.12,3.15,3.22,3.39,3.38,3.38,3.44,3.59,3.56,3.50,3.45,3.41,3.39,3.38,3.37,3.34,3.31,3.29,3.26,3.22,3.19,3.24,3.26,3.25,3.21,3.13,3.15,3.22,3.28,3.25,3.29,3.33,3.40,3.49,3.50,3.47,3.43,3.39,3.37,3.35,3.29,3.19,3.04,3.00,3.09,3.19,3.26,3.29,3.23,3.17,3.13,3.13,3.10,3.07,3.08,3.15,3.23,3.36,3.45,3.53,3.71,3.85,3.92,3.93,3.90,3.87,3.84,3.86,3.91,3.98,4.01,3.99,3.96,3.93,3.89,3.89,3.89
3.58,3.81,3.61,3.44,3.22,3.06,3.25,3.31,3.26,3.14,3.03,3.13,3.12,3.08,3.04,3.02,2.95,3.11,3.31,3.25,3.15,3.12,3.01,2.76,2.66,2.57,2.47,2.39,2.35,2.05,1.88,1.81,1.78,1.83,1.85,1.90,1.98,2.08,2.20,2.27,2.29,2.24,2.18,2.09,2.04,2.07,2.04,2.07,2.11,2.13,2.17,2.12,2.08,2.03,1.98,1.97,1.98,1.98,1.96,2.03,2.10,2.16,2.20,2.20,2.14,2.10,2.07,2.07,2.14,2.34,2.52,2.62,2.67,2.62,2.57,2.56,2.58,2.61,2.74,2.80,2.75,2.77,2.74,2.73,2.76,2.88,2.95,2.95,2.99,3.12,3.09,3.05,2.99,2.94,2.94,2.92,2.93,2.94,2.93,2.91,2.90,2.87,2.81,2.78,2.74,2.71,2.69,2.73,2.79,2.79,2.78,2.78,2.77,2.76,2.75,2.75,2.78,2.82,2.84,2.86,2.89,2.94,2.99,2.87,2.58,2.52,2.56,2.55,2.53,2.59,2.64,2.66,2.67,2.67,2.69,2.69,2.70,2.73,2.78,2.76,2.77,2.79,2.83,2.83,2.85,2.86,2.86,2.85,2.84,2.83,2.82,2.84,2.83,2.85,2.86,2.83,2.83,2.83,2.83,2.83,2.84,2.85,2.84,2.83,2.81,2.82,2.84,2.86,2.89,2.91,2.94,2.98,3.02,3.02,3.00,3.02,3.05,3.07,3.13,3.15,3.17,3.23,3.40,3.40,3.41,3.47,3.62,3.59,3.54,3.49,3.43,3.39,3.37,3.35,3.32,3.27,3.25,3.23,3.22,3.24,3.26,3.26,3.22,3.16,3.08,3.10,3.16,3.22,3.20,3.25,3.26,3.28,3.35,3.37,3.36,3.33,3.28,3.24,3.24,3.20,3.13,3.03,3.06,3.19,3.30,3.34,3.35,3.28,3.23,3.21,3.17,3.15,3.11,3.10,3.13,3.22,3.30,3.35,3.38,3.51,3.69,3.78,3.81,3.80,3.77,3.81,3.87,3.94,4.00,4.00,3.97,3.94,3.89,3.85,3.85,3.86
3.52,3.55,3.49,3.35,3.27,3.28,3.39,3.56,3.39,3.17,3.18,3.17,3.14,3.06,2.98,3.05,3.05,3.14,3.25,3.29,3.19,3.13,3.07,2.98,2.94,2.93,2.85,2.72,2.66,2.13,1.90,1.84,1.79,1.89,1.88,1.89,1.97,2.09,2.17,2.24,2.29,2.28,2.27,2.21,2.16,2.15,1.98,1.98,2.02,2.06,2.10,2.10,2.07,2.02,2.00,2.01,2.02,2.02,2.03,2.11,2.17,2.20,2.19,2.17,2.11,2.10,2.09,2.07,2.12,2.25,2.38,2.49,2.54,2.58,2.57,2.53,2.49,2.49,2.61,2.74,2.81,2.77,2.73,2.72,2.76,2.88,2.96,2.97,3.00,3.10,3.13,3.10,3.06,3.04,3.04,2.95,2.93,2.93,2.92,3.04,3.09,3.04,2.91,2.83,2.75,2.71,2.70,2.69,2.69,2.66,2.61,2.57,2.63,2.68,2.72,2.75,2.77,2.79,2.83,2.86,2.88,2.90,2.94,2.82,2.53,2.54,2.57,2.55,2.53,2.59,2.64,2.66,2.66,2.66,2.68,2.70,2.73,2.75,2.71,2.77,2.77,2.75,2.78,2.83,2.84,2.85,2.87,2.85,2.84,2.83,2.81,2.83,2.84,2.84,2.84,2.84,2.82,2.83,2.83,2.84,2.83,2.84,2.82,2.80,2.81,2.85,2.85,2.86,2.89,2.95,2.97,3.00,3.03,3.09,3.07,3.05,3.06,3.12,3.19,3.21,3.23,3.26,3.33,3.43,3.50,3.57,3.68,3.62,3.57,3.53,3.50,3.44,3.38,3.32,3.28,3.25,3.31,3.31,3.30,3.29,3.29,3.26,3.21,3.16,3.10,3.04,3.08,3.16,3.18,3.24,3.21,3.18,3.20,3.23,3.25,3.24,3.20,3.13,3.13,3.12,3.10,3.09,3.17,3.30,3.39,3.42,3.41,3.28,3.25,3.27,3.21,3.18,3.18,3.14,3.04,3.19,3.28,3.33,3.37,3.49,3.58,3.63,3.68,3.72,3.68,3.77,3.89,4.00,4.02,3.98,3.94,3.90,3.84,3.81,3.81,3.82
3.55,3.48,3.41,3.33,3.20,3.08,3.18,3.35,3.31,3.17,3.06,3.07,3.02,3.00,3.04,3.08,3.01,3.05,3.17,3.25,3.18,3.14,3.11,3.07,3.02,2.97,2.87,2.69,2.39,2.04,1.84,1.78,1.39,1.42,1.42,1.46,1.61,2.02,2.18,2.45,2.63,2.32,2.23,2.18,2.16,2.14,2.07,2.06,2.04,2.00,2.03,2.04,2.03,2.01,2.02,2.03,2.04,2.05,2.07,2.15,2.19,2.19,2.16,2.13,2.09,2.09,2.09,2.07,2.04,2.13,2.25,2.36,2.41,2.50,2.50,2.47,2.46,2.46,2.57,2.70,2.79,2.75,2.71,2.71,2.77,2.88,2.99,2.99,2.99,3.04,3.07,3.09,3.09,3.07,3.05,2.94,2.91,2.93,2.96,3.08,3.12,3.10,3.04,3.00,2.94,2.91,2.88,2.82,2.72,2.63,2.56,2.52,2.55,2.58,2.61,2.63,2.65,2.63,2.68,2.76,2.79,2.81,2.80,2.68,2.50,2.55,2.57,2.54,2.52,2.63,2.65,2.66,2.65,2.64,2.68,2.69,2.72,2.74,2.72,2.78,2.78,2.76,2.77,2.82,2.84,2.86,2.87,2.86,2.85,2.84,2.83,2.82,2.84,2.85,2.85,2.84,2.82,2.81,2.81,2.81,2.82,2.82,2.80,2.80,2.84,2.86,2.86,2.87,2.89,2.95,3.00,3.03,3.06,3.10,3.12,3.11,3.11,3.17,3.21,3.24,3.27,3.29,3.33,3.44,3.53,3.57,3.56,3.62,3.60,3.56,3.52,3.48,3.44,3.39,3.33,3.27,3.25,3.27,3.29,3.29,3.26,3.20,3.14,3.08,3.04,3.02,3.01,3.04,3.14,3.20,3.18,3.16,3.17,3.16,3.18,3.17,3.13,3.08,3.10,3.10,3.12,3.19,3.31,3.41,3.45,3.42,3.38,3.31,3.30,3.30,3.23,3.20,3.17,3.12,3.04,3.13,3.23,3.32,3.41,3.50,3.52,3.59,3.67,3.70,3.67,3.65,3.69,3.77,3.81,3.81,3.82,3.82,3.79,3.76,3.77,3.78
